target_date,path_id,source_bird_id,current_lat,current_lon,target_lat,target_lon,pred_lat,pred_lon,error_km,target_step_km,true_fly_label,fly_probability,selected_fly_threshold,predicted_distance_km,gated_pred_lat,gated_pred_lon,gated_error_km
2019-10-09,Mirabell_plus_DER_AN910_eobs_3907__2019__southbound_01,Mirabell + / DER AN910 (eobs 3907),34.62109,-6.270438,34.5758,-6.267915,34.590855,-6.305219233320494,3.8032359023607114,5.0408072,0,0.4310805,0.56778497,4.621538,34.62109,-6.270438194274902,5.041106338296071
2019-10-09,Sara_plus_DER_AU017_eobs_3941__2019__southbound_01,Sara + / DER AU017 (eobs 3941),41.635834,0.6868267,41.531277,0.4927269,41.58717,0.6256225438587409,12.684383471131202,19.894474,1,0.5158062,0.56778497,7.413371,41.635834,0.6868267059326172,19.894496726710486
2019-10-09,Zozu_plus_DER_AL581_eobs2541__2019__southbound_01,Zozu + / DER AL581 (eobs2541),41.61028,0.6166048,41.5378,0.6153485,41.590237,0.5875046918500406,6.274045475492668,8.060258,0,0.36837223,0.56778497,3.283451,41.61028,0.6166048049926758,8.060013317294032
2019-10-10,Angela_DER_AY470_eobs_4001__2019__southbound_01,Angela / DER AY470 (eobs 4001),40.314617,-3.624203,40.184715,-3.6242607,40.286167,-3.6712375721153143,11.965006878272414,14.444453,1,0.4580792,0.56778497,5.081482,40.314617,-3.6242029666900635,14.444451464718775
2019-10-10,Europa_DER_A1A26_eobs_4004__2019__southbound_01,Europa / DER A1A26 (eobs 4004),40.263287,-3.6335907,40.314453,-3.6328938,40.236378,-3.6736715977856487,9.345467745495238,5.69007,0,0.43599987,0.56778497,4.521728,40.263287,-3.6335906982421875,5.689773951218071
2019-10-10,Mirabell_plus_DER_AN910_eobs_3907__2019__southbound_01,Mirabell + / DER AN910 (eobs 3907),34.5758,-6.267915,34.67511,-6.2699747,34.546314,-6.3016083440908135,14.611116468497537,11.043925,1,0.42664367,0.56778497,4.4940405,34.5758,-6.267914772033691,11.044171087202507
2019-10-10,Sara_plus_DER_AU017_eobs_3941__2019__southbound_01,Sara + / DER AU017 (eobs 3941),41.531277,0.4927269,41.524155,0.43048176,41.483234,0.432360660003702,4.552820740261801,5.2417607,0,0.5143883,0.56778497,7.3210244,41.531277,0.4927268922328949,5.241736407716416
2019-10-10,Zozu_plus_DER_AL581_eobs2541__2019__southbound_01,Zozu + / DER AL581 (eobs2541),41.5378,0.6153485,41.59592,0.616196,41.51791,0.5865250837961733,9.018876926808936,6.4632597,0,0.3674129,0.56778497,3.2572353,41.5378,0.6153485178947449,6.463123521136117
2019-10-11,Angela_DER_AY470_eobs_4001__2019__southbound_01,Angela / DER AY470 (eobs 4001),40.184715,-3.6242607,39.845528,-4.2743297,40.15652,-3.6708524349224434,61.95275567725307,66.98726,1,0.45807007,0.56778497,5.040243,40.184715,-3.624260663986206,66.9871562916801
2019-10-11,Europa_DER_A1A26_eobs_4004__2019__southbound_01,Europa / DER A1A26 (eobs 4004),40.314453,-3.6328938,40.184998,-3.5705547,40.28841,-3.671586941676811,14.344862674113466,15.336437,1,0.43064156,0.56778497,4.3682146,40.314453,-3.6328938007354736,15.336272505616478
2019-10-11,Mirabell_plus_DER_AN910_eobs_3907__2019__southbound_01,Mirabell + / DER AN910 (eobs 3907),34.67511,-6.2699747,34.66516,-6.2728286,34.64641,-6.302753677946767,3.4407204997525813,1.1366909,0,0.4228031,0.56778497,4.370397,34.67511,-6.269974708557129,1.1366198777504546
2019-10-11,Zozu_plus_DER_AL581_eobs2541__2019__southbound_01,Zozu + / DER AL581 (eobs2541),41.59592,0.616196,41.602955,0.6165084,41.57661,0.5881544024145309,3.7605235388260945,0.782733,0,0.3640116,0.56778497,3.1641955,41.59592,0.6161959767341614,0.7826111137941623
2019-10-12,Angela_DER_AY470_eobs_4001__2019__southbound_01,Angela / DER AY470 (eobs 4001),39.845528,-4.2743297,40.03709,-4.659628,39.817184,-4.3209111347503955,37.84353837397481,39.14986,1,0.4610325,0.56778497,5.0653176,39.845528,-4.274329662322998,39.14989347067092
2019-10-12,Europa_DER_A1A26_eobs_4004__2019__southbound_01,Europa / DER A1A26 (eobs 4004),40.184998,-3.5705547,40.263615,-3.624157,40.158974,-3.609300086307445,11.703754172542821,9.855519,0,0.43241334,0.56778497,4.3749185,40.184998,-3.570554733276367,9.855437525149734
2019-10-12,Mirabell_plus_DER_AN910_eobs_3907__2019__southbound_01,Mirabell + / DER AN910 (eobs 3907),34.66516,-6.2728286,34.677986,-6.2797837,34.636757,-6.305144059525627,5.137904336269997,1.5614245,0,0.42253062,0.56778497,4.3180957,34.66516,-6.272828578948975,1.5614910894960223
2019-10-12,Zozu_plus_DER_AL581_eobs2541__2019__southbound_01,Zozu + / DER AL581 (eobs2541),41.602955,0.6165084,41.59596,0.6161943,41.583893,0.5887937201393972,2.6443892107600036,0.77850914,0,0.36182368,0.56778497,3.1255453,41.602955,0.616508424282074,0.7783763530223778
2019-10-13,Angela_DER_AY470_eobs_4001__2019__southbound_01,Angela / DER AY470 (eobs 4001),40.03709,-4.659628,39.9955,-4.648759,40.008938,-4.7060570664709775,5.104178064610788,4.7163844,0,0.46004674,0.56778497,5.0331903,40.03709,-4.659627914428711,4.716502446397373
2019-10-13,Europa_DER_A1A26_eobs_4004__2019__southbound_01,Europa / DER A1A26 (eobs 4004),40.263615,-3.624157,40.26136,-3.6350014,40.237747,-3.662727626539355,3.525759660202198,0.9536689,0,0.43086553,0.56778497,4.349529,40.263615,-3.624156951904297,0.9537121584702057
2019-10-13,Mirabell_plus_DER_AN910_eobs_3907__2019__southbound_01,Mirabell + / DER AN910 (eobs 3907),34.677986,-6.2797837,34.68023,-6.254367,34.650295,-6.310979927673924,6.155238030605886,2.3375192,0,0.41840926,0.56778497,4.190059,34.677986,-6.279783725738525,2.3374982894591345
2019-10-13,Zozu_plus_DER_AL581_eobs2541__2019__southbound_01,Zozu + / DER AL581 (eobs2541),41.59596,0.6161943,41.61031,0.6166738,41.57702,0.5885462776066434,4.378864651369199,1.5960696,0,0.3616159,0.56778497,3.1125383,41.59596,0.6161943078041077,1.596246509880487
2019-10-14,Angela_DER_AY470_eobs_4001__2019__southbound_01,Angela / DER AY470 (eobs 4001),39.9955,-4.648759,39.84312,-4.2544575,39.967854,-4.694174014806251,39.98924527203083,37.65398,1,0.457303,0.56778497,4.9325404,39.9955,-4.648758888244629,37.653943951614245
2019-10-14,Europa_DER_A1A26_eobs_4004__2019__southbound_01,Europa / DER A1A26 (eobs 4004),40.26136,-3.6350014,40.25981,-3.6353517,40.236076,-3.6724878376638954,4.110846699483086,0.17484055,0,0.42635605,0.56778497,4.237802,40.26136,-3.6350014209747314,0.1747607814522742
2019-10-14,Mirabell_plus_DER_AN910_eobs_3907__2019__southbound_01,Mirabell + / DER AN910 (eobs 3907),34.68023,-6.254367,34.67375,-6.256478,34.653378,-6.284540511166994,3.4234321947846458,0.74571836,0,0.41380048,0.56778497,4.058334,34.68023,-6.254366874694824,0.7456690648709191
2019-10-14,Zozu_plus_DER_AL581_eobs2541__2019__southbound_01,Zozu + / DER AL581 (eobs2541),41.61031,0.6166738,41.537804,0.61668706,41.591537,0.5892746810942175,6.395399188532191,8.062116,0,0.36068475,0.56778497,3.0842752,41.61031,0.6166738271713257,8.062305105957373
2019-10-15,Angela_DER_AY470_eobs_4001__2019__southbound_01,Angela / DER AY470 (eobs 4001),39.84312,-4.2544575,39.85417,-4.2544293,39.815495,-4.29969921624612,5.782525422616769,1.2291751,0,0.45794883,0.56778497,4.9264946,39.84312,-4.254457473754883,1.2288389690274697
2019-10-15,Europa_DER_A1A26_eobs_4004__2019__southbound_01,Europa / DER A1A26 (eobs 4004),40.25981,-3.6353517,40.31291,-3.5207975,40.23485,-3.6723048239729117,15.509569945516928,11.369806,1,0.42451233,0.56778497,4.1800447,40.25981,-3.6353516578674316,11.369831632452728
2019-10-15,Mirabell_plus_DER_AN910_eobs_3907__2019__southbound_01,Mirabell + / DER AN910 (eobs 3907),34.67375,-6.256478,34.669426,-6.2579274,34.64711,-6.28625060604458,3.5872701201000954,0.49863538,0,0.41278347,0.56778497,4.016616,34.67375,-6.2564778327941895,0.49894767646268723
2019-10-15,Zozu_plus_DER_AL581_eobs2541__2019__southbound_01,Zozu + / DER AL581 (eobs2541),41.537804,0.61668706,41.558517,0.6160806,41.519142,0.5894921538500715,4.905818974379888,2.3036532,0,0.35969025,0.56778497,3.0652828,41.537804,0.6166870594024658,2.3038262265920055
2019-10-16,Angela_DER_AY470_eobs_4001__2019__southbound_01,Angela / DER AY470 (eobs 4001),39.85417,-4.2544293,39.854153,-4.253787,39.82722,-4.2985187527317334,4.8532388941905475,0.054859973,0,0.45299184,0.56778497,4.802529,39.85417,-4.254429340362549,0.054869004308260416
2019-10-16,Europa_DER_A1A26_eobs_4004__2019__southbound_01,Europa / DER A1A26 (eobs 4004),40.31291,-3.5207975,40.31289,-3.5173554,40.28854,-3.5568181744610796,4.304690182782325,0.2918607,0,0.41967195,0.56778497,4.075788,40.31291,-3.5207974910736084,0.2918548201030242
2019-10-16,Mirabell_plus_DER_AN910_eobs_3907__2019__southbound_01,Mirabell + / DER AN910 (eobs 3907),34.669426,-6.2579274,34.675194,-6.259014,34.64314,-6.287184229395377,4.3980794883872685,0.64897716,0,0.41144717,0.56778497,3.9557996,34.669426,-6.257927417755127,0.6490072258882527
2019-10-16,Zozu_plus_DER_AL581_eobs2541__2019__southbound_01,Zozu + / DER AL581 (eobs2541),41.558517,0.6160806,41.540104,0.61511344,41.539967,0.5891691478449645,2.159363132601175,2.0489552,0,0.3577154,0.56778497,3.0391614,41.558517,0.6160805821418762,2.049076659109197
2019-10-17,Angela_DER_AY470_eobs_4001__2019__southbound_01,Angela / DER AY470 (eobs 4001),39.854153,-4.253787,39.855946,-4.2355037,39.82776,-4.296873218166626,6.105447485572767,1.573323,0,0.44872826,0.56778497,4.6970153,39.854153,-4.253787040710449,1.5733668823086293
2019-10-17,Europa_DER_A1A26_eobs_4004__2019__southbound_01,Europa / DER A1A26 (eobs 4004),40.31289,-3.5173554,40.30084,-3.5243456,40.289146,-3.552327890796254,2.705989798600155,1.4650244,0,0.41459188,0.56778497,3.9632802,40.31289,-3.517355442047119,1.4652185778331464
2019-10-17,Mirabell_plus_DER_AN910_eobs_3907__2019__southbound_01,Mirabell + / DER AN910 (eobs 3907),34.675194,-6.259014,34.66244,-6.258865,34.650124,-6.286688107515773,2.8900655363361154,1.418014,0,0.40302542,0.56778497,3.7583728,34.675194,-6.259014129638672,1.4180846157989997
2019-10-17,Zozu_plus_DER_AL581_eobs2541__2019__southbound_01,Zozu + / DER AL581 (eobs2541),41.540104,0.61511344,41.537834,0.61512095,41.52159,0.5883058118174217,2.8713429106110775,0.2524692,0,0.35825744,0.56778497,3.03053,41.540104,0.6151134371757507,0.25238523731703777
2019-10-18,Angela_DER_AY470_eobs_4001__2019__southbound_01,Angela / DER AY470 (eobs 4001),39.855946,-4.2355037,39.856808,-4.2536893,39.829895,-4.2778831499689245,3.636200521922347,1.5552604,0,0.44601324,0.56778497,4.6262283,39.855946,-4.235503673553467,1.5552681270289426
2019-10-18,Europa_DER_A1A26_eobs_4004__2019__southbound_01,Europa / DER A1A26 (eobs 4004),40.30084,-3.5243456,40.311436,-3.5242994,40.277325,-3.558953209263008,4.798412256858219,1.1784297,0,0.41330403,0.56778497,3.9236772,40.30084,-3.524345636367798,1.1783662567122724
2019-10-18,Mirabell_plus_DER_AN910_eobs_3907__2019__southbound_01,Mirabell + / DER AN910 (eobs 3907),34.66244,-6.258865,34.66693,-6.2491794,34.63787,-6.285791740027134,4.6537442421996955,1.0166361,0,0.3998577,0.56778497,3.6718524,34.66244,-6.258864879608154,1.016817507427794
2019-10-18,Zozu_plus_DER_AL581_eobs2541__2019__southbound_01,Zozu + / DER AL581 (eobs2541),41.537834,0.61512095,41.537945,0.6150522,41.5194,0.5885348571557151,3.0206106079536035,0.013579352,0,0.35782963,0.56778497,3.01092,41.537834,0.6151209473609924,0.013565963952596847
2019-10-19,Angela_DER_AY470_eobs_4001__2019__southbound_01,Angela / DER AY470 (eobs 4001),39.856808,-4.2536893,39.85583,-4.240588,39.830807,-4.295899951782788,5.481117491483034,1.1235834,0,0.4446921,0.56778497,4.611587,39.856808,-4.253689289093018,1.1235610771386053
2019-10-19,Europa_DER_A1A26_eobs_4004__2019__southbound_01,Europa / DER A1A26 (eobs 4004),40.311436,-3.5242994,40.298965,-3.5981193,40.28794,-3.55881493624875,3.551779503370402,6.4115763,0,0.4129642,0.56778497,3.916071,40.311436,-3.524299383163452,6.4115491730242455
2019-10-19,Mirabell_plus_DER_AN910_eobs_3907__2019__southbound_01,Mirabell + / DER AN910 (eobs 3907),34.66693,-6.2491794,34.67161,-6.257074,34.642887,-6.2753402234355695,3.6046195780258494,0.8901679,0,0.39551985,0.56778497,3.581642,34.66693,-6.249179363250732,0.8900142293735837
2019-10-19,Zozu_plus_DER_AL581_eobs2541__2019__southbound_01,Zozu + / DER AL581 (eobs2541),41.537945,0.6150522,41.610313,0.61666137,41.51967,0.5887295735730043,10.343677230283912,8.048279,0,0.35578713,0.56778497,2.983184,41.537945,0.6150522232055664,8.048147935518614
2019-10-20,Angela_DER_AY470_eobs_4001__2019__southbound_01,Angela / DER AY470 (eobs 4001),39.85583,-4.240588,39.85592,-4.23022,39.829987,-4.282510570528601,5.314644480057882,0.88508564,0,0.44281515,0.56778497,4.5814424,39.85583,-4.240588188171387,0.8850947989168708
2019-10-20,Europa_DER_A1A26_eobs_4004__2019__southbound_01,Europa / DER A1A26 (eobs 4004),40.298965,-3.5981193,40.26033,-3.6356018,40.275726,-3.632310550938866,1.7345969900334457,5.3448567,0,0.41136524,0.56778497,3.8770633,40.298965,-3.5981192588806152,5.344743228678833
2019-10-20,Mirabell_plus_DER_AN910_eobs_3907__2019__southbound_01,Mirabell + / DER AN910 (eobs 3907),34.67161,-6.257074,34.662838,-6.260412,34.647903,-6.2827234530300915,2.6310523394728875,1.0225567,0,0.39272153,0.56778497,3.52259,34.67161,-6.257073879241943,1.0222595767024236
2019-10-20,Zozu_plus_DER_AL581_eobs2541__2019__southbound_01,Zozu + / DER AL581 (eobs2541),41.610313,0.61666137,41.578003,0.6163237,41.592293,0.5907070143698037,2.6578314219086727,3.592945,0,0.35388926,0.56778497,2.9395845,41.610313,0.6166613698005676,3.5928767921614897
2019-10-21,Angela_DER_AY470_eobs_4001__2019__southbound_01,Angela / DER AY470 (eobs 4001),39.85592,-4.23022,39.848244,-4.326322,39.83038,-4.271528704378062,5.082538060633896,8.248008,0,0.44025517,0.56778497,4.5194306,39.85592,-4.230219841003418,8.248002626214129
2019-10-21,Europa_DER_A1A26_eobs_4004__2019__southbound_01,Europa / DER A1A26 (eobs 4004),40.26033,-3.6356018,40.260414,-3.635485,40.237217,-3.669598479757538,3.8775612843323892,0.013717553,0,0.41076374,0.56778497,3.85686,40.26033,-3.635601758956909,0.013614490606888912
2019-10-21,Mirabell_plus_DER_AN910_eobs_3907__2019__southbound_01,Mirabell + / DER AN910 (eobs 3907),34.662838,-6.260412,34.665943,-6.2579665,34.63936,-6.285662004319968,3.893088409686432,0.4117195,0,0.3908767,0.56778497,3.479441,34.662838,-6.260412216186523,0.41139922743344437
2019-10-21,Zozu_plus_DER_AL581_eobs2541__2019__southbound_01,Zozu + / DER AL581 (eobs2541),41.578003,0.6163237,41.59601,0.6161503,41.55999,0.5904967514336845,4.538050775099415,2.0021973,0,0.3539286,0.56778497,2.9319782,41.578003,0.616323709487915,2.0021606158843483
2019-10-22,Angela_DER_AY470_eobs_4001__2019__southbound_01,Angela / DER AY470 (eobs 4001),39.848244,-4.326322,39.954094,-5.613264,39.823235,-4.366936302418546,107.32559384289503,110.40884,1,0.437419,0.56778497,4.4367375,39.848244,-4.326322078704834,110.40886338551752
2019-10-22,Europa_DER_A1A26_eobs_4004__2019__southbound_01,Europa / DER A1A26 (eobs 4004),40.260414,-3.635485,40.263466,-3.632651,40.237976,-3.668391623906213,4.151348780503847,0.41601527,0,0.404109,0.56778497,3.7379868,40.260414,-3.6354849338531494,0.4158997770675297
2019-10-22,Mirabell_plus_DER_AN910_eobs_3907__2019__southbound_01,Mirabell + / DER AN910 (eobs 3907),34.665943,-6.2579665,34.691273,-6.204316,34.64299,-6.282531375460556,8.943793067292242,5.656851,0,0.38691127,0.56778497,3.3942776,34.665943,-6.2579665184021,5.656911796429574
2019-10-22,Zozu_plus_DER_AL581_eobs2541__2019__southbound_01,Zozu + / DER AL581 (eobs2541),41.59601,0.6161503,41.61064,0.61687756,41.57833,0.5908349931240362,4.195005140852479,1.6282575,0,0.35124668,0.56778497,2.8751812,41.59601,0.6161503195762634,1.628260641901336
2019-10-23,Angela_DER_AY470_eobs_4001__2019__southbound_01,Angela / DER AY470 (eobs 4001),39.954094,-5.613264,39.1135,-5.755673,39.9293,-5.654057861117353,91.13065994536132,94.26441,1,0.43783587,0.56778497,4.4298134,39.954094,-5.613264083862305,94.26450575626974
2019-10-23,Europa_DER_A1A26_eobs_4004__2019__southbound_01,Europa / DER A1A26 (eobs 4004),40.263466,-3.632651,40.2248,-3.6572292,40.24146,-3.664847952452962,1.9620335132598257,4.7788897,0,0.40005058,0.56778497,3.661251,40.263466,-3.6326510906219482,4.778795888380285
2019-10-23,Mirabell_plus_DER_AN910_eobs_3907__2019__southbound_01,Mirabell + / DER AN910 (eobs 3907),34.691273,-6.204316,34.694874,-6.2029552,34.66854,-6.228556722584215,3.7488373268999466,0.4193376,0,0.38564068,0.56778497,3.3556519,34.691273,-6.204316139221191,0.4193067699389851
2019-10-23,Zozu_plus_DER_AL581_eobs2541__2019__southbound_01,Zozu + / DER AL581 (eobs2541),41.61064,0.61687756,41.600063,0.6174505,41.59312,0.5918686569875201,2.263027942542918,1.1773801,0,0.34921786,0.56778497,2.8443067,41.61064,0.616877555847168,1.1772030180365716
2019-10-24,Angela_DER_AY470_eobs_4001__2019__southbound_01,Angela / DER AY470 (eobs 4001),39.1135,-5.755673,38.948307,-5.709458,39.08865,-5.796055569642922,17.30606522299371,18.797144,1,0.43845007,0.56778497,4.4388485,39.1135,-5.755672931671143,18.797264279598238
2019-10-24,Europa_DER_A1A26_eobs_4004__2019__southbound_01,Europa / DER A1A26 (eobs 4004),40.2248,-3.6572292,40.23464,-3.645399,40.202866,-3.689329596038697,5.137577516941044,1.4851036,0,0.39980185,0.56778497,3.650794,40.2248,-3.65722918510437,1.4850350727011252
2019-10-24,Mirabell_plus_DER_AN910_eobs_3907__2019__southbound_01,Mirabell + / DER AN910 (eobs 3907),34.694874,-6.2029552,34.68872,-6.2207265,34.672447,-6.226692395192131,1.889974353503632,1.7630408,0,0.3829827,0.56778497,3.2999504,34.694874,-6.20295524597168,1.7629607606402
2019-10-24,Zozu_plus_DER_AL581_eobs2541__2019__southbound_01,Zozu + / DER AL581 (eobs2541),41.600063,0.6174505,41.609962,0.6165721,41.582695,0.5925784382560274,3.6295963490694225,1.1032622,0,0.34934142,0.56778497,2.8248007,41.600063,0.617450475692749,1.1031558520552889
2019-10-25,Angela_DER_AY470_eobs_4001__2019__southbound_01,Angela / DER AY470 (eobs 4001),38.948307,-5.709458,38.94723,-5.709857,38.92398,-5.748749084473689,4.242631625565574,0.12478739,0,0.43401343,0.56778497,4.335342,38.948307,-5.709457874298096,0.1244974409374818
2019-10-25,Europa_DER_A1A26_eobs_4004__2019__southbound_01,Europa / DER A1A26 (eobs 4004),40.23464,-3.645399,40.23668,-3.6507943,40.213036,-3.676986010240769,3.4433281287167987,0.51113087,0,0.39658988,0.56778497,3.5936308,40.23464,-3.6453990936279297,0.5111147359609965
2019-10-25,Mirabell_plus_DER_AN910_eobs_3907__2019__southbound_01,Mirabell + / DER AN910 (eobs 3907),34.68872,-6.2207265,34.257607,-6.580606,34.66665,-6.2440851766836385,54.96003962214082,58.192104,1,0.38069546,0.56778497,3.247705,34.68872,-6.220726490020752,58.19214766262983
2019-10-25,Zozu_plus_DER_AL581_eobs2541__2019__southbound_01,Zozu + / DER AL581 (eobs2541),41.609962,0.6165721,41.610275,0.6163587,41.592827,0.5920630457837818,2.8009612104657693,0.039184153,0,0.3471148,0.56778497,2.7848577,41.609962,0.6165720820426941,0.03904534717231544
2019-10-26,Angela_DER_AY470_eobs_4001__2019__southbound_01,Angela / DER AY470 (eobs 4001),38.94723,-5.709857,38.947388,-5.7097907,38.923824,-5.747477501245278,4.182160966817555,0.018385515,0,0.42640978,0.56778497,4.158972,38.94723,-5.709856986999512,0.018311419609060648
2019-10-26,Europa_DER_A1A26_eobs_4004__2019__southbound_01,Europa / DER A1A26 (eobs 4004),40.23668,-3.6507943,40.234173,-3.6368718,40.215786,-3.681353319539972,4.294365043643849,1.214238,0,0.3913336,0.56778497,3.4760535,40.23668,-3.650794267654419,1.2142343394351238
2019-10-26,Zozu_plus_DER_AL581_eobs2541__2019__southbound_01,Zozu + / DER AL581 (eobs2541),41.610275,0.6163587,41.610584,0.61681426,41.593487,0.5924178393847034,2.7801689591097474,0.051043432,0,0.344521,0.56778497,2.723933,41.610275,0.6163586974143982,0.05113652135747013
2019-10-27,Angela_DER_AY470_eobs_4001__2019__southbound_01,Angela / DER AY470 (eobs 4001),38.947388,-5.7097907,38.942554,-5.709756,38.925518,-5.744736916932231,3.5697977396547453,0.53734195,0,0.41320437,0.56778497,3.8722312,38.947388,-5.7097907066345215,0.5374388763579967
2019-10-27,Europa_DER_A1A26_eobs_4004__2019__southbound_01,Europa / DER A1A26 (eobs 4004),40.234173,-3.6368718,40.236473,-3.6445563,40.2138,-3.6666372214002005,3.1418547227339446,0.7005358,0,0.38729614,0.56778497,3.38781,40.234173,-3.636871814727783,0.7006594106653531
2019-10-27,Zozu_plus_DER_AL581_eobs2541__2019__southbound_01,Zozu + / DER AL581 (eobs2541),41.610584,0.61681426,41.610622,0.6168569,41.594223,0.5934647777186776,2.6661477899614363,0.0054355734,0,0.3404996,0.56778497,2.6559217,41.610584,0.6168142557144165,0.005526854752366589
2019-10-28,Angela_DER_AY470_eobs_4001__2019__southbound_01,Angela / DER AY470 (eobs 4001),38.942554,-5.709756,38.942482,-5.709736,38.921276,-5.743612802834617,3.761209410372086,0.008187163,0,0.40762243,0.56778497,3.757871,38.942554,-5.709755897521973,0.008243353994465588
2019-10-28,Europa_DER_A1A26_eobs_4004__2019__southbound_01,Europa / DER A1A26 (eobs 4004),40.236473,-3.6445563,40.228268,-3.6555796,40.216602,-3.673672529637183,2.01053443243081,1.3069922,0,0.38308364,0.56778497,3.3093433,40.236473,-3.6445562839508057,1.3069550610770908
2019-10-28,Zozu_plus_DER_AL581_eobs2541__2019__southbound_01,Zozu + / DER AL581 (eobs2541),41.610622,0.6168569,41.610577,0.6168313,41.594513,0.5938365960750808,2.6165138407494237,0.0053967065,0,0.33849153,0.56778497,2.6169028,41.610622,0.6168568730354309,0.0055162030033955
2019-10-29,Angela_DER_AY470_eobs_4001__2019__southbound_01,Angela / DER AY470 (eobs 4001),38.942482,-5.709736,38.947273,-5.709876,38.921276,-5.743400698929437,4.09448606314317,0.5328847,0,0.40764442,0.56778497,3.7400036,38.942482,-5.709735870361328,0.5329024462690604
2019-10-29,Europa_DER_A1A26_eobs_4004__2019__southbound_01,Europa / DER A1A26 (eobs 4004),40.228268,-3.6555796,40.228695,-3.6531482,40.208572,-3.6844971861778846,3.477274983437682,0.21183082,0,0.382237,0.56778497,3.2840576,40.228268,-3.6555795669555664,0.21180889921148752
2019-10-29,Zozu_plus_DER_AL581_eobs2541__2019__southbound_01,Zozu + / DER AL581 (eobs2541),41.610577,0.6168313,41.610184,0.6169072,41.59457,0.5939277792960567,2.5816651903433385,0.044130895,0,0.33814707,0.56778497,2.6018198,41.610577,0.6168313026428223,0.04414314622197504
2019-10-30,Angela_DER_AY470_eobs_4001__2019__southbound_01,Angela / DER AY470 (eobs 4001),38.947273,-5.709876,38.94756,-5.709815,38.926407,-5.742907134351895,3.7046331322799095,0.03239612,0,0.40378326,0.56778497,3.6737347,38.947273,-5.70987606048584,0.032248064314166186
2019-10-30,Europa_DER_A1A26_eobs_4004__2019__southbound_01,Europa / DER A1A26 (eobs 4004),40.228695,-3.6531482,40.263042,-3.633526,40.20932,-3.681627338226479,7.235756438121352,4.166494,0,0.37950188,0.56778497,3.2326984,40.228695,-3.6531481742858887,4.166578412929829
2019-10-30,Zozu_plus_DER_AL581_eobs2541__2019__southbound_01,Zozu + / DER AL581 (eobs2541),41.610184,0.6169072,41.610344,0.6167396,41.594326,0.5942628736677331,2.5816974586004906,0.02265962,0,0.3366488,0.56778497,2.575013,41.610184,0.6169071793556213,0.022617740629212735
2019-10-31,Angela_DER_AY470_eobs_4001__2019__southbound_01,Angela / DER AY470 (eobs 4001),38.94756,-5.709815,38.9477,-5.709777,38.92661,-5.742700541796624,3.689064975867226,0.015940262,0,0.403656,0.56778497,3.6698205,38.94756,-5.70981502532959,0.01603745488717881
2019-10-31,Europa_DER_A1A26_eobs_4004__2019__southbound_01,Europa / DER A1A26 (eobs 4004),40.263042,-3.633526,40.221237,-3.609409,40.243977,-3.661478905057376,5.092284210411429,5.0793185,0,0.37586373,0.56778497,3.175549,40.263042,-3.633526086807251,5.07928119224625
2019-10-31,Zozu_plus_DER_AL581_eobs2541__2019__southbound_01,Zozu + / DER AL581 (eobs2541),41.610344,0.6167396,41.61039,0.61670965,41.594677,0.5944643513602909,2.544378999657249,0.00549471,0,0.33371884,0.56778497,2.5380352,41.610344,0.6167395710945129,0.005665460145022863
2019-11-01,Angela_DER_AY470_eobs_4001__2019__southbound_01,Angela / DER AY470 (eobs 4001),38.9477,-5.709777,38.94789,-5.7095823,38.9271,-5.7420462866736655,3.6370596694412733,0.027114842,0,0.39963108,0.56778497,3.6040425,38.9477,-5.709776878356934,0.027071597191728303
2019-11-01,Europa_DER_A1A26_eobs_4004__2019__southbound_01,Europa / DER A1A26 (eobs 4004),40.221237,-3.609409,40.263092,-3.6334133,40.202435,-3.6368527512488416,6.7511322224947605,5.0808387,0,0.3735037,0.56778497,3.1250496,40.221237,-3.6094090938568115,5.080481898537899
2019-11-01,Zozu_plus_DER_AL581_eobs2541__2019__southbound_01,Zozu + / DER AL581 (eobs2541),41.61039,0.61670965,41.61056,0.6166181,41.594933,0.5947725893214216,2.513852375906943,0.020817084,0,0.33132762,0.56778497,2.5017905,41.61039,0.6167096495628357,0.02054952577359191
2019-11-02,Angela_DER_AY470_eobs_4001__2019__southbound_01,Angela / DER AY470 (eobs 4001),38.94789,-5.7095823,38.947777,-5.709546,38.927677,-5.741136562928306,3.5299469538011587,0.013295717,0,0.3962018,0.56778497,3.5290987,38.94789,-5.709582328796387,0.013105496940964342
2019-11-02,Europa_DER_A1A26_eobs_4004__2019__southbound_01,Europa / DER A1A26 (eobs 4004),40.263092,-3.6334133,40.26441,-3.6322372,40.244514,-3.6606513713875724,3.272244092171018,0.17686382,0,0.37226257,0.56778497,3.0944922,40.263092,-3.633413314819336,0.17712833818385082
2019-11-02,Zozu_plus_DER_AL581_eobs2541__2019__southbound_01,Zozu + / DER AL581 (eobs2541),41.61056,0.6166181,41.610626,0.6168728,41.59514,0.5946842560655714,2.523799563608015,0.022258906,0,0.3320055,0.56778497,2.498838,41.61056,0.6166180968284607,0.022368606374797022
2019-11-03,Angela_DER_AY470_eobs_4001__2019__southbound_01,Angela / DER AY470 (eobs 4001),38.947777,-5.709546,38.947834,-5.7096148,38.92781,-5.74049287511155,3.4770347325269118,0.008610472,0,0.39273134,0.56778497,3.471095,38.947777,-5.709546089172363,0.008703048433532777
2019-11-03,Europa_DER_A1A26_eobs_4004__2019__southbound_01,Europa / DER A1A26 (eobs 4004),40.26441,-3.6322372,40.26531,-3.5684195,40.246105,-3.658984441954827,7.976513761286996,5.4158177,0,0.3685798,0.56778497,3.0430675,40.26441,-3.632237195968628,5.415800431987503
2019-11-03,Zozu_plus_DER_AL581_eobs2541__2019__southbound_01,Zozu + / DER AL581 (eobs2541),41.610626,0.6168728,41.6106,0.6168585,41.595306,0.5951095082213711,2.4823361678459293,0.0031877782,0,0.33102,0.56778497,2.4805758,41.610626,0.6168727874755859,0.003198553564588659
2019-11-04,Angela_DER_AY470_eobs_4001__2019__southbound_01,Angela / DER AY470 (eobs 4001),38.947834,-5.7096148,38.948036,-5.7095118,38.927998,-5.740230395377229,3.467535585802388,0.02447394,0,0.39006695,0.56778497,3.4400623,38.947834,-5.7096147537231445,0.024181473694744188
2019-11-04,Europa_DER_A1A26_eobs_4004__2019__southbound_01,Europa / DER A1A26 (eobs 4004),40.26531,-3.5684195,40.320454,-3.5903769,40.247295,-3.594633446113175,8.142848103429294,6.4083366,0,0.3641215,0.56778497,2.988,40.26531,-3.5684194564819336,6.408440508364736
2019-11-04,Zozu_plus_DER_AL581_eobs2541__2019__southbound_01,Zozu + / DER AL581 (eobs2541),41.6106,0.6168585,41.610603,0.6167747,41.595417,0.5952790219349219,2.4588613491476528,0.0069865226,0,0.32866296,0.56778497,2.4591758,41.6106,0.6168584823608398,0.0069801918326630975
2019-11-05,Angela_DER_AY470_eobs_4001__2019__southbound_01,Angela / DER AY470 (eobs 4001),38.948036,-5.7095118,38.94779,-5.7095337,38.928375,-5.739665838852183,3.384028845345139,0.027828755,0,0.3869157,0.56778497,3.3968008,38.948036,-5.709511756896973,0.027636585151302136
2019-11-05,Europa_DER_A1A26_eobs_4004__2019__southbound_01,Europa / DER A1A26 (eobs 4004),40.320454,-3.5903769,40.32094,-3.590476,40.302635,-3.616357230612942,2.992944766094519,0.054744285,0,0.36150512,0.56778497,2.9574382,40.320454,-3.590376853942871,0.054522589823898675
2019-11-05,Zozu_plus_DER_AL581_eobs2541__2019__southbound_01,Zozu + / DER AL581 (eobs2541),41.610603,0.6167747,41.57751,0.61590147,41.595516,0.5952959653327905,2.6353994384451296,3.6802006,0,0.32692894,0.56778497,2.4457157,41.610603,0.6167746782302856,3.680439477121902
2019-11-06,Angela_DER_AY470_eobs_4001__2019__southbound_01,Angela / DER AY470 (eobs 4001),38.94779,-5.7095337,38.94776,-5.709565,38.92859,-5.738653597974324,3.2976672037230346,0.0040704077,0,0.38072565,0.56778497,3.2957108,38.94779,-5.70953369140625,0.004027823793762279
2019-11-06,Europa_DER_A1A26_eobs_4004__2019__southbound_01,Europa / DER A1A26 (eobs 4004),40.32094,-3.590476,40.32161,-3.590948,40.3034,-3.616021811067916,2.9360651128053705,0.08465342,0,0.3580308,0.56778497,2.9092834,40.32094,-3.5904760360717773,0.08470565534935276
2019-11-06,Zozu_plus_DER_AL581_eobs2541__2019__southbound_01,Zozu + / DER AL581 (eobs2541),41.57751,0.61590147,41.59604,0.6166428,41.562614,0.59471483113051,4.140049733375125,2.0610116,0,0.32436633,0.56778497,2.4143379,41.57751,0.6159014701843262,2.0611430280469354
2019-11-07,Angela_DER_AY470_eobs_4001__2019__southbound_01,Angela / DER AY470 (eobs 4001),38.94776,-5.709565,38.947758,-5.709442,38.928936,-5.737918345987989,3.2320389224748114,0.010640212,0,0.37628645,0.56778497,3.2183425,38.94776,-5.709565162658691,0.010647391624370083
2019-11-07,Europa_DER_A1A26_eobs_4004__2019__southbound_01,Europa / DER A1A26 (eobs 4004),40.32161,-3.590948,40.320667,-3.5899677,40.304237,-3.6162074876687793,2.8788221819612994,0.1336772,0,0.3556883,0.56778497,2.8789518,40.32161,-3.5909481048583984,0.133735242270615
2019-11-07,Zozu_plus_DER_AL581_eobs2541__2019__southbound_01,Zozu + / DER AL581 (eobs2541),41.59604,0.6166428,41.595917,0.6163382,41.581387,0.5958639664505704,2.3473034447255543,0.02868119,0,0.32104594,0.56778497,2.3706183,41.59604,0.6166427731513977,0.028735728986298722
2019-11-08,Angela_DER_AY470_eobs_4001__2019__southbound_01,Angela / DER AY470 (eobs 4001),38.947758,-5.709442,38.94775,-5.7092333,38.929314,-5.736900462919763,3.15099637563546,0.018063597,0,0.37078148,0.56778497,3.132074,38.947758,-5.709442138671875,0.01808136873122169
2019-11-08,Europa_DER_A1A26_eobs_4004__2019__southbound_01,Europa / DER A1A26 (eobs 4004),40.320667,-3.5899677,40.314827,-3.591249,40.303497,-3.6148265749647046,2.3630490780449853,0.6585893,0,0.3522253,0.56778497,2.8388603,40.320667,-3.589967727661133,0.6584354120727913
2019-11-08,Zozu_plus_DER_AL581_eobs2541__2019__southbound_01,Zozu + / DER AL581 (eobs2541),41.595917,0.6163382,41.56829,0.6148403,41.58135,0.5957166296105005,2.1537783186407737,3.0746284,0,0.31999835,0.56778497,2.354967,41.595917,0.6163381934165955,3.07440476828048
2019-11-09,Angela_DER_AY470_eobs_4001__2019__southbound_01,Angela / DER AY470 (eobs 4001),38.94775,-5.7092333,38.94493,-5.7046394,38.92994,-5.735342827461194,3.1354403839024756,0.5061008,0,0.36233217,0.56778497,2.9981556,38.94775,-5.709233283996582,0.5060535257320842
2019-11-09,Europa_DER_A1A26_eobs_4004__2019__southbound_01,Europa / DER A1A26 (eobs 4004),40.314827,-3.591249,40.320316,-3.5903153,40.29796,-3.6155722433527755,3.281340966890732,0.6153253,0,0.34780458,0.56778497,2.7829406,40.314827,-3.5912489891052246,0.6154999404518676
2019-11-09,Zozu_plus_DER_AL581_eobs2541__2019__southbound_01,Zozu + / DER AL581 (eobs2541),41.56829,0.6148403,41.61059,0.6168529,41.553947,0.594600321170115,6.564888435763432,4.706623,0,0.31661975,0.56778497,2.3150387,41.56829,0.6148403286933899,4.706659819742514
2019-11-10,Angela_DER_AY470_eobs_4001__2019__southbound_01,Angela / DER AY470 (eobs 4001),38.94493,-5.7046394,38.94554,-5.7010317,38.927486,-5.72999009580027,3.209979496483546,0.31925437,0,0.35787028,0.56778497,2.9222233,38.94493,-5.704639434814453,0.319300305378738
2019-11-10,Europa_DER_A1A26_eobs_4004__2019__southbound_01,Europa / DER A1A26 (eobs 4004),40.320316,-3.5903153,40.30106,-3.5429425,40.303734,-3.6142125987583107,6.051151763501434,4.5518446,0,0.3444298,0.56778497,2.7347364,40.320316,-3.590315341949463,4.5518897173751505
2019-11-10,Zozu_plus_DER_AL581_eobs2541__2019__southbound_01,Zozu + / DER AL581 (eobs2541),41.61059,0.6168529,41.537857,0.6144059,41.596405,0.5968861362345612,6.671410198937005,8.09023,0,0.31375656,0.56778497,2.2860358,41.61059,0.616852879524231,8.090316690151838
2019-11-11,Angela_DER_AY470_eobs_4001__2019__southbound_01,Angela / DER AY470 (eobs 4001),38.94554,-5.7010317,38.94428,-5.7045703,38.92859,-5.72535149031513,2.5048852633524725,0.33657038,0,0.350663,0.56778497,2.8195052,38.94554,-5.701031684875488,0.33669681071662527
2019-11-11,Europa_DER_A1A26_eobs_4004__2019__southbound_01,Europa / DER A1A26 (eobs 4004),40.30106,-3.5429425,40.301174,-3.5220733,40.284718,-3.566361621761908,4.1782809206688,1.7698361,0,0.34055722,0.56778497,2.6871912,40.30106,-3.542942523956299,1.7698329534332018
2019-11-11,Zozu_plus_DER_AL581_eobs2541__2019__southbound_01,Zozu + / DER AL581 (eobs2541),41.537857,0.6144059,41.537548,0.6133583,41.52379,0.5947540837051194,2.176961123087713,0.09364996,0,0.31191617,0.56778497,2.2592084,41.537857,0.6144058704376221,0.09371496618825412
2019-11-12,Angela_DER_AY470_eobs_4001__2019__southbound_01,Angela / DER AY470 (eobs 4001),38.94428,-5.7045703,38.945267,-5.7049747,38.92761,-5.728293613027513,2.814836201073204,0.11512898,0,0.34711185,0.56778497,2.7601326,38.94428,-5.704570293426514,0.11529279177058903
2019-11-12,Europa_DER_A1A26_eobs_4004__2019__southbound_01,Europa / DER A1A26 (eobs 4004),40.301174,-3.5220733,40.32065,-3.590955,40.285133,-3.5449556987131374,5.550807037563396,6.229133,0,0.33749744,0.56778497,2.6311529,40.301174,-3.522073268890381,6.229068476748202
2019-11-12,Zozu_plus_DER_AL581_eobs2541__2019__southbound_01,Zozu + / DER AL581 (eobs2541),41.537548,0.6133583,41.595703,0.6163259,41.523582,0.5938827801145831,8.234000962366958,6.4709167,0,0.31045407,0.56778497,2.2407372,41.537548,0.6133583188056946,6.47126780105789
2019-11-13,Angela_DER_AY470_eobs_4001__2019__southbound_01,Angela / DER AY470 (eobs 4001),38.945267,-5.7049747,38.948074,-5.7094107,38.92919,-5.727654406343073,2.6264738288789915,0.49467632,0,0.3400069,0.56778497,2.6490881,38.945267,-5.70497465133667,0.4946045882735591
2019-11-13,Europa_DER_A1A26_eobs_4004__2019__southbound_01,Europa / DER A1A26 (eobs 4004),40.32065,-3.590955,40.25946,-3.6355994,40.30489,-3.613449848875859,5.389613226512033,7.786413,0,0.332887,0.56778497,2.5853379,40.32065,-3.5909550189971924,7.786517751992717
2019-11-13,Zozu_plus_DER_AL581_eobs2541__2019__southbound_01,Zozu + / DER AL581 (eobs2541),41.595703,0.6163259,41.59582,0.6163265,41.581917,0.5971900794151667,2.2188620815527065,0.013543652,0,0.30789703,0.56778497,2.205639,41.595703,0.6163259148597717,0.013149536039388272
2019-11-14,Angela_DER_AY470_eobs_4001__2019__southbound_01,Angela / DER AY470 (eobs 4001),38.948074,-5.7094107,38.948277,-5.7087097,38.93228,-5.731652296909192,2.6646869546484293,0.0646586,0,0.33681005,0.56778497,2.5999482,38.948074,-5.709410667419434,0.06465146716563094
2019-11-14,Europa_DER_A1A26_eobs_4004__2019__southbound_01,Europa / DER A1A26 (eobs 4004),40.25946,-3.6355994,40.22012,-3.6011417,40.24379,-3.6579559532594192,5.494416803332751,5.262263,0,0.33176056,0.56778497,2.5714138,40.25946,-3.635599374771118,5.262206407419245
2019-11-14,Zozu_plus_DER_AL581_eobs2541__2019__southbound_01,Zozu + / DER AL581 (eobs2541),41.59582,0.6163265,41.595604,0.6152768,41.582165,0.5974320374905246,2.1060915229306323,0.0906081,0,0.30605116,0.56778497,2.181306,41.59582,0.6163265109062195,0.09057628876142833
2019-11-15,Angela_DER_AY470_eobs_4001__2019__southbound_01,Angela / DER AY470 (eobs 4001),38.948277,-5.7087097,38.947964,-5.708994,38.93263,-5.730634195311506,2.531918648204713,0.04266649,0,0.33465612,0.56778497,2.5687742,38.948277,-5.708709716796875,0.042589045359058046
2019-11-15,Europa_DER_A1A26_eobs_4004__2019__southbound_01,Europa / DER A1A26 (eobs 4004),40.22012,-3.6011417,40.26558,-3.6291306,40.20455,-3.6233330310124203,6.803782775465474,5.5853415,0,0.3304495,0.56778497,2.5542016,40.22012,-3.6011416912078857,5.585294629398175
2019-11-15,Zozu_plus_DER_AL581_eobs2541__2019__southbound_01,Zozu + / DER AL581 (eobs2541),41.595604,0.6152768,41.595654,0.6163691,41.582,0.5963718874620704,2.2517909576361643,0.0909918,0,0.30675346,0.56778497,2.1778696,41.595604,0.6152768135070801,0.09100095030158209
2019-11-16,Angela_DER_AY470_eobs_4001__2019__southbound_01,Angela / DER AY470 (eobs 4001),38.947964,-5.708994,38.947926,-5.709066,38.93247,-5.73062816566799,2.536115188500951,0.0075803446,0,0.33214185,0.56778497,2.5389373,38.947964,-5.708993911743164,0.0075341659558349205
2019-11-16,Zozu_plus_DER_AL581_eobs2541__2019__southbound_01,Zozu + / DER AL581 (eobs2541),41.595654,0.6163691,41.59564,0.6163453,41.58221,0.5977685784621835,2.148534051442055,0.002444287,0,0.30379426,0.56778497,2.1472137,41.595654,0.6163691282272339,0.002609516758500531
2019-11-17,Angela_DER_AY470_eobs_4001__2019__southbound_01,Angela / DER AY470 (eobs 4001),38.947926,-5.709066,38.975105,-5.690098,38.93272,-5.730213555723082,5.851960063280483,3.4387429,0,0.3293333,0.56778497,2.4862769,38.947926,-5.709065914154053,3.4385540749210226
2019-11-17,Zozu_plus_DER_AL581_eobs2541__2019__southbound_01,Zozu + / DER AL581 (eobs2541),41.59564,0.6163453,41.543106,0.61478657,41.58237,0.5980214286483472,4.5834381106957025,5.8428946,0,0.30182534,0.56778497,2.1171727,41.59564,0.6163452863693237,5.842760863917975
2019-11-18,Angela_DER_AY470_eobs_4001__2019__southbound_01,Angela / DER AY470 (eobs 4001),38.975105,-5.690098,38.97549,-5.6930466,38.96017,-5.710746450591531,2.289862350515177,0.25847366,0,0.32624772,0.56778497,2.4337606,38.975105,-5.690097808837891,0.2584806656344567
2019-11-18,Zozu_plus_DER_AL581_eobs2541__2019__southbound_01,Zozu + / DER AL581 (eobs2541),41.543106,0.61478657,41.59566,0.61608356,41.530052,0.5968399887378506,7.469013571111831,5.844592,0,0.29996228,0.56778497,2.0791826,41.543106,0.6147865653038025,5.8448628142196535
2019-11-19,Angela_DER_AY470_eobs_4001__2019__southbound_01,Angela / DER AY470 (eobs 4001),38.97549,-5.6930466,38.972576,-5.6914873,38.960888,-5.713135317175763,2.278594274714599,0.35126427,0,0.3228911,0.56778497,2.3733535,38.97549,-5.693046569824219,0.35098495124189893
2019-11-19,Zozu_plus_DER_AL581_eobs2541__2019__southbound_01,Zozu + / DER AL581 (eobs2541),41.59566,0.61608356,41.577873,0.616224,41.58288,0.5986213605257297,1.5663294952527138,1.9778725,0,0.29614422,0.56778497,2.0283136,41.59566,0.616083562374115,1.9779651573143084
2019-11-20,Angela_DER_AY470_eobs_4001__2019__southbound_01,Angela / DER AY470 (eobs 4001),38.972576,-5.6914873,38.97435,-5.69119,38.958153,-5.711353018455626,2.5065205374027957,0.19890858,0,0.3219743,0.56778497,2.345635,38.972576,-5.6914873123168945,0.19891176031295627
2019-11-20,Zozu_plus_DER_AL581_eobs2541__2019__southbound_01,Zozu + / DER AL581 (eobs2541),41.577873,0.616224,41.595757,0.61629295,41.56532,0.5991164400315633,3.673683964752412,1.9886934,0,0.29431468,0.56778497,1.9899087,41.577873,0.6162239909172058,1.9885433366302088
2019-11-21,Angela_DER_AY470_eobs_4001__2019__southbound_01,Angela / DER AY470 (eobs 4001),38.97435,-5.69119,38.958992,-5.698703,38.96013,-5.710652542573372,1.0409270128709596,1.826903,0,0.31931162,0.56778497,2.3049138,38.97435,-5.691189765930176,1.8270884568091856
2019-11-21,Zozu_plus_DER_AL581_eobs2541__2019__southbound_01,Zozu + / DER AL581 (eobs2541),41.595757,0.61629295,41.610466,0.6169816,41.583405,0.5994778671656672,3.342643561034845,1.6364815,0,0.29181328,0.56778497,1.9564629,41.595757,0.6162929534912109,1.6366230141110747
2019-11-22,Angela_DER_AY470_eobs_4001__2019__southbound_01,Angela / DER AY470 (eobs 4001),38.958992,-5.698703,38.948315,-5.7087913,38.944855,-5.717816473793583,0.8701705121626256,1.4731357,0,0.31746504,0.56778497,2.2767766,38.958992,-5.698702812194824,1.4733020181182395
2019-11-22,Zozu_plus_DER_AL581_eobs2541__2019__southbound_01,Zozu + / DER AL581 (eobs2541),41.610466,0.6169816,41.595745,0.6163688,41.59831,0.6004220377372484,1.3563458220183553,1.637768,0,0.2899705,0.56778497,1.9260132,41.610466,0.6169816255569458,1.637686490888372
2019-11-23,Angela_DER_AY470_eobs_4001__2019__southbound_01,Angela / DER AY470 (eobs 4001),38.948315,-5.7087913,38.975197,-5.6890473,38.934364,-5.727661989205371,5.635955073594511,3.442102,0,0.3154485,0.56778497,2.2477093,38.948315,-5.708791255950928,3.442275539559677
2019-11-23,Zozu_plus_DER_AL581_eobs2541__2019__southbound_01,Zozu + / DER AL581 (eobs2541),41.595745,0.6163688,41.595833,0.6162583,41.583668,0.599957541799235,1.9150902882430145,0.0133839855,0,0.28880087,0.56778497,1.9111857,41.595745,0.6163687705993652,0.013399053911479554
2019-11-24,Angela_DER_AY470_eobs_4001__2019__southbound_01,Angela / DER AY470 (eobs 4001),38.975197,-5.6890473,38.947124,-5.708028,38.96158,-5.707352814422597,1.608260807018047,3.526672,0,0.31036943,0.56778497,2.186295,38.975197,-5.689047336578369,3.526614495731064
2019-11-24,Zozu_plus_DER_AL581_eobs2541__2019__southbound_01,Zozu + / DER AL581 (eobs2541),41.595833,0.6162583,41.59581,0.6160743,41.58382,0.5999430401384572,1.8913327871203958,0.015461633,0,0.2875634,0.56778497,1.9005449,41.595833,0.6162583231925964,0.015511043349200296
2019-11-25,Angela_DER_AY470_eobs_4001__2019__southbound_01,Angela / DER AY470 (eobs 4001),38.947124,-5.708028,38.946205,-5.7097826,38.933586,-5.726145519820708,1.992907874173657,0.18294378,0,0.30861038,0.56778497,2.1689682,38.947124,-5.7080278396606445,0.18297199847701992
2019-11-25,Zozu_plus_DER_AL581_eobs2541__2019__southbound_01,Zozu + / DER AL581 (eobs2541),41.59581,0.6160743,41.60309,0.6166731,41.58393,0.5999898122314637,2.5421679018866286,0.8105639,0,0.2849986,0.56778497,1.876442,41.59581,0.6160743236541748,0.8108571186774738
2019-11-26,Angela_DER_AY470_eobs_4001__2019__southbound_01,Angela / DER AY470 (eobs 4001),38.946205,-5.7097826,38.945168,-5.7074404,38.932533,-5.727963905587872,2.2637417633550303,0.2330669,0,0.30840385,0.56778497,2.1832542,38.946205,-5.709782600402832,0.23311233293323397
2019-11-26,Zozu_plus_DER_AL581_eobs2541__2019__southbound_01,Zozu + / DER AL581 (eobs2541),41.60309,0.6166731,41.595833,0.6160955,41.59121,0.6007280236132625,1.3774864460310534,0.80803776,0,0.28345597,0.56778497,1.8680682,41.60309,0.6166731119155884,0.8082104108948879
2019-11-27,Angela_DER_AY470_eobs_4001__2019__southbound_01,Angela / DER AY470 (eobs 4001),38.945168,-5.7074404,38.93997,-5.720473,38.931637,-5.725274551317619,1.015236224865046,1.2668691,0,0.3054771,0.56778497,2.150754,38.945168,-5.707440376281738,1.2667413927116755
2019-11-27,Zozu_plus_DER_AL581_eobs2541__2019__southbound_01,Zozu + / DER AL581 (eobs2541),41.595833,0.6160955,41.61036,0.6166902,41.58399,0.600258911774581,3.235032978481134,1.6158541,0,0.2832035,0.56778497,1.8593327,41.595833,0.6160954833030701,1.6160173473858768
2019-11-28,Angela_DER_AY470_eobs_4001__2019__southbound_01,Angela / DER AY470 (eobs 4001),38.93997,-5.720473,38.94498,-5.711996,38.926617,-5.738020465708647,3.0391413438076427,0.92112017,0,0.3031101,0.56778497,2.1192198,38.93997,-5.720472812652588,0.9209281722584032
2019-11-28,Zozu_plus_DER_AL581_eobs2541__2019__southbound_01,Zozu + / DER AL581 (eobs2541),41.61036,0.6166902,41.610256,0.6167412,41.598648,0.6011450915360264,1.8296539178124682,0.012244043,0,0.2802418,0.56778497,1.8315535,41.61036,0.6166902184486389,0.012211325200985276
2019-11-29,Angela_DER_AY470_eobs_4001__2019__southbound_01,Angela / DER AY470 (eobs 4001),38.94498,-5.711996,38.94529,-5.7098374,38.931927,-5.729115137799482,2.2333444031571696,0.18983671,0,0.30012706,0.56778497,2.0697057,38.94498,-5.711996078491211,0.189818588434113
2019-11-29,Zozu_plus_DER_AL581_eobs2541__2019__southbound_01,Zozu + / DER AL581 (eobs2541),41.610256,0.6167412,41.592262,0.61618,41.598625,0.6013796027631393,1.4196359384690302,2.001316,0,0.2782105,0.56778497,1.8143666,41.610256,0.6167411804199219,2.0013801871178116
2019-11-30,Angela_DER_AY470_eobs_4001__2019__southbound_01,Angela / DER AY470 (eobs 4001),38.94529,-5.7098374,38.946808,-5.7097335,38.932476,-5.726603354011602,2.1606650412256365,0.16875415,0,0.29760244,0.56778497,2.0293105,38.94529,-5.709837436676025,0.16906105630400178
2019-11-30,Zozu_plus_DER_AL581_eobs2541__2019__southbound_01,Zozu + / DER AL581 (eobs2541),41.592262,0.61618,41.610573,0.61691046,41.580738,0.6010176073099145,3.5710346250965337,2.0372267,0,0.2766442,0.56778497,1.7946037,41.592262,0.6161800026893616,2.0369484492369616
2019-12-01,Angela_DER_AY470_eobs_4001__2019__southbound_01,Angela / DER AY470 (eobs 4001),38.946808,-5.7097335,38.976795,-5.691352,38.934204,-5.726185864733335,5.61261663133448,3.6939094,0,0.29562783,0.56778497,1.993687,38.946808,-5.709733486175537,3.693831301748346
2019-12-01,Zozu_plus_DER_AL581_eobs2541__2019__southbound_01,Zozu + / DER AL581 (eobs2541),41.610573,0.61691046,41.61063,0.6168907,41.599293,0.602005118574389,1.7666501979161147,0.006450524,0,0.27464393,0.56778497,1.7602369,41.610573,0.616910457611084,0.0065706532072689165
2019-12-02,Angela_DER_AY470_eobs_4001__2019__southbound_01,Angela / DER AY470 (eobs 4001),38.976795,-5.691352,38.976936,-5.691152,38.964344,-5.707630580251619,1.9974949472154173,0.023334812,0,0.29470348,0.56778497,1.9704956,38.976795,-5.691351890563965,0.023336669969041827
2019-12-02,Zozu_plus_DER_AL581_eobs2541__2019__southbound_01,Zozu + / DER AL581 (eobs2541),41.61063,0.6168907,41.6106,0.6168825,41.59952,0.6022688734717381,1.7302285523674807,0.0033939069,0,0.27270964,0.56778497,1.7300906,41.61063,0.6168907284736633,0.003461623664053427
2019-12-03,Angela_DER_AY470_eobs_4001__2019__southbound_01,Angela / DER AY470 (eobs 4001),38.976936,-5.691152,38.94803,-5.7096868,38.964783,-5.70698959692916,1.8775201103588395,3.5917184,0,0.29039907,0.56778497,1.9204348,38.976936,-5.691152095794678,3.591719238511543
2019-12-03,Zozu_plus_DER_AL581_eobs2541__2019__southbound_01,Zozu + / DER AL581 (eobs2541),41.6106,0.6168825,41.60985,0.6168141,41.599598,0.6024297302199139,1.6523971017510808,0.08340692,0,0.2722306,0.56778497,1.7117101,41.6106,0.6168825030326843,0.0833328162344332
2019-12-04,Angela_DER_AY470_eobs_4001__2019__southbound_01,Angela / DER AY470 (eobs 4001),38.94803,-5.7096868,38.94684,-5.7096205,38.9361,-5.725225021281259,1.8019788728320245,0.13247351,0,0.28829628,0.56778497,1.8848425,38.94803,-5.709686756134033,0.13246684460070807
2019-12-04,Zozu_plus_DER_AL581_eobs2541__2019__southbound_01,Zozu + / DER AL581 (eobs2541),41.60985,0.6168141,41.610054,0.6165117,41.598904,0.6024663717978894,1.7032448751945952,0.033783834,0,0.27227128,0.56778497,1.7013757,41.60985,0.6168140769004822,0.03372503687598726
2019-12-05,Angela_DER_AY470_eobs_4001__2019__southbound_01,Angela / DER AY470 (eobs 4001),38.94684,-5.7096205,38.946766,-5.709671,38.935047,-5.725024555969821,1.8604435906728,0.008998623,0,0.2875587,0.56778497,1.8657951,38.94684,-5.709620475769043,0.00916838992563545
2019-12-05,Zozu_plus_DER_AL581_eobs2541__2019__southbound_01,Zozu + / DER AL581 (eobs2541),41.610054,0.6165117,41.61008,0.6168609,41.599247,0.6023670398752413,1.7039572661842974,0.029195528,0,0.2705544,0.56778497,1.6783898,41.610054,0.6165117025375366,0.02918535888264016
2019-12-06,Angela_DER_AY470_eobs_4001__2019__southbound_01,Angela / DER AY470 (eobs 4001),38.946766,-5.709671,38.945885,-5.7098904,38.935204,-5.724791929974946,1.7526007945232691,0.09988166,0,0.28441155,0.56778497,1.8305231,38.946766,-5.7096710205078125,0.09980379531436308
2019-12-06,Zozu_plus_DER_AL581_eobs2541__2019__southbound_01,Zozu + / DER AL581 (eobs2541),41.61008,0.6168609,41.75176,0.0536483,41.599316,0.6028138082311721,48.65833122376563,49.354767,1,0.27009884,0.56778497,1.6693951,41.61008,0.6168609261512756,49.35488059817836
2019-12-07,Angela_DER_AY470_eobs_4001__2019__southbound_01,Angela / DER AY470 (eobs 4001),38.945885,-5.7098904,38.94683,-5.70973,38.934517,-5.7247118747501275,1.885132711312896,0.10618658,0,0.2820773,0.56778497,1.7970086,38.945885,-5.709890365600586,0.10610410221284497
2019-12-07,Zozu_plus_DER_AL581_eobs2541__2019__southbound_01,Zozu + / DER AL581 (eobs2541),41.75176,0.0536483,41.75479,0.0522777,41.74101,0.039489792384691864,1.8639183409491709,0.35621473,0,0.27156794,0.56778497,1.6729351,41.75176,0.05364830046892166,0.35587065013066504
2019-12-08,Angela_DER_AY470_eobs_4001__2019__southbound_01,Angela / DER AY470 (eobs 4001),38.94683,-5.70973,38.946754,-5.7097063,38.935722,-5.724256392164619,1.7573752811843186,0.009002644,0,0.2801754,0.56778497,1.7585398,38.94683,-5.70973014831543,0.008730471990116832
2019-12-08,Zozu_plus_DER_AL581_eobs2541__2019__southbound_01,Zozu + / DER AL581 (eobs2541),41.75479,0.0522777,41.758812,0.0692217,41.744152,0.038295233744853385,3.039608607652764,1.4748272,0,0.269839,0.56778497,1.6539357,41.75479,0.05227769911289215,1.4748840427896643
2019-12-09,Zozu_plus_DER_AL581_eobs2541__2019__southbound_01,Zozu + / DER AL581 (eobs2541),41.758812,0.0692217,41.610653,0.6147254,41.748245,0.0553620964314626,48.9090362230981,48.202354,1,0.26917964,0.56778497,1.6408968,41.758812,0.06922169774770737,48.202434797390815
2019-12-10,Zozu_plus_DER_AL581_eobs2541__2019__southbound_01,Zozu + / DER AL581 (eobs2541),41.610653,0.6147254,41.610607,0.6168713,41.600163,0.601041548119959,1.7553069262050363,0.17847928,0,0.26803148,0.56778497,1.6266342,41.610653,0.6147254109382629,0.17847681173370092
2019-12-11,Zozu_plus_DER_AL581_eobs2541__2019__southbound_01,Zozu + / DER AL581 (eobs2541),41.610607,0.6168713,41.538383,0.6169095,41.60021,0.6033396347091462,6.96668536418517,8.031143,0,0.2669093,0.56778497,1.610557,41.610607,0.6168712973594666,8.0309166676223
2019-12-12,Zozu_plus_DER_AL581_eobs2541__2019__southbound_01,Zozu + / DER AL581 (eobs2541),41.538383,0.6169095,41.538425,0.6166356,41.528072,0.6035641955902977,1.5840148911330998,0.023288382,0,0.26580665,0.56778497,1.5936264,41.538383,0.6169095039367676,0.023268152416281326
2019-12-13,Zozu_plus_DER_AL581_eobs2541__2019__southbound_01,Zozu + / DER AL581 (eobs2541),41.538425,0.6166356,41.539825,0.61585623,41.528103,0.6032421691988823,1.673763949711628,0.16845141,0,0.26567307,0.56778497,1.5973817,41.538425,0.6166356205940247,0.16864707232844775
2019-12-14,Zozu_plus_DER_AL581_eobs2541__2019__southbound_01,Zozu + / DER AL581 (eobs2541),41.539825,0.61585623,41.595787,0.6162532,41.52961,0.6026105281917095,7.445624858985436,6.2229757,0,0.2627045,0.56778497,1.5801233,41.539825,0.6158562302589417,6.222743224158205
2019-12-15,Zozu_plus_DER_AL581_eobs2541__2019__southbound_01,Zozu + / DER AL581 (eobs2541),41.595787,0.6162532,41.61031,0.61664575,41.58569,0.6032135737318761,2.9567157937129895,1.6152493,0,0.26029596,0.56778497,1.5582265,41.595787,0.6162531971931458,1.6151662265188897
2019-12-16,Zozu_plus_DER_AL581_eobs2541__2019__southbound_01,Zozu + / DER AL581 (eobs2541),41.61031,0.61664575,41.538498,0.6163116,41.600296,0.6037236863840489,6.950979984229452,7.985445,0,0.25941887,0.56778497,1.5445362,41.61031,0.6166457533836365,7.985153454295278
2019-12-17,Zozu_plus_DER_AL581_eobs2541__2019__southbound_01,Zozu + / DER AL581 (eobs2541),41.538498,0.6163116,41.538784,0.616889,41.528603,0.6035313639306853,1.5867926791868527,0.05763608,0,0.2580043,0.56778497,1.5276293,41.538498,0.6163116097450256,0.057632468007196735
2019-12-18,Zozu_plus_DER_AL581_eobs2541__2019__southbound_01,Zozu + / DER AL581 (eobs2541),41.538784,0.616889,41.53911,0.6168439,41.529022,0.6042580903557048,1.5346868207372772,0.036349416,0,0.2560818,0.56778497,1.5085044,41.538784,0.6168889999389648,0.036249972885687945
2019-12-19,Zozu_plus_DER_AL581_eobs2541__2019__southbound_01,Zozu + / DER AL581 (eobs2541),41.53911,0.6168439,41.53874,0.6164724,41.529392,0.604264824795346,1.4534412099968106,0.051563594,0,0.25532755,0.56778497,1.5018508,41.53911,0.6168438792228699,0.05146584816017445
2019-12-20,Zozu_plus_DER_AL581_eobs2541__2019__southbound_01,Zozu + / DER AL581 (eobs2541),41.53874,0.6164724,41.53919,0.6166908,41.529095,0.6039519287496319,1.5440292986544715,0.0532163,0,0.25387353,0.56778497,1.4927412,41.53874,0.6164724230766296,0.0532509914225159
2019-12-21,Zozu_plus_DER_AL581_eobs2541__2019__southbound_01,Zozu + / DER AL581 (eobs2541),41.53919,0.6166908,41.61003,0.6167039,41.529507,0.6041650017103619,9.014478125840784,7.8776712,0,0.2535009,0.56778497,1.4960042,41.53919,0.6166908144950867,7.877364558467274
2019-12-22,Zozu_plus_DER_AL581_eobs2541__2019__southbound_01,Zozu + / DER AL581 (eobs2541),41.61003,0.6167039,41.540108,0.6168483,41.600407,0.6042438197578512,6.786438516219468,7.775192,0,0.25249425,0.56778497,1.4867294,41.61003,0.6167039275169373,7.775147444464022
2019-12-23,Zozu_plus_DER_AL581_eobs2541__2019__southbound_01,Zozu + / DER AL581 (eobs2541),41.540108,0.6168483,41.539074,0.61686045,41.530544,0.6045040345538379,1.3990583201420903,0.114996836,0,0.24991769,0.56778497,1.4759206,41.540108,0.6168482899665833,0.11495603377647987
2019-12-24,Zozu_plus_DER_AL581_eobs2541__2019__southbound_01,Zozu + / DER AL581 (eobs2541),41.539074,0.61686045,41.61055,0.6168714,41.529583,0.6046598703939254,9.060259101539804,7.9476185,0,0.24931481,0.56778497,1.461862,41.539074,0.6168604493141174,7.947777679677892
2019-12-25,Zozu_plus_DER_AL581_eobs2541__2019__southbound_01,Zozu + / DER AL581 (eobs2541),41.61055,0.6168714,41.538513,0.6168706,41.601147,0.6048080298640881,7.036461184073577,8.009782,0,0.24795975,0.56778497,1.4461821,41.61055,0.6168714165687561,8.01013143619098
2019-12-26,Zozu_plus_DER_AL581_eobs2541__2019__southbound_01,Zozu + / DER AL581 (eobs2541),41.538513,0.6168706,41.5512,0.6168584,41.52912,0.6048424657028133,2.650998899942328,1.4106545,0,0.24811372,0.56778497,1.4441934,41.538513,0.6168705821037292,1.410808303804626
2019-12-27,Zozu_plus_DER_AL581_eobs2541__2019__southbound_01,Zozu + / DER AL581 (eobs2541),41.5512,0.6168584,41.53884,0.6160912,41.541897,0.6050125503932094,0.982663374553453,1.3758757,0,0.24557735,0.56778497,1.4265409,41.5512,0.6168584227561951,1.375811280078791
2019-12-28,Zozu_plus_DER_AL581_eobs2541__2019__southbound_01,Zozu + / DER AL581 (eobs2541),41.53884,0.6160912,41.53656,0.6169326,41.529568,0.6043162473796068,1.3066558635721903,0.26327547,0,0.24570003,0.56778497,1.4199809,41.53884,0.6160911917686462,0.26314632247786723
2020-07-03,Zozu_plus_DER_AL581_eobs2541__2020__southbound_01,Zozu + / DER AL581 (eobs2541),47.75132,8.933318,47.748158,8.936284,47.751255,8.931611537110431,0.4905809476410682,0.41575778,0,0.17757563,0.56778497,0.12756954,47.75132,8.933318138122559,0.41571958234920053
2020-07-04,Zozu_plus_DER_AL581_eobs2541__2020__southbound_01,Zozu + / DER AL581 (eobs2541),47.748158,8.936284,47.746815,8.936531,47.74799,8.934134787243817,0.22173897947880872,0.15051761,0,0.17829132,0.56778497,0.16147222,47.748158,8.936284065246582,0.15044757268411044
2020-07-05,Zozu_plus_DER_AL581_eobs2541__2020__southbound_01,Zozu + / DER AL581 (eobs2541),47.746815,8.936531,47.74705,8.936649,47.7466,8.934169547371045,0.19204619742379878,0.027724216,0,0.17828704,0.56778497,0.17781892,47.746815,8.936531066894531,0.027745418684573003
2020-07-06,Zozu_plus_DER_AL581_eobs2541__2020__southbound_01,Zozu + / DER AL581 (eobs2541),47.74705,8.936649,47.741043,8.935946,47.746742,8.933939991621882,0.6512354991779583,0.670248,0,0.17809221,0.56778497,0.20510653,47.74705,8.936649322509766,0.6701404345979612
2020-07-07,Zozu_plus_DER_AL581_eobs2541__2020__southbound_01,Zozu + / DER AL581 (eobs2541),47.741043,8.935946,47.74719,8.936978,47.740635,8.932875420009498,0.7906771903928407,0.6877399,0,0.17860115,0.56778497,0.23366204,47.741043,8.935946464538574,0.6876888208167016
2020-07-08,Zozu_plus_DER_AL581_eobs2541__2020__southbound_01,Zozu + / DER AL581 (eobs2541),47.74719,8.936978,47.74344,8.935827,47.746807,8.93387596685784,0.40196039375554843,0.42578512,0,0.17794295,0.56778497,0.23537876,47.74719,8.936978340148926,0.42575468097935276
2020-07-09,Zozu_plus_DER_AL581_eobs2541__2020__southbound_01,Zozu + / DER AL581 (eobs2541),47.74344,8.935827,47.739254,8.936755,47.742893,8.93221747302552,0.5280975974001711,0.47050673,0,0.1795553,0.56778497,0.27617547,47.74344,8.935827255249023,0.47046550345120286
2020-07-10,Zozu_plus_DER_AL581_eobs2541__2020__southbound_01,Zozu + / DER AL581 (eobs2541),47.739254,8.936755,47.740242,8.939022,47.738567,8.932738265734795,0.5054486224522929,0.20218152,0,0.18069692,0.56778497,0.30938217,47.739254,8.936755180358887,0.2020016852893875
2020-07-11,Zozu_plus_DER_AL581_eobs2541__2020__southbound_01,Zozu + / DER AL581 (eobs2541),47.740242,8.939022,47.738937,8.940221,47.739475,8.934742321458037,0.4140224085471522,0.17085266,0,0.18132642,0.56778497,0.33063418,47.740242,8.939022064208984,0.1705301116186532
2020-07-12,Zozu_plus_DER_AL581_eobs2541__2020__southbound_01,Zozu + / DER AL581 (eobs2541),47.738937,8.940221,47.743538,8.941041,47.738018,8.935603585069885,0.7362383189715486,0.51562476,0,0.18161736,0.56778497,0.35950062,47.738937,8.940220832824707,0.5152188615977948
2020-07-13,Zozu_plus_DER_AL581_eobs2541__2020__southbound_01,Zozu + / DER AL581 (eobs2541),47.743538,8.941041,47.75148,8.943654,47.742416,8.93597736604964,1.1598227961355523,0.90415376,0,0.18169175,0.56778497,0.39794895,47.743538,8.941040992736816,0.9044861654956408
2020-07-14,Zozu_plus_DER_AL581_eobs2541__2020__southbound_01,Zozu + / DER AL581 (eobs2541),47.75148,8.943654,47.752575,9.04522,47.75036,8.938502756498448,7.982203194498755,7.594195,0,0.18159361,0.56778497,0.40404487,47.75148,8.94365406036377,7.594171326581433
2020-07-15,Zozu_plus_DER_AL581_eobs2541__2020__southbound_01,Zozu + / DER AL581 (eobs2541),47.752575,9.04522,47.75159,9.055156,47.75131,9.03974808109304,1.1523329343515367,0.7507458,0,0.18161505,0.56778497,0.43189195,47.752575,9.045220375061035,0.7507964664962645
2020-07-16,Zozu_plus_DER_AL581_eobs2541__2020__southbound_01,Zozu + / DER AL581 (eobs2541),47.75159,9.055156,47.751534,8.943804,47.750153,9.049341341660183,7.8917627253911835,8.324844,0,0.18175516,0.56778497,0.462349,47.75159,9.055155754089355,8.32485703904027
2020-07-17,Zozu_plus_DER_AL581_eobs2541__2020__southbound_01,Zozu + / DER AL581 (eobs2541),47.751534,8.943804,47.7389,8.939626,47.74991,8.937521532297843,1.234240004066585,1.438985,0,0.18347406,0.56778497,0.5023924,47.751534,8.943803787231445,1.4391835727689315
2020-07-18,Zozu_plus_DER_AL581_eobs2541__2020__southbound_01,Zozu + / DER AL581 (eobs2541),47.7389,8.939626,47.757473,8.946831,47.736908,8.932678044339923,2.519693710881024,2.134112,0,0.18497576,0.56778497,0.56374574,47.7389,8.93962574005127,2.134408414223623
2020-07-19,Zozu_plus_DER_AL581_eobs2541__2020__southbound_01,Zozu + / DER AL581 (eobs2541),47.757473,8.946831,47.740345,8.950154,47.755394,8.939694443445886,1.8471006881232042,1.9205843,0,0.18416645,0.56778497,0.5804565,47.757473,8.946830749511719,1.9206899967216544
2020-07-20,Angela_DER_AY470_eobs_4001__2020__southbound_01,Angela / DER AY470 (eobs 4001),48.07767,7.792877,48.078724,7.7944937,48.077923,7.792526460564613,0.17115327473074582,0.16788699,0,0.19572683,0.56778497,0.038258195,48.07767,7.792877197265625,0.16771279843759385
2020-07-20,Zozu_plus_DER_AL581_eobs2541__2020__southbound_01,Zozu + / DER AL581 (eobs2541),47.740345,8.950154,47.752678,9.046464,47.7382,8.94281398602164,7.9153684079854605,7.330401,0,0.18425441,0.56778497,0.597383,47.740345,8.950154304504395,7.330384826061249
2020-07-21,Angela_DER_AY470_eobs_4001__2020__southbound_01,Angela / DER AY470 (eobs 4001),48.078724,7.7944937,48.079353,7.790823,48.079067,7.794000235498214,0.23817146093342811,0.28147385,0,0.1969673,0.56778497,0.052798394,48.078724,7.794493675231934,0.2815339408921179
2020-07-21,Zozu_plus_DER_AL581_eobs2541__2020__southbound_01,Zozu + / DER AL581 (eobs2541),47.752678,9.046464,47.75068,8.937178,47.75041,9.038897477562262,7.60494814065434,8.173459,0,0.18406543,0.56778497,0.6183765,47.752678,9.046463966369629,8.173427096554795
2020-07-22,Angela_DER_AY470_eobs_4001__2020__southbound_01,Angela / DER AY470 (eobs 4001),48.079353,7.790823,48.078793,7.795102,48.07989,7.789916595177083,0.40413607891979064,0.32390055,0,0.19953777,0.56778497,0.08979471,48.079353,7.790822982788086,0.3239541921661679
2020-07-22,Zozu_plus_DER_AL581_eobs2541__2020__southbound_01,Zozu + / DER AL581 (eobs2541),47.75068,8.937178,47.75146,8.943488,47.748055,8.928839365757053,1.1588573330035292,0.47975573,0,0.18611431,0.56778497,0.6871303,47.75068,8.937177658081055,0.47973162503945416
2020-07-23,Angela_DER_AY470_eobs_4001__2020__southbound_01,Angela / DER AY470 (eobs 4001),48.078793,7.795102,48.130234,7.757916,48.07944,7.7938849909718195,6.247551685915536,6.3514075,0,0.20047733,0.56778497,0.11538723,48.078793,7.795102119445801,6.351586461000381
2020-07-23,Zozu_plus_DER_AL581_eobs2541__2020__southbound_01,Zozu + / DER AL581 (eobs2541),47.75146,8.943488,47.738705,8.933483,47.74864,8.934790799059323,1.1088725876148013,1.6035222,0,0.18619369,0.56778497,0.7208333,47.75146,8.943488121032715,1.6036237516574503
2020-07-24,Angela_DER_AY470_eobs_4001__2020__southbound_01,Angela / DER AY470 (eobs 4001),48.130234,7.757916,48.134933,7.7552156,48.131065,7.755902093565215,0.43312035144961836,0.559683,0,0.20327756,0.56778497,0.17540269,48.130234,7.75791597366333,0.5596908930085972
2020-07-24,Mirabell_plus_DER_AN910_eobs_3907__2020__southbound_01,Mirabell + / DER AN910 (eobs 3907),47.804596,8.880081,47.805126,8.884488,47.799168,8.863610655940962,1.694240416938225,0.33440727,0,0.23650305,0.56778497,1.3678417,47.804596,8.880081176757812,0.3343710112886586
2020-07-24,Zozu_plus_DER_AL581_eobs2541__2020__southbound_01,Zozu + / DER AL581 (eobs2541),47.738705,8.933483,47.742996,8.9434595,47.735256,8.923578437681838,1.7178443947339113,0.885505,0,0.18987377,0.56778497,0.83263725,47.738705,8.933483123779297,0.885573389093247
2020-07-25,Angela_DER_AY470_eobs_4001__2020__southbound_01,Angela / DER AY470 (eobs 4001),48.134933,7.7552156,48.11386,7.7588625,48.135864,7.751886351610552,2.5008363752952913,2.3586595,0,0.20930533,0.56778497,0.2673233,48.134933,7.755215644836426,2.3587291168079267
2020-07-25,Mirabell_plus_DER_AN910_eobs_3907__2020__southbound_01,Mirabell + / DER AN910 (eobs 3907),47.805126,8.884488,47.80425,8.879274,47.798428,8.865492990749114,1.2159408583500328,0.40133238,0,0.24511114,0.56778497,1.599523,47.805126,8.884488105773926,0.4014251971001572
2020-07-25,Zozu_plus_DER_AL581_eobs2541__2020__southbound_01,Zozu + / DER AL581 (eobs2541),47.742996,8.9434595,47.75187,9.055327,47.73889,8.932418433149738,9.30257358413539,8.422084,0,0.19247666,0.56778497,0.94179,47.742996,8.943459510803223,8.42208131768559
2020-07-26,Angela_DER_AY470_eobs_4001__2020__southbound_01,Angela / DER AY470 (eobs 4001),48.11386,7.7588625,48.094044,7.759154,48.11472,7.754058763270418,2.329952227020815,2.2034698,0,0.21615587,0.56778497,0.36849287,48.11386,7.758862495422363,2.203698270120726
2020-07-26,Mirabell_plus_DER_AN910_eobs_3907__2020__southbound_01,Mirabell + / DER AN910 (eobs 3907),47.80425,8.879274,47.80407,8.879509,47.79642,8.857809817080259,1.830333518081115,0.026495254,0,0.2528288,0.56778497,1.8208708,47.80425,8.879274368286133,0.026541700465792965
2020-07-26,Zozu_plus_DER_AL581_eobs2541__2020__southbound_01,Zozu + / DER AL581 (eobs2541),47.75187,9.055327,47.75261,9.0552635,47.747124,9.043131168782393,1.0930789696584704,0.08270326,0,0.19522226,0.56778497,1.051661,47.75187,9.055327415466309,0.082428593311816
2020-07-27,Angela_DER_AY470_eobs_4001__2020__southbound_01,Angela / DER AY470 (eobs 4001),48.094044,7.759154,48.118874,7.7591324,48.094837,7.753666755070282,2.7033642802874502,2.760724,0,0.2193502,0.56778497,0.41624987,48.094044,7.759153842926025,2.7609592351801644
2020-07-27,Mirabell_plus_DER_AN910_eobs_3907__2020__southbound_01,Mirabell + / DER AN910 (eobs 3907),47.80407,8.879509,47.804268,8.879241,47.7957,8.857007775178392,1.9145165508076423,0.029602265,0,0.2556388,0.56778497,1.9175874,47.80407,8.879508972167969,0.029784208912800415
2020-07-27,Zozu_plus_DER_AL581_eobs2541__2020__southbound_01,Zozu + / DER AL581 (eobs2541),47.75261,9.0552635,47.751163,9.055356,47.747627,9.042651419932483,1.0280283970108244,0.1609604,0,0.19559294,0.56778497,1.0916249,47.75261,9.05526351928711,0.16091122992875478
2020-07-28,Angela_DER_AY470_eobs_4001__2020__southbound_01,Angela / DER AY470 (eobs 4001),48.118874,7.7591324,48.13619,7.750192,48.119564,7.753084218842878,1.8609773195498516,2.036373,0,0.21899444,0.56778497,0.45471522,48.118874,7.759132385253906,2.036466368979439
2020-07-28,Mirabell_plus_DER_AN910_eobs_3907__2020__southbound_01,Mirabell + / DER AN910 (eobs 3907),47.804268,8.879241,47.805023,8.880242,47.794693,8.854177609635734,2.2604417750592516,0.11251746,0,0.2596914,0.56778497,2.1498067,47.804268,8.879240989685059,0.11245815833323151
2020-07-28,Zozu_plus_DER_AL581_eobs2541__2020__southbound_01,Zozu + / DER AL581 (eobs2541),47.751163,9.055356,47.75156,9.044932,47.745586,9.041732217950631,0.7060355839523035,0.78052145,0,0.19703488,0.56778497,1.1903968,47.751163,9.0553560256958,0.7805405169329152
2020-07-29,Angela_DER_AY470_eobs_4001__2020__southbound_01,Angela / DER AY470 (eobs 4001),48.13619,7.750192,48.112957,7.749811,48.136818,7.743731489163867,2.691319271231304,2.5831995,0,0.2190643,0.56778497,0.4836412,48.13619,7.750192165374756,2.5833839936574337
2020-07-29,Mirabell_plus_DER_AN910_eobs_3907__2020__southbound_01,Mirabell + / DER AN910 (eobs 3907),47.805023,8.880242,47.804268,8.879628,47.794746,8.85382098771432,2.199230482584835,0.0956753,0,0.26152977,0.56778497,2.2762,47.805023,8.880242347717285,0.09569619416668677
2020-07-29,Zozu_plus_DER_AL581_eobs2541__2020__southbound_01,Zozu + / DER AL581 (eobs2541),47.75156,9.044932,47.75081,9.05771,47.745502,9.030410249598248,2.124655302341465,0.95889604,0,0.19869068,0.56778497,1.2755139,47.75156,9.04493236541748,0.9589088287020968
2020-07-30,Angela_DER_AY470_eobs_4001__2020__southbound_01,Angela / DER AY470 (eobs 4001),48.112957,7.749811,48.110836,7.7511034,48.11334,7.742230828620402,0.7150801886493232,0.25480202,0,0.22212702,0.56778497,0.5633825,48.112957,7.749811172485352,0.2546083763443355
2020-07-30,Mirabell_plus_DER_AN910_eobs_3907__2020__southbound_01,Mirabell + / DER AN910 (eobs 3907),47.804268,8.879628,47.804283,8.879304,47.792824,8.85072047488536,2.4863502180319452,0.024246003,0,0.26698235,0.56778497,2.5017676,47.804268,8.87962818145752,0.024276206336344374
2020-07-30,Zozu_plus_DER_AL581_eobs2541__2020__southbound_01,Zozu + / DER AL581 (eobs2541),47.75081,9.05771,47.734444,9.0594015,47.74417,9.042246336759833,1.6779953412963087,1.8240228,0,0.19960375,0.56778497,1.3692098,47.75081,9.057709693908691,1.824105139078763
2020-07-31,Angela_DER_AY470_eobs_4001__2020__southbound_01,Angela / DER AY470 (eobs 4001),48.110836,7.7511034,48.110123,7.7515616,48.110943,7.7426119820382615,0.6706920773087851,0.08604845,0,0.22306213,0.56778497,0.62943995,48.110836,7.751103401184082,0.08630921995026436
2020-07-31,Mirabell_plus_DER_AN910_eobs_3907__2020__southbound_01,Mirabell + / DER AN910 (eobs 3907),47.804283,8.879304,47.80375,8.879278,47.791046,8.846691317716466,2.8142523350360578,0.05941004,0,0.2736714,0.56778497,2.8409994,47.804283,8.879303932189941,0.05941571048080278
2020-07-31,Zozu_plus_DER_AL581_eobs2541__2020__southbound_01,Zozu + / DER AL581 (eobs2541),47.734444,9.0594015,47.7341,9.0592375,47.72726,9.042994606001463,1.4332640624940192,0.03991692,0,0.2005728,0.56778497,1.4615619,47.734444,9.059401512145996,0.040098382051757274
2020-08-01,Angela_DER_AY470_eobs_4001__2020__southbound_01,Angela / DER AY470 (eobs 4001),48.110123,7.7515616,48.119095,7.752543,48.10973,7.741375421054397,1.3310759223635424,1.0003593,0,0.22718011,0.56778497,0.7561965,48.110123,7.751561641693115,1.0003173744957428
2020-08-01,Mirabell_plus_DER_AN910_eobs_3907__2020__southbound_01,Mirabell + / DER AN910 (eobs 3907),47.80375,8.879278,47.801517,8.881068,47.78861,8.842588804882837,3.2128582351538024,0.28181353,0,0.28058887,0.56778497,3.2104814,47.80375,8.879278182983398,0.2818674735389533
2020-08-01,Zozu_plus_DER_AL581_eobs2541__2020__southbound_01,Zozu + / DER AL581 (eobs2541),47.7341,9.0592375,47.73418,9.059055,47.725994,9.041211497284428,1.615464835667349,0.016201591,0,0.20349264,0.56778497,1.6188256,47.7341,9.059237480163574,0.01627636515316985
2020-08-02,Angela_DER_AY470_eobs_4001__2020__southbound_01,Angela / DER AY470 (eobs 4001),48.119095,7.752543,48.1105,7.7516613,48.118404,7.74145148043779,1.1605867639818583,0.9582505,0,0.22898342,0.56778497,0.82546747,48.119095,7.752542972564697,0.9579064057973864
2020-08-02,Mirabell_plus_DER_AN910_eobs_3907__2020__southbound_01,Mirabell + / DER AN910 (eobs 3907),47.801517,8.881068,47.80198,8.882164,47.785088,8.84187518262766,3.5476303505163647,0.09659655,0,0.2850422,0.56778497,3.4445276,47.801517,8.881068229675293,0.09660487336390158
2020-08-02,Zozu_plus_DER_AL581_eobs2541__2020__southbound_01,Zozu + / DER AL581 (eobs2541),47.73418,9.059055,47.751205,9.055039,47.72512,9.039376065954656,3.128092016732422,1.9168506,0,0.20670818,0.56778497,1.7804136,47.73418,9.05905532836914,1.9167638751163365
2020-08-03,Angela_DER_AY470_eobs_4001__2020__southbound_01,Angela / DER AY470 (eobs 4001),48.1105,7.7516613,48.118458,7.7512507,48.109207,7.73885922621079,1.3799874970380197,0.8855254,0,0.23471627,0.56778497,0.95959806,48.1105,7.75166130065918,0.8853550305554854
2020-08-03,Mirabell_plus_DER_AN910_eobs_3907__2020__southbound_01,Mirabell + / DER AN910 (eobs 3907),47.80198,8.882164,47.802,8.881389,47.7842,8.840332596937873,3.650142238954539,0.057967026,0,0.28958791,0.56778497,3.6909246,47.80198,8.882164001464844,0.05794811474783098
2020-08-03,Zozu_plus_DER_AL581_eobs2541__2020__southbound_01,Zozu + / DER AL581 (eobs2541),47.751205,9.055039,47.736034,9.059146,47.741554,9.034319159760578,1.9553741708638914,1.714823,0,0.20803148,0.56778497,1.8812836,47.751205,9.055039405822754,1.714663722417339
2020-08-04,Angela_DER_AY470_eobs_4001__2020__southbound_01,Angela / DER AY470 (eobs 4001),48.118458,7.7512507,48.13407,7.750055,48.11637,7.736462507556522,2.2116789447145075,1.7384578,0,0.23981948,0.56778497,1.1200747,48.118458,7.751250743865967,1.7384181509184162
2020-08-04,Mirabell_plus_DER_AN910_eobs_3907__2020__southbound_01,Mirabell + / DER AN910 (eobs 3907),47.802,8.881389,47.804176,8.880342,47.781063,8.833363119754653,4.349859138781336,0.25464866,0,0.30081058,0.56778497,4.2687273,47.802,8.881388664245605,0.25451793753329743
2020-08-04,Zozu_plus_DER_AL581_eobs2541__2020__southbound_01,Zozu + / DER AL581 (eobs2541),47.736034,9.059146,47.75154,9.055089,47.725346,9.036811156746666,3.2175604930172157,1.7505949,0,0.21051191,0.56778497,2.0462904,47.736034,9.0591459274292,1.7507540651998534
2020-08-05,Angela_DER_AY470_eobs_4001__2020__southbound_01,Angela / DER AY470 (eobs 4001),48.13407,7.750055,48.13684,7.751662,48.131023,7.733002000088172,1.5283922729326143,0.33039397,0,0.24454273,0.56778497,1.3077601,48.13407,7.750054836273193,0.33023376799995713
2020-08-05,Mirabell_plus_DER_AN910_eobs_3907__2020__southbound_01,Mirabell + / DER AN910 (eobs 3907),47.804176,8.880342,47.804016,8.879706,47.779152,8.824193553099436,4.9841653850479855,0.050645165,0,0.31198904,0.56778497,5.0238347,47.804176,8.880341529846191,0.05067175095301998
2020-08-05,Zozu_plus_DER_AL581_eobs2541__2020__southbound_01,Zozu + / DER AL581 (eobs2541),47.75154,9.055089,47.74875,8.938176,47.7388,9.029334436423557,6.905349310676282,8.746356,0,0.21574794,0.56778497,2.386433,47.75154,9.055088996887207,8.746345694843587
2020-08-06,Angela_DER_AY470_eobs_4001__2020__southbound_01,Angela / DER AY470 (eobs 4001),48.13684,7.751662,48.13066,7.756162,48.13338,7.733922033107707,1.6779967656318537,0.7641024,0,0.24270952,0.56778497,1.369012,48.13684,7.751661777496338,0.7640263616165007
2020-08-06,Mirabell_plus_DER_AN910_eobs_3907__2020__southbound_01,Mirabell + / DER AN910 (eobs 3907),47.804016,8.879706,47.803608,8.879683,47.777607,8.820685457562222,5.2710691977707125,0.045647427,0,0.31479087,0.56778497,5.287324,47.804016,8.879706382751465,0.04542170295584495
2020-08-06,Zozu_plus_DER_AL581_eobs2541__2020__southbound_01,Zozu + / DER AL581 (eobs2541),47.74875,8.938176,47.7513,9.049513,47.735477,8.911550299923325,10.464897784343833,8.328834,0,0.21653801,0.56778497,2.4737878,47.74875,8.938176155090332,8.328795396161903
2020-08-07,Angela_DER_AY470_eobs_4001__2020__southbound_01,Angela / DER AY470 (eobs 4001),48.13066,7.756162,48.077835,7.753861,48.12615,7.736226622477256,5.529472410904831,5.8765535,0,0.24664217,0.56778497,1.5596142,48.13066,7.756162166595459,5.876468091270059
2020-08-07,Mirabell_plus_DER_AN910_eobs_3907__2020__southbound_01,Mirabell + / DER AN910 (eobs 3907),47.803608,8.879683,47.80384,8.879082,47.77182,8.810233231930495,6.255747587314903,0.051877484,0,0.33002698,0.56778497,6.2658057,47.803608,8.879682540893555,0.0517983977921186
2020-08-07,Sierit_DER_AN858_eobs2561__2020__southbound_01,Sierit  / DER AN858 (eobs2561),47.80406,8.874309,47.804363,8.878179,47.796234,8.85016171127104,2.2795067200633445,0.29098287,0,0.25362653,0.56778497,1.998907,47.80406,8.874308586120605,0.2909715027961291
2020-08-07,Zozu_plus_DER_AL581_eobs2541__2020__southbound_01,Zozu + / DER AL581 (eobs2541),47.7513,9.049513,47.75267,9.048279,47.73623,9.019940197812613,2.7986013171679724,0.178104,0,0.22124928,0.56778497,2.7695138,47.7513,9.04951286315918,0.17804679333240042
2020-08-08,Angela_DER_AY470_eobs_4001__2020__southbound_01,Angela / DER AY470 (eobs 4001),48.077835,7.753861,48.133186,7.7520914,48.071926,7.7310133334231885,6.989339692051039,6.1561165,0,0.25315353,0.56778497,1.816985,48.077835,7.753860950469971,6.1561898045759635
2020-08-08,Mirabell_plus_DER_AN910_eobs_3907__2020__southbound_01,Mirabell + / DER AN910 (eobs 3907),47.80384,8.879082,47.80333,8.881425,47.768528,8.802760808172371,7.036770158251159,0.18411863,0,0.33584124,0.56778497,6.9096518,47.80384,8.879081726074219,0.18400366171817434
2020-08-08,Sierit_DER_AN858_eobs2561__2020__southbound_01,Sierit  / DER AN858 (eobs2561),47.804363,8.878179,47.802174,8.8844185,47.79524,8.851524438836314,2.5751593832422373,0.5258565,0,0.2567165,0.56778497,2.230437,47.804363,8.878178596496582,0.5258088479981722
2020-08-08,Zozu_plus_DER_AL581_eobs2541__2020__southbound_01,Zozu + / DER AL581 (eobs2541),47.75267,9.048279,47.752693,9.048364,47.73648,9.017074139722173,2.9535549513065953,0.00669525,0,0.22159633,0.56778497,2.9416232,47.75267,9.04827880859375,0.006836775525319844
2020-08-09,Angela_DER_AY470_eobs_4001__2020__southbound_01,Angela / DER AY470 (eobs 4001),48.133186,7.7520914,48.13434,7.757279,48.126286,7.7272687947986265,2.4004893640758276,0.40571624,0,0.25567782,0.56778497,1.9920541,48.133186,7.752091407775879,0.40572372121503947
2020-08-09,Mirabell_plus_DER_AN910_eobs_3907__2020__southbound_01,Mirabell + / DER AN910 (eobs 3907),47.80333,8.881425,47.804207,8.884075,47.762703,8.794894741349063,8.105341236540372,0.22061722,0,0.3454314,0.56778497,7.8711767,47.80333,8.881424903869629,0.22067594863520762
2020-08-09,Sierit_DER_AN858_eobs2561__2020__southbound_01,Sierit  / DER AN858 (eobs2561),47.802174,8.8844185,47.804115,8.879583,47.792244,8.856528596017084,2.169794062080303,0.42069113,0,0.2544951,0.56778497,2.3534324,47.802174,8.884418487548828,0.4207439281495995
2020-08-09,Zozu_plus_DER_AL581_eobs2541__2020__southbound_01,Zozu + / DER AL581 (eobs2541),47.752693,9.048364,47.751923,9.056243,47.735676,9.016025352053287,3.5081066247501855,0.59520936,0,0.22126912,0.56778497,3.0645754,47.752693,9.04836368560791,0.5952568011688303
2020-08-10,Angela_DER_AY470_eobs_4001__2020__southbound_01,Angela / DER AY470 (eobs 4001),48.13434,7.757279,48.13766,7.754049,48.12617,7.730104961987935,2.18858186867669,0.44042474,0,0.2579337,0.56778497,2.2077444,48.13434,7.757278919219971,0.4404014898839913
2020-08-10,Mirabell_plus_DER_AN910_eobs_3907__2020__southbound_01,Mirabell + / DER AN910 (eobs 3907),47.804207,8.884075,47.80309,8.885117,47.761673,8.794189855126376,8.207576172851612,0.14631747,0,0.34359062,0.56778497,8.197452,47.804207,8.884075164794922,0.14661535074235238
2020-08-10,Sierit_DER_AN858_eobs2561__2020__southbound_01,Sierit  / DER AN858 (eobs2561),47.804115,8.879583,47.80414,8.882941,47.792946,8.849491355578198,2.791309826344895,0.25078848,0,0.25409263,0.56778497,2.5632715,47.804115,8.879583358764648,0.2508003897832913
2020-08-10,Zozu_plus_DER_AL581_eobs2541__2020__southbound_01,Zozu + / DER AL581 (eobs2541),47.751923,9.056243,47.751312,9.042446,47.733734,9.022211944661466,2.471769861112316,1.0336602,0,0.22305387,0.56778497,3.24434,47.751923,9.056242942810059,1.0337010898530443
2020-08-11,Angela_DER_AY470_eobs_4001__2020__southbound_01,Angela / DER AY470 (eobs 4001),48.13766,7.754049,48.133595,7.757238,48.127663,7.722936990820689,2.6297218707173116,0.5103627,0,0.26770607,0.56778497,2.5579345,48.13766,7.754048824310303,0.5103577468135397
2020-08-11,Mirabell_plus_DER_AN910_eobs_3907__2020__southbound_01,Mirabell + / DER AN910 (eobs 3907),47.80309,8.885117,47.80299,8.883186,47.758255,8.791280105147209,8.479531922479367,0.14459674,0,0.34669214,0.56778497,8.585621,47.80309,8.885116577148438,0.14458608639859524
2020-08-11,Sierit_DER_AN858_eobs2561__2020__southbound_01,Sierit  / DER AN858 (eobs2561),47.80414,8.882941,47.803635,8.88179,47.792496,8.852224918988545,2.531997211522516,0.102566384,0,0.25299427,0.56778497,2.6296148,47.80414,8.882941246032715,0.10259593816289998
2020-08-11,Zozu_plus_DER_AL581_eobs2541__2020__southbound_01,Zozu + / DER AL581 (eobs2541),47.751312,9.042446,47.751488,9.042528,47.73185,9.006318598712078,3.478426465081328,0.02043127,0,0.2266861,0.56778497,3.454943,47.751312,9.04244613647461,0.02045283547174539
2020-08-12,Angela_DER_AY470_eobs_4001__2020__southbound_01,Angela / DER AY470 (eobs 4001),48.133595,7.757238,48.12931,7.758246,48.11942,7.716910644978847,3.2592849171489635,0.48210394,0,0.2910716,0.56778497,3.3765683,48.133595,7.757237911224365,0.4821878594347355
2020-08-12,Mirabell_plus_DER_AN910_eobs_3907__2020__southbound_01,Mirabell + / DER AN910 (eobs 3907),47.80299,8.883186,47.8024,8.880038,47.74447,8.762130373211157,10.914758116105856,0.24406165,0,0.37861905,0.56778497,11.120189,47.80299,8.883186340332031,0.24414356973795337
2020-08-12,Sierit_DER_AN858_eobs2561__2020__southbound_01,Sierit  / DER AN858 (eobs2561),47.803635,8.88179,47.802116,8.878421,47.786484,8.839428948999329,3.391964105285481,0.30313113,0,0.27789935,0.56778497,3.6877456,47.803635,8.881790161132812,0.30303080476523014
2020-08-12,Zozu_plus_DER_AL581_eobs2541__2020__southbound_01,Zozu + / DER AL581 (eobs2541),47.751488,9.042528,47.752216,9.048985,47.728523,9.000593251973342,4.476054304934364,0.4894771,0,0.23716995,0.56778497,4.036369,47.751488,9.04252815246582,0.48943853812710836
2020-08-13,Angela_DER_AY470_eobs_4001__2020__southbound_01,Angela / DER AY470 (eobs 4001),48.12931,7.758246,48.137924,7.7551374,48.111183,7.709370314882317,4.514569281328153,0.98488975,0,0.30899557,0.56778497,4.142566,48.12931,7.758245944976807,0.985177357971529
2020-08-13,Mirabell_plus_DER_AN910_eobs_3907__2020__southbound_01,Mirabell + / DER AN910 (eobs 3907),47.8024,8.880038,47.801975,8.880928,47.73322,8.738473651930445,13.10749265811339,0.08143424,0,0.39917067,0.56778497,13.0525875,47.8024,8.880038261413574,0.08144523089095562
2020-08-13,Sierit_DER_AN858_eobs2561__2020__southbound_01,Sierit  / DER AN858 (eobs2561),47.802116,8.878421,47.801846,8.874303,47.781033,8.828066741484557,4.15768870213886,0.3089978,0,0.29168576,0.56778497,4.423936,47.802116,8.87842082977295,0.30903842601952314
2020-08-13,Zozu_plus_DER_AL581_eobs2541__2020__southbound_01,Zozu + / DER AL581 (eobs2541),47.752216,9.048985,47.744904,9.058249,47.726482,9.002881778113354,4.619591338711313,1.0683438,0,0.24447688,0.56778497,4.4718986,47.752216,9.04898452758789,1.0681951198807929
2020-08-14,Angela_DER_AY470_eobs_4001__2020__southbound_01,Angela / DER AY470 (eobs 4001),48.137924,7.7551374,48.134556,7.7556753,48.11715,7.700719069172542,4.51489744005082,0.3762953,0,0.31716064,0.56778497,4.644008,48.137924,7.7551374435424805,0.37666776916567457
2020-08-14,Mirabell_plus_DER_AN910_eobs_3907__2020__southbound_01,Mirabell + / DER AN910 (eobs 3907),47.801975,8.880928,47.802505,8.879974,47.721832,8.718981170060905,15.009266667812629,0.09236304,0,0.4153639,0.56778497,14.997757,47.801975,8.880928039550781,0.09246550883185699
2020-08-14,Sierit_DER_AN858_eobs2561__2020__southbound_01,Sierit  / DER AN858 (eobs2561),47.801846,8.874303,47.8021,8.879501,47.775646,8.81343221965393,5.745988941490464,0.38924038,0,0.30524206,0.56778497,5.3901877,47.801846,8.874302864074707,0.3893088662206597
2020-08-14,Zozu_plus_DER_AL581_eobs2541__2020__southbound_01,Zozu + / DER AL581 (eobs2541),47.744904,9.058249,47.750763,9.058613,47.71686,9.008481914106783,5.316610643097781,0.6523194,0,0.2512329,0.56778497,4.846419,47.744904,9.058249473571777,0.6520998010101903
2020-08-15,Angela_DER_AY470_eobs_4001__2020__southbound_01,Angela / DER AY470 (eobs 4001),48.134556,7.7556753,48.13698,7.7535634,48.11176,7.697186639216349,5.037263087701088,0.31143692,0,0.32407293,0.56778497,5.0176573,48.134556,7.755675315856934,0.31162738304161003
2020-08-15,Mirabell_plus_DER_AN910_eobs_3907__2020__southbound_01,Mirabell + / DER AN910 (eobs 3907),47.802505,8.879974,47.801968,8.877976,47.713623,8.701124136506971,16.4703910809734,0.16066635,0,0.4302297,0.56778497,16.587551,47.802505,8.879974365234375,0.16076376801273579
2020-08-15,Sierit_DER_AN858_eobs2561__2020__southbound_01,Sierit  / DER AN858 (eobs2561),47.8021,8.879501,47.803947,8.879425,47.77335,8.813601900286875,5.979791639394566,0.20555454,0,0.31271255,0.56778497,5.8589044,47.8021,8.879501342773438,0.20538003818731718
2020-08-15,Zozu_plus_DER_AL581_eobs2541__2020__southbound_01,Zozu + / DER AL581 (eobs2541),47.750763,9.058613,47.75135,8.989122,47.72144,9.006810530757864,3.579351894182576,5.195707,0,0.25514245,0.56778497,5.0538487,47.750763,9.058612823486328,5.195679446571643
2020-08-16,Angela_DER_AY470_eobs_4001__2020__southbound_01,Angela / DER AY470 (eobs 4001),48.13698,7.7535634,48.135075,7.755437,48.11165,7.68994929540569,5.5148389233576856,0.2531464,0,0.33235186,0.56778497,5.487309,48.13698,7.753563404083252,0.2532392766713713
2020-08-16,Mirabell_plus_DER_AN910_eobs_3907__2020__southbound_01,Mirabell + / DER AN910 (eobs 3907),47.801968,8.877976,47.80295,8.879338,47.695564,8.66433810043867,20.02435858247901,0.14934935,0,0.45831102,0.56778497,19.829466,47.801968,8.877976417541504,0.1494065538406622
2020-08-16,Sierit_DER_AN858_eobs2561__2020__southbound_01,Sierit  / DER AN858 (eobs2561),47.803947,8.879425,47.802776,8.878763,47.77008,8.803499525523474,6.696006234600618,0.13947043,0,0.324815,0.56778497,6.7951584,47.803947,8.879425048828125,0.13928832557136425
2020-08-16,Zozu_plus_DER_AL581_eobs2541__2020__southbound_01,Zozu + / DER AL581 (eobs2541),47.75135,8.989122,47.752777,9.051551,47.720375,8.934705852508362,9.451695205172301,4.66992,0,0.26088408,0.56778497,5.321055,47.75135,8.98912239074707,4.669905218865601
2020-08-17,Angela_DER_AY470_eobs_4001__2020__southbound_01,Angela / DER AY470 (eobs 4001),48.135075,7.755437,48.14024,7.749622,48.108162,7.688528964239931,5.76934602066865,0.71817833,0,0.3386672,0.56778497,5.7870245,48.135075,7.755436897277832,0.7183707588002973
2020-08-17,Mirabell_plus_DER_AN910_eobs_3907__2020__southbound_01,Mirabell + / DER AN910 (eobs 3907),47.80295,8.879338,47.802795,8.879619,47.696243,8.665216227779725,19.933081536848686,0.027231557,0,0.45827082,0.56778497,19.87836,47.80295,8.879338264465332,0.027220942015571924
2020-08-17,Sierit_DER_AN858_eobs2561__2020__southbound_01,Sierit  / DER AN858 (eobs2561),47.802776,8.878763,47.80275,8.879657,47.767563,8.800401574320539,7.097299142934252,0.06675763,0,0.32889208,0.56778497,7.029383,47.802776,8.878763198852539,0.0668067248525399
2020-08-17,Zozu_plus_DER_AL581_eobs2541__2020__southbound_01,Zozu + / DER AL581 (eobs2541),47.752777,9.051551,47.75158,9.056366,47.722164,8.997694308690107,5.472615403764161,0.38397732,0,0.2602345,0.56778497,5.263054,47.752777,9.05155086517334,0.38383059030054
2020-08-18,Angela_DER_AY470_eobs_4001__2020__southbound_01,Angela / DER AY470 (eobs 4001),48.14024,7.749622,47.98552,7.7342486,48.10809,7.671482849983579,14.405701575654415,17.241764,1,0.3570817,0.56778497,6.799549,48.14024,7.749621868133545,17.242026589250525
2020-08-18,Mirabell_plus_DER_AN910_eobs_3907__2020__southbound_01,Mirabell + / DER AN910 (eobs 3907),47.802795,8.879619,47.80365,8.8796215,47.67728,8.630640781066141,23.325624717153765,0.094866306,0,0.48522902,0.56778497,23.209766,47.802795,8.879618644714355,0.09501556762505428
2020-08-18,Sierit_DER_AN858_eobs2561__2020__southbound_01,Sierit  / DER AN858 (eobs2561),47.80275,8.879657,47.80389,8.879673,47.758476,8.78314500024149,8.804571224374818,0.12698,0,0.3508717,0.56778497,8.713593,47.80275,8.879656791687012,0.12683427507206987
2020-08-18,Zozu_plus_DER_AL581_eobs2541__2020__southbound_01,Zozu + / DER AL581 (eobs2541),47.75158,9.056366,47.74882,8.941401,47.717613,8.997054670339512,5.41909289746638,8.600712,0,0.27136254,0.56778497,5.814345,47.75158,9.056365966796875,8.600697963579501
2020-08-19,Angela_DER_AY470_eobs_4001__2020__southbound_01,Angela / DER AY470 (eobs 4001),47.98552,7.7342486,47.778625,7.526185,47.902657,7.536760881310899,13.814212622629192,27.749002,1,0.5102133,0.56778497,17.316814,47.98552,7.734248638153076,27.74897784843067
2020-08-19,Mirabell_plus_DER_AN910_eobs_3907__2020__southbound_01,Mirabell + / DER AN910 (eobs 3907),47.80365,8.8796215,47.80331,8.879771,47.66521,8.60793878198951,25.477240586178986,0.039173372,0,0.50045216,0.56778497,25.424856,47.80365,8.879621505737305,0.03937304890747469
2020-08-19,Sierit_DER_AN858_eobs2561__2020__southbound_01,Sierit  / DER AN858 (eobs2561),47.80389,8.879673,47.804024,8.879544,47.74999,8.763747548009805,10.534438091893296,0.01762509,0,0.3741146,0.56778497,10.511821,47.80389,8.87967300415039,0.017688052284742992
2020-08-19,Zozu_plus_DER_AL581_eobs2541__2020__southbound_01,Zozu + / DER AL581 (eobs2541),47.74882,8.941401,47.751575,9.056559,47.711967,8.877194479758597,14.119134341171582,8.6150465,0,0.28053764,0.56778497,6.300484,47.74882,8.941400527954102,8.615076665889086
2020-08-20,Angela_DER_AY470_eobs_4001__2020__southbound_01,Angela / DER AY470 (eobs 4001),47.778625,7.526185,47.26316,6.046625,47.639023,7.186466912685514,95.3531652538467,125.0141,1,0.62963325,0.56778497,29.702528,47.639023,7.186466912685514,95.3531652538467
2020-08-20,Mirabell_plus_DER_AN910_eobs_3907__2020__southbound_01,Mirabell + / DER AN910 (eobs 3907),47.80331,8.879771,47.803085,8.87948,47.645706,8.571551763948627,28.92700162346915,0.03310304,0,0.525569,0.56778497,28.880947,47.80331,8.87977123260498,0.033140117424618316
2020-08-20,Sierit_DER_AN858_eobs2561__2020__southbound_01,Sierit  / DER AN858 (eobs2561),47.804024,8.879544,47.804432,8.877387,47.73998,8.742569063414384,12.364218531578686,0.16738598,0,0.3948077,0.56778497,12.442948,47.804024,8.879544258117676,0.1673842212911025
2020-08-20,Zozu_plus_DER_AL581_eobs2541__2020__southbound_01,Zozu + / DER AL581 (eobs2541),47.751575,9.056559,47.751354,8.933139,47.713066,8.989408834105248,5.986360535551164,9.227062,0,0.28659287,0.56778497,6.586693,47.751575,9.056558609008789,9.227112487704428
2020-08-21,Angela_DER_AY470_eobs_4001__2020__southbound_01,Angela / DER AY470 (eobs 4001),47.26316,6.046625,46.75634,5.1028695,47.008312,5.434368575148607,37.67982947170358,91.08314,1,0.7895142,0.56778497,54.10435,47.008312,5.434368575148607,37.67982947170358
2020-08-21,Mirabell_plus_DER_AN910_eobs_3907__2020__southbound_01,Mirabell + / DER AN910 (eobs 3907),47.803085,8.87948,47.80436,8.879374,47.6316,8.545071454739507,31.5353490545368,0.14168195,0,0.543332,0.56778497,31.367922,47.803085,8.879480361938477,0.1418990572713364
2020-08-21,Sierit_DER_AN858_eobs2561__2020__southbound_01,Sierit  / DER AN858 (eobs2561),47.804432,8.877387,47.80548,8.879814,47.732037,8.723814251973279,14.234650147774275,0.21562144,0,0.40823776,0.56778497,13.988104,47.804432,8.877387046813965,0.2155570405508463
2020-08-21,Zozu_plus_DER_AL581_eobs2541__2020__southbound_01,Zozu + / DER AL581 (eobs2541),47.751354,8.933139,47.758503,8.995893,47.71147,8.86349732019667,11.197488169195244,4.758109,0,0.29518086,0.56778497,6.827287,47.751354,8.933138847351074,4.758133241959139
2020-08-22,Angela_DER_AY470_eobs_4001__2020__southbound_01,Angela / DER AY470 (eobs 4001),46.75634,5.1028695,45.665047,4.7279363,46.492023,4.48136733467105,93.90175180901821,124.72864,1,0.8017555,0.56778497,55.628902,46.492023,4.48136733467105,93.90175180901821
2020-08-22,Mirabell_plus_DER_AN910_eobs_3907__2020__southbound_01,Mirabell + / DER AN910 (eobs 3907),47.80436,8.879374,47.80392,8.879947,47.624474,8.535829301203346,32.572411684069976,0.06470497,0,0.5552912,0.56778497,32.476463,47.80436,8.879373550415039,0.06489946883158045
2020-08-22,Sierit_DER_AN858_eobs2561__2020__southbound_01,Sierit  / DER AN858 (eobs2561),47.80548,8.879814,47.803898,8.879863,47.729237,8.720658076700605,14.508894193573372,0.17634758,0,0.410581,0.56778497,14.574427,47.80548,8.879814147949219,0.17607033584643442
2020-08-22,Zozu_plus_DER_AL581_eobs2541__2020__southbound_01,Zozu + / DER AL581 (eobs2541),47.758503,8.995893,47.749763,9.059016,47.71807,8.925563944401066,10.584382218575918,4.8179927,0,0.29967946,0.56778497,6.905178,47.758503,8.995892524719238,4.818019420886119
2020-08-23,Angela_DER_AY470_eobs_4001__2020__southbound_01,Angela / DER AY470 (eobs 4001),45.665047,4.7279363,43.503193,3.9061465,45.40153,4.1240570525590385,211.79309407134826,249.03783,1,0.8049595,0.56778497,55.226566,45.40153,4.1240570525590385,211.79309407134826
2020-08-23,Mirabell_plus_DER_AN910_eobs_3907__2020__southbound_01,Mirabell + / DER AN910 (eobs 3907),47.80392,8.879947,47.801846,8.874266,47.617794,8.52905664826012,32.954205103513374,0.4830556,0,0.5652749,0.56778497,33.334976,47.80392,8.8799467086792,0.4829914245640213
2020-08-23,Sierit_DER_AN858_eobs2561__2020__southbound_01,Sierit  / DER AN858 (eobs2561),47.803898,8.879863,47.801914,8.874343,47.714756,8.69474333661404,16.558013860154706,0.46752492,0,0.43638328,0.56778497,16.982166,47.803898,8.879862785339355,0.4675636384758224
2020-08-23,Zozu_plus_DER_AL581_eobs2541__2020__southbound_01,Zozu + / DER AL581 (eobs2541),47.749763,9.059016,47.752613,9.024365,47.709538,8.98932310973044,5.459941115371194,2.6099024,0,0.30087522,0.56778497,6.8550773,47.749763,9.059016227722168,2.6098753010454527
2020-08-24,Angela_DER_AY470_eobs_4001__2020__southbound_01,Angela / DER AY470 (eobs 4001),43.503193,3.9061465,42.513783,2.8850985,43.249954,3.3583945129318638,90.48716770005672,137.82597,1,0.80378485,0.56778497,52.297337,43.249954,3.3583945129318638,90.48716770005672
2020-08-24,Mirabell_plus_DER_AN910_eobs_3907__2020__southbound_01,Mirabell + / DER AN910 (eobs 3907),47.801846,8.874266,47.80194,8.880507,47.611595,8.516265818121399,34.50789566828778,0.46634042,0,0.57203144,0.56778497,34.035637,47.611595,8.516265818121399,34.50789566828778
2020-08-24,Sierit_DER_AN858_eobs2561__2020__southbound_01,Sierit  / DER AN858 (eobs2561),47.801914,8.874343,47.80449,8.880633,47.710773,8.685367823159421,17.934709871396564,0.55024606,0,0.44071698,0.56778497,17.345465,47.801914,8.874342918395996,0.5501870286379079
2020-08-24,Zozu_plus_DER_AL581_eobs2541__2020__southbound_01,Zozu + / DER AL581 (eobs2541),47.752613,9.024365,47.32858,8.375759,47.712025,8.954074618221332,60.85928402585331,67.77549,1,0.30386013,0.56778497,6.9148583,47.752613,9.024365425109863,67.77567493194478
2020-08-25,Angela_DER_AY470_eobs_4001__2020__southbound_01,Angela / DER AY470 (eobs 4001),42.513783,2.8850985,41.61882,0.69156855,42.271954,2.3732378614854004,156.89800408567066,206.60591,1,0.80339336,0.56778497,49.744507,42.271954,2.3732378614854004,156.89800408567066
2020-08-25,Mirabell_plus_DER_AN910_eobs_3907__2020__southbound_01,Mirabell + / DER AN910 (eobs 3907),47.80194,8.880507,47.801964,8.879419,47.614765,8.531645441762977,33.32287231131797,0.08129735,0,0.57014066,0.56778497,33.289745,47.614765,8.531645441762977,33.32287231131797
2020-08-25,Sierit_DER_AN858_eobs2561__2020__southbound_01,Sierit  / DER AN858 (eobs2561),47.80449,8.880633,47.801857,8.879341,47.70963,8.685288802252659,17.765397822197436,0.30818436,0,0.44693258,0.56778497,17.97159,47.80449,8.880633354187012,0.3081834921099792
2020-08-25,Zozu_plus_DER_AL581_eobs2541__2020__southbound_01,Zozu + / DER AL581 (eobs2541),47.32858,8.375759,47.231762,8.259381,47.207867,8.14173927396512,9.273396736711575,13.891591,1,0.55152106,0.56778497,22.12529,47.32858,8.37575912475586,13.89137663559481
2020-08-26,Angela_DER_AY470_eobs_4001__2020__southbound_01,Angela / DER AY470 (eobs 4001),41.61882,0.69156855,41.308945,-0.8508059,41.38631,0.2008770771049262,88.21005227570616,133.05751,1,0.8075823,0.56778497,48.208584,41.38631,0.2008770771049262,88.21005227570616
2020-08-26,Mirabell_plus_DER_AN910_eobs_3907__2020__southbound_01,Mirabell + / DER AN910 (eobs 3907),47.801964,8.879419,47.809895,8.88335,47.61238,8.52991135311168,34.375053564792495,0.9294909,0,0.5791632,0.56778497,33.494648,47.61238,8.52991135311168,34.375053564792495
2020-08-26,Sierit_DER_AN858_eobs2561__2020__southbound_01,Sierit  / DER AN858 (eobs2561),47.801857,8.879341,47.805744,8.880607,47.701424,8.673536590126933,19.344183931120938,0.44256064,0,0.4598112,0.56778497,18.966606,47.801857,8.879341125488281,0.44244843933264166
2020-08-26,Zozu_plus_DER_AL581_eobs2541__2020__southbound_01,Zozu + / DER AL581 (eobs2541),47.231762,8.259381,47.233185,8.252966,47.12437,8.053778626503984,19.314368198555226,0.509594,0,0.55488306,0.56778497,19.5512,47.231762,8.259381294250488,0.5095725430328877
2020-08-27,Angela_DER_AY470_eobs_4001__2020__southbound_01,Angela / DER AY470 (eobs 4001),41.308945,-0.8508059,40.82922,-1.9202002,41.076138,-1.3315932961225112,56.54440191789099,104.31788,1,0.81296355,0.56778497,47.694786,41.076138,-1.3315932961225112,56.54440191789099
2020-08-27,Mirabell_plus_DER_AN910_eobs_3907__2020__southbound_01,Mirabell + / DER AN910 (eobs 3907),47.809895,8.88335,47.802914,8.879726,47.619637,8.534195385541418,32.91914953066136,0.82187355,0,0.57852495,0.56778497,33.51825,47.619637,8.534195385541418,32.91914953066136
2020-08-27,Sierit_DER_AN858_eobs2561__2020__southbound_01,Sierit  / DER AN858 (eobs2561),47.805744,8.880607,47.80296,8.879541,47.707973,8.680932308864856,18.22073066602443,0.3198229,0,0.45242038,0.56778497,18.422129,47.805744,8.880606651306152,0.3197056035083764
2020-08-27,Zozu_plus_DER_AL581_eobs2541__2020__southbound_01,Zozu + / DER AL581 (eobs2541),47.233185,8.252966,47.114326,7.545029,47.120388,8.037517460865974,37.27170273209233,55.11919,1,0.56267965,0.56778497,20.504795,47.233185,8.252965927124023,55.11919635360288
2020-08-28,Angela_DER_AY470_eobs_4001__2020__southbound_01,Angela / DER AY470 (eobs 4001),40.82922,-1.9202002,39.22833,-3.0276914,40.59888,-2.3870899309866958,161.8948658531103,201.43974,1,0.81660634,0.56778497,46.812717,40.59888,-2.3870899309866958,161.8948658531103
2020-08-28,Mirabell_plus_DER_AN910_eobs_3907__2020__southbound_01,Mirabell + / DER AN910 (eobs 3907),47.802914,8.879726,47.801807,8.881165,47.60932,8.526961508845837,34.067240695751664,0.16338648,0,0.5897156,0.56778497,33.963383,47.60932,8.526961508845837,34.067240695751664
2020-08-28,Sierit_DER_AN858_eobs2561__2020__southbound_01,Sierit  / DER AN858 (eobs2561),47.80296,8.879541,47.801785,8.881173,47.700005,8.670031356987229,19.423335677577803,0.17875868,0,0.46601647,0.56778497,19.354366,47.80296,8.879541397094727,0.1786651049843401
2020-08-28,Zozu_plus_DER_AL581_eobs2541__2020__southbound_01,Zozu + / DER AL581 (eobs2541),47.114326,7.545029,47.109154,7.546319,46.994713,7.315829861165206,21.60687939441221,0.58317,0,0.5899029,0.56778497,21.818499,46.994713,7.315829861165206,21.60687939441221
2020-08-29,Angela_DER_AY470_eobs_4001__2020__southbound_01,Angela / DER AY470 (eobs 4001),39.22833,-3.0276914,37.94277,-3.214849,39.002625,-3.470741479068275,119.93760164681224,143.87059,1,0.8175347,0.56778497,45.594982,39.002625,-3.470741479068275,119.93760164681224
2020-08-29,Mirabell_plus_DER_AN910_eobs_3907__2020__southbound_01,Mirabell + / DER AN910 (eobs 3907),47.801807,8.881165,47.802933,8.880664,47.605797,8.528338372066358,34.286773255156675,0.130569,0,0.5955458,0.56778497,34.137684,47.605797,8.528338372066358,34.286773255156675
2020-08-29,Sierit_DER_AN858_eobs2561__2020__southbound_01,Sierit  / DER AN858 (eobs2561),47.801785,8.881173,47.802868,8.880373,47.68657,8.647603815783047,21.682900857814705,0.13459721,0,0.49222144,0.56778497,21.606112,47.801785,8.881173133850098,0.1344744737353762
2020-08-29,Zozu_plus_DER_AL581_eobs2541__2020__southbound_01,Zozu + / DER AL581 (eobs2541),47.109154,7.546319,47.084793,7.42525,46.98537,7.309489816424508,14.113220443781389,9.556487,0,0.6006584,0.56778497,22.558783,46.98537,7.309489816424508,14.113220443781389
2020-08-30,Angela_DER_AY470_eobs_4001__2020__southbound_01,Angela / DER AY470 (eobs 4001),37.94277,-3.214849,37.124306,-4.9453483,37.723366,-3.634269230132853,133.57044472735816,177.66501,1,0.81671476,0.56778497,44.05787,37.723366,-3.634269230132853,133.57044472735816
2020-08-30,Mirabell_plus_DER_AN910_eobs_3907__2020__southbound_01,Mirabell + / DER AN910 (eobs 3907),47.802933,8.880664,47.80188,8.880042,47.600784,8.520078987634701,35.008935975263505,0.12579176,0,0.6093034,0.56778497,35.017586,47.600784,8.520078987634701,35.008935975263505
2020-08-30,Sierit_DER_AN858_eobs2561__2020__southbound_01,Sierit  / DER AN858 (eobs2561),47.802868,8.880373,47.801872,8.874474,47.674988,8.62031765870933,23.670346672803404,0.45432994,0,0.5179362,0.56778497,24.029488,47.802868,8.880373001098633,0.4543157957451073
2020-08-30,Zozu_plus_DER_AL581_eobs2541__2020__southbound_01,Zozu + / DER AL581 (eobs2541),47.084793,7.42525,47.05003,7.307048,46.9577,7.181312553752487,14.011112992412317,9.751459,0,0.60987914,0.56778497,23.21525,46.9577,7.181312553752487,14.011112992412317
2020-08-31,Angela_DER_AY470_eobs_4001__2020__southbound_01,Angela / DER AY470 (eobs 4001),37.124306,-4.9453483,36.503098,-6.028767,36.91572,-5.338179598522262,76.77764415321478,118.63031,1,0.8144127,0.56778497,41.770653,36.91572,-5.338179598522262,76.77764415321478
2020-08-31,Mirabell_plus_DER_AN910_eobs_3907__2020__southbound_01,Mirabell + / DER AN910 (eobs 3907),47.80188,8.880042,47.8026,8.879703,47.601906,8.526531777878164,34.59025106122821,0.08393121,0,0.6084274,0.56778497,34.458897,47.601906,8.526531777878164,34.59025106122821
2020-08-31,Sierit_DER_AN858_eobs2561__2020__southbound_01,Sierit  / DER AN858 (eobs2561),47.801872,8.874474,47.80272,8.879898,47.676704,8.621668745558354,23.858308858050542,0.4158961,0,0.51546454,0.56778497,23.415976,47.801872,8.874473571777344,0.4159484218833891
2020-08-31,Zozu_plus_DER_AL581_eobs2541__2020__southbound_01,Zozu + / DER AL581 (eobs2541),47.05003,7.307048,46.406265,6.2939243,46.92219,7.0610231373124765,81.9612243200033,105.29384,1,0.615963,0.56778497,23.400328,46.92219,7.0610231373124765,81.9612243200033
2020-09-01,Angela_DER_AY470_eobs_4001__2020__southbound_01,Angela / DER AY470 (eobs 4001),36.503098,-6.028767,36.500965,-6.0288234,36.313583,-6.378162786305706,37.57006310666997,0.23741017,0,0.8026881,0.56778497,37.608315,36.313583,-6.378162786305706,37.57006310666997
2020-09-01,Mirabell_plus_DER_AN910_eobs_3907__2020__southbound_01,Mirabell + / DER AN910 (eobs 3907),47.8026,8.879703,47.802902,8.880591,47.608887,8.53945878833379,33.42142799743538,0.07425469,0,0.60364574,0.56778497,33.254528,47.608887,8.53945878833379,33.42142799743538
2020-09-01,Sierit_DER_AN858_eobs2561__2020__southbound_01,Sierit  / DER AN858 (eobs2561),47.80272,8.879898,47.802498,8.880113,47.679657,8.632424843626543,23.01332853239288,0.029256893,0,0.5145366,0.56778497,22.957123,47.80272,8.879898071289062,0.029361740142233063
2020-09-01,Zozu_plus_DER_AL581_eobs2541__2020__southbound_01,Zozu + / DER AL581 (eobs2541),46.406265,6.2939243,43.118618,3.1282904,46.265137,6.025254395587725,418.08859345124233,442.7557,1,0.6380474,0.56778497,25.850824,46.265137,6.025254395587725,418.08859345124233
2020-09-02,Angela_DER_AY470_eobs_4001__2020__southbound_01,Angela / DER AY470 (eobs 4001),36.500965,-6.0288234,36.477024,-6.017776,36.35825,-6.2871322551658935,27.483313132925463,2.8392608,0,0.7580927,0.56778497,27.967346,36.35825,-6.2871322551658935,27.483313132925463
2020-09-02,Mirabell_plus_DER_AN910_eobs_3907__2020__southbound_01,Mirabell + / DER AN910 (eobs 3907),47.802902,8.880591,47.80181,8.874193,47.615623,8.55348544212258,31.692955949019304,0.4929872,0,0.60302854,0.56778497,32.045414,47.615623,8.55348544212258,31.692955949019304
2020-09-02,Sierit_DER_AN858_eobs2561__2020__southbound_01,Sierit  / DER AN858 (eobs2561),47.802498,8.880113,47.802094,8.879432,47.68035,8.635293843333475,22.72722054633247,0.06794517,0,0.5201555,0.56778497,22.737545,47.802498,8.880112648010254,0.06788300054168281
2020-09-02,Zozu_plus_DER_AL581_eobs2541__2020__southbound_01,Zozu + / DER AL581 (eobs2541),43.118618,3.1282904,41.678387,1.1197089,42.93399,2.7814487798609786,195.35584576527847,229.87794,1,0.72285813,0.56778497,34.781208,42.93399,2.7814487798609786,195.35584576527847
2020-09-03,Angela_DER_AY470_eobs_4001__2020__southbound_01,Angela / DER AY470 (eobs 4001),36.477024,-6.017776,36.503082,-6.028866,36.37635,-6.195743117656173,20.528659860536806,3.0623043,0,0.69989705,0.56778497,19.421324,36.37635,-6.195743117656173,20.528659860536806
2020-09-03,Mirabell_plus_DER_AN910_eobs_3907__2020__southbound_01,Mirabell + / DER AN910 (eobs 3907),47.80181,8.874193,47.801804,8.874189,47.623837,8.56514949045713,30.433683910115537,0.0007933913,0,0.60014635,0.56778497,30.351227,47.623837,8.56514949045713,30.433683910115537
2020-09-03,Sierit_DER_AN858_eobs2561__2020__southbound_01,Sierit  / DER AN858 (eobs2561),47.802094,8.879432,47.802036,8.874235,47.681633,8.638444489258589,22.138439473807736,0.38817546,0,0.5255857,0.56778497,22.39688,47.802094,8.87943172454834,0.38817915732839653
2020-09-03,Zozu_plus_DER_AL581_eobs2541__2020__southbound_01,Zozu + / DER AL581 (eobs2541),41.678387,1.1197089,41.550625,0.58875555,41.508118,0.8071567139888952,18.784608527917996,46.36934,1,0.72261345,0.56778497,32.07234,41.508118,0.8071567139888952,18.784608527917996
2020-09-04,Angela_DER_AY470_eobs_4001__2020__southbound_01,Angela / DER AY470 (eobs 4001),36.503082,-6.028866,36.4795,-6.0181437,36.42782,-6.157304953773599,13.70900487612908,2.7919366,0,0.6404294,0.56778497,14.181857,36.42782,-6.157304953773599,13.70900487612908
2020-09-04,Europa_DER_A1A26_eobs_4004__2020__southbound_01,Europa / DER A1A26 (eobs 4004),41.518726,-0.5834386,41.559746,-0.7403384,41.39488,-0.7935003911533438,18.859839452710197,13.832322,1,0.7230798,0.56778497,22.221075,41.39488,-0.7935003911533438,18.859839452710197
2020-09-04,Mirabell_plus_DER_AN910_eobs_3907__2020__southbound_01,Mirabell + / DER AN910 (eobs 3907),47.801804,8.874189,47.801754,8.874162,47.6314,8.581027963247628,28.978140137389644,0.0059390604,0,0.5965644,0.56778497,28.90528,47.6314,8.581027963247628,28.978140137389644
2020-09-04,Sierit_DER_AN858_eobs2561__2020__southbound_01,Sierit  / DER AN858 (eobs2561),47.802036,8.874235,47.801876,8.874244,47.684696,8.641034952256057,21.768187518117074,0.017847253,0,0.52559066,0.56778497,21.72449,47.802036,8.874235153198242,0.01782690404206852
2020-09-04,Zozu_plus_DER_AL581_eobs2541__2020__southbound_01,Zozu + / DER AL581 (eobs2541),41.550625,0.58875555,41.528957,0.50774646,41.415497,0.34449826622913954,18.55158798993632,7.159852,0,0.69538844,0.56778497,25.232235,41.415497,0.34449826622913954,18.55158798993632
2020-09-05,Angela_DER_AY470_eobs_4001__2020__southbound_01,Angela / DER AY470 (eobs 4001),36.4795,-6.0181437,36.484417,-6.015504,36.413708,-6.127543044583523,12.737485191602923,0.59549576,0,0.61407304,0.56778497,12.193113,36.413708,-6.127543044583523,12.737485191602923
2020-09-05,Europa_DER_A1A26_eobs_4004__2020__southbound_01,Europa / DER A1A26 (eobs 4004),41.559746,-0.7403384,41.32113,-1.2468611,41.459328,-0.9083818048360748,32.14708078293069,49.86662,1,0.68800163,0.56778497,17.86187,41.459328,-0.9083818048360748,32.14708078293069
2020-09-05,Mirabell_plus_DER_AN910_eobs_3907__2020__southbound_01,Mirabell + / DER AN910 (eobs 3907),47.801754,8.874162,47.785213,8.859816,47.648327,8.616851956514473,23.707942290067013,2.1287801,0,0.59376585,0.56778497,25.653116,47.648327,8.616851956514473,23.707942290067013
2020-09-05,Sierit_DER_AN858_eobs2561__2020__southbound_01,Sierit  / DER AN858 (eobs2561),47.801876,8.874244,47.807056,8.881059,47.69112,8.656677452660405,21.1570860863913,0.7686964,0,0.53533334,0.56778497,20.353708,47.801876,8.87424373626709,0.7686812230275379
2020-09-05,Zozu_plus_DER_AL581_eobs2541__2020__southbound_01,Zozu + / DER AL581 (eobs2541),41.528957,0.50774646,41.590527,0.6611677,41.418686,0.3114470975055194,34.83158458909105,14.485061,1,0.66662395,0.56778497,20.393599,41.418686,0.3114470975055194,34.83158458909105
2020-09-06,Angela_DER_AY470_eobs_4001__2020__southbound_01,Angela / DER AY470 (eobs 4001),36.484417,-6.015504,36.48449,-6.014638,36.434647,-6.0961163125707865,9.154965744093284,0.07782398,0,0.55755377,0.56778497,9.070649,36.484417,-6.015503883361816,0.07783555888894532
2020-09-06,Europa_DER_A1A26_eobs_4004__2020__southbound_01,Europa / DER A1A26 (eobs 4004),41.32113,-1.2468611,40.01642,-3.5902126,41.22064,-1.4140339960773634,227.2926156497898,245.15482,1,0.69159883,0.56778497,17.850494,41.22064,-1.4140339960773634,227.2926156497898
2020-09-06,Mirabell_plus_DER_AN910_eobs_3907__2020__southbound_01,Mirabell + / DER AN910 (eobs 3907),47.785213,8.859816,47.67857,8.73131,47.630558,8.601799744330947,11.072470625753237,15.263821,1,0.5998255,0.56778497,25.787638,47.630558,8.601799744330947,11.072470625753237
2020-09-06,Sierit_DER_AN858_eobs2561__2020__southbound_01,Sierit  / DER AN858 (eobs2561),47.807056,8.881059,47.80179,8.8742,47.69943,8.671393216106187,18.959080655138997,0.77808154,0,0.53793806,0.56778497,19.673544,47.807056,8.881058692932129,0.7781721870320559
2020-09-06,Zozu_plus_DER_AL581_eobs2541__2020__southbound_01,Zozu + / DER AL581 (eobs2541),41.590527,0.6611677,41.57431,0.61771834,41.512615,0.5225853655961024,10.476019908483119,4.038815,0,0.6099003,0.56778497,14.392796,41.512615,0.5225853655961024,10.476019908483119
2020-09-07,Angela_DER_AY470_eobs_4001__2020__southbound_01,Angela / DER AY470 (eobs 4001),36.48449,-6.014638,36.47643,-6.0149093,36.44104,-6.083631712470033,7.297836781581654,0.89628226,0,0.5296068,0.56778497,7.821296,36.48449,-6.0146379470825195,0.8966111907846321
2020-09-07,Europa_DER_A1A26_eobs_4004__2020__southbound_01,Europa / DER A1A26 (eobs 4004),40.01642,-3.5902126,38.856464,-3.6599746,39.911533,-3.762873712707409,117.65129477540405,129.1205,1,0.7042437,0.56778497,18.734539,39.911533,-3.762873712707409,117.65129477540405
2020-09-07,Mirabell_plus_DER_AN910_eobs_3907__2020__southbound_01,Mirabell + / DER AN910 (eobs 3907),47.67857,8.73131,46.657272,6.630689,47.50451,8.435392237916844,165.97195557868622,195.21576,1,0.6473251,0.56778497,29.366415,47.50451,8.435392237916844,165.97195557868622
2020-09-07,Sierit_DER_AN858_eobs2561__2020__southbound_01,Sierit  / DER AN858 (eobs2561),47.80179,8.8742,47.80185,8.874167,47.6848,8.644761170348241,21.5323640007905,0.0072441315,0,0.5632186,0.56778497,21.477005,47.80179,8.874199867248535,0.007205961864052674
2020-09-07,Zozu_plus_DER_AL581_eobs2541__2020__southbound_01,Zozu + / DER AL581 (eobs2541),41.57431,0.61771834,41.574005,0.61666894,41.499554,0.48651328171714603,13.634316386720107,0.093612485,0,0.60359216,0.56778497,13.695306,41.499554,0.48651328171714603,13.634316386720107
2020-09-08,Angela_DER_AY470_eobs_4001__2020__southbound_01,Angela / DER AY470 (eobs 4001),36.47643,-6.0149093,36.503296,-6.02887,36.437325,-6.076204934598394,8.469216862023067,3.237333,0,0.5123395,0.56778497,6.9838004,36.47643,-6.014909267425537,3.237684612600353
2020-09-08,Europa_DER_A1A26_eobs_4004__2020__southbound_01,Europa / DER A1A26 (eobs 4004),38.856464,-3.6599746,38.856434,-3.6568153,38.75424,-3.824351730142802,18.43602096575535,0.27358222,0,0.7022459,0.56778497,18.183428,38.75424,-3.824351730142802,18.43602096575535
2020-09-08,Mirabell_plus_DER_AN910_eobs_3907__2020__southbound_01,Mirabell + / DER AN910 (eobs 3907),46.657272,6.630689,43.02633,2.9956791,46.391,6.15688238880112,449.7847004319116,494.9987,1,0.770915,0.56778497,46.6541,46.391,6.15688238880112,449.7847004319116
2020-09-08,Sierit_DER_AN858_eobs2561__2020__southbound_01,Sierit  / DER AN858 (eobs2561),47.80185,8.874167,47.80287,8.879482,47.683743,8.64146360313065,22.186068549861783,0.4128996,0,0.56755453,0.56778497,21.746094,47.80185,8.874167442321777,0.41291392078093186
2020-09-08,Zozu_plus_DER_AL581_eobs2541__2020__southbound_01,Zozu + / DER AL581 (eobs2541),41.574005,0.61666894,41.583836,0.619094,41.496304,0.48109954145517597,15.054604317415853,1.111646,0,0.61090153,0.56778497,14.181792,41.496304,0.48109954145517597,15.054604317415853
2020-09-09,Angela_DER_AY470_eobs_4001__2020__southbound_01,Angela / DER AY470 (eobs 4001),36.503296,-6.02887,36.47669,-6.015118,36.467655,-6.083762995764925,6.219664144633499,3.2035518,0,0.49321496,0.56778497,6.295969,36.503296,-6.028870105743408,3.203877640699395
2020-09-09,Europa_DER_A1A26_eobs_4004__2020__southbound_01,Europa / DER A1A26 (eobs 4004),38.856434,-3.6568153,38.856464,-3.656686,38.760372,-3.8090808564024994,16.986292598284038,0.011704785,0,0.68718696,0.56778497,16.938877,38.760372,-3.8090808564024994,16.986292598284038
2020-09-09,Mirabell_plus_DER_AN910_eobs_3907__2020__southbound_01,Mirabell + / DER AN910 (eobs 3907),43.02633,2.9956791,41.546463,0.6152854,42.787254,2.5830279158643137,212.91277695339954,255.75604,1,0.77318335,0.56778497,42.72545,42.787254,2.5830279158643137,212.91277695339954
2020-09-09,Sierit_DER_AN858_eobs2561__2020__southbound_01,Sierit  / DER AN858 (eobs2561),47.80287,8.879482,47.802193,8.875374,47.69971,8.678329659230647,18.624557294193398,0.31605357,0,0.5527008,0.56778497,18.8691,47.80287,8.87948226928711,0.3160044967188071
2020-09-09,Zozu_plus_DER_AL581_eobs2541__2020__southbound_01,Zozu + / DER AL581 (eobs2541),41.583836,0.619094,41.574654,0.6175405,41.511833,0.49462814504318314,12.386838661193552,1.0291542,0,0.5968852,0.56778497,13.06393,41.511833,0.49462814504318314,12.386838661193552
2020-09-10,Angela_DER_AY470_eobs_4001__2020__southbound_01,Angela / DER AY470 (eobs 4001),36.47669,-6.015118,36.504448,-6.0296903,36.443027,-6.066130452857194,7.567079894855814,3.3503711,0,0.48283097,0.56778497,5.890001,36.47669,-6.01511812210083,3.3503541045406493
2020-09-10,Europa_DER_A1A26_eobs_4004__2020__southbound_01,Europa / DER A1A26 (eobs 4004),38.856464,-3.656686,38.856236,-3.6566453,38.77279,-3.7878553745757615,14.674189092917539,0.025516052,0,0.6578754,0.56778497,14.656527,38.77279,-3.7878553745757615,14.674189092917539
2020-09-10,Mirabell_plus_DER_AN910_eobs_3907__2020__southbound_01,Mirabell + / DER AN910 (eobs 3907),41.546463,0.6152854,41.542744,0.523585,41.31615,0.22570789634064015,35.37764256193599,7.642753,0,0.7773009,0.56778497,41.242943,41.31615,0.22570789634064015,35.37764256193599
2020-09-10,Sierit_DER_AN858_eobs2561__2020__southbound_01,Sierit  / DER AN858 (eobs2561),47.802193,8.875374,47.36657,8.356254,47.7076,8.692330689498304,45.54654408130659,62.146545,1,0.55247605,0.56778497,17.2191,47.802193,8.875373840332031,62.14684373561388
2020-09-10,Zozu_plus_DER_AL581_eobs2541__2020__southbound_01,Zozu + / DER AL581 (eobs2541),41.574654,0.6175405,41.60397,0.6694953,41.505444,0.4991925659173111,17.91195787727315,5.4124813,0,0.5893909,0.56778497,12.473733,41.505444,0.4991925659173111,17.91195787727315
2020-09-11,Angela_DER_AY470_eobs_4001__2020__southbound_01,Angela / DER AY470 (eobs 4001),36.504448,-6.0296903,36.484276,-6.015066,36.47373,-6.075919422613315,5.565816141177361,2.5964127,0,0.46643355,0.56778497,5.3516474,36.504448,-6.029690265655518,2.5961871348991523
2020-09-11,Europa_DER_A1A26_eobs_4004__2020__southbound_01,Europa / DER A1A26 (eobs 4004),38.856236,-3.6566453,38.85648,-3.6564963,38.776554,-3.780335561713578,13.932019763431697,0.029709544,0,0.64845407,0.56778497,13.875771,38.776554,-3.780335561713578,13.932019763431697
2020-09-11,Mirabell_plus_DER_AN910_eobs_3907__2020__southbound_01,Mirabell + / DER AN910 (eobs 3907),41.542744,0.523585,41.537888,0.0708085,41.374268,0.24695926846517346,23.37752168595643,37.687653,1,0.73590946,0.56778497,29.62918,41.374268,0.24695926846517346,23.37752168595643
2020-09-11,Sierit_DER_AN858_eobs2561__2020__southbound_01,Sierit  / DER AN858 (eobs2561),47.36657,8.356254,45.620262,5.525931,47.226875,8.06624811047216,264.2237290945379,290.91022,1,0.66727227,0.56778497,26.75457,47.226875,8.06624811047216,264.2237290945379
2020-09-11,Zozu_plus_DER_AL581_eobs2541__2020__southbound_01,Zozu + / DER AL581 (eobs2541),41.60397,0.6694953,41.6301,0.7793752,41.546047,0.5705460821547169,19.722783402204186,9.585271,0,0.55665606,0.56778497,10.43019,41.60397,0.6694952845573425,9.5852639614456
2020-09-12,Angela_DER_AY470_eobs_4001__2020__southbound_01,Angela / DER AY470 (eobs 4001),36.484276,-6.015066,36.48424,-6.0148373,36.454617,-6.059341375795267,5.1660776106825095,0.020789811,0,0.4598478,0.56778497,5.1430826,36.484276,-6.015066146850586,0.020815807541176314
2020-09-12,Europa_DER_A1A26_eobs_4004__2020__southbound_01,Europa / DER A1A26 (eobs 4004),38.85648,-3.6564963,38.856384,-3.6592317,38.77867,-3.7764596332091913,13.335015830398108,0.23707423,0,0.64190334,0.56778497,13.495014,38.77867,-3.7764596332091913,13.335015830398108
2020-09-12,Mirabell_plus_DER_AN910_eobs_3907__2020__southbound_01,Mirabell + / DER AN910 (eobs 3907),41.537888,0.0708085,40.910423,-2.7546327,41.39266,-0.16322362919677383,223.48835071877082,246.37418,1,0.71799713,0.56778497,25.258003,41.39266,-0.16322362919677383,223.48835071877082
2020-09-12,Sierit_DER_AN858_eobs2561__2020__southbound_01,Sierit  / DER AN858 (eobs2561),45.620262,5.525931,43.4638,3.6463742,45.43955,5.149082350988852,249.9735494662867,282.26987,1,0.74683326,0.56778497,35.472656,45.43955,5.149082350988852,249.9735494662867
2020-09-12,Zozu_plus_DER_AL581_eobs2541__2020__southbound_01,Zozu + / DER AL581 (eobs2541),41.6301,0.7793752,41.603146,0.61647946,41.57676,0.6888751532531614,6.697601187452648,13.869221,1,0.54220176,0.56778497,9.562145,41.6301,0.7793751955032349,13.869258608588584
2020-09-13,Angela_DER_AY470_eobs_4001__2020__southbound_01,Angela / DER AY470 (eobs 4001),36.48424,-6.0148373,36.50421,-6.0295362,36.455566,-6.057233064299137,5.948981804628002,2.5802076,0,0.45316362,0.56778497,4.944458,36.48424,-6.014837265014648,2.580191432180612
2020-09-13,Europa_DER_A1A26_eobs_4004__2020__southbound_01,Europa / DER A1A26 (eobs 4004),38.856384,-3.6592317,38.8564,-3.6586986,38.778675,-3.7788449468245378,13.529392182231042,0.04619433,0,0.6409958,0.56778497,13.464697,38.778675,-3.7788449468245378,13.529392182231042
2020-09-13,Mirabell_plus_DER_AN910_eobs_3907__2020__southbound_01,Mirabell + / DER AN910 (eobs 3907),40.910423,-2.7546327,40.070084,-3.8856056,40.758186,-2.9991156323901853,107.17656728720112,133.70886,1,0.7305895,0.56778497,26.573652,40.758186,-2.9991156323901853,107.17656728720112
2020-09-13,Sierit_DER_AN858_eobs2561__2020__southbound_01,Sierit  / DER AN858 (eobs2561),43.4638,3.6463742,42.72566,2.8172333,43.28906,3.297549844899502,73.82423078843723,106.15527,1,0.7477492,0.56778497,34.14643,43.28906,3.297549844899502,73.82423078843723
2020-09-13,Zozu_plus_DER_AL581_eobs2541__2020__southbound_01,Zozu + / DER AL581 (eobs2541),41.603146,0.61647946,41.59111,0.61690646,41.55181,0.5301035437962994,8.440273019272333,1.3390206,0,0.5365357,0.56778497,9.158049,41.603146,0.6164794564247131,1.338744894305978
2020-09-14,Angela_DER_AY470_eobs_4001__2020__southbound_01,Angela / DER AY470 (eobs 4001),36.50421,-6.0295362,36.484596,-6.014759,36.47638,-6.070512590053974,5.067823606192455,2.5500627,0,0.44716805,0.56778497,4.786451,36.50421,-6.029536247253418,2.549933496585396
2020-09-14,Europa_DER_A1A26_eobs_4004__2020__southbound_01,Europa / DER A1A26 (eobs 4004),38.8564,-3.6586986,38.85665,-3.6599832,38.780968,-3.774114678034337,12.984328435342897,0.114739686,0,0.6348527,0.56778497,13.024466,38.780968,-3.774114678034337,12.984328435342897
2020-09-14,Mirabell_plus_DER_AN910_eobs_3907__2020__southbound_01,Mirabell + / DER AN910 (eobs 3907),40.070084,-3.8856056,39.854267,-4.27741,39.920254,-4.1222548336657665,15.135425320005885,41.120953,1,0.73099995,0.56778497,26.08979,39.920254,-4.1222548336657665,15.135425320005885
2020-09-14,Sierit_DER_AN858_eobs2561__2020__southbound_01,Sierit  / DER AN858 (eobs2561),42.72566,2.8172333,41.631916,0.7678757,42.597206,2.562755809124946,182.85891428796253,208.09592,1,0.71156543,0.56778497,25.177086,42.597206,2.562755809124946,182.85891428796253
2020-09-14,Zozu_plus_DER_AL581_eobs2541__2020__southbound_01,Zozu + / DER AL581 (eobs2541),41.59111,0.61690646,41.56884,0.5529311,41.5416,0.5343402218740707,3.4011847059407705,5.8691335,0,0.5308341,0.56778497,8.785591,41.59111,0.616906464099884,5.869280880677686
2020-09-15,Angela_DER_AY470_eobs_4001__2020__southbound_01,Angela / DER AY470 (eobs 4001),36.484596,-6.014759,36.476963,-6.0146356,36.457672,-6.053944071057342,4.117886073958991,0.8486627,0,0.44159374,0.56778497,4.600156,36.484596,-6.014759063720703,0.8488471321613975
2020-09-15,Europa_DER_A1A26_eobs_4004__2020__southbound_01,Europa / DER A1A26 (eobs 4004),38.85665,-3.6599832,38.85652,-3.6604588,38.781918,-3.7737380043616753,12.850323780871825,0.043731432,0,0.633066,0.56778497,12.864618,38.781918,-3.7737380043616753,12.850323780871825
2020-09-15,Mirabell_plus_DER_AN910_eobs_3907__2020__southbound_01,Mirabell + / DER AN910 (eobs 3907),39.854267,-4.27741,39.68859,-3.9500446,39.70584,-4.509328183923011,47.888916059026926,33.498764,1,0.7307961,0.56778497,25.728983,39.70584,-4.509328183923011,47.888916059026926
2020-09-15,Sierit_DER_AN858_eobs2561__2020__southbound_01,Sierit  / DER AN858 (eobs2561),41.631916,0.7678757,41.560707,0.614593,41.49902,0.5104096464816406,11.057180837813538,15.005516,1,0.7227346,0.56778497,25.959208,41.49902,0.5104096464816406,11.057180837813538
2020-09-15,Zozu_plus_DER_AL581_eobs2541__2020__southbound_01,Zozu + / DER AL581 (eobs2541),41.56884,0.5529311,41.584816,0.61710155,41.52017,0.47242511351430855,14.021763595283666,5.6256437,0,0.5281896,0.56778497,8.595643,41.56884,0.5529310703277588,5.625630028295565
2020-09-16,Angela_DER_AY470_eobs_4001__2020__southbound_01,Angela / DER AY470 (eobs 4001),36.476963,-6.0146356,36.47861,-6.0152435,36.45066,-6.052688697856643,4.568601584666367,0.19115853,0,0.43827015,0.56778497,4.478817,36.476963,-6.0146355628967285,0.19113653720325188
2020-09-16,Europa_DER_A1A26_eobs_4004__2020__southbound_01,Europa / DER A1A26 (eobs 4004),38.85652,-3.6604588,38.85646,-3.6602352,38.78228,-3.7724092052238913,12.746816915012262,0.020478735,0,0.6310319,0.56778497,12.710235,38.78228,-3.7724092052238913,12.746816915012262
2020-09-16,Mirabell_plus_DER_AN910_eobs_3907__2020__southbound_01,Mirabell + / DER AN910 (eobs 3907),39.68859,-3.9500446,39.391964,-3.2891781,39.550957,-4.162290194688854,77.00116888849867,65.56955,1,0.7195071,0.56778497,23.708082,39.550957,-4.162290194688854,77.00116888849867
2020-09-16,Sierit_DER_AN858_eobs2561__2020__southbound_01,Sierit  / DER AN858 (eobs2561),41.560707,0.614593,41.546246,0.5935551,41.444412,0.39192586791019923,20.253908503155515,2.3770435,0,0.7038128,0.56778497,22.553436,41.444412,0.39192586791019923,20.253908503155515
2020-09-16,Zozu_plus_DER_AL581_eobs2541__2020__southbound_01,Zozu + / DER AL581 (eobs2541),41.584816,0.61710155,41.588837,0.6436412,41.54066,0.544605092476499,9.827804099849173,2.252025,0,0.510371,0.56778497,7.762065,41.584816,0.6171015501022339,2.2520822041530852
2020-09-17,Angela_DER_AY470_eobs_4001__2020__southbound_01,Angela / DER AY470 (eobs 4001),36.47861,-6.0152435,36.50417,-6.029885,36.452915,-6.052333609271088,6.042329966508291,3.1286023,0,0.4349392,0.56778497,4.3696814,36.47861,-6.0152435302734375,3.1288867867564543
2020-09-17,Europa_DER_A1A26_eobs_4004__2020__southbound_01,Europa / DER A1A26 (eobs 4004),38.85646,-3.6602352,38.85617,-3.6601996,38.784492,-3.7679933425763563,12.277379858410667,0.03251534,0,0.62488776,0.56778497,12.2708435,38.784492,-3.7679933425763563,12.277379858410667
2020-09-17,Mirabell_plus_DER_AN910_eobs_3907__2020__southbound_01,Mirabell + / DER AN910 (eobs 3907),39.391964,-3.2891781,38.856514,-3.65993,39.2604,-3.4900671627458695,47.2441908698734,67.58524,1,0.71169597,0.56778497,22.588514,39.2604,-3.4900671627458695,47.2441908698734
2020-09-17,Sierit_DER_AN858_eobs2561__2020__southbound_01,Sierit  / DER AN858 (eobs2561),41.546246,0.5935551,41.538815,0.6144831,41.445953,0.40366426984486536,20.370119484814914,1.9278554,0,0.67993444,0.56778497,19.307575,41.445953,0.40366426984486536,20.370119484814914
2020-09-17,Zozu_plus_DER_AL581_eobs2541__2020__southbound_01,Zozu + / DER AL581 (eobs2541),41.588837,0.6436412,41.574913,0.6159688,41.546913,0.5751415868762484,4.607872811172592,2.7737644,0,0.5008808,0.56778497,7.348256,41.588837,0.6436411738395691,2.773915781817521
2020-09-18,Angela_DER_AY470_eobs_4001__2020__southbound_01,Angela / DER AY470 (eobs 4001),36.50417,-6.029885,36.478203,-6.015092,36.4787,-6.066486920922445,4.595549577193622,3.1755238,0,0.43283084,0.56778497,4.3194404,36.50417,-6.0298848152160645,3.17579056301092
2020-09-18,Europa_DER_A1A26_eobs_4004__2020__southbound_01,Europa / DER A1A26 (eobs 4004),38.85617,-3.6601996,38.860756,-3.6600916,38.783913,-3.768172456391049,12.675935914788623,0.5099484,0,0.625942,0.56778497,12.305829,38.783913,-3.768172456391049,12.675935914788623
2020-09-18,Mirabell_plus_DER_AN910_eobs_3907__2020__southbound_01,Mirabell + / DER AN910 (eobs 3907),38.856514,-3.65993,38.85653,-3.659638,38.726093,-3.8567095637975197,22.407319463682725,0.02533989,0,0.7128326,0.56778497,22.335917,38.726093,-3.8567095637975197,22.407319463682725
2020-09-18,Sierit_DER_AN858_eobs2561__2020__southbound_01,Sierit  / DER AN858 (eobs2561),41.538815,0.6144831,41.538826,0.6149328,41.45046,0.44925870414277796,16.9395836835112,0.037446514,0,0.6581199,0.56778497,16.871084,41.45046,0.44925870414277796,16.9395836835112
2020-09-18,Zozu_plus_DER_AL581_eobs2541__2020__southbound_01,Zozu + / DER AL581 (eobs2541),41.574913,0.6159688,41.574398,0.61621666,41.534218,0.5499292367103911,7.0982829616702965,0.061036453,0,0.4957907,0.56778497,7.104598,41.574913,0.6159688234329224,0.06086174623766901
2020-09-19,Angela_DER_AY470_eobs_4001__2020__southbound_01,Angela / DER AY470 (eobs 4001),36.478203,-6.015092,36.478058,-6.014251,36.453148,-6.050656658431022,4.274425039636026,0.07697655,0,0.4289339,0.56778497,4.220336,36.478203,-6.015091896057129,0.07687277541353713
2020-09-19,Europa_DER_A1A26_eobs_4004__2020__southbound_01,Europa / DER A1A26 (eobs 4004),38.860756,-3.6600916,38.857742,-3.6589248,38.78858,-3.7676371829093895,12.158763939389296,0.34963906,0,0.62567425,0.56778497,12.271312,38.78858,-3.7676371829093895,12.158763939389296
2020-09-19,Mirabell_plus_DER_AN910_eobs_3907__2020__southbound_01,Mirabell + / DER AN910 (eobs 3907),38.85653,-3.659638,38.858276,-3.6598635,38.728786,-3.8508105622549933,21.93581170149964,0.19519283,0,0.7089487,0.56778497,21.774284,38.728786,-3.8508105622549933,21.93581170149964
2020-09-19,Sierit_DER_AN858_eobs2561__2020__southbound_01,Sierit  / DER AN858 (eobs2561),41.538826,0.6149328,41.54096,0.6149229,41.45761,0.46491706870759064,15.555016256201803,0.23698594,0,0.64275056,0.56778497,15.382476,41.45761,0.46491706870759064,15.555016256201803
2020-09-19,Zozu_plus_DER_AL581_eobs2541__2020__southbound_01,Zozu + / DER AL581 (eobs2541),41.574398,0.61621666,41.587368,0.6169033,41.53547,0.5535293986456487,7.817008082281342,1.443475,0,0.48785818,0.56778497,6.765329,41.574398,0.6162166595458984,1.4433273468711052
2020-09-20,Angela_DER_AY470_eobs_4001__2020__southbound_01,Angela / DER AY470 (eobs 4001),36.478058,-6.014251,36.28409,-5.9409113,36.453518,-6.048497802477498,21.15960048764492,22.545626,1,0.42235208,0.56778497,4.094152,36.478058,-6.014251232147217,22.545631530547556
2020-09-20,Europa_DER_A1A26_eobs_4004__2020__southbound_01,Europa / DER A1A26 (eobs 4004),38.857742,-3.6589248,38.856407,-3.660077,38.785828,-3.7656020776955277,12.048546907356211,0.17899771,0,0.62497574,0.56778497,12.196115,38.785828,-3.7656020776955277,12.048546907356211
2020-09-20,Mirabell_plus_DER_AN910_eobs_3907__2020__southbound_01,Mirabell + / DER AN910 (eobs 3907),38.858276,-3.6598635,38.856354,-3.6598315,38.734978,-3.8423665053178215,20.794214407553063,0.21372923,0,0.7015882,0.56778497,20.884293,38.734978,-3.8423665053178215,20.794214407553063
2020-09-20,Sierit_DER_AN858_eobs2561__2020__southbound_01,Sierit  / DER AN858 (eobs2561),41.54096,0.6149229,41.54027,0.61658525,41.469334,0.48485160590779786,13.511500862916368,0.15791629,0,0.62013304,0.56778497,13.415877,41.469334,0.48485160590779786,13.511500862916368
2020-09-20,Zozu_plus_DER_AL581_eobs2541__2020__southbound_01,Zozu + / DER AL581 (eobs2541),41.587368,0.6169033,41.575397,0.61684495,41.549553,0.5567496561378308,5.766960238854652,1.3313031,0,0.47949764,0.56778497,6.5236607,41.587368,0.6169033050537109,1.331071782839675
2020-09-21,Europa_DER_A1A26_eobs_4004__2020__southbound_01,Europa / DER A1A26 (eobs 4004),38.856407,-3.660077,38.85616,-3.660248,38.786694,-3.7628441936582977,11.775533324046561,0.031346314,0,0.61817014,0.56778497,11.780861,38.786694,-3.7628441936582977,11.775533324046561
2020-09-21,Mirabell_plus_DER_AN910_eobs_3907__2020__southbound_01,Mirabell + / DER AN910 (eobs 3907),38.856354,-3.6598315,38.85651,-3.657117,38.73802,-3.833295419863973,20.166787320469396,0.23569159,0,0.6949601,0.56778497,19.933521,38.73802,-3.833295419863973,20.166787320469396
2020-09-21,Sierit_DER_AN858_eobs2561__2020__southbound_01,Sierit  / DER AN858 (eobs2561),41.54027,0.61658525,41.538647,0.6156077,41.483227,0.5154541434564812,10.369231761498714,0.19840288,0,0.5754857,0.56778497,10.52101,41.483227,0.5154541434564812,10.369231761498714
2020-09-21,Zozu_plus_DER_AL581_eobs2541__2020__southbound_01,Zozu + / DER AL581 (eobs2541),41.575397,0.61684495,41.574677,0.6156663,41.53846,0.5584874304806047,6.23325377088258,0.126576,0,0.47494486,0.56778497,6.3477364,41.575397,0.6168449521064758,0.12665037634412327
2020-09-22,Europa_DER_A1A26_eobs_4004__2020__southbound_01,Europa / DER A1A26 (eobs 4004),38.85616,-3.660248,38.856586,-3.6599472,38.787994,-3.7606065299242513,11.585148708526393,0.05420812,0,0.6143219,0.56778497,11.510841,38.787994,-3.7606065299242513,11.585148708526393
2020-09-22,Mirabell_plus_DER_AN910_eobs_3907__2020__southbound_01,Mirabell + / DER AN910 (eobs 3907),38.85651,-3.657117,38.856056,-3.6602695,38.744907,-3.8195251356388824,18.525952329768753,0.27758753,0,0.68380535,0.56778497,18.722418,38.744907,-3.8195251356388824,18.525952329768753
2020-09-22,Sierit_DER_AN858_eobs2561__2020__southbound_01,Sierit  / DER AN858 (eobs2561),41.538647,0.6156077,41.561646,0.6147613,41.482616,0.5176352136202003,11.941719644422525,2.5586567,0,0.5718595,0.56778497,10.243909,41.482616,0.5176352136202003,11.941719644422525
2020-09-22,Zozu_plus_DER_AL581_eobs2541__2020__southbound_01,Zozu + / DER AL581 (eobs2541),41.574677,0.6156663,41.57477,0.6165002,41.53868,0.5590755513767105,6.23985833938427,0.070199855,0,0.47166398,0.56778497,6.168187,41.574677,0.6156662702560425,0.07017539467134629
2020-09-23,Europa_DER_A1A26_eobs_4004__2020__southbound_01,Europa / DER A1A26 (eobs 4004),38.856586,-3.6599472,38.856133,-3.660437,38.78977,-3.7578615403239692,11.211059008205938,0.065942176,0,0.60918075,0.56778497,11.253525,38.78977,-3.7578615403239692,11.211059008205938
2020-09-23,Mirabell_plus_DER_AN910_eobs_3907__2020__southbound_01,Mirabell + / DER AN910 (eobs 3907),38.856056,-3.6602695,38.533264,-4.3681154,38.748123,-3.816339435344192,53.54786557393302,71.14815,1,0.67871153,0.56778497,18.04241,38.748123,-3.816339435344192,53.54786557393302
2020-09-23,Sierit_DER_AN858_eobs2561__2020__southbound_01,Sierit  / DER AN858 (eobs2561),41.561646,0.6147613,41.538746,0.6155688,41.518524,0.5418329496563705,6.536918091598161,2.5472205,0,0.5201031,0.56778497,7.719951,41.561646,0.6147612929344177,2.54721248239246
2020-09-23,Zozu_plus_DER_AL581_eobs2541__2020__southbound_01,Zozu + / DER AL581 (eobs2541),41.57477,0.6165002,41.58417,0.61684066,41.54116,0.5641930220397602,6.485348276409294,1.045345,0,0.45956203,0.56778497,5.7259164,41.57477,0.616500198841095,1.0455521814118773
2020-09-24,Europa_DER_A1A26_eobs_4004__2020__southbound_01,Europa / DER A1A26 (eobs 4004),38.856133,-3.660437,38.85887,-3.6601422,38.790104,-3.7566331373815354,11.32880095216541,0.30567622,0,0.6050706,0.56778497,11.083963,38.790104,-3.7566331373815354,11.32880095216541
2020-09-24,Sierit_DER_AN858_eobs2561__2020__southbound_01,Sierit  / DER AN858 (eobs2561),41.538746,0.6155688,41.538895,0.6148322,41.49771,0.5466749861724005,7.291867617461169,0.06349509,0,0.5124149,0.56778497,7.315178,41.538746,0.6155688166618347,0.06349963980733625
2020-09-24,Zozu_plus_DER_AL581_eobs2541__2020__southbound_01,Zozu + / DER AL581 (eobs2541),41.58417,0.61684066,41.57433,0.6161584,41.551548,0.566523371523505,4.844641742411996,1.0958912,0,0.4510458,0.56778497,5.5285854,41.58417,0.616840660572052,1.0958432456741405
2020-09-25,Europa_DER_A1A26_eobs_4004__2020__southbound_01,Europa / DER A1A26 (eobs 4004),38.85887,-3.6601422,39.127235,-3.7390904,38.795532,-3.7513876173536564,36.89908390133676,30.610981,1,0.59248084,0.56778497,10.565578,38.795532,-3.7513876173536564,36.89908390133676
2020-09-25,Sierit_DER_AN858_eobs2561__2020__southbound_01,Sierit  / DER AN858 (eobs2561),41.538895,0.6148322,41.538887,0.6135326,41.49792,0.5467364368258931,7.188683024216731,0.10816883,0,0.51107997,0.56778497,7.2591205,41.538895,0.6148322224617004,0.1081708804712321
2020-09-25,Zozu_plus_DER_AL581_eobs2541__2020__southbound_01,Zozu + / DER AL581 (eobs2541),41.57433,0.6161584,41.574642,0.615515,41.54195,0.5665599951080665,5.459525254468784,0.06377841,0,0.44779575,0.56778497,5.4662685,41.57433,0.6161584258079529,0.06383241719966806
2020-09-26,Europa_DER_A1A26_eobs_4004__2020__southbound_01,Europa / DER A1A26 (eobs 4004),39.127235,-3.7390904,38.998055,-3.692792,39.066185,-3.826875145116007,13.839210309680443,14.910151,1,0.58021116,0.56778497,10.151902,39.066185,-3.826875145116007,13.839210309680443
2020-09-26,Sierit_DER_AN858_eobs2561__2020__southbound_01,Sierit  / DER AN858 (eobs2561),41.538887,0.6135326,41.55725,0.6151427,41.4994,0.5483488129932074,8.502597208845149,2.0460615,0,0.5018752,0.56778497,6.967056,41.538887,0.6135326027870178,2.046372511490484
2020-09-26,Zozu_plus_DER_AL581_eobs2541__2020__southbound_01,Zozu + / DER AL581 (eobs2541),41.574642,0.615515,41.57445,0.6156428,41.54327,0.5677394806900754,5.282792905179394,0.023531884,0,0.44038096,0.56778497,5.278794,41.574642,0.6155149936676025,0.023723739651629685
2020-09-27,Europa_DER_A1A26_eobs_4004__2020__southbound_01,Europa / DER A1A26 (eobs 4004),38.998055,-3.692792,38.858234,-3.6611989,38.939247,-3.777068273663944,13.47930237316831,15.785931,1,0.57277125,0.56778497,9.770475,38.939247,-3.777068273663944,13.47930237316831
2020-09-27,Sierit_DER_AN858_eobs2561__2020__southbound_01,Sierit  / DER AN858 (eobs2561),41.55725,0.6151427,41.540222,0.6167718,41.51906,0.5528131338189065,5.820968963353257,1.8981661,0,0.49214375,0.56778497,6.6915073,41.55725,0.6151427030563354,1.8983667811093798
2020-09-27,Zozu_plus_DER_AL581_eobs2541__2020__southbound_01,Zozu + / DER AL581 (eobs2541),41.57445,0.6156428,41.53884,0.5855462,41.543907,0.5696467294359036,1.4381728262869027,4.685201,0,0.43189833,0.56778497,5.107221,41.57445,0.615642786026001,4.685120668479364
2020-09-28,Europa_DER_A1A26_eobs_4004__2020__southbound_01,Europa / DER A1A26 (eobs 4004),38.858234,-3.6611989,38.610928,-4.430937,38.80065,-3.7434262848213424,63.27740446029061,72.20665,1,0.5690238,0.56778497,9.558596,38.80065,-3.7434262848213424,63.27740446029061
2020-09-28,Sierit_DER_AN858_eobs2561__2020__southbound_01,Sierit  / DER AN858 (eobs2561),41.540222,0.6167718,41.564663,0.5547703,41.504295,0.5589713461830923,6.721680096110549,5.8314004,0,0.47820386,0.56778497,6.242175,41.540222,0.6167718172073364,5.8313281901787555
2020-09-28,Zozu_plus_DER_AL581_eobs2541__2020__southbound_01,Zozu + / DER AL581 (eobs2541),41.53884,0.5855462,41.574703,0.6162569,41.5092,0.5412681489848955,9.591667196403364,4.736043,0,0.42487648,0.56778497,4.935483,41.53884,0.5855461955070496,4.736175442276963
2020-09-29,Europa_DER_A1A26_eobs_4004__2020__southbound_01,Europa / DER A1A26 (eobs 4004),38.610928,-4.430937,37.8146,-4.7480035,38.553852,-4.512490891673401,84.73901262149447,92.779434,1,0.56982684,0.56778497,9.495898,38.553852,-4.512490891673401,84.73901262149447
2020-09-29,Sierit_DER_AN858_eobs2561__2020__southbound_01,Sierit  / DER AN858 (eobs2561),41.564663,0.5547703,41.540077,0.6148693,41.53077,0.5012797771195421,9.511061204355865,5.6996408,0,0.4661506,0.56778497,5.821393,41.564663,0.554770290851593,5.699455780170284
2020-09-29,Zozu_plus_DER_AL581_eobs2541__2020__southbound_01,Zozu + / DER AL581 (eobs2541),41.574703,0.6162569,41.574455,0.6162995,41.546738,0.5750360273496793,4.613680194903248,0.027461274,0,0.4130339,0.56778497,4.6207004,41.574703,0.6162568926811218,0.027798388601584095
2020-09-30,Europa_DER_A1A26_eobs_4004__2020__southbound_01,Europa / DER A1A26 (eobs 4004),37.8146,-4.7480035,37.814445,-4.7481866,37.75944,-4.826003791895316,9.174450080002803,0.023563579,0,0.5640587,0.56778497,9.1798525,37.8146,-4.7480034828186035,0.023689075842867124
2020-09-30,Sierit_DER_AN858_eobs2561__2020__southbound_01,Sierit  / DER AN858 (eobs2561),41.540077,0.6148693,41.564507,0.55533797,41.50823,0.5648215676306042,6.307449253052885,5.6498036,0,0.4558383,0.56778497,5.4578686,41.540077,0.6148692965507507,5.649675018261365
2020-09-30,Zozu_plus_DER_AL581_eobs2541__2020__southbound_01,Zozu + / DER AL581 (eobs2541),41.574455,0.6162995,41.574684,0.6161941,41.547657,0.5770224217941199,4.4332550647056435,0.026735049,0,0.40670443,0.56778497,4.414193,41.574455,0.6162995100021362,0.026917895713976955
2020-10-01,Europa_DER_A1A26_eobs_4004__2020__southbound_01,Europa / DER A1A26 (eobs 4004),37.814445,-4.7481866,37.81383,-4.749066,37.762897,-4.820690530463871,8.467058582608196,0.10303866,0,0.5494382,0.56778497,8.553394,37.814445,-4.7481865882873535,0.10310163186910234
2020-10-01,Sierit_DER_AN858_eobs2561__2020__southbound_01,Sierit  / DER AN858 (eobs2561),41.564507,0.55533797,41.53878,0.61529416,41.53454,0.5083008324890192,8.917861222757546,5.7510705,0,0.44797233,0.56778497,5.130983,41.564507,0.5553379654884338,5.75110166934236
2020-10-01,Zozu_plus_DER_AL581_eobs2541__2020__southbound_01,Zozu + / DER AL581 (eobs2541),41.574684,0.6161941,41.574574,0.6159647,41.54965,0.5797974150610025,4.0910167154774895,0.022606736,0,0.39550152,0.56778497,4.1056886,41.574684,0.6161941289901733,0.0227049457190637
2020-10-02,Europa_DER_A1A26_eobs_4004__2020__southbound_01,Europa / DER A1A26 (eobs 4004),37.81383,-4.749066,37.81505,-4.7428856,37.768433,-4.812367742727685,8.009042247930978,0.5594811,0,0.525141,0.56778497,7.497094,37.81383,-4.74906587600708,0.5595105635173419
2020-10-02,Sierit_DER_AN858_eobs2561__2020__southbound_01,Sierit  / DER AN858 (eobs2561),41.53878,0.61529416,41.539864,0.6156929,41.509285,0.5693458978742214,5.1427578946910355,0.12492979,0,0.44469592,0.56778497,5.029284,41.53878,0.6152941584587097,0.12495392037916773
2020-10-02,Zozu_plus_DER_AL581_eobs2541__2020__southbound_01,Zozu + / DER AL581 (eobs2541),41.574574,0.6159647,41.57455,0.61588645,41.550293,0.5808941778916398,3.968825393940655,0.0069834497,0,0.38799348,0.56778497,3.9678898,41.574574,0.6159647107124329,0.006989874764602588
2020-10-03,Europa_DER_A1A26_eobs_4004__2020__southbound_01,Europa / DER A1A26 (eobs 4004),37.81505,-4.7428856,37.81351,-4.749019,37.77063,-4.804689722135159,6.83119290549899,0.56523144,0,0.520369,0.56778497,7.326605,37.81505,-4.742885589599609,0.5652654973265439
2020-10-03,Sierit_DER_AN858_eobs2561__2020__southbound_01,Sierit  / DER AN858 (eobs2561),41.539864,0.6156929,41.537273,0.61526805,41.510647,0.5705674690656627,4.755423469609736,0.290329,0,0.44245142,0.56778497,4.957181,41.539864,0.6156929135322571,0.2901778722225536
2020-10-03,Zozu_plus_DER_AL581_eobs2541__2020__southbound_01,Zozu + / DER AL581 (eobs2541),41.57455,0.61588645,41.573006,0.6165295,41.551056,0.5822163856408406,3.755969388077216,0.18023556,0,0.37943095,0.56778497,3.823508,41.57455,0.6158864498138428,0.17992727768160477
2020-10-04,Europa_DER_A1A26_eobs_4004__2020__southbound_01,Europa / DER A1A26 (eobs 4004),37.81351,-4.749019,37.81468,-4.747616,37.77347,-4.8039255515460635,6.743544711940109,0.17887221,0,0.49717382,0.56778497,6.552389,37.81351,-4.749019145965576,0.17900893105089674
2020-10-04,Sierit_DER_AN858_eobs2561__2020__southbound_01,Sierit  / DER AN858 (eobs2561),41.537273,0.61526805,41.56545,0.5554442,41.508556,0.5712809299227926,6.462020246025906,5.8820634,0,0.43819413,0.56778497,4.8494716,41.537273,0.6152680516242981,5.8819909400186505
2020-10-04,Zozu_plus_DER_AL581_eobs2541__2020__southbound_01,Zozu + / DER AL581 (eobs2541),41.573006,0.6165295,41.566742,0.61676383,41.55011,0.58389961340275,3.3011533820891867,0.6966819,0,0.37295723,0.56778497,3.7150524,41.573006,0.6165295243263245,0.6967689787739353
2020-10-05,Europa_DER_A1A26_eobs_4004__2020__southbound_01,Europa / DER A1A26 (eobs 4004),37.81468,-4.747616,37.815186,-4.7418804,37.777973,-4.797718977918942,6.41819485962542,0.50699735,0,0.4793062,0.56778497,5.99175,37.81468,-4.747615814208984,0.5069666027152303
2020-10-05,Sierit_DER_AN858_eobs2561__2020__southbound_01,Sierit  / DER AN858 (eobs2561),41.56545,0.5554442,41.565598,0.5550517,41.537384,0.5127221308913892,4.716927380672745,0.036566887,0,0.43346748,0.56778497,4.7214513,41.56545,0.5554441809654236,0.03660540785783248
2020-10-05,Zozu_plus_DER_AL581_eobs2541__2020__southbound_01,Zozu + / DER AL581 (eobs2541),41.566742,0.61676383,41.573883,0.616177,41.54396,0.5843637098837686,4.251720246113237,0.79549325,0,0.37101293,0.56778497,3.6926143,41.566742,0.6167638301849365,0.7955557953402267
2020-10-06,Europa_DER_A1A26_eobs_4004__2020__southbound_01,Europa / DER A1A26 (eobs 4004),37.815186,-4.7418804,37.8143,-4.747949,37.781223,-4.787869078826814,5.082383841907436,0.54208153,0,0.46155313,0.56778497,5.5202875,37.815186,-4.741880416870117,0.5421052307129872
2020-10-06,Sierit_DER_AN858_eobs2561__2020__southbound_01,Sierit  / DER AN858 (eobs2561),41.565598,0.5550517,41.54001,0.6156468,41.538338,0.5139006617450783,8.470346026982488,5.7896943,0,0.4276802,0.56778497,4.564706,41.565598,0.5550516843795776,5.789685308808115
2020-10-06,Zozu_plus_DER_AL581_eobs2541__2020__southbound_01,Zozu + / DER AL581 (eobs2541),41.573883,0.616177,41.531055,0.5029768,41.551315,0.584310083378762,7.134171192550398,10.554964,1,0.367722,0.56778497,3.6439326,41.573883,0.6161770224571228,10.555064325229122
2020-10-07,Europa_DER_A1A26_eobs_4004__2020__southbound_01,Europa / DER A1A26 (eobs 4004),37.8143,-4.747949,37.81448,-4.747839,37.78349,-4.789569818642047,5.0317721117891,0.021968314,0,0.44475812,0.56778497,5.0016446,37.8143,-4.747949123382568,0.022160299480020084
2020-10-07,Sierit_DER_AN858_eobs2561__2020__southbound_01,Sierit  / DER AN858 (eobs2561),41.54001,0.6156468,41.538795,0.6159454,41.513283,0.5757113122458551,4.389316612335068,0.13730322,0,0.4232024,0.56778497,4.4507403,41.54001,0.6156467795372009,0.13715846635735565
2020-10-07,Zozu_plus_DER_AL581_eobs2541__2020__southbound_01,Zozu + / DER AL581 (eobs2541),41.531055,0.5029768,41.57464,0.6163731,41.508522,0.4711135114313694,14.149364320736868,10.607567,1,0.36776885,0.56778497,3.6421704,41.531055,0.5029767751693726,10.607686312440539
2020-10-08,Europa_DER_A1A26_eobs_4004__2020__southbound_01,Europa / DER A1A26 (eobs 4004),37.81448,-4.747839,37.8143,-4.747882,37.785812,-4.786403347284437,4.635702613241986,0.020241434,0,0.42904767,0.56778497,4.6435914,37.81448,-4.747838973999023,0.02028955439884093
2020-10-08,Sierit_DER_AN858_eobs2561__2020__southbound_01,Sierit  / DER AN858 (eobs2561),41.538795,0.6159454,41.53873,0.6152668,41.512386,0.5768981473492213,4.333973069452229,0.05689661,0,0.42110682,0.56778497,4.372428,41.538795,0.6159453988075256,0.05693846928013209
2020-10-08,Zozu_plus_DER_AL581_eobs2541__2020__southbound_01,Zozu + / DER AL581 (eobs2541),41.57464,0.6163731,41.574684,0.616202,41.552654,0.5854121073699758,3.5443951983109616,0.0151279215,0,0.3640466,0.56778497,3.5446923,41.57464,0.6163731217384338,0.01511756802407481
2020-10-09,Europa_DER_A1A26_eobs_4004__2020__southbound_01,Europa / DER A1A26 (eobs 4004),37.8143,-4.747882,37.814182,-4.7477293,37.786358,-4.785626184070586,4.545225250386971,0.018601587,0,0.4277249,0.56778497,4.5360947,37.8143,-4.747881889343262,0.018776976994495743
2020-10-09,Sierit_DER_AN858_eobs2561__2020__southbound_01,Sierit  / DER AN858 (eobs2561),41.53873,0.6152668,41.538876,0.6159291,41.51244,0.5763272405472931,4.416945460052304,0.057420537,0,0.42240062,0.56778497,4.3569994,41.53873,0.6152667999267578,0.05743385698165286
2020-10-09,Zozu_plus_DER_AL581_eobs2541__2020__southbound_01,Zozu + / DER AL581 (eobs2541),41.574684,0.616202,41.57438,0.61609197,41.553074,0.5855710644877775,3.4727828028526107,0.035122924,0,0.36372074,0.56778497,3.4961486,41.574684,0.6162019968032837,0.035146732883014196
2020-10-10,Europa_DER_A1A26_eobs_4004__2020__southbound_01,Europa / DER A1A26 (eobs 4004),37.814182,-4.7477293,37.81433,-4.7482333,37.78676,-4.784734770175303,4.4367915854512665,0.04714473,0,0.42567757,0.56778497,4.4492598,37.814182,-4.747729301452637,0.04726464066918399
2020-10-10,Sierit_DER_AN858_eobs2561__2020__southbound_01,Sierit  / DER AN858 (eobs2561),41.538876,0.6159291,41.55744,0.5663189,41.513195,0.5780122152885966,5.015357539946418,4.615813,0,0.41849524,0.56778497,4.248544,41.538876,0.615929126739502,4.615874036068631
2020-10-10,Zozu_plus_DER_AL581_eobs2541__2020__southbound_01,Zozu + / DER AL581 (eobs2541),41.57438,0.61609197,41.532433,0.5235083,41.552933,0.5856577572448773,5.652431505704317,9.005918,0,0.36422285,0.56778497,3.4718893,41.57438,0.6160919666290283,9.005944556787579
2020-10-11,Europa_DER_A1A26_eobs_4004__2020__southbound_01,Europa / DER A1A26 (eobs 4004),37.81433,-4.7482333,37.81456,-4.741742,37.78809,-4.783508426039846,4.704160779519492,0.57080084,0,0.4184655,0.56778497,4.248976,37.81433,-4.748233318328857,0.5707803454347706
2020-10-11,Sierit_DER_AN858_eobs2561__2020__southbound_01,Sierit  / DER AN858 (eobs2561),41.55744,0.5663189,41.56563,0.5551269,41.532276,0.5295363132226893,4.276881570526657,1.3023535,0,0.41369644,0.56778497,4.1395516,41.55744,0.566318929195404,1.302495289482082
2020-10-11,Zozu_plus_DER_AL581_eobs2541__2020__southbound_01,Zozu + / DER AL581 (eobs2541),41.532433,0.5235083,41.57467,0.6163241,41.51084,0.49307554935778836,12.47339800555482,9.039298,0,0.36500528,0.56778497,3.483871,41.532433,0.5235083103179932,9.039168415806575
2020-10-12,Europa_DER_A1A26_eobs_4004__2020__southbound_01,Europa / DER A1A26 (eobs 4004),37.81456,-4.741742,37.814034,-4.7475533,37.78989,-4.774620699711768,3.5864364771151007,0.5138154,0,0.40626752,0.56778497,3.9762466,37.81456,-4.741742134094238,0.5138274764907983
2020-10-12,Sierit_DER_AN858_eobs2561__2020__southbound_01,Sierit  / DER AN858 (eobs2561),41.56563,0.5551269,41.540848,0.615309,41.54128,0.5200832942429725,7.925529045901038,5.716075,0,0.40446106,0.56778497,3.97214,41.56563,0.5551269054412842,5.716065971285214
2020-10-12,Zozu_plus_DER_AL581_eobs2541__2020__southbound_01,Zozu + / DER AL581 (eobs2541),41.57467,0.6163241,41.574665,0.6162921,41.553474,0.5866340829362078,3.4118314296488212,0.0027402197,0,0.36074132,0.56778497,3.4077075,41.57467,0.6163241267204285,0.0026961079084404874
2020-10-13,Europa_DER_A1A26_eobs_4004__2020__southbound_01,Europa / DER A1A26 (eobs 4004),37.814034,-4.7475533,37.793373,-4.7483387,37.790062,-4.779241171109565,2.740284553918787,2.29866,0,0.40015376,0.56778497,3.8473115,37.814034,-4.74755334854126,2.298370801799581
2020-10-13,Sierit_DER_AN858_eobs2561__2020__southbound_01,Sierit  / DER AN858 (eobs2561),41.540848,0.615309,41.564766,0.5779345,41.517483,0.5821821937576349,5.269528197271049,4.0923047,0,0.39415056,0.56778497,3.7816753,41.540848,0.6153090000152588,4.092134934956032
2020-10-13,Zozu_plus_DER_AL581_eobs2541__2020__southbound_01,Zozu + / DER AL581 (eobs2541),41.574665,0.6162921,41.57442,0.61604804,41.553993,0.5874374189331452,3.2902159679567666,0.03397507,0,0.35556838,0.56778497,3.3175375,41.574665,0.6162921190261841,0.03390003916664664
2020-10-14,Sierit_DER_AN858_eobs2561__2020__southbound_01,Sierit  / DER AN858 (eobs2561),41.564766,0.5779345,41.539097,0.6156336,41.54193,0.5458066660116447,5.820100849314133,4.241186,0,0.3875726,0.56778497,3.6802857,41.564766,0.5779345035552979,4.241238585312413
2020-10-14,Zozu_plus_DER_AL581_eobs2541__2020__southbound_01,Zozu + / DER AL581 (eobs2541),41.57442,0.61604804,41.574734,0.6159256,41.554073,0.5876745623078262,3.2866671766799547,0.036424074,0,0.3526522,0.56778497,3.2637994,41.57442,0.6160480380058289,0.03624266057418695
2020-10-15,Sierit_DER_AN858_eobs2561__2020__southbound_01,Sierit  / DER AN858 (eobs2561),41.539097,0.6156336,41.563137,0.5556448,41.516846,0.5847759114618103,5.689801443960598,5.662488,0,0.38027224,0.56778497,3.5598197,41.539097,0.6156336069107056,5.662609742943638
2020-10-15,Zozu_plus_DER_AL581_eobs2541__2020__southbound_01,Zozu + / DER AL581 (eobs2541),41.574734,0.6159256,41.574677,0.6165224,41.5548,0.5882865091321352,3.225556412260794,0.05004229,0,0.34812802,0.56778497,3.1880686,41.574734,0.6159256100654602,0.05004715432449675
2020-10-16,Sierit_DER_AN858_eobs2561__2020__southbound_01,Sierit  / DER AN858 (eobs2561),41.563137,0.5556448,41.55762,0.5467268,41.54136,0.5256001884812601,2.5220365727929295,0.9625661,0,0.37536752,0.56778497,3.4741848,41.563137,0.5556448101997375,0.9626890266168843
2020-10-16,Zozu_plus_DER_AL581_eobs2541__2020__southbound_01,Zozu + / DER AL581 (eobs2541),41.574677,0.6165224,41.526695,0.4314196,41.55504,0.5895240221872516,13.530810621842697,16.301146,1,0.34454525,0.56778497,3.126794,41.574677,0.6165223717689514,16.301147727987594
2020-10-17,Sierit_DER_AN858_eobs2561__2020__southbound_01,Sierit  / DER AN858 (eobs2561),41.55762,0.5467268,41.539963,0.61474,41.536335,0.5175038270472324,8.103122905435871,5.990791,0,0.3716554,0.56778497,3.3872418,41.55762,0.5467268228530884,5.990795369460195
2020-10-18,Sierit_DER_AN858_eobs2561__2020__southbound_01,Sierit  / DER AN858 (eobs2561),41.539963,0.61474,41.558624,0.52631336,41.518967,0.5859662911563075,6.640499753233721,7.645549,0,0.3690288,0.56778497,3.3387442,41.539963,0.6147400140762329,7.645560782820062
2020-10-19,Sierit_DER_AN858_eobs2561__2020__southbound_01,Sierit  / DER AN858 (eobs2561),41.558624,0.52631336,41.538605,0.6161277,41.53791,0.4978402183297596,9.845486800258724,7.798555,0,0.36812833,0.56778497,3.2982998,41.558624,0.5263133645057678,7.798600116788587
2020-10-20,Sierit_DER_AN858_eobs2561__2020__southbound_01,Sierit  / DER AN858 (eobs2561),41.538605,0.6161277,41.56393,0.5124798,41.51859,0.588682542745458,8.10197051348953,9.073045,0,0.36298075,0.56778497,3.183688,41.538605,0.6161277294158936,9.073079214586095
2020-10-21,Sierit_DER_AN858_eobs2561__2020__southbound_01,Sierit  / DER AN858 (eobs2561),41.56393,0.5124798,41.563473,0.524276,41.54411,0.485144184390406,3.9036818324703586,0.98273814,0,0.36198753,0.56778497,3.1615317,41.56393,0.5124797821044922,0.9827449572092326
2020-10-22,Sierit_DER_AN858_eobs2561__2020__southbound_01,Sierit  / DER AN858 (eobs2561),41.563473,0.524276,41.563393,0.52437973,41.544155,0.4976073675238162,3.0884812010812634,0.012612383,0,0.35819244,0.56778497,3.0828543,41.563473,0.5242760181427002,0.012401664979475032
2020-10-23,Sierit_DER_AN858_eobs2561__2020__southbound_01,Sierit  / DER AN858 (eobs2561),41.563393,0.52437973,41.53905,0.6156396,41.544464,0.49826646521727475,9.787079361726969,8.06203,0,0.35573137,0.56778497,3.0194914,41.563393,0.5243797302246094,8.06205895533301
2020-10-24,Sierit_DER_AN858_eobs2561__2020__southbound_01,Sierit  / DER AN858 (eobs2561),41.53905,0.6156396,41.563145,0.5244061,41.52051,0.5902390725993071,7.245208938068822,8.050822,0,0.35131282,0.56778497,2.9475944,41.53905,0.6156396269798279,8.05079066841887
2020-10-25,Sierit_DER_AN858_eobs2561__2020__southbound_01,Sierit  / DER AN858 (eobs2561),41.563145,0.5244061,41.563354,0.5142834,41.545193,0.4998877633043367,2.3480346428292225,0.8425162,0,0.3468944,0.56778497,2.849185,41.563145,0.5244060754776001,0.842516009738775
2020-10-26,Sierit_DER_AN858_eobs2561__2020__southbound_01,Sierit  / DER AN858 (eobs2561),41.563354,0.5142834,41.539154,0.61587,41.545387,0.4897381514718893,10.520280795243055,8.87135,0,0.34802523,0.56778497,2.8519826,41.563354,0.5142834186553955,8.871422500464481
2020-10-27,Sierit_DER_AN858_eobs2561__2020__southbound_01,Sierit  / DER AN858 (eobs2561),41.539154,0.61587,41.56333,0.5244252,41.521355,0.5916339228089696,7.285184509059662,8.0703945,0,0.34659395,0.56778497,2.8209207,41.539154,0.6158699989318848,8.070456804084042
2020-10-28,Sierit_DER_AN858_eobs2561__2020__southbound_01,Sierit  / DER AN858 (eobs2561),41.56333,0.5244252,41.53877,0.6144356,41.545647,0.500260040794828,9.533090034305964,7.972534,0,0.3460837,0.56778497,2.8073277,41.56333,0.524425208568573,7.972608156660549
2020-10-29,Sierit_DER_AN858_eobs2561__2020__southbound_01,Sierit  / DER AN858 (eobs2561),41.53877,0.6144356,41.538696,0.6145264,41.52135,0.5906745081447828,2.7680442605454525,0.011279184,0,0.34361932,0.56778497,2.7633114,41.53877,0.614435613155365,0.011047085745133871
2020-10-30,Sierit_DER_AN858_eobs2561__2020__southbound_01,Sierit  / DER AN858 (eobs2561),41.538696,0.6145264,41.55891,0.5268293,41.521473,0.5911479071802433,6.7812609166107,7.63626,0,0.34162426,0.56778497,2.7252917,41.538696,0.6145263910293579,7.636220960522391
2020-10-31,Sierit_DER_AN858_eobs2561__2020__southbound_01,Sierit  / DER AN858 (eobs2561),41.55891,0.5268293,41.551395,0.56133294,41.542274,0.5043823380963993,4.846726999549838,2.9901366,0,0.33562165,0.56778497,2.623971,41.55891,0.5268293023109436,2.990156006363062
2020-11-01,Sierit_DER_AN858_eobs2561__2020__southbound_01,Sierit  / DER AN858 (eobs2561),41.551395,0.56133294,41.558556,0.4972057,41.53517,0.5394289800448192,4.371261561514984,5.395059,0,0.33262545,0.56778497,2.5601144,41.551395,0.5613329410552979,5.3950638067549574
2020-11-02,Sierit_DER_AN858_eobs2561__2020__southbound_01,Sierit  / DER AN858 (eobs2561),41.558556,0.4972057,41.53878,0.5244493,41.542507,0.47551365105549204,4.0938403869472335,3.1584406,0,0.33190274,0.56778497,2.5337336,41.558556,0.4972057044506073,3.1583576018061033
2020-11-03,Sierit_DER_AN858_eobs2561__2020__southbound_01,Sierit  / DER AN858 (eobs2561),41.53878,0.5244493,41.538795,0.614788,41.522892,0.502964184876469,9.47476140000216,7.518916,0,0.3314097,0.56778497,2.5092764,41.53878,0.5244492888450623,7.518916878170415
2020-11-04,Sierit_DER_AN858_eobs2561__2020__southbound_01,Sierit  / DER AN858 (eobs2561),41.538795,0.614788,41.563683,0.5235328,41.523018,0.5935150434572669,7.373434477851539,8.082298,0,0.33021295,0.56778497,2.4882727,41.538795,0.6147879958152771,8.082255181230007
2020-11-05,Sierit_DER_AN858_eobs2561__2020__southbound_01,Sierit  / DER AN858 (eobs2561),41.563683,0.5235328,41.545643,0.5918536,41.547924,0.5022737786254816,7.459148331082348,6.028582,0,0.33030072,0.56778497,2.4854422,41.563683,0.5235328078269958,6.0284795279972085
2020-11-06,Sierit_DER_AN858_eobs2561__2020__southbound_01,Sierit  / DER AN858 (eobs2561),41.545643,0.5918536,41.563103,0.52451146,41.530144,0.5709092732545729,5.323576269488371,5.9303946,0,0.32850793,0.56778497,2.4468281,41.545643,0.5918536186218262,5.930352661802609
2020-11-07,Sierit_DER_AN858_eobs2561__2020__southbound_01,Sierit  / DER AN858 (eobs2561),41.563103,0.52451146,41.564594,0.513241,41.54781,0.5037437926484767,2.0267778721277496,0.95221853,0,0.32706597,0.56778497,2.4199579,41.563103,0.524511456489563,0.9522350649154556
2020-11-08,Sierit_DER_AN858_eobs2561__2020__southbound_01,Sierit  / DER AN858 (eobs2561),41.564594,0.513241,41.563316,0.5243891,41.549496,0.49277487514776525,3.0465513831646014,0.9382705,0,0.32490763,0.56778497,2.3871567,41.564594,0.5132409930229187,0.938320155514455
2020-11-09,Sierit_DER_AN858_eobs2561__2020__southbound_01,Sierit  / DER AN858 (eobs2561),41.563316,0.5243891,41.563374,0.5244171,41.54852,0.5044018800401134,2.3456136656873006,0.0065807714,0,0.32182458,0.56778497,2.3353863,41.563316,0.5243890881538391,0.006776095392306553
2020-11-10,Sierit_DER_AN858_eobs2561__2020__southbound_01,Sierit  / DER AN858 (eobs2561),41.563374,0.5244171,41.563255,0.5245554,41.549,0.5049432522308551,2.2750237681342984,0.01749343,0,0.3184617,0.56778497,2.271821,41.563374,0.5244171023368835,0.017472026705927547
2020-11-11,Sierit_DER_AN858_eobs2561__2020__southbound_01,Sierit  / DER AN858 (eobs2561),41.563255,0.5245554,41.56339,0.5244098,41.549004,0.5052196018253031,2.2601541590507077,0.01914534,0,0.31826988,0.56778497,2.254327,41.563255,0.5245553851127625,0.019161916573357834
2020-11-12,Sierit_DER_AN858_eobs2561__2020__southbound_01,Sierit  / DER AN858 (eobs2561),41.56339,0.5244098,41.563305,0.52443475,41.549316,0.5051728774999965,2.233426606793124,0.009710322,0,0.31790337,0.56778497,2.2343047,41.56339,0.5244097709655762,0.009560389438267956
2020-11-13,Sierit_DER_AN858_eobs2561__2020__southbound_01,Sierit  / DER AN858 (eobs2561),41.563305,0.52443475,41.563263,0.5244496,41.549335,0.5052799971635751,2.223190227299455,0.0046483628,0,0.31811568,0.56778497,2.2216392,41.563305,0.5244347453117371,0.004826556048290187
2020-11-14,Sierit_DER_AN858_eobs2561__2020__southbound_01,Sierit  / DER AN858 (eobs2561),41.563263,0.5244496,41.56327,0.5244317,41.549343,0.5052652012784614,2.2230058990729304,0.0017290312,0,0.31919953,0.56778497,2.2194595,41.563263,0.5244495868682861,0.001712594862684087
2020-11-15,Sierit_DER_AN858_eobs2561__2020__southbound_01,Sierit  / DER AN858 (eobs2561),41.56327,0.5244317,41.56339,0.5243646,41.549408,0.5052860044246134,2.2219128765398173,0.014371906,0,0.31964135,0.56778497,2.2127085,41.56327,0.5244317054748535,0.01428591643811246
2020-11-16,Sierit_DER_AN858_eobs2561__2020__southbound_01,Sierit  / DER AN858 (eobs2561),41.56339,0.5243646,41.56338,0.5244032,41.549667,0.5054194800160057,2.1955531136361244,0.0033572332,0,0.31775585,0.56778497,2.189832,41.56339,0.5243645906448364,0.003323544505351084
2020-11-17,Sierit_DER_AN858_eobs2561__2020__southbound_01,Sierit  / DER AN858 (eobs2561),41.56338,0.5244032,41.56339,0.5243935,41.54978,0.5056799372954115,2.171141012957329,0.0010542151,0,0.3161961,0.56778497,2.1671093,41.56338,0.5244032144546509,0.001171786053124297
2020-11-18,Sierit_DER_AN858_eobs2561__2020__southbound_01,Sierit  / DER AN858 (eobs2561),41.56339,0.5243935,41.563416,0.5243944,41.550034,0.5060678146218269,2.130609706035933,0.0031699443,0,0.3135802,0.56778497,2.1245341,41.56339,0.5243934988975525,0.00297016058687991
2020-11-19,Sierit_DER_AN858_eobs2561__2020__southbound_01,Sierit  / DER AN858 (eobs2561),41.563416,0.5243944,41.563408,0.52437013,41.550278,0.5063229641208842,2.094419740546332,0.0021181381,0,0.3115559,0.56778497,2.0926275,41.563416,0.5243943929672241,0.0021893662018201694
2020-11-20,Sierit_DER_AN858_eobs2561__2020__southbound_01,Sierit  / DER AN858 (eobs2561),41.563408,0.52437013,41.563274,0.5244513,41.550285,0.5064593611615839,2.080201766049882,0.016571395,0,0.31112644,0.56778497,2.0818539,41.563408,0.5243701338768005,0.0163103398649492
2020-11-21,Sierit_DER_AN858_eobs2561__2020__southbound_01,Sierit  / DER AN858 (eobs2561),41.563274,0.5244513,41.563248,0.5244383,41.55027,0.5068237312966644,2.0568274198406504,0.0029725146,0,0.30948657,0.56778497,2.0558736,41.563274,0.5244513154029846,0.0031599101172394227
2020-11-22,Sierit_DER_AN858_eobs2561__2020__southbound_01,Sierit  / DER AN858 (eobs2561),41.563248,0.5244383,41.563385,0.5165925,41.550327,0.5069477697566807,1.6589723101610818,0.65293205,0,0.30916238,0.56778497,2.0412822,41.563248,0.5244383215904236,0.6529406724322001
2020-11-23,Sierit_DER_AN858_eobs2561__2020__southbound_01,Sierit  / DER AN858 (eobs2561),41.563385,0.5165925,41.534954,0.51965564,41.55064,0.49927389240620246,2.4330256713178757,3.1714313,0,0.30863893,0.56778497,2.0176065,41.563385,0.5165925025939941,3.1716404983019624
2021-08-22,Ed_plus_AAL16_e-obs_7210__2021__southbound_01,"Ed + (AAL16, e-obs 7210)",47.692856,7.6267424,47.69284,7.626746,47.49572,7.158265270023775,41.407148484529834,0.0016066527,0,0.743469,0.56778497,41.279305,47.49572,7.158265270023775,41.407148484529834
2021-08-23,Ed_plus_AAL16_e-obs_7210__2021__southbound_01,"Ed + (AAL16, e-obs 7210)",47.69284,7.626746,47.692814,7.6267595,47.49644,7.163065761009689,41.05856476638421,0.0033387605,0,0.74897856,0.56778497,40.932095,47.49644,7.163065761009689,41.05856476638421
2021-08-24,Ed_plus_AAL16_e-obs_7210__2021__southbound_01,"Ed + (AAL16, e-obs 7210)",47.692814,7.6267595,47.69283,7.626755,47.50304,7.1825596865275205,39.429555486457616,0.0018321696,0,0.7447447,0.56778497,39.30884,47.50304,7.1825596865275205,39.429555486457616
2021-08-25,Ed_plus_AAL16_e-obs_7210__2021__southbound_01,"Ed + (AAL16, e-obs 7210)",47.69283,7.626755,47.692833,7.6267385,47.50909,7.200042015080582,37.960047501115376,0.0013819534,0,0.73323905,0.56778497,37.846996,47.50909,7.200042015080582,37.960047501115376
2021-08-26,Ed_plus_AAL16_e-obs_7210__2021__southbound_01,"Ed + (AAL16, e-obs 7210)",47.692833,7.6267385,47.692825,7.6267347,47.516544,7.219112985408402,36.30637699161058,0.0010755446,0,0.72590065,0.56778497,36.20027,47.516544,7.219112985408402,36.30637699161058
2021-08-27,Ed_plus_AAL16_e-obs_7210__2021__southbound_01,"Ed + (AAL16, e-obs 7210)",47.692825,7.6267347,47.69282,7.626746,47.522118,7.235515973124583,34.93613126482973,0.00089902664,0,0.72064006,0.56778497,34.834354,47.522118,7.235515973124583,34.93613126482973
2021-08-28,Ed_plus_AAL16_e-obs_7210__2021__southbound_01,"Ed + (AAL16, e-obs 7210)",47.69282,7.626746,47.692833,7.6267357,47.529316,7.254886550798244,33.28074560358365,0.0012948118,0,0.7123776,0.56778497,33.185894,47.529316,7.254886550798244,33.28074560358365
2021-08-29,Ed_plus_AAL16_e-obs_7210__2021__southbound_01,"Ed + (AAL16, e-obs 7210)",47.692833,7.6267357,47.692806,7.6267524,47.532497,7.263477301443776,32.54687181178408,0.0029519296,0,0.7104487,0.56778497,32.45562,47.532497,7.263477301443776,32.54687181178408
2021-08-30,Ed_plus_AAL16_e-obs_7210__2021__southbound_01,"Ed + (AAL16, e-obs 7210)",47.692806,7.6267524,47.692837,7.6267357,47.54116,7.286044074078974,30.603228197898527,0.0035624169,0,0.7011416,0.56778497,30.517883,47.54116,7.286044074078974,30.603228197898527
2021-08-31,Ed_plus_AAL16_e-obs_7210__2021__southbound_01,"Ed + (AAL16, e-obs 7210)",47.692837,7.6267357,47.692837,7.626745,47.546974,7.300611226581391,29.335403326617115,0.000743363,0,0.6952443,0.56778497,29.255037,47.546974,7.300611226581391,29.335403326617115
2021-09-01,Ed_plus_AAL16_e-obs_7210__2021__southbound_01,"Ed + (AAL16, e-obs 7210)",47.692837,7.626745,47.692825,7.6267204,47.55336,7.317098427712359,27.909866448394897,0.00223526,0,0.68614566,0.56778497,27.837433,47.55336,7.317098427712359,27.909866448394897
2021-09-02,Ed_plus_AAL16_e-obs_7210__2021__southbound_01,"Ed + (AAL16, e-obs 7210)",47.692825,7.6267204,47.69283,7.626735,47.56687,7.351507679736263,24.93058857099277,0.0012096438,0,0.6665942,0.56778497,24.865294,47.56687,7.351507679736263,24.93058857099277
2021-09-03,Ed_plus_AAL16_e-obs_7210__2021__southbound_01,"Ed + (AAL16, e-obs 7210)",47.69283,7.626735,47.692818,7.626737,47.585434,7.3957499237578554,21.025757521518056,0.0013193878,0,0.63738006,0.56778497,20.974949,47.585434,7.3957499237578554,21.025757521518056
2021-09-04,Ed_plus_AAL16_e-obs_7210__2021__southbound_01,"Ed + (AAL16, e-obs 7210)",47.692818,7.626737,47.692825,7.626731,47.593014,7.414013237236348,19.4201670370907,0.0010430516,0,0.6270318,0.56778497,19.37352,47.593014,7.414013237236348,19.4201670370907
2021-09-05,Ed_plus_AAL16_e-obs_7210__2021__southbound_01,"Ed + (AAL16, e-obs 7210)",47.692825,7.626731,47.69284,7.626754,47.599438,7.429626631746647,18.053888871812998,0.0023760789,0,0.6186513,0.56778497,18.009142,47.599438,7.429626631746647,18.053888871812998
2021-09-06,Ed_plus_AAL16_e-obs_7210__2021__southbound_01,"Ed + (AAL16, e-obs 7210)",47.69284,7.626754,47.69283,7.62674,47.609047,7.450487449785418,16.158395743743792,0.0016992027,0,0.60218793,0.56778497,16.12287,47.609047,7.450487449785418,16.158395743743792
2021-09-07,Ed_plus_AAL16_e-obs_7210__2021__southbound_01,"Ed + (AAL16, e-obs 7210)",47.69283,7.62674,47.69283,7.6267524,47.612526,7.4590951879879785,15.409057483014452,0.0009372252,0,0.5940484,0.56778497,15.373432,47.612526,7.4590951879879785,15.409057483014452
2021-09-08,Ed_plus_AAL16_e-obs_7210__2021__southbound_01,"Ed + (AAL16, e-obs 7210)",47.69283,7.6267524,47.692833,7.6267395,47.61511,7.464988469831125,14.882125848211036,0.0010643532,0,0.58895725,0.56778497,14.849237,47.61511,7.464988469831125,14.882125848211036
2021-09-09,Ed_plus_AAL16_e-obs_7210__2021__southbound_01,"Ed + (AAL16, e-obs 7210)",47.692833,7.6267395,47.69282,7.6267447,47.61956,7.474976860160312,13.984814544225275,0.0013909956,0,0.5803563,0.56778497,13.954187,47.61956,7.474976860160312,13.984814544225275
2021-09-10,Ed_plus_AAL16_e-obs_7210__2021__southbound_01,"Ed + (AAL16, e-obs 7210)",47.69282,7.6267447,47.69285,7.6267695,47.621365,7.4792136425367985,13.613112035232392,0.003637212,0,0.57595176,0.56778497,13.579834,47.621365,7.4792136425367985,13.613112035232392
2021-09-11,Ed_plus_AAL16_e-obs_7210__2021__southbound_01,"Ed + (AAL16, e-obs 7210)",47.69285,7.6267695,47.53392,7.5431767,47.620064,7.476441619038975,10.807935256171307,18.74988,1,0.5800159,0.56778497,13.835425,47.620064,7.476441619038975,10.807935256171307
2021-09-12,Ed_plus_AAL16_e-obs_7210__2021__southbound_01,"Ed + (AAL16, e-obs 7210)",47.53392,7.5431767,47.293636,6.1651664,47.460075,7.391594036410571,94.18311295544416,107.07468,1,0.5857683,0.56778497,14.008371,47.460075,7.391594036410571,94.18311295544416
2021-09-12,Sierit_DER_AN858_eobs2561__2021__southbound_01,Sierit  / DER AN858 (eobs2561),47.504314,8.492643,47.209435,7.6871953,47.41236,8.308401751560483,51.986372988209915,68.9647,1,0.5737431,0.56778497,17.176691,47.41236,8.308401751560483,51.986372988209915
2021-09-13,Ed_plus_AAL16_e-obs_7210__2021__southbound_01,"Ed + (AAL16, e-obs 7210)",47.293636,6.1651664,45.9427,5.038446,47.20111,5.9691294027986155,156.9725390706664,173.11523,1,0.643355,0.56778497,17.980434,47.20111,5.9691294027986155,156.9725390706664
2021-09-13,Sierit_DER_AN858_eobs2561__2021__southbound_01,Sierit  / DER AN858 (eobs2561),47.209435,7.6871953,45.919697,5.929899,47.10689,7.472810048167183,177.09928962399792,196.4996,1,0.6169481,0.56778497,19.770824,47.10689,7.472810048167183,177.09928962399792
2021-09-14,Ed_plus_AAL16_e-obs_7210__2021__southbound_01,"Ed + (AAL16, e-obs 7210)",45.9427,5.038446,45.937496,5.0351863,45.840733,4.825645774765116,19.46248574659085,0.63083,0,0.67199236,0.56778497,19.947422,45.840733,4.825645774765116,19.46248574659085
2021-09-14,Sierit_DER_AN858_eobs2561__2021__southbound_01,Sierit  / DER AN858 (eobs2561),45.919697,5.929899,45.639435,5.111113,45.786316,5.649555553114406,44.882959148222795,70.731415,1,0.68556815,0.56778497,26.226366,45.786316,5.649555553114406,44.882959148222795
2021-09-15,Ed_plus_AAL16_e-obs_7210__2021__southbound_01,"Ed + (AAL16, e-obs 7210)",45.937496,5.0351863,45.932526,5.037642,45.836853,4.8259214077084565,19.538082550150865,0.5845008,0,0.6703521,0.56778497,19.640625,45.836853,4.8259214077084565,19.538082550150865
2021-09-15,Sierit_DER_AN858_eobs2561__2021__southbound_01,Sierit  / DER AN858 (eobs2561),45.639435,5.111113,45.903297,4.9508886,45.507923,4.83707024615471,44.843270562888286,31.863426,1,0.68753684,0.56778497,25.795649,45.507923,4.83707024615471,44.843270562888286
2021-09-16,Ed_plus_AAL16_e-obs_7210__2021__southbound_01,"Ed + (AAL16, e-obs 7210)",45.932526,5.037642,44.87422,4.7733636,45.836388,4.839000402772242,107.11095261911517,119.47311,1,0.6640731,0.56778497,18.682775,45.836388,4.839000402772242,107.11095261911517
2021-09-16,Sierit_DER_AN858_eobs2561__2021__southbound_01,Sierit  / DER AN858 (eobs2561),45.903297,4.9508886,45.453598,4.882936,45.780987,4.69629997294811,39.19125021589084,50.28236,1,0.6784923,0.56778497,23.896225,45.780987,4.69629997294811,39.19125021589084
2021-09-17,Ed_plus_AAL16_e-obs_7210__2021__southbound_01,"Ed + (AAL16, e-obs 7210)",44.87422,4.7733636,43.42441,3.586989,44.78284,4.588842920572866,170.92192750702202,186.94069,1,0.6584109,0.56778497,17.7075,44.78284,4.588842920572866,170.92192750702202
2021-09-17,Europa_DER_A1A26_eobs_4004__2021__southbound_01,Europa / DER A1A26 (eobs 4004),41.629025,0.7369565,41.538486,0.6144332,41.5437,0.5832509261652945,2.6592082753117956,14.324684,1,0.6441509,0.56778497,15.884757,41.5437,0.5832509261652945,2.6592082753117956
2021-09-17,Sierit_DER_AN858_eobs2561__2021__southbound_01,Sierit  / DER AN858 (eobs2561),45.453598,4.882936,43.614338,4.017332,45.340214,4.649784670978428,198.35886245919684,215.71472,1,0.6698551,0.56778497,22.090328,45.340214,4.649784670978428,198.35886245919684
2021-09-18,Ed_plus_AAL16_e-obs_7210__2021__southbound_01,"Ed + (AAL16, e-obs 7210)",43.42441,3.586989,42.5008,2.1136606,43.330975,3.403406746067313,139.82713440275938,157.85815,1,0.6686985,0.56778497,18.072144,43.330975,3.403406746067313,139.82713440275938
2021-09-18,Europa_DER_A1A26_eobs_4004__2021__southbound_01,Europa / DER A1A26 (eobs 4004),41.538486,0.6144332,41.53835,0.61458236,41.470394,0.49558930228691767,12.461430153371486,0.0198458,0,0.60629267,0.56778497,12.434794,41.470394,0.49558930228691767,12.461430153371486
2021-09-18,Sierit_DER_AN858_eobs2561__2021__southbound_01,Sierit  / DER AN858 (eobs2561),43.614338,4.017332,43.123764,2.9536963,43.505253,3.801493254576433,80.64802119569154,101.82017,1,0.66838413,0.56778497,21.153875,43.505253,3.801493254576433,80.64802119569154
2021-09-19,Ed_plus_AAL16_e-obs_7210__2021__southbound_01,"Ed + (AAL16, e-obs 7210)",42.5008,2.1136606,41.959824,1.273122,42.40272,1.923053165736131,72.75473419822455,91.69355,1,0.6805854,0.56778497,19.022215,42.40272,1.923053165736131,72.75473419822455
2021-09-19,Europa_DER_A1A26_eobs_4004__2021__southbound_01,Europa / DER A1A26 (eobs 4004),41.53835,0.61458236,41.546925,0.6032092,41.475815,0.5064096659587796,11.290979106988981,1.3435622,0,0.59081197,0.56778497,11.355826,41.475815,0.5064096659587796,11.290979106988981
2021-09-19,Sierit_DER_AN858_eobs2561__2021__southbound_01,Sierit  / DER AN858 (eobs2561),43.123764,2.9536963,42.526676,2.9177837,43.01515,2.7425148290411636,56.16815982360302,66.45785,1,0.671906,0.56778497,20.930288,43.01515,2.7425148290411636,56.16815982360302
2021-09-20,Ed_plus_AAL16_e-obs_7210__2021__southbound_01,"Ed + (AAL16, e-obs 7210)",41.959824,1.273122,41.48175,0.37422925,41.856895,1.0760062175904406,71.67892544935847,91.60537,1,0.69125,0.56778497,19.880844,41.856895,1.0760062175904406,71.67892544935847
2021-09-20,Europa_DER_A1A26_eobs_4004__2021__southbound_01,Europa / DER A1A26 (eobs 4004),41.546925,0.6032092,41.736565,0.5489771,41.499714,0.5250316292784092,26.41175249455987,21.56332,1,0.5331383,0.56778497,8.345084,41.546925,0.6032091975212097,21.563216311316022
2021-09-20,Sierit_DER_AN858_eobs2561__2021__southbound_01,Sierit  / DER AN858 (eobs2561),42.526676,2.9177837,41.6055,0.741106,42.429207,2.7328891924315952,188.31121390184012,206.8164,1,0.655491,0.56778497,18.596048,42.429207,2.7328891924315952,188.31121390184012
2021-09-21,Ed_plus_AAL16_e-obs_7210__2021__southbound_01,"Ed + (AAL16, e-obs 7210)",41.48175,0.37422925,41.53132,-0.4183052,41.37946,0.18168883947045827,52.77617408722073,66.22527,1,0.69154197,0.56778497,19.628498,41.37946,0.18168883947045827,52.77617408722073
2021-09-21,Europa_DER_A1A26_eobs_4004__2021__southbound_01,Europa / DER A1A26 (eobs 4004),41.736565,0.5489771,41.744118,0.5486276,41.69134,0.4744568579675622,8.50511698126688,0.8404736,0,0.52343553,0.56778497,7.955998,41.736565,0.5489770770072937,0.8403679781714188
2021-09-21,Sierit_DER_AN858_eobs2561__2021__southbound_01,Sierit  / DER AN858 (eobs2561),41.6055,0.741106,41.53853,0.6149601,41.501373,0.5468981440115418,7.012692358827732,12.867578,1,0.67403775,0.56778497,19.834576,41.501373,0.5468981440115418,7.012692358827732
2021-09-22,Ed_plus_AAL16_e-obs_7210__2021__southbound_01,"Ed + (AAL16, e-obs 7210)",41.53132,-0.4183052,40.28238,-3.5975688,41.428383,-0.6118516389433277,281.5703617422626,301.08954,1,0.69542676,0.56778497,19.728151,41.428383,-0.6118516389433277,281.5703617422626
2021-09-22,Europa_DER_A1A26_eobs_4004__2021__southbound_01,Europa / DER A1A26 (eobs 4004),41.744118,0.5486276,41.74419,0.5457118,41.701836,0.4790034172705856,7.268515110790572,0.24203715,0,0.5119303,0.56778497,7.434864,41.744118,0.5486276149749756,0.2420448807415565
2021-09-22,Sierit_DER_AN858_eobs2561__2021__southbound_01,Sierit  / DER AN858 (eobs2561),41.53853,0.6149601,41.53847,0.6147878,41.446983,0.44640967823695565,17.325306208883333,0.01562597,0,0.6539548,0.56778497,17.3021,41.446983,0.44640967823695565,17.325306208883333
2021-09-23,Ed_plus_AAL16_e-obs_7210__2021__southbound_01,"Ed + (AAL16, e-obs 7210)",40.28238,-3.5975688,39.879326,-4.175836,40.173626,-3.7997943861017394,45.78331481845696,66.5512,1,0.7109022,0.56778497,20.951254,40.173626,-3.7997943861017394,45.78331481845696
2021-09-23,Europa_DER_A1A26_eobs_4004__2021__southbound_01,Europa / DER A1A26 (eobs 4004),41.74419,0.5457118,41.74405,0.5476792,41.702248,0.4770692310542478,7.479691873206219,0.1639872,0,0.5102805,0.56778497,7.348125,41.74419,0.5457118153572083,0.1639766963501538
2021-09-23,Louis_DER_AU050_eobs_3264__2021__southbound_01,Louis / DER AU050 (eobs 3264),42.618763,2.865123,41.66193,0.9516546,42.588757,2.8071720322254596,184.4871189617024,190.2834,1,0.42665806,0.56778497,5.787843,42.618763,2.8651230335235596,190.2833588310879
2021-09-23,Sierit_DER_AN858_eobs2561__2021__southbound_01,Sierit  / DER AN858 (eobs2561),41.53847,0.6147878,41.538692,0.6151355,41.45604,0.46472823646499917,15.536385648842781,0.037940174,0,0.63598937,0.56778497,15.464988,41.45604,0.46472823646499917,15.536385648842781
2021-09-24,Ed_plus_AAL16_e-obs_7210__2021__southbound_01,"Ed + (AAL16, e-obs 7210)",39.879326,-4.175836,39.883015,-4.176393,39.772156,-4.3721021097369706,20.76690615025415,0.4130017,0,0.7115789,0.56778497,20.518417,39.772156,-4.3721021097369706,20.76690615025415
2021-09-24,Europa_DER_A1A26_eobs_4004__2021__southbound_01,Europa / DER A1A26 (eobs 4004),41.74405,0.5476792,41.743896,0.548648,41.70346,0.4819382145943655,7.132165308597195,0.082075976,0,0.50491786,0.56778497,7.067029,41.74405,0.5476791858673096,0.082149585449997
2021-09-24,Louis_DER_AU050_eobs_3264__2021__southbound_01,Louis / DER AU050 (eobs 3264),41.66193,0.9516546,41.658073,0.95165163,41.630516,0.8905513117217301,5.9301315945462605,0.42904627,0,0.4444214,0.56778497,6.150979,41.66193,0.9516546130180359,0.42884157123801026
2021-09-24,Sierit_DER_AN858_eobs2561__2021__southbound_01,Sierit  / DER AN858 (eobs2561),41.538692,0.6151355,41.53863,0.6148949,41.4663,0.48513864194839246,13.4703362281535,0.021184176,0,0.61178017,0.56778497,13.461962,41.4663,0.48513864194839246,13.4703362281535
2021-09-25,Ed_plus_AAL16_e-obs_7210__2021__southbound_01,"Ed + (AAL16, e-obs 7210)",39.883015,-4.176393,39.881145,-4.176397,39.79248,-4.340470932021037,17.130692246043832,0.20802402,0,0.6823159,0.56778497,17.213394,39.79248,-4.340470932021037,17.130692246043832
2021-09-25,Europa_DER_A1A26_eobs_4004__2021__southbound_01,Europa / DER A1A26 (eobs 4004),41.743896,0.548648,41.743114,0.5468857,41.705475,0.48702688567947405,6.495816655745877,0.17023385,0,0.49448374,0.56778497,6.6508937,41.743896,0.5486479997634888,0.17011303870788205
2021-09-25,Louis_DER_AU050_eobs_3264__2021__southbound_01,Louis / DER AU050 (eobs 3264),41.658073,0.95165163,41.65926,0.9525754,41.627914,0.8931787598616788,6.0422104678536845,0.15289795,0,0.4381673,0.56778497,5.892467,41.658073,0.9516516327857971,0.15261644836997035
2021-09-25,Sierit_DER_AN858_eobs2561__2021__southbound_01,Sierit  / DER AN858 (eobs2561),41.53863,0.6148949,41.53958,0.61461765,41.473793,0.49968666778306653,12.04608752167288,0.10811002,0,0.59336317,0.56778497,11.975951,41.473793,0.49968666778306653,12.04608752167288
2021-09-26,Ed_plus_AAL16_e-obs_7210__2021__southbound_01,"Ed + (AAL16, e-obs 7210)",39.881145,-4.176397,39.85966,-4.165265,39.803818,-4.31486064373687,14.203228800879051,2.5708828,0,0.65260875,0.56778497,14.586893,39.803818,-4.31486064373687,14.203228800879051
2021-09-26,Europa_DER_A1A26_eobs_4004__2021__southbound_01,Europa / DER A1A26 (eobs 4004),41.743114,0.5468857,41.731365,0.5390256,41.7052,0.4863735256635226,5.249969750676038,1.4600403,0,0.4929468,0.56778497,6.5442796,41.743114,0.5468857288360596,1.4602021302795347
2021-09-26,Louis_DER_AU050_eobs_3264__2021__southbound_01,Louis / DER AU050 (eobs 3264),41.65926,0.9525754,41.65797,0.9512935,41.63148,0.898878125942692,5.257879209921804,0.17875265,0,0.42484862,0.56778497,5.4165144,41.65926,0.9525753855705261,0.17859387944204655
2021-09-26,Sierit_DER_AN858_eobs2561__2021__southbound_01,Sierit  / DER AN858 (eobs2561),41.53958,0.61461765,41.54041,0.6145698,41.48665,0.5220735838448969,9.7492727353182,0.092216715,0,0.5584219,0.56778497,9.676783,41.53958,0.614617645740509,0.09213225710783826
2021-09-27,Ed_plus_AAL16_e-obs_7210__2021__southbound_01,"Ed + (AAL16, e-obs 7210)",39.85966,-4.165265,39.859753,-4.165775,39.79034,-4.287890637728779,12.974018044988819,0.044708025,0,0.6320734,0.56778497,12.975983,39.79034,-4.287890637728779,12.974018044988819
2021-09-27,Europa_DER_A1A26_eobs_4004__2021__southbound_01,Europa / DER A1A26 (eobs 4004),41.731365,0.5390256,41.71099,0.3373924,41.694733,0.48121866599269064,12.076366620231823,16.887247,1,0.4865195,0.56778497,6.282092,41.731365,0.539025604724884,16.887230437313026
2021-09-27,Louis_DER_AU050_eobs_3264__2021__southbound_01,Louis / DER AU050 (eobs 3264),41.65797,0.9512935,41.659184,0.9513698,41.631264,0.8998797122330822,5.286164461407552,0.13483967,0,0.41986474,0.56778497,5.193074,41.65797,0.9512935280799866,0.1350366601023596
2021-09-27,Sierit_DER_AN858_eobs2561__2021__southbound_01,Sierit  / DER AN858 (eobs2561),41.54041,0.6145698,41.538643,0.6146714,41.501076,0.5483951286035157,6.920685018781479,0.19663581,0,0.49891257,0.56778497,7.020653,41.54041,0.6145697832107544,0.19657534381469244
2021-09-28,Ed_plus_AAL16_e-obs_7210__2021__southbound_01,"Ed + (AAL16, e-obs 7210)",39.859753,-4.165775,39.88265,-4.174532,39.79999,-4.269542070718561,12.258710984980828,2.653327,0,0.6029256,0.56778497,11.053256,39.79999,-4.269542070718561,12.258710984980828
2021-09-28,Europa_DER_A1A26_eobs_4004__2021__southbound_01,Europa / DER A1A26 (eobs 4004),41.71099,0.3373924,41.509094,-0.5416205,41.67567,0.28169472581321336,70.92880649250434,76.45,1,0.48252743,0.56778497,6.055698,41.71099,0.3373923897743225,76.44996066036519
2021-09-28,Louis_DER_AU050_eobs_3264__2021__southbound_01,Louis / DER AU050 (eobs 3264),41.659184,0.9513698,41.65781,0.9515684,41.63447,0.9040843826777272,4.722487507873406,0.15333313,0,0.4079928,0.56778497,4.7855577,41.659184,0.9513698220252991,0.15359195905406856
2021-09-28,Sierit_DER_AN858_eobs2561__2021__southbound_01,Sierit  / DER AN858 (eobs2561),41.538643,0.6146714,41.557392,0.56876373,41.50172,0.5532575520691098,6.32355597045056,4.352156,0,0.48790017,0.56778497,6.544672,41.538643,0.6146714091300964,4.352202526199633
2021-09-29,Ed_plus_AAL16_e-obs_7210__2021__southbound_01,"Ed + (AAL16, e-obs 7210)",39.88265,-4.174532,39.882633,-4.1744914,39.836655,-4.25371204738374,8.477131700061044,0.00400551,0,0.5546864,0.56778497,8.458663,39.88265,-4.174531936645508,0.0038521722457900568
2021-09-29,Europa_DER_A1A26_eobs_4004__2021__southbound_01,Europa / DER A1A26 (eobs 4004),41.509094,-0.5416205,41.586285,-0.81986606,41.474094,-0.5969515213383846,22.359326552237892,24.694977,1,0.48439756,0.56778497,6.0205574,41.509094,-0.5416204929351807,24.694879929870186
2021-09-29,Louis_DER_AU050_eobs_3264__2021__southbound_01,Louis / DER AU050 (eobs 3264),41.65781,0.9515684,41.657883,0.9513669,41.633846,0.9058446944444045,4.631538354664621,0.018488385,0,0.40496302,0.56778497,4.6318235,41.65781,0.9515684247016907,0.01858077237108055
2021-09-29,Sierit_DER_AN858_eobs2561__2021__southbound_01,Sierit  / DER AN858 (eobs2561),41.557392,0.56876373,41.54015,0.6144209,41.521927,0.5098589902463883,8.936513323829045,4.255688,0,0.48283604,0.56778497,6.2796664,41.557392,0.5687637329101562,4.255810677460714
2021-09-30,Ed_plus_AAL16_e-obs_7210__2021__southbound_01,"Ed + (AAL16, e-obs 7210)",39.882633,-4.1744914,39.882698,-4.1751933,39.840057,-4.246437356697225,7.710933766475455,0.06033915,0,0.5361519,0.56778497,7.7387366,39.882633,-4.1744914054870605,0.0603236284078198
2021-09-30,Europa_DER_A1A26_eobs_4004__2021__southbound_01,Europa / DER A1A26 (eobs 4004),41.586285,-0.81986606,41.474003,-1.0980037,41.55242,-0.8728993943514336,20.671979681676483,26.304415,1,0.47670898,0.56778497,5.789176,41.586285,-0.8198660612106323,26.304381579389222
2021-09-30,Louis_DER_AU050_eobs_3264__2021__southbound_01,Louis / DER AU050 (eobs 3264),41.657883,0.9513669,41.66376,0.951669,41.63486,0.9077493631908193,4.8624588464093765,0.6543308,0,0.3990412,0.56778497,4.428935,41.657883,0.9513669013977051,0.6541360724310505
2021-09-30,Sierit_DER_AN858_eobs2561__2021__southbound_01,Sierit  / DER AN858 (eobs2561),41.54015,0.6144209,41.573586,0.5687904,41.507515,0.5612664121089117,7.37336011187487,5.313787,0,0.46506953,0.56778497,5.7118206,41.54015,0.6144208908081055,5.313972375866171
2021-10-01,Ed_plus_AAL16_e-obs_7210__2021__southbound_01,"Ed + (AAL16, e-obs 7210)",39.882698,-4.1751933,39.882725,-4.174737,39.841915,-4.243591490437454,7.4249178836373435,0.039080337,0,0.5266601,0.56778497,7.3779936,39.882698,-4.1751933097839355,0.039050363058226095
2021-10-01,Europa_DER_A1A26_eobs_4004__2021__southbound_01,Europa / DER A1A26 (eobs 4004),41.474003,-1.0980037,40.562016,-3.2691195,41.440155,-1.150756859705615,202.81302985425424,208.46672,1,0.47842476,0.56778497,5.7762036,41.474003,-1.0980037450790405,208.4667553456866
2021-10-01,Louis_DER_AU050_eobs_3264__2021__southbound_01,Louis / DER AU050 (eobs 3264),41.66376,0.951669,41.6638,0.9497386,41.641865,0.9105081048171471,4.070930561578192,0.16041209,0,0.39057446,0.56778497,4.1901298,41.66376,0.9516689777374268,0.16040929445162896
2021-10-01,Sierit_DER_AN858_eobs2561__2021__southbound_01,Sierit  / DER AN858 (eobs2561),41.573586,0.5687904,41.57358,0.6138474,41.54196,0.5179277831585295,8.721220699562167,3.748089,0,0.4590383,0.56778497,5.491958,41.573586,0.5687903761863708,3.7480888244743595
2021-10-02,Ed_plus_AAL16_e-obs_7210__2021__southbound_01,"Ed + (AAL16, e-obs 7210)",39.882725,-4.174737,39.85636,-4.1747885,39.843376,-4.240568009479577,5.798088551309831,2.9315338,0,0.52149534,0.56778497,7.1076593,39.882725,-4.174736976623535,2.9314806486490768
2021-10-02,Europa_DER_A1A26_eobs_4004__2021__southbound_01,Europa / DER A1A26 (eobs 4004),40.562016,-3.2691195,40.32193,-3.5891702,40.527397,-3.32263856788223,32.10918283329842,38.03003,1,0.48672885,0.56778497,5.927265,40.562016,-3.2691195011138916,38.02992299456669
2021-10-02,Louis_DER_AU050_eobs_3264__2021__southbound_01,Louis / DER AU050 (eobs 3264),41.6638,0.9497386,41.663574,0.94869316,41.64247,0.9096774141968527,4.001735607649106,0.09044265,0,0.38890457,0.56778497,4.0791807,41.6638,0.949738621711731,0.09038014963921974
2021-10-02,Sierit_DER_AN858_eobs2561__2021__southbound_01,Sierit  / DER AN858 (eobs2561),41.57358,0.6138474,41.55734,0.6142457,41.54358,0.5655644221447551,4.330325770422999,1.8064123,0,0.4527234,0.56778497,5.2120457,41.57358,0.6138473749160767,1.806443582045154
2021-10-03,Ed_plus_AAL16_e-obs_7210__2021__southbound_01,"Ed + (AAL16, e-obs 7210)",39.85636,-4.1747885,39.852436,-4.2449136,39.81677,-4.240868067249911,3.9810562080454033,6.0018835,0,0.5249997,0.56778497,7.142678,39.85636,-4.174788475036621,6.001892076372135
2021-10-03,Europa_DER_A1A26_eobs_4004__2021__southbound_01,Europa / DER A1A26 (eobs 4004),40.32193,-3.5891702,40.322205,-3.5869176,40.28723,-3.6425563243520536,6.114214821455425,0.1934125,0,0.48974368,0.56778497,5.9369817,40.32193,-3.589170217514038,0.19339415459742837
2021-10-03,Louis_DER_AU050_eobs_3264__2021__southbound_01,Louis / DER AU050 (eobs 3264),41.663574,0.94869316,41.667892,0.95159733,41.64261,0.9093916957635224,4.49437342868993,0.53731364,0,0.38744178,0.56778497,4.004643,41.663574,0.9486931562423706,0.5373611858405879
2021-10-03,Sierit_DER_AN858_eobs2561__2021__southbound_01,Sierit  / DER AN858 (eobs2561),41.55734,0.6142457,41.540375,0.6144741,41.5277,0.566660867188125,4.222040129352445,1.8865314,0,0.45318085,0.56778497,5.1425495,41.55734,0.6142457127571106,1.8864045133864067
2021-10-04,Ed_plus_AAL16_e-obs_7210__2021__southbound_01,"Ed + (AAL16, e-obs 7210)",39.852436,-4.2449136,39.856407,-4.214764,39.812595,-4.311119990061509,9.56162006686178,2.6111681,0,0.5255093,0.56778497,7.1684065,39.852436,-4.244913578033447,2.6112153560445135
2021-10-04,Europa_DER_A1A26_eobs_4004__2021__southbound_01,Europa / DER A1A26 (eobs 4004),40.322205,-3.5869176,40.29139,-3.633558,40.28723,-3.640347692054077,0.7385224948805608,5.232947,0,0.49148643,0.56778497,5.9596214,40.322205,-3.5869176387786865,5.232817437177429
2021-10-04,Louis_DER_AU050_eobs_3264__2021__southbound_01,Louis / DER AU050 (eobs 3264),41.667892,0.95159733,41.65795,0.9512533,41.647297,0.9131517402172011,3.380042543276448,1.1054984,0,0.38414848,0.56778497,3.9228609,41.667892,0.9515973329544067,1.1057709191061114
2021-10-04,Sierit_DER_AN858_eobs2561__2021__southbound_01,Sierit  / DER AN858 (eobs2561),41.540375,0.6144741,41.53859,0.6149485,41.510544,0.5668262958413481,5.076827088079524,0.20239419,0,0.45544854,0.56778497,5.160854,41.540375,0.6144741177558899,0.2024026159116205
2021-10-05,Ed_plus_AAL16_e-obs_7210__2021__southbound_01,"Ed + (AAL16, e-obs 7210)",39.856407,-4.214764,39.849773,-4.247153,39.81848,-4.277377265392957,4.332135654316551,2.8614767,0,0.5151594,0.56778497,6.796138,39.856407,-4.21476411819458,2.8615158564566303
2021-10-05,Europa_DER_A1A26_eobs_4004__2021__southbound_01,Europa / DER A1A26 (eobs 4004),40.29139,-3.633558,40.262356,-3.6339383,40.257145,-3.6855877398333408,4.420871985356735,3.2283156,0,0.48758367,0.56778497,5.8183584,40.29139,-3.6335580348968506,3.2285614327163015
2021-10-05,Louis_DER_AU050_eobs_3264__2021__southbound_01,Louis / DER AU050 (eobs 3264),41.65795,0.9512533,41.665646,0.9430285,41.63763,0.9135539879163879,3.962471588868922,1.0949353,0,0.38286504,0.56778497,3.8551419,41.65795,0.9512532949447632,1.0949036100383225
2021-10-05,Sierit_DER_AN858_eobs2561__2021__southbound_01,Sierit  / DER AN858 (eobs2561),41.53859,0.6149485,41.53868,0.614892,41.509296,0.5686287912905245,5.0506636388361645,0.011339907,0,0.45170063,0.56778497,5.038245,41.53859,0.6149485111236572,0.011214033271637476
2021-10-06,Ed_plus_AAL16_e-obs_7210__2021__southbound_01,"Ed + (AAL16, e-obs 7210)",39.849773,-4.247153,39.85635,-4.17749,39.812477,-4.308332781674489,12.190864274344358,5.9914484,0,0.51221746,0.56778497,6.6574616,39.849773,-4.247152805328369,5.991428604205635
2021-10-06,Europa_DER_A1A26_eobs_4004__2021__southbound_01,Europa / DER A1A26 (eobs 4004),40.262356,-3.6339383,40.261543,-3.634287,40.228806,-3.684562767227473,5.608885112467744,0.095216915,0,0.48416886,0.56778497,5.6794333,40.262356,-3.6339383125305176,0.0950736853583373
2021-10-06,Louis_DER_AU050_eobs_3264__2021__southbound_01,Louis / DER AU050 (eobs 3264),41.665646,0.9430285,41.657867,0.951539,41.646137,0.9069661125771448,3.926298052604443,1.1172156,0,0.37742305,0.56778497,3.692129,41.665646,0.9430285096168518,1.1170778957220333
2021-10-06,Sierit_DER_AN858_eobs2561__2021__southbound_01,Sierit  / DER AN858 (eobs2561),41.53868,0.614892,41.55732,0.55529314,41.510715,0.5713028406696082,5.350748077643963,5.375244,0,0.4422082,0.56778497,4.7698526,41.53868,0.6148920059204102,5.375333363622521
2021-10-07,Ed_plus_AAL16_e-obs_7210__2021__southbound_01,"Ed + (AAL16, e-obs 7210)",39.85635,-4.17749,39.88213,-4.171537,39.821617,-4.233912886047096,8.58067344185953,2.9113204,0,0.49663475,0.56778497,6.1626325,39.85635,-4.177490234375,2.9112561819229916
2021-10-07,Europa_DER_A1A26_eobs_4004__2021__southbound_01,Europa / DER A1A26 (eobs 4004),40.261543,-3.634287,40.26184,-3.6346602,40.229237,-3.682774326999507,5.4607255629986655,0.045905188,0,0.47633114,0.56778497,5.452304,40.261543,-3.634287118911743,0.04579376668475687
2021-10-07,Louis_DER_AU050_eobs_3264__2021__southbound_01,Louis / DER AU050 (eobs 3264),41.657867,0.951539,41.6631,0.95162827,41.63875,0.9164537987743104,3.984209476407853,0.5821312,0,0.37475476,0.56778497,3.6012702,41.657867,0.9515389800071716,0.5820161473657821
2021-10-07,Sierit_DER_AN858_eobs2561__2021__southbound_01,Sierit  / DER AN858 (eobs2561),41.55732,0.55529314,41.55735,0.55482215,41.529705,0.5125071287312932,4.674545714162728,0.039354965,0,0.43995786,0.56778497,4.6930532,41.55732,0.5552931427955627,0.03933652368080711
2021-10-08,Ed_plus_AAL16_e-obs_7210__2021__southbound_01,"Ed + (AAL16, e-obs 7210)",39.88213,-4.171537,39.85583,-4.1715584,39.850693,-4.222496391066974,4.385607226628459,2.9241755,0,0.4795409,0.56778497,5.569301,39.88213,-4.171536922454834,2.924266942764543
2021-10-08,Europa_DER_A1A26_eobs_4004__2021__southbound_01,Europa / DER A1A26 (eobs 4004),40.26184,-3.6346602,40.263256,-3.6342008,40.233536,-3.6769298180413865,4.9063375465226,0.16186248,0,0.4514444,0.56778497,4.76356,40.26184,-3.634660243988037,0.16212580973250437
2021-10-08,Louis_DER_AU050_eobs_3264__2021__southbound_01,Louis / DER AU050 (eobs 3264),41.6631,0.95162827,41.657887,0.9513762,41.64476,0.9181077026161397,3.1258238303292893,0.58053803,0,0.3700424,0.56778497,3.4454772,41.6631,0.9516282677650452,0.5802259872438262
2021-10-08,Sierit_DER_AN858_eobs2561__2021__southbound_01,Sierit  / DER AN858 (eobs2561),41.55735,0.55482215,41.556698,0.5537554,41.53105,0.5144260673146103,4.341173426835613,0.114500955,0,0.43327162,0.56778497,4.447495,41.55735,0.5548221468925476,0.11462806591032632
2021-10-09,Ed_plus_AAL16_e-obs_7210__2021__southbound_01,"Ed + (AAL16, e-obs 7210)",39.85583,-4.1715584,39.854263,-4.270872,39.825184,-4.2208666431644595,5.3557259540349955,8.479296,0,0.47461239,0.56778497,5.406175,39.85583,-4.171558380126953,8.479304302622621
2021-10-09,Europa_DER_A1A26_eobs_4004__2021__southbound_01,Europa / DER A1A26 (eobs 4004),40.263256,-3.6342008,40.261814,-3.6341543,40.237392,-3.672847427158319,4.261192987584676,0.16030826,0,0.43460274,0.56778497,4.3538756,40.263256,-3.6342008113861084,0.16038688706502202
2021-10-09,Louis_DER_AU050_eobs_3264__2021__southbound_01,Louis / DER AU050 (eobs 3264),41.657887,0.9513762,41.657852,0.9515188,41.639843,0.9185466286533226,3.3934611958956316,0.012438214,0,0.36854202,0.56778497,3.3799558,41.657887,0.95137619972229,0.01244464101063333
2021-10-09,Sierit_DER_AN858_eobs2561__2021__southbound_01,Sierit  / DER AN858 (eobs2561),41.556698,0.5537554,41.5576,0.5538011,41.531033,0.514370192768003,4.415263665772019,0.100131124,0,0.43092337,0.56778497,4.3378963,41.556698,0.5537554025650024,0.10017768166201033
2021-10-10,Ed_plus_AAL16_e-obs_7210__2021__southbound_01,"Ed + (AAL16, e-obs 7210)",39.854263,-4.270872,39.8652,-4.6851053,39.823994,-4.319501126902624,31.547552582585432,35.3778,1,0.47166744,0.56778497,5.334874,39.854263,-4.270872116088867,35.37779255340567
2021-10-10,Europa_DER_A1A26_eobs_4004__2021__southbound_01,Europa / DER A1A26 (eobs 4004),40.261814,-3.6341543,40.25979,-3.6346369,40.236534,-3.671911131301167,4.085797855366848,0.2289495,0,0.4299774,0.56778497,4.254616,40.261814,-3.6341543197631836,0.22892897927834707
2021-10-10,Louis_DER_AU050_eobs_3264__2021__southbound_01,Louis / DER AU050 (eobs 3264),41.657852,0.9515188,41.662094,0.95153725,41.640312,0.9196215442419033,3.591374111748125,0.47175318,0,0.36548728,0.56778497,3.2846313,41.657852,0.9515187740325928,0.4716857298540934
2021-10-10,Sierit_DER_AN858_eobs2561__2021__southbound_01,Sierit  / DER AN858 (eobs2561),41.5576,0.5538011,41.557713,0.55440867,41.53301,0.5162728419732108,4.197425185651667,0.05213998,0,0.42330575,0.56778497,4.143215,41.5576,0.5538011193275452,0.052128869875669004
2021-10-11,Ed_plus_AAL16_e-obs_7210__2021__southbound_01,"Ed + (AAL16, e-obs 7210)",39.8652,-4.6851053,39.379917,-5.8253427,39.835224,-4.733199466936355,106.38004735111299,111.575485,1,0.4702956,0.56778497,5.278272,39.8652,-4.685105323791504,111.57548645596157
2021-10-11,Europa_DER_A1A26_eobs_4004__2021__southbound_01,Europa / DER A1A26 (eobs 4004),40.25979,-3.6346369,40.291348,-3.6336932,40.23488,-3.67171154064907,7.059261580056165,3.5099351,0,0.42573667,0.56778497,4.1842785,40.25979,-3.634636878967285,3.5101175253007937
2021-10-11,Louis_DER_AU050_eobs_3264__2021__southbound_01,Louis / DER AU050 (eobs 3264),41.662094,0.95153725,41.65781,0.95141137,41.64523,0.921099465599381,2.8809162015068,0.4763022,0,0.3591473,0.56778497,3.1425736,41.662094,0.9515372514724731,0.4764639450753882
2021-10-11,Sierit_DER_AN858_eobs2561__2021__southbound_01,Sierit  / DER AN858 (eobs2561),41.557713,0.55440867,41.538696,0.6148573,41.534077,0.5185298811168123,8.034096176565276,5.4568486,0,0.41616958,0.56778497,3.9704874,41.557713,0.5544086694717407,5.456771735359635
2021-10-12,Ed_plus_AAL16_e-obs_7210__2021__southbound_01,"Ed + (AAL16, e-obs 7210)",39.379917,-5.8253427,38.832294,-6.3756003,39.35004,-5.872981022271555,72.08316194942364,77.21475,1,0.47033563,0.56778497,5.2635055,39.379917,-5.825342655181885,77.21496333038077
2021-10-12,Europa_DER_A1A26_eobs_4004__2021__southbound_01,Europa / DER A1A26 (eobs 4004),40.291348,-3.6336932,40.26309,-3.634282,40.266838,-3.6701180620709954,3.0690980952542164,3.1426313,0,0.42047697,0.56778497,4.1125827,40.291348,-3.633693218231201,3.142689716580842
2021-10-12,Louis_DER_AU050_eobs_3264__2021__southbound_01,Louis / DER AU050 (eobs 3264),41.65781,0.95141137,41.65783,0.95160085,41.641335,0.9218552948820866,3.0777087618576857,0.015884947,0,0.35700747,0.56778497,3.0582504,41.65781,0.9514113664627075,0.015883909403677426
2021-10-12,Sierit_DER_AN858_eobs2561__2021__southbound_01,Sierit  / DER AN858 (eobs2561),41.538696,0.6148573,41.54128,0.61553884,41.515522,0.5800021354280198,4.1174826660938235,0.29283023,0,0.41121417,0.56778497,3.8734245,41.538696,0.6148573160171509,0.29271520716924776
2021-10-13,Ed_plus_AAL16_e-obs_7210__2021__southbound_01,"Ed + (AAL16, e-obs 7210)",38.832294,-6.3756003,38.836105,-6.374772,38.802845,-6.4217279829068,5.49789411266741,0.42965308,0,0.46657056,0.56778497,5.156961,38.832294,-6.375600337982178,0.4297815032641958
2021-10-13,Europa_DER_A1A26_eobs_4004__2021__southbound_01,Europa / DER A1A26 (eobs 4004),40.26309,-3.634282,40.261402,-3.6343458,40.23901,-3.669905083796804,3.9124083586604423,0.18733026,0,0.41662997,0.56778497,4.0307317,40.26309,-3.634282112121582,0.18756339461123178
2021-10-13,Louis_DER_AU050_eobs_3264__2021__southbound_01,Louis / DER AU050 (eobs 3264),41.65783,0.95160085,41.65816,0.9511081,41.6418,0.9229972831441795,2.9605821659040403,0.055134736,0,0.35401943,0.56778497,2.965375,41.65783,0.9516008496284485,0.055114627918703654
2021-10-13,Sierit_DER_AN858_eobs2561__2021__southbound_01,Sierit  / DER AN858 (eobs2561),41.54128,0.61553884,41.538536,0.6149967,41.519215,0.5828855172027743,3.429420552282882,0.30851534,0,0.40041238,0.56778497,3.654923,41.54128,0.6155388355255127,0.30830230120131213
2021-10-14,Ed_plus_AAL16_e-obs_7210__2021__southbound_01,"Ed + (AAL16, e-obs 7210)",38.836105,-6.374772,38.529705,-6.3443646,38.809544,-6.415815330502017,31.72894214054439,34.17224,1,0.4445223,0.56778497,4.6137404,38.836105,-6.374772071838379,34.172287691971626
2021-10-14,Europa_DER_A1A26_eobs_4004__2021__southbound_01,Europa / DER A1A26 (eobs 4004),40.261402,-3.6343458,40.258785,-3.6347842,40.237896,-3.6689878622172745,3.717781696229628,0.29333368,0,0.4111867,0.56778497,3.926607,40.261402,-3.634345769882202,0.29335327597505284
2021-10-14,Louis_DER_AU050_eobs_3264__2021__southbound_01,Louis / DER AU050 (eobs 3264),41.65816,0.9511081,41.66322,0.95074224,41.642426,0.9231704121610739,3.2548065942909945,0.5630676,0,0.35201165,0.56778497,2.9014387,41.65816,0.9511080980300903,0.5632773447935917
2021-10-14,Sierit_DER_AN858_eobs2561__2021__southbound_01,Sierit  / DER AN858 (eobs2561),41.538536,0.6149967,41.538548,0.6149802,41.516865,0.5832179108448297,3.5782581743155135,0.0020857072,0,0.3960441,0.56778497,3.57194,41.538536,0.6149966716766357,0.0018692456285865887
2021-10-15,Ed_plus_AAL16_e-obs_7210__2021__southbound_01,"Ed + (AAL16, e-obs 7210)",38.529705,-6.3443646,37.5937,-6.0076947,38.5033,-6.384799991226114,106.39658381914873,108.17221,1,0.4440508,0.56778497,4.5737066,38.529705,-6.344364643096924,108.17204249126489
2021-10-15,Europa_DER_A1A26_eobs_4004__2021__southbound_01,Europa / DER A1A26 (eobs 4004),40.258785,-3.6347842,40.259884,-3.6343744,40.23565,-3.6688763748004374,3.9794776128063227,0.12687524,0,0.4089125,0.56778497,3.8645914,40.258785,-3.63478422164917,0.127016404945858
2021-10-15,Louis_DER_AU050_eobs_3264__2021__southbound_01,Louis / DER AU050 (eobs 3264),41.66322,0.95074224,41.661278,0.9515267,41.64793,0.9236567172689889,2.7503115875335373,0.22546339,0,0.34850574,0.56778497,2.815235,41.66322,0.950742244720459,0.22552539585505152
2021-10-15,Sierit_DER_AN858_eobs2561__2021__southbound_01,Sierit  / DER AN858 (eobs2561),41.538548,0.6149802,41.53867,0.6150512,41.517666,0.5847222330437432,3.439293625237096,0.014628989,0,0.3896282,0.56778497,3.4193413,41.538548,0.6149802207946777,0.01480381847015431
2021-10-16,Ed_plus_AAL16_e-obs_7210__2021__southbound_01,"Ed + (AAL16, e-obs 7210)",37.5937,-6.0076947,37.593742,-6.00738,37.567608,-6.047033913137379,4.544840832375119,0.028130261,0,0.44254348,0.56778497,4.5121794,37.5937,-6.007694721221924,0.028117945192731166
2021-10-16,Europa_DER_A1A26_eobs_4004__2021__southbound_01,Europa / DER A1A26 (eobs 4004),40.259884,-3.6343744,40.261364,-3.6337926,40.237587,-3.6672066322820247,3.8770920535573805,0.171894,0,0.4021906,0.56778497,3.7229292,40.259884,-3.6343743801116943,0.17182360447806924
2021-10-16,Louis_DER_AU050_eobs_3264__2021__southbound_01,Louis / DER AU050 (eobs 3264),41.661278,0.9515267,41.66506,0.94823927,41.646267,0.9251130995553877,2.8385587496967766,0.5014057,0,0.34644875,0.56778497,2.7520478,41.661278,0.9515267014503479,0.5012758717037326
2021-10-16,Sierit_DER_AN858_eobs2561__2021__southbound_01,Sierit  / DER AN858 (eobs2561),41.53867,0.6150512,41.54014,0.6151167,41.518017,0.5852447817854064,3.4976965238747075,0.1635921,0,0.38728154,0.56778497,3.3745477,41.53867,0.6150512099266052,0.1633985753235243
2021-10-17,Ed_plus_AAL16_e-obs_7210__2021__southbound_01,"Ed + (AAL16, e-obs 7210)",37.593742,-6.00738,37.533047,-6.00962,37.568825,-6.044855890346905,5.047385105107468,6.7518454,0,0.43345076,0.56778497,4.3029003,37.593742,-6.00738000869751,6.751945264905486
2021-10-17,Europa_DER_A1A26_eobs_4004__2021__southbound_01,Europa / DER A1A26 (eobs 4004),40.261364,-3.6337926,40.261806,-3.634365,40.23968,-3.66570081750206,3.6228279540439714,0.06911817,0,0.39646935,0.56778497,3.6191573,40.261364,-3.6337926387786865,0.06914090281929698
2021-10-17,Louis_DER_AU050_eobs_3264__2021__southbound_01,Louis / DER AU050 (eobs 3264),41.66506,0.94823927,41.661915,0.9501597,41.65043,0.9225890923662708,2.622556954542646,0.3841602,0,0.34411776,0.56778497,2.6759937,41.66506,0.948239266872406,0.38420718413836097
2021-10-17,Sierit_DER_AN858_eobs2561__2021__southbound_01,Sierit  / DER AN858 (eobs2561),41.54014,0.6151167,41.538284,0.61490965,41.51978,0.5857810810635741,3.180159887028484,0.20727359,0,0.384435,0.56778497,3.3237853,41.54014,0.6151167154312134,0.20686845768258666
2021-10-18,Ed_plus_AAL16_e-obs_7210__2021__southbound_01,"Ed + (AAL16, e-obs 7210)",37.533047,-6.00962,37.163715,-6.2020426,37.508705,-6.046009083183414,40.766136233114985,44.451096,1,0.4280926,0.56778497,4.1903567,37.533047,-6.009620189666748,44.450885444107705
2021-10-18,Europa_DER_A1A26_eobs_4004__2021__southbound_01,Europa / DER A1A26 (eobs 4004),40.261806,-3.634365,40.32144,-3.5901666,40.240494,-3.6658136978727405,11.05426272092014,7.6175394,0,0.39385659,0.56778497,3.562658,40.261806,-3.6343650817871094,7.617404819715263
2021-10-18,Louis_DER_AU050_eobs_3264__2021__southbound_01,Louis / DER AU050 (eobs 3264),41.661915,0.9501597,41.660698,0.95156795,41.647533,0.92535604508014,2.6239862414806394,0.17907928,0,0.338805,0.56778497,2.6035912,41.661915,0.9501597285270691,0.17887046161513623
2021-10-19,Ed_plus_AAL16_e-obs_7210__2021__southbound_01,"Ed + (AAL16, e-obs 7210)",37.163715,-6.2020426,37.154522,-6.1693482,37.140003,-6.236928957464579,6.203566658871996,3.0723412,0,0.4223698,0.56778497,4.0559826,37.163715,-6.202042579650879,3.0723669687706456
2021-10-19,Europa_DER_A1A26_eobs_4004__2021__southbound_01,Europa / DER A1A26 (eobs 4004),40.32144,-3.5901666,40.322083,-3.5996642,40.300392,-3.621351786668256,3.0329297216126645,0.8083249,0,0.39170897,0.56778497,3.5249293,40.32144,-3.5901665687561035,0.8083350255714412
2021-10-19,Louis_DER_AU050_eobs_3264__2021__southbound_01,Louis / DER AU050 (eobs 3264),41.660698,0.95156795,41.658875,0.95127183,41.646584,0.9274878580785628,2.4026334172547816,0.2043226,0,0.33405703,0.56778497,2.5381598,41.660698,0.9515679478645325,0.2042427633029065
2021-10-20,Ed_plus_AAL16_e-obs_7210__2021__southbound_01,"Ed + (AAL16, e-obs 7210)",37.154522,-6.1693482,37.223404,-5.8807354,37.132027,-6.201875383125933,30.211674342598474,26.68896,1,0.41051978,0.56778497,3.8098278,37.154522,-6.169348239898682,26.68889662016889
2021-10-20,Europa_DER_A1A26_eobs_4004__2021__southbound_01,Europa / DER A1A26 (eobs 4004),40.322083,-3.5996642,40.31485,-3.6240296,40.30117,-3.6308570584998385,1.6275399830450137,2.2168155,0,0.39238378,0.56778497,3.515213,40.322083,-3.5996642112731934,2.2167760082018577
2021-10-20,Louis_DER_AU050_eobs_3264__2021__southbound_01,Louis / DER AU050 (eobs 3264),41.658875,0.95127183,41.66311,0.9484897,41.64507,0.9278104708449718,2.6411170380018874,0.5246436,0,0.33014137,0.56778497,2.4765306,41.658875,0.9512718319892883,0.5245004928713023
2021-10-21,Ed_plus_AAL16_e-obs_7210__2021__southbound_01,"Ed + (AAL16, e-obs 7210)",37.223404,-5.8807354,37.22879,-5.881563,37.202126,-5.911374715029763,3.9698961543338895,0.6031861,0,0.40017697,0.56778497,3.593266,37.223404,-5.880735397338867,0.6034036375471512
2021-10-21,Europa_DER_A1A26_eobs_4004__2021__southbound_01,Europa / DER A1A26 (eobs 4004),40.31485,-3.6240296,40.307487,-3.6170847,40.294247,-3.654889011540946,3.527862443078816,1.0083095,0,0.39159286,0.56778497,3.4715912,40.31485,-3.6240296363830566,1.0084460048403467
2021-10-21,Louis_DER_AU050_eobs_3264__2021__southbound_01,Louis / DER AU050 (eobs 3264),41.66311,0.9484897,41.660633,0.9438561,41.649406,0.9250941889410378,1.9970178120888387,0.4731458,0,0.33056945,0.56778497,2.4653022,41.66311,0.9484897255897522,0.47323260823671115
2021-10-22,Ed_plus_AAL16_e-obs_7210__2021__southbound_01,"Ed + (AAL16, e-obs 7210)",37.22879,-5.881563,37.2224,-5.885379,37.208485,-5.910265708391792,2.692784549495852,0.7865546,0,0.3892179,0.56778497,3.3934119,37.22879,-5.881563186645508,0.7867252365514553
2021-10-22,Europa_DER_A1A26_eobs_4004__2021__southbound_01,Europa / DER A1A26 (eobs 4004),40.307487,-3.6170847,40.3079,-3.6120775,40.287067,-3.6475925780472793,3.7997070019181383,0.4270481,0,0.38966763,0.56778497,3.4359596,40.307487,-3.6170847415924072,0.4270569588255287
2021-10-22,Louis_DER_AU050_eobs_3264__2021__southbound_01,Louis / DER AU050 (eobs 3264),41.660633,0.9438561,41.667133,0.9495537,41.64699,0.9206900745302676,3.281172864329373,0.8638801,0,0.32862076,0.56778497,2.4461353,41.660633,0.9438561201095581,0.8639682817440499
2021-10-23,Ed_plus_AAL16_e-obs_7210__2021__southbound_01,"Ed + (AAL16, e-obs 7210)",37.2224,-5.885379,37.222507,-5.8867292,37.202538,-5.91298980726202,3.2154185290515027,0.120146975,0,0.38354677,0.56778497,3.2888088,37.2224,-5.885378837585449,0.1201582933104598
2021-10-23,Europa_DER_A1A26_eobs_4004__2021__southbound_01,Europa / DER A1A26 (eobs 4004),40.3079,-3.6120775,40.235306,-3.6294167,40.288002,-3.641699141048152,5.951524569200874,8.20505,0,0.38356894,0.56778497,3.3414388,40.3079,-3.612077474594116,8.205011753254517
2021-10-23,Louis_DER_AU050_eobs_3264__2021__southbound_01,Louis / DER AU050 (eobs 3264),41.667133,0.9495537,41.658417,0.95126075,41.653706,0.9268324807399249,2.096000303630586,0.97956157,0,0.32539994,0.56778497,2.4022427,41.667133,0.9495537281036377,0.9795593402249452
2021-10-24,Ed_plus_AAL16_e-obs_7210__2021__southbound_01,"Ed + (AAL16, e-obs 7210)",37.222507,-5.8867292,37.21989,-5.886865,37.203156,-5.913367668309084,2.995177832988431,0.2911016,0,0.37942153,0.56778497,3.187142,37.222507,-5.8867292404174805,0.2912331400630548
2021-10-24,Europa_DER_A1A26_eobs_4004__2021__southbound_01,Europa / DER A1A26 (eobs 4004),40.235306,-3.6294167,40.263374,-3.6333177,40.215588,-3.658841786176313,5.7383444105763175,3.1387563,0,0.38347626,0.56778497,3.317629,40.235306,-3.6294167041778564,3.138594159391219
2021-10-24,Louis_DER_AU050_eobs_3264__2021__southbound_01,Louis / DER AU050 (eobs 3264),41.658417,0.95126075,41.65773,0.9514614,41.64522,0.9292800533889041,2.3088834114609234,0.077992156,0,0.32110792,0.56778497,2.338311,41.658417,0.9512607455253601,0.07814970173408392
2021-10-25,Ed_plus_AAL16_e-obs_7210__2021__southbound_01,"Ed + (AAL16, e-obs 7210)",37.21989,-5.886865,37.221687,-5.8868527,37.200966,-5.912827888446184,3.2558040091616447,0.19943133,0,0.37624183,0.56778497,3.1112502,37.21989,-5.886865139007568,0.19978970871448984
2021-10-25,Europa_DER_A1A26_eobs_4004__2021__southbound_01,Europa / DER A1A26 (eobs 4004),40.263374,-3.6333177,40.264034,-3.6333163,40.244293,-3.661777872763017,3.2637828446115074,0.07311086,0,0.3785065,0.56778497,3.209026,40.263374,-3.633317708969116,0.073382473738283
2021-10-25,Louis_DER_AU050_eobs_3264__2021__southbound_01,Louis / DER AU050 (eobs 3264),41.65773,0.9514614,41.657867,0.9515576,41.644665,0.9297130818256052,2.334375146501663,0.017163489,0,0.32085994,0.56778497,2.3143456,41.65773,0.9514613747596741,0.017235350756433263
2021-10-26,Ed_plus_AAL16_e-obs_7210__2021__southbound_01,"Ed + (AAL16, e-obs 7210)",37.221687,-5.8868527,37.22315,-5.8809767,37.203266,-5.912083936155944,3.5321368207012,0.5451769,0,0.37160924,0.56778497,3.0257487,37.221687,-5.886852741241455,0.5450635817828743
2021-10-26,Europa_DER_A1A26_eobs_4004__2021__southbound_01,Europa / DER A1A26 (eobs 4004),40.264034,-3.6333163,40.260742,-3.633537,40.24546,-3.6610538182781243,2.8879914525724013,0.3662775,0,0.3742569,0.56778497,3.1256087,40.264034,-3.6333162784576416,0.3665425398368079
2021-10-26,Louis_DER_AU050_eobs_3264__2021__southbound_01,Louis / DER AU050 (eobs 3264),41.657867,0.9515576,41.658127,0.9514687,41.644966,0.9301065263412842,2.300379290353594,0.029816588,0,0.31985608,0.56778497,2.283616,41.657867,0.9515575766563416,0.029773856246311986
2021-10-27,Ed_plus_AAL16_e-obs_7210__2021__southbound_01,"Ed + (AAL16, e-obs 7210)",37.22315,-5.8809767,37.221527,-5.886993,37.205276,-5.905357292846818,2.4310250818815926,0.5624515,0,0.36616004,0.56778497,2.928956,37.22315,-5.880976676940918,0.5623803112583983
2021-10-27,Europa_DER_A1A26_eobs_4004__2021__southbound_01,Europa / DER A1A26 (eobs 4004),40.260742,-3.633537,40.263313,-3.630154,40.24241,-3.6609015513925396,3.494573157580467,0.40497297,0,0.37200102,0.56778497,3.084542,40.260742,-3.6335370540618896,0.40514776935456104
2021-10-27,Louis_DER_AU050_eobs_3264__2021__southbound_01,Louis / DER AU050 (eobs 3264),41.658127,0.9514687,41.66191,0.94862694,41.645428,0.9303399245146756,2.380701272498262,0.48242635,0,0.31854355,0.56778497,2.248841,41.658127,0.9514687061309814,0.48248338739234675
2021-10-28,Ed_plus_AAL16_e-obs_7210__2021__southbound_01,"Ed + (AAL16, e-obs 7210)",37.221527,-5.886993,37.192818,-5.9131646,37.204056,-5.910735658599394,1.2680052952440992,3.945123,0,0.36243817,0.56778497,2.8575342,37.221527,-5.886992931365967,3.945037052353624
2021-10-28,Europa_DER_A1A26_eobs_4004__2021__southbound_01,Europa / DER A1A26 (eobs 4004),40.263313,-3.630154,40.26407,-3.6322224,40.24551,-3.6566855338589987,2.9271493208224224,0.19457458,0,0.36671266,0.56778497,2.9926705,40.263313,-3.6301538944244385,0.1945746195853942
2021-10-28,Louis_DER_AU050_eobs_3264__2021__southbound_01,Louis / DER AU050 (eobs 3264),41.66191,0.94862694,41.66794,0.9515064,41.64936,0.927723554766952,2.8584892337512255,0.71137893,0,0.3171559,0.56778497,2.223784,41.66191,0.9486269354820251,0.711600860804299
2021-10-29,Ed_plus_AAL16_e-obs_7210__2021__southbound_01,"Ed + (AAL16, e-obs 7210)",37.192818,-5.9131646,37.16616,-5.9580846,37.1756,-5.936510120805972,2.1806981349775274,4.9620266,0,0.36062115,0.56778497,2.8134108,37.192818,-5.9131646156311035,4.962231940750202
2021-10-29,Europa_DER_A1A26_eobs_4004__2021__southbound_01,Europa / DER A1A26 (eobs 4004),40.26407,-3.6322224,40.320896,-3.6073222,40.246483,-3.658338679637791,9.337706894915685,6.6626015,0,0.3637586,0.56778497,2.9500964,40.26407,-3.6322224140167236,6.662518084988917
2021-10-29,Louis_DER_AU050_eobs_3264__2021__southbound_01,Louis / DER AU050 (eobs 3264),41.66794,0.9515064,41.666363,0.9465311,41.6556,0.9309628826407921,1.76195015154549,0.44881675,0,0.31451428,0.56778497,2.1856701,41.66794,0.9515063762664795,0.4488665456083614
2021-10-30,Ed_plus_AAL16_e-obs_7210__2021__southbound_01,"Ed + (AAL16, e-obs 7210)",37.16616,-5.9580846,37.171257,-5.958897,37.14893,-5.9814381074913054,3.186513034649192,0.57112414,0,0.361594,0.56778497,2.815128,37.16616,-5.958084583282471,0.571253582335652
2021-10-30,Europa_DER_A1A26_eobs_4004__2021__southbound_01,Europa / DER A1A26 (eobs 4004),40.320896,-3.6073222,40.25067,-3.6785955,40.303253,-3.633495740348485,6.987395511073453,9.875549,0,0.36487964,0.56778497,2.9566607,40.320896,-3.6073222160339355,9.87543884541994
2021-10-30,Louis_DER_AU050_eobs_3264__2021__southbound_01,Louis / DER AU050 (eobs 3264),41.666363,0.9465311,41.664085,0.9515797,41.65413,0.9260899799051844,2.3895073777130365,0.48978877,0,0.31424004,0.56778497,2.171886,41.666363,0.9465311169624329,0.4898974209524478
2021-10-31,Ed_plus_AAL16_e-obs_7210__2021__southbound_01,"Ed + (AAL16, e-obs 7210)",37.171257,-5.958897,37.176624,-5.9551215,37.154133,-5.981967607226869,3.451614464159913,0.6841221,0,0.3605699,0.56778497,2.788753,37.171257,-5.958897113800049,0.6841727359496502
2021-10-31,Europa_DER_A1A26_eobs_4004__2021__southbound_01,Europa / DER A1A26 (eobs 4004),40.25067,-3.6785955,40.29147,-3.633428,40.2331,-3.704598480299034,8.86528480677408,5.9384594,0,0.36442503,0.56778497,2.9423277,40.25067,-3.678595542907715,5.938439501616099
2021-10-31,Louis_DER_AU050_eobs_3264__2021__southbound_01,Louis / DER AU050 (eobs 3264),41.664085,0.9515797,41.66187,0.9440007,41.651913,0.931220426347992,1.5339514171703938,0.6761791,0,0.31415346,0.56778497,2.1622622,41.664085,0.9515796899795532,0.6761031358820943
2021-11-01,Ed_plus_AAL16_e-obs_7210__2021__southbound_01,"Ed + (AAL16, e-obs 7210)",37.176624,-5.9551215,37.22026,-5.8845806,37.159645,-5.977854749864188,10.662879678419465,7.9106402,0,0.3584909,0.56778497,2.7558694,37.176624,-5.9551215171813965,7.910764580245208
2021-11-01,Europa_DER_A1A26_eobs_4004__2021__southbound_01,Europa / DER A1A26 (eobs 4004),40.29147,-3.633428,40.291492,-3.633498,40.27416,-3.6588071840397562,2.885174458649604,0.0064747115,0,0.360102,0.56778497,2.8826733,40.29147,-3.6334280967712402,0.006448424467515745
2021-11-01,Louis_DER_AU050_eobs_3264__2021__southbound_01,Louis / DER AU050 (eobs 3264),41.66187,0.9440007,41.66325,0.95109147,41.649708,0.9236886524175585,2.7295350406830416,0.60867715,0,0.31343496,0.56778497,2.1584451,41.66187,0.9440007209777832,0.6087193890980879
2021-11-02,Ed_plus_AAL16_e-obs_7210__2021__southbound_01,"Ed + (AAL16, e-obs 7210)",37.22026,-5.8845806,37.221363,-5.884307,37.203438,-5.906930706893973,2.8260791986859437,0.12514307,0,0.3560106,0.56778497,2.7185094,37.22026,-5.884580612182617,0.12495944293383553
2021-11-02,Europa_DER_A1A26_eobs_4004__2021__southbound_01,Europa / DER A1A26 (eobs 4004),40.291492,-3.633498,40.291645,-3.6330664,40.27431,-3.658583947102284,2.89834288273074,0.040410653,0,0.35762593,0.56778497,2.854662,40.291492,-3.633497953414917,0.040342538657949865
2021-11-02,Louis_DER_AU050_eobs_3264__2021__southbound_01,Louis / DER AU050 (eobs 3264),41.66325,0.95109147,41.66276,0.95132405,41.65122,0.9311364259246447,2.1119507873689813,0.05763212,0,0.31107807,0.56778497,2.1264307,41.66325,0.951091468334198,0.057629523284615486
2021-11-03,Ed_plus_AAL16_e-obs_7210__2021__southbound_01,"Ed + (AAL16, e-obs 7210)",37.221363,-5.884307,37.222183,-5.8824253,37.20481,-5.906164827221189,2.8549698145843956,0.19002093,0,0.35287395,0.56778497,2.6661656,37.221363,-5.884306907653809,0.18993273847298753
2021-11-03,Europa_DER_A1A26_eobs_4004__2021__southbound_01,Europa / DER A1A26 (eobs 4004),40.291645,-3.6330664,40.291332,-3.6330643,40.274715,-3.657799819634443,2.795813554221787,0.034721166,0,0.35568446,0.56778497,2.8137057,40.291645,-3.633066415786743,0.03478287274760477
2021-11-03,Louis_DER_AU050_eobs_3264__2021__southbound_01,Louis / DER AU050 (eobs 3264),41.66276,0.95132405,41.663937,0.94854164,41.650833,0.9315903934232332,2.026373763143115,0.26560953,0,0.30994508,0.56778497,2.1049526,41.66276,0.9513240456581116,0.26550181057449795
2021-11-04,Ed_plus_AAL16_e-obs_7210__2021__southbound_01,"Ed + (AAL16, e-obs 7210)",37.222183,-5.8824253,37.19028,-5.9281163,37.20589,-5.903806400826584,2.7656772149375675,5.3814263,0,0.34934717,0.56778497,2.615654,37.222183,-5.882425308227539,5.381291449502695
2021-11-04,Europa_DER_A1A26_eobs_4004__2021__southbound_01,Europa / DER A1A26 (eobs 4004),40.291332,-3.6330643,40.263615,-3.633206,40.274563,-3.6575101376863546,2.3946042748473215,3.0824177,0,0.35366002,0.56778497,2.7837012,40.291332,-3.6330642700195312,3.08208309683555
2021-11-04,Louis_DER_AU050_eobs_3264__2021__southbound_01,Louis / DER AU050 (eobs 3264),41.663937,0.94854164,41.66468,0.94754547,41.652187,0.9290941209171654,2.068692159076827,0.11704492,0,0.30751768,0.56778497,2.0741336,41.663937,0.9485416412353516,0.11700131328125359
2021-11-05,Ed_plus_AAL16_e-obs_7210__2021__southbound_01,"Ed + (AAL16, e-obs 7210)",37.19028,-5.9281163,37.19209,-5.950459,37.17417,-5.949153122679197,1.9957085886243866,1.9892833,0,0.3468874,0.56778497,2.5803502,37.19028,-5.928116321563721,1.9893136233019377
2021-11-05,Europa_DER_A1A26_eobs_4004__2021__southbound_01,Europa / DER A1A26 (eobs 4004),40.263615,-3.633206,40.26306,-3.633591,40.247032,-3.6573301182148885,2.689845310271439,0.06956194,0,0.35088277,0.56778497,2.750141,40.263615,-3.6332058906555176,0.06964445367273543
2021-11-05,Louis_DER_AU050_eobs_3264__2021__southbound_01,Louis / DER AU050 (eobs 3264),41.66468,0.94754547,41.669514,0.9460496,41.653023,0.9282666908792925,2.3547433796029713,0.55171835,0,0.30644786,0.56778497,2.0566235,41.66468,0.9475454688072205,0.5516078382057071
2021-11-06,Ed_plus_AAL16_e-obs_7210__2021__southbound_01,"Ed + (AAL16, e-obs 7210)",37.19209,-5.950459,37.19251,-5.8818226,37.176216,-5.97110213639609,8.113980380971201,6.079938,0,0.34411618,0.56778497,2.5371087,37.19209,-5.950459003448486,6.079940837567866
2021-11-06,Europa_DER_A1A26_eobs_4004__2021__southbound_01,Europa / DER A1A26 (eobs 4004),40.26306,-3.633591,40.263786,-3.633254,40.246708,-3.657351911302727,2.7907414219400604,0.08565905,0,0.34759846,0.56778497,2.710182,40.26306,-3.6335909366607666,0.08551252981131274
2021-11-06,Louis_DER_AU050_eobs_3264__2021__southbound_01,Louis / DER AU050 (eobs 3264),41.669514,0.9460496,41.663757,0.9513165,41.657997,0.9270363916900921,2.116273224363215,0.775325,0,0.30419263,0.56778497,2.0297456,41.669514,0.9460495710372925,0.775311819075042
2021-11-07,Ed_plus_AAL16_e-obs_7210__2021__southbound_01,"Ed + (AAL16, e-obs 7210)",37.19251,-5.8818226,37.164833,-5.9613924,37.17702,-5.901768373143238,5.454007241982092,7.6920037,0,0.33947664,0.56778497,2.4629195,37.19251,-5.88182258605957,7.691936229529024
2021-11-07,Europa_DER_A1A26_eobs_4004__2021__southbound_01,Europa / DER A1A26 (eobs 4004),40.263786,-3.633254,40.321423,-3.5995865,40.24788,-3.6562087591454278,9.483812056867954,7.0159526,0,0.34265062,0.56778497,2.6264515,40.263786,-3.633254051208496,7.016225033839447
2021-11-07,Louis_DER_AU050_eobs_3264__2021__southbound_01,Louis / DER AU050 (eobs 3264),41.663757,0.9513165,41.657715,0.9514639,41.652294,0.9324898276116395,1.6876815223638484,0.6724081,0,0.30301845,0.56778497,2.0139146,41.663757,0.9513164758682251,0.6720056745472465
2021-11-08,Ed_plus_AAL16_e-obs_7210__2021__southbound_01,"Ed + (AAL16, e-obs 7210)",37.164833,-5.9613924,37.210426,-5.901478,37.149605,-5.980875497434673,9.757965777571972,7.339819,0,0.3362482,0.56778497,2.4138691,37.164833,-5.961392402648926,7.339758965178163
2021-11-08,Europa_DER_A1A26_eobs_4004__2021__southbound_01,Europa / DER A1A26 (eobs 4004),40.321423,-3.5995865,40.33385,-3.5989313,40.305874,-3.621970214653526,3.6732632401831933,1.3833815,0,0.33880413,0.56778497,2.5627644,40.321423,-3.5995864868164062,1.3830795771697548
2021-11-08,Louis_DER_AU050_eobs_3264__2021__southbound_01,Louis / DER AU050 (eobs 3264),41.657715,0.9514639,41.647175,0.9578444,41.646343,0.9328800661474037,2.076374387976587,1.2862917,0,0.3015827,0.56778497,1.9921594,41.657715,0.9514638781547546,1.2863127997813004
2021-11-09,Ed_plus_AAL16_e-obs_7210__2021__southbound_01,"Ed + (AAL16, e-obs 7210)",37.210426,-5.901478,37.22079,-5.887798,37.195675,-5.920192440595488,4.003757152954271,1.6720436,0,0.33158565,0.56778497,2.3277118,37.210426,-5.901477813720703,1.6720296273249657
2021-11-09,Europa_DER_A1A26_eobs_4004__2021__southbound_01,Europa / DER A1A26 (eobs 4004),40.33385,-3.5989313,40.284847,-3.622396,40.31858,-3.620752021337438,3.753574455954631,5.800771,0,0.33529267,0.56778497,2.5062952,40.33385,-3.598931312561035,5.800848934458742
2021-11-09,Louis_DER_AU050_eobs_3264__2021__southbound_01,Louis / DER AU050 (eobs 3264),41.647175,0.9578444,41.647053,0.95779747,41.63586,0.9394388499926624,1.9688083071621885,0.013858133,0,0.3000291,0.56778497,1.9769537,41.647175,0.9578443765640259,0.01412214955340792
2021-11-10,Ed_plus_AAL16_e-obs_7210__2021__southbound_01,"Ed + (AAL16, e-obs 7210)",37.22079,-5.887798,37.168835,-5.954089,37.206367,-5.905948125263247,5.966932641949533,8.237499,0,0.32807955,0.56778497,2.2665303,37.22079,-5.887797832489014,8.237436896650282
2021-11-10,Europa_DER_A1A26_eobs_4004__2021__southbound_01,Europa / DER A1A26 (eobs 4004),40.284847,-3.622396,40.263058,-3.6326995,40.26976,-3.643894073217172,1.2073154152146757,2.575967,0,0.33350688,0.56778497,2.473399,40.284847,-3.6223959922790527,2.575751099254903
2021-11-11,Ed_plus_AAL16_e-obs_7210__2021__southbound_01,"Ed + (AAL16, e-obs 7210)",37.168835,-5.954089,37.168278,-5.952407,37.154613,-5.971833643025789,2.2961196805467496,0.16150384,0,0.32617804,0.56778497,2.2259123,37.168835,-5.954089164733887,0.1614149289670285
2021-11-11,Europa_DER_A1A26_eobs_4004__2021__southbound_01,Europa / DER A1A26 (eobs 4004),40.263058,-3.6326995,40.235367,-3.618495,40.248028,-3.6540632828811273,3.331093921166814,3.3066163,0,0.33403215,0.56778497,2.4611223,40.263058,-3.632699489593506,3.306670546639846
2021-11-12,Ed_plus_AAL16_e-obs_7210__2021__southbound_01,"Ed + (AAL16, e-obs 7210)",37.168278,-5.952407,37.16686,-5.946577,37.154274,-5.969791415377151,2.48800221802167,0.54006726,0,0.32398888,0.56778497,2.186622,37.168278,-5.952406883239746,0.5401320394091588
2021-11-12,Europa_DER_A1A26_eobs_4004__2021__southbound_01,Europa / DER A1A26 (eobs 4004),40.235367,-3.618495,40.208237,-3.602621,40.220463,-3.6396397501662423,3.4247338655050714,3.3041394,0,0.33279237,0.56778497,2.4387794,40.235367,-3.618494987487793,3.3041052649641927
2021-11-13,Ed_plus_AAL16_e-obs_7210__2021__southbound_01,"Ed + (AAL16, e-obs 7210)",37.16686,-5.946577,37.166683,-5.9542823,37.153046,-5.963617457034653,1.7273992204883544,0.68302286,0,0.32157424,0.56778497,2.1500716,37.16686,-5.946577072143555,0.6830312631941468
2021-11-13,Europa_DER_A1A26_eobs_4004__2021__southbound_01,Europa / DER A1A26 (eobs 4004),40.208237,-3.602621,40.33112,-3.6038399,40.193428,-3.6235876043976534,15.402037650960004,13.664598,1,0.33206853,0.56778497,2.4209282,40.208237,-3.602621078491211,13.664358862231758
2021-11-14,Ed_plus_AAL16_e-obs_7210__2021__southbound_01,"Ed + (AAL16, e-obs 7210)",37.166683,-5.9542823,37.166874,-5.9541974,37.15316,-5.97092508974328,2.1266738260663827,0.022318022,0,0.31812987,0.56778497,2.1025739,37.166683,-5.954282283782959,0.02250279871408313
2021-11-14,Europa_DER_A1A26_eobs_4004__2021__southbound_01,Europa / DER A1A26 (eobs 4004),40.33112,-3.6038399,40.32137,-3.594558,40.316483,-3.6245094045869375,2.5968011236289414,1.3398452,0,0.32860795,0.56778497,2.3872457,40.33112,-3.603839874267578,1.3396253328451024
2021-11-15,Ed_plus_AAL16_e-obs_7210__2021__southbound_01,"Ed + (AAL16, e-obs 7210)",37.166874,-5.9541974,37.166843,-5.95422,37.15367,-5.970411347897668,2.0503788662561155,0.0038858312,0,0.3145946,0.56778497,2.0505662,37.166874,-5.954197406768799,0.003931766757650027
2021-11-15,Europa_DER_A1A26_eobs_4004__2021__southbound_01,Europa / DER A1A26 (eobs 4004),40.32137,-3.594558,40.263817,-3.6321826,40.306843,-3.614955045612505,5.002468803723509,7.1507955,0,0.32693768,0.56778497,2.362096,40.32137,-3.594558000564575,7.151028153773489
2021-11-16,Ed_plus_AAL16_e-obs_7210__2021__southbound_01,"Ed + (AAL16, e-obs 7210)",37.166843,-5.95422,37.153416,-5.9547462,37.15376,-5.970230483958297,1.372815854592938,1.4938662,0,0.31278834,0.56778497,2.0285547,37.166843,-5.954219818115234,1.493826598968396
2021-11-16,Europa_DER_A1A26_eobs_4004__2021__southbound_01,Europa / DER A1A26 (eobs 4004),40.263817,-3.6321826,40.2646,-3.6329992,40.249405,-3.6523666265339205,2.3570053386706182,0.11092278,0,0.3260325,0.56778497,2.3414886,40.263817,-3.6321825981140137,0.11118469207652287
2021-11-17,Europa_DER_A1A26_eobs_4004__2021__southbound_01,Europa / DER A1A26 (eobs 4004),40.2646,-3.6329992,40.264763,-3.6320436,40.250366,-3.652874303508684,2.384804512732151,0.08312205,0,0.32320172,0.56778497,2.308515,40.2646,-3.6329991817474365,0.08310665239558496
2021-11-18,Europa_DER_A1A26_eobs_4004__2021__southbound_01,Europa / DER A1A26 (eobs 4004),40.264763,-3.6320436,40.313248,-3.60496,40.25077,-3.651432748434591,7.987713928212825,5.860239,0,0.31976208,0.56778497,2.2602832,40.264763,-3.6320436000823975,5.860284745476826
2021-11-19,Europa_DER_A1A26_eobs_4004__2021__southbound_01,Europa / DER A1A26 (eobs 4004),40.313248,-3.60496,40.327168,-3.599088,40.299545,-3.6238775159938834,3.721782179093736,1.6258845,0,0.31582612,0.56778497,2.208377,40.313248,-3.6049599647521973,1.62590523483509
2021-11-20,Europa_DER_A1A26_eobs_4004__2021__southbound_01,Europa / DER A1A26 (eobs 4004),40.327168,-3.599088,40.327198,-3.597524,40.313763,-3.6175300574926506,2.2602316116795387,0.13263825,0,0.3117986,0.56778497,2.156265,40.327168,-3.599087953567505,0.13262719984109533
2021-11-21,Europa_DER_A1A26_eobs_4004__2021__southbound_01,Europa / DER A1A26 (eobs 4004),40.327198,-3.597524,40.26402,-3.6027386,40.314007,-3.6156859895805846,5.665842578010579,7.0392184,0,0.30982277,0.56778497,2.1228247,40.327198,-3.5975239276885986,7.039102911008691
2021-11-22,Europa_DER_A1A26_eobs_4004__2021__southbound_01,Europa / DER A1A26 (eobs 4004),40.26402,-3.6027386,40.30714,-3.5990047,40.250847,-3.6209556497198423,6.530664854301641,4.805337,0,0.31141856,0.56778497,2.1256876,40.26402,-3.602738618850708,4.805329423377764
2021-11-23,Europa_DER_A1A26_eobs_4004__2021__southbound_01,Europa / DER A1A26 (eobs 4004),40.30714,-3.5990047,40.176826,-3.5660312,40.29402,-3.6171188017486178,13.734147422264519,14.757829,1,0.31001002,0.56778497,2.114501,40.30714,-3.5990047454833984,14.758065494602285
2021-11-24,Europa_DER_A1A26_eobs_4004__2021__southbound_01,Europa / DER A1A26 (eobs 4004),40.176826,-3.5660312,40.17684,-3.5659435,40.16375,-3.5840357056758156,2.117170856105085,0.0076360875,0,0.30925775,0.56778497,2.106757,40.176826,-3.5660312175750732,0.00764483014005732
2021-11-25,Europa_DER_A1A26_eobs_4004__2021__southbound_01,Europa / DER A1A26 (eobs 4004),40.17684,-3.5659435,40.185543,-3.575326,40.163887,-3.58370844777507,2.511154640617346,1.2534872,0,0.3078871,0.56778497,2.0827968,40.17684,-3.565943479537964,1.253585719550476
2021-11-26,Europa_DER_A1A26_eobs_4004__2021__southbound_01,Europa / DER A1A26 (eobs 4004),40.185543,-3.575326,40.301094,-3.5659697,40.172676,-3.5929867754819917,14.462430662336443,12.873242,1,0.30707443,0.56778497,2.0693924,40.185543,-3.5753259658813477,12.873219368975118
2021-11-27,Europa_DER_A1A26_eobs_4004__2021__southbound_01,Europa / DER A1A26 (eobs 4004),40.301094,-3.5659697,40.1944,-3.5753632,40.288326,-3.583390405524942,10.466251626472983,11.890416,1,0.30437553,0.56778497,2.0452166,40.301094,-3.565969705581665,11.890522518929393
2021-11-28,Europa_DER_A1A26_eobs_4004__2021__southbound_01,Europa / DER A1A26 (eobs 4004),40.1944,-3.5753632,40.32036,-3.5889318,40.181747,-3.5925211199512654,15.41585327458645,14.052992,1,0.3024838,0.56778497,2.022225,40.1944,-3.5753631591796875,14.053101885948955
2021-11-29,Europa_DER_A1A26_eobs_4004__2021__southbound_01,Europa / DER A1A26 (eobs 4004),40.32036,-3.5889318,40.286144,-3.6072855,40.307922,-3.6057553617008273,2.42509283959951,4.110545,0,0.29979387,0.56778497,1.9830998,40.32036,-3.5889317989349365,4.110487170100249
2021-11-30,Europa_DER_A1A26_eobs_4004__2021__southbound_01,Europa / DER A1A26 (eobs 4004),40.286144,-3.6072855,40.20809,-3.602592,40.273888,-3.6238056331426978,7.534495682851901,8.688307,0,0.2978624,0.56778497,1.951404,40.286144,-3.607285499572754,8.688192930538449
2021-12-01,Europa_DER_A1A26_eobs_4004__2021__southbound_01,Europa / DER A1A26 (eobs 4004),40.20809,-3.602592,40.20811,-3.623674,40.19596,-3.6189702433801485,1.4088211950902803,1.7902683,0,0.2979217,0.56778497,1.934059,40.20809,-3.6025919914245605,1.7902827395757246
2021-12-02,Europa_DER_A1A26_eobs_4004__2021__southbound_01,Europa / DER A1A26 (eobs 4004),40.20811,-3.623674,40.132435,-3.6237237,40.196163,-3.639806893375866,7.216862147081184,8.415055,0,0.2968403,0.56778497,1.9050375,40.20811,-3.623673915863037,8.414795993393648
2022-07-09,Angela_DER_AY470_eobs_4001__2022__southbound_01,Angela / DER AY470 (eobs 4001),48.122665,7.759184,48.107132,7.7732925,48.122665,7.759183883666992,2.0200041601092624,2.0197093,0,0.1925337,0.56778497,0.0,48.122665,7.759183883666992,2.0200041601092624
2022-07-10,Angela_DER_AY470_eobs_4001__2022__southbound_01,Angela / DER AY470 (eobs 4001),48.107132,7.7732925,48.064213,7.807008,48.107132,7.773292541503906,5.389593828857018,5.3898654,0,0.19342446,0.56778497,0.0,48.107132,7.773292541503906,5.389593828857018
2022-07-11,Angela_DER_AY470_eobs_4001__2022__southbound_01,Angela / DER AY470 (eobs 4001),48.064213,7.807008,48.118717,7.760838,48.064213,7.807007789611816,6.963475386049415,6.9635186,0,0.1926245,0.56778497,0.0,48.064213,7.807007789611816,6.963475386049415
2022-07-12,Angela_DER_AY470_eobs_4001__2022__southbound_01,Angela / DER AY470 (eobs 4001),48.118717,7.760838,48.091064,7.77622,48.118717,7.760838031768799,3.280118642683669,3.2798848,0,0.19167915,0.56778497,0.0,48.118717,7.760838031768799,3.280118642683669
2022-07-13,Angela_DER_AY470_eobs_4001__2022__southbound_01,Angela / DER AY470 (eobs 4001),48.091064,7.77622,48.07595,7.791768,48.091064,7.776219844818115,2.0391991916834136,2.039396,0,0.19109665,0.56778497,0.0,48.091064,7.776219844818115,2.0391991916834136
2022-07-14,Angela_DER_AY470_eobs_4001__2022__southbound_01,Angela / DER AY470 (eobs 4001),48.07595,7.791768,48.049126,7.8188767,48.07595,7.7917680740356445,3.599376984026482,3.599204,0,0.1936938,0.56778497,0.0,48.07595,7.7917680740356445,3.599376984026482
2022-07-15,Angela_DER_AY470_eobs_4001__2022__southbound_01,Angela / DER AY470 (eobs 4001),48.049126,7.8188767,48.103233,7.766294,48.049126,7.81887674331665,7.173546230944482,7.173266,0,0.19817759,0.56778497,0.0,48.049126,7.81887674331665,7.173546230944482
2022-07-16,Angela_DER_AY470_eobs_4001__2022__southbound_01,Angela / DER AY470 (eobs 4001),48.103233,7.766294,48.04949,7.8192673,48.103233,7.766294002532959,7.155337344620518,7.1551013,0,0.19843136,0.56778497,0.0,48.103233,7.766294002532959,7.155337344620518
2022-07-17,Angela_DER_AY470_eobs_4001__2022__southbound_01,Angela / DER AY470 (eobs 4001),48.04949,7.8192673,48.07285,7.756972,48.04949,7.819267272949219,5.308310722861977,5.308215,0,0.19768389,0.56778497,0.0,48.04949,7.819267272949219,5.308310722861977
2022-07-18,Angela_DER_AY470_eobs_4001__2022__southbound_01,Angela / DER AY470 (eobs 4001),48.07285,7.756972,48.04899,7.822951,48.0729,7.756916566085654,5.581354808757891,5.5751677,0,0.19800164,0.56778497,0.006702777,48.07285,7.756971836090088,5.575119376860773
2022-07-19,Angela_DER_AY470_eobs_4001__2022__southbound_01,Angela / DER AY470 (eobs 4001),48.04899,7.822951,48.124626,7.7589154,48.049137,7.822765961744942,9.641208019738318,9.662439,0,0.19761518,0.56778497,0.021408685,48.04899,7.822950839996338,9.66237033181584
2022-07-20,Angela_DER_AY470_eobs_4001__2022__southbound_01,Angela / DER AY470 (eobs 4001),48.124626,7.7589154,48.135765,7.7564077,48.125034,7.758280127122955,1.2012703145290073,1.252556,0,0.19849423,0.56778497,0.06529624,48.124626,7.758915424346924,1.2524970843452168
2022-07-21,Angela_DER_AY470_eobs_4001__2022__southbound_01,Angela / DER AY470 (eobs 4001),48.135765,7.7564077,48.104126,7.7561326,48.13639,7.755143112025959,3.5884287517983773,3.5179493,0,0.20004162,0.56778497,0.116655044,48.135765,7.756407737731934,3.5181714465736325
2022-07-22,Angela_DER_AY470_eobs_4001__2022__southbound_01,Angela / DER AY470 (eobs 4001),48.104126,7.7561326,48.118336,7.7548037,48.104847,7.754514559064602,1.5000383751453235,1.5828824,0,0.20091972,0.56778497,0.14413723,48.104126,7.75613260269165,1.583131548755365
2022-07-23,Angela_DER_AY470_eobs_4001__2022__southbound_01,Angela / DER AY470 (eobs 4001),48.118336,7.7548037,48.137905,7.757325,48.119133,7.752819875080387,2.113980274605993,2.184045,0,0.20133598,0.56778497,0.17156616,48.118336,7.754803657531738,2.1840533408288216
2022-07-24,Angela_DER_AY470_eobs_4001__2022__southbound_01,Angela / DER AY470 (eobs 4001),48.137905,7.757325,48.048836,7.8213377,48.138752,7.755036700065246,11.145019106678033,10.985915,1,0.20210624,0.56778497,0.19388838,48.137905,7.757325172424316,10.986025594844572
2022-07-25,Angela_DER_AY470_eobs_4001__2022__southbound_01,Angela / DER AY470 (eobs 4001),48.048836,7.8213377,48.04876,7.821447,48.04969,7.817089207991876,0.34005323117327396,0.011765968,0,0.20887798,0.56778497,0.3291736,48.048836,7.821337699890137,0.011741134673680523
2022-07-26,Angela_DER_AY470_eobs_4001__2022__southbound_01,Angela / DER AY470 (eobs 4001),48.04876,7.821447,48.050156,7.8170605,48.04952,7.8161974692209375,0.09556665198287811,0.36108363,0,0.21387163,0.56778497,0.3985356,48.04876,7.821446895599365,0.36112835719488967
2022-07-27,Angela_DER_AY470_eobs_4001__2022__southbound_01,Angela / DER AY470 (eobs 4001),48.050156,7.8170605,48.048626,7.8205914,48.050797,7.810682379792231,0.7750995125851651,0.3126264,0,0.2199088,0.56778497,0.47857353,48.050156,7.817060470581055,0.31276392922160434
2022-07-28,Angela_DER_AY470_eobs_4001__2022__southbound_01,Angela / DER AY470 (eobs 4001),48.048626,7.8205914,48.048702,7.820163,48.049248,7.81405298965017,0.4581935372471555,0.03291327,0,0.22047706,0.56778497,0.49003467,48.048626,7.820591449737549,0.03297512678120695
2022-07-29,Angela_DER_AY470_eobs_4001__2022__southbound_01,Angela / DER AY470 (eobs 4001),48.048702,7.820163,48.047768,7.827323,48.048946,7.811739298480917,1.16579154436134,0.54227185,0,0.22891964,0.56778497,0.6256427,48.048702,7.820162773132324,0.5422991998851918
2022-07-30,Angela_DER_AY470_eobs_4001__2022__southbound_01,Angela / DER AY470 (eobs 4001),48.047768,7.827323,48.13316,7.7576375,48.047806,7.818006491768359,10.496774679808444,10.814234,1,0.23191175,0.56778497,0.6913375,48.047768,7.827322959899902,10.814200694363496
2022-07-31,Angela_DER_AY470_eobs_4001__2022__southbound_01,Angela / DER AY470 (eobs 4001),48.13316,7.7576375,48.13341,7.757503,48.133057,7.7475101924792495,0.7426338919536173,0.02970145,0,0.23644215,0.56778497,0.75033224,48.13316,7.7576375007629395,0.029720955336710174
2022-08-01,Angela_DER_AY470_eobs_4001__2022__southbound_01,Angela / DER AY470 (eobs 4001),48.13341,7.757503,48.04878,7.8231163,48.13312,7.746330348991729,10.976431561980997,10.597998,1,0.24219725,0.56778497,0.82830995,48.13341,7.757503032684326,10.597692253103245
2022-08-02,Angela_DER_AY470_eobs_4001__2022__southbound_01,Angela / DER AY470 (eobs 4001),48.04878,7.8231163,48.048836,7.8189383,48.04751,7.808720681385929,0.7737299646147647,0.3106508,0,0.2536106,0.56778497,1.0774937,48.04878,7.823116302490234,0.3106345111211064
2022-08-03,Angela_DER_AY470_eobs_4001__2022__southbound_01,Angela / DER AY470 (eobs 4001),48.048836,7.8189383,48.049488,7.8205976,48.04635,7.800664985554242,1.522261743692073,0.14313821,0,0.2681585,0.56778497,1.3837438,48.048836,7.818938255310059,0.14309394330255118
2022-08-04,Angela_DER_AY470_eobs_4001__2022__southbound_01,Angela / DER AY470 (eobs 4001),48.049488,7.8205976,48.046074,7.8209033,48.04573,7.798757205392398,1.6467347334244058,0.38005444,0,0.2768611,0.56778497,1.6733851,48.049488,7.8205976486206055,0.38031642657117426
2022-08-05,Angela_DER_AY470_eobs_4001__2022__southbound_01,Angela / DER AY470 (eobs 4001),48.046074,7.8209033,48.04897,7.8212457,48.04004,7.7924109582266965,2.3623971333041616,0.32295728,0,0.29825526,0.56778497,2.217851,48.046074,7.820903301239014,0.3229536107705849
2022-08-06,Angela_DER_AY470_eobs_4001__2022__southbound_01,Angela / DER AY470 (eobs 4001),48.04897,7.8212457,48.048985,7.833475,48.040363,7.785820284700818,3.670051911374888,0.90906495,0,0.31845546,0.56778497,2.7968388,48.04897,7.8212456703186035,0.909057239760576
2022-08-07,Angela_DER_AY470_eobs_4001__2022__southbound_01,Angela / DER AY470 (eobs 4001),48.048985,7.833475,48.046196,7.8208523,48.03959,7.7961081926878295,1.9808100741077814,0.9882416,0,0.32344714,0.56778497,2.9623811,48.048985,7.833475112915039,0.9882281391028956
2022-08-08,Angela_DER_AY470_eobs_4001__2022__southbound_01,Angela / DER AY470 (eobs 4001),48.046196,7.8208523,47.50322,6.957188,48.03404,7.776434932090515,85.04476617233482,88.37736,1,0.3426205,0.56778497,3.5617096,48.046196,7.820852279663086,88.37731746046404
2022-08-09,Angela_DER_AY470_eobs_4001__2022__southbound_01,Angela / DER AY470 (eobs 4001),47.50322,6.957188,45.342464,4.7907906,47.434624,6.763549123815436,277.4926162813619,292.03723,1,0.5849626,0.56778497,16.39541,47.434624,6.763549123815436,277.4926162813619
2022-08-10,Angela_DER_AY470_eobs_4001__2022__southbound_01,Angela / DER AY470 (eobs 4001),45.342464,4.7907906,43.619705,3.9545126,45.112473,4.212508248660913,167.25026762932282,202.72336,1,0.79015946,0.56778497,51.83865,45.112473,4.212508248660913,167.25026762932282
2022-08-11,Angela_DER_AY470_eobs_4001__2022__southbound_01,Angela / DER AY470 (eobs 4001),43.619705,3.9545126,43.12291,3.0443501,43.35839,3.3258696967835375,34.722407136125554,91.99841,1,0.81291175,0.56778497,58.251095,43.35839,3.3258696967835375,34.722407136125554
2022-08-12,Angela_DER_AY470_eobs_4001__2022__southbound_01,Angela / DER AY470 (eobs 4001),43.12291,3.0443501,41.843914,2.6726713,42.85202,2.4034387866577482,114.25899191454593,145.44662,1,0.82368755,0.56778497,60.003014,42.85202,2.4034387866577482,114.25899191454593
2022-08-13,Angela_DER_AY470_eobs_4001__2022__southbound_01,Angela / DER AY470 (eobs 4001),41.843914,2.6726713,41.663628,0.91030246,41.568832,2.039249426091917,94.43937222679915,147.5592,1,0.8296129,0.56778497,60.62849,41.568832,2.039249426091917,94.43937222679915
2022-08-14,Angela_DER_AY470_eobs_4001__2022__southbound_01,Angela / DER AY470 (eobs 4001),41.663628,0.91030246,41.53103,0.5080682,41.387123,0.2815001461483366,24.749252755701757,36.553333,1,0.8354143,0.56778497,60.505013,41.387123,0.2815001461483366,24.749252755701757
2022-08-15,Angela_DER_AY470_eobs_4001__2022__southbound_01,Angela / DER AY470 (eobs 4001),41.53103,0.5080682,41.42724,-0.3347375,41.250828,-0.11753500715625897,26.713520888851605,71.153496,1,0.8391002,0.56778497,60.578026,41.250828,-0.11753500715625897,26.713520888851605
2022-08-16,Angela_DER_AY470_eobs_4001__2022__southbound_01,Angela / DER AY470 (eobs 4001),41.42724,-0.3347375,41.166996,-0.7217419,41.147247,-0.9480440044446358,19.072758908742024,43.38962,1,0.8439426,0.56778497,59.76119,41.147247,-0.9480440044446358,19.072758908742024
2022-08-17,Angela_DER_AY470_eobs_4001__2022__southbound_01,Angela / DER AY470 (eobs 4001),41.166996,-0.7217419,40.50617,-2.1439245,40.88819,-1.3207720224854311,81.36395621419108,140.40466,1,0.8475266,0.56778497,58.84933,40.88819,-1.3207720224854311,81.36395621419108
2022-08-18,Angela_DER_AY470_eobs_4001__2022__southbound_01,Angela / DER AY470 (eobs 4001),40.50617,-2.1439245,38.541157,-4.013793,40.23154,-2.7209133129601946,218.34071941376033,271.0273,1,0.8503504,0.56778497,57.450603,40.23154,-2.7209133129601946,218.34071941376033
2022-08-19,Angela_DER_AY470_eobs_4001__2022__southbound_01,Angela / DER AY470 (eobs 4001),38.541157,-4.013793,36.82666,-6.093652,38.28008,-4.539145127933068,211.88289432439447,264.26355,1,0.8502305,0.56778497,54.038704,38.28008,-4.539145127933068,211.88289432439447
2022-08-20,Angela_DER_AY470_eobs_4001__2022__southbound_01,Angela / DER AY470 (eobs 4001),36.82666,-6.093652,36.568546,-6.147579,36.580746,-6.571416296397632,37.87236552934527,29.100693,1,0.8469719,0.56778497,50.46846,36.580746,-6.571416296397632,37.87236552934527
2022-08-26,Europa_DER_A1A26_eobs_4004__2022__southbound_01,Europa / DER A1A26 (eobs 4004),47.173576,7.403201,47.174,7.403114,47.123177,7.3047065028738025,9.34448280060912,0.04722405,0,0.33147228,0.56778497,9.302151,47.173576,7.403201103210449,0.047543249443413205
2022-08-27,Europa_DER_A1A26_eobs_4004__2022__southbound_01,Europa / DER A1A26 (eobs 4004),47.174,7.403114,47.171925,7.4030876,47.113674,7.286374956276439,10.948658546908614,0.23071043,0,0.35353172,0.56778497,11.064805,47.174,7.403113842010498,0.23076002458362108
2022-08-28,Europa_DER_A1A26_eobs_4004__2022__southbound_01,Europa / DER A1A26 (eobs 4004),47.171925,7.4030876,47.176292,7.4033556,47.110706,7.285545502225748,11.514135090033419,0.4861614,0,0.3542646,0.56778497,11.1734295,47.171925,7.403087615966797,0.48610324873020117
2022-08-29,Europa_DER_A1A26_eobs_4004__2022__southbound_01,Europa / DER A1A26 (eobs 4004),47.176292,7.4033556,47.173294,7.404881,47.117126,7.289988084877849,10.700880833168686,0.3526719,0,0.34845835,0.56778497,10.784214,47.176292,7.403355598449707,0.3527760009209887
2022-08-30,Europa_DER_A1A26_eobs_4004__2022__southbound_01,Europa / DER A1A26 (eobs 4004),47.173294,7.404881,47.175682,7.404509,47.111675,7.287485069643256,11.357302013153792,0.2671018,0,0.3538507,0.56778497,11.191507,47.173294,7.404881000518799,0.2670179949147818
2022-08-31,Europa_DER_A1A26_eobs_4004__2022__southbound_01,Europa / DER A1A26 (eobs 4004),47.175682,7.404509,47.174465,7.4038687,47.105232,7.270472875172255,12.691083280749664,0.14374875,0,0.37491134,0.56778497,12.7839365,47.175682,7.4045090675354,0.14370927046373994
2022-09-01,Europa_DER_A1A26_eobs_4004__2022__southbound_01,Europa / DER A1A26 (eobs 4004),47.174465,7.4038687,47.177036,7.4025965,47.10302,7.2682945317783565,13.073763954797762,0.30141255,0,0.37988588,0.56778497,12.943685,47.174465,7.403868675231934,0.3016325646997343
2022-09-02,Europa_DER_A1A26_eobs_4004__2022__southbound_01,Europa / DER A1A26 (eobs 4004),47.177036,7.4025965,47.176666,7.4030914,47.103233,7.262908629528331,13.38260422233706,0.055567723,0,0.3865513,0.56778497,13.349005,47.177036,7.402596473693848,0.05560993200085047
2022-09-03,Europa_DER_A1A26_eobs_4004__2022__southbound_01,Europa / DER A1A26 (eobs 4004),47.176666,7.4030914,47.175728,7.4030075,47.09576,7.250414171087158,14.570374898542855,0.104534276,0,0.40591127,0.56778497,14.606602,47.176666,7.4030914306640625,0.10453981751187812
2022-09-04,Europa_DER_A1A26_eobs_4004__2022__southbound_01,Europa / DER A1A26 (eobs 4004),47.175728,7.4030075,47.167446,7.4036956,47.094604,7.250764202329694,14.122572406674006,0.9224473,0,0.41345128,0.56778497,14.595781,47.175728,7.403007507324219,0.9223528392633773
2022-09-05,Europa_DER_A1A26_eobs_4004__2022__southbound_01,Europa / DER A1A26 (eobs 4004),47.167446,7.4036956,47.172783,7.403183,47.086796,7.252401771991002,14.883922381676602,0.5950674,0,0.4208053,0.56778497,14.508582,47.167446,7.403695583343506,0.5946853832166612
2022-09-06,Europa_DER_A1A26_eobs_4004__2022__southbound_01,Europa / DER A1A26 (eobs 4004),47.172783,7.403183,47.173977,7.4030967,47.09559,7.259758674057342,13.911738817121439,0.13261038,0,0.42445657,0.56778497,13.803817,47.172783,7.4031829833984375,0.13292713950182483
2022-09-07,Europa_DER_A1A26_eobs_4004__2022__southbound_01,Europa / DER A1A26 (eobs 4004),47.173977,7.4030967,47.17542,7.40314,47.095978,7.258615492730274,14.054942025505058,0.1606158,0,0.43409887,0.56778497,13.921614,47.173977,7.403096675872803,0.16037190768792126
2022-09-08,Europa_DER_A1A26_eobs_4004__2022__southbound_01,Europa / DER A1A26 (eobs 4004),47.17542,7.40314,47.175423,7.402258,47.093548,7.2512070470844465,14.609549297971203,0.06668948,0,0.45258477,0.56778497,14.629018,47.17542,7.403140068054199,0.06667902358772407
2022-09-09,Europa_DER_A1A26_eobs_4004__2022__southbound_01,Europa / DER A1A26 (eobs 4004),47.175423,7.402258,47.17542,7.40294,47.088078,7.240202616365629,15.680379732673071,0.051566087,0,0.4742803,0.56778497,15.604952,47.175423,7.402257919311523,0.05154178565943214
2022-09-10,Europa_DER_A1A26_eobs_4004__2022__southbound_01,Europa / DER A1A26 (eobs 4004),47.17542,7.40294,47.176197,7.403118,47.083405,7.2325792648371205,16.519894568995422,0.08772901,0,0.49405092,0.56778497,16.417854,47.17542,7.402939796447754,0.08757542414878355
2022-09-11,Europa_DER_A1A26_eobs_4004__2022__southbound_01,Europa / DER A1A26 (eobs 4004),47.176197,7.403118,47.00763,7.1559305,47.079,7.223189330850317,9.43144024294687,26.486069,1,0.50989354,0.56778497,17.340889,47.176197,7.403118133544922,26.486124191833056
2022-09-12,Europa_DER_A1A26_eobs_4004__2022__southbound_01,Europa / DER A1A26 (eobs 4004),47.00763,7.1559305,45.33484,4.8990874,46.905903,6.955763004943826,235.87656266228865,254.53513,1,0.6106477,0.56778497,18.895779,46.905903,6.955763004943826,235.87656266228865
2022-09-13,Europa_DER_A1A26_eobs_4004__2022__southbound_01,Europa / DER A1A26 (eobs 4004),45.33484,4.8990874,44.631557,4.774482,45.18906,4.603459135640133,63.43764634096054,78.81296,1,0.7117706,0.56778497,28.177145,45.18906,4.603459135640133,63.43764634096054
2022-09-14,Europa_DER_A1A26_eobs_4004__2022__southbound_01,Europa / DER A1A26 (eobs 4004),44.631557,4.774482,44.54511,4.734018,44.48944,4.491025814333725,20.235942248680104,10.132805,1,0.7110039,0.56778497,27.38968,44.48944,4.491025814333725,20.235942248680104
2022-09-15,Europa_DER_A1A26_eobs_4004__2022__southbound_01,Europa / DER A1A26 (eobs 4004),44.54511,4.734018,43.72909,4.466649,44.407005,4.460038886322341,75.38251437492174,93.21169,1,0.7078109,0.56778497,26.547606,44.407005,4.460038886322341,75.38251437492174
2022-09-16,Europa_DER_A1A26_eobs_4004__2022__southbound_01,Europa / DER A1A26 (eobs 4004),43.72909,4.466649,43.44547,3.7860465,43.605762,4.226693586236399,39.74704056019217,63.24101,1,0.6929238,0.56778497,23.618738,43.605762,4.226693586236399,39.74704056019217
2022-09-17,Europa_DER_A1A26_eobs_4004__2022__southbound_01,Europa / DER A1A26 (eobs 4004),43.44547,3.7860465,42.122757,2.681105,43.324116,3.554316439856615,151.43446092146849,172.5163,1,0.69002783,0.56778497,23.025965,43.324116,3.554316439856615,151.43446092146849
2022-09-18,Europa_DER_A1A26_eobs_4004__2022__southbound_01,Europa / DER A1A26 (eobs 4004),42.122757,2.681105,41.69894,0.4768853,42.001373,2.4560499695554014,167.34057305755658,188.38208,1,0.69494987,0.56778497,22.909672,42.001373,2.4560499695554014,167.34057305755658
2022-09-19,Europa_DER_A1A26_eobs_4004__2022__southbound_01,Europa / DER A1A26 (eobs 4004),41.69894,0.4768853,41.585304,-0.7701303,41.574066,0.24649248795380074,84.56902515819034,104.39005,1,0.7061265,0.56778497,23.595201,41.574066,0.24649248795380074,84.56902515819034
2022-09-20,Europa_DER_A1A26_eobs_4004__2022__southbound_01,Europa / DER A1A26 (eobs 4004),41.585304,-0.7701303,41.58544,-0.77625954,41.460087,-0.9997208742384658,23.245976116571846,0.51000255,0,0.7107043,0.56778497,23.59095,41.460087,-0.9997208742384658,23.245976116571846
2022-09-21,Europa_DER_A1A26_eobs_4004__2022__southbound_01,Europa / DER A1A26 (eobs 4004),41.58544,-0.77625954,41.579998,-0.8386821,41.47627,-0.9729243132767733,16.05972186904309,5.227105,0,0.6844175,0.56778497,20.333517,41.47627,-0.9729243132767733,16.05972186904309
2022-09-21,Louis_DER_AU050_eobs_3264__2022__southbound_01,Louis / DER AU050 (eobs 3264),41.66409,0.94866854,41.65841,0.94916517,41.642517,0.9107310562228296,3.6496843313964233,0.6327675,0,0.38458556,0.56778497,3.9534955,41.66409,0.9486685395240784,0.6329434072492468
2022-09-22,Europa_DER_A1A26_eobs_4004__2022__southbound_01,Europa / DER A1A26 (eobs 4004),41.579998,-0.8386821,41.54476,-0.9040432,41.51191,-0.956797461329697,5.712210454889619,6.70246,0,0.6028052,0.56778497,12.381629,41.51191,-0.956797461329697,5.712210454889619
2022-09-22,Louis_DER_AU050_eobs_3264__2022__southbound_01,Louis / DER AU050 (eobs 3264),41.65841,0.94916517,41.663296,0.9509038,41.63734,0.9123438507161509,4.312068569964917,0.5620198,0,0.38295457,0.56778497,3.8462448,41.65841,0.9491651654243469,0.5622367769147429
2022-09-23,Europa_DER_A1A26_eobs_4004__2022__southbound_01,Europa / DER A1A26 (eobs 4004),41.54476,-0.9040432,40.35964,-3.4988678,41.481274,-1.0127521367907186,243.27189611639855,254.64507,1,0.59323645,0.56778497,11.455219,41.481274,-1.0127521367907186,243.27189611639855
2022-09-23,Louis_DER_AU050_eobs_3264__2022__southbound_01,Louis / DER AU050 (eobs 3264),41.663296,0.9509038,41.66949,0.9510214,41.64291,0.915468417993583,4.178548576945561,0.6888004,0,0.37798685,0.56778497,3.7087703,41.663296,0.9509037733078003,0.6889303822482815
2022-09-24,Europa_DER_A1A26_eobs_4004__2022__southbound_01,Europa / DER A1A26 (eobs 4004),40.35964,-3.4988678,40.261414,-3.6347303,40.293182,-3.611415127461584,4.0485707279645045,15.874588,1,0.608271,0.56778497,12.043013,40.293182,-3.611415127461584,4.0485707279645045
2022-09-24,Louis_DER_AU050_eobs_3264__2022__southbound_01,Louis / DER AU050 (eobs 3264),41.66949,0.9510214,41.661243,0.9511114,41.65005,0.9177882665513015,3.0353436048395275,0.91697294,0,0.3658704,0.56778497,3.4999948,41.66949,0.9510213732719421,0.9170980534950081
2022-09-25,Europa_DER_A1A26_eobs_4004__2022__southbound_01,Europa / DER A1A26 (eobs 4004),40.261414,-3.6347303,39.87214,-3.9784224,40.19507,-3.7458480101631038,41.00576567929917,52.24006,1,0.60775644,0.56778497,11.950872,40.19507,-3.7458480101631038,41.00576567929917
2022-09-25,Louis_DER_AU050_eobs_3264__2022__southbound_01,Louis / DER AU050 (eobs 3264),41.661243,0.9511114,41.658478,0.9513737,41.642185,0.9187395469276165,3.2609975254629995,0.30827552,0,0.36187392,0.56778497,3.4177747,41.661243,0.951111376285553,0.30829843640520493
2022-09-26,Europa_DER_A1A26_eobs_4004__2022__southbound_01,Europa / DER A1A26 (eobs 4004),39.87214,-3.9784224,39.85707,-4.165621,39.807472,-4.085280969362681,8.802182645462052,16.064808,1,0.60309964,0.56778497,11.592814,39.807472,-4.085280969362681,8.802182645462052
2022-09-26,Louis_DER_AU050_eobs_3264__2022__southbound_01,Louis / DER AU050 (eobs 3264),41.658478,0.9513737,41.65882,0.9506364,41.639683,0.9194865294145628,3.3507358085509433,0.072279364,0,0.3603843,0.56778497,3.3683355,41.658478,0.9513736963272095,0.0721753039688675
2022-09-27,Europa_DER_A1A26_eobs_4004__2022__southbound_01,Europa / DER A1A26 (eobs 4004),39.85707,-4.165621,39.85726,-4.166196,39.795105,-4.267592032920055,11.079067650927083,0.053488355,0,0.5977263,0.56778497,11.081895,39.795105,-4.267592032920055,11.079067650927083
2022-09-27,Louis_DER_AU050_eobs_3264__2022__southbound_01,Louis / DER AU050 (eobs 3264),41.65882,0.9506364,41.661495,0.9509365,41.640953,0.9207434170651683,3.392727842920279,0.29821277,0,0.34839162,0.56778497,3.1746888,41.65882,0.9506363868713379,0.2983904319191943
2022-09-28,Europa_DER_A1A26_eobs_4004__2022__southbound_01,Europa / DER A1A26 (eobs 4004),39.85726,-4.166196,39.8569,-4.165379,39.806,-4.248526385323766,9.079793830915522,0.08048585,0,0.5597203,0.56778497,9.032679,39.85726,-4.166195869445801,0.0805299082021391
2022-09-28,Louis_DER_AU050_eobs_3264__2022__southbound_01,Louis / DER AU050 (eobs 3264),41.661495,0.9509365,41.65895,0.9512425,41.644154,0.9222700971562887,2.915775525396365,0.28415862,0,0.33966112,0.56778497,3.058736,41.661495,0.950936496257782,0.28406489451114425
2022-09-29,Europa_DER_A1A26_eobs_4004__2022__southbound_01,Europa / DER A1A26 (eobs 4004),39.8569,-4.165379,39.85722,-4.165764,39.809307,-4.241060432768659,8.349928098373733,0.048539326,0,0.5451018,0.56778497,8.336271,39.8569,-4.165379047393799,0.048460780477021605
2022-09-29,Louis_DER_AU050_eobs_3264__2022__southbound_01,Louis / DER AU050 (eobs 3264),41.65895,0.9512425,41.658493,0.9508007,41.64209,0.9238358603522966,2.8889946010167202,0.062680274,0,0.33144245,0.56778497,2.9443026,41.65895,0.9512425065040588,0.06275313762001013
2022-09-30,Europa_DER_A1A26_eobs_4004__2022__southbound_01,Europa / DER A1A26 (eobs 4004),39.85722,-4.165764,39.857227,-4.165492,39.810173,-4.240171115675565,8.248497092308822,0.023235692,0,0.54249465,0.56778497,8.213866,39.85722,-4.165763854980469,0.02321562851111663
2022-09-30,Louis_DER_AU050_eobs_3264__2022__southbound_01,Louis / DER AU050 (eobs 3264),41.658493,0.9508007,41.657722,0.9509309,41.64178,0.9236562777483828,2.8771105847954557,0.086151816,0,0.3291713,0.56778497,2.9169793,41.658493,0.9508007168769836,0.08636325680375449
2022-10-01,Europa_DER_A1A26_eobs_4004__2022__southbound_01,Europa / DER A1A26 (eobs 4004),39.857227,-4.165492,39.85705,-4.165062,39.81642,-4.229806733013769,7.139452934824902,0.041536424,0,0.5153552,0.56778497,7.109751,39.857227,-4.165492057800293,0.04157621658617413
2022-10-01,Louis_DER_AU050_eobs_3264__2022__southbound_01,Louis / DER AU050 (eobs 3264),41.657722,0.9509309,41.657776,0.9511712,41.641003,0.923897663677917,2.9349285802214076,0.020807263,0,0.32941386,0.56778497,2.9102874,41.657722,0.9509308934211731,0.02083000037338729
2022-10-02,Europa_DER_A1A26_eobs_4004__2022__southbound_01,Europa / DER A1A26 (eobs 4004),39.85705,-4.165062,39.85704,-4.1655807,39.819168,-4.224182711581224,6.539867304059399,0.04430339,0,0.5014633,0.56778497,6.5620933,39.85705,-4.165061950683594,0.044302137708128624
2022-10-02,Louis_DER_AU050_eobs_3264__2022__southbound_01,Louis / DER AU050 (eobs 3264),41.657776,0.9511712,41.650852,0.9534697,41.64143,0.9247421637295651,2.606838046451355,0.7932652,0,0.32702205,0.56778497,2.8453581,41.657776,0.9511712193489075,0.7932080981180868
2022-10-03,Europa_DER_A1A26_eobs_4004__2022__southbound_01,Europa / DER A1A26 (eobs 4004),39.85704,-4.1655807,39.85361,-4.1656814,39.821384,-4.220801432103701,5.915259362690385,0.38167366,0,0.4892742,0.56778497,6.148484,39.85704,-4.165580749511719,0.38143053674715777
2022-10-03,Louis_DER_AU050_eobs_3264__2022__southbound_01,Louis / DER AU050 (eobs 3264),41.650852,0.9534697,41.657715,0.9514176,41.634674,0.9273305982067837,3.2511074711659314,0.7818136,0,0.3274298,0.56778497,2.8150594,41.650852,0.9534696936607361,0.7819051349263225
2022-10-04,Europa_DER_A1A26_eobs_4004__2022__southbound_01,Europa / DER A1A26 (eobs 4004),39.85361,-4.1656814,39.85666,-4.2408013,39.818565,-4.219803415114587,4.599617766205801,6.421291,0,0.4869846,0.56778497,6.0335383,39.85361,-4.1656813621521,6.4212522265059855
2022-10-04,Louis_DER_AU050_eobs_3264__2022__southbound_01,Louis / DER AU050 (eobs 3264),41.657715,0.9514176,41.67065,0.94682825,41.64176,0.9255681956438149,3.6658479019654004,1.4880724,0,0.32671684,0.56778497,2.7805662,41.657715,0.9514176249504089,1.488043810274463
2022-10-05,Europa_DER_A1A26_eobs_4004__2022__southbound_01,Europa / DER A1A26 (eobs 4004),39.85666,-4.2408013,39.85362,-4.1659856,39.8228,-4.2927423242968,11.352318042675583,6.3952804,0,0.4823593,0.56778497,5.806359,39.85666,-4.2408013343811035,6.395274668808889
2022-10-05,Louis_DER_AU050_eobs_3264__2022__southbound_01,Louis / DER AU050 (eobs 3264),41.67065,0.94682825,41.644238,0.9576373,41.6549,0.9212720135104724,3.245776418595288,3.0710762,0,0.32624134,0.56778497,2.7472506,41.67065,0.9468282461166382,3.071205649276802
2022-10-06,Europa_DER_A1A26_eobs_4004__2022__southbound_01,Europa / DER A1A26 (eobs 4004),39.85362,-4.1659856,39.855686,-4.2382092,39.821648,-4.214593075614366,4.288518851925571,6.169369,0,0.47029406,0.56778497,5.4544253,39.85362,-4.165985584259033,6.16939916565517
2022-10-06,Louis_DER_AU050_eobs_3264__2022__southbound_01,Louis / DER AU050 (eobs 3264),41.644238,0.9576373,41.64801,0.9574493,41.62854,0.9321586422439138,3.017345089354641,0.4196131,0,0.3268204,0.56778497,2.7390518,41.644238,0.9576373100280762,0.41980036049217684
2022-10-07,Europa_DER_A1A26_eobs_4004__2022__southbound_01,Europa / DER A1A26 (eobs 4004),39.855686,-4.2382092,39.855316,-4.166041,39.824356,-4.285610441169924,10.77365827283362,6.1604486,0,0.4668123,0.56778497,5.32996,39.855686,-4.238209247589111,6.160453614333413
2022-10-07,Louis_DER_AU050_eobs_3264__2022__southbound_01,Louis / DER AU050 (eobs 3264),41.64801,0.9574493,41.65875,0.9519391,41.63264,0.9324653520935532,3.3235626969749,1.2787738,0,0.3237082,0.56778497,2.684103,41.64801,0.9574493169784546,1.2788076603653102
2022-10-08,Europa_DER_A1A26_eobs_4004__2022__southbound_01,Europa / DER A1A26 (eobs 4004),39.855316,-4.166041,39.857166,-4.164878,39.824898,-4.211762230579712,5.375661611903787,0.22824006,0,0.46054086,0.56778497,5.1554976,39.855316,-4.166040897369385,0.22842519702188968
2022-10-08,Louis_DER_AU050_eobs_3264__2022__southbound_01,Louis / DER AU050 (eobs 3264),41.65875,0.9519391,41.64098,0.958015,41.643497,0.9270957316558527,2.5845084057179615,2.0391748,0,0.32267246,0.56778497,2.6665642,41.65875,0.9519391059875488,2.0392838653896934
2022-10-09,Europa_DER_A1A26_eobs_4004__2022__southbound_01,Europa / DER A1A26 (eobs 4004),39.857166,-4.164878,39.857105,-4.166179,39.82819,-4.208188985865738,4.816829798911956,0.11129922,0,0.4501692,0.56778497,4.8953195,39.857166,-4.164877891540527,0.11128296484507887
2022-10-09,Louis_DER_AU050_eobs_3264__2022__southbound_01,Louis / DER AU050 (eobs 3264),41.64098,0.958015,41.63425,0.94022936,41.625885,0.9333959222913666,1.0898924327337223,1.6566998,0,0.32250997,0.56778497,2.6415236,41.64098,0.9580150246620178,1.6566472449046987
2022-10-10,Europa_DER_A1A26_eobs_4004__2022__southbound_01,Europa / DER A1A26 (eobs 4004),39.857105,-4.166179,39.855255,-4.165329,39.828716,-4.20871976290076,4.7362713921979,0.21808122,0,0.4483851,0.56778497,4.803102,39.857105,-4.166179180145264,0.21815049108841625
2022-10-10,Louis_DER_AU050_eobs_3264__2022__southbound_01,Louis / DER AU050 (eobs 3264),41.63425,0.94022936,41.538494,0.6148426,41.619324,0.9158040873187177,26.59812152998043,29.08136,1,0.32258067,0.56778497,2.6174874,41.63425,0.9402293562889099,29.08140939470361
2022-10-11,Europa_DER_A1A26_eobs_4004__2022__southbound_01,Europa / DER A1A26 (eobs 4004),39.855255,-4.165329,39.853523,-4.189989,39.827103,-4.207434722697796,3.293857766601268,2.113832,0,0.448296,0.56778497,4.757917,39.855255,-4.1653289794921875,2.113820417880259
2022-10-11,Louis_DER_AU050_eobs_3264__2022__southbound_01,Louis / DER AU050 (eobs 3264),41.538494,0.6148426,41.538704,0.6147031,41.523598,0.590349420357037,2.6326924764454374,0.02594392,0,0.32386297,0.56778497,2.6219907,41.538494,0.6148425936698914,0.026058236968073894
2022-10-12,Europa_DER_A1A26_eobs_4004__2022__southbound_01,Europa / DER A1A26 (eobs 4004),39.853523,-4.189989,39.85436,-4.237856,39.825615,-4.231575071571367,3.2408375032654604,4.0870786,0,0.44522396,0.56778497,4.7067013,39.853523,-4.18998908996582,4.087077772816654
2022-10-12,Louis_DER_AU050_eobs_3264__2022__southbound_01,Louis / DER AU050 (eobs 3264),41.538704,0.6147031,41.538692,0.6181468,41.52392,0.5903363262392407,2.8386339722207303,0.28662333,0,0.32338104,0.56778497,2.6061468,41.538704,0.6147031188011169,0.2866199149619411
2022-10-13,Europa_DER_A1A26_eobs_4004__2022__southbound_01,Europa / DER A1A26 (eobs 4004),39.85436,-4.237856,39.853455,-4.166751,39.827164,-4.278069245817028,9.943722972004828,6.070499,0,0.43726596,0.56778497,4.5666127,39.85436,-4.237855911254883,6.070522014122284
2022-10-13,Louis_DER_AU050_eobs_3264__2022__southbound_01,Louis / DER AU050 (eobs 3264),41.538692,0.6181468,41.539528,0.6143338,41.524036,0.5940768155186534,2.4104912129274974,0.33064634,0,0.32220757,0.56778497,2.5778353,41.538692,0.6181467771530151,0.33066940566307246
2022-10-14,Europa_DER_A1A26_eobs_4004__2022__southbound_01,Europa / DER A1A26 (eobs 4004),39.853455,-4.166751,39.855793,-4.2449293,39.82716,-4.205619359735432,4.6261253980216255,6.6784935,0,0.43068954,0.56778497,4.414693,39.853455,-4.166750907897949,6.678485690714074
2022-10-14,Louis_DER_AU050_eobs_3264__2022__southbound_01,Louis / DER AU050 (eobs 3264),41.539528,0.6143338,41.54031,0.6171932,41.524937,0.5904412650910301,2.8072612518509343,0.25348932,0,0.3216801,0.56778497,2.5619202,41.539528,0.6143338084220886,0.25337427646052463
2022-10-15,Europa_DER_A1A26_eobs_4004__2022__southbound_01,Europa / DER A1A26 (eobs 4004),39.855793,-4.2449293,39.853657,-4.1669483,39.829815,-4.283356736564384,10.28616569422061,6.6608067,0,0.42887053,0.56778497,4.3631063,39.855793,-4.244929313659668,6.660797833429042
2022-10-15,Louis_DER_AU050_eobs_3264__2022__southbound_01,Louis / DER AU050 (eobs 3264),41.54031,0.6171932,41.539574,0.61455595,41.525925,0.5937453201709263,2.303054192158645,0.23428509,0,0.3193002,0.56778497,2.518829,41.54031,0.6171932220458984,0.2342664707541938
2022-10-16,Europa_DER_A1A26_eobs_4004__2022__southbound_01,Europa / DER A1A26 (eobs 4004),39.853657,-4.1669483,39.854702,-4.2406445,39.828407,-4.204249228875437,4.266663738768882,6.291921,0,0.42298672,0.56778497,4.237676,39.853657,-4.166948318481445,6.291923269994996
2022-10-16,Louis_DER_AU050_eobs_3264__2022__southbound_01,Louis / DER AU050 (eobs 3264),41.539574,0.61455595,41.541183,0.624586,41.52534,0.5912592354977608,3.286106038465442,0.85371745,0,0.3194291,0.56778497,2.498377,41.539574,0.6145559549331665,0.8537579093687907
2022-10-17,Europa_DER_A1A26_eobs_4004__2022__southbound_01,Europa / DER A1A26 (eobs 4004),39.854702,-4.2406445,39.85363,-4.1671476,39.829453,-4.278035705913659,9.841682633069219,6.274983,0,0.42368975,0.56778497,4.243409,39.854702,-4.240644454956055,6.27496892270129
2022-10-17,Louis_DER_AU050_eobs_3264__2022__southbound_01,Louis / DER AU050 (eobs 3264),41.541183,0.624586,41.53941,0.6174957,41.527096,0.601502421015478,1.9097162061158606,0.6221683,0,0.3186307,0.56778497,2.4745593,41.541183,0.6245859861373901,0.622202438952022
2022-10-18,Europa_DER_A1A26_eobs_4004__2022__southbound_01,Europa / DER A1A26 (eobs 4004),39.85363,-4.1671476,39.844223,-4.260671,39.829018,-4.203514238328724,5.164859178154003,8.052187,0,0.4181081,0.56778497,4.131089,39.85363,-4.167147636413574,8.052194427000524
2022-10-18,Louis_DER_AU050_eobs_3264__2022__southbound_01,Louis / DER AU050 (eobs 3264),41.53941,0.6174957,41.538746,0.6146516,41.52543,0.5945191334624761,2.236310899986754,0.24797596,0,0.31842494,0.56778497,2.4600616,41.53941,0.6174957156181335,0.24795329812786585
2022-10-19,Europa_DER_A1A26_eobs_4004__2022__southbound_01,Europa / DER A1A26 (eobs 4004),39.844223,-4.260671,39.85428,-4.241106,39.819862,-4.296448017498336,6.080585830113734,2.0097353,0,0.41522607,0.56778497,4.0754237,39.844223,-4.260671138763428,2.0099496466355298
2022-10-19,Louis_DER_AU050_eobs_3264__2022__southbound_01,Louis / DER AU050 (eobs 3264),41.538746,0.6146516,41.54087,0.61933845,41.524952,0.5919242101975809,2.8879542389018047,0.45609736,0,0.3174319,0.56778497,2.4311275,41.538746,0.614651620388031,0.4560527920827226
2022-10-20,Europa_DER_A1A26_eobs_4004__2022__southbound_01,Europa / DER A1A26 (eobs 4004),39.85428,-4.241106,39.8566,-4.1673207,39.830173,-4.276336172194565,9.760152965136857,6.3036413,0,0.41199613,0.56778497,4.021335,39.85428,-4.241106033325195,6.303640898983202
2022-10-20,Louis_DER_AU050_eobs_3264__2022__southbound_01,Louis / DER AU050 (eobs 3264),41.54087,0.61933845,41.539196,0.6276122,41.527256,0.59691523938394,2.879482364144225,0.7133239,0,0.31608012,0.56778497,2.3989239,41.54087,0.6193384528160095,0.7133444693785984
2022-10-21,Europa_DER_A1A26_eobs_4004__2022__southbound_01,Europa / DER A1A26 (eobs 4004),39.8566,-4.1673207,39.86001,-4.2381983,39.83263,-4.202351871348909,4.316604426501863,6.0617127,0,0.41172072,0.56778497,3.9986718,39.8566,-4.167320728302002,6.061732605529612
2022-10-21,Louis_DER_AU050_eobs_3264__2022__southbound_01,Louis / DER AU050 (eobs 3264),41.539196,0.6276122,41.537666,0.63729304,41.525715,0.6053965119348079,2.969068990224642,0.8235549,0,0.31531695,0.56778497,2.3760483,41.539196,0.6276121735572815,0.82350378704207
2022-10-22,Europa_DER_A1A26_eobs_4004__2022__southbound_01,Europa / DER A1A26 (eobs 4004),39.86001,-4.2381983,39.855923,-4.1669226,39.83595,-4.273481918036231,9.364401743230767,6.100814,0,0.41293025,0.56778497,4.0210905,39.86001,-4.238198280334473,6.100839435747949
2022-10-23,Europa_DER_A1A26_eobs_4004__2022__southbound_01,Europa / DER A1A26 (eobs 4004),39.855923,-4.1669226,39.856693,-4.22614,39.83231,-4.2014418617002605,3.4347384639230465,5.0555053,0,0.40856698,0.56778497,3.9398713,39.855923,-4.166922569274902,5.05548977067541
2022-10-24,Europa_DER_A1A26_eobs_4004__2022__southbound_01,Europa / DER A1A26 (eobs 4004),39.856693,-4.22614,39.85703,-4.2360497,39.833424,-4.259991323155256,3.3267706155031225,0.84667885,0,0.40456054,0.56778497,3.8719049,39.856693,-4.226140022277832,0.8466960199559072
2022-10-25,Europa_DER_A1A26_eobs_4004__2022__southbound_01,Europa / DER A1A26 (eobs 4004),39.85703,-4.2360497,39.85031,-4.24934,39.834206,-4.269296467445464,2.471881497598268,1.3581085,0,0.40152952,0.56778497,3.8003576,39.85703,-4.236049652099609,1.3583329325638702
2022-10-26,Europa_DER_A1A26_eobs_4004__2022__southbound_01,Europa / DER A1A26 (eobs 4004),39.85031,-4.24934,39.85015,-4.257514,39.827763,-4.2822218100065905,3.263104778117127,0.69803196,0,0.40031764,0.56778497,3.7570581,39.85031,-4.249340057373047,0.6980116429454792
2022-10-27,Europa_DER_A1A26_eobs_4004__2022__southbound_01,Europa / DER A1A26 (eobs 4004),39.85015,-4.257514,39.849606,-4.252669,39.827988,-4.289864216312798,3.9829459519237345,0.41804382,0,0.39749083,0.56778497,3.6948817,39.85015,-4.257513999938965,0.41804101486383777
2022-10-28,Europa_DER_A1A26_eobs_4004__2022__southbound_01,Europa / DER A1A26 (eobs 4004),39.849606,-4.252669,39.85646,-4.2423134,39.82789,-4.28450110414269,4.802831036814489,1.167168,0,0.3949862,0.56778497,3.6290355,39.849606,-4.252668857574463,1.167233228088692
2022-10-29,Europa_DER_A1A26_eobs_4004__2022__southbound_01,Europa / DER A1A26 (eobs 4004),39.85646,-4.2423134,39.855812,-4.205393,39.83511,-4.273725670197032,6.271527637600818,3.152318,0,0.39235175,0.56778497,3.5751414,39.85646,-4.242313385009766,3.1523469120092935
2022-10-30,Europa_DER_A1A26_eobs_4004__2022__southbound_01,Europa / DER A1A26 (eobs 4004),39.855812,-4.205393,39.846333,-4.25299,39.834858,-4.236210289104059,1.9184247331309234,4.1976204,0,0.38979158,0.56778497,3.5078943,39.855812,-4.205392837524414,4.197653121658934
2022-10-31,Europa_DER_A1A26_eobs_4004__2022__southbound_01,Europa / DER A1A26 (eobs 4004),39.846333,-4.25299,39.8499,-4.259135,39.825184,-4.284108909789358,3.4784685682848564,0.6577313,0,0.39169163,0.56778497,3.541673,39.846333,-4.252989768981934,0.6576440574243112
2022-11-01,Europa_DER_A1A26_eobs_4004__2022__southbound_01,Europa / DER A1A26 (eobs 4004),39.8499,-4.259135,39.856583,-4.24948,39.828617,-4.290488622738569,4.682747501360961,1.1095884,0,0.39300448,0.56778497,3.5663788,39.8499,-4.259134769439697,1.1097545118627585
2022-11-02,Europa_DER_A1A26_eobs_4004__2022__southbound_01,Europa / DER A1A26 (eobs 4004),39.856583,-4.24948,39.846252,-4.2647414,39.835503,-4.280453606320447,1.7967704720003037,1.7367662,0,0.39015505,0.56778497,3.527134,39.856583,-4.2494797706604,1.7368852007110782
2022-11-03,Europa_DER_A1A26_eobs_4004__2022__southbound_01,Europa / DER A1A26 (eobs 4004),39.846252,-4.2647414,39.851704,-4.2570753,39.82545,-4.2953833080899715,4.384023413167524,0.891838,0,0.38837048,0.56778497,3.485886,39.846252,-4.26474142074585,0.8920264803939019
2022-11-04,Europa_DER_A1A26_eobs_4004__2022__southbound_01,Europa / DER A1A26 (eobs 4004),39.851704,-4.2570753,39.848965,-4.266041,39.831398,-4.286918598419687,2.644412868336608,0.82364887,0,0.38252515,0.56778497,3.398146,39.851704,-4.257075309753418,0.8237258554180046
2022-11-05,Europa_DER_A1A26_eobs_4004__2022__southbound_01,Europa / DER A1A26 (eobs 4004),39.848965,-4.266041,39.84838,-4.265964,39.82864,-4.2960638344515605,3.3798264100812654,0.06532381,0,0.38358274,0.56778497,3.4111524,39.848965,-4.266040802001953,0.06522894312619397
2022-11-06,Europa_DER_A1A26_eobs_4004__2022__southbound_01,Europa / DER A1A26 (eobs 4004),39.84838,-4.265964,39.856464,-4.266269,39.82848,-4.295305878610171,3.9785292267959638,0.89909595,0,0.3801658,0.56778497,3.336463,39.84838,-4.265964031219482,0.8992054747831433
2022-11-07,Europa_DER_A1A26_eobs_4004__2022__southbound_01,Europa / DER A1A26 (eobs 4004),39.856464,-4.266269,39.852993,-4.209228,39.83725,-4.294511386201587,7.488408899421775,4.8843994,0,0.37454292,0.56778497,3.2155144,39.856464,-4.266269207000732,4.88438553502267
2022-11-08,Europa_DER_A1A26_eobs_4004__2022__southbound_01,Europa / DER A1A26 (eobs 4004),39.852993,-4.209228,39.848995,-4.266047,39.833942,-4.237282783112673,2.9719819149158138,4.870731,0,0.3746461,0.56778497,3.1916018,39.852993,-4.209228038787842,4.870733573886522
2022-11-09,Europa_DER_A1A26_eobs_4004__2022__southbound_01,Europa / DER A1A26 (eobs 4004),39.848995,-4.266047,39.851402,-4.2512064,39.830204,-4.293703203473668,4.3267570719916595,1.2947984,0,0.37219128,0.56778497,3.1471574,39.848995,-4.26604700088501,1.2948618738803508
2022-11-10,Europa_DER_A1A26_eobs_4004__2022__southbound_01,Europa / DER A1A26 (eobs 4004),39.851402,-4.2512064,39.847546,-4.2702208,39.832912,-4.278336121651322,1.7685206975721735,1.6788815,0,0.36867318,0.56778497,3.0915797,39.851402,-4.251206398010254,1.6789079846612966
2022-11-11,Europa_DER_A1A26_eobs_4004__2022__southbound_01,Europa / DER A1A26 (eobs 4004),39.847546,-4.2702208,39.847927,-4.26829,39.829468,-4.296714100930644,3.1785000341633616,0.1701635,0,0.36545676,0.56778497,3.0205202,39.847546,-4.270220756530762,0.1701956184504543
2022-11-12,Europa_DER_A1A26_eobs_4004__2022__southbound_01,Europa / DER A1A26 (eobs 4004),39.847927,-4.26829,39.847916,-4.27084,39.830345,-4.293962540377104,2.777522950520053,0.21768662,0,0.36052936,0.56778497,2.9318414,39.847927,-4.268290042877197,0.21770735681070996
2022-11-13,Europa_DER_A1A26_eobs_4004__2022__southbound_01,Europa / DER A1A26 (eobs 4004),39.847916,-4.27084,39.856754,-4.167861,39.83054,-4.296227664081127,11.340347161545667,8.845493,0,0.35862312,0.56778497,2.8983421,39.847916,-4.270840167999268,8.845514435711575
2022-11-14,Europa_DER_A1A26_eobs_4004__2022__southbound_01,Europa / DER A1A26 (eobs 4004),39.856754,-4.167861,39.85351,-4.177822,39.840103,-4.192136357891634,1.9277850154151308,0.9236729,0,0.3514547,0.56778497,2.7739348,39.856754,-4.167860984802246,0.9235739966690271
2022-11-15,Europa_DER_A1A26_eobs_4004__2022__southbound_01,Europa / DER A1A26 (eobs 4004),39.85351,-4.177822,39.848587,-4.27088,39.83717,-4.20173634052195,6.038205235222479,7.9628267,0,0.34903207,0.56778497,2.7282739,39.85351,-4.177822113037109,7.962840704550374
2022-11-16,Europa_DER_A1A26_eobs_4004__2022__southbound_01,Europa / DER A1A26 (eobs 4004),39.848587,-4.27088,39.847897,-4.270175,39.832447,-4.294487358525711,2.6944512830954435,0.09748509,0,0.3466183,0.56778497,2.6939497,39.848587,-4.270880222320557,0.09756686694880227
2022-11-17,Europa_DER_A1A26_eobs_4004__2022__southbound_01,Europa / DER A1A26 (eobs 4004),39.847897,-4.270175,39.84786,-4.2702074,39.83209,-4.2931769795428085,2.630771359282068,0.0050944844,0,0.34228405,0.56778497,2.6310096,39.847897,-4.270174980163574,0.005065069492986559
2022-11-18,Europa_DER_A1A26_eobs_4004__2022__southbound_01,Europa / DER A1A26 (eobs 4004),39.84786,-4.2702074,39.856686,-4.2699175,39.83241,-4.292620341486602,3.3232206065268675,0.98193085,0,0.33742777,0.56778497,2.5669053,39.84786,-4.270207405090332,0.9818542210677559
2022-11-19,Europa_DER_A1A26_eobs_4004__2022__southbound_01,Europa / DER A1A26 (eobs 4004),39.856686,-4.2699175,39.84718,-4.269938,39.841534,-4.2917869980233085,1.9681482761976479,1.0574111,0,0.33358604,0.56778497,2.5102253,39.856686,-4.2699174880981445,1.057046965887451
2022-11-20,Europa_DER_A1A26_eobs_4004__2022__southbound_01,Europa / DER A1A26 (eobs 4004),39.84718,-4.269938,39.856407,-4.249142,39.83221,-4.291485785908201,4.506402386424891,2.0505922,0,0.33160883,0.56778497,2.4764967,39.84718,-4.269937992095947,2.0504389902187694
2022-11-21,Europa_DER_A1A26_eobs_4004__2022__southbound_01,Europa / DER A1A26 (eobs 4004),39.856407,-4.249142,39.85697,-4.256775,39.841827,-4.269993124041916,2.0270898440712033,0.6545116,0,0.3270081,0.56778497,2.4032593,39.856407,-4.249142169952393,0.6545390353123498
2022-11-22,Europa_DER_A1A26_eobs_4004__2022__southbound_01,Europa / DER A1A26 (eobs 4004),39.85697,-4.256775,39.841156,-4.2567496,39.842564,-4.277444018886067,1.7737509548576085,1.758546,0,0.32515335,0.56778497,2.379119,39.85697,-4.25677490234375,1.758633230443243
2023-08-23,Angela_DER_AY470_eobs_4001__2023__southbound_01,Angela / DER AY470 (eobs 4001),42.28831,3.0466027,41.858704,2.7120183,42.12391,2.7006105730612275,29.504600630377187,55.17802,1,0.76353437,0.56778497,33.7667,42.12391,2.7006105730612275,29.504600630377187
2023-08-24,Angela_DER_AY470_eobs_4001__2023__southbound_01,Angela / DER AY470 (eobs 4001),41.858704,2.7120183,41.14599,1.0860349,41.700966,2.385597266241105,124.69412634439891,156.89,1,0.7608726,0.56778497,32.168324,41.700966,2.385597266241105,124.69412634439891
2023-08-25,Angela_DER_AY470_eobs_4001__2023__southbound_01,Angela / DER AY470 (eobs 4001),41.14599,1.0860349,41.2851,1.2431147,40.987488,0.7616601695000443,52.161542824482176,20.295574,1,0.76828986,0.56778497,32.321552,40.987488,0.7616601695000443,52.161542824482176
2023-08-26,Angela_DER_AY470_eobs_4001__2023__southbound_01,Angela / DER AY470 (eobs 4001),41.2851,1.2431147,41.49649,1.7031212,41.1579,0.9881023946481632,70.58450211617031,45.0006,1,0.732653,0.56778497,25.52997,41.1579,0.9881023946481632,70.58450211617031
2023-08-27,Angela_DER_AY470_eobs_4001__2023__southbound_01,Angela / DER AY470 (eobs 4001),41.49649,1.7031212,42.051178,2.8820927,41.37596,1.4622239000327704,139.73668303224196,115.59662,1,0.7241164,0.56778497,24.085358,41.37596,1.4622239000327704,139.73668303224196
2023-08-28,Angela_DER_AY470_eobs_4001__2023__southbound_01,Angela / DER AY470 (eobs 4001),42.051178,2.8820927,42.054653,2.8822155,41.93285,2.643871099883647,23.904406902933786,0.38658014,0,0.72044367,0.56778497,23.62293,41.93285,2.643871099883647,23.904406902933786
2023-08-29,Angela_DER_AY470_eobs_4001__2023__southbound_01,Angela / DER AY470 (eobs 4001),42.054653,2.8822155,42.167862,3.0369475,41.9508,2.675730942096573,38.364444056502506,17.92695,1,0.6973365,0.56778497,20.554811,41.9508,2.675730942096573,38.364444056502506
2023-08-30,Angela_DER_AY470_eobs_4001__2023__southbound_01,Angela / DER AY470 (eobs 4001),42.167862,3.0369475,42.300247,3.0543725,42.08438,2.8733179472207038,28.26023997869854,14.790453,1,0.6584535,0.56778497,16.342869,42.08438,2.8733179472207038,28.26023997869854
2023-08-30,Louis_DER_AU050_eobs_3264__2023__southbound_01,Louis / DER AU050 (eobs 3264),47.90744,8.572916,47.91252,8.577267,47.88434,8.534682144103341,4.4608797729001495,0.65132797,0,0.2705204,0.56778497,3.8300335,47.90744,8.572916030883789,0.6514437375142811
2023-08-31,Angela_DER_AY470_eobs_4001__2023__southbound_01,Angela / DER AY470 (eobs 4001),42.300247,3.0543725,42.300365,3.0540035,42.22768,2.913805795173436,14.086264664984103,0.03299248,0,0.6341011,0.56778497,14.07353,42.22768,2.913805795173436,14.086264664984103
2023-08-31,Louis_DER_AU050_eobs_3264__2023__southbound_01,Louis / DER AU050 (eobs 3264),47.91252,8.577267,47.914204,8.570409,47.889133,8.53857752714139,3.6608419537649475,0.54431605,0,0.27348363,0.56778497,3.876301,47.91252,8.577266693115234,0.5442656015235015
2023-09-01,Angela_DER_AY470_eobs_4001__2023__southbound_01,Angela / DER AY470 (eobs 4001),42.300365,3.0540035,42.30037,3.053391,42.232937,2.924232205005327,13.006849643369875,0.050371144,0,0.62176794,0.56778497,13.020183,42.232937,2.924232205005327,13.006849643369875
2023-09-01,Louis_DER_AU050_eobs_3264__2023__southbound_01,Louis / DER AU050 (eobs 3264),47.914204,8.570409,47.91531,8.574231,47.89065,8.531402245751819,4.208414071202787,0.31037185,0,0.27564216,0.56778497,3.9058065,47.914204,8.570408821105957,0.3102908160189559
2023-09-02,Angela_DER_AY470_eobs_4001__2023__southbound_01,Angela / DER AY470 (eobs 4001),42.30037,3.053391,42.3002,3.0543666,42.23536,2.928909234441802,12.591931147540384,0.08234078,0,0.61653644,0.56778497,12.510643,42.23536,2.928909234441802,12.591931147540384
2023-09-02,Louis_DER_AU050_eobs_3264__2023__southbound_01,Louis / DER AU050 (eobs 3264),47.91531,8.574231,47.915257,8.57293,47.8917,8.535108175127336,3.8483198308052837,0.09712608,0,0.2776696,0.56778497,3.9165504,47.91531,8.574231147766113,0.09712618276047491
2023-09-03,Angela_DER_AY470_eobs_4001__2023__southbound_01,Angela / DER AY470 (eobs 4001),42.3002,3.0543666,42.113182,2.7939646,42.238243,2.9367063702759966,18.21380123677684,29.874352,1,0.60786325,0.56778497,11.857796,42.238243,2.9367063702759966,18.21380123677684
2023-09-03,Louis_DER_AU050_eobs_3264__2023__southbound_01,Louis / DER AU050 (eobs 3264),47.915257,8.57293,47.917305,8.580011,47.891045,8.532675320099179,4.580072598008746,0.57483435,0,0.2840367,0.56778497,4.0239882,47.915257,8.572930335998535,0.5747733829534932
2023-09-04,Angela_DER_AY470_eobs_4001__2023__southbound_01,Angela / DER AY470 (eobs 4001),42.113182,2.7939646,42.09134,2.7486808,42.05364,2.6821002076122187,6.911949364574136,4.455991,0,0.60110396,0.56778497,11.337026,42.05364,2.6821002076122187,6.911949364574136
2023-09-04,Louis_DER_AU050_eobs_3264__2023__southbound_01,Louis / DER AU050 (eobs 3264),47.917305,8.580011,47.91703,8.572701,47.893513,8.540329469107297,3.558249382727717,0.5456462,0,0.28277948,0.56778497,3.9609048,47.917305,8.580011367797852,0.5456151672953644
2023-09-05,Angela_DER_AY470_eobs_4001__2023__southbound_01,Angela / DER AY470 (eobs 4001),42.09134,2.7486808,41.621765,-0.8071791,42.03423,2.642260492557728,289.4458212212377,299.0661,1,0.5945021,0.56778497,10.817913,42.03423,2.642260492557728,289.4458212212377
2023-09-05,Louis_DER_AU050_eobs_3264__2023__southbound_01,Louis / DER AU050 (eobs 3264),47.91703,8.572701,47.91658,8.57287,47.893208,8.532743920800254,3.9624296263800556,0.051414188,0,0.28537115,0.56778497,3.9785802,47.91703,8.572701454162598,0.05160932588713775
2023-09-06,Angela_DER_AY470_eobs_4001__2023__southbound_01,Angela / DER AY470 (eobs 4001),41.621765,-0.8071791,41.3561,-1.2563629,41.562405,-0.9188954158441937,36.291881153985216,47.670643,1,0.60903907,0.56778497,11.373163,41.562405,-0.9188954158441937,36.291881153985216
2023-09-06,Louis_DER_AU050_eobs_3264__2023__southbound_01,Louis / DER AU050 (eobs 3264),47.91658,8.57287,47.92391,8.572406,47.89281,8.532868108219217,4.543309113879671,0.81573623,0,0.28924814,0.56778497,3.9770699,47.91658,8.572870254516602,0.8155759386638564
2023-09-07,Angela_DER_AY470_eobs_4001__2023__southbound_01,Angela / DER AY470 (eobs 4001),41.3561,-1.2563629,39.90985,-3.22335,41.296604,-1.3679901815935513,219.78980875096875,231.09927,1,0.6128476,0.56778497,11.406735,41.296604,-1.3679901815935513,219.78980875096875
2023-09-07,Louis_DER_AU050_eobs_3264__2023__southbound_01,Louis / DER AU050 (eobs 3264),47.92391,8.572406,47.91136,8.564947,47.90031,8.532425096449419,2.717849510880711,1.5019615,0,0.2928313,0.56778497,3.9628425,47.92391,8.572405815124512,1.5017661728419727
2023-09-08,Angela_DER_AY470_eobs_4001__2023__southbound_01,Angela / DER AY470 (eobs 4001),39.90985,-3.22335,39.43035,-3.2235072,39.850613,-3.332255323227213,47.64970703064718,53.318287,1,0.61609674,0.56778497,11.367327,39.850613,-3.332255323227213,47.64970703064718
2023-09-08,Louis_DER_AU050_eobs_3264__2023__southbound_01,Louis / DER AU050 (eobs 3264),47.91136,8.564947,47.91132,8.561281,47.887806,8.524826651910614,3.7711810090123974,0.27327594,0,0.29776874,0.56778497,3.9682896,47.91136,8.564947128295898,0.2732677935777182
2023-09-09,Angela_DER_AY470_eobs_4001__2023__southbound_01,Angela / DER AY470 (eobs 4001),39.43035,-3.2235072,39.430233,-3.2235744,39.372173,-3.329174991521761,11.135863286698738,0.014295343,0,0.6141782,0.56778497,11.125461,39.372173,-3.329174991521761,11.135863286698738
2023-09-09,Louis_DER_AU050_eobs_3264__2023__southbound_01,Louis / DER AU050 (eobs 3264),47.91132,8.561281,47.92068,8.565792,47.887745,8.520954489639255,4.958180845077754,1.0937533,0,0.30235127,0.56778497,3.981308,47.91132,8.561281204223633,1.0938653848704827
2023-09-10,Angela_DER_AY470_eobs_4001__2023__southbound_01,Angela / DER AY470 (eobs 4001),39.430233,-3.2235744,39.092033,-3.5311222,39.371243,-3.330145673934683,35.54634672613917,45.99251,1,0.6185666,0.56778497,11.241059,39.371243,-3.330145673934683,35.54634672613917
2023-09-10,Louis_DER_AU050_eobs_3264__2023__southbound_01,Louis / DER AU050 (eobs 3264),47.92068,8.565792,47.913177,8.558145,47.896965,8.525147762631464,3.0495201479609726,1.010417,0,0.30427802,0.56778497,4.008821,47.92068,8.565792083740234,1.0104236980252836
2023-09-11,Angela_DER_AY470_eobs_4001__2023__southbound_01,Angela / DER AY470 (eobs 4001),39.092033,-3.5311222,38.54824,-3.9606621,39.03268,-3.6375689140512795,60.71092582872601,71.00029,1,0.6200429,0.56778497,11.291761,39.03268,-3.6375689140512795,60.71092582872601
2023-09-11,Louis_DER_AU050_eobs_3264__2023__southbound_01,Louis / DER AU050 (eobs 3264),47.913177,8.558145,47.919415,8.578084,47.889114,8.516746791688632,5.6794960449417395,1.639857,0,0.3085632,0.56778497,4.076733,47.913177,8.558144569396973,1.6398515752293545
2023-09-12,Angela_DER_AY470_eobs_4001__2023__southbound_01,Angela / DER AY470 (eobs 4001),38.54824,-3.9606621,37.81514,-4.7447667,38.488575,-4.066450844804374,95.5263581972186,106.498344,1,0.62183297,0.56778497,11.322765,38.488575,-4.066450844804374,95.5263581972186
2023-09-12,Louis_DER_AU050_eobs_3264__2023__southbound_01,Louis / DER AU050 (eobs 3264),47.919415,8.578084,47.918007,8.574199,47.89564,8.537089079970054,3.719695137631757,0.32916656,0,0.30828753,0.56778497,4.0326905,47.919415,8.578083992004395,0.3291340376548682
2023-09-13,Angela_DER_AY470_eobs_4001__2023__southbound_01,Angela / DER AY470 (eobs 4001),37.81514,-4.7447667,37.81411,-4.7478037,37.75582,-4.847996412969211,10.933165421094074,0.29016957,0,0.62134624,0.56778497,11.193583,37.75582,-4.847996412969211,10.933165421094074
2023-09-13,Louis_DER_AU050_eobs_3264__2023__southbound_01,Louis / DER AU050 (eobs 3264),47.918007,8.574199,47.917664,8.567795,47.89409,8.532873044039814,3.6942748664878513,0.4787206,0,0.31112102,0.56778497,4.062094,47.918007,8.574198722839355,0.47876054568572096
2023-09-14,Angela_DER_AY470_eobs_4001__2023__southbound_01,Angela / DER AY470 (eobs 4001),37.81411,-4.7478037,37.391205,-5.334648,37.75984,-4.840519029277812,59.80358051102717,69.88604,1,0.60175014,0.56778497,10.118796,37.75984,-4.840519029277812,59.80358051102717
2023-09-14,Louis_DER_AU050_eobs_3264__2023__southbound_01,Louis / DER AU050 (eobs 3264),47.917664,8.567795,47.637096,8.036494,47.893776,8.526553600697525,46.43493613358148,50.492165,1,0.3111243,0.56778497,4.0550003,47.917664,8.567794799804688,50.49217120723164
2023-09-15,Angela_DER_AY470_eobs_4001__2023__southbound_01,Angela / DER AY470 (eobs 4001),37.391205,-5.334648,36.610325,-6.118923,37.338432,-5.42394470910383,101.81479444882751,111.309654,1,0.59672546,0.56778497,9.814894,37.338432,-5.42394470910383,101.81479444882751
2023-09-15,Louis_DER_AU050_eobs_3264__2023__southbound_01,Louis / DER AU050 (eobs 3264),47.637096,8.036494,46.49455,5.2768235,47.612602,7.993580549661244,240.43056424969294,244.58044,1,0.32205695,0.56778497,4.2063355,47.637096,8.036494255065918,244.580270653903
2023-09-16,Angela_DER_AY470_eobs_4001__2023__southbound_01,Angela / DER AY470 (eobs 4001),36.610325,-6.118923,36.608746,-6.12548,36.558105,-6.206071196132073,9.13715919960637,0.6109697,0,0.59496284,0.56778497,9.689748,36.558105,-6.206071196132073,9.13715919960637
2023-09-16,Louis_DER_AU050_eobs_3264__2023__southbound_01,Louis / DER AU050 (eobs 3264),46.49455,5.2768235,46.072567,5.1616254,46.450447,5.185733929182403,42.05926254707046,47.749935,1,0.48325562,0.56778497,8.509707,46.49455,5.2768235206604,47.75005183253643
2023-09-17,Angela_DER_AY470_eobs_4001__2023__southbound_01,Angela / DER AY470 (eobs 4001),36.608746,-6.12548,36.583847,-6.1236563,36.558933,-6.207697740105518,8.000072532651055,2.7734523,0,0.5833073,0.56778497,9.178248,36.558933,-6.207697740105518,8.000072532651055
2023-09-17,Louis_DER_AU050_eobs_3264__2023__southbound_01,Louis / DER AU050 (eobs 3264),46.072567,5.1616254,46.095245,5.131583,46.0308,5.075830537275336,8.35795414609369,3.4246023,0,0.47607428,0.56778497,8.070973,46.072567,5.161625385284424,3.4245646313527422
2023-09-18,Angela_DER_AY470_eobs_4001__2023__southbound_01,Angela / DER AY470 (eobs 4001),36.583847,-6.1236563,36.60852,-6.1237483,36.535023,-6.203141788406692,10.819393818035833,2.743373,0,0.5764988,0.56778497,8.91979,36.535023,-6.203141788406692,10.819393818035833
2023-09-18,Louis_DER_AU050_eobs_3264__2023__southbound_01,Louis / DER AU050 (eobs 3264),46.095245,5.131583,46.03966,5.0795336,46.054653,5.048153882828847,2.9400597913033875,7.370623,0,0.4719064,0.56778497,7.8450117,46.095245,5.131583213806152,7.37056165677831
2023-09-19,Angela_DER_AY470_eobs_4001__2023__southbound_01,Angela / DER AY470 (eobs 4001),36.60852,-6.1237483,36.610138,-6.125458,36.563763,-6.195718232554956,8.120603504946285,0.23587508,0,0.5563175,0.56778497,8.112049,36.60852,-6.123748302459717,0.23585603866911647
2023-09-19,Louis_DER_AU050_eobs_3264__2023__southbound_01,Louis / DER AU050 (eobs 3264),46.03966,5.0795336,43.734188,4.4630866,46.00065,4.999199594915647,255.53445145967132,260.91437,1,0.46743676,0.56778497,7.5543976,46.03966,5.079533576965332,260.914401665575
2023-09-20,Angela_DER_AY470_eobs_4001__2023__southbound_01,Angela / DER AY470 (eobs 4001),36.610138,-6.125458,36.608704,-6.1239758,36.573162,-6.183853211892761,6.64806439357507,0.2072761,0,0.5168403,0.56778497,6.627044,36.610138,-6.125457763671875,0.20720899497346823
2023-09-20,Louis_DER_AU050_eobs_3264__2023__southbound_01,Louis / DER AU050 (eobs 3264),43.734188,4.4630866,43.471405,3.576817,43.695435,4.385879222878425,69.7657624892665,77.11294,1,0.47438368,0.56778497,7.5398054,43.734188,4.4630866050720215,77.11296856704895
2023-09-21,Angela_DER_AY470_eobs_4001__2023__southbound_01,Angela / DER AY470 (eobs 4001),36.608704,-6.1239758,36.58682,-6.1266265,36.57349,-6.179211718892501,4.923803491302067,2.4448695,0,0.5071379,0.56778497,6.2850814,36.608704,-6.12397575378418,2.4449735998793174
2023-09-21,Louis_DER_AU050_eobs_3264__2023__southbound_01,Louis / DER AU050 (eobs 3264),43.471405,3.576817,42.773163,2.9754596,43.433132,3.50053790384619,84.86798332214947,91.706856,1,0.47528768,0.56778497,7.4701567,43.471405,3.576817035675049,91.7066931769644
2023-09-22,Angela_DER_AY470_eobs_4001__2023__southbound_01,Angela / DER AY470 (eobs 4001),36.58682,-6.1266265,36.581722,-6.127202,36.55249,-6.180073663382166,5.73246272442176,0.5687394,0,0.50058573,0.56778497,6.1002593,36.58682,-6.126626491546631,0.5690237812769291
2023-09-22,Louis_DER_AU050_eobs_3264__2023__southbound_01,Louis / DER AU050 (eobs 3264),42.773163,2.9754596,41.927773,2.2787344,42.735764,2.9013959394513873,103.40061468607875,110.06592,1,0.47683895,0.56778497,7.324618,42.773163,2.975459575653076,110.06600271576848
2023-09-23,Angela_DER_AY470_eobs_4001__2023__southbound_01,Angela / DER AY470 (eobs 4001),36.581722,-6.127202,36.608486,-6.124026,36.54872,-6.177982341324333,8.208322544444595,2.9891481,0,0.4887245,0.56778497,5.822887,36.581722,-6.127202033996582,2.989493972145126
2023-09-23,Louis_DER_AU050_eobs_3264__2023__southbound_01,Louis / DER AU050 (eobs 3264),41.927773,2.2787344,41.66765,0.9516398,41.891327,2.2071256847554643,107.03340265918139,113.74873,1,0.47863278,0.56778497,7.1650047,41.927773,2.2787344455718994,113.74870663593971
2023-09-24,Angela_DER_AY470_eobs_4001__2023__southbound_01,Angela / DER AY470 (eobs 4001),36.608486,-6.124026,36.58293,-6.126055,36.578556,-6.169102514076033,3.8744726282907322,2.8470464,0,0.46406543,0.56778497,5.212463,36.608486,-6.124025821685791,2.8473193500328153
2023-09-24,Louis_DER_AU050_eobs_3264__2023__southbound_01,Louis / DER AU050 (eobs 3264),41.66765,0.9516398,41.675026,0.9425638,41.63303,0.88414871235886,6.735011837792419,1.1140404,0,0.4733915,0.56778497,6.788433,41.66765,0.9516397714614868,1.1141228792917806
2023-09-25,Angela_DER_AY470_eobs_4001__2023__southbound_01,Angela / DER AY470 (eobs 4001),36.58293,-6.126055,36.582226,-6.1263785,36.55437,-6.168425178308791,4.867608751266073,0.08375912,0,0.45386997,0.56778497,4.930908,36.58293,-6.126054763793945,0.08362827412631131
2023-09-25,Louis_DER_AU050_eobs_3264__2023__southbound_01,Louis / DER AU050 (eobs 3264),41.675026,0.9425638,41.65914,0.9395932,41.644638,0.8836641312472594,4.918739263071946,1.7834089,0,0.45099846,0.56778497,5.9349947,41.675026,0.9425637722015381,1.7834195610339136
2023-09-26,Angela_DER_AY470_eobs_4001__2023__southbound_01,Angela / DER AY470 (eobs 4001),36.582226,-6.1263785,36.581684,-6.1270156,36.554882,-6.166520379607737,4.6183149432005415,0.08297333,0,0.44543555,0.56778497,4.691807,36.582226,-6.126378536224365,0.08284715891157789
2023-09-26,Louis_DER_AU050_eobs_3264__2023__southbound_01,Louis / DER AU050 (eobs 3264),41.65914,0.9395932,41.6088,0.6089633,41.63099,0.8852793568532031,23.10114131245948,28.042213,1,0.43966386,0.56778497,5.4820576,41.65914,0.9395931959152222,28.042269556039187
2023-09-27,Angela_DER_AY470_eobs_4001__2023__southbound_01,Angela / DER AY470 (eobs 4001),36.581684,-6.1270156,36.573647,-6.1162515,36.55541,-6.165378602830632,4.8335727848466545,1.3123995,0,0.43864325,0.56778497,4.494481,36.581684,-6.127015590667725,1.3124948663617846
2023-09-27,Louis_DER_AU050_eobs_3264__2023__southbound_01,Louis / DER AU050 (eobs 3264),41.6088,0.6089633,41.58569,0.6376085,41.58219,0.5579681283317033,6.635274438940793,3.5039062,0,0.43108782,0.56778497,5.1609898,41.6088,0.6089633107185364,3.503858317702221
2023-10-15,Europa_DER_A1A26_eobs_4004__2023__southbound_01,Europa / DER A1A26 (eobs 4004),40.232174,-3.631437,40.23221,-3.6316261,40.209354,-3.6631758085107013,3.6923346599245637,0.016459355,0,0.392417,0.56778497,3.6945128,40.232174,-3.631437063217163,0.01649758663387566
2023-10-16,Europa_DER_A1A26_eobs_4004__2023__southbound_01,Europa / DER A1A26 (eobs 4004),40.23221,-3.6316261,40.234295,-3.630145,40.209717,-3.662680769529941,3.8858439164381564,0.26391906,0,0.38817528,0.56778497,3.627495,40.23221,-3.6316261291503906,0.26389753807562377
2023-10-17,Europa_DER_A1A26_eobs_4004__2023__southbound_01,Europa / DER A1A26 (eobs 4004),40.234295,-3.630145,40.366688,-3.6455913,40.21199,-3.6609400031115844,17.25078505266994,14.779834,1,0.38614398,0.56778497,3.59722,40.234295,-3.6301450729370117,14.779599489227081
2023-10-18,Europa_DER_A1A26_eobs_4004__2023__southbound_01,Europa / DER A1A26 (eobs 4004),40.366688,-3.6455913,40.23544,-3.629885,40.34458,-3.6762584007588335,12.757557994185728,14.654952,1,0.38404396,0.56778497,3.5704846,40.366688,-3.6455912590026855,14.654839348958934
2023-10-19,Europa_DER_A1A26_eobs_4004__2023__southbound_01,Europa / DER A1A26 (eobs 4004),40.23544,-3.629885,40.23701,-3.6436038,40.213577,-3.6601950128161467,2.962060345118398,1.1775441,0,0.3823486,0.56778497,3.5335612,40.23544,-3.629884958267212,1.1775637143554964
2023-10-20,Europa_DER_A1A26_eobs_4004__2023__southbound_01,Europa / DER A1A26 (eobs 4004),40.23701,-3.6436038,40.234486,-3.6300447,40.215164,-3.6739534309819795,4.302611495631407,1.1847403,0,0.38220564,0.56778497,3.5346913,40.23701,-3.643603801727295,1.1847311083261827
2023-10-21,Europa_DER_A1A26_eobs_4004__2023__southbound_01,Europa / DER A1A26 (eobs 4004),40.234486,-3.6300447,40.232517,-3.6314876,40.21303,-3.65979984666752,3.2361405849532505,0.25079837,0,0.37861845,0.56778497,3.4680898,40.234486,-3.63004469871521,0.25081659399382356
2023-10-22,Europa_DER_A1A26_eobs_4004__2023__southbound_01,Europa / DER A1A26 (eobs 4004),40.232517,-3.6314876,40.159996,-3.5694537,40.211285,-3.661018169340415,9.644988734624606,9.6327505,0,0.3777741,0.56778497,3.4375763,40.232517,-3.6314876079559326,9.63269998942431
2023-10-23,Europa_DER_A1A26_eobs_4004__2023__southbound_01,Europa / DER A1A26 (eobs 4004),40.159996,-3.5694537,40.159676,-3.5727563,40.139034,-3.598710964000772,3.183453969273004,0.2829262,0,0.3763528,0.56778497,3.4020824,40.159996,-3.569453716278076,0.282907626683493
2023-10-24,Europa_DER_A1A26_eobs_4004__2023__southbound_01,Europa / DER A1A26 (eobs 4004),40.159676,-3.5727563,40.159527,-3.563257,40.1388,-3.6019215814653327,4.013780327966985,0.8074395,0,0.3760339,0.56778497,3.3898163,40.159676,-3.572756290435791,0.8074299503825503
2023-10-25,Europa_DER_A1A26_eobs_4004__2023__southbound_01,Europa / DER A1A26 (eobs 4004),40.159527,-3.563257,40.294266,-3.63184,40.138706,-3.592462353834166,17.617639706664026,16.07368,1,0.3768973,0.56778497,3.3880212,40.159527,-3.5632569789886475,16.07390930833659
2023-10-26,Europa_DER_A1A26_eobs_4004__2023__southbound_01,Europa / DER A1A26 (eobs 4004),40.294266,-3.63184,40.294125,-3.631803,40.2737,-3.6609031288717997,3.354206501822144,0.01579157,0,0.3753871,0.56778497,3.3565176,40.294266,-3.6318399906158447,0.016004392586080423
2023-10-27,Europa_DER_A1A26_eobs_4004__2023__southbound_01,Europa / DER A1A26 (eobs 4004),40.294125,-3.631803,40.29405,-3.6313908,40.273624,-3.6607431382719975,3.3699853235140114,0.036060162,0,0.37462133,0.56778497,3.34393,40.294125,-3.631803035736084,0.0359763922039117
2023-10-28,Europa_DER_A1A26_eobs_4004__2023__southbound_01,Europa / DER A1A26 (eobs 4004),40.29405,-3.6313908,40.294094,-3.6313875,40.273956,-3.6597449603020995,3.286363486991878,0.0052447612,0,0.37158662,0.56778497,3.2767916,40.29405,-3.6313908100128174,0.005097972981183336
2023-10-29,Europa_DER_A1A26_eobs_4004__2023__southbound_01,Europa / DER A1A26 (eobs 4004),40.294094,-3.6313875,40.293938,-3.6303704,40.27419,-3.6594206519122183,3.3006743926898103,0.08797644,0,0.36879048,0.56778497,3.2425654,40.294094,-3.63138747215271,0.08799787816301013
2023-10-30,Europa_DER_A1A26_eobs_4004__2023__southbound_01,Europa / DER A1A26 (eobs 4004),40.293938,-3.6303704,40.294025,-3.6306791,40.274303,-3.6581813087795587,3.2017912667971116,0.02798572,0,0.36754015,0.56778497,3.2083137,40.293938,-3.6303703784942627,0.027944390976647387
2023-10-31,Europa_DER_A1A26_eobs_4004__2023__southbound_01,Europa / DER A1A26 (eobs 4004),40.294025,-3.6306791,40.233955,-3.6288927,40.274834,-3.6578749777744703,5.168211372505138,6.68133,0,0.36543223,0.56778497,3.136783,40.294025,-3.630679130554199,6.681212435616942
2023-11-01,Europa_DER_A1A26_eobs_4004__2023__southbound_01,Europa / DER A1A26 (eobs 4004),40.233955,-3.6288927,40.294243,-3.630768,40.21508,-3.6557345788556073,9.053881105805281,6.7054505,0,0.36462823,0.56778497,3.0924406,40.233955,-3.628892660140991,6.705559058582647
2023-11-02,Europa_DER_A1A26_eobs_4004__2023__southbound_01,Europa / DER A1A26 (eobs 4004),40.294243,-3.630768,40.294476,-3.630686,40.27569,-3.6572861884042567,3.074927875652619,0.02674193,0,0.36226207,0.56778497,3.0465937,40.294243,-3.630768060684204,0.026793390201652945
2023-11-03,Europa_DER_A1A26_eobs_4004__2023__southbound_01,Europa / DER A1A26 (eobs 4004),40.294476,-3.630686,40.294044,-3.6306248,40.276424,-3.656402079137614,2.9359160020908877,0.048162032,0,0.3555367,0.56778497,2.958968,40.294476,-3.630686044692993,0.0482127303791936
2023-11-04,Europa_DER_A1A26_eobs_4004__2023__southbound_01,Europa / DER A1A26 (eobs 4004),40.294044,-3.6306248,40.294518,-3.6306653,40.27629,-3.6558338450406533,2.9436818515664736,0.052774444,0,0.3520043,0.56778497,2.9049578,40.294044,-3.630624771118164,0.05270998106952697
2023-11-05,Europa_DER_A1A26_eobs_4004__2023__southbound_01,Europa / DER A1A26 (eobs 4004),40.294518,-3.6306653,40.29401,-3.6303928,40.277084,-3.655458593991607,2.8394945998018555,0.06105275,0,0.34870315,0.56778497,2.85507,40.294518,-3.6306653022766113,0.060966166262309905
2023-11-06,Europa_DER_A1A26_eobs_4004__2023__southbound_01,Europa / DER A1A26 (eobs 4004),40.29401,-3.6303928,40.294495,-3.630813,40.27685,-3.654819035160896,2.82756292209812,0.064784974,0,0.3478741,0.56778497,2.8115137,40.29401,-3.6303927898406982,0.06458667072491003
2023-11-07,Europa_DER_A1A26_eobs_4004__2023__southbound_01,Europa / DER A1A26 (eobs 4004),40.294495,-3.630813,40.294518,-3.6308484,40.27794,-3.654376549199237,2.7168416571980685,0.003922406,0,0.3439732,0.56778497,2.7122707,40.294495,-3.630812883377075,0.0039439561187256155
2023-11-08,Europa_DER_A1A26_eobs_4004__2023__southbound_01,Europa / DER A1A26 (eobs 4004),40.294518,-3.6308484,40.29398,-3.63043,40.278446,-3.6537127568751058,2.6236594613809356,0.069742784,0,0.34070057,0.56778497,2.6324587,40.294518,-3.6308484077453613,0.06954459156571913
2023-11-09,Europa_DER_A1A26_eobs_4004__2023__southbound_01,Europa / DER A1A26 (eobs 4004),40.29398,-3.63043,40.230637,-3.632524,40.27816,-3.6529263735673516,5.560788643538639,7.045593,0,0.33909565,0.56778497,2.59056,40.29398,-3.630429983139038,7.045676145910181
2023-11-10,Europa_DER_A1A26_eobs_4004__2023__southbound_01,Europa / DER A1A26 (eobs 4004),40.230637,-3.632524,40.29462,-3.6304753,40.214973,-3.6548069113788157,9.093878923498066,7.1168957,0,0.3386239,0.56778497,2.5669086,40.230637,-3.632524013519287,7.116820256588532
2023-11-11,Europa_DER_A1A26_eobs_4004__2023__southbound_01,Europa / DER A1A26 (eobs 4004),40.29462,-3.6304753,40.15533,-3.5734997,40.279274,-3.6522369639020984,15.317833432079981,16.226252,1,0.3353607,0.56778497,2.509096,40.29462,-3.6304752826690674,16.226124426463898
2023-11-12,Europa_DER_A1A26_eobs_4004__2023__southbound_01,Europa / DER A1A26 (eobs 4004),40.15533,-3.5734997,40.230537,-3.632368,40.14018,-3.594905984500634,10.539382049311964,9.743647,0,0.3339715,0.56778497,2.4751692,40.15533,-3.5734996795654297,9.743499629222711
