target_date,bird_id,true_label,probability,selected_threshold,predicted_label,target_step_km
2019-10-25,Sierit  / DER AN858 (eobs2561),0,0.4902193,0.5,0,0.061370637
2019-10-25,Zozu + / DER AL581 (eobs2541),0,0.10542042,0.5,0,0.039184153
2019-10-26,Angela / DER AY470 (eobs 4001),0,0.6105474,0.5,1,0.018385515
2019-10-26,Europa / DER A1A26 (eobs 4004),0,0.3461325,0.5,0,1.214238
2019-10-26,Louis / DER AU050 (eobs 3264),0,0.20834897,0.5,0,1.1498387
2019-10-26,Mirabell + / DER AN910 (eobs 3907),0,0.89263594,0.5,1,4.3032737
2019-10-26,Sara + / DER AU017 (eobs 3941),0,0.14266212,0.5,0,1.4682199
2019-10-26,Sierit  / DER AN858 (eobs2561),0,0.10978859,0.5,0,0.047798157
2019-10-26,Zozu + / DER AL581 (eobs2541),0,0.17398283,0.5,0,0.051043432
2019-10-27,Angela / DER AY470 (eobs 4001),0,0.3832238,0.5,0,0.53734195
2019-10-27,Europa / DER A1A26 (eobs 4004),0,0.12220205,0.5,0,0.7005358
2019-10-27,Louis / DER AU050 (eobs 3264),0,0.19956398,0.5,0,0.95754814
2019-10-27,Mirabell + / DER AN910 (eobs 3907),1,0.5806067,0.5,1,35.71324
2019-10-27,Sara + / DER AU017 (eobs 3941),0,0.16124564,0.5,0,2.852536
2019-10-27,Sierit  / DER AN858 (eobs2561),0,0.24507813,0.5,0,0.042625595
2019-10-27,Zozu + / DER AL581 (eobs2541),0,0.18760334,0.5,0,0.0054355734
2019-10-28,Angela / DER AY470 (eobs 4001),0,0.37406933,0.5,0,0.008187163
2019-10-28,Europa / DER A1A26 (eobs 4004),0,0.06836081,0.5,0,1.3069922
2019-10-28,Louis / DER AU050 (eobs 3264),0,0.25689882,0.5,0,0.8673829
2019-10-28,Mirabell + / DER AN910 (eobs 3907),1,0.7250971,0.5,1,32.01081
2019-10-28,Sara + / DER AU017 (eobs 3941),0,0.19843818,0.5,0,1.0428565
2019-10-28,Sierit  / DER AN858 (eobs2561),0,0.26801234,0.5,0,0.028635904
2019-10-28,Zozu + / DER AL581 (eobs2541),0,0.117532976,0.5,0,0.0053967065
2019-10-29,Angela / DER AY470 (eobs 4001),0,0.40803298,0.5,0,0.5328847
2019-10-29,Europa / DER A1A26 (eobs 4004),0,0.1441403,0.5,0,0.21183082
2019-10-29,Louis / DER AU050 (eobs 3264),0,0.17190455,0.5,0,0.069394484
2019-10-29,Mirabell + / DER AN910 (eobs 3907),0,0.71173286,0.5,1,1.4094026
2019-10-29,Sara + / DER AU017 (eobs 3941),0,0.20495626,0.5,0,2.0813165
2019-10-29,Sierit  / DER AN858 (eobs2561),0,0.10239061,0.5,0,0.2967135
2019-10-29,Zozu + / DER AL581 (eobs2541),0,0.097028114,0.5,0,0.044130895
2019-10-30,Angela / DER AY470 (eobs 4001),0,0.31049773,0.5,0,0.03239612
2019-10-30,Europa / DER A1A26 (eobs 4004),0,0.10611424,0.5,0,4.166494
2019-10-30,Louis / DER AU050 (eobs 3264),0,0.36571932,0.5,0,0.98394793
2019-10-30,Mirabell + / DER AN910 (eobs 3907),1,0.6108874,0.5,1,50.21422
2019-10-30,Sara + / DER AU017 (eobs 3941),0,0.1805473,0.5,0,2.3993995
2019-10-30,Sierit  / DER AN858 (eobs2561),0,0.23527643,0.5,0,7.7517085
2019-10-30,Zozu + / DER AL581 (eobs2541),0,0.079864085,0.5,0,0.02265962
2019-10-31,Angela / DER AY470 (eobs 4001),0,0.48801893,0.5,0,0.015940262
2019-10-31,Europa / DER A1A26 (eobs 4004),0,0.45966205,0.5,0,5.0793185
2019-10-31,Louis / DER AU050 (eobs 3264),0,0.23234974,0.5,0,0.047612794
2019-10-31,Mirabell + / DER AN910 (eobs 3907),0,0.7273328,0.5,1,1.5364258
2019-10-31,Sara + / DER AU017 (eobs 3941),0,0.17097671,0.5,0,4.176245
2019-10-31,Sierit  / DER AN858 (eobs2561),0,0.47409663,0.5,0,0.11070904
2019-10-31,Zozu + / DER AL581 (eobs2541),0,0.119824894,0.5,0,0.00549471
2019-11-01,Angela / DER AY470 (eobs 4001),0,0.52567595,0.5,1,0.027114842
2019-11-01,Europa / DER A1A26 (eobs 4004),0,0.11268136,0.5,0,5.0808387
2019-11-01,Louis / DER AU050 (eobs 3264),0,0.19313258,0.5,0,1.4231626
2019-11-01,Mirabell + / DER AN910 (eobs 3907),0,0.4643975,0.5,0,1.4542207
2019-11-01,Sara + / DER AU017 (eobs 3941),0,0.22849393,0.5,0,1.9020152
2019-11-01,Sierit  / DER AN858 (eobs2561),0,0.1800616,0.5,0,7.9294376
2019-11-01,Zozu + / DER AL581 (eobs2541),0,0.10657376,0.5,0,0.020817084
2019-11-02,Angela / DER AY470 (eobs 4001),0,0.43366328,0.5,0,0.013295717
2019-11-02,Europa / DER A1A26 (eobs 4004),0,0.1981532,0.5,0,0.17686382
2019-11-02,Louis / DER AU050 (eobs 3264),0,0.1215636,0.5,0,0.4501838
2019-11-02,Mirabell + / DER AN910 (eobs 3907),0,0.18850885,0.5,0,2.9451747
2019-11-02,Sara + / DER AU017 (eobs 3941),0,0.10469482,0.5,0,0.1353976
2019-11-02,Sierit  / DER AN858 (eobs2561),0,0.25448593,0.5,0,2.1268423
2019-11-02,Zozu + / DER AL581 (eobs2541),0,0.09258758,0.5,0,0.022258906
2019-11-03,Angela / DER AY470 (eobs 4001),0,0.19654593,0.5,0,0.008610472
2019-11-03,Europa / DER A1A26 (eobs 4004),0,0.2242024,0.5,0,5.4158177
2019-11-03,Louis / DER AU050 (eobs 3264),0,0.22872567,0.5,0,0.06216967
2019-11-03,Mirabell + / DER AN910 (eobs 3907),0,0.16336858,0.5,0,2.3854473
2019-11-03,Sara + / DER AU017 (eobs 3941),0,0.12837812,0.5,0,0.005560708
2019-11-03,Sierit  / DER AN858 (eobs2561),0,0.073092096,0.5,0,5.9015126
2019-11-03,Zozu + / DER AL581 (eobs2541),0,0.08346837,0.5,0,0.0031877782
2019-11-04,Angela / DER AY470 (eobs 4001),0,0.12933967,0.5,0,0.02447394
2019-11-04,Europa / DER A1A26 (eobs 4004),0,0.22709334,0.5,0,6.4083366
2019-11-04,Louis / DER AU050 (eobs 3264),0,0.18337056,0.5,0,1.5560267
2019-11-04,Mirabell + / DER AN910 (eobs 3907),0,0.16788493,0.5,0,1.7096038
2019-11-04,Sara + / DER AU017 (eobs 3941),0,0.09857994,0.5,0,0.010194598
2019-11-04,Sierit  / DER AN858 (eobs2561),0,0.20127976,0.5,0,7.70019
2019-11-04,Zozu + / DER AL581 (eobs2541),0,0.08922211,0.5,0,0.0069865226
2019-11-05,Angela / DER AY470 (eobs 4001),0,0.13461895,0.5,0,0.027828755
2019-11-05,Europa / DER A1A26 (eobs 4004),0,0.4256608,0.5,0,0.054744285
2019-11-05,Louis / DER AU050 (eobs 3264),0,0.17299254,0.5,0,1.1177258
2019-11-05,Mirabell + / DER AN910 (eobs 3907),0,0.16972768,0.5,0,1.8255718
2019-11-05,Sara + / DER AU017 (eobs 3941),0,0.10260049,0.5,0,2.4397902
2019-11-05,Sierit  / DER AN858 (eobs2561),0,0.24772744,0.5,0,0.23569208
2019-11-05,Zozu + / DER AL581 (eobs2541),0,0.119903825,0.5,0,3.6802006
2019-11-06,Angela / DER AY470 (eobs 4001),0,0.09992668,0.5,0,0.0040704077
2019-11-06,Europa / DER A1A26 (eobs 4004),0,0.16857645,0.5,0,0.08465342
2019-11-06,Louis / DER AU050 (eobs 3264),0,0.14627181,0.5,0,4.1125507
2019-11-06,Mirabell + / DER AN910 (eobs 3907),0,0.23854621,0.5,0,1.3162571
2019-11-06,Sara + / DER AU017 (eobs 3941),0,0.1404616,0.5,0,3.7075827
2019-11-06,Sierit  / DER AN858 (eobs2561),0,0.06343046,0.5,0,0.36823958
2019-11-06,Zozu + / DER AL581 (eobs2541),0,0.09945022,0.5,0,2.0610116
2019-11-07,Angela / DER AY470 (eobs 4001),0,0.08171907,0.5,0,0.010640212
2019-11-07,Europa / DER A1A26 (eobs 4004),0,0.14201994,0.5,0,0.1336772
2019-11-07,Louis / DER AU050 (eobs 3264),0,0.32276803,0.5,0,0.105218925
2019-11-07,Mirabell + / DER AN910 (eobs 3907),0,0.26362792,0.5,0,24.72208
2019-11-07,Sara + / DER AU017 (eobs 3941),0,0.14724071,0.5,0,0.50518817
2019-11-07,Sierit  / DER AN858 (eobs2561),0,0.084210075,0.5,0,0.027737552
2019-11-07,Zozu + / DER AL581 (eobs2541),0,0.08186323,0.5,0,0.02868119
2019-11-08,Angela / DER AY470 (eobs 4001),0,0.21728428,0.5,0,0.018063597
2019-11-08,Europa / DER A1A26 (eobs 4004),0,0.04053548,0.5,0,0.6585893
2019-11-08,Louis / DER AU050 (eobs 3264),0,0.17730673,0.5,0,0.5688024
2019-11-08,Mirabell + / DER AN910 (eobs 3907),0,0.7249035,0.5,1,4.524505
2019-11-08,Sara + / DER AU017 (eobs 3941),0,0.11729641,0.5,0,0.09372765
2019-11-08,Sierit  / DER AN858 (eobs2561),0,0.075421646,0.5,0,0.059674926
2019-11-08,Zozu + / DER AL581 (eobs2541),0,0.1331211,0.5,0,3.0746284
2019-11-09,Angela / DER AY470 (eobs 4001),0,0.15205428,0.5,0,0.5061008
2019-11-09,Europa / DER A1A26 (eobs 4004),0,0.05142898,0.5,0,0.6153253
2019-11-09,Louis / DER AU050 (eobs 3264),0,0.09987023,0.5,0,0.6122411
2019-11-09,Mirabell + / DER AN910 (eobs 3907),0,0.5601143,0.5,1,20.91366
2019-11-09,Sara + / DER AU017 (eobs 3941),0,0.10844454,0.5,0,0.013276666
2019-11-09,Sierit  / DER AN858 (eobs2561),0,0.07175159,0.5,0,0.06672798
2019-11-09,Zozu + / DER AL581 (eobs2541),0,0.09168124,0.5,0,4.706623
2019-11-10,Angela / DER AY470 (eobs 4001),0,0.19038069,0.5,0,0.31925437
2019-11-10,Europa / DER A1A26 (eobs 4004),0,0.0752918,0.5,0,4.5518446
2019-11-10,Louis / DER AU050 (eobs 3264),0,0.1933528,0.5,0,0.0063628047
2019-11-10,Mirabell + / DER AN910 (eobs 3907),0,0.71555567,0.5,1,0.0024594099
2019-11-10,Sara + / DER AU017 (eobs 3941),0,0.101599194,0.5,0,0.0040011727
2019-11-10,Sierit  / DER AN858 (eobs2561),0,0.042814486,0.5,0,5.6040635
2019-11-10,Zozu + / DER AL581 (eobs2541),0,0.11111759,0.5,0,8.09023
2019-11-11,Angela / DER AY470 (eobs 4001),0,0.3321008,0.5,0,0.33657038
2019-11-11,Europa / DER A1A26 (eobs 4004),0,0.112189524,0.5,0,1.7698361
2019-11-11,Louis / DER AU050 (eobs 3264),0,0.10631948,0.5,0,0.004805491
2019-11-11,Mirabell + / DER AN910 (eobs 3907),0,0.44611457,0.5,0,0.08875402
2019-11-11,Sara + / DER AU017 (eobs 3941),0,0.12523903,0.5,0,0.050646394
2019-11-11,Sierit  / DER AN858 (eobs2561),0,0.4157818,0.5,0,5.8623376
2019-11-11,Zozu + / DER AL581 (eobs2541),0,0.075176954,0.5,0,0.09364996
2019-11-12,Angela / DER AY470 (eobs 4001),0,0.07060434,0.5,0,0.11512898
2019-11-12,Europa / DER A1A26 (eobs 4004),0,0.121601045,0.5,0,6.229133
2019-11-12,Louis / DER AU050 (eobs 3264),0,0.18637282,0.5,0,3.6350644
2019-11-12,Mirabell + / DER AN910 (eobs 3907),0,0.28199857,0.5,0,0.09813746
2019-11-12,Sara + / DER AU017 (eobs 3941),0,0.076566815,0.5,0,0.029187951
2019-11-12,Sierit  / DER AN858 (eobs2561),0,0.16934568,0.5,0,0.34506217
2019-11-12,Zozu + / DER AL581 (eobs2541),0,0.13042064,0.5,0,6.4709167
2019-11-13,Angela / DER AY470 (eobs 4001),0,0.38861617,0.5,0,0.49467632
2019-11-13,Europa / DER A1A26 (eobs 4004),0,0.22621813,0.5,0,7.786413
2019-11-13,Louis / DER AU050 (eobs 3264),0,0.10225514,0.5,0,3.6352274
2019-11-13,Mirabell + / DER AN910 (eobs 3907),0,0.26372692,0.5,0,1.0751693
2019-11-13,Sara + / DER AU017 (eobs 3941),0,0.1231825,0.5,0,0.017926939
2019-11-13,Sierit  / DER AN858 (eobs2561),0,0.169171,0.5,0,0.32522118
2019-11-13,Zozu + / DER AL581 (eobs2541),0,0.2577908,0.5,0,0.013543652
2019-11-14,Angela / DER AY470 (eobs 4001),0,0.29167196,0.5,0,0.0646586
2019-11-14,Europa / DER A1A26 (eobs 4004),0,0.36940324,0.5,0,5.262263
2019-11-14,Louis / DER AU050 (eobs 3264),0,0.21922156,0.5,0,0.3387918
2019-11-14,Mirabell + / DER AN910 (eobs 3907),0,0.41360772,0.5,0,1.0861148
2019-11-14,Sara + / DER AU017 (eobs 3941),0,0.09149605,0.5,0,4.1394877
2019-11-14,Sierit  / DER AN858 (eobs2561),0,0.044870283,0.5,0,0.028489904
2019-11-14,Zozu + / DER AL581 (eobs2541),0,0.10913138,0.5,0,0.0906081
2019-11-15,Angela / DER AY470 (eobs 4001),0,0.31840286,0.5,0,0.04266649
2019-11-15,Europa / DER A1A26 (eobs 4004),0,0.18358397,0.5,0,5.5853415
2019-11-15,Louis / DER AU050 (eobs 3264),0,0.14422539,0.5,0,0.33888805
2019-11-15,Mirabell + / DER AN910 (eobs 3907),0,0.21265896,0.5,0,1.2649938
2019-11-15,Sara + / DER AU017 (eobs 3941),0,0.12655433,0.5,0,4.1340904
2019-11-15,Sierit  / DER AN858 (eobs2561),0,0.13217998,0.5,0,14.677325
2019-11-15,Zozu + / DER AL581 (eobs2541),0,0.13859698,0.5,0,0.0909918
2019-11-16,Angela / DER AY470 (eobs 4001),0,0.07616832,0.5,0,0.0075803446
2019-11-16,Louis / DER AU050 (eobs 3264),0,0.1458195,0.5,0,0.009168202
2019-11-16,Mirabell + / DER AN910 (eobs 3907),0,0.3660733,0.5,0,1.6959139
2019-11-16,Sara + / DER AU017 (eobs 3941),0,0.12905064,0.5,0,0.026901858
2019-11-16,Sierit  / DER AN858 (eobs2561),0,0.6432803,0.5,1,9.31083
2019-11-16,Zozu + / DER AL581 (eobs2541),0,0.056107596,0.5,0,0.002444287
2019-11-17,Angela / DER AY470 (eobs 4001),0,0.06790863,0.5,0,3.4387429
2019-11-17,Louis / DER AU050 (eobs 3264),0,0.14414826,0.5,0,0.36717263
2019-11-17,Mirabell + / DER AN910 (eobs 3907),0,0.31212142,0.5,0,1.5926824
2019-11-17,Sara + / DER AU017 (eobs 3941),0,0.11057191,0.5,0,0.024206312
2019-11-17,Sierit  / DER AN858 (eobs2561),0,0.4630822,0.5,0,0.051827416
2019-11-17,Zozu + / DER AL581 (eobs2541),0,0.10130373,0.5,0,5.8428946
2019-11-18,Angela / DER AY470 (eobs 4001),0,0.40134537,0.5,0,0.25847366
2019-11-18,Louis / DER AU050 (eobs 3264),0,0.10627688,0.5,0,0.18598334
2019-11-18,Mirabell + / DER AN910 (eobs 3907),0,0.42601177,0.5,0,0.94266945
2019-11-18,Sara + / DER AU017 (eobs 3941),0,0.10798367,0.5,0,0.028180595
2019-11-18,Sierit  / DER AN858 (eobs2561),0,0.33557996,0.5,0,8.14405
2019-11-18,Zozu + / DER AL581 (eobs2541),0,0.10598712,0.5,0,5.844592
2019-11-19,Angela / DER AY470 (eobs 4001),0,0.2761548,0.5,0,0.35126427
2019-11-19,Louis / DER AU050 (eobs 3264),0,0.17793882,0.5,0,0.17203976
2019-11-19,Mirabell + / DER AN910 (eobs 3907),0,0.102141835,0.5,0,1.039324
2019-11-19,Sara + / DER AU017 (eobs 3941),0,0.09244961,0.5,0,0.14518423
2019-11-19,Sierit  / DER AN858 (eobs2561),0,0.5459418,0.5,1,6.830725
2019-11-19,Zozu + / DER AL581 (eobs2541),0,0.115814686,0.5,0,1.9778725
2019-11-20,Angela / DER AY470 (eobs 4001),0,0.1295453,0.5,0,0.19890858
2019-11-20,Louis / DER AU050 (eobs 3264),0,0.17358352,0.5,0,0.0093310345
2019-11-20,Mirabell + / DER AN910 (eobs 3907),1,0.24792914,0.5,0,118.851395
2019-11-20,Sara + / DER AU017 (eobs 3941),0,0.11703818,0.5,0,0.018661367
2019-11-20,Sierit  / DER AN858 (eobs2561),0,0.3384087,0.5,0,0.002957061
2019-11-20,Zozu + / DER AL581 (eobs2541),0,0.06088638,0.5,0,1.9886934
2019-11-21,Angela / DER AY470 (eobs 4001),0,0.2812621,0.5,0,1.826903
2019-11-21,Louis / DER AU050 (eobs 3264),0,0.18293557,0.5,0,0.013549338
2019-11-21,Mirabell + / DER AN910 (eobs 3907),1,0.7998935,0.5,1,46.942413
2019-11-21,Sara + / DER AU017 (eobs 3941),0,0.1142266,0.5,0,0.021817602
2019-11-21,Sierit  / DER AN858 (eobs2561),0,0.27251947,0.5,0,7.9495797
2019-11-21,Zozu + / DER AL581 (eobs2541),0,0.08107844,0.5,0,1.6364815
2019-11-22,Angela / DER AY470 (eobs 4001),0,0.067176946,0.5,0,1.4731357
2019-11-22,Louis / DER AU050 (eobs 3264),0,0.13512672,0.5,0,0.024743773
2019-11-22,Mirabell + / DER AN910 (eobs 3907),0,0.7281682,0.5,1,6.4989223
2019-11-22,Sara + / DER AU017 (eobs 3941),0,0.13409713,0.5,0,0.010732398
2019-11-22,Sierit  / DER AN858 (eobs2561),0,0.38659617,0.5,0,13.665651
2019-11-22,Zozu + / DER AL581 (eobs2541),0,0.09859435,0.5,0,1.637768
2019-11-23,Angela / DER AY470 (eobs 4001),0,0.07290245,0.5,0,3.442102
2019-11-23,Louis / DER AU050 (eobs 3264),0,0.21233033,0.5,0,0.029179333
2019-11-23,Mirabell + / DER AN910 (eobs 3907),0,0.5999731,0.5,1,0.17331757
2019-11-23,Sara + / DER AU017 (eobs 3941),0,0.08497851,0.5,0,0.22664332
2019-11-23,Sierit  / DER AN858 (eobs2561),0,0.62326795,0.5,1,8.058794
2019-11-23,Zozu + / DER AL581 (eobs2541),0,0.059060182,0.5,0,0.0133839855
2019-11-24,Angela / DER AY470 (eobs 4001),0,0.3380031,0.5,0,3.526672
2019-11-24,Louis / DER AU050 (eobs 3264),0,0.10071301,0.5,0,1.1340188
2019-11-24,Mirabell + / DER AN910 (eobs 3907),0,0.40382123,0.5,0,11.1773205
2019-11-24,Sara + / DER AU017 (eobs 3941),0,0.120457,0.5,0,0.13726018
2019-11-24,Sierit  / DER AN858 (eobs2561),0,0.49700952,0.5,0,1.0866092
2019-11-24,Zozu + / DER AL581 (eobs2541),0,0.09172071,0.5,0,0.015461633
2019-11-25,Angela / DER AY470 (eobs 4001),0,0.1425335,0.5,0,0.18294378
2019-11-25,Louis / DER AU050 (eobs 3264),0,0.098855704,0.5,0,0.7179475
2019-11-25,Mirabell + / DER AN910 (eobs 3907),0,0.514219,0.5,1,24.700953
2019-11-25,Sara + / DER AU017 (eobs 3941),0,0.101761766,0.5,0,0.5303379
2019-11-25,Sierit  / DER AN858 (eobs2561),0,0.38175493,0.5,0,2.3543816
2019-11-25,Zozu + / DER AL581 (eobs2541),0,0.1089612,0.5,0,0.8105639
2019-11-26,Angela / DER AY470 (eobs 4001),0,0.18132223,0.5,0,0.2330669
2019-11-26,Louis / DER AU050 (eobs 3264),0,0.2109432,0.5,0,0.6411105
2019-11-26,Mirabell + / DER AN910 (eobs 3907),1,0.62703353,0.5,1,62.433643
2019-11-26,Sara + / DER AU017 (eobs 3941),0,0.1040096,0.5,0,0.56309223
2019-11-26,Sierit  / DER AN858 (eobs2561),0,0.3522207,0.5,0,6.8260856
2019-11-26,Zozu + / DER AL581 (eobs2541),0,0.105685584,0.5,0,0.80803776
2019-11-27,Angela / DER AY470 (eobs 4001),0,0.18661954,0.5,0,1.2668691
2019-11-27,Louis / DER AU050 (eobs 3264),0,0.2055575,0.5,0,0.0011132708
2019-11-27,Mirabell + / DER AN910 (eobs 3907),0,0.72975475,0.5,1,12.546112
2019-11-27,Sara + / DER AU017 (eobs 3941),0,0.109575346,0.5,0,2.0030031
2019-11-27,Sierit  / DER AN858 (eobs2561),0,0.5116417,0.5,1,13.393824
2019-11-27,Zozu + / DER AL581 (eobs2541),0,0.067072146,0.5,0,1.6158541
2019-11-28,Angela / DER AY470 (eobs 4001),0,0.11582956,0.5,0,0.92112017
2019-11-28,Louis / DER AU050 (eobs 3264),0,0.12910748,0.5,0,0.7909731
2019-11-28,Mirabell + / DER AN910 (eobs 3907),0,0.62456924,0.5,1,0.39062682
2019-11-28,Sara + / DER AU017 (eobs 3941),0,0.10264874,0.5,0,0.9784613
2019-11-28,Sierit  / DER AN858 (eobs2561),0,0.5095753,0.5,1,6.499193
2019-11-28,Zozu + / DER AL581 (eobs2541),0,0.07444966,0.5,0,0.012244043
2019-11-29,Angela / DER AY470 (eobs 4001),0,0.23388256,0.5,0,0.18983671
2019-11-29,Louis / DER AU050 (eobs 3264),0,0.14436398,0.5,0,0.002815296
2019-11-29,Mirabell + / DER AN910 (eobs 3907),0,0.5452364,0.5,1,1.7596956
2019-11-29,Sara + / DER AU017 (eobs 3941),0,0.10862574,0.5,0,0.70214254
2019-11-29,Sierit  / DER AN858 (eobs2561),0,0.49826825,0.5,0,1.4549618
2019-11-29,Zozu + / DER AL581 (eobs2541),0,0.058400184,0.5,0,2.001316
2019-11-30,Angela / DER AY470 (eobs 4001),0,0.26658422,0.5,0,0.16875415
2019-11-30,Louis / DER AU050 (eobs 3264),0,0.15026623,0.5,0,0.0028073965
2019-11-30,Mirabell + / DER AN910 (eobs 3907),0,0.5424476,0.5,1,9.566613
2019-11-30,Sara + / DER AU017 (eobs 3941),0,0.10655323,0.5,0,2.4702475
2019-11-30,Sierit  / DER AN858 (eobs2561),0,0.34972677,0.5,0,8.340731
2019-11-30,Zozu + / DER AL581 (eobs2541),0,0.07401387,0.5,0,2.0372267
2019-12-01,Angela / DER AY470 (eobs 4001),0,0.36750373,0.5,0,3.6939094
2019-12-01,Louis / DER AU050 (eobs 3264),0,0.25211874,0.5,0,0.4057726
2019-12-01,Mirabell + / DER AN910 (eobs 3907),0,0.546366,0.5,1,9.109502
2019-12-01,Sara + / DER AU017 (eobs 3941),0,0.11466693,0.5,0,0.49458098
2019-12-01,Sierit  / DER AN858 (eobs2561),0,0.5710673,0.5,1,6.8517475
2019-12-01,Zozu + / DER AL581 (eobs2541),0,0.07548275,0.5,0,0.006450524
2019-12-02,Angela / DER AY470 (eobs 4001),0,0.20226243,0.5,0,0.023334812
2019-12-02,Louis / DER AU050 (eobs 3264),0,0.09202834,0.5,0,0.041186526
2019-12-02,Mirabell + / DER AN910 (eobs 3907),0,0.507838,0.5,1,0.025870973
2019-12-02,Sara + / DER AU017 (eobs 3941),0,0.08315031,0.5,0,0.48682842
2019-12-02,Sierit  / DER AN858 (eobs2561),0,0.23736532,0.5,0,0.0092934035
2019-12-02,Zozu + / DER AL581 (eobs2541),0,0.07246524,0.5,0,0.0033939069
2019-12-03,Angela / DER AY470 (eobs 4001),0,0.17564411,0.5,0,3.5917184
2019-12-03,Louis / DER AU050 (eobs 3264),0,0.08710895,0.5,0,0.4160065
2019-12-03,Mirabell + / DER AN910 (eobs 3907),0,0.45827618,0.5,0,2.377071
2019-12-03,Sara + / DER AU017 (eobs 3941),0,0.09600224,0.5,0,0.007910816
2019-12-03,Sierit  / DER AN858 (eobs2561),0,0.25260058,0.5,0,1.1055884
2019-12-03,Zozu + / DER AL581 (eobs2541),0,0.07023539,0.5,0,0.08340692
2019-12-04,Angela / DER AY470 (eobs 4001),0,0.050726913,0.5,0,0.13247351
2019-12-04,Louis / DER AU050 (eobs 3264),0,0.14806704,0.5,0,3.5728054
2019-12-04,Mirabell + / DER AN910 (eobs 3907),0,0.5153003,0.5,1,0.4207554
2019-12-04,Sara + / DER AU017 (eobs 3941),0,0.09367068,0.5,0,0.0037080892
2019-12-04,Sierit  / DER AN858 (eobs2561),0,0.14296016,0.5,0,1.1778661
2019-12-04,Zozu + / DER AL581 (eobs2541),0,0.06720655,0.5,0,0.033783834
2019-12-05,Angela / DER AY470 (eobs 4001),0,0.05081283,0.5,0,0.008998623
2019-12-05,Mirabell + / DER AN910 (eobs 3907),0,0.5901902,0.5,1,7.380247
2019-12-05,Sara + / DER AU017 (eobs 3941),0,0.10674676,0.5,0,0.008285652
2019-12-05,Sierit  / DER AN858 (eobs2561),0,0.07669065,0.5,0,2.305037
2019-12-05,Zozu + / DER AL581 (eobs2541),0,0.08493114,0.5,0,0.029195528
2019-12-06,Angela / DER AY470 (eobs 4001),0,0.048479512,0.5,0,0.09988166
2019-12-06,Mirabell + / DER AN910 (eobs 3907),0,0.59360015,0.5,1,0.058136657
2019-12-06,Sara + / DER AU017 (eobs 3941),0,0.08075943,0.5,0,0.6383796
2019-12-06,Sierit  / DER AN858 (eobs2561),0,0.15359879,0.5,0,0.003750643
2019-12-06,Zozu + / DER AL581 (eobs2541),1,0.052434247,0.5,0,49.354767
2019-12-07,Angela / DER AY470 (eobs 4001),0,0.052734703,0.5,0,0.10618658
2019-12-07,Mirabell + / DER AN910 (eobs 3907),0,0.27558127,0.5,0,7.50438
2019-12-07,Sara + / DER AU017 (eobs 3941),0,0.08769834,0.5,0,0.6069777
2019-12-07,Sierit  / DER AN858 (eobs2561),0,0.1539648,0.5,0,0.05264461
2019-12-07,Zozu + / DER AL581 (eobs2541),0,0.78801316,0.5,1,0.35621473
2019-12-08,Angela / DER AY470 (eobs 4001),0,0.08084041,0.5,0,0.009002644
2019-12-08,Mirabell + / DER AN910 (eobs 3907),0,0.14068586,0.5,0,2.8760283
2019-12-08,Sara + / DER AU017 (eobs 3941),0,0.089435756,0.5,0,0.032200392
2019-12-08,Sierit  / DER AN858 (eobs2561),0,0.08571508,0.5,0,0.00341693
2019-12-08,Zozu + / DER AL581 (eobs2541),0,0.51328176,0.5,1,1.4748272
2019-12-09,Mirabell + / DER AN910 (eobs 3907),0,0.12124591,0.5,0,8.180235
2019-12-09,Sara + / DER AU017 (eobs 3941),0,0.092633896,0.5,0,7.754417
2019-12-09,Sierit  / DER AN858 (eobs2561),0,0.11397236,0.5,0,2.5018983
2019-12-09,Zozu + / DER AL581 (eobs2541),1,0.42037952,0.5,0,48.202354
2019-12-10,Mirabell + / DER AN910 (eobs 3907),0,0.22084472,0.5,0,12.3262205
2019-12-10,Sara + / DER AU017 (eobs 3941),0,0.09593544,0.5,0,0.17606051
2019-12-10,Sierit  / DER AN858 (eobs2561),0,0.23571472,0.5,0,0.039485052
2019-12-10,Zozu + / DER AL581 (eobs2541),0,0.58638316,0.5,1,0.17847928
2019-12-11,Mirabell + / DER AN910 (eobs 3907),0,0.50844073,0.5,1,0.05927635
2019-12-11,Sara + / DER AU017 (eobs 3941),0,0.07691593,0.5,0,7.538261
2019-12-11,Sierit  / DER AN858 (eobs2561),0,0.17156605,0.5,0,0.0038378693
2019-12-11,Zozu + / DER AL581 (eobs2541),0,0.3580574,0.5,0,8.031143
2019-12-12,Mirabell + / DER AN910 (eobs 3907),0,0.2774493,0.5,0,12.659581
2019-12-12,Sara + / DER AU017 (eobs 3941),0,0.08960924,0.5,0,8.325936
2019-12-12,Sierit  / DER AN858 (eobs2561),0,0.05265527,0.5,0,0.2827151
2019-12-12,Zozu + / DER AL581 (eobs2541),0,0.48684195,0.5,0,0.023288382
2019-12-13,Mirabell + / DER AN910 (eobs 3907),0,0.43471724,0.5,0,1.8061308
2019-12-13,Sara + / DER AU017 (eobs 3941),0,0.09340366,0.5,0,0.6212993
2019-12-13,Sierit  / DER AN858 (eobs2561),0,0.109023556,0.5,0,0.2674856
2019-12-13,Zozu + / DER AL581 (eobs2541),0,0.2627131,0.5,0,0.16845141
2019-12-14,Mirabell + / DER AN910 (eobs 3907),0,0.27096605,0.5,0,8.758194
2019-12-14,Sara + / DER AU017 (eobs 3941),0,0.07562751,0.5,0,0.011975269
2019-12-14,Sierit  / DER AN858 (eobs2561),0,0.045736786,0.5,0,3.122537
2019-12-14,Zozu + / DER AL581 (eobs2541),0,0.2179712,0.5,0,6.2229757
2019-12-15,Mirabell + / DER AN910 (eobs 3907),0,0.3024098,0.5,0,4.473478
2019-12-15,Sara + / DER AU017 (eobs 3941),0,0.0772978,0.5,0,0.015423816
2019-12-15,Sierit  / DER AN858 (eobs2561),0,0.100493595,0.5,0,4.003162
2019-12-15,Zozu + / DER AL581 (eobs2541),0,0.39612526,0.5,0,1.6152493
2019-12-16,Mirabell + / DER AN910 (eobs 3907),0,0.22756834,0.5,0,4.3963313
2019-12-16,Sara + / DER AU017 (eobs 3941),0,0.076636955,0.5,0,0.008352211
2019-12-16,Sierit  / DER AN858 (eobs2561),0,0.13292795,0.5,0,1.147046
2019-12-16,Zozu + / DER AL581 (eobs2541),0,0.31826997,0.5,0,7.985445
2019-12-17,Mirabell + / DER AN910 (eobs 3907),0,0.23166525,0.5,0,0.05041683
2019-12-17,Sara + / DER AU017 (eobs 3941),0,0.100204736,0.5,0,0.049576253
2019-12-17,Sierit  / DER AN858 (eobs2561),0,0.10104149,0.5,0,0.4769017
2019-12-17,Zozu + / DER AL581 (eobs2541),0,0.096787676,0.5,0,0.05763608
2019-12-18,Mirabell + / DER AN910 (eobs 3907),0,0.2081908,0.5,0,0.029944774
2019-12-18,Sara + / DER AU017 (eobs 3941),0,0.06958731,0.5,0,7.762636
2019-12-18,Sierit  / DER AN858 (eobs2561),0,0.079161145,0.5,0,0.3009379
2019-12-18,Zozu + / DER AL581 (eobs2541),0,0.10422903,0.5,0,0.036349416
2019-12-19,Mirabell + / DER AN910 (eobs 3907),0,0.07918325,0.5,0,0.026476515
2019-12-19,Sara + / DER AU017 (eobs 3941),0,0.10266168,0.5,0,7.7613173
2019-12-19,Sierit  / DER AN858 (eobs2561),0,0.09527584,0.5,0,0.84276557
2019-12-19,Zozu + / DER AL581 (eobs2541),0,0.12757859,0.5,0,0.051563594
2019-12-20,Sierit  / DER AN858 (eobs2561),0,0.058865212,0.5,0,0.06199803
2019-12-20,Zozu + / DER AL581 (eobs2541),0,0.061933376,0.5,0,0.0532163
2019-12-21,Sierit  / DER AN858 (eobs2561),0,0.057232413,0.5,0,0.016717505
2019-12-21,Zozu + / DER AL581 (eobs2541),0,0.0809832,0.5,0,7.8776712
2019-12-22,Sierit  / DER AN858 (eobs2561),0,0.059106212,0.5,0,1.3527427
2019-12-22,Zozu + / DER AL581 (eobs2541),0,0.16864021,0.5,0,7.775192
2019-12-23,Sierit  / DER AN858 (eobs2561),0,0.07189823,0.5,0,6.7843094
2019-12-23,Zozu + / DER AL581 (eobs2541),0,0.082155444,0.5,0,0.114996836
2019-12-24,Sierit  / DER AN858 (eobs2561),0,0.11867151,0.5,0,8.085448
2019-12-24,Zozu + / DER AL581 (eobs2541),0,0.067996725,0.5,0,7.9476185
2019-12-25,Sierit  / DER AN858 (eobs2561),0,0.15788126,0.5,0,0.05336737
2019-12-25,Zozu + / DER AL581 (eobs2541),0,0.15324992,0.5,0,8.009782
2019-12-26,Sierit  / DER AN858 (eobs2561),0,0.09268419,0.5,0,2.0215783
2019-12-26,Zozu + / DER AL581 (eobs2541),0,0.08336005,0.5,0,1.4106545
2019-12-27,Sierit  / DER AN858 (eobs2561),0,0.07362167,0.5,0,6.1030827
2019-12-27,Zozu + / DER AL581 (eobs2541),0,0.09283536,0.5,0,1.3758757
2019-12-28,Sierit  / DER AN858 (eobs2561),0,0.09373572,0.5,0,0.60557914
2019-12-28,Zozu + / DER AL581 (eobs2541),0,0.057388738,0.5,0,0.26327547
2019-12-29,Sierit  / DER AN858 (eobs2561),0,0.058097992,0.5,0,2.472858
2019-12-29,Zozu + / DER AL581 (eobs2541),0,0.064620465,0.5,0,0.21406916
2019-12-30,Sierit  / DER AN858 (eobs2561),0,0.08387934,0.5,0,0.51333195
2019-12-30,Zozu + / DER AL581 (eobs2541),0,0.08201207,0.5,0,0.017875776
2019-12-31,Sierit  / DER AN858 (eobs2561),0,0.052417394,0.5,0,2.6115472
2019-12-31,Zozu + / DER AL581 (eobs2541),0,0.06899623,0.5,0,0.017251456
2020-09-11,Angela / DER AY470 (eobs 4001),0,0.24363102,0.5,0,2.5964127
2020-09-11,Europa / DER A1A26 (eobs 4004),0,0.2333117,0.5,0,0.029709544
2020-09-11,Louis / DER AU050 (eobs 3264),0,0.73069626,0.5,1,1.050198
2020-09-11,Mirabell + / DER AN910 (eobs 3907),1,0.98222727,0.5,1,37.687653
2020-09-11,Sierit  / DER AN858 (eobs2561),1,0.98732424,0.5,1,290.91022
2020-09-11,Zozu + / DER AL581 (eobs2541),0,0.62011665,0.5,1,9.585271
2020-09-12,Angela / DER AY470 (eobs 4001),0,0.23097645,0.5,0,0.020789811
2020-09-12,Europa / DER A1A26 (eobs 4004),0,0.22761732,0.5,0,0.23707423
2020-09-12,Louis / DER AU050 (eobs 3264),0,0.83599573,0.5,1,0.9268253
2020-09-12,Mirabell + / DER AN910 (eobs 3907),1,0.9782738,0.5,1,246.37418
2020-09-12,Sierit  / DER AN858 (eobs2561),1,0.9930034,0.5,1,282.26987
2020-09-12,Zozu + / DER AL581 (eobs2541),0,0.6784556,0.5,1,13.869221
2020-09-13,Angela / DER AY470 (eobs 4001),0,0.16331562,0.5,0,2.5802076
2020-09-13,Europa / DER A1A26 (eobs 4004),0,0.35312983,0.5,0,0.04619433
2020-09-13,Louis / DER AU050 (eobs 3264),0,0.8513146,0.5,1,0.0057755345
2020-09-13,Mirabell + / DER AN910 (eobs 3907),1,0.97819155,0.5,1,133.70886
2020-09-13,Sierit  / DER AN858 (eobs2561),1,0.9929362,0.5,1,106.15527
2020-09-13,Zozu + / DER AL581 (eobs2541),0,0.79173034,0.5,1,1.3390206
2020-09-14,Angela / DER AY470 (eobs 4001),0,0.24197637,0.5,0,2.5500627
2020-09-14,Europa / DER A1A26 (eobs 4004),0,0.21090394,0.5,0,0.114739686
2020-09-14,Louis / DER AU050 (eobs 3264),0,0.82880205,0.5,1,0.8640537
2020-09-14,Mirabell + / DER AN910 (eobs 3907),1,0.9625792,0.5,1,41.120953
2020-09-14,Sierit  / DER AN858 (eobs2561),1,0.9914521,0.5,1,208.09592
2020-09-14,Zozu + / DER AL581 (eobs2541),0,0.57690674,0.5,1,5.8691335
2020-09-15,Angela / DER AY470 (eobs 4001),0,0.19914542,0.5,0,0.8486627
2020-09-15,Europa / DER A1A26 (eobs 4004),0,0.48582545,0.5,0,0.043731432
2020-09-15,Louis / DER AU050 (eobs 3264),0,0.8375827,0.5,1,9.465854
2020-09-15,Mirabell + / DER AN910 (eobs 3907),1,0.88832164,0.5,1,33.498764
2020-09-15,Sierit  / DER AN858 (eobs2561),0,0.9898056,0.5,1,15.005516
2020-09-15,Zozu + / DER AL581 (eobs2541),0,0.79091,0.5,1,5.6256437
2020-09-16,Angela / DER AY470 (eobs 4001),0,0.2164832,0.5,0,0.19115853
2020-09-16,Europa / DER A1A26 (eobs 4004),0,0.58857703,0.5,1,0.020478735
2020-09-16,Louis / DER AU050 (eobs 3264),1,0.86592734,0.5,1,112.11968
2020-09-16,Mirabell + / DER AN910 (eobs 3907),1,0.6790388,0.5,1,65.56955
2020-09-16,Sierit  / DER AN858 (eobs2561),0,0.97458935,0.5,1,2.3770435
2020-09-16,Zozu + / DER AL581 (eobs2541),0,0.34731877,0.5,0,2.252025
2020-09-17,Angela / DER AY470 (eobs 4001),0,0.14295574,0.5,0,3.1286023
2020-09-17,Europa / DER A1A26 (eobs 4004),0,0.43874463,0.5,0,0.03251534
2020-09-17,Louis / DER AU050 (eobs 3264),1,0.9905708,0.5,1,292.54904
2020-09-17,Mirabell + / DER AN910 (eobs 3907),1,0.58385146,0.5,1,67.58524
2020-09-17,Sierit  / DER AN858 (eobs2561),0,0.9496378,0.5,1,1.9278554
2020-09-17,Zozu + / DER AL581 (eobs2541),0,0.19215526,0.5,0,2.7737644
2020-09-18,Angela / DER AY470 (eobs 4001),0,0.11692462,0.5,0,3.1755238
2020-09-18,Europa / DER A1A26 (eobs 4004),0,0.4074443,0.5,0,0.5099484
2020-09-18,Louis / DER AU050 (eobs 3264),1,0.99313617,0.5,1,214.47746
2020-09-18,Mirabell + / DER AN910 (eobs 3907),0,0.6264028,0.5,1,0.02533989
2020-09-18,Sierit  / DER AN858 (eobs2561),0,0.88400185,0.5,1,0.037446514
2020-09-18,Zozu + / DER AL581 (eobs2541),0,0.54517156,0.5,1,0.061036453
2020-09-19,Angela / DER AY470 (eobs 4001),0,0.14307095,0.5,0,0.07697655
2020-09-19,Europa / DER A1A26 (eobs 4004),0,0.21180819,0.5,0,0.34963906
2020-09-19,Louis / DER AU050 (eobs 3264),1,0.9928128,0.5,1,49.771675
2020-09-19,Mirabell + / DER AN910 (eobs 3907),0,0.34644565,0.5,0,0.19519283
2020-09-19,Sierit  / DER AN858 (eobs2561),0,0.711196,0.5,1,0.23698594
2020-09-19,Zozu + / DER AL581 (eobs2541),0,0.41655335,0.5,0,1.443475
2020-09-20,Angela / DER AY470 (eobs 4001),0,0.1187059,0.5,0,22.545626
2020-09-20,Europa / DER A1A26 (eobs 4004),0,0.5093391,0.5,1,0.17899771
2020-09-20,Louis / DER AU050 (eobs 3264),0,0.99121654,0.5,1,11.013135
2020-09-20,Mirabell + / DER AN910 (eobs 3907),0,0.25685072,0.5,0,0.21372923
2020-09-20,Sierit  / DER AN858 (eobs2561),0,0.32763222,0.5,0,0.15791629
2020-09-20,Zozu + / DER AL581 (eobs2541),0,0.16967236,0.5,0,1.3313031
2020-09-21,Angela / DER AY470 (eobs 4001),1,0.85752,0.5,1,39.602425
2020-09-21,Europa / DER A1A26 (eobs 4004),0,0.520427,0.5,1,0.031346314
2020-09-21,Louis / DER AU050 (eobs 3264),1,0.9877209,0.5,1,80.32257
2020-09-21,Mirabell + / DER AN910 (eobs 3907),0,0.26436493,0.5,0,0.23569159
2020-09-21,Sierit  / DER AN858 (eobs2561),0,0.31017965,0.5,0,0.19840288
2020-09-21,Zozu + / DER AL581 (eobs2541),0,0.23357737,0.5,0,0.126576
2020-09-22,Angela / DER AY470 (eobs 4001),0,0.81087,0.5,1,2.9388664
2020-09-22,Europa / DER A1A26 (eobs 4004),0,0.38895535,0.5,0,0.05420812
2020-09-22,Louis / DER AU050 (eobs 3264),1,0.9889275,0.5,1,40.098095
2020-09-22,Mirabell + / DER AN910 (eobs 3907),0,0.2819304,0.5,0,0.27758753
2020-09-22,Sierit  / DER AN858 (eobs2561),0,0.385793,0.5,0,2.5586567
2020-09-22,Zozu + / DER AL581 (eobs2541),0,0.54653025,0.5,1,0.070199855
2020-09-23,Angela / DER AY470 (eobs 4001),0,0.66973126,0.5,1,0.23195964
2020-09-23,Europa / DER A1A26 (eobs 4004),0,0.11037801,0.5,0,0.065942176
2020-09-23,Louis / DER AU050 (eobs 3264),0,0.9837266,0.5,1,28.446318
2020-09-23,Mirabell + / DER AN910 (eobs 3907),1,0.26757103,0.5,0,71.14815
2020-09-23,Sierit  / DER AN858 (eobs2561),0,0.26849222,0.5,0,2.5472205
2020-09-23,Zozu + / DER AL581 (eobs2541),0,0.11975722,0.5,0,1.045345
2020-09-24,Angela / DER AY470 (eobs 4001),0,0.5047109,0.5,1,2.1953444
2020-09-24,Europa / DER A1A26 (eobs 4004),0,0.36725885,0.5,0,0.30567622
2020-09-24,Louis / DER AU050 (eobs 3264),1,0.9778845,0.5,1,124.598785
2020-09-24,Sierit  / DER AN858 (eobs2561),0,0.30823854,0.5,0,0.06349509
2020-09-24,Zozu + / DER AL581 (eobs2541),0,0.22018185,0.5,0,1.0958912
2020-09-25,Angela / DER AY470 (eobs 4001),0,0.6161285,0.5,1,2.228376
2020-09-25,Europa / DER A1A26 (eobs 4004),1,0.14512958,0.5,0,30.610981
2020-09-25,Louis / DER AU050 (eobs 3264),0,0.9827985,0.5,1,9.407526
2020-09-25,Sierit  / DER AN858 (eobs2561),0,0.32497403,0.5,0,0.10816883
2020-09-25,Zozu + / DER AL581 (eobs2541),0,0.18898612,0.5,0,0.06377841
2020-09-26,Angela / DER AY470 (eobs 4001),0,0.31152394,0.5,0,2.4910936
2020-09-26,Europa / DER A1A26 (eobs 4004),0,0.7682833,0.5,1,14.910151
2020-09-26,Louis / DER AU050 (eobs 3264),0,0.6029581,0.5,1,0.084863685
2020-09-26,Sierit  / DER AN858 (eobs2561),0,0.3230962,0.5,0,2.0460615
2020-09-26,Zozu + / DER AL581 (eobs2541),0,0.3896618,0.5,0,0.023531884
2020-09-27,Angela / DER AY470 (eobs 4001),0,0.31499815,0.5,0,2.7905934
2020-09-27,Europa / DER A1A26 (eobs 4004),0,0.79444194,0.5,1,15.785931
2020-09-27,Louis / DER AU050 (eobs 3264),0,0.3516316,0.5,0,0.49523067
2020-09-27,Sierit  / DER AN858 (eobs2561),0,0.3334368,0.5,0,1.8981661
2020-09-27,Zozu + / DER AL581 (eobs2541),0,0.22845152,0.5,0,4.685201
2020-09-28,Angela / DER AY470 (eobs 4001),0,0.2825341,0.5,0,0.45250273
2020-09-28,Europa / DER A1A26 (eobs 4004),1,0.73950714,0.5,1,72.20665
2020-09-28,Louis / DER AU050 (eobs 3264),0,0.17465933,0.5,0,0.4983546
2020-09-28,Sierit  / DER AN858 (eobs2561),0,0.44140324,0.5,0,5.8314004
2020-09-28,Zozu + / DER AL581 (eobs2541),0,0.6969159,0.5,1,4.736043
2020-09-29,Angela / DER AY470 (eobs 4001),0,0.22532316,0.5,0,0.17618509
2020-09-29,Europa / DER A1A26 (eobs 4004),1,0.95153666,0.5,1,92.779434
2020-09-29,Louis / DER AU050 (eobs 3264),0,0.19610517,0.5,0,1.092295
2020-09-29,Sierit  / DER AN858 (eobs2561),0,0.5571655,0.5,1,5.6996408
2020-09-29,Zozu + / DER AL581 (eobs2541),0,0.12545495,0.5,0,0.027461274
2020-09-30,Angela / DER AY470 (eobs 4001),0,0.6463572,0.5,1,0.10048676
2020-09-30,Europa / DER A1A26 (eobs 4004),0,0.954783,0.5,1,0.023563579
2020-09-30,Louis / DER AU050 (eobs 3264),0,0.16452412,0.5,0,0.5831671
2020-09-30,Sierit  / DER AN858 (eobs2561),0,0.2022888,0.5,0,5.6498036
2020-09-30,Zozu + / DER AL581 (eobs2541),0,0.27498284,0.5,0,0.026735049
2020-10-01,Angela / DER AY470 (eobs 4001),0,0.54090834,0.5,1,0.047245096
2020-10-01,Europa / DER A1A26 (eobs 4004),0,0.67592824,0.5,1,0.10303866
2020-10-01,Louis / DER AU050 (eobs 3264),0,0.2415426,0.5,0,0.07774033
2020-10-01,Sierit  / DER AN858 (eobs2561),0,0.24356213,0.5,0,5.7510705
2020-10-01,Zozu + / DER AL581 (eobs2541),0,0.1659309,0.5,0,0.022606736
2020-10-02,Angela / DER AY470 (eobs 4001),0,0.2619819,0.5,0,0.005243215
2020-10-02,Europa / DER A1A26 (eobs 4004),0,0.34349826,0.5,0,0.5594811
2020-10-02,Louis / DER AU050 (eobs 3264),0,0.13912377,0.5,0,0.47125864
2020-10-02,Sierit  / DER AN858 (eobs2561),0,0.08290885,0.5,0,0.12492979
2020-10-02,Zozu + / DER AL581 (eobs2541),0,0.3209593,0.5,0,0.0069834497
2020-10-03,Angela / DER AY470 (eobs 4001),0,0.16113347,0.5,0,0.21429656
2020-10-03,Europa / DER A1A26 (eobs 4004),0,0.22987156,0.5,0,0.56523144
2020-10-03,Louis / DER AU050 (eobs 3264),0,0.19777264,0.5,0,0.016465774
2020-10-03,Sierit  / DER AN858 (eobs2561),0,0.09350334,0.5,0,0.290329
2020-10-03,Zozu + / DER AL581 (eobs2541),0,0.21292509,0.5,0,0.18023556
2020-10-04,Angela / DER AY470 (eobs 4001),0,0.091469385,0.5,0,2.9766572
2020-10-04,Europa / DER A1A26 (eobs 4004),0,0.3003554,0.5,0,0.17887221
2020-10-04,Louis / DER AU050 (eobs 3264),0,0.15419658,0.5,0,0.007865751
2020-10-04,Sierit  / DER AN858 (eobs2561),0,0.1316254,0.5,0,5.8820634
2020-10-04,Zozu + / DER AL581 (eobs2541),0,0.16652043,0.5,0,0.6966819
2020-10-05,Angela / DER AY470 (eobs 4001),0,0.2981108,0.5,0,2.866887
2020-10-05,Europa / DER A1A26 (eobs 4004),0,0.16567276,0.5,0,0.50699735
2020-10-05,Louis / DER AU050 (eobs 3264),0,0.12216918,0.5,0,1.2596674
2020-10-05,Sierit  / DER AN858 (eobs2561),0,0.21253279,0.5,0,0.036566887
2020-10-05,Zozu + / DER AL581 (eobs2541),0,0.14354771,0.5,0,0.79549325
2020-10-06,Angela / DER AY470 (eobs 4001),0,0.10881444,0.5,0,0.034437247
2020-10-06,Europa / DER A1A26 (eobs 4004),0,0.24012023,0.5,0,0.54208153
2020-10-06,Louis / DER AU050 (eobs 3264),0,0.09899704,0.5,0,0.16526736
2020-10-06,Sierit  / DER AN858 (eobs2561),0,0.1236991,0.5,0,5.7896943
2020-10-06,Zozu + / DER AL581 (eobs2541),0,0.09415944,0.5,0,10.554964
2020-10-07,Angela / DER AY470 (eobs 4001),0,0.22660634,0.5,0,0.55929995
2020-10-07,Europa / DER A1A26 (eobs 4004),0,0.40262526,0.5,0,0.021968314
2020-10-07,Louis / DER AU050 (eobs 3264),0,0.17745733,0.5,0,0.20350061
2020-10-07,Sierit  / DER AN858 (eobs2561),0,0.05830913,0.5,0,0.13730322
2020-10-07,Zozu + / DER AL581 (eobs2541),0,0.81305224,0.5,1,10.607567
2020-10-08,Angela / DER AY470 (eobs 4001),0,0.17994894,0.5,0,2.8654437
2020-10-08,Europa / DER A1A26 (eobs 4004),0,0.32208267,0.5,0,0.020241434
2020-10-08,Louis / DER AU050 (eobs 3264),0,0.3091643,0.5,0,0.64278597
2020-10-08,Sierit  / DER AN858 (eobs2561),0,0.0832201,0.5,0,0.05689661
2020-10-08,Zozu + / DER AL581 (eobs2541),0,0.46872887,0.5,0,0.0151279215
2020-10-09,Angela / DER AY470 (eobs 4001),0,0.2503537,0.5,0,1.9506599
2020-10-09,Europa / DER A1A26 (eobs 4004),0,0.48320562,0.5,0,0.018601587
2020-10-09,Louis / DER AU050 (eobs 3264),0,0.32212397,0.5,0,0.6381992
2020-10-09,Sierit  / DER AN858 (eobs2561),0,0.17566505,0.5,0,0.057420537
2020-10-09,Zozu + / DER AL581 (eobs2541),0,0.24468625,0.5,0,0.035122924
2020-10-10,Angela / DER AY470 (eobs 4001),0,0.11005878,0.5,0,1.8385823
2020-10-10,Europa / DER A1A26 (eobs 4004),0,0.2554131,0.5,0,0.04714473
2020-10-10,Louis / DER AU050 (eobs 3264),0,0.25634092,0.5,0,0.91721463
2020-10-10,Sierit  / DER AN858 (eobs2561),0,0.051758327,0.5,0,4.615813
2020-10-10,Zozu + / DER AL581 (eobs2541),0,0.21139693,0.5,0,9.005918
2020-10-11,Angela / DER AY470 (eobs 4001),0,0.21477103,0.5,0,2.2289834
2020-10-11,Europa / DER A1A26 (eobs 4004),0,0.12956212,0.5,0,0.57080084
2020-10-11,Louis / DER AU050 (eobs 3264),0,0.19876489,0.5,0,0.39422676
2020-10-11,Sierit  / DER AN858 (eobs2561),0,0.15030138,0.5,0,1.3023535
2020-10-11,Zozu + / DER AL581 (eobs2541),0,0.67576975,0.5,1,9.039298
2020-10-12,Angela / DER AY470 (eobs 4001),0,0.092359506,0.5,0,2.907112
2020-10-12,Europa / DER A1A26 (eobs 4004),0,0.08896318,0.5,0,0.5138154
2020-10-12,Louis / DER AU050 (eobs 3264),0,0.14722505,0.5,0,1.2719002
2020-10-12,Sierit  / DER AN858 (eobs2561),0,0.08880422,0.5,0,5.716075
2020-10-12,Zozu + / DER AL581 (eobs2541),0,0.31517237,0.5,0,0.0027402197
2020-10-13,Angela / DER AY470 (eobs 4001),0,0.2579096,0.5,0,0.85294634
2020-10-13,Europa / DER A1A26 (eobs 4004),0,0.14641117,0.5,0,2.29866
2020-10-13,Louis / DER AU050 (eobs 3264),0,0.27566695,0.5,0,0.6767947
2020-10-13,Sierit  / DER AN858 (eobs2561),0,0.052032463,0.5,0,4.0923047
2020-10-13,Zozu + / DER AL581 (eobs2541),0,0.12968694,0.5,0,0.03397507
2020-10-14,Angela / DER AY470 (eobs 4001),0,0.09359377,0.5,0,2.738695
2020-10-14,Europa / DER A1A26 (eobs 4004),0,0.19964108,0.5,0,2.4202113
2020-10-14,Louis / DER AU050 (eobs 3264),0,0.17304131,0.5,0,0.6891651
2020-10-14,Sierit  / DER AN858 (eobs2561),0,0.09271417,0.5,0,4.241186
2020-10-14,Zozu + / DER AL581 (eobs2541),0,0.14444298,0.5,0,0.036424074
2020-10-15,Angela / DER AY470 (eobs 4001),0,0.12671846,0.5,0,0.5028342
2020-10-15,Europa / DER A1A26 (eobs 4004),0,0.12352002,0.5,0,0.4596433
2020-10-15,Louis / DER AU050 (eobs 3264),0,0.20532306,0.5,0,1.8436507
2020-10-15,Sierit  / DER AN858 (eobs2561),0,0.04697656,0.5,0,5.662488
2020-10-15,Zozu + / DER AL581 (eobs2541),0,0.23924546,0.5,0,0.05004229
2020-10-16,Angela / DER AY470 (eobs 4001),0,0.17955823,0.5,0,0.1356527
2020-10-16,Europa / DER A1A26 (eobs 4004),0,0.2327858,0.5,0,0.003630344
2020-10-16,Louis / DER AU050 (eobs 3264),0,0.23473346,0.5,0,1.8630965
2020-10-16,Sierit  / DER AN858 (eobs2561),0,0.11974581,0.5,0,0.9625661
2020-10-16,Zozu + / DER AL581 (eobs2541),0,0.15600695,0.5,0,16.301146
2020-10-17,Angela / DER AY470 (eobs 4001),0,0.28112856,0.5,0,2.1943963
2020-10-17,Europa / DER A1A26 (eobs 4004),0,0.17774628,0.5,0,0.043130826
2020-10-17,Louis / DER AU050 (eobs 3264),0,0.17888615,0.5,0,0.016942808
2020-10-17,Sierit  / DER AN858 (eobs2561),0,0.13667548,0.5,0,5.990791
2020-10-17,Zozu + / DER AL581 (eobs2541),0,0.7689893,0.5,1,16.256731
2020-10-18,Angela / DER AY470 (eobs 4001),0,0.47897142,0.5,0,0.6305893
2020-10-18,Europa / DER A1A26 (eobs 4004),0,0.20521203,0.5,0,0.08252649
2020-10-18,Louis / DER AU050 (eobs 3264),0,0.5557261,0.5,1,0.00800045
2020-10-18,Sierit  / DER AN858 (eobs2561),0,0.06555363,0.5,0,7.645549
2020-10-18,Zozu + / DER AL581 (eobs2541),0,0.5629489,0.5,1,0.07556159
2020-10-19,Angela / DER AY470 (eobs 4001),0,0.14326455,0.5,0,3.266115
2020-10-19,Europa / DER A1A26 (eobs 4004),0,0.09645227,0.5,0,0.045194875
2020-10-19,Louis / DER AU050 (eobs 3264),0,0.24132426,0.5,0,0.009425154
2020-10-19,Sierit  / DER AN858 (eobs2561),0,0.13545936,0.5,0,7.798555
2020-10-19,Zozu + / DER AL581 (eobs2541),0,0.5326886,0.5,1,0.10458156
2020-10-20,Angela / DER AY470 (eobs 4001),0,0.09429896,0.5,0,1.4923412
2020-10-20,Europa / DER A1A26 (eobs 4004),0,0.059096716,0.5,0,0.57412887
2020-10-20,Louis / DER AU050 (eobs 3264),0,0.19752535,0.5,0,0.35692358
2020-10-20,Sierit  / DER AN858 (eobs2561),0,0.110363424,0.5,0,9.073045
2020-10-20,Zozu + / DER AL581 (eobs2541),0,0.3295305,0.5,0,0.011123635
2020-10-21,Angela / DER AY470 (eobs 4001),0,0.18764657,0.5,0,0.059856955
2020-10-21,Europa / DER A1A26 (eobs 4004),0,0.09280181,0.5,0,0.6458434
2020-10-21,Louis / DER AU050 (eobs 3264),0,0.16557233,0.5,0,0.7867956
2020-10-21,Sierit  / DER AN858 (eobs2561),0,0.30615,0.5,0,0.98273814
2020-10-21,Zozu + / DER AL581 (eobs2541),0,0.2506468,0.5,0,9.080298
2020-10-22,Angela / DER AY470 (eobs 4001),0,0.2631929,0.5,0,0.082818575
2020-10-22,Europa / DER A1A26 (eobs 4004),0,0.091554895,0.5,0,0.034673207
2020-10-22,Louis / DER AU050 (eobs 3264),0,0.15474516,0.5,0,0.12102698
2020-10-22,Sierit  / DER AN858 (eobs2561),0,0.06282006,0.5,0,0.012612383
2020-10-22,Zozu + / DER AL581 (eobs2541),0,0.6022651,0.5,1,9.080473
2020-10-23,Angela / DER AY470 (eobs 4001),0,0.062664315,0.5,0,0.055522162
2020-10-23,Europa / DER A1A26 (eobs 4004),0,0.077211246,0.5,0,0.0780158
2020-10-23,Louis / DER AU050 (eobs 3264),0,0.14145236,0.5,0,0.246553
2020-10-23,Sierit  / DER AN858 (eobs2561),0,0.054506745,0.5,0,8.06203
2020-10-23,Zozu + / DER AL581 (eobs2541),0,0.3391853,0.5,0,0.038820244
2020-10-24,Angela / DER AY470 (eobs 4001),0,0.18952107,0.5,0,0.16772921
2020-10-24,Europa / DER A1A26 (eobs 4004),0,0.08795871,0.5,0,0.12656221
2020-10-24,Louis / DER AU050 (eobs 3264),0,0.2678792,0.5,0,0.2462027
2020-10-24,Sierit  / DER AN858 (eobs2561),0,0.28111655,0.5,0,8.050822
2020-10-24,Zozu + / DER AL581 (eobs2541),0,0.25594416,0.5,0,0.055155993
2020-10-25,Angela / DER AY470 (eobs 4001),0,0.065245256,0.5,0,0.05750971
2020-10-25,Europa / DER A1A26 (eobs 4004),0,0.13559267,0.5,0,0.035837084
2020-10-25,Louis / DER AU050 (eobs 3264),0,0.13962507,0.5,0,0.1725327
2020-10-25,Sierit  / DER AN858 (eobs2561),0,0.19219635,0.5,0,0.8425162
2020-10-25,Zozu + / DER AL581 (eobs2541),0,0.13334788,0.5,0,0.014431529
2020-10-26,Angela / DER AY470 (eobs 4001),0,0.056705035,0.5,0,0.12841788
2020-10-26,Europa / DER A1A26 (eobs 4004),0,0.06943942,0.5,0,0.14134896
2020-10-26,Louis / DER AU050 (eobs 3264),0,0.5482414,0.5,1,1.2509832
2020-10-26,Sierit  / DER AN858 (eobs2561),0,0.086942494,0.5,0,8.87135
2020-10-26,Zozu + / DER AL581 (eobs2541),0,0.1967619,0.5,0,3.9902701
2020-10-27,Angela / DER AY470 (eobs 4001),0,0.14872093,0.5,0,1.6059214
2020-10-27,Europa / DER A1A26 (eobs 4004),0,0.1230364,0.5,0,0.07576754
2020-10-27,Louis / DER AU050 (eobs 3264),0,0.40717438,0.5,0,1.2672355
2020-10-27,Sierit  / DER AN858 (eobs2561),0,0.10652424,0.5,0,8.0703945
2020-10-27,Zozu + / DER AL581 (eobs2541),0,0.5053126,0.5,1,0.0052051027
2020-10-28,Angela / DER AY470 (eobs 4001),0,0.4125453,0.5,0,1.5475199
2020-10-28,Europa / DER A1A26 (eobs 4004),0,0.11813834,0.5,0,0.394992
2020-10-28,Louis / DER AU050 (eobs 3264),0,0.21439748,0.5,0,0.2609794
2020-10-28,Sierit  / DER AN858 (eobs2561),0,0.19495058,0.5,0,7.972534
2020-10-28,Zozu + / DER AL581 (eobs2541),0,0.07914849,0.5,0,3.9938884
2020-10-29,Angela / DER AY470 (eobs 4001),0,0.08416217,0.5,0,0.13887346
2020-10-29,Europa / DER A1A26 (eobs 4004),0,0.07695425,0.5,0,0.39354622
2020-10-29,Louis / DER AU050 (eobs 3264),0,0.14881648,0.5,0,1.2301885
2020-10-29,Sierit  / DER AN858 (eobs2561),0,0.12153945,0.5,0,0.011279184
2020-10-29,Zozu + / DER AL581 (eobs2541),0,0.16208014,0.5,0,0.055760644
2020-10-30,Angela / DER AY470 (eobs 4001),0,0.18359481,0.5,0,0.14779407
2020-10-30,Europa / DER A1A26 (eobs 4004),0,0.081504166,0.5,0,0.06426948
2020-10-30,Louis / DER AU050 (eobs 3264),0,0.35116017,0.5,0,1.3856324
2020-10-30,Sierit  / DER AN858 (eobs2561),0,0.05988326,0.5,0,7.63626
2020-10-30,Zozu + / DER AL581 (eobs2541),0,0.24924059,0.5,0,0.14131379
2020-10-31,Angela / DER AY470 (eobs 4001),0,0.07902536,0.5,0,0.23705928
2020-10-31,Europa / DER A1A26 (eobs 4004),0,0.07702424,0.5,0,0.06562068
2020-10-31,Louis / DER AU050 (eobs 3264),0,0.3015759,0.5,0,1.0014001
2020-10-31,Sierit  / DER AN858 (eobs2561),0,0.29166836,0.5,0,2.9901366
2020-10-31,Zozu + / DER AL581 (eobs2541),0,0.068773195,0.5,0,0.05186673
2020-11-01,Angela / DER AY470 (eobs 4001),0,0.113712706,0.5,0,0.02645331
2020-11-01,Europa / DER A1A26 (eobs 4004),0,0.08364333,0.5,0,0.07871904
2020-11-01,Louis / DER AU050 (eobs 3264),0,0.16123264,0.5,0,0.06791223
2020-11-01,Sierit  / DER AN858 (eobs2561),0,0.057118334,0.5,0,5.395059
2020-11-01,Zozu + / DER AL581 (eobs2541),0,0.22510533,0.5,0,0.040387046
2020-11-02,Angela / DER AY470 (eobs 4001),0,0.07144417,0.5,0,0.10975452
2020-11-02,Europa / DER A1A26 (eobs 4004),0,0.053525686,0.5,0,0.13349101
2020-11-02,Louis / DER AU050 (eobs 3264),0,0.19033521,0.5,0,0.15671454
2020-11-02,Sierit  / DER AN858 (eobs2561),0,0.086123735,0.5,0,3.1584406
2020-11-02,Zozu + / DER AL581 (eobs2541),0,0.083235204,0.5,0,0.032161
2020-11-03,Angela / DER AY470 (eobs 4001),1,0.07379772,0.5,0,49.05814
2020-11-03,Europa / DER A1A26 (eobs 4004),0,0.12766698,0.5,0,0.09792187
2020-11-03,Louis / DER AU050 (eobs 3264),0,0.14817937,0.5,0,1.0773714
2020-11-03,Sierit  / DER AN858 (eobs2561),0,0.049965795,0.5,0,7.518916
2020-11-03,Zozu + / DER AL581 (eobs2541),0,0.07050425,0.5,0,0.14763036
2020-11-04,Angela / DER AY470 (eobs 4001),0,0.77820253,0.5,1,0.5245718
2020-11-04,Europa / DER A1A26 (eobs 4004),0,0.074723646,0.5,0,0.045832355
2020-11-04,Louis / DER AU050 (eobs 3264),0,0.21435247,0.5,0,0.1505555
2020-11-04,Sierit  / DER AN858 (eobs2561),0,0.18829368,0.5,0,8.082298
2020-11-04,Zozu + / DER AL581 (eobs2541),0,0.07438611,0.5,0,3.2955415
2020-11-05,Angela / DER AY470 (eobs 4001),0,0.6743064,0.5,1,0.16439621
2020-11-05,Europa / DER A1A26 (eobs 4004),0,0.06326476,0.5,0,0.026707325
2020-11-05,Louis / DER AU050 (eobs 3264),0,0.27483553,0.5,0,0.016032707
2020-11-05,Sierit  / DER AN858 (eobs2561),0,0.15818165,0.5,0,6.028582
2020-11-05,Zozu + / DER AL581 (eobs2541),0,0.22594744,0.5,0,3.2936032
2020-11-06,Angela / DER AY470 (eobs 4001),0,0.6114201,0.5,1,0.18832739
2020-11-06,Europa / DER A1A26 (eobs 4004),0,0.074789934,0.5,0,0.07115172
2020-11-06,Louis / DER AU050 (eobs 3264),0,0.098828696,0.5,0,0.100069955
2020-11-06,Sierit  / DER AN858 (eobs2561),0,0.057051785,0.5,0,5.9303946
2020-11-06,Zozu + / DER AL581 (eobs2541),0,0.05437005,0.5,0,0.08753642
2020-11-07,Angela / DER AY470 (eobs 4001),0,0.6104399,0.5,1,2.0851505
2020-11-07,Europa / DER A1A26 (eobs 4004),0,0.038209,0.5,0,0.042864576
2020-11-07,Louis / DER AU050 (eobs 3264),0,0.09233663,0.5,0,0.038737845
2020-11-07,Sierit  / DER AN858 (eobs2561),0,0.085658416,0.5,0,0.95221853
2020-11-07,Zozu + / DER AL581 (eobs2541),0,0.06771361,0.5,0,0.040473122
2020-11-08,Angela / DER AY470 (eobs 4001),0,0.59926105,0.5,1,6.2104564
2020-11-08,Europa / DER A1A26 (eobs 4004),0,0.064367704,0.5,0,0.045415934
2020-11-08,Louis / DER AU050 (eobs 3264),0,0.088323206,0.5,0,0.10016885
2020-11-08,Sierit  / DER AN858 (eobs2561),0,0.090829454,0.5,0,0.9382705
2020-11-08,Zozu + / DER AL581 (eobs2541),0,0.09540894,0.5,0,4.049643
2020-11-09,Angela / DER AY470 (eobs 4001),0,0.6312444,0.5,1,2.0237315
2020-11-09,Europa / DER A1A26 (eobs 4004),0,0.05666708,0.5,0,0.41063133
2020-11-09,Louis / DER AU050 (eobs 3264),0,0.17234524,0.5,0,0.7575166
2020-11-09,Sierit  / DER AN858 (eobs2561),0,0.047295254,0.5,0,0.0065807714
2020-11-09,Zozu + / DER AL581 (eobs2541),0,0.28487214,0.5,0,4.0692115
2020-11-10,Angela / DER AY470 (eobs 4001),0,0.51667804,0.5,1,1.8750132
2020-11-10,Europa / DER A1A26 (eobs 4004),0,0.069030404,0.5,0,0.027120871
2020-11-10,Louis / DER AU050 (eobs 3264),0,0.0749338,0.5,0,0.6610007
2020-11-10,Sierit  / DER AN858 (eobs2561),0,0.07474703,0.5,0,0.01749343
2020-11-10,Zozu + / DER AL581 (eobs2541),0,0.065950386,0.5,0,0.004995928
2020-11-11,Angela / DER AY470 (eobs 4001),0,0.47582558,0.5,0,0.056823496
2020-11-11,Europa / DER A1A26 (eobs 4004),0,0.064520955,0.5,0,0.04246047
2020-11-11,Louis / DER AU050 (eobs 3264),0,0.16039056,0.5,0,0.15427217
2020-11-11,Sierit  / DER AN858 (eobs2561),0,0.049846087,0.5,0,0.01914534
2020-11-11,Zozu + / DER AL581 (eobs2541),0,0.06631537,0.5,0,0.031581897
2020-11-12,Angela / DER AY470 (eobs 4001),0,0.6698933,0.5,1,1.923068
2020-11-12,Europa / DER A1A26 (eobs 4004),0,0.062377885,0.5,0,0.40327168
2020-11-12,Louis / DER AU050 (eobs 3264),0,0.14148735,0.5,0,0.0003905984
2020-11-12,Sierit  / DER AN858 (eobs2561),0,0.058403242,0.5,0,0.009710322
2020-11-12,Zozu + / DER AL581 (eobs2541),0,0.12022579,0.5,0,0.029880933
2020-11-13,Angela / DER AY470 (eobs 4001),0,0.53547376,0.5,1,1.126497
2020-11-13,Europa / DER A1A26 (eobs 4004),0,0.08725859,0.5,0,0.022712208
2020-11-13,Louis / DER AU050 (eobs 3264),0,0.13430984,0.5,0,0.002112018
2020-11-13,Sierit  / DER AN858 (eobs2561),0,0.05820078,0.5,0,0.0046483628
2020-11-13,Zozu + / DER AL581 (eobs2541),0,0.106780425,0.5,0,0.047468867
2020-11-14,Angela / DER AY470 (eobs 4001),0,0.0947849,0.5,0,0.27047464
2020-11-14,Europa / DER A1A26 (eobs 4004),0,0.0936815,0.5,0,0.03835141
2020-11-14,Louis / DER AU050 (eobs 3264),0,0.26934412,0.5,0,0.006202992
2020-11-14,Sierit  / DER AN858 (eobs2561),0,0.0582998,0.5,0,0.0017290312
2020-11-14,Zozu + / DER AL581 (eobs2541),0,0.052465204,0.5,0,0.05309765
2020-11-15,Angela / DER AY470 (eobs 4001),0,0.32022685,0.5,0,0.47474152
2020-11-15,Europa / DER A1A26 (eobs 4004),0,0.06460021,0.5,0,0.09756513
2020-11-15,Louis / DER AU050 (eobs 3264),0,0.10533051,0.5,0,0.0046495907
2020-11-15,Sierit  / DER AN858 (eobs2561),0,0.080143355,0.5,0,0.014371906
2020-11-15,Zozu + / DER AL581 (eobs2541),0,0.11584217,0.5,0,0.10547967
2020-11-16,Angela / DER AY470 (eobs 4001),0,0.33364204,0.5,0,1.1054307
2020-11-16,Europa / DER A1A26 (eobs 4004),0,0.055723626,0.5,0,0.17843743
2020-11-16,Louis / DER AU050 (eobs 3264),0,0.17840761,0.5,0,0.0032009194
2020-11-16,Sierit  / DER AN858 (eobs2561),0,0.07400684,0.5,0,0.0033572332
2020-11-16,Zozu + / DER AL581 (eobs2541),0,0.053480722,0.5,0,0.06981338
2020-11-17,Angela / DER AY470 (eobs 4001),0,0.4599936,0.5,0,0.35924324
2020-11-17,Europa / DER A1A26 (eobs 4004),0,0.07362431,0.5,0,0.009561352
2020-11-17,Louis / DER AU050 (eobs 3264),0,0.1110828,0.5,0,0.0035571698
2020-11-17,Sierit  / DER AN858 (eobs2561),0,0.045136433,0.5,0,0.0010542151
2020-11-17,Zozu + / DER AL581 (eobs2541),0,0.0800656,0.5,0,0.067709096
2020-11-18,Angela / DER AY470 (eobs 4001),0,0.46457583,0.5,0,1.4074926
2020-11-18,Europa / DER A1A26 (eobs 4004),0,0.04719017,0.5,0,0.2601249
2020-11-18,Louis / DER AU050 (eobs 3264),0,0.13212962,0.5,0,0.003313144
2020-11-18,Sierit  / DER AN858 (eobs2561),0,0.07114373,0.5,0,0.0031699443
2020-11-18,Zozu + / DER AL581 (eobs2541),0,0.046472017,0.5,0,0.09175646
2020-11-19,Angela / DER AY470 (eobs 4001),0,0.46190485,0.5,0,4.7640424
2020-11-19,Europa / DER A1A26 (eobs 4004),0,0.081481904,0.5,0,0.16351405
2020-11-19,Louis / DER AU050 (eobs 3264),0,0.18113327,0.5,0,0.16636305
2020-11-19,Sierit  / DER AN858 (eobs2561),0,0.07343943,0.5,0,0.0021181381
2020-11-19,Zozu + / DER AL581 (eobs2541),0,0.08586433,0.5,0,0.08734229
2020-11-20,Angela / DER AY470 (eobs 4001),0,0.49920282,0.5,0,0.8665713
2020-11-20,Europa / DER A1A26 (eobs 4004),0,0.05899217,0.5,0,0.07902686
2020-11-20,Louis / DER AU050 (eobs 3264),0,0.09138721,0.5,0,0.26293394
2020-11-20,Sierit  / DER AN858 (eobs2561),0,0.12382952,0.5,0,0.016571395
2020-11-20,Zozu + / DER AL581 (eobs2541),0,0.04671492,0.5,0,0.0816502
2020-11-21,Angela / DER AY470 (eobs 4001),0,0.34475213,0.5,0,5.984837
2020-11-21,Europa / DER A1A26 (eobs 4004),0,0.06304943,0.5,0,0.045251336
2020-11-21,Louis / DER AU050 (eobs 3264),0,0.09035251,0.5,0,1.286618
2020-11-21,Sierit  / DER AN858 (eobs2561),0,0.06697233,0.5,0,0.0029725146
2020-11-21,Zozu + / DER AL581 (eobs2541),0,0.07265654,0.5,0,0.0721625
2020-11-22,Angela / DER AY470 (eobs 4001),0,0.5129358,0.5,1,0.38146195
2020-11-22,Europa / DER A1A26 (eobs 4004),0,0.105972834,0.5,0,0.119441256
2020-11-22,Louis / DER AU050 (eobs 3264),0,0.16090752,0.5,0,0.24208634
2020-11-22,Sierit  / DER AN858 (eobs2561),0,0.088782385,0.5,0,0.65293205
2020-11-22,Zozu + / DER AL581 (eobs2541),0,0.10226467,0.5,0,10.18042
2020-11-23,Angela / DER AY470 (eobs 4001),0,0.28623995,0.5,0,1.8658273
2020-11-23,Europa / DER A1A26 (eobs 4004),0,0.048807953,0.5,0,0.32876515
2020-11-23,Sierit  / DER AN858 (eobs2561),0,0.13465789,0.5,0,3.1714313
2020-11-23,Zozu + / DER AL581 (eobs2541),0,0.5177869,0.5,1,10.825839
2020-11-24,Angela / DER AY470 (eobs 4001),0,0.30091843,0.5,0,0.08380547
2020-11-24,Europa / DER A1A26 (eobs 4004),0,0.061107367,0.5,0,0.2588304
2020-11-24,Sierit  / DER AN858 (eobs2561),0,0.09959431,0.5,0,3.1905136
2020-11-24,Zozu + / DER AL581 (eobs2541),0,0.3508652,0.5,0,1.3441377
2020-11-25,Angela / DER AY470 (eobs 4001),0,0.41669437,0.5,0,0.24093273
2020-11-25,Sierit  / DER AN858 (eobs2561),0,0.075842984,0.5,0,0.024059543
2020-11-25,Zozu + / DER AL581 (eobs2541),0,0.28580788,0.5,0,0.017092317
2020-11-26,Angela / DER AY470 (eobs 4001),0,0.18832204,0.5,0,2.816601
2020-11-26,Sierit  / DER AN858 (eobs2561),0,0.0612128,0.5,0,1.9463277
2020-11-26,Zozu + / DER AL581 (eobs2541),0,0.1819397,0.5,0,0.0868033
2020-11-27,Angela / DER AY470 (eobs 4001),0,0.35332462,0.5,0,0.5713479
2020-11-27,Sierit  / DER AN858 (eobs2561),0,0.059266977,0.5,0,1.0255084
2020-11-27,Zozu + / DER AL581 (eobs2541),0,0.21193948,0.5,0,0.083400905
2020-11-28,Angela / DER AY470 (eobs 4001),0,0.1457125,0.5,0,1.9907464
2020-11-28,Sierit  / DER AN858 (eobs2561),0,0.07874072,0.5,0,0.7383311
2020-11-28,Zozu + / DER AL581 (eobs2541),0,0.21167587,0.5,0,4.008042
2020-11-29,Angela / DER AY470 (eobs 4001),0,0.15027206,0.5,0,2.9378452
2020-11-29,Sierit  / DER AN858 (eobs2561),0,0.084911935,0.5,0,0.7148723
2020-11-29,Zozu + / DER AL581 (eobs2541),0,0.12993096,0.5,0,3.947697
2020-11-30,Angela / DER AY470 (eobs 4001),0,0.31506327,0.5,0,2.862843
2020-11-30,Sierit  / DER AN858 (eobs2561),0,0.13957508,0.5,0,3.3830783
2020-11-30,Zozu + / DER AL581 (eobs2541),0,0.21358041,0.5,0,3.9519439
2020-12-01,Angela / DER AY470 (eobs 4001),0,0.41054732,0.5,0,0.11004079
2020-12-01,Sierit  / DER AN858 (eobs2561),0,0.12522104,0.5,0,9.460868
2020-12-02,Angela / DER AY470 (eobs 4001),0,0.21665931,0.5,0,0.2690657
2020-12-02,Sierit  / DER AN858 (eobs2561),0,0.06293252,0.5,0,5.424648
2020-12-03,Angela / DER AY470 (eobs 4001),0,0.10900804,0.5,0,1.6151098
2020-12-03,Sierit  / DER AN858 (eobs2561),0,0.09179786,0.5,0,0.78166115
2020-12-04,Angela / DER AY470 (eobs 4001),0,0.073091045,0.5,0,0.7461503
2020-12-04,Sierit  / DER AN858 (eobs2561),0,0.08893246,0.5,0,6.184768
2020-12-05,Angela / DER AY470 (eobs 4001),0,0.067884505,0.5,0,0.64936495
2020-12-05,Sierit  / DER AN858 (eobs2561),0,0.059375294,0.5,0,5.4504337
2020-12-06,Angela / DER AY470 (eobs 4001),0,0.056485876,0.5,0,0.45022747
2020-12-06,Sierit  / DER AN858 (eobs2561),0,0.09311509,0.5,0,0.8867328
2020-12-07,Sierit  / DER AN858 (eobs2561),0,0.07790449,0.5,0,1.2026719
2020-12-08,Sierit  / DER AN858 (eobs2561),0,0.11068053,0.5,0,0.8320037
2020-12-09,Sierit  / DER AN858 (eobs2561),0,0.06254407,0.5,0,0.90709406
2020-12-10,Sierit  / DER AN858 (eobs2561),0,0.0730674,0.5,0,0.09341074
2020-12-11,Sierit  / DER AN858 (eobs2561),0,0.070409186,0.5,0,0.8139787
2020-12-12,Sierit  / DER AN858 (eobs2561),0,0.08177047,0.5,0,0.6837454
2020-12-12,Zozu + / DER AL581 (eobs2541),0,0.14845715,0.5,0,4.180042
2020-12-13,Sierit  / DER AN858 (eobs2561),0,0.06390502,0.5,0,0.6430506
2020-12-13,Zozu + / DER AL581 (eobs2541),0,0.15103441,0.5,0,3.8474948
2020-12-14,Sierit  / DER AN858 (eobs2561),0,0.07560963,0.5,0,0.6445563
2020-12-14,Zozu + / DER AL581 (eobs2541),0,0.1795164,0.5,0,3.9682071
2020-12-15,Sierit  / DER AN858 (eobs2561),0,0.11766769,0.5,0,0.04701683
2020-12-15,Zozu + / DER AL581 (eobs2541),0,0.06394528,0.5,0,1.4780451
2020-12-16,Sierit  / DER AN858 (eobs2561),0,0.079237804,0.5,0,0.0042403587
2020-12-16,Zozu + / DER AL581 (eobs2541),0,0.08440654,0.5,0,1.4465024
2020-12-17,Sierit  / DER AN858 (eobs2561),0,0.07239638,0.5,0,0.0040776166
2020-12-17,Zozu + / DER AL581 (eobs2541),0,0.052947752,0.5,0,3.3528187
2020-12-18,Sierit  / DER AN858 (eobs2561),0,0.08323399,0.5,0,0.0030931018
2020-12-18,Zozu + / DER AL581 (eobs2541),0,0.08831871,0.5,0,7.2133417
2020-12-19,Sierit  / DER AN858 (eobs2561),0,0.06848956,0.5,0,0.0027112528
2020-12-19,Zozu + / DER AL581 (eobs2541),0,0.064191885,0.5,0,6.822208
2020-12-20,Sierit  / DER AN858 (eobs2561),0,0.1021046,0.5,0,0.013464614
2020-12-20,Zozu + / DER AL581 (eobs2541),0,0.12348996,0.5,0,6.616159
2020-12-21,Sierit  / DER AN858 (eobs2561),0,0.088206284,0.5,0,0.036266435
2020-12-21,Zozu + / DER AL581 (eobs2541),0,0.06848433,0.5,0,3.721631
2020-12-22,Sierit  / DER AN858 (eobs2561),0,0.123141184,0.5,0,0.005992612
2020-12-22,Zozu + / DER AL581 (eobs2541),0,0.09510844,0.5,0,3.913914
2020-12-23,Sierit  / DER AN858 (eobs2561),0,0.11798111,0.5,0,0.0012800245
2020-12-23,Zozu + / DER AL581 (eobs2541),0,0.05779574,0.5,0,0.07976823
2020-12-24,Sierit  / DER AN858 (eobs2561),0,0.07261188,0.5,0,0.73814464
2020-12-24,Zozu + / DER AL581 (eobs2541),0,0.071291275,0.5,0,4.5026608
2020-12-25,Sierit  / DER AN858 (eobs2561),0,0.06516696,0.5,0,3.080756
2020-12-25,Zozu + / DER AL581 (eobs2541),0,0.13195582,0.5,0,4.3299036
2020-12-26,Sierit  / DER AN858 (eobs2561),0,0.06556616,0.5,0,0.982511
2020-12-26,Zozu + / DER AL581 (eobs2541),0,0.05853826,0.5,0,0.015808452
2020-12-27,Sierit  / DER AN858 (eobs2561),0,0.07255406,0.5,0,5.132266
2020-12-27,Zozu + / DER AL581 (eobs2541),0,0.07548122,0.5,0,0.030618995
2020-12-28,Sierit  / DER AN858 (eobs2561),0,0.12974271,0.5,0,1.9756399
2020-12-28,Zozu + / DER AL581 (eobs2541),0,0.06688109,0.5,0,3.1322887
2020-12-29,Sierit  / DER AN858 (eobs2561),0,0.09274335,0.5,0,1.6931452
2020-12-29,Zozu + / DER AL581 (eobs2541),0,0.10202056,0.5,0,0.067979574
2020-12-30,Sierit  / DER AN858 (eobs2561),0,0.08328224,0.5,0,0.76684695
2020-12-30,Zozu + / DER AL581 (eobs2541),0,0.053722993,0.5,0,3.1097193
2020-12-31,Sierit  / DER AN858 (eobs2561),0,0.07746102,0.5,0,0.77856535
2020-12-31,Zozu + / DER AL581 (eobs2541),0,0.059634592,0.5,0,5.5092826
2021-09-11,Angela / DER AY470 (eobs 4001),1,0.965474,0.5,1,55.610653
2021-09-11,"Ed + (AAL16, e-obs 7210)",0,0.35872388,0.5,0,18.74988
2021-09-11,Europa / DER A1A26 (eobs 4004),1,0.9876193,0.5,1,41.807594
2021-09-11,Louis / DER AU050 (eobs 3264),0,0.7660616,0.5,1,1.0587279
2021-09-11,Sierit  / DER AN858 (eobs2561),1,0.64394903,0.5,1,43.717064
2021-09-12,Angela / DER AY470 (eobs 4001),1,0.95928776,0.5,1,79.15728
2021-09-12,"Ed + (AAL16, e-obs 7210)",1,0.77446985,0.5,1,107.07468
2021-09-12,Europa / DER A1A26 (eobs 4004),1,0.9863099,0.5,1,77.80081
2021-09-12,Louis / DER AU050 (eobs 3264),0,0.85594994,0.5,1,0.37222642
2021-09-12,Sierit  / DER AN858 (eobs2561),1,0.98732287,0.5,1,68.9647
2021-09-13,Angela / DER AY470 (eobs 4001),1,0.96133995,0.5,1,124.95378
2021-09-13,"Ed + (AAL16, e-obs 7210)",1,0.9668146,0.5,1,173.11523
2021-09-13,Europa / DER A1A26 (eobs 4004),1,0.98746294,0.5,1,93.35771
2021-09-13,Louis / DER AU050 (eobs 3264),0,0.8468907,0.5,1,0.05494327
2021-09-13,Sierit  / DER AN858 (eobs2561),1,0.9894008,0.5,1,196.4996
2021-09-14,Angela / DER AY470 (eobs 4001),1,0.9567322,0.5,1,138.1977
2021-09-14,"Ed + (AAL16, e-obs 7210)",0,0.9740657,0.5,1,0.63083
2021-09-14,Europa / DER A1A26 (eobs 4004),0,0.9854682,0.5,1,0.8047167
2021-09-14,Louis / DER AU050 (eobs 3264),0,0.8453909,0.5,1,0.9100585
2021-09-14,Sierit  / DER AN858 (eobs2561),1,0.99197817,0.5,1,70.731415
2021-09-15,Angela / DER AY470 (eobs 4001),0,0.94102633,0.5,1,0.2759891
2021-09-15,"Ed + (AAL16, e-obs 7210)",0,0.9457813,0.5,1,0.5845008
2021-09-15,Europa / DER A1A26 (eobs 4004),0,0.8242076,0.5,1,15.666535
2021-09-15,Louis / DER AU050 (eobs 3264),0,0.8298548,0.5,1,0.2852751
2021-09-15,Sierit  / DER AN858 (eobs2561),1,0.99036014,0.5,1,31.863426
2021-09-16,Angela / DER AY470 (eobs 4001),0,0.56748015,0.5,1,21.608807
2021-09-16,"Ed + (AAL16, e-obs 7210)",1,0.86180216,0.5,1,119.47311
2021-09-16,Europa / DER A1A26 (eobs 4004),1,0.7837763,0.5,1,162.70425
2021-09-16,Louis / DER AU050 (eobs 3264),0,0.8224931,0.5,1,0.6798379
2021-09-16,Sierit  / DER AN858 (eobs2561),1,0.984504,0.5,1,50.28236
2021-09-17,Angela / DER AY470 (eobs 4001),1,0.63290876,0.5,1,52.48732
2021-09-17,"Ed + (AAL16, e-obs 7210)",1,0.9756245,0.5,1,186.94069
2021-09-17,Europa / DER A1A26 (eobs 4004),0,0.8293869,0.5,1,14.324684
2021-09-17,Louis / DER AU050 (eobs 3264),1,0.82078433,0.5,1,191.14932
2021-09-17,Sierit  / DER AN858 (eobs2561),1,0.9842471,0.5,1,215.71472
2021-09-18,Angela / DER AY470 (eobs 4001),0,0.76093626,0.5,1,13.394943
2021-09-18,"Ed + (AAL16, e-obs 7210)",1,0.9821062,0.5,1,157.85815
2021-09-18,Europa / DER A1A26 (eobs 4004),0,0.6656497,0.5,1,0.0198458
2021-09-18,Louis / DER AU050 (eobs 3264),1,0.99037397,0.5,1,133.46092
2021-09-18,Sierit  / DER AN858 (eobs2561),1,0.9896487,0.5,1,101.82017
2021-09-19,Angela / DER AY470 (eobs 4001),1,0.5525733,0.5,1,97.22114
2021-09-19,"Ed + (AAL16, e-obs 7210)",1,0.97793216,0.5,1,91.69355
2021-09-19,Europa / DER A1A26 (eobs 4004),0,0.46433946,0.5,0,1.3435622
2021-09-19,Louis / DER AU050 (eobs 3264),1,0.99208635,0.5,1,292.7876
2021-09-19,Sierit  / DER AN858 (eobs2561),1,0.9859504,0.5,1,66.45785
2021-09-20,Angela / DER AY470 (eobs 4001),1,0.7349413,0.5,1,261.36142
2021-09-20,"Ed + (AAL16, e-obs 7210)",1,0.96349126,0.5,1,91.60537
2021-09-20,Europa / DER A1A26 (eobs 4004),0,0.23162697,0.5,0,21.56332
2021-09-20,Louis / DER AU050 (eobs 3264),0,0.9924993,0.5,1,2.1642294
2021-09-20,Sierit  / DER AN858 (eobs2561),1,0.9780392,0.5,1,206.8164
2021-09-21,Angela / DER AY470 (eobs 4001),0,0.7351926,0.5,1,26.770802
2021-09-21,"Ed + (AAL16, e-obs 7210)",1,0.9379816,0.5,1,66.22527
2021-09-21,Europa / DER A1A26 (eobs 4004),0,0.28539518,0.5,0,0.8404736
2021-09-21,Louis / DER AU050 (eobs 3264),1,0.9881414,0.5,1,88.319305
2021-09-21,Sierit  / DER AN858 (eobs2561),0,0.96211684,0.5,1,12.867578
2021-09-22,Angela / DER AY470 (eobs 4001),0,0.66932344,0.5,1,27.217037
2021-09-22,"Ed + (AAL16, e-obs 7210)",1,0.8612403,0.5,1,301.08954
2021-09-22,Europa / DER A1A26 (eobs 4004),0,0.16935576,0.5,0,0.24203715
2021-09-22,Louis / DER AU050 (eobs 3264),1,0.9904405,0.5,1,86.91188
2021-09-22,Sierit  / DER AN858 (eobs2561),0,0.7793798,0.5,1,0.01562597
2021-09-23,Angela / DER AY470 (eobs 4001),1,0.64403635,0.5,1,35.837986
2021-09-23,"Ed + (AAL16, e-obs 7210)",1,0.87892354,0.5,1,66.5512
2021-09-23,Europa / DER A1A26 (eobs 4004),0,0.27754,0.5,0,0.1639872
2021-09-23,Louis / DER AU050 (eobs 3264),1,0.98911405,0.5,1,190.2834
2021-09-23,Sierit  / DER AN858 (eobs2561),0,0.53433424,0.5,1,0.037940174
2021-09-24,Angela / DER AY470 (eobs 4001),0,0.61222863,0.5,1,3.7726688
2021-09-24,"Ed + (AAL16, e-obs 7210)",0,0.81350034,0.5,1,0.4130017
2021-09-24,Europa / DER A1A26 (eobs 4004),0,0.13662313,0.5,0,0.082075976
2021-09-24,Louis / DER AU050 (eobs 3264),0,0.9877351,0.5,1,0.42904627
2021-09-24,Sierit  / DER AN858 (eobs2561),0,0.27666396,0.5,0,0.021184176
2021-09-25,Angela / DER AY470 (eobs 4001),1,0.46595457,0.5,0,37.4017
2021-09-25,"Ed + (AAL16, e-obs 7210)",0,0.5828304,0.5,1,0.20802402
2021-09-25,Europa / DER A1A26 (eobs 4004),0,0.11995883,0.5,0,0.17023385
2021-09-25,Louis / DER AU050 (eobs 3264),0,0.96714574,0.5,1,0.15289795
2021-09-25,Sierit  / DER AN858 (eobs2561),0,0.2439645,0.5,0,0.10811002
2021-09-26,Angela / DER AY470 (eobs 4001),0,0.6131007,0.5,1,5.226178
2021-09-26,"Ed + (AAL16, e-obs 7210)",0,0.38992682,0.5,0,2.5708828
2021-09-26,Europa / DER A1A26 (eobs 4004),0,0.45709604,0.5,0,1.4600403
2021-09-26,Louis / DER AU050 (eobs 3264),0,0.89258355,0.5,1,0.17875265
2021-09-26,Sierit  / DER AN858 (eobs2561),0,0.24033119,0.5,0,0.092216715
2021-09-27,Angela / DER AY470 (eobs 4001),1,0.3799336,0.5,0,93.15172
2021-09-27,"Ed + (AAL16, e-obs 7210)",0,0.35012072,0.5,0,0.044708025
2021-09-27,Europa / DER A1A26 (eobs 4004),0,0.39499283,0.5,0,16.887247
2021-09-27,Louis / DER AU050 (eobs 3264),0,0.27744168,0.5,0,0.13483967
2021-09-27,Sierit  / DER AN858 (eobs2561),0,0.18340805,0.5,0,0.19663581
2021-09-28,Angela / DER AY470 (eobs 4001),0,0.62815714,0.5,1,5.1150274
2021-09-28,"Ed + (AAL16, e-obs 7210)",0,0.30261514,0.5,0,2.653327
2021-09-28,Europa / DER A1A26 (eobs 4004),1,0.89250785,0.5,1,76.45
2021-09-28,Louis / DER AU050 (eobs 3264),0,0.21896754,0.5,0,0.15333313
2021-09-28,Sierit  / DER AN858 (eobs2561),0,0.23003401,0.5,0,4.352156
2021-09-29,Angela / DER AY470 (eobs 4001),0,0.536807,0.5,1,10.006667
2021-09-29,"Ed + (AAL16, e-obs 7210)",0,0.26710933,0.5,0,0.00400551
2021-09-29,Europa / DER A1A26 (eobs 4004),0,0.96784544,0.5,1,24.694977
2021-09-29,Louis / DER AU050 (eobs 3264),0,0.21726453,0.5,0,0.018488385
2021-09-29,Sierit  / DER AN858 (eobs2561),0,0.319068,0.5,0,4.255688
2021-09-30,Angela / DER AY470 (eobs 4001),0,0.5864088,0.5,1,0.34028038
2021-09-30,"Ed + (AAL16, e-obs 7210)",0,0.2694215,0.5,0,0.06033915
2021-09-30,Europa / DER A1A26 (eobs 4004),0,0.91173697,0.5,1,26.304415
2021-09-30,Louis / DER AU050 (eobs 3264),0,0.2294226,0.5,0,0.6543308
2021-09-30,Sierit  / DER AN858 (eobs2561),0,0.24466233,0.5,0,5.313787
2021-10-01,Angela / DER AY470 (eobs 4001),0,0.2593648,0.5,0,1.0821546
2021-10-01,"Ed + (AAL16, e-obs 7210)",0,0.3116267,0.5,0,0.039080337
2021-10-01,Europa / DER A1A26 (eobs 4004),1,0.9399782,0.5,1,208.46672
2021-10-01,Louis / DER AU050 (eobs 3264),0,0.17183898,0.5,0,0.16041209
2021-10-01,Sierit  / DER AN858 (eobs2561),0,0.23521605,0.5,0,3.748089
2021-10-02,Angela / DER AY470 (eobs 4001),0,0.2690006,0.5,0,6.6101165
2021-10-02,"Ed + (AAL16, e-obs 7210)",0,0.27876425,0.5,0,2.9315338
2021-10-02,Europa / DER A1A26 (eobs 4004),1,0.98251814,0.5,1,38.03003
2021-10-02,Louis / DER AU050 (eobs 3264),0,0.24837567,0.5,0,0.09044265
2021-10-02,Sierit  / DER AN858 (eobs2561),0,0.15536378,0.5,0,1.8064123
2021-10-03,Angela / DER AY470 (eobs 4001),0,0.20278779,0.5,0,4.907639
2021-10-03,"Ed + (AAL16, e-obs 7210)",0,0.30036741,0.5,0,6.0018835
2021-10-03,Europa / DER A1A26 (eobs 4004),0,0.9161804,0.5,1,0.1934125
2021-10-03,Louis / DER AU050 (eobs 3264),0,0.23418772,0.5,0,0.53731364
2021-10-03,Sierit  / DER AN858 (eobs2561),0,0.3888709,0.5,0,1.8865314
2021-10-04,Angela / DER AY470 (eobs 4001),0,0.27068913,0.5,0,0.3902108
2021-10-04,"Ed + (AAL16, e-obs 7210)",0,0.342684,0.5,0,2.6111681
2021-10-04,Europa / DER A1A26 (eobs 4004),0,0.392305,0.5,0,5.232947
2021-10-04,Louis / DER AU050 (eobs 3264),0,0.15046442,0.5,0,1.1054984
2021-10-04,Sierit  / DER AN858 (eobs2561),0,0.26233792,0.5,0,0.20239419
2021-10-05,Angela / DER AY470 (eobs 4001),0,0.29875275,0.5,0,3.934836
2021-10-05,"Ed + (AAL16, e-obs 7210)",0,0.24873616,0.5,0,2.8614767
2021-10-05,Europa / DER A1A26 (eobs 4004),0,0.48800042,0.5,0,3.2283156
2021-10-05,Louis / DER AU050 (eobs 3264),0,0.21654062,0.5,0,1.0949353
2021-10-05,Sierit  / DER AN858 (eobs2561),0,0.14377946,0.5,0,0.011339907
2021-10-06,Angela / DER AY470 (eobs 4001),0,0.49636328,0.5,0,4.183551
2021-10-06,"Ed + (AAL16, e-obs 7210)",0,0.3775139,0.5,0,5.9914484
2021-10-06,Europa / DER A1A26 (eobs 4004),0,0.36377087,0.5,0,0.095216915
2021-10-06,Louis / DER AU050 (eobs 3264),0,0.29531172,0.5,0,1.1172156
2021-10-06,Sierit  / DER AN858 (eobs2561),0,0.09522661,0.5,0,5.375244
2021-10-07,Angela / DER AY470 (eobs 4001),0,0.43455818,0.5,0,0.40161505
2021-10-07,"Ed + (AAL16, e-obs 7210)",0,0.22817579,0.5,0,2.9113204
2021-10-07,Europa / DER A1A26 (eobs 4004),0,0.26661843,0.5,0,0.045905188
2021-10-07,Louis / DER AU050 (eobs 3264),0,0.21254207,0.5,0,0.5821312
2021-10-07,Sierit  / DER AN858 (eobs2561),0,0.21521595,0.5,0,0.039354965
2021-10-08,Angela / DER AY470 (eobs 4001),0,0.27775308,0.5,0,1.9177582
2021-10-08,"Ed + (AAL16, e-obs 7210)",0,0.2656515,0.5,0,2.9241755
2021-10-08,Europa / DER A1A26 (eobs 4004),0,0.25378522,0.5,0,0.16186248
2021-10-08,Louis / DER AU050 (eobs 3264),0,0.13199674,0.5,0,0.58053803
2021-10-08,Sierit  / DER AN858 (eobs2561),0,0.12953593,0.5,0,0.114500955
2021-10-09,Angela / DER AY470 (eobs 4001),0,0.48352158,0.5,0,8.261274
2021-10-09,"Ed + (AAL16, e-obs 7210)",0,0.18000606,0.5,0,8.479296
2021-10-09,Europa / DER A1A26 (eobs 4004),0,0.1579961,0.5,0,0.16030826
2021-10-09,Louis / DER AU050 (eobs 3264),0,0.2004543,0.5,0,0.012438214
2021-10-09,Sierit  / DER AN858 (eobs2561),0,0.16237895,0.5,0,0.100131124
2021-10-10,Angela / DER AY470 (eobs 4001),0,0.5299055,0.5,1,1.7770774
2021-10-10,"Ed + (AAL16, e-obs 7210)",1,0.4338196,0.5,0,35.3778
2021-10-10,Europa / DER A1A26 (eobs 4004),0,0.2436291,0.5,0,0.2289495
2021-10-10,Louis / DER AU050 (eobs 3264),0,0.13376093,0.5,0,0.47175318
2021-10-10,Sierit  / DER AN858 (eobs2561),0,0.076932296,0.5,0,0.05213998
2021-10-11,Angela / DER AY470 (eobs 4001),0,0.1888328,0.5,0,2.6656995
2021-10-11,"Ed + (AAL16, e-obs 7210)",1,0.80672634,0.5,1,111.575485
2021-10-11,Europa / DER A1A26 (eobs 4004),0,0.268242,0.5,0,3.5099351
2021-10-11,Louis / DER AU050 (eobs 3264),0,0.20519486,0.5,0,0.4763022
2021-10-11,Sierit  / DER AN858 (eobs2561),0,0.06685328,0.5,0,5.4568486
2021-10-12,Angela / DER AY470 (eobs 4001),0,0.3133742,0.5,0,0.6322778
2021-10-12,"Ed + (AAL16, e-obs 7210)",1,0.92938876,0.5,1,77.21475
2021-10-12,Europa / DER A1A26 (eobs 4004),0,0.16694047,0.5,0,3.1426313
2021-10-12,Louis / DER AU050 (eobs 3264),0,0.2018651,0.5,0,0.015884947
2021-10-12,Sierit  / DER AN858 (eobs2561),0,0.114016846,0.5,0,0.29283023
2021-10-13,Angela / DER AY470 (eobs 4001),0,0.22714853,0.5,0,2.54931
2021-10-13,"Ed + (AAL16, e-obs 7210)",0,0.9465018,0.5,1,0.42965308
2021-10-13,Europa / DER A1A26 (eobs 4004),0,0.19096878,0.5,0,0.18733026
2021-10-13,Louis / DER AU050 (eobs 3264),0,0.13350621,0.5,0,0.055134736
2021-10-13,Sierit  / DER AN858 (eobs2561),0,0.12446913,0.5,0,0.30851534
2021-10-14,Angela / DER AY470 (eobs 4001),0,0.5282914,0.5,1,4.6072545
2021-10-14,"Ed + (AAL16, e-obs 7210)",1,0.5696849,0.5,1,34.17224
2021-10-14,Europa / DER A1A26 (eobs 4004),0,0.24764617,0.5,0,0.29333368
2021-10-14,Louis / DER AU050 (eobs 3264),0,0.31526032,0.5,0,0.5630676
2021-10-14,Sierit  / DER AN858 (eobs2561),0,0.07186822,0.5,0,0.0020857072
2021-10-15,Angela / DER AY470 (eobs 4001),0,0.56565344,0.5,1,0.37939537
2021-10-15,"Ed + (AAL16, e-obs 7210)",1,0.76058143,0.5,1,108.17221
2021-10-15,Europa / DER A1A26 (eobs 4004),0,0.24530366,0.5,0,0.12687524
2021-10-15,Louis / DER AU050 (eobs 3264),0,0.19371596,0.5,0,0.22546339
2021-10-15,Sierit  / DER AN858 (eobs2561),0,0.09182299,0.5,0,0.014628989
2021-10-16,Angela / DER AY470 (eobs 4001),0,0.11844272,0.5,0,0.2626474
2021-10-16,"Ed + (AAL16, e-obs 7210)",0,0.8398969,0.5,1,0.028130261
2021-10-16,Europa / DER A1A26 (eobs 4004),0,0.08205416,0.5,0,0.171894
2021-10-16,Louis / DER AU050 (eobs 3264),0,0.17601733,0.5,0,0.5014057
2021-10-16,Sierit  / DER AN858 (eobs2561),0,0.11510493,0.5,0,0.1635921
2021-10-17,Angela / DER AY470 (eobs 4001),0,0.12656114,0.5,0,6.671925
2021-10-17,"Ed + (AAL16, e-obs 7210)",0,0.54951656,0.5,1,6.7518454
2021-10-17,Europa / DER A1A26 (eobs 4004),0,0.090823434,0.5,0,0.06911817
2021-10-17,Louis / DER AU050 (eobs 3264),0,0.23149857,0.5,0,0.3841602
2021-10-17,Sierit  / DER AN858 (eobs2561),0,0.116593234,0.5,0,0.20727359
2021-10-18,Angela / DER AY470 (eobs 4001),0,0.6339146,0.5,1,3.4420753
2021-10-18,"Ed + (AAL16, e-obs 7210)",1,0.58919233,0.5,1,44.451096
2021-10-18,Europa / DER A1A26 (eobs 4004),0,0.12854509,0.5,0,7.6175394
2021-10-18,Louis / DER AU050 (eobs 3264),0,0.16166626,0.5,0,0.17907928
2021-10-18,Sierit  / DER AN858 (eobs2561),0,0.06832615,0.5,0,0.04257223
2021-10-19,Angela / DER AY470 (eobs 4001),0,0.2541716,0.5,0,1.1799324
2021-10-19,"Ed + (AAL16, e-obs 7210)",0,0.7923771,0.5,1,3.0723412
2021-10-19,Europa / DER A1A26 (eobs 4004),0,0.51162046,0.5,1,0.8083249
2021-10-19,Louis / DER AU050 (eobs 3264),0,0.14489384,0.5,0,0.2043226
2021-10-19,Sierit  / DER AN858 (eobs2561),0,0.073790416,0.5,0,0.028433768
2021-10-20,Angela / DER AY470 (eobs 4001),0,0.26389065,0.5,0,0.21330531
2021-10-20,"Ed + (AAL16, e-obs 7210)",0,0.52307355,0.5,1,26.68896
2021-10-20,Europa / DER A1A26 (eobs 4004),0,0.20621878,0.5,0,2.2168155
2021-10-20,Louis / DER AU050 (eobs 3264),0,0.27003968,0.5,0,0.5246436
2021-10-20,Sierit  / DER AN858 (eobs2561),0,0.059259567,0.5,0,0.022752369
2021-10-21,Angela / DER AY470 (eobs 4001),0,0.18356363,0.5,0,0.71103823
2021-10-21,"Ed + (AAL16, e-obs 7210)",0,0.620135,0.5,1,0.6031861
2021-10-21,Europa / DER A1A26 (eobs 4004),0,0.11798285,0.5,0,1.0083095
2021-10-21,Louis / DER AU050 (eobs 3264),0,0.26505694,0.5,0,0.4731458
2021-10-21,Sierit  / DER AN858 (eobs2561),0,0.0962396,0.5,0,0.03063213
2021-10-22,Angela / DER AY470 (eobs 4001),0,0.07490364,0.5,0,0.44210705
2021-10-22,"Ed + (AAL16, e-obs 7210)",0,0.40829888,0.5,0,0.7865546
2021-10-22,Europa / DER A1A26 (eobs 4004),0,0.08656872,0.5,0,0.4270481
2021-10-22,Louis / DER AU050 (eobs 3264),0,0.510848,0.5,1,0.8638801
2021-10-22,Sierit  / DER AN858 (eobs2561),0,0.04826388,0.5,0,0.017561892
2021-10-23,Angela / DER AY470 (eobs 4001),0,0.2535695,0.5,0,3.817691
2021-10-23,"Ed + (AAL16, e-obs 7210)",0,0.28855118,0.5,0,0.120146975
2021-10-23,Europa / DER A1A26 (eobs 4004),0,0.1582487,0.5,0,8.20505
2021-10-23,Louis / DER AU050 (eobs 3264),0,0.1373643,0.5,0,0.97956157
2021-10-23,Sierit  / DER AN858 (eobs2561),0,0.08549241,0.5,0,0.02387426
2021-10-24,Angela / DER AY470 (eobs 4001),0,0.11985978,0.5,0,4.9925327
2021-10-24,"Ed + (AAL16, e-obs 7210)",0,0.29428294,0.5,0,0.2911016
2021-10-24,Europa / DER A1A26 (eobs 4004),0,0.75048476,0.5,1,3.1387563
2021-10-24,Louis / DER AU050 (eobs 3264),0,0.2624226,0.5,0,0.077992156
2021-10-24,Sierit  / DER AN858 (eobs2561),0,0.108786166,0.5,0,5.1996746
2021-10-25,Angela / DER AY470 (eobs 4001),0,0.1737239,0.5,0,0.9192408
2021-10-25,"Ed + (AAL16, e-obs 7210)",0,0.29721758,0.5,0,0.19943133
2021-10-25,Europa / DER A1A26 (eobs 4004),0,0.25575513,0.5,0,0.07311086
2021-10-25,Louis / DER AU050 (eobs 3264),0,0.20492838,0.5,0,0.017163489
2021-10-25,Sierit  / DER AN858 (eobs2561),0,0.24872535,0.5,0,5.1961393
2021-10-26,Angela / DER AY470 (eobs 4001),0,0.36791474,0.5,0,0.6942906
2021-10-26,"Ed + (AAL16, e-obs 7210)",0,0.22946912,0.5,0,0.5451769
2021-10-26,Europa / DER A1A26 (eobs 4004),0,0.211362,0.5,0,0.3662775
2021-10-26,Louis / DER AU050 (eobs 3264),0,0.1605175,0.5,0,0.029816588
2021-10-26,Sierit  / DER AN858 (eobs2561),0,0.06087569,0.5,0,2.78998
2021-10-27,Angela / DER AY470 (eobs 4001),0,0.14473294,0.5,0,0.40535623
2021-10-27,"Ed + (AAL16, e-obs 7210)",0,0.3089952,0.5,0,0.5624515
2021-10-27,Europa / DER A1A26 (eobs 4004),0,0.050234515,0.5,0,0.40497297
2021-10-27,Louis / DER AU050 (eobs 3264),0,0.20679854,0.5,0,0.48242635
2021-10-27,Sierit  / DER AN858 (eobs2561),0,0.093496814,0.5,0,2.79294
2021-10-28,Angela / DER AY470 (eobs 4001),0,0.30036196,0.5,0,0.41300395
2021-10-28,"Ed + (AAL16, e-obs 7210)",0,0.23153624,0.5,0,3.945123
2021-10-28,Europa / DER A1A26 (eobs 4004),0,0.12592106,0.5,0,0.19457458
2021-10-28,Louis / DER AU050 (eobs 3264),0,0.2129391,0.5,0,0.71137893
2021-10-28,Sierit  / DER AN858 (eobs2561),0,0.045147974,0.5,0,0.0060279127
2021-10-29,Angela / DER AY470 (eobs 4001),0,0.4499789,0.5,0,0.3642674
2021-10-29,"Ed + (AAL16, e-obs 7210)",0,0.27092308,0.5,0,4.9620266
2021-10-29,Europa / DER A1A26 (eobs 4004),0,0.12975395,0.5,0,6.6626015
2021-10-29,Louis / DER AU050 (eobs 3264),0,0.17930628,0.5,0,0.44881675
2021-10-29,Sierit  / DER AN858 (eobs2561),0,0.050548658,0.5,0,5.5130076
2021-10-30,Angela / DER AY470 (eobs 4001),0,0.10264543,0.5,0,0.5976834
2021-10-30,"Ed + (AAL16, e-obs 7210)",0,0.49790016,0.5,0,0.57112414
2021-10-30,Europa / DER A1A26 (eobs 4004),0,0.52581847,0.5,1,9.875549
2021-10-30,Louis / DER AU050 (eobs 3264),0,0.5279757,0.5,1,0.48978877
2021-10-30,Sierit  / DER AN858 (eobs2561),0,0.12441955,0.5,0,0.7439245
2021-10-31,Angela / DER AY470 (eobs 4001),0,0.09456679,0.5,0,0.5132306
2021-10-31,"Ed + (AAL16, e-obs 7210)",0,0.39625862,0.5,0,0.6841221
2021-10-31,Europa / DER A1A26 (eobs 4004),0,0.70099765,0.5,1,5.9384594
2021-10-31,Louis / DER AU050 (eobs 3264),0,0.21325473,0.5,0,0.6761791
2021-10-31,Sierit  / DER AN858 (eobs2561),0,0.08705659,0.5,0,0.025916224
2021-11-01,Angela / DER AY470 (eobs 4001),0,0.23701887,0.5,0,0.14018613
2021-11-01,"Ed + (AAL16, e-obs 7210)",0,0.34847155,0.5,0,7.9106402
2021-11-01,Europa / DER A1A26 (eobs 4004),0,0.3055678,0.5,0,0.0064747115
2021-11-01,Louis / DER AU050 (eobs 3264),0,0.5116237,0.5,1,0.60867715
2021-11-01,Sierit  / DER AN858 (eobs2561),0,0.05757343,0.5,0,6.0521283
2021-11-02,Angela / DER AY470 (eobs 4001),0,0.09460099,0.5,0,0.33487198
2021-11-02,"Ed + (AAL16, e-obs 7210)",0,0.3978441,0.5,0,0.12514307
2021-11-02,Europa / DER A1A26 (eobs 4004),0,0.08546648,0.5,0,0.040410653
2021-11-02,Louis / DER AU050 (eobs 3264),0,0.10520225,0.5,0,0.05763212
2021-11-02,Sierit  / DER AN858 (eobs2561),0,0.06854515,0.5,0,0.13860232
2021-11-03,Angela / DER AY470 (eobs 4001),0,0.19420151,0.5,0,1.7033008
2021-11-03,"Ed + (AAL16, e-obs 7210)",0,0.40457672,0.5,0,0.19002093
2021-11-03,Europa / DER A1A26 (eobs 4004),0,0.07010385,0.5,0,0.034721166
2021-11-03,Louis / DER AU050 (eobs 3264),0,0.2034847,0.5,0,0.26560953
2021-11-03,Sierit  / DER AN858 (eobs2561),0,0.048262425,0.5,0,0.20390041
2021-11-04,Angela / DER AY470 (eobs 4001),0,0.24895251,0.5,0,9.449544
2021-11-04,"Ed + (AAL16, e-obs 7210)",0,0.45612532,0.5,0,5.3814263
2021-11-04,Europa / DER A1A26 (eobs 4004),0,0.05785975,0.5,0,3.0824177
2021-11-04,Louis / DER AU050 (eobs 3264),0,0.24816975,0.5,0,0.11704492
2021-11-04,Sierit  / DER AN858 (eobs2561),0,0.0760765,0.5,0,0.19700293
2021-11-05,Angela / DER AY470 (eobs 4001),0,0.45356116,0.5,0,16.077393
2021-11-05,"Ed + (AAL16, e-obs 7210)",0,0.33465108,0.5,0,1.9892833
2021-11-05,Europa / DER A1A26 (eobs 4004),0,0.055151746,0.5,0,0.06956194
2021-11-05,Louis / DER AU050 (eobs 3264),0,0.18363991,0.5,0,0.55171835
2021-11-05,Sierit  / DER AN858 (eobs2561),0,0.042431556,0.5,0,0.037201963
2021-11-06,Angela / DER AY470 (eobs 4001),0,0.5826556,0.5,1,0.2387016
2021-11-06,"Ed + (AAL16, e-obs 7210)",0,0.49938753,0.5,0,6.079938
2021-11-06,Europa / DER A1A26 (eobs 4004),0,0.06088284,0.5,0,0.08565905
2021-11-06,Louis / DER AU050 (eobs 3264),0,0.13957553,0.5,0,0.775325
2021-11-06,Sierit  / DER AN858 (eobs2561),0,0.07159708,0.5,0,0.20685558
2021-11-07,Angela / DER AY470 (eobs 4001),0,0.45588845,0.5,0,0.10582324
2021-11-07,"Ed + (AAL16, e-obs 7210)",0,0.50219685,0.5,1,7.6920037
2021-11-07,Europa / DER A1A26 (eobs 4004),0,0.0654186,0.5,0,7.0159526
2021-11-07,Louis / DER AU050 (eobs 3264),0,0.1192959,0.5,0,0.6724081
2021-11-07,Sierit  / DER AN858 (eobs2561),0,0.057344045,0.5,0,5.8846273
2021-11-08,Angela / DER AY470 (eobs 4001),0,0.4077209,0.5,0,0.064944744
2021-11-08,"Ed + (AAL16, e-obs 7210)",0,0.5720042,0.5,1,7.339819
2021-11-08,Europa / DER A1A26 (eobs 4004),0,0.21175444,0.5,0,1.3833815
2021-11-08,Louis / DER AU050 (eobs 3264),0,0.17313306,0.5,0,1.2862917
2021-11-08,Sierit  / DER AN858 (eobs2561),0,0.28788877,0.5,0,0.5659935
2021-11-09,Angela / DER AY470 (eobs 4001),0,0.19211651,0.5,0,0.081328504
2021-11-09,"Ed + (AAL16, e-obs 7210)",0,0.58244973,0.5,1,1.6720436
2021-11-09,Europa / DER A1A26 (eobs 4004),0,0.15934387,0.5,0,5.800771
2021-11-09,Louis / DER AU050 (eobs 3264),0,0.13639385,0.5,0,0.013858133
2021-11-09,Sierit  / DER AN858 (eobs2561),0,0.052283883,0.5,0,5.524
2021-11-10,Angela / DER AY470 (eobs 4001),0,0.21759515,0.5,0,0.10999312
2021-11-10,"Ed + (AAL16, e-obs 7210)",0,0.4986938,0.5,0,8.237499
2021-11-10,Europa / DER A1A26 (eobs 4004),0,0.055246547,0.5,0,2.575967
2021-11-10,Louis / DER AU050 (eobs 3264),0,0.17806011,0.5,0,1.2967801
2021-11-10,Sierit  / DER AN858 (eobs2561),0,0.066406816,0.5,0,4.9820533
2021-11-11,Angela / DER AY470 (eobs 4001),0,0.29607588,0.5,0,0.14194717
2021-11-11,"Ed + (AAL16, e-obs 7210)",0,0.56962246,0.5,1,0.16150384
2021-11-11,Europa / DER A1A26 (eobs 4004),0,0.055280004,0.5,0,3.3066163
2021-11-11,Louis / DER AU050 (eobs 3264),0,0.15814643,0.5,0,1.0354911
2021-11-11,Sierit  / DER AN858 (eobs2561),0,0.08701635,0.5,0,2.5771794
2021-11-12,Angela / DER AY470 (eobs 4001),0,0.10335068,0.5,0,0.061494198
2021-11-12,"Ed + (AAL16, e-obs 7210)",0,0.47178665,0.5,0,0.54006726
2021-11-12,Europa / DER A1A26 (eobs 4004),0,0.07208154,0.5,0,3.3041394
2021-11-12,Louis / DER AU050 (eobs 3264),0,0.12328014,0.5,0,0.2685425
2021-11-12,Sierit  / DER AN858 (eobs2561),0,0.17686377,0.5,0,0.0070431144
2021-11-13,Angela / DER AY470 (eobs 4001),0,0.36824918,0.5,0,0.062181063
2021-11-13,"Ed + (AAL16, e-obs 7210)",0,0.38327846,0.5,0,0.68302286
2021-11-13,Europa / DER A1A26 (eobs 4004),0,0.06706931,0.5,0,13.664598
2021-11-13,Louis / DER AU050 (eobs 3264),0,0.10943384,0.5,0,0.14772956
2021-11-13,Sierit  / DER AN858 (eobs2561),0,0.09722455,0.5,0,0.017877828
2021-11-14,Angela / DER AY470 (eobs 4001),0,0.14597325,0.5,0,0.0036064533
2021-11-14,"Ed + (AAL16, e-obs 7210)",0,0.2024517,0.5,0,0.022318022
2021-11-14,Europa / DER A1A26 (eobs 4004),0,0.5208756,0.5,1,1.3398452
2021-11-14,Louis / DER AU050 (eobs 3264),0,0.09938594,0.5,0,0.6401198
2021-11-14,Sierit  / DER AN858 (eobs2561),0,0.078742206,0.5,0,0.004625628
2021-11-15,Angela / DER AY470 (eobs 4001),0,0.38032052,0.5,0,0.07312759
2021-11-15,"Ed + (AAL16, e-obs 7210)",0,0.45971605,0.5,0,0.0038858312
2021-11-15,Europa / DER A1A26 (eobs 4004),0,0.27089858,0.5,0,7.1507955
2021-11-15,Louis / DER AU050 (eobs 3264),0,0.17369893,0.5,0,0.6527994
2021-11-15,Sierit  / DER AN858 (eobs2561),0,0.08331743,0.5,0,0.00520977
2021-11-16,Angela / DER AY470 (eobs 4001),0,0.25882748,0.5,0,8.391803
2021-11-16,"Ed + (AAL16, e-obs 7210)",0,0.15426601,0.5,0,1.4938662
2021-11-16,Europa / DER A1A26 (eobs 4004),0,0.49260604,0.5,0,0.11092278
2021-11-16,Louis / DER AU050 (eobs 3264),0,0.24848181,0.5,0,0.6138074
2021-11-16,Sierit  / DER AN858 (eobs2561),0,0.09290512,0.5,0,5.793946
2021-11-17,Angela / DER AY470 (eobs 4001),0,0.6016828,0.5,1,8.645005
2021-11-17,"Ed + (AAL16, e-obs 7210)",0,0.17182574,0.5,0,1.4654425
2021-11-17,Europa / DER A1A26 (eobs 4004),0,0.2910744,0.5,0,0.08312205
2021-11-17,Louis / DER AU050 (eobs 3264),0,0.10874011,0.5,0,0.029957065
2021-11-17,Sierit  / DER AN858 (eobs2561),0,0.049664024,0.5,0,0.03464317
2021-11-18,Angela / DER AY470 (eobs 4001),0,0.5020932,0.5,1,0.3609992
2021-11-18,"Ed + (AAL16, e-obs 7210)",0,0.3507988,0.5,0,0.10513765
2021-11-18,Europa / DER A1A26 (eobs 4004),0,0.24660552,0.5,0,5.860239
2021-11-18,Louis / DER AU050 (eobs 3264),0,0.0897654,0.5,0,0.10165449
2021-11-18,Sierit  / DER AN858 (eobs2561),0,0.08876354,0.5,0,0.01639874
2021-11-19,Angela / DER AY470 (eobs 4001),0,0.24430525,0.5,0,0.15415424
2021-11-19,"Ed + (AAL16, e-obs 7210)",0,0.3044606,0.5,0,0.2136962
2021-11-19,Europa / DER A1A26 (eobs 4004),0,0.39575166,0.5,0,1.6258845
2021-11-19,Louis / DER AU050 (eobs 3264),0,0.17803396,0.5,0,0.20216304
2021-11-19,Sierit  / DER AN858 (eobs2561),0,0.049332283,0.5,0,0.015242211
2021-11-20,Angela / DER AY470 (eobs 4001),0,0.34815782,0.5,0,0.07168364
2021-11-20,"Ed + (AAL16, e-obs 7210)",0,0.43724617,0.5,0,0.05755063
2021-11-20,Europa / DER A1A26 (eobs 4004),0,0.19421081,0.5,0,0.13263825
2021-11-20,Louis / DER AU050 (eobs 3264),0,0.13794252,0.5,0,0.8338525
2021-11-20,Sierit  / DER AN858 (eobs2561),0,0.052605655,0.5,0,5.833233
2021-11-21,Angela / DER AY470 (eobs 4001),0,0.12868083,0.5,0,0.07181766
2021-11-21,"Ed + (AAL16, e-obs 7210)",0,0.41369256,0.5,0,0.1383601
2021-11-21,Europa / DER A1A26 (eobs 4004),0,0.2522129,0.5,0,7.0392184
2021-11-21,Louis / DER AU050 (eobs 3264),0,0.13235874,0.5,0,0.6992246
2021-11-21,Sierit  / DER AN858 (eobs2561),0,0.13524605,0.5,0,0.017966196
2021-11-22,Angela / DER AY470 (eobs 4001),0,0.29668024,0.5,0,0.021005401
2021-11-22,"Ed + (AAL16, e-obs 7210)",0,0.35157776,0.5,0,7.5501733
2021-11-22,Europa / DER A1A26 (eobs 4004),0,0.45131928,0.5,0,4.805337
2021-11-22,Louis / DER AU050 (eobs 3264),0,0.12082412,0.5,0,0.6920851
2021-11-22,Sierit  / DER AN858 (eobs2561),0,0.04780918,0.5,0,0.010373164
2021-11-23,Angela / DER AY470 (eobs 4001),0,0.094428375,0.5,0,0.19751658
2021-11-23,"Ed + (AAL16, e-obs 7210)",0,0.5350187,0.5,1,7.192826
2021-11-23,Europa / DER A1A26 (eobs 4004),0,0.26086125,0.5,0,14.757829
2021-11-23,Louis / DER AU050 (eobs 3264),0,0.12531275,0.5,0,0.88182724
2021-11-23,Sierit  / DER AN858 (eobs2561),0,0.062649444,0.5,0,5.7385035
2021-11-24,Angela / DER AY470 (eobs 4001),0,0.3068635,0.5,0,8.664485
2021-11-24,"Ed + (AAL16, e-obs 7210)",0,0.5121337,0.5,1,0.58198935
2021-11-24,Europa / DER A1A26 (eobs 4004),0,0.48446363,0.5,0,0.0076360875
2021-11-24,Louis / DER AU050 (eobs 3264),0,0.15664522,0.5,0,0.011002328
2021-11-24,Sierit  / DER AN858 (eobs2561),0,0.0944318,0.5,0,4.6212835
2021-11-25,Angela / DER AY470 (eobs 4001),0,0.5553509,0.5,1,8.873549
2021-11-25,"Ed + (AAL16, e-obs 7210)",0,0.38907337,0.5,0,0.100206554
2021-11-25,Europa / DER A1A26 (eobs 4004),0,0.30714735,0.5,0,1.2534872
2021-11-25,Louis / DER AU050 (eobs 3264),0,0.13116162,0.5,0,0.8317942
2021-11-25,Sierit  / DER AN858 (eobs2561),0,0.05618929,0.5,0,1.9052883
2021-11-26,Angela / DER AY470 (eobs 4001),0,0.48325995,0.5,0,0.3189622
2021-11-26,"Ed + (AAL16, e-obs 7210)",0,0.39643285,0.5,0,0.52317804
2021-11-26,Europa / DER A1A26 (eobs 4004),0,0.3747133,0.5,0,12.873242
2021-11-26,Louis / DER AU050 (eobs 3264),0,0.09747548,0.5,0,0.8212494
2021-11-26,Sierit  / DER AN858 (eobs2561),0,0.05739779,0.5,0,0.5495118
2021-11-27,Angela / DER AY470 (eobs 4001),0,0.33362928,0.5,0,8.497157
2021-11-27,"Ed + (AAL16, e-obs 7210)",0,0.19384284,0.5,0,0.2066007
2021-11-27,Europa / DER A1A26 (eobs 4004),0,0.50518656,0.5,1,11.890416
2021-11-27,Louis / DER AU050 (eobs 3264),0,0.12756334,0.5,0,1.5533768
2021-11-27,Sierit  / DER AN858 (eobs2561),0,0.07130415,0.5,0,2.0426009
2021-11-28,Angela / DER AY470 (eobs 4001),0,0.58232015,0.5,1,0.581272
2021-11-28,"Ed + (AAL16, e-obs 7210)",0,0.26943427,0.5,0,18.79178
2021-11-28,Europa / DER A1A26 (eobs 4004),0,0.41137767,0.5,0,14.052992
2021-11-28,Louis / DER AU050 (eobs 3264),0,0.10851724,0.5,0,4.1077957
2021-11-28,Sierit  / DER AN858 (eobs2561),0,0.061378714,0.5,0,2.2109916
2021-11-29,Angela / DER AY470 (eobs 4001),0,0.2853048,0.5,0,8.941199
2021-11-29,"Ed + (AAL16, e-obs 7210)",0,0.7163947,0.5,1,29.809536
2021-11-29,Europa / DER A1A26 (eobs 4004),0,0.5064678,0.5,1,4.110545
2021-11-29,Louis / DER AU050 (eobs 3264),0,0.35161352,0.5,0,4.083671
2021-11-29,Sierit  / DER AN858 (eobs2561),0,0.12616734,0.5,0,7.8996015
2021-11-30,Angela / DER AY470 (eobs 4001),0,0.49054053,0.5,0,0.88680494
2021-11-30,"Ed + (AAL16, e-obs 7210)",0,0.71470386,0.5,1,0.014836833
2021-11-30,Europa / DER A1A26 (eobs 4004),0,0.38293222,0.5,0,8.688307
2021-11-30,Louis / DER AU050 (eobs 3264),0,0.08994142,0.5,0,0.026846636
2021-11-30,Sierit  / DER AN858 (eobs2561),0,0.059619006,0.5,0,5.750991
2021-12-01,Angela / DER AY470 (eobs 4001),0,0.39658242,0.5,0,9.194316
2021-12-01,"Ed + (AAL16, e-obs 7210)",0,0.65695035,0.5,1,0.12680684
2021-12-01,Europa / DER A1A26 (eobs 4004),0,0.43279564,0.5,0,1.7902683
2021-12-01,Sierit  / DER AN858 (eobs2561),0,0.100829005,0.5,0,2.758528
2021-12-02,Angela / DER AY470 (eobs 4001),0,0.46288186,0.5,0,9.255676
2021-12-02,"Ed + (AAL16, e-obs 7210)",0,0.49165115,0.5,0,0.05885221
2021-12-02,Europa / DER A1A26 (eobs 4004),0,0.22027695,0.5,0,8.415055
2021-12-02,Sierit  / DER AN858 (eobs2561),0,0.054469302,0.5,0,3.1848936
2021-12-03,Angela / DER AY470 (eobs 4001),0,0.33911058,0.5,0,9.307911
2021-12-03,"Ed + (AAL16, e-obs 7210)",0,0.49457517,0.5,0,0.027199188
2021-12-03,Europa / DER A1A26 (eobs 4004),0,0.3339782,0.5,0,6.938135
2021-12-03,Sierit  / DER AN858 (eobs2561),0,0.056794707,0.5,0,6.231385
2021-12-04,"Ed + (AAL16, e-obs 7210)",0,0.36996213,0.5,0,0.07309327
2021-12-04,Europa / DER A1A26 (eobs 4004),0,0.26224136,0.5,0,2.1676369
2021-12-04,Sierit  / DER AN858 (eobs2561),0,0.092484206,0.5,0,1.5410664
2021-12-05,"Ed + (AAL16, e-obs 7210)",1,0.46773165,0.5,0,38.41535
2021-12-05,Europa / DER A1A26 (eobs 4004),0,0.2527774,0.5,0,9.897474
2021-12-05,Sierit  / DER AN858 (eobs2561),0,0.07947558,0.5,0,0.01639421
2021-12-06,"Ed + (AAL16, e-obs 7210)",0,0.73715234,0.5,1,6.974833
2021-12-06,Europa / DER A1A26 (eobs 4004),0,0.3473022,0.5,0,4.412618
2021-12-06,Sierit  / DER AN858 (eobs2561),0,0.05148301,0.5,0,0.05964574
2021-12-07,"Ed + (AAL16, e-obs 7210)",0,0.61278456,0.5,1,0.8022453
2021-12-07,Europa / DER A1A26 (eobs 4004),0,0.28586242,0.5,0,0.046932478
2021-12-07,Sierit  / DER AN858 (eobs2561),0,0.06909583,0.5,0,1.7215265
2021-12-08,"Ed + (AAL16, e-obs 7210)",0,0.55918276,0.5,1,0.031112377
2021-12-08,Europa / DER A1A26 (eobs 4004),0,0.14620565,0.5,0,0.06381012
2021-12-08,Sierit  / DER AN858 (eobs2561),0,0.05628558,0.5,0,0.6149232
2021-12-09,"Ed + (AAL16, e-obs 7210)",0,0.40657735,0.5,0,0.0068724533
2021-12-09,Europa / DER A1A26 (eobs 4004),0,0.10088419,0.5,0,6.022703
2021-12-09,Sierit  / DER AN858 (eobs2561),0,0.082859516,0.5,0,2.3552437
2021-12-10,"Ed + (AAL16, e-obs 7210)",0,0.3909174,0.5,0,8.361338
2021-12-10,Europa / DER A1A26 (eobs 4004),0,0.09896335,0.5,0,9.788819
2021-12-10,Sierit  / DER AN858 (eobs2561),0,0.058258068,0.5,0,0.46378702
2021-12-11,"Ed + (AAL16, e-obs 7210)",0,0.5265132,0.5,1,0.1025608
2021-12-11,Europa / DER A1A26 (eobs 4004),0,0.16674127,0.5,0,4.3508286
2021-12-11,Sierit  / DER AN858 (eobs2561),0,0.05369278,0.5,0,2.8140428
2021-12-12,"Ed + (AAL16, e-obs 7210)",0,0.33279502,0.5,0,0.37814945
2021-12-12,Europa / DER A1A26 (eobs 4004),0,0.19485866,0.5,0,8.627375
2021-12-12,Louis / DER AU050 (eobs 3264),0,0.114593394,0.5,0,0.77917194
2021-12-12,Sierit  / DER AN858 (eobs2561),0,0.100315824,0.5,0,2.036191
2021-12-13,"Ed + (AAL16, e-obs 7210)",0,0.39026248,0.5,0,0.43262073
2021-12-13,Europa / DER A1A26 (eobs 4004),0,0.28193933,0.5,0,4.1316643
2021-12-13,Louis / DER AU050 (eobs 3264),0,0.10755241,0.5,0,0.0061989734
2021-12-13,Sierit  / DER AN858 (eobs2561),0,0.076894164,0.5,0,1.7379061
2021-12-14,"Ed + (AAL16, e-obs 7210)",0,0.2521163,0.5,0,14.776154
2021-12-14,Europa / DER A1A26 (eobs 4004),0,0.19078213,0.5,0,14.31454
2021-12-14,Sierit  / DER AN858 (eobs2561),0,0.10762652,0.5,0,0.3296512
2021-12-15,"Ed + (AAL16, e-obs 7210)",1,0.6413612,0.5,1,33.100163
2021-12-15,Europa / DER A1A26 (eobs 4004),0,0.2560677,0.5,0,14.070197
2021-12-15,Sierit  / DER AN858 (eobs2561),0,0.101399705,0.5,0,0.023441292
2021-12-16,"Ed + (AAL16, e-obs 7210)",0,0.6709864,0.5,1,0.03861766
2021-12-16,Europa / DER A1A26 (eobs 4004),0,0.34999442,0.5,0,1.1569728
2021-12-16,Sierit  / DER AN858 (eobs2561),0,0.08172476,0.5,0,0.020130347
2021-12-17,"Ed + (AAL16, e-obs 7210)",0,0.51959085,0.5,1,0.12663935
2021-12-17,Europa / DER A1A26 (eobs 4004),0,0.24729073,0.5,0,1.3109632
2021-12-17,Sierit  / DER AN858 (eobs2561),0,0.07675087,0.5,0,7.795513
2021-12-18,"Ed + (AAL16, e-obs 7210)",0,0.5099679,0.5,1,0.04160899
2021-12-18,Europa / DER A1A26 (eobs 4004),0,0.23727296,0.5,0,0.70604455
2021-12-18,Sierit  / DER AN858 (eobs2561),0,0.061871767,0.5,0,0.016947057
2021-12-19,"Ed + (AAL16, e-obs 7210)",0,0.37941423,0.5,0,0.028630054
2021-12-19,Europa / DER A1A26 (eobs 4004),0,0.07609358,0.5,0,0.7241387
2021-12-20,"Ed + (AAL16, e-obs 7210)",0,0.39387745,0.5,0,0.018660162
2021-12-20,Europa / DER A1A26 (eobs 4004),0,0.11235347,0.5,0,1.6719937
2021-12-21,"Ed + (AAL16, e-obs 7210)",0,0.3053675,0.5,0,0.03458866
2021-12-21,Europa / DER A1A26 (eobs 4004),0,0.08296234,0.5,0,4.0282354
2021-12-22,"Ed + (AAL16, e-obs 7210)",0,0.34215206,0.5,0,0.024191558
2021-12-22,Europa / DER A1A26 (eobs 4004),0,0.18106171,0.5,0,5.0934963
2021-12-23,"Ed + (AAL16, e-obs 7210)",0,0.32736608,0.5,0,0.048608717
2021-12-23,Europa / DER A1A26 (eobs 4004),0,0.13664693,0.5,0,1.4405906
2021-12-24,Europa / DER A1A26 (eobs 4004),0,0.097878285,0.5,0,6.1918306
2021-12-25,Europa / DER A1A26 (eobs 4004),0,0.19343153,0.5,0,7.0769367
2021-12-26,Europa / DER A1A26 (eobs 4004),0,0.15940891,0.5,0,3.0275865
2021-12-27,Europa / DER A1A26 (eobs 4004),0,0.13015196,0.5,0,2.8940406
2021-12-28,Europa / DER A1A26 (eobs 4004),0,0.109509625,0.5,0,1.6576929
2021-12-29,Europa / DER A1A26 (eobs 4004),0,0.16593748,0.5,0,0.5952469
2021-12-30,Europa / DER A1A26 (eobs 4004),0,0.05194997,0.5,0,0.61469203
2021-12-31,Europa / DER A1A26 (eobs 4004),0,0.08940014,0.5,0,2.7749054
2022-09-11,Angela / DER AY470 (eobs 4001),0,0.23531534,0.5,0,0.079758376
2022-09-11,Europa / DER A1A26 (eobs 4004),0,0.66737443,0.5,1,26.486069
2022-09-11,Louis / DER AU050 (eobs 3264),0,0.3666146,0.5,0,0.45622462
2022-09-12,Angela / DER AY470 (eobs 4001),0,0.19524303,0.5,0,1.0461183
2022-09-12,Europa / DER A1A26 (eobs 4004),1,0.980753,0.5,1,254.53513
2022-09-12,Louis / DER AU050 (eobs 3264),0,0.3546069,0.5,0,0.15969858
2022-09-13,Angela / DER AY470 (eobs 4001),0,0.3188939,0.5,0,0.17085764
2022-09-13,Europa / DER A1A26 (eobs 4004),1,0.99258035,0.5,1,78.81296
2022-09-13,Louis / DER AU050 (eobs 3264),0,0.3210491,0.5,0,0.13204072
2022-09-14,Angela / DER AY470 (eobs 4001),0,0.15825221,0.5,0,0.061947763
2022-09-14,Europa / DER A1A26 (eobs 4004),0,0.9918921,0.5,1,10.132805
2022-09-14,Louis / DER AU050 (eobs 3264),0,0.38552654,0.5,0,0.72293913
2022-09-15,Angela / DER AY470 (eobs 4001),0,0.25172865,0.5,0,27.6254
2022-09-15,Europa / DER A1A26 (eobs 4004),1,0.986932,0.5,1,93.21169
2022-09-15,Louis / DER AU050 (eobs 3264),0,0.61193436,0.5,1,0.42200044
2022-09-16,Angela / DER AY470 (eobs 4001),0,0.9166993,0.5,1,11.905265
2022-09-16,Europa / DER A1A26 (eobs 4004),1,0.99045545,0.5,1,63.24101
2022-09-16,Louis / DER AU050 (eobs 3264),0,0.4009405,0.5,0,0.12259513
2022-09-17,Angela / DER AY470 (eobs 4001),0,0.7761245,0.5,1,3.0085404
2022-09-17,Europa / DER A1A26 (eobs 4004),1,0.98840487,0.5,1,172.5163
2022-09-17,Louis / DER AU050 (eobs 3264),0,0.44267854,0.5,0,0.539522
2022-09-18,Angela / DER AY470 (eobs 4001),0,0.45464274,0.5,0,0.06329525
2022-09-18,Europa / DER A1A26 (eobs 4004),1,0.9903784,0.5,1,188.38208
2022-09-18,Louis / DER AU050 (eobs 3264),0,0.37246755,0.5,0,0.4693443
2022-09-19,Angela / DER AY470 (eobs 4001),0,0.5146055,0.5,1,0.22400431
2022-09-19,Europa / DER A1A26 (eobs 4004),1,0.98910284,0.5,1,104.39005
2022-09-19,Louis / DER AU050 (eobs 3264),0,0.31569532,0.5,0,0.61787087
2022-09-20,Angela / DER AY470 (eobs 4001),0,0.25970414,0.5,0,2.475889
2022-09-20,Europa / DER A1A26 (eobs 4004),0,0.98465204,0.5,1,0.51000255
2022-09-20,Louis / DER AU050 (eobs 3264),0,0.43415135,0.5,0,0.20403267
2022-09-21,Angela / DER AY470 (eobs 4001),0,0.26485914,0.5,0,2.3869326
2022-09-21,Europa / DER A1A26 (eobs 4004),0,0.6631614,0.5,1,5.227105
2022-09-21,Louis / DER AU050 (eobs 3264),0,0.29525086,0.5,0,0.6327675
2022-09-22,Angela / DER AY470 (eobs 4001),0,0.32125425,0.5,0,2.8823466
2022-09-22,Europa / DER A1A26 (eobs 4004),0,0.44741017,0.5,0,6.70246
2022-09-22,Louis / DER AU050 (eobs 3264),0,0.5146968,0.5,1,0.5620198
2022-09-23,Angela / DER AY470 (eobs 4001),0,0.18828714,0.5,0,2.9643197
2022-09-23,Europa / DER A1A26 (eobs 4004),1,0.30924454,0.5,0,254.64507
2022-09-23,Louis / DER AU050 (eobs 3264),0,0.34132594,0.5,0,0.6888004
2022-09-24,Angela / DER AY470 (eobs 4001),0,0.30685,0.5,0,2.9558094
2022-09-24,Europa / DER A1A26 (eobs 4004),0,0.39552528,0.5,0,15.874588
2022-09-24,Louis / DER AU050 (eobs 3264),0,0.34671378,0.5,0,0.91697294
2022-09-25,Angela / DER AY470 (eobs 4001),0,0.2657508,0.5,0,1.6003056
2022-09-25,Europa / DER A1A26 (eobs 4004),1,0.38328087,0.5,0,52.24006
2022-09-25,Louis / DER AU050 (eobs 3264),0,0.38325468,0.5,0,0.30827552
2022-09-26,Angela / DER AY470 (eobs 4001),0,0.19465895,0.5,0,1.7452918
2022-09-26,Europa / DER A1A26 (eobs 4004),0,0.5120178,0.5,1,16.064808
2022-09-26,Louis / DER AU050 (eobs 3264),0,0.34324983,0.5,0,0.072279364
2022-09-27,Angela / DER AY470 (eobs 4001),0,0.3322685,0.5,0,0.07597467
2022-09-27,Europa / DER A1A26 (eobs 4004),0,0.4501587,0.5,0,0.053488355
2022-09-27,Louis / DER AU050 (eobs 3264),0,0.59965116,0.5,1,0.29821277
2022-09-28,Angela / DER AY470 (eobs 4001),0,0.17080812,0.5,0,0.034871653
2022-09-28,Europa / DER A1A26 (eobs 4004),0,0.3214853,0.5,0,0.08048585
2022-09-28,Louis / DER AU050 (eobs 3264),0,0.46843582,0.5,0,0.28415862
2022-09-29,Angela / DER AY470 (eobs 4001),0,0.12928466,0.5,0,0.019562498
2022-09-29,Europa / DER A1A26 (eobs 4004),0,0.24626565,0.5,0,0.048539326
2022-09-29,Louis / DER AU050 (eobs 3264),0,0.40704647,0.5,0,0.062680274
2022-09-30,Angela / DER AY470 (eobs 4001),0,0.112625904,0.5,0,0.007281741
2022-09-30,Europa / DER A1A26 (eobs 4004),0,0.20844617,0.5,0,0.023235692
2022-09-30,Louis / DER AU050 (eobs 3264),0,0.56243783,0.5,1,0.086151816
2022-10-01,Angela / DER AY470 (eobs 4001),0,0.16829625,0.5,0,2.265682
2022-10-01,Europa / DER A1A26 (eobs 4004),0,0.24464703,0.5,0,0.041536424
2022-10-01,Louis / DER AU050 (eobs 3264),0,0.49322402,0.5,0,0.020807263
2022-10-02,Angela / DER AY470 (eobs 4001),0,0.22277747,0.5,0,0.5695768
2022-10-02,Europa / DER A1A26 (eobs 4004),0,0.16992642,0.5,0,0.04430339
2022-10-02,Louis / DER AU050 (eobs 3264),0,0.27625772,0.5,0,0.7932652
2022-10-03,Angela / DER AY470 (eobs 4001),0,0.09845455,0.5,0,2.898329
2022-10-03,Europa / DER A1A26 (eobs 4004),0,0.37067342,0.5,0,0.38167366
2022-10-03,Louis / DER AU050 (eobs 3264),0,0.43747184,0.5,0,0.7818136
2022-10-04,Angela / DER AY470 (eobs 4001),0,0.12287383,0.5,0,2.9099488
2022-10-04,Europa / DER A1A26 (eobs 4004),0,0.4117463,0.5,0,6.421291
2022-10-04,Louis / DER AU050 (eobs 3264),0,0.31126985,0.5,0,1.4880724
2022-10-05,Angela / DER AY470 (eobs 4001),0,0.11882492,0.5,0,0.20890214
2022-10-05,Europa / DER A1A26 (eobs 4004),0,0.6493734,0.5,1,6.3952804
2022-10-05,Louis / DER AU050 (eobs 3264),0,0.310439,0.5,0,3.0710762
2022-10-06,Angela / DER AY470 (eobs 4001),0,0.08840606,0.5,0,0.029128574
2022-10-06,Europa / DER A1A26 (eobs 4004),0,0.255427,0.5,0,6.169369
2022-10-06,Louis / DER AU050 (eobs 3264),0,0.3076108,0.5,0,0.4196131
2022-10-07,Angela / DER AY470 (eobs 4001),0,0.105592236,0.5,0,0.040411428
2022-10-07,Europa / DER A1A26 (eobs 4004),0,0.46517172,0.5,0,6.1604486
2022-10-07,Louis / DER AU050 (eobs 3264),0,0.2751648,0.5,0,1.2787738
2022-10-08,Angela / DER AY470 (eobs 4001),0,0.06988976,0.5,0,2.1368468
2022-10-08,Europa / DER A1A26 (eobs 4004),0,0.11483468,0.5,0,0.22824006
2022-10-08,Louis / DER AU050 (eobs 3264),0,0.3167683,0.5,0,2.0391748
2022-10-09,Angela / DER AY470 (eobs 4001),0,0.29250482,0.5,0,2.241792
2022-10-09,Europa / DER A1A26 (eobs 4004),0,0.11538963,0.5,0,0.11129922
2022-10-09,Louis / DER AU050 (eobs 3264),0,0.28596658,0.5,0,1.6566998
2022-10-10,Angela / DER AY470 (eobs 4001),0,0.09151076,0.5,0,0.44068632
2022-10-10,Europa / DER A1A26 (eobs 4004),0,0.29349667,0.5,0,0.21808122
2022-10-10,Louis / DER AU050 (eobs 3264),0,0.6772114,0.5,1,29.08136
2022-10-11,Angela / DER AY470 (eobs 4001),0,0.2421113,0.5,0,2.579863
2022-10-11,Europa / DER A1A26 (eobs 4004),0,0.17510456,0.5,0,2.113832
2022-10-11,Louis / DER AU050 (eobs 3264),0,0.8410836,0.5,1,0.02594392
2022-10-12,Angela / DER AY470 (eobs 4001),0,0.15978393,0.5,0,2.0046957
2022-10-12,Europa / DER A1A26 (eobs 4004),0,0.36367035,0.5,0,4.0870786
2022-10-12,Louis / DER AU050 (eobs 3264),0,0.44599417,0.5,0,0.28662333
2022-10-13,Angela / DER AY470 (eobs 4001),0,0.09704988,0.5,0,0.2918879
2022-10-13,Europa / DER A1A26 (eobs 4004),0,0.18777053,0.5,0,6.070499
2022-10-13,Louis / DER AU050 (eobs 3264),0,0.26107532,0.5,0,0.33064634
2022-10-14,Angela / DER AY470 (eobs 4001),0,0.30065873,0.5,0,1.7117531
2022-10-14,Europa / DER A1A26 (eobs 4004),0,0.1288399,0.5,0,6.6784935
2022-10-14,Louis / DER AU050 (eobs 3264),0,0.24470992,0.5,0,0.25348932
2022-10-15,Angela / DER AY470 (eobs 4001),0,0.1976176,0.5,0,1.5705657
2022-10-15,Europa / DER A1A26 (eobs 4004),0,0.17528592,0.5,0,6.6608067
2022-10-15,Louis / DER AU050 (eobs 3264),0,0.11655729,0.5,0,0.23428509
2022-10-16,Angela / DER AY470 (eobs 4001),0,0.08596993,0.5,0,2.0787725
2022-10-16,Europa / DER A1A26 (eobs 4004),0,0.20242822,0.5,0,6.291921
2022-10-16,Louis / DER AU050 (eobs 3264),0,0.25489476,0.5,0,0.85371745
2022-10-17,Angela / DER AY470 (eobs 4001),0,0.09470781,0.5,0,2.1349616
2022-10-17,Europa / DER A1A26 (eobs 4004),0,0.21353592,0.5,0,6.274983
2022-10-17,Louis / DER AU050 (eobs 3264),0,0.11039236,0.5,0,0.6221683
2022-10-18,Angela / DER AY470 (eobs 4001),0,0.08161068,0.5,0,5.858956
2022-10-18,Europa / DER A1A26 (eobs 4004),0,0.19667472,0.5,0,8.052187
2022-10-18,Louis / DER AU050 (eobs 3264),0,0.29056934,0.5,0,0.24797596
2022-10-19,Angela / DER AY470 (eobs 4001),0,0.28430974,0.5,0,1.7049724
2022-10-19,Europa / DER A1A26 (eobs 4004),0,0.4641333,0.5,0,2.0097353
2022-10-19,Louis / DER AU050 (eobs 3264),0,0.32377726,0.5,0,0.45609736
2022-10-20,Angela / DER AY470 (eobs 4001),0,0.2248877,0.5,0,4.330695
2022-10-20,Europa / DER A1A26 (eobs 4004),0,0.2473159,0.5,0,6.3036413
2022-10-20,Louis / DER AU050 (eobs 3264),0,0.12173114,0.5,0,0.7133239
2022-10-21,Angela / DER AY470 (eobs 4001),0,0.40027025,0.5,0,0.5120532
2022-10-21,Europa / DER A1A26 (eobs 4004),0,0.3714695,0.5,0,6.0617127
2022-10-21,Louis / DER AU050 (eobs 3264),0,0.1392512,0.5,0,0.8235549
2022-10-22,Angela / DER AY470 (eobs 4001),0,0.0887586,0.5,0,0.49192706
2022-10-22,Europa / DER A1A26 (eobs 4004),0,0.16011357,0.5,0,6.100814
2022-10-22,Louis / DER AU050 (eobs 3264),0,0.12631881,0.5,0,0.31277677
2022-10-23,Angela / DER AY470 (eobs 4001),0,0.06541006,0.5,0,0.09591215
2022-10-23,Europa / DER A1A26 (eobs 4004),0,0.16015388,0.5,0,5.0555053
2022-10-23,Louis / DER AU050 (eobs 3264),0,0.2419332,0.5,0,0.88167214
2022-10-24,Angela / DER AY470 (eobs 4001),0,0.070987284,0.5,0,0.84664863
2022-10-24,Europa / DER A1A26 (eobs 4004),0,0.1156543,0.5,0,0.84667885
2022-10-24,Louis / DER AU050 (eobs 3264),0,0.14059053,0.5,0,2.7053688
2022-10-25,Angela / DER AY470 (eobs 4001),0,0.14018217,0.5,0,4.091114
2022-10-25,Europa / DER A1A26 (eobs 4004),0,0.073165655,0.5,0,1.3581085
2022-10-25,Louis / DER AU050 (eobs 3264),0,0.33551565,0.5,0,0.014388644
2022-10-26,Angela / DER AY470 (eobs 4001),0,0.08709995,0.5,0,0.5025624
2022-10-26,Europa / DER A1A26 (eobs 4004),0,0.087212406,0.5,0,0.69803196
2022-10-26,Louis / DER AU050 (eobs 3264),0,0.18145007,0.5,0,0.22062851
2022-10-27,Angela / DER AY470 (eobs 4001),0,0.18881096,0.5,0,0.13325712
2022-10-27,Europa / DER A1A26 (eobs 4004),0,0.09762439,0.5,0,0.41804382
2022-10-27,Louis / DER AU050 (eobs 3264),0,0.15567128,0.5,0,0.23909228
2022-10-28,Angela / DER AY470 (eobs 4001),0,0.221308,0.5,0,0.2441248
2022-10-28,Europa / DER A1A26 (eobs 4004),0,0.046574254,0.5,0,1.167168
2022-10-28,Louis / DER AU050 (eobs 3264),0,0.25524774,0.5,0,1.7818009
2022-10-29,Angela / DER AY470 (eobs 4001),0,0.35339686,0.5,0,1.7821031
2022-10-29,Europa / DER A1A26 (eobs 4004),0,0.21465316,0.5,0,3.152318
2022-10-29,Louis / DER AU050 (eobs 3264),0,0.09477226,0.5,0,0.7819489
2022-10-30,Angela / DER AY470 (eobs 4001),0,0.21812873,0.5,0,5.0681224
2022-10-30,Europa / DER A1A26 (eobs 4004),0,0.25741282,0.5,0,4.1976204
2022-10-30,Louis / DER AU050 (eobs 3264),0,0.26147708,0.5,0,0.73266906
2022-10-31,Angela / DER AY470 (eobs 4001),0,0.275383,0.5,0,5.081512
2022-10-31,Europa / DER A1A26 (eobs 4004),0,0.13723476,0.5,0,0.6577313
2022-10-31,Louis / DER AU050 (eobs 3264),0,0.23205328,0.5,0,0.6918961
2022-11-01,Angela / DER AY470 (eobs 4001),0,0.114989385,0.5,0,5.952361
2022-11-01,Europa / DER A1A26 (eobs 4004),0,0.19601157,0.5,0,1.1095884
2022-11-01,Louis / DER AU050 (eobs 3264),0,0.10068908,0.5,0,0.29666388
2022-11-02,Angela / DER AY470 (eobs 4001),0,0.20775901,0.5,0,0.5868978
2022-11-02,Europa / DER A1A26 (eobs 4004),0,0.12176397,0.5,0,1.7367662
2022-11-02,Louis / DER AU050 (eobs 3264),0,0.14412905,0.5,0,0.9012443
2022-11-03,Angela / DER AY470 (eobs 4001),0,0.1714618,0.5,0,0.013892609
2022-11-03,Europa / DER A1A26 (eobs 4004),0,0.070964426,0.5,0,0.891838
2022-11-03,Louis / DER AU050 (eobs 3264),0,0.31363562,0.5,0,0.7946119
2022-11-04,Angela / DER AY470 (eobs 4001),0,0.12545161,0.5,0,1.5626261
2022-11-04,Europa / DER A1A26 (eobs 4004),0,0.061079774,0.5,0,0.82364887
2022-11-04,Louis / DER AU050 (eobs 3264),0,0.08118013,0.5,0,0.90254605
2022-11-05,Angela / DER AY470 (eobs 4001),0,0.06956909,0.5,0,1.0821112
2022-11-05,Europa / DER A1A26 (eobs 4004),0,0.07224781,0.5,0,0.06532381
2022-11-05,Louis / DER AU050 (eobs 3264),0,0.15582347,0.5,0,0.27068004
2022-11-06,Europa / DER A1A26 (eobs 4004),0,0.05610748,0.5,0,0.89909595
2022-11-06,Louis / DER AU050 (eobs 3264),0,0.09081699,0.5,0,4.712244
2022-11-07,Europa / DER A1A26 (eobs 4004),0,0.05761764,0.5,0,4.8843994
2022-11-07,Louis / DER AU050 (eobs 3264),0,0.14746068,0.5,0,27.486753
2022-11-08,Europa / DER A1A26 (eobs 4004),0,0.084612764,0.5,0,4.870731
2022-11-08,Louis / DER AU050 (eobs 3264),0,0.5230368,0.5,1,0.18559523
2022-11-09,Europa / DER A1A26 (eobs 4004),0,0.07838762,0.5,0,1.2947984
2022-11-09,Louis / DER AU050 (eobs 3264),0,0.18453996,0.5,0,0.16266188
2022-11-10,Europa / DER A1A26 (eobs 4004),0,0.055202406,0.5,0,1.6788815
2022-11-10,Louis / DER AU050 (eobs 3264),0,0.13958432,0.5,0,0.14935365
2022-11-11,Europa / DER A1A26 (eobs 4004),0,0.060391575,0.5,0,0.1701635
2022-11-11,Louis / DER AU050 (eobs 3264),0,0.09212572,0.5,0,0.6549326
2022-11-12,Europa / DER A1A26 (eobs 4004),0,0.044202406,0.5,0,0.21768662
2022-11-12,Louis / DER AU050 (eobs 3264),0,0.13400342,0.5,0,0.0069532874
2022-11-13,Europa / DER A1A26 (eobs 4004),0,0.0630091,0.5,0,8.845493
2022-11-13,Louis / DER AU050 (eobs 3264),0,0.13193838,0.5,0,0.11086698
2022-11-14,Europa / DER A1A26 (eobs 4004),0,0.07337309,0.5,0,0.9236729
2022-11-14,Louis / DER AU050 (eobs 3264),0,0.10126824,0.5,0,0.69116694
2022-11-15,Europa / DER A1A26 (eobs 4004),0,0.05714425,0.5,0,7.9628267
2022-11-15,Louis / DER AU050 (eobs 3264),0,0.10557558,0.5,0,0.45221367
2022-11-16,Europa / DER A1A26 (eobs 4004),0,0.19102426,0.5,0,0.09748509
2022-11-16,Louis / DER AU050 (eobs 3264),0,0.091076024,0.5,0,0.74893796
2022-11-17,Angela / DER AY470 (eobs 4001),0,0.11254743,0.5,0,0.6920675
2022-11-17,Europa / DER A1A26 (eobs 4004),0,0.04668387,0.5,0,0.0050944844
2022-11-17,Louis / DER AU050 (eobs 3264),0,0.103098415,0.5,0,0.14035113
2022-11-18,Angela / DER AY470 (eobs 4001),0,0.057080954,0.5,0,3.6086583
2022-11-18,Europa / DER A1A26 (eobs 4004),0,0.07084545,0.5,0,0.98193085
2022-11-18,Louis / DER AU050 (eobs 3264),0,0.09960456,0.5,0,0.40809602
2022-11-19,Angela / DER AY470 (eobs 4001),0,0.13388859,0.5,0,0.5675929
2022-11-19,Europa / DER A1A26 (eobs 4004),0,0.06122278,0.5,0,1.0574111
2022-11-19,Louis / DER AU050 (eobs 3264),0,0.13447325,0.5,0,0.15829587
2022-11-20,Angela / DER AY470 (eobs 4001),0,0.049598925,0.5,0,2.8810074
2022-11-20,Europa / DER A1A26 (eobs 4004),0,0.043576445,0.5,0,2.0505922
2022-11-20,Louis / DER AU050 (eobs 3264),0,0.100130856,0.5,0,0.20599824
2022-11-21,Europa / DER A1A26 (eobs 4004),0,0.06677495,0.5,0,0.6545116
2022-11-21,Louis / DER AU050 (eobs 3264),0,0.1541919,0.5,0,0.54873335
2022-11-22,Europa / DER A1A26 (eobs 4004),0,0.07325779,0.5,0,1.758546
2022-11-22,Louis / DER AU050 (eobs 3264),0,0.100645274,0.5,0,0.20541142
2022-11-23,Europa / DER A1A26 (eobs 4004),0,0.07459729,0.5,0,1.0580521
2022-11-23,Louis / DER AU050 (eobs 3264),0,0.11397806,0.5,0,0.08963872
2022-11-24,Europa / DER A1A26 (eobs 4004),0,0.09379932,0.5,0,0.15363856
2022-11-24,Louis / DER AU050 (eobs 3264),0,0.098993585,0.5,0,0.618686
2022-11-25,Europa / DER A1A26 (eobs 4004),0,0.08054556,0.5,0,0.2599389
2022-11-25,Louis / DER AU050 (eobs 3264),0,0.118540585,0.5,0,0.19385082
2022-11-26,Europa / DER A1A26 (eobs 4004),0,0.09020428,0.5,0,0.055293217
2022-11-26,Louis / DER AU050 (eobs 3264),0,0.09445894,0.5,0,0.18507521
2022-11-27,Europa / DER A1A26 (eobs 4004),0,0.04227928,0.5,0,8.789976
2022-11-27,Louis / DER AU050 (eobs 3264),0,0.0977878,0.5,0,1.1956251
2022-11-28,Europa / DER A1A26 (eobs 4004),0,0.11467482,0.5,0,8.791743
2022-11-28,Louis / DER AU050 (eobs 3264),0,0.15249288,0.5,0,0.0011488926
2022-11-29,Europa / DER A1A26 (eobs 4004),0,0.12178022,0.5,0,0.008917998
2022-11-29,Louis / DER AU050 (eobs 3264),0,0.1436234,0.5,0,0.0024156722
2022-11-30,Europa / DER A1A26 (eobs 4004),0,0.07084302,0.5,0,2.8490071
2022-11-30,Louis / DER AU050 (eobs 3264),0,0.13909525,0.5,0,0.7476874
2022-12-01,Europa / DER A1A26 (eobs 4004),0,0.097333215,0.5,0,3.6469128
2022-12-01,Louis / DER AU050 (eobs 3264),0,0.10348929,0.5,0,0.74983096
2022-12-02,Europa / DER A1A26 (eobs 4004),0,0.07366055,0.5,0,0.80819505
2022-12-02,Louis / DER AU050 (eobs 3264),0,0.090793625,0.5,0,0.0040651765
2022-12-03,Europa / DER A1A26 (eobs 4004),0,0.040355142,0.5,0,0.97223103
2022-12-04,Europa / DER A1A26 (eobs 4004),0,0.060167924,0.5,0,0.0060386285
2022-12-05,Europa / DER A1A26 (eobs 4004),0,0.05729338,0.5,0,1.1890165
2022-12-06,Europa / DER A1A26 (eobs 4004),0,0.046047088,0.5,0,1.615728
2022-12-07,Europa / DER A1A26 (eobs 4004),0,0.05659794,0.5,0,0.5735886
2022-12-08,Europa / DER A1A26 (eobs 4004),0,0.051157806,0.5,0,3.387794
2022-12-09,Europa / DER A1A26 (eobs 4004),0,0.075528815,0.5,0,1.334106
2022-12-10,Europa / DER A1A26 (eobs 4004),0,0.042123877,0.5,0,4.1603026
2022-12-11,Europa / DER A1A26 (eobs 4004),0,0.051567692,0.5,0,5.004249
2022-12-12,Europa / DER A1A26 (eobs 4004),0,0.07600352,0.5,0,0.041500155
2022-12-13,Europa / DER A1A26 (eobs 4004),0,0.06568031,0.5,0,0.4149625
2022-12-14,Europa / DER A1A26 (eobs 4004),0,0.08224684,0.5,0,1.2924702
2022-12-15,Europa / DER A1A26 (eobs 4004),0,0.04441903,0.5,0,4.854203
2022-12-16,Europa / DER A1A26 (eobs 4004),0,0.05670807,0.5,0,4.9372606
2022-12-17,Europa / DER A1A26 (eobs 4004),0,0.074923255,0.5,0,0.10632745
2022-12-18,Europa / DER A1A26 (eobs 4004),0,0.067515954,0.5,0,3.773166
2022-12-19,Europa / DER A1A26 (eobs 4004),0,0.04728954,0.5,0,4.317431
2022-12-20,Europa / DER A1A26 (eobs 4004),0,0.0698995,0.5,0,0.14971317
2022-12-21,Europa / DER A1A26 (eobs 4004),0,0.07978164,0.5,0,3.5742342
2022-12-22,Europa / DER A1A26 (eobs 4004),0,0.0826386,0.5,0,3.884208
2022-12-23,Europa / DER A1A26 (eobs 4004),0,0.05674236,0.5,0,0.020676132
2022-12-24,Europa / DER A1A26 (eobs 4004),0,0.06693008,0.5,0,0.033651397
2022-12-25,Europa / DER A1A26 (eobs 4004),0,0.06064048,0.5,0,1.0434221
2022-12-26,Europa / DER A1A26 (eobs 4004),0,0.07517592,0.5,0,2.1162214
2022-12-27,Europa / DER A1A26 (eobs 4004),0,0.065773256,0.5,0,1.4362305
2022-12-28,Europa / DER A1A26 (eobs 4004),0,0.09610992,0.5,0,3.8659136
2022-12-29,Europa / DER A1A26 (eobs 4004),0,0.097620614,0.5,0,6.017148
2022-12-30,Europa / DER A1A26 (eobs 4004),0,0.053500764,0.5,0,0.10373837
2022-12-31,Europa / DER A1A26 (eobs 4004),0,0.053672742,0.5,0,0.4659058
2023-09-11,Angela / DER AY470 (eobs 4001),1,0.9245964,0.5,1,71.00029
2023-09-11,Louis / DER AU050 (eobs 3264),0,0.76441133,0.5,1,1.639857
2023-09-12,Angela / DER AY470 (eobs 4001),1,0.9458862,0.5,1,106.498344
2023-09-12,Louis / DER AU050 (eobs 3264),0,0.82466274,0.5,1,0.32916656
2023-09-13,Angela / DER AY470 (eobs 4001),0,0.9569657,0.5,1,0.29016957
2023-09-13,Louis / DER AU050 (eobs 3264),0,0.8480513,0.5,1,0.4787206
2023-09-14,Angela / DER AY470 (eobs 4001),1,0.7626308,0.5,1,69.88604
2023-09-14,Louis / DER AU050 (eobs 3264),1,0.8498814,0.5,1,50.492165
2023-09-15,Angela / DER AY470 (eobs 4001),1,0.92636937,0.5,1,111.309654
2023-09-15,Louis / DER AU050 (eobs 3264),1,0.98989177,0.5,1,244.58044
2023-09-16,Angela / DER AY470 (eobs 4001),0,0.9279995,0.5,1,0.6109697
2023-09-16,Louis / DER AU050 (eobs 3264),1,0.99290824,0.5,1,47.749935
2023-09-17,Angela / DER AY470 (eobs 4001),0,0.6759209,0.5,1,2.7734523
2023-09-17,Louis / DER AU050 (eobs 3264),0,0.99061567,0.5,1,3.4246023
2023-09-18,Angela / DER AY470 (eobs 4001),0,0.5257899,0.5,1,2.743373
2023-09-18,Louis / DER AU050 (eobs 3264),0,0.9834411,0.5,1,7.370623
2023-09-19,Angela / DER AY470 (eobs 4001),0,0.25139758,0.5,0,0.23587508
2023-09-19,Louis / DER AU050 (eobs 3264),1,0.97764164,0.5,1,260.91437
2023-09-20,Angela / DER AY470 (eobs 4001),0,0.2642039,0.5,0,0.2072761
2023-09-20,Louis / DER AU050 (eobs 3264),1,0.9877688,0.5,1,77.11294
2023-09-21,Angela / DER AY470 (eobs 4001),0,0.25064352,0.5,0,2.4448695
2023-09-21,Louis / DER AU050 (eobs 3264),1,0.9819033,0.5,1,91.706856
2023-09-22,Angela / DER AY470 (eobs 4001),0,0.33100852,0.5,0,0.5687394
2023-09-22,Louis / DER AU050 (eobs 3264),1,0.97904813,0.5,1,110.06592
2023-09-23,Angela / DER AY470 (eobs 4001),0,0.256845,0.5,0,2.9891481
2023-09-23,Louis / DER AU050 (eobs 3264),1,0.98322105,0.5,1,113.74873
2023-09-24,Angela / DER AY470 (eobs 4001),0,0.21075918,0.5,0,2.8470464
2023-09-24,Louis / DER AU050 (eobs 3264),0,0.8757001,0.5,1,1.1140404
2023-09-25,Angela / DER AY470 (eobs 4001),0,0.38187224,0.5,0,0.08375912
2023-09-25,Europa / DER A1A26 (eobs 4004),0,0.4952104,0.5,0,9.797518
2023-09-25,Louis / DER AU050 (eobs 3264),0,0.47771466,0.5,0,1.7834089
2023-09-26,Angela / DER AY470 (eobs 4001),0,0.2622052,0.5,0,0.08297333
2023-09-26,Europa / DER A1A26 (eobs 4004),0,0.6132057,0.5,1,0.21587789
2023-09-26,Louis / DER AU050 (eobs 3264),0,0.3543372,0.5,0,28.042213
2023-09-27,Angela / DER AY470 (eobs 4001),0,0.2768611,0.5,0,1.3123995
2023-09-27,Europa / DER A1A26 (eobs 4004),0,0.38910076,0.5,0,0.27705967
2023-09-27,Louis / DER AU050 (eobs 3264),0,0.55975884,0.5,1,3.5039062
2023-09-28,Angela / DER AY470 (eobs 4001),0,0.37197837,0.5,0,0.257211
2023-09-28,Europa / DER A1A26 (eobs 4004),0,0.67034477,0.5,1,0.45550153
2023-09-28,Louis / DER AU050 (eobs 3264),0,0.29312578,0.5,0,27.300093
2023-09-29,Angela / DER AY470 (eobs 4001),0,0.27370977,0.5,0,1.2031523
2023-09-29,Europa / DER A1A26 (eobs 4004),0,0.5008629,0.5,1,0.47555402
2023-09-29,Louis / DER AU050 (eobs 3264),0,0.3141316,0.5,0,0.7193322
2023-09-30,Angela / DER AY470 (eobs 4001),0,0.30940482,0.5,0,0.14744031
2023-09-30,Europa / DER A1A26 (eobs 4004),0,0.30223116,0.5,0,0.27405384
2023-09-30,Louis / DER AU050 (eobs 3264),0,0.20440023,0.5,0,0.526536
2023-10-01,Angela / DER AY470 (eobs 4001),0,0.3173045,0.5,0,0.012719138
2023-10-01,Europa / DER A1A26 (eobs 4004),0,0.1900481,0.5,0,0.31143627
2023-10-01,Louis / DER AU050 (eobs 3264),0,0.19382314,0.5,0,0.5947945
2023-10-02,Angela / DER AY470 (eobs 4001),0,0.24085566,0.5,0,0.12621117
2023-10-02,Europa / DER A1A26 (eobs 4004),0,0.2147865,0.5,0,0.29517215
2023-10-02,Louis / DER AU050 (eobs 3264),0,0.16741788,0.5,0,1.1457018
2023-10-03,Angela / DER AY470 (eobs 4001),0,0.1463869,0.5,0,2.9835074
2023-10-03,Europa / DER A1A26 (eobs 4004),0,0.07538916,0.5,0,0.29134613
2023-10-03,Louis / DER AU050 (eobs 3264),0,0.24847336,0.5,0,0.6248062
2023-10-04,Angela / DER AY470 (eobs 4001),0,0.09246552,0.5,0,3.2815561
2023-10-04,Europa / DER A1A26 (eobs 4004),0,0.123445764,0.5,0,0.2911416
2023-10-04,Louis / DER AU050 (eobs 3264),0,0.11980366,0.5,0,0.77204794
2023-10-05,Angela / DER AY470 (eobs 4001),0,0.12884942,0.5,0,0.67066544
2023-10-05,Europa / DER A1A26 (eobs 4004),0,0.06399806,0.5,0,0.047213316
2023-10-05,Louis / DER AU050 (eobs 3264),0,0.10485455,0.5,0,0.39007157
2023-10-06,Angela / DER AY470 (eobs 4001),0,0.19100316,0.5,0,3.0523937
2023-10-06,Europa / DER A1A26 (eobs 4004),0,0.2378083,0.5,0,0.07918878
2023-10-06,Louis / DER AU050 (eobs 3264),0,0.115723096,0.5,0,0.65257776
2023-10-07,Angela / DER AY470 (eobs 4001),0,0.37710127,0.5,0,3.0312657
2023-10-07,Europa / DER A1A26 (eobs 4004),0,0.10494293,0.5,0,0.038895417
2023-10-07,Louis / DER AU050 (eobs 3264),0,0.21333788,0.5,0,0.06830718
2023-10-08,Angela / DER AY470 (eobs 4001),0,0.10271315,0.5,0,0.034677826
2023-10-08,Europa / DER A1A26 (eobs 4004),0,0.05665384,0.5,0,0.14459
2023-10-08,Louis / DER AU050 (eobs 3264),0,0.12140211,0.5,0,0.9107844
2023-10-09,Angela / DER AY470 (eobs 4001),0,0.109582044,0.5,0,0.06095643
2023-10-09,Europa / DER A1A26 (eobs 4004),0,0.05510583,0.5,0,0.14342768
2023-10-09,Louis / DER AU050 (eobs 3264),0,0.17804456,0.5,0,0.10002905
2023-10-10,Angela / DER AY470 (eobs 4001),0,0.10854798,0.5,0,0.040401455
2023-10-10,Europa / DER A1A26 (eobs 4004),0,0.1404666,0.5,0,0.09496779
2023-10-10,Louis / DER AU050 (eobs 3264),0,0.12431006,0.5,0,0.92444855
2023-10-11,Angela / DER AY470 (eobs 4001),0,0.06837426,0.5,0,2.9552186
2023-10-11,Europa / DER A1A26 (eobs 4004),0,0.053078733,0.5,0,0.34600002
2023-10-11,Louis / DER AU050 (eobs 3264),0,0.18268958,0.5,0,2.3759968
2023-10-12,Angela / DER AY470 (eobs 4001),0,0.21870297,0.5,0,2.2497947
2023-10-12,Europa / DER A1A26 (eobs 4004),0,0.06573992,0.5,0,0.07584171
2023-10-12,Louis / DER AU050 (eobs 3264),0,0.17346352,0.5,0,0.040366188
2023-10-13,Angela / DER AY470 (eobs 4001),0,0.07466608,0.5,0,0.68640935
2023-10-13,Europa / DER A1A26 (eobs 4004),0,0.11145209,0.5,0,0.32765594
2023-10-13,Louis / DER AU050 (eobs 3264),0,0.11257403,0.5,0,0.026564218
2023-10-14,Europa / DER A1A26 (eobs 4004),0,0.05837207,0.5,0,0.3810643
2023-10-14,Louis / DER AU050 (eobs 3264),0,0.21777984,0.5,0,0.5395507
2023-10-15,Europa / DER A1A26 (eobs 4004),0,0.09803325,0.5,0,0.016459355
2023-10-15,Louis / DER AU050 (eobs 3264),0,0.18893379,0.5,0,1.5559517
2023-10-16,Europa / DER A1A26 (eobs 4004),0,0.12608333,0.5,0,0.26391906
2023-10-16,Louis / DER AU050 (eobs 3264),0,0.22006665,0.5,0,0.57422787
2023-10-17,Europa / DER A1A26 (eobs 4004),0,0.10061349,0.5,0,14.779834
2023-10-17,Louis / DER AU050 (eobs 3264),0,0.15903811,0.5,0,2.4416485
2023-10-18,Europa / DER A1A26 (eobs 4004),0,0.6498176,0.5,1,14.654952
2023-10-18,Louis / DER AU050 (eobs 3264),0,0.14215633,0.5,0,0.17845581
2023-10-19,Europa / DER A1A26 (eobs 4004),0,0.63272804,0.5,1,1.1775441
2023-10-19,Louis / DER AU050 (eobs 3264),0,0.16017634,0.5,0,0.8041485
2023-10-20,Europa / DER A1A26 (eobs 4004),0,0.50122565,0.5,1,1.1847403
2023-10-20,Louis / DER AU050 (eobs 3264),0,0.33213168,0.5,0,0.61382806
2023-10-21,Europa / DER A1A26 (eobs 4004),0,0.21310456,0.5,0,0.25079837
2023-10-21,Louis / DER AU050 (eobs 3264),0,0.122151434,0.5,0,0.56900233
2023-10-22,Europa / DER A1A26 (eobs 4004),0,0.22496541,0.5,0,9.6327505
2023-10-22,Louis / DER AU050 (eobs 3264),0,0.30845356,0.5,0,0.55357015
2023-10-23,Europa / DER A1A26 (eobs 4004),0,0.5510797,0.5,1,0.2829262
2023-10-23,Louis / DER AU050 (eobs 3264),0,0.3377007,0.5,0,0.81880814
2023-10-24,Europa / DER A1A26 (eobs 4004),0,0.24210173,0.5,0,0.8074395
2023-10-24,Louis / DER AU050 (eobs 3264),0,0.19899978,0.5,0,0.57682765
2023-10-25,Europa / DER A1A26 (eobs 4004),0,0.18133013,0.5,0,16.07368
2023-10-25,Louis / DER AU050 (eobs 3264),0,0.13773656,0.5,0,0.5476994
2023-10-26,Europa / DER A1A26 (eobs 4004),0,0.708308,0.5,1,0.01579157
2023-10-26,Louis / DER AU050 (eobs 3264),0,0.18981162,0.5,0,0.32413977
2023-10-27,Europa / DER A1A26 (eobs 4004),0,0.31462723,0.5,0,0.036060162
2023-10-27,Louis / DER AU050 (eobs 3264),0,0.21269521,0.5,0,0.339103
2023-10-28,Europa / DER A1A26 (eobs 4004),0,0.5019341,0.5,1,0.0052447612
2023-10-28,Louis / DER AU050 (eobs 3264),0,0.12356236,0.5,0,0.013459669
2023-10-29,Europa / DER A1A26 (eobs 4004),0,0.4545279,0.5,0,0.08797644
2023-10-29,Louis / DER AU050 (eobs 3264),0,0.5134908,0.5,1,0.3156844
2023-10-30,Europa / DER A1A26 (eobs 4004),0,0.43633842,0.5,0,0.02798572
2023-10-30,Louis / DER AU050 (eobs 3264),0,0.34613037,0.5,0,0.45201722
2023-10-31,Europa / DER A1A26 (eobs 4004),0,0.08658105,0.5,0,6.68133
2023-10-31,Louis / DER AU050 (eobs 3264),0,0.10169688,0.5,0,1.1857618
2023-11-01,Europa / DER A1A26 (eobs 4004),0,0.43427974,0.5,0,6.7054505
2023-11-01,Louis / DER AU050 (eobs 3264),0,0.28193748,0.5,0,0.4127248
2023-11-02,Europa / DER A1A26 (eobs 4004),0,0.33888263,0.5,0,0.02674193
2023-11-02,Louis / DER AU050 (eobs 3264),0,0.15175134,0.5,0,0.47138557
2023-11-03,Europa / DER A1A26 (eobs 4004),0,0.4225473,0.5,0,0.048162032
2023-11-03,Louis / DER AU050 (eobs 3264),0,0.111227654,0.5,0,2.609114
2023-11-04,Europa / DER A1A26 (eobs 4004),0,0.077200405,0.5,0,0.052774444
2023-11-04,Louis / DER AU050 (eobs 3264),0,0.13521995,0.5,0,2.217982
2023-11-05,Europa / DER A1A26 (eobs 4004),0,0.07336683,0.5,0,0.06105275
2023-11-05,Louis / DER AU050 (eobs 3264),0,0.10170993,0.5,0,0.48512277
2023-11-06,Europa / DER A1A26 (eobs 4004),0,0.039321154,0.5,0,0.064784974
2023-11-06,Louis / DER AU050 (eobs 3264),0,0.14621845,0.5,0,0.008561309
2023-11-07,Europa / DER A1A26 (eobs 4004),0,0.057669345,0.5,0,0.003922406
2023-11-07,Louis / DER AU050 (eobs 3264),0,0.09860804,0.5,0,1.2253414
2023-11-08,Europa / DER A1A26 (eobs 4004),0,0.0608238,0.5,0,0.069742784
2023-11-08,Louis / DER AU050 (eobs 3264),0,0.14285669,0.5,0,1.0358479
2023-11-09,Europa / DER A1A26 (eobs 4004),0,0.04117291,0.5,0,7.045593
2023-11-09,Louis / DER AU050 (eobs 3264),0,0.10208242,0.5,0,0.9335198
2023-11-10,Europa / DER A1A26 (eobs 4004),0,0.201309,0.5,0,7.1168957
2023-11-10,Louis / DER AU050 (eobs 3264),0,0.14477134,0.5,0,0.79617363
2023-11-11,Europa / DER A1A26 (eobs 4004),0,0.26593286,0.5,0,16.226252
2023-11-11,Louis / DER AU050 (eobs 3264),0,0.11165479,0.5,0,1.181755
2023-11-12,Europa / DER A1A26 (eobs 4004),0,0.5141849,0.5,1,9.743647
2023-11-12,Louis / DER AU050 (eobs 3264),0,0.1335752,0.5,0,1.9451152
2023-11-13,Louis / DER AU050 (eobs 3264),0,0.10266651,0.5,0,0.023661911
2023-11-14,Louis / DER AU050 (eobs 3264),0,0.09405968,0.5,0,0.0055203354
2023-11-15,Louis / DER AU050 (eobs 3264),0,0.16720419,0.5,0,0.022684354
2023-11-16,Louis / DER AU050 (eobs 3264),0,0.08260759,0.5,0,0.0392894
2023-11-17,Louis / DER AU050 (eobs 3264),0,0.1645962,0.5,0,0.47627664
2023-11-18,Louis / DER AU050 (eobs 3264),0,0.15850772,0.5,0,1.5686885
2023-11-19,Louis / DER AU050 (eobs 3264),0,0.1270148,0.5,0,0.361952
2023-11-20,Louis / DER AU050 (eobs 3264),0,0.14343092,0.5,0,1.4593085
2023-11-21,Louis / DER AU050 (eobs 3264),0,0.13478263,0.5,0,1.4609911
2023-11-22,Louis / DER AU050 (eobs 3264),0,0.104493365,0.5,0,0.32564738
2023-11-23,Louis / DER AU050 (eobs 3264),0,0.15508516,0.5,0,0.30022165
2023-11-24,Louis / DER AU050 (eobs 3264),0,0.22529696,0.5,0,0.2986352
2023-11-25,Louis / DER AU050 (eobs 3264),0,0.08921026,0.5,0,0.35833627
2023-11-26,Louis / DER AU050 (eobs 3264),0,0.17396845,0.5,0,0.14917538
2023-11-27,Louis / DER AU050 (eobs 3264),0,0.14061919,0.5,0,0.53152424
2023-11-28,Louis / DER AU050 (eobs 3264),0,0.090035096,0.5,0,0.008415743
2023-11-29,Louis / DER AU050 (eobs 3264),0,0.14079385,0.5,0,0.75482243
2023-11-30,Louis / DER AU050 (eobs 3264),0,0.11309387,0.5,0,0.727521
2023-12-01,Louis / DER AU050 (eobs 3264),0,0.123957194,0.5,0,0.8328545
2023-12-02,Louis / DER AU050 (eobs 3264),0,0.12025216,0.5,0,0.86814326
2023-12-03,Louis / DER AU050 (eobs 3264),0,0.092967816,0.5,0,0.013402757
2023-12-04,Louis / DER AU050 (eobs 3264),0,0.1271888,0.5,0,0.019397302
2023-12-05,Louis / DER AU050 (eobs 3264),0,0.08900174,0.5,0,0.67306566
2023-12-06,Louis / DER AU050 (eobs 3264),0,0.11131811,0.5,0,0.5599108
2023-12-07,Louis / DER AU050 (eobs 3264),0,0.17767392,0.5,0,0.9554835
2023-12-08,Louis / DER AU050 (eobs 3264),0,0.09027688,0.5,0,0.7161992
2023-12-09,Louis / DER AU050 (eobs 3264),0,0.11156138,0.5,0,0.64832014
2023-12-10,Louis / DER AU050 (eobs 3264),0,0.13061993,0.5,0,1.5335977
2023-12-11,Louis / DER AU050 (eobs 3264),0,0.124524854,0.5,0,1.7024851
2023-12-12,Louis / DER AU050 (eobs 3264),0,0.10468454,0.5,0,1.6236176
2023-12-13,Louis / DER AU050 (eobs 3264),0,0.112846576,0.5,0,0.23399551
2023-12-14,Louis / DER AU050 (eobs 3264),0,0.16420332,0.5,0,1.2147841
2023-12-15,Louis / DER AU050 (eobs 3264),0,0.11555885,0.5,0,2.6070433
2023-12-16,Louis / DER AU050 (eobs 3264),0,0.119240195,0.5,0,0.28281713
2023-12-17,Louis / DER AU050 (eobs 3264),0,0.1889099,0.5,0,1.5790775
2023-12-18,Europa / DER A1A26 (eobs 4004),0,0.2484256,0.5,0,9.908332
2023-12-18,Louis / DER AU050 (eobs 3264),0,0.140814,0.5,0,0.9914699
2023-12-19,Europa / DER A1A26 (eobs 4004),0,0.18473193,0.5,0,0.286847
2023-12-20,Europa / DER A1A26 (eobs 4004),0,0.16785294,0.5,0,0.20401041
2023-12-21,Europa / DER A1A26 (eobs 4004),0,0.0763675,0.5,0,6.374432
2023-12-22,Europa / DER A1A26 (eobs 4004),0,0.2894182,0.5,0,6.3381743
2023-12-23,Europa / DER A1A26 (eobs 4004),0,0.10871226,0.5,0,0.28546476
2023-12-24,Europa / DER A1A26 (eobs 4004),0,0.075975075,0.5,0,1.0472323
2023-12-25,Europa / DER A1A26 (eobs 4004),0,0.12802052,0.5,0,19.383938
2023-12-26,Europa / DER A1A26 (eobs 4004),0,0.4869585,0.5,0,0.2623928
2023-12-27,Europa / DER A1A26 (eobs 4004),0,0.16259119,0.5,0,0.258903
2023-12-28,Europa / DER A1A26 (eobs 4004),0,0.14724942,0.5,0,0.025197009
2023-12-29,Europa / DER A1A26 (eobs 4004),0,0.103517,0.5,0,0.034939066
2023-12-30,Europa / DER A1A26 (eobs 4004),0,0.11643521,0.5,0,0.030514369
2023-12-31,Europa / DER A1A26 (eobs 4004),0,0.11113383,0.5,0,7.564692
