target_date,path_id,source_bird_id,current_lat,current_lon,target_lat,target_lon,pred_lat,pred_lon,error_km,target_step_km,true_fly_label,fly_probability,selected_fly_threshold,predicted_distance_km,gated_pred_lat,gated_pred_lon,gated_error_km
2019-10-04,Europa_DER_A1A26_eobs_4004__2019__southbound_01,Europa / DER A1A26 (eobs 4004),40.31553,-3.624319,40.31508,-3.6234944,40.27799,-3.6777997638310858,6.182319878862245,0.08582349,0,0.5325887,0.7918271,6.1523013,40.31553,-3.624319076538086,0.0859904283490808
2019-10-04,Mirabell_plus_DER_AN910_eobs_3907__2019__southbound_01,Mirabell + / DER AN910 (eobs 3907),34.577053,-6.2751236,34.575954,-6.268496,34.54261,-6.254818606525692,3.9135547971010816,0.6189888,0,0.552535,0.7918271,4.249835,34.577053,-6.275123596191406,0.6189588030065318
2019-10-04,Muffine_DER_AN922_eobs_3921__2019__southbound_01,Muffine / DER AN922 (eobs 3921),41.657887,0.9380409,41.65894,0.9506842,41.644,0.8817133269662598,5.966342094873747,1.056834,0,0.5147159,0.7918271,4.9190283,41.657887,0.9380409121513367,1.0568592675284134
2019-10-04,Sara_plus_DER_AU017_eobs_3941__2019__southbound_01,Sara + / DER AU017 (eobs 3941),41.67074,0.9411226,41.669487,0.6590449,41.665703,0.9183438347195143,21.542588380298486,23.430073,1,0.30195433,0.7918271,1.9696702,41.67074,0.9411225914955139,23.43007479098299
2019-10-04,Zozu_plus_DER_AL581_eobs2541__2019__southbound_01,Zozu + / DER AL581 (eobs2541),41.610508,0.6167896,41.610683,0.6169417,41.596283,0.6143303097726818,1.6159168330092368,0.023515446,0,0.2776813,0.7918271,1.5921603,41.610508,0.6167895793914795,0.023251817113846815
2019-10-05,Angela_DER_AY470_eobs_4001__2019__southbound_01,Angela / DER AY470 (eobs 4001),40.31994,-3.590066,40.32024,-3.5903344,40.361305,-3.573371168318817,4.787234831514883,0.040545892,0,0.6223751,0.7918271,4.803997,40.31994,-3.5900659561157227,0.040508332418621736
2019-10-05,Europa_DER_A1A26_eobs_4004__2019__southbound_01,Europa / DER A1A26 (eobs 4004),40.31508,-3.6234944,40.318096,-3.6108007,40.308247,-3.633006922424157,2.1781982370231683,1.1271979,0,0.109619275,0.7918271,1.106055,40.31508,-3.6234943866729736,1.1273084655608905
2019-10-05,Mirabell_plus_DER_AN910_eobs_3907__2019__southbound_01,Mirabell + / DER AN910 (eobs 3907),34.575954,-6.268496,34.57569,-6.270251,34.541042,-6.2594488415066145,3.9777444749904576,0.16327731,0,0.5175974,0.7918271,3.962676,34.575954,-6.268496036529541,0.163301959949085
2019-10-05,Muffine_DER_AN922_eobs_3921__2019__southbound_01,Muffine / DER AN922 (eobs 3921),41.65894,0.9506842,41.6328,0.9337152,41.65073,0.9293889969863736,2.0257791162276866,3.230313,0,0.2611836,0.7918271,1.987194,41.65894,0.9506841897964478,3.2304073991891213
2019-10-05,Sara_plus_DER_AU017_eobs_3941__2019__southbound_01,Sara + / DER AU017 (eobs 3941),41.669487,0.6590449,41.61342,0.6172626,41.585022,0.4653523123286367,13.02038433131015,7.135888,0,0.7879199,0.7918271,18.596703,41.669487,0.6590449213981628,7.136131662752569
2019-10-05,Zozu_plus_DER_AL581_eobs2541__2019__southbound_01,Zozu + / DER AL581 (eobs2541),41.610683,0.6169417,41.61029,0.6167641,41.596794,0.6105232999037657,1.5879115185747537,0.04637831,0,0.2948034,0.7918271,1.630976,41.610683,0.6169416904449463,0.04611664347408086
2019-10-06,Angela_DER_AY470_eobs_4001__2019__southbound_01,Angela / DER AY470 (eobs 4001),40.32024,-3.5903344,40.309612,-3.5993412,40.345917,-3.582116118678333,4.292840746623983,1.4070065,0,0.52684855,0.7918271,2.933952,40.32024,-3.590334415435791,1.407017342863722
2019-10-06,Europa_DER_A1A26_eobs_4004__2019__southbound_01,Europa / DER A1A26 (eobs 4004),40.318096,-3.6108007,40.318092,-3.6107912,40.314716,-3.6157298543389893,0.5623595516851257,0.00087278016,0,0.049827036,0.7918271,0.5610729,40.318096,-3.6108007431030273,0.0009130566327283859
2019-10-06,Mirabell_plus_DER_AN910_eobs_3907__2019__southbound_01,Mirabell + / DER AN910 (eobs 3907),34.57569,-6.270251,34.6548,-6.2701974,34.56195,-6.289271829489895,10.47097561102863,8.796428,0,0.30552262,0.7918271,2.3127213,34.57569,-6.2702507972717285,8.796554297575401
2019-10-06,Muffine_DER_AN922_eobs_3921__2019__southbound_01,Muffine / DER AN922 (eobs 3921),41.6328,0.9337152,41.645718,0.95446366,41.610256,0.8778295626003199,7.491228765535697,2.2440295,0,0.5595899,0.7918271,5.2686844,41.6328,0.9337152242660522,2.2440474109995425
2019-10-06,Sara_plus_DER_AU017_eobs_3941__2019__southbound_01,Sara + / DER AU017 (eobs 3941),41.61342,0.6172626,41.61643,0.61756337,41.61991,0.6275266503937852,0.9142986602336846,0.33524162,0,0.18191946,0.7918271,1.1156995,41.61342,0.617262601852417,0.3356072112604862
2019-10-06,Zozu_plus_DER_AL581_eobs2541__2019__southbound_01,Zozu + / DER AL581 (eobs2541),41.61029,0.6167641,41.539074,0.61516553,41.59789,0.6063233420706848,6.581178334013666,7.920052,0,0.3078143,0.7918271,1.6266956,41.61029,0.6167641282081604,7.920050116639857
2019-10-07,Angela_DER_AY470_eobs_4001__2019__southbound_01,Angela / DER AY470 (eobs 4001),40.309612,-3.5993412,40.311607,-3.5891268,40.33278,-3.5860023403836196,2.369029563828733,0.8940414,0,0.5470985,0.7918271,2.8086119,40.309612,-3.5993411540985107,0.894050416839266
2019-10-07,Europa_DER_A1A26_eobs_4004__2019__southbound_01,Europa / DER A1A26 (eobs 4004),40.318092,-3.6107912,40.31815,-3.610764,40.314575,-3.6160779993722656,0.6007967166632496,0.0067579583,0,0.06603614,0.7918271,0.5937301,40.318092,-3.6107912063598633,0.0067670647470936705
2019-10-07,Mirabell_plus_DER_AN910_eobs_3907__2019__southbound_01,Mirabell + / DER AN910 (eobs 3907),34.6548,-6.2701974,34.573524,-6.270136,34.6507,-6.296682202849257,8.918746397635394,9.037176,0,0.34974048,0.7918271,2.4607394,34.6548,-6.27019739151001,9.037486415947772
2019-10-07,Muffine_DER_AN922_eobs_3921__2019__southbound_01,Muffine / DER AN922 (eobs 3921),41.645718,0.95446366,41.575005,0.61446726,41.63401,0.9319917695661349,27.203843572738172,29.339867,1,0.26772556,0.7918271,2.2723176,41.645718,0.9544636607170105,29.339880271817336
2019-10-07,Sara_plus_DER_AU017_eobs_3941__2019__southbound_01,Sara + / DER AU017 (eobs 3941),41.61643,0.61756337,41.793343,0.8094832,41.62185,0.6280097937308714,24.301791697782427,25.314695,1,0.13433807,0.7918271,1.0552838,41.61643,0.6175633668899536,25.314607982405285
2019-10-07,Zozu_plus_DER_AL581_eobs2541__2019__southbound_01,Zozu + / DER AL581 (eobs2541),41.539074,0.61516553,41.537872,0.6150104,41.5244,0.6104829492606247,1.544860544701485,0.13411836,0,0.29944927,0.7918271,1.6745901,41.539074,0.6151655316352844,0.13423786067130242
2019-10-08,Angela_DER_AY470_eobs_4001__2019__southbound_01,Angela / DER AY470 (eobs 4001),40.311607,-3.5891268,40.319916,-3.599183,40.323044,-3.5727616249449303,2.2668027187146533,1.2571043,0,0.42809796,0.7918271,1.8790078,40.311607,-3.5891268253326416,1.2571676333638973
2019-10-08,Europa_DER_A1A26_eobs_4004__2019__southbound_01,Europa / DER A1A26 (eobs 4004),40.31815,-3.610764,40.30967,-3.610823,40.314312,-3.6170471123064387,0.7382437808740311,0.94295865,0,0.08455598,0.7918271,0.68145967,40.31815,-3.6107640266418457,0.9429555084556325
2019-10-08,Mirabell_plus_DER_AN910_eobs_3907__2019__southbound_01,Mirabell + / DER AN910 (eobs 3907),34.573524,-6.270136,34.62109,-6.270438,34.55407,-6.301895806181655,7.989372944939454,5.288877,0,0.5159069,0.7918271,3.6178231,34.573524,-6.270135879516602,5.289117549298995
2019-10-08,Muffine_DER_AN922_eobs_3921__2019__southbound_01,Muffine / DER AN922 (eobs 3921),41.575005,0.61446726,41.541462,0.5643025,41.270115,-0.04729978379916189,59.26386197580437,5.5975504,0,0.94103765,0.7918271,64.536964,41.270115,-0.04729978379916189,59.26386197580437
2019-10-08,Sara_plus_DER_AU017_eobs_3941__2019__southbound_01,Sara + / DER AU017 (eobs 3941),41.793343,0.8094832,41.635834,0.6868267,41.782814,0.7881459959473555,18.38061139894561,20.25825,1,0.33861685,0.7918271,2.1174726,41.793343,0.8094831705093384,20.258300129024597
2019-10-08,Zozu_plus_DER_AL581_eobs2541__2019__southbound_01,Zozu + / DER AL581 (eobs2541),41.537872,0.6150104,41.61028,0.6166048,41.523296,0.610828185046267,9.68398343092656,8.052562,0,0.29894334,0.7918271,1.6549847,41.537872,0.6150103807449341,8.052368841675856
2019-10-09,Angela_DER_AY470_eobs_4001__2019__southbound_01,Angela / DER AY470 (eobs 4001),40.319916,-3.599183,40.314617,-3.624203,40.341167,-3.594179839447915,3.897842312711566,2.201492,0,0.5194438,0.7918271,2.3967135,40.319916,-3.5991830825805664,2.201570132793924
2019-10-09,Europa_DER_A1A26_eobs_4004__2019__southbound_01,Europa / DER A1A26 (eobs 4004),40.30967,-3.610823,40.263287,-3.6335907,40.298416,-3.6266472254395343,3.950390482856341,5.507276,0,0.2822161,0.7918271,1.8315808,40.30967,-3.610822916030884,5.507258022540081
2019-10-09,Mirabell_plus_DER_AN910_eobs_3907__2019__southbound_01,Mirabell + / DER AN910 (eobs 3907),34.62109,-6.270438,34.5758,-6.267915,34.61453,-6.2958486855958675,5.008131143844193,5.0408072,0,0.3743582,0.7918271,2.4327567,34.62109,-6.270438194274902,5.041106338296071
2019-10-09,Muffine_DER_AN922_eobs_3921__2019__southbound_01,Muffine / DER AN922 (eobs 3921),41.541462,0.5643025,41.537674,0.6149191,41.512115,0.4742785429097935,12.04805884939125,4.233782,0,0.60152537,0.7918271,8.157855,41.541462,0.5643025040626526,4.2337897309173025
2019-10-09,Sara_plus_DER_AU017_eobs_3941__2019__southbound_01,Sara + / DER AU017 (eobs 3941),41.635834,0.6868267,41.531277,0.4927269,41.549652,0.5640236551723002,6.275827578517226,19.894474,1,0.75629497,0.7918271,13.975117,41.635834,0.6868267059326172,19.894496726710486
2019-10-09,Zozu_plus_DER_AL581_eobs2541__2019__southbound_01,Zozu + / DER AL581 (eobs2541),41.61028,0.6166048,41.5378,0.6153485,41.598606,0.6244928896886864,6.804020762545244,8.060258,0,0.26769757,0.7918271,1.4516349,41.61028,0.6166048049926758,8.060013317294032
2019-10-10,Angela_DER_AY470_eobs_4001__2019__southbound_01,Angela / DER AY470 (eobs 4001),40.314617,-3.624203,40.184715,-3.6242607,40.3498,-3.64491542409894,18.44008484418861,14.444453,1,0.6711776,0.7918271,4.2808285,40.314617,-3.6242029666900635,14.444451464718775
2019-10-10,Europa_DER_A1A26_eobs_4004__2019__southbound_01,Europa / DER A1A26 (eobs 4004),40.263287,-3.6335907,40.314453,-3.6328938,40.23818,-3.66444528009094,8.893733163560585,5.69007,0,0.44728374,0.7918271,3.820616,40.263287,-3.6335906982421875,5.689773951218071
2019-10-10,Mirabell_plus_DER_AN910_eobs_3907__2019__southbound_01,Mirabell + / DER AN910 (eobs 3907),34.5758,-6.267915,34.67511,-6.2699747,34.56202,-6.292363004713003,12.740902203736482,11.043925,1,0.4034542,0.7918271,2.7079906,34.5758,-6.267914772033691,11.044171087202507
2019-10-10,Sara_plus_DER_AU017_eobs_3941__2019__southbound_01,Sara + / DER AU017 (eobs 3941),41.531277,0.4927269,41.524155,0.43048176,41.508213,0.5284137686772183,8.344218010014389,5.2417607,0,0.5129695,0.7918271,3.9176025,41.531277,0.4927268922328949,5.241736407716416
2019-10-10,Zozu_plus_DER_AL581_eobs2541__2019__southbound_01,Zozu + / DER AL581 (eobs2541),41.5378,0.6153485,41.59592,0.616196,41.520325,0.6156921668967735,8.405991766250569,6.4632597,0,0.35258418,0.7918271,1.9399669,41.5378,0.6153485178947449,6.463123521136117
2019-10-11,Angela_DER_AY470_eobs_4001__2019__southbound_01,Angela / DER AY470 (eobs 4001),40.184715,-3.6242607,39.845528,-4.2743297,40.141605,-3.5447004137038465,70.3363134818079,66.98726,1,0.78882605,0.7918271,8.271464,40.184715,-3.624260663986206,66.9871562916801
2019-10-11,Europa_DER_A1A26_eobs_4004__2019__southbound_01,Europa / DER A1A26 (eobs 4004),40.314453,-3.6328938,40.184998,-3.5705547,40.308464,-3.640376125928627,14.953181206098515,15.336437,1,0.11614671,0.7918271,0.91826534,40.314453,-3.6328938007354736,15.336272505616478
2019-10-11,Mirabell_plus_DER_AN910_eobs_3907__2019__southbound_01,Mirabell + / DER AN910 (eobs 3907),34.67511,-6.2699747,34.66516,-6.2728286,34.661304,-6.290482076788938,1.6705519827125799,1.1366909,0,0.34184277,0.7918271,2.4191177,34.67511,-6.269974708557129,1.1366198777504546
2019-10-11,Zozu_plus_DER_AL581_eobs2541__2019__southbound_01,Zozu + / DER AL581 (eobs2541),41.59592,0.616196,41.602955,0.6165084,41.589523,0.6281866670582424,1.781483036231606,0.782733,0,0.22175948,0.7918271,1.2226039,41.59592,0.6161959767341614,0.7826111137941623
2019-10-12,Angela_DER_AY470_eobs_4001__2019__southbound_01,Angela / DER AY470 (eobs 4001),39.845528,-4.2743297,40.03709,-4.659628,39.651722,-4.468215489401349,45.861321682754046,39.14986,1,0.920575,0.7918271,27.126009,39.651722,-4.468215489401349,45.861321682754046
2019-10-12,Europa_DER_A1A26_eobs_4004__2019__southbound_01,Europa / DER A1A26 (eobs 4004),40.184998,-3.5705547,40.263615,-3.624157,40.100655,-3.6654992242612066,18.457583823012587,9.855519,0,0.71454024,0.7918271,12.3481045,40.184998,-3.570554733276367,9.855437525149734
2019-10-12,Mirabell_plus_DER_AN910_eobs_3907__2019__southbound_01,Mirabell + / DER AN910 (eobs 3907),34.66516,-6.2728286,34.677986,-6.2797837,34.654305,-6.285148370183808,2.6785983621374445,1.5614245,0,0.21782622,0.7918271,1.64835,34.66516,-6.272828578948975,1.5614910894960223
2019-10-12,Zozu_plus_DER_AL581_eobs2541__2019__southbound_01,Zozu + / DER AL581 (eobs2541),41.602955,0.6165084,41.59596,0.6161943,41.60085,0.63070472558877,1.3234712323458424,0.77850914,0,0.21720506,0.7918271,1.2012479,41.602955,0.616508424282074,0.7783763530223778
2019-10-13,Angela_DER_AY470_eobs_4001__2019__southbound_01,Angela / DER AY470 (eobs 4001),40.03709,-4.659628,39.9955,-4.648759,39.976353,-4.583328293149857,5.967243212483936,4.7163844,0,0.78510284,0.7918271,9.354038,40.03709,-4.659627914428711,4.716502446397373
2019-10-13,Europa_DER_A1A26_eobs_4004__2019__southbound_01,Europa / DER A1A26 (eobs 4004),40.263615,-3.624157,40.26136,-3.6350014,40.255486,-3.6314108356596275,0.7207939750498922,0.9536689,0,0.14332591,0.7918271,1.0915443,40.263615,-3.624156951904297,0.9537121584702057
2019-10-13,Mirabell_plus_DER_AN910_eobs_3907__2019__southbound_01,Mirabell + / DER AN910 (eobs 3907),34.677986,-6.2797837,34.68023,-6.254367,34.669823,-6.294074205792044,3.810997575924436,2.3375192,0,0.18635419,0.7918271,1.58828,34.677986,-6.279783725738525,2.3374982894591345
2019-10-13,Zozu_plus_DER_AL581_eobs2541__2019__southbound_01,Zozu + / DER AL581 (eobs2541),41.59596,0.6161943,41.61031,0.6166738,41.591915,0.6288182380757469,2.2810676845230695,1.5960696,0,0.21250199,0.7918271,1.1400357,41.59596,0.6161943078041077,1.596246509880487
2019-10-14,Angela_DER_AY470_eobs_4001__2019__southbound_01,Angela / DER AY470 (eobs 4001),39.9955,-4.648759,39.84312,-4.2544575,39.936584,-4.5500089805864095,27.273464376342275,37.65398,1,0.7941748,0.7918271,10.643364,39.936584,-4.5500089805864095,27.273464376342275
2019-10-14,Europa_DER_A1A26_eobs_4004__2019__southbound_01,Europa / DER A1A26 (eobs 4004),40.26136,-3.6350014,40.25981,-3.6353517,40.245083,-3.662783243101163,2.8463394808538167,0.17484055,0,0.3565315,0.7918271,2.9669182,40.26136,-3.6350014209747314,0.1747607814522742
2019-10-14,Mirabell_plus_DER_AN910_eobs_3907__2019__southbound_01,Mirabell + / DER AN910 (eobs 3907),34.68023,-6.254367,34.67375,-6.256478,34.663883,-6.261989393360398,1.2075694503119239,0.74571836,0,0.2759296,0.7918271,1.9433124,34.68023,-6.254366874694824,0.7456690648709191
2019-10-14,Zozu_plus_DER_AL581_eobs2541__2019__southbound_01,Zozu + / DER AL581 (eobs2541),41.61031,0.6166738,41.537804,0.61668706,41.60441,0.6293432060009996,7.480567261864223,8.062116,0,0.23475775,0.7918271,1.2387539,41.61031,0.6166738271713257,8.062305105957373
2019-10-15,Angela_DER_AY470_eobs_4001__2019__southbound_01,Angela / DER AY470 (eobs 4001),39.84312,-4.2544575,39.85417,-4.2544293,39.805416,-4.224452741057006,5.995321175856899,1.2291751,0,0.64543056,0.7918271,4.9045258,39.84312,-4.254457473754883,1.2288389690274697
2019-10-15,Europa_DER_A1A26_eobs_4004__2019__southbound_01,Europa / DER A1A26 (eobs 4004),40.25981,-3.6353517,40.31291,-3.5207975,40.256668,-3.639718722485359,11.868571540026242,11.369806,1,0.04101522,0.7918271,0.5084793,40.25981,-3.6353516578674316,11.369831632452728
2019-10-15,Mirabell_plus_DER_AN910_eobs_3907__2019__southbound_01,Mirabell + / DER AN910 (eobs 3907),34.67375,-6.256478,34.669426,-6.2579274,34.661724,-6.2566332457898195,0.864550783566769,0.49863538,0,0.12937692,0.7918271,1.335314,34.67375,-6.2564778327941895,0.49894767646268723
2019-10-15,Zozu_plus_DER_AL581_eobs2541__2019__southbound_01,Zozu + / DER AL581 (eobs2541),41.537804,0.61668706,41.558517,0.6160806,41.52966,0.6322298499819692,3.4789788940889363,2.3036532,0,0.306725,0.7918271,1.576333,41.537804,0.6166870594024658,2.3038262265920055
2019-10-16,Angela_DER_AY470_eobs_4001__2019__southbound_01,Angela / DER AY470 (eobs 4001),39.85417,-4.2544293,39.854153,-4.253787,39.841537,-4.245782488124943,1.560342183842938,0.054859973,0,0.22133227,0.7918271,1.5843234,39.85417,-4.254429340362549,0.054869004308260416
2019-10-16,Europa_DER_A1A26_eobs_4004__2019__southbound_01,Europa / DER A1A26 (eobs 4004),40.31291,-3.5207975,40.31289,-3.5173554,40.308052,-3.5275941170869243,1.021265034616726,0.2918607,0,0.09758782,0.7918271,0.7883141,40.31291,-3.5207974910736084,0.2918548201030242
2019-10-16,Mirabell_plus_DER_AN910_eobs_3907__2019__southbound_01,Mirabell + / DER AN910 (eobs 3907),34.669426,-6.2579274,34.675194,-6.259014,34.6585,-6.262592635461079,1.8848227762249794,0.64897716,0,0.13785759,0.7918271,1.2852497,34.669426,-6.257927417755127,0.6490072258882527
2019-10-16,Zozu_plus_DER_AL581_eobs2541__2019__southbound_01,Zozu + / DER AL581 (eobs2541),41.558517,0.6160806,41.540104,0.61511344,41.54914,0.625028110313043,1.3002313790794346,2.0489552,0,0.21065886,0.7918271,1.2789235,41.558517,0.6160805821418762,2.049076659109197
2019-10-17,Angela_DER_AY470_eobs_4001__2019__southbound_01,Angela / DER AY470 (eobs 4001),39.854153,-4.253787,39.855946,-4.2355037,39.83345,-4.2612374997192415,3.3292045084496413,1.573323,0,0.40817878,0.7918271,2.3838534,39.854153,-4.253787040710449,1.5733668823086293
2019-10-17,Europa_DER_A1A26_eobs_4004__2019__southbound_01,Europa / DER A1A26 (eobs 4004),40.31289,-3.5173554,40.30084,-3.5243456,40.30793,-3.5253056726196785,0.7927337301891934,1.4650244,0,0.10902247,0.7918271,0.8693739,40.31289,-3.517355442047119,1.4652185778331464
2019-10-17,Mirabell_plus_DER_AN910_eobs_3907__2019__southbound_01,Mirabell + / DER AN910 (eobs 3907),34.675194,-6.259014,34.66244,-6.258865,34.668903,-6.266992679826967,1.0338621592563635,1.418014,0,0.09545475,0.7918271,1.0088133,34.675194,-6.259014129638672,1.4180846157989997
2019-10-17,Zozu_plus_DER_AL581_eobs2541__2019__southbound_01,Zozu + / DER AL581 (eobs2541),41.540104,0.61511344,41.537834,0.61512095,41.524548,0.6200665263697085,1.5336862720857767,0.2524692,0,0.31665462,0.7918271,1.7750324,41.540104,0.6151134371757507,0.25238523731703777
2019-10-18,Angela_DER_AY470_eobs_4001__2019__southbound_01,Angela / DER AY470 (eobs 4001),39.855946,-4.2355037,39.856808,-4.2536893,39.84105,-4.248968171915999,1.7980224407229992,1.5552604,0,0.35311952,0.7918271,2.0124197,39.855946,-4.235503673553467,1.5552681270289426
2019-10-18,Europa_DER_A1A26_eobs_4004__2019__southbound_01,Europa / DER A1A26 (eobs 4004),40.30084,-3.5243456,40.311436,-3.5242994,40.296234,-3.531887983720689,1.8086898521383434,1.1784297,0,0.08866659,0.7918271,0.81787324,40.30084,-3.524345636367798,1.1783662567122724
2019-10-18,Mirabell_plus_DER_AN910_eobs_3907__2019__southbound_01,Mirabell + / DER AN910 (eobs 3907),34.66244,-6.258865,34.66693,-6.2491794,34.654972,-6.268912973551908,2.2418478501903647,1.0166361,0,0.13965878,0.7918271,1.2365873,34.66244,-6.258864879608154,1.016817507427794
2019-10-18,Zozu_plus_DER_AL581_eobs2541__2019__southbound_01,Zozu + / DER AL581 (eobs2541),41.537834,0.61512095,41.537945,0.6150522,41.531445,0.6249950924385775,1.0987971124452027,0.013579352,0,0.17850234,0.7918271,1.0843511,41.537834,0.6151209473609924,0.013565963952596847
2019-10-19,Angela_DER_AY470_eobs_4001__2019__southbound_01,Angela / DER AY470 (eobs 4001),39.856808,-4.2536893,39.85583,-4.240588,39.848885,-4.267814051817253,2.449112765762786,1.1235834,0,0.22035539,0.7918271,1.4907157,39.856808,-4.253689289093018,1.1235610771386053
2019-10-19,Europa_DER_A1A26_eobs_4004__2019__southbound_01,Europa / DER A1A26 (eobs 4004),40.311436,-3.5242994,40.298965,-3.5981193,40.30827,-3.5299864149571487,5.869588631635905,6.4115763,0,0.04987491,0.7918271,0.5958867,40.311436,-3.524299383163452,6.4115491730242455
2019-10-19,Mirabell_plus_DER_AN910_eobs_3907__2019__southbound_01,Mirabell + / DER AN910 (eobs 3907),34.66693,-6.2491794,34.67161,-6.257074,34.657402,-6.258685501151298,1.5869139585433376,0.8901679,0,0.1422117,0.7918271,1.3680402,34.66693,-6.249179363250732,0.8900142293735837
2019-10-19,Zozu_plus_DER_AL581_eobs2541__2019__southbound_01,Zozu + / DER AL581 (eobs2541),41.537945,0.6150522,41.610313,0.61666137,41.5314,0.6265092757207209,8.813079515745807,8.048279,0,0.1908163,0.7918271,1.1975582,41.537945,0.6150522232055664,8.048147935518614
2019-10-20,Angela_DER_AY470_eobs_4001__2019__southbound_01,Angela / DER AY470 (eobs 4001),39.85583,-4.240588,39.85592,-4.23022,39.843357,-4.254123099669741,2.472849430886786,0.88508564,0,0.2667497,0.7918271,1.8020517,39.85583,-4.240588188171387,0.8850947989168708
2019-10-20,Europa_DER_A1A26_eobs_4004__2019__southbound_01,Europa / DER A1A26 (eobs 4004),40.298965,-3.5981193,40.26033,-3.6356018,40.293274,-3.6085520803114672,4.322579716807075,5.3448567,0,0.122347504,0.7918271,1.0858318,40.298965,-3.5981192588806152,5.344743228678833
2019-10-20,Mirabell_plus_DER_AN910_eobs_3907__2019__southbound_01,Mirabell + / DER AN910 (eobs 3907),34.67161,-6.257074,34.662838,-6.260412,34.662766,-6.26793298568591,0.6878926581818938,1.0225567,0,0.13487211,0.7918271,1.3952076,34.67161,-6.257073879241943,1.0222595767024236
2019-10-20,Zozu_plus_DER_AL581_eobs2541__2019__southbound_01,Zozu + / DER AL581 (eobs2541),41.610313,0.61666137,41.578003,0.6163237,41.606674,0.6316631153769737,3.4338427199675965,3.592945,0,0.24597126,0.7918271,1.3088771,41.610313,0.6166613698005676,3.5928767921614897
2019-10-21,Angela_DER_AY470_eobs_4001__2019__southbound_01,Angela / DER AY470 (eobs 4001),39.85592,-4.23022,39.848244,-4.326322,39.829052,-4.254894829619782,6.461146456754867,8.248008,0,0.524532,0.7918271,3.6487236,39.85592,-4.230219841003418,8.248002626214129
2019-10-21,Europa_DER_A1A26_eobs_4004__2019__southbound_01,Europa / DER A1A26 (eobs 4004),40.26033,-3.6356018,40.260414,-3.635485,40.251263,-3.650606501201011,1.637730862126634,0.013717553,0,0.22266114,0.7918271,1.6211956,40.26033,-3.635601758956909,0.013614490606888912
2019-10-21,Mirabell_plus_DER_AN910_eobs_3907__2019__southbound_01,Mirabell + / DER AN910 (eobs 3907),34.662838,-6.260412,34.665943,-6.2579665,34.6482,-6.269761889564134,2.2485698367792457,0.4117195,0,0.19500743,0.7918271,1.8354412,34.662838,-6.260412216186523,0.41139922743344437
2019-10-21,Zozu_plus_DER_AL581_eobs2541__2019__southbound_01,Zozu + / DER AL581 (eobs2541),41.578003,0.6163237,41.59601,0.6161503,41.569763,0.6281995052221411,3.0856099469918092,2.0021973,0,0.2431383,0.7918271,1.3450396,41.578003,0.616323709487915,2.0021606158843483
2019-10-22,Angela_DER_AY470_eobs_4001__2019__southbound_01,Angela / DER AY470 (eobs 4001),39.848244,-4.326322,39.954094,-5.613264,39.79117,-4.445869455647476,101.25738686701985,110.40884,1,0.7770498,0.7918271,11.997049,39.848244,-4.326322078704834,110.40886338551752
2019-10-22,Europa_DER_A1A26_eobs_4004__2019__southbound_01,Europa / DER A1A26 (eobs 4004),40.260414,-3.635485,40.263466,-3.632651,40.25496,-3.643237077330846,1.3044793323420472,0.41601527,0,0.07310125,0.7918271,0.8932295,40.260414,-3.6354849338531494,0.4158997770675297
2019-10-22,Mirabell_plus_DER_AN910_eobs_3907__2019__southbound_01,Mirabell + / DER AN910 (eobs 3907),34.665943,-6.2579665,34.691273,-6.204316,34.65517,-6.269325802736613,7.173451928116629,5.656851,0,0.1693986,0.7918271,1.5826819,34.665943,-6.2579665184021,5.656911796429574
2019-10-22,Zozu_plus_DER_AL581_eobs2541__2019__southbound_01,Zozu + / DER AL581 (eobs2541),41.59601,0.6161503,41.61064,0.61687756,41.596836,0.6279844915905676,1.7914703790881055,1.6282575,0,0.14571756,0.7918271,0.98663443,41.59601,0.6161503195762634,1.628260641901336
2019-10-23,Angela_DER_AY470_eobs_4001__2019__southbound_01,Angela / DER AY470 (eobs 4001),39.954094,-5.613264,39.1135,-5.755673,39.766,-5.8698039393997785,73.21377506652857,94.26441,1,0.9157188,0.7918271,30.205814,39.766,-5.8698039393997785,73.21377506652857
2019-10-23,Europa_DER_A1A26_eobs_4004__2019__southbound_01,Europa / DER A1A26 (eobs 4004),40.263466,-3.632651,40.2248,-3.6572292,40.257698,-3.6344463370553366,4.1377674428268065,4.7788897,0,0.02938068,0.7918271,0.65805084,40.263466,-3.6326510906219482,4.778795888380285
2019-10-23,Mirabell_plus_DER_AN910_eobs_3907__2019__southbound_01,Mirabell + / DER AN910 (eobs 3907),34.691273,-6.204316,34.694874,-6.2029552,34.67716,-6.211515130585807,2.1196590220063216,0.4193376,0,0.17843133,0.7918271,1.6990561,34.691273,-6.204316139221191,0.4193067699389851
2019-10-23,Zozu_plus_DER_AL581_eobs2541__2019__southbound_01,Zozu + / DER AL581 (eobs2541),41.61064,0.61687756,41.600063,0.6174505,41.605564,0.6300708235657028,1.2146088582323933,1.1773801,0,0.18690906,0.7918271,1.2314253,41.61064,0.616877555847168,1.1772030180365716
2019-10-24,Angela_DER_AY470_eobs_4001__2019__southbound_01,Angela / DER AY470 (eobs 4001),39.1135,-5.755673,38.948307,-5.709458,38.87454,-5.708436979969766,8.203182724032256,18.797144,1,0.8994244,0.7918271,26.834919,38.87454,-5.708436979969766,8.203182724032256
2019-10-24,Europa_DER_A1A26_eobs_4004__2019__southbound_01,Europa / DER A1A26 (eobs 4004),40.2248,-3.6572292,40.23464,-3.645399,40.21523,-3.662313769357595,2.5923086211998347,1.4851036,0,0.08569267,0.7918271,1.1466471,40.2248,-3.65722918510437,1.4850350727011252
2019-10-24,Mirabell_plus_DER_AN910_eobs_3907__2019__southbound_01,Mirabell + / DER AN910 (eobs 3907),34.694874,-6.2029552,34.68872,-6.2207265,34.68243,-6.203965006312852,1.6846474391522686,1.7630408,0,0.1350839,0.7918271,1.3843274,34.694874,-6.20295524597168,1.7629607606402
2019-10-24,Zozu_plus_DER_AL581_eobs2541__2019__southbound_01,Zozu + / DER AL581 (eobs2541),41.600063,0.6174505,41.609962,0.6165721,41.600445,0.6293366227481574,1.4988011123904807,1.1032622,0,0.13868634,0.7918271,0.98752165,41.600063,0.617450475692749,1.1031558520552889
2019-10-25,Angela_DER_AY470_eobs_4001__2019__southbound_01,Angela / DER AY470 (eobs 4001),38.948307,-5.709458,38.94723,-5.709857,38.54319,-5.718092830131226,44.93308086293729,0.12478739,0,0.938844,0.7918271,44.974102,38.54319,-5.718092830131226,44.93308086293729
2019-10-25,Europa_DER_A1A26_eobs_4004__2019__southbound_01,Europa / DER A1A26 (eobs 4004),40.23464,-3.645399,40.23668,-3.6507943,40.229008,-3.653552482521391,0.8845682040596572,0.51113087,0,0.06431671,0.7918271,0.93152654,40.23464,-3.6453990936279297,0.5111147359609965
2019-10-25,Mirabell_plus_DER_AN910_eobs_3907__2019__southbound_01,Mirabell + / DER AN910 (eobs 3907),34.68872,-6.2207265,34.257607,-6.580606,34.67318,-6.232375100565105,56.16501940600743,58.192104,1,0.21279334,0.7918271,2.0264325,34.68872,-6.220726490020752,58.19214766262983
2019-10-25,Zozu_plus_DER_AL581_eobs2541__2019__southbound_01,Zozu + / DER AL581 (eobs2541),41.609962,0.6165721,41.610275,0.6163587,41.602234,0.6223914286575624,1.0252366562200752,0.039184153,0,0.11846954,0.7918271,0.98463863,41.609962,0.6165720820426941,0.03904534717231544
2019-10-26,Angela_DER_AY470_eobs_4001__2019__southbound_01,Angela / DER AY470 (eobs 4001),38.94723,-5.709857,38.947388,-5.7097907,38.89581,-5.653180385784455,7.541737012555039,0.018385515,0,0.6901414,0.7918271,7.5178566,38.94723,-5.709856986999512,0.018311419609060648
2019-10-26,Europa_DER_A1A26_eobs_4004__2019__southbound_01,Europa / DER A1A26 (eobs 4004),40.23668,-3.6507943,40.234173,-3.6368718,40.232964,-3.6624217168665227,2.1730518159901275,1.214238,0,0.08409743,0.7918271,1.0680382,40.23668,-3.650794267654419,1.2142343394351238
2019-10-26,Zozu_plus_DER_AL581_eobs2541__2019__southbound_01,Zozu + / DER AL581 (eobs2541),41.610275,0.6163587,41.610584,0.61681426,41.60824,0.6032990585612196,1.1535290444863744,0.051043432,0,0.13951483,0.7918271,1.1071773,41.610275,0.6163586974143982,0.05113652135747013
2019-10-27,Angela_DER_AY470_eobs_4001__2019__southbound_01,Angela / DER AY470 (eobs 4001),38.947388,-5.7097907,38.942554,-5.709756,38.954094,-5.681683207709034,2.7459045333928223,0.53734195,0,0.39108527,0.7918271,2.5381043,38.947388,-5.7097907066345215,0.5374388763579967
2019-10-27,Europa_DER_A1A26_eobs_4004__2019__southbound_01,Europa / DER A1A26 (eobs 4004),40.234173,-3.6368718,40.236473,-3.6445563,40.230183,-3.6431758251741773,0.709213914566177,0.7005358,0,0.042373046,0.7918271,0.69385177,40.234173,-3.636871814727783,0.7006594106653531
2019-10-27,Zozu_plus_DER_AL581_eobs2541__2019__southbound_01,Zozu + / DER AL581 (eobs2541),41.610584,0.61681426,41.610622,0.6168569,41.606747,0.6074487011842415,0.8930634428841566,0.0054355734,0,0.10858414,0.7918271,0.88635606,41.610584,0.6168142557144165,0.005526854752366589
2019-10-28,Angela_DER_AY470_eobs_4001__2019__southbound_01,Angela / DER AY470 (eobs 4001),38.942554,-5.709756,38.942482,-5.709736,38.945694,-5.6880128754485595,1.9123192068030899,0.008187163,0,0.3079832,0.7918271,1.9092107,38.942554,-5.709755897521973,0.008243353994465588
2019-10-28,Europa_DER_A1A26_eobs_4004__2019__southbound_01,Europa / DER A1A26 (eobs 4004),40.236473,-3.6445563,40.228268,-3.6555796,40.232357,-3.6495307399818806,0.6858923877471,1.3069922,0,0.037723567,0.7918271,0.6214787,40.236473,-3.6445562839508057,1.3069550610770908
2019-10-28,Zozu_plus_DER_AL581_eobs2541__2019__southbound_01,Zozu + / DER AL581 (eobs2541),41.610622,0.6168569,41.610577,0.6168313,41.604305,0.6105197907503457,0.8727274003509254,0.0053967065,0,0.09544448,0.7918271,0.87667274,41.610622,0.6168568730354309,0.0055162030033955
2019-10-29,Angela_DER_AY470_eobs_4001__2019__southbound_01,Angela / DER AY470 (eobs 4001),38.942482,-5.709736,38.947273,-5.709876,38.94167,-5.695628297556251,1.380777616996945,0.5328847,0,0.14440002,0.7918271,1.2213018,38.942482,-5.709735870361328,0.5329024462690604
2019-10-29,Europa_DER_A1A26_eobs_4004__2019__southbound_01,Europa / DER A1A26 (eobs 4004),40.228268,-3.6555796,40.228695,-3.6531482,40.22332,-3.660255633409774,0.8492950415595385,0.21183082,0,0.045702606,0.7918271,0.67732096,40.228268,-3.6555795669555664,0.21180889921148752
2019-10-29,Zozu_plus_DER_AL581_eobs2541__2019__southbound_01,Zozu + / DER AL581 (eobs2541),41.610577,0.6168313,41.610184,0.6169072,41.602867,0.6145605204752209,0.8366369482279783,0.044130895,0,0.09016929,0.7918271,0.8762343,41.610577,0.6168313026428223,0.04414314622197504
2019-10-30,Angela_DER_AY470_eobs_4001__2019__southbound_01,Angela / DER AY470 (eobs 4001),38.947273,-5.709876,38.94756,-5.709815,38.95726,-5.702886132633076,1.2339131611626046,0.03239612,0,0.16928427,0.7918271,1.262076,38.947273,-5.70987606048584,0.032248064314166186
2019-10-30,Europa_DER_A1A26_eobs_4004__2019__southbound_01,Europa / DER A1A26 (eobs 4004),40.228695,-3.6531482,40.263042,-3.633526,40.22472,-3.6564248488740345,4.6835620545419605,4.166494,0,0.023169134,0.7918271,0.521241,40.228695,-3.6531481742858887,4.166578412929829
2019-10-30,Zozu_plus_DER_AL581_eobs2541__2019__southbound_01,Zozu + / DER AL581 (eobs2541),41.610184,0.6169072,41.610344,0.6167396,41.60599,0.6241012924167981,0.7802940665804627,0.02265962,0,0.06600846,0.7918271,0.7570957,41.610184,0.6169071793556213,0.022617740629212735
2019-10-31,Angela_DER_AY470_eobs_4001__2019__southbound_01,Angela / DER AY470 (eobs 4001),38.94756,-5.709815,38.9477,-5.709777,38.954327,-5.724357695179768,1.460362268919895,0.015940262,0,0.22725356,0.7918271,1.4630656,38.94756,-5.70981502532959,0.01603745488717881
2019-10-31,Europa_DER_A1A26_eobs_4004__2019__southbound_01,Europa / DER A1A26 (eobs 4004),40.263042,-3.633526,40.221237,-3.609409,40.25984,-3.6369784023170038,4.888679883308279,5.0793185,0,0.018619549,0.7918271,0.46032962,40.263042,-3.633526086807251,5.07928119224625
2019-10-31,Zozu_plus_DER_AL581_eobs2541__2019__southbound_01,Zozu + / DER AL581 (eobs2541),41.610344,0.6167396,41.61039,0.61670965,41.608257,0.6068118570004117,0.8563776662511629,0.00549471,0,0.0753455,0.7918271,0.85587204,41.610344,0.6167395710945129,0.005665460145022863
2019-11-01,Angela_DER_AY470_eobs_4001__2019__southbound_01,Angela / DER AY470 (eobs 4001),38.9477,-5.709777,38.94789,-5.7095823,38.952168,-5.7259305658166175,1.491551188169355,0.027114842,0,0.24149631,0.7918271,1.4800284,38.9477,-5.709776878356934,0.027071597191728303
2019-11-01,Europa_DER_A1A26_eobs_4004__2019__southbound_01,Europa / DER A1A26 (eobs 4004),40.221237,-3.609409,40.263092,-3.6334133,40.217213,-3.6146942986333954,5.343259329431282,5.0808387,0,0.044205565,0.7918271,0.63259745,40.221237,-3.6094090938568115,5.080481898537899
2019-11-01,Zozu_plus_DER_AL581_eobs2541__2019__southbound_01,Zozu + / DER AL581 (eobs2541),41.61039,0.61670965,41.61056,0.6166181,41.606586,0.6053876824875587,1.0330315755532,0.020817084,0,0.11192136,0.7918271,1.0301954,41.61039,0.6167096495628357,0.02054952577359191
2019-11-02,Angela_DER_AY470_eobs_4001__2019__southbound_01,Angela / DER AY470 (eobs 4001),38.94789,-5.7095823,38.947777,-5.709546,38.948166,-5.7251259742414025,1.348016737029654,0.013295717,0,0.22591749,0.7918271,1.3421826,38.94789,-5.709582328796387,0.013105496940964342
2019-11-02,Europa_DER_A1A26_eobs_4004__2019__southbound_01,Europa / DER A1A26 (eobs 4004),40.263092,-3.6334133,40.26441,-3.6322372,40.25903,-3.638750810006839,0.8143621201550622,0.17686382,0,0.04075471,0.7918271,0.6386355,40.263092,-3.633413314819336,0.17712833818385082
2019-11-02,Zozu_plus_DER_AL581_eobs2541__2019__southbound_01,Zozu + / DER AL581 (eobs2541),41.61056,0.6166181,41.610626,0.6168728,41.606495,0.6048487961957338,1.1001780954151505,0.022258906,0,0.10538695,0.7918271,1.0760493,41.61056,0.6166180968284607,0.022368606374797022
2019-11-03,Angela_DER_AY470_eobs_4001__2019__southbound_01,Angela / DER AY470 (eobs 4001),38.947777,-5.709546,38.947834,-5.7096148,38.93569,-5.714366998115669,1.4113220710370344,0.008610472,0,0.24369346,0.7918271,1.4046539,38.947777,-5.709546089172363,0.008703048433532777
2019-11-03,Europa_DER_A1A26_eobs_4004__2019__southbound_01,Europa / DER A1A26 (eobs 4004),40.26441,-3.6322372,40.26531,-3.5684195,40.259296,-3.636018186630499,5.774729738866279,5.4158177,0,0.03743359,0.7918271,0.6516018,40.26441,-3.632237195968628,5.415800431987503
2019-11-03,Zozu_plus_DER_AL581_eobs2541__2019__southbound_01,Zozu + / DER AL581 (eobs2541),41.610626,0.6168728,41.6106,0.6168585,41.60415,0.606837423742541,1.0993930051987648,0.0031877782,0,0.13276596,0.7918271,1.1003695,41.610626,0.6168727874755859,0.003198553564588659
2019-11-04,Angela_DER_AY470_eobs_4001__2019__southbound_01,Angela / DER AY470 (eobs 4001),38.947834,-5.7096148,38.948036,-5.7095118,38.936832,-5.718949715482021,1.4893886535785092,0.02447394,0,0.2303326,0.7918271,1.4631336,38.947834,-5.7096147537231445,0.024181473694744188
2019-11-04,Europa_DER_A1A26_eobs_4004__2019__southbound_01,Europa / DER A1A26 (eobs 4004),40.26531,-3.5684195,40.320454,-3.5903769,40.256783,-3.5759442526620906,7.184967730878609,6.4083366,0,0.13845843,0.7918271,1.1410466,40.26531,-3.5684194564819336,6.408440508364736
2019-11-04,Zozu_plus_DER_AL581_eobs2541__2019__southbound_01,Zozu + / DER AL581 (eobs2541),41.6106,0.6168585,41.610603,0.6167747,41.601467,0.6092135151481207,1.194684468746849,0.0069865226,0,0.17467447,0.7918271,1.1960512,41.6106,0.6168584823608398,0.0069801918326630975
2019-11-05,Angela_DER_AY470_eobs_4001__2019__southbound_01,Angela / DER AY470 (eobs 4001),38.948036,-5.7095118,38.94779,-5.7095337,38.938316,-5.715165626204673,1.1604008790833262,0.027828755,0,0.15061012,0.7918271,1.1841067,38.948036,-5.709511756896973,0.027636585151302136
2019-11-05,Europa_DER_A1A26_eobs_4004__2019__southbound_01,Europa / DER A1A26 (eobs 4004),40.320454,-3.5903769,40.32094,-3.590476,40.312637,-3.5941732366482375,0.9747816296582323,0.054744285,0,0.07506984,0.7918271,0.92520285,40.320454,-3.590376853942871,0.054522589823898675
2019-11-05,Zozu_plus_DER_AL581_eobs2541__2019__southbound_01,Zozu + / DER AL581 (eobs2541),41.610603,0.6167747,41.57751,0.61590147,41.60122,0.6098465431932215,2.683913534213354,3.6802006,0,0.15620005,0.7918271,1.1898053,41.610603,0.6167746782302856,3.680439477121902
2019-11-06,Angela_DER_AY470_eobs_4001__2019__southbound_01,Angela / DER AY470 (eobs 4001),38.94779,-5.7095337,38.94776,-5.709565,38.920994,-5.723207636980665,3.201812801532864,0.0040704077,0,0.5518746,0.7918271,3.1997128,38.94779,-5.70953369140625,0.004027823793762279
2019-11-06,Europa_DER_A1A26_eobs_4004__2019__southbound_01,Europa / DER A1A26 (eobs 4004),40.32094,-3.590476,40.32161,-3.590948,40.313,-3.59681243738089,1.0787730502656816,0.08465342,0,0.08357429,0.7918271,1.0316657,40.32094,-3.5904760360717773,0.08470565534935276
2019-11-06,Zozu_plus_DER_AL581_eobs2541__2019__southbound_01,Zozu + / DER AL581 (eobs2541),41.57751,0.61590147,41.59604,0.6166428,41.566143,0.6105352074893792,3.3628554120538534,2.0610116,0,0.20057265,0.7918271,1.3381138,41.57751,0.6159014701843262,2.0611430280469354
2019-11-07,Angela_DER_AY470_eobs_4001__2019__southbound_01,Angela / DER AY470 (eobs 4001),38.94776,-5.709565,38.947758,-5.709442,38.93421,-5.718097107555161,1.681991330110903,0.010640212,0,0.26829028,0.7918271,1.6745179,38.94776,-5.709565162658691,0.010647391624370083
2019-11-07,Europa_DER_A1A26_eobs_4004__2019__southbound_01,Europa / DER A1A26 (eobs 4004),40.32161,-3.590948,40.320667,-3.5899677,40.31474,-3.5998386225900143,1.0653047585487108,0.1336772,0,0.06721676,0.7918271,1.0712665,40.32161,-3.5909481048583984,0.133735242270615
2019-11-07,Zozu_plus_DER_AL581_eobs2541__2019__southbound_01,Zozu + / DER AL581 (eobs2541),41.59604,0.6166428,41.595917,0.6163382,41.58528,0.6131742375160547,1.211520330744243,0.02868119,0,0.15728252,0.7918271,1.2281171,41.59604,0.6166427731513977,0.028735728986298722
2019-11-08,Angela_DER_AY470_eobs_4001__2019__southbound_01,Angela / DER AY470 (eobs 4001),38.947758,-5.709442,38.94775,-5.7092333,38.930405,-5.720480479528742,2.1601500543852334,0.018063597,0,0.38196623,0.7918271,2.1491141,38.947758,-5.709442138671875,0.01808136873122169
2019-11-08,Europa_DER_A1A26_eobs_4004__2019__southbound_01,Europa / DER A1A26 (eobs 4004),40.320667,-3.5899677,40.314827,-3.591249,40.308704,-3.6025453193873154,1.1751197789510612,0.6585893,0,0.19683717,0.7918271,1.7017713,40.320667,-3.589967727661133,0.6584354120727913
2019-11-08,Zozu_plus_DER_AL581_eobs2541__2019__southbound_01,Zozu + / DER AL581 (eobs2541),41.595917,0.6163382,41.56829,0.6148403,41.58397,0.6094063266552627,1.8010066003443963,3.0746284,0,0.17334908,0.7918271,1.4457972,41.595917,0.6163381934165955,3.07440476828048
2019-11-09,Angela_DER_AY470_eobs_4001__2019__southbound_01,Angela / DER AY470 (eobs 4001),38.94775,-5.7092333,38.94493,-5.7046394,38.932983,-5.7166151006088155,1.6845691513549468,0.5061008,0,0.33961034,0.7918271,1.7586013,38.94775,-5.709233283996582,0.5060535257320842
2019-11-09,Europa_DER_A1A26_eobs_4004__2019__southbound_01,Europa / DER A1A26 (eobs 4004),40.314827,-3.591249,40.320316,-3.5903153,40.30454,-3.6026470938950594,2.04234352956149,0.6153253,0,0.18404064,0.7918271,1.4949489,40.314827,-3.5912489891052246,0.6154999404518676
2019-11-09,Zozu_plus_DER_AL581_eobs2541__2019__southbound_01,Zozu + / DER AL581 (eobs2541),41.56829,0.6148403,41.61059,0.6168529,41.55589,0.6127073165680432,6.0924423552184725,4.706623,0,0.17446917,0.7918271,1.3879956,41.56829,0.6148403286933899,4.706659819742514
2019-11-10,Angela_DER_AY470_eobs_4001__2019__southbound_01,Angela / DER AY470 (eobs 4001),38.94493,-5.7046394,38.94554,-5.7010317,38.93326,-5.708869827424539,1.5244470039765385,0.31925437,0,0.24005267,0.7918271,1.3455943,38.94493,-5.704639434814453,0.319300305378738
2019-11-10,Europa_DER_A1A26_eobs_4004__2019__southbound_01,Europa / DER A1A26 (eobs 4004),40.320316,-3.5903153,40.30106,-3.5429425,40.314243,-3.5968177306271136,4.797811289120929,4.5518446,0,0.05690721,0.7918271,0.87031657,40.320316,-3.590315341949463,4.5518897173751505
2019-11-10,Zozu_plus_DER_AL581_eobs2541__2019__southbound_01,Zozu + / DER AL581 (eobs2541),41.61059,0.6168529,41.537857,0.6144059,41.599575,0.6168289661467496,6.865696448072979,8.09023,0,0.13372855,0.7918271,1.2227591,41.61059,0.616852879524231,8.090316690151838
2019-11-11,Angela_DER_AY470_eobs_4001__2019__southbound_01,Angela / DER AY470 (eobs 4001),38.94554,-5.7010317,38.94428,-5.7045703,38.934563,-5.7042177772602205,1.080805289660291,0.33657038,0,0.19076647,0.7918271,1.2492293,38.94554,-5.701031684875488,0.33669681071662527
2019-11-11,Europa_DER_A1A26_eobs_4004__2019__southbound_01,Europa / DER A1A26 (eobs 4004),40.30106,-3.5429425,40.301174,-3.5220733,40.290024,-3.5504933866324655,2.710521706570069,1.7698361,0,0.14691368,0.7918271,1.3816073,40.30106,-3.542942523956299,1.7698329534332018
2019-11-11,Zozu_plus_DER_AL581_eobs2541__2019__southbound_01,Zozu + / DER AL581 (eobs2541),41.537857,0.6144059,41.537548,0.6133583,41.522938,0.6078263224540603,1.6885946987792055,0.09364996,0,0.23125133,0.7918271,1.7440546,41.537857,0.6144058704376221,0.09371496618825412
2019-11-12,Angela_DER_AY470_eobs_4001__2019__southbound_01,Angela / DER AY470 (eobs 4001),38.94428,-5.7045703,38.945267,-5.7049747,38.93666,-5.707560576240023,0.9827273220756169,0.11512898,0,0.072114326,0.7918271,0.8841479,38.94428,-5.704570293426514,0.11529279177058903
2019-11-12,Europa_DER_A1A26_eobs_4004__2019__southbound_01,Europa / DER A1A26 (eobs 4004),40.301174,-3.5220733,40.32065,-3.590955,40.290962,-3.5248476835163407,6.505427022564389,6.229133,0,0.086815104,0.7918271,1.1576195,40.301174,-3.522073268890381,6.229068476748202
2019-11-12,Zozu_plus_DER_AL581_eobs2541__2019__southbound_01,Zozu + / DER AL581 (eobs2541),41.537548,0.6133583,41.595703,0.6163259,41.52646,0.6158229123413222,7.699748656304115,6.4709167,0,0.118873835,0.7918271,1.2479792,41.537548,0.6133583188056946,6.47126780105789
2019-11-13,Angela_DER_AY470_eobs_4001__2019__southbound_01,Angela / DER AY470 (eobs 4001),38.945267,-5.7049747,38.948074,-5.7094107,38.943413,-5.715143647197779,0.7172800728807822,0.49467632,0,0.07949814,0.7918271,0.9016979,38.945267,-5.70497465133667,0.4946045882735591
2019-11-13,Europa_DER_A1A26_eobs_4004__2019__southbound_01,Europa / DER A1A26 (eobs 4004),40.32065,-3.590955,40.25946,-3.6355994,40.31384,-3.600197951000024,6.751185846821999,7.786413,0,0.07259356,0.7918271,1.0876504,40.32065,-3.5909550189971924,7.786517751992717
2019-11-13,Zozu_plus_DER_AL581_eobs2541__2019__southbound_01,Zozu + / DER AL581 (eobs2541),41.595703,0.6163259,41.59582,0.6163265,41.585052,0.6128225163421985,1.2323952171760244,0.013543652,0,0.11963294,0.7918271,1.2175312,41.595703,0.6163259148597717,0.013149536039388272
2019-11-14,Angela_DER_AY470_eobs_4001__2019__southbound_01,Angela / DER AY470 (eobs 4001),38.948074,-5.7094107,38.948277,-5.7087097,38.94647,-5.717998520986993,0.8280668492575863,0.0646586,0,0.058405116,0.7918271,0.7624832,38.948074,-5.709410667419434,0.06465146716563094
2019-11-14,Europa_DER_A1A26_eobs_4004__2019__southbound_01,Europa / DER A1A26 (eobs 4004),40.25946,-3.6355994,40.22012,-3.6011417,40.245823,-3.6541391784453854,5.329996363691775,5.262263,0,0.22212192,0.7918271,2.1812418,40.25946,-3.635599374771118,5.262206407419245
2019-11-14,Zozu_plus_DER_AL581_eobs2541__2019__southbound_01,Zozu + / DER AL581 (eobs2541),41.59582,0.6163265,41.595604,0.6152768,41.586002,0.6111699284563717,1.1209493234449421,0.0906081,0,0.104901515,0.7918271,1.1709682,41.59582,0.6163265109062195,0.09057628876142833
2019-11-15,Angela_DER_AY470_eobs_4001__2019__southbound_01,Angela / DER AY470 (eobs 4001),38.948277,-5.7087097,38.947964,-5.708994,38.939804,-5.7158717615541965,1.0849074023339504,0.04266649,0,0.12960124,0.7918271,1.1255065,38.948277,-5.708709716796875,0.042589045359058046
2019-11-15,Europa_DER_A1A26_eobs_4004__2019__southbound_01,Europa / DER A1A26 (eobs 4004),40.22012,-3.6011417,40.26558,-3.6291306,40.20851,-3.609925725795181,6.551716377790981,5.5853415,0,0.16225451,0.7918271,1.4881042,40.22012,-3.6011416912078857,5.585294629398175
2019-11-15,Zozu_plus_DER_AL581_eobs2541__2019__southbound_01,Zozu + / DER AL581 (eobs2541),41.595604,0.6152768,41.595654,0.6163691,41.58602,0.6098556694451233,1.2002298084282976,0.0909918,0,0.101513155,0.7918271,1.1550328,41.595604,0.6152768135070801,0.09100095030158209
2019-11-16,Angela_DER_AY470_eobs_4001__2019__southbound_01,Angela / DER AY470 (eobs 4001),38.947964,-5.708994,38.947926,-5.709066,38.93653,-5.713143911643954,1.3151838455075096,0.0075803446,0,0.16574618,0.7918271,1.3187715,38.947964,-5.708993911743164,0.0075341659558349205
2019-11-16,Zozu_plus_DER_AL581_eobs2541__2019__southbound_01,Zozu + / DER AL581 (eobs2541),41.595654,0.6163691,41.59564,0.6163453,41.584892,0.6135142570580198,1.2178768589196398,0.002444287,0,0.13255405,0.7918271,1.217609,41.595654,0.6163691282272339,0.002609516758500531
2019-11-17,Angela_DER_AY470_eobs_4001__2019__southbound_01,Angela / DER AY470 (eobs 4001),38.947926,-5.709066,38.975105,-5.690098,38.940594,-5.717686902570684,4.518546775955689,3.4387429,0,0.119451724,0.7918271,1.1029615,38.947926,-5.709065914154053,3.4385540749210226
2019-11-17,Zozu_plus_DER_AL581_eobs2541__2019__southbound_01,Zozu + / DER AL581 (eobs2541),41.59564,0.6163453,41.543106,0.61478657,41.587795,0.6080550856556616,5.000675076769206,5.8428946,0,0.11197278,0.7918271,1.1096039,41.59564,0.6163452863693237,5.842760863917975
2019-11-18,Angela_DER_AY470_eobs_4001__2019__southbound_01,Angela / DER AY470 (eobs 4001),38.975105,-5.690098,38.97549,-5.6930466,38.970833,-5.697205605920233,0.6304819074974007,0.25847366,0,0.05236463,0.7918271,0.7754267,38.975105,-5.690097808837891,0.2584806656344567
2019-11-18,Zozu_plus_DER_AL581_eobs2541__2019__southbound_01,Zozu + / DER AL581 (eobs2541),41.543106,0.61478657,41.59566,0.61608356,41.533962,0.6056903165213472,6.914891644703203,5.844592,0,0.1523899,0.7918271,1.265495,41.543106,0.6147865653038025,5.8448628142196535
2019-11-19,Angela_DER_AY470_eobs_4001__2019__southbound_01,Angela / DER AY470 (eobs 4001),38.97549,-5.6930466,38.972576,-5.6914873,38.97582,-5.703055387132575,1.0630289584898673,0.35126427,0,0.07482901,0.7918271,0.8644588,38.97549,-5.693046569824219,0.35098495124189893
2019-11-19,Zozu_plus_DER_AL581_eobs2541__2019__southbound_01,Zozu + / DER AL581 (eobs2541),41.59566,0.61608356,41.577873,0.616224,41.589718,0.6070093758840917,1.5238212756556098,1.9778725,0,0.09573776,0.7918271,1.0011758,41.59566,0.616083562374115,1.9779651573143084
2019-11-20,Angela_DER_AY470_eobs_4001__2019__southbound_01,Angela / DER AY470 (eobs 4001),38.972576,-5.6914873,38.97435,-5.69119,38.972805,-5.701866515949935,0.9388251803277597,0.19890858,0,0.061317794,0.7918271,0.8960493,38.972576,-5.6914873123168945,0.19891176031295627
2019-11-20,Zozu_plus_DER_AL581_eobs2541__2019__southbound_01,Zozu + / DER AL581 (eobs2541),41.577873,0.616224,41.595757,0.61629295,41.57188,0.6053787068284957,2.8058166294784734,1.9886934,0,0.12075394,0.7918271,1.1194892,41.577873,0.6162239909172058,1.9885433366302088
2019-11-21,Angela_DER_AY470_eobs_4001__2019__southbound_01,Angela / DER AY470 (eobs 4001),38.97435,-5.69119,38.958992,-5.698703,38.978485,-5.700078808554069,2.1707990596123232,1.826903,0,0.059500236,0.7918271,0.8939853,38.97435,-5.691189765930176,1.8270884568091856
2019-11-21,Zozu_plus_DER_AL581_eobs2541__2019__southbound_01,Zozu + / DER AL581 (eobs2541),41.595757,0.61629295,41.610466,0.6169816,41.589214,0.6203555214305727,2.379676978093937,1.6364815,0,0.04269499,0.7918271,0.8008009,41.595757,0.6162929534912109,1.6366230141110747
2019-11-22,Angela_DER_AY470_eobs_4001__2019__southbound_01,Angela / DER AY470 (eobs 4001),38.958992,-5.698703,38.948315,-5.7087913,38.96573,-5.694100731244871,2.315821628874196,1.4731357,0,0.051679652,0.7918271,0.8467653,38.958992,-5.698702812194824,1.4733020181182395
2019-11-22,Zozu_plus_DER_AL581_eobs2541__2019__southbound_01,Zozu + / DER AL581 (eobs2541),41.610466,0.6169816,41.595745,0.6163688,41.604206,0.6208609913838087,1.0122614513251984,1.637768,0,0.036087103,0.7918271,0.76563185,41.610466,0.6169816255569458,1.637686490888372
2019-11-23,Angela_DER_AY470_eobs_4001__2019__southbound_01,Angela / DER AY470 (eobs 4001),38.948315,-5.7087913,38.975197,-5.6890473,38.94831,-5.700855578288178,3.1591138925858577,3.442102,0,0.035904236,0.7918271,0.6850568,38.948315,-5.708791255950928,3.442275539559677
2019-11-23,Zozu_plus_DER_AL581_eobs2541__2019__southbound_01,Zozu + / DER AL581 (eobs2541),41.595745,0.6163688,41.595833,0.6162583,41.588825,0.621210277136524,0.881338461995617,0.0133839855,0,0.05449036,0.7918271,0.8669081,41.595745,0.6163687705993652,0.013399053911479554
2019-11-24,Angela_DER_AY470_eobs_4001__2019__southbound_01,Angela / DER AY470 (eobs 4001),38.975197,-5.6890473,38.947124,-5.708028,38.972115,-5.6992395836277705,2.880796098998755,3.526672,0,0.088270545,0.7918271,0.9437643,38.975197,-5.689047336578369,3.526614495731064
2019-11-24,Zozu_plus_DER_AL581_eobs2541__2019__southbound_01,Zozu + / DER AL581 (eobs2541),41.595833,0.6162583,41.59581,0.6160743,41.587208,0.617676375800149,0.9657499937310847,0.015461633,0,0.08079501,0.7918271,0.9645993,41.595833,0.6162583231925964,0.015511043349200296
2019-11-25,Angela_DER_AY470_eobs_4001__2019__southbound_01,Angela / DER AY470 (eobs 4001),38.947124,-5.708028,38.946205,-5.7097826,38.939228,-5.71131248025763,0.7870187164548117,0.18294378,0,0.072422095,0.7918271,0.9213311,38.947124,-5.7080278396606445,0.18297199847701992
2019-11-25,Zozu_plus_DER_AL581_eobs2541__2019__southbound_01,Zozu + / DER AL581 (eobs2541),41.59581,0.6160743,41.60309,0.6166731,41.58825,0.6086344763290025,1.780306955910315,0.8105639,0,0.097481534,0.7918271,1.0419881,41.59581,0.6160743236541748,0.8108571186774738
2019-11-26,Angela_DER_AY470_eobs_4001__2019__southbound_01,Angela / DER AY470 (eobs 4001),38.946205,-5.7097826,38.945168,-5.7074404,38.93883,-5.711069183011319,0.7712936356363113,0.2330669,0,0.05297638,0.7918271,0.8261945,38.946205,-5.709782600402832,0.23311233293323397
2019-11-26,Zozu_plus_DER_AL581_eobs2541__2019__southbound_01,Zozu + / DER AL581 (eobs2541),41.60309,0.6166731,41.595833,0.6160955,41.59539,0.6136068059810895,0.21272021015488923,0.80803776,0,0.058022276,0.7918271,0.89153504,41.60309,0.6166731119155884,0.8082104108948879
2019-11-27,Angela_DER_AY470_eobs_4001__2019__southbound_01,Angela / DER AY470 (eobs 4001),38.945168,-5.7074404,38.93997,-5.720473,38.93843,-5.702587860588575,1.5562687019154833,1.2668691,0,0.060349226,0.7918271,0.8570913,38.945168,-5.707440376281738,1.2667413927116755
2019-11-27,Zozu_plus_DER_AL581_eobs2541__2019__southbound_01,Zozu + / DER AL581 (eobs2541),41.595833,0.6160955,41.61036,0.6166902,41.58948,0.6202239568039916,2.3400345325249723,1.6158541,0,0.038894136,0.7918271,0.7839715,41.595833,0.6160954833030701,1.6160173473858768
2019-11-28,Angela_DER_AY470_eobs_4001__2019__southbound_01,Angela / DER AY470 (eobs 4001),38.93997,-5.720473,38.94498,-5.711996,38.93259,-5.717285417363213,1.4516885245174536,0.92112017,0,0.060954172,0.7918271,0.86397845,38.93997,-5.720472812652588,0.9209281722584032
2019-11-28,Zozu_plus_DER_AL581_eobs2541__2019__southbound_01,Zozu + / DER AL581 (eobs2541),41.61036,0.6166902,41.610256,0.6167412,41.60332,0.6148185586554662,0.7875447995346426,0.012244043,0,0.04712225,0.7918271,0.7966495,41.61036,0.6166902184486389,0.012211325200985276
2019-11-29,Angela_DER_AY470_eobs_4001__2019__southbound_01,Angela / DER AY470 (eobs 4001),38.94498,-5.711996,38.94529,-5.7098374,38.93644,-5.70933993813386,0.9850275056596609,0.18983671,0,0.078622535,0.7918271,0.9752026,38.94498,-5.711996078491211,0.189818588434113
2019-11-29,Zozu_plus_DER_AL581_eobs2541__2019__southbound_01,Zozu + / DER AL581 (eobs2541),41.610256,0.6167412,41.592262,0.61618,41.60233,0.6158132431746774,1.1198147032440775,2.001316,0,0.06721006,0.7918271,0.8832265,41.610256,0.6167411804199219,2.0013801871178116
2019-11-30,Angela_DER_AY470_eobs_4001__2019__southbound_01,Angela / DER AY470 (eobs 4001),38.94529,-5.7098374,38.946808,-5.7097335,38.938385,-5.702031626965657,1.1492880782041033,0.16875415,0,0.0862698,0.7918271,1.0205109,38.94529,-5.709837436676025,0.16906105630400178
2019-11-30,Zozu_plus_DER_AL581_eobs2541__2019__southbound_01,Zozu + / DER AL581 (eobs2541),41.592262,0.61618,41.610573,0.61691046,41.583878,0.615337731495502,2.9712601689351286,2.0372267,0,0.0798404,0.7918271,0.9333467,41.592262,0.6161800026893616,2.0369484492369616
2019-12-01,Angela_DER_AY470_eobs_4001__2019__southbound_01,Angela / DER AY470 (eobs 4001),38.946808,-5.7097335,38.976795,-5.691352,38.94153,-5.700599816900214,4.00219652464226,3.6939094,0,0.081254035,0.7918271,0.9823162,38.946808,-5.709733486175537,3.693831301748346
2019-12-01,Zozu_plus_DER_AL581_eobs2541__2019__southbound_01,Zozu + / DER AL581 (eobs2541),41.610573,0.61691046,41.61063,0.6168907,41.60404,0.6192802148123107,0.7594217373514973,0.006450524,0,0.037573926,0.7918271,0.7515295,41.610573,0.616910457611084,0.0065706532072689165
2019-12-02,Angela_DER_AY470_eobs_4001__2019__southbound_01,Angela / DER AY470 (eobs 4001),38.976795,-5.691352,38.976936,-5.691152,38.9811,-5.682452083258931,0.8830144711860279,0.023334812,0,0.06666218,0.7918271,0.90446246,38.976795,-5.691351890563965,0.023336669969041827
2019-12-02,Zozu_plus_DER_AL581_eobs2541__2019__southbound_01,Zozu + / DER AL581 (eobs2541),41.61063,0.6168907,41.6106,0.6168825,41.605,0.6102045580126505,0.8342690755489818,0.0033939069,0,0.054764535,0.7918271,0.83590865,41.61063,0.6168907284736633,0.003461623664053427
2019-12-03,Angela_DER_AY470_eobs_4001__2019__southbound_01,Angela / DER AY470 (eobs 4001),38.976936,-5.691152,38.94803,-5.7096868,38.969425,-5.684758720839998,3.2103546712773334,3.5917184,0,0.08717561,0.7918271,0.99970293,38.976936,-5.691152095794678,3.591719238511543
2019-12-03,Zozu_plus_DER_AL581_eobs2541__2019__southbound_01,Zozu + / DER AL581 (eobs2541),41.6106,0.6168825,41.60985,0.6168141,41.60485,0.6098061050714559,0.8054375400975414,0.08340692,0,0.0566855,0.7918271,0.86731946,41.6106,0.6168825030326843,0.0833328162344332
2019-12-04,Angela_DER_AY470_eobs_4001__2019__southbound_01,Angela / DER AY470 (eobs 4001),38.94803,-5.7096868,38.94684,-5.7096205,38.93621,-5.704820060794958,1.2525598703591034,0.13247351,0,0.16361247,0.7918271,1.3772234,38.94803,-5.709686756134033,0.13246684460070807
2019-12-04,Zozu_plus_DER_AL581_eobs2541__2019__southbound_01,Zozu + / DER AL581 (eobs2541),41.60985,0.6168141,41.610054,0.6165117,41.602726,0.6123227007625415,0.8861547461854296,0.033783834,0,0.05518801,0.7918271,0.87457156,41.60985,0.6168140769004822,0.03372503687598726
2019-12-05,Angela_DER_AY470_eobs_4001__2019__southbound_01,Angela / DER AY470 (eobs 4001),38.94684,-5.7096205,38.946766,-5.709671,38.93403,-5.701688175318673,1.5756408052387412,0.008998623,0,0.19593975,0.7918271,1.5780693,38.94684,-5.709620475769043,0.00916838992563545
2019-12-05,Zozu_plus_DER_AL581_eobs2541__2019__southbound_01,Zozu + / DER AL581 (eobs2541),41.610054,0.6165117,41.61008,0.6168609,41.602627,0.6180029739592063,0.8342603762501714,0.029195528,0,0.04634364,0.7918271,0.8334709,41.610054,0.6165117025375366,0.02918535888264016
2019-12-06,Angela_DER_AY470_eobs_4001__2019__southbound_01,Angela / DER AY470 (eobs 4001),38.946766,-5.709671,38.945885,-5.7098904,38.937508,-5.70309177285186,1.101542856351144,0.09988166,0,0.08812919,0.7918271,1.1742567,38.946766,-5.7096710205078125,0.09980379531436308
2019-12-06,Zozu_plus_DER_AL581_eobs2541__2019__southbound_01,Zozu + / DER AL581 (eobs2541),41.61008,0.6168609,41.75176,0.0536483,41.60354,0.6211983209598293,49.93400862541527,49.354767,1,0.04378279,0.7918271,0.8106217,41.61008,0.6168609261512756,49.35488059817836
2019-12-07,Angela_DER_AY470_eobs_4001__2019__southbound_01,Angela / DER AY470 (eobs 4001),38.945885,-5.7098904,38.94683,-5.70973,38.93466,-5.7040664076949925,1.4390544765555155,0.10618658,0,0.12485512,0.7918271,1.3433592,38.945885,-5.709890365600586,0.10610410221284497
2019-12-07,Zozu_plus_DER_AL581_eobs2541__2019__southbound_01,Zozu + / DER AL581 (eobs2541),41.75176,0.0536483,41.75479,0.0522777,41.67959,-0.010586539237993395,9.856533176627705,0.35621473,0,0.6672101,0.7918271,9.615937,41.75176,0.05364830046892166,0.35587065013066504
2019-12-08,Angela_DER_AY470_eobs_4001__2019__southbound_01,Angela / DER AY470 (eobs 4001),38.94683,-5.70973,38.946754,-5.7097063,38.938644,-5.704920243795912,0.9922546232815284,0.009002644,0,0.0555666,0.7918271,0.99922186,38.94683,-5.70973014831543,0.008730471990116832
2019-12-08,Zozu_plus_DER_AL581_eobs2541__2019__southbound_01,Zozu + / DER AL581 (eobs2541),41.75479,0.0522777,41.758812,0.0692217,41.75703,0.06269452547254878,0.5765140848200558,1.4748272,0,0.037206035,0.7918271,0.8977111,41.75479,0.05227769911289215,1.4748840427896643
2019-12-09,Zozu_plus_DER_AL581_eobs2541__2019__southbound_01,Zozu + / DER AL581 (eobs2541),41.758812,0.0692217,41.610653,0.6147254,41.758728,0.08062703979005845,47.310236612076295,48.202354,1,0.05247633,0.7918271,0.9444187,41.758812,0.06922169774770737,48.202434797390815
2019-12-10,Zozu_plus_DER_AL581_eobs2541__2019__southbound_01,Zozu + / DER AL581 (eobs2541),41.610653,0.6147254,41.610607,0.6168713,41.594078,0.6266078466883527,2.008354647019261,0.17847928,0,0.27198553,0.7918271,2.0875964,41.610653,0.6147254109382629,0.17847681173370092
2019-12-11,Zozu_plus_DER_AL581_eobs2541__2019__southbound_01,Zozu + / DER AL581 (eobs2541),41.610607,0.6168713,41.538383,0.6169095,41.606827,0.6311487611948018,7.702186397921634,8.031143,0,0.11066607,0.7918271,1.2570323,41.610607,0.6168712973594666,8.0309166676223
2019-12-12,Zozu_plus_DER_AL581_eobs2541__2019__southbound_01,Zozu + / DER AL581 (eobs2541),41.538383,0.6169095,41.538425,0.6166356,41.530613,0.6310832948738228,1.4835156902363684,0.023288382,0,0.14033999,0.7918271,1.4596953,41.538383,0.6169095039367676,0.023268152416281326
2019-12-13,Zozu_plus_DER_AL581_eobs2541__2019__southbound_01,Zozu + / DER AL581 (eobs2541),41.538425,0.6166356,41.539825,0.61585623,41.53463,0.6286959611628091,1.2148441465301139,0.16845141,0,0.07883768,0.7918271,1.086967,41.538425,0.6166356205940247,0.16864707232844775
2019-12-14,Zozu_plus_DER_AL581_eobs2541__2019__southbound_01,Zozu + / DER AL581 (eobs2541),41.539825,0.61585623,41.595787,0.6162532,41.5328,0.6258929764660458,7.049755015369749,6.2229757,0,0.105205595,0.7918271,1.141772,41.539825,0.6158562302589417,6.222743224158205
2019-12-15,Zozu_plus_DER_AL581_eobs2541__2019__southbound_01,Zozu + / DER AL581 (eobs2541),41.595787,0.6162532,41.61031,0.61664575,41.58862,0.6261412709998044,2.5378149721062617,1.6152493,0,0.09678674,0.7918271,1.1431353,41.595787,0.6162531971931458,1.6151662265188897
2019-12-16,Zozu_plus_DER_AL581_eobs2541__2019__southbound_01,Zozu + / DER AL581 (eobs2541),41.61031,0.61664575,41.538498,0.6163116,41.60414,0.6258025103996577,7.341789642839677,7.985445,0,0.0701816,0.7918271,1.0228931,41.61031,0.6166457533836365,7.985153454295278
2019-12-17,Zozu_plus_DER_AL581_eobs2541__2019__southbound_01,Zozu + / DER AL581 (eobs2541),41.538498,0.6163116,41.538784,0.616889,41.532692,0.6277022554288134,1.1264729309286532,0.05763608,0,0.07803081,0.7918271,1.1449142,41.538498,0.6163116097450256,0.057632468007196735
2019-12-18,Zozu_plus_DER_AL581_eobs2541__2019__southbound_01,Zozu + / DER AL581 (eobs2541),41.538784,0.616889,41.53911,0.6168439,41.535923,0.6280940953591266,1.0011245725036866,0.036349416,0,0.058917888,0.7918271,0.98369914,41.538784,0.6168889999389648,0.036249972885687945
2019-12-19,Zozu_plus_DER_AL581_eobs2541__2019__southbound_01,Zozu + / DER AL581 (eobs2541),41.53911,0.6168439,41.53874,0.6164724,41.537285,0.6269820173835974,0.8895311107550944,0.051563594,0,0.04116504,0.7918271,0.8662933,41.53911,0.6168438792228699,0.05146584816017445
2019-12-20,Zozu_plus_DER_AL581_eobs2541__2019__southbound_01,Zozu + / DER AL581 (eobs2541),41.53874,0.6164724,41.53919,0.6166908,41.536644,0.6257093966360936,0.8021789281960522,0.0532163,0,0.032645732,0.7918271,0.8018948,41.53874,0.6164724230766296,0.0532509914225159
2019-12-21,Zozu_plus_DER_AL581_eobs2541__2019__southbound_01,Zozu + / DER AL581 (eobs2541),41.53919,0.6166908,41.61003,0.6167039,41.53778,0.6258451851331731,8.069792136953499,7.8776712,0,0.036215905,0.7918271,0.7764579,41.53919,0.6166908144950867,7.877364558467274
2019-12-22,Zozu_plus_DER_AL581_eobs2541__2019__southbound_01,Zozu + / DER AL581 (eobs2541),41.61003,0.6167039,41.540108,0.6168483,41.609108,0.6255475357535777,7.7065375704845716,7.775192,0,0.031994067,0.7918271,0.7410604,41.61003,0.6167039275169373,7.775147444464022
2019-12-23,Zozu_plus_DER_AL581_eobs2541__2019__southbound_01,Zozu + / DER AL581 (eobs2541),41.540108,0.6168483,41.539074,0.61686045,41.534306,0.6278630780588575,1.0582007518580825,0.114996836,0,0.097196765,0.7918271,1.1191506,41.540108,0.6168482899665833,0.11495603377647987
2019-12-24,Zozu_plus_DER_AL581_eobs2541__2019__southbound_01,Zozu + / DER AL581 (eobs2541),41.539074,0.61686045,41.61055,0.6168714,41.53204,0.6273890968363859,8.77369317573919,7.9476185,0,0.10259622,0.7918271,1.1724683,41.539074,0.6168604493141174,7.947777679677892
2019-12-25,Zozu_plus_DER_AL581_eobs2541__2019__southbound_01,Zozu + / DER AL581 (eobs2541),41.61055,0.6168714,41.538513,0.6168706,41.60611,0.62641507617897,7.558209932272434,8.009782,0,0.047149602,0.7918271,0.9327752,41.61055,0.6168714165687561,8.01013143619098
2019-12-26,Zozu_plus_DER_AL581_eobs2541__2019__southbound_01,Zozu + / DER AL581 (eobs2541),41.538513,0.6168706,41.5512,0.6168584,41.532703,0.6273376316038513,2.2340938777083306,1.4106545,0,0.06560292,0.7918271,1.0825552,41.538513,0.6168705821037292,1.410808303804626
2019-12-27,Zozu_plus_DER_AL581_eobs2541__2019__southbound_01,Zozu + / DER AL581 (eobs2541),41.5512,0.6168584,41.53884,0.6160912,41.548008,0.6252189797503755,1.2712333479877835,1.3758757,0,0.029433815,0.7918271,0.7796816,41.5512,0.6168584227561951,1.375811280078791
2019-12-28,Zozu_plus_DER_AL581_eobs2541__2019__southbound_01,Zozu + / DER AL581 (eobs2541),41.53884,0.6160912,41.53656,0.6169326,41.531765,0.6236106954247074,0.770242006201581,0.26327547,0,0.0600924,0.7918271,1.0037231,41.53884,0.6160911917686462,0.26314632247786723
2020-06-17,Zozu_plus_DER_AL581_eobs2541__2020__southbound_01,Zozu + / DER AL581 (eobs2541),47.749237,8.938238,47.750725,8.937151,47.74669,8.942699183290163,0.6111259462121917,0.18417794,0,0.00940754,0.7918271,0.43697777,47.749237,8.938238143920898,0.18431880123897787
2020-06-18,Zozu_plus_DER_AL581_eobs2541__2020__southbound_01,Zozu + / DER AL581 (eobs2541),47.750725,8.937151,47.751194,8.936371,47.747986,8.941406909182232,0.5186747746205533,0.07837694,0,0.008989106,0.7918271,0.43971857,47.750725,8.937150955200195,0.07825353090017718
2020-06-19,Zozu_plus_DER_AL581_eobs2541__2020__southbound_01,Zozu + / DER AL581 (eobs2541),47.751194,8.936371,47.750828,8.936872,47.748127,8.940395313816175,0.39949737970078675,0.05541326,0,0.010463946,0.7918271,0.45407608,47.751194,8.936370849609375,0.05531131054651515
2020-06-20,Zozu_plus_DER_AL581_eobs2541__2020__southbound_01,Zozu + / DER AL581 (eobs2541),47.750828,8.936872,47.751205,8.934104,47.747925,8.941234669375612,0.6459823259489145,0.21116826,0,0.010597602,0.7918271,0.45825514,47.750828,8.936871528625488,0.2111280836177144
2020-06-21,Zozu_plus_DER_AL581_eobs2541__2020__southbound_01,Zozu + / DER AL581 (eobs2541),47.751205,8.934104,47.75102,8.937568,47.748344,8.938193870901914,0.3010097572299427,0.25979358,0,0.00969227,0.7918271,0.44051224,47.751205,8.934103965759277,0.2597902690709042
2020-06-22,Zozu_plus_DER_AL581_eobs2541__2020__southbound_01,Zozu + / DER AL581 (eobs2541),47.75102,8.937568,47.74597,8.940218,47.747967,8.941652561415234,0.24641380015227968,0.5951295,0,0.01345761,0.7918271,0.45580974,47.75102,8.937567710876465,0.5951395012327187
2020-06-23,Zozu_plus_DER_AL581_eobs2541__2020__southbound_01,Zozu + / DER AL581 (eobs2541),47.74597,8.940218,47.74628,8.943734,47.743008,8.944184115757833,0.3654943369360084,0.26509944,0,0.013985045,0.7918271,0.4425799,47.74597,8.940217971801758,0.26513970259434794
2020-06-24,Zozu_plus_DER_AL581_eobs2541__2020__southbound_01,Zozu + / DER AL581 (eobs2541),47.74628,8.943734,47.75129,8.933984,47.742832,8.946815228917458,1.3434134176622843,0.91730946,0,0.020039495,0.7918271,0.44657847,47.74628,8.943734169006348,0.9173955815933832
2020-06-25,Zozu_plus_DER_AL581_eobs2541__2020__southbound_01,Zozu + / DER AL581 (eobs2541),47.75129,8.933984,47.751263,8.943849,47.747303,8.935823484025228,0.7442152971362916,0.73751837,0,0.022035887,0.7918271,0.463494,47.75129,8.93398380279541,0.7375191607301855
2020-06-26,Zozu_plus_DER_AL581_eobs2541__2020__southbound_01,Zozu + / DER AL581 (eobs2541),47.751263,8.943849,47.742435,8.939635,47.747437,8.945642530243425,0.7148382820542092,1.0309653,0,0.01906448,0.7918271,0.44532776,47.751263,8.943848609924316,1.0308566680040323
2020-06-27,Zozu_plus_DER_AL581_eobs2541__2020__southbound_01,Zozu + / DER AL581 (eobs2541),47.742435,8.939635,47.751183,8.936737,47.73843,8.941841549526448,1.4684853660622934,0.99645835,0,0.011841816,0.7918271,0.47427258,47.742435,8.939635276794434,0.9964812211877323
2020-06-28,Zozu_plus_DER_AL581_eobs2541__2020__southbound_01,Zozu + / DER AL581 (eobs2541),47.751183,8.936737,47.74037,8.936371,47.747322,8.939305322348343,0.8033917700348899,1.2022967,0,0.010163147,0.7918271,0.4692385,47.751183,8.936737060546875,1.2024253675273304
2020-06-29,Zozu_plus_DER_AL581_eobs2541__2020__southbound_01,Zozu + / DER AL581 (eobs2541),47.74037,8.936371,47.747074,8.936814,47.736385,8.939156947226108,1.2013794745723043,0.745943,0,0.011310277,0.7918271,0.48897636,47.74037,8.936370849609375,0.7460137536795143
2020-06-30,Zozu_plus_DER_AL581_eobs2541__2020__southbound_01,Zozu + / DER AL581 (eobs2541),47.747074,8.936814,47.74258,8.938621,47.74308,8.940256725061051,0.1343701712883522,0.5176338,0,0.011958179,0.7918271,0.5123641,47.747074,8.936814308166504,0.5176090657174228
2020-07-01,Zozu_plus_DER_AL581_eobs2541__2020__southbound_01,Zozu + / DER AL581 (eobs2541),47.74258,8.938621,47.74695,8.935849,47.739094,8.941570682762576,0.9725311388088931,0.5282758,0,0.011798229,0.7918271,0.44528008,47.74258,8.938620567321777,0.5280398646675563
2020-07-02,Zozu_plus_DER_AL581_eobs2541__2020__southbound_01,Zozu + / DER AL581 (eobs2541),47.74695,8.935849,47.75132,8.933318,47.743313,8.938343658282095,0.9663844949462564,0.52167386,0,0.01244606,0.7918271,0.44456878,47.74695,8.9358491897583,0.5216396476540286
2020-07-03,Zozu_plus_DER_AL581_eobs2541__2020__southbound_01,Zozu + / DER AL581 (eobs2541),47.75132,8.933318,47.748158,8.936284,47.74712,8.935904294486484,0.1188183827586693,0.41575778,0,0.014958801,0.7918271,0.50459194,47.75132,8.933318138122559,0.41571958234920053
2020-07-04,Angela_DER_AY470_eobs_4001__2020__southbound_01,Angela / DER AY470 (eobs 4001),48.150066,7.749769,48.152233,7.759263,48.14611,7.752321398859344,0.8536431342845141,0.7444682,0,0.002616409,0.7918271,0.4778723,48.150066,7.74976921081543,0.744376560823576
2020-07-04,Zozu_plus_DER_AL581_eobs2541__2020__southbound_01,Zozu + / DER AL581 (eobs2541),47.748158,8.936284,47.746815,8.936531,47.74438,8.939478122171888,0.3489875754710814,0.15051761,0,0.014116566,0.7918271,0.48239195,47.748158,8.936284065246582,0.15044757268411044
2020-07-05,Angela_DER_AY470_eobs_4001__2020__southbound_01,Angela / DER AY470 (eobs 4001),48.152233,7.759263,48.145184,7.771317,48.14773,7.761978942225556,0.748517988585891,1.1894122,0,0.002978585,0.7918271,0.5387421,48.152233,7.759263038635254,1.1891975649627957
2020-07-05,Zozu_plus_DER_AL581_eobs2541__2020__southbound_01,Zozu + / DER AL581 (eobs2541),47.746815,8.936531,47.74705,8.936649,47.743248,8.939883793275984,0.48717097932382464,0.027724216,0,0.014812722,0.7918271,0.46837372,47.746815,8.936531066894531,0.027745418684573003
2020-07-06,Angela_DER_AY470_eobs_4001__2020__southbound_01,Angela / DER AY470 (eobs 4001),48.145184,7.771317,48.125355,7.767948,48.14037,7.7744489975251705,1.737862056409251,2.2187943,0,0.003411558,0.7918271,0.58259237,48.145184,7.771317005157471,2.2189923702023573
2020-07-06,Zozu_plus_DER_AL581_eobs2541__2020__southbound_01,Zozu + / DER AL581 (eobs2541),47.74705,8.936649,47.741043,8.935946,47.743187,8.940104219122237,0.3917717769479641,0.670248,0,0.018891703,0.7918271,0.50043917,47.74705,8.936649322509766,0.6701404345979612
2020-07-07,Angela_DER_AY470_eobs_4001__2020__southbound_01,Angela / DER AY470 (eobs 4001),48.125355,7.767948,48.127445,7.7584863,48.120308,7.771769415000694,1.2656769343363086,0.7397343,0,0.004705113,0.7918271,0.6275618,48.125355,7.767948150634766,0.7397451615864552
2020-07-07,Zozu_plus_DER_AL581_eobs2541__2020__southbound_01,Zozu + / DER AL581 (eobs2541),47.741043,8.935946,47.74719,8.936978,47.73567,8.939339525649329,1.2931205562881796,0.6877399,0,0.03531388,0.7918271,0.6481135,47.741043,8.935946464538574,0.6876888208167016
2020-07-08,Angela_DER_AY470_eobs_4001__2020__southbound_01,Angela / DER AY470 (eobs 4001),48.127445,7.7584863,48.135017,7.7530894,48.1218,7.761985175356923,1.6112489269569334,0.93256223,0,0.0042148917,0.7918271,0.6783391,48.127445,7.758486270904541,0.9323971348045486
2020-07-08,Mirabell_plus_DER_AN910_eobs_3907__2020__southbound_01,Mirabell + / DER AN910 (eobs 3907),47.8049,8.885378,47.804398,8.885767,47.801563,8.887203188410012,0.33291675126908615,0.06308425,0,0.0018470522,0.7918271,0.3945997,47.8049,8.885377883911133,0.06308324101417707
2020-07-08,Zozu_plus_DER_AL581_eobs2541__2020__southbound_01,Zozu + / DER AL581 (eobs2541),47.74719,8.936978,47.74344,8.935827,47.74349,8.939931968254298,0.30697234816883134,0.42578512,0,0.02220173,0.7918271,0.46618462,47.74719,8.936978340148926,0.42575468097935276
2020-07-09,Angela_DER_AY470_eobs_4001__2020__southbound_01,Angela / DER AY470 (eobs 4001),48.135017,7.7530894,48.135403,7.7538147,48.12939,7.755991185509522,0.6877376046247891,0.06860588,0,0.0034405738,0.7918271,0.6604526,48.135017,7.753089427947998,0.0687906605644451
2020-07-09,Mirabell_plus_DER_AN910_eobs_3907__2020__southbound_01,Mirabell + / DER AN910 (eobs 3907),47.804398,8.885767,47.806282,8.885461,47.80136,8.887584406594382,0.5697080511334985,0.21063855,0,0.0016041106,0.7918271,0.36341134,47.804398,8.885766983032227,0.21078632881563766
2020-07-09,Zozu_plus_DER_AL581_eobs2541__2020__southbound_01,Zozu + / DER AL581 (eobs2541),47.74344,8.935827,47.739254,8.936755,47.739216,8.937633579937856,0.06582296020691496,0.47050673,0,0.024389409,0.7918271,0.48790962,47.74344,8.935827255249023,0.47046550345120286
2020-07-10,Angela_DER_AY470_eobs_4001__2020__southbound_01,Angela / DER AY470 (eobs 4001),48.135403,7.7538147,48.124622,7.7564955,48.130024,7.756447285795627,0.6006432541743988,1.2151045,0,0.0031370255,0.7918271,0.6281376,48.135403,7.753814697265625,1.2151189729008727
2020-07-10,Mirabell_plus_DER_AN910_eobs_3907__2020__southbound_01,Mirabell + / DER AN910 (eobs 3907),47.806282,8.885461,47.80478,8.88635,47.80309,8.88681554691983,0.19110392590029385,0.18003127,0,0.0017261993,0.7918271,0.36845893,47.806282,8.88546085357666,0.1798256519415562
2020-07-10,Zozu_plus_DER_AL581_eobs2541__2020__southbound_01,Zozu + / DER AL581 (eobs2541),47.739254,8.936755,47.740242,8.939022,47.73475,8.937668624628207,0.6191415922647534,0.20218152,0,0.027908137,0.7918271,0.5045087,47.739254,8.936755180358887,0.2020016852893875
2020-07-11,Angela_DER_AY470_eobs_4001__2020__southbound_01,Angela / DER AY470 (eobs 4001),48.124622,7.7564955,48.13116,7.7574086,48.119415,7.759455682005595,1.3148449125582864,0.7302498,0,0.0035493134,0.7918271,0.6183006,48.124622,7.756495475769043,0.7301889208038934
2020-07-11,Mirabell_plus_DER_AN910_eobs_3907__2020__southbound_01,Mirabell + / DER AN910 (eobs 3907),47.80478,8.88635,47.804543,8.886354,47.80178,8.888065488258153,0.3326311393396003,0.026150577,0,0.001838134,0.7918271,0.35663489,47.80478,8.88634967803955,0.02630129639390394
2020-07-11,Zozu_plus_DER_AL581_eobs2541__2020__southbound_01,Zozu + / DER AL581 (eobs2541),47.740242,8.939022,47.738937,8.940221,47.734318,8.941015754635023,0.517104993594425,0.17085266,0,0.04271701,0.7918271,0.6744122,47.740242,8.939022064208984,0.1705301116186532
2020-07-12,Angela_DER_AY470_eobs_4001__2020__southbound_01,Angela / DER AY470 (eobs 4001),48.13116,7.7574086,48.148365,7.749654,48.126392,7.7608029440941575,2.579525050154593,1.9977745,0,0.002731484,0.7918271,0.5858878,48.13116,7.757408618927002,1.9976994701357953
2020-07-12,Mirabell_plus_DER_AN910_eobs_3907__2020__southbound_01,Mirabell + / DER AN910 (eobs 3907),47.804543,8.886354,47.804626,8.885832,47.801758,8.888572211984267,0.3789971493114633,0.0401275,0,0.001268783,0.7918271,0.35070193,47.804543,8.886354446411133,0.040131668750192626
2020-07-12,Zozu_plus_DER_AL581_eobs2541__2020__southbound_01,Zozu + / DER AL581 (eobs2541),47.738937,8.940221,47.743538,8.941041,47.734352,8.943722212073228,1.040907660232919,0.51562476,0,0.02133154,0.7918271,0.5721264,47.738937,8.940220832824707,0.5152188615977948
2020-07-13,Angela_DER_AY470_eobs_4001__2020__southbound_01,Angela / DER AY470 (eobs 4001),48.148365,7.749654,48.134262,7.7534823,48.1439,7.752385650330585,1.074976334419531,1.5935731,0,0.002610479,0.7918271,0.53514886,48.148365,7.7496538162231445,1.5936997363339216
2020-07-13,Mirabell_plus_DER_AN910_eobs_3907__2020__southbound_01,Mirabell + / DER AN910 (eobs 3907),47.804626,8.885832,47.804237,8.880102,47.80131,8.888067825969374,0.6780867201875036,0.43014413,0,0.0017967109,0.7918271,0.4039872,47.804626,8.885831832885742,0.43010620849465026
2020-07-13,Zozu_plus_DER_AL581_eobs2541__2020__southbound_01,Zozu + / DER AL581 (eobs2541),47.743538,8.941041,47.75148,8.943654,47.739475,8.944086263422017,1.3352716240196325,0.90415376,0,0.019037928,0.7918271,0.5048744,47.743538,8.941040992736816,0.9044861654956408
2020-07-14,Angela_DER_AY470_eobs_4001__2020__southbound_01,Angela / DER AY470 (eobs 4001),48.134262,7.7534823,48.10913,7.7538886,48.13016,7.756321433744837,2.3454427567114715,2.794612,0,0.0027284613,0.7918271,0.50127846,48.134262,7.753482341766357,2.7946313564487957
2020-07-14,Mirabell_plus_DER_AN910_eobs_3907__2020__southbound_01,Mirabell + / DER AN910 (eobs 3907),47.804237,8.880102,47.804256,8.879999,47.800785,8.882523643680045,0.42958906962344995,0.008005003,0,0.0017714419,0.7918271,0.42343825,47.804237,8.880102157592773,0.00797943196490497
2020-07-14,Zozu_plus_DER_AL581_eobs2541__2020__southbound_01,Zozu + / DER AL581 (eobs2541),47.75148,8.943654,47.752575,9.04522,47.74756,8.946811374690881,7.378542543809191,7.594195,0,0.016555792,0.7918271,0.49508455,47.75148,8.94365406036377,7.594171326581433
2020-07-15,Angela_DER_AY470_eobs_4001__2020__southbound_01,Angela / DER AY470 (eobs 4001),48.10913,7.7538886,48.1089,7.751875,48.104908,7.756887508424143,0.5791190978632587,0.15174876,0,0.0035172259,0.7918271,0.5188219,48.10913,7.7538886070251465,0.15173176000656852
2020-07-15,Mirabell_plus_DER_AN910_eobs_3907__2020__southbound_01,Mirabell + / DER AN910 (eobs 3907),47.804256,8.879999,47.804367,8.884844,47.800648,8.881912924536282,0.46793190299726967,0.36203712,0,0.0017407457,0.7918271,0.4252304,47.804256,8.879999160766602,0.362036884985538
2020-07-15,Zozu_plus_DER_AL581_eobs2541__2020__southbound_01,Zozu + / DER AL581 (eobs2541),47.752575,9.04522,47.75159,9.055156,47.74905,9.048532687986826,0.5700817906287182,0.7507458,0,0.01397106,0.7918271,0.46289265,47.752575,9.045220375061035,0.7507964664962645
2020-07-16,Angela_DER_AY470_eobs_4001__2020__southbound_01,Angela / DER AY470 (eobs 4001),48.1089,7.751875,48.135433,7.753382,48.104984,7.7543463005687245,3.386525642704097,2.9524593,0,0.0023539024,0.7918271,0.47135878,48.1089,7.751874923706055,2.952685712024783
2020-07-16,Mirabell_plus_DER_AN910_eobs_3907__2020__southbound_01,Mirabell + / DER AN910 (eobs 3907),47.804367,8.884844,47.804443,8.885641,47.801426,8.887001140055782,0.35056212326613073,0.060173836,0,0.0012656075,0.7918271,0.3639269,47.804367,8.884843826293945,0.060146088821383
2020-07-16,Zozu_plus_DER_AL581_eobs2541__2020__southbound_01,Zozu + / DER AL581 (eobs2541),47.75159,9.055156,47.751534,8.943804,47.747295,9.0586895669571,8.602320758078742,8.324844,0,0.018085605,0.7918271,0.5448811,47.75159,9.055155754089355,8.32485703904027
2020-07-17,Angela_DER_AY470_eobs_4001__2020__southbound_01,Angela / DER AY470 (eobs 4001),48.135433,7.753382,48.13143,7.7584915,48.131622,7.755569632595687,0.21787978585727713,0.5846671,0,0.0019294305,0.7918271,0.4531743,48.135433,7.753382205963135,0.5846013052343227
2020-07-17,Mirabell_plus_DER_AN910_eobs_3907__2020__southbound_01,Mirabell + / DER AN910 (eobs 3907),47.804443,8.885641,47.80455,8.885661,47.801853,8.887787563260861,0.3393501160247149,0.012033161,0,0.0011452498,0.7918271,0.3288977,47.804443,8.885641098022461,0.011970729676374407
2020-07-17,Zozu_plus_DER_AL581_eobs2541__2020__southbound_01,Zozu + / DER AL581 (eobs2541),47.751534,8.943804,47.7389,8.939626,47.746548,8.947593414415874,1.0383898709548862,1.438985,0,0.019671986,0.7918271,0.6216172,47.751534,8.943803787231445,1.4391835727689315
2020-07-18,Angela_DER_AY470_eobs_4001__2020__southbound_01,Angela / DER AY470 (eobs 4001),48.13143,7.7584915,48.09271,7.763441,48.127926,7.760481803779382,3.9221475875637637,4.321206,0,0.001520373,0.7918271,0.41622105,48.13143,7.758491516113281,4.32145798753091
2020-07-18,Mirabell_plus_DER_AN910_eobs_3907__2020__southbound_01,Mirabell + / DER AN910 (eobs 3907),47.80455,8.885661,47.80428,8.879807,47.802086,8.887460402136387,0.6214409626900933,0.43823096,0,0.0010961489,0.7918271,0.30454135,47.80455,8.885661125183105,0.4382201314147788
2020-07-18,Zozu_plus_DER_AL581_eobs2541__2020__southbound_01,Zozu + / DER AL581 (eobs2541),47.7389,8.939626,47.757473,8.946831,47.734924,8.94325337749328,2.5215286210294376,2.134112,0,0.013268356,0.7918271,0.5176244,47.7389,8.93962574005127,2.134408414223623
2020-07-19,Angela_DER_AY470_eobs_4001__2020__southbound_01,Angela / DER AY470 (eobs 4001),48.09271,7.763441,48.07767,7.792877,48.089092,7.765771594748248,2.3805573048165334,2.752734,0,0.0019052696,0.7918271,0.43720648,48.09271,7.76344108581543,2.7526175340121757
2020-07-19,Mirabell_plus_DER_AN910_eobs_3907__2020__southbound_01,Mirabell + / DER AN910 (eobs 3907),47.80428,8.879807,47.804134,8.879616,47.80115,8.881231305201425,0.35296932281088755,0.021599011,0,0.0014969305,0.7918271,0.36290574,47.80428,8.879807472229004,0.021558575766736466
2020-07-19,Zozu_plus_DER_AL581_eobs2541__2020__southbound_01,Zozu + / DER AL581 (eobs2541),47.757473,8.946831,47.740345,8.950154,47.7541,8.949846825114406,1.529749857269487,1.9205843,0,0.011704895,0.7918271,0.4368839,47.757473,8.946830749511719,1.9206899967216544
2020-07-20,Angela_DER_AY470_eobs_4001__2020__southbound_01,Angela / DER AY470 (eobs 4001),48.07767,7.792877,48.078724,7.7944937,48.07397,7.795368472205037,0.532503775805889,0.16788699,0,0.0021127658,0.7918271,0.4503726,48.07767,7.792877197265625,0.16771279843759385
2020-07-20,Mirabell_plus_DER_AN910_eobs_3907__2020__southbound_01,Mirabell + / DER AN910 (eobs 3907),47.804134,8.879616,47.805416,8.881017,47.800903,8.881180332479623,0.5019484430930001,0.17692089,0,0.00171927,0.7918271,0.37717423,47.804134,8.879615783691406,0.1768056511458822
2020-07-20,Zozu_plus_DER_AL581_eobs2541__2020__southbound_01,Zozu + / DER AL581 (eobs2541),47.740345,8.950154,47.752678,9.046464,47.73677,8.951392378870134,7.325399005034476,7.330401,0,0.011588462,0.7918271,0.40743315,47.740345,8.950154304504395,7.330384826061249
2020-07-21,Angela_DER_AY470_eobs_4001__2020__southbound_01,Angela / DER AY470 (eobs 4001),48.078724,7.7944937,48.079353,7.790823,48.074673,7.7968171959133095,0.6849808019911103,0.28147385,0,0.0024570676,0.7918271,0.48174948,48.078724,7.794493675231934,0.2815339408921179
2020-07-21,Mirabell_plus_DER_AN910_eobs_3907__2020__southbound_01,Mirabell + / DER AN910 (eobs 3907),47.805416,8.881017,47.80405,8.880236,47.802227,8.882371738407139,0.2579964597319998,0.16249017,0,0.0016903959,0.7918271,0.36810213,47.805416,8.881016731262207,0.16267361006423164
2020-07-21,Zozu_plus_DER_AL581_eobs2541__2020__southbound_01,Zozu + / DER AL581 (eobs2541),47.752678,9.046464,47.75068,8.937178,47.748474,9.047226922062718,8.231428394825828,8.173459,0,0.01664323,0.7918271,0.47014683,47.752678,9.046463966369629,8.173427096554795
2020-07-22,Angela_DER_AY470_eobs_4001__2020__southbound_01,Angela / DER AY470 (eobs 4001),48.079353,7.790823,48.078793,7.795102,48.075146,7.792137116969219,0.4614787157520822,0.32390055,0,0.0026647842,0.7918271,0.47705096,48.079353,7.790822982788086,0.3239541921661679
2020-07-22,Mirabell_plus_DER_AN910_eobs_3907__2020__southbound_01,Mirabell + / DER AN910 (eobs 3907),47.80405,8.880236,47.80451,8.880582,47.801098,8.881226762019107,0.3822597335916449,0.056860093,0,0.0016109402,0.7918271,0.33601677,47.80405,8.88023567199707,0.05709117008512231
2020-07-22,Sierit_DER_AN858_eobs2561__2020__southbound_01,Sierit  / DER AN858 (eobs2561),47.802734,8.880403,47.802437,8.87918,47.799953,8.881697400241524,0.33407661489939633,0.097034946,0,0.0015774642,0.7918271,0.3233469,47.802734,8.880402565002441,0.09712383267280071
2020-07-22,Zozu_plus_DER_AL581_eobs2541__2020__southbound_01,Zozu + / DER AL581 (eobs2541),47.75068,8.937178,47.75146,8.943488,47.74462,8.93613537992638,0.9384272264336533,0.47975573,0,0.03166212,0.7918271,0.6769721,47.75068,8.937177658081055,0.47973162503945416
2020-07-23,Angela_DER_AY470_eobs_4001__2020__southbound_01,Angela / DER AY470 (eobs 4001),48.078793,7.795102,48.130234,7.757916,48.074795,7.796383577705009,6.794182550811498,6.3514075,0,0.0021679683,0.7918271,0.4538174,48.078793,7.795102119445801,6.351586461000381
2020-07-23,Mirabell_plus_DER_AN910_eobs_3907__2020__southbound_01,Mirabell + / DER AN910 (eobs 3907),47.80451,8.880582,47.804596,8.880081,47.801666,8.88175646685636,0.34896971791564446,0.038643647,0,0.0015908488,0.7918271,0.32735005,47.80451,8.880581855773926,0.03864518835489301
2020-07-23,Sierit_DER_AN858_eobs2561__2020__southbound_01,Sierit  / DER AN858 (eobs2561),47.802437,8.87918,47.80405,8.879537,47.7994,8.880536332656055,0.522433372585045,0.18138207,0,0.0022721197,0.7918271,0.35209686,47.802437,8.879179954528809,0.18139300969485514
2020-07-23,Zozu_plus_DER_AL581_eobs2541__2020__southbound_01,Zozu + / DER AL581 (eobs2541),47.75146,8.943488,47.738705,8.933483,47.746815,8.944423025751002,1.2175386754475366,1.6035222,0,0.013756029,0.7918271,0.5203609,47.75146,8.943488121032715,1.6036237516574503
2020-07-24,Angela_DER_AY470_eobs_4001__2020__southbound_01,Angela / DER AY470 (eobs 4001),48.130234,7.757916,48.134933,7.7552156,48.125805,7.758521147756623,1.0442763197219218,0.559683,0,0.0030820873,0.7918271,0.49359924,48.130234,7.75791597366333,0.5596908930085972
2020-07-24,Mirabell_plus_DER_AN910_eobs_3907__2020__southbound_01,Mirabell + / DER AN910 (eobs 3907),47.804596,8.880081,47.805126,8.884488,47.80145,8.880547905466589,0.503791560214998,0.33440727,0,0.0022042044,0.7918271,0.3511044,47.804596,8.880081176757812,0.3343710112886586
2020-07-24,Sierit_DER_AN858_eobs2561__2020__southbound_01,Sierit  / DER AN858 (eobs2561),47.80405,8.879537,47.80343,8.8801155,47.80108,8.880951347456612,0.26864625899589756,0.08153231,0,0.0020421087,0.7918271,0.34628665,47.80405,8.879536628723145,0.08154543675404535
2020-07-24,Zozu_plus_DER_AL581_eobs2541__2020__southbound_01,Zozu + / DER AL581 (eobs2541),47.738705,8.933483,47.742996,8.9434595,47.73395,8.932823128207577,1.282233922386845,0.885505,0,0.017900042,0.7918271,0.5297077,47.738705,8.933483123779297,0.885573389093247
2020-07-25,Angela_DER_AY470_eobs_4001__2020__southbound_01,Angela / DER AY470 (eobs 4001),48.134933,7.7552156,48.11386,7.7588625,48.130615,7.755867403042446,1.8761973756915806,2.3586595,0,0.0028127625,0.7918271,0.48172024,48.134933,7.755215644836426,2.3587291168079267
2020-07-25,Mirabell_plus_DER_AN910_eobs_3907__2020__southbound_01,Mirabell + / DER AN910 (eobs 3907),47.805126,8.884488,47.80425,8.879274,47.80211,8.885441110979476,0.5184192631432457,0.40133238,0,0.0018211225,0.7918271,0.34224886,47.805126,8.884488105773926,0.4014251971001572
2020-07-25,Sierit_DER_AN858_eobs2561__2020__southbound_01,Sierit  / DER AN858 (eobs2561),47.80343,8.8801155,47.80406,8.879292,47.800808,8.881653493770784,0.4025368526317871,0.093487225,0,0.0015269003,0.7918271,0.3127,47.80343,8.880115509033203,0.09351561148097418
2020-07-25,Zozu_plus_DER_AL581_eobs2541__2020__southbound_01,Zozu + / DER AL581 (eobs2541),47.742996,8.9434595,47.75187,9.055327,47.737312,8.94381572919572,8.493575164609389,8.422084,0,0.023254072,0.7918271,0.6316377,47.742996,8.943459510803223,8.42208131768559
2020-07-26,Angela_DER_AY470_eobs_4001__2020__southbound_01,Angela / DER AY470 (eobs 4001),48.11386,7.7588625,48.094044,7.759154,48.109844,7.759443652612928,1.757066999281544,2.2034698,0,0.0020592688,0.7918271,0.44808567,48.11386,7.758862495422363,2.203698270120726
2020-07-26,Mirabell_plus_DER_AN910_eobs_3907__2020__southbound_01,Mirabell + / DER AN910 (eobs 3907),47.80425,8.879274,47.80407,8.879509,47.801094,8.879514945078693,0.330857244194463,0.026495254,0,0.0017898373,0.7918271,0.35078683,47.80425,8.879274368286133,0.026541700465792965
2020-07-26,Sierit_DER_AN858_eobs2561__2020__southbound_01,Sierit  / DER AN858 (eobs2561),47.80406,8.879292,47.80366,8.87938,47.80111,8.880432583937024,0.2944574613871447,0.045303028,0,0.0016424418,0.7918271,0.33843514,47.80406,8.879291534423828,0.04502832978154727
2020-07-26,Zozu_plus_DER_AL581_eobs2541__2020__southbound_01,Zozu + / DER AL581 (eobs2541),47.75187,9.055327,47.75261,9.0552635,47.747353,9.057021397363345,0.5991070760537421,0.08270326,0,0.016050633,0.7918271,0.5170026,47.75187,9.055327415466309,0.082428593311816
2020-07-27,Angela_DER_AY470_eobs_4001__2020__southbound_01,Angela / DER AY470 (eobs 4001),48.094044,7.759154,48.118874,7.7591324,48.090145,7.760024012589383,3.195152203017129,2.760724,0,0.0022071996,0.7918271,0.43751287,48.094044,7.759153842926025,2.7609592351801644
2020-07-27,Mirabell_plus_DER_AN910_eobs_3907__2020__southbound_01,Mirabell + / DER AN910 (eobs 3907),47.80407,8.879509,47.804268,8.879241,47.801125,8.880416456718883,0.3603781189680209,0.029602265,0,0.0015278442,0.7918271,0.33395913,47.80407,8.879508972167969,0.029784208912800415
2020-07-27,Sierit_DER_AN858_eobs2561__2020__southbound_01,Sierit  / DER AN858 (eobs2561),47.80366,8.87938,47.803837,8.874597,47.801014,8.880824294198385,0.5611416510548602,0.35786223,0,0.0014245972,0.7918271,0.3129437,47.80366,8.879380226135254,0.3578056719693393
2020-07-27,Zozu_plus_DER_AL581_eobs2541__2020__southbound_01,Zozu + / DER AL581 (eobs2541),47.75261,9.0552635,47.751163,9.055356,47.747738,9.05735850360476,0.40927573963139036,0.1609604,0,0.019151801,0.7918271,0.56277347,47.75261,9.05526351928711,0.16091122992875478
2020-07-28,Angela_DER_AY470_eobs_4001__2020__southbound_01,Angela / DER AY470 (eobs 4001),48.118874,7.7591324,48.13619,7.750192,48.114365,7.759388406492246,2.5208770947042556,2.036373,0,0.0030917136,0.7918271,0.5009532,48.118874,7.759132385253906,2.036466368979439
2020-07-28,Mirabell_plus_DER_AN910_eobs_3907__2020__southbound_01,Mirabell + / DER AN910 (eobs 3907),47.804268,8.879241,47.805023,8.880242,47.80099,8.87935065182179,0.45327289584908775,0.11251746,0,0.0018329,0.7918271,0.36373377,47.804268,8.879240989685059,0.11245815833323151
2020-07-28,Sierit_DER_AN858_eobs2561__2020__southbound_01,Sierit  / DER AN858 (eobs2561),47.803837,8.874597,47.801712,8.878815,47.800068,8.875359208382818,0.316283178579758,0.39379263,0,0.0027548438,0.7918271,0.4222411,47.803837,8.87459659576416,0.39379284837812306
2020-07-28,Zozu_plus_DER_AL581_eobs2541__2020__southbound_01,Zozu + / DER AL581 (eobs2541),47.751163,9.055356,47.75156,9.044932,47.747078,9.055598724728808,0.940407040482699,0.78052145,0,0.013632616,0.7918271,0.4540424,47.751163,9.0553560256958,0.7805405169329152
2020-07-29,Angela_DER_AY470_eobs_4001__2020__southbound_01,Angela / DER AY470 (eobs 4001),48.13619,7.750192,48.112957,7.749811,48.131214,7.750245925444738,2.030360744322502,2.5831995,0,0.00407245,0.7918271,0.55218935,48.13619,7.750192165374756,2.5833839936574337
2020-07-29,Mirabell_plus_DER_AN910_eobs_3907__2020__southbound_01,Mirabell + / DER AN910 (eobs 3907),47.805023,8.880242,47.804268,8.879628,47.801807,8.880874924687285,0.28900503985085096,0.0956753,0,0.0018436138,0.7918271,0.3601181,47.805023,8.880242347717285,0.09569619416668677
2020-07-29,Sierit_DER_AN858_eobs2561__2020__southbound_01,Sierit  / DER AN858 (eobs2561),47.801712,8.878815,47.80434,8.878934,47.798252,8.880159108223669,0.6831411204406622,0.29227868,0,0.002330149,0.7918271,0.39704743,47.801712,8.878814697265625,0.29239255508802725
2020-07-29,Zozu_plus_DER_AL581_eobs2541__2020__southbound_01,Zozu + / DER AL581 (eobs2541),47.75156,9.044932,47.75081,9.05771,47.746468,9.043834146391905,1.1442222514035216,0.95889604,0,0.020108042,0.7918271,0.571156,47.75156,9.04493236541748,0.9589088287020968
2020-07-30,Angela_DER_AY470_eobs_4001__2020__southbound_01,Angela / DER AY470 (eobs 4001),48.112957,7.749811,48.110836,7.7511034,48.10832,7.749510054111814,0.30392440744104154,0.25480202,0,0.0032285063,0.7918271,0.5155494,48.112957,7.749811172485352,0.2546083763443355
2020-07-30,Mirabell_plus_DER_AN910_eobs_3907__2020__southbound_01,Mirabell + / DER AN910 (eobs 3907),47.804268,8.879628,47.804283,8.879304,47.800804,8.879976788137368,0.3900986834078022,0.024246003,0,0.0019271988,0.7918271,0.38552865,47.804268,8.87962818145752,0.024276206336344374
2020-07-30,Sierit_DER_AN858_eobs2561__2020__southbound_01,Sierit  / DER AN858 (eobs2561),47.80434,8.878934,47.80275,8.879794,47.800774,8.880019910953937,0.2203691720383646,0.18807447,0,0.0021177158,0.7918271,0.4039652,47.80434,8.878933906555176,0.18818769664520535
2020-07-30,Zozu_plus_DER_AL581_eobs2541__2020__southbound_01,Zozu + / DER AL581 (eobs2541),47.75081,9.05771,47.734444,9.0594015,47.746323,9.057158603481877,1.3314882668401136,1.8240228,0,0.014475845,0.7918271,0.49951878,47.75081,9.057709693908691,1.824105139078763
2020-07-31,Angela_DER_AY470_eobs_4001__2020__southbound_01,Angela / DER AY470 (eobs 4001),48.110836,7.7511034,48.110123,7.7515616,48.106636,7.75116609068036,0.38880724484885043,0.08604845,0,0.003107305,0.7918271,0.4660389,48.110836,7.751103401184082,0.08630921995026436
2020-07-31,Mirabell_plus_DER_AN910_eobs_3907__2020__southbound_01,Mirabell + / DER AN910 (eobs 3907),47.804283,8.879304,47.80375,8.879278,47.800793,8.879468661968952,0.3290437631839737,0.05941004,0,0.002850556,0.7918271,0.38758057,47.804283,8.879303932189941,0.05941571048080278
2020-07-31,Sierit_DER_AN858_eobs2561__2020__southbound_01,Sierit  / DER AN858 (eobs2561),47.80275,8.879794,47.802124,8.877056,47.79944,8.880502015861707,0.3942290589333863,0.21591215,0,0.0019997205,0.7918271,0.37145007,47.80275,8.879794120788574,0.21600537465633066
2020-07-31,Zozu_plus_DER_AL581_eobs2541__2020__southbound_01,Zozu + / DER AL581 (eobs2541),47.734444,9.0594015,47.7341,9.0592375,47.729813,9.05758723266373,0.49248931676046304,0.03991692,0,0.020538947,0.7918271,0.5317374,47.734444,9.059401512145996,0.040098382051757274
2020-08-01,Angela_DER_AY470_eobs_4001__2020__southbound_01,Angela / DER AY470 (eobs 4001),48.110123,7.7515616,48.119095,7.752543,48.1053,7.750934907279175,1.5384580991808197,1.0003593,0,0.0060558193,0.7918271,0.5371742,48.110123,7.751561641693115,1.0003173744957428
2020-08-01,Mirabell_plus_DER_AN910_eobs_3907__2020__southbound_01,Mirabell + / DER AN910 (eobs 3907),47.80375,8.879278,47.801517,8.881068,47.799576,8.87884585849342,0.27233867979067833,0.28181353,0,0.0045000496,0.7918271,0.4642331,47.80375,8.879278182983398,0.2818674735389533
2020-08-01,Sierit_DER_AN858_eobs2561__2020__southbound_01,Sierit  / DER AN858 (eobs2561),47.802124,8.877056,47.80157,8.879406,47.79674,8.875660247607046,0.6055186868882506,0.18609858,0,0.0092675965,0.7918271,0.606498,47.802124,8.877056121826172,0.18597407593546184
2020-08-01,Zozu_plus_DER_AL581_eobs2541__2020__southbound_01,Zozu + / DER AL581 (eobs2541),47.7341,9.0592375,47.73418,9.059055,47.728466,9.055294536476383,0.6948858343353006,0.016201591,0,0.038616747,0.7918271,0.6911047,47.7341,9.059237480163574,0.01627636515316985
2020-08-02,Angela_DER_AY470_eobs_4001__2020__southbound_01,Angela / DER AY470 (eobs 4001),48.119095,7.752543,48.1105,7.7516613,48.113365,7.751397409133627,0.31915775960575804,0.9582505,0,0.010222361,0.7918271,0.6414597,48.119095,7.752542972564697,0.9579064057973864
2020-08-02,Mirabell_plus_DER_AN910_eobs_3907__2020__southbound_01,Mirabell + / DER AN910 (eobs 3907),47.801517,8.881068,47.80198,8.882164,47.797638,8.880835782357495,0.49280102945742577,0.09659655,0,0.0032298232,0.7918271,0.43118528,47.801517,8.881068229675293,0.09660487336390158
2020-08-02,Sierit_DER_AN858_eobs2561__2020__southbound_01,Sierit  / DER AN858 (eobs2561),47.80157,8.879406,47.80255,8.879455,47.796585,8.878834981694967,0.6650230239292121,0.10942046,0,0.0062720003,0.7918271,0.555204,47.80157,8.879405975341797,0.10907363084287197
2020-08-02,Zozu_plus_DER_AL581_eobs2541__2020__southbound_01,Zozu + / DER AL581 (eobs2541),47.73418,9.059055,47.751205,9.055039,47.72668,9.054026604231865,2.7280762416798616,1.9168506,0,0.052721187,0.7918271,0.91327757,47.73418,9.05905532836914,1.9167638751163365
2020-08-03,Angela_DER_AY470_eobs_4001__2020__southbound_01,Angela / DER AY470 (eobs 4001),48.1105,7.7516613,48.118458,7.7512507,48.105843,7.751091589023484,1.402798369990174,0.8855254,0,0.0044090142,0.7918271,0.5189056,48.1105,7.75166130065918,0.8853550305554854
2020-08-03,Mirabell_plus_DER_AN910_eobs_3907__2020__southbound_01,Mirabell + / DER AN910 (eobs 3907),47.80198,8.882164,47.802,8.881389,47.79849,8.882625690186117,0.40103040033581244,0.057967026,0,0.0026019872,0.7918271,0.38887262,47.80198,8.882164001464844,0.05794811474783098
2020-08-03,Sierit_DER_AN858_eobs2561__2020__southbound_01,Sierit  / DER AN858 (eobs2561),47.80255,8.879455,47.80252,8.879926,47.798134,8.879710056527506,0.4880678145670264,0.03534119,0,0.0039300816,0.7918271,0.49089867,47.80255,8.879454612731934,0.035350074587552405
2020-08-03,Zozu_plus_DER_AL581_eobs2541__2020__southbound_01,Zozu + / DER AL581 (eobs2541),47.751205,9.055039,47.736034,9.059146,47.74209,9.052859734000092,0.8210527171851061,1.714823,0,0.04964086,0.7918271,1.0251268,47.751205,9.055039405822754,1.714663722417339
2020-08-04,Angela_DER_AY470_eobs_4001__2020__southbound_01,Angela / DER AY470 (eobs 4001),48.118458,7.7512507,48.13407,7.750055,48.112972,7.750632262871162,2.346506528889081,1.7384578,0,0.00596407,0.7918271,0.6105652,48.118458,7.751250743865967,1.7384181509184162
2020-08-04,Mirabell_plus_DER_AN910_eobs_3907__2020__southbound_01,Mirabell + / DER AN910 (eobs 3907),47.802,8.881389,47.804176,8.880342,47.798588,8.881678442187841,0.6293887305848477,0.25464866,0,0.00250898,0.7918271,0.3790266,47.802,8.881388664245605,0.25451793753329743
2020-08-04,Sierit_DER_AN858_eobs2561__2020__southbound_01,Sierit  / DER AN858 (eobs2561),47.80252,8.879926,47.803734,8.8798895,47.798462,8.88064863695579,0.5889464582621883,0.13508993,0,0.003171564,0.7918271,0.45361197,47.80252,8.879925727844238,0.13491498374155844
2020-08-04,Zozu_plus_DER_AL581_eobs2541__2020__southbound_01,Zozu + / DER AL581 (eobs2541),47.736034,9.059146,47.75154,9.055089,47.727615,9.059421389708671,2.6800822338149937,1.7505949,0,0.036332212,0.7918271,0.9348039,47.736034,9.0591459274292,1.7507540651998534
2020-08-05,Angela_DER_AY470_eobs_4001__2020__southbound_01,Angela / DER AY470 (eobs 4001),48.13407,7.750055,48.13684,7.751662,48.128727,7.749270329160914,0.9195112135179027,0.33039397,0,0.005056214,0.7918271,0.5958632,48.13407,7.750054836273193,0.33023376799995713
2020-08-05,Mirabell_plus_DER_AN910_eobs_3907__2020__southbound_01,Mirabell + / DER AN910 (eobs 3907),47.804176,8.880342,47.804016,8.879706,47.801044,8.880512256090148,0.33586987885028896,0.050645165,0,0.001660668,0.7918271,0.34766483,47.804176,8.880341529846191,0.05067175095301998
2020-08-05,Sierit_DER_AN858_eobs2561__2020__southbound_01,Sierit  / DER AN858 (eobs2561),47.803734,8.8798895,47.801804,8.879307,47.800735,8.880611076108224,0.15361059288583367,0.219232,0,0.0014828587,0.7918271,0.33716112,47.803734,8.879889488220215,0.2190006299276068
2020-08-05,Zozu_plus_DER_AL581_eobs2541__2020__southbound_01,Zozu + / DER AL581 (eobs2541),47.75154,9.055089,47.74875,8.938176,47.74682,9.056953921582405,8.883257411777228,8.746356,0,0.011452789,0.7918271,0.5421821,47.75154,9.055088996887207,8.746345694843587
2020-08-06,Angela_DER_AY470_eobs_4001__2020__southbound_01,Angela / DER AY470 (eobs 4001),48.13684,7.751662,48.13066,7.756162,48.13274,7.75079281155073,0.4606832890411718,0.7641024,0,0.0029139232,0.7918271,0.4599168,48.13684,7.751661777496338,0.7640263616165007
2020-08-06,Mirabell_plus_DER_AN910_eobs_3907__2020__southbound_01,Mirabell + / DER AN910 (eobs 3907),47.804016,8.879706,47.803608,8.879683,47.800804,8.880078893636258,0.31317132930316305,0.045647427,0,0.0013627218,0.7918271,0.3578026,47.804016,8.879706382751465,0.04542170295584495
2020-08-06,Sierit_DER_AN858_eobs2561__2020__southbound_01,Sierit  / DER AN858 (eobs2561),47.801804,8.879307,47.80406,8.874309,47.798794,8.880184750894383,0.7319636053016049,0.44998452,0,0.0012687033,0.7918271,0.34062055,47.801804,8.87930679321289,0.4499043533368989
2020-08-06,Zozu_plus_DER_AL581_eobs2541__2020__southbound_01,Zozu + / DER AL581 (eobs2541),47.74875,8.938176,47.7513,9.049513,47.74429,8.939030411817399,8.29715611390734,8.328834,0,0.011111335,0.7918271,0.49901375,47.74875,8.938176155090332,8.328795396161903
2020-08-07,Angela_DER_AY470_eobs_4001__2020__southbound_01,Angela / DER AY470 (eobs 4001),48.13066,7.756162,48.077835,7.753861,48.126694,7.755028967734757,5.4335329616360255,5.8765535,0,0.004084245,0.7918271,0.44819286,48.13066,7.756162166595459,5.876468091270059
2020-08-07,Mirabell_plus_DER_AN910_eobs_3907__2020__southbound_01,Mirabell + / DER AN910 (eobs 3907),47.803608,8.879683,47.80384,8.879082,47.80053,8.880368163418273,0.3805149242700636,0.051877484,0,0.0014088671,0.7918271,0.34561908,47.803608,8.879682540893555,0.0517983977921186
2020-08-07,Sierit_DER_AN858_eobs2561__2020__southbound_01,Sierit  / DER AN858 (eobs2561),47.80406,8.874309,47.804363,8.878179,47.800694,8.874595528835915,0.4879830377909206,0.29098287,0,0.0018432926,0.7918271,0.37439176,47.80406,8.874308586120605,0.2909715027961291
2020-08-07,Zozu_plus_DER_AL581_eobs2541__2020__southbound_01,Zozu + / DER AL581 (eobs2541),47.7513,9.049513,47.75267,9.048279,47.74736,9.049747353809959,0.6005737028356174,0.178104,0,0.010335954,0.7918271,0.43776214,47.7513,9.04951286315918,0.17804679333240042
2020-08-08,Angela_DER_AY470_eobs_4001__2020__southbound_01,Angela / DER AY470 (eobs 4001),48.077835,7.753861,48.133186,7.7520914,48.072525,7.751748875849469,6.745287845256293,6.1561165,0,0.015229943,0.7918271,0.60998774,48.077835,7.753860950469971,6.1561898045759635
2020-08-08,Mirabell_plus_DER_AN910_eobs_3907__2020__southbound_01,Mirabell + / DER AN910 (eobs 3907),47.80384,8.879082,47.80333,8.881425,47.80055,8.879151804308439,0.3527653472982875,0.18411863,0,0.0025697872,0.7918271,0.36537668,47.80384,8.879081726074219,0.18400366171817434
2020-08-08,Sierit_DER_AN858_eobs2561__2020__southbound_01,Sierit  / DER AN858 (eobs2561),47.804363,8.878179,47.802174,8.8844185,47.8011,8.878349892106469,0.46867146424039224,0.5258565,0,0.0021669124,0.7918271,0.36220488,47.804363,8.878178596496582,0.5258088479981722
2020-08-08,Zozu_plus_DER_AL581_eobs2541__2020__southbound_01,Zozu + / DER AL581 (eobs2541),47.75267,9.048279,47.752693,9.048364,47.748486,9.04668822207211,0.4843439086985377,0.00669525,0,0.016197516,0.7918271,0.4792451,47.75267,9.04827880859375,0.006836775525319844
2020-08-09,Angela_DER_AY470_eobs_4001__2020__southbound_01,Angela / DER AY470 (eobs 4001),48.133186,7.7520914,48.13434,7.757279,48.12655,7.748746834777604,1.0729423403372282,0.40571624,0,0.036417246,0.7918271,0.77737266,48.133186,7.752091407775879,0.40572372121503947
2020-08-09,Mirabell_plus_DER_AN910_eobs_3907__2020__southbound_01,Mirabell + / DER AN910 (eobs 3907),47.80333,8.881425,47.804207,8.884075,47.800056,8.88146329920258,0.5010391968900921,0.22061722,0,0.0030148777,0.7918271,0.36344942,47.80333,8.881424903869629,0.22067594863520762
2020-08-09,Sierit_DER_AN858_eobs2561__2020__southbound_01,Sierit  / DER AN858 (eobs2561),47.802174,8.8844185,47.804115,8.879583,47.7987,8.884093477919722,0.6901273787884727,0.42069113,0,0.003608323,0.7918271,0.38640654,47.802174,8.884418487548828,0.4207439281495995
2020-08-09,Zozu_plus_DER_AL581_eobs2541__2020__southbound_01,Zozu + / DER AL581 (eobs2541),47.752693,9.048364,47.751923,9.056243,47.74808,9.045564688194334,0.9054345766500763,0.59520936,0,0.028410297,0.7918271,0.5527464,47.752693,9.04836368560791,0.5952568011688303
2020-08-10,Angela_DER_AY470_eobs_4001__2020__southbound_01,Angela / DER AY470 (eobs 4001),48.13434,7.757279,48.13766,7.754049,48.12856,7.754627624812003,1.0129939997642579,0.44042474,0,0.027098244,0.7918271,0.6707361,48.13434,7.757278919219971,0.4404014898839913
2020-08-10,Mirabell_plus_DER_AN910_eobs_3907__2020__southbound_01,Mirabell + / DER AN910 (eobs 3907),47.804207,8.884075,47.80309,8.885117,47.800903,8.883892756880462,0.25967218201832354,0.14631747,0,0.004078715,0.7918271,0.3670389,47.804207,8.884075164794922,0.14661535074235238
2020-08-10,Sierit_DER_AN858_eobs2561__2020__southbound_01,Sierit  / DER AN858 (eobs2561),47.804115,8.879583,47.80414,8.882941,47.799362,8.877811191955793,0.6548629926661762,0.25078848,0,0.011739659,0.7918271,0.5437577,47.804115,8.879583358764648,0.2508003897832913
2020-08-10,Zozu_plus_DER_AL581_eobs2541__2020__southbound_01,Zozu + / DER AL581 (eobs2541),47.751923,9.056243,47.751312,9.042446,47.746426,9.05219317552759,0.9090187629109664,1.0336602,0,0.04986014,0.7918271,0.6809814,47.751923,9.056242942810059,1.0337010898530443
2020-08-11,Angela_DER_AY470_eobs_4001__2020__southbound_01,Angela / DER AY470 (eobs 4001),48.13766,7.754049,48.133595,7.757238,48.131065,7.750684996195101,0.561772336931208,0.5103627,0,0.04267053,0.7918271,0.77338016,48.13766,7.754048824310303,0.5103577468135397
2020-08-11,Mirabell_plus_DER_AN910_eobs_3907__2020__southbound_01,Mirabell + / DER AN910 (eobs 3907),47.80309,8.885117,47.80299,8.883186,47.79937,8.884649040737376,0.4171043344967586,0.14459674,0,0.0062234625,0.7918271,0.41435343,47.80309,8.885116577148438,0.14458608639859524
2020-08-11,Sierit_DER_AN858_eobs2561__2020__southbound_01,Sierit  / DER AN858 (eobs2561),47.80414,8.882941,47.803635,8.88179,47.799763,8.881714794683841,0.43057499934292975,0.102566384,0,0.009002131,0.7918271,0.49427605,47.80414,8.882941246032715,0.10259593816289998
2020-08-11,Zozu_plus_DER_AL581_eobs2541__2020__southbound_01,Zozu + / DER AL581 (eobs2541),47.751312,9.042446,47.751488,9.042528,47.74251,9.034768401243072,1.154463379158593,0.02043127,0,0.14205688,0.7918271,1.1323715,47.751312,9.04244613647461,0.02045283547174539
2020-08-12,Angela_DER_AY470_eobs_4001__2020__southbound_01,Angela / DER AY470 (eobs 4001),48.133595,7.757238,48.12931,7.758246,48.12528,7.75208518533702,0.6403915963123761,0.48210394,0,0.065317154,0.7918271,0.99888986,48.133595,7.757237911224365,0.4821878594347355
2020-08-12,Mirabell_plus_DER_AN910_eobs_3907__2020__southbound_01,Mirabell + / DER AN910 (eobs 3907),47.80299,8.883186,47.8024,8.880038,47.795895,8.878623827775353,0.7308952433216008,0.24406165,0,0.039541326,0.7918271,0.8580086,47.80299,8.883186340332031,0.24414356973795337
2020-08-12,Sierit_DER_AN858_eobs2561__2020__southbound_01,Sierit  / DER AN858 (eobs2561),47.803635,8.88179,47.802116,8.878421,47.797264,8.877848238552378,0.5412437101231251,0.30313113,0,0.02806647,0.7918271,0.76576775,47.803635,8.881790161132812,0.30303080476523014
2020-08-12,Zozu_plus_DER_AL581_eobs2541__2020__southbound_01,Zozu + / DER AL581 (eobs2541),47.751488,9.042528,47.752216,9.048985,47.742558,9.035108646042326,1.4932650045052325,0.4894771,0,0.11906071,0.7918271,1.1354985,47.751488,9.04252815246582,0.48943853812710836
2020-08-13,Angela_DER_AY470_eobs_4001__2020__southbound_01,Angela / DER AY470 (eobs 4001),48.12931,7.758246,48.137924,7.7551374,48.121838,7.753629117458376,1.7922477259056337,0.98488975,0,0.05263765,0.7918271,0.8971512,48.12931,7.758245944976807,0.985177357971529
2020-08-13,Mirabell_plus_DER_AN910_eobs_3907__2020__southbound_01,Mirabell + / DER AN910 (eobs 3907),47.8024,8.880038,47.801975,8.880928,47.793663,8.873351336816473,1.0837815128091746,0.08143424,0,0.07151909,0.7918271,1.090507,47.8024,8.880038261413574,0.08144523089095562
2020-08-13,Sierit_DER_AN858_eobs2561__2020__southbound_01,Sierit  / DER AN858 (eobs2561),47.802116,8.878421,47.801846,8.874303,47.79443,8.873724400912998,0.8257285622653024,0.3089978,0,0.04351473,0.7918271,0.92231005,47.802116,8.87842082977295,0.30903842601952314
2020-08-13,Zozu_plus_DER_AL581_eobs2541__2020__southbound_01,Zozu + / DER AL581 (eobs2541),47.752216,9.048985,47.744904,9.058249,47.745667,9.04473352000754,1.0141512031580897,1.0683438,0,0.047080778,0.7918271,0.79342425,47.752216,9.04898452758789,1.0681951198807929
2020-08-14,Angela_DER_AY470_eobs_4001__2020__southbound_01,Angela / DER AY470 (eobs 4001),48.137924,7.7551374,48.134556,7.7556753,48.12837,7.7482626689866505,0.880907434459791,0.3762953,0,0.08728506,0.7918271,1.1764715,48.137924,7.7551374435424805,0.37666776916567457
2020-08-14,Mirabell_plus_DER_AN910_eobs_3907__2020__southbound_01,Mirabell + / DER AN910 (eobs 3907),47.801975,8.880928,47.802505,8.879974,47.796127,8.877533442448808,0.7322811895077989,0.09236304,0,0.016042532,0.7918271,0.69666255,47.801975,8.880928039550781,0.09246550883185699
2020-08-14,Sierit_DER_AN858_eobs2561__2020__southbound_01,Sierit  / DER AN858 (eobs2561),47.801846,8.874303,47.8021,8.879501,47.794456,8.869680483509288,1.12280795777073,0.38924038,0,0.031738717,0.7918271,0.8895554,47.801846,8.874302864074707,0.3893088662206597
2020-08-14,Zozu_plus_DER_AL581_eobs2541__2020__southbound_01,Zozu + / DER AL581 (eobs2541),47.744904,9.058249,47.750763,9.058613,47.738422,9.054441419158117,1.4072093087719664,0.6523194,0,0.036283586,0.7918271,0.77336824,47.744904,9.058249473571777,0.6520998010101903
2020-08-15,Angela_DER_AY470_eobs_4001__2020__southbound_01,Angela / DER AY470 (eobs 4001),48.134556,7.7556753,48.13698,7.7535634,48.128063,7.751880947769858,0.999130749936527,0.31143692,0,0.025555518,0.7918271,0.7735291,48.134556,7.755675315856934,0.31162738304161003
2020-08-15,Mirabell_plus_DER_AN910_eobs_3907__2020__southbound_01,Mirabell + / DER AN910 (eobs 3907),47.802505,8.879974,47.801968,8.877976,47.79666,8.875268282257158,0.6237387264504014,0.16066635,0,0.01660634,0.7918271,0.7373654,47.802505,8.879974365234375,0.16076376801273579
2020-08-15,Sierit_DER_AN858_eobs2561__2020__southbound_01,Sierit  / DER AN858 (eobs2561),47.8021,8.879501,47.803947,8.879425,47.796345,8.876930315632006,0.8656741482501439,0.20555454,0,0.011404493,0.7918271,0.6670067,47.8021,8.879501342773438,0.20538003818731718
2020-08-15,Zozu_plus_DER_AL581_eobs2541__2020__southbound_01,Zozu + / DER AL581 (eobs2541),47.750763,9.058613,47.75135,8.989122,47.744488,9.05553087866777,5.023451981265832,5.195707,0,0.033234924,0.7918271,0.733412,47.750763,9.058612823486328,5.195679446571643
2020-08-16,Angela_DER_AY470_eobs_4001__2020__southbound_01,Angela / DER AY470 (eobs 4001),48.13698,7.7535634,48.135075,7.755437,48.129704,7.746964895702269,0.867178360653114,0.2531464,0,0.06734555,0.7918271,0.9438624,48.13698,7.753563404083252,0.2532392766713713
2020-08-16,Mirabell_plus_DER_AN910_eobs_3907__2020__southbound_01,Mirabell + / DER AN910 (eobs 3907),47.801968,8.877976,47.80295,8.879338,47.79582,8.871481932841794,0.9866752539595197,0.14934935,0,0.024316333,0.7918271,0.8370006,47.801968,8.877976417541504,0.1494065538406622
2020-08-16,Sierit_DER_AN858_eobs2561__2020__southbound_01,Sierit  / DER AN858 (eobs2561),47.803947,8.879425,47.802776,8.878763,47.799587,8.876856059490214,0.3821509389285307,0.13947043,0,0.0077080666,0.7918271,0.5203177,47.803947,8.879425048828125,0.13928832557136425
2020-08-16,Zozu_plus_DER_AL581_eobs2541__2020__southbound_01,Zozu + / DER AL581 (eobs2541),47.75135,8.989122,47.752777,9.051551,47.74483,8.983998043725247,5.127329438610849,4.66992,0,0.051749106,0.7918271,0.8185156,47.75135,8.98912239074707,4.669905218865601
2020-08-17,Angela_DER_AY470_eobs_4001__2020__southbound_01,Angela / DER AY470 (eobs 4001),48.135075,7.755437,48.14024,7.749622,48.128773,7.749724113694347,1.2750943347776074,0.71817833,0,0.046247996,0.7918271,0.81772166,48.135075,7.755436897277832,0.7183707588002973
2020-08-17,Mirabell_plus_DER_AN910_eobs_3907__2020__southbound_01,Mirabell + / DER AN910 (eobs 3907),47.80295,8.879338,47.802795,8.879619,47.79857,8.876415109558463,0.5273898449020541,0.027231557,0,0.008486018,0.7918271,0.5330721,47.80295,8.879338264465332,0.027220942015571924
2020-08-17,Sierit_DER_AN858_eobs2561__2020__southbound_01,Sierit  / DER AN858 (eobs2561),47.802776,8.878763,47.80275,8.879657,47.79887,8.877225067042081,0.46806297176407213,0.06675763,0,0.0048042773,0.7918271,0.44859913,47.802776,8.878763198852539,0.0668067248525399
2020-08-17,Zozu_plus_DER_AL581_eobs2541__2020__southbound_01,Zozu + / DER AL581 (eobs2541),47.752777,9.051551,47.75158,9.056366,47.74748,9.049003939744859,0.7147632261036396,0.38397732,0,0.022733731,0.7918271,0.6181264,47.752777,9.05155086517334,0.38383059030054
2020-08-18,Angela_DER_AY470_eobs_4001__2020__southbound_01,Angela / DER AY470 (eobs 4001),48.14024,7.749622,47.98552,7.7342486,48.1308,7.739566326611731,16.159135990844003,17.241764,1,0.1361316,0.7918271,1.2857122,48.14024,7.749621868133545,17.242026589250525
2020-08-18,Mirabell_plus_DER_AN910_eobs_3907__2020__southbound_01,Mirabell + / DER AN910 (eobs 3907),47.802795,8.879619,47.80365,8.8796215,47.799164,8.877881648410547,0.5154792189762406,0.094866306,0,0.0033584514,0.7918271,0.42327142,47.802795,8.879618644714355,0.09501556762505428
2020-08-18,Sierit_DER_AN858_eobs2561__2020__southbound_01,Sierit  / DER AN858 (eobs2561),47.80275,8.879657,47.80389,8.879673,47.798767,8.878152814781476,0.5808729886312698,0.12698,0,0.004356527,0.7918271,0.45615348,47.80275,8.879656791687012,0.12683427507206987
2020-08-18,Zozu_plus_DER_AL581_eobs2541__2020__southbound_01,Zozu + / DER AL581 (eobs2541),47.75158,9.056366,47.74882,8.941401,47.74638,9.054276137188214,8.443772073230086,8.600712,0,0.020293891,0.7918271,0.59789515,47.75158,9.056365966796875,8.600697963579501
2020-08-19,Angela_DER_AY470_eobs_4001__2020__southbound_01,Angela / DER AY470 (eobs 4001),47.98552,7.7342486,47.778625,7.526185,47.655197,7.253252724371394,24.6023820724289,27.749002,1,0.9811013,0.7918271,51.199646,47.655197,7.253252724371394,24.6023820724289
2020-08-19,Europa_DER_A1A26_eobs_4004__2020__southbound_01,Europa / DER A1A26 (eobs 4004),47.11048,7.4815288,47.112366,7.5149474,47.10388,7.469009827299071,3.6023309886033195,2.5376904,0,0.28755954,0.7918271,1.1963116,47.11048,7.4815287590026855,2.537675241098385
2020-08-19,Mirabell_plus_DER_AN910_eobs_3907__2020__southbound_01,Mirabell + / DER AN910 (eobs 3907),47.80365,8.8796215,47.80331,8.879771,47.800224,8.876967877857455,0.4019924003909504,0.039173372,0,0.0043691928,0.7918271,0.42870295,47.80365,8.879621505737305,0.03937304890747469
2020-08-19,Sierit_DER_AN858_eobs2561__2020__southbound_01,Sierit  / DER AN858 (eobs2561),47.80389,8.879673,47.804024,8.879544,47.79991,8.877194733455735,0.48977804621863585,0.01762509,0,0.005525207,0.7918271,0.478675,47.80389,8.87967300415039,0.017688052284742992
2020-08-19,Zozu_plus_DER_AL581_eobs2541__2020__southbound_01,Zozu + / DER AL581 (eobs2541),47.74882,8.941401,47.751575,9.056559,47.742195,8.936364983505012,9.047007446669408,8.6150465,0,0.042765044,0.7918271,0.82583535,47.74882,8.941400527954102,8.615076665889086
2020-08-20,Angela_DER_AY470_eobs_4001__2020__southbound_01,Angela / DER AY470 (eobs 4001),47.778625,7.526185,47.26316,6.046625,47.17392,6.609991196927901,43.68946006923489,125.0141,1,0.9851826,0.7918271,95.79045,47.17392,6.609991196927901,43.68946006923489
2020-08-20,Europa_DER_A1A26_eobs_4004__2020__southbound_01,Europa / DER A1A26 (eobs 4004),47.112366,7.5149474,47.108448,7.597963,47.109272,7.5113612346258165,6.5546693766345,6.2975197,0,0.0811497,0.7918271,0.43737975,47.112366,7.514947414398193,6.297528834619367
2020-08-20,Mirabell_plus_DER_AN910_eobs_3907__2020__southbound_01,Mirabell + / DER AN910 (eobs 3907),47.80331,8.879771,47.803085,8.87948,47.800205,8.877955934866852,0.3398905065001679,0.03310304,0,0.0027980967,0.7918271,0.37037256,47.80331,8.87977123260498,0.033140117424618316
2020-08-20,Sierit_DER_AN858_eobs2561__2020__southbound_01,Sierit  / DER AN858 (eobs2561),47.804024,8.879544,47.804432,8.877387,47.80008,8.87609349430518,0.49353324478981647,0.16738598,0,0.0070127747,0.7918271,0.50791836,47.804024,8.879544258117676,0.1673842212911025
2020-08-20,Zozu_plus_DER_AL581_eobs2541__2020__southbound_01,Zozu + / DER AL581 (eobs2541),47.751575,9.056559,47.751354,8.933139,47.746674,9.055155872427262,9.137472884930599,9.227062,0,0.015889859,0.7918271,0.55426943,47.751575,9.056558609008789,9.227112487704428
2020-08-21,Angela_DER_AY470_eobs_4001__2020__southbound_01,Angela / DER AY470 (eobs 4001),47.26316,6.046625,46.75634,5.1028695,46.1903,4.695022820699293,70.26371591124648,91.08314,1,0.98762405,0.7918271,156.67778,46.1903,4.695022820699293,70.26371591124648
2020-08-21,Europa_DER_A1A26_eobs_4004__2020__southbound_01,Europa / DER A1A26 (eobs 4004),47.108448,7.597963,47.14373,7.522199,47.104317,7.5923395701320295,6.88247005581221,6.9458055,0,0.1690808,0.7918271,0.62500846,47.108448,7.597962856292725,6.945993140740848
2020-08-21,Mirabell_plus_DER_AN910_eobs_3907__2020__southbound_01,Mirabell + / DER AN910 (eobs 3907),47.803085,8.87948,47.80436,8.879374,47.799152,8.876885611812844,0.6080877754218644,0.14168195,0,0.0071380525,0.7918271,0.47768736,47.803085,8.879480361938477,0.1418990572713364
2020-08-21,Sierit_DER_AN858_eobs2561__2020__southbound_01,Sierit  / DER AN858 (eobs2561),47.804432,8.877387,47.80548,8.879814,47.799355,8.87231668068505,0.881839415657209,0.21562144,0,0.019898463,0.7918271,0.6787378,47.804432,8.877387046813965,0.2155570405508463
2020-08-21,Zozu_plus_DER_AL581_eobs2541__2020__southbound_01,Zozu + / DER AL581 (eobs2541),47.751354,8.933139,47.758503,8.995893,47.744736,8.927847849873686,5.312470808643165,4.758109,0,0.05051241,0.7918271,0.83395684,47.751354,8.933138847351074,4.758133241959139
2020-08-22,Angela_DER_AY470_eobs_4001__2020__southbound_01,Angela / DER AY470 (eobs 4001),46.75634,5.1028695,45.665047,4.7279363,46.291847,4.5951558879404395,70.44827877730806,124.72864,1,0.9681092,0.7918271,64.41299,46.291847,4.5951558879404395,70.44827877730806
2020-08-22,Europa_DER_A1A26_eobs_4004__2020__southbound_01,Europa / DER A1A26 (eobs 4004),47.14373,7.522199,47.1363,7.5240912,47.130337,7.492438986200084,2.4844429080256094,0.8384936,0,0.5787328,0.7918271,2.694169,47.14373,7.5221991539001465,0.8385953962166849
2020-08-22,Mirabell_plus_DER_AN910_eobs_3907__2020__southbound_01,Mirabell + / DER AN910 (eobs 3907),47.80436,8.879374,47.80392,8.879947,47.798107,8.873017571536417,0.828093085881104,0.06470497,0,0.038153645,0.7918271,0.8403148,47.80436,8.879373550415039,0.06489946883158045
2020-08-22,Sierit_DER_AN858_eobs2561__2020__southbound_01,Sierit  / DER AN858 (eobs2561),47.80548,8.879814,47.803898,8.879863,47.80048,8.875838797592763,0.48453604163142383,0.17634758,0,0.017532729,0.7918271,0.6292739,47.80548,8.879814147949219,0.17607033584643442
2020-08-22,Zozu_plus_DER_AL581_eobs2541__2020__southbound_01,Zozu + / DER AL581 (eobs2541),47.758503,8.995893,47.749763,9.059016,47.752594,8.990277136234416,5.148713592486553,4.8179927,0,0.04789428,0.7918271,0.77833664,47.758503,8.995892524719238,4.818019420886119
2020-08-23,Angela_DER_AY470_eobs_4001__2020__southbound_01,Angela / DER AY470 (eobs 4001),45.665047,4.7279363,43.503193,3.9061465,44.846424,3.778265085999059,149.7084290584583,249.03783,1,0.98491526,0.7918271,116.97801,44.846424,3.778265085999059,149.7084290584583
2020-08-23,Europa_DER_A1A26_eobs_4004__2020__southbound_01,Europa / DER A1A26 (eobs 4004),47.1363,7.5240912,47.119648,7.585053,47.125942,7.504907343947002,6.10410653776521,4.9697304,0,0.48753175,0.7918271,1.8491968,47.1363,7.5240912437438965,4.969721551491427
2020-08-23,Mirabell_plus_DER_AN910_eobs_3907__2020__southbound_01,Mirabell + / DER AN910 (eobs 3907),47.80392,8.879947,47.801846,8.874266,47.796192,8.872546287351827,0.6416126635633028,0.4830556,0,0.039795235,0.7918271,1.0199566,47.80392,8.8799467086792,0.4829914245640213
2020-08-23,Sierit_DER_AN858_eobs2561__2020__southbound_01,Sierit  / DER AN858 (eobs2561),47.803898,8.879863,47.801914,8.874343,47.798122,8.875603657078518,0.4320182084461349,0.46752492,0,0.017403733,0.7918271,0.7155143,47.803898,8.879862785339355,0.4675636384758224
2020-08-23,Zozu_plus_DER_AL581_eobs2541__2020__southbound_01,Zozu + / DER AL581 (eobs2541),47.749763,9.059016,47.752613,9.024365,47.74304,9.052724588842187,2.372623652446437,2.6099024,0,0.05834863,0.7918271,0.8818163,47.749763,9.059016227722168,2.6098753010454527
2020-08-24,Angela_DER_AY470_eobs_4001__2020__southbound_01,Angela / DER AY470 (eobs 4001),43.503193,3.9061465,42.513783,2.8850985,43.22844,3.543097348885889,95.86512608350023,137.82597,1,0.9554048,0.7918271,42.243374,43.22844,3.543097348885889,95.86512608350023
2020-08-24,Europa_DER_A1A26_eobs_4004__2020__southbound_01,Europa / DER A1A26 (eobs 4004),47.119648,7.585053,46.807476,6.80487,47.104607,7.562084926117658,66.29032055261531,68.63028,1,0.5642004,0.7918271,2.4077916,47.119648,7.585052967071533,68.6304106422631
2020-08-24,Mirabell_plus_DER_AN910_eobs_3907__2020__southbound_01,Mirabell + / DER AN910 (eobs 3907),47.801846,8.874266,47.80194,8.880507,47.794506,8.86752326134884,1.2743907734040385,0.46634042,0,0.025941249,0.7918271,0.9573717,47.801846,8.874265670776367,0.4663161628091886
2020-08-24,Sierit_DER_AN858_eobs2561__2020__southbound_01,Sierit  / DER AN858 (eobs2561),47.801914,8.874343,47.80449,8.880633,47.795376,8.86955373070422,1.3083370179342968,0.55024606,0,0.017563228,0.7918271,0.80881035,47.801914,8.874342918395996,0.5501870286379079
2020-08-24,Zozu_plus_DER_AL581_eobs2541__2020__southbound_01,Zozu + / DER AL581 (eobs2541),47.752613,9.024365,47.32858,8.375759,47.74624,9.018365431441492,66.96145867178956,67.77549,1,0.05512772,0.7918271,0.83734906,47.752613,9.024365425109863,67.77567493194478
2020-08-25,Angela_DER_AY470_eobs_4001__2020__southbound_01,Angela / DER AY470 (eobs 4001),42.513783,2.8850985,41.61882,0.69156855,41.89933,1.9559905403435347,109.4176661962944,206.60591,1,0.9806213,0.7918271,102.13111,41.89933,1.9559905403435347,109.4176661962944
2020-08-25,Europa_DER_A1A26_eobs_4004__2020__southbound_01,Europa / DER A1A26 (eobs 4004),46.807476,6.80487,45.077362,4.797459,45.989086,5.76529057928507,126.3338256215692,247.17233,1,0.98149604,0.7918271,120.37499,45.989086,5.76529057928507,126.3338256215692
2020-08-25,Mirabell_plus_DER_AN910_eobs_3907__2020__southbound_01,Mirabell + / DER AN910 (eobs 3907),47.80194,8.880507,47.801964,8.879419,47.795822,8.875230993691728,0.7511679731076211,0.08129735,0,0.012691803,0.7918271,0.78489447,47.80194,8.880507469177246,0.08131234391275695
2020-08-25,Sierit_DER_AN858_eobs2561__2020__southbound_01,Sierit  / DER AN858 (eobs2561),47.80449,8.880633,47.801857,8.879341,47.79838,8.87661829376124,0.43667399978698707,0.30818436,0,0.010436297,0.7918271,0.7412456,47.80449,8.880633354187012,0.3081834921099792
2020-08-25,Zozu_plus_DER_AL581_eobs2541__2020__southbound_01,Zozu + / DER AL581 (eobs2541),47.32858,8.375759,47.231762,8.259381,46.728867,7.556553875043146,77.26413637813259,13.891591,1,0.9799111,0.7918271,90.71892,46.728867,7.556553875043146,77.26413637813259
2020-08-26,Angela_DER_AY470_eobs_4001__2020__southbound_01,Angela / DER AY470 (eobs 4001),41.61882,0.69156855,41.308945,-0.8508059,40.975903,-0.36105758490468,55.25647025273802,133.05751,1,0.9810439,0.7918271,112.79422,40.975903,-0.36105758490468,55.25647025273802
2020-08-26,Europa_DER_A1A26_eobs_4004__2020__southbound_01,Europa / DER A1A26 (eobs 4004),45.077362,4.797459,43.82647,4.49841,44.503414,4.404429370800604,75.64526025237984,141.1037,1,0.9706861,0.7918271,70.765686,44.503414,4.404429370800604,75.64526025237984
2020-08-26,Mirabell_plus_DER_AN910_eobs_3907__2020__southbound_01,Mirabell + / DER AN910 (eobs 3907),47.801964,8.879419,47.809895,8.88335,47.796066,8.871485248273848,1.774722382760325,0.9294909,0,0.021644026,0.7918271,0.8824559,47.801964,8.879419326782227,0.929446362341912
2020-08-26,Sierit_DER_AN858_eobs2561__2020__southbound_01,Sierit  / DER AN858 (eobs2561),47.801857,8.879341,47.805744,8.880607,47.797848,8.8761431233521,0.939202548188125,0.44256064,0,0.0049942997,0.7918271,0.5050272,47.801857,8.879341125488281,0.44244843933264166
2020-08-26,Zozu_plus_DER_AL581_eobs2541__2020__southbound_01,Zozu + / DER AL581 (eobs2541),47.231762,8.259381,47.233185,8.252966,47.204414,8.21273083429693,4.412275551143864,0.509594,0,0.62530684,0.7918271,4.645316,47.231762,8.259381294250488,0.5095725430328877
2020-08-27,Angela_DER_AY470_eobs_4001__2020__southbound_01,Angela / DER AY470 (eobs 4001),41.308945,-0.8508059,40.82922,-1.9202002,40.803406,-1.7935670219940487,11.036425433307976,104.31788,1,0.9788617,0.7918271,96.58067,40.803406,-1.7935670219940487,11.036425433307976
2020-08-27,Europa_DER_A1A26_eobs_4004__2020__southbound_01,Europa / DER A1A26 (eobs 4004),43.82647,4.49841,43.356533,3.4199433,43.17641,3.8701289128174476,41.59128898123238,101.361084,1,0.98152804,0.7918271,87.96543,43.17641,3.8701289128174476,41.59128898123238
2020-08-27,Mirabell_plus_DER_AN910_eobs_3907__2020__southbound_01,Mirabell + / DER AN910 (eobs 3907),47.809895,8.88335,47.802914,8.879726,47.80101,8.871782404256605,0.6299553195245736,0.82187355,0,0.037232418,0.7918271,1.3100879,47.809895,8.883350372314453,0.8220710003951367
2020-08-27,Sierit_DER_AN858_eobs2561__2020__southbound_01,Sierit  / DER AN858 (eobs2561),47.805744,8.880607,47.80296,8.879541,47.797676,8.873617491751949,0.7354674911787884,0.3198229,0,0.018654892,0.7918271,1.0361811,47.805744,8.880606651306152,0.3197056035083764
2020-08-27,Zozu_plus_DER_AL581_eobs2541__2020__southbound_01,Zozu + / DER AL581 (eobs2541),47.233185,8.252966,47.114326,7.545029,47.21855,8.225136280443897,52.70473622601736,55.11919,1,0.45551232,0.7918271,2.653012,47.233185,8.252965927124023,55.11919635360288
2020-08-28,Angela_DER_AY470_eobs_4001__2020__southbound_01,Angela / DER AY470 (eobs 4001),40.82922,-1.9202002,39.22833,-3.0276914,40.01175,-3.2226255918473243,88.69809987102191,201.43974,1,0.9866716,0.7918271,142.12589,40.01175,-3.2226255918473243,88.69809987102191
2020-08-28,Europa_DER_A1A26_eobs_4004__2020__southbound_01,Europa / DER A1A26 (eobs 4004),43.356533,3.4199433,43.122803,2.9608476,43.169693,3.115320958669887,13.57363211338744,45.370655,1,0.9514751,0.7918271,32.164463,43.169693,3.115320958669887,13.57363211338744
2020-08-28,Mirabell_plus_DER_AN910_eobs_3907__2020__southbound_01,Mirabell + / DER AN910 (eobs 3907),47.802914,8.879726,47.801807,8.881165,47.7987,8.874443373644986,0.6095330788654539,0.16338648,0,0.0074069747,0.7918271,0.6115986,47.802914,8.87972640991211,0.16330703880969777
2020-08-28,Sierit_DER_AN858_eobs2561__2020__southbound_01,Sierit  / DER AN858 (eobs2561),47.80296,8.879541,47.801785,8.881173,47.799015,8.876210065587047,0.4819249711751878,0.17875868,0,0.0039762394,0.7918271,0.5034279,47.80296,8.879541397094727,0.1786651049843401
2020-08-28,Zozu_plus_DER_AL581_eobs2541__2020__southbound_01,Zozu + / DER AL581 (eobs2541),47.114326,7.545029,47.109154,7.546319,46.44585,6.457864151729956,110.94859115788759,0.58317,0,0.97369236,0.7918271,110.68033,46.44585,6.457864151729956,110.94859115788759
2020-08-29,Angela_DER_AY470_eobs_4001__2020__southbound_01,Angela / DER AY470 (eobs 4001),39.22833,-3.0276914,37.94277,-3.214849,38.642834,-3.6279281416779097,85.785981830602,143.87059,1,0.97816443,0.7918271,82.99017,38.642834,-3.6279281416779097,85.785981830602
2020-08-29,Europa_DER_A1A26_eobs_4004__2020__southbound_01,Europa / DER A1A26 (eobs 4004),43.122803,2.9608476,43.0676,2.937868,42.9504,2.522246868973498,36.2201876040767,6.415245,0,0.9630315,0.7918271,40.359688,42.9504,2.522246868973498,36.2201876040767
2020-08-29,Mirabell_plus_DER_AN910_eobs_3907__2020__southbound_01,Mirabell + / DER AN910 (eobs 3907),47.801807,8.881165,47.802933,8.880664,47.797104,8.87486153458877,0.7796865421467055,0.130569,0,0.013587824,0.7918271,0.70246845,47.801807,8.88116455078125,0.13059997444474478
2020-08-29,Sierit_DER_AN858_eobs2561__2020__southbound_01,Sierit  / DER AN858 (eobs2561),47.801785,8.881173,47.802868,8.880373,47.797512,8.877388500676014,0.6358955162279645,0.13459721,0,0.0054948768,0.7918271,0.5519309,47.801785,8.881173133850098,0.1344744737353762
2020-08-29,Zozu_plus_DER_AL581_eobs2541__2020__southbound_01,Zozu + / DER AL581 (eobs2541),47.109154,7.546319,47.084793,7.42525,47.104996,7.558312214776656,10.320273042277769,9.556487,0,0.18362188,0.7918271,1.0168012,47.109154,7.546319007873535,9.556508091671965
2020-08-30,Angela_DER_AY470_eobs_4001__2020__southbound_01,Angela / DER AY470 (eobs 4001),37.94277,-3.214849,37.124306,-4.9453483,37.50989,-3.5873868533336575,127.51093583446392,177.66501,1,0.9689292,0.7918271,58.070805,37.50989,-3.5873868533336575,127.51093583446392
2020-08-30,Europa_DER_A1A26_eobs_4004__2020__southbound_01,Europa / DER A1A26 (eobs 4004),43.0676,2.937868,42.008003,2.656421,42.90066,2.5187568720837077,99.8996424906377,120.05723,1,0.9602164,0.7918271,38.709515,42.90066,2.5187568720837077,99.8996424906377
2020-08-30,Mirabell_plus_DER_AN910_eobs_3907__2020__southbound_01,Mirabell + / DER AN910 (eobs 3907),47.802933,8.880664,47.80188,8.880042,47.79804,8.872837328402216,0.6870551453002671,0.12579176,0,0.019931797,0.7918271,0.797354,47.802933,8.880663871765137,0.12594732627468647
2020-08-30,Sierit_DER_AN858_eobs2561__2020__southbound_01,Sierit  / DER AN858 (eobs2561),47.802868,8.880373,47.801872,8.874474,47.798332,8.874947814514549,0.39522547995586427,0.45432994,0,0.008207791,0.7918271,0.64593333,47.802868,8.880373001098633,0.4543157957451073
2020-08-30,Zozu_plus_DER_AL581_eobs2541__2020__southbound_01,Zozu + / DER AL581 (eobs2541),47.084793,7.42525,47.05003,7.307048,47.05272,7.3799371012963615,5.530320495245755,9.751459,0,0.58757865,0.7918271,4.9400644,47.084793,7.425250053405762,9.751409811527616
2020-08-31,Angela_DER_AY470_eobs_4001__2020__southbound_01,Angela / DER AY470 (eobs 4001),37.124306,-4.9453483,36.503098,-6.028767,36.790936,-5.314709509606136,71.29255479172684,118.63031,1,0.9586882,0.7918271,49.37546,36.790936,-5.314709509606136,71.29255479172684
2020-08-31,Europa_DER_A1A26_eobs_4004__2020__southbound_01,Europa / DER A1A26 (eobs 4004),42.008003,2.656421,41.558605,0.6168077,41.1569,1.3214973817292395,73.85391082032704,176.33739,1,0.9888992,0.7918271,145.07831,41.1569,1.3214973817292395,73.85391082032704
2020-08-31,Mirabell_plus_DER_AN910_eobs_3907__2020__southbound_01,Mirabell + / DER AN910 (eobs 3907),47.80188,8.880042,47.8026,8.879703,47.794205,8.868750316359755,1.2413172803058292,0.08393121,0,0.047415353,0.7918271,1.1978121,47.80188,8.88004207611084,0.08408387548807592
2020-08-31,Sierit_DER_AN858_eobs2561__2020__southbound_01,Sierit  / DER AN858 (eobs2561),47.801872,8.874474,47.80272,8.879898,47.794273,8.865586388362994,1.4229248655334805,0.4158961,0,0.024305113,0.7918271,1.072501,47.801872,8.874473571777344,0.4159484218833891
2020-08-31,Zozu_plus_DER_AL581_eobs2541__2020__southbound_01,Zozu + / DER AL581 (eobs2541),47.05003,7.307048,46.406265,6.2939243,47.033558,7.318363359311568,104.70779619701753,105.29384,1,0.3234217,0.7918271,2.0187855,47.05003,7.3070478439331055,105.29378544190784
2020-09-01,Angela_DER_AY470_eobs_4001__2020__southbound_01,Angela / DER AY470 (eobs 4001),36.503098,-6.028767,36.500965,-6.0288234,36.467102,-6.055056929115958,4.436105898083262,0.23741017,0,0.72804326,0.7918271,4.6329923,36.503098,-6.028767108917236,0.2371674730625478
2020-09-01,Europa_DER_A1A26_eobs_4004__2020__southbound_01,Europa / DER A1A26 (eobs 4004),41.558605,0.6168077,41.558628,0.6142683,41.445133,0.42907640148809645,19.927752586114885,0.21130614,0,0.9216146,0.7918271,20.044504,41.445133,0.42907640148809645,19.927752586114885
2020-09-01,Mirabell_plus_DER_AN910_eobs_3907__2020__southbound_01,Mirabell + / DER AN910 (eobs 3907),47.8026,8.879703,47.802902,8.880591,47.79315,8.864493091085201,1.6190691461950777,0.07425469,0,0.10290739,0.7918271,1.5445235,47.8026,8.8797025680542,0.07436278774061558
2020-09-01,Sierit_DER_AN858_eobs2561__2020__southbound_01,Sierit  / DER AN858 (eobs2561),47.80272,8.879898,47.802498,8.880113,47.794098,8.871102973119502,1.1512224668870916,0.029256893,0,0.028487448,0.7918271,1.1599735,47.80272,8.879898071289062,0.029361740142233063
2020-09-01,Zozu_plus_DER_AL581_eobs2541__2020__southbound_01,Zozu + / DER AL581 (eobs2541),46.406265,6.2939243,43.118618,3.1282904,45.86237,5.618509166796027,363.4108934724303,442.7557,1,0.9598076,0.7918271,79.48114,45.86237,5.618509166796027,363.4108934724303
2020-09-02,Angela_DER_AY470_eobs_4001__2020__southbound_01,Angela / DER AY470 (eobs 4001),36.500965,-6.0288234,36.477024,-6.017776,36.433964,-6.0525756320919415,5.710740239799847,2.8392608,0,0.6803676,0.7918271,7.7332506,36.500965,-6.028823375701904,2.839416113992981
2020-09-02,Europa_DER_A1A26_eobs_4004__2020__southbound_01,Europa / DER A1A26 (eobs 4004),41.558628,0.6142683,41.530357,0.4342218,41.55446,0.5796179564439791,12.393896357689657,15.310169,1,0.4164216,0.7918271,2.915001,41.558628,0.6142683029174805,15.31019878468161
2020-09-02,Mirabell_plus_DER_AN910_eobs_3907__2020__southbound_01,Mirabell + / DER AN910 (eobs 3907),47.802902,8.880591,47.80181,8.874193,47.797634,8.87104516882116,0.5205979309625158,0.4929872,0,0.035474557,0.7918271,0.92114604,47.802902,8.88059139251709,0.4930310885056451
2020-09-02,Sierit_DER_AN858_eobs2561__2020__southbound_01,Sierit  / DER AN858 (eobs2561),47.802498,8.880113,47.802094,8.879432,47.798306,8.876733775445015,0.4669291992832114,0.06794517,0,0.004663208,0.7918271,0.5292093,47.802498,8.880112648010254,0.06788300054168281
2020-09-02,Zozu_plus_DER_AL581_eobs2541__2020__southbound_01,Zozu + / DER AL581 (eobs2541),43.118618,3.1282904,41.678387,1.1197089,42.626377,2.770434875507571,172.12533062466454,229.87794,1,0.9489974,0.7918271,61.855362,42.626377,2.770434875507571,172.12533062466454
2020-09-03,Angela_DER_AY470_eobs_4001__2020__southbound_01,Angela / DER AY470 (eobs 4001),36.477024,-6.017776,36.503082,-6.028866,36.44107,-6.015272634967898,7.00170443451397,3.0623043,0,0.5123056,0.7918271,3.9969683,36.477024,-6.017776012420654,3.0624513474496142
2020-09-03,Europa_DER_A1A26_eobs_4004__2020__southbound_01,Europa / DER A1A26 (eobs 4004),41.530357,0.4342218,41.518726,-0.5834386,41.388477,0.014666684559817844,51.907302944818866,84.72821,1,0.9126103,0.7918271,38.255035,41.388477,0.014666684559817844,51.907302944818866
2020-09-03,Mirabell_plus_DER_AN910_eobs_3907__2020__southbound_01,Mirabell + / DER AN910 (eobs 3907),47.80181,8.874193,47.801804,8.874189,47.79777,8.86652257840879,0.7272895859970727,0.0007933913,0,0.027272085,0.7918271,0.7267227,47.80181,8.87419319152832,0.0008949176843499043
2020-09-03,Sierit_DER_AN858_eobs2561__2020__southbound_01,Sierit  / DER AN858 (eobs2561),47.802094,8.879432,47.802036,8.874235,47.79843,8.87650556267817,0.4352413872995341,0.38817546,0,0.004536786,0.7918271,0.46143365,47.802094,8.87943172454834,0.38817915732839653
2020-09-03,Zozu_plus_DER_AL581_eobs2541__2020__southbound_01,Zozu + / DER AL581 (eobs2541),41.678387,1.1197089,41.550625,0.58875555,41.040398,0.44256520228885654,58.03438230000832,46.36934,1,0.97569853,0.7918271,90.36893,41.040398,0.44256520228885654,58.03438230000832
2020-09-04,Angela_DER_AY470_eobs_4001__2020__southbound_01,Angela / DER AY470 (eobs 4001),36.503082,-6.028866,36.4795,-6.0181437,36.496353,-6.0261764495471555,2.006889401377109,2.7919366,0,0.02092816,0.7918271,0.78452545,36.503082,-6.028865814208984,2.7919435785799678
2020-09-04,Europa_DER_A1A26_eobs_4004__2020__southbound_01,Europa / DER A1A26 (eobs 4004),41.518726,-0.5834386,41.559746,-0.7403384,41.40097,-0.8553916776043096,20.08890165102726,13.832322,1,0.92176056,0.7918271,26.109348,41.40097,-0.8553916776043096,20.08890165102726
2020-09-04,Mirabell_plus_DER_AN910_eobs_3907__2020__southbound_01,Mirabell + / DER AN910 (eobs 3907),47.801804,8.874189,47.801754,8.874162,47.797695,8.866991176180004,0.7003883806559783,0.0059390604,0,0.033338673,0.7918271,0.70416856,47.801804,8.874189376831055,0.005888483179520486
2020-09-04,Sierit_DER_AN858_eobs2561__2020__southbound_01,Sierit  / DER AN858 (eobs2561),47.802036,8.874235,47.801876,8.874244,47.796886,8.868547762227859,0.6991665203591154,0.017847253,0,0.015224137,0.7918271,0.7116451,47.802036,8.874235153198242,0.01782690404206852
2020-09-04,Zozu_plus_DER_AL581_eobs2541__2020__southbound_01,Zozu + / DER AL581 (eobs2541),41.550625,0.58875555,41.528957,0.50774646,41.40665,0.37244669136940545,17.664849006106696,7.159852,0,0.8773672,0.7918271,24.0472,41.40665,0.37244669136940545,17.664849006106696
2020-09-05,Angela_DER_AY470_eobs_4001__2020__southbound_01,Angela / DER AY470 (eobs 4001),36.4795,-6.0181437,36.484417,-6.015504,36.465626,-6.011119832372937,2.125940570379884,0.59549576,0,0.14369495,0.7918271,1.662634,36.4795,-6.018143653869629,0.595525024301055
2020-09-05,Europa_DER_A1A26_eobs_4004__2020__southbound_01,Europa / DER A1A26 (eobs 4004),41.559746,-0.7403384,41.32113,-1.2468611,41.563114,-0.7477036499767782,49.54948703889596,49.86662,1,0.21387358,0.7918271,0.71689296,41.559746,-0.7403383851051331,49.86674548172213
2020-09-05,Mirabell_plus_DER_AN910_eobs_3907__2020__southbound_01,Mirabell + / DER AN910 (eobs 3907),47.801754,8.874162,47.785213,8.859816,47.7952,8.863020920405278,1.1360155896223094,2.1287801,0,0.12887605,0.7918271,1.1040864,47.801754,8.874161720275879,2.1286703806734897
2020-09-05,Sierit_DER_AN858_eobs2561__2020__southbound_01,Sierit  / DER AN858 (eobs2561),47.801876,8.874244,47.807056,8.881059,47.796577,8.868125966837315,1.5135226022307944,0.7686964,0,0.026851993,0.7918271,0.7441297,47.801876,8.87424373626709,0.7686812230275379
2020-09-05,Zozu_plus_DER_AL581_eobs2541__2020__southbound_01,Zozu + / DER AL581 (eobs2541),41.528957,0.50774646,41.590527,0.6611677,41.538666,0.5001724307831692,14.582952895620895,14.485061,1,0.2207943,0.7918271,1.2480376,41.528957,0.5077464580535889,14.485146161714727
2020-09-06,Angela_DER_AY470_eobs_4001__2020__southbound_01,Angela / DER AY470 (eobs 4001),36.484417,-6.015504,36.48449,-6.014638,36.473835,-6.00913043335214,1.2829831185200145,0.07782398,0,0.06818702,0.7918271,1.3049039,36.484417,-6.015503883361816,0.07783555888894532
2020-09-06,Europa_DER_A1A26_eobs_4004__2020__southbound_01,Europa / DER A1A26 (eobs 4004),41.32113,-1.2468611,40.01642,-3.5902126,41.058113,-1.7639627200589625,192.95502839108596,245.15482,1,0.9572355,0.7918271,52.063255,41.058113,-1.7639627200589625,192.95502839108596
2020-09-06,Mirabell_plus_DER_AN910_eobs_3907__2020__southbound_01,Mirabell + / DER AN910 (eobs 3907),47.785213,8.859816,47.67857,8.73131,47.770676,8.835534712729075,12.871330631870318,15.263821,1,0.42882827,0.7918271,2.4255702,47.785213,8.85981559753418,15.263942274315399
2020-09-06,Sierit_DER_AN858_eobs2561__2020__southbound_01,Sierit  / DER AN858 (eobs2561),47.807056,8.881059,47.80179,8.8742,47.7969,8.868239637876016,0.7024538552797275,0.77808154,0,0.11566836,0.7918271,1.4778165,47.807056,8.881058692932129,0.7781721870320559
2020-09-06,Zozu_plus_DER_AL581_eobs2541__2020__southbound_01,Zozu + / DER AL581 (eobs2541),41.590527,0.6611677,41.57431,0.61771834,41.597076,0.6673107645272637,4.8394927210021015,4.038815,0,0.21906875,0.7918271,0.8880565,41.590527,0.6611676812171936,4.038738933265995
2020-09-07,Angela_DER_AY470_eobs_4001__2020__southbound_01,Angela / DER AY470 (eobs 4001),36.48449,-6.014638,36.47643,-6.0149093,36.47222,-6.007054859728535,0.8438727967229844,0.89628226,0,0.11074806,0.7918271,1.5204906,36.48449,-6.0146379470825195,0.8966111907846321
2020-09-07,Europa_DER_A1A26_eobs_4004__2020__southbound_01,Europa / DER A1A26 (eobs 4004),40.01642,-3.5902126,38.856464,-3.6599746,39.920967,-3.673658347422798,118.37330571788874,129.1205,1,0.87306285,0.7918271,12.750506,39.920967,-3.673658347422798,118.37330571788874
2020-09-07,Mirabell_plus_DER_AN910_eobs_3907__2020__southbound_01,Mirabell + / DER AN910 (eobs 3907),47.67857,8.73131,46.657272,6.630689,47.358376,8.147201666467543,138.91961517801911,195.21576,1,0.9701901,0.7918271,56.292194,47.358376,8.147201666467543,138.91961517801911
2020-09-07,Sierit_DER_AN858_eobs2561__2020__southbound_01,Sierit  / DER AN858 (eobs2561),47.80179,8.8742,47.80185,8.874167,47.793194,8.864426072288985,1.2065548184335222,0.0072441315,0,0.058486935,0.7918271,1.2005334,47.80179,8.874199867248535,0.007205961864052674
2020-09-07,Zozu_plus_DER_AL581_eobs2541__2020__southbound_01,Zozu + / DER AL581 (eobs2541),41.57431,0.61771834,41.574005,0.61666894,41.565807,0.5970224863928862,1.8714085386305093,0.093612485,0,0.40918916,0.7918271,1.9606037,41.57431,0.6177183389663696,0.09365771531956439
2020-09-08,Angela_DER_AY470_eobs_4001__2020__southbound_01,Angela / DER AY470 (eobs 4001),36.47643,-6.0149093,36.503296,-6.02887,36.435406,-5.995621435542255,8.113417970503965,3.237333,0,0.7000852,0.7918271,4.8683243,36.47643,-6.014909267425537,3.237684612600353
2020-09-08,Europa_DER_A1A26_eobs_4004__2020__southbound_01,Europa / DER A1A26 (eobs 4004),38.856464,-3.6599746,38.856434,-3.6568153,38.653923,-3.835095717963172,27.31404156407355,0.27358222,0,0.9391054,0.7918271,27.102964,38.653923,-3.835095717963172,27.31404156407355
2020-09-08,Mirabell_plus_DER_AN910_eobs_3907__2020__southbound_01,Mirabell + / DER AN910 (eobs 3907),46.657272,6.630689,43.02633,2.9956791,45.700943,5.369202588774521,352.1691804691988,494.9987,1,0.98498964,0.7918271,143.1957,45.700943,5.369202588774521,352.1691804691988
2020-09-08,Sierit_DER_AN858_eobs2561__2020__southbound_01,Sierit  / DER AN858 (eobs2561),47.80185,8.874167,47.80287,8.879482,47.794132,8.866436299837765,1.3762037633053898,0.4128996,0,0.030782519,0.7918271,1.0324476,47.80185,8.874167442321777,0.41291392078093186
2020-09-08,Zozu_plus_DER_AL581_eobs2541__2020__southbound_01,Zozu + / DER AL581 (eobs2541),41.574005,0.61666894,41.583836,0.619094,41.565445,0.6069087900557274,2.2823764573970515,1.111646,0,0.32434598,0.7918271,1.2489666,41.574005,0.6166689395904541,1.111556232234868
2020-09-09,Angela_DER_AY470_eobs_4001__2020__southbound_01,Angela / DER AY470 (eobs 4001),36.503296,-6.02887,36.47669,-6.015118,36.49202,-6.021456761328206,1.7964836236662265,3.2035518,0,0.096549995,0.7918271,1.4156595,36.503296,-6.028870105743408,3.203877640699395
2020-09-09,Europa_DER_A1A26_eobs_4004__2020__southbound_01,Europa / DER A1A26 (eobs 4004),38.856434,-3.6568153,38.856464,-3.656686,38.848797,-3.656892985392888,0.852781152180978,0.011704785,0,0.079594515,0.7918271,0.84753525,38.856434,-3.65681529045105,0.011692632175196057
2020-09-09,Mirabell_plus_DER_AN910_eobs_3907__2020__southbound_01,Mirabell + / DER AN910 (eobs 3907),43.02633,2.9956791,41.546463,0.6152854,42.3633,2.3620567379527544,170.62306117536733,255.75604,1,0.9771477,0.7918271,89.77724,42.3633,2.3620567379527544,170.62306117536733
2020-09-09,Sierit_DER_AN858_eobs2561__2020__southbound_01,Sierit  / DER AN858 (eobs2561),47.80287,8.879482,47.802193,8.875374,47.798965,8.8760184665908,0.36206816985634194,0.31605357,0,0.009276353,0.7918271,0.5045228,47.80287,8.87948226928711,0.3160044967188071
2020-09-09,Zozu_plus_DER_AL581_eobs2541__2020__southbound_01,Zozu + / DER AL581 (eobs2541),41.583836,0.619094,41.574654,0.6175405,41.573826,0.6200594405879014,0.2288647272661037,1.0291542,0,0.27883556,0.7918271,1.1140809,41.583836,0.6190940141677856,1.0291354021395893
2020-09-10,Angela_DER_AY470_eobs_4001__2020__southbound_01,Angela / DER AY470 (eobs 4001),36.47669,-6.015118,36.504448,-6.0296903,36.460255,-6.0049178126828595,5.390121559297696,3.3503711,0,0.26070324,0.7918271,2.0388467,36.47669,-6.01511812210083,3.3503541045406493
2020-09-10,Europa_DER_A1A26_eobs_4004__2020__southbound_01,Europa / DER A1A26 (eobs 4004),38.856464,-3.656686,38.856236,-3.6566453,38.853302,-3.658037091312449,0.3477429699766115,0.025516052,0,0.030064933,0.7918271,0.36980006,38.856464,-3.6566860675811768,0.02569420672050958
2020-09-10,Mirabell_plus_DER_AN910_eobs_3907__2020__southbound_01,Mirabell + / DER AN910 (eobs 3907),41.546463,0.6152854,41.542744,0.523585,41.034954,-0.012265965698901815,72.05928180050662,7.642753,0,0.9751372,0.7918271,77.08154,41.034954,-0.012265965698901815,72.05928180050662
2020-09-10,Sierit_DER_AN858_eobs2561__2020__southbound_01,Sierit  / DER AN858 (eobs2561),47.802193,8.875374,47.36657,8.356254,47.794155,8.865527995559638,60.989460571174355,62.146545,1,0.09573139,0.7918271,1.1552516,47.802193,8.875373840332031,62.14684373561388
2020-09-10,Zozu_plus_DER_AL581_eobs2541__2020__southbound_01,Zozu + / DER AL581 (eobs2541),41.574654,0.6175405,41.60397,0.6694953,41.561165,0.6143427809809904,6.610397749711832,5.4124813,0,0.3537127,0.7918271,1.520675,41.574654,0.6175404787063599,5.412562164446445
2020-09-11,Angela_DER_AY470_eobs_4001__2020__southbound_01,Angela / DER AY470 (eobs 4001),36.504448,-6.0296903,36.484276,-6.015066,36.489227,-6.021545940274739,0.7992001355878375,2.5964127,0,0.23170272,0.7918271,1.8391387,36.504448,-6.029690265655518,2.5961871348991523
2020-09-11,Europa_DER_A1A26_eobs_4004__2020__southbound_01,Europa / DER A1A26 (eobs 4004),38.856236,-3.6566453,38.85648,-3.6564963,38.84891,-3.662415080099824,0.985353844596439,0.029709544,0,0.17330405,0.7918271,0.953759,38.856236,-3.6566452980041504,0.030057570773084456
2020-09-11,Mirabell_plus_DER_AN910_eobs_3907__2020__southbound_01,Mirabell + / DER AN910 (eobs 3907),41.542744,0.523585,41.537888,0.0708085,41.511272,0.45478021101743404,32.10177894370679,37.687653,1,0.6626803,0.7918271,6.699169,41.542744,0.5235850214958191,37.6876575153298
2020-09-11,Sierit_DER_AN858_eobs2561__2020__southbound_01,Sierit  / DER AN858 (eobs2561),47.36657,8.356254,45.620262,5.525931,46.76646,7.262754167733342,184.69680583101928,290.91022,1,0.9837744,0.7918271,105.80964,46.76646,7.262754167733342,184.69680583101928
2020-09-11,Zozu_plus_DER_AL581_eobs2541__2020__southbound_01,Zozu + / DER AL581 (eobs2541),41.60397,0.6694953,41.6301,0.7793752,41.590782,0.6714463361208569,9.98141946089965,9.585271,0,0.35142606,0.7918271,1.4725316,41.60397,0.6694952845573425,9.5852639614456
2020-09-12,Angela_DER_AY470_eobs_4001__2020__southbound_01,Angela / DER AY470 (eobs 4001),36.484276,-6.015066,36.48424,-6.0148373,36.472088,-6.007638137840093,1.4968842476893078,0.020789811,0,0.17578189,0.7918271,1.5064328,36.484276,-6.015066146850586,0.020815807541176314
2020-09-12,Europa_DER_A1A26_eobs_4004__2020__southbound_01,Europa / DER A1A26 (eobs 4004),38.85648,-3.6564963,38.856384,-3.6592317,38.85274,-3.6600695478221543,0.41153388872694513,0.23707423,0,0.07529147,0.7918271,0.5173539,38.85648,-3.656496286392212,0.23709318078919986
2020-09-12,Mirabell_plus_DER_AN910_eobs_3907__2020__southbound_01,Mirabell + / DER AN910 (eobs 3907),41.537888,0.0708085,40.910423,-2.7546327,41.03341,-1.1579658586360837,134.74316983732245,246.37418,1,0.9783157,0.7918271,116.44187,41.03341,-1.1579658586360837,134.74316983732245
2020-09-12,Sierit_DER_AN858_eobs2561__2020__southbound_01,Sierit  / DER AN858 (eobs2561),45.620262,5.525931,43.4638,3.6463742,44.738613,4.615628680638271,161.50227806475948,282.26987,1,0.9818063,0.7918271,120.71282,44.738613,4.615628680638271,161.50227806475948
2020-09-12,Zozu_plus_DER_AL581_eobs2541__2020__southbound_01,Zozu + / DER AL581 (eobs2541),41.6301,0.7793752,41.603146,0.61647946,41.61983,0.787423194589568,14.332286099264797,13.869221,1,0.3465367,0.7918271,1.3210019,41.6301,0.7793751955032349,13.869258608588584
2020-09-13,Angela_DER_AY470_eobs_4001__2020__southbound_01,Angela / DER AY470 (eobs 4001),36.48424,-6.0148373,36.50421,-6.0295362,36.476063,-6.009593690245327,3.6021091993420864,2.5802076,0,0.060030513,0.7918271,1.0213239,36.48424,-6.014837265014648,2.580191432180612
2020-09-13,Europa_DER_A1A26_eobs_4004__2020__southbound_01,Europa / DER A1A26 (eobs 4004),38.856384,-3.6592317,38.8564,-3.6586986,38.836918,-3.685049338206905,3.146480174396599,0.04619433,0,0.46095163,0.7918271,3.1062155,38.856384,-3.659231662750244,0.046192604154852185
2020-09-13,Mirabell_plus_DER_AN910_eobs_3907__2020__southbound_01,Mirabell + / DER AN910 (eobs 3907),40.910423,-2.7546327,40.070084,-3.8856056,40.602467,-3.1055635486804944,88.74475667575201,133.70886,1,0.9525793,0.7918271,45.11222,40.602467,-3.1055635486804944,88.74475667575201
2020-09-13,Sierit_DER_AN858_eobs2561__2020__southbound_01,Sierit  / DER AN858 (eobs2561),43.4638,3.6463742,42.72566,2.8172333,42.946484,3.022195522364121,29.702514337274845,106.15527,1,0.9724945,0.7918271,76.32846,42.946484,3.022195522364121,29.702514337274845
2020-09-13,Zozu_plus_DER_AL581_eobs2541__2020__southbound_01,Zozu + / DER AL581 (eobs2541),41.603146,0.61647946,41.59111,0.61690646,41.57482,0.5233368848826507,7.9904863464417355,1.3390206,0,0.6976211,0.7918271,8.345803,41.603146,0.6164794564247131,1.338744894305978
2020-09-14,Angela_DER_AY470_eobs_4001__2020__southbound_01,Angela / DER AY470 (eobs 4001),36.50421,-6.0295362,36.484596,-6.014759,36.497875,-6.025338769152621,1.7534828561734779,2.5500627,0,0.023431884,0.7918271,0.7968353,36.50421,-6.029536247253418,2.549933496585396
2020-09-14,Europa_DER_A1A26_eobs_4004__2020__southbound_01,Europa / DER A1A26 (eobs 4004),38.8564,-3.6586986,38.85665,-3.6599832,38.852226,-3.66223567609833,0.5292936331365516,0.114739686,0,0.07874192,0.7918271,0.5551959,38.8564,-3.658698558807373,0.1147020816923785
2020-09-14,Mirabell_plus_DER_AN910_eobs_3907__2020__southbound_01,Mirabell + / DER AN910 (eobs 3907),40.070084,-3.8856056,39.854267,-4.27741,39.884598,-4.091928286164363,16.18486575097795,41.120953,1,0.9272511,0.7918271,27.038094,39.884598,-4.091928286164363,16.18486575097795
2020-09-14,Sierit_DER_AN858_eobs2561__2020__southbound_01,Sierit  / DER AN858 (eobs2561),42.72566,2.8172333,41.631916,0.7678757,41.963352,1.557164764628971,75.09412354763431,208.09592,1,0.9840158,0.7918271,133.10538,41.963352,1.557164764628971,75.09412354763431
2020-09-14,Zozu_plus_DER_AL581_eobs2541__2020__southbound_01,Zozu + / DER AL581 (eobs2541),41.59111,0.61690646,41.56884,0.5529311,41.593838,0.605819890303277,5.203650670735951,5.8691335,0,0.3078321,0.7918271,0.9688617,41.59111,0.616906464099884,5.869280880677686
2020-09-15,Angela_DER_AY470_eobs_4001__2020__southbound_01,Angela / DER AY470 (eobs 4001),36.484596,-6.014759,36.476963,-6.0146356,36.476597,-6.009451149379314,0.465332507000768,0.8486627,0,0.041308332,0.7918271,1.0065007,36.484596,-6.014759063720703,0.8488471321613975
2020-09-15,Europa_DER_A1A26_eobs_4004__2020__southbound_01,Europa / DER A1A26 (eobs 4004),38.85665,-3.6599832,38.85652,-3.6604588,38.847862,-3.672470839822682,1.417432677149934,0.043731432,0,0.276351,0.7918271,1.4550421,38.85665,-3.6599831581115723,0.04363801668381036
2020-09-15,Mirabell_plus_DER_AN910_eobs_3907__2020__southbound_01,Mirabell + / DER AN910 (eobs 3907),39.854267,-4.27741,39.68859,-3.9500446,39.325195,-5.216267606285559,115.90272049765734,33.498764,1,0.9778461,0.7918271,99.24316,39.325195,-5.216267606285559,115.90272049765734
2020-09-15,Sierit_DER_AN858_eobs2561__2020__southbound_01,Sierit  / DER AN858 (eobs2561),41.631916,0.7678757,41.560707,0.614593,41.290108,0.22317547790509729,44.38909644839435,15.005516,1,0.96091455,0.7918271,59.005867,41.290108,0.22317547790509729,44.38909644839435
2020-09-15,Zozu_plus_DER_AL581_eobs2541__2020__southbound_01,Zozu + / DER AL581 (eobs2541),41.56884,0.5529311,41.584816,0.61710155,41.560524,0.5251532898478073,8.111807086130293,5.6256437,0,0.50351244,0.7918271,2.4846623,41.56884,0.5529310703277588,5.625630028295565
2020-09-16,Angela_DER_AY470_eobs_4001__2020__southbound_01,Angela / DER AY470 (eobs 4001),36.476963,-6.0146356,36.47861,-6.0152435,36.466805,-6.008068024270076,1.4612207807432387,0.19115853,0,0.09746229,0.7918271,1.2707793,36.476963,-6.0146355628967285,0.19113653720325188
2020-09-16,Europa_DER_A1A26_eobs_4004__2020__southbound_01,Europa / DER A1A26 (eobs 4004),38.85652,-3.6604588,38.85646,-3.6602352,38.837025,-3.6864309913655364,3.133246202645592,0.020478735,0,0.49042577,0.7918271,3.1183872,38.85652,-3.66045880317688,0.020519516434758165
2020-09-16,Mirabell_plus_DER_AN910_eobs_3907__2020__southbound_01,Mirabell + / DER AN910 (eobs 3907),39.68859,-3.9500446,39.391964,-3.2891781,39.37104,-4.317019206822366,88.36996333090276,65.56955,1,0.93868023,0.7918271,47.16987,39.37104,-4.317019206822366,88.36996333090276
2020-09-16,Sierit_DER_AN858_eobs2561__2020__southbound_01,Sierit  / DER AN858 (eobs2561),41.560707,0.614593,41.546246,0.5935551,41.511326,0.5042516790672918,8.386881181622668,2.3770435,0,0.6722852,0.7918271,10.678715,41.560707,0.6145930290222168,2.3770589394467248
2020-09-16,Zozu_plus_DER_AL581_eobs2541__2020__southbound_01,Zozu + / DER AL581 (eobs2541),41.584816,0.61710155,41.588837,0.6436412,41.5753,0.6244684255644982,2.1929995346550584,2.252025,0,0.35306275,0.7918271,1.2206525,41.584816,0.6171015501022339,2.2520822041530852
2020-09-17,Angela_DER_AY470_eobs_4001__2020__southbound_01,Angela / DER AY470 (eobs 4001),36.47861,-6.0152435,36.50417,-6.029885,36.47076,-6.010357705936292,4.104657297852302,3.1286023,0,0.06733357,0.7918271,0.9743882,36.47861,-6.0152435302734375,3.1288867867564543
2020-09-17,Europa_DER_A1A26_eobs_4004__2020__southbound_01,Europa / DER A1A26 (eobs 4004),38.85646,-3.6602352,38.85617,-3.6601996,38.85059,-3.6669184730274575,0.8506503010333258,0.03251534,0,0.17493181,0.7918271,0.8709861,38.85646,-3.6602351665496826,0.03238376779539587
2020-09-17,Mirabell_plus_DER_AN910_eobs_3907__2020__southbound_01,Mirabell + / DER AN910 (eobs 3907),39.391964,-3.2891781,38.856514,-3.65993,39.150303,-3.45459094554159,37.17552085743142,67.58524,1,0.888222,0.7918271,30.346285,39.150303,-3.45459094554159,37.17552085743142
2020-09-17,Sierit_DER_AN858_eobs2561__2020__southbound_01,Sierit  / DER AN858 (eobs2561),41.546246,0.5935551,41.538815,0.6144831,41.490685,0.37551753144970046,20.603762858280803,1.9278554,0,0.76051176,0.7918271,19.134567,41.546246,0.5935550928115845,1.9278062573596069
2020-09-17,Zozu_plus_DER_AL581_eobs2541__2020__southbound_01,Zozu + / DER AL581 (eobs2541),41.588837,0.6436412,41.574913,0.6159688,41.57967,0.6530311961313657,3.12792302572039,2.7737644,0,0.3693079,0.7918271,1.281658,41.588837,0.6436411738395691,2.773915781817521
2020-09-18,Angela_DER_AY470_eobs_4001__2020__southbound_01,Angela / DER AY470 (eobs 4001),36.50417,-6.029885,36.478203,-6.015092,36.499874,-6.026987428378097,2.633959150500203,3.1755238,0,0.030244285,0.7918271,0.5423976,36.50417,-6.0298848152160645,3.17579056301092
2020-09-18,Europa_DER_A1A26_eobs_4004__2020__southbound_01,Europa / DER A1A26 (eobs 4004),38.85617,-3.6601996,38.860756,-3.6600916,38.852016,-3.6631281249449197,1.0067274785582694,0.5099484,0,0.07742472,0.7918271,0.52613807,38.85617,-3.6601996421813965,0.5099447903290877
2020-09-18,Mirabell_plus_DER_AN910_eobs_3907__2020__southbound_01,Mirabell + / DER AN910 (eobs 3907),38.856514,-3.65993,38.85653,-3.659638,38.411064,-4.113325842696813,63.296861461985834,0.02533989,0,0.95843244,0.7918271,63.09269,38.411064,-4.113325842696813,63.296861461985834
2020-09-18,Sierit_DER_AN858_eobs2561__2020__southbound_01,Sierit  / DER AN858 (eobs2561),41.538815,0.6144831,41.538826,0.6149328,41.527287,0.5970255128746812,1.966771690726776,0.037446514,0,0.07478081,0.7918271,1.9343098,41.538815,0.614483118057251,0.03744672957707358
2020-09-18,Zozu_plus_DER_AL581_eobs2541__2020__southbound_01,Zozu + / DER AL581 (eobs2541),41.574913,0.6159688,41.574398,0.61621666,41.561417,0.6034835561990368,1.7904541538997147,0.061036453,0,0.43850487,0.7918271,1.8218646,41.574913,0.6159688234329224,0.06086174623766901
2020-09-19,Angela_DER_AY470_eobs_4001__2020__southbound_01,Angela / DER AY470 (eobs 4001),36.478203,-6.015092,36.478058,-6.014251,36.47448,-6.012537403193499,0.426365524424296,0.07697655,0,0.032685623,0.7918271,0.47188464,36.478203,-6.015091896057129,0.07687277541353713
2020-09-19,Europa_DER_A1A26_eobs_4004__2020__southbound_01,Europa / DER A1A26 (eobs 4004),38.860756,-3.6600916,38.857742,-3.6589248,38.856754,-3.662641398261134,0.3400502077568845,0.34963906,0,0.06901158,0.7918271,0.49585852,38.860756,-3.6600916385650635,0.3499976719381425
2020-09-19,Mirabell_plus_DER_AN910_eobs_3907__2020__southbound_01,Mirabell + / DER AN910 (eobs 3907),38.85653,-3.659638,38.858276,-3.6598635,38.842045,-3.6678283843602246,1.9321719767596115,0.19519283,0,0.2505541,0.7918271,1.7568294,38.85653,-3.659637928009033,0.19525156369149732
2020-09-19,Sierit_DER_AN858_eobs2561__2020__southbound_01,Sierit  / DER AN858 (eobs2561),41.538826,0.6149328,41.54096,0.6149229,41.524693,0.6036227774101738,2.0386426798605957,0.23698594,0,0.08739242,0.7918271,1.8288866,41.538826,0.6149327754974365,0.23711557280027026
2020-09-19,Zozu_plus_DER_AL581_eobs2541__2020__southbound_01,Zozu + / DER AL581 (eobs2541),41.574398,0.61621666,41.587368,0.6169033,41.56974,0.6288693319262043,2.1983449298045463,1.443475,0,0.28405124,0.7918271,1.1709921,41.574398,0.6162166595458984,1.4433273468711052
2020-09-20,Angela_DER_AY470_eobs_4001__2020__southbound_01,Angela / DER AY470 (eobs 4001),36.478058,-6.014251,36.28409,-5.9409113,36.47164,-6.012094952242486,21.806966040910673,22.545626,1,0.12134347,0.7918271,0.73756963,36.478058,-6.014251232147217,22.545631530547556
2020-09-20,Europa_DER_A1A26_eobs_4004__2020__southbound_01,Europa / DER A1A26 (eobs 4004),38.857742,-3.6589248,38.856407,-3.660077,38.85067,-3.66381853597837,0.7155129155289807,0.17899771,0,0.1735118,0.7918271,0.8917316,38.857742,-3.6589248180389404,0.17887363623033103
2020-09-20,Mirabell_plus_DER_AN910_eobs_3907__2020__southbound_01,Mirabell + / DER AN910 (eobs 3907),38.858276,-3.6598635,38.856354,-3.6598315,38.84971,-3.6659687940833345,0.9101833478587861,0.21372923,0,0.12729031,0.7918271,1.087732,38.858276,-3.6598634719848633,0.21380238389138395
2020-09-20,Sierit_DER_AN858_eobs2561__2020__southbound_01,Sierit  / DER AN858 (eobs2561),41.54096,0.6149229,41.54027,0.61658525,41.520386,0.5801169076049775,3.755636662444337,0.15791629,0,0.60122746,0.7918271,3.684686,41.54096,0.6149228811264038,0.1580250924041081
2020-09-20,Zozu_plus_DER_AL581_eobs2541__2020__southbound_01,Zozu + / DER AL581 (eobs2541),41.587368,0.6169033,41.575397,0.61684495,41.573547,0.6223692030730483,0.5034796898772087,1.3313031,0,0.32178375,0.7918271,1.5998831,41.587368,0.6169033050537109,1.331071782839675
2020-09-21,Europa_DER_A1A26_eobs_4004__2020__southbound_01,Europa / DER A1A26 (eobs 4004),38.856407,-3.660077,38.85616,-3.660248,38.84875,-3.6676281565093705,1.0425854201868348,0.031346314,0,0.1978321,0.7918271,1.0714611,38.856407,-3.6600770950317383,0.03129359238379055
2020-09-21,Mirabell_plus_DER_AN910_eobs_3907__2020__southbound_01,Mirabell + / DER AN910 (eobs 3907),38.856354,-3.6598315,38.85651,-3.657117,38.841614,-3.671666911952036,2.0811818333493686,0.23569159,0,0.31064054,0.7918271,1.9295851,38.856354,-3.6598315238952637,0.23570230604238487
2020-09-21,Sierit_DER_AN858_eobs2561__2020__southbound_01,Sierit  / DER AN858 (eobs2561),41.54027,0.61658525,41.538647,0.6156077,41.488293,0.5395179850488546,8.455056651908254,0.19840288,0,0.88893986,0.7918271,8.618936,41.488293,0.5395179850488546,8.455056651908254
2020-09-21,Zozu_plus_DER_AL581_eobs2541__2020__southbound_01,Zozu + / DER AL581 (eobs2541),41.575397,0.61684495,41.574677,0.6156663,41.55723,0.617226394922535,1.9440925222730998,0.126576,0,0.39424035,0.7918271,2.0167341,41.575397,0.6168449521064758,0.12665037634412327
2020-09-22,Europa_DER_A1A26_eobs_4004__2020__southbound_01,Europa / DER A1A26 (eobs 4004),38.85616,-3.660248,38.856586,-3.6599472,38.84722,-3.6707747050462234,1.4012620440651535,0.05420812,0,0.22526972,0.7918271,1.3462046,38.85616,-3.660248041152954,0.054182706799842516
2020-09-22,Mirabell_plus_DER_AN910_eobs_3907__2020__southbound_01,Mirabell + / DER AN910 (eobs 3907),38.85651,-3.657117,38.856056,-3.6602695,38.844116,-3.6675557488398796,1.4699768031278342,0.27758753,0,0.2715079,0.7918271,1.6453974,38.85651,-3.6571168899536133,0.27761215207593426
2020-09-22,Sierit_DER_AN858_eobs2561__2020__southbound_01,Sierit  / DER AN858 (eobs2561),41.538647,0.6156077,41.561646,0.6147613,41.525803,0.6001388144677406,4.167203052620506,2.5586567,0,0.16743697,0.7918271,1.9194254,41.538647,0.6156076788902283,2.558324217077956
2020-09-22,Zozu_plus_DER_AL581_eobs2541__2020__southbound_01,Zozu + / DER AL581 (eobs2541),41.574677,0.6156663,41.57477,0.6165002,41.558277,0.6169361729993208,1.83449375625726,0.070199855,0,0.37653318,0.7918271,1.8234798,41.574677,0.6156662702560425,0.07017539467134629
2020-09-23,Europa_DER_A1A26_eobs_4004__2020__southbound_01,Europa / DER A1A26 (eobs 4004),38.856586,-3.6599472,38.856133,-3.660437,38.85133,-3.6656203029313397,0.6975982721235386,0.065942176,0,0.09758479,0.7918271,0.7620668,38.856586,-3.659947156906128,0.06593768176448962
2020-09-23,Mirabell_plus_DER_AN910_eobs_3907__2020__southbound_01,Mirabell + / DER AN910 (eobs 3907),38.856056,-3.6602695,38.533264,-4.3681154,38.83823,-3.6833020084261605,68.43248694688099,71.14815,1,0.3994789,0.7918271,2.8070185,38.856056,-3.6602694988250732,71.14827552749406
2020-09-23,Sierit_DER_AN858_eobs2561__2020__southbound_01,Sierit  / DER AN858 (eobs2561),41.561646,0.6147613,41.538746,0.6155688,41.55234,0.5966377680014168,2.1834687682319593,2.5472205,0,0.13460499,0.7918271,1.8253572,41.561646,0.6147612929344177,2.54721248239246
2020-09-23,Zozu_plus_DER_AL581_eobs2541__2020__southbound_01,Zozu + / DER AL581 (eobs2541),41.57477,0.6165002,41.58417,0.61684066,41.564156,0.6241858058577301,2.3079948802903076,1.045345,0,0.3079352,0.7918271,1.3401562,41.57477,0.616500198841095,1.0455521814118773
2020-09-24,Europa_DER_A1A26_eobs_4004__2020__southbound_01,Europa / DER A1A26 (eobs 4004),38.856133,-3.660437,38.85887,-3.6601422,38.844643,-3.6717168749401043,1.8729433434533285,0.30567622,0,0.25699744,0.7918271,1.6053066,38.856133,-3.6604371070861816,0.30562681616414206
2020-09-24,Sierit_DER_AN858_eobs2561__2020__southbound_01,Sierit  / DER AN858 (eobs2561),41.538746,0.6155688,41.538895,0.6148322,41.530922,0.6020534027090985,1.3846582895195898,0.06349509,0,0.08229343,0.7918271,1.4194765,41.538746,0.6155688166618347,0.06349963980733625
2020-09-24,Zozu_plus_DER_AL581_eobs2541__2020__southbound_01,Zozu + / DER AL581 (eobs2541),41.58417,0.61684066,41.57433,0.6161584,41.5701,0.6217702564554418,0.6627360811017221,1.0958912,0,0.32789448,0.7918271,1.6145792,41.58417,0.616840660572052,1.0958432456741405
2020-09-25,Europa_DER_A1A26_eobs_4004__2020__southbound_01,Europa / DER A1A26 (eobs 4004),38.85887,-3.6601422,39.127235,-3.7390904,38.852825,-3.665091804641389,31.176101890825432,30.610981,1,0.09284445,0.7918271,0.7959206,38.85887,-3.660142183303833,30.610832676857363
2020-09-25,Sierit_DER_AN858_eobs2561__2020__southbound_01,Sierit  / DER AN858 (eobs2561),41.538895,0.6148322,41.538887,0.6135326,41.52774,0.5909269611171596,2.253166280214563,0.10816883,0,0.18298747,0.7918271,2.3403707,41.538895,0.6148322224617004,0.1081708804712321
2020-09-25,Zozu_plus_DER_AL581_eobs2541__2020__southbound_01,Zozu + / DER AL581 (eobs2541),41.57433,0.6161584,41.574642,0.615515,41.559883,0.619849428942835,1.6802843500900464,0.06377841,0,0.3454349,0.7918271,1.6323845,41.57433,0.6161584258079529,0.06383241719966806
2020-09-26,Europa_DER_A1A26_eobs_4004__2020__southbound_01,Europa / DER A1A26 (eobs 4004),39.127235,-3.7390904,38.998055,-3.692792,39.11261,-3.75364853660341,13.779307024528809,14.910151,1,0.27932265,0.7918271,2.0511827,39.127235,-3.7390904426574707,14.91010466083203
2020-09-26,Sierit_DER_AN858_eobs2561__2020__southbound_01,Sierit  / DER AN858 (eobs2561),41.538887,0.6135326,41.55725,0.6151427,41.517033,0.5930602885469617,4.835045949247974,2.0460615,0,0.1506283,0.7918271,2.9628482,41.538887,0.6135326027870178,2.046372511490484
2020-09-26,Zozu_plus_DER_AL581_eobs2541__2020__southbound_01,Zozu + / DER AL581 (eobs2541),41.574642,0.615515,41.57445,0.6156428,41.563446,0.6201414880528618,1.2796957845616597,0.023531884,0,0.21693824,0.7918271,1.3009243,41.574642,0.6155149936676025,0.023723739651629685
2020-09-27,Europa_DER_A1A26_eobs_4004__2020__southbound_01,Europa / DER A1A26 (eobs 4004),38.998055,-3.692792,38.858234,-3.6611989,38.81949,-3.7934140311014968,12.234977786853303,15.785931,1,0.8158329,0.7918271,21.638279,38.81949,-3.7934140311014968,12.234977786853303
2020-09-27,Sierit_DER_AN858_eobs2561__2020__southbound_01,Sierit  / DER AN858 (eobs2561),41.55725,0.6151427,41.540222,0.6167718,41.534542,0.6088955389938927,0.9103148649041652,1.8981661,0,0.085520186,0.7918271,2.5736861,41.55725,0.6151427030563354,1.8983667811093798
2020-09-27,Zozu_plus_DER_AL581_eobs2541__2020__southbound_01,Zozu + / DER AL581 (eobs2541),41.57445,0.6156428,41.53884,0.5855462,41.55896,0.6193878511851024,3.596618682619685,4.685201,0,0.33418635,0.7918271,1.7475,41.57445,0.615642786026001,4.685120668479364
2020-09-28,Europa_DER_A1A26_eobs_4004__2020__southbound_01,Europa / DER A1A26 (eobs 4004),38.858234,-3.6611989,38.610928,-4.430937,38.8268,-3.6685411049123964,70.3639620598825,72.20665,1,0.42750406,0.7918271,3.546245,38.858234,-3.661198854446411,72.20668817282797
2020-09-28,Sierit_DER_AN858_eobs2561__2020__southbound_01,Sierit  / DER AN858 (eobs2561),41.540222,0.6167718,41.564663,0.5547703,41.204296,0.4434609764383749,41.132983168143944,5.8314004,0,0.9420978,0.7918271,39.971428,41.204296,0.4434609764383749,41.132983168143944
2020-09-28,Zozu_plus_DER_AL581_eobs2541__2020__southbound_01,Zozu + / DER AL581 (eobs2541),41.53884,0.5855462,41.574703,0.6162569,41.518906,0.5855146264831691,6.71118744051606,4.736043,0,0.3935584,0.7918271,2.2127917,41.53884,0.5855461955070496,4.736175442276963
2020-09-29,Europa_DER_A1A26_eobs_4004__2020__southbound_01,Europa / DER A1A26 (eobs 4004),38.610928,-4.430937,37.8146,-4.7480035,38.378536,-4.67458630301191,63.03496588186105,92.779434,1,0.9133094,0.7918271,33.346706,38.378536,-4.67458630301191,63.03496588186105
2020-09-29,Sierit_DER_AN858_eobs2561__2020__southbound_01,Sierit  / DER AN858 (eobs2561),41.564663,0.5547703,41.540077,0.6148693,41.526897,0.5221671516772878,7.854197247012192,5.6996408,0,0.35410312,0.7918271,4.99039,41.564663,0.554770290851593,5.699455780170284
2020-09-29,Zozu_plus_DER_AL581_eobs2541__2020__southbound_01,Zozu + / DER AL581 (eobs2541),41.574703,0.6162569,41.574455,0.6162995,41.56065,0.6211220810076267,1.5866541336952358,0.027461274,0,0.2839197,0.7918271,1.6112523,41.574703,0.6162568926811218,0.027798388601584095
2020-09-30,Europa_DER_A1A26_eobs_4004__2020__southbound_01,Europa / DER A1A26 (eobs 4004),37.8146,-4.7480035,37.814445,-4.7481866,37.67397,-4.834126093764752,17.352023013528445,0.023563579,0,0.8760716,0.7918271,17.34095,37.67397,-4.834126093764752,17.352023013528445
2020-09-30,Sierit_DER_AN858_eobs2561__2020__southbound_01,Sierit  / DER AN858 (eobs2561),41.540077,0.6148693,41.564507,0.55533797,41.52636,0.6057258597523189,5.964631242548345,5.6498036,0,0.05677979,0.7918271,1.7017521,41.540077,0.6148692965507507,5.649675018261365
2020-09-30,Zozu_plus_DER_AL581_eobs2541__2020__southbound_01,Zozu + / DER AL581 (eobs2541),41.574455,0.6162995,41.574684,0.6161941,41.561134,0.62201579997702,1.5826011270726534,0.026735049,0,0.3158737,0.7918271,1.5527635,41.574455,0.6162995100021362,0.026917895713976955
2020-10-01,Europa_DER_A1A26_eobs_4004__2020__southbound_01,Europa / DER A1A26 (eobs 4004),37.814445,-4.7481866,37.81383,-4.749066,37.81199,-4.738213011897592,0.9751456739796158,0.10303866,0,0.060175076,0.7918271,0.9161321,37.814445,-4.7481865882873535,0.10310163186910234
2020-10-01,Sierit_DER_AN858_eobs2561__2020__southbound_01,Sierit  / DER AN858 (eobs2561),41.564507,0.55533797,41.53878,0.61529416,41.567097,0.5322495996629582,7.593840448507404,5.7510705,0,0.10497855,0.7918271,1.9389392,41.564507,0.5553379654884338,5.75110166934236
2020-10-01,Zozu_plus_DER_AL581_eobs2541__2020__southbound_01,Zozu + / DER AL581 (eobs2541),41.574684,0.6161941,41.574574,0.6159647,41.5658,0.6108527424451318,1.0642613612112948,0.022606736,0,0.21404709,0.7918271,1.0812258,41.574684,0.6161941289901733,0.0227049457190637
2020-10-02,Europa_DER_A1A26_eobs_4004__2020__southbound_01,Europa / DER A1A26 (eobs 4004),37.81383,-4.749066,37.81505,-4.7428856,37.809658,-4.754897108475752,1.2135155168919811,0.5594811,0,0.05150541,0.7918271,0.6898526,37.81383,-4.74906587600708,0.5595105635173419
2020-10-02,Sierit_DER_AN858_eobs2561__2020__southbound_01,Sierit  / DER AN858 (eobs2561),41.53878,0.61529416,41.539864,0.6156929,41.52996,0.605943692721307,1.3678637436497616,0.12492979,0,0.036896754,0.7918271,1.2498665,41.53878,0.6152941584587097,0.12495392037916773
2020-10-02,Zozu_plus_DER_AL581_eobs2541__2020__southbound_01,Zozu + / DER AL581 (eobs2541),41.574574,0.6159647,41.57455,0.61588645,41.562847,0.6088511642620398,1.4269253185855906,0.0069834497,0,0.2541349,0.7918271,1.4292651,41.574574,0.6159647107124329,0.006989874764602588
2020-10-03,Europa_DER_A1A26_eobs_4004__2020__southbound_01,Europa / DER A1A26 (eobs 4004),37.81505,-4.7428856,37.81351,-4.749019,37.810524,-4.744807284527484,0.49720187210047495,0.56523144,0,0.045433577,0.7918271,0.5295409,37.81505,-4.742885589599609,0.5652654973265439
2020-10-03,Sierit_DER_AN858_eobs2561__2020__southbound_01,Sierit  / DER AN858 (eobs2561),41.539864,0.6156929,41.537273,0.61526805,41.523144,0.5969523431344332,2.189287319459302,0.290329,0,0.20322207,0.7918271,2.4226308,41.539864,0.6156929135322571,0.2901778722225536
2020-10-03,Zozu_plus_DER_AL581_eobs2541__2020__southbound_01,Zozu + / DER AL581 (eobs2541),41.57455,0.61588645,41.573006,0.6165295,41.55953,0.611866410289413,1.5480122593944323,0.18023556,0,0.2671437,0.7918271,1.7004491,41.57455,0.6158864498138428,0.17992727768160477
2020-10-04,Europa_DER_A1A26_eobs_4004__2020__southbound_01,Europa / DER A1A26 (eobs 4004),37.81351,-4.749019,37.81468,-4.747616,37.79866,-4.759962912065643,2.0854288974850586,0.17887221,0,0.24203484,0.7918271,1.9074495,37.81351,-4.749019145965576,0.17900893105089674
2020-10-04,Sierit_DER_AN858_eobs2561__2020__southbound_01,Sierit  / DER AN858 (eobs2561),41.537273,0.61526805,41.56545,0.5554442,41.49102,0.5790267068803795,8.505728691475175,5.8820634,0,0.68354183,0.7918271,5.952032,41.537273,0.6152680516242981,5.8819909400186505
2020-10-04,Zozu_plus_DER_AL581_eobs2541__2020__southbound_01,Zozu + / DER AL581 (eobs2541),41.573006,0.6165295,41.566742,0.61676383,41.55717,0.616816232829776,1.0642654319943794,0.6966819,0,0.27909958,0.7918271,1.7580311,41.573006,0.6165295243263245,0.6967689787739353
2020-10-05,Europa_DER_A1A26_eobs_4004__2020__southbound_01,Europa / DER A1A26 (eobs 4004),37.81468,-4.747616,37.815186,-4.7418804,37.80808,-4.750365936524681,1.0863454147991325,0.50699735,0,0.06674147,0.7918271,0.7712128,37.81468,-4.747615814208984,0.5069666027152303
2020-10-05,Sierit_DER_AN858_eobs2561__2020__southbound_01,Sierit  / DER AN858 (eobs2561),41.56545,0.5554442,41.565598,0.5550517,41.535732,0.5253068030000452,4.1418470446476325,0.036566887,0,0.3758815,0.7918271,4.1405063,41.56545,0.5554441809654236,0.03660540785783248
2020-10-05,Zozu_plus_DER_AL581_eobs2541__2020__southbound_01,Zozu + / DER AL581 (eobs2541),41.566742,0.61676383,41.573883,0.616177,41.552383,0.6197481967312987,2.409046130383419,0.79549325,0,0.2739545,0.7918271,1.6127766,41.566742,0.6167638301849365,0.7955557953402267
2020-10-06,Europa_DER_A1A26_eobs_4004__2020__southbound_01,Europa / DER A1A26 (eobs 4004),37.815186,-4.7418804,37.8143,-4.747949,37.80523,-4.745107099816781,1.0391295038393065,0.54208153,0,0.12495898,0.7918271,1.1406708,37.815186,-4.741880416870117,0.5421052307129872
2020-10-06,Sierit_DER_AN858_eobs2561__2020__southbound_01,Sierit  / DER AN858 (eobs2561),41.565598,0.5550517,41.54001,0.6156468,41.55375,0.5429510515539544,6.239683110013118,5.7896943,0,0.04334269,0.7918271,1.6553233,41.565598,0.5550516843795776,5.789685308808115
2020-10-06,Zozu_plus_DER_AL581_eobs2541__2020__southbound_01,Zozu + / DER AL581 (eobs2541),41.573883,0.616177,41.531055,0.5029768,41.561424,0.6162298929242411,10.011686890970926,10.554964,1,0.21963575,0.7918271,1.3828094,41.573883,0.6161770224571228,10.555064325229122
2020-10-07,Europa_DER_A1A26_eobs_4004__2020__southbound_01,Europa / DER A1A26 (eobs 4004),37.8143,-4.747949,37.81448,-4.747839,37.787914,-4.776037857288868,3.8554032652189942,0.021968314,0,0.35201767,0.7918271,3.8270397,37.8143,-4.747949123382568,0.022160299480020084
2020-10-07,Sierit_DER_AN858_eobs2561__2020__southbound_01,Sierit  / DER AN858 (eobs2561),41.54001,0.6156468,41.538795,0.6159454,41.519547,0.6046366478502659,2.3382573816905876,0.13730322,0,0.12717584,0.7918271,2.4486117,41.54001,0.6156467795372009,0.13715846635735565
2020-10-07,Zozu_plus_DER_AL581_eobs2541__2020__southbound_01,Zozu + / DER AL581 (eobs2541),41.531055,0.5029768,41.57464,0.6163731,41.502907,0.49657585952957367,12.768546952043216,10.607567,1,0.40794998,0.7918271,3.169249,41.531055,0.5029767751693726,10.607686312440539
2020-10-08,Europa_DER_A1A26_eobs_4004__2020__southbound_01,Europa / DER A1A26 (eobs 4004),37.81448,-4.747839,37.8143,-4.747882,37.809917,-4.750803251502052,0.5508152258214176,0.020241434,0,0.041714206,0.7918271,0.5693004,37.81448,-4.747838973999023,0.02028955439884093
2020-10-08,Sierit_DER_AN858_eobs2561__2020__southbound_01,Sierit  / DER AN858 (eobs2561),41.538795,0.6159454,41.53873,0.6152668,41.506443,0.6034505404501047,3.7225519832041094,0.05689661,0,0.31841496,0.7918271,3.7381675,41.538795,0.6159453988075256,0.05693846928013209
2020-10-08,Zozu_plus_DER_AL581_eobs2541__2020__southbound_01,Zozu + / DER AL581 (eobs2541),41.57464,0.6163731,41.574684,0.616202,41.560802,0.6271041519871632,1.79031895242365,0.0151279215,0,0.27803022,0.7918271,1.7755896,41.57464,0.6163731217384338,0.01511756802407481
2020-10-09,Europa_DER_A1A26_eobs_4004__2020__southbound_01,Europa / DER A1A26 (eobs 4004),37.8143,-4.747882,37.814182,-4.7477293,37.806873,-4.753457045455011,0.9558766134182504,0.018601587,0,0.13851166,0.7918271,0.95851386,37.8143,-4.747881889343262,0.018776976994495743
2020-10-09,Sierit_DER_AN858_eobs2561__2020__southbound_01,Sierit  / DER AN858 (eobs2561),41.53873,0.6152668,41.538876,0.6159291,41.52633,0.5990105769771019,1.9823136357414497,0.057420537,0,0.05881197,0.7918271,1.9284272,41.53873,0.6152667999267578,0.05743385698165286
2020-10-09,Zozu_plus_DER_AL581_eobs2541__2020__southbound_01,Zozu + / DER AL581 (eobs2541),41.574684,0.616202,41.57438,0.61609197,41.560677,0.6351090691380915,2.196474587612911,0.035122924,0,0.35887897,0.7918271,2.2095096,41.574684,0.6162019968032837,0.035146732883014196
2020-10-10,Europa_DER_A1A26_eobs_4004__2020__southbound_01,Europa / DER A1A26 (eobs 4004),37.814182,-4.7477293,37.81433,-4.7482333,37.808674,-4.750828132313696,0.669079467127766,0.04714473,0,0.096825205,0.7918271,0.66905487,37.814182,-4.747729301452637,0.04726464066918399
2020-10-10,Sierit_DER_AN858_eobs2561__2020__southbound_01,Sierit  / DER AN858 (eobs2561),41.538876,0.6159291,41.55744,0.5663189,41.531258,0.6071580796548794,4.475338492548259,4.615813,0,0.025320625,0.7918271,1.1163571,41.538876,0.615929126739502,4.615874036068631
2020-10-10,Zozu_plus_DER_AL581_eobs2541__2020__southbound_01,Zozu + / DER AL581 (eobs2541),41.57438,0.61609197,41.532433,0.5235083,41.572685,0.6326543785010135,10.125328828974002,9.005918,0,0.2713111,0.7918271,1.3880879,41.57438,0.6160919666290283,9.005944556787579
2020-10-11,Europa_DER_A1A26_eobs_4004__2020__southbound_01,Europa / DER A1A26 (eobs 4004),37.81433,-4.7482333,37.81456,-4.741742,37.808796,-4.7538099384798755,1.2388128737986375,0.57080084,0,0.1301165,0.7918271,0.7852998,37.81433,-4.748233318328857,0.5707803454347706
2020-10-11,Sierit_DER_AN858_eobs2561__2020__southbound_01,Sierit  / DER AN858 (eobs2561),41.55744,0.5663189,41.56563,0.5551269,41.551533,0.5502224303549018,1.6199923224672033,1.3023535,0,0.039887566,0.7918271,1.4891491,41.55744,0.566318929195404,1.302495289482082
2020-10-11,Zozu_plus_DER_AL581_eobs2541__2020__southbound_01,Zozu + / DER AL581 (eobs2541),41.532433,0.5235083,41.57467,0.6163241,41.515057,0.5073082087512791,11.236093519163097,9.039298,0,0.37089387,0.7918271,2.3520756,41.532433,0.5235083103179932,9.039168415806575
2020-10-12,Europa_DER_A1A26_eobs_4004__2020__southbound_01,Europa / DER A1A26 (eobs 4004),37.81456,-4.741742,37.814034,-4.7475533,37.81086,-4.743553805906462,0.4979883032486798,0.5138154,0,0.059279613,0.7918271,0.44052538,37.81456,-4.741742134094238,0.5138274764907983
2020-10-12,Sierit_DER_AN858_eobs2561__2020__southbound_01,Sierit  / DER AN858 (eobs2561),41.56563,0.5551269,41.540848,0.615309,41.556034,0.540865995757425,6.421011600794699,5.716075,0,0.030217562,0.7918271,1.5929886,41.56563,0.5551269054412842,5.716065971285214
2020-10-12,Zozu_plus_DER_AL581_eobs2541__2020__southbound_01,Zozu + / DER AL581 (eobs2541),41.57467,0.6163241,41.574665,0.6162921,41.563297,0.620276453290548,1.306779455632867,0.0027402197,0,0.22079526,0.7918271,1.3040347,41.57467,0.6163241267204285,0.0026961079084404874
2020-10-13,Europa_DER_A1A26_eobs_4004__2020__southbound_01,Europa / DER A1A26 (eobs 4004),37.814034,-4.7475533,37.793373,-4.7483387,37.80905,-4.749786717214187,1.7479974945965018,2.29866,0,0.08672023,0.7918271,0.58664143,37.814034,-4.74755334854126,2.298370801799581
2020-10-13,Sierit_DER_AN858_eobs2561__2020__southbound_01,Sierit  / DER AN858 (eobs2561),41.540848,0.615309,41.564766,0.5779345,41.517986,0.6043763075349513,5.6480324610998,4.0923047,0,0.1390677,0.7918271,2.69546,41.540848,0.6153090000152588,4.092134934956032
2020-10-13,Zozu_plus_DER_AL581_eobs2541__2020__southbound_01,Zozu + / DER AL581 (eobs2541),41.574665,0.6162921,41.57442,0.61604804,41.557777,0.6074751111306346,1.9833557733563842,0.03397507,0,0.32440886,0.7918271,2.012588,41.574665,0.6162921190261841,0.03390003916664664
2020-10-14,Sierit_DER_AN858_eobs2561__2020__southbound_01,Sierit  / DER AN858 (eobs2561),41.564766,0.5779345,41.539097,0.6156336,41.549583,0.5734252983895806,3.701190579414917,4.241186,0,0.03342142,0.7918271,1.7262287,41.564766,0.5779345035552979,4.241238585312413
2020-10-14,Zozu_plus_DER_AL581_eobs2541__2020__southbound_01,Zozu + / DER AL581 (eobs2541),41.57442,0.61604804,41.574734,0.6159256,41.560024,0.6147356436555231,1.6386142090530837,0.036424074,0,0.26379943,0.7918271,1.6017635,41.57442,0.6160480380058289,0.03624266057418695
2020-10-15,Sierit_DER_AN858_eobs2561__2020__southbound_01,Sierit  / DER AN858 (eobs2561),41.539097,0.6156336,41.563137,0.5556448,41.491234,0.6012911573898642,8.852308556746813,5.662488,0,0.42952192,0.7918271,5.444828,41.539097,0.6156336069107056,5.662609742943638
2020-10-15,Zozu_plus_DER_AL581_eobs2541__2020__southbound_01,Zozu + / DER AL581 (eobs2541),41.574734,0.6159256,41.574677,0.6165224,41.56187,0.6170247762136729,1.424570655423527,0.05004229,0,0.21183784,0.7918271,1.4308397,41.574734,0.6159256100654602,0.05004715432449675
2020-10-16,Sierit_DER_AN858_eobs2561__2020__southbound_01,Sierit  / DER AN858 (eobs2561),41.563137,0.5556448,41.55762,0.5467268,41.544193,0.5484309575061159,1.4998171374283664,0.9625661,0,0.06482858,0.7918271,2.1863816,41.563137,0.5556448101997375,0.9626890266168843
2020-10-16,Zozu_plus_DER_AL581_eobs2541__2020__southbound_01,Zozu + / DER AL581 (eobs2541),41.574677,0.6165224,41.526695,0.4314196,41.558117,0.616652208831362,15.807075263453052,16.301146,1,0.31588045,0.7918271,1.8382735,41.574677,0.6165223717689514,16.301147727987594
2020-10-17,Sierit_DER_AN858_eobs2561__2020__southbound_01,Sierit  / DER AN858 (eobs2561),41.55762,0.5467268,41.539963,0.61474,41.549366,0.5411873913051398,6.209908507329952,5.990791,0,0.014423661,0.7918271,1.0252141,41.55762,0.5467268228530884,5.990795369460195
2020-10-18,Sierit_DER_AN858_eobs2561__2020__southbound_01,Sierit  / DER AN858 (eobs2561),41.539963,0.61474,41.558624,0.52631336,41.53169,0.6100960732042366,7.588636803023184,7.645549,0,0.013808737,0.7918271,0.9963158,41.539963,0.6147400140762329,7.645560782820062
2020-10-19,Sierit_DER_AN858_eobs2561__2020__southbound_01,Sierit  / DER AN858 (eobs2561),41.558624,0.52631336,41.538605,0.6161277,41.555958,0.5080681345713414,9.197337012982864,7.798555,0,0.042082135,0.7918271,1.5440778,41.558624,0.5263133645057678,7.798600116788587
2020-10-20,Sierit_DER_AN858_eobs2561__2020__southbound_01,Sierit  / DER AN858 (eobs2561),41.538605,0.6161277,41.56393,0.5124798,41.531013,0.6082307384446446,8.768756757908115,9.073045,0,0.012938949,0.7918271,1.0677832,41.538605,0.6161277294158936,9.073079214586095
2020-10-21,Sierit_DER_AN858_eobs2561__2020__southbound_01,Sierit  / DER AN858 (eobs2561),41.56393,0.5124798,41.563473,0.524276,41.550503,0.5054070620973925,2.131880811757111,0.98273814,0,0.030784355,0.7918271,1.6021012,41.56393,0.5124797821044922,0.9827449572092326
2020-10-22,Sierit_DER_AN858_eobs2561__2020__southbound_01,Sierit  / DER AN858 (eobs2561),41.563473,0.524276,41.563393,0.52437973,41.55472,0.526035788834247,0.9739474573516749,0.012612383,0,0.008239619,0.7918271,0.9822921,41.563473,0.5242760181427002,0.012401664979475032
2020-10-23,Sierit_DER_AN858_eobs2561__2020__southbound_01,Sierit  / DER AN858 (eobs2561),41.563393,0.52437973,41.53905,0.6156396,41.55555,0.5262528758092707,7.661589316483119,8.06203,0,0.007140517,0.7918271,0.8845181,41.563393,0.5243797302246094,8.06205895533301
2020-10-24,Sierit_DER_AN858_eobs2561__2020__southbound_01,Sierit  / DER AN858 (eobs2561),41.53905,0.6156396,41.563145,0.5244061,41.524582,0.6145681817431945,8.642413404068536,8.050822,0,0.038839266,0.7918271,1.6085426,41.53905,0.6156396269798279,8.05079066841887
2020-10-25,Sierit_DER_AN858_eobs2561__2020__southbound_01,Sierit  / DER AN858 (eobs2561),41.563145,0.5244061,41.563354,0.5142834,41.552517,0.5133262833226757,1.2077114355335625,0.8425162,0,0.021074511,0.7918271,1.4961151,41.563145,0.5244060754776001,0.842516009738775
2020-10-26,Sierit_DER_AN858_eobs2561__2020__southbound_01,Sierit  / DER AN858 (eobs2561),41.563354,0.5142834,41.539154,0.61587,41.55847,0.5015806609559903,9.750408253033749,8.87135,0,0.013450294,0.7918271,1.1860693,41.563354,0.5142834186553955,8.871422500464481
2020-10-27,Sierit_DER_AN858_eobs2561__2020__southbound_01,Sierit  / DER AN858 (eobs2561),41.539154,0.61587,41.56333,0.5244252,41.519474,0.5995156664348781,7.9271368667611775,8.0703945,0,0.09393122,0.7918271,2.5726361,41.539154,0.6158699989318848,8.070456804084042
2020-10-28,Sierit_DER_AN858_eobs2561__2020__southbound_01,Sierit  / DER AN858 (eobs2561),41.56333,0.5244252,41.53877,0.6144356,41.549236,0.5113615681276661,8.656795340494282,7.972534,0,0.039739966,0.7918271,1.9039267,41.56333,0.524425208568573,7.972608156660549
2020-10-29,Sierit_DER_AN858_eobs2561__2020__southbound_01,Sierit  / DER AN858 (eobs2561),41.53877,0.6144356,41.538696,0.6145264,41.524986,0.6067282783121261,1.6569257579147725,0.011279184,0,0.03644788,0.7918271,1.6586108,41.53877,0.614435613155365,0.011047085745133871
2020-10-30,Sierit_DER_AN858_eobs2561__2020__southbound_01,Sierit  / DER AN858 (eobs2561),41.538696,0.6145264,41.55891,0.5268293,41.53141,0.607686244327067,7.391292376714865,7.63626,0,0.015352304,0.7918271,0.9884672,41.538696,0.6145263910293579,7.636220960522391
2020-10-31,Sierit_DER_AN858_eobs2561__2020__southbound_01,Sierit  / DER AN858 (eobs2561),41.55891,0.5268293,41.551395,0.56133294,41.561543,0.5095858265589914,4.451129893240235,2.9901366,0,0.05011124,0.7918271,1.4616835,41.55891,0.5268293023109436,2.990156006363062
2020-11-01,Sierit_DER_AN858_eobs2561__2020__southbound_01,Sierit  / DER AN858 (eobs2561),41.551395,0.56133294,41.558556,0.4972057,41.553684,0.5483244435872625,4.2878388043914635,5.395059,0,0.027781587,0.7918271,1.1100463,41.551395,0.5613329410552979,5.3950638067549574
2020-11-02,Sierit_DER_AN858_eobs2561__2020__southbound_01,Sierit  / DER AN858 (eobs2561),41.558556,0.4972057,41.53878,0.5244493,41.562984,0.4835426677760694,4.339474994316627,3.1584406,0,0.03931133,0.7918271,1.236803,41.558556,0.4972057044506073,3.1583576018061033
2020-11-03,Sierit_DER_AN858_eobs2561__2020__southbound_01,Sierit  / DER AN858 (eobs2561),41.53878,0.5244493,41.538795,0.614788,41.540672,0.5130532832499016,8.469857026417104,7.518916,0,0.024344347,0.7918271,0.96987224,41.53878,0.5244492888450623,7.518916878170415
2020-11-04,Sierit_DER_AN858_eobs2561__2020__southbound_01,Sierit  / DER AN858 (eobs2561),41.538795,0.614788,41.563683,0.5235328,41.537685,0.60241347699083,7.1723960321534745,8.082298,0,0.028331233,0.7918271,1.0354913,41.538795,0.6147879958152771,8.082255181230007
2020-11-05,Sierit_DER_AN858_eobs2561__2020__southbound_01,Sierit  / DER AN858 (eobs2561),41.563683,0.5235328,41.545643,0.5918536,41.563618,0.507992098869392,7.258709232037827,6.028582,0,0.050468963,0.7918271,1.2907106,41.563683,0.5235328078269958,6.0284795279972085
2020-11-06,Sierit_DER_AN858_eobs2561__2020__southbound_01,Sierit  / DER AN858 (eobs2561),41.545643,0.5918536,41.563103,0.52451146,41.541847,0.5787342346816566,5.093575084189112,5.9303946,0,0.02648086,0.7918271,1.1684936,41.545643,0.5918536186218262,5.930352661802609
2020-11-07,Sierit_DER_AN858_eobs2561__2020__southbound_01,Sierit  / DER AN858 (eobs2561),41.563103,0.52451146,41.564594,0.513241,41.551327,0.5175447501167028,1.51812124409798,0.95221853,0,0.030473817,0.7918271,1.4295244,41.563103,0.524511456489563,0.9522350649154556
2020-11-08,Sierit_DER_AN858_eobs2561__2020__southbound_01,Sierit  / DER AN858 (eobs2561),41.564594,0.513241,41.563316,0.5243891,41.55412,0.5167410130654111,1.2045071209253821,0.9382705,0,0.013819701,0.7918271,1.1985711,41.564594,0.5132409930229187,0.938320155514455
2020-11-09,Sierit_DER_AN858_eobs2561__2020__southbound_01,Sierit  / DER AN858 (eobs2561),41.563316,0.5243891,41.563374,0.5244171,41.556053,0.5301233362993945,0.9423366952847393,0.0065807714,0,0.0077273324,0.7918271,0.93647957,41.563316,0.5243890881538391,0.006776095392306553
2020-11-10,Sierit_DER_AN858_eobs2561__2020__southbound_01,Sierit  / DER AN858 (eobs2561),41.563374,0.5244171,41.563255,0.5245554,41.55665,0.5288597283645208,0.8173147392555135,0.01749343,0,0.008546407,0.7918271,0.8326988,41.563374,0.5244171023368835,0.017472026705927547
2020-11-11,Sierit_DER_AN858_eobs2561__2020__southbound_01,Sierit  / DER AN858 (eobs2561),41.563255,0.5245554,41.56339,0.5244098,41.556873,0.5196275987290425,0.8265622132176198,0.01914534,0,0.009977078,0.7918271,0.8180697,41.563255,0.5245553851127625,0.019161916573357834
2020-11-12,Sierit_DER_AN858_eobs2561__2020__southbound_01,Sierit  / DER AN858 (eobs2561),41.56339,0.5244098,41.563305,0.52443475,41.559307,0.514063146034027,0.9707015464120952,0.009710322,0,0.018809512,0.7918271,0.97142214,41.56339,0.5244097709655762,0.009560389438267956
2020-11-13,Sierit_DER_AN858_eobs2561__2020__southbound_01,Sierit  / DER AN858 (eobs2561),41.563305,0.52443475,41.563263,0.5244496,41.555737,0.5218654776830023,0.864075837228008,0.0046483628,0,0.013279859,0.7918271,0.86674446,41.563305,0.5244347453117371,0.004826556048290187
2020-11-14,Sierit_DER_AN858_eobs2561__2020__southbound_01,Sierit  / DER AN858 (eobs2561),41.563263,0.5244496,41.56327,0.5244317,41.556847,0.528261090351368,0.7821491440624024,0.0017290312,0,0.010631746,0.7918271,0.77928793,41.563263,0.5244495868682861,0.001712594862684087
2020-11-15,Sierit_DER_AN858_eobs2561__2020__southbound_01,Sierit  / DER AN858 (eobs2561),41.56327,0.5244317,41.56339,0.5243646,41.55672,0.5283585374381993,0.8125207166767873,0.014371906,0,0.014424326,0.7918271,0.7968834,41.56327,0.5244317054748535,0.01428591643811246
2020-11-16,Sierit_DER_AN858_eobs2561__2020__southbound_01,Sierit  / DER AN858 (eobs2561),41.56339,0.5243646,41.56338,0.5244032,41.558655,0.5163412724127439,0.8521355622536583,0.0033572332,0,0.021289263,0.7918271,0.848601,41.56339,0.5243645906448364,0.003323544505351084
2020-11-17,Sierit_DER_AN858_eobs2561__2020__southbound_01,Sierit  / DER AN858 (eobs2561),41.56338,0.5244032,41.56339,0.5243935,41.55777,0.5157818116088301,0.9506720284817137,0.0010542151,0,0.0232941,0.7918271,0.94914013,41.56338,0.5244032144546509,0.001171786053124297
2020-11-18,Sierit_DER_AN858_eobs2561__2020__southbound_01,Sierit  / DER AN858 (eobs2561),41.56339,0.5243935,41.563416,0.5243944,41.56233,0.5110843151995015,1.113968067908225,0.0031699443,0,0.038121257,0.7918271,1.1116048,41.56339,0.5243934988975525,0.00297016058687991
2020-11-19,Sierit_DER_AN858_eobs2561__2020__southbound_01,Sierit  / DER AN858 (eobs2561),41.563416,0.5243944,41.563408,0.52437013,41.562428,0.5095132009104545,1.24088314899348,0.0021181381,0,0.05917832,0.7918271,1.2407691,41.563416,0.5243943929672241,0.0021893662018201694
2020-11-20,Sierit_DER_AN858_eobs2561__2020__southbound_01,Sierit  / DER AN858 (eobs2561),41.563408,0.52437013,41.563274,0.5244513,41.563133,0.5109632967754983,1.1222975591438367,0.016571395,0,0.032481547,0.7918271,1.1138849,41.563408,0.5243701338768005,0.0163103398649492
2020-11-21,Sierit_DER_AN858_eobs2561__2020__southbound_01,Sierit  / DER AN858 (eobs2561),41.563274,0.5244513,41.563248,0.5244383,41.56017,0.5113005985131625,1.1454150253644553,0.0029725146,0,0.030896215,0.7918271,1.1452702,41.563274,0.5244513154029846,0.0031599101172394227
2020-11-22,Sierit_DER_AN858_eobs2561__2020__southbound_01,Sierit  / DER AN858 (eobs2561),41.563248,0.5244383,41.563385,0.5165925,41.559357,0.5113229683664403,0.6267879205562452,0.65293205,0,0.02994852,0.7918271,1.1717674,41.563248,0.5244383215904236,0.6529406724322001
2020-11-23,Sierit_DER_AN858_eobs2561__2020__southbound_01,Sierit  / DER AN858 (eobs2561),41.563385,0.5165925,41.534954,0.51965564,41.56175,0.5006162262890234,3.3745032456007964,3.1714313,0,0.0450383,0.7918271,1.3392256,41.563385,0.5165925025939941,3.1716404983019624
2021-08-06,Ed_plus_AAL16_e-obs_7210__2021__southbound_01,"Ed + (AAL16, e-obs 7210)",47.693245,7.626867,47.69309,7.6269193,47.690434,7.6273259391676405,0.29679115719817745,0.017962756,0,0.011945736,0.7918271,0.31400162,47.693245,7.626866817474365,0.01782878853932797
2021-08-07,Ed_plus_AAL16_e-obs_7210__2021__southbound_01,"Ed + (AAL16, e-obs 7210)",47.69309,7.6269193,47.692898,7.6266513,47.689587,7.625913131488306,0.37230669069006256,0.029231604,0,0.033225667,0.7918271,0.3958753,47.69309,7.626919269561768,0.029190913568068452
2021-08-08,Ed_plus_AAL16_e-obs_7210__2021__southbound_01,"Ed + (AAL16, e-obs 7210)",47.692898,7.6266513,47.69306,7.6269717,47.689533,7.62559615726658,0.40564603029787144,0.03015884,0,0.022940688,0.7918271,0.38181147,47.692898,7.626651287078857,0.03013093936535472
2021-08-09,Ed_plus_AAL16_e-obs_7210__2021__southbound_01,"Ed + (AAL16, e-obs 7210)",47.69306,7.6269717,47.69307,7.6269298,47.689262,7.6251740690548315,0.44325463924611563,0.0032122065,0,0.037081733,0.7918271,0.4426119,47.69306,7.62697172164917,0.0032532088893620355
2021-08-10,Ed_plus_AAL16_e-obs_7210__2021__southbound_01,"Ed + (AAL16, e-obs 7210)",47.69307,7.6269298,47.693024,7.626809,47.689617,7.623033827603585,0.47257675896659906,0.010257161,0,0.03846224,0.7918271,0.4810627,47.69307,7.626929759979248,0.010365260798738701
2021-08-11,Ed_plus_AAL16_e-obs_7210__2021__southbound_01,"Ed + (AAL16, e-obs 7210)",47.693024,7.626809,47.693108,7.6269464,47.689556,7.620074653302936,0.648458622649122,0.013843988,0,0.08584174,0.7918271,0.6333816,47.693024,7.626809120178223,0.013882754888598352
2021-08-12,Ed_plus_AAL16_e-obs_7210__2021__southbound_01,"Ed + (AAL16, e-obs 7210)",47.693108,7.6269464,47.692886,7.6266565,47.69023,7.621247075465951,0.501089928157744,0.03267993,0,0.07936064,0.7918271,0.5321693,47.693108,7.626946449279785,0.03280420945479562
2021-08-13,Ed_plus_AAL16_e-obs_7210__2021__southbound_01,"Ed + (AAL16, e-obs 7210)",47.692886,7.6266565,47.692947,7.62667,47.688946,7.619226205891638,0.7130252678052369,0.006666918,0,0.13325699,0.7918271,0.70672214,47.692886,7.626656532287598,0.006859983814462605
2021-08-14,Ed_plus_AAL16_e-obs_7210__2021__southbound_01,"Ed + (AAL16, e-obs 7210)",47.692947,7.62667,47.69297,7.626671,47.688942,7.6194208448311915,0.7036420953642843,0.0026367286,0,0.13734886,0.7918271,0.7008022,47.692947,7.626669883728027,0.002546054154329172
2021-08-15,Ed_plus_AAL16_e-obs_7210__2021__southbound_01,"Ed + (AAL16, e-obs 7210)",47.69297,7.626671,47.692963,7.626714,47.687595,7.616466849123711,0.9718521505489665,0.0033879734,0,0.24553479,0.7918271,0.9681821,47.69297,7.626670837402344,0.0033566939840737105
2021-08-16,Ed_plus_AAL16_e-obs_7210__2021__southbound_01,"Ed + (AAL16, e-obs 7210)",47.692963,7.626714,47.69304,7.6269226,47.68891,7.620589175846734,0.6598216306333891,0.017767854,0,0.11671384,0.7918271,0.6416023,47.692963,7.62671422958374,0.017754186266753312
2021-08-17,Ed_plus_AAL16_e-obs_7210__2021__southbound_01,"Ed + (AAL16, e-obs 7210)",47.69304,7.6269226,47.69305,7.6268373,47.6864,7.619282755328723,0.9307861149693374,0.006519362,0,0.18525195,0.7918271,0.93197656,47.69304,7.626922607421875,0.006513872880815683
2021-08-18,Ed_plus_AAL16_e-obs_7210__2021__southbound_01,"Ed + (AAL16, e-obs 7210)",47.69305,7.6268373,47.693207,7.626807,47.686836,7.619001458637032,0.9182337275865208,0.017723704,0,0.15102004,0.7918271,0.90470415,47.69305,7.626837253570557,0.01753593884647891
2021-08-19,Ed_plus_AAL16_e-obs_7210__2021__southbound_01,"Ed + (AAL16, e-obs 7210)",47.693207,7.626807,47.69298,7.626759,47.689087,7.621051693527,0.608317584779191,0.0252844,0,0.07420344,0.7918271,0.62780505,47.693207,7.62680721282959,0.025284615875970206
2021-08-20,Ed_plus_AAL16_e-obs_7210__2021__southbound_01,"Ed + (AAL16, e-obs 7210)",47.69298,7.626759,47.692852,7.626754,47.689373,7.620418134777347,0.6119897800205238,0.0145499315,0,0.089593805,0.7918271,0.6204656,47.69298,7.626759052276611,0.014427311601396101
2021-08-21,Ed_plus_AAL16_e-obs_7210__2021__southbound_01,"Ed + (AAL16, e-obs 7210)",47.692852,7.626754,47.692856,7.6267424,47.689816,7.622045333970411,0.48773662070815743,0.0009337944,0,0.054284308,0.7918271,0.48717114,47.692852,7.626753807067871,0.0009558201493953998
2021-08-22,Ed_plus_AAL16_e-obs_7210__2021__southbound_01,"Ed + (AAL16, e-obs 7210)",47.692856,7.6267424,47.69284,7.626746,47.689423,7.620373510720061,0.609885497878733,0.0016066527,0,0.08466995,0.7918271,0.60969347,47.692856,7.626742362976074,0.0017205572377780797
2021-08-23,Ed_plus_AAL16_e-obs_7210__2021__southbound_01,"Ed + (AAL16, e-obs 7210)",47.69284,7.626746,47.692814,7.6267595,47.689377,7.621048208787387,0.5734155562049947,0.0033387605,0,0.08321533,0.7918271,0.57357466,47.69284,7.62674617767334,0.003132877972882615
2021-08-24,Ed_plus_AAL16_e-obs_7210__2021__southbound_01,"Ed + (AAL16, e-obs 7210)",47.692814,7.6267595,47.69283,7.626755,47.689262,7.621000511505746,0.5855131112307626,0.0018321696,0,0.10348915,0.7918271,0.5836307,47.692814,7.6267595291137695,0.0017268383508827333
2021-08-25,Ed_plus_AAL16_e-obs_7210__2021__southbound_01,"Ed + (AAL16, e-obs 7210)",47.69283,7.626755,47.692833,7.6267385,47.689037,7.622219666269242,0.5408616471699742,0.0013819534,0,0.07120227,0.7918271,0.5404899,47.69283,7.626755237579346,0.0013191826659729668
2021-08-26,Ed_plus_AAL16_e-obs_7210__2021__southbound_01,"Ed + (AAL16, e-obs 7210)",47.692833,7.6267385,47.692825,7.6267347,47.687965,7.621176804367662,0.6819783660857373,0.0010755446,0,0.079165764,0.7918271,0.68157375,47.692833,7.626738548278809,0.0008951079895120797
2021-08-27,Ed_plus_AAL16_e-obs_7210__2021__southbound_01,"Ed + (AAL16, e-obs 7210)",47.692825,7.6267347,47.69282,7.626746,47.68642,7.6190617202338435,0.9151233356710559,0.00089902664,0,0.14288047,0.7918271,0.9131642,47.692825,7.626734733581543,0.0009558205983817126
2021-08-27,Sierit_DER_AN858_eobs2561__2021__southbound_01,Sierit  / DER AN858 (eobs2561),47.807762,8.883102,47.805283,8.883997,47.801216,8.879368916582266,0.5691548309182742,0.28344673,0,0.0073315427,0.7918271,0.7780571,47.807762,8.883102416992188,0.2836925527591607
2021-08-28,Ed_plus_AAL16_e-obs_7210__2021__southbound_01,"Ed + (AAL16, e-obs 7210)",47.69282,7.626746,47.692833,7.6267357,47.685432,7.6177591597500145,1.0623658190963778,0.0012948118,0,0.20738235,0.7918271,1.0599693,47.69282,7.62674617767334,0.0014952622278557538
2021-08-28,Sierit_DER_AN858_eobs2561__2021__southbound_01,Sierit  / DER AN858 (eobs2561),47.805283,8.883997,47.80832,8.884963,47.798862,8.879839154498521,1.119002667381053,0.34514087,0,0.009101493,0.7918271,0.7772819,47.805283,8.883996963500977,0.3452661293883201
2021-08-29,Ed_plus_AAL16_e-obs_7210__2021__southbound_01,"Ed + (AAL16, e-obs 7210)",47.692833,7.6267357,47.692806,7.6267524,47.68639,7.6170421606156635,1.018474735513444,0.0029519296,0,0.17088857,0.7918271,1.0177366,47.692833,7.626735687255859,0.003221279157937725
2021-08-29,Sierit_DER_AN858_eobs2561__2021__southbound_01,Sierit  / DER AN858 (eobs2561),47.80832,8.884963,47.808376,8.886821,47.798584,8.877383136966051,1.2970950425271297,0.13889864,0,0.023784088,0.7918271,1.2195655,47.80832,8.884963035583496,0.13888319886550948
2021-08-30,Ed_plus_AAL16_e-obs_7210__2021__southbound_01,"Ed + (AAL16, e-obs 7210)",47.692806,7.6267524,47.692837,7.6267357,47.686848,7.617595223075574,0.9547670891458907,0.0035624169,0,0.16475792,0.7918271,0.9515913,47.692806,7.6267523765563965,0.003616007880291073
2021-08-30,Sierit_DER_AN858_eobs2561__2021__southbound_01,Sierit  / DER AN858 (eobs2561),47.808376,8.886821,47.801804,8.874189,47.796818,8.877874775897558,0.6189766483196504,1.1934167,0,0.034554362,0.7918271,1.4457952,47.808376,8.886820793151855,1.1933574879183628
2021-08-31,Ed_plus_AAL16_e-obs_7210__2021__southbound_01,"Ed + (AAL16, e-obs 7210)",47.692837,7.6267357,47.692837,7.626745,47.68824,7.618342719916977,0.8104303609957537,0.000743363,0,0.12056773,0.7918271,0.80846864,47.692837,7.626735687255859,0.0007137867172438136
2021-08-31,Sierit_DER_AN858_eobs2561__2021__southbound_01,Sierit  / DER AN858 (eobs2561),47.801804,8.874189,47.789276,8.864052,47.790134,8.865025243860376,0.11998797450225841,1.5854301,0,0.040692784,0.7918271,1.4646076,47.801804,8.874189376831055,1.5855190277733968
2021-09-01,Ed_plus_AAL16_e-obs_7210__2021__southbound_01,"Ed + (AAL16, e-obs 7210)",47.692837,7.626745,47.692825,7.6267204,47.688717,7.621367918282628,0.6076217859004309,0.00223526,0,0.07667615,0.7918271,0.608871,47.692837,7.626745223999023,0.0022502194030393206
2021-09-01,Europa_DER_A1A26_eobs_4004__2021__southbound_01,Europa / DER A1A26 (eobs 4004),47.170433,7.40309,47.167435,7.404136,47.165894,7.400749354641479,0.3080936467749854,0.34255263,0,0.014443073,0.7918271,0.53380615,47.170433,7.403090000152588,0.3426535445861874
2021-09-01,Sierit_DER_AN858_eobs2561__2021__southbound_01,Sierit  / DER AN858 (eobs2561),47.789276,8.864052,47.80182,8.87423,47.783092,8.86009526912429,2.3347113485863145,1.5887303,0,0.008977101,0.7918271,0.74705315,47.789276,8.864051818847656,1.5884737937203552
2021-09-02,Ed_plus_AAL16_e-obs_7210__2021__southbound_01,"Ed + (AAL16, e-obs 7210)",47.692825,7.6267204,47.69283,7.626735,47.687244,7.61994371211874,0.8025244394744572,0.0012096438,0,0.12831978,0.7918271,0.80022544,47.692825,7.626720428466797,0.0011848960444846783
2021-09-02,Europa_DER_A1A26_eobs_4004__2021__southbound_01,Europa / DER A1A26 (eobs 4004),47.167435,7.404136,47.16744,7.4031286,47.163113,7.40207263137773,0.4875949438053301,0.07618668,0,0.014877188,0.7918271,0.5045488,47.167435,7.4041361808776855,0.07616934762642262
2021-09-02,Sierit_DER_AN858_eobs2561__2021__southbound_01,Sierit  / DER AN858 (eobs2561),47.80182,8.87423,47.80212,8.875433,47.79675,8.870501738047315,0.7016835894991109,0.09576053,0,0.0075147552,0.7918271,0.62771976,47.80182,8.87423038482666,0.09586730267435481
2021-09-03,Ed_plus_AAL16_e-obs_7210__2021__southbound_01,"Ed + (AAL16, e-obs 7210)",47.69283,7.626735,47.692818,7.626737,47.68857,7.622082931069112,0.5870619755998588,0.0013193878,0,0.07882744,0.7918271,0.5870862,47.69283,7.626735210418701,0.0012805092291735727
2021-09-03,Europa_DER_A1A26_eobs_4004__2021__southbound_01,Europa / DER A1A26 (eobs 4004),47.16744,7.4031286,47.17598,7.4030747,47.161354,7.3994053474411565,1.649775930012606,0.94973695,0,0.03707018,0.7918271,0.73158044,47.16744,7.403128623962402,0.9497378317121741
2021-09-03,Sierit_DER_AN858_eobs2561__2021__southbound_01,Sierit  / DER AN858 (eobs2561),47.80212,8.875433,47.803688,8.877852,47.798008,8.8722821647605,0.7563144321744524,0.2511869,0,0.0075081647,0.7918271,0.5131943,47.80212,8.875432968139648,0.251092501393924
2021-09-04,Ed_plus_AAL16_e-obs_7210__2021__southbound_01,"Ed + (AAL16, e-obs 7210)",47.692818,7.626737,47.692825,7.626731,47.68313,7.613674804626156,1.4552405717749268,0.0010430516,0,0.28120223,0.7918271,1.4523025,47.692818,7.626737117767334,0.0009669332586469778
2021-09-04,Europa_DER_A1A26_eobs_4004__2021__southbound_01,Europa / DER A1A26 (eobs 4004),47.17598,7.4030747,47.170006,7.4042363,47.168457,7.39824517051615,0.4845343342423503,0.66996104,0,0.06228239,0.7918271,0.9110005,47.17598,7.403074741363525,0.6700367022327872
2021-09-04,Sierit_DER_AN858_eobs2561__2021__southbound_01,Sierit  / DER AN858 (eobs2561),47.803688,8.877852,47.80339,8.874088,47.799812,8.874614441723015,0.39981272283755404,0.28304315,0,0.011743078,0.7918271,0.49321204,47.803688,8.877852439880371,0.2830732026393834
2021-09-05,Ed_plus_AAL16_e-obs_7210__2021__southbound_01,"Ed + (AAL16, e-obs 7210)",47.692825,7.626731,47.69284,7.626754,47.671116,7.5898373638390275,3.670574227538737,0.0023760789,0,0.5633124,0.7918271,3.6611626,47.692825,7.626730918884277,0.002411113839922621
2021-09-05,Europa_DER_A1A26_eobs_4004__2021__southbound_01,Europa / DER A1A26 (eobs 4004),47.170006,7.4042363,47.167484,7.40369,47.16178,7.399197698603959,0.7193556905423172,0.28311142,0,0.067830294,0.7918271,0.9889095,47.170006,7.404236316680908,0.2834068309684307
2021-09-05,Sierit_DER_AN858_eobs2561__2021__southbound_01,Sierit  / DER AN858 (eobs2561),47.80339,8.874088,47.80462,8.883072,47.795433,8.866539881550288,1.6025111693456833,0.68467015,0,0.084059626,0.7918271,1.0473839,47.80339,8.874088287353516,0.6847134617460918
2021-09-06,Ed_plus_AAL16_e-obs_7210__2021__southbound_01,"Ed + (AAL16, e-obs 7210)",47.69284,7.626754,47.69283,7.62674,47.67965,7.60437345162547,2.225062098478256,0.0016992027,0,0.41651466,0.7918271,2.2227197,47.69284,7.626753807067871,0.0016402835507277843
2021-09-06,Europa_DER_A1A26_eobs_4004__2021__southbound_01,Europa / DER A1A26 (eobs 4004),47.167484,7.40369,47.111233,7.269212,47.1575,7.397605839576988,10.990753450162542,11.940954,1,0.09693386,0.7918271,1.1993088,47.167484,7.403689861297607,11.940812005994195
2021-09-06,Sierit_DER_AN858_eobs2561__2021__southbound_01,Sierit  / DER AN858 (eobs2561),47.80462,8.883072,47.801865,8.874229,47.798107,8.877770457204289,0.4944903895584718,0.72808194,0,0.054359656,0.7918271,0.82373106,47.80462,8.883071899414062,0.7279748675365311
2021-09-07,Ed_plus_AAL16_e-obs_7210__2021__southbound_01,"Ed + (AAL16, e-obs 7210)",47.69283,7.62674,47.69283,7.6267524,47.67914,7.60658736099228,2.143850074088501,0.0009372252,0,0.39978844,0.7918271,2.1392636,47.69283,7.626739978790283,0.0009279228681977447
2021-09-07,Europa_DER_A1A26_eobs_4004__2021__southbound_01,Europa / DER A1A26 (eobs 4004),47.111233,7.269212,45.636578,5.5005417,46.9461,7.054902357921496,188.31656067805426,212.82457,1,0.89599305,0.7918271,24.456009,46.9461,7.054902357921496,188.31656067805426
2021-09-07,Louis_DER_AU050_eobs_3264__2021__southbound_01,Louis / DER AU050 (eobs 3264),47.91356,8.58325,47.916084,8.58597,47.907703,8.57906619824359,1.064526370957763,0.34655884,0,0.033012554,0.7918271,0.72077465,47.91356,8.583250045776367,0.34632336982510903
2021-09-07,Sierit_DER_AN858_eobs2561__2021__southbound_01,Sierit  / DER AN858 (eobs2561),47.801865,8.874229,47.801987,8.874386,47.793575,8.867214087580978,1.0778537402394284,0.017900044,0,0.09731144,0.7918271,1.058517,47.801865,8.874229431152344,0.017908174812905416
2021-09-08,Ed_plus_AAL16_e-obs_7210__2021__southbound_01,"Ed + (AAL16, e-obs 7210)",47.69283,7.6267524,47.692833,7.6267395,47.68251,7.615064959977104,1.4426201599086568,0.0010643532,0,0.24366774,0.7918271,1.4404482,47.69283,7.6267523765563965,0.0010528406028564835
2021-09-08,Europa_DER_A1A26_eobs_4004__2021__southbound_01,Europa / DER A1A26 (eobs 4004),45.636578,5.5005417,44.90214,4.81051,44.91809,4.723716872413949,7.061310458329319,97.90317,1,0.98048556,0.7918271,99.976875,44.91809,4.723716872413949,7.061310458329319
2021-09-08,Louis_DER_AU050_eobs_3264__2021__southbound_01,Louis / DER AU050 (eobs 3264),47.916084,8.58597,47.918816,8.57294,47.910698,8.58317173075685,1.1816299725270778,1.0173665,0,0.022802498,0.7918271,0.6332057,47.916084,8.585969924926758,1.0174260562430808
2021-09-08,Sierit_DER_AN858_eobs2561__2021__southbound_01,Sierit  / DER AN858 (eobs2561),47.801987,8.874386,47.80179,8.874239,47.794655,8.868873587192574,0.8887023716621133,0.024429744,0,0.066396184,0.7918271,0.91172063,47.801987,8.874385833740234,0.024634177466441066
2021-09-09,Ed_plus_AAL16_e-obs_7210__2021__southbound_01,"Ed + (AAL16, e-obs 7210)",47.692833,7.6267395,47.69282,7.6267447,47.667744,7.594972843555153,3.6651740285630834,0.0013909956,0,0.54745567,0.7918271,3.6590881,47.692833,7.626739501953125,0.0013317077174862199
2021-09-09,Europa_DER_A1A26_eobs_4004__2021__southbound_01,Europa / DER A1A26 (eobs 4004),44.90214,4.81051,44.346085,4.695497,44.348537,4.364626464243662,26.31134922169596,62.497223,1,0.9783879,0.7918271,70.746735,44.348537,4.364626464243662,26.31134922169596
2021-09-09,Louis_DER_AU050_eobs_3264__2021__southbound_01,Louis / DER AU050 (eobs 3264),47.918816,8.57294,47.915577,8.586424,47.911484,8.56807997234701,1.4409170200537027,1.0673668,0,0.05443449,0.7918271,0.8906951,47.918816,8.5729398727417,1.067455097851466
2021-09-09,Sierit_DER_AN858_eobs2561__2021__southbound_01,Sierit  / DER AN858 (eobs2561),47.80179,8.874239,47.801796,8.874194,47.794537,8.869014381677232,0.8951390032532238,0.0034621097,0,0.06907307,0.7918271,0.89418584,47.80179,8.874238967895508,0.0034535988914053254
2021-09-10,Ed_plus_AAL16_e-obs_7210__2021__southbound_01,"Ed + (AAL16, e-obs 7210)",47.69282,7.6267447,47.69285,7.6267695,47.674282,7.604124403906518,2.67127371533286,0.003637212,0,0.41716188,0.7918271,2.6628163,47.69282,7.626744747161865,0.0035014973044647803
2021-09-10,Europa_DER_A1A26_eobs_4004__2021__southbound_01,Europa / DER A1A26 (eobs 4004),44.346085,4.695497,43.62141,4.067581,43.57707,3.6820748247270876,31.432139896404557,94.95779,1,0.9868412,0.7918271,117.29386,43.57707,3.6820748247270876,31.432139896404557
2021-09-10,Louis_DER_AU050_eobs_3264__2021__southbound_01,Louis / DER AU050 (eobs 3264),47.915577,8.586424,47.913425,8.584303,47.90718,8.579268564692763,0.7892728378893348,0.28705832,0,0.072469614,0.7918271,1.0732343,47.915577,8.586423873901367,0.2867395758957657
2021-09-10,Sierit_DER_AN858_eobs2561__2021__southbound_01,Sierit  / DER AN858 (eobs2561),47.801796,8.874194,47.801826,8.874197,47.775803,8.845687455231406,3.5930625993466205,0.003292228,0,0.52354705,0.7918271,3.5836046,47.801796,8.874194145202637,0.0034001260345375354
2021-09-11,Ed_plus_AAL16_e-obs_7210__2021__southbound_01,"Ed + (AAL16, e-obs 7210)",47.69285,7.6267695,47.53392,7.5431767,47.676117,7.6062255042066385,16.503004708019056,18.74988,1,0.35265994,0.7918271,2.4094696,47.69285,7.626769542694092,18.750033985823965
2021-09-11,Europa_DER_A1A26_eobs_4004__2021__southbound_01,Europa / DER A1A26 (eobs 4004),43.62141,4.067581,43.4752,3.589663,43.255016,3.291921011452688,34.33286108472836,41.807594,1,0.97395235,0.7918271,74.42298,43.255016,3.291921011452688,34.33286108472836
2021-09-11,Louis_DER_AU050_eobs_3264__2021__southbound_01,Louis / DER AU050 (eobs 3264),47.913425,8.584303,47.916348,8.570784,47.90311,8.573728925151462,1.488169883620885,1.0587279,0,0.10887265,0.7918271,1.3890898,47.913425,8.58430290222168,1.05864289691095
2021-09-11,Sierit_DER_AN858_eobs2561__2021__southbound_01,Sierit  / DER AN858 (eobs2561),47.801826,8.874197,47.504314,8.492643,47.759068,8.823109390197727,37.624963483689434,43.717064,1,0.71094114,0.7918271,6.085742,47.801826,8.874197006225586,43.71715262910894
2021-09-12,Ed_plus_AAL16_e-obs_7210__2021__southbound_01,"Ed + (AAL16, e-obs 7210)",47.53392,7.5431767,47.293636,6.1651664,47.124607,6.910233782465783,59.33571636899745,107.07468,1,0.9605029,0.7918271,65.682594,47.124607,6.910233782465783,59.33571636899745
2021-09-12,Europa_DER_A1A26_eobs_4004__2021__southbound_01,Europa / DER A1A26 (eobs 4004),43.4752,3.589663,42.94531,2.9627626,43.333702,2.9793327324326966,43.208357486074625,77.80081,1,0.95869315,0.7918271,51.609856,43.333702,2.9793327324326966,43.208357486074625
2021-09-12,Louis_DER_AU050_eobs_3264__2021__southbound_01,Louis / DER AU050 (eobs 3264),47.916348,8.570784,47.913998,8.574338,47.90128,8.551108178683757,2.235619237962124,0.37222642,0,0.26923773,0.7918271,2.2226768,47.916348,8.570783615112305,0.37207715105297995
2021-09-12,Sierit_DER_AN858_eobs2561__2021__southbound_01,Sierit  / DER AN858 (eobs2561),47.504314,8.492643,47.209435,7.6871953,46.68714,7.070001534817398,74.61717341647783,68.9647,1,0.9888326,0.7918271,140.02638,46.68714,7.070001534817398,74.61717341647783
2021-09-13,Ed_plus_AAL16_e-obs_7210__2021__southbound_01,"Ed + (AAL16, e-obs 7210)",47.293636,6.1651664,45.9427,5.038446,46.524887,4.974768845858664,64.92140645002036,173.11523,1,0.9810223,0.7918271,123.74552,46.524887,4.974768845858664,64.92140645002036
2021-09-13,Europa_DER_A1A26_eobs_4004__2021__southbound_01,Europa / DER A1A26 (eobs 4004),42.94531,2.9627626,42.115,2.7938616,42.802303,2.5063996902346015,79.98004931748231,93.35771,1,0.9485134,0.7918271,40.33538,42.802303,2.5063996902346015,79.98004931748231
2021-09-13,Louis_DER_AU050_eobs_3264__2021__southbound_01,Louis / DER AU050 (eobs 3264),47.913998,8.574338,47.914482,8.57449,47.90623,8.565359874290868,1.1422902654241216,0.05494327,0,0.08030851,0.7918271,1.0905077,47.913998,8.57433795928955,0.055042893753659165
2021-09-13,Sierit_DER_AN858_eobs2561__2021__southbound_01,Sierit  / DER AN858 (eobs2561),47.209435,7.6871953,45.919697,5.929899,46.282806,5.96927863398585,40.48999538517247,196.4996,1,0.98698854,0.7918271,165.40747,46.282806,5.96927863398585,40.48999538517247
2021-09-14,Ed_plus_AAL16_e-obs_7210__2021__southbound_01,"Ed + (AAL16, e-obs 7210)",45.9427,5.038446,45.937496,5.0351863,45.220436,4.143895023885639,105.6835108262524,0.63083,0,0.9802924,0.7918271,105.80653,45.220436,4.143895023885639,105.6835108262524
2021-09-14,Europa_DER_A1A26_eobs_4004__2021__southbound_01,Europa / DER A1A26 (eobs 4004),42.115,2.7938616,42.10794,2.7917275,41.893948,2.270805979862657,49.18413053554089,0.8047167,0,0.95955807,0.7918271,49.56762,41.893948,2.270805979862657,49.18413053554089
2021-09-14,Louis_DER_AU050_eobs_3264__2021__southbound_01,Louis / DER AU050 (eobs 3264),47.914482,8.57449,47.913956,8.586676,47.906933,8.564293513450135,1.8419390045140926,0.9100585,0,0.10914877,0.7918271,1.1304226,47.914482,8.57448959350586,0.9100823450955641
2021-09-14,Sierit_DER_AN858_eobs2561__2021__southbound_01,Sierit  / DER AN858 (eobs2561),45.919697,5.929899,45.639435,5.111113,44.826965,4.397386198183269,106.23161418574308,70.731415,1,0.98589873,0.7918271,169.45854,44.826965,4.397386198183269,106.23161418574308
2021-09-15,Ed_plus_AAL16_e-obs_7210__2021__southbound_01,"Ed + (AAL16, e-obs 7210)",45.937496,5.0351863,45.932526,5.037642,45.887386,4.9564513161862225,8.040601313459192,0.5845008,0,0.8050555,0.7918271,8.238787,45.887386,4.9564513161862225,8.040601313459192
2021-09-15,Europa_DER_A1A26_eobs_4004__2021__southbound_01,Europa / DER A1A26 (eobs 4004),42.10794,2.7917275,42.053555,2.6166096,42.107952,2.76520428572748,13.673986495751148,15.666535,1,0.41509697,0.7918271,2.184164,42.10794,2.7917275428771973,15.666576416358064
2021-09-15,Louis_DER_AU050_eobs_3264__2021__southbound_01,Louis / DER AU050 (eobs 3264),47.913956,8.586676,47.913704,8.582867,47.907845,8.57755641902903,0.7623275928156655,0.2852751,0,0.08369627,0.7918271,0.9593035,47.913956,8.586675643920898,0.2852532707370053
2021-09-15,Sierit_DER_AN858_eobs2561__2021__southbound_01,Sierit  / DER AN858 (eobs2561),45.639435,5.111113,45.903297,4.9508886,45.51012,4.85897510792737,44.298083545806556,31.863426,1,0.8724299,0.7918271,24.267956,45.51012,4.85897510792737,44.298083545806556
2021-09-16,Ed_plus_AAL16_e-obs_7210__2021__southbound_01,"Ed + (AAL16, e-obs 7210)",45.932526,5.037642,44.87422,4.7733636,45.91862,5.011539499789874,117.6114961306206,119.47311,1,0.399779,0.7918271,2.5382135,45.932526,5.037642002105713,119.47303736097085
2021-09-16,Europa_DER_A1A26_eobs_4004__2021__southbound_01,Europa / DER A1A26 (eobs 4004),42.053555,2.6166096,41.629025,0.7369565,42.013916,2.34191776113295,139.70984198357803,162.70425,1,0.8736317,0.7918271,23.063564,42.013916,2.34191776113295,139.70984198357803
2021-09-16,Louis_DER_AU050_eobs_3264__2021__southbound_01,Louis / DER AU050 (eobs 3264),47.913704,8.582867,47.911495,8.574363,47.90536,8.569397885534247,0.7759967125343022,0.6798379,0,0.15668058,0.7918271,1.3645037,47.913704,8.582866668701172,0.6797179066706076
2021-09-16,Sierit_DER_AN858_eobs2561__2021__southbound_01,Sierit  / DER AN858 (eobs2561),45.903297,4.9508886,45.453598,4.882936,45.667397,4.237655465321782,55.5784293232011,50.28236,1,0.9526858,0.7918271,60.997574,45.667397,4.237655465321782,55.5784293232011
2021-09-17,Ed_plus_AAL16_e-obs_7210__2021__southbound_01,"Ed + (AAL16, e-obs 7210)",44.87422,4.7733636,43.42441,3.586989,43.9628,3.5967387847524948,59.87115050789856,186.94069,1,0.98775476,0.7918271,137.11784,43.9628,3.5967387847524948,59.87115050789856
2021-09-17,Europa_DER_A1A26_eobs_4004__2021__southbound_01,Europa / DER A1A26 (eobs 4004),41.629025,0.7369565,41.538486,0.6144332,41.392033,0.22511272582563835,36.298129223396366,14.324684,1,0.9537232,0.7918271,49.95446,41.392033,0.22511272582563835,36.298129223396366
2021-09-17,Louis_DER_AU050_eobs_3264__2021__southbound_01,Louis / DER AU050 (eobs 3264),47.911495,8.574363,47.02005,6.399962,47.901875,8.559433878882544,189.64850881916567,191.14932,1,0.16745684,0.7918271,1.5408347,47.911495,8.574362754821777,191.14951642432294
2021-09-17,Sierit_DER_AN858_eobs2561__2021__southbound_01,Sierit  / DER AN858 (eobs2561),45.453598,4.882936,43.614338,4.017332,45.102787,4.189202047030419,166.07117334347453,215.71472,1,0.957254,0.7918271,66.59009,45.102787,4.189202047030419,166.07117334347453
2021-09-18,Ed_plus_AAL16_e-obs_7210__2021__southbound_01,"Ed + (AAL16, e-obs 7210)",43.42441,3.586989,42.5008,2.1136606,42.80428,3.0024055049360023,80.13383817519711,157.85815,1,0.97639436,0.7918271,83.42201,42.80428,3.0024055049360023,80.13383817519711
2021-09-18,Europa_DER_A1A26_eobs_4004__2021__southbound_01,Europa / DER A1A26 (eobs 4004),41.538486,0.6144332,41.53835,0.61458236,41.468624,0.4164828514165925,18.227917499742166,0.0198458,0,0.8206094,0.7918271,18.183153,41.468624,0.4164828514165925,18.227917499742166
2021-09-18,Louis_DER_AU050_eobs_3264__2021__southbound_01,Louis / DER AU050 (eobs 3264),47.02005,6.399962,46.16235,5.178129,46.130867,5.083759054449162,8.068999137438846,133.46092,1,0.9861248,0.7918271,140.22119,46.130867,5.083759054449162,8.068999137438846
2021-09-18,Sierit_DER_AN858_eobs2561__2021__southbound_01,Sierit  / DER AN858 (eobs2561),43.614338,4.017332,43.123764,2.9536963,42.647213,2.7593992041921815,55.304112309097526,101.82017,1,0.98375505,0.7918271,147.45796,42.647213,2.7593992041921815,55.304112309097526
2021-09-19,Ed_plus_AAL16_e-obs_7210__2021__southbound_01,"Ed + (AAL16, e-obs 7210)",42.5008,2.1136606,41.959824,1.273122,41.499245,0.6928762176404386,70.29497321601113,91.69355,1,0.9895098,0.7918271,160.86844,41.499245,0.6928762176404386,70.29497321601113
2021-09-19,Europa_DER_A1A26_eobs_4004__2021__southbound_01,Europa / DER A1A26 (eobs 4004),41.53835,0.61458236,41.546925,0.6032092,41.534603,0.603846950769799,1.371114867408134,1.3435622,0,0.15713291,0.7918271,0.9840579,41.53835,0.614582359790802,1.3435699865522488
2021-09-19,Louis_DER_AU050_eobs_3264__2021__southbound_01,Louis / DER AU050 (eobs 3264),46.16235,5.178129,43.59045,4.381417,45.41839,4.5021876338655735,203.48317237231572,292.7876,1,0.98213035,0.7918271,97.57033,45.41839,4.5021876338655735,203.48317237231572
2021-09-19,Sierit_DER_AN858_eobs2561__2021__southbound_01,Sierit  / DER AN858 (eobs2561),43.123764,2.9536963,42.526676,2.9177837,43.023125,2.8219300082565635,55.75426499150961,66.45785,1,0.82205874,0.7918271,15.451516,43.023125,2.8219300082565635,55.75426499150961
2021-09-20,Ed_plus_AAL16_e-obs_7210__2021__southbound_01,"Ed + (AAL16, e-obs 7210)",41.959824,1.273122,41.48175,0.37422925,41.2237,0.24653626097316095,30.609391288661076,91.60537,1,0.98525107,0.7918271,117.71382,41.2237,0.24653626097316095,30.609391288661076
2021-09-20,Europa_DER_A1A26_eobs_4004__2021__southbound_01,Europa / DER A1A26 (eobs 4004),41.546925,0.6032092,41.736565,0.5489771,41.545258,0.5966423340622745,21.638023520246985,21.56332,1,0.085279964,0.7918271,0.5760562,41.546925,0.6032091975212097,21.563216311316022
2021-09-20,Louis_DER_AU050_eobs_3264__2021__southbound_01,Louis / DER AU050 (eobs 3264),43.59045,4.381417,43.592377,4.3546762,43.237377,4.039346556390506,46.977765514613274,2.1642294,0,0.96681356,0.7918271,47.877422,43.237377,4.039346556390506,46.977765514613274
2021-09-20,Sierit_DER_AN858_eobs2561__2021__southbound_01,Sierit  / DER AN858 (eobs2561),42.526676,2.9177837,41.6055,0.741106,41.908646,2.112731880556293,118.66152116937982,206.8164,1,0.9770621,0.7918271,95.09526,41.908646,2.112731880556293,118.66152116937982
2021-09-21,Ed_plus_AAL16_e-obs_7210__2021__southbound_01,"Ed + (AAL16, e-obs 7210)",41.48175,0.37422925,41.53132,-0.4183052,41.26374,0.002199522770003959,45.994712923574255,66.22527,1,0.95083225,0.7918271,39.27716,41.26374,0.002199522770003959,45.994712923574255
2021-09-21,Europa_DER_A1A26_eobs_4004__2021__southbound_01,Europa / DER A1A26 (eobs 4004),41.736565,0.5489771,41.744118,0.5486276,41.721954,0.5188225261831084,3.4914733146654013,0.8404736,0,0.39570144,0.7918271,2.977893,41.736565,0.5489770770072937,0.8403679781714188
2021-09-21,Louis_DER_AU050_eobs_3264__2021__southbound_01,Louis / DER AU050 (eobs 3264),43.592377,4.3546762,43.324387,3.3246007,43.448524,4.156714952696587,68.64465489242947,88.319305,1,0.9290431,0.7918271,22.544117,43.448524,4.156714952696587,68.64465489242947
2021-09-21,Sierit_DER_AN858_eobs2561__2021__southbound_01,Sierit  / DER AN858 (eobs2561),41.6055,0.741106,41.53853,0.6149601,40.93687,-0.22192156967771226,96.81126620096157,12.867578,1,0.97738945,0.7918271,109.07352,40.93687,-0.22192156967771226,96.81126620096157
2021-09-22,Ed_plus_AAL16_e-obs_7210__2021__southbound_01,"Ed + (AAL16, e-obs 7210)",41.53132,-0.4183052,40.28238,-3.5975688,41.01543,-1.633804977065394,184.63374315773356,301.08954,1,0.9822322,0.7918271,116.10451,41.01543,-1.633804977065394,184.63374315773356
2021-09-22,Europa_DER_A1A26_eobs_4004__2021__southbound_01,Europa / DER A1A26 (eobs 4004),41.744118,0.5486276,41.74419,0.5457118,41.737488,0.5362225691612837,1.0841173215275686,0.24203715,0,0.1738448,0.7918271,1.2637926,41.744118,0.5486276149749756,0.2420448807415565
2021-09-22,Louis_DER_AU050_eobs_3264__2021__southbound_01,Louis / DER AU050 (eobs 3264),43.324387,3.3246007,42.618763,2.865123,42.82647,2.273435817900582,53.568818425412225,86.91188,1,0.9805391,0.7918271,101.2897,42.82647,2.273435817900582,53.568818425412225
2021-09-22,Sierit_DER_AN858_eobs2561__2021__southbound_01,Sierit  / DER AN858 (eobs2561),41.53853,0.6149601,41.53847,0.6147878,41.528725,0.5962652935388776,1.884562116120271,0.01562597,0,0.1450736,0.7918271,1.896575,41.53853,0.6149600744247437,0.015685519792443918
2021-09-23,Ed_plus_AAL16_e-obs_7210__2021__southbound_01,"Ed + (AAL16, e-obs 7210)",40.28238,-3.5975688,39.879326,-4.175836,40.134197,-3.784254006888047,43.76660866156117,66.5512,1,0.91538,0.7918271,22.813322,40.134197,-3.784254006888047,43.76660866156117
2021-09-23,Europa_DER_A1A26_eobs_4004__2021__southbound_01,Europa / DER A1A26 (eobs 4004),41.74419,0.5457118,41.74405,0.5476792,41.7363,0.5264626901780679,1.9598467872327876,0.1639872,0,0.26807126,0.7918271,1.8188031,41.74419,0.5457118153572083,0.1639766963501538
2021-09-23,Louis_DER_AU050_eobs_3264__2021__southbound_01,Louis / DER AU050 (eobs 3264),42.618763,2.865123,41.66193,0.9516546,42.292328,2.3680108864511538,136.45825316537253,190.2834,1,0.96191406,0.7918271,54.421677,42.292328,2.3680108864511538,136.45825316537253
2021-09-23,Sierit_DER_AN858_eobs2561__2021__southbound_01,Sierit  / DER AN858 (eobs2561),41.53847,0.6147878,41.538692,0.6151355,41.507298,0.5479483454774553,6.593377918799965,0.037940174,0,0.52318054,0.7918271,6.5431504,41.53847,0.6147878170013428,0.03798187336659226
2021-09-24,Ed_plus_AAL16_e-obs_7210__2021__southbound_01,"Ed + (AAL16, e-obs 7210)",39.879326,-4.175836,39.883015,-4.176393,39.698128,-4.398111961581457,27.955730197498106,0.4130017,0,0.9211444,0.7918271,27.622803,39.698128,-4.398111961581457,27.955730197498106
2021-09-24,Europa_DER_A1A26_eobs_4004__2021__southbound_01,Europa / DER A1A26 (eobs 4004),41.74405,0.5476792,41.743896,0.548648,41.739124,0.5408275457135525,0.8382091540059138,0.082075976,0,0.11331529,0.7918271,0.7879175,41.74405,0.5476791858673096,0.082149585449997
2021-09-24,Louis_DER_AU050_eobs_3264__2021__southbound_01,Louis / DER AU050 (eobs 3264),41.66193,0.9516546,41.658073,0.95165163,41.480595,0.6976684941979605,28.911910662836483,0.42904627,0,0.9348901,0.7918271,29.13327,41.480595,0.6976684941979605,28.911910662836483
2021-09-24,Sierit_DER_AN858_eobs2561__2021__southbound_01,Sierit  / DER AN858 (eobs2561),41.538692,0.6151355,41.53863,0.6148949,41.50027,0.5442923439331905,7.262630708142973,0.021184176,0,0.6621524,0.7918271,7.2685266,41.538692,0.6151354908943176,0.021141250481731464
2021-09-25,Ed_plus_AAL16_e-obs_7210__2021__southbound_01,"Ed + (AAL16, e-obs 7210)",39.883015,-4.176393,39.881145,-4.176397,39.864983,-4.207545480792639,3.208730761425052,0.20802402,0,0.37389386,0.7918271,3.3236363,39.883015,-4.176393032073975,0.20784628344671147
2021-09-25,Europa_DER_A1A26_eobs_4004__2021__southbound_01,Europa / DER A1A26 (eobs 4004),41.743896,0.548648,41.743114,0.5468857,41.73966,0.5463566243827732,0.38680226648776606,0.17023385,0,0.06734429,0.7918271,0.50714856,41.743896,0.5486479997634888,0.17011303870788205
2021-09-25,Louis_DER_AU050_eobs_3264__2021__southbound_01,Louis / DER AU050 (eobs 3264),41.658073,0.95165163,41.65926,0.9525754,41.64421,0.9540582126921758,1.6779017389415722,0.15289795,0,0.1815925,0.7918271,1.5516958,41.658073,0.9516516327857971,0.15261644836997035
2021-09-25,Sierit_DER_AN858_eobs2561__2021__southbound_01,Sierit  / DER AN858 (eobs2561),41.53863,0.6148949,41.53958,0.61461765,41.52557,0.5600470636423358,4.802124917316138,0.10811002,0,0.44813737,0.7918271,4.782054,41.53863,0.6148949265480042,0.10811161305634955
2021-09-26,Ed_plus_AAL16_e-obs_7210__2021__southbound_01,"Ed + (AAL16, e-obs 7210)",39.881145,-4.176397,39.85966,-4.165265,39.875496,-4.184466432034783,2.405355984894664,2.5708828,0,0.06804302,0.7918271,0.9304941,39.881145,-4.17639684677124,2.5709189117726794
2021-09-26,Europa_DER_A1A26_eobs_4004__2021__southbound_01,Europa / DER A1A26 (eobs 4004),41.743114,0.5468857,41.731365,0.5390256,41.735455,0.5392358120107217,0.4550506396065987,1.4600403,0,0.21699436,0.7918271,1.0603365,41.743114,0.5468857288360596,1.4602021302795347
2021-09-26,Louis_DER_AU050_eobs_3264__2021__southbound_01,Louis / DER AU050 (eobs 3264),41.65926,0.9525754,41.65797,0.9512935,41.65166,0.9470848447554013,0.7838916536558089,0.17875265,0,0.07312491,0.7918271,0.95869076,41.65926,0.9525753855705261,0.17859387944204655
2021-09-26,Sierit_DER_AN858_eobs2561__2021__southbound_01,Sierit  / DER AN858 (eobs2561),41.53958,0.61461765,41.54041,0.6145698,41.53472,0.5863623600279075,2.431449781726304,0.092216715,0,0.19478647,0.7918271,2.4086785,41.53958,0.614617645740509,0.09213225710783826
2021-09-27,Ed_plus_AAL16_e-obs_7210__2021__southbound_01,"Ed + (AAL16, e-obs 7210)",39.85966,-4.165265,39.859753,-4.165775,39.855965,-4.172023072117024,0.6796032021184936,0.044708025,0,0.08549588,0.7918271,0.70702213,39.85966,-4.165265083312988,0.04468394769067675
2021-09-27,Europa_DER_A1A26_eobs_4004__2021__southbound_01,Europa / DER A1A26 (eobs 4004),41.731365,0.5390256,41.71099,0.3373924,41.72416,0.5298867920559833,16.043950638819897,16.887247,1,0.26473832,0.7918271,1.1014473,41.731365,0.539025604724884,16.887230437313026
2021-09-27,Louis_DER_AU050_eobs_3264__2021__southbound_01,Louis / DER AU050 (eobs 3264),41.65797,0.9512935,41.659184,0.9513698,41.653275,0.9417657288279471,1.033611931090953,0.13483967,0,0.09934893,0.7918271,0.94650215,41.65797,0.9512935280799866,0.1350366601023596
2021-09-27,Sierit_DER_AN858_eobs2561__2021__southbound_01,Sierit  / DER AN858 (eobs2561),41.54041,0.6145698,41.538643,0.6146714,41.537544,0.596676266354962,1.5027308322528574,0.19663581,0,0.07537581,0.7918271,1.5202888,41.54041,0.6145697832107544,0.19657534381469244
2021-09-28,Ed_plus_AAL16_e-obs_7210__2021__southbound_01,"Ed + (AAL16, e-obs 7210)",39.859753,-4.165775,39.88265,-4.174532,39.857044,-4.175004719908329,2.847352310294636,2.653327,0,0.096123405,0.7918271,0.8419837,39.859753,-4.165774822235107,2.65332470239806
2021-09-28,Europa_DER_A1A26_eobs_4004__2021__southbound_01,Europa / DER A1A26 (eobs 4004),41.71099,0.3373924,41.509094,-0.5416205,41.581028,0.052592022226383206,50.09428305339004,76.45,1,0.82840556,0.7918271,27.659336,41.581028,0.052592022226383206,50.09428305339004
2021-09-28,Louis_DER_AU050_eobs_3264__2021__southbound_01,Louis / DER AU050 (eobs 3264),41.659184,0.9513698,41.65781,0.9515684,41.656586,0.9451556396444193,0.5498840309779889,0.15333313,0,0.07159744,0.7918271,0.5906201,41.659184,0.9513698220252991,0.15359195905406856
2021-09-28,Sierit_DER_AN858_eobs2561__2021__southbound_01,Sierit  / DER AN858 (eobs2561),41.538643,0.6146714,41.557392,0.56876373,41.532597,0.6033406485590981,3.985252773623855,4.352156,0,0.044903934,0.7918271,1.1560622,41.538643,0.6146714091300964,4.352202526199633
2021-09-29,Ed_plus_AAL16_e-obs_7210__2021__southbound_01,"Ed + (AAL16, e-obs 7210)",39.88265,-4.174532,39.882633,-4.1744914,39.8786,-4.192098674112306,1.567885418359377,0.00400551,0,0.20152007,0.7918271,1.5622439,39.88265,-4.174531936645508,0.0038521722457900568
2021-09-29,Europa_DER_A1A26_eobs_4004__2021__southbound_01,Europa / DER A1A26 (eobs 4004),41.509094,-0.5416205,41.586285,-0.81986606,41.277092,-0.9781715310700225,36.82673031337196,24.694977,1,0.9365247,0.7918271,44.49644,41.277092,-0.9781715310700225,36.82673031337196
2021-09-29,Louis_DER_AU050_eobs_3264__2021__southbound_01,Louis / DER AU050 (eobs 3264),41.65781,0.9515684,41.657883,0.9513669,41.655304,0.9464208219819644,0.5010696323625075,0.018488385,0,0.07134416,0.7918271,0.5096215,41.65781,0.9515684247016907,0.01858077237108055
2021-09-29,Sierit_DER_AN858_eobs2561__2021__southbound_01,Sierit  / DER AN858 (eobs2561),41.557392,0.56876373,41.54015,0.6144209,41.5555,0.5403976079906281,6.392222223989263,4.255688,0,0.21034831,0.7918271,2.3654583,41.557392,0.5687637329101562,4.255810677460714
2021-09-30,Ed_plus_AAL16_e-obs_7210__2021__southbound_01,"Ed + (AAL16, e-obs 7210)",39.882633,-4.1744914,39.882698,-4.1751933,39.878742,-4.180938508010237,0.6586448449304882,0.06033915,0,0.073294505,0.7918271,0.6987214,39.882633,-4.1744914054870605,0.0603236284078198
2021-09-30,Europa_DER_A1A26_eobs_4004__2021__southbound_01,Europa / DER A1A26 (eobs 4004),41.586285,-0.81986606,41.474003,-1.0980037,41.58368,-0.8614372880008876,23.162995773685438,26.304415,1,0.44753215,0.7918271,3.4634557,41.586285,-0.8198660612106323,26.304381579389222
2021-09-30,Louis_DER_AU050_eobs_3264__2021__southbound_01,Louis / DER AU050 (eobs 3264),41.657883,0.9513669,41.66376,0.951669,41.655415,0.9455235833316397,1.0592448800920884,0.6543308,0,0.08134992,0.7918271,0.5567198,41.657883,0.9513669013977051,0.6541360724310505
2021-09-30,Sierit_DER_AN858_eobs2561__2021__southbound_01,Sierit  / DER AN858 (eobs2561),41.54015,0.6144209,41.573586,0.5687904,41.526333,0.5928457482625961,5.6226718529837445,5.313787,0,0.20317432,0.7918271,2.3589733,41.54015,0.6144208908081055,5.313972375866171
2021-10-01,Ed_plus_AAL16_e-obs_7210__2021__southbound_01,"Ed + (AAL16, e-obs 7210)",39.882698,-4.1751933,39.882725,-4.174737,39.87635,-4.185438475676691,1.155967938583956,0.039080337,0,0.13181579,0.7918271,1.1216658,39.882698,-4.1751933097839355,0.039050363058226095
2021-10-01,Europa_DER_A1A26_eobs_4004__2021__southbound_01,Europa / DER A1A26 (eobs 4004),41.474003,-1.0980037,40.562016,-3.2691195,40.912266,-2.201393065238674,98.02764374231272,208.46672,1,0.9709527,0.7918271,110.945465,40.912266,-2.201393065238674,98.02764374231272
2021-10-01,Louis_DER_AU050_eobs_3264__2021__southbound_01,Louis / DER AU050 (eobs 3264),41.66376,0.951669,41.6638,0.9497386,41.66057,0.9422575808476621,0.7178384127818248,0.16041209,0,0.14078255,0.7918271,0.8571334,41.66376,0.9516689777374268,0.16040929445162896
2021-10-01,Sierit_DER_AN858_eobs2561__2021__southbound_01,Sierit  / DER AN858 (eobs2561),41.573586,0.5687904,41.57358,0.6138474,41.572075,0.54440881038157,5.778778370045334,3.748089,0,0.1430446,0.7918271,2.0315547,41.573586,0.5687903761863708,3.7480888244743595
2021-10-02,Ed_plus_AAL16_e-obs_7210__2021__southbound_01,"Ed + (AAL16, e-obs 7210)",39.882725,-4.174737,39.85636,-4.1747885,39.87727,-4.178397996216309,2.3452270141354337,2.9315338,0,0.04929533,0.7918271,0.6809397,39.882725,-4.174736976623535,2.9314806486490768
2021-10-02,Europa_DER_A1A26_eobs_4004__2021__southbound_01,Europa / DER A1A26 (eobs 4004),40.562016,-3.2691195,40.32193,-3.5891702,40.231377,-3.653315588820619,11.445467208950449,38.03003,1,0.9538478,0.7918271,48.955048,40.231377,-3.653315588820619,11.445467208950449
2021-10-02,Louis_DER_AU050_eobs_3264__2021__southbound_01,Louis / DER AU050 (eobs 3264),41.6638,0.9497386,41.663574,0.94869316,41.66047,0.9325668925549013,1.3834139287069587,0.09044265,0,0.2543014,0.7918271,1.471089,41.6638,0.949738621711731,0.09038014963921974
2021-10-02,Sierit_DER_AN858_eobs2561__2021__southbound_01,Sierit  / DER AN858 (eobs2561),41.57358,0.6138474,41.55734,0.6142457,41.57559,0.5980730583499402,2.4347879062832893,1.8064123,0,0.08461849,0.7918271,1.3287106,41.57358,0.6138473749160767,1.806443582045154
2021-10-03,Ed_plus_AAL16_e-obs_7210__2021__southbound_01,"Ed + (AAL16, e-obs 7210)",39.85636,-4.1747885,39.852436,-4.2449136,39.850525,-4.178807578081911,5.647162404816292,6.0018835,0,0.046422493,0.7918271,0.73285365,39.85636,-4.174788475036621,6.001892076372135
2021-10-03,Europa_DER_A1A26_eobs_4004__2021__southbound_01,Europa / DER A1A26 (eobs 4004),40.32193,-3.5891702,40.322205,-3.5869176,40.265736,-3.6662908290325684,9.205672517360162,0.1934125,0,0.6879744,0.7918271,9.027977,40.32193,-3.589170217514038,0.19339415459742837
2021-10-03,Louis_DER_AU050_eobs_3264__2021__southbound_01,Louis / DER AU050 (eobs 3264),41.663574,0.94869316,41.667892,0.95159733,41.66248,0.93851351826641,1.2423800932596862,0.53731364,0,0.13062048,0.7918271,0.85283756,41.663574,0.9486931562423706,0.5373611858405879
2021-10-03,Sierit_DER_AN858_eobs2561__2021__southbound_01,Sierit  / DER AN858 (eobs2561),41.55734,0.6142457,41.540375,0.6144741,41.551327,0.6049643080534621,1.452376876250931,1.8865314,0,0.03231409,0.7918271,1.0196534,41.55734,0.6142457127571106,1.8864045133864067
2021-10-04,Ed_plus_AAL16_e-obs_7210__2021__southbound_01,"Ed + (AAL16, e-obs 7210)",39.852436,-4.2449136,39.856407,-4.214764,39.847187,-4.251673189566526,3.31334787774023,2.6111681,0,0.0651617,0.7918271,0.81940365,39.852436,-4.244913578033447,2.6112153560445135
2021-10-04,Europa_DER_A1A26_eobs_4004__2021__southbound_01,Europa / DER A1A26 (eobs 4004),40.322205,-3.5869176,40.29139,-3.633558,40.309174,-3.6053889933603096,3.1011620601161485,5.232947,0,0.2114085,0.7918271,2.1297026,40.322205,-3.5869176387786865,5.232817437177429
2021-10-04,Louis_DER_AU050_eobs_3264__2021__southbound_01,Louis / DER AU050 (eobs 3264),41.667892,0.95159733,41.65795,0.9512533,41.666378,0.9458918494841674,1.0374688529697247,1.1054984,0,0.056388285,0.7918271,0.5021011,41.667892,0.9515973329544067,1.1057709191061114
2021-10-04,Sierit_DER_AN858_eobs2561__2021__southbound_01,Sierit  / DER AN858 (eobs2561),41.540375,0.6144741,41.53859,0.6149485,41.53364,0.6052728114550799,0.975321082465461,0.20239419,0,0.030204983,0.7918271,1.0691227,41.540375,0.6144741177558899,0.2024026159116205
2021-10-05,Ed_plus_AAL16_e-obs_7210__2021__southbound_01,"Ed + (AAL16, e-obs 7210)",39.856407,-4.214764,39.849773,-4.247153,39.84879,-4.226623345075419,1.7559744598359515,2.8614767,0,0.14955561,0.7918271,1.3177614,39.856407,-4.21476411819458,2.8615158564566303
2021-10-05,Europa_DER_A1A26_eobs_4004__2021__southbound_01,Europa / DER A1A26 (eobs 4004),40.29139,-3.633558,40.262356,-3.6339383,40.27504,-3.652984837031399,2.144900819225531,3.2283156,0,0.2582656,0.7918271,2.4492795,40.29139,-3.6335580348968506,3.2285614327163015
2021-10-05,Louis_DER_AU050_eobs_3264__2021__southbound_01,Louis / DER AU050 (eobs 3264),41.65795,0.9512533,41.665646,0.9430285,41.65382,0.9428043762077287,1.315076084774841,1.0949353,0,0.13991986,0.7918271,0.8373429,41.65795,0.9512532949447632,1.0949036100383225
2021-10-05,Sierit_DER_AN858_eobs2561__2021__southbound_01,Sierit  / DER AN858 (eobs2561),41.53859,0.6149485,41.53868,0.614892,41.516354,0.5864124905126993,3.43283472573315,0.011339907,0,0.4170447,0.7918271,3.422585,41.53859,0.6149485111236572,0.011214033271637476
2021-10-06,Ed_plus_AAL16_e-obs_7210__2021__southbound_01,"Ed + (AAL16, e-obs 7210)",39.849773,-4.247153,39.85635,-4.17749,39.843147,-4.262524544725732,7.40612892221582,5.9914484,0,0.15296869,0.7918271,1.5023122,39.849773,-4.247152805328369,5.991428604205635
2021-10-06,Europa_DER_A1A26_eobs_4004__2021__southbound_01,Europa / DER A1A26 (eobs 4004),40.262356,-3.6339383,40.261543,-3.634287,40.25761,-3.6414012252572845,0.7454351064457905,0.095216915,0,0.097540244,0.7918271,0.82296336,40.262356,-3.6339383125305176,0.0950736853583373
2021-10-06,Louis_DER_AU050_eobs_3264__2021__southbound_01,Louis / DER AU050 (eobs 3264),41.665646,0.9430285,41.657867,0.951539,41.663273,0.9343508660868517,1.5492241128356825,1.1172156,0,0.09431689,0.7918271,0.76627785,41.665646,0.9430285096168518,1.1170778957220333
2021-10-06,Sierit_DER_AN858_eobs2561__2021__southbound_01,Sierit  / DER AN858 (eobs2561),41.53868,0.614892,41.55732,0.55529314,41.52661,0.5924589341874293,4.607306123108181,5.375244,0,0.1563225,0.7918271,2.2953818,41.53868,0.6148920059204102,5.375333363622521
2021-10-07,Ed_plus_AAL16_e-obs_7210__2021__southbound_01,"Ed + (AAL16, e-obs 7210)",39.85635,-4.17749,39.88213,-4.171537,39.849434,-4.188808489322594,3.923083174104259,2.9113204,0,0.120223485,0.7918271,1.2326872,39.85635,-4.177490234375,2.9112561819229916
2021-10-07,Europa_DER_A1A26_eobs_4004__2021__southbound_01,Europa / DER A1A26 (eobs 4004),40.261543,-3.634287,40.26184,-3.6346602,40.255196,-3.64354454703341,1.0556287079447386,0.045905188,0,0.1240167,0.7918271,1.0542741,40.261543,-3.634287118911743,0.04579376668475687
2021-10-07,Louis_DER_AU050_eobs_3264__2021__southbound_01,Louis / DER AU050 (eobs 3264),41.657867,0.951539,41.6631,0.95162827,41.65489,0.9408461000465907,1.2792041175408966,0.5821312,0,0.12501577,0.7918271,0.94640654,41.657867,0.9515389800071716,0.5820161473657821
2021-10-07,Sierit_DER_AN858_eobs2561__2021__southbound_01,Sierit  / DER AN858 (eobs2561),41.55732,0.55529314,41.55735,0.55482215,41.546337,0.5278212980929241,2.558886322049853,0.039354965,0,0.15441053,0.7918271,2.5871186,41.55732,0.5552931427955627,0.03933652368080711
2021-10-08,Ed_plus_AAL16_e-obs_7210__2021__southbound_01,"Ed + (AAL16, e-obs 7210)",39.88213,-4.171537,39.85583,-4.1715584,39.87694,-4.180589529640868,2.4706942659540436,2.9241755,0,0.086838014,0.7918271,0.96238554,39.88213,-4.171536922454834,2.924266942764543
2021-10-08,Europa_DER_A1A26_eobs_4004__2021__southbound_01,Europa / DER A1A26 (eobs 4004),40.26184,-3.6346602,40.263256,-3.6342008,40.258587,-3.6423698388715877,0.8660544343700838,0.16186248,0,0.06875463,0.7918271,0.74633193,40.26184,-3.634660243988037,0.16212580973250437
2021-10-08,Louis_DER_AU050_eobs_3264__2021__southbound_01,Louis / DER AU050 (eobs 3264),41.6631,0.95162827,41.657887,0.9513762,41.662098,0.9408454370455498,0.9922850776669667,0.58053803,0,0.11595742,0.7918271,0.90107197,41.6631,0.9516282677650452,0.5802259872438262
2021-10-08,Sierit_DER_AN858_eobs2561__2021__southbound_01,Sierit  / DER AN858 (eobs2561),41.55735,0.55482215,41.556698,0.5537554,41.570354,0.5341646025534073,2.2276988950555885,0.114500955,0,0.14957172,0.7918271,2.2422218,41.55735,0.5548221468925476,0.11462806591032632
2021-10-09,Ed_plus_AAL16_e-obs_7210__2021__southbound_01,"Ed + (AAL16, e-obs 7210)",39.85583,-4.1715584,39.854263,-4.270872,39.843723,-4.185762963423048,7.3595550333767905,8.479296,0,0.22590646,0.7918271,1.8087442,39.85583,-4.171558380126953,8.479304302622621
2021-10-09,Europa_DER_A1A26_eobs_4004__2021__southbound_01,Europa / DER A1A26 (eobs 4004),40.263256,-3.6342008,40.261814,-3.6341543,40.260822,-3.6403115721538066,0.5339775278354094,0.16030826,0,0.057398926,0.7918271,0.5839442,40.263256,-3.6342008113861084,0.16038688706502202
2021-10-09,Louis_DER_AU050_eobs_3264__2021__southbound_01,Louis / DER AU050 (eobs 3264),41.657887,0.9513762,41.657852,0.9515188,41.65673,0.9420176862709106,0.7991183334535944,0.012438214,0,0.09068959,0.7918271,0.7866317,41.657887,0.95137619972229,0.01244464101063333
2021-10-09,Sierit_DER_AN858_eobs2561__2021__southbound_01,Sierit  / DER AN858 (eobs2561),41.556698,0.5537554,41.5576,0.5538011,41.56713,0.5466388315614645,1.2160305833762597,0.100131124,0,0.039970357,0.7918271,1.3001224,41.556698,0.5537554025650024,0.10017768166201033
2021-10-10,Ed_plus_AAL16_e-obs_7210__2021__southbound_01,"Ed + (AAL16, e-obs 7210)",39.854263,-4.270872,39.8652,-4.6851053,39.844448,-4.2820937050067736,34.47882920471871,35.3778,1,0.14302771,0.7918271,1.4495327,39.854263,-4.270872116088867,35.37779255340567
2021-10-10,Europa_DER_A1A26_eobs_4004__2021__southbound_01,Europa / DER A1A26 (eobs 4004),40.261814,-3.6341543,40.25979,-3.6346369,40.257206,-3.64157347200448,0.654932697925274,0.2289495,0,0.090915054,0.7918271,0.81023836,40.261814,-3.6341543197631836,0.22892897927834707
2021-10-10,Louis_DER_AU050_eobs_3264__2021__southbound_01,Louis / DER AU050 (eobs 3264),41.657852,0.9515188,41.662094,0.95153725,41.65635,0.9440920829678012,0.8891730042201539,0.47175318,0,0.06940957,0.7918271,0.638078,41.657852,0.9515187740325928,0.4716857298540934
2021-10-10,Sierit_DER_AN858_eobs2561__2021__southbound_01,Sierit  / DER AN858 (eobs2561),41.5576,0.5538011,41.557713,0.55440867,41.568817,0.5455008406436509,1.4401142785175576,0.05213998,0,0.065596335,0.7918271,1.4233454,41.5576,0.5538011193275452,0.052128869875669004
2021-10-11,Ed_plus_AAL16_e-obs_7210__2021__southbound_01,"Ed + (AAL16, e-obs 7210)",39.8652,-4.6851053,39.379917,-5.8253427,39.720715,-4.874417818909586,89.90675565965496,111.575485,1,0.8142502,0.7918271,22.74572,39.720715,-4.874417818909586,89.90675565965496
2021-10-11,Europa_DER_A1A26_eobs_4004__2021__southbound_01,Europa / DER A1A26 (eobs 4004),40.25979,-3.6346369,40.291348,-3.6336932,40.256474,-3.638363800078868,3.8980047846228016,3.5099351,0,0.038974892,0.7918271,0.48479864,40.25979,-3.634636878967285,3.5101175253007937
2021-10-11,Louis_DER_AU050_eobs_3264__2021__southbound_01,Louis / DER AU050 (eobs 3264),41.662094,0.95153725,41.65781,0.95141137,41.66062,0.9446393611788177,0.6436083625811414,0.4763022,0,0.062469818,0.7918271,0.5948478,41.662094,0.9515372514724731,0.4764639450753882
2021-10-11,Sierit_DER_AN858_eobs2561__2021__southbound_01,Sierit  / DER AN858 (eobs2561),41.557713,0.55440867,41.538696,0.6148573,41.568348,0.5494456885953328,6.363732968659596,5.4568486,0,0.055543583,0.7918271,1.2503115,41.557713,0.5544086694717407,5.456771735359635
2021-10-12,Ed_plus_AAL16_e-obs_7210__2021__southbound_01,"Ed + (AAL16, e-obs 7210)",39.379917,-5.8253427,38.832294,-6.3756003,39.248863,-5.906075342288408,61.56222617073403,77.21475,1,0.8420761,0.7918271,16.112095,39.248863,-5.906075342288408,61.56222617073403
2021-10-12,Europa_DER_A1A26_eobs_4004__2021__southbound_01,Europa / DER A1A26 (eobs 4004),40.291348,-3.6336932,40.26309,-3.634282,40.28815,-3.636134697966901,2.7912616789861304,3.1426313,0,0.02949859,0.7918271,0.41049448,40.291348,-3.633693218231201,3.142689716580842
2021-10-12,Louis_DER_AU050_eobs_3264__2021__southbound_01,Louis / DER AU050 (eobs 3264),41.65781,0.95141137,41.65783,0.95160085,41.6556,0.9423928428837458,0.8040945638711476,0.015884947,0,0.10907063,0.7918271,0.7870597,41.65781,0.9514113664627075,0.015883909403677426
2021-10-12,Sierit_DER_AN858_eobs2561__2021__southbound_01,Sierit  / DER AN858 (eobs2561),41.538696,0.6148573,41.54128,0.61553884,41.547306,0.6041004077571474,1.1641990248467329,0.29283023,0,0.072945386,0.7918271,1.308381,41.538696,0.6148573160171509,0.29271520716924776
2021-10-13,Ed_plus_AAL16_e-obs_7210__2021__southbound_01,"Ed + (AAL16, e-obs 7210)",38.832294,-6.3756003,38.836105,-6.374772,38.65094,-6.456138864735226,21.76519791090064,0.42965308,0,0.8897815,0.7918271,21.300743,38.65094,-6.456138864735226,21.76519791090064
2021-10-13,Europa_DER_A1A26_eobs_4004__2021__southbound_01,Europa / DER A1A26 (eobs 4004),40.26309,-3.634282,40.261402,-3.6343458,40.247063,-3.6458843611292204,1.8711417245402218,0.18733026,0,0.2927035,0.7918271,2.032257,40.26309,-3.634282112121582,0.18756339461123178
2021-10-13,Louis_DER_AU050_eobs_3264__2021__southbound_01,Louis / DER AU050 (eobs 3264),41.65783,0.95160085,41.65816,0.9511081,41.655853,0.9430703817568298,0.715371701999465,0.055134736,0,0.10225214,0.7918271,0.7406857,41.65783,0.9516008496284485,0.055114627918703654
2021-10-13,Sierit_DER_AN858_eobs2561__2021__southbound_01,Sierit  / DER AN858 (eobs2561),41.54128,0.61553884,41.538536,0.6149967,41.551888,0.6072450690209497,1.618715366483509,0.30851534,0,0.085017435,0.7918271,1.3644854,41.54128,0.6155388355255127,0.30830230120131213
2021-10-14,Ed_plus_AAL16_e-obs_7210__2021__southbound_01,"Ed + (AAL16, e-obs 7210)",38.836105,-6.374772,38.529705,-6.3443646,38.8358,-6.361462182093571,34.06861140887605,34.17224,1,0.087769575,0.7918271,1.1513094,38.836105,-6.374772071838379,34.172287691971626
2021-10-14,Europa_DER_A1A26_eobs_4004__2021__southbound_01,Europa / DER A1A26 (eobs 4004),40.261402,-3.6343458,40.258785,-3.6347842,40.25655,-3.6360864737155727,0.27202427526476036,0.29333368,0,0.042557567,0.7918271,0.5583792,40.261402,-3.634345769882202,0.29335327597505284
2021-10-14,Louis_DER_AU050_eobs_3264__2021__southbound_01,Louis / DER AU050 (eobs 3264),41.65816,0.9511081,41.66322,0.95074224,41.656277,0.9402873543012191,1.162039090113159,0.5630676,0,0.13251632,0.7918271,0.9214697,41.65816,0.9511080980300903,0.5632773447935917
2021-10-14,Sierit_DER_AN858_eobs2561__2021__southbound_01,Sierit  / DER AN858 (eobs2561),41.538536,0.6149967,41.538548,0.6149802,41.543385,0.6059236550883199,0.9259776099113368,0.0020857072,0,0.030822042,0.7918271,0.92634046,41.538536,0.6149966716766357,0.0018692456285865887
2021-10-15,Ed_plus_AAL16_e-obs_7210__2021__southbound_01,"Ed + (AAL16, e-obs 7210)",38.529705,-6.3443646,37.5937,-6.0076947,38.258858,-6.537311196545084,87.3397474675717,108.17221,1,0.89865345,0.7918271,34.417175,38.258858,-6.537311196545084,87.3397474675717
2021-10-15,Europa_DER_A1A26_eobs_4004__2021__southbound_01,Europa / DER A1A26 (eobs 4004),40.258785,-3.6347842,40.259884,-3.6343744,40.252075,-3.6387329398864874,0.943782551930557,0.12687524,0,0.07118668,0.7918271,0.81646186,40.258785,-3.63478422164917,0.127016404945858
2021-10-15,Louis_DER_AU050_eobs_3264__2021__southbound_01,Louis / DER AU050 (eobs 3264),41.66322,0.95074224,41.661278,0.9515267,41.662235,0.938964573465949,1.0489762666127012,0.22546339,0,0.14467739,0.7918271,0.9827413,41.66322,0.950742244720459,0.22552539585505152
2021-10-15,Sierit_DER_AN858_eobs2561__2021__southbound_01,Sierit  / DER AN858 (eobs2561),41.538548,0.6149802,41.53867,0.6150512,41.54604,0.6014571061457981,1.3970003971521843,0.014628989,0,0.084501244,0.7918271,1.3978207,41.538548,0.6149802207946777,0.01480381847015431
2021-10-16,Ed_plus_AAL16_e-obs_7210__2021__southbound_01,"Ed + (AAL16, e-obs 7210)",37.5937,-6.0076947,37.593742,-6.00738,37.488163,-6.0089906199230025,11.740766022212197,0.028130261,0,0.7885139,0.7918271,11.715229,37.5937,-6.007694721221924,0.028117945192731166
2021-10-16,Europa_DER_A1A26_eobs_4004__2021__southbound_01,Europa / DER A1A26 (eobs 4004),40.259884,-3.6343744,40.261364,-3.6337926,40.25685,-3.6365645991911943,0.5541936064712923,0.171894,0,0.02675919,0.7918271,0.38443112,40.259884,-3.6343743801116943,0.17182360447806924
2021-10-16,Louis_DER_AU050_eobs_3264__2021__southbound_01,Louis / DER AU050 (eobs 3264),41.661278,0.9515267,41.66506,0.94823927,41.66106,0.942594835777824,0.6461147728276702,0.5014057,0,0.07775981,0.7918271,0.74108535,41.661278,0.9515267014503479,0.5012758717037326
2021-10-16,Sierit_DER_AN858_eobs2561__2021__southbound_01,Sierit  / DER AN858 (eobs2561),41.53867,0.6150512,41.54014,0.6151167,41.54732,0.605022200176815,1.159195678634569,0.1635921,0,0.064078614,0.7918271,1.2714694,41.53867,0.6150512099266052,0.1633985753235243
2021-10-17,Ed_plus_AAL16_e-obs_7210__2021__southbound_01,"Ed + (AAL16, e-obs 7210)",37.593742,-6.00738,37.533047,-6.00962,37.593056,-5.995063998597373,6.79493480683591,6.7518454,0,0.08781277,0.7918271,1.0858798,37.593742,-6.00738000869751,6.751945264905486
2021-10-17,Europa_DER_A1A26_eobs_4004__2021__southbound_01,Europa / DER A1A26 (eobs 4004),40.261364,-3.6337926,40.261806,-3.634365,40.25852,-3.635505140024243,0.3782204047081898,0.06911817,0,0.025762826,0.7918271,0.3474291,40.261364,-3.6337926387786865,0.06914090281929698
2021-10-17,Louis_DER_AU050_eobs_3264__2021__southbound_01,Louis / DER AU050 (eobs 3264),41.66506,0.94823927,41.661915,0.9501597,41.664646,0.9387207847522215,0.9975870250996355,0.3841602,0,0.09563664,0.7918271,0.79061604,41.66506,0.948239266872406,0.38420718413836097
2021-10-17,Sierit_DER_AN858_eobs2561__2021__southbound_01,Sierit  / DER AN858 (eobs2561),41.54014,0.6151167,41.538284,0.61490965,41.549404,0.6069571979725402,1.4024569412466295,0.20727359,0,0.06878724,0.7918271,1.2318665,41.54014,0.6151167154312134,0.20686845768258666
2021-10-18,Ed_plus_AAL16_e-obs_7210__2021__southbound_01,"Ed + (AAL16, e-obs 7210)",37.533047,-6.00962,37.163715,-6.2020426,37.529747,-5.997352135254724,44.541674001615604,44.451096,1,0.09784677,0.7918271,1.1402829,37.533047,-6.009620189666748,44.450885444107705
2021-10-18,Europa_DER_A1A26_eobs_4004__2021__southbound_01,Europa / DER A1A26 (eobs 4004),40.261806,-3.634365,40.32144,-3.5901666,40.25793,-3.6377144081554977,8.132501918725966,7.6175394,0,0.061242916,0.7918271,0.5154573,40.261806,-3.6343650817871094,7.617404819715263
2021-10-18,Louis_DER_AU050_eobs_3264__2021__southbound_01,Louis / DER AU050 (eobs 3264),41.661915,0.9501597,41.660698,0.95156795,41.661663,0.9428792152384331,0.7297298108546666,0.17907928,0,0.049988803,0.7918271,0.6043869,41.661915,0.9501597285270691,0.17887046161513623
2021-10-19,Ed_plus_AAL16_e-obs_7210__2021__southbound_01,"Ed + (AAL16, e-obs 7210)",37.163715,-6.2020426,37.154522,-6.1693482,36.981094,-6.266649008873606,21.12848406601494,3.0723412,0,0.84065896,0.7918271,21.061203,36.981094,-6.266649008873606,21.12848406601494
2021-10-19,Europa_DER_A1A26_eobs_4004__2021__southbound_01,Europa / DER A1A26 (eobs 4004),40.32144,-3.5901666,40.322083,-3.5996642,40.317955,-3.5918814588002497,0.8037446371241855,0.8083249,0,0.040529612,0.7918271,0.41344798,40.32144,-3.5901665687561035,0.8083350255714412
2021-10-19,Louis_DER_AU050_eobs_3264__2021__southbound_01,Louis / DER AU050 (eobs 3264),41.660698,0.95156795,41.658875,0.95127183,41.658684,0.945611546495033,0.4707101577829345,0.2043226,0,0.042552665,0.7918271,0.5422591,41.660698,0.9515679478645325,0.2042427633029065
2021-10-20,Ed_plus_AAL16_e-obs_7210__2021__southbound_01,"Ed + (AAL16, e-obs 7210)",37.154522,-6.1693482,37.223404,-5.8807354,37.15179,-6.160313241015501,26.01501226197876,26.68896,1,0.075288795,0.7918271,0.8549404,37.154522,-6.169348239898682,26.68889662016889
2021-10-20,Europa_DER_A1A26_eobs_4004__2021__southbound_01,Europa / DER A1A26 (eobs 4004),40.322083,-3.5996642,40.31485,-3.6240296,40.3171,-3.604485706686903,1.6758225867356376,2.2168155,0,0.10211225,0.7918271,0.6871891,40.322083,-3.5996642112731934,2.2167760082018577
2021-10-20,Louis_DER_AU050_eobs_3264__2021__southbound_01,Louis / DER AU050 (eobs 3264),41.658875,0.95127183,41.66311,0.9484897,41.65584,0.9465337978398858,0.8242296103600296,0.5246436,0,0.040892165,0.7918271,0.5174099,41.658875,0.9512718319892883,0.5245004928713023
2021-10-21,Ed_plus_AAL16_e-obs_7210__2021__southbound_01,"Ed + (AAL16, e-obs 7210)",37.223404,-5.8807354,37.22879,-5.881563,37.21709,-5.8732889681262215,1.4930516617614367,0.6031861,0,0.09119072,0.7918271,0.961246,37.223404,-5.880735397338867,0.6034036375471512
2021-10-21,Europa_DER_A1A26_eobs_4004__2021__southbound_01,Europa / DER A1A26 (eobs 4004),40.31485,-3.6240296,40.307487,-3.6170847,40.309616,-3.6296842398212608,1.0942693434231854,1.0083095,0,0.097357154,0.7918271,0.75268716,40.31485,-3.6240296363830566,1.0084460048403467
2021-10-21,Louis_DER_AU050_eobs_3264__2021__southbound_01,Louis / DER AU050 (eobs 3264),41.66311,0.9484897,41.660633,0.9438561,41.660156,0.9434162913955844,0.06439226387424302,0.4731458,0,0.05189735,0.7918271,0.5333394,41.66311,0.9484897255897522,0.47323260823671115
2021-10-22,Ed_plus_AAL16_e-obs_7210__2021__southbound_01,"Ed + (AAL16, e-obs 7210)",37.22879,-5.881563,37.2224,-5.885379,37.22388,-5.8809614670202235,0.4243433790140208,0.7865546,0,0.027119901,0.7918271,0.54773617,37.22879,-5.881563186645508,0.7867252365514553
2021-10-22,Europa_DER_A1A26_eobs_4004__2021__southbound_01,Europa / DER A1A26 (eobs 4004),40.307487,-3.6170847,40.3079,-3.6120775,40.303474,-3.621599723205004,0.9455729956555975,0.4270481,0,0.056375254,0.7918271,0.5869528,40.307487,-3.6170847415924072,0.4270569588255287
2021-10-22,Louis_DER_AU050_eobs_3264__2021__southbound_01,Louis / DER AU050 (eobs 3264),41.660633,0.9438561,41.667133,0.9495537,41.657986,0.9375938338473853,1.4218717198869972,0.8638801,0,0.061756283,0.7918271,0.59668994,41.660633,0.9438561201095581,0.8639682817440499
2021-10-23,Ed_plus_AAL16_e-obs_7210__2021__southbound_01,"Ed + (AAL16, e-obs 7210)",37.2224,-5.885379,37.222507,-5.8867292,37.2123,-5.894043741926545,1.306885635854352,0.120146975,0,0.1579206,0.7918271,1.357868,37.2224,-5.885378837585449,0.1201582933104598
2021-10-23,Europa_DER_A1A26_eobs_4004__2021__southbound_01,Europa / DER A1A26 (eobs 4004),40.3079,-3.6120775,40.235306,-3.6294167,40.30451,-3.614422082348165,7.799423108891726,8.20505,0,0.036777064,0.7918271,0.42544234,40.3079,-3.612077474594116,8.205011753254517
2021-10-23,Louis_DER_AU050_eobs_3264__2021__southbound_01,Louis / DER AU050 (eobs 3264),41.667133,0.9495537,41.658417,0.95126075,41.664623,0.9436407146876844,0.9364769651714725,0.97956157,0,0.05593699,0.7918271,0.56402886,41.667133,0.9495537281036377,0.9795593402249452
2021-10-24,Ed_plus_AAL16_e-obs_7210__2021__southbound_01,"Ed + (AAL16, e-obs 7210)",37.222507,-5.8867292,37.21989,-5.886865,37.214382,-5.896097651845435,1.0215377685283418,0.2911016,0,0.118331514,0.7918271,1.2242985,37.222507,-5.8867292404174805,0.2912331400630548
2021-10-24,Europa_DER_A1A26_eobs_4004__2021__southbound_01,Europa / DER A1A26 (eobs 4004),40.235306,-3.6294167,40.263374,-3.6333177,40.214947,-3.6463423234034984,5.49722430196188,3.1387563,0,0.370542,0.7918271,2.6767287,40.235306,-3.6294167041778564,3.138594159391219
2021-10-24,Louis_DER_AU050_eobs_3264__2021__southbound_01,Louis / DER AU050 (eobs 3264),41.658417,0.95126075,41.65773,0.9514614,41.6555,0.9440320694297349,0.6652290233881964,0.077992156,0,0.074830264,0.7918271,0.68149215,41.658417,0.9512607455253601,0.07814970173408392
2021-10-25,Ed_plus_AAL16_e-obs_7210__2021__southbound_01,"Ed + (AAL16, e-obs 7210)",37.21989,-5.886865,37.221687,-5.8868527,37.210545,-5.892214867468158,1.3268834944389123,0.19943133,0,0.1025899,0.7918271,1.1400119,37.21989,-5.886865139007568,0.19978970871448984
2021-10-25,Europa_DER_A1A26_eobs_4004__2021__southbound_01,Europa / DER A1A26 (eobs 4004),40.263374,-3.6333177,40.264034,-3.6333163,40.258636,-3.63605173407702,0.6435266664711959,0.07311086,0,0.03311359,0.7918271,0.57450753,40.263374,-3.633317708969116,0.073382473738283
2021-10-25,Louis_DER_AU050_eobs_3264__2021__southbound_01,Louis / DER AU050 (eobs 3264),41.65773,0.9514614,41.657867,0.9515576,41.65439,0.9441346707338931,0.7279808063157098,0.017163489,0,0.06795389,0.7918271,0.7119569,41.65773,0.9514613747596741,0.017235350756433263
2021-10-26,Ed_plus_AAL16_e-obs_7210__2021__southbound_01,"Ed + (AAL16, e-obs 7210)",37.221687,-5.8868527,37.22315,-5.8809767,37.214165,-5.88814416750275,1.1835003380272269,0.5451769,0,0.061675753,0.7918271,0.84261197,37.221687,-5.886852741241455,0.5450635817828743
2021-10-26,Europa_DER_A1A26_eobs_4004__2021__southbound_01,Europa / DER A1A26 (eobs 4004),40.264034,-3.6333163,40.260742,-3.633537,40.260334,-3.6358994273040897,0.20553187423296684,0.3662775,0,0.024238598,0.7918271,0.46551225,40.264034,-3.6333162784576416,0.3665425398368079
2021-10-26,Louis_DER_AU050_eobs_3264__2021__southbound_01,Louis / DER AU050 (eobs 3264),41.657867,0.9515576,41.658127,0.9514687,41.655174,0.9450497403656918,0.6262377514610415,0.029816588,0,0.050865777,0.7918271,0.6168872,41.657867,0.9515575766563416,0.029773856246311986
2021-10-27,Ed_plus_AAL16_e-obs_7210__2021__southbound_01,"Ed + (AAL16, e-obs 7210)",37.22315,-5.8809767,37.221527,-5.886993,37.216843,-5.88053191864189,0.7737125997890132,0.5624515,0,0.05574626,0.7918271,0.70083606,37.22315,-5.880976676940918,0.5623803112583983
2021-10-27,Europa_DER_A1A26_eobs_4004__2021__southbound_01,Europa / DER A1A26 (eobs 4004),40.260742,-3.633537,40.263313,-3.630154,40.257015,-3.636439702385197,0.8803043634492226,0.40497297,0,0.030227715,0.7918271,0.48129404,40.260742,-3.6335370540618896,0.40514776935456104
2021-10-27,Louis_DER_AU050_eobs_3264__2021__southbound_01,Louis / DER AU050 (eobs 3264),41.658127,0.9514687,41.66191,0.94862694,41.655907,0.9445246478193398,0.7496026136250113,0.48242635,0,0.053998232,0.7918271,0.6264342,41.658127,0.9514687061309814,0.48248338739234675
2021-10-28,Ed_plus_AAL16_e-obs_7210__2021__southbound_01,"Ed + (AAL16, e-obs 7210)",37.221527,-5.886993,37.192818,-5.9131646,37.213955,-5.888111759157032,3.232246183181975,3.945123,0,0.08130524,0.7918271,0.8462227,37.221527,-5.886992931365967,3.945037052353624
2021-10-28,Europa_DER_A1A26_eobs_4004__2021__southbound_01,Europa / DER A1A26 (eobs 4004),40.263313,-3.630154,40.26407,-3.6322224,40.259853,-3.632581346515559,0.46970246805610183,0.19457458,0,0.02265291,0.7918271,0.43575534,40.263313,-3.6301538944244385,0.1945746195853942
2021-10-28,Louis_DER_AU050_eobs_3264__2021__southbound_01,Louis / DER AU050 (eobs 3264),41.66191,0.94862694,41.66794,0.9515064,41.659378,0.9404738086745372,1.321337677850686,0.71137893,0,0.081038244,0.7918271,0.7322048,41.66191,0.9486269354820251,0.711600860804299
2021-10-29,Ed_plus_AAL16_e-obs_7210__2021__southbound_01,"Ed + (AAL16, e-obs 7210)",37.192818,-5.9131646,37.16616,-5.9580846,37.181538,-5.914056622696362,4.259194705964009,4.9620266,0,0.17397293,0.7918271,1.254442,37.192818,-5.9131646156311035,4.962231940750202
2021-10-29,Europa_DER_A1A26_eobs_4004__2021__southbound_01,Europa / DER A1A26 (eobs 4004),40.26407,-3.6322224,40.320896,-3.6073222,40.26053,-3.635640954096,7.129363856928499,6.6626015,0,0.025176216,0.7918271,0.48806357,40.26407,-3.6322224140167236,6.662518084988917
2021-10-29,Louis_DER_AU050_eobs_3264__2021__southbound_01,Louis / DER AU050 (eobs 3264),41.66794,0.9515064,41.666363,0.9465311,41.66549,0.9453356673872944,0.13891106772316741,0.44881675,0,0.05147595,0.7918271,0.5793003,41.66794,0.9515063762664795,0.4488665456083614
2021-10-30,Ed_plus_AAL16_e-obs_7210__2021__southbound_01,"Ed + (AAL16, e-obs 7210)",37.16616,-5.9580846,37.171257,-5.958897,37.159344,-5.956911358710795,1.336335531357465,0.57112414,0,0.04916264,0.7918271,0.7637368,37.16616,-5.958084583282471,0.571253582335652
2021-10-30,Europa_DER_A1A26_eobs_4004__2021__southbound_01,Europa / DER A1A26 (eobs 4004),40.320896,-3.6073222,40.25067,-3.6785955,40.31755,-3.609889891199309,9.448211382216886,9.875549,0,0.018512268,0.7918271,0.43007684,40.320896,-3.6073222160339355,9.87543884541994
2021-10-30,Louis_DER_AU050_eobs_3264__2021__southbound_01,Louis / DER AU050 (eobs 3264),41.666363,0.9465311,41.664085,0.9515797,41.663074,0.9406103420583908,0.918125166217139,0.48978877,0,0.0561243,0.7918271,0.6117047,41.666363,0.9465311169624329,0.4898974209524478
2021-10-31,Ed_plus_AAL16_e-obs_7210__2021__southbound_01,"Ed + (AAL16, e-obs 7210)",37.171257,-5.958897,37.176624,-5.9551215,37.16568,-5.956954458659128,1.2277486081398528,0.6841221,0,0.023566224,0.7918271,0.6425102,37.171257,-5.958897113800049,0.6841727359496502
2021-10-31,Europa_DER_A1A26_eobs_4004__2021__southbound_01,Europa / DER A1A26 (eobs 4004),40.25067,-3.6785955,40.29147,-3.633428,40.247025,-3.681802520487665,6.424093958313504,5.9384594,0,0.028081072,0.7918271,0.48743865,40.25067,-3.678595542907715,5.938439501616099
2021-10-31,Louis_DER_AU050_eobs_3264__2021__southbound_01,Louis / DER AU050 (eobs 3264),41.664085,0.9515797,41.66187,0.9440007,41.6603,0.9505563057243437,0.5718143028406294,0.6761791,0,0.020366708,0.7918271,0.42855343,41.664085,0.9515796899795532,0.6761031358820943
2021-11-01,Ed_plus_AAL16_e-obs_7210__2021__southbound_01,"Ed + (AAL16, e-obs 7210)",37.176624,-5.9551215,37.22026,-5.8845806,37.170303,-5.952620269018671,8.196262725345145,7.9106402,0,0.025987508,0.7918271,0.7356998,37.176624,-5.9551215171813965,7.910764580245208
2021-11-01,Europa_DER_A1A26_eobs_4004__2021__southbound_01,Europa / DER A1A26 (eobs 4004),40.29147,-3.633428,40.291492,-3.633498,40.287582,-3.6363685534751604,0.498312708392366,0.0064747115,0,0.029758574,0.7918271,0.49823064,40.29147,-3.6334280967712402,0.006448424467515745
2021-11-01,Louis_DER_AU050_eobs_3264__2021__southbound_01,Louis / DER AU050 (eobs 3264),41.66187,0.9440007,41.66325,0.95109147,41.65899,0.9400296123287349,1.0338941947557163,0.60867715,0,0.024027875,0.7918271,0.45910075,41.66187,0.9440007209777832,0.6087193890980879
2021-11-02,Ed_plus_AAL16_e-obs_7210__2021__southbound_01,"Ed + (AAL16, e-obs 7210)",37.22026,-5.8845806,37.221363,-5.884307,37.2124,-5.881651361355566,1.0241731801557856,0.12514307,0,0.040079497,0.7918271,0.91018933,37.22026,-5.884580612182617,0.12495944293383553
2021-11-02,Europa_DER_A1A26_eobs_4004__2021__southbound_01,Europa / DER A1A26 (eobs 4004),40.291492,-3.633498,40.291645,-3.6330664,40.2873,-3.639671626035647,0.7397914303653758,0.040410653,0,0.05453229,0.7918271,0.6999563,40.291492,-3.633497953414917,0.040342538657949865
2021-11-02,Louis_DER_AU050_eobs_3264__2021__southbound_01,Louis / DER AU050 (eobs 3264),41.66325,0.95109147,41.66276,0.95132405,41.66028,0.9462517082327891,0.5037906558439559,0.05763212,0,0.037234165,0.7918271,0.519398,41.66325,0.951091468334198,0.057629523284615486
2021-11-03,Ed_plus_AAL16_e-obs_7210__2021__southbound_01,"Ed + (AAL16, e-obs 7210)",37.221363,-5.884307,37.222183,-5.8824253,37.21141,-5.883446679415201,1.2012813096809414,0.19002093,0,0.05396286,0.7918271,1.1071854,37.221363,-5.884306907653809,0.18993273847298753
2021-11-03,Europa_DER_A1A26_eobs_4004__2021__southbound_01,Europa / DER A1A26 (eobs 4004),40.291645,-3.6330664,40.291332,-3.6330643,40.28734,-3.6391123116099644,0.6785195897402981,0.034721166,0,0.044263262,0.7918271,0.70031154,40.291645,-3.633066415786743,0.03478287274760477
2021-11-03,Louis_DER_AU050_eobs_3264__2021__southbound_01,Louis / DER AU050 (eobs 3264),41.66276,0.95132405,41.663937,0.94854164,41.658752,0.9444215900432038,0.6704054669118619,0.26560953,0,0.07003471,0.7918271,0.7250807,41.66276,0.9513240456581116,0.26550181057449795
2021-11-04,Ed_plus_AAL16_e-obs_7210__2021__southbound_01,"Ed + (AAL16, e-obs 7210)",37.222183,-5.8824253,37.19028,-5.9281163,37.211414,-5.88226058313387,4.692249666049683,5.3814263,0,0.06891514,0.7918271,1.1956072,37.222183,-5.882425308227539,5.381291449502695
2021-11-04,Europa_DER_A1A26_eobs_4004__2021__southbound_01,Europa / DER A1A26 (eobs 4004),40.291332,-3.6330643,40.263615,-3.633206,40.28414,-3.6449212761457632,2.489499090496756,3.0824177,0,0.15846121,0.7918271,1.282403,40.291332,-3.6330642700195312,3.08208309683555
2021-11-04,Louis_DER_AU050_eobs_3264__2021__southbound_01,Louis / DER AU050 (eobs 3264),41.663937,0.94854164,41.66468,0.94754547,41.660057,0.9395933740778916,0.8370647168128411,0.11704492,0,0.08117873,0.7918271,0.8578297,41.663937,0.9485416412353516,0.11700131328125359
2021-11-05,Ed_plus_AAL16_e-obs_7210__2021__southbound_01,"Ed + (AAL16, e-obs 7210)",37.19028,-5.9281163,37.19209,-5.950459,37.168297,-5.937791693724188,2.8737664153915103,1.9892833,0,0.23399447,0.7918271,2.5858574,37.19028,-5.928116321563721,1.9893136233019377
2021-11-05,Europa_DER_A1A26_eobs_4004__2021__southbound_01,Europa / DER A1A26 (eobs 4004),40.263615,-3.633206,40.26306,-3.633591,40.253895,-3.6473088940363367,1.5472584475517557,0.06956194,0,0.21200687,0.7918271,1.609684,40.263615,-3.6332058906555176,0.06964445367273543
2021-11-05,Louis_DER_AU050_eobs_3264__2021__southbound_01,Louis / DER AU050 (eobs 3264),41.66468,0.94754547,41.669514,0.9460496,41.66235,0.9368661828226624,1.1029443686723839,0.55171835,0,0.07390234,0.7918271,0.9225687,41.66468,0.9475454688072205,0.5516078382057071
2021-11-06,Ed_plus_AAL16_e-obs_7210__2021__southbound_01,"Ed + (AAL16, e-obs 7210)",37.19209,-5.950459,37.19251,-5.8818226,37.181675,-5.953609275791969,6.472345019576517,6.079938,0,0.060126755,0.7918271,1.1891768,37.19209,-5.950459003448486,6.079940837567866
2021-11-06,Europa_DER_A1A26_eobs_4004__2021__southbound_01,Europa / DER A1A26 (eobs 4004),40.26306,-3.633591,40.263786,-3.633254,40.256733,-3.6439569855829492,1.199977850823744,0.08565905,0,0.13106938,0.7918271,1.1244463,40.26306,-3.6335909366607666,0.08551252981131274
2021-11-06,Louis_DER_AU050_eobs_3264__2021__southbound_01,Louis / DER AU050 (eobs 3264),41.669514,0.9460496,41.663757,0.9513165,41.667458,0.9356424497202863,1.365458037779571,0.775325,0,0.05494869,0.7918271,0.8925489,41.669514,0.9460495710372925,0.775311819075042
2021-11-07,Ed_plus_AAL16_e-obs_7210__2021__southbound_01,"Ed + (AAL16, e-obs 7210)",37.19251,-5.8818226,37.164833,-5.9613924,37.184635,-5.8811820000684145,7.439927316816823,7.6920037,0,0.030317456,0.7918271,0.87568116,37.19251,-5.88182258605957,7.691936229529024
2021-11-07,Europa_DER_A1A26_eobs_4004__2021__southbound_01,Europa / DER A1A26 (eobs 4004),40.263786,-3.633254,40.321423,-3.5995865,40.259323,-3.641744340158318,7.776040956200832,7.0159526,0,0.064550675,0.7918271,0.8733825,40.263786,-3.633254051208496,7.016225033839447
2021-11-07,Louis_DER_AU050_eobs_3264__2021__southbound_01,Louis / DER AU050 (eobs 3264),41.663757,0.9513165,41.657715,0.9514639,41.66077,0.9397532845993591,1.030482359363315,0.6724081,0,0.07746743,0.7918271,1.014512,41.663757,0.9513164758682251,0.6720056745472465
2021-11-08,Ed_plus_AAL16_e-obs_7210__2021__southbound_01,"Ed + (AAL16, e-obs 7210)",37.164833,-5.9613924,37.210426,-5.901478,37.154026,-5.963107690372043,8.31510234764692,7.339819,0,0.06375584,0.7918271,1.2091758,37.164833,-5.961392402648926,7.339758965178163
2021-11-08,Europa_DER_A1A26_eobs_4004__2021__southbound_01,Europa / DER A1A26 (eobs 4004),40.321423,-3.5995865,40.33385,-3.5989313,40.317562,-3.6070681962220057,1.9381323460412634,1.3833815,0,0.036478907,0.7918271,0.76455086,40.321423,-3.5995864868164062,1.3830795771697548
2021-11-08,Louis_DER_AU050_eobs_3264__2021__southbound_01,Louis / DER AU050 (eobs 3264),41.657715,0.9514639,41.647175,0.9578444,41.654778,0.9400454388306835,1.7034179815158506,1.2862917,0,0.07812824,0.7918271,1.0015396,41.657715,0.9514638781547546,1.2863127997813004
2021-11-09,Ed_plus_AAL16_e-obs_7210__2021__southbound_01,"Ed + (AAL16, e-obs 7210)",37.210426,-5.901478,37.22079,-5.887798,37.20312,-5.900031162991203,2.243654228431271,1.6720436,0,0.023679463,0.7918271,0.8210202,37.210426,-5.901477813720703,1.6720296273249657
2021-11-09,Europa_DER_A1A26_eobs_4004__2021__southbound_01,Europa / DER A1A26 (eobs 4004),40.33385,-3.5989313,40.284847,-3.622396,40.330505,-3.606216788229857,5.259055332143369,5.800771,0,0.03460326,0.7918271,0.7195614,40.33385,-3.598931312561035,5.800848934458742
2021-11-09,Louis_DER_AU050_eobs_3264__2021__southbound_01,Louis / DER AU050 (eobs 3264),41.647175,0.9578444,41.647053,0.95779747,41.643795,0.9470424775614105,0.9642906811851988,0.013858133,0,0.08247732,0.7918271,0.971312,41.647175,0.9578443765640259,0.01412214955340792
2021-11-10,Ed_plus_AAL16_e-obs_7210__2021__southbound_01,"Ed + (AAL16, e-obs 7210)",37.22079,-5.887798,37.168835,-5.954089,37.21447,-5.88650550970904,7.847837791304642,8.237499,0,0.023416946,0.7918271,0.7108822,37.22079,-5.887797832489014,8.237436896650282
2021-11-10,Europa_DER_A1A26_eobs_4004__2021__southbound_01,Europa / DER A1A26 (eobs 4004),40.284847,-3.622396,40.263058,-3.6326995,40.277565,-3.6339537093691265,1.6166455722746276,2.575967,0,0.09617073,0.7918271,1.269443,40.284847,-3.6223959922790527,2.575751099254903
2021-11-11,Ed_plus_AAL16_e-obs_7210__2021__southbound_01,"Ed + (AAL16, e-obs 7210)",37.168835,-5.954089,37.168278,-5.952407,37.15863,-5.955250146430875,1.1019301613856411,0.16150384,0,0.07926009,0.7918271,1.1372331,37.168835,-5.954089164733887,0.1614149289670285
2021-11-11,Europa_DER_A1A26_eobs_4004__2021__southbound_01,Europa / DER A1A26 (eobs 4004),40.263058,-3.6326995,40.235367,-3.618495,40.25566,-3.645417939759788,3.211497486962265,3.3066163,0,0.08757252,0.7918271,1.3545048,40.263058,-3.632699489593506,3.306670546639846
2021-11-12,Ed_plus_AAL16_e-obs_7210__2021__southbound_01,"Ed + (AAL16, e-obs 7210)",37.168278,-5.952407,37.16686,-5.946577,37.162296,-5.950487649883437,0.6143661536531572,0.54006726,0,0.021081349,0.7918271,0.68539226,37.168278,-5.952406883239746,0.5401320394091588
2021-11-12,Europa_DER_A1A26_eobs_4004__2021__southbound_01,Europa / DER A1A26 (eobs 4004),40.235367,-3.618495,40.208237,-3.602621,40.230713,-3.6278173851273245,3.289815831349446,3.3041394,0,0.043139182,0.7918271,0.94392645,40.235367,-3.618494987487793,3.3041052649641927
2021-11-13,Ed_plus_AAL16_e-obs_7210__2021__southbound_01,"Ed + (AAL16, e-obs 7210)",37.16686,-5.946577,37.166683,-5.9542823,37.161564,-5.94532441688441,0.9767908301908866,0.68302286,0,0.017364549,0.7918271,0.5980418,37.16686,-5.946577072143555,0.6830312631941468
2021-11-13,Europa_DER_A1A26_eobs_4004__2021__southbound_01,Europa / DER A1A26 (eobs 4004),40.208237,-3.602621,40.33112,-3.6038399,40.204773,-3.6108302701837394,14.061632682581388,13.664598,1,0.038412973,0.7918271,0.7950422,40.208237,-3.602621078491211,13.664358862231758
2021-11-14,Ed_plus_AAL16_e-obs_7210__2021__southbound_01,"Ed + (AAL16, e-obs 7210)",37.166683,-5.9542823,37.166874,-5.9541974,37.160843,-5.95445506150962,0.6710101121863028,0.022318022,0,0.0248169,0.7918271,0.64860123,37.166683,-5.954282283782959,0.02250279871408313
2021-11-14,Europa_DER_A1A26_eobs_4004__2021__southbound_01,Europa / DER A1A26 (eobs 4004),40.33112,-3.6038399,40.32137,-3.594558,40.327988,-3.610812041355846,1.562138688207452,1.3398452,0,0.030996913,0.7918271,0.6847992,40.33112,-3.603839874267578,1.3396253328451024
2021-11-15,Ed_plus_AAL16_e-obs_7210__2021__southbound_01,"Ed + (AAL16, e-obs 7210)",37.166874,-5.9541974,37.166843,-5.95422,37.16146,-5.95386481224038,0.5993378723076903,0.0038858312,0,0.02583663,0.7918271,0.601507,37.166874,-5.954197406768799,0.003931766757650027
2021-11-15,Europa_DER_A1A26_eobs_4004__2021__southbound_01,Europa / DER A1A26 (eobs 4004),40.32137,-3.594558,40.263817,-3.6321826,40.3165,-3.6050665461990103,6.293578932252207,7.1507955,0,0.074924685,0.7918271,1.040491,40.32137,-3.594558000564575,7.151028153773489
2021-11-16,Ed_plus_AAL16_e-obs_7210__2021__southbound_01,"Ed + (AAL16, e-obs 7210)",37.166843,-5.95422,37.153416,-5.9547462,37.161423,-5.9543897747802275,0.8909047787926058,1.4938662,0,0.028712628,0.7918271,0.6017668,37.166843,-5.954219818115234,1.493826598968396
2021-11-16,Europa_DER_A1A26_eobs_4004__2021__southbound_01,Europa / DER A1A26 (eobs 4004),40.263817,-3.6321826,40.2646,-3.6329992,40.25384,-3.6450890978126917,1.5758530743661134,0.11092278,0,0.13598178,0.7918271,1.555918,40.263817,-3.6321825981140137,0.11118469207652287
2021-11-17,Europa_DER_A1A26_eobs_4004__2021__southbound_01,Europa / DER A1A26 (eobs 4004),40.2646,-3.6329992,40.264763,-3.6320436,40.258217,-3.63429595646277,0.7525581491475096,0.08312205,0,0.027994905,0.7918271,0.71676564,40.2646,-3.6329991817474365,0.08310665239558496
2021-11-18,Europa_DER_A1A26_eobs_4004__2021__southbound_01,Europa / DER A1A26 (eobs 4004),40.264763,-3.6320436,40.313248,-3.60496,40.260002,-3.630978328474554,6.318585091217033,5.860239,0,0.020971686,0.7918271,0.5359331,40.264763,-3.6320436000823975,5.860284745476826
2021-11-19,Europa_DER_A1A26_eobs_4004__2021__southbound_01,Europa / DER A1A26 (eobs 4004),40.313248,-3.60496,40.327168,-3.599088,40.308846,-3.604001801012954,2.079474770715171,1.6258845,0,0.018949876,0.7918271,0.49529952,40.313248,-3.6049599647521973,1.62590523483509
2021-11-20,Europa_DER_A1A26_eobs_4004__2021__southbound_01,Europa / DER A1A26 (eobs 4004),40.327168,-3.599088,40.327198,-3.597524,40.32289,-3.597662541374982,0.4790383612409178,0.13263825,0,0.016591707,0.7918271,0.48972186,40.327168,-3.599087953567505,0.13262719984109533
2021-11-21,Europa_DER_A1A26_eobs_4004__2021__southbound_01,Europa / DER A1A26 (eobs 4004),40.327198,-3.597524,40.26402,-3.6027386,40.32311,-3.595108299710193,6.602272743357093,7.0392184,0,0.01601984,0.7918271,0.49778357,40.327198,-3.5975239276885986,7.039102911008691
2021-11-22,Europa_DER_A1A26_eobs_4004__2021__southbound_01,Europa / DER A1A26 (eobs 4004),40.26402,-3.6027386,40.30714,-3.5990047,40.25927,-3.59882620534361,5.323000754227852,4.805337,0,0.02472169,0.7918271,0.6228311,40.26402,-3.602738618850708,4.805329423377764
2021-11-23,Europa_DER_A1A26_eobs_4004__2021__southbound_01,Europa / DER A1A26 (eobs 4004),40.30714,-3.5990047,40.176826,-3.5660312,40.304153,-3.5938614311574324,14.353841702840016,14.757829,1,0.014906531,0.7918271,0.5472479,40.30714,-3.5990047454833984,14.758065494602285
2021-11-24,Europa_DER_A1A26_eobs_4004__2021__southbound_01,Europa / DER A1A26 (eobs 4004),40.176826,-3.5660312,40.17684,-3.5659435,40.17372,-3.559271537383465,0.6646193818239443,0.0076360875,0,0.027411355,0.7918271,0.6690048,40.176826,-3.5660312175750732,0.00764483014005732
2021-11-25,Europa_DER_A1A26_eobs_4004__2021__southbound_01,Europa / DER A1A26 (eobs 4004),40.17684,-3.5659435,40.185543,-3.575326,40.174725,-3.5588676308162017,1.8444895234912206,1.2534872,0,0.024960473,0.7918271,0.6444889,40.17684,-3.565943479537964,1.253585719550476
2021-11-26,Europa_DER_A1A26_eobs_4004__2021__southbound_01,Europa / DER A1A26 (eobs 4004),40.185543,-3.575326,40.301094,-3.5659697,40.182785,-3.5681667979071223,13.156702770584667,12.873242,1,0.024302429,0.7918271,0.6798713,40.185543,-3.5753259658813477,12.873219368975118
2021-11-27,Europa_DER_A1A26_eobs_4004__2021__southbound_01,Europa / DER A1A26 (eobs 4004),40.301094,-3.5659697,40.1944,-3.5753632,40.29456,-3.562553168343466,11.190097840127239,11.890416,1,0.033990785,0.7918271,0.78086096,40.301094,-3.565969705581665,11.890522518929393
2021-11-28,Europa_DER_A1A26_eobs_4004__2021__southbound_01,Europa / DER A1A26 (eobs 4004),40.1944,-3.5753632,40.32036,-3.5889318,40.17905,-3.5809219326497335,15.7274334268561,14.052992,1,0.21499377,0.7918271,1.7677652,40.1944,-3.5753631591796875,14.053101885948955
2021-11-29,Europa_DER_A1A26_eobs_4004__2021__southbound_01,Europa / DER A1A26 (eobs 4004),40.32036,-3.5889318,40.286144,-3.6072855,40.310562,-3.5840134644140105,3.3566727179994635,4.110545,0,0.085128084,0.7918271,1.1641495,40.32036,-3.5889317989349365,4.110487170100249
2021-11-30,Europa_DER_A1A26_eobs_4004__2021__southbound_01,Europa / DER A1A26 (eobs 4004),40.286144,-3.6072855,40.20809,-3.602592,40.273727,-3.6122793987999735,7.344537956309416,8.688307,0,0.14754786,0.7918271,1.4415377,40.286144,-3.607285499572754,8.688192930538449
2021-12-01,Europa_DER_A1A26_eobs_4004__2021__southbound_01,Europa / DER A1A26 (eobs 4004),40.20809,-3.602592,40.20811,-3.623674,40.200752,-3.5882317655796467,3.119152656961528,1.7902683,0,0.13322198,0.7918271,1.4648954,40.20809,-3.6025919914245605,1.7902827395757246
2021-12-02,Europa_DER_A1A26_eobs_4004__2021__southbound_01,Europa / DER A1A26 (eobs 4004),40.20811,-3.623674,40.132435,-3.6237237,40.207565,-3.611714456594721,8.416225008534184,8.415055,0,0.053384695,0.7918271,1.0156356,40.20811,-3.623673915863037,8.414795993393648
2022-06-23,Angela_DER_AY470_eobs_4001__2022__southbound_01,Angela / DER AY470 (eobs 4001),48.136864,7.7544317,48.151844,7.753538,48.13353,7.758153463868933,2.065058935185277,1.6669482,0,0.0020428796,0.7918271,0.46159238,48.136864,7.75443172454834,1.6670564042228444
2022-06-24,Angela_DER_AY470_eobs_4001__2022__southbound_01,Angela / DER AY470 (eobs 4001),48.151844,7.753538,48.151802,7.7496066,48.148647,7.756741517248167,0.6350068254759904,0.29169822,0,0.0019817029,0.7918271,0.426656,48.151844,7.753538131713867,0.2916965436118834
2022-06-25,Angela_DER_AY470_eobs_4001__2022__southbound_01,Angela / DER AY470 (eobs 4001),48.151802,7.7496066,48.15153,7.7494283,48.148712,7.752463905968246,0.3859769805236061,0.032877333,0,0.0018488502,0.7918271,0.40291882,48.151802,7.749606609344482,0.03289426825917384
2022-06-26,Angela_DER_AY470_eobs_4001__2022__southbound_01,Angela / DER AY470 (eobs 4001),48.15153,7.7494283,48.14006,7.7497954,48.147896,7.7522459679124625,0.8900261747602703,1.2754877,0,0.002290066,0.7918271,0.4544327,48.15153,7.7494282722473145,1.2757868018824365
2022-06-27,Angela_DER_AY470_eobs_4001__2022__southbound_01,Angela / DER AY470 (eobs 4001),48.14006,7.7497954,48.142757,7.7487884,48.13677,7.752651879333198,0.7250403442174573,0.30900282,0,0.0019665537,0.7918271,0.42209163,48.14006,7.749795436859131,0.30906171459956017
2022-06-28,Angela_DER_AY470_eobs_4001__2022__southbound_01,Angela / DER AY470 (eobs 4001),48.142757,7.7487884,48.15182,7.7496433,48.13957,7.751652837108808,1.3705852675366306,1.0097941,0,0.00208984,0.7918271,0.4125707,48.142757,7.748788356781006,1.0098352919555154
2022-06-29,Angela_DER_AY470_eobs_4001__2022__southbound_01,Angela / DER AY470 (eobs 4001),48.15182,7.7496433,48.148563,7.7573185,48.14847,7.752739460696575,0.3398692774889209,0.67481494,0,0.0020808408,0.7918271,0.43664527,48.15182,7.749643325805664,0.674861109696934
2022-06-30,Angela_DER_AY470_eobs_4001__2022__southbound_01,Angela / DER AY470 (eobs 4001),48.148563,7.7573185,48.13624,7.7571564,48.145107,7.760311308711019,1.0136118828819132,1.3707656,0,0.0019301433,0.7918271,0.4431072,48.148563,7.757318496704102,1.3705640536765007
2022-07-01,Angela_DER_AY470_eobs_4001__2022__southbound_01,Angela / DER AY470 (eobs 4001),48.13624,7.7571564,48.14824,7.7522483,48.13305,7.759894536810662,1.7818092093108995,1.3832718,0,0.0016054446,0.7918271,0.40786198,48.13624,7.7571563720703125,1.3832555537799212
2022-07-02,Angela_DER_AY470_eobs_4001__2022__southbound_01,Angela / DER AY470 (eobs 4001),48.14824,7.7522483,48.1052,7.758968,48.144905,7.754844030030774,4.4254173149017655,4.811267,0,0.0018351156,0.7918271,0.41721344,48.14824,7.752248287200928,4.81146690172518
2022-07-03,Angela_DER_AY470_eobs_4001__2022__southbound_01,Angela / DER AY470 (eobs 4001),48.1052,7.758968,48.13729,7.749495,48.101128,7.761565342352728,4.119799113889381,3.6365101,0,0.0029050785,0.7918271,0.49131215,48.1052,7.758967876434326,3.6367890346065948
2022-07-04,Angela_DER_AY470_eobs_4001__2022__southbound_01,Angela / DER AY470 (eobs 4001),48.13729,7.749495,48.126923,7.7582455,48.132862,7.751975091990801,0.8079280581549108,1.3231084,0,0.003429534,0.7918271,0.5246908,48.13729,7.749495029449463,1.3232228202555172
2022-07-05,Angela_DER_AY470_eobs_4001__2022__southbound_01,Angela / DER AY470 (eobs 4001),48.126923,7.7582455,48.1214,7.7581725,48.12309,7.760631472578556,0.2619629672464556,0.61402655,0,0.0020668122,0.7918271,0.4607931,48.126923,7.758245468139648,0.6142300940882631
2022-07-06,Angela_DER_AY470_eobs_4001__2022__southbound_01,Angela / DER AY470 (eobs 4001),48.1214,7.7581725,48.123215,7.7582374,48.11788,7.76049002554728,0.6161224762974445,0.20183226,0,0.0025210623,0.7918271,0.42633975,48.1214,7.758172512054443,0.20196494300998336
2022-07-07,Angela_DER_AY470_eobs_4001__2022__southbound_01,Angela / DER AY470 (eobs 4001),48.123215,7.7582374,48.127316,7.7711196,48.119312,7.760592094020358,1.1843000631390195,1.0593013,0,0.002964679,0.7918271,0.46683562,48.123215,7.758237361907959,1.0593245423035493
2022-07-08,Angela_DER_AY470_eobs_4001__2022__southbound_01,Angela / DER AY470 (eobs 4001),48.127316,7.7711196,48.122665,7.759184,48.1231,7.773909364024814,1.0940919723387208,1.0258743,0,0.0033630321,0.7918271,0.5115039,48.127316,7.771119594573975,1.0257681162517533
2022-07-09,Angela_DER_AY470_eobs_4001__2022__southbound_01,Angela / DER AY470 (eobs 4001),48.122665,7.759184,48.107132,7.7732925,48.11852,7.7617357613822175,1.5294823595096683,2.0197093,0,0.003126504,0.7918271,0.49753165,48.122665,7.759183883666992,2.0200041601092624
2022-07-10,Angela_DER_AY470_eobs_4001__2022__southbound_01,Angela / DER AY470 (eobs 4001),48.107132,7.7732925,48.064213,7.807008,48.103184,7.77609585639954,4.904168826397013,5.3898654,0,0.0023628306,0.7918271,0.48498258,48.107132,7.773292541503906,5.389593828857018
2022-07-11,Angela_DER_AY470_eobs_4001__2022__southbound_01,Angela / DER AY470 (eobs 4001),48.064213,7.807008,48.118717,7.760838,48.060364,7.81010509268747,7.44933465060839,6.9635186,0,0.0026673249,0.7918271,0.48493204,48.064213,7.807007789611816,6.963475386049415
2022-07-12,Angela_DER_AY470_eobs_4001__2022__southbound_01,Angela / DER AY470 (eobs 4001),48.118717,7.760838,48.091064,7.77622,48.114693,7.763799891932729,2.784506995228827,3.2798848,0,0.0027396558,0.7918271,0.49774727,48.118717,7.760838031768799,3.280118642683669
2022-07-13,Angela_DER_AY470_eobs_4001__2022__southbound_01,Angela / DER AY470 (eobs 4001),48.091064,7.77622,48.07595,7.791768,48.08746,7.779047384379802,1.5908167931986572,2.039396,0,0.0025485975,0.7918271,0.45159876,48.091064,7.776219844818115,2.0391991916834136
2022-07-14,Angela_DER_AY470_eobs_4001__2022__southbound_01,Angela / DER AY470 (eobs 4001),48.07595,7.791768,48.049126,7.8188767,48.07251,7.794427669655709,3.1721252786854754,3.599204,0,0.002959374,0.7918271,0.42989224,48.07595,7.7917680740356445,3.599376984026482
2022-07-15,Angela_DER_AY470_eobs_4001__2022__southbound_01,Angela / DER AY470 (eobs 4001),48.049126,7.8188767,48.103233,7.766294,48.04482,7.822277038478712,7.713020673703534,7.173266,0,0.006054844,0.7918271,0.54060924,48.049126,7.81887674331665,7.173546230944482
2022-07-16,Angela_DER_AY470_eobs_4001__2022__southbound_01,Angela / DER AY470 (eobs 4001),48.103233,7.766294,48.04949,7.8192673,48.097904,7.769320053059161,6.538364604468606,7.1551013,0,0.00666048,0.7918271,0.6324853,48.103233,7.766294002532959,7.155337344620518
2022-07-17,Angela_DER_AY470_eobs_4001__2022__southbound_01,Angela / DER AY470 (eobs 4001),48.04949,7.8192673,48.07285,7.756972,48.04567,7.821915425222009,5.69466533649411,5.308215,0,0.0037296058,0.7918271,0.46740368,48.04949,7.819267272949219,5.308310722861977
2022-07-18,Angela_DER_AY470_eobs_4001__2022__southbound_01,Angela / DER AY470 (eobs 4001),48.07285,7.756972,48.04899,7.822951,48.068867,7.758931141276442,5.246255550938598,5.5751677,0,0.0042102505,0.7918271,0.46530104,48.07285,7.756971836090088,5.575119376860773
2022-07-19,Angela_DER_AY470_eobs_4001__2022__southbound_01,Angela / DER AY470 (eobs 4001),48.04899,7.822951,48.124626,7.7589154,48.04545,7.8248859407421865,10.076080315154543,9.662439,0,0.0033522325,0.7918271,0.4184281,48.04899,7.822950839996338,9.66237033181584
2022-07-20,Angela_DER_AY470_eobs_4001__2022__southbound_01,Angela / DER AY470 (eobs 4001),48.124626,7.7589154,48.135765,7.7564077,48.120483,7.760714719444085,1.729052942760043,1.252556,0,0.006468664,0.7918271,0.47868836,48.124626,7.758915424346924,1.2524970843452168
2022-07-21,Angela_DER_AY470_eobs_4001__2022__southbound_01,Angela / DER AY470 (eobs 4001),48.135765,7.7564077,48.104126,7.7561326,48.13099,7.758002182696909,2.990266845014404,3.5179493,0,0.0065994714,0.7918271,0.5431766,48.135765,7.756407737731934,3.5181714465736325
2022-07-22,Angela_DER_AY470_eobs_4001__2022__southbound_01,Angela / DER AY470 (eobs 4001),48.104126,7.7561326,48.118336,7.7548037,48.099735,7.757288088507185,2.0764893905721684,1.5828824,0,0.0040793098,0.7918271,0.49486578,48.104126,7.75613260269165,1.583131548755365
2022-07-23,Angela_DER_AY470_eobs_4001__2022__southbound_01,Angela / DER AY470 (eobs 4001),48.118336,7.7548037,48.137905,7.757325,48.114044,7.755754254891061,2.6557788976530308,2.184045,0,0.0041728118,0.7918271,0.48154533,48.118336,7.754803657531738,2.1840533408288216
2022-07-24,Angela_DER_AY470_eobs_4001__2022__southbound_01,Angela / DER AY470 (eobs 4001),48.137905,7.757325,48.048836,7.8213377,48.13332,7.7577619053695335,10.514180048190322,10.985915,1,0.004174141,0.7918271,0.5098849,48.137905,7.757325172424316,10.986025594844572
2022-07-25,Angela_DER_AY470_eobs_4001__2022__southbound_01,Angela / DER AY470 (eobs 4001),48.048836,7.8213377,48.04876,7.821447,48.02838,7.812815318527962,2.355068128167441,0.011765968,0,0.13808264,0.7918271,2.3566604,48.048836,7.821337699890137,0.011741134673680523
2022-07-26,Angela_DER_AY470_eobs_4001__2022__southbound_01,Angela / DER AY470 (eobs 4001),48.04876,7.821447,48.050156,7.8170605,48.02159,7.824654005642358,3.2260169107195065,0.36108363,0,0.19714795,0.7918271,3.0251498,48.04876,7.821446895599365,0.36112835719488967
2022-07-27,Angela_DER_AY470_eobs_4001__2022__southbound_01,Angela / DER AY470 (eobs 4001),48.050156,7.8170605,48.048626,7.8205914,48.007576,7.790587632633438,5.080683874303628,0.3126264,0,0.4426636,0.7918271,5.1182446,48.050156,7.817060470581055,0.31276392922160434
2022-07-28,Angela_DER_AY470_eobs_4001__2022__southbound_01,Angela / DER AY470 (eobs 4001),48.048626,7.8205914,48.048702,7.820163,48.03032,7.834695122043615,2.312076397561536,0.03291327,0,0.107483104,0.7918271,2.285733,48.048626,7.820591449737549,0.03297512678120695
2022-07-29,Angela_DER_AY470_eobs_4001__2022__southbound_01,Angela / DER AY470 (eobs 4001),48.048702,7.820163,48.047768,7.827323,48.013077,7.766324035213189,5.954345021396338,0.54227185,0,0.53598714,0.7918271,5.6211057,48.048702,7.820162773132324,0.5422991998851918
2022-07-30,Angela_DER_AY470_eobs_4001__2022__southbound_01,Angela / DER AY470 (eobs 4001),48.047768,7.827323,48.13316,7.7576375,48.02655,7.841659251816488,13.397333926019217,10.814234,1,0.1591743,0.7918271,2.584406,48.047768,7.827322959899902,10.814200694363496
2022-07-31,Angela_DER_AY470_eobs_4001__2022__southbound_01,Angela / DER AY470 (eobs 4001),48.13316,7.7576375,48.13341,7.757503,48.104984,7.680169206799922,6.553365753160952,0.02970145,0,0.6554322,0.7918271,6.5358434,48.13316,7.7576375007629395,0.029720955336710174
2022-08-01,Angela_DER_AY470_eobs_4001__2022__southbound_01,Angela / DER AY470 (eobs 4001),48.13341,7.757503,48.04878,7.8231163,48.136475,7.712219688838055,12.764259165700807,10.597998,1,0.43828577,0.7918271,3.3718238,48.13341,7.757503032684326,10.597692253103245
2022-08-02,Angela_DER_AY470_eobs_4001__2022__southbound_01,Angela / DER AY470 (eobs 4001),48.04878,7.8231163,48.048836,7.8189383,48.02162,7.818605308894008,3.026169764440968,0.3106508,0,0.37620363,0.7918271,3.0328004,48.04878,7.823116302490234,0.3106345111211064
2022-08-03,Angela_DER_AY470_eobs_4001__2022__southbound_01,Angela / DER AY470 (eobs 4001),48.048836,7.8189383,48.049488,7.8205976,48.03773,7.762454435583491,4.515802020994454,0.14313821,0,0.54257405,0.7918271,4.368792,48.048836,7.818938255310059,0.14309394330255118
2022-08-04,Angela_DER_AY470_eobs_4001__2022__southbound_01,Angela / DER AY470 (eobs 4001),48.049488,7.8205976,48.046074,7.8209033,48.04419,7.773566120693448,3.5252279343383504,0.38005444,0,0.47816515,0.7918271,3.5390887,48.049488,7.8205976486206055,0.38031642657117426
2022-08-05,Angela_DER_AY470_eobs_4001__2022__southbound_01,Angela / DER AY470 (eobs 4001),48.046074,7.8209033,48.04897,7.8212457,48.034714,7.784079490126434,3.185472939181364,0.32295728,0,0.3872656,0.7918271,3.009532,48.046074,7.820903301239014,0.3229536107705849
2022-08-06,Angela_DER_AY470_eobs_4001__2022__southbound_01,Angela / DER AY470 (eobs 4001),48.04897,7.8212457,48.048985,7.833475,48.048183,7.786707346261137,3.477573103761477,0.90906495,0,0.3079276,0.7918271,2.5643234,48.04897,7.8212456703186035,0.909057239760576
2022-08-07,Angela_DER_AY470_eobs_4001__2022__southbound_01,Angela / DER AY470 (eobs 4001),48.048985,7.833475,48.046196,7.8208523,48.02591,7.83488086446328,2.4852443687351014,0.9882416,0,0.2639902,0.7918271,2.5636373,48.048985,7.833475112915039,0.9882281391028956
2022-08-08,Angela_DER_AY470_eobs_4001__2022__southbound_01,Angela / DER AY470 (eobs 4001),48.046196,7.8208523,47.50322,6.957188,48.01018,7.758895593321989,82.27608017142592,88.37736,1,0.60594183,0.7918271,6.092577,48.046196,7.820852279663086,88.37731746046404
2022-08-09,Angela_DER_AY470_eobs_4001__2022__southbound_01,Angela / DER AY470 (eobs 4001),47.50322,6.957188,45.342464,4.7907906,47.296093,6.7054740102801205,262.29965062188285,292.03723,1,0.9462175,0.7918271,29.746525,47.296093,6.7054740102801205,262.29965062188285
2022-08-10,Angela_DER_AY470_eobs_4001__2022__southbound_01,Angela / DER AY470 (eobs 4001),45.342464,4.7907906,43.619705,3.9545126,44.964176,4.493631178461048,155.5337072089501,202.72336,1,0.96428496,0.7918271,47.965042,44.964176,4.493631178461048,155.5337072089501
2022-08-10,Europa_DER_A1A26_eobs_4004__2022__southbound_01,Europa / DER A1A26 (eobs 4004),47.164787,7.404544,47.16748,7.403132,47.159496,7.404371621023271,0.8927326474688473,0.3181921,0,0.015191981,0.7918271,0.58726966,47.164787,7.404543876647949,0.31792178993004006
2022-08-11,Angela_DER_AY470_eobs_4001__2022__southbound_01,Angela / DER AY470 (eobs 4001),43.619705,3.9545126,43.12291,3.0443501,43.336155,3.655285350868615,54.88339646359619,91.99841,1,0.95635754,0.7918271,39.60779,43.336155,3.655285350868615,54.88339646359619
2022-08-11,Europa_DER_A1A26_eobs_4004__2022__southbound_01,Europa / DER A1A26 (eobs 4004),47.16748,7.403132,47.170246,7.4090533,47.16185,7.402554242758053,1.0550009439709183,0.54289454,0,0.018413538,0.7918271,0.62646616,47.16748,7.40313196182251,0.5430845788701654
2022-08-12,Angela_DER_AY470_eobs_4001__2022__southbound_01,Angela / DER AY470 (eobs 4001),43.12291,3.0443501,41.843914,2.6726713,42.964645,2.790314028672832,124.99355660732321,145.44662,1,0.9315472,0.7918271,27.05922,42.964645,2.790314028672832,124.99355660732321
2022-08-12,Europa_DER_A1A26_eobs_4004__2022__southbound_01,Europa / DER A1A26 (eobs 4004),47.170246,7.4090533,47.17275,7.4027123,47.165066,7.408604735948423,0.9634429010226323,0.5543363,0,0.015241985,0.7918271,0.57599473,47.170246,7.409053325653076,0.5542359604802625
2022-08-13,Angela_DER_AY470_eobs_4001__2022__southbound_01,Angela / DER AY470 (eobs 4001),41.843914,2.6726713,41.663628,0.91030246,41.07278,1.4818446823695082,81.18572852475671,147.5592,1,0.9859235,0.7918271,130.47267,41.07278,1.4818446823695082,81.18572852475671
2022-08-13,Europa_DER_A1A26_eobs_4004__2022__southbound_01,Europa / DER A1A26 (eobs 4004),47.17275,7.4027123,47.17134,7.4003773,47.166477,7.40150301780014,0.5474783236355846,0.2360392,0,0.024474958,0.7918271,0.7019993,47.17275,7.402712345123291,0.23591125877928276
2022-08-14,Angela_DER_AY470_eobs_4001__2022__southbound_01,Angela / DER AY470 (eobs 4001),41.663628,0.91030246,41.53103,0.5080682,41.48217,0.552203437537421,6.559189613652903,36.553333,1,0.9412248,0.7918271,35.88135,41.48217,0.552203437537421,6.559189613652903
2022-08-14,Europa_DER_A1A26_eobs_4004__2022__southbound_01,Europa / DER A1A26 (eobs 4004),47.17134,7.4003773,47.175396,7.4031253,47.16366,7.39846387318515,1.3519186527085134,0.49659592,0,0.03727703,0.7918271,0.8650659,47.17134,7.40037727355957,0.49644369143288125
2022-08-15,Angela_DER_AY470_eobs_4001__2022__southbound_01,Angela / DER AY470 (eobs 4001),41.53103,0.5080682,41.42724,-0.3347375,41.05324,-0.40790399550475975,42.034162488929674,71.153496,1,0.9767595,0.7918271,92.76672,41.05324,-0.40790399550475975,42.034162488929674
2022-08-15,Europa_DER_A1A26_eobs_4004__2022__southbound_01,Europa / DER A1A26 (eobs 4004),47.175396,7.4031253,47.167435,7.4031243,47.16757,7.400922206671444,0.16713432899604094,0.88540196,0,0.030416133,0.7918271,0.88478994,47.175396,7.403125286102295,0.8852544144319203
2022-08-16,Angela_DER_AY470_eobs_4001__2022__southbound_01,Angela / DER AY470 (eobs 4001),41.42724,-0.3347375,41.166996,-0.7217419,40.992123,-1.0322177255721456,32.485970139894924,43.38962,1,0.97103375,0.7918271,75.514305,40.992123,-1.0322177255721456,32.485970139894924
2022-08-16,Europa_DER_A1A26_eobs_4004__2022__southbound_01,Europa / DER A1A26 (eobs 4004),47.167435,7.4031243,47.173927,7.403133,47.160275,7.400235420549363,1.533845298279214,0.72213453,0,0.021799715,0.7918271,0.8241451,47.167435,7.4031243324279785,0.7219471091613305
2022-08-17,Angela_DER_AY470_eobs_4001__2022__southbound_01,Angela / DER AY470 (eobs 4001),41.166996,-0.7217419,40.50617,-2.1439245,40.84641,-1.0523787178427082,99.52148993058512,140.40466,1,0.94839394,0.7918271,45.051224,40.84641,-1.0523787178427082,99.52148993058512
2022-08-17,Europa_DER_A1A26_eobs_4004__2022__southbound_01,Europa / DER A1A26 (eobs 4004),47.173927,7.403133,47.17397,7.4031086,47.166634,7.399054817227529,0.8713512125539274,0.004867047,0,0.029605748,0.7918271,0.865937,47.173927,7.403132915496826,0.005014964133481349
2022-08-18,Angela_DER_AY470_eobs_4001__2022__southbound_01,Angela / DER AY470 (eobs 4001),40.50617,-2.1439245,38.541157,-4.013793,39.947735,-2.7213585258726414,191.95751608147154,271.0273,1,0.97485596,0.7918271,78.84981,39.947735,-2.7213585258726414,191.95751608147154
2022-08-18,Europa_DER_A1A26_eobs_4004__2022__southbound_01,Europa / DER A1A26 (eobs 4004),47.17397,7.4031086,47.17634,7.4031525,47.16684,7.400144877743701,1.0803883067609612,0.26358104,0,0.025516054,0.7918271,0.8225643,47.17397,7.403108596801758,0.26343389759577324
2022-08-19,Angela_DER_AY470_eobs_4001__2022__southbound_01,Angela / DER AY470 (eobs 4001),38.541157,-4.013793,36.82666,-6.093652,38.247818,-4.225529031271048,228.25291367671394,264.26355,1,0.94679743,0.7918271,37.391487,38.247818,-4.225529031271048,228.25291367671394
2022-08-19,Europa_DER_A1A26_eobs_4004__2022__southbound_01,Europa / DER A1A26 (eobs 4004),47.17634,7.4031525,47.176777,7.403117,47.17022,7.400428312128766,0.7569546722769479,0.048698135,0,0.017925328,0.7918271,0.7095197,47.17634,7.4031524658203125,0.04885304625615974
2022-08-20,Angela_DER_AY470_eobs_4001__2022__southbound_01,Angela / DER AY470 (eobs 4001),36.82666,-6.093652,36.568546,-6.147579,36.63042,-6.282691678255028,13.88580265410206,29.100693,1,0.9358829,0.7918271,27.506252,36.63042,-6.282691678255028,13.88580265410206
2022-08-20,Europa_DER_A1A26_eobs_4004__2022__southbound_01,Europa / DER A1A26 (eobs 4004),47.176777,7.403117,47.17661,7.4032807,47.170925,7.400423350492254,0.6679073495561321,0.022180563,0,0.016896354,0.7918271,0.6805517,47.176777,7.4031171798706055,0.022386519901192236
2022-08-21,Europa_DER_A1A26_eobs_4004__2022__southbound_01,Europa / DER A1A26 (eobs 4004),47.17661,7.4032807,47.16742,7.402466,47.17117,7.40013807596761,0.4525735507489525,1.0237534,0,0.0151157575,0.7918271,0.648639,47.17661,7.403280735015869,1.0236939739565267
2022-08-22,Europa_DER_A1A26_eobs_4004__2022__southbound_01,Europa / DER A1A26 (eobs 4004),47.16742,7.402466,47.175423,7.4084373,47.16296,7.400749881974572,1.5026953864575456,0.9979267,0,0.008086585,0.7918271,0.5117512,47.16742,7.4024658203125,0.9978522686168193
2022-08-23,Europa_DER_A1A26_eobs_4004__2022__southbound_01,Europa / DER A1A26 (eobs 4004),47.175423,7.4084373,47.17469,7.40044,47.171192,7.40706601364147,0.6341414223131646,0.6099282,0,0.010041897,0.7918271,0.4809452,47.175423,7.408437252044678,0.6099260919024193
2022-08-24,Europa_DER_A1A26_eobs_4004__2022__southbound_01,Europa / DER A1A26 (eobs 4004),47.17469,7.40044,47.174484,7.4031186,47.168903,7.3979864943163145,0.7318496088601619,0.20375256,0,0.024235893,0.7918271,0.6683818,47.17469,7.400440216064453,0.2037426663115771
2022-08-25,Europa_DER_A1A26_eobs_4004__2022__southbound_01,Europa / DER A1A26 (eobs 4004),47.174484,7.4031186,47.173576,7.403201,47.169235,7.401953711368016,0.49183497246530977,0.10096354,0,0.014492611,0.7918271,0.5892643,47.174484,7.40311861038208,0.10114616807387682
2022-08-26,Europa_DER_A1A26_eobs_4004__2022__southbound_01,Europa / DER A1A26 (eobs 4004),47.173576,7.403201,47.174,7.403114,47.167274,7.400357244885967,0.7763106741830839,0.04722405,0,0.027438382,0.7918271,0.7318394,47.173576,7.403201103210449,0.047543249443413205
2022-08-27,Europa_DER_A1A26_eobs_4004__2022__southbound_01,Europa / DER A1A26 (eobs 4004),47.174,7.403114,47.171925,7.4030876,47.16537,7.398319394477642,0.8130068464501842,0.23071043,0,0.058307983,0.7918271,1.0238535,47.174,7.403113842010498,0.23076002458362108
2022-08-28,Europa_DER_A1A26_eobs_4004__2022__southbound_01,Europa / DER A1A26 (eobs 4004),47.171925,7.4030876,47.176292,7.4033556,47.164433,7.399665701160134,1.3479370894661287,0.4861614,0,0.035166327,0.7918271,0.87092173,47.171925,7.403087615966797,0.48610324873020117
2022-08-29,Europa_DER_A1A26_eobs_4004__2022__southbound_01,Europa / DER A1A26 (eobs 4004),47.176292,7.4033556,47.173294,7.404881,47.170074,7.401385405989438,0.444957405120516,0.3526719,0,0.023817018,0.7918271,0.7060956,47.176292,7.403355598449707,0.3527760009209887
2022-08-30,Europa_DER_A1A26_eobs_4004__2022__southbound_01,Europa / DER A1A26 (eobs 4004),47.173294,7.404881,47.175682,7.404509,47.167404,7.4028318579244825,0.9291512814140844,0.2671018,0,0.02240614,0.7918271,0.6718993,47.173294,7.404881000518799,0.2670179949147818
2022-08-31,Europa_DER_A1A26_eobs_4004__2022__southbound_01,Europa / DER A1A26 (eobs 4004),47.175682,7.404509,47.174465,7.4038687,47.168568,7.401750901918317,0.6750322567954711,0.14374875,0,0.035232257,0.7918271,0.8167544,47.175682,7.4045090675354,0.14370927046373994
2022-09-01,Europa_DER_A1A26_eobs_4004__2022__southbound_01,Europa / DER A1A26 (eobs 4004),47.174465,7.4038687,47.177036,7.4025965,47.167595,7.401372874289056,1.0539009818157183,0.30141255,0,0.026565269,0.7918271,0.7856851,47.174465,7.403868675231934,0.3016325646997343
2022-09-02,Europa_DER_A1A26_eobs_4004__2022__southbound_01,Europa / DER A1A26 (eobs 4004),47.177036,7.4025965,47.176666,7.4030914,47.17077,7.400797692600212,0.6783079495126098,0.055567723,0,0.022085596,0.7918271,0.7087679,47.177036,7.402596473693848,0.05560993200085047
2022-09-03,Europa_DER_A1A26_eobs_4004__2022__southbound_01,Europa / DER A1A26 (eobs 4004),47.176666,7.4030914,47.175728,7.4030075,47.171158,7.401749156437728,0.5169875553484073,0.104534276,0,0.014152474,0.7918271,0.61973953,47.176666,7.4030914306640625,0.10453981751187812
2022-09-04,Europa_DER_A1A26_eobs_4004__2022__southbound_01,Europa / DER A1A26 (eobs 4004),47.175728,7.4030075,47.167446,7.4036956,47.169693,7.400502523164382,0.34739625991135686,0.9224473,0,0.017888848,0.7918271,0.69613135,47.175728,7.403007507324219,0.9223528392633773
2022-09-05,Europa_DER_A1A26_eobs_4004__2022__southbound_01,Europa / DER A1A26 (eobs 4004),47.167446,7.4036956,47.172783,7.403183,47.16104,7.400465328462407,1.3216779997041912,0.5950674,0,0.022528287,0.7918271,0.75139767,47.167446,7.403695583343506,0.5946853832166612
2022-09-05,Louis_DER_AU050_eobs_3264__2022__southbound_01,Louis / DER AU050 (eobs 3264),41.67034,0.9438257,41.67127,0.95002615,41.668533,0.9380582273092615,1.0395560087070694,0.5251994,0,0.16952756,0.7918271,0.5185416,41.67034,0.9438257217407227,0.525222503361454
2022-09-06,Europa_DER_A1A26_eobs_4004__2022__southbound_01,Europa / DER A1A26 (eobs 4004),47.172783,7.403183,47.173977,7.4030967,47.165455,7.398828942171862,1.0010198966248993,0.13261038,0,0.041751448,0.7918271,0.87732387,47.172783,7.4031829833984375,0.13292713950182483
2022-09-06,Louis_DER_AU050_eobs_3264__2022__southbound_01,Louis / DER AU050 (eobs 3264),41.67127,0.95002615,41.66786,0.9473351,41.6695,0.9469235459936356,0.18557170733873127,0.44038296,0,0.078597896,0.7918271,0.3237159,41.67127,0.9500261545181274,0.440186835223424
2022-09-07,Europa_DER_A1A26_eobs_4004__2022__southbound_01,Europa / DER A1A26 (eobs 4004),47.173977,7.4030967,47.17542,7.40314,47.16644,7.399035915274569,1.045595589373348,0.1606158,0,0.04806098,0.7918271,0.8911228,47.173977,7.403096675872803,0.16037190768792126
2022-09-07,Louis_DER_AU050_eobs_3264__2022__southbound_01,Louis / DER AU050 (eobs 3264),41.66786,0.9473351,41.66751,0.9493555,41.65803,0.9261851824136685,2.1944962553428375,0.17216994,0,0.55859244,0.7918271,2.065206,41.66786,0.9473351240158081,0.17220146593285818
2022-09-08,Europa_DER_A1A26_eobs_4004__2022__southbound_01,Europa / DER A1A26 (eobs 4004),47.17542,7.40314,47.175423,7.402258,47.168118,7.399566085891222,0.8373937439991539,0.06668948,0,0.049230795,0.7918271,0.8539929,47.17542,7.403140068054199,0.06667902358772407
2022-09-08,Louis_DER_AU050_eobs_3264__2022__southbound_01,Louis / DER AU050 (eobs 3264),41.66751,0.9493555,41.658672,0.95063967,41.663795,0.9414349599804075,0.9535320378737516,0.98838216,0,0.27025017,0.7918271,0.77562755,41.66751,0.9493554830551147,0.9885873423100606
2022-09-09,Europa_DER_A1A26_eobs_4004__2022__southbound_01,Europa / DER A1A26 (eobs 4004),47.175423,7.402258,47.17542,7.40294,47.165745,7.395371902227703,1.2183680055065007,0.051566087,0,0.0846574,0.7918271,1.1932867,47.175423,7.402257919311523,0.05154178565943214
2022-09-09,Louis_DER_AU050_eobs_3264__2022__southbound_01,Louis / DER AU050 (eobs 3264),41.658672,0.95063967,41.663948,0.9431204,41.654552,0.9431409701719666,1.044745820127224,0.85669726,0,0.27298644,0.7918271,0.7720356,41.658672,0.9506396651268005,0.8569235220341979
2022-09-10,Europa_DER_A1A26_eobs_4004__2022__southbound_01,Europa / DER A1A26 (eobs 4004),47.17542,7.40294,47.176197,7.403118,47.161983,7.391423458611786,1.8109284383783453,0.08772901,0,0.13191712,0.7918271,1.7258413,47.17542,7.402939796447754,0.08757542414878355
2022-09-10,Louis_DER_AU050_eobs_3264__2022__southbound_01,Louis / DER AU050 (eobs 3264),41.663948,0.9431204,41.666306,0.94579685,41.654392,0.9139316575933003,2.9601142603955304,0.3439507,0,0.57798815,0.7918271,2.642599,41.663948,0.9431204199790955,0.34372323246614417
2022-09-11,Europa_DER_A1A26_eobs_4004__2022__southbound_01,Europa / DER A1A26 (eobs 4004),47.176197,7.403118,47.00763,7.1559305,47.162884,7.392217096263266,24.861323940301062,26.486069,1,0.10449011,0.7918271,1.6912322,47.176197,7.403118133544922,26.486124191833056
2022-09-11,Louis_DER_AU050_eobs_3264__2022__southbound_01,Louis / DER AU050 (eobs 3264),41.666306,0.94579685,41.664375,0.9506435,41.663353,0.9323385397808106,1.524818845232027,0.45622462,0,0.3787892,0.7918271,1.1630452,41.666306,0.9457968473434448,0.4562357282079438
2022-09-12,Europa_DER_A1A26_eobs_4004__2022__southbound_01,Europa / DER A1A26 (eobs 4004),47.00763,7.1559305,45.33484,4.8990874,46.182365,5.8849138950881015,121.36678490484583,254.53513,1,0.9845301,0.7918271,132.84064,46.182365,5.8849138950881015,121.36678490484583
2022-09-12,Louis_DER_AU050_eobs_3264__2022__southbound_01,Louis / DER AU050 (eobs 3264),41.664375,0.9506435,41.663284,0.9518922,41.66105,0.9396782076596137,1.0446358271445666,0.15969858,0,0.33760616,0.7918271,0.9814534,41.664375,0.9506434798240662,0.15961526611422858
2022-09-13,Europa_DER_A1A26_eobs_4004__2022__southbound_01,Europa / DER A1A26 (eobs 4004),45.33484,4.8990874,44.631557,4.774482,44.64809,4.396861587534381,29.933601209534874,78.81296,1,0.976443,0.7918271,85.71236,44.64809,4.396861587534381,29.933601209534874
2022-09-13,Louis_DER_AU050_eobs_3264__2022__southbound_01,Louis / DER AU050 (eobs 3264),41.663284,0.9518922,41.664448,0.9522093,41.660507,0.9455331510867087,0.7068023955554198,0.13204072,0,0.18383715,0.7918271,0.6107324,41.663284,0.9518921971321106,0.13202787770175328
2022-09-14,Europa_DER_A1A26_eobs_4004__2022__southbound_01,Europa / DER A1A26 (eobs 4004),44.631557,4.774482,44.54511,4.734018,44.17441,4.439615044331783,47.40101251357487,10.132805,1,0.97419536,0.7918271,57.22375,44.17441,4.439615044331783,47.40101251357487
2022-09-14,Louis_DER_AU050_eobs_3264__2022__southbound_01,Louis / DER AU050 (eobs 3264),41.664448,0.9522093,41.6597,0.9462659,41.66206,0.9481031663140168,0.3037035870082616,0.72293913,0,0.10802682,0.7918271,0.43150145,41.664448,0.9522092938423157,0.7229493036288199
2022-09-15,Europa_DER_A1A26_eobs_4004__2022__southbound_01,Europa / DER A1A26 (eobs 4004),44.54511,4.734018,43.72909,4.466649,44.316772,4.368818971913136,65.81369164463385,93.21169,1,0.9570804,0.7918271,38.43266,44.316772,4.368818971913136,65.81369164463385
2022-09-15,Louis_DER_AU050_eobs_3264__2022__southbound_01,Louis / DER AU050 (eobs 3264),41.6597,0.9462659,41.658264,0.95096874,41.655426,0.9386834732243742,1.0683148012789503,0.42200044,0,0.23950982,0.7918271,0.78756267,41.6597,0.9462658762931824,0.42199262998619635
2022-09-16,Europa_DER_A1A26_eobs_4004__2022__southbound_01,Europa / DER A1A26 (eobs 4004),43.72909,4.466649,43.44547,3.7860465,42.897514,3.27840962402374,73.53316016594749,63.24101,1,0.9869463,0.7918271,132.68042,42.897514,3.27840962402374,73.53316016594749
2022-09-16,Louis_DER_AU050_eobs_3264__2022__southbound_01,Louis / DER AU050 (eobs 3264),41.658264,0.95096874,41.659363,0.9508428,41.654716,0.9459031912234905,0.6597941708793347,0.12259513,0,0.1625508,0.7918271,0.5758225,41.658264,0.9509687423706055,0.1226098074422199
2022-09-17,Europa_DER_A1A26_eobs_4004__2022__southbound_01,Europa / DER A1A26 (eobs 4004),43.44547,3.7860465,42.122757,2.681105,43.386055,3.5972888256505233,159.1455004040073,172.5163,1,0.8913009,0.7918271,16.579912,43.386055,3.5972888256505233,159.1455004040073
2022-09-17,Louis_DER_AU050_eobs_3264__2022__southbound_01,Louis / DER AU050 (eobs 3264),41.659363,0.9508428,41.663937,0.94867474,41.65569,0.9436095880228343,1.008995640322363,0.539522,0,0.20655516,0.7918271,0.7253482,41.659363,0.9508427977561951,0.5395350253884006
2022-09-18,Europa_DER_A1A26_eobs_4004__2022__southbound_01,Europa / DER A1A26 (eobs 4004),42.122757,2.681105,41.69894,0.4768853,41.382492,1.5474421577165338,95.79571205674846,188.38208,1,0.9865761,0.7918271,124.35056,41.382492,1.5474421577165338,95.79571205674846
2022-09-18,Louis_DER_AU050_eobs_3264__2022__southbound_01,Louis / DER AU050 (eobs 3264),41.663937,0.94867474,41.660225,0.9513677,41.659992,0.9397238030919396,0.9676488120034707,0.4693443,0,0.23423876,0.7918271,0.86184275,41.663937,0.948674738407135,0.4694513764704794
2022-09-19,Europa_DER_A1A26_eobs_4004__2022__southbound_01,Europa / DER A1A26 (eobs 4004),41.69894,0.4768853,41.585304,-0.7701303,41.53453,0.20211959650282796,81.09053909603536,104.39005,1,0.9400358,0.7918271,29.182386,41.53453,0.20211959650282796,81.09053909603536
2022-09-19,Louis_DER_AU050_eobs_3264__2022__southbound_01,Louis / DER AU050 (eobs 3264),41.660225,0.9513677,41.664238,0.9462204,41.656643,0.9453498916593618,0.8476240551692599,0.61787087,0,0.14675973,0.7918271,0.6379387,41.660225,0.9513676762580872,0.6180270888219477
2022-09-20,Europa_DER_A1A26_eobs_4004__2022__southbound_01,Europa / DER A1A26 (eobs 4004),41.585304,-0.7701303,41.58544,-0.77625954,41.399433,-1.2450707140977237,44.186816769790816,0.51000255,0,0.9609685,0.7918271,44.503002,41.399433,-1.2450707140977237,44.186816769790816
2022-09-20,Louis_DER_AU050_eobs_3264__2022__southbound_01,Louis / DER AU050 (eobs 3264),41.664238,0.9462204,41.66409,0.94866854,41.660225,0.9374435267542468,1.0267162465439796,0.20403267,0,0.19012223,0.7918271,0.8532678,41.664238,0.9462203979492188,0.2040357786905422
2022-09-21,Europa_DER_A1A26_eobs_4004__2022__southbound_01,Europa / DER A1A26 (eobs 4004),41.58544,-0.77625954,41.579998,-0.8386821,41.577118,-0.8434996984192945,0.5129717162376687,5.227105,0,0.6439329,0.7918271,5.6584864,41.58544,-0.7762595415115356,5.227083385375378
2022-09-21,Louis_DER_AU050_eobs_3264__2022__southbound_01,Louis / DER AU050 (eobs 3264),41.66409,0.94866854,41.65841,0.94916517,41.66126,0.9436519828191768,0.5569266808735495,0.6327675,0,0.097587734,0.7918271,0.52131546,41.66409,0.9486685395240784,0.6329434072492468
2022-09-22,Europa_DER_A1A26_eobs_4004__2022__southbound_01,Europa / DER A1A26 (eobs 4004),41.579998,-0.8386821,41.54476,-0.9040432,41.49886,-1.1358292491070823,19.960301107332736,6.70246,0,0.85461754,0.7918271,26.265018,41.49886,-1.1358292491070823,19.960301107332736
2022-09-22,Louis_DER_AU050_eobs_3264__2022__southbound_01,Louis / DER AU050 (eobs 3264),41.65841,0.94916517,41.663296,0.9509038,41.65491,0.9434581155146686,1.1188646469003067,0.5620198,0,0.12895912,0.7918271,0.6121769,41.65841,0.9491651654243469,0.5622367769147429
2022-09-23,Europa_DER_A1A26_eobs_4004__2022__southbound_01,Europa / DER A1A26 (eobs 4004),41.54476,-0.9040432,40.35964,-3.4988678,41.49639,-1.027334423232534,243.07020717175732,254.64507,1,0.69726443,0.7918271,11.564594,41.54476,-0.9040431976318359,254.645050745914
2022-09-23,Louis_DER_AU050_eobs_3264__2022__southbound_01,Louis / DER AU050 (eobs 3264),41.663296,0.9509038,41.66949,0.9510214,41.660336,0.9454360159995984,1.1187624184714706,0.6888004,0,0.10633324,0.7918271,0.56000066,41.663296,0.9509037733078003,0.6889303822482815
2022-09-24,Europa_DER_A1A26_eobs_4004__2022__southbound_01,Europa / DER A1A26 (eobs 4004),40.35964,-3.4988678,40.261414,-3.6347303,40.171104,-3.7363411669291455,13.239291571459182,15.874588,1,0.9290355,0.7918271,29.006826,40.171104,-3.7363411669291455,13.239291571459182
2022-09-24,Louis_DER_AU050_eobs_3264__2022__southbound_01,Louis / DER AU050 (eobs 3264),41.66949,0.9510214,41.661243,0.9511114,41.666637,0.9460711700613242,0.7314631330991495,0.91697294,0,0.08941742,0.7918271,0.51834154,41.66949,0.9510213732719421,0.9170980534950081
2022-09-25,Europa_DER_A1A26_eobs_4004__2022__southbound_01,Europa / DER A1A26 (eobs 4004),40.261414,-3.6347303,39.87214,-3.9784224,40.250275,-3.6440121015845794,50.772797222089174,52.24006,1,0.15105766,0.7918271,1.4653602,40.261414,-3.634730339050293,52.23995706307168
2022-09-25,Louis_DER_AU050_eobs_3264__2022__southbound_01,Louis / DER AU050 (eobs 3264),41.661243,0.9511114,41.658478,0.9513737,41.658287,0.9465640564070861,0.4001290874910799,0.30827552,0,0.08501022,0.7918271,0.4997693,41.661243,0.951111376285553,0.30829843640520493
2022-09-26,Europa_DER_A1A26_eobs_4004__2022__southbound_01,Europa / DER A1A26 (eobs 4004),39.87214,-3.9784224,39.85707,-4.165621,39.45268,-4.4190290912361805,49.92602756647809,16.064808,1,0.9514679,0.7918271,59.805912,39.45268,-4.4190290912361805,49.92602756647809
2022-09-26,Louis_DER_AU050_eobs_3264__2022__southbound_01,Louis / DER AU050 (eobs 3264),41.658478,0.9513737,41.65882,0.9506364,41.655632,0.9466934949920447,0.48275098938016553,0.072279364,0,0.08745371,0.7918271,0.50055283,41.658478,0.9513736963272095,0.0721753039688675
2022-09-27,Europa_DER_A1A26_eobs_4004__2022__southbound_01,Europa / DER A1A26 (eobs 4004),39.85707,-4.165621,39.85726,-4.166196,39.810364,-4.224398931239022,7.203695988386966,0.053488355,0,0.55684507,0.7918271,7.2086587,39.85707,-4.165620803833008,0.05347249992319077
2022-09-27,Louis_DER_AU050_eobs_3264__2022__southbound_01,Louis / DER AU050 (eobs 3264),41.65882,0.9506364,41.661495,0.9509365,41.655518,0.944330951439227,0.8619419539298954,0.29821277,0,0.10448644,0.7918271,0.6385858,41.65882,0.9506363868713379,0.2983904319191943
2022-09-28,Europa_DER_A1A26_eobs_4004__2022__southbound_01,Europa / DER A1A26 (eobs 4004),39.85726,-4.166196,39.8569,-4.165379,39.856277,-4.171117743503219,0.494704828562601,0.08048585,0,0.025316393,0.7918271,0.43341818,39.85726,-4.166195869445801,0.0805299082021391
2022-09-28,Louis_DER_AU050_eobs_3264__2022__southbound_01,Louis / DER AU050 (eobs 3264),41.661495,0.9509365,41.65895,0.9512425,41.65646,0.9432289846689916,0.7210625997517329,0.28415862,0,0.11215755,0.7918271,0.84910846,41.661495,0.950936496257782,0.28406489451114425
2022-09-29,Europa_DER_A1A26_eobs_4004__2022__southbound_01,Europa / DER A1A26 (eobs 4004),39.8569,-4.165379,39.85722,-4.165764,39.853672,-4.170481756094443,0.5637394056695529,0.048539326,0,0.058703724,0.7918271,0.56324387,39.8569,-4.165379047393799,0.048460780477021605
2022-09-29,Louis_DER_AU050_eobs_3264__2022__southbound_01,Louis / DER AU050 (eobs 3264),41.65895,0.9512425,41.658493,0.9508007,41.642418,0.9331849620767821,2.310256019319598,0.062680274,0,0.36271328,0.7918271,2.368649,41.65895,0.9512425065040588,0.06275313762001013
2022-09-30,Europa_DER_A1A26_eobs_4004__2022__southbound_01,Europa / DER A1A26 (eobs 4004),39.85722,-4.165764,39.857227,-4.165492,39.853226,-4.170751787921177,0.6321134672312193,0.023235692,0,0.066033706,0.7918271,0.6142762,39.85722,-4.165763854980469,0.02321562851111663
2022-09-30,Louis_DER_AU050_eobs_3264__2022__southbound_01,Louis / DER AU050 (eobs 3264),41.658493,0.9508007,41.657722,0.9509309,41.64352,0.9381202967727484,1.9044168646803676,0.086151816,0,0.26222384,0.7918271,1.9668709,41.658493,0.9508007168769836,0.08636325680375449
2022-10-01,Europa_DER_A1A26_eobs_4004__2022__southbound_01,Europa / DER A1A26 (eobs 4004),39.857227,-4.165492,39.85705,-4.165062,39.848812,-4.1751611676299385,1.2580472232536664,0.041536424,0,0.15588197,0.7918271,1.2454522,39.857227,-4.165492057800293,0.04157621658617413
2022-10-01,Louis_DER_AU050_eobs_3264__2022__southbound_01,Louis / DER AU050 (eobs 3264),41.657722,0.9509309,41.657776,0.9511712,41.638027,0.9313191513239415,2.7464679136375167,0.020807263,0,0.37390372,0.7918271,2.724759,41.657722,0.9509308934211731,0.02083000037338729
2022-10-02,Europa_DER_A1A26_eobs_4004__2022__southbound_01,Europa / DER A1A26 (eobs 4004),39.85705,-4.165062,39.85704,-4.1655807,39.85299,-4.168854914429044,0.5301316715649581,0.04430339,0,0.041509464,0.7918271,0.5546952,39.85705,-4.165061950683594,0.044302137708128624
2022-10-02,Louis_DER_AU050_eobs_3264__2022__southbound_01,Louis / DER AU050 (eobs 3264),41.657776,0.9511712,41.650852,0.9534697,41.653175,0.944161892764823,0.8153373265453759,0.7932652,0,0.082551815,0.7918271,0.77378905,41.657776,0.9511712193489075,0.7932080981180868
2022-10-03,Europa_DER_A1A26_eobs_4004__2022__southbound_01,Europa / DER A1A26 (eobs 4004),39.85704,-4.1655807,39.85361,-4.1656814,39.85301,-4.17029534040582,0.39952476863467234,0.38167366,0,0.040755626,0.7918271,0.6014179,39.85704,-4.165580749511719,0.38143053674715777
2022-10-03,Louis_DER_AU050_eobs_3264__2022__southbound_01,Louis / DER AU050 (eobs 3264),41.650852,0.9534697,41.657715,0.9514176,41.64687,0.9458824095709923,1.2906459698670518,0.7818136,0,0.10222612,0.7918271,0.7690556,41.650852,0.9534696936607361,0.7819051349263225
2022-10-04,Europa_DER_A1A26_eobs_4004__2022__southbound_01,Europa / DER A1A26 (eobs 4004),39.85361,-4.1656814,39.85666,-4.2408013,39.848026,-4.172895369336264,5.8756846115405175,6.421291,0,0.06688541,0.7918271,0.8729451,39.85361,-4.1656813621521,6.4212522265059855
2022-10-04,Louis_DER_AU050_eobs_3264__2022__southbound_01,Louis / DER AU050 (eobs 3264),41.657715,0.9514176,41.67065,0.94682825,41.653824,0.9423271885168989,1.9080336185079383,1.4880724,0,0.1388244,0.7918271,0.86877555,41.657715,0.9514176249504089,1.488043810274463
2022-10-05,Europa_DER_A1A26_eobs_4004__2022__southbound_01,Europa / DER A1A26 (eobs 4004),39.85666,-4.2408013,39.85362,-4.1659856,39.837967,-4.276588587158783,9.60149819984733,6.3952804,0,0.3902368,0.7918271,3.6883023,39.85666,-4.2408013343811035,6.395274668808889
2022-10-05,Louis_DER_AU050_eobs_3264__2022__southbound_01,Louis / DER AU050 (eobs 3264),41.67065,0.94682825,41.644238,0.9576373,41.66693,0.9376178208286158,3.0222402221158218,3.0710762,0,0.15760928,0.7918271,0.8680623,41.67065,0.9468282461166382,3.071205649276802
2022-10-06,Europa_DER_A1A26_eobs_4004__2022__southbound_01,Europa / DER A1A26 (eobs 4004),39.85362,-4.1659856,39.855686,-4.2382092,39.850357,-4.170555101835598,5.805512141270896,6.169369,0,0.03972618,0.7918271,0.5317961,39.85362,-4.165985584259033,6.16939916565517
2022-10-06,Louis_DER_AU050_eobs_3264__2022__southbound_01,Louis / DER AU050 (eobs 3264),41.644238,0.9576373,41.64801,0.9574493,41.640423,0.9519853290596173,0.9580946776396021,0.4196131,0,0.085888565,0.7918271,0.63185865,41.644238,0.9576373100280762,0.41980036049217684
2022-10-07,Europa_DER_A1A26_eobs_4004__2022__southbound_01,Europa / DER A1A26 (eobs 4004),39.855686,-4.2382092,39.855316,-4.166041,39.84595,-4.252294099670614,7.436399679373191,6.1604486,0,0.2036157,0.7918271,1.6150972,39.855686,-4.238209247589111,6.160453614333413
2022-10-07,Louis_DER_AU050_eobs_3264__2022__southbound_01,Louis / DER AU050 (eobs 3264),41.64801,0.9574493,41.65875,0.9519391,41.645252,0.9541552648220838,1.5119865248995314,1.2787738,0,0.04740585,0.7918271,0.4103668,41.64801,0.9574493169784546,1.2788076603653102
2022-10-08,Europa_DER_A1A26_eobs_4004__2022__southbound_01,Europa / DER A1A26 (eobs 4004),39.855316,-4.166041,39.857166,-4.164878,39.851337,-4.167865724391344,0.6965162215083347,0.22824006,0,0.031084148,0.7918271,0.4680737,39.855316,-4.166040897369385,0.22842519702188968
2022-10-08,Louis_DER_AU050_eobs_3264__2022__southbound_01,Louis / DER AU050 (eobs 3264),41.65875,0.9519391,41.64098,0.958015,41.655685,0.9489464134034858,1.8004543501419288,2.0391748,0,0.052076757,0.7918271,0.42102858,41.65875,0.9519391059875488,2.0392838653896934
2022-10-09,Europa_DER_A1A26_eobs_4004__2022__southbound_01,Europa / DER A1A26 (eobs 4004),39.857166,-4.164878,39.857105,-4.166179,39.854225,-4.165688717758119,0.3229774851707047,0.11129922,0,0.020124175,0.7918271,0.33385375,39.857166,-4.164877891540527,0.11128296484507887
2022-10-09,Louis_DER_AU050_eobs_3264__2022__southbound_01,Louis / DER AU050 (eobs 3264),41.64098,0.958015,41.63425,0.94022936,41.638012,0.9557083073587598,1.352659279273104,1.6566998,0,0.035196487,0.7918271,0.38100755,41.64098,0.9580150246620178,1.6566472449046987
2022-10-10,Europa_DER_A1A26_eobs_4004__2022__southbound_01,Europa / DER A1A26 (eobs 4004),39.857105,-4.166179,39.855255,-4.165329,39.842464,-4.180827092521374,1.9424966883629087,0.21808122,0,0.26444545,0.7918271,2.0490386,39.857105,-4.166179180145264,0.21815049108841625
2022-10-10,Louis_DER_AU050_eobs_3264__2022__southbound_01,Louis / DER AU050 (eobs 3264),41.63425,0.94022936,41.538494,0.6148426,41.63082,0.9364899036291544,28.654057442031657,29.08136,1,0.051290825,0.7918271,0.49122164,41.63425,0.9402293562889099,29.08140939470361
2022-10-11,Europa_DER_A1A26_eobs_4004__2022__southbound_01,Europa / DER A1A26 (eobs 4004),39.855255,-4.165329,39.853523,-4.189989,39.850864,-4.168171208799467,1.8857918367115847,2.113832,0,0.029614009,0.7918271,0.54422796,39.855255,-4.1653289794921875,2.113820417880259
2022-10-11,Louis_DER_AU050_eobs_3264__2022__southbound_01,Louis / DER AU050 (eobs 3264),41.538494,0.6148426,41.538704,0.6147031,41.49237,0.5410139742066788,8.011633955514647,0.02594392,0,0.6825904,0.7918271,7.989891,41.538494,0.6148425936698914,0.026058236968073894
2022-10-12,Europa_DER_A1A26_eobs_4004__2022__southbound_01,Europa / DER A1A26 (eobs 4004),39.853523,-4.189989,39.85436,-4.237856,39.847393,-4.195615418786878,3.6881542412929433,4.0870786,0,0.06951711,0.7918271,0.8322827,39.853523,-4.18998908996582,4.087077772816654
2022-10-12,Louis_DER_AU050_eobs_3264__2022__southbound_01,Louis / DER AU050 (eobs 3264),41.538704,0.6147031,41.538692,0.6181468,41.53617,0.6225142635816816,0.45908167026860663,0.28662333,0,0.12821688,0.7918271,0.70734715,41.538704,0.6147031188011169,0.2866199149619411
2022-10-13,Europa_DER_A1A26_eobs_4004__2022__southbound_01,Europa / DER A1A26 (eobs 4004),39.85436,-4.237856,39.853455,-4.166751,39.845566,-4.246685180898249,6.879963959690606,6.070499,0,0.16644545,0.7918271,1.2323378,39.85436,-4.237855911254883,6.070522014122284
2022-10-13,Louis_DER_AU050_eobs_3264__2022__southbound_01,Louis / DER AU050 (eobs 3264),41.538692,0.6181468,41.539528,0.6143338,41.534466,0.6150566353448409,0.5660870560007615,0.33064634,0,0.0870618,0.7918271,0.53496647,41.538692,0.6181467771530151,0.33066940566307246
2022-10-14,Europa_DER_A1A26_eobs_4004__2022__southbound_01,Europa / DER A1A26 (eobs 4004),39.853455,-4.166751,39.855793,-4.2449293,39.848606,-4.1704554740327655,6.407450104492954,6.6784935,0,0.065206654,0.7918271,0.6239059,39.853455,-4.166750907897949,6.678485690714074
2022-10-14,Louis_DER_AU050_eobs_3264__2022__southbound_01,Louis / DER AU050 (eobs 3264),41.539528,0.6143338,41.54031,0.6171932,41.537056,0.6072413947902059,0.9038735121128815,0.25348932,0,0.08425557,0.7918271,0.6500068,41.539528,0.6143338084220886,0.25337427646052463
2022-10-15,Europa_DER_A1A26_eobs_4004__2022__southbound_01,Europa / DER A1A26 (eobs 4004),39.855793,-4.2449293,39.853657,-4.1669483,39.849674,-4.2554096690908825,7.564487883635959,6.6608067,0,0.1520753,0.7918271,1.1220723,39.855793,-4.244929313659668,6.660797833429042
2022-10-15,Louis_DER_AU050_eobs_3264__2022__southbound_01,Louis / DER AU050 (eobs 3264),41.54031,0.6171932,41.539574,0.61455595,41.53639,0.6090408140505004,0.5797922029287959,0.23428509,0,0.10650897,0.7918271,0.8052231,41.54031,0.6171932220458984,0.2342664707541938
2022-10-16,Europa_DER_A1A26_eobs_4004__2022__southbound_01,Europa / DER A1A26 (eobs 4004),39.853657,-4.1669483,39.854702,-4.2406445,39.84948,-4.173877880276524,5.729007795302443,6.291921,0,0.08278617,0.7918271,0.75086504,39.853657,-4.166948318481445,6.291923269994996
2022-10-16,Louis_DER_AU050_eobs_3264__2022__southbound_01,Louis / DER AU050 (eobs 3264),41.539574,0.61455595,41.541183,0.624586,41.533146,0.5954023502657291,2.5882277024493003,0.85371745,0,0.2755853,0.7918271,1.7439277,41.539574,0.6145559549331665,0.8537579093687907
2022-10-17,Europa_DER_A1A26_eobs_4004__2022__southbound_01,Europa / DER A1A26 (eobs 4004),39.854702,-4.2406445,39.85363,-4.1671476,39.848606,-4.251563750628767,7.227870647920232,6.274983,0,0.14577794,0.7918271,1.1504923,39.854702,-4.240644454956055,6.27496892270129
2022-10-17,Louis_DER_AU050_eobs_3264__2022__southbound_01,Louis / DER AU050 (eobs 3264),41.541183,0.624586,41.53941,0.6174957,41.53753,0.6193250781420434,0.2586762693360896,0.6221683,0,0.058636166,0.7918271,0.59644854,41.541183,0.6245859861373901,0.622202438952022
2022-10-18,Europa_DER_A1A26_eobs_4004__2022__southbound_01,Europa / DER A1A26 (eobs 4004),39.85363,-4.1671476,39.844223,-4.260671,39.849136,-4.173614500712337,7.452194397411314,8.052187,0,0.07883203,0.7918271,0.74337244,39.85363,-4.167147636413574,8.052194427000524
2022-10-18,Louis_DER_AU050_eobs_3264__2022__southbound_01,Louis / DER AU050 (eobs 3264),41.53941,0.6174957,41.538746,0.6146516,41.53521,0.6127260458905566,0.4246190826968567,0.24797596,0,0.064159445,0.7918271,0.61182785,41.53941,0.6174957156181335,0.24795329812786585
2022-10-19,Europa_DER_A1A26_eobs_4004__2022__southbound_01,Europa / DER A1A26 (eobs 4004),39.844223,-4.260671,39.85428,-4.241106,39.838512,-4.270192124967215,3.039629749990096,2.0097353,0,0.12550142,0.7918271,1.0297415,39.844223,-4.260671138763428,2.0099496466355298
2022-10-19,Louis_DER_AU050_eobs_3264__2022__southbound_01,Louis / DER AU050 (eobs 3264),41.538746,0.6146516,41.54087,0.61933845,41.534393,0.6106692378170556,1.0195100229207141,0.45609736,0,0.05960682,0.7918271,0.5855788,41.538746,0.614651620388031,0.4560527920827226
2022-10-20,Europa_DER_A1A26_eobs_4004__2022__southbound_01,Europa / DER A1A26 (eobs 4004),39.85428,-4.241106,39.8566,-4.1673207,39.851112,-4.244623697686855,6.626937644592664,6.3036413,0,0.034576654,0.7918271,0.4620415,39.85428,-4.241106033325195,6.303640898983202
2022-10-20,Louis_DER_AU050_eobs_3264__2022__southbound_01,Louis / DER AU050 (eobs 3264),41.54087,0.61933845,41.539196,0.6276122,41.537415,0.6195827955252493,0.6970326178720627,0.7133239,0,0.030487483,0.7918271,0.38434634,41.54087,0.6193384528160095,0.7133444693785984
2022-10-21,Europa_DER_A1A26_eobs_4004__2022__southbound_01,Europa / DER A1A26 (eobs 4004),39.8566,-4.1673207,39.86001,-4.2381983,39.85267,-4.169856279821308,5.890436268172553,6.0617127,0,0.038285624,0.7918271,0.4871951,39.8566,-4.167320728302002,6.061732605529612
2022-10-21,Louis_DER_AU050_eobs_3264__2022__southbound_01,Louis / DER AU050 (eobs 3264),41.539196,0.6276122,41.537666,0.63729304,41.536613,0.6290547326815029,0.6956166932074503,0.8235549,0,0.017801562,0.7918271,0.31061754,41.539196,0.6276121735572815,0.82350378704207
2022-10-22,Europa_DER_A1A26_eobs_4004__2022__southbound_01,Europa / DER A1A26 (eobs 4004),39.86001,-4.2381983,39.855923,-4.1669226,39.855812,-4.242518301508236,6.452856043408861,6.100814,0,0.05076056,0.7918271,0.5935579,39.86001,-4.238198280334473,6.100839435747949
2022-10-23,Europa_DER_A1A26_eobs_4004__2022__southbound_01,Europa / DER A1A26 (eobs 4004),39.855923,-4.1669226,39.856693,-4.22614,39.849857,-4.172809116572822,4.61551490976347,5.0555053,0,0.099961795,0.7918271,0.83969486,39.855923,-4.166922569274902,5.05548977067541
2022-10-24,Europa_DER_A1A26_eobs_4004__2022__southbound_01,Europa / DER A1A26 (eobs 4004),39.856693,-4.22614,39.85703,-4.2360497,39.851963,-4.231621879177121,0.6783567205355544,0.84667885,0,0.06485705,0.7918271,0.7026422,39.856693,-4.226140022277832,0.8466960199559072
2022-10-25,Europa_DER_A1A26_eobs_4004__2022__southbound_01,Europa / DER A1A26 (eobs 4004),39.85703,-4.2360497,39.85031,-4.24934,39.852795,-4.243841743287505,0.5445694872416312,1.3581085,0,0.052294824,0.7918271,0.81354415,39.85703,-4.236049652099609,1.3583329325638702
2022-10-26,Europa_DER_A1A26_eobs_4004__2022__southbound_01,Europa / DER A1A26 (eobs 4004),39.85031,-4.24934,39.85015,-4.257514,39.845795,-4.257810602404368,0.48506983065374415,0.69803196,0,0.0511937,0.7918271,0.87880766,39.85031,-4.249340057373047,0.6980116429454792
2022-10-27,Europa_DER_A1A26_eobs_4004__2022__southbound_01,Europa / DER A1A26 (eobs 4004),39.85015,-4.257514,39.849606,-4.252669,39.846138,-4.2650558342643246,1.1255756196145845,0.41804382,0,0.03667592,0.7918271,0.78197026,39.85015,-4.257513999938965,0.41804101486383777
2022-10-28,Europa_DER_A1A26_eobs_4004__2022__southbound_01,Europa / DER A1A26 (eobs 4004),39.849606,-4.252669,39.85646,-4.2423134,39.844566,-4.253873230171087,1.6501631509853418,1.167168,0,0.018091947,0.7918271,0.56851685,39.849606,-4.252668857574463,1.167233228088692
2022-10-29,Europa_DER_A1A26_eobs_4004__2022__southbound_01,Europa / DER A1A26 (eobs 4004),39.85646,-4.2423134,39.855812,-4.205393,39.85222,-4.243320800853804,3.262178366109673,3.152318,0,0.014373099,0.7918271,0.47880247,39.85646,-4.242313385009766,3.1523469120092935
2022-10-30,Europa_DER_A1A26_eobs_4004__2022__southbound_01,Europa / DER A1A26 (eobs 4004),39.855812,-4.205393,39.846333,-4.25299,39.85185,-4.207310190779425,3.9475315391644363,4.1976204,0,0.015824614,0.7918271,0.46930182,39.855812,-4.205392837524414,4.197653121658934
2022-10-31,Europa_DER_A1A26_eobs_4004__2022__southbound_01,Europa / DER A1A26 (eobs 4004),39.846333,-4.25299,39.8499,-4.259135,39.84215,-4.25850054560616,0.8632004025885567,0.6577313,0,0.036133908,0.7918271,0.6603172,39.846333,-4.252989768981934,0.6576440574243112
2022-11-01,Europa_DER_A1A26_eobs_4004__2022__southbound_01,Europa / DER A1A26 (eobs 4004),39.8499,-4.259135,39.856583,-4.24948,39.84648,-4.264176378151378,1.6839203738635447,1.1095884,0,0.025545277,0.7918271,0.5732986,39.8499,-4.259134769439697,1.1097545118627585
2022-11-02,Europa_DER_A1A26_eobs_4004__2022__southbound_01,Europa / DER A1A26 (eobs 4004),39.856583,-4.24948,39.846252,-4.2647414,39.853386,-4.2543278597294245,1.191412153908763,1.7367662,0,0.02567335,0.7918271,0.5446862,39.856583,-4.2494797706604,1.7368852007110782
2022-11-03,Europa_DER_A1A26_eobs_4004__2022__southbound_01,Europa / DER A1A26 (eobs 4004),39.846252,-4.2647414,39.851704,-4.2570753,39.84191,-4.271784584162428,1.6620818997662494,0.891838,0,0.04871115,0.7918271,0.7697773,39.846252,-4.26474142074585,0.8920264803939019
2022-11-04,Europa_DER_A1A26_eobs_4004__2022__southbound_01,Europa / DER A1A26 (eobs 4004),39.851704,-4.2570753,39.848965,-4.266041,39.847878,-4.261131328219593,0.4362041146824248,0.82364887,0,0.022559494,0.7918271,0.54759693,39.851704,-4.257075309753418,0.8237258554180046
2022-11-05,Europa_DER_A1A26_eobs_4004__2022__southbound_01,Europa / DER A1A26 (eobs 4004),39.848965,-4.266041,39.84838,-4.265964,39.84388,-4.269850778088221,0.6005260757592623,0.06532381,0,0.030285988,0.7918271,0.6512319,39.848965,-4.266040802001953,0.06522894312619397
2022-11-06,Europa_DER_A1A26_eobs_4004__2022__southbound_01,Europa / DER A1A26 (eobs 4004),39.84838,-4.265964,39.856464,-4.266269,39.841953,-4.268843262278527,1.6284578818957671,0.89909595,0,0.044013992,0.7918271,0.7544316,39.84838,-4.265964031219482,0.8992054747831433
2022-11-07,Europa_DER_A1A26_eobs_4004__2022__southbound_01,Europa / DER A1A26 (eobs 4004),39.856464,-4.266269,39.852993,-4.209228,39.852394,-4.269576223796146,5.151983873372945,4.8843994,0,0.018691687,0.7918271,0.5323361,39.856464,-4.266269207000732,4.88438553502267
2022-11-08,Europa_DER_A1A26_eobs_4004__2022__southbound_01,Europa / DER A1A26 (eobs 4004),39.852993,-4.209228,39.848995,-4.266047,39.849174,-4.213099549320395,4.520079940239693,4.870731,0,0.018629307,0.7918271,0.53721315,39.852993,-4.209228038787842,4.870733573886522
2022-11-09,Europa_DER_A1A26_eobs_4004__2022__southbound_01,Europa / DER A1A26 (eobs 4004),39.848995,-4.266047,39.851402,-4.2512064,39.84521,-4.27096441366211,1.821811501509205,1.2947984,0,0.023897354,0.7918271,0.5934565,39.848995,-4.26604700088501,1.2948618738803508
2022-11-10,Europa_DER_A1A26_eobs_4004__2022__southbound_01,Europa / DER A1A26 (eobs 4004),39.851402,-4.2512064,39.847546,-4.2702208,39.847527,-4.257078567115482,1.1219542073481954,1.6788815,0,0.03521355,0.7918271,0.659829,39.851402,-4.251206398010254,1.6789079846612966
2022-11-11,Europa_DER_A1A26_eobs_4004__2022__southbound_01,Europa / DER A1A26 (eobs 4004),39.847546,-4.2702208,39.847927,-4.26829,39.842384,-4.277400548719616,0.9923817146407392,0.1701635,0,0.05164632,0.7918271,0.8381809,39.847546,-4.270220756530762,0.1701956184504543
2022-11-12,Europa_DER_A1A26_eobs_4004__2022__southbound_01,Europa / DER A1A26 (eobs 4004),39.847927,-4.26829,39.847916,-4.27084,39.842724,-4.269293571652463,0.592209948726787,0.21768662,0,0.020979112,0.7918271,0.5840144,39.847927,-4.268290042877197,0.21770735681070996
2022-11-13,Europa_DER_A1A26_eobs_4004__2022__southbound_01,Europa / DER A1A26 (eobs 4004),39.847916,-4.27084,39.856754,-4.167861,39.842754,-4.271634171418266,8.994595626840145,8.845493,0,0.021114249,0.7918271,0.57685935,39.847916,-4.270840167999268,8.845514435711575
2022-11-14,Europa_DER_A1A26_eobs_4004__2022__southbound_01,Europa / DER A1A26 (eobs 4004),39.856754,-4.167861,39.85351,-4.177822,39.85186,-4.1678288001818675,0.8726159352628902,0.9236729,0,0.015864423,0.7918271,0.54340494,39.856754,-4.167860984802246,0.9235739966690271
2022-11-15,Europa_DER_A1A26_eobs_4004__2022__southbound_01,Europa / DER A1A26 (eobs 4004),39.85351,-4.177822,39.848587,-4.27088,39.84895,-4.179089085904913,7.836196339051606,7.9628267,0,0.014009593,0.7918271,0.51779616,39.85351,-4.177822113037109,7.962840704550374
2022-11-16,Europa_DER_A1A26_eobs_4004__2022__southbound_01,Europa / DER A1A26 (eobs 4004),39.848587,-4.27088,39.847897,-4.270175,39.843903,-4.273669372607868,0.5350072058832848,0.09748509,0,0.02072977,0.7918271,0.5715798,39.848587,-4.270880222320557,0.09756686694880227
2022-11-17,Europa_DER_A1A26_eobs_4004__2022__southbound_01,Europa / DER A1A26 (eobs 4004),39.847897,-4.270175,39.84786,-4.2702074,39.84207,-4.272330309941907,0.6685110812247512,0.0050944844,0,0.033124253,0.7918271,0.67218256,39.847897,-4.270174980163574,0.005065069492986559
2022-11-18,Europa_DER_A1A26_eobs_4004__2022__southbound_01,Europa / DER A1A26 (eobs 4004),39.84786,-4.2702074,39.856686,-4.2699175,39.841667,-4.273713470012077,1.7011299241434952,0.98193085,0,0.05089369,0.7918271,0.7495045,39.84786,-4.270207405090332,0.9818542210677559
2022-11-19,Europa_DER_A1A26_eobs_4004__2022__southbound_01,Europa / DER A1A26 (eobs 4004),39.856686,-4.2699175,39.84718,-4.269938,39.851532,-4.275519015516709,0.6791440822114154,1.0574111,0,0.041685995,0.7918271,0.74498624,39.856686,-4.2699174880981445,1.057046965887451
2022-11-20,Europa_DER_A1A26_eobs_4004__2022__southbound_01,Europa / DER A1A26 (eobs 4004),39.84718,-4.269938,39.856407,-4.249142,39.841198,-4.277684208408815,2.9659937574336976,2.0505922,0,0.06956086,0.7918271,0.9361233,39.84718,-4.269937992095947,2.0504389902187694
2022-11-21,Europa_DER_A1A26_eobs_4004__2022__southbound_01,Europa / DER A1A26 (eobs 4004),39.856407,-4.249142,39.85697,-4.256775,39.85085,-4.2558537771851865,0.6853274078861359,0.6545116,0,0.048375938,0.7918271,0.8413694,39.856407,-4.249142169952393,0.6545390353123498
2022-11-22,Europa_DER_A1A26_eobs_4004__2022__southbound_01,Europa / DER A1A26 (eobs 4004),39.85697,-4.256775,39.841156,-4.2567496,39.851494,-4.261817121503459,1.2282293141793246,1.758546,0,0.042825118,0.7918271,0.7445016,39.85697,-4.25677490234375,1.758633230443243
2023-08-07,Angela_DER_AY470_eobs_4001__2023__southbound_01,Angela / DER AY470 (eobs 4001),48.134285,7.753541,48.13426,7.754865,48.12304,7.748731696453957,1.3279603460537461,0.098315306,0,0.027169362,0.7918271,1.2982118,48.134285,7.753540992736816,0.09831224102256199
2023-08-08,Angela_DER_AY470_eobs_4001__2023__southbound_01,Angela / DER AY470 (eobs 4001),48.13426,7.754865,48.164627,7.7360315,48.121433,7.749791887033182,4.910258717992027,3.6545255,0,0.035327215,0.7918271,1.4724884,48.13426,7.7548651695251465,3.65451215015186
2023-08-09,Angela_DER_AY470_eobs_4001__2023__southbound_01,Angela / DER AY470 (eobs 4001),48.164627,7.7360315,48.148876,7.732977,48.158474,7.7336542530772,1.06840791359825,1.7657381,0,0.00494885,0.7918271,0.70547414,48.164627,7.736031532287598,1.7660169307151372
2023-08-10,Angela_DER_AY470_eobs_4001__2023__southbound_01,Angela / DER AY470 (eobs 4001),48.148876,7.732977,48.140602,7.7478137,48.144234,7.731164704750263,1.2996554502154427,1.4348435,0,0.003488934,0.7918271,0.532338,48.148876,7.732976913452148,1.4346651132309214
2023-08-11,Angela_DER_AY470_eobs_4001__2023__southbound_01,Angela / DER AY470 (eobs 4001),48.140602,7.7478137,47.79649,7.578767,48.13656,7.746025515972163,39.81164309184996,40.280254,1,0.0038799439,0.7918271,0.4679267,48.140602,7.747813701629639,40.28019873734364
2023-08-12,Angela_DER_AY470_eobs_4001__2023__southbound_01,Angela / DER AY470 (eobs 4001),47.79649,7.578767,47.65475,7.5555215,47.31784,6.89568749077941,62.14262434101847,15.855944,1,0.9838721,0.7918271,73.60128,47.31784,6.89568749077941,62.14262434101847
2023-08-13,Angela_DER_AY470_eobs_4001__2023__southbound_01,Angela / DER AY470 (eobs 4001),47.65475,7.5555215,47.52191,7.0241976,47.465057,7.481984557780372,34.97040653127765,42.496704,1,0.87967336,0.7918271,21.761946,47.465057,7.481984557780372,34.97040653127765
2023-08-14,Angela_DER_AY470_eobs_4001__2023__southbound_01,Angela / DER AY470 (eobs 4001),47.52191,7.0241976,46.693375,5.4422135,46.88541,5.814447335644889,35.48357667671586,151.06589,1,0.9817816,0.7918271,114.956024,46.88541,5.814447335644889,35.48357667671586
2023-08-14,Louis_DER_AU050_eobs_3264__2023__southbound_01,Louis / DER AU050 (eobs 3264),47.907127,8.578035,47.90697,8.574343,47.90457,8.576640281676301,0.31704166302247305,0.27577516,0,0.0020345459,0.7918271,0.30212754,47.907127,8.578035354614258,0.27578988001957877
2023-08-15,Angela_DER_AY470_eobs_4001__2023__southbound_01,Angela / DER AY470 (eobs 4001),46.693375,5.4422135,46.058247,5.1277914,45.807713,4.378934856921211,64.26523343782664,74.6285,1,0.98169166,0.7918271,127.349724,45.807713,4.378934856921211,64.26523343782664
2023-08-15,Louis_DER_AU050_eobs_3264__2023__southbound_01,Louis / DER AU050 (eobs 3264),47.90697,8.574343,47.90912,8.572943,47.90415,8.572224348460102,0.55528863075336,0.26039174,0,0.0033623977,0.7918271,0.35081396,47.90697,8.574342727661133,0.2606140698526998
2023-08-16,Angela_DER_AY470_eobs_4001__2023__southbound_01,Angela / DER AY470 (eobs 4001),46.058247,5.1277914,45.129078,4.8418922,45.533928,4.550426427083304,50.45456686166424,105.68646,1,0.97093374,0.7918271,73.24558,45.533928,4.550426427083304,50.45456686166424
2023-08-16,Louis_DER_AU050_eobs_3264__2023__southbound_01,Louis / DER AU050 (eobs 3264),47.90912,8.572943,47.9112,8.57454,47.90619,8.571182796773977,0.6109651848663711,0.2604862,0,0.003229754,0.7918271,0.35041386,47.90912,8.572942733764648,0.2604108635011863
2023-08-17,Angela_DER_AY470_eobs_4001__2023__southbound_01,Angela / DER AY470 (eobs 4001),45.129078,4.8418922,44.108948,4.3573484,44.165806,3.4303778536594454,74.2430328876812,119.74028,1,0.9859233,0.7918271,153.78972,44.165806,3.4303778536594454,74.2430328876812
2023-08-17,Louis_DER_AU050_eobs_3264__2023__southbound_01,Louis / DER AU050 (eobs 3264),47.9112,8.57454,47.903915,8.572826,47.908176,8.573694214758444,0.47819954802098547,0.8199633,0,0.002777085,0.7918271,0.34159052,47.9112,8.574540138244629,0.8201836264040228
2023-08-18,Angela_DER_AY470_eobs_4001__2023__southbound_01,Angela / DER AY470 (eobs 4001),44.108948,4.3573484,43.133526,2.9667532,43.90454,4.01797526247824,120.55868953072714,155.86073,1,0.92380303,0.7918271,35.30423,43.90454,4.01797526247824,120.55868953072714
2023-08-18,Louis_DER_AU050_eobs_3264__2023__southbound_01,Louis / DER AU050 (eobs 3264),47.903915,8.572826,47.91519,8.57289,47.900852,8.571706207532452,1.596916674320403,1.2536503,0,0.0025118089,0.7918271,0.3500961,47.903915,8.572826385498047,1.2538720249734414
2023-08-19,Angela_DER_AY470_eobs_4001__2023__southbound_01,Angela / DER AY470 (eobs 4001),43.133526,2.9667532,42.9593,2.92894,42.905018,2.54627814532378,31.73285118879469,19.615278,1,0.94369936,0.7918271,42.466927,42.905018,2.54627814532378,31.73285118879469
2023-08-19,Louis_DER_AU050_eobs_3264__2023__southbound_01,Louis / DER AU050 (eobs 3264),47.91519,8.57289,47.91115,8.578961,47.911545,8.570487130090626,0.6331098190478831,0.6376127,0,0.0063190125,0.7918271,0.44249308,47.91519,8.572890281677246,0.6375849114163273
2023-08-20,Angela_DER_AY470_eobs_4001__2023__southbound_01,Angela / DER AY470 (eobs 4001),42.9593,2.92894,42.384556,2.8043692,42.9136,2.8397619211197958,58.89838378345574,64.71533,1,0.69227874,0.7918271,8.8438425,42.9593,2.9289400577545166,64.71520749868847
2023-08-20,Louis_DER_AU050_eobs_3264__2023__southbound_01,Louis / DER AU050 (eobs 3264),47.91115,8.578961,47.907944,8.563981,47.90744,8.576362758221537,0.9245926292103229,1.1720877,0,0.0064877043,0.7918271,0.45507973,47.91115,8.578961372375488,1.1721512692210576
2023-08-21,Angela_DER_AY470_eobs_4001__2023__southbound_01,Angela / DER AY470 (eobs 4001),42.384556,2.8043692,42.291645,3.0467565,41.80921,1.7941441240926403,116.50882166444437,22.441936,1,0.976284,0.7918271,104.58898,41.80921,1.7941441240926403,116.50882166444437
2023-08-21,Louis_DER_AU050_eobs_3264__2023__southbound_01,Louis / DER AU050 (eobs 3264),47.907944,8.563981,47.91449,8.581795,47.903214,8.56035395910458,2.0312770031778355,1.5140849,0,0.017313518,0.7918271,0.5902431,47.907944,8.563981056213379,1.5141253337842464
2023-08-22,Angela_DER_AY470_eobs_4001__2023__southbound_01,Angela / DER AY470 (eobs 4001),42.291645,3.0467565,42.28831,3.0466027,42.28369,3.0393708205209227,0.7859895070485474,0.37101215,0,0.16594785,0.7918271,1.0710597,42.291645,3.0467565059661865,0.3709451845050064
2023-08-22,Louis_DER_AU050_eobs_3264__2023__southbound_01,Louis / DER AU050 (eobs 3264),47.91449,8.581795,47.91484,8.57268,47.90833,8.577187629266161,0.7981977003696966,0.68035096,0,0.03285402,0.7918271,0.7648584,47.91449,8.581794738769531,0.680379124851661
2023-08-23,Angela_DER_AY470_eobs_4001__2023__southbound_01,Angela / DER AY470 (eobs 4001),42.28831,3.0466027,41.858704,2.7120183,42.28217,3.0298237460893196,53.901252572628486,55.17802,1,0.1927719,0.7918271,1.5372458,42.28831,3.046602725982666,55.178174117164225
2023-08-23,Louis_DER_AU050_eobs_3264__2023__southbound_01,Louis / DER AU050 (eobs 3264),47.91484,8.57268,47.91848,8.581978,47.90779,8.566250368387802,1.6693047161307413,0.8024675,0,0.060676593,0.7918271,0.91732115,47.91484,8.572680473327637,0.8023922740360371
2023-08-24,Angela_DER_AY470_eobs_4001__2023__southbound_01,Angela / DER AY470 (eobs 4001),41.858704,2.7120183,41.14599,1.0860349,41.613495,2.060763262141064,96.5200807653566,156.89,1,0.9436047,0.7918271,60.329357,41.613495,2.060763262141064,96.5200807653566
2023-08-24,Louis_DER_AU050_eobs_3264__2023__southbound_01,Louis / DER AU050 (eobs 3264),47.91848,8.581978,47.911148,8.570702,47.91229,8.57652146611089,0.4519236521864072,1.170836,0,0.047641747,0.7918271,0.7982735,47.91848,8.581977844238281,1.17085463045002
2023-08-25,Angela_DER_AY470_eobs_4001__2023__southbound_01,Angela / DER AY470 (eobs 4001),41.14599,1.0860349,41.2851,1.2431147,40.77421,0.5413408135477475,81.80659111803014,20.295574,1,0.9593684,0.7918271,61.44832,40.77421,0.5413408135477475,81.80659111803014
2023-08-25,Louis_DER_AU050_eobs_3264__2023__southbound_01,Louis / DER AU050 (eobs 3264),47.911148,8.570702,47.90771,8.568752,47.896896,8.554979980342544,1.5811755363359077,0.4090239,0,0.19149925,0.7918271,1.9672866,47.911148,8.570701599121094,0.4088675777262162
2023-08-26,Angela_DER_AY470_eobs_4001__2023__southbound_01,Angela / DER AY470 (eobs 4001),41.2851,1.2431147,41.49649,1.7031212,41.28329,1.2322323028785318,45.881378015656225,45.0006,1,0.102206,0.7918271,0.9295996,41.2851,1.243114709854126,45.0007673263511
2023-08-26,Louis_DER_AU050_eobs_3264__2023__southbound_01,Louis / DER AU050 (eobs 3264),47.90771,8.568752,47.91902,8.576931,47.897686,8.55895242628429,2.7247182980173172,1.3976231,0,0.067948796,0.7918271,1.3304682,47.90771,8.56875228881836,1.3976093578371764
2023-08-27,Angela_DER_AY470_eobs_4001__2023__southbound_01,Angela / DER AY470 (eobs 4001),41.49649,1.7031212,42.051178,2.8820927,41.492474,1.6944561762187242,116.4451365053094,115.59662,1,0.067692034,0.7918271,0.8472879,41.49649,1.7031211853027344,115.59651389973112
2023-08-27,Louis_DER_AU050_eobs_3264__2023__southbound_01,Louis / DER AU050 (eobs 3264),47.91902,8.576931,47.906048,8.566824,47.91304,8.571211308143297,0.8434822039566632,1.6275461,0,0.019093215,0.7918271,0.78860676,47.91902,8.57693099975586,1.627447188540649
2023-08-28,Angela_DER_AY470_eobs_4001__2023__southbound_01,Angela / DER AY470 (eobs 4001),42.051178,2.8820927,42.054653,2.8822155,42.045288,2.8770865853224605,1.1241689010112565,0.38658014,0,0.09390665,0.7918271,0.7732499,42.051178,2.8820927143096924,0.3865569029222292
2023-08-28,Louis_DER_AU050_eobs_3264__2023__southbound_01,Louis / DER AU050 (eobs 3264),47.906048,8.566824,47.909637,8.579326,47.902267,8.563188018596447,1.455522622737685,1.0137484,0,0.006401622,0.7918271,0.49928552,47.906048,8.566823959350586,1.0137273647793785
2023-08-29,Angela_DER_AY470_eobs_4001__2023__southbound_01,Angela / DER AY470 (eobs 4001),42.054653,2.8822155,42.167862,3.0369475,42.0424,2.859228850797035,20.237992515376465,17.92695,1,0.61297643,0.7918271,2.3322332,42.054653,2.8822154998779297,17.927000968096884
2023-08-29,Louis_DER_AU050_eobs_3264__2023__southbound_01,Louis / DER AU050 (eobs 3264),47.909637,8.579326,47.90744,8.572916,47.90684,8.577626103843887,0.3573391382553595,0.5365928,0,0.0024088074,0.7918271,0.33523655,47.909637,8.579325675964355,0.5365987504064299
2023-08-30,Angela_DER_AY470_eobs_4001__2023__southbound_01,Angela / DER AY470 (eobs 4001),42.167862,3.0369475,42.300247,3.0543725,42.154175,3.006067541700181,16.722413891602887,14.790453,1,0.6791487,0.7918271,2.9602263,42.167862,3.03694748878479,14.790327861718424
2023-08-30,Louis_DER_AU050_eobs_3264__2023__southbound_01,Louis / DER AU050 (eobs 3264),47.90744,8.572916,47.91252,8.577267,47.905136,8.57130977640115,0.9335486225405494,0.65132797,0,0.0022274961,0.7918271,0.2824683,47.90744,8.572916030883789,0.6514437375142811
2023-08-31,Angela_DER_AY470_eobs_4001__2023__southbound_01,Angela / DER AY470 (eobs 4001),42.300247,3.0543725,42.300365,3.0540035,42.297543,3.033105851816255,1.7471468074078342,0.03299248,0,0.476269,0.7918271,1.7715876,42.300247,3.054372549057007,0.03307939855037094
2023-08-31,Louis_DER_AU050_eobs_3264__2023__southbound_01,Louis / DER AU050 (eobs 3264),47.91252,8.577267,47.914204,8.570409,47.91024,8.575205181686664,0.5674692468959817,0.54431605,0,0.0026793962,0.7918271,0.2959261,47.91252,8.577266693115234,0.5442656015235015
2023-09-01,Angela_DER_AY470_eobs_4001__2023__southbound_01,Angela / DER AY470 (eobs 4001),42.300365,3.0540035,42.30037,3.053391,42.30041,3.035783307428812,1.4481123038303982,0.050371144,0,0.42291078,0.7918271,1.4958591,42.300365,3.0540034770965576,0.05037531748306635
2023-09-01,Louis_DER_AU050_eobs_3264__2023__southbound_01,Louis / DER AU050 (eobs 3264),47.914204,8.570409,47.91531,8.574231,47.91176,8.567849033255603,0.6182193662553429,0.31037185,0,0.003011633,0.7918271,0.33170274,47.914204,8.570408821105957,0.3102908160189559
2023-09-02,Angela_DER_AY470_eobs_4001__2023__southbound_01,Angela / DER AY470 (eobs 4001),42.30037,3.053391,42.3002,3.0543666,42.30123,3.0324112662559677,1.809286883767452,0.08234078,0,0.47475448,0.7918271,1.7250664,42.30037,3.0533909797668457,0.08237903240670046
2023-09-02,Louis_DER_AU050_eobs_3264__2023__southbound_01,Louis / DER AU050 (eobs 3264),47.91531,8.574231,47.915257,8.57293,47.91277,8.571759554424814,0.29000069552543356,0.09712608,0,0.002890532,0.7918271,0.33676204,47.91531,8.574231147766113,0.09712618276047491
2023-09-03,Angela_DER_AY470_eobs_4001__2023__southbound_01,Angela / DER AY470 (eobs 4001),42.3002,3.0543666,42.113182,2.7939646,42.29867,3.046773165002448,29.30874225177192,29.874352,1,0.089622706,0.7918271,0.64614844,42.3002,3.0543665885925293,29.8743149674234
2023-09-03,Louis_DER_AU050_eobs_3264__2023__southbound_01,Louis / DER AU050 (eobs 3264),47.915257,8.57293,47.917305,8.580011,47.912674,8.570344506557753,0.8855525566266559,0.57483435,0,0.0030751387,0.7918271,0.34505877,47.915257,8.572930335998535,0.5747733829534932
2023-09-04,Angela_DER_AY470_eobs_4001__2023__southbound_01,Angela / DER AY470 (eobs 4001),42.113182,2.7939646,42.09134,2.7486808,41.97354,2.485784401823239,25.35804274981768,4.455991,0,0.94197875,0.7918271,29.735647,41.97354,2.485784401823239,25.35804274981768
2023-09-04,Louis_DER_AU050_eobs_3264__2023__southbound_01,Louis / DER AU050 (eobs 3264),47.917305,8.580011,47.91703,8.572701,47.914585,8.578801092868344,0.529687424152843,0.5456462,0,0.0022393109,0.7918271,0.3149993,47.917305,8.580011367797852,0.5456151672953644
2023-09-05,Angela_DER_AY470_eobs_4001__2023__southbound_01,Angela / DER AY470 (eobs 4001),42.09134,2.7486808,41.621765,-0.8071791,42.018787,2.572297251467116,283.4857818028621,299.0661,1,0.8591303,0.7918271,16.611452,42.018787,2.572297251467116,283.4857818028621
2023-09-05,Louis_DER_AU050_eobs_3264__2023__southbound_01,Louis / DER AU050 (eobs 3264),47.91703,8.572701,47.91658,8.57287,47.91399,8.5718058647431,0.2987393404448587,0.051414188,0,0.0029942961,0.7918271,0.3441064,47.91703,8.572701454162598,0.05160932588713775
2023-09-06,Angela_DER_AY470_eobs_4001__2023__southbound_01,Angela / DER AY470 (eobs 4001),41.621765,-0.8071791,41.3561,-1.2563629,41.406662,-1.0766145646369238,16.01617019896783,47.670643,1,0.9364964,0.7918271,32.70965,41.406662,-1.0766145646369238,16.01617019896783
2023-09-06,Louis_DER_AU050_eobs_3264__2023__southbound_01,Louis / DER AU050 (eobs 3264),47.91658,8.57287,47.92391,8.572406,47.91321,8.571839946242537,1.1901356091180242,0.81573623,0,0.0043292693,0.7918271,0.38172713,47.91658,8.572870254516602,0.8155759386638564
2023-09-07,Angela_DER_AY470_eobs_4001__2023__southbound_01,Angela / DER AY470 (eobs 4001),41.3561,-1.2563629,39.90985,-3.22335,41.025032,-1.7511725114586225,175.7397294941922,231.09927,1,0.9536537,0.7918271,55.22753,41.025032,-1.7511725114586225,175.7397294941922
2023-09-07,Louis_DER_AU050_eobs_3264__2023__southbound_01,Louis / DER AU050 (eobs 3264),47.92391,8.572406,47.91136,8.564947,47.919983,8.570813457989509,1.0536227759203867,1.5019615,0,0.008933558,0.7918271,0.4517121,47.92391,8.572405815124512,1.5017661728419727
2023-09-08,Angela_DER_AY470_eobs_4001__2023__southbound_01,Angela / DER AY470 (eobs 4001),39.90985,-3.22335,39.43035,-3.2235072,39.46466,-3.7531637813920224,45.63895970372125,53.318287,1,0.96739006,0.7918271,66.9094,39.46466,-3.7531637813920224,45.63895970372125
2023-09-08,Louis_DER_AU050_eobs_3264__2023__southbound_01,Louis / DER AU050 (eobs 3264),47.91136,8.564947,47.91132,8.561281,47.90583,8.562044279347422,0.6130328062737641,0.27327594,0,0.024110902,0.7918271,0.65084195,47.91136,8.564947128295898,0.2732677935777182
2023-09-09,Angela_DER_AY470_eobs_4001__2023__southbound_01,Angela / DER AY470 (eobs 4001),39.43035,-3.2235072,39.430233,-3.2235744,39.119347,-3.416090104893849,38.33572285983683,0.014295343,0,0.9225399,0.7918271,38.266773,39.119347,-3.416090104893849,38.33572285983683
2023-09-09,Louis_DER_AU050_eobs_3264__2023__southbound_01,Louis / DER AU050 (eobs 3264),47.91132,8.561281,47.92068,8.565792,47.899517,8.54985184970591,2.636225455244239,1.0937533,0,0.15925577,0.7918271,1.5618606,47.91132,8.561281204223633,1.0938653848704827
2023-09-10,Angela_DER_AY470_eobs_4001__2023__southbound_01,Angela / DER AY470 (eobs 4001),39.430233,-3.2235744,39.092033,-3.5311222,39.376736,-3.2786715359206915,38.40511677268097,45.99251,1,0.51988,0.7918271,7.5878644,39.430233,-3.22357439994812,45.9925649826576
2023-09-10,Louis_DER_AU050_eobs_3264__2023__southbound_01,Louis / DER AU050 (eobs 3264),47.92068,8.565792,47.913177,8.558145,47.904,8.545462198933357,1.3910893381343823,1.010417,0,0.3200688,0.7918271,2.3907192,47.92068,8.565792083740234,1.0104236980252836
2023-09-11,Angela_DER_AY470_eobs_4001__2023__southbound_01,Angela / DER AY470 (eobs 4001),39.092033,-3.5311222,38.54824,-3.9606621,38.56629,-4.266292950170007,26.65118095767768,71.00029,1,0.9713364,0.7918271,86.12192,38.56629,-4.266292950170007,26.65118095767768
2023-09-11,Louis_DER_AU050_eobs_3264__2023__southbound_01,Louis / DER AU050 (eobs 3264),47.913177,8.558145,47.919415,8.578084,47.890186,8.527653748532316,4.969284631749808,1.639857,0,0.4695607,0.7918271,3.4146166,47.913177,8.558144569396973,1.6398515752293545
2023-09-12,Angela_DER_AY470_eobs_4001__2023__southbound_01,Angela / DER AY470 (eobs 4001),38.54824,-3.9606621,37.81514,-4.7447667,38.30302,-4.1064679640820865,77.8849677354354,106.498344,1,0.9065061,0.7918271,30.018393,38.30302,-4.1064679640820865,77.8849677354354
2023-09-12,Louis_DER_AU050_eobs_3264__2023__southbound_01,Louis / DER AU050 (eobs 3264),47.919415,8.578084,47.918007,8.574199,47.90012,8.551163945219317,2.62748961120246,0.32916656,0,0.42162004,0.7918271,2.9320078,47.919415,8.578083992004395,0.3291340376548682
2023-09-13,Angela_DER_AY470_eobs_4001__2023__southbound_01,Angela / DER AY470 (eobs 4001),37.81514,-4.7447667,37.81411,-4.7478037,37.644253,-4.839252178786711,20.52827875517327,0.29016957,0,0.89358675,0.7918271,20.69899,37.644253,-4.839252178786711,20.52827875517327
2023-09-13,Louis_DER_AU050_eobs_3264__2023__southbound_01,Louis / DER AU050 (eobs 3264),47.918007,8.574199,47.917664,8.567795,47.886284,8.52263981021886,4.848254116109185,0.4787206,0,0.63089496,0.7918271,5.2067184,47.918007,8.574198722839355,0.47876054568572096
2023-09-14,Angela_DER_AY470_eobs_4001__2023__southbound_01,Angela / DER AY470 (eobs 4001),37.81411,-4.7478037,37.391205,-5.334648,37.81344,-4.743087766440356,70.14388413496702,69.88604,1,0.06004658,0.7918271,0.42019206,37.81411,-4.747803688049316,69.8858170511206
2023-09-14,Louis_DER_AU050_eobs_3264__2023__southbound_01,Louis / DER AU050 (eobs 3264),47.917664,8.567795,47.637096,8.036494,47.88145,8.509030639947671,44.56365193257311,50.492165,1,0.64124364,0.7918271,5.9386888,47.917664,8.567794799804688,50.49217120723164
2023-09-15,Angela_DER_AY470_eobs_4001__2023__southbound_01,Angela / DER AY470 (eobs 4001),37.391205,-5.334648,36.610325,-6.118923,37.282368,-5.418066546603716,97.27943182591,111.309654,1,0.8428103,0.7918271,14.144646,37.282368,-5.418066546603716,97.27943182591
2023-09-15,Louis_DER_AU050_eobs_3264__2023__southbound_01,Louis / DER AU050 (eobs 3264),47.637096,8.036494,46.49455,5.2768235,47.11801,6.872004798026882,139.80312036342102,244.58044,1,0.9760641,0.7918271,104.4309,47.11801,6.872004798026882,139.80312036342102
2023-09-16,Angela_DER_AY470_eobs_4001__2023__southbound_01,Angela / DER AY470 (eobs 4001),36.610325,-6.118923,36.608746,-6.12548,36.535435,-6.120816337105492,8.16243865465265,0.6109697,0,0.77336025,0.7918271,8.31465,36.610325,-6.118923187255859,0.6110436618324645
2023-09-16,Louis_DER_AU050_eobs_3264__2023__southbound_01,Louis / DER AU050 (eobs 3264),46.49455,5.2768235,46.072567,5.1616254,45.812138,4.536266378669196,56.362545044754754,47.749935,1,0.9766942,0.7918271,94.55203,45.812138,4.536266378669196,56.362545044754754
2023-09-17,Angela_DER_AY470_eobs_4001__2023__southbound_01,Angela / DER AY470 (eobs 4001),36.608746,-6.12548,36.583847,-6.1236563,36.53258,-6.133242132427778,5.764434417336833,2.7734523,0,0.715801,0.7918271,8.4823065,36.608746,-6.1254801750183105,2.7733778700121627
2023-09-17,Louis_DER_AU050_eobs_3264__2023__southbound_01,Louis / DER AU050 (eobs 3264),46.072567,5.1616254,46.095245,5.131583,45.534054,4.619831976994597,73.93869383324237,3.4246023,0,0.9788784,0.7918271,72.89511,45.534054,4.619831976994597,73.93869383324237
2023-09-18,Angela_DER_AY470_eobs_4001__2023__southbound_01,Angela / DER AY470 (eobs 4001),36.583847,-6.1236563,36.60852,-6.1237483,36.536583,-6.124774119769014,7.99962739833134,2.743373,0,0.66826195,0.7918271,5.247051,36.583847,-6.123656272888184,2.7435798786118033
2023-09-18,Louis_DER_AU050_eobs_3264__2023__southbound_01,Louis / DER AU050 (eobs 3264),46.095245,5.131583,46.03966,5.0795336,45.830837,4.286235077230964,65.59512076824177,7.370623,0,0.97455275,0.7918271,71.38272,45.830837,4.286235077230964,65.59512076824177
2023-09-19,Angela_DER_AY470_eobs_4001__2023__southbound_01,Angela / DER AY470 (eobs 4001),36.60852,-6.1237483,36.610138,-6.125458,36.59315,-6.126688079881964,1.8920440572347883,0.23587508,0,0.2709453,0.7918271,1.7260134,36.60852,-6.123748302459717,0.23585603866911647
2023-09-19,Louis_DER_AU050_eobs_3264__2023__southbound_01,Louis / DER AU050 (eobs 3264),46.03966,5.0795336,43.734188,4.4630866,45.993,4.93679704619841,253.92701301577202,260.91437,1,0.8273236,0.7918271,12.156676,45.993,4.93679704619841,253.92701301577202
2023-09-20,Angela_DER_AY470_eobs_4001__2023__southbound_01,Angela / DER AY470 (eobs 4001),36.610138,-6.125458,36.608704,-6.1239758,36.608128,-6.148934337423867,2.2287141135521833,0.2072761,0,0.37254012,0.7918271,2.1036704,36.610138,-6.125457763671875,0.20720899497346823
2023-09-20,Louis_DER_AU050_eobs_3264__2023__southbound_01,Louis / DER AU050 (eobs 3264),43.734188,4.4630866,43.471405,3.576817,42.765366,3.2224242520223854,83.61154482304903,77.11294,1,0.98816353,0.7918271,146.51309,42.765366,3.2224242520223854,83.61154482304903
2023-09-21,Angela_DER_AY470_eobs_4001__2023__southbound_01,Angela / DER AY470 (eobs 4001),36.608704,-6.1239758,36.58682,-6.1266265,36.599674,-6.1447257181781785,2.157394946861738,2.4448695,0,0.4225895,0.7918271,2.103073,36.608704,-6.12397575378418,2.4449735998793174
2023-09-21,Louis_DER_AU050_eobs_3264__2023__southbound_01,Louis / DER AU050 (eobs 3264),43.471405,3.576817,42.773163,2.9754596,43.385826,3.4877481218298736,79.82544113180779,91.706856,1,0.8096623,0.7918271,11.904262,43.385826,3.4877481218298736,79.82544113180779
2023-09-22,Angela_DER_AY470_eobs_4001__2023__southbound_01,Angela / DER AY470 (eobs 4001),36.58682,-6.1266265,36.581722,-6.127202,36.5696,-6.132087887104677,1.416876022090518,0.5687394,0,0.40928346,0.7918271,1.9725065,36.58682,-6.126626491546631,0.5690237812769291
2023-09-22,Louis_DER_AU050_eobs_3264__2023__southbound_01,Louis / DER AU050 (eobs 3264),42.773163,2.9754596,41.927773,2.2787344,42.225914,2.121157575432043,35.611617694909995,110.06592,1,0.9772848,0.7918271,92.386116,42.225914,2.121157575432043,35.611617694909995
2023-09-23,Angela_DER_AY470_eobs_4001__2023__southbound_01,Angela / DER AY470 (eobs 4001),36.581722,-6.127202,36.608486,-6.124026,36.557137,-6.12336730134877,5.710130069390552,2.9891481,0,0.5377108,0.7918271,2.750449,36.581722,-6.127202033996582,2.989493972145126
2023-09-23,Louis_DER_AU050_eobs_3264__2023__southbound_01,Louis / DER AU050 (eobs 3264),41.927773,2.2787344,41.66765,0.9516398,41.486206,1.7250144233208653,67.41949854996871,113.74873,1,0.96808404,0.7918271,67.03269,41.486206,1.7250144233208653,67.41949854996871
2023-09-24,Angela_DER_AY470_eobs_4001__2023__southbound_01,Angela / DER AY470 (eobs 4001),36.608486,-6.124026,36.58293,-6.126055,36.5952,-6.124835897785965,1.36848232796048,2.8470464,0,0.27259138,0.7918271,1.4766569,36.608486,-6.124025821685791,2.8473193500328153
2023-09-24,Louis_DER_AU050_eobs_3264__2023__southbound_01,Louis / DER AU050 (eobs 3264),41.66765,0.9516398,41.675026,0.9425638,41.306526,0.3521456136658677,64.0104204294819,1.1140404,0,0.9690625,0.7918271,63.857407,41.306526,0.3521456136658677,64.0104204294819
2023-09-25,Angela_DER_AY470_eobs_4001__2023__southbound_01,Angela / DER AY470 (eobs 4001),36.58293,-6.126055,36.582226,-6.1263785,36.563175,-6.121993681275071,2.154219614075018,0.08375912,0,0.4639969,0.7918271,2.2224684,36.58293,-6.126054763793945,0.08362827412631131
2023-09-25,Louis_DER_AU050_eobs_3264__2023__southbound_01,Louis / DER AU050 (eobs 3264),41.675026,0.9425638,41.65914,0.9395932,41.675144,0.9318050801740562,1.8933640309442499,1.7834089,0,0.061449517,0.7918271,0.8920883,41.675026,0.9425637722015381,1.7834195610339136
2023-09-26,Angela_DER_AY470_eobs_4001__2023__southbound_01,Angela / DER AY470 (eobs 4001),36.582226,-6.1263785,36.581684,-6.1270156,36.558197,-6.118887637702732,2.710642483577288,0.08297333,0,0.5406516,0.7918271,2.7494602,36.582226,-6.126378536224365,0.08284715891157789
2023-09-26,Louis_DER_AU050_eobs_3264__2023__southbound_01,Louis / DER AU050 (eobs 3264),41.65914,0.9395932,41.6088,0.6089633,41.657116,0.931891471565815,27.370690241180867,28.042213,1,0.05848016,0.7918271,0.6771716,41.65914,0.9395931959152222,28.042269556039187
2023-09-27,Angela_DER_AY470_eobs_4001__2023__southbound_01,Angela / DER AY470 (eobs 4001),36.581684,-6.1270156,36.573647,-6.1162515,36.561672,-6.118989699852968,1.3537573583528695,1.3123995,0,0.39032495,0.7918271,2.3335423,36.581684,-6.127015590667725,1.3124948663617846
2023-09-27,Louis_DER_AU050_eobs_3264__2023__southbound_01,Louis / DER AU050 (eobs 3264),41.6088,0.6089633,41.58569,0.6376085,41.56918,0.38160264074113126,21.37368704199605,3.5039062,0,0.7910732,0.7918271,19.375336,41.6088,0.6089633107185364,3.503858317702221
2023-09-29,Europa_DER_A1A26_eobs_4004__2023__southbound_01,Europa / DER A1A26 (eobs 4004),40.235786,-3.6370227,40.231537,-3.6364124,40.220497,-3.682529888874962,4.1032032041380795,0.47555402,0,0.4921053,0.7918271,4.2130055,40.235786,-3.6370227336883545,0.4753635898590703
2023-09-30,Europa_DER_A1A26_eobs_4004__2023__southbound_01,Europa / DER A1A26 (eobs 4004),40.231537,-3.6364124,40.231194,-3.633216,40.222294,-3.656593181944758,2.217696038387221,0.27405384,0,0.33894625,0.7918271,1.9943063,40.231537,-3.6364123821258545,0.27402465538267934
2023-10-01,Europa_DER_A1A26_eobs_4004__2023__southbound_01,Europa / DER A1A26 (eobs 4004),40.231194,-3.633216,40.23124,-3.636884,40.22279,-3.6471328442779365,1.280552418609404,0.31143627,0,0.2935094,0.7918271,1.5036488,40.231194,-3.63321590423584,0.31142861451065396
2023-10-02,Europa_DER_A1A26_eobs_4004__2023__southbound_01,Europa / DER A1A26 (eobs 4004),40.23124,-3.636884,40.229904,-3.6338787,40.209106,-3.6768078647853706,4.316680118233628,0.29517215,0,0.51153016,0.7918271,4.181029,40.23124,-3.6368839740753174,0.2951756378882463
2023-10-03,Europa_DER_A1A26_eobs_4004__2023__southbound_01,Europa / DER A1A26 (eobs 4004),40.229904,-3.6338787,40.231808,-3.636237,40.209263,-3.666466761956614,3.5877781123270256,0.29134613,0,0.4807525,0.7918271,3.5884132,40.229904,-3.633878707885742,0.291338458085159
2023-10-04,Europa_DER_A1A26_eobs_4004__2023__southbound_01,Europa / DER A1A26 (eobs 4004),40.231808,-3.636237,40.22992,-3.6338613,40.193726,-3.7155055109721644,8.016346041271424,0.2911416,0,0.6624794,0.7918271,7.9366198,40.231808,-3.6362369060516357,0.2911296209517516
2023-10-05,Europa_DER_A1A26_eobs_4004__2023__southbound_01,Europa / DER A1A26 (eobs 4004),40.22992,-3.6338613,40.229546,-3.634122,40.19469,-3.692138215560892,6.26825784027418,0.047213316,0,0.6094516,0.7918271,6.299351,40.22992,-3.6338613033294678,0.047089281402623626
2023-10-06,Europa_DER_A1A26_eobs_4004__2023__southbound_01,Europa / DER A1A26 (eobs 4004),40.229546,-3.634122,40.23019,-3.6345153,40.21258,-3.6609371139194757,2.9776115071375866,0.07918878,0,0.41067812,0.7918271,2.9512293,40.229546,-3.634121894836426,0.07908308345104302
2023-10-07,Europa_DER_A1A26_eobs_4004__2023__southbound_01,Europa / DER A1A26 (eobs 4004),40.23019,-3.6345153,40.23009,-3.6340768,40.217045,-3.659733628499698,2.6171341853466363,0.038895417,0,0.37543672,0.7918271,2.5878196,40.23019,-3.6345152854919434,0.03882080588941516
2023-10-08,Europa_DER_A1A26_eobs_4004__2023__southbound_01,Europa / DER A1A26 (eobs 4004),40.23009,-3.6340768,40.23044,-3.6324368,40.22025,-3.648353522663293,1.763425850046494,0.14459,0,0.2781575,0.7918271,1.6300795,40.23009,-3.6340768337249756,0.14448215365682238
2023-10-09,Europa_DER_A1A26_eobs_4004__2023__southbound_01,Europa / DER A1A26 (eobs 4004),40.23044,-3.6324368,40.230083,-3.634061,40.21401,-3.6524639003371724,2.374092363771212,0.14342768,0,0.38140583,0.7918271,2.4913096,40.23044,-3.632436752319336,0.1434263348657356
2023-10-10,Europa_DER_A1A26_eobs_4004__2023__southbound_01,Europa / DER A1A26 (eobs 4004),40.230083,-3.634061,40.230698,-3.6332803,40.192497,-3.689732717390772,6.40488237358991,0.09496779,0,0.58735687,0.7918271,6.2978163,40.230083,-3.634061098098755,0.09517154322230856
2023-10-11,Europa_DER_A1A26_eobs_4004__2023__southbound_01,Europa / DER A1A26 (eobs 4004),40.230698,-3.6332803,40.233276,-3.631,40.215424,-3.6580042162260615,3.0326610358153463,0.34600002,0,0.35823393,0.7918271,2.6951804,40.230698,-3.6332802772521973,0.34596334805354884
2023-10-12,Europa_DER_A1A26_eobs_4004__2023__southbound_01,Europa / DER A1A26 (eobs 4004),40.233276,-3.631,40.232605,-3.6311505,40.223087,-3.6504253930631645,1.9487653419285769,0.07584171,0,0.28843144,0.7918271,1.9971472,40.233276,-3.63100004196167,0.07573935460139085
2023-10-13,Europa_DER_A1A26_eobs_4004__2023__southbound_01,Europa / DER A1A26 (eobs 4004),40.232605,-3.6311505,40.235107,-3.6291127,40.217632,-3.6533916581135677,2.832744161199311,0.32765594,0,0.32563582,0.7918271,2.5127637,40.232605,-3.631150484085083,0.32764429236059345
2023-10-14,Europa_DER_A1A26_eobs_4004__2023__southbound_01,Europa / DER A1A26 (eobs 4004),40.235107,-3.6291127,40.232174,-3.631437,40.227295,-3.6393595028089076,0.8640984556019743,0.3810643,0,0.17970814,0.7918271,1.227219,40.235107,-3.629112720489502,0.38122372701446305
2023-10-15,Europa_DER_A1A26_eobs_4004__2023__southbound_01,Europa / DER A1A26 (eobs 4004),40.232174,-3.631437,40.23221,-3.6316261,40.212315,-3.65466169725308,2.95268358569558,0.016459355,0,0.37170088,0.7918271,2.9549696,40.232174,-3.631437063217163,0.01649758663387566
2023-10-16,Europa_DER_A1A26_eobs_4004__2023__southbound_01,Europa / DER A1A26 (eobs 4004),40.23221,-3.6316261,40.234295,-3.630145,40.2229,-3.645033196693935,1.789640969773769,0.26391906,0,0.20526876,0.7918271,1.5355816,40.23221,-3.6316261291503906,0.26389753807562377
2023-10-17,Europa_DER_A1A26_eobs_4004__2023__southbound_01,Europa / DER A1A26 (eobs 4004),40.234295,-3.630145,40.366688,-3.6455913,40.228245,-3.6355380014267142,15.417771956849942,14.779834,1,0.111076586,0.7918271,0.8124445,40.234295,-3.6301450729370117,14.779599489227081
2023-10-18,Europa_DER_A1A26_eobs_4004__2023__southbound_01,Europa / DER A1A26 (eobs 4004),40.366688,-3.6455913,40.23544,-3.629885,40.361256,-3.648723514239489,14.081086426677658,14.654952,1,0.06869115,0.7918271,0.6584722,40.366688,-3.6455912590026855,14.654839348958934
2023-10-19,Europa_DER_A1A26_eobs_4004__2023__southbound_01,Europa / DER A1A26 (eobs 4004),40.23544,-3.629885,40.23701,-3.6436038,40.199406,-3.6482903716381716,4.200413903372509,1.1775441,0,0.4797343,0.7918271,4.2932067,40.23544,-3.629884958267212,1.1775637143554964
2023-10-20,Europa_DER_A1A26_eobs_4004__2023__southbound_01,Europa / DER A1A26 (eobs 4004),40.23701,-3.6436038,40.234486,-3.6300447,40.23013,-3.6442646711800504,1.3006992615408723,1.1847403,0,0.04044036,0.7918271,0.7660893,40.23701,-3.643603801727295,1.1847311083261827
2023-10-21,Europa_DER_A1A26_eobs_4004__2023__southbound_01,Europa / DER A1A26 (eobs 4004),40.234486,-3.6300447,40.232517,-3.6314876,40.222458,-3.6404443688477497,1.3525357459677685,0.25079837,0,0.20165303,0.7918271,1.5996684,40.234486,-3.63004469871521,0.25081659399382356
2023-10-22,Europa_DER_A1A26_eobs_4004__2023__southbound_01,Europa / DER A1A26 (eobs 4004),40.232517,-3.6314876,40.159996,-3.5694537,40.225376,-3.6362695228968316,9.222860137535905,9.6327505,0,0.05625386,0.7918271,0.8903398,40.232517,-3.6314876079559326,9.63269998942431
2023-10-23,Europa_DER_A1A26_eobs_4004__2023__southbound_01,Europa / DER A1A26 (eobs 4004),40.159996,-3.5694537,40.159676,-3.5727563,40.152634,-3.566670841479034,0.9384036368696881,0.2829262,0,0.054124773,0.7918271,0.8506498,40.159996,-3.569453716278076,0.282907626683493
2023-10-24,Europa_DER_A1A26_eobs_4004__2023__southbound_01,Europa / DER A1A26 (eobs 4004),40.159676,-3.5727563,40.159527,-3.563257,40.15259,-3.5743107533259133,1.2153862654764305,0.8074395,0,0.04229104,0.7918271,0.79715395,40.159676,-3.572756290435791,0.8074299503825503
2023-10-25,Europa_DER_A1A26_eobs_4004__2023__southbound_01,Europa / DER A1A26 (eobs 4004),40.159527,-3.563257,40.294266,-3.63184,40.15247,-3.5623052146868033,16.836015232673233,16.07368,1,0.05312907,0.7918271,0.7874687,40.159527,-3.5632569789886475,16.07390930833659
2023-10-26,Europa_DER_A1A26_eobs_4004__2023__southbound_01,Europa / DER A1A26 (eobs 4004),40.294266,-3.63184,40.294125,-3.631803,40.287254,-3.6341066401930386,0.7885299877650152,0.01579157,0,0.05240956,0.7918271,0.801499,40.294266,-3.6318399906158447,0.016004392586080423
2023-10-27,Europa_DER_A1A26_eobs_4004__2023__southbound_01,Europa / DER A1A26 (eobs 4004),40.294125,-3.631803,40.29405,-3.6313908,40.284233,-3.635508205811139,1.1459166280899984,0.036060162,0,0.11641922,0.7918271,1.1420257,40.294125,-3.631803035736084,0.0359763922039117
2023-10-28,Europa_DER_A1A26_eobs_4004__2023__southbound_01,Europa / DER A1A26 (eobs 4004),40.29405,-3.6313908,40.294094,-3.6313875,40.28388,-3.631246692690803,1.1360049298296737,0.0052447612,0,0.118195206,0.7918271,1.128989,40.29405,-3.6313908100128174,0.005097972981183336
2023-10-29,Europa_DER_A1A26_eobs_4004__2023__southbound_01,Europa / DER A1A26 (eobs 4004),40.294094,-3.6313875,40.293938,-3.6303704,40.286304,-3.6331505174723477,0.8809217259325928,0.08797644,0,0.07282742,0.7918271,0.8773195,40.294094,-3.63138747215271,0.08799787816301013
2023-10-30,Europa_DER_A1A26_eobs_4004__2023__southbound_01,Europa / DER A1A26 (eobs 4004),40.293938,-3.6303704,40.294025,-3.6306791,40.28544,-3.629288927048722,0.962072472988569,0.02798572,0,0.08891344,0.7918271,0.9477537,40.293938,-3.6303703784942627,0.027944390976647387
2023-10-31,Europa_DER_A1A26_eobs_4004__2023__southbound_01,Europa / DER A1A26 (eobs 4004),40.294025,-3.6306791,40.233955,-3.6288927,40.288765,-3.643885706724119,6.225923035156742,6.68133,0,0.14307603,0.7918271,1.2613497,40.294025,-3.630679130554199,6.681212435616942
2023-11-01,Europa_DER_A1A26_eobs_4004__2023__southbound_01,Europa / DER A1A26 (eobs 4004),40.233955,-3.6288927,40.294243,-3.630768,40.225582,-3.6448352428718644,7.727486840336743,6.7054505,0,0.17649849,0.7918271,1.6398128,40.233955,-3.628892660140991,6.705559058582647
2023-11-02,Europa_DER_A1A26_eobs_4004__2023__southbound_01,Europa / DER A1A26 (eobs 4004),40.294243,-3.630768,40.294476,-3.630686,40.28731,-3.633136832032464,0.8232757526558148,0.02674193,0,0.050751552,0.7918271,0.79499745,40.294243,-3.630768060684204,0.026793390201652945
2023-11-03,Europa_DER_A1A26_eobs_4004__2023__southbound_01,Europa / DER A1A26 (eobs 4004),40.294476,-3.630686,40.294044,-3.6306248,40.289692,-3.639591169330906,0.9014325882253602,0.048162032,0,0.09060916,0.7918271,0.9221211,40.294476,-3.630686044692993,0.0482127303791936
2023-11-04,Europa_DER_A1A26_eobs_4004__2023__southbound_01,Europa / DER A1A26 (eobs 4004),40.294044,-3.6306248,40.294518,-3.6306653,40.286358,-3.6385757889319796,1.128441137241804,0.052774444,0,0.11854915,0.7918271,1.0869558,40.294044,-3.630624771118164,0.05270998106952697
2023-11-05,Europa_DER_A1A26_eobs_4004__2023__southbound_01,Europa / DER A1A26 (eobs 4004),40.294518,-3.6306653,40.29401,-3.6303928,40.287956,-3.6386171684764976,0.9694044426559303,0.06105275,0,0.10675681,0.7918271,0.9919311,40.294518,-3.6306653022766113,0.060966166262309905
2023-11-06,Europa_DER_A1A26_eobs_4004__2023__southbound_01,Europa / DER A1A26 (eobs 4004),40.29401,-3.6303928,40.294495,-3.630813,40.2833,-3.6444464977816593,1.6991607766431924,0.064784974,0,0.25392798,0.7918271,1.6819946,40.29401,-3.6303927898406982,0.06458667072491003
2023-11-07,Europa_DER_A1A26_eobs_4004__2023__southbound_01,Europa / DER A1A26 (eobs 4004),40.294495,-3.630813,40.294518,-3.6308484,40.291412,-3.6422319451862384,1.0253639028854071,0.003922406,0,0.08645623,0.7918271,1.025556,40.294495,-3.630812883377075,0.0039439561187256155
2023-11-08,Europa_DER_A1A26_eobs_4004__2023__southbound_01,Europa / DER A1A26 (eobs 4004),40.294518,-3.6308484,40.29398,-3.63043,40.292656,-3.642082438160341,0.9991843753367402,0.069742784,0,0.06743447,0.7918271,0.9733385,40.294518,-3.6308484077453613,0.06954459156571913
2023-11-09,Europa_DER_A1A26_eobs_4004__2023__southbound_01,Europa / DER A1A26 (eobs 4004),40.29398,-3.63043,40.230637,-3.632524,40.291073,-3.6408378842050317,6.757140805698545,7.045593,0,0.05498862,0.7918271,0.9383264,40.29398,-3.630429983139038,7.045676145910181
2023-11-10,Europa_DER_A1A26_eobs_4004__2023__southbound_01,Europa / DER A1A26 (eobs 4004),40.230637,-3.632524,40.29462,-3.6304753,40.225018,-3.641508467082037,7.795927924753603,7.1168957,0,0.06678325,0.7918271,0.98412895,40.230637,-3.632524013519287,7.116820256588532
2023-11-11,Europa_DER_A1A26_eobs_4004__2023__southbound_01,Europa / DER A1A26 (eobs 4004),40.29462,-3.6304753,40.15533,-3.5734997,40.288113,-3.6348815720688328,15.657468408635161,16.226252,1,0.04267469,0.7918271,0.8130195,40.29462,-3.6304752826690674,16.226124426463898
2023-11-12,Europa_DER_A1A26_eobs_4004__2023__southbound_01,Europa / DER A1A26 (eobs 4004),40.15533,-3.5734997,40.230537,-3.632368,40.145233,-3.5751329374524565,10.658839029324081,9.743647,0,0.110486105,0.7918271,1.129427,40.15533,-3.5734996795654297,9.743499629222711
