target_date,path_id,source_bird_id,current_lat,current_lon,target_lat,target_lon,pred_lat,pred_lon,error_km,target_step_km,true_fly_label,pred_delta_lat,pred_delta_lon
2019-10-04,Europa_DER_A1A26_eobs_4004__2019__southbound_01,Europa / DER A1A26 (eobs 4004),40.31553,-3.624319,40.31508,-3.6234944,40.269493,-3.6718745,6.521591700017071,0.08582349,0,-0.04603578,-0.047555517
2019-10-04,Mirabell_plus_DER_AN910_eobs_3907__2019__southbound_01,Mirabell + / DER AN910 (eobs 3907),34.577053,-6.2751236,34.575954,-6.268496,34.557106,-6.2910113,2.9398803271880816,0.6189888,0,-0.01994861,-0.015887663
2019-10-04,Muffine_DER_AN922_eobs_3921__2019__southbound_01,Muffine / DER AN922 (eobs 3921),41.657887,0.9380409,41.65894,0.9506842,41.644566,0.92068404,2.9609749565711487,1.056834,0,-0.013320208,-0.017356895
2019-10-04,Sara_plus_DER_AU017_eobs_3941__2019__southbound_01,Sara + / DER AU017 (eobs 3941),41.67074,0.9411226,41.669487,0.6590449,41.65912,0.92368525,22.013494442479736,23.430073,0,-0.011618696,-0.017437339
2019-10-04,Zozu_plus_DER_AL581_eobs2541__2019__southbound_01,Zozu + / DER AL581 (eobs2541),41.610508,0.6167896,41.610683,0.6169417,41.60993,0.6137861,0.2754655667849161,0.023515446,0,-0.0005804822,-0.003003478
2019-10-05,Angela_DER_AY470_eobs_4001__2019__southbound_01,Angela / DER AY470 (eobs 4001),40.31994,-3.590066,40.32024,-3.5903344,40.315083,-3.593812,0.6448372982419124,0.040545892,0,-0.0048573986,-0.0037459657
2019-10-05,Europa_DER_A1A26_eobs_4004__2019__southbound_01,Europa / DER A1A26 (eobs 4004),40.31508,-3.6234944,40.318096,-3.6108007,40.294014,-3.6387541,3.5762259636194815,1.1271979,0,-0.021066144,-0.015259765
2019-10-05,Mirabell_plus_DER_AN910_eobs_3907__2019__southbound_01,Mirabell + / DER AN910 (eobs 3907),34.575954,-6.268496,34.57569,-6.270251,34.549576,-6.277422,2.9772259320453287,0.16327731,0,-0.0263775,-0.008926049
2019-10-05,Muffine_DER_AN922_eobs_3921__2019__southbound_01,Muffine / DER AN922 (eobs 3921),41.65894,0.9506842,41.6328,0.9337152,41.655563,0.94933116,2.8442935076824547,3.230313,0,-0.0033766031,-0.0013530552
2019-10-05,Sara_plus_DER_AU017_eobs_3941__2019__southbound_01,Sara + / DER AU017 (eobs 3941),41.669487,0.6590449,41.61342,0.6172626,41.629677,0.6145381,1.821966506272413,7.135888,0,-0.039808623,-0.044506818
2019-10-05,Zozu_plus_DER_AL581_eobs2541__2019__southbound_01,Zozu + / DER AL581 (eobs2541),41.610683,0.6169417,41.61029,0.6167641,41.60958,0.614653,0.19243423934794904,0.04637831,0,-0.001100637,-0.002288714
2019-10-06,Angela_DER_AY470_eobs_4001__2019__southbound_01,Angela / DER AY470 (eobs 4001),40.32024,-3.5903344,40.309612,-3.5993412,40.313217,-3.5995705,0.4013173923108984,1.4070065,0,-0.0070217997,-0.009236164
2019-10-06,Europa_DER_A1A26_eobs_4004__2019__southbound_01,Europa / DER A1A26 (eobs 4004),40.318096,-3.6108007,40.318092,-3.6107912,40.303192,-3.6208966,1.8652822732096876,0.00087278016,0,-0.014905795,-0.0100959465
2019-10-06,Mirabell_plus_DER_AN910_eobs_3907__2019__southbound_01,Mirabell + / DER AN910 (eobs 3907),34.57569,-6.270251,34.6548,-6.2701974,34.54953,-6.294234,11.910487644973061,8.796428,0,-0.026160717,-0.02398295
2019-10-06,Muffine_DER_AN922_eobs_3921__2019__southbound_01,Muffine / DER AN922 (eobs 3921),41.6328,0.9337152,41.645718,0.95446366,41.62103,0.9216107,3.8718636975845926,2.2440295,0,-0.011772871,-0.012104519
2019-10-06,Sara_plus_DER_AU017_eobs_3941__2019__southbound_01,Sara + / DER AU017 (eobs 3941),41.61342,0.6172626,41.61643,0.61756337,41.582214,0.5887635,4.495403873098578,0.33524162,0,-0.031204402,-0.028499112
2019-10-06,Zozu_plus_DER_AL581_eobs2541__2019__southbound_01,Zozu + / DER AL581 (eobs2541),41.61029,0.6167641,41.539074,0.61516553,41.601345,0.60447156,6.981158020889525,7.920052,0,-0.008945033,-0.012292564
2019-10-07,Angela_DER_AY470_eobs_4001__2019__southbound_01,Angela / DER AY470 (eobs 4001),40.309612,-3.5993412,40.311607,-3.5891268,40.291996,-3.6181471,3.2881481684448572,0.8940414,0,-0.017615527,-0.018805973
2019-10-07,Europa_DER_A1A26_eobs_4004__2019__southbound_01,Europa / DER A1A26 (eobs 4004),40.318092,-3.6107912,40.31815,-3.610764,40.29888,-3.6246703,2.4455660694943386,0.0067579583,0,-0.01921194,-0.013879143
2019-10-07,Mirabell_plus_DER_AN910_eobs_3907__2019__southbound_01,Mirabell + / DER AN910 (eobs 3907),34.6548,-6.2701974,34.573524,-6.270136,34.63643,-6.2818446,7.076268254061763,9.037176,0,-0.018372983,-0.011647128
2019-10-07,Muffine_DER_AN922_eobs_3921__2019__southbound_01,Muffine / DER AN922 (eobs 3921),41.645718,0.95446366,41.575005,0.61446726,41.643894,0.9530503,29.17318257635104,29.339867,0,-0.001823172,-0.0014133379
2019-10-07,Sara_plus_DER_AU017_eobs_3941__2019__southbound_01,Sara + / DER AU017 (eobs 3941),41.61643,0.61756337,41.793343,0.8094832,41.613266,0.6115531,25.90268714285665,25.314695,0,-0.0031615496,-0.006010294
2019-10-07,Zozu_plus_DER_AL581_eobs2541__2019__southbound_01,Zozu + / DER AL581 (eobs2541),41.539074,0.61516553,41.537872,0.6150104,41.52473,0.60215116,1.8113838844018293,0.13411836,0,-0.014342941,-0.013014406
2019-10-08,Angela_DER_AY470_eobs_4001__2019__southbound_01,Angela / DER AY470 (eobs 4001),40.311607,-3.5891268,40.319916,-3.599183,40.303596,-3.5920799,1.9119625453009288,1.2571043,0,-0.00801111,-0.0029529408
2019-10-08,Europa_DER_A1A26_eobs_4004__2019__southbound_01,Europa / DER A1A26 (eobs 4004),40.31815,-3.610764,40.30967,-3.610823,40.306942,-3.6194682,0.7933343924466583,0.94295865,0,-0.01120609,-0.008704245
2019-10-08,Mirabell_plus_DER_AN910_eobs_3907__2019__southbound_01,Mirabell + / DER AN910 (eobs 3907),34.573524,-6.270136,34.62109,-6.270438,34.536263,-6.2880974,9.569945678910983,5.288877,0,-0.037261866,-0.017961398
2019-10-08,Muffine_DER_AN922_eobs_3921__2019__southbound_01,Muffine / DER AN922 (eobs 3921),41.575005,0.61446726,41.541462,0.5643025,41.46876,0.5324074,8.509083072756294,5.5975504,0,-0.1062415,-0.082059845
2019-10-08,Sara_plus_DER_AU017_eobs_3941__2019__southbound_01,Sara + / DER AU017 (eobs 3941),41.793343,0.8094832,41.635834,0.6868267,41.78917,0.80468553,19.65745368999576,20.25825,0,-0.0041749775,-0.004797615
2019-10-08,Zozu_plus_DER_AL581_eobs2541__2019__southbound_01,Zozu + / DER AL581 (eobs2541),41.537872,0.6150104,41.61028,0.6166048,41.528824,0.6048338,9.110202147338097,8.052562,0,-0.009049095,-0.010176584
2019-10-09,Angela_DER_AY470_eobs_4001__2019__southbound_01,Angela / DER AY470 (eobs 4001),40.319916,-3.599183,40.314617,-3.624203,40.314957,-3.606468,1.5041610377788543,2.201492,0,-0.0049579367,-0.007284783
2019-10-09,Europa_DER_A1A26_eobs_4004__2019__southbound_01,Europa / DER A1A26 (eobs 4004),40.30967,-3.610823,40.263287,-3.6335907,40.281586,-3.6345415,2.0363685501840365,5.507276,0,-0.028085351,-0.023718655
2019-10-09,Mirabell_plus_DER_AN910_eobs_3907__2019__southbound_01,Mirabell + / DER AN910 (eobs 3907),34.62109,-6.270438,34.5758,-6.267915,34.60349,-6.28166,3.3258640925856735,5.0408072,0,-0.017600097,-0.011221908
2019-10-09,Muffine_DER_AN922_eobs_3921__2019__southbound_01,Muffine / DER AN922 (eobs 3921),41.541462,0.5643025,41.537674,0.6149191,41.52483,0.5488021,5.685874671572001,4.233782,0,-0.016632445,-0.015500426
2019-10-09,Sara_plus_DER_AU017_eobs_3941__2019__southbound_01,Sara + / DER AU017 (eobs 3941),41.635834,0.6868267,41.531277,0.4927269,41.57462,0.6403992,13.199440610512939,19.894474,0,-0.061215904,-0.046427462
2019-10-09,Zozu_plus_DER_AL581_eobs2541__2019__southbound_01,Zozu + / DER AL581 (eobs2541),41.61028,0.6166048,41.5378,0.6153485,41.60879,0.6132928,7.895759357357595,8.060258,0,-0.0014858991,-0.0033119842
2019-10-10,Angela_DER_AY470_eobs_4001__2019__southbound_01,Angela / DER AY470 (eobs 4001),40.314617,-3.624203,40.184715,-3.6242607,40.293873,-3.6464543,12.283101630473613,14.444453,0,-0.020744205,-0.022251375
2019-10-10,Europa_DER_A1A26_eobs_4004__2019__southbound_01,Europa / DER A1A26 (eobs 4004),40.263287,-3.6335907,40.314453,-3.6328938,40.21828,-3.67145,11.183075634829589,5.69007,0,-0.045004718,-0.03785929
2019-10-10,Mirabell_plus_DER_AN910_eobs_3907__2019__southbound_01,Mirabell + / DER AN910 (eobs 3907),34.5758,-6.267915,34.67511,-6.2699747,34.53798,-6.2853327,15.312909603812388,11.043925,0,-0.037823018,-0.017417692
2019-10-10,Sara_plus_DER_AU017_eobs_3941__2019__southbound_01,Sara + / DER AU017 (eobs 3941),41.531277,0.4927269,41.524155,0.43048176,41.488518,0.45429504,4.431116193627784,5.2417607,0,-0.04276015,-0.038431868
2019-10-10,Zozu_plus_DER_AL581_eobs2541__2019__southbound_01,Zozu + / DER AL581 (eobs2541),41.5378,0.6153485,41.59592,0.616196,41.52406,0.60311884,8.064357747464916,6.4632597,0,-0.013742313,-0.012229666
2019-10-11,Angela_DER_AY470_eobs_4001__2019__southbound_01,Angela / DER AY470 (eobs 4001),40.184715,-3.6242607,39.845528,-4.2743297,40.12219,-3.657064,60.92786752039236,66.98726,1,-0.062527806,-0.032803215
2019-10-11,Europa_DER_A1A26_eobs_4004__2019__southbound_01,Europa / DER A1A26 (eobs 4004),40.314453,-3.6328938,40.184998,-3.5705547,40.3031,-3.6419134,14.461812640546492,15.336437,0,-0.011352122,-0.009019531
2019-10-11,Mirabell_plus_DER_AN910_eobs_3907__2019__southbound_01,Mirabell + / DER AN910 (eobs 3907),34.67511,-6.2699747,34.66516,-6.2728286,34.653976,-6.2832875,1.5690262511518398,1.1366909,0,-0.021133497,-0.01331263
2019-10-11,Zozu_plus_DER_AL581_eobs2541__2019__southbound_01,Zozu + / DER AL581 (eobs2541),41.59592,0.616196,41.602955,0.6165084,41.594604,0.61370856,0.9572638154078001,0.782733,0,-0.0013143048,-0.002487421
2019-10-12,Angela_DER_AY470_eobs_4001__2019__southbound_01,Angela / DER AY470 (eobs 4001),39.845528,-4.2743297,40.03709,-4.659628,39.442448,-4.6746845,66.13386749263866,39.14986,1,-0.4030799,-0.40035495
2019-10-12,Europa_DER_A1A26_eobs_4004__2019__southbound_01,Europa / DER A1A26 (eobs 4004),40.184998,-3.5705547,40.263615,-3.624157,40.125973,-3.6051567,15.389951351445287,9.855519,0,-0.05902579,-0.034601904
2019-10-12,Mirabell_plus_DER_AN910_eobs_3907__2019__southbound_01,Mirabell + / DER AN910 (eobs 3907),34.66516,-6.2728286,34.677986,-6.2797837,34.626614,-6.295055,5.8806842688163234,1.5614245,0,-0.038545936,-0.022226542
2019-10-12,Zozu_plus_DER_AL581_eobs2541__2019__southbound_01,Zozu + / DER AL581 (eobs2541),41.602955,0.6165084,41.59596,0.6161943,41.602226,0.6145351,0.7104458546933471,0.77850914,0,-0.000729166,-0.001973316
2019-10-13,Angela_DER_AY470_eobs_4001__2019__southbound_01,Angela / DER AY470 (eobs 4001),40.03709,-4.659628,39.9955,-4.648759,39.958244,-4.723754,7.6154988985707215,4.7163844,0,-0.07884747,-0.06412581
2019-10-13,Europa_DER_A1A26_eobs_4004__2019__southbound_01,Europa / DER A1A26 (eobs 4004),40.263615,-3.624157,40.26136,-3.6350014,40.24621,-3.6403363,1.7445922902996784,0.9536689,0,-0.017405897,-0.016179398
2019-10-13,Mirabell_plus_DER_AN910_eobs_3907__2019__southbound_01,Mirabell + / DER AN910 (eobs 3907),34.677986,-6.2797837,34.68023,-6.254367,34.656433,-6.295338,4.587054298042083,2.3375192,0,-0.021553107,-0.015554339
2019-10-13,Zozu_plus_DER_AL581_eobs2541__2019__southbound_01,Zozu + / DER AL581 (eobs2541),41.59596,0.6161943,41.61031,0.6166738,41.58962,0.60835993,2.4023455512154905,1.5960696,0,-0.006339282,-0.00783439
2019-10-14,Angela_DER_AY470_eobs_4001__2019__southbound_01,Angela / DER AY470 (eobs 4001),39.9955,-4.648759,39.84312,-4.2544575,39.96196,-4.663805,37.33481694507194,37.65398,1,-0.033539727,-0.015046336
2019-10-14,Europa_DER_A1A26_eobs_4004__2019__southbound_01,Europa / DER A1A26 (eobs 4004),40.26136,-3.6350014,40.25981,-3.6353517,40.224186,-3.6719205,5.0325528654119545,0.17484055,0,-0.037175734,-0.036919028
2019-10-14,Mirabell_plus_DER_AN910_eobs_3907__2019__southbound_01,Mirabell + / DER AN910 (eobs 3907),34.68023,-6.254367,34.67375,-6.256478,34.654327,-6.2615447,2.2090545689916694,0.74571836,0,-0.02590318,-0.0071780384
2019-10-14,Zozu_plus_DER_AL581_eobs2541__2019__southbound_01,Zozu + / DER AL581 (eobs2541),41.61031,0.6166738,41.537804,0.61668706,41.609665,0.61500496,7.991844411088858,8.062116,0,-0.0006441921,-0.0016688481
2019-10-15,Angela_DER_AY470_eobs_4001__2019__southbound_01,Angela / DER AY470 (eobs 4001),39.84312,-4.2544575,39.85417,-4.2544293,39.801464,-4.2594256,5.876343261446076,1.2291751,0,-0.04165673,-0.0049683377
2019-10-15,Europa_DER_A1A26_eobs_4004__2019__southbound_01,Europa / DER A1A26 (eobs 4004),40.25981,-3.6353517,40.31291,-3.5207975,40.222153,-3.6655893,15.898423566577891,11.369806,0,-0.037659463,-0.03023775
2019-10-15,Mirabell_plus_DER_AN910_eobs_3907__2019__southbound_01,Mirabell + / DER AN910 (eobs 3907),34.67375,-6.256478,34.669426,-6.2579274,34.63849,-6.276508,3.836986870696892,0.49863538,0,-0.035263807,-0.020029925
2019-10-15,Zozu_plus_DER_AL581_eobs2541__2019__southbound_01,Zozu + / DER AL581 (eobs2541),41.537804,0.61668706,41.558517,0.6160806,41.528343,0.60725373,3.434706665673896,2.3036532,0,-0.009460114,-0.009433307
2019-10-16,Angela_DER_AY470_eobs_4001__2019__southbound_01,Angela / DER AY470 (eobs 4001),39.85417,-4.2544293,39.854153,-4.253787,39.84898,-4.256351,0.6154182320616205,0.054859973,0,-0.005192004,-0.0019215122
2019-10-16,Europa_DER_A1A26_eobs_4004__2019__southbound_01,Europa / DER A1A26 (eobs 4004),40.31291,-3.5207975,40.31289,-3.5173554,40.29919,-3.5287423,1.8034747166542608,0.2918607,0,-0.013717324,-0.00794486
2019-10-16,Mirabell_plus_DER_AN910_eobs_3907__2019__southbound_01,Mirabell + / DER AN910 (eobs 3907),34.669426,-6.2579274,34.675194,-6.259014,34.622177,-6.2822056,6.265284579624394,0.64897716,0,-0.047250256,-0.024278201
2019-10-16,Zozu_plus_DER_AL581_eobs2541__2019__southbound_01,Zozu + / DER AL581 (eobs2541),41.558517,0.6160806,41.540104,0.61511344,41.557602,0.6143461,1.946740928139877,2.0489552,0,-0.0009153709,-0.0017345026
2019-10-17,Angela_DER_AY470_eobs_4001__2019__southbound_01,Angela / DER AY470 (eobs 4001),39.854153,-4.253787,39.855946,-4.2355037,39.844128,-4.254538,2.089781091273598,1.573323,0,-0.010026187,-0.0007511154
2019-10-17,Europa_DER_A1A26_eobs_4004__2019__southbound_01,Europa / DER A1A26 (eobs 4004),40.31289,-3.5173554,40.30084,-3.5243456,40.297783,-3.5269156,0.40365759307357424,1.4650244,0,-0.01510489,-0.00956016
2019-10-17,Mirabell_plus_DER_AN910_eobs_3907__2019__southbound_01,Mirabell + / DER AN910 (eobs 3907),34.675194,-6.259014,34.66244,-6.258865,34.651443,-6.2731633,1.7904950837732885,1.418014,0,-0.023751974,-0.014149152
2019-10-17,Zozu_plus_DER_AL581_eobs2541__2019__southbound_01,Zozu + / DER AL581 (eobs2541),41.540104,0.61511344,41.537834,0.61512095,41.535267,0.60833603,0.6327821641059128,0.2524692,0,-0.0048358664,-0.0067774057
2019-10-18,Angela_DER_AY470_eobs_4001__2019__southbound_01,Angela / DER AY470 (eobs 4001),39.855946,-4.2355037,39.856808,-4.2536893,39.844395,-4.237042,1.981093647275575,1.5552604,0,-0.011552103,-0.0015384629
2019-10-18,Europa_DER_A1A26_eobs_4004__2019__southbound_01,Europa / DER A1A26 (eobs 4004),40.30084,-3.5243456,40.311436,-3.5242994,40.26914,-3.5521686,5.263851931664726,1.1784297,0,-0.031699397,-0.027823016
2019-10-18,Mirabell_plus_DER_AN910_eobs_3907__2019__southbound_01,Mirabell + / DER AN910 (eobs 3907),34.66244,-6.258865,34.66693,-6.2491794,34.629166,-6.2750773,4.821490934440968,1.0166361,0,-0.03327448,-0.016212568
2019-10-18,Zozu_plus_DER_AL581_eobs2541__2019__southbound_01,Zozu + / DER AL581 (eobs2541),41.537834,0.61512095,41.537945,0.6150522,41.53376,0.6093792,0.6629386919682707,0.013579352,0,-0.004075147,-0.0057417825
2019-10-19,Angela_DER_AY470_eobs_4001__2019__southbound_01,Angela / DER AY470 (eobs 4001),39.856808,-4.2536893,39.85583,-4.240588,39.845688,-4.265795,2.429505261836092,1.1235834,0,-0.01111944,-0.01210586
2019-10-19,Europa_DER_A1A26_eobs_4004__2019__southbound_01,Europa / DER A1A26 (eobs 4004),40.311436,-3.5242994,40.298965,-3.5981193,40.299133,-3.532854,5.534920485601372,6.4115763,0,-0.012303948,-0.008554675
2019-10-19,Mirabell_plus_DER_AN910_eobs_3907__2019__southbound_01,Mirabell + / DER AN910 (eobs 3907),34.66693,-6.2491794,34.67161,-6.257074,34.64701,-6.256071,2.737045413297431,0.8901679,0,-0.019918501,-0.0068915263
2019-10-19,Zozu_plus_DER_AL581_eobs2541__2019__southbound_01,Zozu + / DER AL581 (eobs2541),41.537945,0.6150522,41.610313,0.61666137,41.533676,0.6103989,8.537596376023991,8.048279,0,-0.0042693987,-0.004653357
2019-10-20,Angela_DER_AY470_eobs_4001__2019__southbound_01,Angela / DER AY470 (eobs 4001),39.85583,-4.240588,39.85592,-4.23022,39.842888,-4.242707,1.7988539739792806,0.88508564,0,-0.0129451305,-0.0021184012
2019-10-20,Europa_DER_A1A26_eobs_4004__2019__southbound_01,Europa / DER A1A26 (eobs 4004),40.298965,-3.5981193,40.26033,-3.6356018,40.262886,-3.6322892,0.39972016134725846,5.3448567,0,-0.03607778,-0.03417
2019-10-20,Mirabell_plus_DER_AN910_eobs_3907__2019__southbound_01,Mirabell + / DER AN910 (eobs 3907),34.67161,-6.257074,34.662838,-6.260412,34.64571,-6.2758355,2.3701316448911944,1.0225567,0,-0.025900684,-0.018761411
2019-10-20,Zozu_plus_DER_AL581_eobs2541__2019__southbound_01,Zozu + / DER AL581 (eobs2541),41.610313,0.61666137,41.578003,0.6163237,41.608776,0.6156425,3.4222932196098372,3.592945,0,-0.0015379116,-0.0010189041
2019-10-21,Angela_DER_AY470_eobs_4001__2019__southbound_01,Angela / DER AY470 (eobs 4001),39.85592,-4.23022,39.848244,-4.326322,39.84325,-4.2323704,8.040085888143286,8.248008,0,-0.012668014,-0.0021505654
2019-10-21,Europa_DER_A1A26_eobs_4004__2019__southbound_01,Europa / DER A1A26 (eobs 4004),40.26033,-3.6356018,40.260414,-3.635485,40.219315,-3.67124,5.486001129353771,0.013717553,0,-0.041016165,-0.035638265
2019-10-21,Mirabell_plus_DER_AN910_eobs_3907__2019__southbound_01,Mirabell + / DER AN910 (eobs 3907),34.662838,-6.260412,34.665943,-6.2579665,34.63138,-6.2785997,4.281882522663558,0.4117195,0,-0.03145998,-0.018187493
2019-10-21,Zozu_plus_DER_AL581_eobs2541__2019__southbound_01,Zozu + / DER AL581 (eobs2541),41.578003,0.6163237,41.59601,0.6161503,41.57368,0.6113472,2.5146335442240906,2.0021973,0,-0.004323475,-0.0049764886
2019-10-22,Angela_DER_AY470_eobs_4001__2019__southbound_01,Angela / DER AY470 (eobs 4001),39.848244,-4.326322,39.954094,-5.613264,39.815758,-4.352964,108.62719860010831,110.40884,1,-0.03248634,-0.02664183
2019-10-22,Europa_DER_A1A26_eobs_4004__2019__southbound_01,Europa / DER A1A26 (eobs 4004),40.260414,-3.635485,40.263466,-3.632651,40.25078,-3.6396463,1.5306027885271647,0.41601527,0,-0.009635434,-0.0041613653
2019-10-22,Mirabell_plus_DER_AN910_eobs_3907__2019__southbound_01,Mirabell + / DER AN910 (eobs 3907),34.665943,-6.2579665,34.691273,-6.204316,34.64749,-6.2651763,7.394460610190636,5.656851,0,-0.01845222,-0.007209912
2019-10-22,Zozu_plus_DER_AL581_eobs2541__2019__southbound_01,Zozu + / DER AL581 (eobs2541),41.59601,0.6161503,41.61064,0.61687756,41.595573,0.6162572,1.6762873067679216,1.6282575,0,-0.00043438375,0.00010690093
2019-10-23,Angela_DER_AY470_eobs_4001__2019__southbound_01,Angela / DER AY470 (eobs 4001),39.954094,-5.613264,39.1135,-5.755673,39.761116,-5.7614346,72.01356190960036,94.26441,1,-0.19297707,-0.14817058
2019-10-23,Europa_DER_A1A26_eobs_4004__2019__southbound_01,Europa / DER A1A26 (eobs 4004),40.263466,-3.632651,40.2248,-3.6572292,40.255066,-3.6368475,3.784031175126902,4.7788897,0,-0.008398436,-0.0041964576
2019-10-23,Mirabell_plus_DER_AN910_eobs_3907__2019__southbound_01,Mirabell + / DER AN910 (eobs 3907),34.691273,-6.204316,34.694874,-6.2029552,34.675304,-6.2087555,2.239716818588473,0.4193376,0,-0.015967995,-0.0044394284
2019-10-23,Zozu_plus_DER_AL581_eobs2541__2019__southbound_01,Zozu + / DER AL581 (eobs2541),41.61064,0.61687756,41.600063,0.6174505,41.610416,0.617218,1.1513747272447181,1.1773801,0,-0.00022595376,0.00034047663
2019-10-24,Angela_DER_AY470_eobs_4001__2019__southbound_01,Angela / DER AY470 (eobs 4001),39.1135,-5.755673,38.948307,-5.709458,38.7667,-5.8887353,25.470789649693117,18.797144,0,-0.3467976,-0.13306257
2019-10-24,Europa_DER_A1A26_eobs_4004__2019__southbound_01,Europa / DER A1A26 (eobs 4004),40.2248,-3.6572292,40.23464,-3.645399,40.192112,-3.6849294,5.798951995910489,1.4851036,0,-0.032689232,-0.0277002
2019-10-24,Mirabell_plus_DER_AN910_eobs_3907__2019__southbound_01,Mirabell + / DER AN910 (eobs 3907),34.694874,-6.2029552,34.68872,-6.2207265,34.679256,-6.209703,1.4572098849225448,1.7630408,0,-0.015615754,-0.006747626
2019-10-24,Zozu_plus_DER_AL581_eobs2541__2019__southbound_01,Zozu + / DER AL581 (eobs2541),41.600063,0.6174505,41.609962,0.6165721,41.597385,0.6140028,1.4147286778507628,1.1032622,0,-0.0026772916,-0.0034476817
2019-10-25,Angela_DER_AY470_eobs_4001__2019__southbound_01,Angela / DER AY470 (eobs 4001),38.948307,-5.709458,38.94723,-5.709857,38.893234,-5.726992,6.18449538433403,0.12478739,0,-0.05507383,-0.017534181
2019-10-25,Europa_DER_A1A26_eobs_4004__2019__southbound_01,Europa / DER A1A26 (eobs 4004),40.23464,-3.645399,40.23668,-3.6507943,40.22552,-3.6493816,1.2464954556953354,0.51113087,0,-0.009116329,-0.0039825514
2019-10-25,Mirabell_plus_DER_AN910_eobs_3907__2019__southbound_01,Mirabell + / DER AN910 (eobs 3907),34.68872,-6.2207265,34.257607,-6.580606,34.663216,-6.241091,54.80035724933801,58.192104,1,-0.025503226,-0.02036447
2019-10-25,Zozu_plus_DER_AL581_eobs2541__2019__southbound_01,Zozu + / DER AL581 (eobs2541),41.609962,0.6165721,41.610275,0.6163587,41.609634,0.61689425,0.08402767753908835,0.039184153,0,-0.0003265515,0.0003221482
2019-10-26,Angela_DER_AY470_eobs_4001__2019__southbound_01,Angela / DER AY470 (eobs 4001),38.94723,-5.709857,38.947388,-5.7097907,38.93266,-5.716883,1.7488497164638612,0.018385515,0,-0.01457341,-0.007026024
2019-10-26,Europa_DER_A1A26_eobs_4004__2019__southbound_01,Europa / DER A1A26 (eobs 4004),40.23668,-3.6507943,40.234173,-3.6368718,40.22177,-3.6639247,2.6788590179209555,1.214238,0,-0.014907032,-0.013130516
2019-10-26,Zozu_plus_DER_AL581_eobs2541__2019__southbound_01,Zozu + / DER AL581 (eobs2541),41.610275,0.6163587,41.610584,0.61681426,41.607384,0.61375594,0.43738438555231096,0.051043432,0,-0.0028903782,-0.0026027784
2019-10-27,Angela_DER_AY470_eobs_4001__2019__southbound_01,Angela / DER AY470 (eobs 4001),38.947388,-5.7097907,38.942554,-5.709756,38.93976,-5.7092996,0.3134155361446624,0.53734195,0,-0.0076300204,0.0004911348
2019-10-27,Europa_DER_A1A26_eobs_4004__2019__southbound_01,Europa / DER A1A26 (eobs 4004),40.234173,-3.6368718,40.236473,-3.6445563,40.221012,-3.644021,1.7197839814690865,0.7005358,0,-0.013159215,-0.0071491525
2019-10-27,Zozu_plus_DER_AL581_eobs2541__2019__southbound_01,Zozu + / DER AL581 (eobs2541),41.610584,0.61681426,41.610622,0.6168569,41.611797,0.61977446,0.27550596656180226,0.0054355734,0,0.0012119114,0.0029602349
2019-10-28,Angela_DER_AY470_eobs_4001__2019__southbound_01,Angela / DER AY470 (eobs 4001),38.942554,-5.709756,38.942482,-5.709736,38.93238,-5.7137494,1.175635729954073,0.008187163,0,-0.010173976,-0.0039936677
2019-10-28,Europa_DER_A1A26_eobs_4004__2019__southbound_01,Europa / DER A1A26 (eobs 4004),40.236473,-3.6445563,40.228268,-3.6555796,40.221176,-3.6580315,0.8155559788750413,1.3069922,0,-0.01529634,-0.013475068
2019-10-28,Zozu_plus_DER_AL581_eobs2541__2019__southbound_01,Zozu + / DER AL581 (eobs2541),41.610622,0.6168569,41.610577,0.6168313,41.61206,0.6199597,0.3080117724501133,0.0053967065,0,0.0014382154,0.0031028092
2019-10-29,Angela_DER_AY470_eobs_4001__2019__southbound_01,Angela / DER AY470 (eobs 4001),38.942482,-5.709736,38.947273,-5.709876,38.932034,-5.712004,1.7045478951188544,0.5328847,0,-0.010447428,-0.00226821
2019-10-29,Europa_DER_A1A26_eobs_4004__2019__southbound_01,Europa / DER A1A26 (eobs 4004),40.228268,-3.6555796,40.228695,-3.6531482,40.20067,-3.6805482,3.8890973265252495,0.21183082,0,-0.027598463,-0.024968602
2019-10-29,Zozu_plus_DER_AL581_eobs2541__2019__southbound_01,Zozu + / DER AL581 (eobs2541),41.610577,0.6168313,41.610184,0.6169072,41.610104,0.6136814,0.26833601326076295,0.044130895,0,-0.000474222,-0.003149949
2019-10-30,Angela_DER_AY470_eobs_4001__2019__southbound_01,Angela / DER AY470 (eobs 4001),38.947273,-5.709876,38.94756,-5.709815,38.939453,-5.71042,0.9028909458137107,0.03239612,0,-0.007819675,-0.00054424256
2019-10-30,Europa_DER_A1A26_eobs_4004__2019__southbound_01,Europa / DER A1A26 (eobs 4004),40.228695,-3.6531482,40.263042,-3.633526,40.218204,-3.657735,5.392606146921056,4.166494,0,-0.010492042,-0.0045868233
2019-10-30,Zozu_plus_DER_AL581_eobs2541__2019__southbound_01,Zozu + / DER AL581 (eobs2541),41.610184,0.6169072,41.610344,0.6167396,41.609653,0.615846,0.10683551718219646,0.02265962,0,-0.00053201616,-0.001061216
2019-10-31,Angela_DER_AY470_eobs_4001__2019__southbound_01,Angela / DER AY470 (eobs 4001),38.94756,-5.709815,38.9477,-5.709777,38.941456,-5.708771,0.6998008048594668,0.015940262,0,-0.006102897,0.0010438189
2019-10-31,Europa_DER_A1A26_eobs_4004__2019__southbound_01,Europa / DER A1A26 (eobs 4004),40.263042,-3.633526,40.221237,-3.609409,40.254623,-3.637148,4.396100305815513,5.0793185,0,-0.008417621,-0.0036217645
2019-10-31,Zozu_plus_DER_AL581_eobs2541__2019__southbound_01,Zozu + / DER AL581 (eobs2541),41.610344,0.6167396,41.61039,0.61670965,41.608845,0.61531806,0.20711742357554414,0.00549471,0,-0.0014976636,-0.0014215335
2019-11-01,Angela_DER_AY470_eobs_4001__2019__southbound_01,Angela / DER AY470 (eobs 4001),38.9477,-5.709777,38.94789,-5.7095823,38.942898,-5.707949,0.5729278201339656,0.027114842,0,-0.00480102,0.0018277839
2019-11-01,Europa_DER_A1A26_eobs_4004__2019__southbound_01,Europa / DER A1A26 (eobs 4004),40.221237,-3.609409,40.263092,-3.6334133,40.201973,-3.6221106,6.863536858446194,5.0808387,0,-0.019264303,-0.012701623
2019-11-01,Zozu_plus_DER_AL581_eobs2541__2019__southbound_01,Zozu + / DER AL581 (eobs2541),41.61039,0.61670965,41.61056,0.6166181,41.610813,0.6175195,0.07999885908898342,0.020817084,0,0.00042242557,0.00080987066
2019-11-02,Angela_DER_AY470_eobs_4001__2019__southbound_01,Angela / DER AY470 (eobs 4001),38.94789,-5.7095823,38.947777,-5.709546,38.941875,-5.7063212,0.7130067589242378,0.013295717,0,-0.006015867,0.0032612458
2019-11-02,Europa_DER_A1A26_eobs_4004__2019__southbound_01,Europa / DER A1A26 (eobs 4004),40.263092,-3.6334133,40.26441,-3.6322372,40.25232,-3.6405396,1.5176492319329178,0.17686382,0,-0.010773972,-0.0071263984
2019-11-02,Zozu_plus_DER_AL581_eobs2541__2019__southbound_01,Zozu + / DER AL581 (eobs2541),41.61056,0.6166181,41.610626,0.6168728,41.611393,0.61805993,0.1304226208180909,0.022258906,0,0.0008318871,0.0014418289
2019-11-03,Angela_DER_AY470_eobs_4001__2019__southbound_01,Angela / DER AY470 (eobs 4001),38.947777,-5.709546,38.947834,-5.7096148,38.937523,-5.711049,1.1532375162571937,0.008610472,0,-0.01025556,-0.0015029386
2019-11-03,Europa_DER_A1A26_eobs_4004__2019__southbound_01,Europa / DER A1A26 (eobs 4004),40.26441,-3.6322372,40.26531,-3.5684195,40.256054,-3.635303,5.767896582047342,5.4158177,0,-0.008352667,-0.0030659437
2019-11-03,Zozu_plus_DER_AL581_eobs2541__2019__southbound_01,Zozu + / DER AL581 (eobs2541),41.610626,0.6168728,41.6106,0.6168585,41.612473,0.62113714,0.41219945249951767,0.0031877782,0,0.0018444508,0.0042643473
2019-11-04,Angela_DER_AY470_eobs_4001__2019__southbound_01,Angela / DER AY470 (eobs 4001),38.947834,-5.7096148,38.948036,-5.7095118,38.940975,-5.7123775,0.8233371363832618,0.02447394,0,-0.006857954,-0.002762653
2019-11-04,Europa_DER_A1A26_eobs_4004__2019__southbound_01,Europa / DER A1A26 (eobs 4004),40.26531,-3.5684195,40.320454,-3.5903769,40.25497,-3.5725644,7.436495030131155,6.4083366,0,-0.010339439,-0.00414481
2019-11-04,Zozu_plus_DER_AL581_eobs2541__2019__southbound_01,Zozu + / DER AL581 (eobs2541),41.6106,0.6168585,41.610603,0.6167747,41.61132,0.6150062,0.1672599047997817,0.0069865226,0,0.00072209537,-0.0018522814
2019-11-05,Angela_DER_AY470_eobs_4001__2019__southbound_01,Angela / DER AY470 (eobs 4001),38.948036,-5.7095118,38.94779,-5.7095337,38.943485,-5.706439,0.5482334349818293,0.027828755,0,-0.004550703,0.0030728728
2019-11-05,Europa_DER_A1A26_eobs_4004__2019__southbound_01,Europa / DER A1A26 (eobs 4004),40.320454,-3.5903769,40.32094,-3.590476,40.31074,-3.596201,1.233349491156554,0.054744285,0,-0.009710602,-0.0058240816
2019-11-05,Zozu_plus_DER_AL581_eobs2541__2019__southbound_01,Zozu + / DER AL581 (eobs2541),41.610603,0.6167747,41.57751,0.61590147,41.609703,0.6137321,3.5841607115590333,3.6802006,0,-0.0008988604,-0.003042601
2019-11-06,Angela_DER_AY470_eobs_4001__2019__southbound_01,Angela / DER AY470 (eobs 4001),38.94779,-5.7095337,38.94776,-5.709565,38.93604,-5.7134366,1.345807378509739,0.0040704077,0,-0.011750899,-0.0039027631
2019-11-06,Europa_DER_A1A26_eobs_4004__2019__southbound_01,Europa / DER A1A26 (eobs 4004),40.32094,-3.590476,40.32161,-3.590948,40.31214,-3.5949094,1.1050769498031237,0.08465342,0,-0.008795366,-0.004433356
2019-11-06,Zozu_plus_DER_AL581_eobs2541__2019__southbound_01,Zozu + / DER AL581 (eobs2541),41.57751,0.61590147,41.59604,0.6166428,41.576954,0.6150925,2.1260634850060978,2.0610116,0,-0.0005580187,-0.00080893934
2019-11-07,Angela_DER_AY470_eobs_4001__2019__southbound_01,Angela / DER AY470 (eobs 4001),38.94776,-5.709565,38.947758,-5.709442,38.93638,-5.7178497,1.4593660249676939,0.010640212,0,-0.011384785,-0.008284554
2019-11-07,Europa_DER_A1A26_eobs_4004__2019__southbound_01,Europa / DER A1A26 (eobs 4004),40.32161,-3.590948,40.320667,-3.5899677,40.311855,-3.5970516,1.1492707674769833,0.1336772,0,-0.009753928,-0.0061035827
2019-11-07,Zozu_plus_DER_AL581_eobs2541__2019__southbound_01,Zozu + / DER AL581 (eobs2541),41.59604,0.6166428,41.595917,0.6163382,41.597794,0.6202589,0.38710378792011846,0.02868119,0,0.0017544627,0.0036161393
2019-11-08,Angela_DER_AY470_eobs_4001__2019__southbound_01,Angela / DER AY470 (eobs 4001),38.947758,-5.709442,38.94775,-5.7092333,38.939278,-5.7077727,0.950524183623101,0.018063597,0,-0.008478515,0.0016693622
2019-11-08,Europa_DER_A1A26_eobs_4004__2019__southbound_01,Europa / DER A1A26 (eobs 4004),40.320667,-3.5899677,40.314827,-3.591249,40.305996,-3.599043,1.183635846985122,0.6585893,0,-0.01467111,-0.009075202
2019-11-08,Zozu_plus_DER_AL581_eobs2541__2019__southbound_01,Zozu + / DER AL581 (eobs2541),41.595917,0.6163382,41.56829,0.6148403,41.595894,0.6132888,3.072045999385854,3.0746284,0,-2.4735928e-05,-0.0030493513
2019-11-09,Angela_DER_AY470_eobs_4001__2019__southbound_01,Angela / DER AY470 (eobs 4001),38.94775,-5.7092333,38.94493,-5.7046394,38.939087,-5.7075334,0.6963688400254541,0.5061008,0,-0.00866203,0.0016999021
2019-11-09,Europa_DER_A1A26_eobs_4004__2019__southbound_01,Europa / DER A1A26 (eobs 4004),40.314827,-3.591249,40.320316,-3.5903153,40.296352,-3.6067657,3.0076948011103157,0.6153253,0,-0.018475547,-0.015516676
2019-11-09,Zozu_plus_DER_AL581_eobs2541__2019__southbound_01,Zozu + / DER AL581 (eobs2541),41.56829,0.6148403,41.61059,0.6168529,41.568634,0.6143725,4.670065114157393,4.706623,0,0.00034326315,-0.0004678592
2019-11-10,Angela_DER_AY470_eobs_4001__2019__southbound_01,Angela / DER AY470 (eobs 4001),38.94493,-5.7046394,38.94554,-5.7010317,38.933994,-5.704884,1.3265049286699775,0.31925437,0,-0.010936528,-0.00024480373
2019-11-10,Europa_DER_A1A26_eobs_4004__2019__southbound_01,Europa / DER A1A26 (eobs 4004),40.320316,-3.5903153,40.30106,-3.5429425,40.312435,-3.5930576,4.433838928767661,4.5518446,0,-0.007880881,-0.002742283
2019-11-10,Zozu_plus_DER_AL581_eobs2541__2019__southbound_01,Zozu + / DER AL581 (eobs2541),41.61059,0.6168529,41.537857,0.6144059,41.612316,0.6207418,8.296240871566816,8.09023,0,0.0017250553,0.0038889125
2019-11-11,Angela_DER_AY470_eobs_4001__2019__southbound_01,Angela / DER AY470 (eobs 4001),38.94554,-5.7010317,38.94428,-5.7045703,38.938107,-5.6988387,0.8466127840250144,0.33657038,0,-0.0074358284,0.0021931678
2019-11-11,Europa_DER_A1A26_eobs_4004__2019__southbound_01,Europa / DER A1A26 (eobs 4004),40.30106,-3.5429425,40.301174,-3.5220733,40.288,-3.5495298,2.751194384444162,1.7698361,0,-0.013061166,-0.006587349
2019-11-11,Zozu_plus_DER_AL581_eobs2541__2019__southbound_01,Zozu + / DER AL581 (eobs2541),41.537857,0.6144059,41.537548,0.6133583,41.535786,0.61243176,0.21059765694574503,0.09364996,0,-0.0020715594,-0.0019740835
2019-11-12,Angela_DER_AY470_eobs_4001__2019__southbound_01,Angela / DER AY470 (eobs 4001),38.94428,-5.7045703,38.945267,-5.7049747,38.93399,-5.713094,1.43712495931581,0.11512898,0,-0.01028911,-0.008523829
2019-11-12,Europa_DER_A1A26_eobs_4004__2019__southbound_01,Europa / DER A1A26 (eobs 4004),40.301174,-3.5220733,40.32065,-3.590955,40.29156,-3.5251856,6.447065994486226,6.229133,0,-0.009611681,-0.0031123683
2019-11-12,Zozu_plus_DER_AL581_eobs2541__2019__southbound_01,Zozu + / DER AL581 (eobs2541),41.537548,0.6133583,41.595703,0.6163259,41.537033,0.6106111,6.541122065163258,6.4709167,0,-0.0005142614,-0.0027472302
2019-11-13,Angela_DER_AY470_eobs_4001__2019__southbound_01,Angela / DER AY470 (eobs 4001),38.945267,-5.7049747,38.948074,-5.7094107,38.937687,-5.7071943,1.1708267690882113,0.49467632,0,-0.0075802803,-0.002219677
2019-11-13,Europa_DER_A1A26_eobs_4004__2019__southbound_01,Europa / DER A1A26 (eobs 4004),40.32065,-3.590955,40.25946,-3.6355994,40.30781,-3.600768,6.134777776392065,7.786413,0,-0.012836888,-0.009812996
2019-11-13,Zozu_plus_DER_AL581_eobs2541__2019__southbound_01,Zozu + / DER AL581 (eobs2541),41.595703,0.6163259,41.59582,0.6163265,41.596985,0.6202984,0.3547197595367604,0.013543652,0,0.0012818947,0.003972441
2019-11-14,Angela_DER_AY470_eobs_4001__2019__southbound_01,Angela / DER AY470 (eobs 4001),38.948074,-5.7094107,38.948277,-5.7087097,38.938805,-5.7147737,1.1765704148348672,0.0646586,0,-0.009271562,-0.0053629354
2019-11-14,Europa_DER_A1A26_eobs_4004__2019__southbound_01,Europa / DER A1A26 (eobs 4004),40.25946,-3.6355994,40.22012,-3.6011417,40.23765,-3.6534667,4.851055412719159,5.262263,0,-0.021809548,-0.017867342
2019-11-14,Zozu_plus_DER_AL581_eobs2541__2019__southbound_01,Zozu + / DER AL581 (eobs2541),41.59582,0.6163265,41.595604,0.6152768,41.59781,0.62037385,0.48964942786463567,0.0906081,0,0.0019887313,0.0040473193
2019-11-15,Angela_DER_AY470_eobs_4001__2019__southbound_01,Angela / DER AY470 (eobs 4001),38.948277,-5.7087097,38.947964,-5.708994,38.94204,-5.7062216,0.7010190742968914,0.04266649,0,-0.0062368065,0.0024883226
2019-11-15,Europa_DER_A1A26_eobs_4004__2019__southbound_01,Europa / DER A1A26 (eobs 4004),40.22012,-3.6011417,40.26558,-3.6291306,40.204353,-3.6096306,7.006360571447716,5.5853415,0,-0.015767023,-0.008488819
2019-11-15,Zozu_plus_DER_AL581_eobs2541__2019__southbound_01,Zozu + / DER AL581 (eobs2541),41.595604,0.6152768,41.595654,0.6163691,41.59583,0.61287856,0.29092002029603226,0.0909918,0,0.0002251193,-0.002398245
2019-11-16,Angela_DER_AY470_eobs_4001__2019__southbound_01,Angela / DER AY470 (eobs 4001),38.947964,-5.708994,38.947926,-5.709066,38.93719,-5.716611,1.360347670107994,0.0075803446,0,-0.0107733905,-0.0076171383
2019-11-16,Zozu_plus_DER_AL581_eobs2541__2019__southbound_01,Zozu + / DER AL581 (eobs2541),41.595654,0.6163691,41.59564,0.6163453,41.59868,0.6221301,0.5879507866274207,0.002444287,0,0.003025949,0.005760953
2019-11-17,Angela_DER_AY470_eobs_4001__2019__southbound_01,Angela / DER AY470 (eobs 4001),38.947926,-5.709066,38.975105,-5.690098,38.936844,-5.7175026,4.8698930703042596,3.4387429,0,-0.01108323,-0.008436568
2019-11-17,Zozu_plus_DER_AL581_eobs2541__2019__southbound_01,Zozu + / DER AL581 (eobs2541),41.59564,0.6163453,41.543106,0.61478657,41.59635,0.6142352,5.920820243579857,5.8428946,0,0.0007128641,-0.0021100491
2019-11-18,Angela_DER_AY470_eobs_4001__2019__southbound_01,Angela / DER AY470 (eobs 4001),38.975105,-5.690098,38.97549,-5.6930466,38.968315,-5.6889224,0.8739091569087155,0.25847366,0,-0.006790623,0.0011755452
2019-11-18,Zozu_plus_DER_AL581_eobs2541__2019__southbound_01,Zozu + / DER AL581 (eobs2541),41.543106,0.61478657,41.59566,0.61608356,41.54357,0.61484456,5.793034432985644,5.844592,0,0.0004659742,5.801022e-05
2019-11-19,Angela_DER_AY470_eobs_4001__2019__southbound_01,Angela / DER AY470 (eobs 4001),38.97549,-5.6930466,38.972576,-5.6914873,38.966198,-5.7000737,1.026657052440034,0.35126427,0,-0.009293534,-0.0070269927
2019-11-19,Zozu_plus_DER_AL581_eobs2541__2019__southbound_01,Zozu + / DER AL581 (eobs2541),41.59566,0.61608356,41.577873,0.616224,41.597115,0.620651,2.170990031013453,1.9778725,0,0.0014523491,0.0045674294
2019-11-20,Angela_DER_AY470_eobs_4001__2019__southbound_01,Angela / DER AY470 (eobs 4001),38.972576,-5.6914873,38.97435,-5.69119,38.963013,-5.6932282,1.27290842477486,0.19890858,0,-0.009563193,-0.0017409027
2019-11-20,Zozu_plus_DER_AL581_eobs2541__2019__southbound_01,Zozu + / DER AL581 (eobs2541),41.577873,0.616224,41.595757,0.61629295,41.580532,0.61783034,1.6977062575986617,1.9886934,0,0.0026579797,0.0016063303
2019-11-21,Angela_DER_AY470_eobs_4001__2019__southbound_01,Angela / DER AY470 (eobs 4001),38.97435,-5.69119,38.958992,-5.698703,38.967426,-5.691024,1.1490693739796911,1.826903,0,-0.0069250017,0.00016586483
2019-11-21,Zozu_plus_DER_AL581_eobs2541__2019__southbound_01,Zozu + / DER AL581 (eobs2541),41.595757,0.61629295,41.610466,0.6169816,41.59816,0.6212956,1.4146195853317873,1.6364815,0,0.002402708,0.0050026476
2019-11-22,Angela_DER_AY470_eobs_4001__2019__southbound_01,Angela / DER AY470 (eobs 4001),38.958992,-5.698703,38.948315,-5.7087913,38.948452,-5.7047806,0.34717060316442405,1.4731357,0,-0.0105417,-0.006077841
2019-11-22,Zozu_plus_DER_AL581_eobs2541__2019__southbound_01,Zozu + / DER AL581 (eobs2541),41.610466,0.6169816,41.595745,0.6163688,41.613052,0.62227625,1.986177326381247,1.637768,0,0.0025875792,0.005294621
2019-11-23,Angela_DER_AY470_eobs_4001__2019__southbound_01,Angela / DER AY470 (eobs 4001),38.948315,-5.7087913,38.975197,-5.6890473,38.938953,-5.7152166,4.621887451451145,3.442102,0,-0.009359948,-0.0064254105
2019-11-23,Zozu_plus_DER_AL581_eobs2541__2019__southbound_01,Zozu + / DER AL581 (eobs2541),41.595745,0.6163688,41.595833,0.6162583,41.59937,0.61867696,0.4416607732580974,0.0133839855,0,0.0036230162,0.0023081973
2019-11-24,Angela_DER_AY470_eobs_4001__2019__southbound_01,Angela / DER AY470 (eobs 4001),38.975197,-5.6890473,38.947124,-5.708028,38.970215,-5.6862636,3.183333012844659,3.526672,0,-0.004983276,0.0027835742
2019-11-24,Zozu_plus_DER_AL581_eobs2541__2019__southbound_01,Zozu + / DER AL581 (eobs2541),41.595833,0.6162583,41.59581,0.6160743,41.597458,0.6188727,0.29618956095832016,0.015461633,0,0.0016240329,0.0026144013
2019-11-25,Angela_DER_AY470_eobs_4001__2019__southbound_01,Angela / DER AY470 (eobs 4001),38.947124,-5.708028,38.946205,-5.7097826,38.937717,-5.7134175,0.9947707246434428,0.18294378,0,-0.009406477,-0.005389899
2019-11-25,Zozu_plus_DER_AL581_eobs2541__2019__southbound_01,Zozu + / DER AL581 (eobs2541),41.59581,0.6160743,41.60309,0.6166731,41.597603,0.6159724,0.6127409358799727,0.8105639,0,0.0017943904,-0.00010190904
2019-11-26,Angela_DER_AY470_eobs_4001__2019__southbound_01,Angela / DER AY470 (eobs 4001),38.946205,-5.7097826,38.945168,-5.7074404,38.93942,-5.7148952,0.9079115343751019,0.2330669,0,-0.006786689,-0.0051125437
2019-11-26,Zozu_plus_DER_AL581_eobs2541__2019__southbound_01,Zozu + / DER AL581 (eobs2541),41.60309,0.6166731,41.595833,0.6160955,41.605793,0.62242067,1.226059005490731,0.80803776,0,0.0027040318,0.0057475716
2019-11-27,Angela_DER_AY470_eobs_4001__2019__southbound_01,Angela / DER AY470 (eobs 4001),38.945168,-5.7074404,38.93997,-5.720473,38.938236,-5.7048826,1.3620645236090148,1.2668691,0,-0.0069326833,0.0025579035
2019-11-27,Zozu_plus_DER_AL581_eobs2541__2019__southbound_01,Zozu + / DER AL581 (eobs2541),41.595833,0.6160955,41.61036,0.6166902,41.599274,0.6183353,1.2402199413874841,1.6158541,0,0.0034399778,0.0022398084
2019-11-28,Angela_DER_AY470_eobs_4001__2019__southbound_01,Angela / DER AY470 (eobs 4001),38.93997,-5.720473,38.94498,-5.711996,38.932068,-5.7265067,1.9070135944656086,0.92112017,0,-0.007899791,-0.006033793
2019-11-28,Zozu_plus_DER_AL581_eobs2541__2019__southbound_01,Zozu + / DER AL581 (eobs2541),41.61036,0.6166902,41.610256,0.6167412,41.613243,0.62227637,0.567512993774477,0.012244043,0,0.002883926,0.0055861473
2019-11-29,Angela_DER_AY470_eobs_4001__2019__southbound_01,Angela / DER AY470 (eobs 4001),38.94498,-5.711996,38.94529,-5.7098374,38.941986,-5.70761,0.4147774621795843,0.18983671,0,-0.0029950738,0.004385911
2019-11-29,Zozu_plus_DER_AL581_eobs2541__2019__southbound_01,Zozu + / DER AL581 (eobs2541),41.610256,0.6167412,41.592262,0.61618,41.61457,0.62097144,2.512367137030967,2.001316,0,0.0043143407,0.0042302758
2019-11-30,Angela_DER_AY470_eobs_4001__2019__southbound_01,Angela / DER AY470 (eobs 4001),38.94529,-5.7098374,38.946808,-5.7097335,38.941833,-5.7050595,0.6850827956631506,0.16875415,0,-0.0034578517,0.0047776997
2019-11-30,Zozu_plus_DER_AL581_eobs2541__2019__southbound_01,Zozu + / DER AL581 (eobs2541),41.592262,0.61618,41.610573,0.61691046,41.595737,0.6189124,1.6579957204830162,2.0372267,0,0.00347393,0.0027323812
2019-12-01,Angela_DER_AY470_eobs_4001__2019__southbound_01,Angela / DER AY470 (eobs 4001),38.946808,-5.7097335,38.976795,-5.691352,38.943314,-5.70718,3.9665595523849557,3.6939094,0,-0.0034952313,0.0025533885
2019-12-01,Zozu_plus_DER_AL581_eobs2541__2019__southbound_01,Zozu + / DER AL581 (eobs2541),41.610573,0.61691046,41.61063,0.6168907,41.614326,0.62310666,0.6602933087432425,0.006450524,0,0.0037555695,0.006196223
2019-12-02,Angela_DER_AY470_eobs_4001__2019__southbound_01,Angela / DER AY470 (eobs 4001),38.976795,-5.691352,38.976936,-5.691152,38.97308,-5.6879873,0.5086754620976744,0.023334812,0,-0.003715314,0.0033643916
2019-12-02,Zozu_plus_DER_AL581_eobs2541__2019__southbound_01,Zozu + / DER AL581 (eobs2541),41.61063,0.6168907,41.6106,0.6168825,41.61417,0.62221014,0.5948161731112095,0.0033939069,0,0.0035412684,0.0053193867
2019-12-03,Angela_DER_AY470_eobs_4001__2019__southbound_01,Angela / DER AY470 (eobs 4001),38.976936,-5.691152,38.94803,-5.7096868,38.97417,-5.6866355,3.5245186098724925,3.5917184,0,-0.0027652308,0.0045167357
2019-12-03,Zozu_plus_DER_AL581_eobs2541__2019__southbound_01,Zozu + / DER AL581 (eobs2541),41.6106,0.6168825,41.60985,0.6168141,41.61538,0.620229,0.6770304368798471,0.08340692,0,0.004780017,0.0033465251
2019-12-04,Angela_DER_AY470_eobs_4001__2019__southbound_01,Angela / DER AY470 (eobs 4001),38.94803,-5.7096868,38.94684,-5.7096205,38.94153,-5.713266,0.6693482486408306,0.13247351,0,-0.006499268,-0.0035792738
2019-12-04,Zozu_plus_DER_AL581_eobs2541__2019__southbound_01,Zozu + / DER AL581 (eobs2541),41.60985,0.6168141,41.610054,0.6165117,41.614414,0.62023556,0.575244321343503,0.033783834,0,0.004561037,0.003421478
2019-12-05,Angela_DER_AY470_eobs_4001__2019__southbound_01,Angela / DER AY470 (eobs 4001),38.94684,-5.7096205,38.946766,-5.709671,38.941196,-5.7103786,0.6223127128422459,0.008998623,0,-0.0056409687,-0.000758335
2019-12-05,Zozu_plus_DER_AL581_eobs2541__2019__southbound_01,Zozu + / DER AL581 (eobs2541),41.610054,0.6165117,41.61008,0.6168609,41.611877,0.6189379,0.26406689058287247,0.029195528,0,0.0018243417,0.0024261996
2019-12-06,Angela_DER_AY470_eobs_4001__2019__southbound_01,Angela / DER AY470 (eobs 4001),38.946766,-5.709671,38.945885,-5.7098904,38.940804,-5.712851,0.6203140083835978,0.09988166,0,-0.00596337,-0.0031802356
2019-12-06,Zozu_plus_DER_AL581_eobs2541__2019__southbound_01,Zozu + / DER AL581 (eobs2541),41.61008,0.6168609,41.75176,0.0536483,41.615074,0.62496644,49.81933264680003,49.354767,1,0.00499209,0.008105509
2019-12-07,Angela_DER_AY470_eobs_4001__2019__southbound_01,Angela / DER AY470 (eobs 4001),38.945885,-5.7098904,38.94683,-5.70973,38.940514,-5.711515,0.7191942275221003,0.10618658,0,-0.005371183,-0.0016246438
2019-12-07,Zozu_plus_DER_AL581_eobs2541__2019__southbound_01,Zozu + / DER AL581 (eobs2541),41.75176,0.0536483,41.75479,0.0522777,41.734364,0.039645106,2.501592565481514,0.35621473,0,-0.017394036,-0.014003195
2019-12-08,Angela_DER_AY470_eobs_4001__2019__southbound_01,Angela / DER AY470 (eobs 4001),38.94683,-5.70973,38.946754,-5.7097063,38.9434,-5.7067432,0.45241812319688957,0.009002644,0,-0.0034283772,0.0029869303
2019-12-08,Zozu_plus_DER_AL581_eobs2541__2019__southbound_01,Zozu + / DER AL581 (eobs2541),41.75479,0.0522777,41.758812,0.0692217,41.756557,0.05534418,1.178093125461858,1.4748272,0,0.0017649978,0.0030664802
2019-12-09,Zozu_plus_DER_AL581_eobs2541__2019__southbound_01,Zozu + / DER AL581 (eobs2541),41.758812,0.0692217,41.610653,0.6147254,41.762653,0.075912386,47.82867951426106,48.202354,1,0.0038408712,0.0066906884
2019-12-10,Zozu_plus_DER_AL581_eobs2541__2019__southbound_01,Zozu + / DER AL581 (eobs2541),41.610653,0.6147254,41.610607,0.6168713,41.601776,0.6182518,0.98865186286529,0.17847928,0,-0.008876674,0.0035264045
2019-12-11,Zozu_plus_DER_AL581_eobs2541__2019__southbound_01,Zozu + / DER AL581 (eobs2541),41.610607,0.6168713,41.538383,0.6169095,41.61484,0.62351453,8.51948516308176,8.031143,0,0.004235469,0.006643243
2019-12-12,Zozu_plus_DER_AL581_eobs2541__2019__southbound_01,Zozu + / DER AL581 (eobs2541),41.538383,0.6169095,41.538425,0.6166356,41.53889,0.61738425,0.08099652048560409,0.023288382,0,0.00050739944,0.00047474355
2019-12-13,Zozu_plus_DER_AL581_eobs2541__2019__southbound_01,Zozu + / DER AL581 (eobs2541),41.538425,0.6166356,41.539825,0.61585623,41.541016,0.61719215,0.17284953790619914,0.16845141,0,0.0025892481,0.00055655837
2019-12-14,Zozu_plus_DER_AL581_eobs2541__2019__southbound_01,Zozu + / DER AL581 (eobs2541),41.539825,0.61585623,41.595787,0.6162532,41.543007,0.6202398,5.878256351173976,6.2229757,0,0.0031811818,0.0043835565
2019-12-15,Zozu_plus_DER_AL581_eobs2541__2019__southbound_01,Zozu + / DER AL581 (eobs2541),41.595787,0.6162532,41.61031,0.61664575,41.599503,0.6220403,1.2826670513636733,1.6152493,0,0.0037146062,0.005787097
2019-12-16,Zozu_plus_DER_AL581_eobs2541__2019__southbound_01,Zozu + / DER AL581 (eobs2541),41.61031,0.61664575,41.538498,0.6163116,41.614563,0.6229236,8.475924160614882,7.985445,0,0.0042548925,0.0062778443
2019-12-17,Zozu_plus_DER_AL581_eobs2541__2019__southbound_01,Zozu + / DER AL581 (eobs2541),41.538498,0.6163116,41.538784,0.616889,41.54063,0.61820567,0.23271733974982306,0.05763608,0,0.0021325499,0.0018940493
2019-12-18,Zozu_plus_DER_AL581_eobs2541__2019__southbound_01,Zozu + / DER AL581 (eobs2541),41.538784,0.616889,41.53911,0.6168439,41.544094,0.6253251,0.8975512888350635,0.036349416,0,0.0053085983,0.008436114
2019-12-19,Zozu_plus_DER_AL581_eobs2541__2019__southbound_01,Zozu + / DER AL581 (eobs2541),41.53911,0.6168439,41.53874,0.6164724,41.54344,0.6230951,0.7598324293660353,0.051563594,0,0.0043325797,0.0062512085
2019-12-20,Zozu_plus_DER_AL581_eobs2541__2019__southbound_01,Zozu + / DER AL581 (eobs2541),41.53874,0.6164724,41.53919,0.6166908,41.543617,0.61864203,0.518552148718312,0.0532163,0,0.0048774853,0.0021695867
2019-12-21,Zozu_plus_DER_AL581_eobs2541__2019__southbound_01,Zozu + / DER AL581 (eobs2541),41.53919,0.6166908,41.61003,0.6167039,41.543648,0.62384474,7.405363259287164,7.8776712,0,0.0044612586,0.0071539134
2019-12-22,Zozu_plus_DER_AL581_eobs2541__2019__southbound_01,Zozu + / DER AL581 (eobs2541),41.61003,0.6167039,41.540108,0.6168483,41.61416,0.6228342,8.249136768167059,7.775192,0,0.0041283593,0.006130308
2019-12-23,Zozu_plus_DER_AL581_eobs2541__2019__southbound_01,Zozu + / DER AL581 (eobs2541),41.540108,0.6168483,41.539074,0.61686045,41.54306,0.6192778,0.4867843224045142,0.114996836,0,0.002951473,0.0024294779
2019-12-24,Zozu_plus_DER_AL581_eobs2541__2019__southbound_01,Zozu + / DER AL581 (eobs2541),41.539074,0.61686045,41.61055,0.6168714,41.54438,0.6207722,7.364900246829101,7.9476185,0,0.0053063035,0.003911726
2019-12-25,Zozu_plus_DER_AL581_eobs2541__2019__southbound_01,Zozu + / DER AL581 (eobs2541),41.61055,0.6168714,41.538513,0.6168706,41.615646,0.6237129,8.59569339801581,8.009782,0,0.0050964653,0.006841503
2019-12-26,Zozu_plus_DER_AL581_eobs2541__2019__southbound_01,Zozu + / DER AL581 (eobs2541),41.538513,0.6168706,41.5512,0.6168584,41.541817,0.61992127,1.074152232810124,1.4106545,0,0.0033043697,0.0030507073
2019-12-27,Zozu_plus_DER_AL581_eobs2541__2019__southbound_01,Zozu + / DER AL581 (eobs2541),41.5512,0.6168584,41.53884,0.6160912,41.556633,0.6239359,2.083283141052162,1.3758757,0,0.005431786,0.007077478
2019-12-28,Zozu_plus_DER_AL581_eobs2541__2019__southbound_01,Zozu + / DER AL581 (eobs2541),41.53884,0.6160912,41.53656,0.6169326,41.54378,0.6198787,0.8395690093395642,0.26327547,0,0.004939027,0.00378754
2020-06-17,Zozu_plus_DER_AL581_eobs2541__2020__southbound_01,Zozu + / DER AL581 (eobs2541),47.749237,8.938238,47.750725,8.937151,47.75347,8.949453,0.9691186956831243,0.18417794,0,0.0042352527,0.011214748
2020-06-18,Zozu_plus_DER_AL581_eobs2541__2020__southbound_01,Zozu + / DER AL581 (eobs2541),47.750725,8.937151,47.751194,8.936371,47.75608,8.943002,0.735516888674357,0.07837694,0,0.0053550974,0.0058504194
2020-06-19,Zozu_plus_DER_AL581_eobs2541__2020__southbound_01,Zozu + / DER AL581 (eobs2541),47.751194,8.936371,47.750828,8.936872,47.755985,8.940071,0.6213700586059164,0.05541326,0,0.0047896057,0.003700301
2020-06-20,Zozu_plus_DER_AL581_eobs2541__2020__southbound_01,Zozu + / DER AL581 (eobs2541),47.750828,8.936872,47.751205,8.934104,47.747696,8.945133,0.9122773123926827,0.21116826,0,-0.0031333193,0.008261889
2020-06-21,Zozu_plus_DER_AL581_eobs2541__2020__southbound_01,Zozu + / DER AL581 (eobs2541),47.751205,8.934104,47.75102,8.937568,47.7531,8.934414,0.33050144786719915,0.25979358,0,0.0018972605,0.00031014532
2020-06-22,Zozu_plus_DER_AL581_eobs2541__2020__southbound_01,Zozu + / DER AL581 (eobs2541),47.75102,8.937568,47.74597,8.940218,47.752415,8.947872,0.9169317055284488,0.5951295,0,0.0013973862,0.010304689
2020-06-23,Zozu_plus_DER_AL581_eobs2541__2020__southbound_01,Zozu + / DER AL581 (eobs2541),47.74597,8.940218,47.74628,8.943734,47.741253,8.945529,0.5749455972665246,0.26509944,0,-0.0047185794,0.00531134
2020-06-24,Zozu_plus_DER_AL581_eobs2541__2020__southbound_01,Zozu + / DER AL581 (eobs2541),47.74628,8.943734,47.75129,8.933984,47.7483,8.953717,1.512369031111729,0.91730946,0,0.0020164251,0.009982735
2020-06-25,Zozu_plus_DER_AL581_eobs2541__2020__southbound_01,Zozu + / DER AL581 (eobs2541),47.75129,8.933984,47.751263,8.943849,47.754417,8.935168,0.7376855557468601,0.73751837,0,0.0031297803,0.0011843741
2020-06-26,Zozu_plus_DER_AL581_eobs2541__2020__southbound_01,Zozu + / DER AL581 (eobs2541),47.751263,8.943849,47.742435,8.939635,47.75275,8.953225,1.5323039955178068,1.0309653,0,0.0014878064,0.009376533
2020-06-27,Zozu_plus_DER_AL581_eobs2541__2020__southbound_01,Zozu + / DER AL581 (eobs2541),47.742435,8.939635,47.751183,8.936737,47.737286,8.939611,1.560146237832187,0.99645835,0,-0.0051504374,-2.3379922e-05
2020-06-28,Zozu_plus_DER_AL581_eobs2541__2020__southbound_01,Zozu + / DER AL581 (eobs2541),47.751183,8.936737,47.74037,8.936371,47.75543,8.94136,1.7152809244450973,1.2022967,0,0.004243873,0.0046238154
2020-06-29,Zozu_plus_DER_AL581_eobs2541__2020__southbound_01,Zozu + / DER AL581 (eobs2541),47.74037,8.936371,47.747074,8.936814,47.734913,8.937428,1.3530513391899934,0.745943,0,-0.0054581165,0.0010577142
2020-06-30,Zozu_plus_DER_AL581_eobs2541__2020__southbound_01,Zozu + / DER AL581 (eobs2541),47.747074,8.936814,47.74258,8.938621,47.75089,8.942333,0.9646569611017716,0.5176338,0,0.003815271,0.005519055
2020-07-01,Zozu_plus_DER_AL581_eobs2541__2020__southbound_01,Zozu + / DER AL581 (eobs2541),47.74258,8.938621,47.74695,8.935849,47.737103,8.941558,1.1750737815256167,0.5282758,0,-0.005479522,0.002937153
2020-07-02,Zozu_plus_DER_AL581_eobs2541__2020__southbound_01,Zozu + / DER AL581 (eobs2541),47.74695,8.935849,47.75132,8.933318,47.749496,8.937996,0.4042499461970666,0.52167386,0,0.002547741,0.002146691
2020-07-03,Zozu_plus_DER_AL581_eobs2541__2020__southbound_01,Zozu + / DER AL581 (eobs2541),47.75132,8.933318,47.748158,8.936284,47.753757,8.935803,0.6237257497314689,0.41575778,0,0.002438672,0.0024855807
2020-07-04,Angela_DER_AY470_eobs_4001__2020__southbound_01,Angela / DER AY470 (eobs 4001),48.150066,7.749769,48.152233,7.759263,48.152798,7.755136,0.3125285254011285,0.7444682,0,0.0027326718,0.0053669885
2020-07-04,Zozu_plus_DER_AL581_eobs2541__2020__southbound_01,Zozu + / DER AL581 (eobs2541),47.748158,8.936284,47.746815,8.936531,47.74299,8.940463,0.5171482076271298,0.15051761,0,-0.00516998,0.0041790456
2020-07-05,Angela_DER_AY470_eobs_4001__2020__southbound_01,Angela / DER AY470 (eobs 4001),48.152233,7.759263,48.145184,7.771317,48.153843,7.7692947,0.9744965582269761,1.1894122,0,0.0016087443,0.010031752
2020-07-05,Zozu_plus_DER_AL581_eobs2541__2020__southbound_01,Zozu + / DER AL581 (eobs2541),47.746815,8.936531,47.74705,8.936649,47.7407,8.937277,0.7078092531270339,0.027724216,0,-0.0061165765,0.0007457137
2020-07-06,Angela_DER_AY470_eobs_4001__2020__southbound_01,Angela / DER AY470 (eobs 4001),48.145184,7.771317,48.125355,7.767948,48.14209,7.7789154,2.031061594872458,2.2187943,0,-0.0030922368,0.007598184
2020-07-06,Zozu_plus_DER_AL581_eobs2541__2020__southbound_01,Zozu + / DER AL581 (eobs2541),47.74705,8.936649,47.741043,8.935946,47.749577,8.942359,1.063138429081852,0.670248,0,0.0025262535,0.005710043
2020-07-07,Angela_DER_AY470_eobs_4001__2020__southbound_01,Angela / DER AY470 (eobs 4001),48.125355,7.767948,48.127445,7.7584863,48.11914,7.768859,1.2022894933784918,0.7397343,0,-0.0062142536,0.00091068447
2020-07-07,Zozu_plus_DER_AL581_eobs2541__2020__southbound_01,Zozu + / DER AL581 (eobs2541),47.741043,8.935946,47.74719,8.936978,47.734783,8.935023,1.3871440010705016,0.6877399,0,-0.006258361,-0.0009228736
2020-07-08,Angela_DER_AY470_eobs_4001__2020__southbound_01,Angela / DER AY470 (eobs 4001),48.127445,7.7584863,48.135017,7.7530894,48.125923,7.75506,1.0217572407006068,0.93256223,0,-0.0015219003,-0.0034261197
2020-07-08,Mirabell_plus_DER_AN910_eobs_3907__2020__southbound_01,Mirabell + / DER AN910 (eobs 3907),47.8049,8.885378,47.804398,8.885767,47.803867,8.882624,0.24205230080947282,0.06308425,0,-0.0010330826,-0.002754271
2020-07-08,Zozu_plus_DER_AL581_eobs2541__2020__southbound_01,Zozu + / DER AL581 (eobs2541),47.74719,8.936978,47.74344,8.935827,47.749584,8.941258,0.7949001647516014,0.42578512,0,0.0023942739,0.0042800233
2020-07-09,Angela_DER_AY470_eobs_4001__2020__southbound_01,Angela / DER AY470 (eobs 4001),48.135017,7.7530894,48.135403,7.7538147,48.136078,7.755195,0.1270071942447433,0.06860588,0,0.0010586902,0.002105549
2020-07-09,Mirabell_plus_DER_AN910_eobs_3907__2020__southbound_01,Mirabell + / DER AN910 (eobs 3907),47.804398,8.885767,47.806282,8.885461,47.800182,8.889473,0.7415015883644258,0.21063855,0,-0.00421685,0.0037059411
2020-07-09,Zozu_plus_DER_AL581_eobs2541__2020__southbound_01,Zozu + / DER AL581 (eobs2541),47.74344,8.935827,47.739254,8.936755,47.735027,8.933174,0.5409285613001809,0.47050673,0,-0.0084115565,-0.0026534349
2020-07-10,Angela_DER_AY470_eobs_4001__2020__southbound_01,Angela / DER AY470 (eobs 4001),48.135403,7.7538147,48.124622,7.7564955,48.137493,7.762264,1.4938228657215316,1.2151045,0,0.002090238,0.008449137
2020-07-10,Mirabell_plus_DER_AN910_eobs_3907__2020__southbound_01,Mirabell + / DER AN910 (eobs 3907),47.806282,8.885461,47.80478,8.88635,47.805347,8.884883,0.12646891326492343,0.18003127,0,-0.0009351745,-0.00057791173
2020-07-10,Zozu_plus_DER_AL581_eobs2541__2020__southbound_01,Zozu + / DER AL581 (eobs2541),47.739254,8.936755,47.740242,8.939022,47.731544,8.936696,0.9826392262045007,0.20218152,0,-0.007711366,-5.9217215e-05
2020-07-11,Angela_DER_AY470_eobs_4001__2020__southbound_01,Angela / DER AY470 (eobs 4001),48.124622,7.7564955,48.13116,7.7574086,48.1183,7.7585793,1.4325333671511968,0.7302498,0,-0.0063217357,0.0020837337
2020-07-11,Mirabell_plus_DER_AN910_eobs_3907__2020__southbound_01,Mirabell + / DER AN910 (eobs 3907),47.80478,8.88635,47.804543,8.886354,47.799324,8.889066,0.6145924964368467,0.026150577,0,-0.0054542124,0.002716221
2020-07-11,Zozu_plus_DER_AL581_eobs2541__2020__southbound_01,Zozu + / DER AL581 (eobs2541),47.740242,8.939022,47.738937,8.940221,47.741417,8.946168,0.5232476231366769,0.17085266,0,0.001174964,0.007145576
2020-07-12,Angela_DER_AY470_eobs_4001__2020__southbound_01,Angela / DER AY470 (eobs 4001),48.13116,7.7574086,48.148365,7.749654,48.133194,7.762315,1.9308967591762767,1.9977745,0,0.0020317435,0.0049059764
2020-07-12,Mirabell_plus_DER_AN910_eobs_3907__2020__southbound_01,Mirabell + / DER AN910 (eobs 3907),47.804543,8.886354,47.804626,8.885832,47.79842,8.885548,0.690460004644408,0.0401275,0,-0.0061241835,-0.00080702454
2020-07-12,Zozu_plus_DER_AL581_eobs2541__2020__southbound_01,Zozu + / DER AL581 (eobs2541),47.738937,8.940221,47.743538,8.941041,47.734825,8.942882,0.9785451931395452,0.51562476,0,-0.0041107535,0.0026609153
2020-07-13,Angela_DER_AY470_eobs_4001__2020__southbound_01,Angela / DER AY470 (eobs 4001),48.148365,7.749654,48.134262,7.7534823,48.14893,7.751341,1.6386770716145778,1.5935731,0,0.0005646646,0.0016869679
2020-07-13,Mirabell_plus_DER_AN910_eobs_3907__2020__southbound_01,Mirabell + / DER AN910 (eobs 3907),47.804626,8.885832,47.804237,8.880102,47.79846,8.874019,0.7870361901311074,0.43014413,0,-0.0061667636,-0.011813387
2020-07-13,Zozu_plus_DER_AL581_eobs2541__2020__southbound_01,Zozu + / DER AL581 (eobs2541),47.743538,8.941041,47.75148,8.943654,47.744858,8.943354,0.7367112464090214,0.90415376,0,0.0013189763,0.0023127124
2020-07-14,Angela_DER_AY470_eobs_4001__2020__southbound_01,Angela / DER AY470 (eobs 4001),48.134262,7.7534823,48.10913,7.7538886,48.126503,7.754656,1.9325349882298575,2.794612,0,-0.0077594593,0.0011736229
2020-07-14,Mirabell_plus_DER_AN910_eobs_3907__2020__southbound_01,Mirabell + / DER AN910 (eobs 3907),47.804237,8.880102,47.804256,8.879999,47.796696,8.868231,1.2163191754019536,0.008005003,0,-0.0075424314,-0.011871152
2020-07-14,Zozu_plus_DER_AL581_eobs2541__2020__southbound_01,Zozu + / DER AL581 (eobs2541),47.75148,8.943654,47.752575,9.04522,47.751545,8.94584,7.430659418090762,7.594195,0,6.4082444e-05,0.002185978
2020-07-15,Angela_DER_AY470_eobs_4001__2020__southbound_01,Angela / DER AY470 (eobs 4001),48.10913,7.7538886,48.1089,7.751875,48.10068,7.753268,0.9195089323477774,0.15174876,0,-0.008450955,-0.0006207004
2020-07-15,Mirabell_plus_DER_AN910_eobs_3907__2020__southbound_01,Mirabell + / DER AN910 (eobs 3907),47.804256,8.879999,47.804367,8.884844,47.798134,8.869603,1.332735760978482,0.36203712,0,-0.006121315,-0.010395899
2020-07-15,Zozu_plus_DER_AL581_eobs2541__2020__southbound_01,Zozu + / DER AL581 (eobs2541),47.752575,9.04522,47.75159,9.055156,47.750137,9.051223,0.3355240532478692,0.7507458,0,-0.002437964,0.0060024336
2020-07-16,Angela_DER_AY470_eobs_4001__2020__southbound_01,Angela / DER AY470 (eobs 4001),48.1089,7.751875,48.135433,7.753382,48.103256,7.7446074,3.6367286350223904,2.9524593,0,-0.005641289,-0.007267587
2020-07-16,Mirabell_plus_DER_AN910_eobs_3907__2020__southbound_01,Mirabell + / DER AN910 (eobs 3907),47.804367,8.884844,47.804443,8.885641,47.801823,8.888152,0.34654156297497685,0.060173836,0,-0.002545163,0.0033084154
2020-07-16,Zozu_plus_DER_AL581_eobs2541__2020__southbound_01,Zozu + / DER AL581 (eobs2541),47.75159,9.055156,47.751534,8.943804,47.750004,9.060481,8.724775140676677,8.324844,0,-0.0015861988,0.005325325
2020-07-17,Angela_DER_AY470_eobs_4001__2020__southbound_01,Angela / DER AY470 (eobs 4001),48.135433,7.753382,48.13143,7.7584915,48.13645,7.7563815,0.5797610208974677,0.5846671,0,0.0010203496,0.0029994175
2020-07-17,Mirabell_plus_DER_AN910_eobs_3907__2020__southbound_01,Mirabell + / DER AN910 (eobs 3907),47.804443,8.885641,47.80455,8.885661,47.80244,8.888337,0.3081686927558697,0.012033161,0,-0.0020039305,0.002696298
2020-07-17,Zozu_plus_DER_AL581_eobs2541__2020__southbound_01,Zozu + / DER AL581 (eobs2541),47.751534,8.943804,47.7389,8.939626,47.745598,8.929775,1.0475411375692354,1.438985,0,-0.0059350654,-0.014028288
2020-07-18,Angela_DER_AY470_eobs_4001__2020__southbound_01,Angela / DER AY470 (eobs 4001),48.13143,7.7584915,48.09271,7.763441,48.12528,7.7623606,3.622499446279463,4.321206,0,-0.0061543807,0.0038691238
2020-07-18,Mirabell_plus_DER_AN910_eobs_3907__2020__southbound_01,Mirabell + / DER AN910 (eobs 3907),47.80455,8.885661,47.80428,8.879807,47.80314,8.883656,0.3141405105671018,0.43823096,0,-0.0014096126,-0.0020052865
2020-07-18,Zozu_plus_DER_AL581_eobs2541__2020__southbound_01,Zozu + / DER AL581 (eobs2541),47.7389,8.939626,47.757473,8.946831,47.730164,8.9341,3.182373265278866,2.134112,0,-0.008737139,-0.005525768
2020-07-19,Angela_DER_AY470_eobs_4001__2020__southbound_01,Angela / DER AY470 (eobs 4001),48.09271,7.763441,48.07767,7.792877,48.08028,7.761362,2.3591690020794958,2.752734,0,-0.0124288425,-0.0020789057
2020-07-19,Mirabell_plus_DER_AN910_eobs_3907__2020__southbound_01,Mirabell + / DER AN910 (eobs 3907),47.80428,8.879807,47.804134,8.879616,47.798367,8.866898,1.1461641782242997,0.021599011,0,-0.0059129447,-0.0129095465
2020-07-19,Zozu_plus_DER_AL581_eobs2541__2020__southbound_01,Zozu + / DER AL581 (eobs2541),47.757473,8.946831,47.740345,8.950154,47.758232,8.947912,1.9960106500257762,1.9205843,0,0.00075902045,0.0010816902
2020-07-20,Angela_DER_AY470_eobs_4001__2020__southbound_01,Angela / DER AY470 (eobs 4001),48.07767,7.792877,48.078724,7.7944937,48.07051,7.796929,0.9309995428546327,0.16788699,0,-0.0071613193,0.0040515065
2020-07-20,Mirabell_plus_DER_AN910_eobs_3907__2020__southbound_01,Mirabell + / DER AN910 (eobs 3907),47.804134,8.879616,47.805416,8.881017,47.796207,8.8678465,1.4199129878983332,0.17692089,0,-0.0079264045,-0.011769272
2020-07-20,Zozu_plus_DER_AL581_eobs2541__2020__southbound_01,Zozu + / DER AL581 (eobs2541),47.740345,8.950154,47.752678,9.046464,47.731308,8.946906,7.814520046206773,7.330401,0,-0.009035267,-0.0032483116
2020-07-21,Angela_DER_AY470_eobs_4001__2020__southbound_01,Angela / DER AY470 (eobs 4001),48.078724,7.7944937,48.079353,7.790823,48.078884,7.7993636,0.636623677839805,0.28147385,0,0.00016044825,0.004869804
2020-07-21,Mirabell_plus_DER_AN910_eobs_3907__2020__southbound_01,Mirabell + / DER AN910 (eobs 3907),47.805416,8.881017,47.80405,8.880236,47.802723,8.87914,0.16878218228758018,0.16249017,0,-0.002694033,-0.0018765181
2020-07-21,Zozu_plus_DER_AL581_eobs2541__2020__southbound_01,Zozu + / DER AL581 (eobs2541),47.752678,9.046464,47.75068,8.937178,47.75037,9.050434,8.467475708060503,8.173459,0,-0.0023086965,0.0039703175
2020-07-22,Angela_DER_AY470_eobs_4001__2020__southbound_01,Angela / DER AY470 (eobs 4001),48.079353,7.790823,48.078793,7.795102,48.075096,7.782263,1.038659202677896,0.32390055,0,-0.0042559654,-0.008560263
2020-07-22,Mirabell_plus_DER_AN910_eobs_3907__2020__southbound_01,Mirabell + / DER AN910 (eobs 3907),47.80405,8.880236,47.80451,8.880582,47.79729,8.871457,1.0528818855414135,0.056860093,0,-0.0067601874,-0.008778602
2020-07-22,Sierit_DER_AN858_eobs2561__2020__southbound_01,Sierit  / DER AN858 (eobs2561),47.802734,8.880403,47.802437,8.87918,47.795975,8.873485,0.8350370611329265,0.097034946,0,-0.006759286,-0.0069179386
2020-07-22,Zozu_plus_DER_AL581_eobs2541__2020__southbound_01,Zozu + / DER AL581 (eobs2541),47.75068,8.937178,47.75146,8.943488,47.74359,8.921319,1.8743406751364262,0.47975573,0,-0.00708881,-0.015858293
2020-07-23,Angela_DER_AY470_eobs_4001__2020__southbound_01,Angela / DER AY470 (eobs 4001),48.078793,7.795102,48.130234,7.757916,48.076263,7.799881,6.762024958230905,6.3514075,0,-0.0025292411,0.0047789216
2020-07-23,Mirabell_plus_DER_AN910_eobs_3907__2020__southbound_01,Mirabell + / DER AN910 (eobs 3907),47.80451,8.880582,47.804596,8.880081,47.80179,8.8772545,0.3768760174077417,0.038643647,0,-0.0027200058,-0.0033277944
2020-07-23,Sierit_DER_AN858_eobs2561__2020__southbound_01,Sierit  / DER AN858 (eobs2561),47.802437,8.87918,47.80405,8.879537,47.7974,8.868415,1.112058406958659,0.18138207,0,-0.0050350204,-0.01076524
2020-07-23,Zozu_plus_DER_AL581_eobs2541__2020__southbound_01,Zozu + / DER AL581 (eobs2541),47.75146,8.943488,47.738705,8.933483,47.75073,8.947021,1.6769452819022035,1.6035222,0,-0.0007317886,0.0035324544
2020-07-24,Angela_DER_AY470_eobs_4001__2020__southbound_01,Angela / DER AY470 (eobs 4001),48.130234,7.757916,48.134933,7.7552156,48.128193,7.752964,0.7679197593690091,0.559683,0,-0.0020420626,-0.0049517155
2020-07-24,Mirabell_plus_DER_AN910_eobs_3907__2020__southbound_01,Mirabell + / DER AN910 (eobs 3907),47.804596,8.880081,47.805126,8.884488,47.796764,8.8632145,1.8409905026115925,0.33440727,0,-0.007830434,-0.01686646
2020-07-24,Sierit_DER_AN858_eobs2561__2020__southbound_01,Sierit  / DER AN858 (eobs2561),47.80405,8.879537,47.80343,8.8801155,47.803314,8.87816,0.14656930224971867,0.08153231,0,-0.00073762983,-0.0013761297
2020-07-24,Zozu_plus_DER_AL581_eobs2541__2020__southbound_01,Zozu + / DER AL581 (eobs2541),47.738705,8.933483,47.742996,8.9434595,47.729603,8.924631,2.0495298812896214,0.885505,0,-0.009102404,-0.008852363
2020-07-25,Angela_DER_AY470_eobs_4001__2020__southbound_01,Angela / DER AY470 (eobs 4001),48.134933,7.7552156,48.11386,7.7588625,48.13374,7.752404,2.2617622563709885,2.3586595,0,-0.0011942983,-0.002811551
2020-07-25,Mirabell_plus_DER_AN910_eobs_3907__2020__southbound_01,Mirabell + / DER AN910 (eobs 3907),47.805126,8.884488,47.80425,8.879274,47.802032,8.883857,0.4217459149185395,0.40133238,0,-0.0030937567,-0.00063160807
2020-07-25,Sierit_DER_AN858_eobs2561__2020__southbound_01,Sierit  / DER AN858 (eobs2561),47.80343,8.8801155,47.80406,8.879292,47.796295,8.880631,0.869401008590671,0.093487225,0,-0.0071340874,0.0005161837
2020-07-25,Zozu_plus_DER_AL581_eobs2541__2020__southbound_01,Zozu + / DER AL581 (eobs2541),47.742996,8.9434595,47.75187,9.055327,47.74307,8.94595,8.23625055369696,8.422084,0,7.3798e-05,0.0024898052
2020-07-26,Angela_DER_AY470_eobs_4001__2020__southbound_01,Angela / DER AY470 (eobs 4001),48.11386,7.7588625,48.094044,7.759154,48.10167,7.7547555,0.9086636003187349,2.2034698,0,-0.012192279,-0.004107155
2020-07-26,Mirabell_plus_DER_AN910_eobs_3907__2020__southbound_01,Mirabell + / DER AN910 (eobs 3907),47.80425,8.879274,47.80407,8.879509,47.796265,8.861939,1.5733146494022825,0.026495254,0,-0.007984921,-0.017334811
2020-07-26,Sierit_DER_AN858_eobs2561__2020__southbound_01,Sierit  / DER AN858 (eobs2561),47.80406,8.879292,47.80366,8.87938,47.801105,8.871644,0.6439165407615356,0.045303028,0,-0.0029560998,-0.0076476336
2020-07-26,Zozu_plus_DER_AL581_eobs2541__2020__southbound_01,Zozu + / DER AL581 (eobs2541),47.75187,9.055327,47.75261,9.0552635,47.748924,9.058143,0.46285175120237254,0.08270326,0,-0.0029462948,0.0028152391
2020-07-27,Angela_DER_AY470_eobs_4001__2020__southbound_01,Angela / DER AY470 (eobs 4001),48.094044,7.759154,48.118874,7.7591324,48.081753,7.753214,4.150985200122976,2.760724,0,-0.012289204,-0.005939901
2020-07-27,Mirabell_plus_DER_AN910_eobs_3907__2020__southbound_01,Mirabell + / DER AN910 (eobs 3907),47.80407,8.879509,47.804268,8.879241,47.7977,8.876357,0.7615287863442896,0.029602265,0,-0.0063707903,-0.0031520799
2020-07-27,Sierit_DER_AN858_eobs2561__2020__southbound_01,Sierit  / DER AN858 (eobs2561),47.80366,8.87938,47.803837,8.874597,47.794006,8.875967,1.0978827877565946,0.35786223,0,-0.009654738,-0.0034127608
2020-07-27,Zozu_plus_DER_AL581_eobs2541__2020__southbound_01,Zozu + / DER AL581 (eobs2541),47.75261,9.0552635,47.751163,9.055356,47.753185,9.053266,0.27379842116211617,0.1609604,0,0.000575915,-0.0019980222
2020-07-28,Angela_DER_AY470_eobs_4001__2020__southbound_01,Angela / DER AY470 (eobs 4001),48.118874,7.7591324,48.13619,7.750192,48.117073,7.7570047,2.1848582410570514,2.036373,0,-0.001799494,-0.0021275058
2020-07-28,Mirabell_plus_DER_AN910_eobs_3907__2020__southbound_01,Mirabell + / DER AN910 (eobs 3907),47.804268,8.879241,47.805023,8.880242,47.797768,8.865324,1.3756636439854943,0.11251746,0,-0.00650201,-0.013917267
2020-07-28,Sierit_DER_AN858_eobs2561__2020__southbound_01,Sierit  / DER AN858 (eobs2561),47.803837,8.874597,47.801712,8.878815,47.798252,8.862603,1.2705209114379548,0.39379263,0,-0.005582899,-0.01199384
2020-07-28,Zozu_plus_DER_AL581_eobs2541__2020__southbound_01,Zozu + / DER AL581 (eobs2541),47.751163,9.055356,47.75156,9.044932,47.742393,9.049545,1.0760650860678465,0.78052145,0,-0.008771107,-0.0058107898
2020-07-29,Angela_DER_AY470_eobs_4001__2020__southbound_01,Angela / DER AY470 (eobs 4001),48.13619,7.750192,48.112957,7.749811,48.133522,7.7456627,2.3073696355358675,2.5831995,0,-0.002665095,-0.0045296475
2020-07-29,Mirabell_plus_DER_AN910_eobs_3907__2020__southbound_01,Mirabell + / DER AN910 (eobs 3907),47.805023,8.880242,47.804268,8.879628,47.801376,8.876763,0.3862137595998074,0.0956753,0,-0.003644988,-0.0034789592
2020-07-29,Sierit_DER_AN858_eobs2561__2020__southbound_01,Sierit  / DER AN858 (eobs2561),47.801712,8.878815,47.80434,8.878934,47.7953,8.879756,1.0071695284028026,0.29227868,0,-0.006412931,0.00094142556
2020-07-29,Zozu_plus_DER_AL581_eobs2541__2020__southbound_01,Zozu + / DER AL581 (eobs2541),47.75156,9.044932,47.75081,9.05771,47.74606,9.031511,2.0286935704407223,0.95889604,0,-0.005502008,-0.013420746
2020-07-30,Angela_DER_AY470_eobs_4001__2020__southbound_01,Angela / DER AY470 (eobs 4001),48.112957,7.749811,48.110836,7.7511034,48.100845,7.743467,1.2472567005227453,0.25480202,0,-0.012111098,-0.006344542
2020-07-30,Mirabell_plus_DER_AN910_eobs_3907__2020__southbound_01,Mirabell + / DER AN910 (eobs 3907),47.804268,8.879628,47.804283,8.879304,47.795246,8.865384,1.445944016619722,0.024246003,0,-0.009022333,-0.014244378
2020-07-30,Sierit_DER_AN858_eobs2561__2020__southbound_01,Sierit  / DER AN858 (eobs2561),47.80434,8.878934,47.80275,8.879794,47.80121,8.874518,0.42969045365310304,0.18807447,0,-0.0031315535,-0.004415527
2020-07-30,Zozu_plus_DER_AL581_eobs2541__2020__southbound_01,Zozu + / DER AL581 (eobs2541),47.75081,9.05771,47.734444,9.0594015,47.74735,9.05904,1.4352404542922272,1.8240228,0,-0.003459543,0.001330398
2020-07-31,Angela_DER_AY470_eobs_4001__2020__southbound_01,Angela / DER AY470 (eobs 4001),48.110836,7.7511034,48.110123,7.7515616,48.10104,7.7481856,1.040605963261124,0.08604845,0,-0.009797655,-0.0029178709
2020-07-31,Mirabell_plus_DER_AN910_eobs_3907__2020__southbound_01,Mirabell + / DER AN910 (eobs 3907),47.804283,8.879304,47.80375,8.879278,47.79411,8.857605,1.941551685572783,0.05941004,0,-0.0101742,-0.02169922
2020-07-31,Sierit_DER_AN858_eobs2561__2020__southbound_01,Sierit  / DER AN858 (eobs2561),47.80275,8.879794,47.802124,8.877056,47.793526,8.876316,0.9576884059767605,0.21591215,0,-0.009223066,-0.0034779087
2020-07-31,Zozu_plus_DER_AL581_eobs2541__2020__southbound_01,Zozu + / DER AL581 (eobs2541),47.734444,9.0594015,47.7341,9.0592375,47.724453,9.052082,1.19882800524198,0.03991692,0,-0.009991854,-0.0073199123
2020-08-01,Angela_DER_AY470_eobs_4001__2020__southbound_01,Angela / DER AY470 (eobs 4001),48.110123,7.7515616,48.119095,7.752543,48.101208,7.7485604,2.010817729600854,1.0003593,0,-0.00891678,-0.0030011013
2020-08-01,Mirabell_plus_DER_AN910_eobs_3907__2020__southbound_01,Mirabell + / DER AN910 (eobs 3907),47.80375,8.879278,47.801517,8.881068,47.791832,8.866211,1.5464567820056105,0.28181353,0,-0.011916198,-0.013067178
2020-08-01,Sierit_DER_AN858_eobs2561__2020__southbound_01,Sierit  / DER AN858 (eobs2561),47.802124,8.877056,47.80157,8.879406,47.793533,8.861633,1.600352721272961,0.18609858,0,-0.008590281,-0.015422471
2020-08-01,Zozu_plus_DER_AL581_eobs2541__2020__southbound_01,Zozu + / DER AL581 (eobs2541),47.7341,9.0592375,47.73418,9.059055,47.724678,9.049164,1.2898768113342134,0.016201591,0,-0.009423479,-0.010073595
2020-08-02,Angela_DER_AY470_eobs_4001__2020__southbound_01,Angela / DER AY470 (eobs 4001),48.119095,7.752543,48.1105,7.7516613,48.116352,7.7497916,0.6653257489736086,0.9582505,0,-0.0027415752,-0.0027515069
2020-08-02,Mirabell_plus_DER_AN910_eobs_3907__2020__southbound_01,Mirabell + / DER AN910 (eobs 3907),47.801517,8.881068,47.80198,8.882164,47.793022,8.8743515,1.154333774497081,0.09659655,0,-0.008496702,-0.0067168996
2020-08-02,Sierit_DER_AN858_eobs2561__2020__southbound_01,Sierit  / DER AN858 (eobs2561),47.80157,8.879406,47.80255,8.879455,47.796467,8.879449,0.6765601667822326,0.10942046,0,-0.0051052123,4.2445958e-05
2020-08-02,Zozu_plus_DER_AL581_eobs2541__2020__southbound_01,Zozu + / DER AL581 (eobs2541),47.73418,9.059055,47.751205,9.055039,47.729763,9.046816,2.4623137181695673,1.9168506,0,-0.00441698,-0.012239605
2020-08-03,Angela_DER_AY470_eobs_4001__2020__southbound_01,Angela / DER AY470 (eobs 4001),48.1105,7.7516613,48.118458,7.7512507,48.099422,7.7441473,2.181354459167897,0.8855254,0,-0.011077508,-0.007514186
2020-08-03,Mirabell_plus_DER_AN910_eobs_3907__2020__southbound_01,Mirabell + / DER AN910 (eobs 3907),47.80198,8.882164,47.802,8.881389,47.79671,8.876928,0.6757423138578877,0.057967026,0,-0.005269848,-0.0052358657
2020-08-03,Sierit_DER_AN858_eobs2561__2020__southbound_01,Sierit  / DER AN858 (eobs2561),47.80255,8.879455,47.80252,8.879926,47.7987,8.873344,0.6498321419035937,0.03534119,0,-0.0038533434,-0.0061101243
2020-08-03,Zozu_plus_DER_AL581_eobs2541__2020__southbound_01,Zozu + / DER AL581 (eobs2541),47.751205,9.055039,47.736034,9.059146,47.74961,9.049546,1.6716054720629985,1.714823,0,-0.0015964136,-0.0054927617
2020-08-04,Angela_DER_AY470_eobs_4001__2020__southbound_01,Angela / DER AY470 (eobs 4001),48.118458,7.7512507,48.13407,7.750055,48.11544,7.7477145,2.0789433107265114,1.7384578,0,-0.0030190796,-0.0035360456
2020-08-04,Mirabell_plus_DER_AN910_eobs_3907__2020__southbound_01,Mirabell + / DER AN910 (eobs 3907),47.802,8.881389,47.804176,8.880342,47.79079,8.858175,2.2263977153057266,0.25464866,0,-0.011206485,-0.023213781
2020-08-04,Sierit_DER_AN858_eobs2561__2020__southbound_01,Sierit  / DER AN858 (eobs2561),47.80252,8.879926,47.803734,8.8798895,47.79768,8.878767,0.6783673389467808,0.13508993,0,-0.004841052,-0.0011583343
2020-08-04,Zozu_plus_DER_AL581_eobs2541__2020__southbound_01,Zozu + / DER AL581 (eobs2541),47.736034,9.059146,47.75154,9.055089,47.725372,9.05161,2.9214514275238113,1.7505949,0,-0.0106626,-0.0075363815
2020-08-05,Angela_DER_AY470_eobs_4001__2020__southbound_01,Angela / DER AY470 (eobs 4001),48.13407,7.750055,48.13684,7.751662,48.12959,7.744845,0.9519131376626626,0.33039397,0,-0.004480809,-0.0052099153
2020-08-05,Mirabell_plus_DER_AN910_eobs_3907__2020__southbound_01,Mirabell + / DER AN910 (eobs 3907),47.804176,8.880342,47.804016,8.879706,47.796715,8.86611,1.300180369582118,0.050645165,0,-0.007460855,-0.014232054
2020-08-05,Sierit_DER_AN858_eobs2561__2020__southbound_01,Sierit  / DER AN858 (eobs2561),47.803734,8.8798895,47.801804,8.879307,47.799774,8.872996,0.5225695174023091,0.219232,0,-0.0039604306,-0.006893225
2020-08-05,Zozu_plus_DER_AL581_eobs2541__2020__southbound_01,Zozu + / DER AL581 (eobs2541),47.75154,9.055089,47.74875,8.938176,47.74916,9.048558,8.252884898508936,8.746356,0,-0.0023798048,-0.0065304935
2020-08-06,Angela_DER_AY470_eobs_4001__2020__southbound_01,Angela / DER AY470 (eobs 4001),48.13684,7.751662,48.13066,7.756162,48.133236,7.7498055,0.5518427956265642,0.7641024,0,-0.0036041066,-0.0018565059
2020-08-06,Mirabell_plus_DER_AN910_eobs_3907__2020__southbound_01,Mirabell + / DER AN910 (eobs 3907),47.804016,8.879706,47.803608,8.879683,47.79003,8.853848,2.450066822151086,0.045647427,0,-0.013985194,-0.025858238
2020-08-06,Sierit_DER_AN858_eobs2561__2020__southbound_01,Sierit  / DER AN858 (eobs2561),47.801804,8.879307,47.80406,8.874309,47.78813,8.865342,1.8937531992792282,0.44998452,0,-0.01367256,-0.0139646605
2020-08-06,Zozu_plus_DER_AL581_eobs2541__2020__southbound_01,Zozu + / DER AL581 (eobs2541),47.74875,8.938176,47.7513,9.049513,47.735535,8.913374,10.329416879805898,8.328834,0,-0.013215788,-0.02480241
2020-08-07,Angela_DER_AY470_eobs_4001__2020__southbound_01,Angela / DER AY470 (eobs 4001),48.13066,7.756162,48.077835,7.753861,48.12241,7.7530813,4.956829630192989,5.8765535,0,-0.008249603,-0.003081046
2020-08-07,Mirabell_plus_DER_AN910_eobs_3907__2020__southbound_01,Mirabell + / DER AN910 (eobs 3907),47.803608,8.879683,47.80384,8.879082,47.790417,8.863919,1.873715052427868,0.051877484,0,-0.01318986,-0.015763134
2020-08-07,Sierit_DER_AN858_eobs2561__2020__southbound_01,Sierit  / DER AN858 (eobs2561),47.80406,8.874309,47.804363,8.878179,47.795513,8.856971,1.8648489442294554,0.29098287,0,-0.008548662,-0.01733742
2020-08-07,Zozu_plus_DER_AL581_eobs2541__2020__southbound_01,Zozu + / DER AL581 (eobs2541),47.7513,9.049513,47.75267,9.048279,47.745518,9.048818,0.7963488163751044,0.178104,0,-0.0057843775,-0.0006954968
2020-08-08,Angela_DER_AY470_eobs_4001__2020__southbound_01,Angela / DER AY470 (eobs 4001),48.077835,7.753861,48.133186,7.7520914,48.063324,7.7431583,7.796625428575051,6.1561165,0,-0.014511682,-0.010702483
2020-08-08,Mirabell_plus_DER_AN910_eobs_3907__2020__southbound_01,Mirabell + / DER AN910 (eobs 3907),47.80384,8.879082,47.80333,8.881425,47.78997,8.852093,2.6471054573795088,0.18411863,0,-0.01387126,-0.026988797
2020-08-08,Sierit_DER_AN858_eobs2561__2020__southbound_01,Sierit  / DER AN858 (eobs2561),47.804363,8.878179,47.802174,8.8844185,47.799458,8.875834,0.7087189557872831,0.5258565,0,-0.004906431,-0.0023440719
2020-08-08,Zozu_plus_DER_AL581_eobs2541__2020__southbound_01,Zozu + / DER AL581 (eobs2541),47.75267,9.048279,47.752693,9.048364,47.74901,9.038576,0.8386580081622013,0.00669525,0,-0.0036614314,-0.00970269
2020-08-09,Angela_DER_AY470_eobs_4001__2020__southbound_01,Angela / DER AY470 (eobs 4001),48.133186,7.7520914,48.13434,7.757279,48.126186,7.743118,1.387888878886131,0.40571624,0,-0.006999828,-0.008973815
2020-08-09,Mirabell_plus_DER_AN910_eobs_3907__2020__southbound_01,Mirabell + / DER AN910 (eobs 3907),47.80333,8.881425,47.804207,8.884075,47.795727,8.874891,1.1660556639152855,0.22061722,0,-0.007602781,-0.0065332428
2020-08-09,Sierit_DER_AN858_eobs2561__2020__southbound_01,Sierit  / DER AN858 (eobs2561),47.802174,8.8844185,47.804115,8.879583,47.795086,8.8807955,1.0080973016770662,0.42069113,0,-0.007086657,-0.0036231726
2020-08-09,Zozu_plus_DER_AL581_eobs2541__2020__southbound_01,Zozu + / DER AL581 (eobs2541),47.752693,9.048364,47.751923,9.056243,47.74983,9.047123,0.7205049693125589,0.59520936,0,-0.0028649867,-0.0012407005
2020-08-10,Angela_DER_AY470_eobs_4001__2020__southbound_01,Angela / DER AY470 (eobs 4001),48.13434,7.757279,48.13766,7.754049,48.13086,7.757356,0.7951335617694255,0.44042474,0,-0.0034784675,7.722527e-05
2020-08-10,Mirabell_plus_DER_AN910_eobs_3907__2020__southbound_01,Mirabell + / DER AN910 (eobs 3907),47.804207,8.884075,47.80309,8.885117,47.79801,8.877101,0.822913506473054,0.14631747,0,-0.006193526,-0.0069745183
2020-08-10,Sierit_DER_AN858_eobs2561__2020__southbound_01,Sierit  / DER AN858 (eobs2561),47.804115,8.879583,47.80414,8.882941,47.79745,8.86441,1.571178772280751,0.25078848,0,-0.006663047,-0.015172735
2020-08-10,Zozu_plus_DER_AL581_eobs2541__2020__southbound_01,Zozu + / DER AL581 (eobs2541),47.751923,9.056243,47.751312,9.042446,47.74703,9.054468,1.0172505355680102,1.0336602,0,-0.004895203,-0.0017747879
2020-08-11,Angela_DER_AY470_eobs_4001__2020__southbound_01,Angela / DER AY470 (eobs 4001),48.13766,7.754049,48.133595,7.757238,48.132305,7.743693,1.0153783739520756,0.5103627,0,-0.005355336,-0.01035586
2020-08-11,Mirabell_plus_DER_AN910_eobs_3907__2020__southbound_01,Mirabell + / DER AN910 (eobs 3907),47.80309,8.885117,47.80299,8.883186,47.794052,8.875243,1.1574704869576222,0.14459674,0,-0.009036876,-0.009873398
2020-08-11,Sierit_DER_AN858_eobs2561__2020__southbound_01,Sierit  / DER AN858 (eobs2561),47.80414,8.882941,47.803635,8.88179,47.79817,8.878832,0.646758075301422,0.102566384,0,-0.0059702843,-0.004109353
2020-08-11,Zozu_plus_DER_AL581_eobs2541__2020__southbound_01,Zozu + / DER AL581 (eobs2541),47.751312,9.042446,47.751488,9.042528,47.7438,9.025163,1.5544433384528338,0.02043127,0,-0.007511057,-0.017283559
2020-08-12,Angela_DER_AY470_eobs_4001__2020__southbound_01,Angela / DER AY470 (eobs 4001),48.133595,7.757238,48.12931,7.758246,48.12491,7.751891,0.6797569063003257,0.48210394,0,-0.008686684,-0.0053466037
2020-08-12,Mirabell_plus_DER_AN910_eobs_3907__2020__southbound_01,Mirabell + / DER AN910 (eobs 3907),47.80299,8.883186,47.8024,8.880038,47.78815,8.85395,2.511533258239407,0.24406165,0,-0.014839664,-0.029237092
2020-08-12,Sierit_DER_AN858_eobs2561__2020__southbound_01,Sierit  / DER AN858 (eobs2561),47.803635,8.88179,47.802116,8.878421,47.79275,8.862212,1.5969491486404996,0.30313113,0,-0.010883175,-0.019577637
2020-08-12,Zozu_plus_DER_AL581_eobs2541__2020__southbound_01,Zozu + / DER AL581 (eobs2541),47.751488,9.042528,47.752216,9.048985,47.7487,9.037267,0.9593918937970379,0.4894771,0,-0.0027888194,-0.0052611306
2020-08-13,Angela_DER_AY470_eobs_4001__2020__southbound_01,Angela / DER AY470 (eobs 4001),48.12931,7.758246,48.137924,7.7551374,48.117672,7.7488074,2.3004330510024094,0.98488975,0,-0.011637397,-0.009438358
2020-08-13,Mirabell_plus_DER_AN910_eobs_3907__2020__southbound_01,Mirabell + / DER AN910 (eobs 3907),47.8024,8.880038,47.801975,8.880928,47.785156,8.847462,3.122098911750061,0.08143424,0,-0.017241403,-0.03257685
2020-08-13,Sierit_DER_AN858_eobs2561__2020__southbound_01,Sierit  / DER AN858 (eobs2561),47.802116,8.878421,47.801846,8.874303,47.79028,8.857533,1.7953136488362964,0.3089978,0,-0.01183828,-0.02088771
2020-08-13,Zozu_plus_DER_AL581_eobs2541__2020__southbound_01,Zozu + / DER AL581 (eobs2541),47.752216,9.048985,47.744904,9.058249,47.74817,9.046469,0.9527345544672373,1.0683438,0,-0.0040480196,-0.0025157705
2020-08-14,Angela_DER_AY470_eobs_4001__2020__southbound_01,Angela / DER AY470 (eobs 4001),48.137924,7.7551374,48.134556,7.7556753,48.132492,7.7460313,0.7515856131353967,0.3762953,0,-0.005432099,-0.009106331
2020-08-14,Mirabell_plus_DER_AN910_eobs_3907__2020__southbound_01,Mirabell + / DER AN910 (eobs 3907),47.801975,8.880928,47.802505,8.879974,47.792976,8.871755,1.2246209309513074,0.09236304,0,-0.008998372,-0.009173177
2020-08-14,Sierit_DER_AN858_eobs2561__2020__southbound_01,Sierit  / DER AN858 (eobs2561),47.801846,8.874303,47.8021,8.879501,47.79147,8.853271,2.2883640445398186,0.38924038,0,-0.010377556,-0.021032594
2020-08-14,Zozu_plus_DER_AL581_eobs2541__2020__southbound_01,Zozu + / DER AL581 (eobs2541),47.744904,9.058249,47.750763,9.058613,47.735577,9.0516815,1.766388507935793,0.6523194,0,-0.009326778,-0.006567821
2020-08-15,Angela_DER_AY470_eobs_4001__2020__southbound_01,Angela / DER AY470 (eobs 4001),48.134556,7.7556753,48.13698,7.7535634,48.124104,7.746438,1.5261393767951847,0.31143692,0,-0.010452427,-0.009237334
2020-08-15,Mirabell_plus_DER_AN910_eobs_3907__2020__southbound_01,Mirabell + / DER AN910 (eobs 3907),47.802505,8.879974,47.801968,8.877976,47.791134,8.85773,1.9334977765028132,0.16066635,0,-0.011373244,-0.022243991
2020-08-15,Sierit_DER_AN858_eobs2561__2020__southbound_01,Sierit  / DER AN858 (eobs2561),47.8021,8.879501,47.803947,8.879425,47.79672,8.874981,0.8696539190129371,0.20555454,0,-0.0053836554,-0.004520729
2020-08-15,Zozu_plus_DER_AL581_eobs2541__2020__southbound_01,Zozu + / DER AL581 (eobs2541),47.750763,9.058613,47.75135,8.989122,47.747814,9.051813,4.70350506682502,5.195707,0,-0.0029499307,-0.0067993626
2020-08-16,Angela_DER_AY470_eobs_4001__2020__southbound_01,Angela / DER AY470 (eobs 4001),48.13698,7.7535634,48.135075,7.755437,48.129803,7.7409225,1.2263410575980804,0.2531464,0,-0.0071737617,-0.01264108
2020-08-16,Mirabell_plus_DER_AN910_eobs_3907__2020__southbound_01,Mirabell + / DER AN910 (eobs 3907),47.801968,8.877976,47.80295,8.879338,47.785168,8.846971,3.1235723242792375,0.14934935,0,-0.016799085,-0.031005658
2020-08-16,Sierit_DER_AN858_eobs2561__2020__southbound_01,Sierit  / DER AN858 (eobs2561),47.803947,8.879425,47.802776,8.878763,47.79963,8.870777,0.6915576411595468,0.13947043,0,-0.0043191686,-0.008647919
2020-08-16,Zozu_plus_DER_AL581_eobs2541__2020__southbound_01,Zozu + / DER AL581 (eobs2541),47.75135,8.989122,47.752777,9.051551,47.740948,8.967278,6.436812854834561,4.66992,0,-0.010402262,-0.021845117
2020-08-17,Angela_DER_AY470_eobs_4001__2020__southbound_01,Angela / DER AY470 (eobs 4001),48.135075,7.755437,48.14024,7.749622,48.12584,7.7493367,1.6014025941946992,0.71817833,0,-0.009234078,-0.006100096
2020-08-17,Mirabell_plus_DER_AN910_eobs_3907__2020__southbound_01,Mirabell + / DER AN910 (eobs 3907),47.80295,8.879338,47.802795,8.879619,47.794796,8.868251,1.2297073696393463,0.027231557,0,-0.0081544295,-0.011087567
2020-08-17,Sierit_DER_AN858_eobs2561__2020__southbound_01,Sierit  / DER AN858 (eobs2561),47.802776,8.878763,47.80275,8.879657,47.78738,8.858723,2.316470436493149,0.06675763,0,-0.015394963,-0.02004075
2020-08-17,Zozu_plus_DER_AL581_eobs2541__2020__southbound_01,Zozu + / DER AL581 (eobs2541),47.752777,9.051551,47.75158,9.056366,47.74763,9.048117,0.7570498170483551,0.38397732,0,-0.005145341,-0.0034340844
2020-08-18,Angela_DER_AY470_eobs_4001__2020__southbound_01,Angela / DER AY470 (eobs 4001),48.14024,7.749622,47.98552,7.7342486,48.131966,7.735379,16.28431685001068,17.241764,0,-0.008275174,-0.014242612
2020-08-18,Mirabell_plus_DER_AN910_eobs_3907__2020__southbound_01,Mirabell + / DER AN910 (eobs 3907),47.802795,8.879619,47.80365,8.8796215,47.794224,8.869746,1.2816699018943998,0.094866306,0,-0.008570291,-0.009872779
2020-08-18,Sierit_DER_AN858_eobs2561__2020__southbound_01,Sierit  / DER AN858 (eobs2561),47.80275,8.879657,47.80389,8.879673,47.795944,8.873536,0.9953815443152345,0.12698,0,-0.0068057477,-0.0061206073
2020-08-18,Zozu_plus_DER_AL581_eobs2541__2020__southbound_01,Zozu + / DER AL581 (eobs2541),47.75158,9.056366,47.74882,8.941401,47.745308,9.051641,8.251757307768091,8.600712,0,-0.006270319,-0.004724905
2020-08-19,Angela_DER_AY470_eobs_4001__2020__southbound_01,Angela / DER AY470 (eobs 4001),47.98552,7.7342486,47.778625,7.526185,47.861557,7.589186,10.351994752712688,27.749002,0,-0.1239631,-0.1450625
2020-08-19,Europa_DER_A1A26_eobs_4004__2020__southbound_01,Europa / DER A1A26 (eobs 4004),47.11048,7.4815288,47.112366,7.5149474,47.062126,7.42664,8.712528316788605,2.5376904,0,-0.04835678,-0.05488891
2020-08-19,Mirabell_plus_DER_AN910_eobs_3907__2020__southbound_01,Mirabell + / DER AN910 (eobs 3907),47.80365,8.8796215,47.80331,8.879771,47.7939,8.8627825,1.644778026860275,0.039173372,0,-0.009749174,-0.01683899
2020-08-19,Sierit_DER_AN858_eobs2561__2020__southbound_01,Sierit  / DER AN858 (eobs2561),47.80389,8.879673,47.804024,8.879544,47.798824,8.870024,0.9164635209238675,0.01762509,0,-0.0050645694,-0.009648994
2020-08-19,Zozu_plus_DER_AL581_eobs2541__2020__southbound_01,Zozu + / DER AL581 (eobs2541),47.74882,8.941401,47.751575,9.056559,47.737816,8.917696,10.495086951511434,8.6150465,0,-0.011006378,-0.023704566
2020-08-20,Angela_DER_AY470_eobs_4001__2020__southbound_01,Angela / DER AY470 (eobs 4001),47.778625,7.526185,47.26316,6.046625,47.444942,6.9969916,74.39018946120898,125.0141,1,-0.33368468,-0.52919346
2020-08-20,Europa_DER_A1A26_eobs_4004__2020__southbound_01,Europa / DER A1A26 (eobs 4004),47.112366,7.5149474,47.108448,7.597963,47.084904,7.4782414,9.433184730023779,6.2975197,0,-0.027462184,-0.036705784
2020-08-20,Mirabell_plus_DER_AN910_eobs_3907__2020__southbound_01,Mirabell + / DER AN910 (eobs 3907),47.80331,8.879771,47.803085,8.87948,47.789276,8.861092,2.06023491726175,0.03310304,0,-0.014035143,-0.01867918
2020-08-20,Sierit_DER_AN858_eobs2561__2020__southbound_01,Sierit  / DER AN858 (eobs2561),47.804024,8.879544,47.804432,8.877387,47.79785,8.865878,1.1288550445743855,0.16738598,0,-0.006172456,-0.013666287
2020-08-20,Zozu_plus_DER_AL581_eobs2541__2020__southbound_01,Zozu + / DER AL581 (eobs2541),47.751575,9.056559,47.751354,8.933139,47.74548,9.052235,8.928262999150608,9.227062,0,-0.006096594,-0.0043240413
2020-08-21,Angela_DER_AY470_eobs_4001__2020__southbound_01,Angela / DER AY470 (eobs 4001),47.26316,6.046625,46.75634,5.1028695,45.89122,4.685677,101.39079670075392,91.08314,1,-1.3719411,-1.3609481
2020-08-21,Europa_DER_A1A26_eobs_4004__2020__southbound_01,Europa / DER A1A26 (eobs 4004),47.108448,7.597963,47.14373,7.522199,47.08076,7.5629473,7.650810423759942,6.9458055,0,-0.027688771,-0.035015568
2020-08-21,Mirabell_plus_DER_AN910_eobs_3907__2020__southbound_01,Mirabell + / DER AN910 (eobs 3907),47.803085,8.87948,47.80436,8.879374,47.78686,8.8515005,2.84969056413831,0.14168195,0,-0.016222328,-0.027979687
2020-08-21,Sierit_DER_AN858_eobs2561__2020__southbound_01,Sierit  / DER AN858 (eobs2561),47.804432,8.877387,47.80548,8.879814,47.79444,8.856545,2.1277956706684673,0.21562144,0,-0.009991035,-0.020841472
2020-08-21,Zozu_plus_DER_AL581_eobs2541__2020__southbound_01,Zozu + / DER AL581 (eobs2541),47.751354,8.933139,47.758503,8.995893,47.739563,8.90819,6.887030158621528,4.758109,0,-0.011790596,-0.024948865
2020-08-22,Angela_DER_AY470_eobs_4001__2020__southbound_01,Angela / DER AY470 (eobs 4001),46.75634,5.1028695,45.665047,4.7279363,45.46062,3.714754,82.08627864095128,124.72864,1,-1.2957199,-1.3881155
2020-08-22,Europa_DER_A1A26_eobs_4004__2020__southbound_01,Europa / DER A1A26 (eobs 4004),47.14373,7.522199,47.1363,7.5240912,47.071865,7.3834124,12.833712050788035,0.8384936,0,-0.07186537,-0.13878703
2020-08-22,Mirabell_plus_DER_AN910_eobs_3907__2020__southbound_01,Mirabell + / DER AN910 (eobs 3907),47.80436,8.879374,47.80392,8.879947,47.793377,8.860288,1.8790436431642579,0.06470497,0,-0.010984033,-0.019085988
2020-08-22,Sierit_DER_AN858_eobs2561__2020__southbound_01,Sierit  / DER AN858 (eobs2561),47.80548,8.879814,47.803898,8.879863,47.800694,8.873901,0.5702659194293729,0.17634758,0,-0.0047886968,-0.005913049
2020-08-22,Zozu_plus_DER_AL581_eobs2541__2020__southbound_01,Zozu + / DER AL581 (eobs2541),47.758503,8.995893,47.749763,9.059016,47.753967,8.991622,5.060112261673192,4.8179927,0,-0.0045371577,-0.0042707697
2020-08-23,Angela_DER_AY470_eobs_4001__2020__southbound_01,Angela / DER AY470 (eobs 4001),45.665047,4.7279363,43.503193,3.9061465,44.962826,3.8264337,162.4281755762098,249.03783,1,-0.7022202,-0.9015025
2020-08-23,Europa_DER_A1A26_eobs_4004__2020__southbound_01,Europa / DER A1A26 (eobs 4004),47.1363,7.5240912,47.119648,7.585053,47.05852,7.425374,13.868795319456064,4.9697304,0,-0.07777775,-0.09871704
2020-08-23,Mirabell_plus_DER_AN910_eobs_3907__2020__southbound_01,Mirabell + / DER AN910 (eobs 3907),47.80392,8.879947,47.801846,8.874266,47.792118,8.865339,1.2706465420003106,0.4830556,0,-0.011802152,-0.014607213
2020-08-23,Sierit_DER_AN858_eobs2561__2020__southbound_01,Sierit  / DER AN858 (eobs2561),47.803898,8.879863,47.801914,8.874343,47.791042,8.86402,1.433869881986622,0.46752492,0,-0.012854338,-0.015842386
2020-08-23,Zozu_plus_DER_AL581_eobs2541__2020__southbound_01,Zozu + / DER AL581 (eobs2541),47.749763,9.059016,47.752613,9.024365,47.742718,9.053107,2.414262018475502,2.6099024,0,-0.0070461556,-0.0059088916
2020-08-24,Angela_DER_AY470_eobs_4001__2020__southbound_01,Angela / DER AY470 (eobs 4001),43.503193,3.9061465,42.513783,2.8850985,42.454197,2.9064686,6.853452472644969,137.82597,1,-1.0489961,-0.9996779
2020-08-24,Europa_DER_A1A26_eobs_4004__2020__southbound_01,Europa / DER A1A26 (eobs 4004),47.119648,7.585053,46.807476,6.80487,47.078365,7.5351424,63.093337636630885,68.63028,1,-0.041281253,-0.049910355
2020-08-24,Mirabell_plus_DER_AN910_eobs_3907__2020__southbound_01,Mirabell + / DER AN910 (eobs 3907),47.801846,8.874266,47.80194,8.880507,47.78025,8.835777,4.1210565585183545,0.46634042,0,-0.021593444,-0.038488857
2020-08-24,Sierit_DER_AN858_eobs2561__2020__southbound_01,Sierit  / DER AN858 (eobs2561),47.801914,8.874343,47.80449,8.880633,47.789116,8.850769,2.8104175104479037,0.55024606,0,-0.012798309,-0.023573637
2020-08-24,Zozu_plus_DER_AL581_eobs2541__2020__southbound_01,Zozu + / DER AL581 (eobs2541),47.752613,9.024365,47.32858,8.375759,47.744164,9.004971,66.07984968723936,67.77549,1,-0.008451439,-0.019395351
2020-08-25,Angela_DER_AY470_eobs_4001__2020__southbound_01,Angela / DER AY470 (eobs 4001),42.513783,2.8850985,41.61882,0.69156855,41.659035,1.6787965,82.16124243215295,206.60591,1,-0.8547476,-1.2063019
2020-08-25,Europa_DER_A1A26_eobs_4004__2020__southbound_01,Europa / DER A1A26 (eobs 4004),46.807476,6.80487,45.077362,4.797459,45.73934,5.5471535,94.03828595376862,247.17233,1,-1.0681349,-1.2577168
2020-08-25,Mirabell_plus_DER_AN910_eobs_3907__2020__southbound_01,Mirabell + / DER AN910 (eobs 3907),47.80194,8.880507,47.801964,8.879419,47.791496,8.86752,1.4644947418412435,0.08129735,0,-0.010443017,-0.01298739
2020-08-25,Sierit_DER_AN858_eobs2561__2020__southbound_01,Sierit  / DER AN858 (eobs2561),47.80449,8.880633,47.801857,8.879341,47.79895,8.873545,0.5402895109634106,0.30818436,0,-0.0055384785,-0.0070888028
2020-08-25,Zozu_plus_DER_AL581_eobs2541__2020__southbound_01,Zozu + / DER AL581 (eobs2541),47.32858,8.375759,47.231762,8.259381,46.296825,7.0898223,136.90423212385852,13.891591,0,-1.031753,-1.285937
2020-08-26,Angela_DER_AY470_eobs_4001__2020__southbound_01,Angela / DER AY470 (eobs 4001),41.61882,0.69156855,41.308945,-0.8508059,41.15549,-0.015519261,71.90334323406348,133.05751,1,-0.4633299,-0.7070878
2020-08-26,Europa_DER_A1A26_eobs_4004__2020__southbound_01,Europa / DER A1A26 (eobs 4004),45.077362,4.797459,43.82647,4.49841,43.843197,3.8361294,53.15354458966044,141.1037,1,-1.2341652,-0.96132976
2020-08-26,Mirabell_plus_DER_AN910_eobs_3907__2020__southbound_01,Mirabell + / DER AN910 (eobs 3907),47.801964,8.879419,47.809895,8.88335,47.785072,8.846933,3.875261565153265,0.9294909,0,-0.016889803,-0.032485485
2020-08-26,Sierit_DER_AN858_eobs2561__2020__southbound_01,Sierit  / DER AN858 (eobs2561),47.801857,8.879341,47.805744,8.880607,47.788914,8.860448,2.4020273396837304,0.44256064,0,-0.0129438415,-0.018893369
2020-08-26,Zozu_plus_DER_AL581_eobs2541__2020__southbound_01,Zozu + / DER AL581 (eobs2541),47.231762,8.259381,47.233185,8.252966,46.69808,7.406301,87.5672828537193,0.509594,0,-0.53368384,-0.8530802
2020-08-27,Angela_DER_AY470_eobs_4001__2020__southbound_01,Angela / DER AY470 (eobs 4001),41.308945,-0.8508059,40.82922,-1.9202002,40.982777,-1.4129391,45.92228660777951,104.31788,1,-0.326167,-0.5621332
2020-08-27,Europa_DER_A1A26_eobs_4004__2020__southbound_01,Europa / DER A1A26 (eobs 4004),43.82647,4.49841,43.356533,3.4199433,42.90246,3.4394562,50.51571471922207,101.361084,1,-0.9240123,-1.058954
2020-08-27,Mirabell_plus_DER_AN910_eobs_3907__2020__southbound_01,Mirabell + / DER AN910 (eobs 3907),47.809895,8.88335,47.802914,8.879726,47.800083,8.867307,0.9795661593776177,0.82187355,0,-0.0098121315,-0.016043551
2020-08-27,Sierit_DER_AN858_eobs2561__2020__southbound_01,Sierit  / DER AN858 (eobs2561),47.805744,8.880607,47.80296,8.879541,47.801086,8.871769,0.6167467722370622,0.3198229,0,-0.004656419,-0.008837558
2020-08-27,Zozu_plus_DER_AL581_eobs2541__2020__southbound_01,Zozu + / DER AL581 (eobs2541),47.233185,8.252966,47.114326,7.545029,46.80271,7.32388,38.5009024942359,55.11919,1,-0.43047228,-0.9290857
2020-08-28,Angela_DER_AY470_eobs_4001__2020__southbound_01,Angela / DER AY470 (eobs 4001),40.82922,-1.9202002,39.22833,-3.0276914,40.524635,-2.4192815,153.20677124828782,201.43974,1,-0.30458534,-0.49908137
2020-08-28,Europa_DER_A1A26_eobs_4004__2020__southbound_01,Europa / DER A1A26 (eobs 4004),43.356533,3.4199433,43.122803,2.9608476,42.86743,2.5737176,42.3985152406979,45.370655,1,-0.48909953,-0.8462256
2020-08-28,Mirabell_plus_DER_AN910_eobs_3907__2020__southbound_01,Mirabell + / DER AN910 (eobs 3907),47.802914,8.879726,47.801807,8.881165,47.785828,8.8520975,2.8057022273611834,0.16338648,0,-0.017084338,-0.027628936
2020-08-28,Sierit_DER_AN858_eobs2561__2020__southbound_01,Sierit  / DER AN858 (eobs2561),47.80296,8.879541,47.801785,8.881173,47.788338,8.859241,2.2180752050285926,0.17875868,0,-0.01462134,-0.020301
2020-08-28,Zozu_plus_DER_AL581_eobs2541__2020__southbound_01,Zozu + / DER AL581 (eobs2541),47.114326,7.545029,47.109154,7.546319,46.032654,6.0759716,164.19292922347137,0.58317,0,-1.0816709,-1.4690577
2020-08-29,Angela_DER_AY470_eobs_4001__2020__southbound_01,Angela / DER AY470 (eobs 4001),39.22833,-3.0276914,37.94277,-3.214849,38.63862,-3.860143,95.69988905049513,143.87059,1,-0.58970916,-0.83245164
2020-08-29,Europa_DER_A1A26_eobs_4004__2020__southbound_01,Europa / DER A1A26 (eobs 4004),43.122803,2.9608476,43.0676,2.937868,42.613163,2.0267754,89.84149650316914,6.415245,0,-0.5096384,-0.9340723
2020-08-29,Mirabell_plus_DER_AN910_eobs_3907__2020__southbound_01,Mirabell + / DER AN910 (eobs 3907),47.801807,8.881165,47.802933,8.880664,47.79077,8.866368,1.723049751228688,0.130569,0,-0.011037208,-0.01479651
2020-08-29,Sierit_DER_AN858_eobs2561__2020__southbound_01,Sierit  / DER AN858 (eobs2561),47.801785,8.881173,47.802868,8.880373,47.792377,8.870943,1.3626530571770241,0.13459721,0,-0.0094081685,-0.010229938
2020-08-29,Zozu_plus_DER_AL581_eobs2541__2020__southbound_01,Zozu + / DER AL581 (eobs2541),47.109154,7.546319,47.084793,7.42525,46.884243,7.240243,26.348657818348954,9.556487,0,-0.22490904,-0.306076
2020-08-30,Angela_DER_AY470_eobs_4001__2020__southbound_01,Angela / DER AY470 (eobs 4001),37.94277,-3.214849,37.124306,-4.9453483,37.363056,-3.9585962,91.2910452231991,177.66501,1,-0.5797126,-0.74374723
2020-08-30,Europa_DER_A1A26_eobs_4004__2020__southbound_01,Europa / DER A1A26 (eobs 4004),43.0676,2.937868,42.008003,2.656421,42.95738,2.7969127,106.19260296656913,120.05723,1,-0.11022227,-0.14095552
2020-08-30,Mirabell_plus_DER_AN910_eobs_3907__2020__southbound_01,Mirabell + / DER AN910 (eobs 3907),47.802933,8.880664,47.80188,8.880042,47.789955,8.856853,2.181457281445126,0.12579176,0,-0.012978256,-0.023811154
2020-08-30,Sierit_DER_AN858_eobs2561__2020__southbound_01,Sierit  / DER AN858 (eobs2561),47.802868,8.880373,47.801872,8.874474,47.795498,8.865641,0.9683414715763701,0.45432994,0,-0.0073695555,-0.014732689
2020-08-30,Zozu_plus_DER_AL581_eobs2541__2020__southbound_01,Zozu + / DER AL581 (eobs2541),47.084793,7.42525,47.05003,7.307048,46.31127,6.288266,113.08367550548483,9.751459,0,-0.7735223,-1.1369839
2020-08-31,Angela_DER_AY470_eobs_4001__2020__southbound_01,Angela / DER AY470 (eobs 4001),37.124306,-4.9453483,36.503098,-6.028767,36.85215,-5.308846,75.02204764653976,118.63031,1,-0.27215636,-0.36349764
2020-08-31,Europa_DER_A1A26_eobs_4004__2020__southbound_01,Europa / DER A1A26 (eobs 4004),42.008003,2.656421,41.558605,0.6168077,41.313835,1.7004735,94.34698221637376,176.33739,1,-0.6941694,-0.9559474
2020-08-31,Mirabell_plus_DER_AN910_eobs_3907__2020__southbound_01,Mirabell + / DER AN910 (eobs 3907),47.80188,8.880042,47.8026,8.879703,47.782856,8.849059,3.171835079579681,0.08393121,0,-0.019025177,-0.0309828
2020-08-31,Sierit_DER_AN858_eobs2561__2020__southbound_01,Sierit  / DER AN858 (eobs2561),47.801872,8.874474,47.80272,8.879898,47.78827,8.849029,2.8105029123917187,0.4158961,0,-0.013602324,-0.025445431
2020-08-31,Zozu_plus_DER_AL581_eobs2541__2020__southbound_01,Zozu + / DER AL581 (eobs2541),47.05003,7.307048,46.406265,6.2939243,46.15097,6.1003633,32.048966503605364,105.29384,1,-0.8990592,-1.2066846
2020-09-01,Angela_DER_AY470_eobs_4001__2020__southbound_01,Angela / DER AY470 (eobs 4001),36.503098,-6.028767,36.500965,-6.0288234,36.320747,-6.1891665,24.646716020980374,0.23741017,0,-0.1823512,-0.16039963
2020-09-01,Europa_DER_A1A26_eobs_4004__2020__southbound_01,Europa / DER A1A26 (eobs 4004),41.558605,0.6168077,41.558628,0.6142683,41.297817,0.14332303,48.81279094525385,0.21130614,0,-0.26078725,-0.47348467
2020-09-01,Mirabell_plus_DER_AN910_eobs_3907__2020__southbound_01,Mirabell + / DER AN910 (eobs 3907),47.8026,8.879703,47.802902,8.880591,47.788185,8.853468,2.604424877366388,0.07425469,0,-0.014414951,-0.026234344
2020-09-01,Sierit_DER_AN858_eobs2561__2020__southbound_01,Sierit  / DER AN858 (eobs2561),47.80272,8.879898,47.802498,8.880113,47.79731,8.873326,0.7679345295182685,0.029256893,0,-0.0054098293,-0.006571442
2020-09-01,Zozu_plus_DER_AL581_eobs2541__2020__southbound_01,Zozu + / DER AL581 (eobs2541),46.406265,6.2939243,43.118618,3.1282904,45.12196,4.88482,263.2004645823874,442.7557,1,-1.2843039,-1.4091043
2020-09-02,Angela_DER_AY470_eobs_4001__2020__southbound_01,Angela / DER AY470 (eobs 4001),36.500965,-6.0288234,36.477024,-6.017776,36.429012,-6.054821,6.2832485370262035,2.8392608,0,-0.07195304,-0.025997788
2020-09-02,Europa_DER_A1A26_eobs_4004__2020__southbound_01,Europa / DER A1A26 (eobs 4004),41.558628,0.6142683,41.530357,0.4342218,41.512333,0.5372434,8.807892574460652,15.310169,0,-0.04629526,-0.07702487
2020-09-02,Mirabell_plus_DER_AN910_eobs_3907__2020__southbound_01,Mirabell + / DER AN910 (eobs 3907),47.802902,8.880591,47.80181,8.874193,47.793964,8.868086,0.9845882707085235,0.4929872,0,-0.008938231,-0.012505993
2020-09-02,Sierit_DER_AN858_eobs2561__2020__southbound_01,Sierit  / DER AN858 (eobs2561),47.802498,8.880113,47.802094,8.879432,47.79246,8.868017,1.3689750602621173,0.06794517,0,-0.010037914,-0.012095839
2020-09-02,Zozu_plus_DER_AL581_eobs2541__2020__southbound_01,Zozu + / DER AL581 (eobs2541),43.118618,3.1282904,41.678387,1.1197089,41.964485,2.3613052,107.69041536095432,229.87794,1,-1.1541321,-0.76698506
2020-09-03,Angela_DER_AY470_eobs_4001__2020__southbound_01,Angela / DER AY470 (eobs 4001),36.477024,-6.017776,36.503082,-6.028866,36.413803,-6.0376916,9.958734240974255,3.0623043,0,-0.063219294,-0.019915394
2020-09-03,Europa_DER_A1A26_eobs_4004__2020__southbound_01,Europa / DER A1A26 (eobs 4004),41.530357,0.4342218,41.518726,-0.5834386,41.09372,-0.4576345,48.41285263326112,84.72821,1,-0.43663883,-0.8918563
2020-09-03,Mirabell_plus_DER_AN910_eobs_3907__2020__southbound_01,Mirabell + / DER AN910 (eobs 3907),47.80181,8.874193,47.801804,8.874189,47.784866,8.841908,3.05973766719026,0.0007933913,0,-0.01694347,-0.03228508
2020-09-03,Sierit_DER_AN858_eobs2561__2020__southbound_01,Sierit  / DER AN858 (eobs2561),47.802094,8.879432,47.802036,8.874235,47.78896,8.85636,1.9741146404090613,0.38817546,0,-0.013134994,-0.023071043
2020-09-03,Zozu_plus_DER_AL581_eobs2541__2020__southbound_01,Zozu + / DER AL581 (eobs2541),41.678387,1.1197089,41.550625,0.58875555,40.610085,0.026607633,114.70668448678867,46.36934,1,-1.068302,-1.0931013
2020-09-04,Angela_DER_AY470_eobs_4001__2020__southbound_01,Angela / DER AY470 (eobs 4001),36.503082,-6.028866,36.4795,-6.0181437,36.498653,-6.03662,2.695231370105589,2.7919366,0,-0.00442864,-0.007754408
2020-09-04,Europa_DER_A1A26_eobs_4004__2020__southbound_01,Europa / DER A1A26 (eobs 4004),41.518726,-0.5834386,41.559746,-0.7403384,41.279186,-1.1083429,43.75887544560441,13.832322,0,-0.23954123,-0.5249043
2020-09-04,Mirabell_plus_DER_AN910_eobs_3907__2020__southbound_01,Mirabell + / DER AN910 (eobs 3907),47.801804,8.874189,47.801754,8.874162,47.7845,8.845255,2.888564414377355,0.0059390604,0,-0.017301567,-0.028934129
2020-09-04,Sierit_DER_AN858_eobs2561__2020__southbound_01,Sierit  / DER AN858 (eobs2561),47.802036,8.874235,47.801876,8.874244,47.788666,8.848813,2.4013256574031576,0.017847253,0,-0.01336956,-0.025421694
2020-09-04,Zozu_plus_DER_AL581_eobs2541__2020__southbound_01,Zozu + / DER AL581 (eobs2541),41.550625,0.58875555,41.528957,0.50774646,41.137505,-0.050181985,63.75478799501697,7.159852,0,-0.41312,-0.63893753
2020-09-05,Angela_DER_AY470_eobs_4001__2020__southbound_01,Angela / DER AY470 (eobs 4001),36.4795,-6.0181437,36.484417,-6.015504,36.44825,-6.034183,4.35470272374511,0.59549576,0,-0.03125057,-0.016039424
2020-09-05,Europa_DER_A1A26_eobs_4004__2020__southbound_01,Europa / DER A1A26 (eobs 4004),41.559746,-0.7403384,41.32113,-1.2468611,41.293316,-1.3548148,9.532727235774875,49.86662,1,-0.26642862,-0.6144764
2020-09-05,Mirabell_plus_DER_AN910_eobs_3907__2020__southbound_01,Mirabell + / DER AN910 (eobs 3907),47.801754,8.874162,47.785213,8.859816,47.78311,8.843475,1.2430291971293235,2.1287801,0,-0.018642366,-0.030686364
2020-09-05,Sierit_DER_AN858_eobs2561__2020__southbound_01,Sierit  / DER AN858 (eobs2561),47.801876,8.874244,47.807056,8.881059,47.788208,8.855034,2.858579443177078,0.7686964,0,-0.01366666,-0.019209541
2020-09-05,Zozu_plus_DER_AL581_eobs2541__2020__southbound_01,Zozu + / DER AL581 (eobs2541),41.528957,0.50774646,41.590527,0.6611677,41.352875,0.34297276,37.4318390804107,14.485061,0,-0.17608285,-0.16477372
2020-09-06,Angela_DER_AY470_eobs_4001__2020__southbound_01,Angela / DER AY470 (eobs 4001),36.484417,-6.015504,36.48449,-6.014638,36.477192,-6.022237,1.058311208363557,0.07782398,0,-0.0072245076,-0.0067328587
2020-09-06,Europa_DER_A1A26_eobs_4004__2020__southbound_01,Europa / DER A1A26 (eobs 4004),41.32113,-1.2468611,40.01642,-3.5902126,41.03006,-1.8047905,188.3494011211924,245.15482,1,-0.29107076,-0.5579294
2020-09-06,Mirabell_plus_DER_AN910_eobs_3907__2020__southbound_01,Mirabell + / DER AN910 (eobs 3907),47.785213,8.859816,47.67857,8.73131,47.76592,8.827854,12.103443065927918,15.263821,0,-0.019295178,-0.031961665
2020-09-06,Sierit_DER_AN858_eobs2561__2020__southbound_01,Sierit  / DER AN858 (eobs2561),47.807056,8.881059,47.80179,8.8742,47.80226,8.873491,0.07461495816729181,0.77808154,0,-0.004796535,-0.0075678304
2020-09-06,Zozu_plus_DER_AL581_eobs2541__2020__southbound_01,Zozu + / DER AL581 (eobs2541),41.590527,0.6611677,41.57431,0.61771834,41.585205,0.6566735,3.4592566346053526,4.038815,0,-0.005321108,-0.004494205
2020-09-07,Angela_DER_AY470_eobs_4001__2020__southbound_01,Angela / DER AY470 (eobs 4001),36.48449,-6.014638,36.47643,-6.0149093,36.46944,-6.0208607,0.9418353358437891,0.89628226,0,-0.015047491,-0.0062226504
2020-09-07,Europa_DER_A1A26_eobs_4004__2020__southbound_01,Europa / DER A1A26 (eobs 4004),40.01642,-3.5902126,38.856464,-3.6599746,39.691895,-4.0050483,97.52881611577766,129.1205,1,-0.32452434,-0.4148357
2020-09-07,Mirabell_plus_DER_AN910_eobs_3907__2020__southbound_01,Mirabell + / DER AN910 (eobs 3907),47.67857,8.73131,46.657272,6.630689,47.329876,8.076126,132.70588726745515,195.21576,1,-0.34869477,-0.65518373
2020-09-07,Sierit_DER_AN858_eobs2561__2020__southbound_01,Sierit  / DER AN858 (eobs2561),47.80179,8.8742,47.80185,8.874167,47.78755,8.850412,2.38250502485447,0.0072441315,0,-0.014238313,-0.023787081
2020-09-07,Zozu_plus_DER_AL581_eobs2541__2020__southbound_01,Zozu + / DER AL581 (eobs2541),41.57431,0.61771834,41.574005,0.61666894,41.498375,0.54309607,10.40304183699756,0.093612485,0,-0.07593409,-0.074622266
2020-09-08,Angela_DER_AY470_eobs_4001__2020__southbound_01,Angela / DER AY470 (eobs 4001),36.47643,-6.0149093,36.503296,-6.02887,36.450424,-6.0327635,5.889370635164832,3.237333,0,-0.026003726,-0.017854296
2020-09-08,Europa_DER_A1A26_eobs_4004__2020__southbound_01,Europa / DER A1A26 (eobs 4004),38.856464,-3.6599746,38.856434,-3.6568153,38.378365,-4.161199,68.89203498046258,0.27358222,0,-0.47810075,-0.5012247
2020-09-08,Mirabell_plus_DER_AN910_eobs_3907__2020__southbound_01,Mirabell + / DER AN910 (eobs 3907),46.657272,6.630689,43.02633,2.9956791,45.282574,5.4335012,317.4046426769363,494.9987,1,-1.3746992,-1.1971879
2020-09-08,Sierit_DER_AN858_eobs2561__2020__southbound_01,Sierit  / DER AN858 (eobs2561),47.80185,8.874167,47.80287,8.879482,47.794144,8.859854,1.758252733509506,0.4128996,0,-0.0077058226,-0.014313459
2020-09-08,Zozu_plus_DER_AL581_eobs2541__2020__southbound_01,Zozu + / DER AL581 (eobs2541),41.574005,0.61666894,41.583836,0.619094,41.55966,0.5937032,3.4185908984113107,1.111646,0,-0.014344916,-0.022965707
2020-09-09,Angela_DER_AY470_eobs_4001__2020__southbound_01,Angela / DER AY470 (eobs 4001),36.503296,-6.02887,36.47669,-6.015118,36.495987,-6.0383162,2.9843065111678757,3.2035518,0,-0.007308796,-0.009446368
2020-09-09,Europa_DER_A1A26_eobs_4004__2020__southbound_01,Europa / DER A1A26 (eobs 4004),38.856434,-3.6568153,38.856464,-3.656686,38.84096,-3.6675215,1.9626860347558113,0.011704785,0,-0.015472516,-0.010706268
2020-09-09,Mirabell_plus_DER_AN910_eobs_3907__2020__southbound_01,Mirabell + / DER AN910 (eobs 3907),43.02633,2.9956791,41.546463,0.6152854,41.945007,2.3221164,148.3739735559231,255.75604,1,-1.0813206,-0.6735627
2020-09-09,Sierit_DER_AN858_eobs2561__2020__southbound_01,Sierit  / DER AN858 (eobs2561),47.80287,8.879482,47.802193,8.875374,47.79707,8.871958,0.6241995944923127,0.31605357,0,-0.0058011264,-0.0075242445
2020-09-09,Zozu_plus_DER_AL581_eobs2541__2020__southbound_01,Zozu + / DER AL581 (eobs2541),41.583836,0.619094,41.574654,0.6175405,41.58516,0.61631846,1.1725932238455556,1.0291542,0,0.0013241395,-0.00277555
2020-09-10,Angela_DER_AY470_eobs_4001__2020__southbound_01,Angela / DER AY470 (eobs 4001),36.47669,-6.015118,36.504448,-6.0296903,36.44285,-6.031817,6.85222618013549,3.3503711,0,-0.033841338,-0.01669877
2020-09-10,Europa_DER_A1A26_eobs_4004__2020__southbound_01,Europa / DER A1A26 (eobs 4004),38.856464,-3.656686,38.856236,-3.6566453,38.84112,-3.6679952,1.9469062387294649,0.025516052,0,-0.015343264,-0.011309072
2020-09-10,Mirabell_plus_DER_AN910_eobs_3907__2020__southbound_01,Mirabell + / DER AN910 (eobs 3907),41.546463,0.6152854,41.542744,0.523585,40.497112,-0.3227088,136.23115357963474,7.642753,0,-1.0493525,-0.9379942
2020-09-10,Sierit_DER_AN858_eobs2561__2020__southbound_01,Sierit  / DER AN858 (eobs2561),47.802193,8.875374,47.36657,8.356254,47.79011,8.8525305,60.03115617997866,62.146545,1,-0.012080789,-0.022843376
2020-09-10,Zozu_plus_DER_AL581_eobs2541__2020__southbound_01,Zozu + / DER AL581 (eobs2541),41.574654,0.6175405,41.60397,0.6694953,41.566612,0.6048615,6.7935695735552715,5.4124813,0,-0.008041196,-0.012678988
2020-09-11,Angela_DER_AY470_eobs_4001__2020__southbound_01,Angela / DER AY470 (eobs 4001),36.504448,-6.0296903,36.484276,-6.015066,36.494263,-6.041933,2.6461251281427596,2.5964127,0,-0.0101856515,-0.012242928
2020-09-11,Europa_DER_A1A26_eobs_4004__2020__southbound_01,Europa / DER A1A26 (eobs 4004),38.856236,-3.6566453,38.85648,-3.6564963,38.829563,-3.6790495,3.57395046865277,0.029709544,0,-0.026671283,-0.022404246
2020-09-11,Mirabell_plus_DER_AN910_eobs_3907__2020__southbound_01,Mirabell + / DER AN910 (eobs 3907),41.542744,0.523585,41.537888,0.0708085,41.101006,-0.34640348,59.78200734632323,37.687653,1,-0.4417374,-0.8699885
2020-09-11,Sierit_DER_AN858_eobs2561__2020__southbound_01,Sierit  / DER AN858 (eobs2561),47.36657,8.356254,45.620262,5.525931,46.370277,7.0411873,143.71930914761126,290.91022,1,-0.9962903,-1.3150661
2020-09-11,Zozu_plus_DER_AL581_eobs2541__2020__southbound_01,Zozu + / DER AL581 (eobs2541),41.60397,0.6694953,41.6301,0.7793752,41.604023,0.6671354,9.770621439514674,9.585271,0,5.1759183e-05,-0.0023598745
2020-09-12,Angela_DER_AY470_eobs_4001__2020__southbound_01,Angela / DER AY470 (eobs 4001),36.484276,-6.015066,36.48424,-6.0148373,36.44476,-6.032002,4.650821087421143,0.020789811,0,-0.03951699,-0.0169359
2020-09-12,Europa_DER_A1A26_eobs_4004__2020__southbound_01,Europa / DER A1A26 (eobs 4004),38.85648,-3.6564963,38.856384,-3.6592317,38.845745,-3.6666038,1.3442862466419916,0.23707423,0,-0.010735095,-0.010107629
2020-09-12,Mirabell_plus_DER_AN910_eobs_3907__2020__southbound_01,Mirabell + / DER AN910 (eobs 3907),41.537888,0.0708085,40.910423,-2.7546327,40.582195,-1.2902488,128.64669015345632,246.37418,1,-0.9556906,-1.3610573
2020-09-12,Sierit_DER_AN858_eobs2561__2020__southbound_01,Sierit  / DER AN858 (eobs2561),45.620262,5.525931,43.4638,3.6463742,44.37712,4.5463467,124.53612556574147,282.26987,1,-1.2431428,-0.9795843
2020-09-12,Zozu_plus_DER_AL581_eobs2541__2020__southbound_01,Zozu + / DER AL581 (eobs2541),41.6301,0.7793752,41.603146,0.61647946,41.62526,0.77552587,13.448735318969804,13.869221,0,-0.004839927,-0.00384935
2020-09-13,Angela_DER_AY470_eobs_4001__2020__southbound_01,Angela / DER AY470 (eobs 4001),36.48424,-6.0148373,36.50421,-6.0295362,36.45421,-6.025387,5.572456962720411,2.5802076,0,-0.030032266,-0.010549679
2020-09-13,Europa_DER_A1A26_eobs_4004__2020__southbound_01,Europa / DER A1A26 (eobs 4004),38.856384,-3.6592317,38.8564,-3.6586986,38.83511,-3.6877825,3.4566385724089788,0.04619433,0,-0.021273859,-0.028550848
2020-09-13,Mirabell_plus_DER_AN910_eobs_3907__2020__southbound_01,Mirabell + / DER AN910 (eobs 3907),40.910423,-2.7546327,40.070084,-3.8856056,40.35244,-3.3939252,52.2391938627214,133.70886,1,-0.5579823,-0.6392924
2020-09-13,Sierit_DER_AN858_eobs2561__2020__southbound_01,Sierit  / DER AN858 (eobs2561),43.4638,3.6463742,42.72566,2.8172333,42.211853,2.6275172,59.21382053834678,106.15527,1,-1.2519474,-1.018857
2020-09-13,Zozu_plus_DER_AL581_eobs2541__2020__southbound_01,Zozu + / DER AL581 (eobs2541),41.603146,0.61647946,41.59111,0.61690646,41.477547,0.48452985,16.759064543707527,1.3390206,0,-0.12559882,-0.1319496
2020-09-14,Angela_DER_AY470_eobs_4001__2020__southbound_01,Angela / DER AY470 (eobs 4001),36.50421,-6.0295362,36.484596,-6.014759,36.48794,-6.046319,2.8459013671347546,2.5500627,0,-0.016269632,-0.016782962
2020-09-14,Europa_DER_A1A26_eobs_4004__2020__southbound_01,Europa / DER A1A26 (eobs 4004),38.8564,-3.6586986,38.85665,-3.6599832,38.83833,-3.669829,2.208542999754697,0.114739686,0,-0.018071346,-0.011130422
2020-09-14,Mirabell_plus_DER_AN910_eobs_3907__2020__southbound_01,Mirabell + / DER AN910 (eobs 3907),40.070084,-3.8856056,39.854267,-4.27741,39.182804,-4.994563,96.74026821634374,41.120953,1,-0.8872799,-1.1089575
2020-09-14,Sierit_DER_AN858_eobs2561__2020__southbound_01,Sierit  / DER AN858 (eobs2561),42.72566,2.8172333,41.631916,0.7678757,41.55266,1.4502913,57.43065172281821,208.09592,1,-1.1729972,-1.366942
2020-09-14,Zozu_plus_DER_AL581_eobs2541__2020__southbound_01,Zozu + / DER AL581 (eobs2541),41.59111,0.61690646,41.56884,0.5529311,41.583748,0.60604954,4.719220724580225,5.8691335,0,-0.007362701,-0.010856934
2020-09-15,Angela_DER_AY470_eobs_4001__2020__southbound_01,Angela / DER AY470 (eobs 4001),36.484596,-6.014759,36.476963,-6.0146356,36.448185,-6.0369315,3.7703384320336775,0.8486627,0,-0.03641153,-0.02217228
2020-09-15,Europa_DER_A1A26_eobs_4004__2020__southbound_01,Europa / DER A1A26 (eobs 4004),38.85665,-3.6599832,38.85652,-3.6604588,38.840405,-3.6819515,2.583807827458977,0.043731432,0,-0.0162483,-0.021968462
2020-09-15,Mirabell_plus_DER_AN910_eobs_3907__2020__southbound_01,Mirabell + / DER AN910 (eobs 3907),39.854267,-4.27741,39.68859,-3.9500446,38.898365,-5.5865507,165.98971201175962,33.498764,1,-0.9559025,-1.3091409
2020-09-15,Sierit_DER_AN858_eobs2561__2020__southbound_01,Sierit  / DER AN858 (eobs2561),41.631916,0.7678757,41.560707,0.614593,40.81138,-0.18240047,106.72591458858831,15.005516,0,-0.82053566,-0.95027614
2020-09-15,Zozu_plus_DER_AL581_eobs2541__2020__southbound_01,Zozu + / DER AL581 (eobs2541),41.56884,0.5529311,41.584816,0.61710155,41.44267,0.44269192,21.464229385452693,5.6256437,0,-0.12616949,-0.11023914
2020-09-16,Angela_DER_AY470_eobs_4001__2020__southbound_01,Angela / DER AY470 (eobs 4001),36.476963,-6.0146356,36.47861,-6.0152435,36.438606,-6.043302,5.10729550007722,0.19115853,0,-0.03835686,-0.028666452
2020-09-16,Europa_DER_A1A26_eobs_4004__2020__southbound_01,Europa / DER A1A26 (eobs 4004),38.85652,-3.6604588,38.85646,-3.6602352,38.828934,-3.6939204,4.228451811269007,0.020478735,0,-0.027586997,-0.03346157
2020-09-16,Mirabell_plus_DER_AN910_eobs_3907__2020__southbound_01,Mirabell + / DER AN910 (eobs 3907),39.68859,-3.9500446,39.391964,-3.2891781,39.57642,-4.012717,65.3938979966824,65.56955,1,-0.112172574,-0.06267229
2020-09-16,Sierit_DER_AN858_eobs2561__2020__southbound_01,Sierit  / DER AN858 (eobs2561),41.560707,0.614593,41.546246,0.5935551,41.295216,0.3890216,32.710912150869504,2.3770435,0,-0.26549008,-0.22557142
2020-09-16,Zozu_plus_DER_AL581_eobs2541__2020__southbound_01,Zozu + / DER AL581 (eobs2541),41.584816,0.61710155,41.588837,0.6436412,41.58083,0.6131168,2.6903398807621066,2.252025,0,-0.003988199,-0.0039847344
2020-09-17,Angela_DER_AY470_eobs_4001__2020__southbound_01,Angela / DER AY470 (eobs 4001),36.47861,-6.0152435,36.50417,-6.029885,36.458282,-6.037967,5.1533236465295715,3.1286023,0,-0.02032961,-0.022723697
2020-09-17,Europa_DER_A1A26_eobs_4004__2020__southbound_01,Europa / DER A1A26 (eobs 4004),38.85646,-3.6602352,38.85617,-3.6601996,38.834362,-3.672878,2.6620046233936323,0.03251534,0,-0.022098452,-0.01264286
2020-09-17,Mirabell_plus_DER_AN910_eobs_3907__2020__southbound_01,Mirabell + / DER AN910 (eobs 3907),39.391964,-3.2891781,38.856514,-3.65993,39.259686,-3.3482442,52.288091050369815,67.58524,1,-0.13228026,-0.05906615
2020-09-17,Sierit_DER_AN858_eobs2561__2020__southbound_01,Sierit  / DER AN858 (eobs2561),41.546246,0.5935551,41.538815,0.6144831,41.52553,0.57016575,3.9736168939926184,1.9278554,0,-0.020715646,-0.023389317
2020-09-17,Zozu_plus_DER_AL581_eobs2541__2020__southbound_01,Zozu + / DER AL581 (eobs2541),41.588837,0.6436412,41.574913,0.6159688,41.57952,0.63346773,1.5431308020154515,2.7737644,0,-0.009316005,-0.010173418
2020-09-18,Angela_DER_AY470_eobs_4001__2020__southbound_01,Angela / DER AY470 (eobs 4001),36.50417,-6.029885,36.478203,-6.015092,36.48288,-6.0537286,3.4933299607898727,3.1755238,0,-0.021291308,-0.023843728
2020-09-18,Europa_DER_A1A26_eobs_4004__2020__southbound_01,Europa / DER A1A26 (eobs 4004),38.85617,-3.6601996,38.860756,-3.6600916,38.82036,-3.6882162,5.109949679529076,0.5099484,0,-0.035811506,-0.028016664
2020-09-18,Mirabell_plus_DER_AN910_eobs_3907__2020__southbound_01,Mirabell + / DER AN910 (eobs 3907),38.856514,-3.65993,38.85653,-3.659638,37.893654,-4.851638,149.19705577937245,0.02533989,0,-0.9628596,-1.1917077
2020-09-18,Sierit_DER_AN858_eobs2561__2020__southbound_01,Sierit  / DER AN858 (eobs2561),41.538815,0.6144831,41.538826,0.6149328,41.52662,0.606447,1.5301467958966746,0.037446514,0,-0.012194999,-0.008036144
2020-09-18,Zozu_plus_DER_AL581_eobs2541__2020__southbound_01,Zozu + / DER AL581 (eobs2541),41.574913,0.6159688,41.574398,0.61621666,41.53563,0.5697046,5.793323268036705,0.061036453,0,-0.039283317,-0.04626423
2020-09-19,Angela_DER_AY470_eobs_4001__2020__southbound_01,Angela / DER AY470 (eobs 4001),36.478203,-6.015092,36.478058,-6.014251,36.440273,-6.0383964,4.723879878482494,0.07697655,0,-0.03792965,-0.023304611
2020-09-19,Europa_DER_A1A26_eobs_4004__2020__southbound_01,Europa / DER A1A26 (eobs 4004),38.860756,-3.6600916,38.857742,-3.6589248,38.849445,-3.6708617,1.3854972163785515,0.34963906,0,-0.011311471,-0.0107701495
2020-09-19,Mirabell_plus_DER_AN910_eobs_3907__2020__southbound_01,Mirabell + / DER AN910 (eobs 3907),38.85653,-3.659638,38.858276,-3.6598635,38.834724,-3.674246,2.8999743247357497,0.19519283,0,-0.021805301,-0.014608227
2020-09-19,Sierit_DER_AN858_eobs2561__2020__southbound_01,Sierit  / DER AN858 (eobs2561),41.538826,0.6149328,41.54096,0.6149229,41.53134,0.6094962,1.160827806925842,0.23698594,0,-0.007486038,-0.005436614
2020-09-19,Zozu_plus_DER_AL581_eobs2541__2020__southbound_01,Zozu + / DER AL581 (eobs2541),41.574398,0.61621666,41.587368,0.6169033,41.561707,0.6015592,3.1258949710138526,1.443475,0,-0.012691319,-0.014657423
2020-09-20,Angela_DER_AY470_eobs_4001__2020__southbound_01,Angela / DER AY470 (eobs 4001),36.478058,-6.014251,36.28409,-5.9409113,36.44783,-6.0309615,19.91277924044846,22.545626,0,-0.030229062,-0.016710468
2020-09-20,Europa_DER_A1A26_eobs_4004__2020__southbound_01,Europa / DER A1A26 (eobs 4004),38.857742,-3.6589248,38.856407,-3.660077,38.829956,-3.680108,3.41473201360767,0.17899771,0,-0.027784579,-0.021183193
2020-09-20,Mirabell_plus_DER_AN910_eobs_3907__2020__southbound_01,Mirabell + / DER AN910 (eobs 3907),38.858276,-3.6598635,38.856354,-3.6598315,38.84929,-3.6702428,1.1957959433840095,0.21372923,0,-0.0089860335,-0.010379426
2020-09-20,Sierit_DER_AN858_eobs2561__2020__southbound_01,Sierit  / DER AN858 (eobs2561),41.54096,0.6149229,41.54027,0.61658525,41.537586,0.60967344,0.6481592886562817,0.15791629,0,-0.003372237,-0.005249463
2020-09-20,Zozu_plus_DER_AL581_eobs2541__2020__southbound_01,Zozu + / DER AL581 (eobs2541),41.587368,0.6169033,41.575397,0.61684495,41.582977,0.60734135,1.1555317814053496,1.3313031,0,-0.004391551,-0.009561963
2020-09-21,Europa_DER_A1A26_eobs_4004__2020__southbound_01,Europa / DER A1A26 (eobs 4004),38.856407,-3.660077,38.85616,-3.660248,38.830025,-3.687923,3.7669248363797627,0.031346314,0,-0.026382118,-0.027845755
2020-09-21,Mirabell_plus_DER_AN910_eobs_3907__2020__southbound_01,Mirabell + / DER AN910 (eobs 3907),38.856354,-3.6598315,38.85651,-3.657117,38.83148,-3.6790633,3.3704731189676997,0.23569159,0,-0.024877451,-0.019231766
2020-09-21,Sierit_DER_AN858_eobs2561__2020__southbound_01,Sierit  / DER AN858 (eobs2561),41.54027,0.61658525,41.538647,0.6156077,41.536003,0.61210424,0.4140516693995169,0.19840288,0,-0.0042671263,-0.00448101
2020-09-21,Zozu_plus_DER_AL581_eobs2541__2020__southbound_01,Zozu + / DER AL581 (eobs2541),41.575397,0.61684495,41.574677,0.6156663,41.56265,0.6002532,1.8527939468880825,0.126576,0,-0.01275035,-0.016591698
2020-09-22,Europa_DER_A1A26_eobs_4004__2020__southbound_01,Europa / DER A1A26 (eobs 4004),38.85616,-3.660248,38.856586,-3.6599472,38.804005,-3.711776,7.3716437099656265,0.05420812,0,-0.052153002,-0.051527936
2020-09-22,Mirabell_plus_DER_AN910_eobs_3907__2020__southbound_01,Mirabell + / DER AN910 (eobs 3907),38.85651,-3.657117,38.856056,-3.6602695,38.840183,-3.6665568,1.8470700635055846,0.27758753,0,-0.016325258,-0.00943993
2020-09-22,Sierit_DER_AN858_eobs2561__2020__southbound_01,Sierit  / DER AN858 (eobs2561),41.538647,0.6156077,41.561646,0.6147613,41.528725,0.6014066,3.8256340095888293,2.5586567,0,-0.009922266,-0.01420112
2020-09-22,Zozu_plus_DER_AL581_eobs2541__2020__southbound_01,Zozu + / DER AL581 (eobs2541),41.574677,0.6156663,41.57477,0.6165002,41.552876,0.58767843,3.4173222050929555,0.070199855,0,-0.021800287,-0.02798786
2020-09-23,Europa_DER_A1A26_eobs_4004__2020__southbound_01,Europa / DER A1A26 (eobs 4004),38.856586,-3.6599472,38.856133,-3.660437,38.842457,-3.67337,1.8885830439634994,0.065942176,0,-0.01412864,-0.013422795
2020-09-23,Mirabell_plus_DER_AN910_eobs_3907__2020__southbound_01,Mirabell + / DER AN910 (eobs 3907),38.856056,-3.6602695,38.533264,-4.3681154,38.816532,-3.7015488,65.88204255439727,71.14815,1,-0.039524093,-0.0412793
2020-09-23,Sierit_DER_AN858_eobs2561__2020__southbound_01,Sierit  / DER AN858 (eobs2561),41.561646,0.6147613,41.538746,0.6155688,41.55827,0.6097487,2.2243022076976224,2.5472205,0,-0.0033759847,-0.0050125495
2020-09-23,Zozu_plus_DER_AL581_eobs2541__2020__southbound_01,Zozu + / DER AL581 (eobs2541),41.57477,0.6165002,41.58417,0.61684066,41.567883,0.6084711,1.9404245670020575,1.045345,0,-0.006887801,-0.008029126
2020-09-24,Europa_DER_A1A26_eobs_4004__2020__southbound_01,Europa / DER A1A26 (eobs 4004),38.856133,-3.660437,38.85887,-3.6601422,38.815693,-3.7022402,6.028851066349951,0.30567622,0,-0.04043952,-0.04180304
2020-09-24,Sierit_DER_AN858_eobs2561__2020__southbound_01,Sierit  / DER AN858 (eobs2561),41.538746,0.6155688,41.538895,0.6148322,41.531193,0.60550594,1.1558719800403359,0.06349509,0,-0.007554762,-0.010062858
2020-09-24,Zozu_plus_DER_AL581_eobs2541__2020__southbound_01,Zozu + / DER AL581 (eobs2541),41.58417,0.61684066,41.57433,0.6161584,41.58071,0.60894054,0.9295489337454634,1.0958912,0,-0.0034613237,-0.007900119
2020-09-25,Europa_DER_A1A26_eobs_4004__2020__southbound_01,Europa / DER A1A26 (eobs 4004),38.85887,-3.6601422,39.127235,-3.7390904,38.846035,-3.6730962,31.784102206314216,30.610981,1,-0.012834646,-0.012954004
2020-09-25,Sierit_DER_AN858_eobs2561__2020__southbound_01,Sierit  / DER AN858 (eobs2561),41.538895,0.6148322,41.538887,0.6135326,41.530087,0.6007094,1.4480486060939506,0.10816883,0,-0.008807354,-0.014122836
2020-09-25,Zozu_plus_DER_AL581_eobs2541__2020__southbound_01,Zozu + / DER AL581 (eobs2541),41.57433,0.6161584,41.574642,0.615515,41.56233,0.6005366,1.8513621556495488,0.06377841,0,-0.011999533,-0.015621811
2020-09-26,Europa_DER_A1A26_eobs_4004__2020__southbound_01,Europa / DER A1A26 (eobs 4004),39.127235,-3.7390904,38.998055,-3.692792,39.10813,-3.7622476,13.630395340485144,14.910151,0,-0.019103378,-0.023157127
2020-09-26,Sierit_DER_AN858_eobs2561__2020__southbound_01,Sierit  / DER AN858 (eobs2561),41.538887,0.6135326,41.55725,0.6151427,41.528584,0.59831285,3.4818326724292628,2.0460615,0,-0.010303475,-0.0152197555
2020-09-26,Zozu_plus_DER_AL581_eobs2541__2020__southbound_01,Zozu + / DER AL581 (eobs2541),41.574642,0.615515,41.57445,0.6156428,41.566086,0.60037065,1.5746230838021098,0.023531884,0,-0.008554518,-0.015144363
2020-09-27,Europa_DER_A1A26_eobs_4004__2020__southbound_01,Europa / DER A1A26 (eobs 4004),38.998055,-3.692792,38.858234,-3.6611989,38.91784,-3.7386017,9.423793583787159,15.785931,0,-0.08021377,-0.04580979
2020-09-27,Sierit_DER_AN858_eobs2561__2020__southbound_01,Sierit  / DER AN858 (eobs2561),41.55725,0.6151427,41.540222,0.6167718,41.553078,0.6100653,1.5345638283126521,1.8981661,0,-0.0041750744,-0.0050774366
2020-09-27,Zozu_plus_DER_AL581_eobs2541__2020__southbound_01,Zozu + / DER AL581 (eobs2541),41.57445,0.6156428,41.53884,0.5855462,41.563572,0.60321647,3.1183729552434896,4.685201,0,-0.010881133,-0.012426317
2020-09-28,Europa_DER_A1A26_eobs_4004__2020__southbound_01,Europa / DER A1A26 (eobs 4004),38.858234,-3.6611989,38.610928,-4.430937,38.754097,-3.7215395,63.60099512040932,72.20665,1,-0.10413873,-0.060340744
2020-09-28,Sierit_DER_AN858_eobs2561__2020__southbound_01,Sierit  / DER AN858 (eobs2561),41.540222,0.6167718,41.564663,0.5547703,41.532806,0.6074157,5.633926343340289,5.8314004,0,-0.0074167103,-0.009356126
2020-09-28,Zozu_plus_DER_AL581_eobs2541__2020__southbound_01,Zozu + / DER AL581 (eobs2541),41.53884,0.5855462,41.574703,0.6162569,41.51276,0.5578735,8.429124711380359,4.736043,0,-0.026080959,-0.0276727
2020-09-29,Europa_DER_A1A26_eobs_4004__2020__southbound_01,Europa / DER A1A26 (eobs 4004),38.610928,-4.430937,37.8146,-4.7480035,38.25053,-4.995384,53.09495954977401,92.779434,1,-0.360396,-0.5644473
2020-09-29,Sierit_DER_AN858_eobs2561__2020__southbound_01,Sierit  / DER AN858 (eobs2561),41.564663,0.5547703,41.540077,0.6148693,41.55258,0.53836375,6.516896682000429,5.6996408,0,-0.012082018,-0.016406551
2020-09-29,Zozu_plus_DER_AL581_eobs2541__2020__southbound_01,Zozu + / DER AL581 (eobs2541),41.574703,0.6162569,41.574455,0.6162995,41.571247,0.61061525,0.5923238111340805,0.027461274,0,-0.0034544915,-0.005641632
2020-09-30,Europa_DER_A1A26_eobs_4004__2020__southbound_01,Europa / DER A1A26 (eobs 4004),37.8146,-4.7480035,37.814445,-4.7481866,37.41577,-5.011745,50.04103145469313,0.023563579,0,-0.39882976,-0.2637416
2020-09-30,Sierit_DER_AN858_eobs2561__2020__southbound_01,Sierit  / DER AN858 (eobs2561),41.540077,0.6148693,41.564507,0.55533797,41.52715,0.606338,5.938795104352629,5.6498036,0,-0.0129271,-0.00853125
2020-09-30,Zozu_plus_DER_AL581_eobs2541__2020__southbound_01,Zozu + / DER AL581 (eobs2541),41.574455,0.6162995,41.574684,0.6161941,41.56664,0.6050475,1.2884598405723304,0.026735049,0,-0.007816359,-0.011251971
2020-10-01,Europa_DER_A1A26_eobs_4004__2020__southbound_01,Europa / DER A1A26 (eobs 4004),37.814445,-4.7481866,37.81383,-4.749066,37.774715,-4.7839108,5.319065820668588,0.10303866,0,-0.0397308,-0.035724252
2020-10-01,Sierit_DER_AN858_eobs2561__2020__southbound_01,Sierit  / DER AN858 (eobs2561),41.564507,0.55533797,41.53878,0.61529416,41.551273,0.53836745,6.550999677428738,5.7510705,0,-0.0132321045,-0.016970493
2020-10-01,Zozu_plus_DER_AL581_eobs2541__2020__southbound_01,Zozu + / DER AL581 (eobs2541),41.574684,0.6161941,41.574574,0.6159647,41.570244,0.60810715,0.8118116734127959,0.022606736,0,-0.004440628,-0.008086987
2020-10-02,Europa_DER_A1A26_eobs_4004__2020__southbound_01,Europa / DER A1A26 (eobs 4004),37.81383,-4.749066,37.81505,-4.7428856,37.77203,-4.787177,6.1666590974135,0.5594811,0,-0.041799705,-0.03811141
2020-10-02,Sierit_DER_AN858_eobs2561__2020__southbound_01,Sierit  / DER AN858 (eobs2561),41.53878,0.61529416,41.539864,0.6156929,41.52823,0.6078746,1.4481898327561629,0.12492979,0,-0.010550536,-0.0074195787
2020-10-02,Zozu_plus_DER_AL581_eobs2541__2020__southbound_01,Zozu + / DER AL581 (eobs2541),41.574574,0.6159647,41.57455,0.61588645,41.561264,0.5976838,2.1156365919369,0.0069834497,0,-0.013307571,-0.018280908
2020-10-03,Europa_DER_A1A26_eobs_4004__2020__southbound_01,Europa / DER A1A26 (eobs 4004),37.81505,-4.7428856,37.81351,-4.749019,37.797165,-4.7502804,1.8209666995247393,0.56523144,0,-0.017882079,-0.007394828
2020-10-03,Sierit_DER_AN858_eobs2561__2020__southbound_01,Sierit  / DER AN858 (eobs2561),41.539864,0.6156929,41.537273,0.61526805,41.535255,0.6111219,0.4116357724890455,0.290329,0,-0.0046078637,-0.0045710057
2020-10-03,Zozu_plus_DER_AL581_eobs2541__2020__southbound_01,Zozu + / DER AL581 (eobs2541),41.57455,0.61588645,41.573006,0.6165295,41.560925,0.5972075,2.094901515957916,0.18023556,0,-0.0136252865,-0.018678978
2020-10-04,Europa_DER_A1A26_eobs_4004__2020__southbound_01,Europa / DER A1A26 (eobs 4004),37.81351,-4.749019,37.81468,-4.747616,37.77879,-4.7820597,5.008436789367561,0.17887221,0,-0.03472264,-0.033040613
2020-10-04,Sierit_DER_AN858_eobs2561__2020__southbound_01,Sierit  / DER AN858 (eobs2561),41.537273,0.61526805,41.56545,0.5554442,41.528725,0.60356265,5.719309909093278,5.8820634,0,-0.008549839,-0.011705413
2020-10-04,Zozu_plus_DER_AL581_eobs2541__2020__southbound_01,Zozu + / DER AL581 (eobs2541),41.573006,0.6165295,41.566742,0.61676383,41.566666,0.6082343,0.7096606239331548,0.6966819,0,-0.006338954,-0.008295216
2020-10-05,Europa_DER_A1A26_eobs_4004__2020__southbound_01,Europa / DER A1A26 (eobs 4004),37.81468,-4.747616,37.815186,-4.7418804,37.801765,-4.7532754,1.7969242003602774,0.50699735,0,-0.012911476,-0.0056596026
2020-10-05,Sierit_DER_AN858_eobs2561__2020__southbound_01,Sierit  / DER AN858 (eobs2561),41.56545,0.5554442,41.565598,0.5550517,41.553898,0.5422632,1.6806695591378773,0.036566887,0,-0.011552282,-0.013180986
2020-10-05,Zozu_plus_DER_AL581_eobs2541__2020__southbound_01,Zozu + / DER AL581 (eobs2541),41.566742,0.61676383,41.573883,0.616177,41.558025,0.6053046,1.9817675000694073,0.79549325,0,-0.008717068,-0.011459246
2020-10-06,Europa_DER_A1A26_eobs_4004__2020__southbound_01,Europa / DER A1A26 (eobs 4004),37.815186,-4.7418804,37.8143,-4.747949,37.79792,-4.7492414,1.8249445196017406,0.54208153,0,-0.01726672,-0.0073611066
2020-10-06,Sierit_DER_AN858_eobs2561__2020__southbound_01,Sierit  / DER AN858 (eobs2561),41.565598,0.5550517,41.54001,0.6156468,41.555874,0.5431383,6.286645841592478,5.7896943,0,-0.009723976,-0.011913352
2020-10-06,Zozu_plus_DER_AL581_eobs2541__2020__southbound_01,Zozu + / DER AL581 (eobs2541),41.573883,0.616177,41.531055,0.5029768,41.57039,0.61060846,9.967398395549782,10.554964,0,-0.0034955516,-0.0055685714
2020-10-07,Europa_DER_A1A26_eobs_4004__2020__southbound_01,Europa / DER A1A26 (eobs 4004),37.8143,-4.747949,37.81448,-4.747839,37.786247,-4.7745204,3.918019816674373,0.021968314,0,-0.02805262,-0.02657134
2020-10-07,Sierit_DER_AN858_eobs2561__2020__southbound_01,Sierit  / DER AN858 (eobs2561),41.54001,0.6156468,41.538795,0.6159454,41.533585,0.6116238,0.6819943974986317,0.13730322,0,-0.00642436,-0.004022971
2020-10-07,Zozu_plus_DER_AL581_eobs2541__2020__southbound_01,Zozu + / DER AL581 (eobs2541),41.531055,0.5029768,41.57464,0.6163731,41.504242,0.4758308,14.074774615575262,10.607567,0,-0.026811793,-0.02714599
2020-10-08,Europa_DER_A1A26_eobs_4004__2020__southbound_01,Europa / DER A1A26 (eobs 4004),37.81448,-4.747839,37.8143,-4.747882,37.80113,-4.7542367,1.567470285795308,0.020241434,0,-0.013351575,-0.006397791
2020-10-08,Sierit_DER_AN858_eobs2561__2020__southbound_01,Sierit  / DER AN858 (eobs2561),41.538795,0.6159454,41.53873,0.6152668,41.53186,0.60761434,0.9946412466778963,0.05689661,0,-0.0069368705,-0.008331053
2020-10-08,Zozu_plus_DER_AL581_eobs2541__2020__southbound_01,Zozu + / DER AL581 (eobs2541),41.57464,0.6163731,41.574684,0.616202,41.571014,0.6134578,0.4675705461904389,0.0151279215,0,-0.0036235303,-0.002915293
2020-10-09,Europa_DER_A1A26_eobs_4004__2020__southbound_01,Europa / DER A1A26 (eobs 4004),37.8143,-4.747882,37.814182,-4.7477293,37.780327,-4.7736874,4.4015819780545975,0.018601587,0,-0.033974487,-0.025805406
2020-10-09,Sierit_DER_AN858_eobs2561__2020__southbound_01,Sierit  / DER AN858 (eobs2561),41.53873,0.6152668,41.538876,0.6159291,41.527493,0.6011158,1.7670432432595453,0.057420537,0,-0.011237577,-0.0141509995
2020-10-09,Zozu_plus_DER_AL581_eobs2541__2020__southbound_01,Zozu + / DER AL581 (eobs2541),41.574684,0.616202,41.57438,0.61609197,41.565086,0.6022041,1.5500001617819235,0.035122924,0,-0.009597659,-0.013997905
2020-10-10,Europa_DER_A1A26_eobs_4004__2020__southbound_01,Europa / DER A1A26 (eobs 4004),37.814182,-4.7477293,37.81433,-4.7482333,37.791668,-4.760689,2.7473713508913016,0.04714473,0,-0.02251263,-0.012959622
2020-10-10,Sierit_DER_AN858_eobs2561__2020__southbound_01,Sierit  / DER AN858 (eobs2561),41.538876,0.6159291,41.55744,0.5663189,41.536285,0.61502177,4.686291157345607,4.615813,0,-0.0025896206,-0.00090735406
2020-10-10,Zozu_plus_DER_AL581_eobs2541__2020__southbound_01,Zozu + / DER AL581 (eobs2541),41.57438,0.61609197,41.532433,0.5235083,41.565067,0.6045526,7.6585876584737465,9.005918,0,-0.009313479,-0.01153931
2020-10-11,Europa_DER_A1A26_eobs_4004__2020__southbound_01,Europa / DER A1A26 (eobs 4004),37.81433,-4.7482333,37.81456,-4.741742,37.79583,-4.7650886,2.923127703079134,0.57080084,0,-0.018500976,-0.016855218
2020-10-11,Sierit_DER_AN858_eobs2561__2020__southbound_01,Sierit  / DER AN858 (eobs2561),41.55744,0.5663189,41.56563,0.5551269,41.547573,0.55483377,2.0081952706173953,1.3023535,0,-0.009867467,-0.011485167
2020-10-11,Zozu_plus_DER_AL581_eobs2541__2020__southbound_01,Zozu + / DER AL581 (eobs2541),41.532433,0.5235083,41.57467,0.6163241,41.50924,0.50103873,12.041255152964563,9.039298,0,-0.023192942,-0.022469603
2020-10-12,Europa_DER_A1A26_eobs_4004__2020__southbound_01,Europa / DER A1A26 (eobs 4004),37.81456,-4.741742,37.814034,-4.7475533,37.796913,-4.7497354,1.9133275571089097,0.5138154,0,-0.017648607,-0.007993013
2020-10-12,Sierit_DER_AN858_eobs2561__2020__southbound_01,Sierit  / DER AN858 (eobs2561),41.56563,0.5551269,41.540848,0.615309,41.559994,0.54814446,5.980854374591278,5.716075,0,-0.005638212,-0.0069824383
2020-10-12,Zozu_plus_DER_AL581_eobs2541__2020__southbound_01,Zozu + / DER AL581 (eobs2541),41.57467,0.6163241,41.574665,0.6162921,41.5722,0.6145463,0.31012335984130485,0.0027402197,0,-0.0024677813,-0.0017778054
2020-10-13,Europa_DER_A1A26_eobs_4004__2020__southbound_01,Europa / DER A1A26 (eobs 4004),37.814034,-4.7475533,37.793373,-4.7483387,37.790276,-4.769896,1.925324761879599,2.29866,0,-0.0237566,-0.022342473
2020-10-13,Sierit_DER_AN858_eobs2561__2020__southbound_01,Sierit  / DER AN858 (eobs2561),41.540848,0.615309,41.564766,0.5779345,41.53486,0.6126744,4.4064283531070885,4.0923047,0,-0.005990505,-0.0026345924
2020-10-13,Zozu_plus_DER_AL581_eobs2541__2020__southbound_01,Zozu + / DER AL581 (eobs2541),41.574665,0.6162921,41.57442,0.61604804,41.563526,0.60170287,1.7005269957415745,0.03397507,0,-0.011139512,-0.014589228
2020-10-14,Sierit_DER_AN858_eobs2561__2020__southbound_01,Sierit  / DER AN858 (eobs2561),41.564766,0.5779345,41.539097,0.6156336,41.558453,0.57054365,4.325712592084475,4.241186,0,-0.006311439,-0.007390842
2020-10-14,Zozu_plus_DER_AL581_eobs2541__2020__southbound_01,Zozu + / DER AL581 (eobs2541),41.57442,0.61604804,41.574734,0.6159256,41.56237,0.60230887,1.7813449359061282,0.036424074,0,-0.012050778,-0.013739161
2020-10-15,Sierit_DER_AN858_eobs2561__2020__southbound_01,Sierit  / DER AN858 (eobs2561),41.539097,0.6156336,41.563137,0.5556448,41.534515,0.6124318,5.697437352446897,5.662488,0,-0.0045798197,-0.003201805
2020-10-15,Zozu_plus_DER_AL581_eobs2541__2020__southbound_01,Zozu + / DER AL581 (eobs2541),41.574734,0.6159256,41.574677,0.6165224,41.57151,0.6121336,0.5071843191857449,0.05004229,0,-0.003224492,-0.0037919953
2020-10-16,Sierit_DER_AN858_eobs2561__2020__southbound_01,Sierit  / DER AN858 (eobs2561),41.563137,0.5556448,41.55762,0.5467268,41.554607,0.5467837,0.3351321003735924,0.9625661,0,-0.008529983,-0.008861095
2020-10-16,Zozu_plus_DER_AL581_eobs2541__2020__southbound_01,Zozu + / DER AL581 (eobs2541),41.574677,0.6165224,41.526695,0.4314196,41.572247,0.6151439,16.10606614205143,16.301146,0,-0.0024293736,-0.0013784841
2020-10-17,Sierit_DER_AN858_eobs2561__2020__southbound_01,Sierit  / DER AN858 (eobs2561),41.55762,0.5467268,41.539963,0.61474,41.54602,0.534262,6.731558972649368,5.990791,0,-0.011599317,-0.012464814
2020-10-18,Sierit_DER_AN858_eobs2561__2020__southbound_01,Sierit  / DER AN858 (eobs2561),41.539963,0.61474,41.558624,0.52631336,41.53481,0.6129396,7.680030660818896,7.645549,0,-0.005155407,-0.0018004328
2020-10-19,Sierit_DER_AN858_eobs2561__2020__southbound_01,Sierit  / DER AN858 (eobs2561),41.558624,0.52631336,41.538605,0.6161277,41.54904,0.5161877,8.397963871060085,7.798555,0,-0.009581648,-0.01012563
2020-10-20,Sierit_DER_AN858_eobs2561__2020__southbound_01,Sierit  / DER AN858 (eobs2561),41.538605,0.6161277,41.56393,0.5124798,41.533516,0.61485016,9.16575565939551,9.073045,0,-0.005088389,-0.001277566
2020-10-21,Sierit_DER_AN858_eobs2561__2020__southbound_01,Sierit  / DER AN858 (eobs2561),41.56393,0.5124798,41.563473,0.524276,41.55414,0.5027494,2.07013123331021,0.98273814,0,-0.009790674,-0.009730406
2020-10-22,Sierit_DER_AN858_eobs2561__2020__southbound_01,Sierit  / DER AN858 (eobs2561),41.563473,0.524276,41.563393,0.52437973,41.560894,0.5242616,0.2780088029859532,0.012612383,0,-0.002578579,-1.44168735e-05
2020-10-23,Sierit_DER_AN858_eobs2561__2020__southbound_01,Sierit  / DER AN858 (eobs2561),41.563393,0.52437973,41.53905,0.6156396,41.55956,0.52233803,8.092202508598724,8.06203,0,-0.0038356334,-0.0020417199
2020-10-24,Sierit_DER_AN858_eobs2561__2020__southbound_01,Sierit  / DER AN858 (eobs2561),41.53905,0.6156396,41.563145,0.5244061,41.53375,0.61454463,8.182385811369002,8.050822,0,-0.005301401,-0.0010950118
2020-10-25,Sierit_DER_AN858_eobs2561__2020__southbound_01,Sierit  / DER AN858 (eobs2561),41.563145,0.5244061,41.563354,0.5142834,41.55549,0.51707166,0.9048940034603871,0.8425162,0,-0.00765796,-0.0073343962
2020-10-26,Sierit_DER_AN858_eobs2561__2020__southbound_01,Sierit  / DER AN858 (eobs2561),41.563354,0.5142834,41.539154,0.61587,41.557457,0.5068134,9.300874703316536,8.87135,0,-0.0058965012,-0.007469997
2020-10-27,Sierit_DER_AN858_eobs2561__2020__southbound_01,Sierit  / DER AN858 (eobs2561),41.539154,0.61587,41.56333,0.5244252,41.533955,0.6152929,8.23718494114742,8.0703945,0,-0.0051999465,-0.00057707727
2020-10-28,Sierit_DER_AN858_eobs2561__2020__southbound_01,Sierit  / DER AN858 (eobs2561),41.56333,0.5244252,41.53877,0.6144356,41.55607,0.51748633,8.294192945725097,7.972534,0,-0.0072629675,-0.006938897
2020-10-29,Sierit_DER_AN858_eobs2561__2020__southbound_01,Sierit  / DER AN858 (eobs2561),41.53877,0.6144356,41.538696,0.6145264,41.534214,0.6142479,0.498944949520718,0.011279184,0,-0.0045541674,-0.00018769503
2020-10-30,Sierit_DER_AN858_eobs2561__2020__southbound_01,Sierit  / DER AN858 (eobs2561),41.538696,0.6145264,41.55891,0.5268293,41.53466,0.6128207,7.64736938654993,7.63626,0,-0.004035212,-0.001705721
2020-10-31,Sierit_DER_AN858_eobs2561__2020__southbound_01,Sierit  / DER AN858 (eobs2561),41.55891,0.5268293,41.551395,0.56133294,41.55232,0.52063715,3.3879930554940563,2.9901366,0,-0.0065934137,-0.0061921254
2020-11-01,Sierit_DER_AN858_eobs2561__2020__southbound_01,Sierit  / DER AN858 (eobs2561),41.551395,0.56133294,41.558556,0.4972057,41.548504,0.56205916,5.511072625544568,5.395059,0,-0.0028909817,0.0007262081
2020-11-02,Sierit_DER_AN858_eobs2561__2020__southbound_01,Sierit  / DER AN858 (eobs2561),41.558556,0.4972057,41.53878,0.5244493,41.552124,0.49082333,3.167437589762193,3.1584406,0,-0.006432414,-0.006382361
2020-11-03,Sierit_DER_AN858_eobs2561__2020__southbound_01,Sierit  / DER AN858 (eobs2561),41.53878,0.5244493,41.538795,0.614788,41.535133,0.52378696,7.585194185088673,7.518916,0,-0.0036466494,-0.0006623119
2020-11-04,Sierit_DER_AN858_eobs2561__2020__southbound_01,Sierit  / DER AN858 (eobs2561),41.538795,0.614788,41.563683,0.5235328,41.536186,0.61633366,8.30573374792806,8.082298,0,-0.0026110262,0.0015456453
2020-11-05,Sierit_DER_AN858_eobs2561__2020__southbound_01,Sierit  / DER AN858 (eobs2561),41.563683,0.5235328,41.545643,0.5918536,41.557682,0.5182475,6.26962747385561,6.028582,0,-0.0060012415,-0.005285345
2020-11-06,Sierit_DER_AN858_eobs2561__2020__southbound_01,Sierit  / DER AN858 (eobs2561),41.545643,0.5918536,41.563103,0.52451146,41.543823,0.5936277,6.137815851574796,5.9303946,0,-0.0018187761,0.001774095
2020-11-07,Sierit_DER_AN858_eobs2561__2020__southbound_01,Sierit  / DER AN858 (eobs2561),41.563103,0.52451146,41.564594,0.513241,41.558186,0.52056277,0.9375078117936703,0.95221853,0,-0.0049181804,-0.0039487183
2020-11-08,Sierit_DER_AN858_eobs2561__2020__southbound_01,Sierit  / DER AN858 (eobs2561),41.564594,0.513241,41.563316,0.5243891,41.56112,0.50956285,1.257508645163829,0.9382705,0,-0.0034745932,-0.0036781505
2020-11-09,Sierit_DER_AN858_eobs2561__2020__southbound_01,Sierit  / DER AN858 (eobs2561),41.563316,0.5243891,41.563374,0.5244171,41.562943,0.52738696,0.2516953557665362,0.0065807714,0,-0.0003747493,0.0029978976
2020-11-10,Sierit_DER_AN858_eobs2561__2020__southbound_01,Sierit  / DER AN858 (eobs2561),41.563374,0.5244171,41.563255,0.5245554,41.563477,0.5280817,0.29441562464672166,0.01749343,0,0.000103235245,0.0036646128
2020-11-11,Sierit_DER_AN858_eobs2561__2020__southbound_01,Sierit  / DER AN858 (eobs2561),41.563255,0.5245554,41.56339,0.5244098,41.565376,0.52741325,0.33358614009119264,0.01914534,0,0.0021211728,0.0028578788
2020-11-12,Sierit_DER_AN858_eobs2561__2020__southbound_01,Sierit  / DER AN858 (eobs2561),41.56339,0.5244098,41.563305,0.52443475,41.56137,0.5244148,0.21506342985673396,0.009710322,0,-0.0020170659,5.0142407e-06
2020-11-13,Sierit_DER_AN858_eobs2561__2020__southbound_01,Sierit  / DER AN858 (eobs2561),41.563305,0.52443475,41.563263,0.5244496,41.564404,0.5252755,0.14424789802945825,0.0046483628,0,0.001097925,0.0008407831
2020-11-14,Sierit_DER_AN858_eobs2561__2020__southbound_01,Sierit  / DER AN858 (eobs2561),41.563263,0.5244496,41.56327,0.5244317,41.56469,0.5254896,0.18068123145481532,0.0017290312,0,0.0014271438,0.0010400489
2020-11-15,Sierit_DER_AN858_eobs2561__2020__southbound_01,Sierit  / DER AN858 (eobs2561),41.56327,0.5244317,41.56339,0.5243646,41.561325,0.52350664,0.24032456991791618,0.014371906,0,-0.0019462705,-0.00092508644
2020-11-16,Sierit_DER_AN858_eobs2561__2020__southbound_01,Sierit  / DER AN858 (eobs2561),41.56339,0.5243646,41.56338,0.5244032,41.562576,0.52615845,0.17127886023857372,0.0033572332,0,-0.00081110746,0.0017938763
2020-11-17,Sierit_DER_AN858_eobs2561__2020__southbound_01,Sierit  / DER AN858 (eobs2561),41.56338,0.5244032,41.56339,0.5243935,41.566025,0.5295273,0.5180151361312759,0.0010542151,0,0.0026443973,0.0051240623
2020-11-18,Sierit_DER_AN858_eobs2561__2020__southbound_01,Sierit  / DER AN858 (eobs2561),41.56339,0.5243935,41.563416,0.5243944,41.562523,0.5251703,0.11840428533066569,0.0031699443,0,-0.00086422265,0.000776805
2020-11-19,Sierit_DER_AN858_eobs2561__2020__southbound_01,Sierit  / DER AN858 (eobs2561),41.563416,0.5243944,41.563408,0.52437013,41.56368,0.5285169,0.3463154549129728,0.0021181381,0,0.00026394427,0.004122518
2020-11-20,Sierit_DER_AN858_eobs2561__2020__southbound_01,Sierit  / DER AN858 (eobs2561),41.563408,0.52437013,41.563274,0.5244513,41.56469,0.52399635,0.16185737625185234,0.016571395,0,0.0012814626,-0.00037376583
2020-11-21,Sierit_DER_AN858_eobs2561__2020__southbound_01,Sierit  / DER AN858 (eobs2561),41.563274,0.5244513,41.563248,0.5244383,41.566498,0.52771384,0.4526267662750643,0.0029725146,0,0.0032223463,0.0032625198
2020-11-22,Sierit_DER_AN858_eobs2561__2020__southbound_01,Sierit  / DER AN858 (eobs2561),41.563248,0.5244383,41.563385,0.5165925,41.566593,0.5258735,0.8505682401829178,0.65293205,0,0.0033458993,0.0014351532
2020-11-23,Sierit_DER_AN858_eobs2561__2020__southbound_01,Sierit  / DER AN858 (eobs2561),41.563385,0.5165925,41.534954,0.51965564,41.562588,0.5156306,3.090930317411272,3.1714313,0,-0.00079651177,-0.00096189976
2021-08-06,Ed_plus_AAL16_e-obs_7210__2021__southbound_01,"Ed + (AAL16, e-obs 7210)",47.693245,7.626867,47.69309,7.6269193,47.67209,7.590185,3.607602590531225,0.017962756,0,-0.021155432,-0.03668154
2021-08-07,Ed_plus_AAL16_e-obs_7210__2021__southbound_01,"Ed + (AAL16, e-obs 7210)",47.69309,7.6269193,47.692898,7.6266513,47.62457,7.543016,9.846977792024983,0.029231604,0,-0.06852061,-0.08390343
2021-08-08,Ed_plus_AAL16_e-obs_7210__2021__southbound_01,"Ed + (AAL16, e-obs 7210)",47.692898,7.6266513,47.69306,7.6269717,47.60711,7.50002,13.48253768354737,0.03015884,0,-0.085786864,-0.12663114
2021-08-09,Ed_plus_AAL16_e-obs_7210__2021__southbound_01,"Ed + (AAL16, e-obs 7210)",47.69306,7.6269717,47.69307,7.6269298,47.670982,7.5970488,3.322002762802584,0.0032122065,0,-0.02207826,-0.02992285
2021-08-10,Ed_plus_AAL16_e-obs_7210__2021__southbound_01,"Ed + (AAL16, e-obs 7210)",47.69307,7.6269298,47.693024,7.626809,47.633392,7.5202584,10.374846574187202,0.010257161,0,-0.059676774,-0.106671415
2021-08-11,Ed_plus_AAL16_e-obs_7210__2021__southbound_01,"Ed + (AAL16, e-obs 7210)",47.693024,7.626809,47.693108,7.6269464,47.59943,7.476826,15.328852001852818,0.013843988,0,-0.0935936,-0.14998299
2021-08-12,Ed_plus_AAL16_e-obs_7210__2021__southbound_01,"Ed + (AAL16, e-obs 7210)",47.693108,7.6269464,47.692886,7.6266565,47.66939,7.593754,3.5906039184869614,0.03267993,0,-0.023715891,-0.033192538
2021-08-13,Ed_plus_AAL16_e-obs_7210__2021__southbound_01,"Ed + (AAL16, e-obs 7210)",47.692886,7.6266565,47.692947,7.62667,47.587605,7.4668207,16.7521877397835,0.006666918,0,-0.105280794,-0.15983592
2021-08-14,Ed_plus_AAL16_e-obs_7210__2021__southbound_01,"Ed + (AAL16, e-obs 7210)",47.692947,7.62667,47.69297,7.626671,47.672836,7.5933943,3.3492910135441196,0.0026367286,0,-0.020112313,-0.033275463
2021-08-15,Ed_plus_AAL16_e-obs_7210__2021__southbound_01,"Ed + (AAL16, e-obs 7210)",47.69297,7.626671,47.692963,7.626714,47.667595,7.5840664,4.260354209414375,0.0033879734,0,-0.025373995,-0.042604532
2021-08-16,Ed_plus_AAL16_e-obs_7210__2021__southbound_01,"Ed + (AAL16, e-obs 7210)",47.692963,7.626714,47.69304,7.6269226,47.6634,7.5906763,4.269248384441471,0.017767854,0,-0.02956516,-0.036038086
2021-08-17,Ed_plus_AAL16_e-obs_7210__2021__southbound_01,"Ed + (AAL16, e-obs 7210)",47.69304,7.6269226,47.69305,7.6268373,47.669792,7.5956287,3.485243004135115,0.006519362,0,-0.023245417,-0.031293668
2021-08-18,Ed_plus_AAL16_e-obs_7210__2021__southbound_01,"Ed + (AAL16, e-obs 7210)",47.69305,7.6268373,47.693207,7.626807,47.629963,7.517163,10.81115666985105,0.017723704,0,-0.063085996,-0.10967434
2021-08-19,Ed_plus_AAL16_e-obs_7210__2021__southbound_01,"Ed + (AAL16, e-obs 7210)",47.693207,7.626807,47.69298,7.626759,47.6703,7.5873346,3.8822602435593105,0.0252844,0,-0.022909097,-0.039472423
2021-08-20,Ed_plus_AAL16_e-obs_7210__2021__southbound_01,"Ed + (AAL16, e-obs 7210)",47.69298,7.626759,47.692852,7.626754,47.625256,7.5352354,10.172336212480555,0.0145499315,0,-0.067726955,-0.091523655
2021-08-21,Ed_plus_AAL16_e-obs_7210__2021__southbound_01,"Ed + (AAL16, e-obs 7210)",47.692852,7.626754,47.692856,7.6267424,47.62714,7.539001,9.827368084661229,0.0009337944,0,-0.06571317,-0.08775265
2021-08-22,Ed_plus_AAL16_e-obs_7210__2021__southbound_01,"Ed + (AAL16, e-obs 7210)",47.692856,7.6267424,47.69284,7.626746,47.638634,7.531009,9.366391359891606,0.0016066527,0,-0.054222852,-0.09573295
2021-08-23,Ed_plus_AAL16_e-obs_7210__2021__southbound_01,"Ed + (AAL16, e-obs 7210)",47.69284,7.626746,47.692814,7.6267595,47.628845,7.543208,9.473586179264366,0.0033387605,0,-0.063995965,-0.08353798
2021-08-24,Ed_plus_AAL16_e-obs_7210__2021__southbound_01,"Ed + (AAL16, e-obs 7210)",47.692814,7.6267595,47.69283,7.626755,47.634773,7.5515757,8.565684559410448,0.0018321696,0,-0.058041245,-0.0751839
2021-08-25,Ed_plus_AAL16_e-obs_7210__2021__southbound_01,"Ed + (AAL16, e-obs 7210)",47.69283,7.626755,47.692833,7.6267385,47.667557,7.5837727,4.271525915247459,0.0013819534,0,-0.025272831,-0.042982697
2021-08-26,Ed_plus_AAL16_e-obs_7210__2021__southbound_01,"Ed + (AAL16, e-obs 7210)",47.692833,7.6267385,47.692825,7.6267347,47.637474,7.52956,9.530790782516293,0.0010755446,0,-0.05535781,-0.09717866
2021-08-27,Ed_plus_AAL16_e-obs_7210__2021__southbound_01,"Ed + (AAL16, e-obs 7210)",47.692825,7.6267347,47.69282,7.626746,47.602158,7.4996047,13.868899866149174,0.00089902664,0,-0.090668224,-0.12713012
2021-08-27,Sierit_DER_AN858_eobs2561__2021__southbound_01,Sierit  / DER AN858 (eobs2561),47.807762,8.883102,47.805283,8.883997,47.80256,8.8723135,0.9236602739714954,0.28344673,0,-0.005203292,-0.010789305
2021-08-28,Ed_plus_AAL16_e-obs_7210__2021__southbound_01,"Ed + (AAL16, e-obs 7210)",47.69282,7.626746,47.692833,7.6267357,47.655273,7.578021,5.5449224657286,0.0012948118,0,-0.037546635,-0.0487251
2021-08-28,Sierit_DER_AN858_eobs2561__2021__southbound_01,Sierit  / DER AN858 (eobs2561),47.805283,8.883997,47.80832,8.884963,47.793716,8.870287,1.959113076941607,0.34514087,0,-0.011567004,-0.013709702
2021-08-29,Ed_plus_AAL16_e-obs_7210__2021__southbound_01,"Ed + (AAL16, e-obs 7210)",47.692833,7.6267357,47.692806,7.6267524,47.659462,7.5678253,5.762961547616119,0.0029519296,0,-0.03337065,-0.058910523
2021-08-29,Sierit_DER_AN858_eobs2561__2021__southbound_01,Sierit  / DER AN858 (eobs2561),47.80832,8.884963,47.808376,8.886821,47.8023,8.874564,1.1377622428283913,0.13889864,0,-0.0060202777,-0.010398433
2021-08-30,Ed_plus_AAL16_e-obs_7210__2021__southbound_01,"Ed + (AAL16, e-obs 7210)",47.692806,7.6267524,47.692837,7.6267357,47.635376,7.5523705,8.475705361657973,0.0035624169,0,-0.05742855,-0.07438166
2021-08-30,Sierit_DER_AN858_eobs2561__2021__southbound_01,Sierit  / DER AN858 (eobs2561),47.808376,8.886821,47.801804,8.874189,47.802837,8.880393,0.47738896190113017,1.1934167,0,-0.0055371076,-0.00642734
2021-08-31,Ed_plus_AAL16_e-obs_7210__2021__southbound_01,"Ed + (AAL16, e-obs 7210)",47.692837,7.6267357,47.692837,7.626745,47.659985,7.571063,5.542934739891289,0.000743363,0,-0.032852583,-0.05567244
2021-08-31,Sierit_DER_AN858_eobs2561__2021__southbound_01,Sierit  / DER AN858 (eobs2561),47.801804,8.874189,47.789276,8.864052,47.789417,8.852027,0.8984838380740497,1.5854301,0,-0.012386762,-0.022162057
2021-09-01,Ed_plus_AAL16_e-obs_7210__2021__southbound_01,"Ed + (AAL16, e-obs 7210)",47.692837,7.626745,47.692825,7.6267204,47.65059,7.5719256,6.236189450303508,0.00223526,0,-0.042249564,-0.05481957
2021-09-01,Europa_DER_A1A26_eobs_4004__2021__southbound_01,Europa / DER A1A26 (eobs 4004),47.170433,7.40309,47.167435,7.404136,47.16026,7.3920784,1.2114470163028375,0.34255263,0,-0.010174632,-0.011011675
2021-09-01,Sierit_DER_AN858_eobs2561__2021__southbound_01,Sierit  / DER AN858 (eobs2561),47.789276,8.864052,47.80182,8.87423,47.774204,8.841313,3.9339957204033498,1.5887303,0,-0.015072584,-0.022738777
2021-09-02,Ed_plus_AAL16_e-obs_7210__2021__southbound_01,"Ed + (AAL16, e-obs 7210)",47.692825,7.6267204,47.69283,7.626735,47.58344,7.45606,17.6488197048755,0.0012096438,0,-0.10938521,-0.17066053
2021-09-02,Europa_DER_A1A26_eobs_4004__2021__southbound_01,Europa / DER A1A26 (eobs 4004),47.167435,7.404136,47.16744,7.4031286,47.148136,7.3821673,2.6680741727666804,0.07618668,0,-0.019299805,-0.021968625
2021-09-02,Sierit_DER_AN858_eobs2561__2021__southbound_01,Sierit  / DER AN858 (eobs2561),47.80182,8.87423,47.80212,8.875433,47.7961,8.865238,1.0138454010392803,0.09576053,0,-0.0057168007,-0.008992232
2021-09-03,Ed_plus_AAL16_e-obs_7210__2021__southbound_01,"Ed + (AAL16, e-obs 7210)",47.69283,7.626735,47.692818,7.626737,47.669186,7.594313,3.5773189151150735,0.0013193878,0,-0.023642778,-0.03242206
2021-09-03,Europa_DER_A1A26_eobs_4004__2021__southbound_01,Europa / DER A1A26 (eobs 4004),47.16744,7.4031286,47.17598,7.4030747,47.143414,7.367793,4.497658759062206,0.94973695,0,-0.024024904,-0.035335727
2021-09-03,Sierit_DER_AN858_eobs2561__2021__southbound_01,Sierit  / DER AN858 (eobs2561),47.80212,8.875433,47.803688,8.877852,47.79774,8.869494,0.9094030865412605,0.2511869,0,-0.004378937,-0.0059389323
2021-09-04,Ed_plus_AAL16_e-obs_7210__2021__southbound_01,"Ed + (AAL16, e-obs 7210)",47.692818,7.626737,47.692825,7.626731,47.620564,7.5294995,10.844231132245737,0.0010430516,0,-0.07225488,-0.09723748
2021-09-04,Europa_DER_A1A26_eobs_4004__2021__southbound_01,Europa / DER A1A26 (eobs 4004),47.17598,7.4030747,47.170006,7.4042363,47.16414,7.389029,1.3218378839065221,0.66996104,0,-0.011839956,-0.014045939
2021-09-04,Sierit_DER_AN858_eobs2561__2021__southbound_01,Sierit  / DER AN858 (eobs2561),47.803688,8.877852,47.80339,8.874088,47.79949,8.871366,0.47883663734970455,0.28304315,0,-0.004196696,-0.0064864233
2021-09-05,Ed_plus_AAL16_e-obs_7210__2021__southbound_01,"Ed + (AAL16, e-obs 7210)",47.692825,7.626731,47.69284,7.626754,47.66603,7.581174,4.5311274011914975,0.0023760789,0,-0.026794404,-0.045557126
2021-09-05,Europa_DER_A1A26_eobs_4004__2021__southbound_01,Europa / DER A1A26 (eobs 4004),47.170006,7.4042363,47.167484,7.40369,47.148556,7.37951,2.787923234147945,0.28311142,0,-0.021448523,-0.024726443
2021-09-05,Sierit_DER_AN858_eobs2561__2021__southbound_01,Sierit  / DER AN858 (eobs2561),47.80339,8.874088,47.80462,8.883072,47.79279,8.852574,2.63047330766805,0.68467015,0,-0.010601461,-0.02151347
2021-09-06,Ed_plus_AAL16_e-obs_7210__2021__southbound_01,"Ed + (AAL16, e-obs 7210)",47.69284,7.626754,47.69283,7.62674,47.673187,7.59873,3.027683810158902,0.0016992027,0,-0.019655086,-0.02802366
2021-09-06,Europa_DER_A1A26_eobs_4004__2021__southbound_01,Europa / DER A1A26 (eobs 4004),47.167484,7.40369,47.111233,7.269212,47.144417,7.375582,8.85290445560286,11.940954,0,-0.023068823,-0.028107509
2021-09-06,Sierit_DER_AN858_eobs2561__2021__southbound_01,Sierit  / DER AN858 (eobs2561),47.80462,8.883072,47.801865,8.874229,47.799732,8.876679,0.2995148312250983,0.72808194,0,-0.0048884004,-0.006392695
2021-09-07,Ed_plus_AAL16_e-obs_7210__2021__southbound_01,"Ed + (AAL16, e-obs 7210)",47.69283,7.62674,47.69283,7.6267524,47.609085,7.5034537,13.115340313384973,0.0009372252,0,-0.083743244,-0.12328629
2021-09-07,Europa_DER_A1A26_eobs_4004__2021__southbound_01,Europa / DER A1A26 (eobs 4004),47.111233,7.269212,45.636578,5.5005417,46.64701,6.467838,134.82192005577144,212.82457,1,-0.46422344,-0.80137414
2021-09-07,Louis_DER_AU050_eobs_3264__2021__southbound_01,Louis / DER AU050 (eobs 3264),47.91356,8.58325,47.916084,8.58597,47.901836,8.561686,2.4054605550892063,0.34655884,0,-0.01172217,-0.021564566
2021-09-07,Sierit_DER_AN858_eobs2561__2021__southbound_01,Sierit  / DER AN858 (eobs2561),47.801865,8.874229,47.801987,8.874386,47.790607,8.852622,2.0600773463207593,0.017900044,0,-0.011258341,-0.021607526
2021-09-08,Ed_plus_AAL16_e-obs_7210__2021__southbound_01,"Ed + (AAL16, e-obs 7210)",47.69283,7.6267524,47.692833,7.6267395,47.66978,7.596219,3.4337951189670144,0.0010643532,0,-0.023047313,-0.030533127
2021-09-08,Europa_DER_A1A26_eobs_4004__2021__southbound_01,Europa / DER A1A26 (eobs 4004),45.636578,5.5005417,44.90214,4.81051,44.368073,4.4638076,65.4158662037571,97.90317,1,-1.268504,-1.036734
2021-09-08,Louis_DER_AU050_eobs_3264__2021__southbound_01,Louis / DER AU050 (eobs 3264),47.916084,8.58597,47.918816,8.57294,47.910637,8.577886,0.9812886189428791,1.0173665,0,-0.0054479167,-0.008084014
2021-09-08,Sierit_DER_AN858_eobs2561__2021__southbound_01,Sierit  / DER AN858 (eobs2561),47.801987,8.874386,47.80179,8.874239,47.79771,8.86759,0.672497945535233,0.024429744,0,-0.004275225,-0.006795883
2021-09-09,Ed_plus_AAL16_e-obs_7210__2021__southbound_01,"Ed + (AAL16, e-obs 7210)",47.692833,7.6267395,47.69282,7.6267447,47.647373,7.5502396,7.639110341724715,0.0013909956,0,-0.045458175,-0.07650013
2021-09-09,Europa_DER_A1A26_eobs_4004__2021__southbound_01,Europa / DER A1A26 (eobs 4004),44.90214,4.81051,44.346085,4.695497,43.838444,3.61576,103.06162607753946,62.497223,1,-1.0636971,-1.1947501
2021-09-09,Louis_DER_AU050_eobs_3264__2021__southbound_01,Louis / DER AU050 (eobs 3264),47.918816,8.57294,47.915577,8.586424,47.909508,8.554131,2.499648100643106,1.0673668,0,-0.009308577,-0.01880952
2021-09-09,Sierit_DER_AN858_eobs2561__2021__southbound_01,Sierit  / DER AN858 (eobs2561),47.80179,8.874239,47.801796,8.874194,47.789833,8.855034,1.9539456429902597,0.0034621097,0,-0.011953384,-0.019204855
2021-09-10,Ed_plus_AAL16_e-obs_7210__2021__southbound_01,"Ed + (AAL16, e-obs 7210)",47.69282,7.6267447,47.69285,7.6267695,47.644367,7.564033,7.150534010489543,0.003637212,0,-0.048455328,-0.06271163
2021-09-10,Europa_DER_A1A26_eobs_4004__2021__southbound_01,Europa / DER A1A26 (eobs 4004),44.346085,4.695497,43.62141,4.067581,43.38791,3.578611,47.21603086801454,94.95779,1,-0.95817655,-1.1168861
2021-09-10,Louis_DER_AU050_eobs_3264__2021__southbound_01,Louis / DER AU050 (eobs 3264),47.915577,8.586424,47.913425,8.584303,47.91007,8.579712,0.5063748709870457,0.28705832,0,-0.005507782,-0.006711498
2021-09-10,Sierit_DER_AN858_eobs2561__2021__southbound_01,Sierit  / DER AN858 (eobs2561),47.801796,8.874194,47.801826,8.874197,47.792843,8.855483,1.7180993998103427,0.003292228,0,-0.008953787,-0.01871086
2021-09-11,Ed_plus_AAL16_e-obs_7210__2021__southbound_01,"Ed + (AAL16, e-obs 7210)",47.69285,7.6267695,47.53392,7.5431767,47.67552,7.6015534,16.34235301526705,18.74988,0,-0.017326549,-0.025216088
2021-09-11,Europa_DER_A1A26_eobs_4004__2021__southbound_01,Europa / DER A1A26 (eobs 4004),43.62141,4.067581,43.4752,3.589663,42.550266,2.8758407,118.09267083546457,41.807594,1,-1.0711426,-1.1917405
2021-09-11,Louis_DER_AU050_eobs_3264__2021__southbound_01,Louis / DER AU050 (eobs 3264),47.913425,8.584303,47.916348,8.570784,47.90146,8.564063,1.7296787111012335,1.0587279,0,-0.011967704,-0.020239972
2021-09-11,Sierit_DER_AN858_eobs2561__2021__southbound_01,Sierit  / DER AN858 (eobs2561),47.801826,8.874197,47.504314,8.492643,47.796707,8.864799,42.82737851996428,43.717064,1,-0.00512065,-0.009398147
2021-09-12,Ed_plus_AAL16_e-obs_7210__2021__southbound_01,"Ed + (AAL16, e-obs 7210)",47.53392,7.5431767,47.293636,6.1651664,47.04972,6.814416,56.07288076302725,107.07468,1,-0.4842006,-0.7287605
2021-09-12,Europa_DER_A1A26_eobs_4004__2021__southbound_01,Europa / DER A1A26 (eobs 4004),43.4752,3.589663,42.94531,2.9627626,42.7609,2.4768887,44.60025846454709,77.80081,1,-0.7143021,-1.1127745
2021-09-12,Louis_DER_AU050_eobs_3264__2021__southbound_01,Louis / DER AU050 (eobs 3264),47.916348,8.570784,47.913998,8.574338,47.906643,8.551907,1.8611849840819452,0.37222642,0,-0.009706423,-0.018877253
2021-09-12,Sierit_DER_AN858_eobs2561__2021__southbound_01,Sierit  / DER AN858 (eobs2561),47.504314,8.492643,47.209435,7.6871953,46.724453,7.2975364,61.50141430886649,68.9647,1,-0.7798609,-1.195107
2021-09-13,Ed_plus_AAL16_e-obs_7210__2021__southbound_01,"Ed + (AAL16, e-obs 7210)",47.293636,6.1651664,45.9427,5.038446,46.2804,4.9636717,37.99038702667562,173.11523,1,-1.0132388,-1.2014946
2021-09-13,Europa_DER_A1A26_eobs_4004__2021__southbound_01,Europa / DER A1A26 (eobs 4004),42.94531,2.9627626,42.115,2.7938616,42.191605,1.8756706,76.16817201444633,93.35771,1,-0.7537034,-1.087092
2021-09-13,Louis_DER_AU050_eobs_3264__2021__southbound_01,Louis / DER AU050 (eobs 3264),47.913998,8.574338,47.914482,8.57449,47.90624,8.564551,1.1785222320551707,0.05494327,0,-0.0077581704,-0.009786464
2021-09-13,Sierit_DER_AN858_eobs2561__2021__southbound_01,Sierit  / DER AN858 (eobs2561),47.209435,7.6871953,45.919697,5.929899,46.057312,6.234718,28.08469338675828,196.4996,1,-1.1521211,-1.4524775
2021-09-14,Ed_plus_AAL16_e-obs_7210__2021__southbound_01,"Ed + (AAL16, e-obs 7210)",45.9427,5.038446,45.937496,5.0351863,44.943367,4.008089,136.52962331055002,0.63083,0,-0.99933267,-1.030357
2021-09-14,Europa_DER_A1A26_eobs_4004__2021__southbound_01,Europa / DER A1A26 (eobs 4004),42.115,2.7938616,42.10794,2.7917275,41.215786,1.7342868,132.5032806139975,0.8047167,0,-0.89921653,-1.0595748
2021-09-14,Louis_DER_AU050_eobs_3264__2021__southbound_01,Louis / DER AU050 (eobs 3264),47.914482,8.57449,47.913956,8.586676,47.90876,8.565526,1.6788548456184609,0.9100585,0,-0.0057225376,-0.008963235
2021-09-14,Sierit_DER_AN858_eobs2561__2021__southbound_01,Sierit  / DER AN858 (eobs2561),45.919697,5.929899,45.639435,5.111113,44.56233,4.697263,124.0950320056205,70.731415,1,-1.3573693,-1.2326365
2021-09-15,Ed_plus_AAL16_e-obs_7210__2021__southbound_01,"Ed + (AAL16, e-obs 7210)",45.937496,5.0351863,45.932526,5.037642,45.839153,4.9110384,14.276707156730172,0.5845008,0,-0.0983418,-0.12414806
2021-09-15,Europa_DER_A1A26_eobs_4004__2021__southbound_01,Europa / DER A1A26 (eobs 4004),42.10794,2.7917275,42.053555,2.6166096,42.035225,2.714842,8.363822837543378,15.666535,0,-0.07271579,-0.07688544
2021-09-15,Louis_DER_AU050_eobs_3264__2021__southbound_01,Louis / DER AU050 (eobs 3264),47.913956,8.586676,47.913704,8.582867,47.909016,8.580615,0.5476574860614714,0.2852751,0,-0.0049404725,-0.0060606897
2021-09-15,Sierit_DER_AN858_eobs2561__2021__southbound_01,Sierit  / DER AN858 (eobs2561),45.639435,5.111113,45.903297,4.9508886,44.503353,3.6966224,184.08346317011805,31.863426,1,-1.1360823,-1.4144907
2021-09-16,Ed_plus_AAL16_e-obs_7210__2021__southbound_01,"Ed + (AAL16, e-obs 7210)",45.932526,5.037642,44.87422,4.7733636,45.896523,4.9996758,115.04044006123256,119.47311,1,-0.036004193,-0.037966475
2021-09-16,Europa_DER_A1A26_eobs_4004__2021__southbound_01,Europa / DER A1A26 (eobs 4004),42.053555,2.6166096,41.629025,0.7369565,41.59888,1.8503771,92.6225610954098,162.70425,1,-0.45467478,-0.76623255
2021-09-16,Louis_DER_AU050_eobs_3264__2021__southbound_01,Louis / DER AU050 (eobs 3264),47.913704,8.582867,47.911495,8.574363,47.903404,8.563582,1.2062716543053873,0.6798379,0,-0.010298356,-0.019284032
2021-09-16,Sierit_DER_AN858_eobs2561__2021__southbound_01,Sierit  / DER AN858 (eobs2561),45.903297,4.9508886,45.453598,4.882936,45.268665,3.9788969,73.56432025689948,50.28236,1,-0.63463247,-0.97199184
2021-09-17,Ed_plus_AAL16_e-obs_7210__2021__southbound_01,"Ed + (AAL16, e-obs 7210)",44.87422,4.7733636,43.42441,3.586989,43.99293,3.7497437,64.55594726731334,186.94069,1,-0.8812904,-1.0236199
2021-09-17,Europa_DER_A1A26_eobs_4004__2021__southbound_01,Europa / DER A1A26 (eobs 4004),41.629025,0.7369565,41.538486,0.6144332,41.335228,0.25658324,37.42587826001609,14.324684,0,-0.29379818,-0.48037323
2021-09-17,Louis_DER_AU050_eobs_3264__2021__southbound_01,Louis / DER AU050 (eobs 3264),47.911495,8.574363,47.02005,6.399962,47.899994,8.553302,189.14835946205534,191.14932,1,-0.011502609,-0.021061197
2021-09-17,Sierit_DER_AN858_eobs2561__2021__southbound_01,Sierit  / DER AN858 (eobs2561),45.453598,4.882936,43.614338,4.017332,44.304607,3.7052197,80.7176211278713,215.71472,1,-1.1489909,-1.1777163
2021-09-18,Ed_plus_AAL16_e-obs_7210__2021__southbound_01,"Ed + (AAL16, e-obs 7210)",43.42441,3.586989,42.5008,2.1136606,42.664227,2.7400107,54.40576380926613,157.85815,1,-0.76018405,-0.8469781
2021-09-18,Europa_DER_A1A26_eobs_4004__2021__southbound_01,Europa / DER A1A26 (eobs 4004),41.538486,0.6144332,41.53835,0.61458236,41.0565,-0.14109993,82.80105808480471,0.0198458,0,-0.48198763,-0.75553316
2021-09-18,Louis_DER_AU050_eobs_3264__2021__southbound_01,Louis / DER AU050 (eobs 3264),47.02005,6.399962,46.16235,5.178129,45.695103,5.245844,52.21885346233454,133.46092,1,-1.3249482,-1.154118
2021-09-18,Sierit_DER_AN858_eobs2561__2021__southbound_01,Sierit  / DER AN858 (eobs2561),43.614338,4.017332,43.123764,2.9536963,42.573795,2.8895922,61.37669702422938,101.82017,1,-1.0405412,-1.12774
2021-09-19,Ed_plus_AAL16_e-obs_7210__2021__southbound_01,"Ed + (AAL16, e-obs 7210)",42.5008,2.1136606,41.959824,1.273122,42.091385,1.5025687,23.94164964422031,91.69355,1,-0.40941453,-0.61109185
2021-09-19,Europa_DER_A1A26_eobs_4004__2021__southbound_01,Europa / DER A1A26 (eobs 4004),41.53835,0.61458236,41.546925,0.6032092,41.502357,0.5894022,5.087194379100467,1.3435622,0,-0.035991695,-0.025180161
2021-09-19,Louis_DER_AU050_eobs_3264__2021__southbound_01,Louis / DER AU050 (eobs 3264),46.16235,5.178129,43.59045,4.381417,44.848057,3.8107588,147.0472378993868,292.7876,1,-1.3142929,-1.3673704
2021-09-19,Sierit_DER_AN858_eobs2561__2021__southbound_01,Sierit  / DER AN858 (eobs2561),43.123764,2.9536963,42.526676,2.9177837,42.724194,2.328068,53.012219908463976,66.45785,1,-0.3995723,-0.6256283
2021-09-20,Ed_plus_AAL16_e-obs_7210__2021__southbound_01,"Ed + (AAL16, e-obs 7210)",41.959824,1.273122,41.48175,0.37422925,41.510853,0.5346311,13.745409075265723,91.60537,1,-0.44897202,-0.7384909
2021-09-20,Europa_DER_A1A26_eobs_4004__2021__southbound_01,Europa / DER A1A26 (eobs 4004),41.546925,0.6032092,41.736565,0.5489771,41.54027,0.59250695,22.124532917231672,21.56332,0,-0.0066509843,-0.010702275
2021-09-20,Louis_DER_AU050_eobs_3264__2021__southbound_01,Louis / DER AU050 (eobs 3264),43.59045,4.381417,43.592377,4.3546762,42.792305,3.4872384,113.39910624552223,2.1642294,0,-0.798145,-0.89417833
2021-09-20,Sierit_DER_AN858_eobs2561__2021__southbound_01,Sierit  / DER AN858 (eobs2561),42.526676,2.9177837,41.6055,0.741106,41.941154,2.1501327,122.66174753413954,206.8164,1,-0.5855203,-0.7676512
2021-09-21,Ed_plus_AAL16_e-obs_7210__2021__southbound_01,"Ed + (AAL16, e-obs 7210)",41.48175,0.37422925,41.53132,-0.4183052,41.092266,-0.28729594,50.0316707410777,66.22527,1,-0.38948476,-0.6615252
2021-09-21,Europa_DER_A1A26_eobs_4004__2021__southbound_01,Europa / DER A1A26 (eobs 4004),41.736565,0.5489771,41.744118,0.5486276,41.73106,0.54049546,1.6010824311232246,0.8404736,0,-0.005504966,-0.008481644
2021-09-21,Louis_DER_AU050_eobs_3264__2021__southbound_01,Louis / DER AU050 (eobs 3264),43.592377,4.3546762,43.324387,3.3246007,43.444736,4.1180825,65.5042100380129,88.319305,1,-0.14764038,-0.23659351
2021-09-21,Sierit_DER_AN858_eobs2561__2021__southbound_01,Sierit  / DER AN858 (eobs2561),41.6055,0.741106,41.53853,0.6149601,41.21492,0.2302736,48.21901772168225,12.867578,0,-0.3905802,-0.51083237
2021-09-22,Ed_plus_AAL16_e-obs_7210__2021__southbound_01,"Ed + (AAL16, e-obs 7210)",41.53132,-0.4183052,40.28238,-3.5975688,41.23986,-0.96818423,245.70420268372743,301.08954,1,-0.2914598,-0.5498791
2021-09-22,Europa_DER_A1A26_eobs_4004__2021__southbound_01,Europa / DER A1A26 (eobs 4004),41.744118,0.5486276,41.74419,0.5457118,41.738632,0.54090816,0.735390556021174,0.24203715,0,-0.005485989,-0.0077194497
2021-09-22,Louis_DER_AU050_eobs_3264__2021__southbound_01,Louis / DER AU050 (eobs 3264),43.324387,3.3246007,42.618763,2.865123,42.992207,2.7612221,42.38134895043848,86.91188,1,-0.33218083,-0.56337863
2021-09-22,Sierit_DER_AN858_eobs2561__2021__southbound_01,Sierit  / DER AN858 (eobs2561),41.53853,0.6149601,41.53847,0.6147878,41.298748,0.40008903,32.109908765083354,0.01562597,0,-0.23977894,-0.21487106
2021-09-23,Ed_plus_AAL16_e-obs_7210__2021__southbound_01,"Ed + (AAL16, e-obs 7210)",40.28238,-3.5975688,39.879326,-4.175836,39.993538,-3.9001894,26.713411070924614,66.5512,1,-0.28884056,-0.30262065
2021-09-23,Europa_DER_A1A26_eobs_4004__2021__southbound_01,Europa / DER A1A26 (eobs 4004),41.74419,0.5457118,41.74405,0.5476792,41.718483,0.51003844,4.223500953785176,0.1639872,0,-0.02570767,-0.035673372
2021-09-23,Louis_DER_AU050_eobs_3264__2021__southbound_01,Louis / DER AU050 (eobs 3264),42.618763,2.865123,41.66193,0.9516546,41.897247,1.7843817,73.8405888745329,190.2834,1,-0.72151756,-1.0807413
2021-09-23,Sierit_DER_AN858_eobs2561__2021__southbound_01,Sierit  / DER AN858 (eobs2561),41.53847,0.6147878,41.538692,0.6151355,41.52653,0.599151,1.8970822933492124,0.037940174,0,-0.011939809,-0.015636787
2021-09-24,Ed_plus_AAL16_e-obs_7210__2021__southbound_01,"Ed + (AAL16, e-obs 7210)",39.879326,-4.175836,39.883015,-4.176393,39.52292,-4.7193465,61.32540751066951,0.4130017,0,-0.35640538,-0.5435103
2021-09-24,Europa_DER_A1A26_eobs_4004__2021__southbound_01,Europa / DER A1A26 (eobs 4004),41.74405,0.5476792,41.743896,0.548648,41.728664,0.5357738,2.0024675755561447,0.082075976,0,-0.015383519,-0.011905387
2021-09-24,Louis_DER_AU050_eobs_3264__2021__southbound_01,Louis / DER AU050 (eobs 3264),41.66193,0.9516546,41.658073,0.95165163,41.313713,0.39940208,59.85248969104894,0.42904627,0,-0.34821883,-0.55225253
2021-09-24,Sierit_DER_AN858_eobs2561__2021__southbound_01,Sierit  / DER AN858 (eobs2561),41.538692,0.6151355,41.53863,0.6148949,41.53967,0.61539274,0.12258989979916578,0.021184176,0,0.00097581,0.00025725365
2021-09-25,Ed_plus_AAL16_e-obs_7210__2021__southbound_01,"Ed + (AAL16, e-obs 7210)",39.883015,-4.176393,39.881145,-4.176397,39.87315,-4.1857157,1.1928135525255954,0.20802402,0,-0.009863585,-0.009322591
2021-09-25,Europa_DER_A1A26_eobs_4004__2021__southbound_01,Europa / DER A1A26 (eobs 4004),41.743896,0.548648,41.743114,0.5468857,41.72806,0.5365488,1.8807670056988155,0.17023385,0,-0.01583647,-0.012099221
2021-09-25,Louis_DER_AU050_eobs_3264__2021__southbound_01,Louis / DER AU050 (eobs 3264),41.658073,0.95165163,41.65926,0.9525754,41.63144,0.93073326,3.5866113961438115,0.15289795,0,-0.02663245,-0.020918384
2021-09-25,Sierit_DER_AN858_eobs2561__2021__southbound_01,Sierit  / DER AN858 (eobs2561),41.53863,0.6148949,41.53958,0.61461765,41.526802,0.59882665,1.9356815432601884,0.10811002,0,-0.011830531,-0.016068257
2021-09-26,Ed_plus_AAL16_e-obs_7210__2021__southbound_01,"Ed + (AAL16, e-obs 7210)",39.881145,-4.176397,39.85966,-4.165265,39.853485,-4.1990814,2.967097170318806,2.5708828,0,-0.027661234,-0.022684574
2021-09-26,Europa_DER_A1A26_eobs_4004__2021__southbound_01,Europa / DER A1A26 (eobs 4004),41.743114,0.5468857,41.731365,0.5390256,41.70292,0.49716812,4.6984065492915255,1.4600403,0,-0.040196273,-0.049717616
2021-09-26,Louis_DER_AU050_eobs_3264__2021__southbound_01,Louis / DER AU050 (eobs 3264),41.65926,0.9525754,41.65797,0.9512935,41.655136,0.9478315,0.426675824476714,0.17875265,0,-0.0041243434,-0.0047438964
2021-09-26,Sierit_DER_AN858_eobs2561__2021__southbound_01,Sierit  / DER AN858 (eobs2561),41.53958,0.61461765,41.54041,0.6145698,41.540863,0.61412054,0.06281622679782582,0.092216715,0,0.0012802333,-0.0004970804
2021-09-27,Ed_plus_AAL16_e-obs_7210__2021__southbound_01,"Ed + (AAL16, e-obs 7210)",39.85966,-4.165265,39.859753,-4.165775,39.825977,-4.188675,4.234077041911745,0.044708025,0,-0.0336841,-0.023409858
2021-09-27,Europa_DER_A1A26_eobs_4004__2021__southbound_01,Europa / DER A1A26 (eobs 4004),41.731365,0.5390256,41.71099,0.3373924,41.69819,0.50435245,13.933358750867365,16.887247,0,-0.03317748,-0.034673132
2021-09-27,Louis_DER_AU050_eobs_3264__2021__southbound_01,Louis / DER AU050 (eobs 3264),41.65797,0.9512935,41.659184,0.9513698,41.652752,0.94023573,1.1692312796428725,0.13483967,0,-0.0052201003,-0.011057787
2021-09-27,Sierit_DER_AN858_eobs2561__2021__southbound_01,Sierit  / DER AN858 (eobs2561),41.54041,0.6145698,41.538643,0.6146714,41.539955,0.6136326,0.1696071817287041,0.19663581,0,-0.0004524365,-0.00093716383
2021-09-28,Ed_plus_AAL16_e-obs_7210__2021__southbound_01,"Ed + (AAL16, e-obs 7210)",39.859753,-4.165775,39.88265,-4.174532,39.834343,-4.1959543,5.6740470820030415,2.653327,0,-0.025410503,-0.030179441
2021-09-28,Europa_DER_A1A26_eobs_4004__2021__southbound_01,Europa / DER A1A26 (eobs 4004),41.71099,0.3373924,41.509094,-0.5416205,41.26081,-0.37670606,30.84623587952107,76.45,1,-0.4501815,-0.71409845
2021-09-28,Louis_DER_AU050_eobs_3264__2021__southbound_01,Louis / DER AU050 (eobs 3264),41.659184,0.9513698,41.65781,0.9515684,41.655136,0.94643486,0.5199125507723237,0.15333313,0,-0.0040483996,-0.0049349368
2021-09-28,Sierit_DER_AN858_eobs2561__2021__southbound_01,Sierit  / DER AN858 (eobs2561),41.538643,0.6146714,41.557392,0.56876373,41.5371,0.6091222,4.0460655743729,4.352156,0,-0.0015415847,-0.0055492
2021-09-29,Ed_plus_AAL16_e-obs_7210__2021__southbound_01,"Ed + (AAL16, e-obs 7210)",39.88265,-4.174532,39.882633,-4.1744914,39.86797,-4.1877527,1.9847657155266605,0.00400551,0,-0.014680289,-0.013220988
2021-09-29,Europa_DER_A1A26_eobs_4004__2021__southbound_01,Europa / DER A1A26 (eobs 4004),41.509094,-0.5416205,41.586285,-0.81986606,40.87344,-1.4817119,96.6755650208528,24.694977,0,-0.63565415,-0.9400913
2021-09-29,Louis_DER_AU050_eobs_3264__2021__southbound_01,Louis / DER AU050 (eobs 3264),41.65781,0.9515684,41.657883,0.9513669,41.6533,0.9446437,0.7559879851817872,0.018488385,0,-0.0045079663,-0.006924726
2021-09-29,Sierit_DER_AN858_eobs2561__2021__southbound_01,Sierit  / DER AN858 (eobs2561),41.557392,0.56876373,41.54015,0.6144209,41.55225,0.55988866,4.733466826597771,4.255688,0,-0.0051424876,-0.008875072
2021-09-30,Ed_plus_AAL16_e-obs_7210__2021__southbound_01,"Ed + (AAL16, e-obs 7210)",39.882633,-4.1744914,39.882698,-4.1751933,39.858047,-4.1884556,2.9655078315077286,0.06033915,0,-0.024587385,-0.013964333
2021-09-30,Europa_DER_A1A26_eobs_4004__2021__southbound_01,Europa / DER A1A26 (eobs 4004),41.586285,-0.81986606,41.474003,-1.0980037,41.348476,-1.2899575,21.23850289259618,26.304415,0,-0.2378087,-0.4700914
2021-09-30,Louis_DER_AU050_eobs_3264__2021__southbound_01,Louis / DER AU050 (eobs 3264),41.657883,0.9513669,41.66376,0.951669,41.64885,0.9393899,1.9467858573653374,0.6543308,0,-0.009034246,-0.011977039
2021-09-30,Sierit_DER_AN858_eobs2561__2021__southbound_01,Sierit  / DER AN858 (eobs2561),41.54015,0.6144209,41.573586,0.5687904,41.535065,0.6114634,5.563750063403209,5.313787,0,-0.005083777,-0.0029574856
2021-10-01,Ed_plus_AAL16_e-obs_7210__2021__southbound_01,"Ed + (AAL16, e-obs 7210)",39.882698,-4.1751933,39.882725,-4.174737,39.852844,-4.2069516,4.3125908009352525,0.039080337,0,-0.029855099,-0.03175848
2021-10-01,Europa_DER_A1A26_eobs_4004__2021__southbound_01,Europa / DER A1A26 (eobs 4004),41.474003,-1.0980037,40.562016,-3.2691195,40.93804,-1.9090697,121.9568848669226,208.46672,1,-0.535963,-0.8110659
2021-10-01,Louis_DER_AU050_eobs_3264__2021__southbound_01,Louis / DER AU050 (eobs 3264),41.66376,0.951669,41.6638,0.9497386,41.661964,0.9494277,0.20565653649061688,0.16041209,0,-0.0017960817,-0.0022412613
2021-10-01,Sierit_DER_AN858_eobs2561__2021__southbound_01,Sierit  / DER AN858 (eobs2561),41.573586,0.5687904,41.57358,0.6138474,41.56738,0.5606458,4.4792295332102015,3.748089,0,-0.0062048137,-0.008144572
2021-10-02,Ed_plus_AAL16_e-obs_7210__2021__southbound_01,"Ed + (AAL16, e-obs 7210)",39.882725,-4.174737,39.85636,-4.1747885,39.855495,-4.1885967,1.1825963250982137,2.9315338,0,-0.027228698,-0.013859928
2021-10-02,Europa_DER_A1A26_eobs_4004__2021__southbound_01,Europa / DER A1A26 (eobs 4004),40.562016,-3.2691195,40.32193,-3.5891702,40.199955,-3.630207,14.002879085464462,38.03003,1,-0.36206192,-0.36108747
2021-10-02,Louis_DER_AU050_eobs_3264__2021__southbound_01,Louis / DER AU050 (eobs 3264),41.6638,0.9497386,41.663574,0.94869316,41.655098,0.9372707,1.337456466894842,0.09044265,0,-0.008701183,-0.012467921
2021-10-02,Sierit_DER_AN858_eobs2561__2021__southbound_01,Sierit  / DER AN858 (eobs2561),41.57358,0.6138474,41.55734,0.6142457,41.569824,0.6118415,1.4026622879085124,1.8064123,0,-0.0037588999,-0.002005875
2021-10-03,Ed_plus_AAL16_e-obs_7210__2021__southbound_01,"Ed + (AAL16, e-obs 7210)",39.85636,-4.1747885,39.852436,-4.2449136,39.797325,-4.2166123,6.58744928810792,6.0018835,0,-0.059034646,-0.041823644
2021-10-03,Europa_DER_A1A26_eobs_4004__2021__southbound_01,Europa / DER A1A26 (eobs 4004),40.32193,-3.5891702,40.322205,-3.5869176,39.932632,-4.1078596,61.95294006750792,0.1934125,0,-0.38929737,-0.5186896
2021-10-03,Louis_DER_AU050_eobs_3264__2021__southbound_01,Louis / DER AU050 (eobs 3264),41.663574,0.94869316,41.667892,0.95159733,41.652637,0.93451226,2.2117489199628064,0.53731364,0,-0.010938168,-0.014180914
2021-10-03,Sierit_DER_AN858_eobs2561__2021__southbound_01,Sierit  / DER AN858 (eobs2561),41.55734,0.6142457,41.540375,0.6144741,41.549225,0.6049446,1.2638793127894883,1.8865314,0,-0.008112356,-0.009301141
2021-10-04,Ed_plus_AAL16_e-obs_7210__2021__southbound_01,"Ed + (AAL16, e-obs 7210)",39.852436,-4.2449136,39.856407,-4.214764,39.801117,-4.299216,9.476578983156509,2.6111681,0,-0.051319122,-0.05430232
2021-10-04,Europa_DER_A1A26_eobs_4004__2021__southbound_01,Europa / DER A1A26 (eobs 4004),40.322205,-3.5869176,40.29139,-3.633558,40.30402,-3.5948694,3.5690469646465366,5.232947,0,-0.018184528,-0.007951833
2021-10-04,Louis_DER_AU050_eobs_3264__2021__southbound_01,Louis / DER AU050 (eobs 3264),41.667892,0.95159733,41.65795,0.9512533,41.666492,0.950686,0.9508976719249664,1.1054984,0,-0.0013986304,-0.00091134757
2021-10-04,Sierit_DER_AN858_eobs2561__2021__southbound_01,Sierit  / DER AN858 (eobs2561),41.540375,0.6144741,41.53859,0.6149485,41.529953,0.6032719,1.3663309015811185,0.20239419,0,-0.010422669,-0.0112022385
2021-10-05,Ed_plus_AAL16_e-obs_7210__2021__southbound_01,"Ed + (AAL16, e-obs 7210)",39.856407,-4.214764,39.849773,-4.247153,39.833862,-4.225336,2.5689845068946497,2.8614767,0,-0.022546522,-0.010571919
2021-10-05,Europa_DER_A1A26_eobs_4004__2021__southbound_01,Europa / DER A1A26 (eobs 4004),40.29139,-3.633558,40.262356,-3.6339383,40.213,-3.7089767,8.407642900650224,3.2283156,0,-0.07838741,-0.07541871
2021-10-05,Louis_DER_AU050_eobs_3264__2021__southbound_01,Louis / DER AU050 (eobs 3264),41.65795,0.9512533,41.665646,0.9430285,41.652874,0.9441755,1.42333279758165,1.0949353,0,-0.0050758496,-0.007077828
2021-10-05,Sierit_DER_AN858_eobs2561__2021__southbound_01,Sierit  / DER AN858 (eobs2561),41.53859,0.6149485,41.53868,0.614892,41.526707,0.60291237,1.6634878001583324,0.011339907,0,-0.011881776,-0.012036152
2021-10-06,Ed_plus_AAL16_e-obs_7210__2021__southbound_01,"Ed + (AAL16, e-obs 7210)",39.849773,-4.247153,39.85635,-4.17749,39.80558,-4.2898583,11.132746077187345,5.9914484,0,-0.04419368,-0.042705365
2021-10-06,Europa_DER_A1A26_eobs_4004__2021__southbound_01,Europa / DER A1A26 (eobs 4004),40.262356,-3.6339383,40.261543,-3.634287,40.207565,-3.670856,6.757308987913676,0.095216915,0,-0.054788962,-0.036917605
2021-10-06,Louis_DER_AU050_eobs_3264__2021__southbound_01,Louis / DER AU050 (eobs 3264),41.665646,0.9430285,41.657867,0.951539,41.66064,0.9362943,1.3034550093113446,1.1172156,0,-0.0050055534,-0.00673417
2021-10-06,Sierit_DER_AN858_eobs2561__2021__southbound_01,Sierit  / DER AN858 (eobs2561),41.53868,0.614892,41.55732,0.55529314,41.53321,0.60755694,5.109279921052366,5.375244,0,-0.005471669,-0.0073350444
2021-10-07,Ed_plus_AAL16_e-obs_7210__2021__southbound_01,"Ed + (AAL16, e-obs 7210)",39.85635,-4.17749,39.88213,-4.171537,39.834114,-4.1898465,5.563135600506906,2.9113204,0,-0.022235133,-0.012356311
2021-10-07,Europa_DER_A1A26_eobs_4004__2021__southbound_01,Europa / DER A1A26 (eobs 4004),40.261543,-3.634287,40.26184,-3.6346602,40.218918,-3.6665282,5.486034876077387,0.045905188,0,-0.042626306,-0.032241203
2021-10-07,Louis_DER_AU050_eobs_3264__2021__southbound_01,Louis / DER AU050 (eobs 3264),41.657867,0.951539,41.6631,0.95162827,41.652122,0.94734424,1.2715995226231351,0.5821312,0,-0.005745277,-0.0041947216
2021-10-07,Sierit_DER_AN858_eobs2561__2021__southbound_01,Sierit  / DER AN858 (eobs2561),41.55732,0.55529314,41.55735,0.55482215,41.54364,0.5393833,1.9936492576303906,0.039354965,0,-0.013679467,-0.015909873
2021-10-08,Ed_plus_AAL16_e-obs_7210__2021__southbound_01,"Ed + (AAL16, e-obs 7210)",39.88213,-4.171537,39.85583,-4.1715584,39.867096,-4.1825013,1.562485482394082,2.9241755,0,-0.015034623,-0.010964371
2021-10-08,Europa_DER_A1A26_eobs_4004__2021__southbound_01,Europa / DER A1A26 (eobs 4004),40.26184,-3.6346602,40.263256,-3.6342008,40.246914,-3.6480703,2.1650395571752608,0.16186248,0,-0.014926262,-0.013410121
2021-10-08,Louis_DER_AU050_eobs_3264__2021__southbound_01,Louis / DER AU050 (eobs 3264),41.6631,0.95162827,41.657887,0.9513762,41.65908,0.9471822,0.37286124889374234,0.58053803,0,-0.004021108,-0.0044460744
2021-10-08,Sierit_DER_AN858_eobs2561__2021__southbound_01,Sierit  / DER AN858 (eobs2561),41.55735,0.55482215,41.556698,0.5537554,41.543213,0.53858405,1.9601741636534609,0.114500955,0,-0.014136821,-0.016238078
2021-10-09,Ed_plus_AAL16_e-obs_7210__2021__southbound_01,"Ed + (AAL16, e-obs 7210)",39.85583,-4.1715584,39.854263,-4.270872,39.80942,-4.2070255,7.388142363247196,8.479296,0,-0.046408843,-0.03546705
2021-10-09,Europa_DER_A1A26_eobs_4004__2021__southbound_01,Europa / DER A1A26 (eobs 4004),40.263256,-3.6342008,40.261814,-3.6341543,40.254604,-3.6388915,0.8968270356037881,0.16030826,0,-0.008652173,-0.0046906695
2021-10-09,Louis_DER_AU050_eobs_3264__2021__southbound_01,Louis / DER AU050 (eobs 3264),41.657887,0.9513762,41.657852,0.9515188,41.64889,0.94130135,1.3089713667253318,0.012438214,0,-0.008996092,-0.010074824
2021-10-09,Sierit_DER_AN858_eobs2561__2021__southbound_01,Sierit  / DER AN858 (eobs2561),41.556698,0.5537554,41.5576,0.5538011,41.542,0.53800905,2.1760821508392882,0.100131124,0,-0.014697164,-0.015746355
2021-10-10,Ed_plus_AAL16_e-obs_7210__2021__southbound_01,"Ed + (AAL16, e-obs 7210)",39.854263,-4.270872,39.8652,-4.6851053,39.79399,-4.339025,30.59503124422839,35.3778,1,-0.060271922,-0.068152875
2021-10-10,Europa_DER_A1A26_eobs_4004__2021__southbound_01,Europa / DER A1A26 (eobs 4004),40.261814,-3.6341543,40.25979,-3.6346369,40.234116,-3.6541378,3.29978798904157,0.2289495,0,-0.027698837,-0.019983448
2021-10-10,Louis_DER_AU050_eobs_3264__2021__southbound_01,Louis / DER AU050 (eobs 3264),41.657852,0.9515188,41.662094,0.95153725,41.6518,0.94806075,1.1807195721229051,0.47175318,0,-0.0060523525,-0.003458023
2021-10-10,Sierit_DER_AN858_eobs2561__2021__southbound_01,Sierit  / DER AN858 (eobs2561),41.5576,0.5538011,41.557713,0.55440867,41.552814,0.5496398,0.6738647253636838,0.05213998,0,-0.0047847405,-0.0041612983
2021-10-11,Ed_plus_AAL16_e-obs_7210__2021__southbound_01,"Ed + (AAL16, e-obs 7210)",39.8652,-4.6851053,39.379917,-5.8253427,39.625942,-5.080343,69.52683791253209,111.575485,1,-0.23925689,-0.39523733
2021-10-11,Europa_DER_A1A26_eobs_4004__2021__southbound_01,Europa / DER A1A26 (eobs 4004),40.25979,-3.6346369,40.291348,-3.6336932,40.22288,-3.6625705,7.997764162866334,3.5099351,0,-0.036906935,-0.027933687
2021-10-11,Louis_DER_AU050_eobs_3264__2021__southbound_01,Louis / DER AU050 (eobs 3264),41.662094,0.95153725,41.65781,0.95141137,41.657494,0.94765747,0.3138442902261092,0.4763022,0,-0.0045992956,-0.0038797855
2021-10-11,Sierit_DER_AN858_eobs2561__2021__southbound_01,Sierit  / DER AN858 (eobs2561),41.557713,0.55440867,41.538696,0.6148573,41.555393,0.55346364,5.4360420289614435,5.4568486,0,-0.0023195893,-0.0009450242
2021-10-12,Ed_plus_AAL16_e-obs_7210__2021__southbound_01,"Ed + (AAL16, e-obs 7210)",39.379917,-5.8253427,38.832294,-6.3756003,39.03209,-6.23341,25.393451995428986,77.21475,1,-0.34782773,-0.40806702
2021-10-12,Europa_DER_A1A26_eobs_4004__2021__southbound_01,Europa / DER A1A26 (eobs 4004),40.291348,-3.6336932,40.26309,-3.634282,40.28029,-3.6404235,1.9823098075400705,3.1426313,0,-0.0110576525,-0.006730221
2021-10-12,Louis_DER_AU050_eobs_3264__2021__southbound_01,Louis / DER AU050 (eobs 3264),41.65781,0.95141137,41.65783,0.95160085,41.649998,0.9423227,1.1629951598357071,0.015884947,0,-0.007813357,-0.009088717
2021-10-12,Sierit_DER_AN858_eobs2561__2021__southbound_01,Sierit  / DER AN858 (eobs2561),41.538696,0.6148573,41.54128,0.61553884,41.533558,0.6117877,0.9135399912243327,0.29283023,0,-0.005138181,-0.0030696616
2021-10-13,Ed_plus_AAL16_e-obs_7210__2021__southbound_01,"Ed + (AAL16, e-obs 7210)",38.832294,-6.3756003,38.836105,-6.374772,38.44686,-6.7602825,54.72075741456664,0.42965308,0,-0.38543305,-0.38468212
2021-10-13,Europa_DER_A1A26_eobs_4004__2021__southbound_01,Europa / DER A1A26 (eobs 4004),40.26309,-3.634282,40.261402,-3.6343458,40.229076,-3.6580505,4.119217544247978,0.18733026,0,-0.034010638,-0.023768447
2021-10-13,Louis_DER_AU050_eobs_3264__2021__southbound_01,Louis / DER AU050 (eobs 3264),41.65783,0.95160085,41.65816,0.9511081,41.653336,0.94939643,0.5551058312426963,0.055134736,0,-0.004493274,-0.0022044256
2021-10-13,Sierit_DER_AN858_eobs2561__2021__southbound_01,Sierit  / DER AN858 (eobs2561),41.54128,0.61553884,41.538536,0.6149967,41.53818,0.6132987,0.1467249205492977,0.30851534,0,-0.0030984655,-0.002240114
2021-10-14,Ed_plus_AAL16_e-obs_7210__2021__southbound_01,"Ed + (AAL16, e-obs 7210)",38.836105,-6.374772,38.529705,-6.3443646,38.81716,-6.3864155,32.171533746789635,34.17224,1,-0.018942788,-0.011643499
2021-10-14,Europa_DER_A1A26_eobs_4004__2021__southbound_01,Europa / DER A1A26 (eobs 4004),40.261402,-3.6343458,40.258785,-3.6347842,40.233643,-3.6550283,3.281504228438226,0.29333368,0,-0.027760252,-0.020682499
2021-10-14,Louis_DER_AU050_eobs_3264__2021__southbound_01,Louis / DER AU050 (eobs 3264),41.65816,0.9511081,41.66322,0.95074224,41.652435,0.9441789,1.317292728239607,0.5630676,0,-0.0057253093,-0.006929204
2021-10-14,Sierit_DER_AN858_eobs2561__2021__southbound_01,Sierit  / DER AN858 (eobs2561),41.538536,0.6149967,41.538548,0.6149802,41.53213,0.6061989,1.0214008756622028,0.0020857072,0,-0.0064054355,-0.00879775
2021-10-15,Ed_plus_AAL16_e-obs_7210__2021__southbound_01,"Ed + (AAL16, e-obs 7210)",38.529705,-6.3443646,37.5937,-6.0076947,38.22718,-6.5403657,84.53108693362311,108.17221,1,-0.3025241,-0.19600111
2021-10-15,Europa_DER_A1A26_eobs_4004__2021__southbound_01,Europa / DER A1A26 (eobs 4004),40.258785,-3.6347842,40.259884,-3.6343744,40.223267,-3.6608865,4.652128188623522,0.12687524,0,-0.035520356,-0.026102252
2021-10-15,Louis_DER_AU050_eobs_3264__2021__southbound_01,Louis / DER AU050 (eobs 3264),41.66322,0.95074224,41.661278,0.9515267,41.659462,0.94772065,0.3751509385622513,0.22546339,0,-0.0037591383,-0.0030215904
2021-10-15,Sierit_DER_AN858_eobs2561__2021__southbound_01,Sierit  / DER AN858 (eobs2561),41.538548,0.6149802,41.53867,0.6150512,41.532433,0.60834426,0.8902934310880491,0.014628989,0,-0.006115742,-0.0066359863
2021-10-16,Ed_plus_AAL16_e-obs_7210__2021__southbound_01,"Ed + (AAL16, e-obs 7210)",37.5937,-6.0076947,37.593742,-6.00738,37.210884,-6.197873,45.77669665340258,0.028130261,0,-0.38281494,-0.19017853
2021-10-16,Europa_DER_A1A26_eobs_4004__2021__southbound_01,Europa / DER A1A26 (eobs 4004),40.259884,-3.6343744,40.261364,-3.6337926,40.24927,-3.6410983,1.4806758840183967,0.171894,0,-0.010612316,-0.006723903
2021-10-16,Louis_DER_AU050_eobs_3264__2021__southbound_01,Louis / DER AU050 (eobs 3264),41.661278,0.9515267,41.66506,0.94823927,41.653927,0.944515,1.2758272923711478,0.5014057,0,-0.0073494166,-0.0070116892
2021-10-16,Sierit_DER_AN858_eobs2561__2021__southbound_01,Sierit  / DER AN858 (eobs2561),41.53867,0.6150512,41.54014,0.6151167,41.53688,0.61493665,0.36255582654186685,0.1635921,0,-0.0017891005,-0.00011455268
2021-10-17,Ed_plus_AAL16_e-obs_7210__2021__southbound_01,"Ed + (AAL16, e-obs 7210)",37.593742,-6.00738,37.533047,-6.00962,37.569443,-6.0179405,4.112991090977055,6.7518454,0,-0.024300791,-0.010560587
2021-10-17,Europa_DER_A1A26_eobs_4004__2021__southbound_01,Europa / DER A1A26 (eobs 4004),40.261364,-3.6337926,40.261806,-3.634365,40.251648,-3.6398363,1.2212739330355975,0.06911817,0,-0.009717554,-0.006043561
2021-10-17,Louis_DER_AU050_eobs_3264__2021__southbound_01,Louis / DER AU050 (eobs 3264),41.66506,0.94823927,41.661915,0.9501597,41.65951,0.9427491,0.6711240952303844,0.3841602,0,-0.005546525,-0.005490169
2021-10-17,Sierit_DER_AN858_eobs2561__2021__southbound_01,Sierit  / DER AN858 (eobs2561),41.54014,0.6151167,41.538284,0.61490965,41.53837,0.6142137,0.05867091289735979,0.20727359,0,-0.0017713383,-0.000902988
2021-10-18,Ed_plus_AAL16_e-obs_7210__2021__southbound_01,"Ed + (AAL16, e-obs 7210)",37.533047,-6.00962,37.163715,-6.2020426,37.47694,-6.048598,37.378844085779434,44.451096,1,-0.05610486,-0.03897778
2021-10-18,Europa_DER_A1A26_eobs_4004__2021__southbound_01,Europa / DER A1A26 (eobs 4004),40.261806,-3.634365,40.32144,-3.5901666,40.24712,-3.6467428,9.556579267711644,7.6175394,0,-0.014687039,-0.012377851
2021-10-18,Louis_DER_AU050_eobs_3264__2021__southbound_01,Louis / DER AU050 (eobs 3264),41.661915,0.9501597,41.660698,0.95156795,41.655468,0.94523495,0.7842194595652682,0.17907928,0,-0.0064483136,-0.0049247965
2021-10-19,Ed_plus_AAL16_e-obs_7210__2021__southbound_01,"Ed + (AAL16, e-obs 7210)",37.163715,-6.2020426,37.154522,-6.1693482,36.826443,-6.515932,47.73229543017619,3.0723412,0,-0.33727196,-0.3138894
2021-10-19,Europa_DER_A1A26_eobs_4004__2021__southbound_01,Europa / DER A1A26 (eobs 4004),40.32144,-3.5901666,40.322083,-3.5996642,40.311245,-3.5953596,1.2591363275770333,0.8083249,0,-0.010196127,-0.0051929355
2021-10-19,Louis_DER_AU050_eobs_3264__2021__southbound_01,Louis / DER AU050 (eobs 3264),41.660698,0.95156795,41.658875,0.95127183,41.6552,0.947999,0.49069994707970266,0.2043226,0,-0.0054963455,-0.0035689548
2021-10-20,Ed_plus_AAL16_e-obs_7210__2021__southbound_01,"Ed + (AAL16, e-obs 7210)",37.154522,-6.1693482,37.223404,-5.8807354,37.124165,-6.182458,28.920870647058912,26.68896,0,-0.030355632,-0.013109535
2021-10-20,Europa_DER_A1A26_eobs_4004__2021__southbound_01,Europa / DER A1A26 (eobs 4004),40.322083,-3.5996642,40.31485,-3.6240296,40.30322,-3.61694,1.4261978965545075,2.2168155,0,-0.018862188,-0.017275713
2021-10-20,Louis_DER_AU050_eobs_3264__2021__southbound_01,Louis / DER AU050 (eobs 3264),41.658875,0.95127183,41.66311,0.9484897,41.651012,0.94308305,1.418078612646068,0.5246436,0,-0.007863261,-0.008188799
2021-10-21,Ed_plus_AAL16_e-obs_7210__2021__southbound_01,"Ed + (AAL16, e-obs 7210)",37.223404,-5.8807354,37.22879,-5.881563,37.198914,-5.8899326,3.4038116943595083,0.6031861,0,-0.024491012,-0.009197071
2021-10-21,Europa_DER_A1A26_eobs_4004__2021__southbound_01,Europa / DER A1A26 (eobs 4004),40.31485,-3.6240296,40.307487,-3.6170847,40.291096,-3.6459508,3.0520362639939194,1.0083095,0,-0.023752443,-0.02192121
2021-10-21,Louis_DER_AU050_eobs_3264__2021__southbound_01,Louis / DER AU050 (eobs 3264),41.66311,0.9484897,41.660633,0.9438561,41.657177,0.9436419,0.384714902743936,0.4731458,0,-0.0059327483,-0.0048478246
2021-10-22,Ed_plus_AAL16_e-obs_7210__2021__southbound_01,"Ed + (AAL16, e-obs 7210)",37.22879,-5.881563,37.2224,-5.885379,37.213257,-5.8910437,1.1337535218822936,0.7865546,0,-0.015532017,-0.009480327
2021-10-22,Europa_DER_A1A26_eobs_4004__2021__southbound_01,Europa / DER A1A26 (eobs 4004),40.307487,-3.6170847,40.3079,-3.6120775,40.287575,-3.629178,2.6853106932787476,0.4270481,0,-0.019913726,-0.012093201
2021-10-22,Louis_DER_AU050_eobs_3264__2021__southbound_01,Louis / DER AU050 (eobs 3264),41.660633,0.9438561,41.667133,0.9495537,41.65295,0.933759,2.051558634611464,0.8638801,0,-0.0076822713,-0.010097176
2021-10-23,Ed_plus_AAL16_e-obs_7210__2021__southbound_01,"Ed + (AAL16, e-obs 7210)",37.2224,-5.885379,37.222507,-5.8867292,37.187454,-5.9139075,4.581073190491648,0.120146975,0,-0.03494582,-0.028528571
2021-10-23,Europa_DER_A1A26_eobs_4004__2021__southbound_01,Europa / DER A1A26 (eobs 4004),40.3079,-3.6120775,40.235306,-3.6294167,40.296604,-3.6175022,6.890635783447311,8.20505,0,-0.0112951845,-0.0054246634
2021-10-23,Louis_DER_AU050_eobs_3264__2021__southbound_01,Louis / DER AU050 (eobs 3264),41.667133,0.9495537,41.658417,0.95126075,41.664852,0.94970435,0.7271708177581766,0.97956157,0,-0.0022792965,0.00015064329
2021-10-24,Ed_plus_AAL16_e-obs_7210__2021__southbound_01,"Ed + (AAL16, e-obs 7210)",37.222507,-5.8867292,37.21989,-5.886865,37.199013,-5.907029,2.9288516661260102,0.2911016,0,-0.023495175,-0.020299718
2021-10-24,Europa_DER_A1A26_eobs_4004__2021__southbound_01,Europa / DER A1A26 (eobs 4004),40.235306,-3.6294167,40.263374,-3.6333177,40.201122,-3.6551933,7.166888020286287,3.1387563,0,-0.03418509,-0.02577655
2021-10-24,Louis_DER_AU050_eobs_3264__2021__southbound_01,Louis / DER AU050 (eobs 3264),41.658417,0.95126075,41.65773,0.9514614,41.6538,0.9465219,0.599405474606887,0.077992156,0,-0.0046157613,-0.00473886
2021-10-25,Ed_plus_AAL16_e-obs_7210__2021__southbound_01,"Ed + (AAL16, e-obs 7210)",37.21989,-5.886865,37.221687,-5.8868527,37.171967,-5.920682,6.288473677646579,0.19943133,0,-0.047925066,-0.033816695
2021-10-25,Europa_DER_A1A26_eobs_4004__2021__southbound_01,Europa / DER A1A26 (eobs 4004),40.263374,-3.6333177,40.264034,-3.6333163,40.253086,-3.63935,1.3206685531362483,0.07311086,0,-0.010290109,-0.0060322806
2021-10-25,Louis_DER_AU050_eobs_3264__2021__southbound_01,Louis / DER AU050 (eobs 3264),41.65773,0.9514614,41.657867,0.9515576,41.653797,0.9470352,0.588222759855208,0.017163489,0,-0.0039322823,-0.0044261813
2021-10-26,Ed_plus_AAL16_e-obs_7210__2021__southbound_01,"Ed + (AAL16, e-obs 7210)",37.221687,-5.8868527,37.22315,-5.8809767,37.205856,-5.8952937,2.303145353903767,0.5451769,0,-0.015829965,-0.008440793
2021-10-26,Europa_DER_A1A26_eobs_4004__2021__southbound_01,Europa / DER A1A26 (eobs 4004),40.264034,-3.6333163,40.260742,-3.633537,40.254154,-3.6385796,0.848370221892444,0.3662775,0,-0.009881839,-0.005263433
2021-10-26,Louis_DER_AU050_eobs_3264__2021__southbound_01,Louis / DER AU050 (eobs 3264),41.657867,0.9515576,41.658127,0.9514687,41.655674,0.9521315,0.2782478603865192,0.029816588,0,-0.0021946952,0.0005739406
2021-10-27,Ed_plus_AAL16_e-obs_7210__2021__southbound_01,"Ed + (AAL16, e-obs 7210)",37.22315,-5.8809767,37.221527,-5.886993,37.207012,-5.8876343,1.614986959229392,0.5624515,0,-0.01613579,-0.006657824
2021-10-27,Europa_DER_A1A26_eobs_4004__2021__southbound_01,Europa / DER A1A26 (eobs 4004),40.260742,-3.633537,40.263313,-3.630154,40.242054,-3.6493986,2.8732323086229172,0.40497297,0,-0.018687606,-0.015861616
2021-10-27,Louis_DER_AU050_eobs_3264__2021__southbound_01,Louis / DER AU050 (eobs 3264),41.658127,0.9514687,41.66191,0.94862694,41.65642,0.95085955,0.637946017329981,0.48242635,0,-0.0017042309,-0.0006091669
2021-10-28,Ed_plus_AAL16_e-obs_7210__2021__southbound_01,"Ed + (AAL16, e-obs 7210)",37.221527,-5.886993,37.192818,-5.9131646,37.197002,-5.9088063,0.604607953314332,3.945123,0,-0.024524458,-0.021813467
2021-10-28,Europa_DER_A1A26_eobs_4004__2021__southbound_01,Europa / DER A1A26 (eobs 4004),40.263313,-3.630154,40.26407,-3.6322224,40.254856,-3.6331856,1.0276395447719473,0.19457458,0,-0.008455865,-0.003031753
2021-10-28,Louis_DER_AU050_eobs_3264__2021__southbound_01,Louis / DER AU050 (eobs 3264),41.66191,0.94862694,41.66794,0.9515064,41.658394,0.94593316,1.1578726578830856,0.71137893,0,-0.0035160556,-0.0026937798
2021-10-29,Ed_plus_AAL16_e-obs_7210__2021__southbound_01,"Ed + (AAL16, e-obs 7210)",37.192818,-5.9131646,37.16616,-5.9580846,37.15832,-5.9421606,1.6586189791642505,4.9620266,0,-0.03449754,-0.028995924
2021-10-29,Europa_DER_A1A26_eobs_4004__2021__southbound_01,Europa / DER A1A26 (eobs 4004),40.26407,-3.6322224,40.320896,-3.6073222,40.25097,-3.6432858,8.352547306782213,6.6626015,0,-0.013098441,-0.01106327
2021-10-29,Louis_DER_AU050_eobs_3264__2021__southbound_01,Louis / DER AU050 (eobs 3264),41.66794,0.9515064,41.666363,0.9465311,41.66653,0.95275545,0.5173660334527992,0.44881675,0,-0.0014067367,0.0012490824
2021-10-30,Ed_plus_AAL16_e-obs_7210__2021__southbound_01,"Ed + (AAL16, e-obs 7210)",37.16616,-5.9580846,37.171257,-5.958897,37.124634,-5.9929266,5.997783419304807,0.57112414,0,-0.041526638,-0.034842126
2021-10-30,Europa_DER_A1A26_eobs_4004__2021__southbound_01,Europa / DER A1A26 (eobs 4004),40.320896,-3.6073222,40.25067,-3.6785955,40.31309,-3.6105578,9.026878377756162,9.875549,0,-0.0078033805,-0.003235601
2021-10-30,Louis_DER_AU050_eobs_3264__2021__southbound_01,Louis / DER AU050 (eobs 3264),41.666363,0.9465311,41.664085,0.9515797,41.66333,0.94072634,0.9054839723393522,0.48978877,0,-0.0030333996,-0.005804755
2021-10-31,Ed_plus_AAL16_e-obs_7210__2021__southbound_01,"Ed + (AAL16, e-obs 7210)",37.171257,-5.958897,37.176624,-5.9551215,37.153664,-5.9694066,2.8496802955834535,0.6841221,0,-0.017593972,-0.010509387
2021-10-31,Europa_DER_A1A26_eobs_4004__2021__southbound_01,Europa / DER A1A26 (eobs 4004),40.25067,-3.6785955,40.29147,-3.633428,40.216587,-3.7076535,10.440721210961806,5.9384594,0,-0.03408548,-0.02905795
2021-10-31,Louis_DER_AU050_eobs_3264__2021__southbound_01,Louis / DER AU050 (eobs 3264),41.664085,0.9515797,41.66187,0.9440007,41.663883,0.953222,0.7980831832452815,0.6761791,0,-0.00020074844,0.0016423017
2021-11-01,Ed_plus_AAL16_e-obs_7210__2021__southbound_01,"Ed + (AAL16, e-obs 7210)",37.176624,-5.9551215,37.22026,-5.8845806,37.160213,-5.9630666,9.639383860770574,7.9106402,0,-0.016411997,-0.007945016
2021-11-01,Europa_DER_A1A26_eobs_4004__2021__southbound_01,Europa / DER A1A26 (eobs 4004),40.29147,-3.633428,40.291492,-3.633498,40.283764,-3.635779,0.8808885488876607,0.0064747115,0,-0.0077042356,-0.002350919
2021-11-01,Louis_DER_AU050_eobs_3264__2021__southbound_01,Louis / DER AU050 (eobs 3264),41.66187,0.9440007,41.66325,0.95109147,41.658657,0.9383135,1.177969753523073,0.60867715,0,-0.003212683,-0.0056872517
2021-11-02,Ed_plus_AAL16_e-obs_7210__2021__southbound_01,"Ed + (AAL16, e-obs 7210)",37.22026,-5.8845806,37.221363,-5.884307,37.20417,-5.8918977,2.02649442467101,0.12514307,0,-0.016091853,-0.007316895
2021-11-02,Europa_DER_A1A26_eobs_4004__2021__southbound_01,Europa / DER A1A26 (eobs 4004),40.291492,-3.633498,40.291645,-3.6330664,40.279373,-3.6435182,1.6272790437511924,0.040410653,0,-0.012119174,-0.010020226
2021-11-02,Louis_DER_AU050_eobs_3264__2021__southbound_01,Louis / DER AU050 (eobs 3264),41.66325,0.95109147,41.66276,0.95132405,41.6637,0.954477,0.281937444244901,0.05763212,0,0.000451006,0.0033855364
2021-11-03,Ed_plus_AAL16_e-obs_7210__2021__southbound_01,"Ed + (AAL16, e-obs 7210)",37.221363,-5.884307,37.222183,-5.8824253,37.20633,-5.892279,1.9670129556576847,0.19002093,0,-0.015033208,-0.007972099
2021-11-03,Europa_DER_A1A26_eobs_4004__2021__southbound_01,Europa / DER A1A26 (eobs 4004),40.291645,-3.6330664,40.291332,-3.6330643,40.28326,-3.635974,0.9308684867087882,0.034721166,0,-0.00838466,-0.00290744
2021-11-03,Louis_DER_AU050_eobs_3264__2021__southbound_01,Louis / DER AU050 (eobs 3264),41.66276,0.95132405,41.663937,0.94854164,41.662594,0.9512676,0.27123940204495944,0.26560953,0,-0.00016649812,-5.64605e-05
2021-11-04,Ed_plus_AAL16_e-obs_7210__2021__southbound_01,"Ed + (AAL16, e-obs 7210)",37.222183,-5.8824253,37.19028,-5.9281163,37.20579,-5.8894916,3.831247206874282,5.3814263,0,-0.016390748,-0.0070663914
2021-11-04,Europa_DER_A1A26_eobs_4004__2021__southbound_01,Europa / DER A1A26 (eobs 4004),40.291332,-3.6330643,40.263615,-3.633206,40.27517,-3.6462934,1.698159384625848,3.0824177,0,-0.016160995,-0.01322902
2021-11-04,Louis_DER_AU050_eobs_3264__2021__southbound_01,Louis / DER AU050 (eobs 3264),41.663937,0.94854164,41.66468,0.94754547,41.661465,0.946031,0.3790665295834601,0.11704492,0,-0.0024714172,-0.0025106817
2021-11-05,Ed_plus_AAL16_e-obs_7210__2021__southbound_01,"Ed + (AAL16, e-obs 7210)",37.19028,-5.9281163,37.19209,-5.950459,37.156773,-5.9557824,3.9552401156709855,1.9892833,0,-0.033507567,-0.027666256
2021-11-05,Europa_DER_A1A26_eobs_4004__2021__southbound_01,Europa / DER A1A26 (eobs 4004),40.263615,-3.633206,40.26306,-3.633591,40.24536,-3.6474078,2.2909687084056003,0.06956194,0,-0.018254645,-0.01420182
2021-11-05,Louis_DER_AU050_eobs_3264__2021__southbound_01,Louis / DER AU050 (eobs 3264),41.66468,0.94754547,41.669514,0.9460496,41.661865,0.9460614,0.8504725798868156,0.55171835,0,-0.0028156862,-0.0014840737
2021-11-06,Ed_plus_AAL16_e-obs_7210__2021__southbound_01,"Ed + (AAL16, e-obs 7210)",37.19209,-5.950459,37.19251,-5.8818226,37.16808,-5.970107,8.279703638693524,6.079938,0,-0.024010874,-0.019647904
2021-11-06,Europa_DER_A1A26_eobs_4004__2021__southbound_01,Europa / DER A1A26 (eobs 4004),40.26306,-3.633591,40.263786,-3.633254,40.24746,-3.647829,2.1967522091346163,0.08565905,0,-0.015603803,-0.014238238
2021-11-06,Louis_DER_AU050_eobs_3264__2021__southbound_01,Louis / DER AU050 (eobs 3264),41.669514,0.9460496,41.663757,0.9513165,41.668503,0.94714713,0.6311781820487918,0.775325,0,-0.0010103285,0.0010975525
2021-11-07,Ed_plus_AAL16_e-obs_7210__2021__southbound_01,"Ed + (AAL16, e-obs 7210)",37.19251,-5.8818226,37.164833,-5.9613924,37.17207,-5.8903446,6.34656274983276,7.6920037,0,-0.020440303,-0.008522175
2021-11-07,Europa_DER_A1A26_eobs_4004__2021__southbound_01,Europa / DER A1A26 (eobs 4004),40.263786,-3.633254,40.321423,-3.5995865,40.25646,-3.635058,7.825211580159539,7.0159526,0,-0.007327348,-0.0018038079
2021-11-07,Louis_DER_AU050_eobs_3264__2021__southbound_01,Louis / DER AU050 (eobs 3264),41.663757,0.9513165,41.657715,0.9514639,41.664474,0.95282817,0.7601356729881953,0.6724081,0,0.0007185638,0.0015117005
2021-11-08,Ed_plus_AAL16_e-obs_7210__2021__southbound_01,"Ed + (AAL16, e-obs 7210)",37.164833,-5.9613924,37.210426,-5.901478,37.129208,-5.991235,12.03373908123409,7.339819,0,-0.035624806,-0.029842459
2021-11-08,Europa_DER_A1A26_eobs_4004__2021__southbound_01,Europa / DER A1A26 (eobs 4004),40.321423,-3.5995865,40.33385,-3.5989313,40.314552,-3.6010804,2.15362435114693,1.3833815,0,-0.006871514,-0.0014940277
2021-11-08,Louis_DER_AU050_eobs_3264__2021__southbound_01,Louis / DER AU050 (eobs 3264),41.657715,0.9514639,41.647175,0.9578444,41.65744,0.95034975,1.3002531184226185,1.2862917,0,-0.0002728179,-0.0011141524
2021-11-09,Ed_plus_AAL16_e-obs_7210__2021__southbound_01,"Ed + (AAL16, e-obs 7210)",37.210426,-5.901478,37.22079,-5.887798,37.195488,-5.9074607,3.308839583997748,1.6720436,0,-0.014938556,-0.005982913
2021-11-09,Europa_DER_A1A26_eobs_4004__2021__southbound_01,Europa / DER A1A26 (eobs 4004),40.33385,-3.5989313,40.284847,-3.622396,40.326687,-3.6013284,4.983569417221718,5.800771,0,-0.0071644112,-0.0023970008
2021-11-09,Louis_DER_AU050_eobs_3264__2021__southbound_01,Louis / DER AU050 (eobs 3264),41.647175,0.9578444,41.647053,0.95779747,41.646687,0.9580362,0.04529485261489092,0.013858133,0,-0.0004899278,0.0001917854
2021-11-10,Ed_plus_AAL16_e-obs_7210__2021__southbound_01,"Ed + (AAL16, e-obs 7210)",37.22079,-5.887798,37.168835,-5.954089,37.20647,-5.893452,6.809305211374664,8.237499,0,-0.014322169,-0.0056542605
2021-11-10,Europa_DER_A1A26_eobs_4004__2021__southbound_01,Europa / DER A1A26 (eobs 4004),40.284847,-3.622396,40.263058,-3.6326995,40.26683,-3.6375935,0.5902735181212226,2.575967,0,-0.01801806,-0.015197486
2021-11-11,Ed_plus_AAL16_e-obs_7210__2021__southbound_01,"Ed + (AAL16, e-obs 7210)",37.168835,-5.954089,37.168278,-5.952407,37.13612,-5.980645,4.364587755890448,0.16150384,0,-0.03271494,-0.02655588
2021-11-11,Europa_DER_A1A26_eobs_4004__2021__southbound_01,Europa / DER A1A26 (eobs 4004),40.263058,-3.6326995,40.235367,-3.618495,40.24736,-3.6463435,2.7139948085988386,3.3066163,0,-0.015697874,-0.013644047
2021-11-12,Ed_plus_AAL16_e-obs_7210__2021__southbound_01,"Ed + (AAL16, e-obs 7210)",37.168278,-5.952407,37.16686,-5.946577,37.14854,-5.9615564,2.4312748716115933,0.54006726,0,-0.01973883,-0.009149753
2021-11-12,Europa_DER_A1A26_eobs_4004__2021__southbound_01,Europa / DER A1A26 (eobs 4004),40.235367,-3.618495,40.208237,-3.602621,40.220356,-3.628491,2.5770931766962453,3.3041394,0,-0.015012048,-0.009995945
2021-11-13,Ed_plus_AAL16_e-obs_7210__2021__southbound_01,"Ed + (AAL16, e-obs 7210)",37.16686,-5.946577,37.166683,-5.9542823,37.147198,-5.9552984,2.1685593290655065,0.68302286,0,-0.019659057,-0.008721285
2021-11-13,Europa_DER_A1A26_eobs_4004__2021__southbound_01,Europa / DER A1A26 (eobs 4004),40.208237,-3.602621,40.33112,-3.6038399,40.193916,-3.612212,15.272852714331904,13.664598,0,-0.014320791,-0.009590797
2021-11-14,Ed_plus_AAL16_e-obs_7210__2021__southbound_01,"Ed + (AAL16, e-obs 7210)",37.166683,-5.9542823,37.166874,-5.9541974,37.14614,-5.9713097,2.75946398087198,0.022318022,0,-0.020543382,-0.017027386
2021-11-14,Europa_DER_A1A26_eobs_4004__2021__southbound_01,Europa / DER A1A26 (eobs 4004),40.33112,-3.6038399,40.32137,-3.594558,40.32006,-3.6097143,1.2931434715449193,1.3398452,0,-0.011060573,-0.0058743358
2021-11-15,Ed_plus_AAL16_e-obs_7210__2021__southbound_01,"Ed + (AAL16, e-obs 7210)",37.166874,-5.9541974,37.166843,-5.95422,37.15297,-5.960172,1.6304115793562908,0.0038858312,0,-0.013903908,-0.005974628
2021-11-15,Europa_DER_A1A26_eobs_4004__2021__southbound_01,Europa / DER A1A26 (eobs 4004),40.32137,-3.594558,40.263817,-3.6321826,40.30567,-3.6042378,5.222928735572088,7.1507955,0,-0.01569762,-0.009679906
2021-11-16,Ed_plus_AAL16_e-obs_7210__2021__southbound_01,"Ed + (AAL16, e-obs 7210)",37.166843,-5.95422,37.153416,-5.9547462,37.14366,-5.9731736,1.9605683439213029,1.4938662,0,-0.023182936,-0.018953964
2021-11-16,Europa_DER_A1A26_eobs_4004__2021__southbound_01,Europa / DER A1A26 (eobs 4004),40.263817,-3.6321826,40.2646,-3.6329992,40.237183,-3.653956,3.529421744256676,0.11092278,0,-0.02663511,-0.021773301
2021-11-17,Europa_DER_A1A26_eobs_4004__2021__southbound_01,Europa / DER A1A26 (eobs 4004),40.2646,-3.6329992,40.264763,-3.6320436,40.251812,-3.6411443,1.6340754772690547,0.08312205,0,-0.012788303,-0.008145094
2021-11-18,Europa_DER_A1A26_eobs_4004__2021__southbound_01,Europa / DER A1A26 (eobs 4004),40.264763,-3.6320436,40.313248,-3.60496,40.2549,-3.6351733,6.975620342893183,5.860239,0,-0.009860449,-0.0031296983
2021-11-19,Europa_DER_A1A26_eobs_4004__2021__southbound_01,Europa / DER A1A26 (eobs 4004),40.313248,-3.60496,40.327168,-3.599088,40.305447,-3.6072984,2.513570765116249,1.6258845,0,-0.007799804,-0.0023385063
2021-11-20,Europa_DER_A1A26_eobs_4004__2021__southbound_01,Europa / DER A1A26 (eobs 4004),40.327168,-3.599088,40.327198,-3.597524,40.319878,-3.601018,0.8662120193790611,0.13263825,0,-0.0072886944,-0.0019300357
2021-11-21,Europa_DER_A1A26_eobs_4004__2021__southbound_01,Europa / DER A1A26 (eobs 4004),40.327198,-3.597524,40.26402,-3.6027386,40.31853,-3.6000834,6.0656511586425,7.0392184,0,-0.0086655915,-0.0025594532
2021-11-22,Europa_DER_A1A26_eobs_4004__2021__southbound_01,Europa / DER A1A26 (eobs 4004),40.26402,-3.6027386,40.30714,-3.5990047,40.244045,-3.6176963,7.19283080919717,4.805337,0,-0.01997327,-0.014957689
2021-11-23,Europa_DER_A1A26_eobs_4004__2021__southbound_01,Europa / DER A1A26 (eobs 4004),40.30714,-3.5990047,40.176826,-3.5660312,40.299313,-3.6014955,13.948559660546174,14.757829,0,-0.007827625,-0.0024906844
2021-11-24,Europa_DER_A1A26_eobs_4004__2021__southbound_01,Europa / DER A1A26 (eobs 4004),40.176826,-3.5660312,40.17684,-3.5659435,40.15114,-3.5817091,3.156499428316177,0.0076360875,0,-0.025687657,-0.015677951
2021-11-25,Europa_DER_A1A26_eobs_4004__2021__southbound_01,Europa / DER A1A26 (eobs 4004),40.17684,-3.5659435,40.185543,-3.575326,40.16803,-3.5683684,2.035125663859731,1.2534872,0,-0.008813418,-0.0024250448
2021-11-26,Europa_DER_A1A26_eobs_4004__2021__southbound_01,Europa / DER A1A26 (eobs 4004),40.185543,-3.575326,40.301094,-3.5659697,40.17608,-3.5811684,13.960817345194405,12.873242,0,-0.009465463,-0.005842462
2021-11-27,Europa_DER_A1A26_eobs_4004__2021__southbound_01,Europa / DER A1A26 (eobs 4004),40.301094,-3.5659697,40.1944,-3.5753632,40.292694,-3.5688787,10.94358050553832,11.890416,0,-0.008399084,-0.0029090121
2021-11-28,Europa_DER_A1A26_eobs_4004__2021__southbound_01,Europa / DER A1A26 (eobs 4004),40.1944,-3.5753632,40.32036,-3.5889318,40.171833,-3.591061,16.516264508434457,14.052992,0,-0.022568695,-0.015697971
2021-11-29,Europa_DER_A1A26_eobs_4004__2021__southbound_01,Europa / DER A1A26 (eobs 4004),40.32036,-3.5889318,40.286144,-3.6072855,40.311985,-3.592053,3.15039897977614,4.110545,0,-0.00837183,-0.0031210333
2021-11-30,Europa_DER_A1A26_eobs_4004__2021__southbound_01,Europa / DER A1A26 (eobs 4004),40.286144,-3.6072855,40.20809,-3.602592,40.270695,-3.619958,7.1154992429116515,8.688307,0,-0.015448898,-0.012672529
2021-12-01,Europa_DER_A1A26_eobs_4004__2021__southbound_01,Europa / DER A1A26 (eobs 4004),40.20809,-3.602592,40.20811,-3.623674,40.18972,-3.6150303,2.172729066292941,1.7902683,0,-0.018371038,-0.0124381855
2021-12-02,Europa_DER_A1A26_eobs_4004__2021__southbound_01,Europa / DER A1A26 (eobs 4004),40.20811,-3.623674,40.132435,-3.6237237,40.1972,-3.6327808,7.242659275150639,8.415055,0,-0.010911502,-0.009106904
2022-06-23,Angela_DER_AY470_eobs_4001__2022__southbound_01,Angela / DER AY470 (eobs 4001),48.136864,7.7544317,48.151844,7.753538,48.1402,7.7603354,1.3893452798240618,1.6669482,0,0.0033391193,0.0059034973
2022-06-24,Angela_DER_AY470_eobs_4001__2022__southbound_01,Angela / DER AY470 (eobs 4001),48.151844,7.753538,48.151802,7.7496066,48.155987,7.7612276,0.9796337407632033,0.29169822,0,0.0041440204,0.007689625
2022-06-25,Angela_DER_AY470_eobs_4001__2022__southbound_01,Angela / DER AY470 (eobs 4001),48.151802,7.7496066,48.15153,7.7494283,48.151466,7.7485485,0.06566272616084891,0.032877333,0,-0.00033488125,-0.0010579824
2022-06-26,Angela_DER_AY470_eobs_4001__2022__southbound_01,Angela / DER AY470 (eobs 4001),48.15153,7.7494283,48.14006,7.7497954,48.145386,7.750477,0.5943035523046767,1.2754877,0,-0.006147206,0.0010485277
2022-06-27,Angela_DER_AY470_eobs_4001__2022__southbound_01,Angela / DER AY470 (eobs 4001),48.14006,7.7497954,48.142757,7.7487884,48.132946,7.7531514,1.1380059347203317,0.30900282,0,-0.0071143433,0.0033559874
2022-06-28,Angela_DER_AY470_eobs_4001__2022__southbound_01,Angela / DER AY470 (eobs 4001),48.142757,7.7487884,48.15182,7.7496433,48.145714,7.7542405,0.7599386970126668,1.0097941,0,0.0029556677,0.0054521337
2022-06-29,Angela_DER_AY470_eobs_4001__2022__southbound_01,Angela / DER AY470 (eobs 4001),48.15182,7.7496433,48.148563,7.7573185,48.1549,7.756662,0.7062374265890069,0.67481494,0,0.003077507,0.007018581
2022-06-30,Angela_DER_AY470_eobs_4001__2022__southbound_01,Angela / DER AY470 (eobs 4001),48.148563,7.7573185,48.13624,7.7571564,48.14431,7.7660546,1.1142506772156757,1.3707656,0,-0.004254438,0.008736081
2022-07-01,Angela_DER_AY470_eobs_4001__2022__southbound_01,Angela / DER AY470 (eobs 4001),48.13624,7.7571564,48.14824,7.7522483,48.128113,7.7590327,2.293876516082068,1.3832718,0,-0.008127205,0.0018762052
2022-07-02,Angela_DER_AY470_eobs_4001__2022__southbound_01,Angela / DER AY470 (eobs 4001),48.14824,7.7522483,48.1052,7.758968,48.150578,7.7563324,5.049358487750874,4.811267,0,0.0023393407,0.0040842146
2022-07-03,Angela_DER_AY470_eobs_4001__2022__southbound_01,Angela / DER AY470 (eobs 4001),48.1052,7.758968,48.13729,7.749495,48.093166,7.7602873,4.971423380475657,3.6365101,0,-0.012035653,0.0013193786
2022-07-04,Angela_DER_AY470_eobs_4001__2022__southbound_01,Angela / DER AY470 (eobs 4001),48.13729,7.749495,48.126923,7.7582455,48.138706,7.753358,1.3595565581287532,1.3231084,0,0.0014171153,0.003863074
2022-07-05,Angela_DER_AY470_eobs_4001__2022__southbound_01,Angela / DER AY470 (eobs 4001),48.126923,7.7582455,48.1214,7.7581725,48.11821,7.763247,0.5173402391180467,0.61402655,0,-0.008713074,0.0050014183
2022-07-06,Angela_DER_AY470_eobs_4001__2022__southbound_01,Angela / DER AY470 (eobs 4001),48.1214,7.7581725,48.123215,7.7582374,48.11091,7.7582235,1.3683907690856423,0.20183226,0,-0.010489926,5.1118433e-05
2022-07-07,Angela_DER_AY470_eobs_4001__2022__southbound_01,Angela / DER AY470 (eobs 4001),48.123215,7.7582374,48.127316,7.7711196,48.123337,7.762613,0.7709709010061737,1.0593013,0,0.0001212582,0.004375525
2022-07-08,Angela_DER_AY470_eobs_4001__2022__southbound_01,Angela / DER AY470 (eobs 4001),48.127316,7.7711196,48.122665,7.759184,48.12847,7.779905,1.6679731600253256,1.0258743,0,0.0011559576,0.008785203
2022-07-09,Angela_DER_AY470_eobs_4001__2022__southbound_01,Angela / DER AY470 (eobs 4001),48.122665,7.759184,48.107132,7.7732925,48.117165,7.7536197,1.8378647228697493,2.0197093,0,-0.0054995045,-0.0055643916
2022-07-10,Angela_DER_AY470_eobs_4001__2022__southbound_01,Angela / DER AY470 (eobs 4001),48.107132,7.7732925,48.064213,7.807008,48.101273,7.7777653,4.658356584680998,5.3898654,0,-0.005859211,0.0044728145
2022-07-11,Angela_DER_AY470_eobs_4001__2022__southbound_01,Angela / DER AY470 (eobs 4001),48.064213,7.807008,48.118717,7.760838,48.05338,7.8095193,8.115417010898904,6.9635186,0,-0.010831937,0.0025115237
2022-07-12,Angela_DER_AY470_eobs_4001__2022__southbound_01,Angela / DER AY470 (eobs 4001),48.118717,7.760838,48.091064,7.77622,48.118183,7.7586613,3.285248612064734,3.2798848,0,-0.00053450465,-0.002176553
2022-07-13,Angela_DER_AY470_eobs_4001__2022__southbound_01,Angela / DER AY470 (eobs 4001),48.091064,7.77622,48.07595,7.791768,48.082333,7.7779202,1.2497715942762548,2.039396,0,-0.008731738,0.0017006323
2022-07-14,Angela_DER_AY470_eobs_4001__2022__southbound_01,Angela / DER AY470 (eobs 4001),48.07595,7.791768,48.049126,7.8188767,48.06779,7.794612,2.7494991430911155,3.599204,0,-0.00816036,0.0028440207
2022-07-15,Angela_DER_AY470_eobs_4001__2022__southbound_01,Angela / DER AY470 (eobs 4001),48.049126,7.8188767,48.103233,7.766294,48.039986,7.8216476,8.14714315229206,7.173266,0,-0.009138629,0.0027709007
2022-07-16,Angela_DER_AY470_eobs_4001__2022__southbound_01,Angela / DER AY470 (eobs 4001),48.103233,7.766294,48.04949,7.8192673,48.100513,7.7609982,7.136410654278853,7.1551013,0,-0.0027208924,-0.005295664
2022-07-17,Angela_DER_AY470_eobs_4001__2022__southbound_01,Angela / DER AY470 (eobs 4001),48.04949,7.8192673,48.07285,7.756972,48.03798,7.821006,6.138791437624297,5.308215,0,-0.011514485,0.0017386526
2022-07-18,Angela_DER_AY470_eobs_4001__2022__southbound_01,Angela / DER AY470 (eobs 4001),48.07285,7.756972,48.04899,7.822951,48.067352,7.747411,5.973969223892494,5.5751677,0,-0.0054987893,-0.00956101
2022-07-19,Angela_DER_AY470_eobs_4001__2022__southbound_01,Angela / DER AY470 (eobs 4001),48.04899,7.822951,48.124626,7.7589154,48.04289,7.82732,10.41279045329319,9.662439,0,-0.006097898,0.0043691993
2022-07-20,Angela_DER_AY470_eobs_4001__2022__southbound_01,Angela / DER AY470 (eobs 4001),48.124626,7.7589154,48.135765,7.7564077,48.122536,7.7535834,1.4859000411613108,1.252556,0,-0.0020913482,-0.0053319037
2022-07-21,Angela_DER_AY470_eobs_4001__2022__southbound_01,Angela / DER AY470 (eobs 4001),48.135765,7.7564077,48.104126,7.7561326,48.134777,7.75606,3.4082549396573634,3.5179493,0,-0.000989385,-0.0003475845
2022-07-22,Angela_DER_AY470_eobs_4001__2022__southbound_01,Angela / DER AY470 (eobs 4001),48.104126,7.7561326,48.118336,7.7548037,48.08689,7.7495666,3.518039094496337,1.5828824,0,-0.017235659,-0.0065659583
2022-07-23,Angela_DER_AY470_eobs_4001__2022__southbound_01,Angela / DER AY470 (eobs 4001),48.118336,7.7548037,48.137905,7.757325,48.115604,7.7536087,2.495025155072707,2.184045,0,-0.002732776,-0.0011947975
2022-07-24,Angela_DER_AY470_eobs_4001__2022__southbound_01,Angela / DER AY470 (eobs 4001),48.137905,7.757325,48.048836,7.8213377,48.13594,7.757049,10.798594340138346,10.985915,0,-0.001966238,-0.00027618557
2022-07-25,Angela_DER_AY470_eobs_4001__2022__southbound_01,Angela / DER AY470 (eobs 4001),48.048836,7.8213377,48.04876,7.821447,47.98975,7.77709,7.344266130179154,0.011765968,0,-0.05908596,-0.04424746
2022-07-26,Angela_DER_AY470_eobs_4001__2022__southbound_01,Angela / DER AY470 (eobs 4001),48.04876,7.821447,48.050156,7.8170605,48.010498,7.789924,4.849483424256186,0.36108363,0,-0.03826026,-0.031522542
2022-07-27,Angela_DER_AY470_eobs_4001__2022__southbound_01,Angela / DER AY470 (eobs 4001),48.050156,7.8170605,48.048626,7.8205914,48.020077,7.7588453,5.581741667593067,0.3126264,0,-0.030077912,-0.05821516
2022-07-28,Angela_DER_AY470_eobs_4001__2022__southbound_01,Angela / DER AY470 (eobs 4001),48.048626,7.8205914,48.048702,7.820163,48.01315,7.791475,4.49214144389416,0.03291327,0,-0.035478584,-0.029116496
2022-07-29,Angela_DER_AY470_eobs_4001__2022__southbound_01,Angela / DER AY470 (eobs 4001),48.048702,7.820163,48.047768,7.827323,48.018276,7.761189,5.9106227752064,0.54227185,0,-0.030425187,-0.0589736
2022-07-30,Angela_DER_AY470_eobs_4001__2022__southbound_01,Angela / DER AY470 (eobs 4001),48.047768,7.827323,48.13316,7.7576375,48.020393,7.803362,12.991056695111732,10.814234,0,-0.027375929,-0.023961186
2022-07-31,Angela_DER_AY470_eobs_4001__2022__southbound_01,Angela / DER AY470 (eobs 4001),48.13316,7.7576375,48.13341,7.757503,48.109737,7.704166,4.754413457969095,0.02970145,0,-0.023421489,-0.05347155
2022-08-01,Angela_DER_AY470_eobs_4001__2022__southbound_01,Angela / DER AY470 (eobs 4001),48.13341,7.757503,48.04878,7.8231163,48.11345,7.7164683,10.699439571172691,10.597998,0,-0.01996328,-0.04103455
2022-08-02,Angela_DER_AY470_eobs_4001__2022__southbound_01,Angela / DER AY470 (eobs 4001),48.04878,7.8231163,48.048836,7.8189383,47.99024,7.7723203,7.380851786510942,0.3106508,0,-0.058541045,-0.050796077
2022-08-03,Angela_DER_AY470_eobs_4001__2022__southbound_01,Angela / DER AY470 (eobs 4001),48.048836,7.8189383,48.049488,7.8205976,48.008778,7.746451,7.133920519188127,0.14313821,0,-0.040057905,-0.072487295
2022-08-04,Angela_DER_AY470_eobs_4001__2022__southbound_01,Angela / DER AY470 (eobs 4001),48.049488,7.8205976,48.046074,7.8209033,48.032806,7.797333,2.2907140880242527,0.38005444,0,-0.016683474,-0.023265094
2022-08-05,Angela_DER_AY470_eobs_4001__2022__southbound_01,Angela / DER AY470 (eobs 4001),48.046074,7.8209033,48.04897,7.8212457,48.004955,7.769528,6.224490499655774,0.32295728,0,-0.04111989,-0.05137545
2022-08-06,Angela_DER_AY470_eobs_4001__2022__southbound_01,Angela / DER AY470 (eobs 4001),48.04897,7.8212457,48.048985,7.833475,48.035034,7.7957215,3.206865869743677,0.90906495,0,-0.0139357895,-0.025524206
2022-08-07,Angela_DER_AY470_eobs_4001__2022__southbound_01,Angela / DER AY470 (eobs 4001),48.048985,7.833475,48.046196,7.8208523,48.034378,7.812523,1.4526962111425976,0.9882416,0,-0.01460579,-0.0209523
2022-08-08,Angela_DER_AY470_eobs_4001__2022__southbound_01,Angela / DER AY470 (eobs 4001),48.046196,7.8208523,47.50322,6.957188,48.012066,7.7576404,82.35079570553913,88.37736,1,-0.034130346,-0.06321205
2022-08-09,Angela_DER_AY470_eobs_4001__2022__southbound_01,Angela / DER AY470 (eobs 4001),47.50322,6.957188,45.342464,4.7907906,46.21931,5.611692,116.44128056922541,292.03723,1,-1.2839086,-1.345496
2022-08-10,Angela_DER_AY470_eobs_4001__2022__southbound_01,Angela / DER AY470 (eobs 4001),45.342464,4.7907906,43.619705,3.9545126,44.001366,3.7630863,45.13300749706901,202.72336,1,-1.3410972,-1.0277041
2022-08-10,Europa_DER_A1A26_eobs_4004__2022__southbound_01,Europa / DER A1A26 (eobs 4004),47.164787,7.404544,47.16748,7.403132,47.14922,7.382562,2.5577213030048696,0.3181921,0,-0.015565909,-0.021981671
2022-08-11,Angela_DER_AY470_eobs_4001__2022__southbound_01,Angela / DER AY470 (eobs 4001),43.619705,3.9545126,43.12291,3.0443501,42.700356,2.8676262,49.14075776474386,91.99841,1,-0.91935116,-1.0868865
2022-08-11,Europa_DER_A1A26_eobs_4004__2022__southbound_01,Europa / DER A1A26 (eobs 4004),47.16748,7.403132,47.170246,7.4090533,47.157856,7.3919606,1.8889141459470702,0.54289454,0,-0.009625591,-0.011171147
2022-08-12,Angela_DER_AY470_eobs_4001__2022__southbound_01,Angela / DER AY470 (eobs 4001),43.12291,3.0443501,41.843914,2.6726713,42.508217,1.9914377,92.7771313061305,145.44662,1,-0.61469376,-1.0529125
2022-08-12,Europa_DER_A1A26_eobs_4004__2022__southbound_01,Europa / DER A1A26 (eobs 4004),47.170246,7.4090533,47.17275,7.4027123,47.16171,7.4044313,1.2344233370365194,0.5543363,0,-0.008537419,-0.0046219826
2022-08-13,Angela_DER_AY470_eobs_4001__2022__southbound_01,Angela / DER AY470 (eobs 4001),41.843914,2.6726713,41.663628,0.91030246,41.066296,1.6163493,88.78831254846105,147.5592,1,-0.7776184,-1.056322
2022-08-13,Europa_DER_A1A26_eobs_4004__2022__southbound_01,Europa / DER A1A26 (eobs 4004),47.17275,7.4027123,47.17134,7.4003773,47.159386,7.3836775,1.8333370006610283,0.2360392,0,-0.01336436,-0.019034922
2022-08-14,Angela_DER_AY470_eobs_4001__2022__southbound_01,Angela / DER AY470 (eobs 4001),41.663628,0.91030246,41.53103,0.5080682,41.3331,0.2945329,28.307113692885803,36.553333,1,-0.33052805,-0.61576957
2022-08-14,Europa_DER_A1A26_eobs_4004__2022__southbound_01,Europa / DER A1A26 (eobs 4004),47.17134,7.4003773,47.175396,7.4031253,47.14792,7.3713303,3.887628458978672,0.49659592,0,-0.02342344,-0.029047057
2022-08-15,Angela_DER_AY470_eobs_4001__2022__southbound_01,Angela / DER AY470 (eobs 4001),41.53103,0.5080682,41.42724,-0.3347375,41.19847,-0.15212601,29.659703344668433,71.153496,1,-0.33255833,-0.6601942
2022-08-15,Europa_DER_A1A26_eobs_4004__2022__southbound_01,Europa / DER A1A26 (eobs 4004),47.175396,7.4031253,47.167435,7.4031243,47.16664,7.3960257,0.5438461479108448,0.88540196,0,-0.008752823,-0.0070998445
2022-08-16,Angela_DER_AY470_eobs_4001__2022__southbound_01,Angela / DER AY470 (eobs 4001),41.42724,-0.3347375,41.166996,-0.7217419,41.15912,-0.88269687,13.502307458778837,43.38962,1,-0.26811942,-0.5479594
2022-08-16,Europa_DER_A1A26_eobs_4004__2022__southbound_01,Europa / DER A1A26 (eobs 4004),47.167435,7.4031243,47.173927,7.403133,47.1476,7.3836384,3.2777440136930363,0.72213453,0,-0.019834936,-0.019485734
2022-08-17,Angela_DER_AY470_eobs_4001__2022__southbound_01,Angela / DER AY470 (eobs 4001),41.166996,-0.7217419,40.50617,-2.1439245,40.80642,-1.3432105,75.34540864372997,140.40466,1,-0.36057702,-0.62146854
2022-08-17,Europa_DER_A1A26_eobs_4004__2022__southbound_01,Europa / DER A1A26 (eobs 4004),47.173927,7.403133,47.17397,7.4031086,47.164997,7.393836,1.2192864313448017,0.004867047,0,-0.008931346,-0.009296693
2022-08-18,Angela_DER_AY470_eobs_4001__2022__southbound_01,Angela / DER AY470 (eobs 4001),40.50617,-2.1439245,38.541157,-4.013793,40.135143,-2.7650867,207.23234062168254,271.0273,1,-0.37102565,-0.62116224
2022-08-18,Europa_DER_A1A26_eobs_4004__2022__southbound_01,Europa / DER A1A26 (eobs 4004),47.17397,7.4031086,47.17634,7.4031525,47.1625,7.389384,1.857839557108616,0.26358104,0,-0.011469975,-0.013724983
2022-08-19,Angela_DER_AY470_eobs_4001__2022__southbound_01,Angela / DER AY470 (eobs 4001),38.541157,-4.013793,36.82666,-6.093652,37.942616,-4.715658,173.8376490698245,264.26355,1,-0.5985396,-0.70186496
2022-08-19,Europa_DER_A1A26_eobs_4004__2022__southbound_01,Europa / DER A1A26 (eobs 4004),47.17634,7.4031525,47.176777,7.403117,47.166332,7.3928213,1.398050547397476,0.048698135,0,-0.010006323,-0.010331042
2022-08-20,Angela_DER_AY470_eobs_4001__2022__southbound_01,Angela / DER AY470 (eobs 4001),36.82666,-6.093652,36.568546,-6.147579,36.34555,-6.662515,52.30404352930587,29.100693,0,-0.48110974,-0.5688632
2022-08-20,Europa_DER_A1A26_eobs_4004__2022__southbound_01,Europa / DER A1A26 (eobs 4004),47.176777,7.403117,47.17661,7.4032807,47.166565,7.3925595,1.379911084452329,0.022180563,0,-0.010211766,-0.010557644
2022-08-21,Europa_DER_A1A26_eobs_4004__2022__southbound_01,Europa / DER A1A26 (eobs 4004),47.17661,7.4032807,47.16742,7.402466,47.158558,7.388857,1.42461439651621,1.0237534,0,-0.01804997,-0.014423825
2022-08-22,Europa_DER_A1A26_eobs_4004__2022__southbound_01,Europa / DER A1A26 (eobs 4004),47.16742,7.402466,47.175423,7.4084373,47.143494,7.3781,4.226852407092184,0.9979267,0,-0.023926124,-0.024366073
2022-08-23,Europa_DER_A1A26_eobs_4004__2022__southbound_01,Europa / DER A1A26 (eobs 4004),47.175423,7.4084373,47.17469,7.40044,47.166317,7.4007626,0.9313841643919303,0.6099282,0,-0.00910452,-0.007674776
2022-08-24,Europa_DER_A1A26_eobs_4004__2022__southbound_01,Europa / DER A1A26 (eobs 4004),47.17469,7.40044,47.174484,7.4031186,47.153645,7.37112,3.349930646126161,0.20375256,0,-0.021045163,-0.029320322
2022-08-25,Europa_DER_A1A26_eobs_4004__2022__southbound_01,Europa / DER A1A26 (eobs 4004),47.174484,7.4031186,47.173576,7.403201,47.16312,7.395035,1.3163949756590787,0.10096354,0,-0.011362575,-0.008083828
2022-08-26,Europa_DER_A1A26_eobs_4004__2022__southbound_01,Europa / DER A1A26 (eobs 4004),47.173576,7.403201,47.174,7.403114,47.15105,7.3800197,3.0919956184929167,0.04722405,0,-0.02252756,-0.02318155
2022-08-27,Europa_DER_A1A26_eobs_4004__2022__southbound_01,Europa / DER A1A26 (eobs 4004),47.174,7.403114,47.171925,7.4030876,47.163754,7.3915877,1.2574943829238334,0.23071043,0,-0.010245837,-0.01152619
2022-08-28,Europa_DER_A1A26_eobs_4004__2022__southbound_01,Europa / DER A1A26 (eobs 4004),47.171925,7.4030876,47.176292,7.4033556,47.149513,7.3793817,3.4859667398387946,0.4861614,0,-0.022409752,-0.023706168
2022-08-29,Europa_DER_A1A26_eobs_4004__2022__southbound_01,Europa / DER A1A26 (eobs 4004),47.176292,7.4033556,47.173294,7.404881,47.165195,7.391648,1.3459762104923834,0.3526719,0,-0.011095531,-0.011707902
2022-08-30,Europa_DER_A1A26_eobs_4004__2022__southbound_01,Europa / DER A1A26 (eobs 4004),47.173294,7.404881,47.175682,7.404509,47.152153,7.3839054,3.0449066496128343,0.2671018,0,-0.02113925,-0.020975389
2022-08-31,Europa_DER_A1A26_eobs_4004__2022__southbound_01,Europa / DER A1A26 (eobs 4004),47.175682,7.404509,47.174465,7.4038687,47.164272,7.3918705,1.4516277615446538,0.14374875,0,-0.011408761,-0.01263877
2022-09-01,Europa_DER_A1A26_eobs_4004__2022__southbound_01,Europa / DER A1A26 (eobs 4004),47.174465,7.4038687,47.177036,7.4025965,47.14999,7.3744755,3.6829919890638076,0.30141255,0,-0.024476156,-0.029393137
2022-09-02,Europa_DER_A1A26_eobs_4004__2022__southbound_01,Europa / DER A1A26 (eobs 4004),47.177036,7.4025965,47.176666,7.4030914,47.16417,7.3871465,1.8395069348911577,0.055567723,0,-0.012865335,-0.015450075
2022-09-03,Europa_DER_A1A26_eobs_4004__2022__southbound_01,Europa / DER A1A26 (eobs 4004),47.176666,7.4030914,47.175728,7.4030075,47.159027,7.386358,2.2434006815171674,0.104534276,0,-0.017639652,-0.01673372
2022-09-04,Europa_DER_A1A26_eobs_4004__2022__southbound_01,Europa / DER A1A26 (eobs 4004),47.175728,7.4030075,47.167446,7.4036956,47.15342,7.377342,2.5303514808554755,0.9224473,0,-0.022307321,-0.025665395
2022-09-05,Europa_DER_A1A26_eobs_4004__2022__southbound_01,Europa / DER A1A26 (eobs 4004),47.167446,7.4036956,47.172783,7.403183,47.14329,7.377169,3.8239466499877275,0.5950674,0,-0.024156414,-0.02652628
2022-09-05,Louis_DER_AU050_eobs_3264__2022__southbound_01,Louis / DER AU050 (eobs 3264),41.67034,0.9438257,41.67127,0.95002615,41.65131,0.9111197,3.9206388494517106,0.5251994,0,-0.019032627,-0.032706052
2022-09-06,Europa_DER_A1A26_eobs_4004__2022__southbound_01,Europa / DER A1A26 (eobs 4004),47.172783,7.403183,47.173977,7.4030967,47.160698,7.3899236,1.780990532832192,0.13261038,0,-0.0120863095,-0.013259418
2022-09-06,Louis_DER_AU050_eobs_3264__2022__southbound_01,Louis / DER AU050 (eobs 3264),41.67127,0.95002615,41.66786,0.9473351,41.659306,0.9361113,1.331802828585324,0.44038296,0,-0.011963375,-0.013914861
2022-09-07,Europa_DER_A1A26_eobs_4004__2022__southbound_01,Europa / DER A1A26 (eobs 4004),47.173977,7.4030967,47.17542,7.40314,47.162292,7.390633,1.739050349928199,0.1606158,0,-0.011683203,-0.0124635175
2022-09-07,Louis_DER_AU050_eobs_3264__2022__southbound_01,Louis / DER AU050 (eobs 3264),41.66786,0.9473351,41.66751,0.9493555,41.64934,0.9206671,3.1244227258816797,0.17216994,0,-0.018517904,-0.026668027
2022-09-08,Europa_DER_A1A26_eobs_4004__2022__southbound_01,Europa / DER A1A26 (eobs 4004),47.17542,7.40314,47.175423,7.402258,47.164204,7.3916516,1.482931795345531,0.06668948,0,-0.0112152025,-0.011488445
2022-09-08,Louis_DER_AU050_eobs_3264__2022__southbound_01,Louis / DER AU050 (eobs 3264),41.66751,0.9493555,41.658672,0.95063967,41.657642,0.9390136,0.9726190842939828,0.98838216,0,-0.009870149,-0.0103419125
2022-09-09,Europa_DER_A1A26_eobs_4004__2022__southbound_01,Europa / DER A1A26 (eobs 4004),47.175423,7.402258,47.17542,7.40294,47.15397,7.372821,3.297527855069149,0.051566087,0,-0.021455176,-0.029436976
2022-09-09,Louis_DER_AU050_eobs_3264__2022__southbound_01,Louis / DER AU050 (eobs 3264),41.658672,0.95063967,41.663948,0.9431204,41.639038,0.92894554,3.0098483236780065,0.85669726,0,-0.0196331,-0.021694094
2022-09-10,Europa_DER_A1A26_eobs_4004__2022__southbound_01,Europa / DER A1A26 (eobs 4004),47.17542,7.40294,47.176197,7.403118,47.164204,7.3932996,1.5262342950327694,0.08772901,0,-0.011215299,-0.0096402615
2022-09-10,Louis_DER_AU050_eobs_3264__2022__southbound_01,Louis / DER AU050 (eobs 3264),41.663948,0.9431204,41.666306,0.94579685,41.655666,0.9252863,2.074300542856788,0.3439507,0,-0.008281402,-0.017834142
2022-09-11,Europa_DER_A1A26_eobs_4004__2022__southbound_01,Europa / DER A1A26 (eobs 4004),47.176197,7.403118,47.00763,7.1559305,47.16686,7.394129,25.272850188968615,26.486069,0,-0.009339288,-0.008989461
2022-09-11,Louis_DER_AU050_eobs_3264__2022__southbound_01,Louis / DER AU050 (eobs 3264),41.666306,0.94579685,41.664375,0.9506435,41.66118,0.9369569,1.1912233645343298,0.45622462,0,-0.0051250905,-0.008839995
2022-09-12,Europa_DER_A1A26_eobs_4004__2022__southbound_01,Europa / DER A1A26 (eobs 4004),47.00763,7.1559305,45.33484,4.8990874,46.261387,6.0905943,138.36916295081767,254.53513,1,-0.7462431,-1.0653363
2022-09-12,Louis_DER_AU050_eobs_3264__2022__southbound_01,Louis / DER AU050 (eobs 3264),41.664375,0.9506435,41.663284,0.9518922,41.655724,0.94103026,1.2333058198098807,0.15969858,0,-0.008651309,-0.009613238
2022-09-13,Europa_DER_A1A26_eobs_4004__2022__southbound_01,Europa / DER A1A26 (eobs 4004),45.33484,4.8990874,44.631557,4.774482,44.20816,4.0289803,75.6430131497961,78.81296,1,-1.1266785,-0.87010705
2022-09-13,Louis_DER_AU050_eobs_3264__2022__southbound_01,Louis / DER AU050 (eobs 3264),41.663284,0.9518922,41.664448,0.9522093,41.65026,0.9377584,1.9823834938394014,0.13204072,0,-0.013021573,-0.014133796
2022-09-14,Europa_DER_A1A26_eobs_4004__2022__southbound_01,Europa / DER A1A26 (eobs 4004),44.631557,4.774482,44.54511,4.734018,43.57682,3.6426373,138.55243651099144,10.132805,0,-1.0547354,-1.1318445
2022-09-14,Louis_DER_AU050_eobs_3264__2022__southbound_01,Louis / DER AU050 (eobs 3264),41.664448,0.9522093,41.6597,0.9462659,41.656254,0.939049,0.7114614336839457,0.72293913,0,-0.008193508,-0.0131602585
2022-09-15,Europa_DER_A1A26_eobs_4004__2022__southbound_01,Europa / DER A1A26 (eobs 4004),44.54511,4.734018,43.72909,4.466649,44.328705,4.457608,66.677954321505,93.21169,1,-0.21640503,-0.27640983
2022-09-15,Louis_DER_AU050_eobs_3264__2022__southbound_01,Louis / DER AU050 (eobs 3264),41.6597,0.9462659,41.658264,0.95096874,41.643127,0.9206722,3.0280914061110806,0.42200044,0,-0.01656948,-0.025593713
2022-09-16,Europa_DER_A1A26_eobs_4004__2022__southbound_01,Europa / DER A1A26 (eobs 4004),43.72909,4.466649,43.44547,3.7860465,42.614384,3.3131337,100.08804038301916,63.24101,1,-1.1147072,-1.1535155
2022-09-16,Louis_DER_AU050_eobs_3264__2022__southbound_01,Louis / DER AU050 (eobs 3264),41.658264,0.95096874,41.659363,0.9508428,41.648415,0.9405039,1.489920940554352,0.12259513,0,-0.00984849,-0.010464832
2022-09-17,Europa_DER_A1A26_eobs_4004__2022__southbound_01,Europa / DER A1A26 (eobs 4004),43.44547,3.7860465,42.122757,2.681105,42.809555,2.7693903,76.71113600553815,172.5163,1,-0.63591397,-1.0166562
2022-09-17,Louis_DER_AU050_eobs_3264__2022__southbound_01,Louis / DER AU050 (eobs 3264),41.659363,0.9508428,41.663937,0.94867474,41.651382,0.93790793,1.6579491082374658,0.539522,0,-0.007978439,-0.012934871
2022-09-18,Europa_DER_A1A26_eobs_4004__2022__southbound_01,Europa / DER A1A26 (eobs 4004),42.122757,2.681105,41.69894,0.4768853,41.273712,1.7607775,116.93003198280324,188.38208,1,-0.8490435,-0.9203275
2022-09-18,Louis_DER_AU050_eobs_3264__2022__southbound_01,Louis / DER AU050 (eobs 3264),41.663937,0.94867474,41.660225,0.9513677,41.655533,0.93483114,1.469538513717367,0.4693443,0,-0.0084019005,-0.013843581
2022-09-19,Europa_DER_A1A26_eobs_4004__2022__southbound_01,Europa / DER A1A26 (eobs 4004),41.69894,0.4768853,41.585304,-0.7701303,41.411655,0.024642825,68.94897923370173,104.39005,1,-0.28728336,-0.45224246
2022-09-19,Louis_DER_AU050_eobs_3264__2022__southbound_01,Louis / DER AU050 (eobs 3264),41.660225,0.9513677,41.664238,0.9462204,41.64856,0.9378525,1.876860382000309,0.61787087,0,-0.011665978,-0.0135151595
2022-09-20,Europa_DER_A1A26_eobs_4004__2022__southbound_01,Europa / DER A1A26 (eobs 4004),41.585304,-0.7701303,41.58544,-0.77625954,41.29127,-1.3126752,55.40217058740945,0.51000255,0,-0.29403204,-0.5425449
2022-09-20,Louis_DER_AU050_eobs_3264__2022__southbound_01,Louis / DER AU050 (eobs 3264),41.664238,0.9462204,41.66409,0.94866854,41.654194,0.9296708,1.9239356355156232,0.20403267,0,-0.0100436285,-0.01654961
2022-09-21,Europa_DER_A1A26_eobs_4004__2022__southbound_01,Europa / DER A1A26 (eobs 4004),41.58544,-0.77625954,41.579998,-0.8386821,41.49529,-0.91431576,11.329195225139424,5.227105,0,-0.09015461,-0.13805622
2022-09-21,Louis_DER_AU050_eobs_3264__2022__southbound_01,Louis / DER AU050 (eobs 3264),41.66409,0.94866854,41.65841,0.94916517,41.654808,0.93972135,0.8808521979915718,0.6327675,0,-0.009282924,-0.008947194
2022-09-22,Europa_DER_A1A26_eobs_4004__2022__southbound_01,Europa / DER A1A26 (eobs 4004),41.579998,-0.8386821,41.54476,-0.9040432,41.393147,-1.164112,27.454754104660406,6.70246,0,-0.18685222,-0.3254299
2022-09-22,Louis_DER_AU050_eobs_3264__2022__southbound_01,Louis / DER AU050 (eobs 3264),41.65841,0.94916517,41.663296,0.9509038,41.643597,0.93184364,2.7029089455091833,0.5620198,0,-0.0148138255,-0.01732152
2022-09-23,Europa_DER_A1A26_eobs_4004__2022__southbound_01,Europa / DER A1A26 (eobs 4004),41.54476,-0.9040432,40.35964,-3.4988678,41.24823,-1.3748351,204.25661312481353,254.64507,1,-0.29652992,-0.4707919
2022-09-23,Louis_DER_AU050_eobs_3264__2022__southbound_01,Louis / DER AU050 (eobs 3264),41.663296,0.9509038,41.66949,0.9510214,41.65766,0.943008,1.4742136672493527,0.6888004,0,-0.0056336075,-0.007895753
2022-09-24,Europa_DER_A1A26_eobs_4004__2022__southbound_01,Europa / DER A1A26 (eobs 4004),40.35964,-3.4988678,40.261414,-3.6347303,40.030952,-3.8758342,32.812678757832785,15.874588,0,-0.32868752,-0.37696642
2022-09-24,Louis_DER_AU050_eobs_3264__2022__southbound_01,Louis / DER AU050 (eobs 3264),41.66949,0.9510214,41.661243,0.9511114,41.66222,0.9413198,0.8206189918532982,0.91697294,0,-0.0072713867,-0.009701535
2022-09-25,Europa_DER_A1A26_eobs_4004__2022__southbound_01,Europa / DER A1A26 (eobs 4004),40.261414,-3.6347303,39.87214,-3.9784224,40.02346,-3.9747002,16.8291879203486,52.24006,1,-0.23795423,-0.33996978
2022-09-25,Louis_DER_AU050_eobs_3264__2022__southbound_01,Louis / DER AU050 (eobs 3264),41.661243,0.9511114,41.658478,0.9513737,41.64984,0.93587554,1.606296062293816,0.30827552,0,-0.011403397,-0.015235856
2022-09-26,Europa_DER_A1A26_eobs_4004__2022__southbound_01,Europa / DER A1A26 (eobs 4004),39.87214,-3.9784224,39.85707,-4.165621,39.599457,-4.3133097,31.306218054276076,16.064808,0,-0.27268404,-0.33488733
2022-09-26,Louis_DER_AU050_eobs_3264__2022__southbound_01,Louis / DER AU050 (eobs 3264),41.658478,0.9513737,41.65882,0.9506364,41.645267,0.9358338,1.9452249208149666,0.072279364,0,-0.0132112205,-0.015539907
2022-09-27,Europa_DER_A1A26_eobs_4004__2022__southbound_01,Europa / DER A1A26 (eobs 4004),39.85707,-4.165621,39.85726,-4.166196,39.79398,-4.248136,9.923670053768472,0.053488355,0,-0.06308996,-0.08251529
2022-09-27,Louis_DER_AU050_eobs_3264__2022__southbound_01,Louis / DER AU050 (eobs 3264),41.65882,0.9506364,41.661495,0.9509365,41.649155,0.9360487,1.8473846965902254,0.29821277,0,-0.009667397,-0.014587678
2022-09-28,Europa_DER_A1A26_eobs_4004__2022__southbound_01,Europa / DER A1A26 (eobs 4004),39.85726,-4.166196,39.8569,-4.165379,39.843166,-4.1809697,2.0256367592042337,0.08048585,0,-0.014096312,-0.01477392
2022-09-28,Louis_DER_AU050_eobs_3264__2022__southbound_01,Louis / DER AU050 (eobs 3264),41.661495,0.9509365,41.65895,0.9512425,41.656235,0.94368064,0.6970440019585327,0.28415862,0,-0.005260192,-0.00725583
2022-09-29,Europa_DER_A1A26_eobs_4004__2022__southbound_01,Europa / DER A1A26 (eobs 4004),39.8569,-4.165379,39.85722,-4.165764,39.827713,-4.177784,3.4377475146740806,0.048539326,0,-0.029185899,-0.0124050155
2022-09-29,Louis_DER_AU050_eobs_3264__2022__southbound_01,Louis / DER AU050 (eobs 3264),41.65895,0.9512425,41.658493,0.9508007,41.648582,0.93879104,1.4866116081084653,0.062680274,0,-0.010366492,-0.012451485
2022-09-30,Europa_DER_A1A26_eobs_4004__2022__southbound_01,Europa / DER A1A26 (eobs 4004),39.85722,-4.165764,39.857227,-4.165492,39.84769,-4.1748357,1.3269186740559071,0.023235692,0,-0.0095297545,-0.009071678
2022-09-30,Louis_DER_AU050_eobs_3264__2022__southbound_01,Louis / DER AU050 (eobs 3264),41.658493,0.9508007,41.657722,0.9509309,41.643463,0.932298,2.2160221788370253,0.086151816,0,-0.015029624,-0.018502712
2022-10-01,Europa_DER_A1A26_eobs_4004__2022__southbound_01,Europa / DER A1A26 (eobs 4004),39.857227,-4.165492,39.85705,-4.165062,39.838406,-4.1735005,2.194958659400948,0.041536424,0,-0.018821776,-0.008008532
2022-10-01,Louis_DER_AU050_eobs_3264__2022__southbound_01,Louis / DER AU050 (eobs 3264),41.657722,0.9509309,41.657776,0.9511712,41.64532,0.9379412,1.7681396471724924,0.020807263,0,-0.012401901,-0.0129896775
2022-10-02,Europa_DER_A1A26_eobs_4004__2022__southbound_01,Europa / DER A1A26 (eobs 4004),39.85705,-4.165062,39.85704,-4.1655807,39.82907,-4.178434,3.297971568582185,0.04430339,0,-0.027979128,-0.013372034
2022-10-02,Louis_DER_AU050_eobs_3264__2022__southbound_01,Louis / DER AU050 (eobs 3264),41.657776,0.9511712,41.650852,0.9534697,41.65288,0.94701827,0.5815792623822508,0.7932652,0,-0.0048931167,-0.0041529313
2022-10-03,Europa_DER_A1A26_eobs_4004__2022__southbound_01,Europa / DER A1A26 (eobs 4004),39.85704,-4.1655807,39.85361,-4.1656814,39.829796,-4.1921897,3.4834934509410536,0.38167366,0,-0.02724342,-0.026609063
2022-10-03,Louis_DER_AU050_eobs_3264__2022__southbound_01,Louis / DER AU050 (eobs 3264),41.650852,0.9534697,41.657715,0.9514176,41.64083,0.9423524,2.0228592949418496,0.7818136,0,-0.010020204,-0.011117265
2022-10-04,Europa_DER_A1A26_eobs_4004__2022__southbound_01,Europa / DER A1A26 (eobs 4004),39.85361,-4.1656814,39.85666,-4.2408013,39.80845,-4.1956353,6.603891471390919,6.421291,0,-0.04516216,-0.029954173
2022-10-04,Louis_DER_AU050_eobs_3264__2022__southbound_01,Louis / DER AU050 (eobs 3264),41.657715,0.9514176,41.67065,0.94682825,41.652813,0.9450313,1.9890544233967926,1.4880724,0,-0.0049024224,-0.0063863397
2022-10-05,Europa_DER_A1A26_eobs_4004__2022__southbound_01,Europa / DER A1A26 (eobs 4004),39.85666,-4.2408013,39.85362,-4.1659856,39.82147,-4.2746167,9.940318909853877,6.3952804,0,-0.03518926,-0.033815257
2022-10-05,Louis_DER_AU050_eobs_3264__2022__southbound_01,Louis / DER AU050 (eobs 3264),41.67065,0.94682825,41.644238,0.9576373,41.66479,0.94036067,2.698812404015316,3.0710762,0,-0.005859755,-0.0064675584
2022-10-06,Europa_DER_A1A26_eobs_4004__2022__southbound_01,Europa / DER A1A26 (eobs 4004),39.85362,-4.1659856,39.855686,-4.2382092,39.828186,-4.176015,6.127522841817151,6.169369,0,-0.025430717,-0.010029346
2022-10-06,Louis_DER_AU050_eobs_3264__2022__southbound_01,Louis / DER AU050 (eobs 3264),41.644238,0.9576373,41.64801,0.9574493,41.634754,0.9480295,1.668961034684384,0.4196131,0,-0.009484857,-0.009607814
2022-10-07,Europa_DER_A1A26_eobs_4004__2022__southbound_01,Europa / DER A1A26 (eobs 4004),39.855686,-4.2382092,39.855316,-4.166041,39.817078,-4.275487,10.266821022451996,6.1604486,0,-0.03860965,-0.037277795
2022-10-07,Louis_DER_AU050_eobs_3264__2022__southbound_01,Louis / DER AU050 (eobs 3264),41.64801,0.9574493,41.65875,0.9519391,41.64385,0.9532655,1.6604907617485465,1.2787738,0,-0.004163474,-0.004183851
2022-10-08,Europa_DER_A1A26_eobs_4004__2022__southbound_01,Europa / DER A1A26 (eobs 4004),39.855316,-4.166041,39.857166,-4.164878,39.83424,-4.177498,2.7676153493172078,0.22824006,0,-0.021077603,-0.011456892
2022-10-08,Louis_DER_AU050_eobs_3264__2022__southbound_01,Louis / DER AU050 (eobs 3264),41.65875,0.9519391,41.64098,0.958015,41.654125,0.9464061,1.751290411932565,2.0391748,0,-0.004623145,-0.005532995
2022-10-09,Europa_DER_A1A26_eobs_4004__2022__southbound_01,Europa / DER A1A26 (eobs 4004),39.857166,-4.164878,39.857105,-4.166179,39.844437,-4.173266,1.5330973207915983,0.11129922,0,-0.012729853,-0.008387983
2022-10-09,Louis_DER_AU050_eobs_3264__2022__southbound_01,Louis / DER AU050 (eobs 3264),41.64098,0.958015,41.63425,0.94022936,41.63443,0.94999766,0.8120614795765249,1.6566998,0,-0.006550148,-0.008017391
2022-10-10,Europa_DER_A1A26_eobs_4004__2022__southbound_01,Europa / DER A1A26 (eobs 4004),39.857105,-4.166179,39.855255,-4.165329,39.823536,-4.2000384,4.606760212132438,0.21808122,0,-0.033569034,-0.03385917
2022-10-10,Louis_DER_AU050_eobs_3264__2022__southbound_01,Louis / DER AU050 (eobs 3264),41.63425,0.94022936,41.538494,0.6148426,41.62466,0.92669046,27.651040597216593,29.08136,0,-0.009589031,-0.013538875
2022-10-11,Europa_DER_A1A26_eobs_4004__2022__southbound_01,Europa / DER A1A26 (eobs 4004),39.855255,-4.165329,39.853523,-4.189989,39.82493,-4.187077,3.189326207229817,2.113832,0,-0.030325763,-0.021748215
2022-10-11,Louis_DER_AU050_eobs_3264__2022__southbound_01,Louis / DER AU050 (eobs 3264),41.538494,0.6148426,41.538704,0.6147031,41.195587,0.16170618,53.709310117306266,0.02594392,0,-0.34290704,-0.4531364
2022-10-12,Europa_DER_A1A26_eobs_4004__2022__southbound_01,Europa / DER A1A26 (eobs 4004),39.853523,-4.189989,39.85436,-4.237856,39.820877,-4.2222567,3.954063280410397,4.0870786,0,-0.03264568,-0.03226746
2022-10-12,Louis_DER_AU050_eobs_3264__2022__southbound_01,Louis / DER AU050 (eobs 3264),41.538704,0.6147031,41.538692,0.6181468,41.53054,0.60582286,1.368911674615821,0.28662333,0,-0.008163571,-0.00888028
2022-10-13,Europa_DER_A1A26_eobs_4004__2022__southbound_01,Europa / DER A1A26 (eobs 4004),39.85436,-4.237856,39.853455,-4.166751,39.815212,-4.277299,10.352944847031743,6.070499,0,-0.03914461,-0.039443165
2022-10-13,Louis_DER_AU050_eobs_3264__2022__southbound_01,Louis / DER AU050 (eobs 3264),41.538692,0.6181468,41.539528,0.6143338,41.531067,0.61379206,0.9419013910651381,0.33064634,0,-0.0076261684,-0.0043547302
2022-10-14,Europa_DER_A1A26_eobs_4004__2022__southbound_01,Europa / DER A1A26 (eobs 4004),39.853455,-4.166751,39.855793,-4.2449293,39.8359,-4.176603,6.23854257887154,6.6784935,0,-0.017556049,-0.009851836
2022-10-14,Louis_DER_AU050_eobs_3264__2022__southbound_01,Louis / DER AU050 (eobs 3264),41.539528,0.6143338,41.54031,0.6171932,41.529476,0.60188866,1.7532749491307797,0.25348932,0,-0.010053247,-0.012445122
2022-10-15,Europa_DER_A1A26_eobs_4004__2022__southbound_01,Europa / DER A1A26 (eobs 4004),39.855793,-4.2449293,39.853657,-4.1669483,39.815086,-4.285315,10.97926511176296,6.6608067,0,-0.040707238,-0.040385954
2022-10-15,Louis_DER_AU050_eobs_3264__2022__southbound_01,Louis / DER AU050 (eobs 3264),41.54031,0.6171932,41.539574,0.61455595,41.535606,0.6151477,0.4438835756644541,0.23428509,0,-0.004703425,-0.0020455047
2022-10-16,Europa_DER_A1A26_eobs_4004__2022__southbound_01,Europa / DER A1A26 (eobs 4004),39.853657,-4.1669483,39.854702,-4.2406445,39.836815,-4.1762047,5.849886507862346,6.291921,0,-0.01684022,-0.009256519
2022-10-16,Louis_DER_AU050_eobs_3264__2022__southbound_01,Louis / DER AU050 (eobs 3264),41.539574,0.61455595,41.541183,0.624586,41.52814,0.6008274,2.452343558203776,0.85371745,0,-0.011434466,-0.013728537
2022-10-17,Europa_DER_A1A26_eobs_4004__2022__southbound_01,Europa / DER A1A26 (eobs 4004),39.854702,-4.2406445,39.85363,-4.1671476,39.819794,-4.273716,9.84638940927866,6.274983,0,-0.034907404,-0.03307136
2022-10-17,Louis_DER_AU050_eobs_3264__2022__southbound_01,Louis / DER AU050 (eobs 3264),41.541183,0.624586,41.53941,0.6174957,41.537067,0.62322813,0.5435710724977251,0.6221683,0,-0.004114367,-0.001357846
2022-10-18,Europa_DER_A1A26_eobs_4004__2022__southbound_01,Europa / DER A1A26 (eobs 4004),39.85363,-4.1671476,39.844223,-4.260671,39.836544,-4.176205,7.262007506663403,8.052187,0,-0.017086945,-0.009057686
2022-10-18,Louis_DER_AU050_eobs_3264__2022__southbound_01,Louis / DER AU050 (eobs 3264),41.53941,0.6174957,41.538746,0.6146516,41.528084,0.6046107,1.4505535597339223,0.24797596,0,-0.011324659,-0.012885034
2022-10-19,Europa_DER_A1A26_eobs_4004__2022__southbound_01,Europa / DER A1A26 (eobs 4004),39.844223,-4.260671,39.85428,-4.241106,39.802437,-4.3010697,7.710381687400687,2.0097353,0,-0.04178508,-0.04039847
2022-10-19,Louis_DER_AU050_eobs_3264__2022__southbound_01,Louis / DER AU050 (eobs 3264),41.538746,0.6146516,41.54087,0.61933845,41.52501,0.59986585,2.3953896522552443,0.45609736,0,-0.013735227,-0.014785752
2022-10-20,Europa_DER_A1A26_eobs_4004__2022__southbound_01,Europa / DER A1A26 (eobs 4004),39.85428,-4.241106,39.8566,-4.1673207,39.843315,-4.2470336,6.963401032882815,6.3036413,0,-0.010963574,-0.0059273466
2022-10-20,Louis_DER_AU050_eobs_3264__2022__southbound_01,Louis / DER AU050 (eobs 3264),41.54087,0.61933845,41.539196,0.6276122,41.537804,0.61900777,0.7326950770015718,0.7133239,0,-0.0030680895,-0.00033067912
2022-10-21,Europa_DER_A1A26_eobs_4004__2022__southbound_01,Europa / DER A1A26 (eobs 4004),39.8566,-4.1673207,39.86001,-4.2381983,39.84293,-4.174548,5.755817815568474,6.0617127,0,-0.013672024,-0.0072275326
2022-10-21,Louis_DER_AU050_eobs_3264__2022__southbound_01,Louis / DER AU050 (eobs 3264),41.539196,0.6276122,41.537666,0.63729304,41.53555,0.6264563,0.9321899715237346,0.8235549,0,-0.003647171,-0.0011558682
2022-10-22,Europa_DER_A1A26_eobs_4004__2022__southbound_01,Europa / DER A1A26 (eobs 4004),39.86001,-4.2381983,39.855923,-4.1669226,39.82944,-4.266445,8.992642979385069,6.100814,0,-0.030567754,-0.02824711
2022-10-23,Europa_DER_A1A26_eobs_4004__2022__southbound_01,Europa / DER A1A26 (eobs 4004),39.855923,-4.1669226,39.856693,-4.22614,39.839928,-4.174812,4.76193789502746,5.0555053,0,-0.015993372,-0.00788904
2022-10-24,Europa_DER_A1A26_eobs_4004__2022__southbound_01,Europa / DER A1A26 (eobs 4004),39.856693,-4.22614,39.85703,-4.2360497,39.829334,-4.250919,3.3309101239516385,0.84667885,0,-0.027359322,-0.024778776
2022-10-25,Europa_DER_A1A26_eobs_4004__2022__southbound_01,Europa / DER A1A26 (eobs 4004),39.85703,-4.2360497,39.85031,-4.24934,39.834854,-4.256189,1.8154998360767052,1.3581085,0,-0.022174686,-0.020139046
2022-10-26,Europa_DER_A1A26_eobs_4004__2022__southbound_01,Europa / DER A1A26 (eobs 4004),39.85031,-4.24934,39.85015,-4.257514,39.81995,-4.2768474,3.7420069069052864,0.69803196,0,-0.030360758,-0.027507477
2022-10-27,Europa_DER_A1A26_eobs_4004__2022__southbound_01,Europa / DER A1A26 (eobs 4004),39.85015,-4.257514,39.849606,-4.252669,39.827534,-4.277807,3.2604154460837984,0.41804382,0,-0.022615671,-0.020293467
2022-10-28,Europa_DER_A1A26_eobs_4004__2022__southbound_01,Europa / DER A1A26 (eobs 4004),39.849606,-4.252669,39.85646,-4.2423134,39.835777,-4.259737,2.73899177310369,1.167168,0,-0.013828464,-0.007068202
2022-10-29,Europa_DER_A1A26_eobs_4004__2022__southbound_01,Europa / DER A1A26 (eobs 4004),39.85646,-4.2423134,39.855812,-4.205393,39.846912,-4.246258,3.6261055454180875,3.152318,0,-0.009549297,-0.003944427
2022-10-30,Europa_DER_A1A26_eobs_4004__2022__southbound_01,Europa / DER A1A26 (eobs 4004),39.855812,-4.205393,39.846333,-4.25299,39.84414,-4.210846,3.606207183214646,4.1976204,0,-0.011672296,-0.0054528937
2022-10-31,Europa_DER_A1A26_eobs_4004__2022__southbound_01,Europa / DER A1A26 (eobs 4004),39.846333,-4.25299,39.8499,-4.259135,39.822773,-4.274248,3.2807590641830027,0.6577313,0,-0.023560867,-0.021258295
2022-11-01,Europa_DER_A1A26_eobs_4004__2022__southbound_01,Europa / DER A1A26 (eobs 4004),39.8499,-4.259135,39.856583,-4.24948,39.83739,-4.268864,2.700489733974306,1.1095884,0,-0.012509659,-0.009729378
2022-11-02,Europa_DER_A1A26_eobs_4004__2022__southbound_01,Europa / DER A1A26 (eobs 4004),39.856583,-4.24948,39.846252,-4.2647414,39.84751,-4.2527924,1.0296633943124205,1.7367662,0,-0.009072818,-0.0033127666
2022-11-03,Europa_DER_A1A26_eobs_4004__2022__southbound_01,Europa / DER A1A26 (eobs 4004),39.846252,-4.2647414,39.851704,-4.2570753,39.822617,-4.2861376,4.076571484484418,0.891838,0,-0.023637228,-0.021396026
2022-11-04,Europa_DER_A1A26_eobs_4004__2022__southbound_01,Europa / DER A1A26 (eobs 4004),39.851704,-4.2570753,39.848965,-4.266041,39.844006,-4.259278,0.7983890122541547,0.82364887,0,-0.0076970384,-0.0022022799
2022-11-05,Europa_DER_A1A26_eobs_4004__2022__southbound_01,Europa / DER A1A26 (eobs 4004),39.848965,-4.266041,39.84838,-4.265964,39.83059,-4.282823,2.4465994178030224,0.06532381,0,-0.01837577,-0.01678206
2022-11-06,Europa_DER_A1A26_eobs_4004__2022__southbound_01,Europa / DER A1A26 (eobs 4004),39.84838,-4.265964,39.856464,-4.266269,39.83205,-4.278802,2.9179726506471084,0.89909595,0,-0.016331188,-0.012837917
2022-11-07,Europa_DER_A1A26_eobs_4004__2022__southbound_01,Europa / DER A1A26 (eobs 4004),39.856464,-4.266269,39.852993,-4.209228,39.84776,-4.2696285,5.188931006031597,4.8843994,0,-0.008705713,-0.003359422
2022-11-08,Europa_DER_A1A26_eobs_4004__2022__southbound_01,Europa / DER A1A26 (eobs 4004),39.852993,-4.209228,39.848995,-4.266047,39.841496,-4.213606,4.5540662106616026,4.870731,0,-0.011498943,-0.004377812
2022-11-09,Europa_DER_A1A26_eobs_4004__2022__southbound_01,Europa / DER A1A26 (eobs 4004),39.848995,-4.266047,39.851402,-4.2512064,39.8312,-4.2814875,3.4249721988070836,1.2947984,0,-0.01779604,-0.015440524
2022-11-10,Europa_DER_A1A26_eobs_4004__2022__southbound_01,Europa / DER A1A26 (eobs 4004),39.851402,-4.2512064,39.847546,-4.2702208,39.841946,-4.254191,1.503531942534491,1.6788815,0,-0.009456605,-0.0029845387
2022-11-11,Europa_DER_A1A26_eobs_4004__2022__southbound_01,Europa / DER A1A26 (eobs 4004),39.847546,-4.2702208,39.847927,-4.26829,39.832157,-4.2840004,2.2077389165203667,0.1701635,0,-0.01538834,-0.013779774
2022-11-12,Europa_DER_A1A26_eobs_4004__2022__southbound_01,Europa / DER A1A26 (eobs 4004),39.847927,-4.26829,39.847916,-4.27084,39.83948,-4.270477,0.9383650774036478,0.21768662,0,-0.00844387,-0.0021868795
2022-11-13,Europa_DER_A1A26_eobs_4004__2022__southbound_01,Europa / DER A1A26 (eobs 4004),39.847916,-4.27084,39.856754,-4.167861,39.83531,-4.2815456,9.99407767729161,8.845493,0,-0.0126047805,-0.01070556
2022-11-14,Europa_DER_A1A26_eobs_4004__2022__southbound_01,Europa / DER A1A26 (eobs 4004),39.856754,-4.167861,39.85351,-4.177822,39.846874,-4.170457,0.9695687148256891,0.9236729,0,-0.009881303,-0.002596043
2022-11-15,Europa_DER_A1A26_eobs_4004__2022__southbound_01,Europa / DER A1A26 (eobs 4004),39.85351,-4.177822,39.848587,-4.27088,39.83951,-4.1905866,6.928915077426724,7.9628267,0,-0.013998412,-0.012764357
2022-11-16,Europa_DER_A1A26_eobs_4004__2022__southbound_01,Europa / DER A1A26 (eobs 4004),39.848587,-4.27088,39.847897,-4.270175,39.83063,-4.2855186,2.3242065876038676,0.09748509,0,-0.017956033,-0.01463826
2022-11-17,Europa_DER_A1A26_eobs_4004__2022__southbound_01,Europa / DER A1A26 (eobs 4004),39.847897,-4.270175,39.84786,-4.2702074,39.83519,-4.277214,1.5304431662577238,0.0050944844,0,-0.012704991,-0.0070392415
2022-11-18,Europa_DER_A1A26_eobs_4004__2022__southbound_01,Europa / DER A1A26 (eobs 4004),39.84786,-4.2702074,39.856686,-4.2699175,39.831875,-4.28439,3.022886132721553,0.98193085,0,-0.015985467,-0.014182612
2022-11-19,Europa_DER_A1A26_eobs_4004__2022__southbound_01,Europa / DER A1A26 (eobs 4004),39.856686,-4.2699175,39.84718,-4.269938,39.849503,-4.2714677,0.28945495526972104,1.0574111,0,-0.007183552,-0.0015500784
2022-11-20,Europa_DER_A1A26_eobs_4004__2022__southbound_01,Europa / DER A1A26 (eobs 4004),39.84718,-4.269938,39.856407,-4.249142,39.83363,-4.2805467,3.6882484095088532,2.0505922,0,-0.013549678,-0.010608837
2022-11-21,Europa_DER_A1A26_eobs_4004__2022__southbound_01,Europa / DER A1A26 (eobs 4004),39.856407,-4.249142,39.85697,-4.256775,39.849686,-4.2495666,1.017354853800496,0.6545116,0,-0.006721981,-0.00042420626
2022-11-22,Europa_DER_A1A26_eobs_4004__2022__southbound_01,Europa / DER A1A26 (eobs 4004),39.85697,-4.256775,39.841156,-4.2567496,39.84643,-4.2652054,0.9302114677001024,1.758546,0,-0.010540582,-0.008430712
2023-08-07,Angela_DER_AY470_eobs_4001__2023__southbound_01,Angela / DER AY470 (eobs 4001),48.134285,7.753541,48.13426,7.754865,48.120373,7.7479506,1.627056185166773,0.098315306,0,-0.013910614,-0.0055903643
2023-08-08,Angela_DER_AY470_eobs_4001__2023__southbound_01,Angela / DER AY470 (eobs 4001),48.13426,7.754865,48.164627,7.7360315,48.128685,7.753659,4.205118659582219,3.6545255,0,-0.0055718124,-0.0012065694
2023-08-09,Angela_DER_AY470_eobs_4001__2023__southbound_01,Angela / DER AY470 (eobs 4001),48.164627,7.7360315,48.148876,7.732977,48.160034,7.7263746,1.3338812265399376,1.7657381,0,-0.0045928285,-0.009657122
2023-08-10,Angela_DER_AY470_eobs_4001__2023__southbound_01,Angela / DER AY470 (eobs 4001),48.148876,7.732977,48.140602,7.7478137,48.13489,7.7190804,2.2247022840272352,1.4348435,0,-0.013985105,-0.013896443
2023-08-11,Angela_DER_AY470_eobs_4001__2023__southbound_01,Angela / DER AY470 (eobs 4001),48.140602,7.7478137,47.79649,7.578767,48.12824,7.7417545,38.83378397806507,40.280254,1,-0.0123652145,-0.0060590506
2023-08-12,Angela_DER_AY470_eobs_4001__2023__southbound_01,Angela / DER AY470 (eobs 4001),47.79649,7.578767,47.65475,7.5555215,47.498653,7.2089095,31.261532622588195,15.855944,0,-0.29783657,-0.36985737
2023-08-13,Angela_DER_AY470_eobs_4001__2023__southbound_01,Angela / DER AY470 (eobs 4001),47.65475,7.5555215,47.52191,7.0241976,47.50573,7.3850813,27.16291782301597,42.496704,1,-0.14902103,-0.1704402
2023-08-14,Angela_DER_AY470_eobs_4001__2023__southbound_01,Angela / DER AY470 (eobs 4001),47.52191,7.0241976,46.693375,5.4422135,47.127274,6.2450027,77.75891039118814,151.06589,1,-0.39463714,-0.77919465
2023-08-14,Louis_DER_AU050_eobs_3264__2023__southbound_01,Louis / DER AU050 (eobs 3264),47.907127,8.578035,47.90697,8.574343,47.902058,8.573638,0.5488581001383351,0.27577516,0,-0.005069688,-0.004397705
2023-08-15,Angela_DER_AY470_eobs_4001__2023__southbound_01,Angela / DER AY470 (eobs 4001),46.693375,5.4422135,46.058247,5.1277914,45.281548,4.1067953,117.27005753221448,74.6285,1,-1.4118286,-1.3354182
2023-08-15,Louis_DER_AU050_eobs_3264__2023__southbound_01,Louis / DER AU050 (eobs 3264),47.90697,8.574343,47.90912,8.572943,47.89711,8.55302,1.9971744920203993,0.26039174,0,-0.009861834,-0.021322742
2023-08-16,Angela_DER_AY470_eobs_4001__2023__southbound_01,Angela / DER AY470 (eobs 4001),46.058247,5.1277914,45.129078,4.8418922,44.905693,3.866384,80.60009887782273,105.68646,1,-1.1525545,-1.2614073
2023-08-16,Louis_DER_AU050_eobs_3264__2023__southbound_01,Louis / DER AU050 (eobs 3264),47.90912,8.572943,47.9112,8.57454,47.903072,8.559718,1.4274636744780838,0.2604862,0,-0.0060479864,-0.013224155
2023-08-17,Angela_DER_AY470_eobs_4001__2023__southbound_01,Angela / DER AY470 (eobs 4001),45.129078,4.8418922,44.108948,4.3573484,44.529915,4.0425277,53.08858559353063,119.74028,1,-0.5991631,-0.79936457
2023-08-17,Louis_DER_AU050_eobs_3264__2023__southbound_01,Louis / DER AU050 (eobs 3264),47.9112,8.57454,47.903915,8.572826,47.906185,8.566765,0.5175436494041288,0.8199633,0,-0.0050174743,-0.007775001
2023-08-18,Angela_DER_AY470_eobs_4001__2023__southbound_01,Angela / DER AY470 (eobs 4001),44.108948,4.3573484,43.133526,2.9667532,43.3321,3.3700886,39.436687550807065,155.86073,1,-0.7768489,-0.9872598
2023-08-18,Louis_DER_AU050_eobs_3264__2023__southbound_01,Louis / DER AU050 (eobs 3264),47.903915,8.572826,47.91519,8.57289,47.89142,8.557197,2.89075452178315,1.2536503,0,-0.012495562,-0.015629888
2023-08-19,Angela_DER_AY470_eobs_4001__2023__southbound_01,Angela / DER AY470 (eobs 4001),43.133526,2.9667532,42.9593,2.92894,41.9267,1.6687002,154.51924550498586,19.615278,0,-1.206825,-1.298053
2023-08-19,Louis_DER_AU050_eobs_3264__2023__southbound_01,Louis / DER AU050 (eobs 3264),47.91519,8.57289,47.91115,8.578961,47.90987,8.562454,1.2385549256361759,0.6376127,0,-0.00532151,-0.010436036
2023-08-20,Angela_DER_AY470_eobs_4001__2023__southbound_01,Angela / DER AY470 (eobs 4001),42.9593,2.92894,42.384556,2.8043692,42.454506,2.1392515,55.1486566072981,64.71533,1,-0.50479335,-0.7896885
2023-08-20,Louis_DER_AU050_eobs_3264__2023__southbound_01,Louis / DER AU050 (eobs 3264),47.91115,8.578961,47.907944,8.563981,47.90177,8.570497,0.840778250617448,1.1720877,0,-0.009379126,-0.00846497
2023-08-21,Angela_DER_AY470_eobs_4001__2023__southbound_01,Angela / DER AY470 (eobs 4001),42.384556,2.8043692,42.291645,3.0467565,41.8169,1.9698777,103.40030219557448,22.441936,0,-0.5676581,-0.83449143
2023-08-21,Louis_DER_AU050_eobs_3264__2023__southbound_01,Louis / DER AU050 (eobs 3264),47.907944,8.563981,47.91449,8.581795,47.894928,8.539224,3.847238046086458,1.5140849,0,-0.013017528,-0.024757326
2023-08-22,Angela_DER_AY470_eobs_4001__2023__southbound_01,Angela / DER AY470 (eobs 4001),42.291645,3.0467565,42.28831,3.0466027,42.25668,3.0239418,3.9809054506202943,0.37101215,0,-0.03496611,-0.022814639
2023-08-22,Louis_DER_AU050_eobs_3264__2023__southbound_01,Louis / DER AU050 (eobs 3264),47.91449,8.581795,47.91484,8.57268,47.909172,8.575571,0.6661253343590561,0.68035096,0,-0.005316727,-0.0062237605
2023-08-23,Angela_DER_AY470_eobs_4001__2023__southbound_01,Angela / DER AY470 (eobs 4001),42.28831,3.0466027,41.858704,2.7120183,42.26772,3.0196612,52.09079779494402,55.17802,1,-0.020590216,-0.026941516
2023-08-23,Louis_DER_AU050_eobs_3264__2023__southbound_01,Louis / DER AU050 (eobs 3264),47.91484,8.57268,47.91848,8.581978,47.904182,8.550511,2.833322100947713,0.8024675,0,-0.010657676,-0.022169337
2023-08-24,Angela_DER_AY470_eobs_4001__2023__southbound_01,Angela / DER AY470 (eobs 4001),41.858704,2.7120183,41.14599,1.0860349,41.22605,1.6371017,46.96614493107225,156.89,1,-0.632653,-1.0749166
2023-08-24,Louis_DER_AU050_eobs_3264__2023__southbound_01,Louis / DER AU050 (eobs 3264),47.91848,8.581978,47.911148,8.570702,47.913857,8.575961,0.49432590715162467,1.170836,0,-0.004621841,-0.006016642
2023-08-25,Angela_DER_AY470_eobs_4001__2023__southbound_01,Angela / DER AY470 (eobs 4001),41.14599,1.0860349,41.2851,1.2431147,40.777523,0.521716,82.74630452602982,20.295574,0,-0.36846673,-0.5643189
2023-08-25,Louis_DER_AU050_eobs_3264__2023__southbound_01,Louis / DER AU050 (eobs 3264),47.911148,8.570702,47.90771,8.568752,47.897556,8.546876,1.9835223014381018,0.4090239,0,-0.013592362,-0.023825444
2023-08-26,Angela_DER_AY470_eobs_4001__2023__southbound_01,Angela / DER AY470 (eobs 4001),41.2851,1.2431147,41.49649,1.7031212,41.285854,1.2374458,45.36108179756891,45.0006,1,0.0007561147,-0.0056688413
2023-08-26,Louis_DER_AU050_eobs_3264__2023__southbound_01,Louis / DER AU050 (eobs 3264),47.90771,8.568752,47.91902,8.576931,47.893753,8.547927,3.5452213636014136,1.3976231,0,-0.013957433,-0.020824917
2023-08-27,Angela_DER_AY470_eobs_4001__2023__southbound_01,Angela / DER AY470 (eobs 4001),41.49649,1.7031212,42.051178,2.8820927,41.48751,1.6949892,116.70639475106687,115.59662,1,-0.008981697,-0.008131936
2023-08-27,Louis_DER_AU050_eobs_3264__2023__southbound_01,Louis / DER AU050 (eobs 3264),47.91902,8.576931,47.906048,8.566824,47.912334,8.566129,0.7009593271897259,1.6275461,0,-0.0066874027,-0.010802329
2023-08-28,Angela_DER_AY470_eobs_4001__2023__southbound_01,Angela / DER AY470 (eobs 4001),42.051178,2.8820927,42.054653,2.8822155,42.031902,2.8722692,2.6597771333418656,0.38658014,0,-0.019275844,-0.009823628
2023-08-28,Louis_DER_AU050_eobs_3264__2023__southbound_01,Louis / DER AU050 (eobs 3264),47.906048,8.566824,47.909637,8.579326,47.890697,8.543664,3.3916096717544137,1.0137484,0,-0.015351497,-0.023159511
2023-08-29,Angela_DER_AY470_eobs_4001__2023__southbound_01,Angela / DER AY470 (eobs 4001),42.054653,2.8822155,42.167862,3.0369475,42.056026,2.8726394,18.394046364207824,17.92695,0,0.0013713986,-0.009575993
2023-08-29,Louis_DER_AU050_eobs_3264__2023__southbound_01,Louis / DER AU050 (eobs 3264),47.909637,8.579326,47.90744,8.572916,47.904552,8.5725155,0.3224859527028578,0.5365928,0,-0.0050864816,-0.0068100616
2023-08-30,Angela_DER_AY470_eobs_4001__2023__southbound_01,Angela / DER AY470 (eobs 4001),42.167862,3.0369475,42.300247,3.0543725,42.167,3.0302675,14.948771861830902,14.790453,0,-0.0008632913,-0.0066801086
2023-08-30,Louis_DER_AU050_eobs_3264__2023__southbound_01,Louis / DER AU050 (eobs 3264),47.90744,8.572916,47.91252,8.577267,47.894394,8.547947,2.973174946321897,0.65132797,0,-0.013045356,-0.024968691
2023-08-31,Angela_DER_AY470_eobs_4001__2023__southbound_01,Angela / DER AY470 (eobs 4001),42.300247,3.0543725,42.300365,3.0540035,42.301964,3.04674,0.623236085398656,0.03299248,0,0.0017181262,-0.007632427
2023-08-31,Louis_DER_AU050_eobs_3264__2023__southbound_01,Louis / DER AU050 (eobs 3264),47.91252,8.577267,47.914204,8.570409,47.906994,8.567849,0.8240791196606913,0.54431605,0,-0.005529143,-0.009417914
2023-09-01,Angela_DER_AY470_eobs_4001__2023__southbound_01,Angela / DER AY470 (eobs 4001),42.300365,3.0540035,42.30037,3.053391,42.290386,3.02573,2.5314741748474145,0.050371144,0,-0.009978235,-0.02827365
2023-09-01,Louis_DER_AU050_eobs_3264__2023__southbound_01,Louis / DER AU050 (eobs 3264),47.914204,8.570409,47.91531,8.574231,47.90314,8.547681,2.3973041441588196,0.31037185,0,-0.011061676,-0.022727951
2023-09-02,Angela_DER_AY470_eobs_4001__2023__southbound_01,Angela / DER AY470 (eobs 4001),42.30037,3.053391,42.3002,3.0543666,42.267952,2.9958584,6.002116583997344,0.08234078,0,-0.03241748,-0.057532504
2023-09-02,Louis_DER_AU050_eobs_3264__2023__southbound_01,Louis / DER AU050 (eobs 3264),47.91531,8.574231,47.915257,8.57293,47.910152,8.566893,0.7242929461176855,0.09712608,0,-0.0051580146,-0.0073384717
2023-09-03,Angela_DER_AY470_eobs_4001__2023__southbound_01,Angela / DER AY470 (eobs 4001),42.3002,3.0543666,42.113182,2.7939646,42.29042,3.0427473,28.431531321925974,29.874352,0,-0.009780496,-0.011619337
2023-09-03,Louis_DER_AU050_eobs_3264__2023__southbound_01,Louis / DER AU050 (eobs 3264),47.915257,8.57293,47.917305,8.580011,47.90479,8.550952,2.5744603061723934,0.57483435,0,-0.010466993,-0.021977969
2023-09-04,Angela_DER_AY470_eobs_4001__2023__southbound_01,Angela / DER AY470 (eobs 4001),42.113182,2.7939646,42.09134,2.7486808,41.061047,1.5474986,152.0102264960575,4.455991,0,-1.0521344,-1.246466
2023-09-04,Louis_DER_AU050_eobs_3264__2023__southbound_01,Louis / DER AU050 (eobs 3264),47.917305,8.580011,47.91703,8.572701,47.91242,8.573027,0.5134006512665099,0.5456462,0,-0.004885547,-0.0069848597
2023-09-05,Angela_DER_AY470_eobs_4001__2023__southbound_01,Angela / DER AY470 (eobs 4001),42.09134,2.7486808,41.621765,-0.8071791,41.387608,1.9852052,233.97605657665522,299.0661,1,-0.7037315,-0.7634756
2023-09-05,Louis_DER_AU050_eobs_3264__2023__southbound_01,Louis / DER AU050 (eobs 3264),47.91703,8.572701,47.91658,8.57287,47.90636,8.5506315,2.0096261770160093,0.051414188,0,-0.010669984,-0.02207008
2023-09-06,Angela_DER_AY470_eobs_4001__2023__southbound_01,Angela / DER AY470 (eobs 4001),41.621765,-0.8071791,41.3561,-1.2563629,41.285828,-1.1184177,13.919781237992538,47.670643,1,-0.3359363,-0.31123868
2023-09-06,Louis_DER_AU050_eobs_3264__2023__southbound_01,Louis / DER AU050 (eobs 3264),47.91658,8.57287,47.92391,8.572406,47.905537,8.557717,2.31764859944722,0.81573623,0,-0.011041865,-0.01515314
2023-09-07,Angela_DER_AY470_eobs_4001__2023__southbound_01,Angela / DER AY470 (eobs 4001),41.3561,-1.2563629,39.90985,-3.22335,40.4041,-2.525581,80.84985211371821,231.09927,1,-0.9520014,-1.269218
2023-09-07,Louis_DER_AU050_eobs_3264__2023__southbound_01,Louis / DER AU050 (eobs 3264),47.92391,8.572406,47.91136,8.564947,47.91686,8.559441,0.7362265058180743,1.5019615,0,-0.0070496053,-0.01296559
2023-09-08,Angela_DER_AY470_eobs_4001__2023__southbound_01,Angela / DER AY470 (eobs 4001),39.90985,-3.22335,39.43035,-3.2235072,39.138996,-3.9077487,67.21288735571052,53.318287,1,-0.7708544,-0.6843986
2023-09-08,Louis_DER_AU050_eobs_3264__2023__southbound_01,Louis / DER AU050 (eobs 3264),47.91136,8.564947,47.91132,8.561281,47.89727,8.543054,2.070436552056108,0.27327594,0,-0.014090084,-0.02189321
2023-09-09,Angela_DER_AY470_eobs_4001__2023__southbound_01,Angela / DER AY470 (eobs 4001),39.43035,-3.2235072,39.430233,-3.2235744,38.95708,-3.6356328,63.47439764984651,0.014295343,0,-0.4732695,-0.41212568
2023-09-09,Louis_DER_AU050_eobs_3264__2023__southbound_01,Louis / DER AU050 (eobs 3264),47.91132,8.561281,47.92068,8.565792,47.899807,8.538389,3.091758440413329,1.0937533,0,-0.011512786,-0.0228924
2023-09-10,Angela_DER_AY470_eobs_4001__2023__southbound_01,Angela / DER AY470 (eobs 4001),39.430233,-3.2235744,39.092033,-3.5311222,39.414913,-3.240508,43.76245491035117,45.99251,1,-0.01532121,-0.016933791
2023-09-10,Louis_DER_AU050_eobs_3264__2023__southbound_01,Louis / DER AU050 (eobs 3264),47.92068,8.565792,47.913177,8.558145,47.914936,8.556006,0.25225094113682195,1.010417,0,-0.0057452545,-0.009785511
2023-09-11,Angela_DER_AY470_eobs_4001__2023__southbound_01,Angela / DER AY470 (eobs 4001),39.092033,-3.5311222,38.54824,-3.9606621,38.690445,-3.9133816,16.33723137716357,71.00029,1,-0.4015881,-0.3822593
2023-09-11,Louis_DER_AU050_eobs_3264__2023__southbound_01,Louis / DER AU050 (eobs 3264),47.913177,8.558145,47.919415,8.578084,47.900005,8.536082,3.80240387299831,1.639857,0,-0.01317063,-0.022062168
2023-09-12,Angela_DER_AY470_eobs_4001__2023__southbound_01,Angela / DER AY470 (eobs 4001),38.54824,-3.9606621,37.81514,-4.7447667,38.107452,-4.353862,47.23279130563426,106.498344,1,-0.44078878,-0.3931995
2023-09-12,Louis_DER_AU050_eobs_3264__2023__southbound_01,Louis / DER AU050 (eobs 3264),47.919415,8.578084,47.918007,8.574199,47.91455,8.571357,0.43880080630438134,0.32916656,0,-0.0048656017,-0.0067269728
2023-09-13,Angela_DER_AY470_eobs_4001__2023__southbound_01,Angela / DER AY470 (eobs 4001),37.81514,-4.7447667,37.81411,-4.7478037,37.40786,-5.08791,54.204256708897645,0.29016957,0,-0.4072806,-0.3431435
2023-09-13,Louis_DER_AU050_eobs_3264__2023__southbound_01,Louis / DER AU050 (eobs 3264),47.918007,8.574199,47.917664,8.567795,47.906155,8.551817,1.7480966874596107,0.4787206,0,-0.011853561,-0.022382207
2023-09-14,Angela_DER_AY470_eobs_4001__2023__southbound_01,Angela / DER AY470 (eobs 4001),37.81411,-4.7478037,37.391205,-5.334648,37.79495,-4.769396,67.05047357558699,69.88604,1,-0.019161604,-0.021592319
2023-09-14,Louis_DER_AU050_eobs_3264__2023__southbound_01,Louis / DER AU050 (eobs 3264),47.917664,8.567795,47.637096,8.036494,47.906948,8.54668,48.51853691466228,50.492165,1,-0.01071579,-0.021114498
2023-09-15,Angela_DER_AY470_eobs_4001__2023__southbound_01,Angela / DER AY470 (eobs 4001),37.391205,-5.334648,36.610325,-6.118923,37.0477,-5.5548286,69.89922152201548,111.309654,1,-0.34350505,-0.22018042
2023-09-15,Louis_DER_AU050_eobs_3264__2023__southbound_01,Louis / DER AU050 (eobs 3264),47.637096,8.036494,46.49455,5.2768235,46.607197,6.6621833,106.67497726741621,244.58044,1,-1.0298984,-1.3743111
2023-09-16,Angela_DER_AY470_eobs_4001__2023__southbound_01,Angela / DER AY470 (eobs 4001),36.610325,-6.118923,36.608746,-6.12548,36.232044,-6.3566856,46.71742560651292,0.6109697,0,-0.3782812,-0.23776233
2023-09-16,Louis_DER_AU050_eobs_3264__2023__southbound_01,Louis / DER AU050 (eobs 3264),46.49455,5.2768235,46.072567,5.1616254,45.226868,4.229119,118.72880564193912,47.749935,1,-1.2676817,-1.0477046
2023-09-17,Angela_DER_AY470_eobs_4001__2023__southbound_01,Angela / DER AY470 (eobs 4001),36.608746,-6.12548,36.583847,-6.1236563,36.54208,-6.1674194,6.070134380128027,2.7734523,0,-0.06666737,-0.04193916
2023-09-17,Louis_DER_AU050_eobs_3264__2023__southbound_01,Louis / DER AU050 (eobs 3264),46.072567,5.1616254,46.095245,5.131583,44.922714,3.941103,160.01080430620047,3.4246023,0,-1.1498524,-1.2205223
2023-09-18,Angela_DER_AY470_eobs_4001__2023__southbound_01,Angela / DER AY470 (eobs 4001),36.583847,-6.1236563,36.60852,-6.1237483,36.476063,-6.151756,14.939661362431668,2.743373,0,-0.1077846,-0.0280995
2023-09-18,Louis_DER_AU050_eobs_3264__2023__southbound_01,Louis / DER AU050 (eobs 3264),46.095245,5.131583,46.03966,5.0795336,45.892136,4.7546883,29.991212021741315,7.370623,0,-0.20311141,-0.37689495
2023-09-19,Angela_DER_AY470_eobs_4001__2023__southbound_01,Angela / DER AY470 (eobs 4001),36.60852,-6.1237483,36.610138,-6.125458,36.59975,-6.1297593,1.2171806813752402,0.23587508,0,-0.008770332,-0.006011024
2023-09-19,Louis_DER_AU050_eobs_3264__2023__southbound_01,Louis / DER AU050 (eobs 3264),46.03966,5.0795336,43.734188,4.4630866,45.101814,3.9568906,157.2966995550628,260.91437,1,-0.93784577,-1.1226429
2023-09-20,Angela_DER_AY470_eobs_4001__2023__southbound_01,Angela / DER AY470 (eobs 4001),36.610138,-6.125458,36.608704,-6.1239758,36.600266,-6.135851,1.4156329771869987,0.2072761,0,-0.009872161,-0.010393187
2023-09-20,Louis_DER_AU050_eobs_3264__2023__southbound_01,Louis / DER AU050 (eobs 3264),43.734188,4.4630866,43.471405,3.576817,42.97658,3.5510688,55.061471527317295,77.11294,1,-0.75760543,-0.91201794
2023-09-21,Angela_DER_AY470_eobs_4001__2023__southbound_01,Angela / DER AY470 (eobs 4001),36.608704,-6.1239758,36.58682,-6.1266265,36.58657,-6.131156,0.4053519020093039,2.4448695,0,-0.022131428,-0.007180348
2023-09-21,Louis_DER_AU050_eobs_3264__2023__southbound_01,Louis / DER AU050 (eobs 3264),43.471405,3.576817,42.773163,2.9754596,43.144817,3.0485475,41.75195211546242,91.706856,1,-0.32658783,-0.52826947
2023-09-22,Angela_DER_AY470_eobs_4001__2023__southbound_01,Angela / DER AY470 (eobs 4001),36.58682,-6.1266265,36.581722,-6.127202,36.52648,-6.153079,6.562978898447217,0.5687394,0,-0.06033869,-0.026452571
2023-09-22,Louis_DER_AU050_eobs_3264__2023__southbound_01,Louis / DER AU050 (eobs 3264),42.773163,2.9754596,41.927773,2.2787344,42.14601,1.9787893,34.67716430093504,110.06592,1,-0.62715095,-0.9966702
2023-09-23,Angela_DER_AY470_eobs_4001__2023__southbound_01,Angela / DER AY470 (eobs 4001),36.581722,-6.127202,36.608486,-6.124026,36.542088,-6.1470118,7.663210379506661,2.9891481,0,-0.03963459,-0.019809648
2023-09-23,Louis_DER_AU050_eobs_3264__2023__southbound_01,Louis / DER AU050 (eobs 3264),41.927773,2.2787344,41.66765,0.9516398,41.321068,1.3253524,49.537571351023175,113.74873,1,-0.60670304,-0.95338196
2023-09-24,Angela_DER_AY470_eobs_4001__2023__southbound_01,Angela / DER AY470 (eobs 4001),36.608486,-6.124026,36.58293,-6.126055,36.596592,-6.1311674,1.5860759370207267,2.8470464,0,-0.011893958,-0.0071416497
2023-09-24,Louis_DER_AU050_eobs_3264__2023__southbound_01,Louis / DER AU050 (eobs 3264),41.66765,0.9516398,41.675026,0.9425638,41.42946,0.60178506,39.36670135114281,1.1140404,0,-0.23818997,-0.34985468
2023-09-25,Angela_DER_AY470_eobs_4001__2023__southbound_01,Angela / DER AY470 (eobs 4001),36.58293,-6.126055,36.582226,-6.1263785,36.55048,-6.1429024,3.826036950087047,0.08375912,0,-0.032451447,-0.016847566
2023-09-25,Louis_DER_AU050_eobs_3264__2023__southbound_01,Louis / DER AU050 (eobs 3264),41.675026,0.9425638,41.65914,0.9395932,41.655525,0.91752416,1.8770208564533364,1.7834089,0,-0.019501507,-0.025039598
2023-09-26,Angela_DER_AY470_eobs_4001__2023__southbound_01,Angela / DER AY470 (eobs 4001),36.582226,-6.1263785,36.581684,-6.1270156,36.554028,-6.144699,3.4570712975726825,0.08297333,0,-0.028197214,-0.0183205
2023-09-26,Louis_DER_AU050_eobs_3264__2023__southbound_01,Louis / DER AU050 (eobs 3264),41.65914,0.9395932,41.6088,0.6089633,41.64945,0.92904156,26.984203234666783,28.042213,0,-0.009693965,-0.010551624
2023-09-27,Angela_DER_AY470_eobs_4001__2023__southbound_01,Angela / DER AY470 (eobs 4001),36.581684,-6.1270156,36.573647,-6.1162515,36.544865,-6.153733,4.631379233176972,1.3123995,0,-0.036821235,-0.026717365
2023-09-27,Louis_DER_AU050_eobs_3264__2023__southbound_01,Louis / DER AU050 (eobs 3264),41.6088,0.6089633,41.58569,0.6376085,41.45622,0.46164888,20.539200223998936,3.5039062,0,-0.15258013,-0.14731441
2023-09-29,Europa_DER_A1A26_eobs_4004__2023__southbound_01,Europa / DER A1A26 (eobs 4004),40.235786,-3.6370227,40.231537,-3.6364124,40.224545,-3.6462734,1.1425190677056494,0.47555402,0,-0.0112416,-0.009250537
2023-09-30,Europa_DER_A1A26_eobs_4004__2023__southbound_01,Europa / DER A1A26 (eobs 4004),40.231537,-3.6364124,40.231194,-3.633216,40.20026,-3.6615806,4.199024747192681,0.27405384,0,-0.031275842,-0.025168069
2023-10-01,Europa_DER_A1A26_eobs_4004__2023__southbound_01,Europa / DER A1A26 (eobs 4004),40.231194,-3.633216,40.23124,-3.636884,40.21209,-3.6458707,2.261934978423994,0.31143627,0,-0.019104905,-0.012654804
2023-10-02,Europa_DER_A1A26_eobs_4004__2023__southbound_01,Europa / DER A1A26 (eobs 4004),40.23124,-3.636884,40.229904,-3.6338787,40.199486,-3.6716087,4.658790298899907,0.29517215,0,-0.03175238,-0.034724697
2023-10-03,Europa_DER_A1A26_eobs_4004__2023__southbound_01,Europa / DER A1A26 (eobs 4004),40.229904,-3.6338787,40.231808,-3.636237,40.205807,-3.6496139,3.106276521014548,0.29134613,0,-0.02409932,-0.015735187
2023-10-04,Europa_DER_A1A26_eobs_4004__2023__southbound_01,Europa / DER A1A26 (eobs 4004),40.231808,-3.636237,40.22992,-3.6338613,40.215263,-3.652863,2.293153828243859,0.2911416,0,-0.016545922,-0.016626202
2023-10-05,Europa_DER_A1A26_eobs_4004__2023__southbound_01,Europa / DER A1A26 (eobs 4004),40.22992,-3.6338613,40.229546,-3.634122,40.202198,-3.651716,3.3880626690141047,0.047213316,0,-0.02772265,-0.017854758
2023-10-06,Europa_DER_A1A26_eobs_4004__2023__southbound_01,Europa / DER A1A26 (eobs 4004),40.229546,-3.634122,40.23019,-3.6345153,40.18748,-3.6715872,5.697748728311832,0.07918878,0,-0.04206343,-0.03746523
2023-10-07,Europa_DER_A1A26_eobs_4004__2023__southbound_01,Europa / DER A1A26 (eobs 4004),40.23019,-3.6345153,40.23009,-3.6340768,40.215893,-3.6474075,1.9425537984056607,0.038895417,0,-0.014298201,-0.012892231
2023-10-08,Europa_DER_A1A26_eobs_4004__2023__southbound_01,Europa / DER A1A26 (eobs 4004),40.23009,-3.6340768,40.23044,-3.6324368,40.211136,-3.6457105,2.4242204814409356,0.14459,0,-0.018953823,-0.011633523
2023-10-09,Europa_DER_A1A26_eobs_4004__2023__southbound_01,Europa / DER A1A26 (eobs 4004),40.23044,-3.6324368,40.230083,-3.634061,40.216652,-3.641149,1.6101989847331917,0.14342768,0,-0.013786085,-0.008712277
2023-10-10,Europa_DER_A1A26_eobs_4004__2023__southbound_01,Europa / DER A1A26 (eobs 4004),40.230083,-3.634061,40.230698,-3.6332803,40.20109,-3.6631117,4.153735543961712,0.09496779,0,-0.028990667,-0.029050477
2023-10-11,Europa_DER_A1A26_eobs_4004__2023__southbound_01,Europa / DER A1A26 (eobs 4004),40.230698,-3.6332803,40.233276,-3.631,40.21966,-3.6404328,1.71264398516224,0.34600002,0,-0.011036798,-0.007152438
2023-10-12,Europa_DER_A1A26_eobs_4004__2023__southbound_01,Europa / DER A1A26 (eobs 4004),40.233276,-3.631,40.232605,-3.6311505,40.22289,-3.6378417,1.2206133095637561,0.07584171,0,-0.010389067,-0.0068415403
2023-10-13,Europa_DER_A1A26_eobs_4004__2023__southbound_01,Europa / DER A1A26 (eobs 4004),40.232605,-3.6311505,40.235107,-3.6291127,40.204865,-3.655766,4.053399789835201,0.32765594,0,-0.027739555,-0.02461543
2023-10-14,Europa_DER_A1A26_eobs_4004__2023__southbound_01,Europa / DER A1A26 (eobs 4004),40.235107,-3.6291127,40.232174,-3.631437,40.224995,-3.635362,0.8650441134328702,0.3810643,0,-0.010112718,-0.006249085
2023-10-15,Europa_DER_A1A26_eobs_4004__2023__southbound_01,Europa / DER A1A26 (eobs 4004),40.232174,-3.631437,40.23221,-3.6316261,40.203873,-3.6578844,3.8598163821369136,0.016459355,0,-0.02830251,-0.026447289
2023-10-16,Europa_DER_A1A26_eobs_4004__2023__southbound_01,Europa / DER A1A26 (eobs 4004),40.23221,-3.6316261,40.234295,-3.630145,40.213562,-3.6495924,2.8356525541959674,0.26391906,0,-0.018644534,-0.017966188
2023-10-17,Europa_DER_A1A26_eobs_4004__2023__southbound_01,Europa / DER A1A26 (eobs 4004),40.234295,-3.630145,40.366688,-3.6455913,40.224613,-3.635367,15.821774764107886,14.779834,0,-0.009682842,-0.0052217618
2023-10-18,Europa_DER_A1A26_eobs_4004__2023__southbound_01,Europa / DER A1A26 (eobs 4004),40.366688,-3.6455913,40.23544,-3.629885,40.35257,-3.6565387,13.219033790388707,14.654952,0,-0.014116518,-0.010947406
2023-10-19,Europa_DER_A1A26_eobs_4004__2023__southbound_01,Europa / DER A1A26 (eobs 4004),40.23544,-3.629885,40.23701,-3.6436038,40.171368,-3.670576,7.650194414334555,1.1775441,0,-0.0640713,-0.040691227
2023-10-20,Europa_DER_A1A26_eobs_4004__2023__southbound_01,Europa / DER A1A26 (eobs 4004),40.23701,-3.6436038,40.234486,-3.6300447,40.214035,-3.6652386,3.754866097051342,1.1847403,0,-0.022976376,-0.021634929
2023-10-21,Europa_DER_A1A26_eobs_4004__2023__southbound_01,Europa / DER A1A26 (eobs 4004),40.234486,-3.6300447,40.232517,-3.6314876,40.21602,-3.640072,1.9740293247866034,0.25079837,0,-0.018467143,-0.010027498
2023-10-22,Europa_DER_A1A26_eobs_4004__2023__southbound_01,Europa / DER A1A26 (eobs 4004),40.232517,-3.6314876,40.159996,-3.5694537,40.2022,-3.6581557,8.877504257410237,9.6327505,0,-0.030313741,-0.026668094
2023-10-23,Europa_DER_A1A26_eobs_4004__2023__southbound_01,Europa / DER A1A26 (eobs 4004),40.159996,-3.5694537,40.159676,-3.5727563,40.129566,-3.5869327,3.558260309506398,0.2829262,0,-0.03043041,-0.01747904
2023-10-24,Europa_DER_A1A26_eobs_4004__2023__southbound_01,Europa / DER A1A26 (eobs 4004),40.159676,-3.5727563,40.159527,-3.563257,40.135815,-3.594918,3.7674720549358605,0.8074395,0,-0.023859307,-0.022161685
2023-10-25,Europa_DER_A1A26_eobs_4004__2023__southbound_01,Europa / DER A1A26 (eobs 4004),40.159527,-3.563257,40.294266,-3.63184,40.146435,-3.5699916,17.25646849432044,16.07368,0,-0.013093583,-0.006734632
2023-10-26,Europa_DER_A1A26_eobs_4004__2023__southbound_01,Europa / DER A1A26 (eobs 4004),40.294266,-3.63184,40.294125,-3.631803,40.280285,-3.6424716,1.785248159754917,0.01579157,0,-0.013981521,-0.010631546
2023-10-27,Europa_DER_A1A26_eobs_4004__2023__southbound_01,Europa / DER A1A26 (eobs 4004),40.294125,-3.631803,40.29405,-3.6313908,40.267708,-3.6503496,3.3414265643920578,0.036060162,0,-0.026415065,-0.018546626
2023-10-28,Europa_DER_A1A26_eobs_4004__2023__southbound_01,Europa / DER A1A26 (eobs 4004),40.29405,-3.6313908,40.294094,-3.6313875,40.27801,-3.6388936,1.8982823527212878,0.0052447612,0,-0.016038887,-0.007502705
2023-10-29,Europa_DER_A1A26_eobs_4004__2023__southbound_01,Europa / DER A1A26 (eobs 4004),40.294094,-3.6313875,40.293938,-3.6303704,40.28426,-3.636778,1.205591412605067,0.08797644,0,-0.009833068,-0.005390741
2023-10-30,Europa_DER_A1A26_eobs_4004__2023__southbound_01,Europa / DER A1A26 (eobs 4004),40.293938,-3.6303704,40.294025,-3.6306791,40.280483,-3.6371803,1.6036169811529841,0.02798572,0,-0.013454758,-0.0068099573
2023-10-31,Europa_DER_A1A26_eobs_4004__2023__southbound_01,Europa / DER A1A26 (eobs 4004),40.294025,-3.6306791,40.233955,-3.6288927,40.27783,-3.6447942,5.061632142207888,6.68133,0,-0.01619853,-0.014115065
2023-11-01,Europa_DER_A1A26_eobs_4004__2023__southbound_01,Europa / DER A1A26 (eobs 4004),40.233955,-3.6288927,40.294243,-3.630768,40.195965,-3.6547635,11.116187025890047,6.7054505,0,-0.037990406,-0.025870733
2023-11-02,Europa_DER_A1A26_eobs_4004__2023__southbound_01,Europa / DER A1A26 (eobs 4004),40.294243,-3.630768,40.294476,-3.630686,40.283333,-3.637022,1.350545267502022,0.02674193,0,-0.010910794,-0.006253861
2023-11-03,Europa_DER_A1A26_eobs_4004__2023__southbound_01,Europa / DER A1A26 (eobs 4004),40.294476,-3.630686,40.294044,-3.6306248,40.28524,-3.634876,1.0432903159508768,0.048162032,0,-0.009235837,-0.0041899905
2023-11-04,Europa_DER_A1A26_eobs_4004__2023__southbound_01,Europa / DER A1A26 (eobs 4004),40.294044,-3.6306248,40.294518,-3.6306653,40.275143,-3.6452742,2.485348754580533,0.052774444,0,-0.018900707,-0.014649302
2023-11-05,Europa_DER_A1A26_eobs_4004__2023__southbound_01,Europa / DER A1A26 (eobs 4004),40.294518,-3.6306653,40.29401,-3.6303928,40.284798,-3.635445,1.1104054587360062,0.06105275,0,-0.009720705,-0.0047797114
2023-11-06,Europa_DER_A1A26_eobs_4004__2023__southbound_01,Europa / DER A1A26 (eobs 4004),40.29401,-3.6303928,40.294495,-3.630813,40.27522,-3.643268,2.389599158042524,0.064784974,0,-0.018790789,-0.012875311
2023-11-07,Europa_DER_A1A26_eobs_4004__2023__southbound_01,Europa / DER A1A26 (eobs 4004),40.294495,-3.630813,40.294518,-3.6308484,40.28316,-3.6380713,1.4035367135960513,0.003922406,0,-0.01133275,-0.007258326
2023-11-08,Europa_DER_A1A26_eobs_4004__2023__southbound_01,Europa / DER A1A26 (eobs 4004),40.294518,-3.6308484,40.29398,-3.63043,40.282383,-3.639251,1.490835955920927,0.069742784,0,-0.012132883,-0.008402638
2023-11-09,Europa_DER_A1A26_eobs_4004__2023__southbound_01,Europa / DER A1A26 (eobs 4004),40.29398,-3.63043,40.230637,-3.632524,40.27708,-3.6411426,5.215872495378637,7.045593,0,-0.016900353,-0.010712557
2023-11-10,Europa_DER_A1A26_eobs_4004__2023__southbound_01,Europa / DER A1A26 (eobs 4004),40.230637,-3.632524,40.29462,-3.6304753,40.20377,-3.6517444,10.262166170311218,7.1168957,0,-0.026866607,-0.019220397
2023-11-11,Europa_DER_A1A26_eobs_4004__2023__southbound_01,Europa / DER A1A26 (eobs 4004),40.29462,-3.6304753,40.15533,-3.5734997,40.285275,-3.6340435,15.336274299065133,16.226252,0,-0.009346202,-0.003568232
2023-11-12,Europa_DER_A1A26_eobs_4004__2023__southbound_01,Europa / DER A1A26 (eobs 4004),40.15533,-3.5734997,40.230537,-3.632368,40.12288,-3.59185,12.456198925998953,9.743647,0,-0.032453433,-0.018350467
