target_date,path_id,source_bird_id,current_lat,current_lon,target_lat,target_lon,pred_lat,pred_lon,error_km,target_step_km,true_fly_label,fly_probability,selected_fly_threshold,predicted_distance_km,gated_pred_lat,gated_pred_lon,gated_error_km
2019-09-30,Zozu_plus_DER_AL581_eobs2541__2019__southbound_01,Zozu + / DER AL581 (eobs2541),41.628872,0.8014373,41.610172,0.6158781,41.59425,0.7582229997367602,11.967472193246577,15.564396,0,0.6277202,0.70815045,5.255926,41.628872,0.8014373183250427,15.564366484500551
2019-10-01,Angela_DER_AY470_eobs_4001__2019__southbound_01,Angela / DER AY470 (eobs 4001),40.309586,-3.590592,40.309235,-3.5893958,40.303505,-3.601763365085223,1.2270929349959698,0.108814016,0,0.11709933,0.70815045,1.1617242,40.309586,-3.5905919075012207,0.1086734255866391
2019-10-01,Europa_DER_A1A26_eobs_4004__2019__southbound_01,Europa / DER A1A26 (eobs 4004),40.318104,-3.6031704,40.314896,-3.6239924,40.30555,-3.6228543288425445,1.0437011759486914,1.801085,0,0.41392356,0.70815045,2.1718242,40.318104,-3.603170394897461,1.8010636447754116
2019-10-01,Mirabell_plus_DER_AN910_eobs_3907__2019__southbound_01,Mirabell + / DER AN910 (eobs 3907),36.090656,-5.482593,34.742,-5.9899926,36.07984,-5.493585831502286,155.4141568276111,156.85355,1,0.2001153,0.70815045,1.5533526,36.090656,-5.482593059539795,156.8538107739454
2019-10-01,Muffine_DER_AN922_eobs_3921__2019__southbound_01,Muffine / DER AN922 (eobs 3921),41.65408,0.9461591,41.657845,0.9514446,41.640083,0.9230480780767489,3.076905249234043,0.6069844,0,0.304887,0.70815045,2.467347,41.65408,0.9461591243743896,0.6067124763929975
2019-10-01,Sara_plus_DER_AU017_eobs_3941__2019__southbound_01,Sara + / DER AU017 (eobs 3941),41.560146,0.6233609,41.658302,0.9518535,41.53977,0.594037892976578,32.542003640042196,29.410828,0,0.44552,0.70815045,3.3239465,41.560146,0.6233608722686768,29.410891288253193
2019-10-01,Zozu_plus_DER_AL581_eobs2541__2019__southbound_01,Zozu + / DER AL581 (eobs2541),41.610172,0.6158781,41.61058,0.6164846,41.546032,0.5417545363064499,9.494988321697894,0.06801115,0,0.7879883,0.70815045,9.40916,41.546032,0.5417545363064499,9.494988321697894
2019-10-02,Angela_DER_AY470_eobs_4001__2019__southbound_01,Angela / DER AY470 (eobs 4001),40.309235,-3.5893958,40.30856,-3.591333,40.302116,-3.6020546038787673,1.157534174814908,0.18051887,0,0.14333715,0.70815045,1.3314131,40.309235,-3.589395761489868,0.1806036675313949
2019-10-02,Europa_DER_A1A26_eobs_4004__2019__southbound_01,Europa / DER A1A26 (eobs 4004),40.314896,-3.6239924,40.320724,-3.6107945,40.295483,-3.653244596145282,4.564500848961811,1.2930955,0,0.55438185,0.70815045,3.2822456,40.314896,-3.623992443084717,1.2931125108308388
2019-10-02,Mirabell_plus_DER_AN910_eobs_3907__2019__southbound_01,Mirabell + / DER AN910 (eobs 3907),34.742,-5.9899926,34.549515,-6.259326,34.606274,-6.085684851237301,17.104360189266192,32.636658,1,0.83844596,0.70815045,17.411318,34.606274,-6.085684851237301,17.104360189266192
2019-10-02,Muffine_DER_AN922_eobs_3921__2019__southbound_01,Muffine / DER AN922 (eobs 3921),41.657845,0.9514446,41.658543,0.9512472,41.644024,0.927198851708122,2.568773624915806,0.07931145,0,0.3083046,0.70815045,2.5292487,41.657845,0.9514446258544922,0.07933770200398386
2019-10-02,Sara_plus_DER_AU017_eobs_3941__2019__southbound_01,Sara + / DER AU017 (eobs 3941),41.658302,0.9518535,41.667473,0.9496242,41.646927,0.9333010829844532,2.65676679649189,1.036569,0,0.2718982,0.70815045,1.9904773,41.658302,0.9518535137176514,1.0363980152986676
2019-10-02,Zozu_plus_DER_AL581_eobs2541__2019__southbound_01,Zozu + / DER AL581 (eobs2541),41.61058,0.6164846,41.595863,0.616094,41.594784,0.5945182453500721,1.7981963840754054,1.6368636,0,0.38349894,0.70815045,2.5295415,41.61058,0.6164845824241638,1.6367915662353323
2019-10-03,Angela_DER_AY470_eobs_4001__2019__southbound_01,Angela / DER AY470 (eobs 4001),40.30856,-3.591333,40.240124,-3.6370776,40.294365,-3.6130343683029627,6.367000321568563,8.542219,0,0.28805658,0.70815045,2.4201682,40.30856,-3.5913329124450684,8.542168906038803
2019-10-03,Europa_DER_A1A26_eobs_4004__2019__southbound_01,Europa / DER A1A26 (eobs 4004),40.320724,-3.6107945,40.31553,-3.624319,40.312824,-3.6237219221034356,0.30497268193749605,1.2839785,0,0.24605352,0.70815045,1.4020374,40.320724,-3.6107945442199707,1.283959217373856
2019-10-03,Mirabell_plus_DER_AN910_eobs_3907__2019__southbound_01,Mirabell + / DER AN910 (eobs 3907),34.549515,-6.259326,34.577053,-6.2751236,34.48135,-6.307489409918162,11.047031484798016,3.3866804,0,0.7046013,0.70815045,8.754124,34.549515,-6.259325981140137,3.386617341148144
2019-10-03,Muffine_DER_AN922_eobs_3921__2019__southbound_01,Muffine / DER AN922 (eobs 3921),41.658543,0.9512472,41.657887,0.9380409,41.639915,0.9191291795629452,2.542104644253213,1.0995613,0,0.40084782,0.70815045,3.3719046,41.658543,0.9512472152709961,1.0995554858669887
2019-10-03,Sara_plus_DER_AU017_eobs_3941__2019__southbound_01,Sara + / DER AU017 (eobs 3941),41.667473,0.9496242,41.67074,0.9411226,41.6523,0.9257433750187142,2.415551395900497,0.7940385,0,0.33182278,0.70815045,2.599482,41.667473,0.9496241807937622,0.7940418146737728
2019-10-03,Zozu_plus_DER_AL581_eobs2541__2019__southbound_01,Zozu + / DER AL581 (eobs2541),41.595863,0.616094,41.610508,0.6167896,41.569454,0.583002275931482,5.36046231672984,1.6291231,0,0.52592313,0.70815045,4.01739,41.595863,0.6160939931869507,1.6294367658519364
2019-10-04,Angela_DER_AY470_eobs_4001__2019__southbound_01,Angela / DER AY470 (eobs 4001),40.240124,-3.6370776,40.31994,-3.590066,40.225994,-3.658088172199152,11.934240816641967,9.729896,0,0.30000573,0.70815045,2.3725348,40.240124,-3.637077569961548,9.72986040049497
2019-10-04,Europa_DER_A1A26_eobs_4004__2019__southbound_01,Europa / DER A1A26 (eobs 4004),40.31553,-3.624319,40.31508,-3.6234944,40.306267,-3.6388124168693667,1.6269855955717065,0.08582349,0,0.27654296,0.70815045,1.6004498,40.31553,-3.624319076538086,0.0859904283490808
2019-10-04,Mirabell_plus_DER_AN910_eobs_3907__2019__southbound_01,Mirabell + / DER AN910 (eobs 3907),34.577053,-6.2751236,34.575954,-6.268496,34.55852,-6.290090510294314,2.7690078289600275,0.6189888,0,0.31122166,0.70815045,2.470246,34.577053,-6.275123596191406,0.6189588030065318
2019-10-04,Muffine_DER_AN922_eobs_3921__2019__southbound_01,Muffine / DER AN922 (eobs 3921),41.657887,0.9380409,41.65894,0.9506842,41.629345,0.8930899496831188,5.807980660115697,1.056834,0,0.54058856,0.70815045,4.892295,41.657887,0.9380409121513367,1.0568592675284134
2019-10-04,Sara_plus_DER_AU017_eobs_3941__2019__southbound_01,Sara + / DER AU017 (eobs 3941),41.67074,0.9411226,41.669487,0.6590449,41.652786,0.9145010473013224,21.302506472066327,23.430073,0,0.36899668,0.70815045,2.9737034,41.67074,0.9411225914955139,23.43007479098299
2019-10-04,Zozu_plus_DER_AL581_eobs2541__2019__southbound_01,Zozu + / DER AL581 (eobs2541),41.610508,0.6167896,41.610683,0.6169417,41.595936,0.5974925030842044,2.303108661113065,0.023515446,0,0.29330057,0.70815045,2.276118,41.610508,0.6167895793914795,0.023251817113846815
2019-10-05,Angela_DER_AY470_eobs_4001__2019__southbound_01,Angela / DER AY470 (eobs 4001),40.31994,-3.590066,40.32024,-3.5903344,40.31167,-3.6040024337390566,1.5004524061393243,0.040545892,0,0.17858247,0.70815045,1.4946504,40.31994,-3.5900659561157227,0.040508332418621736
2019-10-05,Europa_DER_A1A26_eobs_4004__2019__southbound_01,Europa / DER A1A26 (eobs 4004),40.31508,-3.6234944,40.318096,-3.6108007,40.307774,-3.6350155309325283,2.3522067863078577,1.1271979,0,0.22505349,0.70815045,1.2683241,40.31508,-3.6234943866729736,1.1273084655608905
2019-10-05,Mirabell_plus_DER_AN910_eobs_3907__2019__southbound_01,Mirabell + / DER AN910 (eobs 3907),34.575954,-6.268496,34.57569,-6.270251,34.565826,-6.277546171526973,1.2842954120015464,0.16327731,0,0.14796327,0.70815045,1.3955784,34.575954,-6.268496036529541,0.163301959949085
2019-10-05,Muffine_DER_AN922_eobs_3921__2019__southbound_01,Muffine / DER AN922 (eobs 3921),41.65894,0.9506842,41.6328,0.9337152,41.643047,0.9235764883642159,1.4170337880848574,3.230313,0,0.35617608,0.70815045,2.8576372,41.65894,0.9506841897964478,3.2304073991891213
2019-10-05,Sara_plus_DER_AU017_eobs_3941__2019__southbound_01,Sara + / DER AU017 (eobs 3941),41.669487,0.6590449,41.61342,0.6172626,41.633293,0.6115497211041312,2.260396907457498,7.135888,0,0.59005237,0.70815045,5.625848,41.669487,0.6590449213981628,7.136131662752569
2019-10-05,Zozu_plus_DER_AL581_eobs2541__2019__southbound_01,Zozu + / DER AL581 (eobs2541),41.610683,0.6169417,41.61029,0.6167641,41.599697,0.6020820248379202,1.6963926490017844,0.04637831,0,0.2050627,0.70815045,1.7343346,41.610683,0.6169416904449463,0.04611664347408086
2019-10-06,Angela_DER_AY470_eobs_4001__2019__southbound_01,Angela / DER AY470 (eobs 4001),40.32024,-3.5903344,40.309612,-3.5993412,40.311775,-3.605546342890713,0.5785111024889723,1.4070065,0,0.19498445,0.70815045,1.5937841,40.32024,-3.590334415435791,1.407017342863722
2019-10-06,Europa_DER_A1A26_eobs_4004__2019__southbound_01,Europa / DER A1A26 (eobs 4004),40.318096,-3.6108007,40.318092,-3.6107912,40.31227,-3.620354307111298,1.037501652338896,0.00087278016,0,0.17982137,0.70815045,1.0353746,40.318096,-3.6108007431030273,0.0009130566327283859
2019-10-06,Mirabell_plus_DER_AN910_eobs_3907__2019__southbound_01,Mirabell + / DER AN910 (eobs 3907),34.57569,-6.270251,34.6548,-6.2701974,34.56185,-6.282385555792993,10.395480378586337,8.796428,0,0.19616097,0.70815045,1.8946972,34.57569,-6.2702507972717285,8.796554297575401
2019-10-06,Muffine_DER_AN922_eobs_3921__2019__southbound_01,Muffine / DER AN922 (eobs 3921),41.6328,0.9337152,41.645718,0.95446366,41.608315,0.8969101765726156,6.338844999562217,2.2440295,0,0.5036425,0.70815045,4.087944,41.6328,0.9337152242660522,2.2440474109995425
2019-10-06,Sara_plus_DER_AU017_eobs_3941__2019__southbound_01,Sara + / DER AU017 (eobs 3941),41.61342,0.6172626,41.61643,0.61756337,41.574654,0.5698322637167264,6.109976972755164,0.33524162,0,0.6133415,0.70815045,5.8315697,41.61342,0.617262601852417,0.3356072112604862
2019-10-06,Zozu_plus_DER_AL581_eobs2541__2019__southbound_01,Zozu + / DER AL581 (eobs2541),41.61029,0.6167641,41.539074,0.61516553,41.585495,0.587748173673169,5.643370814483979,7.920052,0,0.4461388,0.70815045,3.6569312,41.61029,0.6167641282081604,7.920050116639857
2019-10-07,Angela_DER_AY470_eobs_4001__2019__southbound_01,Angela / DER AY470 (eobs 4001),40.309612,-3.5993412,40.311607,-3.5891268,40.299084,-3.6172354257973622,2.7605445615614603,0.8940414,0,0.25697252,0.70815045,1.9131294,40.309612,-3.5993411540985107,0.894050416839266
2019-10-07,Europa_DER_A1A26_eobs_4004__2019__southbound_01,Europa / DER A1A26 (eobs 4004),40.318092,-3.6107912,40.31815,-3.610764,40.31235,-3.620045113090906,1.0173088280051854,0.0067579583,0,0.17472173,0.70815045,1.0096915,40.318092,-3.6107912063598633,0.0067670647470936705
2019-10-07,Mirabell_plus_DER_AN910_eobs_3907__2019__southbound_01,Mirabell + / DER AN910 (eobs 3907),34.6548,-6.2701974,34.573524,-6.270136,34.644234,-6.2803468783740595,7.917858548037493,9.037176,0,0.14571843,0.70815045,1.4949483,34.6548,-6.27019739151001,9.037486415947772
2019-10-07,Muffine_DER_AN922_eobs_3921__2019__southbound_01,Muffine / DER AN922 (eobs 3921),41.645718,0.95446366,41.575005,0.61446726,41.633392,0.9339576485417292,27.346228469849343,29.339867,0,0.27867934,0.70815045,2.182953,41.645718,0.9544636607170105,29.339880271817336
2019-10-07,Sara_plus_DER_AU017_eobs_3941__2019__southbound_01,Sara + / DER AU017 (eobs 3941),41.61643,0.61756337,41.793343,0.8094832,41.59987,0.5948237446716452,27.936785997881458,25.314695,0,0.34439,0.70815045,2.634341,41.61643,0.6175633668899536,25.314607982405285
2019-10-07,Zozu_plus_DER_AL581_eobs2541__2019__southbound_01,Zozu + / DER AL581 (eobs2541),41.539074,0.61516553,41.537872,0.6150104,41.507477,0.5809710851664481,4.410636517487495,0.13411836,0,0.521394,0.70815045,4.5136766,41.539074,0.6151655316352844,0.13423786067130242
2019-10-08,Angela_DER_AY470_eobs_4001__2019__southbound_01,Angela / DER AY470 (eobs 4001),40.311607,-3.5891268,40.319916,-3.599183,40.30488,-3.601488506270443,1.6834872688384273,1.2571043,0,0.15642856,0.70815045,1.2855382,40.311607,-3.5891268253326416,1.2571676333638973
2019-10-08,Europa_DER_A1A26_eobs_4004__2019__southbound_01,Europa / DER A1A26 (eobs 4004),40.31815,-3.610764,40.30967,-3.610823,40.31318,-3.619169681077688,0.8081871967154008,0.94295865,0,0.15017559,0.70815045,0.9003724,40.31815,-3.6107640266418457,0.9429555084556325
2019-10-08,Mirabell_plus_DER_AN910_eobs_3907__2019__southbound_01,Mirabell + / DER AN910 (eobs 3907),34.573524,-6.270136,34.62109,-6.270438,34.558617,-6.282808822228215,7.038416541438132,5.288877,0,0.20084892,0.70815045,2.0197566,34.573524,-6.270135879516602,5.289117549298995
2019-10-08,Muffine_DER_AN922_eobs_3921__2019__southbound_01,Muffine / DER AN922 (eobs 3921),41.575005,0.61446726,41.541462,0.5643025,41.52768,0.5522316576025788,1.8325315142469663,5.5975504,0,0.6777057,0.70815045,7.3691034,41.575005,0.6144672632217407,5.597612631012932
2019-10-08,Sara_plus_DER_AU017_eobs_3941__2019__southbound_01,Sara + / DER AU017 (eobs 3941),41.793343,0.8094832,41.635834,0.6868267,41.782986,0.794367780584816,18.639349113329093,20.25825,0,0.20353988,0.70815045,1.6989214,41.793343,0.8094831705093384,20.258300129024597
2019-10-08,Zozu_plus_DER_AL581_eobs2541__2019__southbound_01,Zozu + / DER AL581 (eobs2541),41.537872,0.6150104,41.61028,0.6166048,41.50743,0.5829811896697179,11.773417805626798,8.052562,0,0.50780976,0.70815045,4.3010144,41.537872,0.6150103807449341,8.052368841675856
2019-10-09,Angela_DER_AY470_eobs_4001__2019__southbound_01,Angela / DER AY470 (eobs 4001),40.319916,-3.599183,40.314617,-3.624203,40.31237,-3.6133985234368065,0.949545091357913,2.201492,0,0.17898212,0.70815045,1.4659995,40.319916,-3.5991830825805664,2.201570132793924
2019-10-09,Europa_DER_A1A26_eobs_4004__2019__southbound_01,Europa / DER A1A26 (eobs 4004),40.30967,-3.610823,40.263287,-3.6335907,40.30199,-3.622809159472437,4.399787790492418,5.507276,0,0.2482816,0.70815045,1.3250389,40.30967,-3.610822916030884,5.507258022540081
2019-10-09,Mirabell_plus_DER_AN910_eobs_3907__2019__southbound_01,Mirabell + / DER AN910 (eobs 3907),34.62109,-6.270438,34.5758,-6.267915,34.61001,-6.280873282621156,3.984250815641225,5.0408072,0,0.14801373,0.70815045,1.5560217,34.62109,-6.270438194274902,5.041106338296071
2019-10-09,Muffine_DER_AN922_eobs_3921__2019__southbound_01,Muffine / DER AN922 (eobs 3921),41.541462,0.5643025,41.537674,0.6149191,41.501095,0.5113497267500322,9.533875962258756,4.233782,0,0.6417391,0.70815045,6.2795987,41.541462,0.5643025040626526,4.2337897309173025
2019-10-09,Sara_plus_DER_AU017_eobs_3941__2019__southbound_01,Sara + / DER AU017 (eobs 3941),41.635834,0.6868267,41.531277,0.4927269,41.61176,0.6557253567152822,16.246544443414006,19.894474,0,0.43236694,0.70815045,3.71464,41.635834,0.6868267059326172,19.894496726710486
2019-10-09,Zozu_plus_DER_AL581_eobs2541__2019__southbound_01,Zozu + / DER AL581 (eobs2541),41.61028,0.6166048,41.5378,0.6153485,41.596447,0.5992749155717149,6.656966160223135,8.060258,0,0.25745946,0.70815045,2.103915,41.61028,0.6166048049926758,8.060013317294032
2019-10-10,Angela_DER_AY470_eobs_4001__2019__southbound_01,Angela / DER AY470 (eobs 4001),40.314617,-3.624203,40.184715,-3.6242607,40.30237,-3.6454791303663825,13.205799816980852,14.444453,0,0.3038744,0.70815045,2.256465,40.314617,-3.6242029666900635,14.444451464718775
2019-10-10,Europa_DER_A1A26_eobs_4004__2019__southbound_01,Europa / DER A1A26 (eobs 4004),40.263287,-3.6335907,40.314453,-3.6328938,40.249043,-3.6537403701988715,7.485224406286784,5.69007,0,0.44534716,0.70815045,2.326548,40.263287,-3.6335906982421875,5.689773951218071
2019-10-10,Mirabell_plus_DER_AN910_eobs_3907__2019__southbound_01,Mirabell + / DER AN910 (eobs 3907),34.5758,-6.267915,34.67511,-6.2699747,34.56047,-6.2808192707895545,12.785893929172259,11.043925,0,0.20236556,0.70815045,2.0704248,34.5758,-6.267914772033691,11.044171087202507
2019-10-10,Sara_plus_DER_AU017_eobs_3941__2019__southbound_01,Sara + / DER AU017 (eobs 3941),41.531277,0.4927269,41.524155,0.43048176,41.489033,0.44218817774467545,4.025206659055247,5.2417607,0,0.6273985,0.70815045,6.2947545,41.531277,0.4927268922328949,5.241736407716416
2019-10-10,Zozu_plus_DER_AL581_eobs2541__2019__southbound_01,Zozu + / DER AL581 (eobs2541),41.5378,0.6153485,41.59592,0.616196,41.51569,0.5899081864533506,9.185502243904338,6.4632597,0,0.41780934,0.70815045,3.2390816,41.5378,0.6153485178947449,6.463123521136117
2019-10-11,Angela_DER_AY470_eobs_4001__2019__southbound_01,Angela / DER AY470 (eobs 4001),40.184715,-3.6242607,39.845528,-4.2743297,40.17076,-3.647176404659846,64.50553214212988,66.98726,1,0.34335053,0.70815045,2.485007,40.184715,-3.624260663986206,66.9871562916801
2019-10-11,Europa_DER_A1A26_eobs_4004__2019__southbound_01,Europa / DER A1A26 (eobs 4004),40.314453,-3.6328938,40.184998,-3.5705547,40.30651,-3.645870352898811,14.947465226491085,15.336437,0,0.2625122,0.70815045,1.4084822,40.314453,-3.6328938007354736,15.336272505616478
2019-10-11,Mirabell_plus_DER_AN910_eobs_3907__2019__southbound_01,Mirabell + / DER AN910 (eobs 3907),34.67511,-6.2699747,34.66516,-6.2728286,34.664867,-6.2796648638915675,0.626078698026955,1.1366909,0,0.13071008,0.70815045,1.4403663,34.67511,-6.269974708557129,1.1366198777504546
2019-10-11,Zozu_plus_DER_AL581_eobs2541__2019__southbound_01,Zozu + / DER AL581 (eobs2541),41.59592,0.616196,41.602955,0.6165084,41.582165,0.5990189108873976,2.731233038214171,0.782733,0,0.2707042,0.70815045,2.08921,41.59592,0.6161959767341614,0.7826111137941623
2019-10-12,Angela_DER_AY470_eobs_4001__2019__southbound_01,Angela / DER AY470 (eobs 4001),39.845528,-4.2743297,40.03709,-4.659628,39.79612,-4.336710573751568,38.42387118753495,39.14986,1,0.7343681,0.70815045,7.6382246,39.79612,-4.336710573751568,38.42387118753495
2019-10-12,Europa_DER_A1A26_eobs_4004__2019__southbound_01,Europa / DER A1A26 (eobs 4004),40.184998,-3.5705547,40.263615,-3.624157,40.17619,-3.584249796811341,10.29483423328468,9.855519,0,0.28583848,0.70815045,1.5179828,40.184998,-3.570554733276367,9.855437525149734
2019-10-12,Mirabell_plus_DER_AN910_eobs_3907__2019__southbound_01,Mirabell + / DER AN910 (eobs 3907),34.66516,-6.2728286,34.677986,-6.2797837,34.65377,-6.283526547970577,2.714336895841059,1.5614245,0,0.14890365,0.70815045,1.5976374,34.66516,-6.272828578948975,1.5614910894960223
2019-10-12,Zozu_plus_DER_AL581_eobs2541__2019__southbound_01,Zozu + / DER AL581 (eobs2541),41.602955,0.6165084,41.59596,0.6161943,41.593346,0.6028571892514724,1.1465218302413305,0.77850914,0,0.18294816,0.70815045,1.5559878,41.602955,0.616508424282074,0.7783763530223778
2019-10-13,Angela_DER_AY470_eobs_4001__2019__southbound_01,Angela / DER AY470 (eobs 4001),40.03709,-4.659628,39.9955,-4.648759,40.014626,-4.693064030024261,4.3317169289443616,4.7163844,0,0.52140224,0.70815045,3.780604,40.03709,-4.659627914428711,4.716502446397373
2019-10-13,Europa_DER_A1A26_eobs_4004__2019__southbound_01,Europa / DER A1A26 (eobs 4004),40.263615,-3.624157,40.26136,-3.6350014,40.256203,-3.6367737587699254,0.5928777579466789,0.9536689,0,0.24167481,0.70815045,1.3486967,40.263615,-3.624156951904297,0.9537121584702057
2019-10-13,Mirabell_plus_DER_AN910_eobs_3907__2019__southbound_01,Mirabell + / DER AN910 (eobs 3907),34.677986,-6.2797837,34.68023,-6.254367,34.666637,-6.290929706368682,3.6692938648074755,2.3375192,0,0.15104441,0.70815045,1.6191106,34.677986,-6.279783725738525,2.3374982894591345
2019-10-13,Zozu_plus_DER_AL581_eobs2541__2019__southbound_01,Zozu + / DER AL581 (eobs2541),41.59596,0.6161943,41.61031,0.6166738,41.580063,0.594958345429707,3.8174143318613836,1.5960696,0,0.3136573,0.70815045,2.4942904,41.59596,0.6161943078041077,1.596246509880487
2019-10-14,Angela_DER_AY470_eobs_4001__2019__southbound_01,Angela / DER AY470 (eobs 4001),39.9955,-4.648759,39.84312,-4.2544575,39.98116,-4.670744704098932,38.6808149514051,37.65398,1,0.37444428,0.70815045,2.4553528,39.9955,-4.648758888244629,37.653943951614245
2019-10-14,Europa_DER_A1A26_eobs_4004__2019__southbound_01,Europa / DER A1A26 (eobs 4004),40.26136,-3.6350014,40.25981,-3.6353517,40.24751,-3.6564604317144784,2.2539494678658367,0.17484055,0,0.437254,0.70815045,2.3807745,40.26136,-3.6350014209747314,0.1747607814522742
2019-10-14,Mirabell_plus_DER_AN910_eobs_3907__2019__southbound_01,Mirabell + / DER AN910 (eobs 3907),34.68023,-6.254367,34.67375,-6.256478,34.671722,-6.263363941828147,0.6689362185292881,0.74571836,0,0.10815068,0.70815045,1.251497,34.68023,-6.254366874694824,0.7456690648709191
2019-10-14,Zozu_plus_DER_AL581_eobs2541__2019__southbound_01,Zozu + / DER AL581 (eobs2541),41.61031,0.6166738,41.537804,0.61668706,41.598667,0.5986182915310024,6.9326482130787594,8.062116,0,0.2505747,0.70815045,1.9788526,41.61031,0.6166738271713257,8.062305105957373
2019-10-15,Angela_DER_AY470_eobs_4001__2019__southbound_01,Angela / DER AY470 (eobs 4001),39.84312,-4.2544575,39.85417,-4.2544293,39.831764,-4.272411235375224,2.9266040418961587,1.2291751,0,0.30002594,0.70815045,1.9823895,39.84312,-4.254457473754883,1.2288389690274697
2019-10-15,Europa_DER_A1A26_eobs_4004__2019__southbound_01,Europa / DER A1A26 (eobs 4004),40.25981,-3.6353517,40.31291,-3.5207975,40.24619,-3.6563650641705117,13.685593991235015,11.369806,0,0.44492808,0.70815045,2.3354182,40.25981,-3.6353516578674316,11.369831632452728
2019-10-15,Mirabell_plus_DER_AN910_eobs_3907__2019__southbound_01,Mirabell + / DER AN910 (eobs 3907),34.67375,-6.256478,34.669426,-6.2579274,34.65873,-6.270315334325542,1.6426429719479028,0.49863538,0,0.19845378,0.70815045,2.091906,34.67375,-6.2564778327941895,0.49894767646268723
2019-10-15,Zozu_plus_DER_AL581_eobs2541__2019__southbound_01,Zozu + / DER AL581 (eobs2541),41.537804,0.61668706,41.558517,0.6160806,41.51972,0.5918338289464287,4.762944190539062,2.3036532,0,0.4039396,0.70815045,2.8798347,41.537804,0.6166870594024658,2.3038262265920055
2019-10-16,Angela_DER_AY470_eobs_4001__2019__southbound_01,Angela / DER AY470 (eobs 4001),39.85417,-4.2544293,39.854153,-4.253787,39.8448,-4.269142027066442,1.6733254825801693,0.054859973,0,0.21971926,0.70815045,1.6290654,39.85417,-4.254429340362549,0.054869004308260416
2019-10-16,Europa_DER_A1A26_eobs_4004__2019__southbound_01,Europa / DER A1A26 (eobs 4004),40.31291,-3.5207975,40.31289,-3.5173554,40.30651,-3.531003458078559,1.357287922432408,0.2918607,0,0.20619261,0.70815045,1.1181839,40.31291,-3.5207974910736084,0.2918548201030242
2019-10-16,Mirabell_plus_DER_AN910_eobs_3907__2019__southbound_01,Mirabell + / DER AN910 (eobs 3907),34.669426,-6.2579274,34.675194,-6.259014,34.65087,-6.274259762656466,3.042823734800168,0.64897716,0,0.26250145,0.70815045,2.5427494,34.669426,-6.257927417755127,0.6490072258882527
2019-10-16,Zozu_plus_DER_AL581_eobs2541__2019__southbound_01,Zozu + / DER AL581 (eobs2541),41.558517,0.6160806,41.540104,0.61511344,41.5415,0.5933644636345982,1.8167624414293444,2.0489552,0,0.34729216,0.70815045,2.6696894,41.558517,0.6160805821418762,2.049076659109197
2019-10-17,Angela_DER_AY470_eobs_4001__2019__southbound_01,Angela / DER AY470 (eobs 4001),39.854153,-4.253787,39.855946,-4.2355037,39.84632,-4.265505614670113,2.775743605733633,1.573323,0,0.165672,0.70815045,1.3240532,39.854153,-4.253787040710449,1.5733668823086293
2019-10-17,Europa_DER_A1A26_eobs_4004__2019__southbound_01,Europa / DER A1A26 (eobs 4004),40.31289,-3.5173554,40.30084,-3.5243456,40.30777,-3.525242349046432,0.7744690637494499,1.4650244,0,0.1514896,0.70815045,0.8765552,40.31289,-3.517355442047119,1.4652185778331464
2019-10-17,Mirabell_plus_DER_AN910_eobs_3907__2019__southbound_01,Mirabell + / DER AN910 (eobs 3907),34.675194,-6.259014,34.66244,-6.258865,34.661865,-6.2716382114803135,1.1700055540192198,1.418014,0,0.19259027,0.70815045,1.8751806,34.675194,-6.259014129638672,1.4180846157989997
2019-10-17,Zozu_plus_DER_AL581_eobs2541__2019__southbound_01,Zozu + / DER AL581 (eobs2541),41.540104,0.61511344,41.537834,0.61512095,41.51454,0.5861925269728387,3.5366030864391966,0.2524692,0,0.46172345,0.70815045,3.7182438,41.540104,0.6151134371757507,0.25238523731703777
2019-10-18,Angela_DER_AY470_eobs_4001__2019__southbound_01,Angela / DER AY470 (eobs 4001),39.855946,-4.2355037,39.856808,-4.2536893,39.849148,-4.245310173262404,1.112241365040225,1.5552604,0,0.13712016,0.70815045,1.1259227,39.855946,-4.235503673553467,1.5552681270289426
2019-10-18,Europa_DER_A1A26_eobs_4004__2019__southbound_01,Europa / DER A1A26 (eobs 4004),40.30084,-3.5243456,40.311436,-3.5242994,40.29331,-3.534964134753781,2.209275959939496,1.1784297,0,0.23084675,0.70815045,1.2274609,40.30084,-3.524345636367798,1.1783662567122724
2019-10-18,Mirabell_plus_DER_AN910_eobs_3907__2019__southbound_01,Mirabell + / DER AN910 (eobs 3907),34.66244,-6.258865,34.66693,-6.2491794,34.646393,-6.272396397969377,3.118514756533139,1.0166361,0,0.22404419,0.70815045,2.1678407,34.66244,-6.258864879608154,1.016817507427794
2019-10-18,Zozu_plus_DER_AL581_eobs2541__2019__southbound_01,Zozu + / DER AL581 (eobs2541),41.537834,0.61512095,41.537945,0.6150522,41.51444,0.590493002710045,3.318380154414519,0.013579352,0,0.41329676,0.70815045,3.306246,41.537834,0.6151209473609924,0.013565963952596847
2019-10-19,Angela_DER_AY470_eobs_4001__2019__southbound_01,Angela / DER AY470 (eobs 4001),39.856808,-4.2536893,39.85583,-4.240588,39.845654,-4.269786840127264,2.737462708185965,1.1235834,0,0.2513701,0.70815045,1.8478554,39.856808,-4.253689289093018,1.1235610771386053
2019-10-19,Europa_DER_A1A26_eobs_4004__2019__southbound_01,Europa / DER A1A26 (eobs 4004),40.311436,-3.5242994,40.298965,-3.5981193,40.305485,-3.533417372326159,5.534540706004872,6.4115763,0,0.17933515,0.70815045,1.0157186,40.311436,-3.524299383163452,6.4115491730242455
2019-10-19,Mirabell_plus_DER_AN910_eobs_3907__2019__southbound_01,Mirabell + / DER AN910 (eobs 3907),34.66693,-6.2491794,34.67161,-6.257074,34.656933,-6.258163996017307,1.63526968121018,0.8901679,0,0.124073654,0.70815045,1.3800403,34.66693,-6.249179363250732,0.8900142293735837
2019-10-19,Zozu_plus_DER_AL581_eobs2541__2019__southbound_01,Zozu + / DER AL581 (eobs2541),41.537945,0.6150522,41.610313,0.61666137,41.525463,0.6000799106660313,9.535247458068662,8.048279,0,0.22182862,0.70815045,1.8620461,41.537945,0.6150522232055664,8.048147935518614
2019-10-20,Angela_DER_AY470_eobs_4001__2019__southbound_01,Angela / DER AY470 (eobs 4001),39.85583,-4.240588,39.85592,-4.23022,39.84669,-4.254049790531084,2.2783864626455377,0.88508564,0,0.22668527,0.70815045,1.5312728,39.85583,-4.240588188171387,0.8850947989168708
2019-10-20,Europa_DER_A1A26_eobs_4004__2019__southbound_01,Europa / DER A1A26 (eobs 4004),40.298965,-3.5981193,40.26033,-3.6356018,40.287487,-3.61498329884129,3.489757029589181,5.3448567,0,0.34471297,0.70815045,1.9134861,40.298965,-3.5981192588806152,5.344743228678833
2019-10-20,Mirabell_plus_DER_AN910_eobs_3907__2019__southbound_01,Mirabell + / DER AN910 (eobs 3907),34.67161,-6.257074,34.662838,-6.260412,34.661278,-6.267053872652913,0.6317362833277241,1.0225567,0,0.12892087,0.70815045,1.4648259,34.67161,-6.257073879241943,1.0222595767024236
2019-10-20,Zozu_plus_DER_AL581_eobs2541__2019__southbound_01,Zozu + / DER AL581 (eobs2541),41.610313,0.61666137,41.578003,0.6163237,41.598907,0.6014283798964882,2.63397378666438,3.592945,0,0.20668387,0.70815045,1.7891538,41.610313,0.6166613698005676,3.5928767921614897
2019-10-21,Angela_DER_AY470_eobs_4001__2019__southbound_01,Angela / DER AY470 (eobs 4001),39.85592,-4.23022,39.848244,-4.326322,39.847652,-4.242045817313233,7.194943799096487,8.248008,0,0.21343784,0.70815045,1.3629313,39.85592,-4.230219841003418,8.248002626214129
2019-10-21,Europa_DER_A1A26_eobs_4004__2019__southbound_01,Europa / DER A1A26 (eobs 4004),40.26033,-3.6356018,40.260414,-3.635485,40.24494,-3.656821186706552,2.497710236285962,0.013717553,0,0.44205904,0.70815045,2.4795337,40.26033,-3.635601758956909,0.013614490606888912
2019-10-21,Mirabell_plus_DER_AN910_eobs_3907__2019__southbound_01,Mirabell + / DER AN910 (eobs 3907),34.662838,-6.260412,34.665943,-6.2579665,34.647137,-6.273549876670397,2.5307485798107443,0.4117195,0,0.19452696,0.70815045,2.115738,34.662838,-6.260412216186523,0.41139922743344437
2019-10-21,Zozu_plus_DER_AL581_eobs2541__2019__southbound_01,Zozu + / DER AL581 (eobs2541),41.578003,0.6163237,41.59601,0.6161503,41.56244,0.5981083393138187,4.0231188971929,2.0021973,0,0.29215208,0.70815045,2.2962584,41.578003,0.616323709487915,2.0021606158843483
2019-10-22,Angela_DER_AY470_eobs_4001__2019__southbound_01,Angela / DER AY470 (eobs 4001),39.848244,-4.326322,39.954094,-5.613264,39.835934,-4.342937391401299,109.16567766013712,110.40884,1,0.29484528,0.70815045,1.9678377,39.848244,-4.326322078704834,110.40886338551752
2019-10-22,Europa_DER_A1A26_eobs_4004__2019__southbound_01,Europa / DER A1A26 (eobs 4004),40.260414,-3.635485,40.263466,-3.632651,40.25469,-3.643835443297565,1.3613783654923388,0.41601527,0,0.17189042,0.70815045,0.9508285,40.260414,-3.6354849338531494,0.4158997770675297
2019-10-22,Mirabell_plus_DER_AN910_eobs_3907__2019__southbound_01,Mirabell + / DER AN910 (eobs 3907),34.665943,-6.2579665,34.691273,-6.204316,34.655293,-6.26753894040898,7.0308879189376485,5.656851,0,0.12818554,0.70815045,1.4702725,34.665943,-6.2579665184021,5.656911796429574
2019-10-22,Zozu_plus_DER_AL581_eobs2541__2019__southbound_01,Zozu + / DER AL581 (eobs2541),41.59601,0.6161503,41.61064,0.61687756,41.58668,0.6045989487130397,2.853184656468674,1.6282575,0,0.16492811,0.70815045,1.4111388,41.59601,0.6161503195762634,1.628260641901336
2019-10-23,Angela_DER_AY470_eobs_4001__2019__southbound_01,Angela / DER AY470 (eobs 4001),39.954094,-5.613264,39.1135,-5.755673,39.880196,-5.693580882541847,85.4192342956669,94.26441,1,0.7922504,0.70815045,10.676376,39.880196,-5.693580882541847,85.4192342956669
2019-10-23,Europa_DER_A1A26_eobs_4004__2019__southbound_01,Europa / DER A1A26 (eobs 4004),40.263466,-3.632651,40.2248,-3.6572292,40.259922,-3.6380074107446188,4.2324689025345155,4.7788897,0,0.09085852,0.70815045,0.6005914,40.263466,-3.6326510906219482,4.778795888380285
2019-10-23,Mirabell_plus_DER_AN910_eobs_3907__2019__southbound_01,Mirabell + / DER AN910 (eobs 3907),34.691273,-6.204316,34.694874,-6.2029552,34.682896,-6.211934482141267,1.5646058841597985,0.4193376,0,0.09756255,0.70815045,1.1611154,34.691273,-6.204316139221191,0.4193067699389851
2019-10-23,Zozu_plus_DER_AL581_eobs2541__2019__southbound_01,Zozu + / DER AL581 (eobs2541),41.61064,0.61687756,41.600063,0.6174505,41.604416,0.608796551799584,0.8671848639285721,1.1773801,0,0.11155031,0.70815045,0.96292293,41.61064,0.616877555847168,1.1772030180365716
2019-10-24,Angela_DER_AY470_eobs_4001__2019__southbound_01,Angela / DER AY470 (eobs 4001),39.1135,-5.755673,38.948307,-5.709458,39.007565,-5.865787880363621,15.034285925590906,18.797144,0,0.85318667,0.70815045,15.106516,39.007565,-5.865787880363621,15.034285925590906
2019-10-24,Europa_DER_A1A26_eobs_4004__2019__southbound_01,Europa / DER A1A26 (eobs 4004),40.2248,-3.6572292,40.23464,-3.645399,40.219048,-3.6650939931292497,2.4085432952219223,1.4851036,0,0.15486693,0.70815045,0.92300177,40.2248,-3.65722918510437,1.4850350727011252
2019-10-24,Mirabell_plus_DER_AN910_eobs_3907__2019__southbound_01,Mirabell + / DER AN910 (eobs 3907),34.694874,-6.2029552,34.68872,-6.2207265,34.685932,-6.211073098812903,0.9355131814203413,1.7630408,0,0.10591232,0.70815045,1.2386391,34.694874,-6.20295524597168,1.7629607606402
2019-10-24,Zozu_plus_DER_AL581_eobs2541__2019__southbound_01,Zozu + / DER AL581 (eobs2541),41.600063,0.6174505,41.609962,0.6165721,41.590702,0.6061462676260754,2.3104682730271735,1.1032622,0,0.17637716,0.70815045,1.3999377,41.600063,0.617450475692749,1.1031558520552889
2019-10-25,Angela_DER_AY470_eobs_4001__2019__southbound_01,Angela / DER AY470 (eobs 4001),38.948307,-5.709458,38.94723,-5.709857,38.914654,-5.7446272741873425,4.708275402615406,0.12478739,0,0.5771703,0.70815045,4.8135266,38.948307,-5.709457874298096,0.1244974409374818
2019-10-25,Europa_DER_A1A26_eobs_4004__2019__southbound_01,Europa / DER A1A26 (eobs 4004),40.23464,-3.645399,40.23668,-3.6507943,40.23004,-3.6517172632098878,0.7422126816778055,0.51113087,0,0.11784472,0.70815045,0.73946697,40.23464,-3.6453990936279297,0.5111147359609965
2019-10-25,Mirabell_plus_DER_AN910_eobs_3907__2019__southbound_01,Mirabell + / DER AN910 (eobs 3907),34.68872,-6.2207265,34.257607,-6.580606,34.67333,-6.233631135075668,56.11325949186867,58.192104,1,0.18311897,0.70815045,2.0751588,34.68872,-6.220726490020752,58.19214766262983
2019-10-25,Zozu_plus_DER_AL581_eobs2541__2019__southbound_01,Zozu + / DER AL581 (eobs2541),41.609962,0.6165721,41.610275,0.6163587,41.600636,0.6056576432849639,1.393045868693003,0.039184153,0,0.1568465,0.70815045,1.375467,41.609962,0.6165720820426941,0.03904534717231544
2019-10-26,Angela_DER_AY470_eobs_4001__2019__southbound_01,Angela / DER AY470 (eobs 4001),38.94723,-5.709857,38.947388,-5.7097907,38.93007,-5.727242021484313,2.446773201767506,0.018385515,0,0.33253515,0.70815045,2.4250288,38.94723,-5.709856986999512,0.018311419609060648
2019-10-26,Europa_DER_A1A26_eobs_4004__2019__southbound_01,Europa / DER A1A26 (eobs 4004),40.23668,-3.6507943,40.234173,-3.6368718,40.230537,-3.6591251029773217,1.9318445829192235,1.214238,0,0.16042718,0.70815045,0.9812451,40.23668,-3.650794267654419,1.2142343394351238
2019-10-26,Zozu_plus_DER_AL581_eobs2541__2019__southbound_01,Zozu + / DER AL581 (eobs2541),41.610275,0.6163587,41.610584,0.61681426,41.599422,0.6041075140502545,1.629914089762151,0.051043432,0,0.17543106,0.70815045,1.576233,41.610275,0.6163586974143982,0.05113652135747013
2019-10-27,Angela_DER_AY470_eobs_4001__2019__southbound_01,Angela / DER AY470 (eobs 4001),38.947388,-5.7097907,38.942554,-5.709756,38.93876,-5.719714782573861,0.9591643389843184,0.53734195,0,0.14401735,0.70815045,1.2850813,38.947388,-5.7097907066345215,0.5374388763579967
2019-10-27,Europa_DER_A1A26_eobs_4004__2019__southbound_01,Europa / DER A1A26 (eobs 4004),40.234173,-3.6368718,40.236473,-3.6445563,40.229816,-3.642899546721253,0.7534288554803917,0.7005358,0,0.11115392,0.70815045,0.7032251,40.234173,-3.636871814727783,0.7006594106653531
2019-10-27,Zozu_plus_DER_AL581_eobs2541__2019__southbound_01,Zozu + / DER AL581 (eobs2541),41.610584,0.61681426,41.610622,0.6168569,41.6032,0.6079941680355202,1.10649672367699,0.0054355734,0,0.11022111,0.70815045,1.0990864,41.610584,0.6168142557144165,0.005526854752366589
2019-10-28,Angela_DER_AY470_eobs_4001__2019__southbound_01,Angela / DER AY470 (eobs 4001),38.942554,-5.709756,38.942482,-5.709736,38.934258,-5.719875241386587,1.2670440499893092,0.008187163,0,0.13053277,0.70815045,1.2695632,38.942554,-5.709755897521973,0.008243353994465588
2019-10-28,Europa_DER_A1A26_eobs_4004__2019__southbound_01,Europa / DER A1A26 (eobs 4004),40.236473,-3.6445563,40.228268,-3.6555796,40.231266,-3.6517845656233994,0.463626938221575,1.3069922,0,0.12851116,0.70815045,0.8422188,40.236473,-3.6445562839508057,1.3069550610770908
2019-10-28,Zozu_plus_DER_AL581_eobs2541__2019__southbound_01,Zozu + / DER AL581 (eobs2541),41.610622,0.6168569,41.610577,0.6168313,41.60473,0.6093318630264397,0.9008946068057451,0.0053967065,0,0.08465979,0.70815045,0.9043301,41.610622,0.6168568730354309,0.0055162030033955
2019-10-29,Angela_DER_AY470_eobs_4001__2019__southbound_01,Angela / DER AY470 (eobs 4001),38.942482,-5.709736,38.947273,-5.709876,38.933445,-5.720607408256422,1.7960368528517723,0.5328847,0,0.1400164,0.70815045,1.3737851,38.942482,-5.709735870361328,0.5329024462690604
2019-10-29,Europa_DER_A1A26_eobs_4004__2019__southbound_01,Europa / DER A1A26 (eobs 4004),40.228268,-3.6555796,40.228695,-3.6531482,40.221226,-3.665038979220134,1.3072555949931064,0.21183082,0,0.17994078,0.70815045,1.1195496,40.228268,-3.6555795669555664,0.21180889921148752
2019-10-29,Zozu_plus_DER_AL581_eobs2541__2019__southbound_01,Zozu + / DER AL581 (eobs2541),41.610577,0.6168313,41.610184,0.6169072,41.601242,0.6060029379440675,1.345560827390988,0.044130895,0,0.14557965,0.70815045,1.3715328,41.610577,0.6168313026428223,0.04414314622197504
2019-10-30,Angela_DER_AY470_eobs_4001__2019__southbound_01,Angela / DER AY470 (eobs 4001),38.947273,-5.709876,38.94756,-5.709815,38.938988,-5.720128920192865,1.3054056715965336,0.03239612,0,0.11982036,0.70815045,1.2763085,38.947273,-5.70987606048584,0.032248064314166186
2019-10-30,Europa_DER_A1A26_eobs_4004__2019__southbound_01,Europa / DER A1A26 (eobs 4004),40.228695,-3.6531482,40.263042,-3.633526,40.22453,-3.659027549122386,4.798379350232037,4.166494,0,0.0987651,0.70815045,0.67976415,40.228695,-3.6531481742858887,4.166578412929829
2019-10-30,Zozu_plus_DER_AL581_eobs2541__2019__southbound_01,Zozu + / DER AL581 (eobs2541),41.610184,0.6169072,41.610344,0.6167396,41.599293,0.6049047567377044,1.5742657290800557,0.02265962,0,0.17832024,0.70815045,1.5663179,41.610184,0.6169071793556213,0.022617740629212735
2019-10-31,Angela_DER_AY470_eobs_4001__2019__southbound_01,Angela / DER AY470 (eobs 4001),38.94756,-5.709815,38.9477,-5.709777,38.940754,-5.718609387749293,1.0863341268810656,0.015940262,0,0.09391018,0.70815045,1.0710901,38.94756,-5.70981502532959,0.01603745488717881
2019-10-31,Europa_DER_A1A26_eobs_4004__2019__southbound_01,Europa / DER A1A26 (eobs 4004),40.263042,-3.633526,40.221237,-3.609409,40.259476,-3.6388641420929764,4.932509424405247,5.0793185,0,0.07767071,0.70815045,0.60093296,40.263042,-3.633526086807251,5.07928119224625
2019-10-31,Zozu_plus_DER_AL581_eobs2541__2019__southbound_01,Zozu + / DER AL581 (eobs2541),41.610344,0.6167396,41.61039,0.61670965,41.60012,0.6051642256633121,1.4917699730816991,0.00549471,0,0.15872833,0.70815045,1.4867897,41.610344,0.6167395710945129,0.005665460145022863
2019-11-01,Angela_DER_AY470_eobs_4001__2019__southbound_01,Angela / DER AY470 (eobs 4001),38.9477,-5.709777,38.94789,-5.7095823,38.941048,-5.718640394678012,1.092125226601057,0.027114842,0,0.0891369,0.70815045,1.0634164,38.9477,-5.709776878356934,0.027071597191728303
2019-11-01,Europa_DER_A1A26_eobs_4004__2019__southbound_01,Europa / DER A1A26 (eobs 4004),40.221237,-3.609409,40.263092,-3.6334133,40.215652,-3.617206101197369,5.4514799076781975,5.0808387,0,0.12241784,0.70815045,0.90593725,40.221237,-3.6094090938568115,5.080481898537899
2019-11-01,Zozu_plus_DER_AL581_eobs2541__2019__southbound_01,Zozu + / DER AL581 (eobs2541),41.61039,0.61670965,41.61056,0.6166181,41.599194,0.6040703818670365,1.638976098929293,0.020817084,0,0.16786733,0.70815045,1.6262014,41.61039,0.6167096495628357,0.02054952577359191
2019-11-02,Angela_DER_AY470_eobs_4001__2019__southbound_01,Angela / DER AY470 (eobs 4001),38.94789,-5.7095823,38.947777,-5.709546,38.941204,-5.718836216653238,1.0861190308218631,0.013295717,0,0.091730215,0.70815045,1.0905173,38.94789,-5.709582328796387,0.013105496940964342
2019-11-02,Europa_DER_A1A26_eobs_4004__2019__southbound_01,Europa / DER A1A26 (eobs 4004),40.263092,-3.6334133,40.26441,-3.6322372,40.2573,-3.6421861485965277,1.1563594021918038,0.17686382,0,0.1286354,0.70815045,0.9826083,40.263092,-3.633413314819336,0.17712833818385082
2019-11-02,Zozu_plus_DER_AL581_eobs2541__2019__southbound_01,Zozu + / DER AL581 (eobs2541),41.61056,0.6166181,41.610626,0.6168728,41.60239,0.6068018214170993,1.2408884092093961,0.022258906,0,0.11819899,0.70815045,1.2191365,41.61056,0.6166180968284607,0.022368606374797022
2019-11-03,Angela_DER_AY470_eobs_4001__2019__southbound_01,Angela / DER AY470 (eobs 4001),38.947777,-5.709546,38.947834,-5.7096148,38.93904,-5.721293746673827,1.4057506609098156,0.008610472,0,0.13419038,0.70815045,1.4030684,38.947777,-5.709546089172363,0.008703048433532777
2019-11-03,Europa_DER_A1A26_eobs_4004__2019__southbound_01,Europa / DER A1A26 (eobs 4004),40.26441,-3.6322372,40.26531,-3.5684195,40.259686,-3.639832310700974,6.091696123524901,5.4158177,0,0.10709864,0.70815045,0.8299789,40.26441,-3.632237195968628,5.415800431987503
2019-11-03,Zozu_plus_DER_AL581_eobs2541__2019__southbound_01,Zozu + / DER AL581 (eobs2541),41.610626,0.6168728,41.6106,0.6168585,41.603466,0.6083139343371035,1.0648323248796077,0.0031877782,0,0.09679357,0.70815045,1.0659188,41.610626,0.6168727874755859,0.003198553564588659
2019-11-04,Angela_DER_AY470_eobs_4001__2019__southbound_01,Angela / DER AY470 (eobs 4001),38.947834,-5.7096148,38.948036,-5.7095118,38.936844,-5.724912335120173,1.8228737059056694,0.02447394,0,0.18497026,0.70815045,1.797809,38.947834,-5.7096147537231445,0.024181473694744188
2019-11-04,Europa_DER_A1A26_eobs_4004__2019__southbound_01,Europa / DER A1A26 (eobs 4004),40.26531,-3.5684195,40.320454,-3.5903769,40.26005,-3.5767046507240683,6.8157710105966025,6.4083366,0,0.124155514,0.70815045,0.912681,40.26531,-3.5684194564819336,6.408440508364736
2019-11-04,Zozu_plus_DER_AL581_eobs2541__2019__southbound_01,Zozu + / DER AL581 (eobs2541),41.6106,0.6168585,41.610603,0.6167747,41.592903,0.5984277838609549,2.4901711586556448,0.0069865226,0,0.26374134,0.70815045,2.4896772,41.6106,0.6168584823608398,0.0069801918326630975
2019-11-05,Angela_DER_AY470_eobs_4001__2019__southbound_01,Angela / DER AY470 (eobs 4001),38.948036,-5.7095118,38.94779,-5.7095337,38.93928,-5.72244826757889,1.4636310192589155,0.027828755,0,0.15333033,0.70815045,1.4803193,38.948036,-5.709511756896973,0.027636585151302136
2019-11-05,Europa_DER_A1A26_eobs_4004__2019__southbound_01,Europa / DER A1A26 (eobs 4004),40.320454,-3.5903769,40.32094,-3.590476,40.314545,-3.6001857764946776,1.0877005692420554,0.054744285,0,0.15227333,0.70815045,1.05802,40.320454,-3.590376853942871,0.054522589823898675
2019-11-05,Zozu_plus_DER_AL581_eobs2541__2019__southbound_01,Zozu + / DER AL581 (eobs2541),41.610603,0.6167747,41.57751,0.61590147,41.58572,0.5914504420701554,2.2291836697659875,3.6802006,0,0.36407557,0.70815045,3.4706016,41.610603,0.6167746782302856,3.680439477121902
2019-11-06,Angela_DER_AY470_eobs_4001__2019__southbound_01,Angela / DER AY470 (eobs 4001),38.94779,-5.7095337,38.94776,-5.709565,38.936047,-5.725842607252584,1.917990005486801,0.0040704077,0,0.21695487,0.70815045,1.918582,38.94779,-5.70953369140625,0.004027823793762279
2019-11-06,Europa_DER_A1A26_eobs_4004__2019__southbound_01,Europa / DER A1A26 (eobs 4004),40.32094,-3.590476,40.32161,-3.590948,40.314888,-3.600524416162613,1.1035322197778625,0.08465342,0,0.15458931,0.70815045,1.0836092,40.32094,-3.5904760360717773,0.08470565534935276
2019-11-06,Zozu_plus_DER_AL581_eobs2541__2019__southbound_01,Zozu + / DER AL581 (eobs2541),41.57751,0.61590147,41.59604,0.6166428,41.552383,0.5914081323362603,5.28869178935111,2.0610116,0,0.37162176,0.70815045,3.4519355,41.57751,0.6159014701843262,2.0611430280469354
2019-11-07,Angela_DER_AY470_eobs_4001__2019__southbound_01,Angela / DER AY470 (eobs 4001),38.94776,-5.709565,38.947758,-5.709442,38.933548,-5.7274440163457285,2.218244863202806,0.010640212,0,0.24683313,0.70815045,2.207162,38.94776,-5.709565162658691,0.010647391624370083
2019-11-07,Europa_DER_A1A26_eobs_4004__2019__southbound_01,Europa / DER A1A26 (eobs 4004),40.32161,-3.590948,40.320667,-3.5899677,40.315506,-3.6006531287473726,1.0724205098055823,0.1336772,0,0.1383935,0.70815045,1.0646352,40.32161,-3.5909481048583984,0.133735242270615
2019-11-07,Zozu_plus_DER_AL581_eobs2541__2019__southbound_01,Zozu + / DER AL581 (eobs2541),41.59604,0.6166428,41.595917,0.6163382,41.58279,0.6029965854457878,1.8334434507239128,0.02868119,0,0.18930253,0.70815045,1.8561766,41.59604,0.6166427731513977,0.028735728986298722
2019-11-08,Angela_DER_AY470_eobs_4001__2019__southbound_01,Angela / DER AY470 (eobs 4001),38.947758,-5.709442,38.94775,-5.7092333,38.93663,-5.722999039659972,1.7164613309322725,0.018063597,0,0.18753509,0.70815045,1.701654,38.947758,-5.709442138671875,0.01808136873122169
2019-11-08,Europa_DER_A1A26_eobs_4004__2019__southbound_01,Europa / DER A1A26 (eobs 4004),40.320667,-3.5899677,40.314827,-3.591249,40.313084,-3.6010184306818367,0.8507062393480437,0.6585893,0,0.17440493,0.70815045,1.2581304,40.320667,-3.589967727661133,0.6584354120727913
2019-11-08,Zozu_plus_DER_AL581_eobs2541__2019__southbound_01,Zozu + / DER AL581 (eobs2541),41.595917,0.6163382,41.56829,0.6148403,41.5803,0.601627146184393,1.729488959355189,3.0746284,0,0.21299554,0.70815045,2.120341,41.595917,0.6163381934165955,3.07440476828048
2019-11-09,Angela_DER_AY470_eobs_4001__2019__southbound_01,Angela / DER AY470 (eobs 4001),38.94775,-5.7092333,38.94493,-5.7046394,38.937763,-5.720614798135782,1.5950584466011177,0.5061008,0,0.15815428,0.70815045,1.4813199,38.94775,-5.709233283996582,0.5060535257320842
2019-11-09,Europa_DER_A1A26_eobs_4004__2019__southbound_01,Europa / DER A1A26 (eobs 4004),40.314827,-3.591249,40.320316,-3.5903153,40.30336,-3.606419282496885,2.3279664302221934,0.6153253,0,0.26004955,0.70815045,1.8078109,40.314827,-3.5912489891052246,0.6154999404518676
2019-11-09,Zozu_plus_DER_AL581_eobs2541__2019__southbound_01,Zozu + / DER AL581 (eobs2541),41.56829,0.6148403,41.61059,0.6168529,41.551563,0.5997159314896344,6.716678526107684,4.706623,0,0.22869496,0.70815045,2.241669,41.56829,0.6148403286933899,4.706659819742514
2019-11-10,Angela_DER_AY470_eobs_4001__2019__southbound_01,Angela / DER AY470 (eobs 4001),38.94493,-5.7046394,38.94554,-5.7010317,38.9363,-5.713744556905196,1.5050648834942997,0.31925437,0,0.12353496,0.70815045,1.2394508,38.94493,-5.704639434814453,0.319300305378738
2019-11-10,Europa_DER_A1A26_eobs_4004__2019__southbound_01,Europa / DER A1A26 (eobs 4004),40.320316,-3.5903153,40.30106,-3.5429425,40.31457,-3.5982811083048962,4.927100932057887,4.5518446,0,0.117875315,0.70815045,0.9280804,40.320316,-3.590315341949463,4.5518897173751505
2019-11-10,Zozu_plus_DER_AL581_eobs2541__2019__southbound_01,Zozu + / DER AL581 (eobs2541),41.61059,0.6168529,41.537857,0.6144059,41.599976,0.6068506135318166,6.93581294518391,8.09023,0,0.12999734,0.70815045,1.4413387,41.61059,0.616852879524231,8.090316690151838
2019-11-11,Angela_DER_AY470_eobs_4001__2019__southbound_01,Angela / DER AY470 (eobs 4001),38.94554,-5.7010317,38.94428,-5.7045703,38.93762,-5.7091723905517116,0.8407881547631246,0.33657038,0,0.10569661,0.70815045,1.1257018,38.94554,-5.701031684875488,0.33669681071662527
2019-11-11,Europa_DER_A1A26_eobs_4004__2019__southbound_01,Europa / DER A1A26 (eobs 4004),40.30106,-3.5429425,40.301174,-3.5220733,40.29568,-3.5501792047409166,2.4605971386019605,1.7698361,0,0.10580647,0.70815045,0.855436,40.30106,-3.542942523956299,1.7698329534332018
2019-11-11,Zozu_plus_DER_AL581_eobs2541__2019__southbound_01,Zozu + / DER AL581 (eobs2541),41.537857,0.6144059,41.537548,0.6133583,41.523647,0.6023047833973071,1.7988244797202393,0.09364996,0,0.17355031,0.70815045,1.8705932,41.537857,0.6144058704376221,0.09371496618825412
2019-11-12,Angela_DER_AY470_eobs_4001__2019__southbound_01,Angela / DER AY470 (eobs 4001),38.94428,-5.7045703,38.945267,-5.7049747,38.93507,-5.713792258371025,1.3664309318576944,0.11512898,0,0.11812688,0.70815045,1.2957466,38.94428,-5.704570293426514,0.11529279177058903
2019-11-12,Europa_DER_A1A26_eobs_4004__2019__southbound_01,Europa / DER A1A26 (eobs 4004),40.301174,-3.5220733,40.32065,-3.590955,40.297405,-3.527164351508177,5.994780051156117,6.229133,0,0.06656897,0.70815045,0.60049134,40.301174,-3.522073268890381,6.229068476748202
2019-11-12,Zozu_plus_DER_AL581_eobs2541__2019__southbound_01,Zozu + / DER AL581 (eobs2541),41.537548,0.6133583,41.595703,0.6163259,41.523483,0.6017408092370621,8.121666014160441,6.4709167,0,0.1609668,0.70815045,1.8356086,41.537548,0.6133583188056946,6.47126780105789
2019-11-13,Angela_DER_AY470_eobs_4001__2019__southbound_01,Angela / DER AY470 (eobs 4001),38.945267,-5.7049747,38.948074,-5.7094107,38.936707,-5.713637171587587,1.3158332665532475,0.49467632,0,0.10518787,0.70815045,1.2090662,38.945267,-5.70497465133667,0.4946045882735591
2019-11-13,Europa_DER_A1A26_eobs_4004__2019__southbound_01,Europa / DER A1A26 (eobs 4004),40.32065,-3.590955,40.25946,-3.6355994,40.314342,-3.599189385320838,6.839574405091916,7.786413,0,0.11579508,0.70815045,0.98778796,40.32065,-3.5909550189971924,7.786517751992717
2019-11-13,Zozu_plus_DER_AL581_eobs2541__2019__southbound_01,Zozu + / DER AL581 (eobs2541),41.595703,0.6163259,41.59582,0.6163265,41.586246,0.608040299067901,1.268232067051246,0.013543652,0,0.10091104,0.70815045,1.2551165,41.595703,0.6163259148597717,0.013149536039388272
2019-11-14,Angela_DER_AY470_eobs_4001__2019__southbound_01,Angela / DER AY470 (eobs 4001),38.948074,-5.7094107,38.948277,-5.7087097,38.938457,-5.719739902495167,1.4498544619922735,0.0646586,0,0.12108725,0.70815045,1.3907989,38.948074,-5.709410667419434,0.06465146716563094
2019-11-14,Europa_DER_A1A26_eobs_4004__2019__southbound_01,Europa / DER A1A26 (eobs 4004),40.25946,-3.6355994,40.22012,-3.6011417,40.24873,-3.6484230701787683,5.121487993270355,5.262263,0,0.19725443,0.70815045,1.6121188,40.25946,-3.635599374771118,5.262206407419245
2019-11-14,Zozu_plus_DER_AL581_eobs2541__2019__southbound_01,Zozu + / DER AL581 (eobs2541),41.59582,0.6163265,41.595604,0.6152768,41.588875,0.6097654597666164,0.8774623044482395,0.0906081,0,0.070550606,0.70815045,0.94389784,41.59582,0.6163265109062195,0.09057628876142833
2019-11-15,Angela_DER_AY470_eobs_4001__2019__southbound_01,Angela / DER AY470 (eobs 4001),38.948277,-5.7087097,38.947964,-5.708994,38.94014,-5.717658934378512,1.1482332966885365,0.04266649,0,0.105993986,0.70815045,1.1884936,38.948277,-5.708709716796875,0.042589045359058046
2019-11-15,Europa_DER_A1A26_eobs_4004__2019__southbound_01,Europa / DER A1A26 (eobs 4004),40.22012,-3.6011417,40.26558,-3.6291306,40.211494,-3.611606870938385,6.195178607703898,5.5853415,0,0.17440993,0.70815045,1.3051707,40.22012,-3.6011416912078857,5.585294629398175
2019-11-15,Zozu_plus_DER_AL581_eobs2541__2019__southbound_01,Zozu + / DER AL581 (eobs2541),41.595604,0.6152768,41.595654,0.6163691,41.58603,0.6063294623123118,1.357360579244409,0.0909918,0,0.106940575,0.70815045,1.2966834,41.595604,0.6152768135070801,0.09100095030158209
2019-11-16,Angela_DER_AY470_eobs_4001__2019__southbound_01,Angela / DER AY470 (eobs 4001),38.947964,-5.708994,38.947926,-5.709066,38.937164,-5.720418327085083,1.5478391429456733,0.0075803446,0,0.14878446,0.70815045,1.5523374,38.947964,-5.708993911743164,0.0075341659558349205
2019-11-16,Zozu_plus_DER_AL581_eobs2541__2019__southbound_01,Zozu + / DER AL581 (eobs2541),41.595654,0.6163691,41.59564,0.6163453,41.588623,0.6096676356907994,0.9575368232578257,0.002444287,0,0.0750228,0.70815045,0.95825124,41.595654,0.6163691282272339,0.002609516758500531
2019-11-17,Angela_DER_AY470_eobs_4001__2019__southbound_01,Angela / DER AY470 (eobs 4001),38.947926,-5.709066,38.975105,-5.690098,38.935116,-5.721651370571646,5.216975876674856,3.4387429,0,0.17512868,0.70815045,1.7894616,38.947926,-5.709065914154053,3.4385540749210226
2019-11-17,Zozu_plus_DER_AL581_eobs2541__2019__southbound_01,Zozu + / DER AL581 (eobs2541),41.59564,0.6163453,41.543106,0.61478657,41.585148,0.607336950164536,4.715745913455221,5.8428946,0,0.11335925,0.70815045,1.3839955,41.59564,0.6163452863693237,5.842760863917975
2019-11-18,Angela_DER_AY470_eobs_4001__2019__southbound_01,Angela / DER AY470 (eobs 4001),38.975105,-5.690098,38.97549,-5.6930466,38.967506,-5.697687127980873,0.9742324211870744,0.25847366,0,0.09384978,0.70815045,1.0678598,38.975105,-5.690097808837891,0.2584806656344567
2019-11-18,Zozu_plus_DER_AL581_eobs2541__2019__southbound_01,Zozu + / DER AL581 (eobs2541),41.543106,0.61478657,41.59566,0.61608356,41.530296,0.604512783166546,7.33172455110781,5.844592,0,0.14256655,0.70815045,1.6583277,41.543106,0.6147865653038025,5.8448628142196535
2019-11-19,Angela_DER_AY470_eobs_4001__2019__southbound_01,Angela / DER AY470 (eobs 4001),38.97549,-5.6930466,38.972576,-5.6914873,38.966457,-5.701761604221654,1.1188709350165642,0.35126427,0,0.11220612,0.70815045,1.2533164,38.97549,-5.693046569824219,0.35098495124189893
2019-11-19,Zozu_plus_DER_AL581_eobs2541__2019__southbound_01,Zozu + / DER AL581 (eobs2541),41.59566,0.61608356,41.577873,0.616224,41.587303,0.6090840248858921,1.2050521042366498,1.9778725,0,0.08347723,0.70815045,1.0946966,41.59566,0.616083562374115,1.9779651573143084
2019-11-20,Angela_DER_AY470_eobs_4001__2019__southbound_01,Angela / DER AY470 (eobs 4001),38.972576,-5.6914873,38.97435,-5.69119,38.965958,-5.6978681857678675,1.0973506844485188,0.19890858,0,0.07686109,0.70815045,0.9181021,38.972576,-5.6914873123168945,0.19891176031295627
2019-11-20,Zozu_plus_DER_AL581_eobs2541__2019__southbound_01,Zozu + / DER AL581 (eobs2541),41.577873,0.616224,41.595757,0.61629295,41.567993,0.6084481844022054,3.1553499631825632,1.9886934,0,0.1011472,0.70815045,1.2725277,41.577873,0.6162239909172058,1.9885433366302088
2019-11-21,Angela_DER_AY470_eobs_4001__2019__southbound_01,Angela / DER AY470 (eobs 4001),38.97435,-5.69119,38.958992,-5.698703,38.969612,-5.6961810678413185,1.2008627828551721,1.826903,0,0.053530265,0.70815045,0.6797854,38.97435,-5.691189765930176,1.8270884568091856
2019-11-21,Zozu_plus_DER_AL581_eobs2541__2019__southbound_01,Zozu + / DER AL581 (eobs2541),41.595757,0.61629295,41.610466,0.6169816,41.59011,0.610874578271729,2.3196663479766384,1.6364815,0,0.053217392,0.70815045,0.7715096,41.595757,0.6162929534912109,1.6366230141110747
2019-11-22,Angela_DER_AY470_eobs_4001__2019__southbound_01,Angela / DER AY470 (eobs 4001),38.958992,-5.698703,38.948315,-5.7087913,38.953926,-5.704109273492489,0.7438079169151844,1.4731357,0,0.061649464,0.70815045,0.730769,38.958992,-5.698702812194824,1.4733020181182395
2019-11-22,Zozu_plus_DER_AL581_eobs2541__2019__southbound_01,Zozu + / DER AL581 (eobs2541),41.610466,0.6169816,41.595745,0.6163688,41.605545,0.6116940231153238,1.1569595985822334,1.637768,0,0.048595622,0.70815045,0.70057535,41.610466,0.6169816255569458,1.637686490888372
2019-11-23,Angela_DER_AY470_eobs_4001__2019__southbound_01,Angela / DER AY470 (eobs 4001),38.948315,-5.7087913,38.975197,-5.6890473,38.94159,-5.716231547597213,4.4147384645405365,3.442102,0,0.09264803,0.70815045,0.9846593,38.948315,-5.708791255950928,3.442275539559677
2019-11-23,Zozu_plus_DER_AL581_eobs2541__2019__southbound_01,Zozu + / DER AL581 (eobs2541),41.595745,0.6163688,41.595833,0.6162583,41.590466,0.610292604553869,0.776089055420286,0.0133839855,0,0.05732048,0.70815045,0.773117,41.595745,0.6163687705993652,0.013399053911479554
2019-11-24,Angela_DER_AY470_eobs_4001__2019__southbound_01,Angela / DER AY470 (eobs 4001),38.975197,-5.6890473,38.947124,-5.708028,38.968685,-5.696429069482159,2.598755764110929,3.526672,0,0.09142196,0.70815045,0.9635764,38.975197,-5.689047336578369,3.526614495731064
2019-11-24,Zozu_plus_DER_AL581_eobs2541__2019__southbound_01,Zozu + / DER AL581 (eobs2541),41.595833,0.6162583,41.59581,0.6160743,41.58907,0.6086204280900058,0.9726369071563198,0.015461633,0,0.07980879,0.70815045,0.9826201,41.595833,0.6162583231925964,0.015511043349200296
2019-11-25,Angela_DER_AY470_eobs_4001__2019__southbound_01,Angela / DER AY470 (eobs 4001),38.947124,-5.708028,38.946205,-5.7097826,38.939716,-5.715773737653578,0.8882927824087022,0.18294378,0,0.096850984,0.70815045,1.0599166,38.947124,-5.7080278396606445,0.18297199847701992
2019-11-25,Zozu_plus_DER_AL581_eobs2541__2019__southbound_01,Zozu + / DER AL581 (eobs2541),41.59581,0.6160743,41.60309,0.6166731,41.58482,0.6054226373279817,2.2364712617987754,0.8105639,0,0.13193947,0.70815045,1.5066617,41.59581,0.6160743236541748,0.8108571186774738
2019-11-26,Angela_DER_AY470_eobs_4001__2019__southbound_01,Angela / DER AY470 (eobs 4001),38.946205,-5.7097826,38.945168,-5.7074404,38.937935,-5.718460848886901,1.247089132225413,0.2330669,0,0.10642559,0.70815045,1.1850308,38.946205,-5.709782600402832,0.23311233293323397
2019-11-26,Zozu_plus_DER_AL581_eobs2541__2019__southbound_01,Zozu + / DER AL581 (eobs2541),41.60309,0.6166731,41.595833,0.6160955,41.596485,0.6101581458470363,0.4990272927323493,0.80803776,0,0.066832244,0.70815045,0.91074425,41.60309,0.6166731119155884,0.8082104108948879
2019-11-27,Angela_DER_AY470_eobs_4001__2019__southbound_01,Angela / DER AY470 (eobs 4001),38.945168,-5.7074404,38.93997,-5.720473,38.93888,-5.714410435196534,0.5380832873633231,1.2668691,0,0.078336604,0.70815045,0.9215327,38.945168,-5.707440376281738,1.2667413927116755
2019-11-27,Zozu_plus_DER_AL581_eobs2541__2019__southbound_01,Zozu + / DER AL581 (eobs2541),41.595833,0.6160955,41.61036,0.6166902,41.5892,0.6093246122650477,2.431307928927134,1.6158541,0,0.06749045,0.70815045,0.92649513,41.595833,0.6160954833030701,1.6160173473858768
2019-11-28,Angela_DER_AY470_eobs_4001__2019__southbound_01,Angela / DER AY470 (eobs 4001),38.93997,-5.720473,38.94498,-5.711996,38.93232,-5.728905817902117,2.0300169690717613,0.92112017,0,0.09592115,0.70815045,1.1184536,38.93997,-5.720472812652588,0.9209281722584032
2019-11-28,Zozu_plus_DER_AL581_eobs2541__2019__southbound_01,Zozu + / DER AL581 (eobs2541),41.61036,0.6166902,41.610256,0.6167412,41.60438,0.6103309956433319,0.8430609900474746,0.012244043,0,0.057529774,0.70815045,0.84777486,41.61036,0.6166902184486389,0.012211325200985276
2019-11-29,Angela_DER_AY470_eobs_4001__2019__southbound_01,Angela / DER AY470 (eobs 4001),38.94498,-5.711996,38.94529,-5.7098374,38.939564,-5.718256158785274,0.9672081840805655,0.18983671,0,0.06263179,0.70815045,0.808464,38.94498,-5.711996078491211,0.189818588434113
2019-11-29,Zozu_plus_DER_AL581_eobs2541__2019__southbound_01,Zozu + / DER AL581 (eobs2541),41.610256,0.6167412,41.592262,0.61618,41.60323,0.6097487619223815,1.3316109418441928,2.001316,0,0.06435004,0.70815045,0.97225493,41.610256,0.6167411804199219,2.0013801871178116
2019-11-30,Angela_DER_AY470_eobs_4001__2019__southbound_01,Angela / DER AY470 (eobs 4001),38.94529,-5.7098374,38.946808,-5.7097335,38.940804,-5.715175295049011,0.8168528633528771,0.16875415,0,0.0491456,0.70815045,0.67861235,38.94529,-5.709837436676025,0.16906105630400178
2019-11-30,Zozu_plus_DER_AL581_eobs2541__2019__southbound_01,Zozu + / DER AL581 (eobs2541),41.592262,0.61618,41.610573,0.61691046,41.58338,0.6079808226905663,3.113369578682791,2.0372267,0,0.08086337,0.70815045,1.1979071,41.592262,0.6161800026893616,2.0369484492369616
2019-12-01,Angela_DER_AY470_eobs_4001__2019__southbound_01,Angela / DER AY470 (eobs 4001),38.946808,-5.7097335,38.976795,-5.691352,38.942585,-5.714993734228029,4.318459345661418,3.6939094,0,0.046687923,0.70815045,0.65275276,38.946808,-5.709733486175537,3.693831301748346
2019-12-01,Zozu_plus_DER_AL581_eobs2541__2019__southbound_01,Zozu + / DER AL581 (eobs2541),41.610573,0.61691046,41.61063,0.6168907,41.604725,0.6107753567490052,0.8304623346422414,0.006450524,0,0.050738025,0.70815045,0.82511234,41.610573,0.616910457611084,0.0065706532072689165
2019-12-02,Angela_DER_AY470_eobs_4001__2019__southbound_01,Angela / DER AY470 (eobs 4001),38.976795,-5.691352,38.976936,-5.691152,38.973118,-5.6961617661571236,0.6064882791698756,0.023334812,0,0.042136095,0.70815045,0.58220375,38.976795,-5.691351890563965,0.023336669969041827
2019-12-02,Zozu_plus_DER_AL581_eobs2541__2019__southbound_01,Zozu + / DER AL581 (eobs2541),41.61063,0.6168907,41.6106,0.6168825,41.604656,0.6109025863531281,0.8270013809302051,0.0033939069,0,0.051154926,0.70815045,0.8287679,41.61063,0.6168907284736633,0.003461623664053427
2019-12-03,Angela_DER_AY470_eobs_4001__2019__southbound_01,Angela / DER AY470 (eobs 4001),38.976936,-5.691152,38.94803,-5.7096868,38.973488,-5.695857925863018,3.073094764138522,3.5917184,0,0.039540157,0.70815045,0.5579425,38.976936,-5.691152095794678,3.591719238511543
2019-12-03,Zozu_plus_DER_AL581_eobs2541__2019__southbound_01,Zozu + / DER AL581 (eobs2541),41.6106,0.6168825,41.60985,0.6168141,41.603264,0.6102960998839388,0.9112152312947257,0.08340692,0,0.06391844,0.70815045,0.9807088,41.6106,0.6168825030326843,0.0833328162344332
2019-12-04,Angela_DER_AY470_eobs_4001__2019__southbound_01,Angela / DER AY470 (eobs 4001),38.94803,-5.7096868,38.94684,-5.7096205,38.943653,-5.715326303055734,0.6074046161444937,0.13247351,0,0.046981737,0.70815045,0.68766284,38.94803,-5.709686756134033,0.13246684460070807
2019-12-04,Zozu_plus_DER_AL581_eobs2541__2019__southbound_01,Zozu + / DER AL581 (eobs2541),41.60985,0.6168141,41.610054,0.6165117,41.602657,0.6106272056824511,0.9569949118810609,0.033783834,0,0.06030849,0.70815045,0.94941,41.60985,0.6168140769004822,0.03372503687598726
2019-12-05,Angela_DER_AY470_eobs_4001__2019__southbound_01,Angela / DER AY470 (eobs 4001),38.94684,-5.7096205,38.946766,-5.709671,38.942303,-5.7150409881761846,0.6796868852524122,0.008998623,0,0.04452316,0.70815045,0.6874184,38.94684,-5.709620475769043,0.00916838992563545
2019-12-05,Zozu_plus_DER_AL581_eobs2541__2019__southbound_01,Zozu + / DER AL581 (eobs2541),41.610054,0.6165117,41.61008,0.6168609,41.60472,0.6111060692359853,0.7642707255631811,0.029195528,0,0.045961246,0.70815045,0.7428898,41.610054,0.6165117025375366,0.02918535888264016
2019-12-06,Angela_DER_AY470_eobs_4001__2019__southbound_01,Angela / DER AY470 (eobs 4001),38.946766,-5.709671,38.945885,-5.7098904,38.941322,-5.715957379308623,0.7298458027397846,0.09988166,0,0.051650554,0.70815045,0.8123166,38.946766,-5.7096710205078125,0.09980379531436308
2019-12-06,Zozu_plus_DER_AL581_eobs2541__2019__southbound_01,Zozu + / DER AL581 (eobs2541),41.61008,0.6168609,41.75176,0.0536483,41.605545,0.6120577722723917,49.1431136427183,49.354767,1,0.037914015,0.70815045,0.6422447,41.61008,0.6168609261512756,49.35488059817836
2019-12-07,Angela_DER_AY470_eobs_4001__2019__southbound_01,Angela / DER AY470 (eobs 4001),38.945885,-5.7098904,38.94683,-5.70973,38.939564,-5.7164115107835825,0.993399062420327,0.10618658,0,0.0556927,0.70815045,0.89955574,38.945885,-5.709890365600586,0.10610410221284497
2019-12-07,Zozu_plus_DER_AL581_eobs2541__2019__southbound_01,Zozu + / DER AL581 (eobs2541),41.75176,0.0536483,41.75479,0.0522777,41.74101,0.04476391607324545,1.6544670227327436,0.35621473,0,0.09644773,0.70815045,1.4018044,41.75176,0.05364830046892166,0.35587065013066504
2019-12-08,Angela_DER_AY470_eobs_4001__2019__southbound_01,Angela / DER AY470 (eobs 4001),38.94683,-5.70973,38.946754,-5.7097063,38.94184,-5.715074829015618,0.7169698576256325,0.009002644,0,0.04081792,0.70815045,0.7209687,38.94683,-5.70973014831543,0.008730471990116832
2019-12-08,Zozu_plus_DER_AL581_eobs2541__2019__southbound_01,Zozu + / DER AL581 (eobs2541),41.75479,0.0522777,41.758812,0.0692217,41.748035,0.046655867193065324,2.222605747712443,1.4748272,0,0.058016945,0.70815045,0.88275886,41.75479,0.05227769911289215,1.4748840427896643
2019-12-09,Zozu_plus_DER_AL581_eobs2541__2019__southbound_01,Zozu + / DER AL581 (eobs2541),41.758812,0.0692217,41.610653,0.6147254,41.753536,0.06455739476451565,48.37254634842745,48.202354,1,0.043412846,0.70815045,0.7016421,41.758812,0.06922169774770737,48.202434797390815
2019-12-10,Zozu_plus_DER_AL581_eobs2541__2019__southbound_01,Zozu + / DER AL581 (eobs2541),41.610653,0.6147254,41.610607,0.6168713,41.60407,0.6090123812370001,0.977508173020661,0.17847928,0,0.05338486,0.70815045,0.8712108,41.610653,0.6147254109382629,0.17847681173370092
2019-12-11,Zozu_plus_DER_AL581_eobs2541__2019__southbound_01,Zozu + / DER AL581 (eobs2541),41.610607,0.6168713,41.538383,0.6169095,41.604298,0.6115416289079655,7.342920082109072,8.031143,0,0.04638724,0.70815045,0.82817864,41.610607,0.6168712973594666,8.0309166676223
2019-12-12,Zozu_plus_DER_AL581_eobs2541__2019__southbound_01,Zozu + / DER AL581 (eobs2541),41.538383,0.6169095,41.538425,0.6166356,41.53021,0.610535864451744,1.0452653595368764,0.023288382,0,0.06136252,0.70815045,1.0505704,41.538383,0.6169095039367676,0.023268152416281326
2019-12-13,Zozu_plus_DER_AL581_eobs2541__2019__southbound_01,Zozu + / DER AL581 (eobs2541),41.538425,0.6166356,41.539825,0.61585623,41.5293,0.609455801985948,1.2858536135991667,0.16845141,0,0.07013236,0.70815045,1.1754953,41.538425,0.6166356205940247,0.16864707232844775
2019-12-14,Zozu_plus_DER_AL581_eobs2541__2019__southbound_01,Zozu + / DER AL581 (eobs2541),41.539825,0.61585623,41.595787,0.6162532,41.529697,0.6070049015660156,7.389014323094224,6.2229757,0,0.08779228,0.70815045,1.34345,41.539825,0.6158562302589417,6.222743224158205
2019-12-15,Zozu_plus_DER_AL581_eobs2541__2019__southbound_01,Zozu + / DER AL581 (eobs2541),41.595787,0.6162532,41.61031,0.61664575,41.588184,0.6093757339274818,2.5334005413714857,1.6152493,0,0.05962051,0.70815045,1.0187197,41.595787,0.6162531971931458,1.6151662265188897
2019-12-16,Zozu_plus_DER_AL581_eobs2541__2019__southbound_01,Zozu + / DER AL581 (eobs2541),41.61031,0.61664575,41.538498,0.6163116,41.60389,0.6107196729158222,7.286082799760023,7.985445,0,0.047725644,0.70815045,0.8659164,41.61031,0.6166457533836365,7.985153454295278
2019-12-17,Zozu_plus_DER_AL581_eobs2541__2019__southbound_01,Zozu + / DER AL581 (eobs2541),41.538498,0.6163116,41.538784,0.616889,41.53212,0.6098900964311694,0.9426016799195588,0.05763608,0,0.04983354,0.70815045,0.88658524,41.538498,0.6163116097450256,0.057632468007196735
2019-12-18,Angela_DER_AY470_eobs_4001__2019__southbound_01,Angela / DER AY470 (eobs 4001),38.947456,-5.709415,38.940887,-5.7151856,38.942604,-5.715535311919178,0.19325978168827201,0.8845663,0,0.050207827,0.70815045,0.75457454,38.947456,-5.709414958953857,0.8846440297140581
2019-12-18,Zozu_plus_DER_AL581_eobs2541__2019__southbound_01,Zozu + / DER AL581 (eobs2541),41.538784,0.616889,41.53911,0.6168439,41.53383,0.6110465311384118,0.7599181908110033,0.036349416,0,0.040141348,0.70815045,0.733747,41.538784,0.6168889999389648,0.036249972885687945
2019-12-19,Zozu_plus_DER_AL581_eobs2541__2019__southbound_01,Zozu + / DER AL581 (eobs2541),41.53911,0.6168439,41.53874,0.6164724,41.53396,0.6110878881420092,0.6952287824341794,0.051563594,0,0.040999185,0.70815045,0.74530387,41.53911,0.6168438792228699,0.05146584816017445
2019-12-20,Zozu_plus_DER_AL581_eobs2541__2019__southbound_01,Zozu + / DER AL581 (eobs2541),41.53874,0.6164724,41.53919,0.6166908,41.53339,0.6102868923317847,0.8365463565592057,0.0532163,0,0.044819478,0.70815045,0.7850513,41.53874,0.6164724230766296,0.0532509914225159
2019-12-21,Zozu_plus_DER_AL581_eobs2541__2019__southbound_01,Zozu + / DER AL581 (eobs2541),41.53919,0.6166908,41.61003,0.6167039,41.534714,0.6110448574925285,8.388142928671899,7.8776712,0,0.040567037,0.70815045,0.68315136,41.53919,0.6166908144950867,7.877364558467274
2019-12-22,Zozu_plus_DER_AL581_eobs2541__2019__southbound_01,Zozu + / DER AL581 (eobs2541),41.61003,0.6167039,41.540108,0.6168483,41.60578,0.6109997880740489,7.318794987729464,7.775192,0,0.041509904,0.70815045,0.66838455,41.61003,0.6167039275169373,7.775147444464022
2019-12-23,Zozu_plus_DER_AL581_eobs2541__2019__southbound_01,Zozu + / DER AL581 (eobs2541),41.540108,0.6168483,41.539074,0.61686045,41.531555,0.6077192925591417,1.1304382673468476,0.114996836,0,0.079739854,0.70815045,1.2150828,41.540108,0.6168482899665833,0.11495603377647987
2019-12-24,Zozu_plus_DER_AL581_eobs2541__2019__southbound_01,Zozu + / DER AL581 (eobs2541),41.539074,0.61686045,41.61055,0.6168714,41.529297,0.6081836901487652,9.06380039417574,7.9476185,0,0.08091828,0.70815045,1.3027236,41.539074,0.6168604493141174,7.947777679677892
2019-12-25,Zozu_plus_DER_AL581_eobs2541__2019__southbound_01,Zozu + / DER AL581 (eobs2541),41.61055,0.6168714,41.538513,0.6168706,41.603653,0.6108589069852344,7.260466136548863,8.009782,0,0.048926152,0.70815045,0.91378224,41.61055,0.6168714165687561,8.01013143619098
2019-12-26,Zozu_plus_DER_AL581_eobs2541__2019__southbound_01,Zozu + / DER AL581 (eobs2541),41.538513,0.6168706,41.5512,0.6168584,41.531002,0.6109645574037866,2.2989518334717185,1.4106545,0,0.05209983,0.70815045,0.967369,41.538513,0.6168705821037292,1.410808303804626
2019-12-27,Zozu_plus_DER_AL581_eobs2541__2019__southbound_01,Zozu + / DER AL581 (eobs2541),41.5512,0.6168584,41.53884,0.6160912,41.54522,0.6116842503118192,0.7984468515611437,1.3758757,0,0.040549986,0.70815045,0.7908569,41.5512,0.6168584227561951,1.375811280078791
2019-12-28,Zozu_plus_DER_AL581_eobs2541__2019__southbound_01,Zozu + / DER AL581 (eobs2541),41.53884,0.6160912,41.53656,0.6169326,41.532024,0.6107024039845802,0.7233832374879269,0.26327547,0,0.04639961,0.70815045,0.87912714,41.53884,0.6160911917686462,0.26314632247786723
2020-06-10,Zozu_plus_DER_AL581_eobs2541__2020__southbound_01,Zozu + / DER AL581 (eobs2541),47.75059,8.933538,47.751205,8.933366,47.749176,8.93068613690138,0.3017620765288065,0.06947083,0,0.032975722,0.70815045,0.26459926,47.75059,8.933538436889648,0.06950091023296683
2020-06-11,Zozu_plus_DER_AL581_eobs2541__2020__southbound_01,Zozu + / DER AL581 (eobs2541),47.751205,8.933366,47.751236,8.933295,47.749897,8.930738201237212,0.2423096577831503,0.0062683425,0,0.032212224,0.70815045,0.24403715,47.751205,8.933365821838379,0.006273155664092152
2020-06-12,Zozu_plus_DER_AL581_eobs2541__2020__southbound_01,Zozu + / DER AL581 (eobs2541),47.751236,8.933295,47.751247,8.933278,47.749935,8.930561231695938,0.25009871956479324,0.0018512853,0,0.03468361,0.70815045,0.25008065,47.751236,8.933295249938965,0.0018073127420223636
2020-06-13,Zozu_plus_DER_AL581_eobs2541__2020__southbound_01,Zozu + / DER AL581 (eobs2541),47.751247,8.933278,47.75123,8.941495,47.74947,8.92972489123079,0.901433761676761,0.6143028,0,0.041092243,0.70815045,0.3304162,47.751247,8.93327808380127,0.614313236697649
2020-06-14,Zozu_plus_DER_AL581_eobs2541__2020__southbound_01,Zozu + / DER AL581 (eobs2541),47.75123,8.941495,47.75026,8.937252,47.749615,8.938038087824323,0.0926956248905689,0.33492208,0,0.035450183,0.70815045,0.31414387,47.75123,8.941494941711426,0.335008657280135
2020-06-15,Zozu_plus_DER_AL581_eobs2541__2020__southbound_01,Zozu + / DER AL581 (eobs2541),47.75026,8.937252,47.748974,8.937636,47.748383,8.933441863336627,0.3204237803900427,0.14607286,0,0.04011215,0.70815045,0.352551,47.75026,8.937252044677734,0.14580655237629053
2020-06-16,Zozu_plus_DER_AL581_eobs2541__2020__southbound_01,Zozu + / DER AL581 (eobs2541),47.748974,8.937636,47.749237,8.938238,47.74676,8.93352221335267,0.4473339525513501,0.053737566,0,0.04039886,0.70815045,0.3931525,47.748974,8.937636375427246,0.05367347122330347
2020-06-17,Zozu_plus_DER_AL581_eobs2541__2020__southbound_01,Zozu + / DER AL581 (eobs2541),47.749237,8.938238,47.750725,8.937151,47.747543,8.934763622876641,0.3962401381909978,0.18417794,0,0.033017896,0.70815045,0.32029665,47.749237,8.938238143920898,0.18431880123897787
2020-06-18,Zozu_plus_DER_AL581_eobs2541__2020__southbound_01,Zozu + / DER AL581 (eobs2541),47.750725,8.937151,47.751194,8.936371,47.749268,8.9338377772902,0.28592078458725173,0.07837694,0,0.034132175,0.70815045,0.29536617,47.750725,8.937150955200195,0.07825353090017718
2020-06-19,Zozu_plus_DER_AL581_eobs2541__2020__southbound_01,Zozu + / DER AL581 (eobs2541),47.751194,8.936371,47.750828,8.936872,47.74942,8.932688130344264,0.3497449693709647,0.05541326,0,0.039727725,0.70815045,0.33817336,47.751194,8.936370849609375,0.05531131054651515
2020-06-20,Zozu_plus_DER_AL581_eobs2541__2020__southbound_01,Zozu + / DER AL581 (eobs2541),47.750828,8.936872,47.751205,8.934104,47.749126,8.933302077388005,0.23882305382439006,0.21116826,0,0.037923824,0.70815045,0.32644877,47.750828,8.936871528625488,0.2111280836177144
2020-06-21,Zozu_plus_DER_AL581_eobs2541__2020__southbound_01,Zozu + / DER AL581 (eobs2541),47.751205,8.934104,47.75102,8.937568,47.749153,8.929987084740182,0.603519923065505,0.25979358,0,0.046646774,0.70815045,0.38256198,47.751205,8.934103965759277,0.2597902690709042
2020-06-22,Zozu_plus_DER_AL581_eobs2541__2020__southbound_01,Zozu + / DER AL581 (eobs2541),47.75102,8.937568,47.74597,8.940218,47.748707,8.933175729069529,0.6080573141766294,0.5951295,0,0.043585002,0.70815045,0.4162111,47.75102,8.937567710876465,0.5951395012327187
2020-06-23,Zozu_plus_DER_AL581_eobs2541__2020__southbound_01,Zozu + / DER AL581 (eobs2541),47.74597,8.940218,47.74628,8.943734,47.743137,8.935043815176606,0.7378296288831567,0.26509944,0,0.04906436,0.70815045,0.49810913,47.74597,8.940217971801758,0.26513970259434794
2020-06-24,Zozu_plus_DER_AL581_eobs2541__2020__southbound_01,Zozu + / DER AL581 (eobs2541),47.74628,8.943734,47.75129,8.933984,47.74337,8.938386813029195,0.9401120684464069,0.91730946,0,0.043166965,0.70815045,0.5134942,47.74628,8.943734169006348,0.9173955815933832
2020-06-25,Zozu_plus_DER_AL581_eobs2541__2020__southbound_01,Zozu + / DER AL581 (eobs2541),47.75129,8.933984,47.751263,8.943849,47.747578,8.927371248202785,1.2982826328800885,0.73751837,0,0.053123936,0.70815045,0.64298916,47.75129,8.93398380279541,0.7375191607301855
2020-06-26,Zozu_plus_DER_AL581_eobs2541__2020__southbound_01,Zozu + / DER AL581 (eobs2541),47.751263,8.943849,47.742435,8.939635,47.748016,8.937914828237078,0.6337615894786608,1.0309653,0,0.044724602,0.70815045,0.5709846,47.751263,8.943848609924316,1.0308566680040323
2020-06-27,Angela_DER_AY470_eobs_4001__2020__southbound_01,Angela / DER AY470 (eobs 4001),48.134808,7.761975,48.135956,7.754962,48.13201,7.755749658238659,0.44247574741699575,0.5358752,0,0.023941815,0.70815045,0.5559235,48.134808,7.761974811553955,0.5358462608676214
2020-06-27,Zozu_plus_DER_AL581_eobs2541__2020__southbound_01,Zozu + / DER AL581 (eobs2541),47.742435,8.939635,47.751183,8.936737,47.739056,8.9333564292128,1.3719411960659769,0.99645835,0,0.05439114,0.70815045,0.60026574,47.742435,8.939635276794434,0.9964812211877323
2020-06-28,Angela_DER_AY470_eobs_4001__2020__southbound_01,Angela / DER AY470 (eobs 4001),48.135956,7.754962,48.106216,7.7566175,48.132782,7.747474370101419,3.0309275052727043,3.3094354,0,0.029350387,0.70815045,0.6571704,48.135956,7.754961967468262,3.3091554495216733
2020-06-28,Zozu_plus_DER_AL581_eobs2541__2020__southbound_01,Zozu + / DER AL581 (eobs2541),47.751183,8.936737,47.74037,8.936371,47.748188,8.930614797968321,0.9698630089605926,1.2022967,0,0.052869298,0.70815045,0.5649196,47.751183,8.936737060546875,1.2024253675273304
2020-06-29,Angela_DER_AY470_eobs_4001__2020__southbound_01,Angela / DER AY470 (eobs 4001),48.106216,7.7566175,48.151463,7.7490926,48.102516,7.748108096167158,5.443087187390118,5.062147,0,0.034492426,0.70815045,0.75263053,48.106216,7.756617546081543,5.06204931725158
2020-06-29,Zozu_plus_DER_AL581_eobs2541__2020__southbound_01,Zozu + / DER AL581 (eobs2541),47.74037,8.936371,47.747074,8.936814,47.73678,8.929479508989315,1.2694459387280121,0.745943,0,0.0650473,0.70815045,0.65099204,47.74037,8.936370849609375,0.7460137536795143
2020-06-30,Angela_DER_AY470_eobs_4001__2020__southbound_01,Angela / DER AY470 (eobs 4001),48.151463,7.7490926,48.1503,7.7490897,48.148346,7.741289767160037,0.6180781532991422,0.12930891,0,0.03308236,0.70815045,0.6734237,48.151463,7.7490925788879395,0.12937372250365214
2020-06-30,Zozu_plus_DER_AL581_eobs2541__2020__southbound_01,Zozu + / DER AL581 (eobs2541),47.747074,8.936814,47.74258,8.938621,47.74438,8.931213443020887,0.5889307688346219,0.5176338,0,0.049500566,0.70815045,0.51400775,47.747074,8.936814308166504,0.5176090657174228
2020-07-01,Angela_DER_AY470_eobs_4001__2020__southbound_01,Angela / DER AY470 (eobs 4001),48.1503,7.7490897,48.13606,7.766708,48.146614,7.740404903284704,2.277414461629654,2.0534534,0,0.035706755,0.70815045,0.7622586,48.1503,7.74908971786499,2.0533225033931104
2020-07-01,Mirabell_plus_DER_AN910_eobs_3907__2020__southbound_01,Mirabell + / DER AN910 (eobs 3907),47.80445,8.886295,47.804344,8.886346,47.80152,8.880755891783283,0.5223364882882274,0.012518813,0,0.05061739,0.70815045,0.52574813,47.80445,8.886295318603516,0.01246240446363857
2020-07-01,Zozu_plus_DER_AL581_eobs2541__2020__southbound_01,Zozu + / DER AL581 (eobs2541),47.74258,8.938621,47.74695,8.935849,47.73838,8.931062003174153,1.0177272785497125,0.5282758,0,0.06933926,0.70815045,0.73193634,47.74258,8.938620567321777,0.5280398646675563
2020-07-02,Angela_DER_AY470_eobs_4001__2020__southbound_01,Angela / DER AY470 (eobs 4001),48.13606,7.766708,48.13837,7.7521005,48.13198,7.757399380340464,0.8120521961138163,1.1139876,0,0.03754073,0.70815045,0.82481605,48.13606,7.766707897186279,1.1140194649486792
2020-07-02,Mirabell_plus_DER_AN910_eobs_3907__2020__southbound_01,Mirabell + / DER AN910 (eobs 3907),47.804344,8.886346,47.80394,8.8860445,47.80051,8.879438866308545,0.6235596848155488,0.050391458,0,0.06117007,0.70815045,0.66789925,47.804344,8.886345863342285,0.05028143543214544
2020-07-02,Zozu_plus_DER_AL581_eobs2541__2020__southbound_01,Zozu + / DER AL581 (eobs2541),47.74695,8.935849,47.75132,8.933318,47.743156,8.928623730462553,0.9732310334761872,0.52167386,0,0.06366938,0.70815045,0.68413913,47.74695,8.9358491897583,0.5216396476540286
2020-07-03,Angela_DER_AY470_eobs_4001__2020__southbound_01,Angela / DER AY470 (eobs 4001),48.13837,7.7521005,48.150066,7.749769,48.13428,7.742686555395047,1.8322221175343392,1.31202,0,0.038875416,0.70815045,0.8320667,48.13837,7.752100467681885,1.3119743405837323
2020-07-03,Mirabell_plus_DER_AN910_eobs_3907__2020__southbound_01,Mirabell + / DER AN910 (eobs 3907),47.80394,8.8860445,47.80392,8.886335,47.79976,8.878826979037134,0.7270865118353906,0.021842774,0,0.071426064,0.70815045,0.7105101,47.80394,8.8860445022583,0.021827358415971974
2020-07-03,Zozu_plus_DER_AL581_eobs2541__2020__southbound_01,Zozu + / DER AL581 (eobs2541),47.75132,8.933318,47.748158,8.936284,47.748512,8.927703373805498,0.6427580030011194,0.41575778,0,0.049709618,0.70815045,0.52223814,47.75132,8.933318138122559,0.41571958234920053
2020-07-04,Angela_DER_AY470_eobs_4001__2020__southbound_01,Angela / DER AY470 (eobs 4001),48.150066,7.749769,48.152233,7.759263,48.146236,7.741224790319726,1.4951558258871656,0.7444682,0,0.03531722,0.70815045,0.7623512,48.150066,7.74976921081543,0.744376560823576
2020-07-04,Mirabell_plus_DER_AN910_eobs_3907__2020__southbound_01,Mirabell + / DER AN910 (eobs 3907),47.80392,8.886335,47.804012,8.886301,47.801212,8.881378847411069,0.48175461744288,0.010571883,0,0.04427544,0.70815045,0.47636655,47.80392,8.886335372924805,0.010498172323154224
2020-07-04,Zozu_plus_DER_AL581_eobs2541__2020__southbound_01,Zozu + / DER AL581 (eobs2541),47.748158,8.936284,47.746815,8.936531,47.745174,8.930659066080567,0.4754268588983333,0.15051761,0,0.050893337,0.70815045,0.5345807,47.748158,8.936284065246582,0.15044757268411044
2020-07-05,Angela_DER_AY470_eobs_4001__2020__southbound_01,Angela / DER AY470 (eobs 4001),48.152233,7.759263,48.145184,7.771317,48.1489,7.751686428344724,1.5138916023273068,1.1894122,0,0.031191718,0.70815045,0.6721654,48.152233,7.759263038635254,1.1891975649627957
2020-07-05,Mirabell_plus_DER_AN910_eobs_3907__2020__southbound_01,Mirabell + / DER AN910 (eobs 3907),47.804012,8.886301,47.803905,8.886431,47.80154,8.881648236530717,0.44356762906214564,0.015473266,0,0.04050087,0.70815045,0.44218883,47.804012,8.886301040649414,0.015326289142925465
2020-07-05,Zozu_plus_DER_AL581_eobs2541__2020__southbound_01,Zozu + / DER AL581 (eobs2541),47.746815,8.936531,47.74705,8.936649,47.742928,8.92971972978139,0.6918924553703353,0.027724216,0,0.06327437,0.70815045,0.6667991,47.746815,8.936531066894531,0.027745418684573003
2020-07-06,Angela_DER_AY470_eobs_4001__2020__southbound_01,Angela / DER AY470 (eobs 4001),48.145184,7.771317,48.125355,7.767948,48.141636,7.763199187435276,1.8443657820279409,2.2187943,0,0.032696337,0.70815045,0.71883005,48.145184,7.771317005157471,2.2189923702023573
2020-07-06,Mirabell_plus_DER_AN910_eobs_3907__2020__southbound_01,Mirabell + / DER AN910 (eobs 3907),47.803905,8.886431,47.803917,8.886257,47.800735,8.88053960016794,0.5545351141465847,0.0130312415,0,0.047418743,0.70815045,0.5627285,47.803905,8.886430740356445,0.013025532178843831
2020-07-06,Zozu_plus_DER_AL581_eobs2541__2020__southbound_01,Zozu + / DER AL581 (eobs2541),47.74705,8.936649,47.741043,8.935946,47.743668,8.930192385010313,0.5198946815693352,0.670248,0,0.053195328,0.70815045,0.6110233,47.74705,8.936649322509766,0.6701404345979612
2020-07-07,Angela_DER_AY470_eobs_4001__2020__southbound_01,Angela / DER AY470 (eobs 4001),48.125355,7.767948,48.127445,7.7584863,48.120155,7.757072286225307,0.817365765361696,0.7397343,0,0.04547824,0.70815045,0.9912802,48.125355,7.767948150634766,0.7397451615864552
2020-07-07,Mirabell_plus_DER_AN910_eobs_3907__2020__southbound_01,Mirabell + / DER AN910 (eobs 3907),47.803917,8.886257,47.8049,8.885378,47.799248,8.878326493949203,0.8200889012000422,0.12776059,0,0.0675912,0.70815045,0.7862805,47.803917,8.88625717163086,0.12762875030286752
2020-07-07,Zozu_plus_DER_AL581_eobs2541__2020__southbound_01,Zozu + / DER AL581 (eobs2541),47.741043,8.935946,47.74719,8.936978,47.73623,8.927608735922119,1.4056995462668762,0.6877399,0,0.07515762,0.70815045,0.8202113,47.741043,8.935946464538574,0.6876888208167016
2020-07-08,Angela_DER_AY470_eobs_4001__2020__southbound_01,Angela / DER AY470 (eobs 4001),48.127445,7.7584863,48.135017,7.7530894,48.122234,7.747103657046193,1.4892194537994738,0.93256223,0,0.04490101,0.70815045,1.0225682,48.127445,7.758486270904541,0.9323971348045486
2020-07-08,Mirabell_plus_DER_AN910_eobs_3907__2020__southbound_01,Mirabell + / DER AN910 (eobs 3907),47.8049,8.885378,47.804398,8.885767,47.80058,8.87767901727385,0.7383730044787167,0.06308425,0,0.06164244,0.70815045,0.74815637,47.8049,8.885377883911133,0.06308324101417707
2020-07-08,Zozu_plus_DER_AL581_eobs2541__2020__southbound_01,Zozu + / DER AL581 (eobs2541),47.74719,8.936978,47.74344,8.935827,47.743275,8.929758826583049,0.45412362697331166,0.42578512,0,0.059369914,0.70815045,0.69218093,47.74719,8.936978340148926,0.42575468097935276
2020-07-09,Angela_DER_AY470_eobs_4001__2020__southbound_01,Angela / DER AY470 (eobs 4001),48.135017,7.7530894,48.135403,7.7538147,48.130474,7.742443515069482,1.0062179289867437,0.06860588,0,0.041326653,0.70815045,0.936045,48.135017,7.753089427947998,0.0687906605644451
2020-07-09,Mirabell_plus_DER_AN910_eobs_3907__2020__southbound_01,Mirabell + / DER AN910 (eobs 3907),47.804398,8.885767,47.806282,8.885461,47.799717,8.877746021535545,0.93001024699935,0.21063855,0,0.0619496,0.70815045,0.79217964,47.804398,8.885766983032227,0.21078632881563766
2020-07-09,Zozu_plus_DER_AL581_eobs2541__2020__southbound_01,Zozu + / DER AL581 (eobs2541),47.74344,8.935827,47.739254,8.936755,47.737663,8.926140898526445,0.8132106328592523,0.47050673,0,0.08795303,0.70815045,0.96617883,47.74344,8.935827255249023,0.47046550345120286
2020-07-10,Angela_DER_AY470_eobs_4001__2020__southbound_01,Angela / DER AY470 (eobs 4001),48.135403,7.7538147,48.124622,7.7564955,48.131542,7.744055483343784,1.2018801680978315,1.2151045,0,0.038022038,0.70815045,0.8405,48.135403,7.753814697265625,1.2151189729008727
2020-07-10,Mirabell_plus_DER_AN910_eobs_3907__2020__southbound_01,Mirabell + / DER AN910 (eobs 3907),47.806282,8.885461,47.80478,8.88635,47.80203,8.877484969768531,0.7293022551516237,0.18003127,0,0.056460243,0.70815045,0.7592161,47.806282,8.88546085357666,0.1798256519415562
2020-07-10,Zozu_plus_DER_AL581_eobs2541__2020__southbound_01,Zozu + / DER AL581 (eobs2541),47.739254,8.936755,47.740242,8.939022,47.731956,8.924804388361885,1.4068819355540123,0.20218152,0,0.11563754,0.70815045,1.205001,47.739254,8.936755180358887,0.2020016852893875
2020-07-11,Angela_DER_AY470_eobs_4001__2020__southbound_01,Angela / DER AY470 (eobs 4001),48.124622,7.7564955,48.13116,7.7574086,48.119564,7.744531113449119,1.605105140884729,0.7302498,0,0.048262227,0.70815045,1.049282,48.124622,7.756495475769043,0.7301889208038934
2020-07-11,Mirabell_plus_DER_AN910_eobs_3907__2020__southbound_01,Mirabell + / DER AN910 (eobs 3907),47.80478,8.88635,47.804543,8.886354,47.799496,8.876751706762875,0.910676998049116,0.026150577,0,0.07132483,0.70815045,0.9252937,47.80478,8.88634967803955,0.02630129639390394
2020-07-11,Zozu_plus_DER_AL581_eobs2541__2020__southbound_01,Zozu + / DER AL581 (eobs2541),47.740242,8.939022,47.738937,8.940221,47.735744,8.930507420304762,0.8085115077659529,0.17085266,0,0.06791023,0.70815045,0.8081544,47.740242,8.939022064208984,0.1705301116186532
2020-07-12,Angela_DER_AY470_eobs_4001__2020__southbound_01,Angela / DER AY470 (eobs 4001),48.13116,7.7574086,48.148365,7.749654,48.12705,7.747131865504254,2.3776693112504663,1.9977745,0,0.040186897,0.70815045,0.8877828,48.13116,7.757408618927002,1.9976994701357953
2020-07-12,Mirabell_plus_DER_AN910_eobs_3907__2020__southbound_01,Mirabell + / DER AN910 (eobs 3907),47.804543,8.886354,47.804626,8.885832,47.800476,8.878519266781682,0.7150382190092106,0.0401275,0,0.06558635,0.70815045,0.73819107,47.804543,8.886354446411133,0.040131668750192626
2020-07-12,Zozu_plus_DER_AL581_eobs2541__2020__southbound_01,Zozu + / DER AL581 (eobs2541),47.738937,8.940221,47.743538,8.941041,47.735367,8.933091468137986,1.0857739303614449,0.51562476,0,0.061750785,0.70815045,0.6636677,47.738937,8.940220832824707,0.5152188615977948
2020-07-13,Angela_DER_AY470_eobs_4001__2020__southbound_01,Angela / DER AY470 (eobs 4001),48.148365,7.749654,48.134262,7.7534823,48.14397,7.739056097627601,1.5202929989664218,1.5935731,0,0.039988436,0.70815045,0.9241013,48.148365,7.7496538162231445,1.5936997363339216
2020-07-13,Mirabell_plus_DER_AN910_eobs_3907__2020__southbound_01,Mirabell + / DER AN910 (eobs 3907),47.804626,8.885832,47.804237,8.880102,47.798832,8.875177594764038,0.7046679424603314,0.43014413,0,0.100429855,0.70815045,1.0222056,47.804626,8.885831832885742,0.43010620849465026
2020-07-13,Zozu_plus_DER_AL581_eobs2541__2020__southbound_01,Zozu + / DER AL581 (eobs2541),47.743538,8.941041,47.75148,8.943654,47.739967,8.93366894281056,1.4819606125384206,0.90415376,0,0.06620774,0.70815045,0.6780189,47.743538,8.941040992736816,0.9044861654956408
2020-07-14,Angela_DER_AY470_eobs_4001__2020__southbound_01,Angela / DER AY470 (eobs 4001),48.134262,7.7534823,48.10913,7.7538886,48.12929,7.742676274089588,2.391290131625309,2.794612,0,0.04135548,0.70815045,0.97219074,48.134262,7.753482341766357,2.7946313564487957
2020-07-14,Mirabell_plus_DER_AN910_eobs_3907__2020__southbound_01,Mirabell + / DER AN910 (eobs 3907),47.804237,8.880102,47.804256,8.879999,47.798855,8.870364787931976,0.9373197091429653,0.008005003,0,0.097145796,0.70815045,0.9402152,47.804237,8.880102157592773,0.00797943196490497
2020-07-14,Zozu_plus_DER_AL581_eobs2541__2020__southbound_01,Zozu + / DER AL581 (eobs2541),47.75148,8.943654,47.752575,9.04522,47.748615,8.93755683079559,8.061284783408212,7.594195,0,0.052903045,0.70815045,0.55525345,47.75148,8.94365406036377,7.594171326581433
2020-07-15,Angela_DER_AY470_eobs_4001__2020__southbound_01,Angela / DER AY470 (eobs 4001),48.10913,7.7538886,48.1089,7.751875,48.103035,7.741388990969628,1.0155068674336114,0.15174876,0,0.052468356,0.70815045,1.1473274,48.10913,7.7538886070251465,0.15173176000656852
2020-07-15,Mirabell_plus_DER_AN910_eobs_3907__2020__southbound_01,Mirabell + / DER AN910 (eobs 3907),47.804256,8.879999,47.804367,8.884844,47.798954,8.870095381127843,1.255275049592667,0.36203712,0,0.10064775,0.70815045,0.9443439,47.804256,8.879999160766602,0.362036884985538
2020-07-15,Sierit_DER_AN858_eobs2561__2020__southbound_01,Sierit  / DER AN858 (eobs2561),47.80157,8.874634,47.802616,8.880487,47.7948,8.863966227524363,1.5093826457307482,0.452478,0,0.10735495,0.70815045,1.0942931,47.80157,8.8746337890625,0.452388115344593
2020-07-15,Zozu_plus_DER_AL581_eobs2541__2020__southbound_01,Zozu + / DER AL581 (eobs2541),47.752575,9.04522,47.75159,9.055156,47.749737,9.03912697986483,1.2159603785464048,0.7507458,0,0.051094443,0.70815045,0.55319804,47.752575,9.045220375061035,0.7507964664962645
2020-07-16,Angela_DER_AY470_eobs_4001__2020__southbound_01,Angela / DER AY470 (eobs 4001),48.1089,7.751875,48.135433,7.753382,48.103065,7.7397933068108555,3.7378161879501293,2.9524593,0,0.054535206,0.70815045,1.1049278,48.1089,7.751874923706055,2.952685712024783
2020-07-16,Mirabell_plus_DER_AN910_eobs_3907__2020__southbound_01,Mirabell + / DER AN910 (eobs 3907),47.804367,8.884844,47.804443,8.885641,47.80191,8.879957863841502,0.5094112511816592,0.060173836,0,0.047633722,0.70815045,0.45504496,47.804367,8.884843826293945,0.060146088821383
2020-07-16,Sierit_DER_AN858_eobs2561__2020__southbound_01,Sierit  / DER AN858 (eobs2561),47.802616,8.880487,47.80279,8.880519,47.799416,8.875102485976775,0.5518937424235677,0.019660225,0,0.052686527,0.70815045,0.5360614,47.802616,8.880487442016602,0.019653144873286045
2020-07-16,Zozu_plus_DER_AL581_eobs2541__2020__southbound_01,Zozu + / DER AL581 (eobs2541),47.75159,9.055156,47.751534,8.943804,47.749012,9.049733343544933,7.9246242239188485,8.324844,0,0.047585763,0.70815045,0.4956971,47.75159,9.055155754089355,8.32485703904027
2020-07-17,Angela_DER_AY470_eobs_4001__2020__southbound_01,Angela / DER AY470 (eobs 4001),48.135433,7.753382,48.13143,7.7584915,48.1319,7.745467299756334,0.9679855075894397,0.5846671,0,0.037409615,0.70815045,0.70539415,48.135433,7.753382205963135,0.5846013052343227
2020-07-17,Mirabell_plus_DER_AN910_eobs_3907__2020__southbound_01,Mirabell + / DER AN910 (eobs 3907),47.804443,8.885641,47.80455,8.885661,47.802574,8.88183316146857,0.36057769066719725,0.012033161,0,0.038074043,0.70815045,0.3516388,47.804443,8.885641098022461,0.011970729676374407
2020-07-17,Sierit_DER_AN858_eobs2561__2020__southbound_01,Sierit  / DER AN858 (eobs2561),47.80279,8.880519,47.803932,8.879867,47.80078,8.877000850385565,0.4105741286514251,0.1357796,0,0.041238256,0.70815045,0.34426022,47.80279,8.880518913269043,0.13586409122759716
2020-07-17,Zozu_plus_DER_AL581_eobs2541__2020__southbound_01,Zozu + / DER AL581 (eobs2541),47.751534,8.943804,47.7389,8.939626,47.747967,8.936686147395424,1.0319459116313103,1.438985,0,0.08509351,0.70815045,0.6623769,47.751534,8.943803787231445,1.4391835727689315
2020-07-18,Angela_DER_AY470_eobs_4001__2020__southbound_01,Angela / DER AY470 (eobs 4001),48.13143,7.7584915,48.09271,7.763441,48.12847,7.751797501847022,4.069523657864456,4.321206,0,0.034145545,0.70815045,0.59485304,48.13143,7.758491516113281,4.32145798753091
2020-07-18,Mirabell_plus_DER_AN910_eobs_3907__2020__southbound_01,Mirabell + / DER AN910 (eobs 3907),47.80455,8.885661,47.80428,8.879807,47.802906,8.882210158908473,0.23562736736909376,0.43823096,0,0.040817022,0.70815045,0.3154986,47.80455,8.885661125183105,0.4382201314147788
2020-07-18,Sierit_DER_AN858_eobs2561__2020__southbound_01,Sierit  / DER AN858 (eobs2561),47.803932,8.879867,47.802753,8.875032,47.80232,8.876941494021436,0.1505618310916727,0.38414955,0,0.04451294,0.70815045,0.2820952,47.803932,8.879866600036621,0.3841058486129028
2020-07-18,Zozu_plus_DER_AL581_eobs2541__2020__southbound_01,Zozu + / DER AL581 (eobs2541),47.7389,8.939626,47.757473,8.946831,47.734688,8.9313408565205,2.7857663288657415,2.134112,0,0.11706479,0.70815045,0.7753763,47.7389,8.93962574005127,2.134408414223623
2020-07-19,Angela_DER_AY470_eobs_4001__2020__southbound_01,Angela / DER AY470 (eobs 4001),48.09271,7.763441,48.07767,7.792877,48.088432,7.754660433479429,3.080780216286865,2.752734,0,0.041392557,0.70815045,0.8057382,48.09271,7.76344108581543,2.7526175340121757
2020-07-19,Mirabell_plus_DER_AN910_eobs_3907__2020__southbound_01,Mirabell + / DER AN910 (eobs 3907),47.80428,8.879807,47.804134,8.879616,47.801228,8.874036010046183,0.5273965484271471,0.021599011,0,0.07147304,0.70815045,0.5475429,47.80428,8.879807472229004,0.021558575766736466
2020-07-19,Sierit_DER_AN858_eobs2561__2020__southbound_01,Sierit  / DER AN858 (eobs2561),47.802753,8.875032,47.804123,8.879816,47.799324,8.869467001524741,0.9392653179044511,0.38840193,0,0.07586289,0.70815045,0.5631979,47.802753,8.875032424926758,0.3883743147595525
2020-07-19,Zozu_plus_DER_AL581_eobs2541__2020__southbound_01,Zozu + / DER AL581 (eobs2541),47.757473,8.946831,47.740345,8.950154,47.754467,8.940473770877672,1.729077241429143,1.9205843,0,0.07665557,0.70815045,0.5798791,47.757473,8.946830749511719,1.9206899967216544
2020-07-20,Angela_DER_AY470_eobs_4001__2020__southbound_01,Angela / DER AY470 (eobs 4001),48.07767,7.792877,48.078724,7.7944937,48.073643,7.784412892448788,0.9381588938832904,0.16788699,0,0.038764145,0.70815045,0.7706756,48.07767,7.792877197265625,0.16771279843759385
2020-07-20,Mirabell_plus_DER_AN910_eobs_3907__2020__southbound_01,Mirabell + / DER AN910 (eobs 3907),47.804134,8.879616,47.805416,8.881017,47.79766,8.868594802572733,1.266666015254726,0.17692089,0,0.13862845,0.70815045,1.0916622,47.804134,8.879615783691406,0.1768056511458822
2020-07-20,Sierit_DER_AN858_eobs2561__2020__southbound_01,Sierit  / DER AN858 (eobs2561),47.804123,8.879816,47.806107,8.884257,47.80146,8.875169368419023,0.8530073401845254,0.39822945,0,0.058234714,0.70815045,0.45550904,47.804123,8.879816055297852,0.39833741734777867
2020-07-20,Zozu_plus_DER_AL581_eobs2541__2020__southbound_01,Zozu + / DER AL581 (eobs2541),47.740345,8.950154,47.752678,9.046464,47.73569,8.941469203346154,8.074722239987043,7.330401,0,0.10788385,0.70815045,0.8289758,47.740345,8.950154304504395,7.330384826061249
2020-07-21,Angela_DER_AY470_eobs_4001__2020__southbound_01,Angela / DER AY470 (eobs 4001),48.078724,7.7944937,48.079353,7.790823,48.07504,7.7860878276495376,0.5949009258284608,0.28147385,0,0.037638687,0.70815045,0.7456184,48.078724,7.794493675231934,0.2815339408921179
2020-07-21,Mirabell_plus_DER_AN910_eobs_3907__2020__southbound_01,Mirabell + / DER AN910 (eobs 3907),47.805416,8.881017,47.80405,8.880236,47.80149,8.873080679960928,0.6054624242340209,0.16249017,0,0.08309266,0.70815045,0.7347037,47.805416,8.881016731262207,0.16267361006423164
2020-07-21,Sierit_DER_AN858_eobs2561__2020__southbound_01,Sierit  / DER AN858 (eobs2561),47.806107,8.884257,47.802734,8.880403,47.803345,8.878933865751273,0.12899141897242872,0.47281316,0,0.056334052,0.70815045,0.50139195,47.806107,8.884257316589355,0.47274386537251795
2020-07-21,Zozu_plus_DER_AL581_eobs2541__2020__southbound_01,Zozu + / DER AL581 (eobs2541),47.752678,9.046464,47.75068,8.937178,47.748684,9.038802715690753,7.601167678325627,8.173459,0,0.07893877,0.70815045,0.7235549,47.752678,9.046463966369629,8.173427096554795
2020-07-22,Angela_DER_AY470_eobs_4001__2020__southbound_01,Angela / DER AY470 (eobs 4001),48.079353,7.790823,48.078793,7.795102,48.0744,7.779620279355249,1.2495297968927512,0.32390055,0,0.050144784,0.70815045,0.9961832,48.079353,7.790822982788086,0.3239541921661679
2020-07-22,Mirabell_plus_DER_AN910_eobs_3907__2020__southbound_01,Mirabell + / DER AN910 (eobs 3907),47.80405,8.880236,47.80451,8.880582,47.798,8.869425017337395,1.1036575796390735,0.056860093,0,0.12894231,0.70815045,1.049009,47.80405,8.88023567199707,0.05709117008512231
2020-07-22,Sierit_DER_AN858_eobs2561__2020__southbound_01,Sierit  / DER AN858 (eobs2561),47.802734,8.880403,47.802437,8.87918,47.797314,8.871557636927362,0.8053914705435832,0.097034946,0,0.104871005,0.70815045,0.8926219,47.802734,8.880402565002441,0.09712383267280071
2020-07-22,Zozu_plus_DER_AL581_eobs2541__2020__southbound_01,Zozu + / DER AL581 (eobs2541),47.75068,8.937178,47.75146,8.943488,47.742878,8.923908932386084,1.747529853033906,0.47975573,0,0.17677036,0.70815045,1.3155901,47.75068,8.937177658081055,0.47973162503945416
2020-07-23,Angela_DER_AY470_eobs_4001__2020__southbound_01,Angela / DER AY470 (eobs 4001),48.078793,7.795102,48.130234,7.757916,48.074947,7.7857757288169545,6.486326612828934,6.3514075,0,0.04053368,0.70815045,0.8127322,48.078793,7.795102119445801,6.351586461000381
2020-07-23,Mirabell_plus_DER_AN910_eobs_3907__2020__southbound_01,Mirabell + / DER AN910 (eobs 3907),47.80451,8.880582,47.804596,8.880081,47.801735,8.8745190634048,0.5232415330187057,0.038643647,0,0.06485857,0.70815045,0.5469208,47.80451,8.880581855773926,0.03864518835489301
2020-07-23,Sierit_DER_AN858_eobs2561__2020__southbound_01,Sierit  / DER AN858 (eobs2561),47.802437,8.87918,47.80405,8.879537,47.795624,8.867766489256262,1.284858097787635,0.18138207,0,0.14862402,0.70815045,1.1383547,47.802437,8.879179954528809,0.18139300969485514
2020-07-23,Zozu_plus_DER_AL581_eobs2541__2020__southbound_01,Zozu + / DER AL581 (eobs2541),47.75146,8.943488,47.738705,8.933483,47.747776,8.936074850376276,1.0271368572256607,1.6035222,0,0.08119335,0.70815045,0.6879383,47.75146,8.943488121032715,1.6036237516574503
2020-07-24,Angela_DER_AY470_eobs_4001__2020__southbound_01,Angela / DER AY470 (eobs 4001),48.130234,7.757916,48.134933,7.7552156,48.12619,7.747630304036141,1.123434879957142,0.559683,0,0.04471197,0.70815045,0.8843989,48.130234,7.75791597366333,0.5596908930085972
2020-07-24,Mirabell_plus_DER_AN910_eobs_3907__2020__southbound_01,Mirabell + / DER AN910 (eobs 3907),47.804596,8.880081,47.805126,8.884488,47.798805,8.869194602799565,1.3411813343525651,0.33440727,0,0.13134392,0.70815045,1.0354152,47.804596,8.880081176757812,0.3343710112886586
2020-07-24,Sierit_DER_AN858_eobs2561__2020__southbound_01,Sierit  / DER AN858 (eobs2561),47.80405,8.879537,47.80343,8.8801155,47.79908,8.870628994757068,0.8578305830704767,0.08153231,0,0.104647934,0.70815045,0.86343133,47.80405,8.879536628723145,0.08154543675404535
2020-07-24,Zozu_plus_DER_AL581_eobs2541__2020__southbound_01,Zozu + / DER AL581 (eobs2541),47.738705,8.933483,47.742996,8.9434595,47.729015,8.91727822034587,2.500065076839745,0.885505,0,0.23821718,0.70815045,1.6186914,47.738705,8.933483123779297,0.885573389093247
2020-07-25,Angela_DER_AY470_eobs_4001__2020__southbound_01,Angela / DER AY470 (eobs 4001),48.134933,7.7552156,48.11386,7.7588625,48.131428,7.745693452476506,2.1842607531065896,2.3586595,0,0.04230066,0.70815045,0.8056404,48.134933,7.755215644836426,2.3587291168079267
2020-07-25,Mirabell_plus_DER_AN910_eobs_3907__2020__southbound_01,Mirabell + / DER AN910 (eobs 3907),47.805126,8.884488,47.80425,8.879274,47.801655,8.877564466570291,0.31544699763588,0.40133238,0,0.07586975,0.70815045,0.6441312,47.805126,8.884488105773926,0.4014251971001572
2020-07-25,Sierit_DER_AN858_eobs2561__2020__southbound_01,Sierit  / DER AN858 (eobs2561),47.80343,8.8801155,47.80406,8.879292,47.79862,8.871929181599226,0.8177839985828509,0.093487225,0,0.09986472,0.70815045,0.8109231,47.80343,8.880115509033203,0.09351561148097418
2020-07-25,Zozu_plus_DER_AL581_eobs2541__2020__southbound_01,Zozu + / DER AL581 (eobs2541),47.742996,8.9434595,47.75187,9.055327,47.73859,8.935003686668411,9.117054930284661,8.422084,0,0.09824621,0.70815045,0.7985224,47.742996,8.943459510803223,8.42208131768559
2020-07-26,Angela_DER_AY470_eobs_4001__2020__southbound_01,Angela / DER AY470 (eobs 4001),48.11386,7.7588625,48.094044,7.759154,48.109398,7.747662058673969,1.9086902650488622,2.2034698,0,0.05320701,0.70815045,0.9667502,48.11386,7.758862495422363,2.203698270120726
2020-07-26,Mirabell_plus_DER_AN910_eobs_3907__2020__southbound_01,Mirabell + / DER AN910 (eobs 3907),47.80425,8.879274,47.80407,8.879509,47.796707,8.865605475210195,1.3223568325030048,0.026495254,0,0.17862064,0.70815045,1.3188978,47.80425,8.879274368286133,0.026541700465792965
2020-07-26,Sierit_DER_AN858_eobs2561__2020__southbound_01,Sierit  / DER AN858 (eobs2561),47.80406,8.879292,47.80366,8.87938,47.79859,8.86967832583918,0.9180916297430982,0.045303028,0,0.11673223,0.70815045,0.9394657,47.80406,8.879291534423828,0.04502832978154727
2020-07-26,Zozu_plus_DER_AL581_eobs2541__2020__southbound_01,Zozu + / DER AL581 (eobs2541),47.75187,9.055327,47.75261,9.0552635,47.748055,9.047708086943748,0.7586734290249655,0.08270326,0,0.08141198,0.70815045,0.70892787,47.75187,9.055327415466309,0.082428593311816
2020-07-27,Angela_DER_AY470_eobs_4001__2020__southbound_01,Angela / DER AY470 (eobs 4001),48.094044,7.759154,48.118874,7.7591324,48.087906,7.744756214260427,3.6051287569835764,2.760724,0,0.07681336,0.70815045,1.2662593,48.094044,7.759153842926025,2.7609592351801644
2020-07-27,Mirabell_plus_DER_AN910_eobs_3907__2020__southbound_01,Mirabell + / DER AN910 (eobs 3907),47.80407,8.879509,47.804268,8.879241,47.797943,8.86779193295681,1.1071869883679868,0.029602265,0,0.15801367,0.70815045,1.1070722,47.80407,8.879508972167969,0.029784208912800415
2020-07-27,Sierit_DER_AN858_eobs2561__2020__southbound_01,Sierit  / DER AN858 (eobs2561),47.80366,8.87938,47.803837,8.874597,47.796413,8.86726338855005,0.9906409705351965,0.35786223,0,0.16170257,0.70815045,1.2096814,47.80366,8.879380226135254,0.3578056719693393
2020-07-27,Zozu_plus_DER_AL581_eobs2541__2020__southbound_01,Zozu + / DER AL581 (eobs2541),47.75261,9.0552635,47.751163,9.055356,47.748962,9.047672742231734,0.6243986309347743,0.1609604,0,0.08543272,0.70815045,0.69626474,47.75261,9.05526351928711,0.16091122992875478
2020-07-28,Angela_DER_AY470_eobs_4001__2020__southbound_01,Angela / DER AY470 (eobs 4001),48.118874,7.7591324,48.13619,7.750192,48.113537,7.745357516298116,2.5441884230398335,2.036373,0,0.07009218,0.70815045,1.1801655,48.118874,7.759132385253906,2.036466368979439
2020-07-28,Mirabell_plus_DER_AN910_eobs_3907__2020__southbound_01,Mirabell + / DER AN910 (eobs 3907),47.804268,8.879241,47.805023,8.880242,47.79691,8.864449128540942,1.4850834395140937,0.11251746,0,0.18775097,0.70815045,1.3723881,47.804268,8.879240989685059,0.11245815833323151
2020-07-28,Sierit_DER_AN858_eobs2561__2020__southbound_01,Sierit  / DER AN858 (eobs2561),47.803837,8.874597,47.801712,8.878815,47.791027,8.853343974417378,2.2430957113414576,0.39379263,0,0.27830827,0.70815045,2.128985,47.803837,8.87459659576416,0.39379284837812306
2020-07-28,Zozu_plus_DER_AL581_eobs2541__2020__southbound_01,Zozu + / DER AL581 (eobs2541),47.751163,9.055356,47.75156,9.044932,47.743256,9.040698528339924,0.9761811825642501,0.78052145,0,0.20508747,0.70815045,1.4024471,47.751163,9.0553560256958,0.7805405169329152
2020-07-29,Angela_DER_AY470_eobs_4001__2020__southbound_01,Angela / DER AY470 (eobs 4001),48.13619,7.750192,48.112957,7.749811,48.130276,7.7346702992707055,2.2297208373438506,2.5831995,0,0.07729082,0.70815045,1.3239474,48.13619,7.750192165374756,2.5833839936574337
2020-07-29,Mirabell_plus_DER_AN910_eobs_3907__2020__southbound_01,Mirabell + / DER AN910 (eobs 3907),47.805023,8.880242,47.804268,8.879628,47.800354,8.869494921767917,0.8730460735477316,0.0956753,0,0.12100161,0.70815045,0.95429593,47.805023,8.880242347717285,0.09569619416668677
2020-07-29,Sierit_DER_AN858_eobs2561__2020__southbound_01,Sierit  / DER AN858 (eobs2561),47.801712,8.878815,47.80434,8.878934,47.79158,8.860462801968568,1.9790785455333124,0.29227868,0,0.23421401,0.70815045,1.7711068,47.801712,8.878814697265625,0.29239255508802725
2020-07-29,Zozu_plus_DER_AL581_eobs2541__2020__southbound_01,Zozu + / DER AL581 (eobs2541),47.75156,9.044932,47.75081,9.05771,47.73639,9.017851514011017,3.3842485697407136,0.95889604,0,0.4159555,0.70815045,2.63075,47.75156,9.04493236541748,0.9589088287020968
2020-07-30,Angela_DER_AY470_eobs_4001__2020__southbound_01,Angela / DER AY470 (eobs 4001),48.112957,7.749811,48.110836,7.7511034,48.10584,7.732449651319225,1.4923089801204694,0.25480202,0,0.090833865,0.70815045,1.5098356,48.112957,7.749811172485352,0.2546083763443355
2020-07-30,Mirabell_plus_DER_AN910_eobs_3907__2020__southbound_01,Mirabell + / DER AN910 (eobs 3907),47.804268,8.879628,47.804283,8.879304,47.79388,8.858786210862316,1.9200747818654558,0.024246003,0,0.25622258,0.70815045,1.9349442,47.804268,8.87962818145752,0.024276206336344374
2020-07-30,Sierit_DER_AN858_eobs2561__2020__southbound_01,Sierit  / DER AN858 (eobs2561),47.80434,8.878934,47.80275,8.879794,47.798077,8.86561021217758,1.1799843165652302,0.18807447,0,0.1383443,0.70815045,1.2124002,47.80434,8.878933906555176,0.18818769664520535
2020-07-30,Zozu_plus_DER_AL581_eobs2541__2020__southbound_01,Zozu + / DER AL581 (eobs2541),47.75081,9.05771,47.734444,9.0594015,47.743835,9.043472023262249,1.5841589647114767,1.8240228,0,0.18870294,0.70815045,1.3146819,47.75081,9.057709693908691,1.824105139078763
2020-07-31,Angela_DER_AY470_eobs_4001__2020__southbound_01,Angela / DER AY470 (eobs 4001),48.110836,7.7511034,48.110123,7.7515616,48.103386,7.734273088619919,1.4862573078108632,0.08604845,0,0.08436579,0.70815045,1.496586,48.110836,7.751103401184082,0.08630921995026436
2020-07-31,Mirabell_plus_DER_AN910_eobs_3907__2020__southbound_01,Mirabell + / DER AN910 (eobs 3907),47.804283,8.879304,47.80375,8.879278,47.789036,8.85057910157009,2.696714775993442,0.05941004,0,0.35677978,0.70815045,2.7296221,47.804283,8.879303932189941,0.05941571048080278
2020-07-31,Sierit_DER_AN858_eobs2561__2020__southbound_01,Sierit  / DER AN858 (eobs2561),47.80275,8.879794,47.802124,8.877056,47.794872,8.864512497841593,1.236147821766472,0.21591215,0,0.15923601,0.70815045,1.4360857,47.80275,8.879794120788574,0.21600537465633066
2020-07-31,Zozu_plus_DER_AL581_eobs2541__2020__southbound_01,Zozu + / DER AL581 (eobs2541),47.734444,9.0594015,47.7341,9.0592375,47.72305,9.039045826353519,1.9470047029657733,0.03991692,0,0.29403505,0.70815045,1.977237,47.734444,9.059401512145996,0.040098382051757274
2020-08-01,Angela_DER_AY470_eobs_4001__2020__southbound_01,Angela / DER AY470 (eobs 4001),48.110123,7.7515616,48.119095,7.752543,48.102535,7.734911782103132,2.2592180686986483,1.0003593,0,0.0908458,0.70815045,1.4940253,48.110123,7.751561641693115,1.0003173744957428
2020-08-01,Mirabell_plus_DER_AN910_eobs_3907__2020__southbound_01,Mirabell + / DER AN910 (eobs 3907),47.80375,8.879278,47.801517,8.881068,47.78601,8.846629624052268,3.096995240867588,0.28181353,0,0.41813847,0.70815045,3.1307135,47.80375,8.879278182983398,0.2818674735389533
2020-08-01,Sierit_DER_AN858_eobs2561__2020__southbound_01,Sierit  / DER AN858 (eobs2561),47.802124,8.877056,47.80157,8.879406,47.786385,8.848607473494372,2.8538733531023905,0.18609858,0,0.32788903,0.70815045,2.74796,47.802124,8.877056121826172,0.18597407593546184
2020-08-01,Zozu_plus_DER_AL581_eobs2541__2020__southbound_01,Zozu + / DER AL581 (eobs2541),47.7341,9.0592375,47.73418,9.059055,47.714207,9.02715841150589,3.2596592582741724,0.016201591,0,0.49679664,0.70815045,3.2575393,47.7341,9.059237480163574,0.01627636515316985
2020-08-02,Angela_DER_AY470_eobs_4001__2020__southbound_01,Angela / DER AY470 (eobs 4001),48.119095,7.752543,48.1105,7.7516613,48.114315,7.740039550510309,0.9614478957040663,0.9582505,0,0.06256152,0.70815045,1.0676149,48.119095,7.752542972564697,0.9579064057973864
2020-08-02,Mirabell_plus_DER_AN910_eobs_3907__2020__southbound_01,Mirabell + / DER AN910 (eobs 3907),47.801517,8.881068,47.80198,8.882164,47.79179,8.861377587505125,1.9220872460645326,0.09659655,0,0.2852153,0.70815045,1.8224641,47.801517,8.881068229675293,0.09660487336390158
2020-08-02,Sierit_DER_AN858_eobs2561__2020__southbound_01,Sierit  / DER AN858 (eobs2561),47.80157,8.879406,47.80255,8.879455,47.793465,8.86333089341525,1.5720565749866877,0.10942046,0,0.18790251,0.70815045,1.498786,47.80157,8.879405975341797,0.10907363084287197
2020-08-02,Zozu_plus_DER_AL581_eobs2541__2020__southbound_01,Zozu + / DER AL581 (eobs2541),47.73418,9.059055,47.751205,9.055039,47.722755,9.037950493017279,3.4118770250183443,1.9168506,0,0.36275896,0.70815045,2.0224683,47.73418,9.05905532836914,1.9167638751163365
2020-08-03,Angela_DER_AY470_eobs_4001__2020__southbound_01,Angela / DER AY470 (eobs 4001),48.1105,7.7516613,48.118458,7.7512507,48.105843,7.740144494008236,1.6271414414442917,0.8855254,0,0.063027106,0.70815045,0.9979693,48.1105,7.75166130065918,0.8853550305554854
2020-08-03,Mirabell_plus_DER_AN910_eobs_3907__2020__southbound_01,Mirabell + / DER AN910 (eobs 3907),47.80198,8.882164,47.802,8.881389,47.79829,8.873664471444759,0.7091142485325701,0.057967026,0,0.11137056,0.70815045,0.7544978,47.80198,8.882164001464844,0.05794811474783098
2020-08-03,Sierit_DER_AN858_eobs2561__2020__southbound_01,Sierit  / DER AN858 (eobs2561),47.80255,8.879455,47.80252,8.879926,47.798214,8.870507258678492,0.8510130188999963,0.03534119,0,0.109146945,0.70815045,0.82265216,47.80255,8.879454612731934,0.035350074587552405
2020-08-03,Zozu_plus_DER_AL581_eobs2541__2020__southbound_01,Zozu + / DER AL581 (eobs2541),47.751205,9.055039,47.736034,9.059146,47.746532,9.045061629192059,1.5722072733790964,1.714823,0,0.15775374,0.70815045,0.90751684,47.751205,9.055039405822754,1.714663722417339
2020-08-04,Angela_DER_AY470_eobs_4001__2020__southbound_01,Angela / DER AY470 (eobs 4001),48.118458,7.7512507,48.13407,7.750055,48.11447,7.7416689965381735,2.2665551045739076,1.7384578,0,0.055468902,0.70815045,0.8366617,48.118458,7.751250743865967,1.7384181509184162
2020-08-04,Mirabell_plus_DER_AN910_eobs_3907__2020__southbound_01,Mirabell + / DER AN910 (eobs 3907),47.802,8.881389,47.804176,8.880342,47.797066,8.87104706365011,1.052179520779338,0.25464866,0,0.19743654,0.70815045,0.94577205,47.802,8.881388664245605,0.25451793753329743
2020-08-04,Sierit_DER_AN858_eobs2561__2020__southbound_01,Sierit  / DER AN858 (eobs2561),47.80252,8.879926,47.803734,8.8798895,47.799103,8.873277258510061,0.713496719176289,0.13508993,0,0.10130613,0.70815045,0.6242172,47.80252,8.879925727844238,0.13491498374155844
2020-08-04,Zozu_plus_DER_AL581_eobs2541__2020__southbound_01,Zozu + / DER AL581 (eobs2541),47.736034,9.059146,47.75154,9.055089,47.730858,9.048782402376478,2.3477308832753603,1.7505949,0,0.20466587,0.70815045,0.96377474,47.736034,9.0591459274292,1.7507540651998534
2020-08-05,Angela_DER_AY470_eobs_4001__2020__southbound_01,Angela / DER AY470 (eobs 4001),48.13407,7.750055,48.13684,7.751662,48.13096,7.742411884039525,0.9481669101961465,0.33039397,0,0.047706284,0.70815045,0.66332185,48.13407,7.750054836273193,0.33023376799995713
2020-08-05,Mirabell_plus_DER_AN910_eobs_3907__2020__southbound_01,Mirabell + / DER AN910 (eobs 3907),47.804176,8.880342,47.804016,8.879706,47.801235,8.873674999599636,0.5463934536121747,0.050645165,0,0.13963191,0.70815045,0.5947544,47.804176,8.880341529846191,0.05067175095301998
2020-08-05,Sierit_DER_AN858_eobs2561__2020__southbound_01,Sierit  / DER AN858 (eobs2561),47.803734,8.8798895,47.801804,8.879307,47.801254,8.874809542682433,0.34140733565588544,0.219232,0,0.09348925,0.70815045,0.46819603,47.803734,8.879889488220215,0.2190006299276068
2020-08-05,Zozu_plus_DER_AL581_eobs2541__2020__southbound_01,Zozu + / DER AL581 (eobs2541),47.75154,9.055089,47.74875,8.938176,47.748302,9.04777837340067,8.194668952969039,8.746356,0,0.14338729,0.70815045,0.65339154,47.75154,9.055088996887207,8.746345694843587
2020-08-06,Angela_DER_AY470_eobs_4001__2020__southbound_01,Angela / DER AY470 (eobs 4001),48.13684,7.751662,48.13066,7.756162,48.13381,7.744056459540053,0.9641514747157954,0.7641024,0,0.04152296,0.70815045,0.6563409,48.13684,7.751661777496338,0.7640263616165007
2020-08-06,Mirabell_plus_DER_AN910_eobs_3907__2020__southbound_01,Mirabell + / DER AN910 (eobs 3907),47.804016,8.879706,47.803608,8.879683,47.797916,8.86708692931461,1.133837501964713,0.045647427,0,0.2610048,0.70815045,1.1590892,47.804016,8.879706382751465,0.04542170295584495
2020-08-06,Sierit_DER_AN858_eobs2561__2020__southbound_01,Sierit  / DER AN858 (eobs2561),47.801804,8.879307,47.80406,8.874309,47.79679,8.869899507874655,0.8729774029191535,0.44998452,0,0.1816892,0.70815045,0.8951983,47.801804,8.87930679321289,0.4499043533368989
2020-08-06,Zozu_plus_DER_AL581_eobs2541__2020__southbound_01,Zozu + / DER AL581 (eobs2541),47.74875,8.938176,47.7513,9.049513,47.74085,8.92194617213026,9.608649161232716,8.328834,0,0.32643044,0.70815045,1.495303,47.74875,8.938176155090332,8.328795396161903
2020-08-07,Angela_DER_AY470_eobs_4001__2020__southbound_01,Angela / DER AY470 (eobs 4001),48.13066,7.756162,48.077835,7.753861,48.12633,7.74650543769939,5.420134758725192,5.8765535,0,0.04921719,0.70815045,0.8618133,48.13066,7.756162166595459,5.876468091270059
2020-08-07,Mirabell_plus_DER_AN910_eobs_3907__2020__southbound_01,Mirabell + / DER AN910 (eobs 3907),47.803608,8.879683,47.80384,8.879082,47.793655,8.860579808848621,1.7867659427643827,0.051877484,0,0.36512697,0.70815045,1.8025573,47.803608,8.879682540893555,0.0517983977921186
2020-08-07,Sierit_DER_AN858_eobs2561__2020__southbound_01,Sierit  / DER AN858 (eobs2561),47.80406,8.874309,47.804363,8.878179,47.795914,8.860096951354553,1.6452174092600944,0.29098287,0,0.254882,0.70815045,1.3929868,47.80406,8.874308586120605,0.2909715027961291
2020-08-07,Zozu_plus_DER_AL581_eobs2541__2020__southbound_01,Zozu + / DER AL581 (eobs2541),47.7513,9.049513,47.75267,9.048279,47.747322,9.040567560995672,0.828275143371462,0.178104,0,0.1485693,0.70815045,0.8005224,47.7513,9.04951286315918,0.17804679333240042
2020-08-08,Angela_DER_AY470_eobs_4001__2020__southbound_01,Angela / DER AY470 (eobs 4001),48.077835,7.753861,48.133186,7.7520914,48.070713,7.7400627749609505,7.003912181970913,6.1561165,0,0.07840607,0.70815045,1.2930439,48.077835,7.753860950469971,6.1561898045759635
2020-08-08,Mirabell_plus_DER_AN910_eobs_3907__2020__southbound_01,Mirabell + / DER AN910 (eobs 3907),47.80384,8.879082,47.80333,8.881425,47.792603,8.858119885324575,2.110212895906793,0.18411863,0,0.38996214,0.70815045,1.9997394,47.80384,8.879081726074219,0.18400366171817434
2020-08-08,Sierit_DER_AN858_eobs2561__2020__southbound_01,Sierit  / DER AN858 (eobs2561),47.804363,8.878179,47.802174,8.8844185,47.798996,8.868392761442584,1.2480425188548754,0.5258565,0,0.17787877,0.70815045,0.9420436,47.804363,8.878178596496582,0.5258088479981722
2020-08-08,Zozu_plus_DER_AL581_eobs2541__2020__southbound_01,Zozu + / DER AL581 (eobs2541),47.75267,9.048279,47.752693,9.048364,47.74736,9.037052072264036,1.0328862069851614,0.00669525,0,0.18161035,0.70815045,1.0243644,47.75267,9.04827880859375,0.006836775525319844
2020-08-09,Angela_DER_AY470_eobs_4001__2020__southbound_01,Angela / DER AY470 (eobs 4001),48.133186,7.7520914,48.13434,7.757279,48.127323,7.739863504037327,1.5096410485113083,0.40571624,0,0.067506805,0.70815045,1.1153717,48.133186,7.752091407775879,0.40572372121503947
2020-08-09,Mirabell_plus_DER_AN910_eobs_3907__2020__southbound_01,Mirabell + / DER AN910 (eobs 3907),47.80333,8.881425,47.804207,8.884075,47.797344,8.869534771989944,1.3273211911464993,0.22061722,0,0.21581915,0.70815045,1.1079258,47.80333,8.881424903869629,0.22067594863520762
2020-08-09,Sierit_DER_AN858_eobs2561__2020__southbound_01,Sierit  / DER AN858 (eobs2561),47.802174,8.8844185,47.804115,8.879583,47.796658,8.874671968991173,0.9067790835481325,0.42069113,0,0.16846995,0.70815045,0.95028263,47.802174,8.884418487548828,0.4207439281495995
2020-08-09,Zozu_plus_DER_AL581_eobs2541__2020__southbound_01,Zozu + / DER AL581 (eobs2541),47.752693,9.048364,47.751923,9.056243,47.74825,9.039080923429589,1.3465492353967645,0.59520936,0,0.13492808,0.70815045,0.8504716,47.752693,9.04836368560791,0.5952568011688303
2020-08-10,Angela_DER_AY470_eobs_4001__2020__southbound_01,Angela / DER AY470 (eobs 4001),48.13434,7.757279,48.13766,7.754049,48.12957,7.74643256125494,1.0624883827416949,0.44042474,0,0.060756512,0.70815045,0.96216553,48.13434,7.757278919219971,0.4404014898839913
2020-08-10,Mirabell_plus_DER_AN910_eobs_3907__2020__southbound_01,Mirabell + / DER AN910 (eobs 3907),47.804207,8.884075,47.80309,8.885117,47.80009,8.875464304248501,0.7942863569870727,0.14631747,0,0.13869566,0.70815045,0.7878964,47.804207,8.884075164794922,0.14661535074235238
2020-08-10,Sierit_DER_AN858_eobs2561__2020__southbound_01,Sierit  / DER AN858 (eobs2561),47.804115,8.879583,47.80414,8.882941,47.795044,8.864400556442163,1.7147629214397937,0.25078848,0,0.25937805,0.70815045,1.5150015,47.804115,8.879583358764648,0.2508003897832913
2020-08-10,Zozu_plus_DER_AL581_eobs2541__2020__southbound_01,Zozu + / DER AL581 (eobs2541),47.751923,9.056243,47.751312,9.042446,47.747017,9.04660776635736,0.5700293311760914,1.0336602,0,0.14275794,0.70815045,0.9018633,47.751923,9.056242942810059,1.0337010898530443
2020-08-11,Angela_DER_AY470_eobs_4001__2020__southbound_01,Angela / DER AY470 (eobs 4001),48.13766,7.754049,48.133595,7.757238,48.132523,7.7420073057182455,1.1365599173954926,0.5103627,0,0.06621545,0.70815045,1.0587901,48.13766,7.754048824310303,0.5103577468135397
2020-08-11,Mirabell_plus_DER_AN910_eobs_3907__2020__southbound_01,Mirabell + / DER AN910 (eobs 3907),47.80309,8.885117,47.80299,8.883186,47.79749,8.874476227488062,0.8929583233615894,0.14459674,0,0.18533158,0.70815045,1.0077311,47.80309,8.885116577148438,0.14458608639859524
2020-08-11,Sierit_DER_AN858_eobs2561__2020__southbound_01,Sierit  / DER AN858 (eobs2561),47.80414,8.882941,47.803635,8.88179,47.79882,8.873298896978108,0.829930509952244,0.102566384,0,0.1608584,0.70815045,0.93015563,47.80414,8.882941246032715,0.10259593816289998
2020-08-11,Zozu_plus_DER_AL581_eobs2541__2020__southbound_01,Zozu + / DER AL581 (eobs2541),47.751312,9.042446,47.751488,9.042528,47.7395,9.022480121343106,2.0060845626167376,0.02043127,0,0.36633852,0.70815045,1.9850578,47.751312,9.04244613647461,0.02045283547174539
2020-08-12,Angela_DER_AY470_eobs_4001__2020__southbound_01,Angela / DER AY470 (eobs 4001),48.133595,7.757238,48.12931,7.758246,48.12872,7.74526483672692,0.9656697286658936,0.48210394,0,0.069504455,0.70815045,1.0390418,48.133595,7.757237911224365,0.4821878594347355
2020-08-12,Europa_DER_A1A26_eobs_4004__2020__southbound_01,Europa / DER A1A26 (eobs 4004),47.107876,7.4636207,47.10311,7.463638,47.103745,7.4542132822761475,0.7167913561846082,0.52996296,0,0.13638635,0.70815045,0.84591705,47.107876,7.463620662689209,0.5297968781164868
2020-08-12,Mirabell_plus_DER_AN910_eobs_3907__2020__southbound_01,Mirabell + / DER AN910 (eobs 3907),47.80299,8.883186,47.8024,8.880038,47.792717,8.864578046789218,1.5787843723627824,0.24406165,0,0.34313828,0.70815045,1.7958755,47.80299,8.883186340332031,0.24414356973795337
2020-08-12,Sierit_DER_AN858_eobs2561__2020__southbound_01,Sierit  / DER AN858 (eobs2561),47.803635,8.88179,47.802116,8.878421,47.794426,8.866257533979722,1.2476739341704104,0.30313113,0,0.28055114,0.70815045,1.5446466,47.803635,8.881790161132812,0.30303080476523014
2020-08-12,Zozu_plus_DER_AL581_eobs2541__2020__southbound_01,Zozu + / DER AL581 (eobs2541),47.751488,9.042528,47.752216,9.048985,47.7455,9.030452911082673,1.5740556439002187,0.4894771,0,0.1904504,0.70815045,1.1198387,47.751488,9.04252815246582,0.48943853812710836
2020-08-13,Angela_DER_AY470_eobs_4001__2020__southbound_01,Angela / DER AY470 (eobs 4001),48.12931,7.758246,48.137924,7.7551374,48.123817,7.744941215143727,1.7415872009757827,0.98488975,0,0.0867424,0.70815045,1.1589713,48.12931,7.758245944976807,0.985177357971529
2020-08-13,Europa_DER_A1A26_eobs_4004__2020__southbound_01,Europa / DER A1A26 (eobs 4004),47.10311,7.463638,47.096283,7.58242,47.096687,7.450340329646907,9.998231829654998,9.022996,0,0.23396163,0.70815045,1.232057,47.10311,7.463637828826904,9.022999850062602
2020-08-13,Mirabell_plus_DER_AN910_eobs_3907__2020__southbound_01,Mirabell + / DER AN910 (eobs 3907),47.8024,8.880038,47.801975,8.880928,47.78987,8.857109004298145,2.2309496106765776,0.08143424,0,0.41967028,0.70815045,2.2036703,47.8024,8.880038261413574,0.08144523089095562
2020-08-13,Sierit_DER_AN858_eobs2561__2020__southbound_01,Sierit  / DER AN858 (eobs2561),47.802116,8.878421,47.801846,8.874303,47.790367,8.858528653476656,1.737076924516022,0.3089978,0,0.35953903,0.70815045,1.9749068,47.802116,8.87842082977295,0.30903842601952314
2020-08-13,Zozu_plus_DER_AL581_eobs2541__2020__southbound_01,Zozu + / DER AL581 (eobs2541),47.752216,9.048985,47.744904,9.058249,47.74825,9.04057187362565,1.3730853492652257,1.0683438,0,0.114291124,0.70815045,0.76680464,47.752216,9.04898452758789,1.0681951198807929
2020-08-14,Angela_DER_AY470_eobs_4001__2020__southbound_01,Angela / DER AY470 (eobs 4001),48.137924,7.7551374,48.134556,7.7556753,48.13413,7.744426365561907,0.8361361708244933,0.3762953,0,0.06858678,0.70815045,0.8983664,48.137924,7.7551374435424805,0.37666776916567457
2020-08-14,Europa_DER_A1A26_eobs_4004__2020__southbound_01,Europa / DER A1A26 (eobs 4004),47.096283,7.58242,47.113567,7.5918336,47.092678,7.574107770999582,2.6824104513312066,2.049594,0,0.13908233,0.70815045,0.7446842,47.096283,7.5824198722839355,2.049752726539216
2020-08-14,Mirabell_plus_DER_AN910_eobs_3907__2020__southbound_01,Mirabell + / DER AN910 (eobs 3907),47.801975,8.880928,47.802505,8.879974,47.79756,8.87087968069584,0.8738725320713362,0.09236304,0,0.19395466,0.70815045,0.8952534,47.801975,8.880928039550781,0.09246550883185699
2020-08-14,Sierit_DER_AN858_eobs2561__2020__southbound_01,Sierit  / DER AN858 (eobs2561),47.801846,8.874303,47.8021,8.879501,47.791702,8.855756009435538,2.1173147549471407,0.38924038,0,0.38177994,0.70815045,1.783228,47.801846,8.874302864074707,0.3893088662206597
2020-08-14,Zozu_plus_DER_AL581_eobs2541__2020__southbound_01,Zozu + / DER AL581 (eobs2541),47.744904,9.058249,47.750763,9.058613,47.74045,9.049235106025405,1.3439544660190925,0.6523194,0,0.13873398,0.70815045,0.83485144,47.744904,9.058249473571777,0.6520998010101903
2020-08-15,Angela_DER_AY470_eobs_4001__2020__southbound_01,Angela / DER AY470 (eobs 4001),48.134556,7.7556753,48.13698,7.7535634,48.13079,7.745440505978221,0.9147332612373007,0.31143692,0,0.072934456,0.70815045,0.8658096,48.134556,7.755675315856934,0.31162738304161003
2020-08-15,Europa_DER_A1A26_eobs_4004__2020__southbound_01,Europa / DER A1A26 (eobs 4004),47.113567,7.5918336,47.107048,7.532168,47.110325,7.584383171828494,3.968437714297428,4.5731936,0,0.12768064,0.70815045,0.668051,47.113567,7.591833591461182,4.573208600172443
2020-08-15,Mirabell_plus_DER_AN910_eobs_3907__2020__southbound_01,Mirabell + / DER AN910 (eobs 3907),47.802505,8.879974,47.801968,8.877976,47.798138,8.870041720429738,0.7298018134495209,0.16066635,0,0.21150708,0.70815045,0.8852196,47.802505,8.879974365234375,0.16076376801273579
2020-08-15,Sierit_DER_AN858_eobs2561__2020__southbound_01,Sierit  / DER AN858 (eobs2561),47.8021,8.879501,47.803947,8.879425,47.798195,8.871642540173212,0.8643184840158733,0.20555454,0,0.17698656,0.70815045,0.72891545,47.8021,8.879501342773438,0.20538003818731718
2020-08-15,Zozu_plus_DER_AL581_eobs2541__2020__southbound_01,Zozu + / DER AL581 (eobs2541),47.750763,9.058613,47.75135,8.989122,47.746834,9.050520195647602,4.6178098151801095,5.195707,0,0.12585045,0.70815045,0.7450557,47.750763,9.058612823486328,5.195679446571643
2020-08-16,Angela_DER_AY470_eobs_4001__2020__southbound_01,Angela / DER AY470 (eobs 4001),48.13698,7.7535634,48.135075,7.755437,48.1331,7.742896168000258,0.9562391563099202,0.2531464,0,0.07730555,0.70815045,0.8999807,48.13698,7.753563404083252,0.2532392766713713
2020-08-16,Europa_DER_A1A26_eobs_4004__2020__southbound_01,Europa / DER A1A26 (eobs 4004),47.107048,7.532168,47.10727,7.4636855,47.097992,7.514376126279001,3.972990070459006,5.182994,0,0.3436295,0.70815045,1.6785808,47.107048,7.532167911529541,5.182986553051244
2020-08-16,Mirabell_plus_DER_AN910_eobs_3907__2020__southbound_01,Mirabell + / DER AN910 (eobs 3907),47.801968,8.877976,47.80295,8.879338,47.792015,8.85762164252306,2.0273764658346547,0.14934935,0,0.42144024,0.70815045,1.877089,47.801968,8.877976417541504,0.1494065538406622
2020-08-16,Sierit_DER_AN858_eobs2561__2020__southbound_01,Sierit  / DER AN858 (eobs2561),47.803947,8.879425,47.802776,8.878763,47.80095,8.872858869285553,0.4855458671896049,0.13947043,0,0.13116416,0.70815045,0.59192574,47.803947,8.879425048828125,0.13928832557136425
2020-08-16,Zozu_plus_DER_AL581_eobs2541__2020__southbound_01,Zozu + / DER AL581 (eobs2541),47.75135,8.989122,47.752777,9.051551,47.740593,8.970135625600266,6.236251343598334,4.66992,0,0.3565081,0.70815045,1.852979,47.75135,8.98912239074707,4.669905218865601
2020-08-17,Angela_DER_AY470_eobs_4001__2020__southbound_01,Angela / DER AY470 (eobs 4001),48.135075,7.755437,48.14024,7.749622,48.131077,7.744937906594302,1.076528247962769,0.71817833,0,0.07546319,0.70815045,0.89553136,48.135075,7.755436897277832,0.7183707588002973
2020-08-17,Europa_DER_A1A26_eobs_4004__2020__southbound_01,Europa / DER A1A26 (eobs 4004),47.10727,7.4636855,47.15748,7.386703,47.09364,7.437275667888402,8.06406941150894,8.067472,0,0.5122217,0.70815045,2.5039666,47.10727,7.463685512542725,8.067388438345036
2020-08-17,Mirabell_plus_DER_AN910_eobs_3907__2020__southbound_01,Mirabell + / DER AN910 (eobs 3907),47.80295,8.879338,47.802795,8.879619,47.79943,8.8706139904458,0.769614715458385,0.027231557,0,0.16578926,0.70815045,0.75889647,47.80295,8.879338264465332,0.027220942015571924
2020-08-17,Sierit_DER_AN858_eobs2561__2020__southbound_01,Sierit  / DER AN858 (eobs2561),47.802776,8.878763,47.80275,8.879657,47.79714,8.867297096703355,1.1142597440651927,0.06675763,0,0.2298295,0.70815045,1.0595798,47.802776,8.878763198852539,0.0668067248525399
2020-08-17,Zozu_plus_DER_AL581_eobs2541__2020__southbound_01,Zozu + / DER AL581 (eobs2541),47.752777,9.051551,47.75158,9.056366,47.747944,9.041738005807135,1.1659655602216772,0.38397732,0,0.15764935,0.70815045,0.9078939,47.752777,9.05155086517334,0.38383059030054
2020-08-18,Angela_DER_AY470_eobs_4001__2020__southbound_01,Angela / DER AY470 (eobs 4001),48.14024,7.749622,47.98552,7.7342486,48.136627,7.739641825235642,16.807222193893207,17.241764,0,0.0738762,0.70815045,0.84107196,48.14024,7.749621868133545,17.242026589250525
2020-08-18,Europa_DER_A1A26_eobs_4004__2020__southbound_01,Europa / DER A1A26 (eobs 4004),47.15748,7.386703,47.11048,7.4815288,47.148808,7.3678753007418125,9.596191357573979,8.874864,0,0.40070337,0.70815045,1.7162645,47.15748,7.386703014373779,8.874795352060245
2020-08-18,Mirabell_plus_DER_AN910_eobs_3907__2020__southbound_01,Mirabell + / DER AN910 (eobs 3907),47.802795,8.879619,47.80365,8.8796215,47.799793,8.87210880775533,0.7062299330737767,0.094866306,0,0.14791588,0.70815045,0.651555,47.802795,8.879618644714355,0.09501556762505428
2020-08-18,Sierit_DER_AN858_eobs2561__2020__southbound_01,Sierit  / DER AN858 (eobs2561),47.80275,8.879657,47.80389,8.879673,47.799477,8.872360875050086,0.7342514808637728,0.12698,0,0.15615667,0.70815045,0.65405464,47.80275,8.879656791687012,0.12683427507206987
2020-08-18,Zozu_plus_DER_AL581_eobs2541__2020__southbound_01,Zozu + / DER AL581 (eobs2541),47.75158,9.056366,47.74882,8.941401,47.74773,9.048480854237042,8.006924453137495,8.600712,0,0.117597885,0.70815045,0.72720665,47.75158,9.056365966796875,8.600697963579501
2020-08-19,Angela_DER_AY470_eobs_4001__2020__southbound_01,Angela / DER AY470 (eobs 4001),47.98552,7.7342486,47.778625,7.526185,47.97021,7.702962330592059,25.053444626103865,27.749002,0,0.29765314,0.70815045,2.879151,47.98552,7.734248638153076,27.74897784843067
2020-08-19,Europa_DER_A1A26_eobs_4004__2020__southbound_01,Europa / DER A1A26 (eobs 4004),47.11048,7.4815288,47.112366,7.5149474,47.105488,7.470396681087627,3.457256186439359,2.5376904,0,0.2536544,0.70815045,1.0072912,47.11048,7.4815287590026855,2.537675241098385
2020-08-19,Mirabell_plus_DER_AN910_eobs_3907__2020__southbound_01,Mirabell + / DER AN910 (eobs 3907),47.80365,8.8796215,47.80331,8.879771,47.80036,8.871575188763506,0.69444015370171,0.039173372,0,0.16095546,0.70815045,0.7021285,47.80365,8.879621505737305,0.03937304890747469
2020-08-19,Sierit_DER_AN858_eobs2561__2020__southbound_01,Sierit  / DER AN858 (eobs2561),47.80389,8.879673,47.804024,8.879544,47.800472,8.872129100285324,0.6802048700771243,0.01762509,0,0.16092233,0.70815045,0.67847395,47.80389,8.87967300415039,0.017688052284742992
2020-08-19,Zozu_plus_DER_AL581_eobs2541__2020__southbound_01,Zozu + / DER AL581 (eobs2541),47.74882,8.941401,47.751575,9.056559,47.738747,8.92319337662475,10.073344262311084,8.6150465,0,0.34575647,0.70815045,1.7598071,47.74882,8.941400527954102,8.615076665889086
2020-08-20,Angela_DER_AY470_eobs_4001__2020__southbound_01,Angela / DER AY470 (eobs 4001),47.778625,7.526185,47.26316,6.046625,47.741554,7.462365101121796,118.90828130118291,125.0141,1,0.6234577,0.70815045,6.2923856,47.778625,7.526185035705566,125.01414554884843
2020-08-20,Europa_DER_A1A26_eobs_4004__2020__southbound_01,Europa / DER A1A26 (eobs 4004),47.112366,7.5149474,47.108448,7.597963,47.10953,7.50837622153386,6.780989005814617,6.2975197,0,0.12919119,0.70815045,0.58770776,47.112366,7.514947414398193,6.297528834619367
2020-08-20,Mirabell_plus_DER_AN910_eobs_3907__2020__southbound_01,Mirabell + / DER AN910 (eobs 3907),47.80331,8.879771,47.803085,8.87948,47.79923,8.870037361655408,0.8254421103355501,0.03310304,0,0.19788818,0.70815045,0.85544574,47.80331,8.87977123260498,0.033140117424618316
2020-08-20,Sierit_DER_AN858_eobs2561__2020__southbound_01,Sierit  / DER AN858 (eobs2561),47.804024,8.879544,47.804432,8.877387,47.80075,8.872026327227193,0.5725881122050803,0.16738598,0,0.1523801,0.70815045,0.66805804,47.804024,8.879544258117676,0.1673842212911025
2020-08-20,Zozu_plus_DER_AL581_eobs2541__2020__southbound_01,Zozu + / DER AL581 (eobs2541),47.751575,9.056559,47.751354,8.933139,47.748024,9.048943245729644,8.665952560543165,9.227062,0,0.11891223,0.70815045,0.6916625,47.751575,9.056558609008789,9.227112487704428
2020-08-21,Angela_DER_AY470_eobs_4001__2020__southbound_01,Angela / DER AY470 (eobs 4001),47.26316,6.046625,46.75634,5.1028695,46.945946,5.676330970343115,48.43825604049721,91.08314,1,0.9457643,0.70815045,44.920723,46.945946,5.676330970343115,48.43825604049721
2020-08-21,Europa_DER_A1A26_eobs_4004__2020__southbound_01,Europa / DER A1A26 (eobs 4004),47.108448,7.597963,47.14373,7.522199,47.105022,7.590229659701837,6.70951576069424,6.9458055,0,0.14479758,0.70815045,0.6971061,47.108448,7.597962856292725,6.945993140740848
2020-08-21,Mirabell_plus_DER_AN910_eobs_3907__2020__southbound_01,Mirabell + / DER AN910 (eobs 3907),47.803085,8.87948,47.80436,8.879374,47.788795,8.85071231316366,2.752922831139195,0.14168195,0,0.5273943,0.70815045,2.6677082,47.803085,8.879480361938477,0.1418990572713364
2020-08-21,Sierit_DER_AN858_eobs2561__2020__southbound_01,Sierit  / DER AN858 (eobs2561),47.804432,8.877387,47.80548,8.879814,47.796352,8.860627906355434,1.7561085110287695,0.21562144,0,0.32083508,0.70815045,1.537912,47.804432,8.877387046813965,0.2155570405508463
2020-08-21,Zozu_plus_DER_AL581_eobs2541__2020__southbound_01,Zozu + / DER AL581 (eobs2541),47.751354,8.933139,47.758503,8.995893,47.73535,8.90507528121276,7.261860955084282,4.758109,0,0.49654517,0.70815045,2.7462542,47.751354,8.933138847351074,4.758133241959139
2020-08-22,Angela_DER_AY470_eobs_4001__2020__southbound_01,Angela / DER AY470 (eobs 4001),46.75634,5.1028695,45.665047,4.7279363,46.51628,4.800831271576411,94.81984554125809,124.72864,1,0.9315609,0.70815045,35.179523,46.51628,4.800831271576411,94.81984554125809
2020-08-22,Europa_DER_A1A26_eobs_4004__2020__southbound_01,Europa / DER A1A26 (eobs 4004),47.14373,7.522199,47.1363,7.5240912,47.131233,7.4975122097573825,2.0879862376118647,0.8384936,0,0.46023038,0.70815045,2.3233082,47.14373,7.5221991539001465,0.8385953962166849
2020-08-22,Mirabell_plus_DER_AN910_eobs_3907__2020__southbound_01,Mirabell + / DER AN910 (eobs 3907),47.80436,8.879374,47.80392,8.879947,47.7931,8.854379626155733,2.2572411718635035,0.06470497,0,0.4487335,0.70815045,2.2437944,47.80436,8.879373550415039,0.06489946883158045
2020-08-22,Sierit_DER_AN858_eobs2561__2020__southbound_01,Sierit  / DER AN858 (eobs2561),47.80548,8.879814,47.803898,8.879863,47.798923,8.86493282994577,1.2447634547124689,0.17634758,0,0.2607857,0.70815045,1.326795,47.80548,8.879814147949219,0.17607033584643442
2020-08-22,Zozu_plus_DER_AL581_eobs2541__2020__southbound_01,Zozu + / DER AL581 (eobs2541),47.758503,8.995893,47.749763,9.059016,47.748867,8.976759688811171,6.150706511383781,4.8179927,0,0.33662474,0.70815045,1.7838346,47.758503,8.995892524719238,4.818019420886119
2020-08-23,Angela_DER_AY470_eobs_4001__2020__southbound_01,Angela / DER AY470 (eobs 4001),45.665047,4.7279363,43.503193,3.9061465,45.454132,4.462688668520937,221.38132083064207,249.03783,1,0.9229681,0.70815045,31.16828,45.454132,4.462688668520937,221.38132083064207
2020-08-23,Europa_DER_A1A26_eobs_4004__2020__southbound_01,Europa / DER A1A26 (eobs 4004),47.1363,7.5240912,47.119648,7.585053,47.122494,7.4975891377650905,6.62532333738824,4.9697304,0,0.51639944,0.70815045,2.5205383,47.1363,7.5240912437438965,4.969721551491427
2020-08-23,Mirabell_plus_DER_AN910_eobs_3907__2020__southbound_01,Mirabell + / DER AN910 (eobs 3907),47.80392,8.879947,47.801846,8.874266,47.795143,8.860376391706701,1.2773943341401781,0.4830556,0,0.40250522,0.70815045,1.7545403,47.80392,8.8799467086792,0.4829914245640213
2020-08-23,Sierit_DER_AN858_eobs2561__2020__southbound_01,Sierit  / DER AN858 (eobs2561),47.803898,8.879863,47.801914,8.874343,47.792225,8.856948907005842,1.6878681314357575,0.46752492,0,0.43421194,0.70815045,2.144093,47.803898,8.879862785339355,0.4675636384758224
2020-08-23,Zozu_plus_DER_AL581_eobs2541__2020__southbound_01,Zozu + / DER AL581 (eobs2541),47.749763,9.059016,47.752613,9.024365,47.74329,9.045630363902763,1.8980347430270594,2.6099024,0,0.22108623,0.70815045,1.2305887,47.749763,9.059016227722168,2.6098753010454527
2020-08-24,Angela_DER_AY470_eobs_4001__2020__southbound_01,Angela / DER AY470 (eobs 4001),43.503193,3.9061465,42.513783,2.8850985,43.245266,3.61387442885985,100.7066411199919,137.82597,1,0.9296997,0.70815045,37.059414,43.245266,3.61387442885985,100.7066411199919
2020-08-24,Europa_DER_A1A26_eobs_4004__2020__southbound_01,Europa / DER A1A26 (eobs 4004),47.119648,7.585053,46.807476,6.80487,47.11132,7.56875563664966,67.09932911147006,68.63028,1,0.35623413,0.70815045,1.5392896,47.119648,7.585052967071533,68.6304106422631
2020-08-24,Mirabell_plus_DER_AN910_eobs_3907__2020__southbound_01,Mirabell + / DER AN910 (eobs 3907),47.801846,8.874266,47.80194,8.880507,47.779285,8.830964076001493,4.477151072664903,0.46634042,0,0.68294024,0.70815045,4.0858235,47.801846,8.874265670776367,0.4663161628091886
2020-08-24,Sierit_DER_AN858_eobs2561__2020__southbound_01,Sierit  / DER AN858 (eobs2561),47.801914,8.874343,47.80449,8.880633,47.776592,8.829745806843944,4.906570353447864,0.55024606,0,0.66090727,0.70815045,4.3539886,47.801914,8.874342918395996,0.5501870286379079
2020-08-24,Zozu_plus_DER_AL581_eobs2541__2020__southbound_01,Zozu + / DER AL581 (eobs2541),47.752613,9.024365,47.32858,8.375759,47.73541,8.99289568318753,64.75394813720708,67.77549,1,0.5258834,0.70815045,3.027005,47.752613,9.024365425109863,67.77567493194478
2020-08-25,Angela_DER_AY470_eobs_4001__2020__southbound_01,Angela / DER AY470 (eobs 4001),42.513783,2.8850985,41.61882,0.69156855,42.326286,2.6662182781863044,181.20323200150156,206.60591,1,0.91250986,0.70815045,27.456537,42.326286,2.6662182781863044,181.20323200150156
2020-08-25,Europa_DER_A1A26_eobs_4004__2020__southbound_01,Europa / DER A1A26 (eobs 4004),46.807476,6.80487,45.077362,4.797459,46.598705,6.519136491863575,215.4091069815303,247.17233,1,0.9429016,0.70815045,31.753368,46.598705,6.519136491863575,215.4091069815303
2020-08-25,Mirabell_plus_DER_AN910_eobs_3907__2020__southbound_01,Mirabell + / DER AN910 (eobs 3907),47.80194,8.880507,47.801964,8.879419,47.793953,8.86358428986779,1.4807020821653887,0.08129735,0,0.35364786,0.70815045,1.5422667,47.80194,8.880507469177246,0.08131234391275695
2020-08-25,Sierit_DER_AN858_eobs2561__2020__southbound_01,Sierit  / DER AN858 (eobs2561),47.80449,8.880633,47.801857,8.879341,47.795437,8.863329485978184,1.3928340019892727,0.30818436,0,0.3347022,0.70815045,1.635346,47.80449,8.880633354187012,0.3081834921099792
2020-08-25,Zozu_plus_DER_AL581_eobs2541__2020__southbound_01,Zozu + / DER AL581 (eobs2541),47.32858,8.375759,47.231762,8.259381,46.92795,7.894419882352599,43.64564846989972,13.891591,0,0.96288157,0.70815045,57.349518,46.92795,7.894419882352599,43.64564846989972
2020-08-26,Angela_DER_AY470_eobs_4001__2020__southbound_01,Angela / DER AY470 (eobs 4001),41.61882,0.69156855,41.308945,-0.8508059,41.416676,0.4648429457343787,110.44971007387059,133.05751,1,0.9146071,0.70815045,29.282,41.416676,0.4648429457343787,110.44971007387059
2020-08-26,Europa_DER_A1A26_eobs_4004__2020__southbound_01,Europa / DER A1A26 (eobs 4004),45.077362,4.797459,43.82647,4.49841,44.51171,4.196289938135811,79.9148328712134,141.1037,1,0.9618205,0.70815045,78.50275,44.51171,4.196289938135811,79.9148328712134
2020-08-26,Mirabell_plus_DER_AN910_eobs_3907__2020__southbound_01,Mirabell + / DER AN910 (eobs 3907),47.801964,8.879419,47.809895,8.88335,47.7893,8.854016182739525,3.1694406764482155,0.9294909,0,0.4781422,0.70815045,2.3585932,47.801964,8.879419326782227,0.929446362341912
2020-08-26,Sierit_DER_AN858_eobs2561__2020__southbound_01,Sierit  / DER AN858 (eobs2561),47.801857,8.879341,47.805744,8.880607,47.788795,8.855679147278574,2.649291477357209,0.44256064,0,0.4407155,0.70815045,2.2835307,47.801857,8.879341125488281,0.44244843933264166
2020-08-26,Zozu_plus_DER_AL581_eobs2541__2020__southbound_01,Zozu + / DER AL581 (eobs2541),47.231762,8.259381,47.233185,8.252966,47.04891,8.013802773034937,27.33269190430128,0.509594,0,0.9329265,0.70815045,27.46963,47.04891,8.013802773034937,27.33269190430128
2020-08-27,Angela_DER_AY470_eobs_4001__2020__southbound_01,Angela / DER AY470 (eobs 4001),41.308945,-0.8508059,40.82922,-1.9202002,41.17381,-1.0096394598813951,85.48054298273945,104.31788,1,0.8857352,0.70815045,20.009787,41.17381,-1.0096394598813951,85.48054298273945
2020-08-27,Europa_DER_A1A26_eobs_4004__2020__southbound_01,Europa / DER A1A26 (eobs 4004),43.82647,4.49841,43.356533,3.4199433,43.512714,4.135648209252579,60.342653310027025,101.361084,1,0.9396725,0.70815045,45.35191,43.512714,4.135648209252579,60.342653310027025
2020-08-27,Mirabell_plus_DER_AN910_eobs_3907__2020__southbound_01,Mirabell + / DER AN910 (eobs 3907),47.809895,8.88335,47.802914,8.879726,47.800182,8.862047384883363,1.3549202355652628,0.82187355,0,0.37742546,0.70815045,1.9195124,47.809895,8.883350372314453,0.8220710003951367
2020-08-27,Sierit_DER_AN858_eobs2561__2020__southbound_01,Sierit  / DER AN858 (eobs2561),47.805744,8.880607,47.80296,8.879541,47.793476,8.856807090323825,1.9989035763500629,0.3198229,0,0.40721852,0.70815045,2.2365644,47.805744,8.880606651306152,0.3197056035083764
2020-08-27,Zozu_plus_DER_AL581_eobs2541__2020__southbound_01,Zozu + / DER AL581 (eobs2541),47.233185,8.252966,47.114326,7.545029,47.173206,8.159446678234561,46.92757775547343,55.11919,1,0.81781626,0.70815045,9.695695,47.173206,8.159446678234561,46.92757775547343
2020-08-28,Angela_DER_AY470_eobs_4001__2020__southbound_01,Angela / DER AY470 (eobs 4001),40.82922,-1.9202002,39.22833,-3.0276914,40.72644,-2.0454386615918922,186.42303762995536,201.43974,1,0.8630617,0.70815045,15.517525,40.72644,-2.0454386615918922,186.42303762995536
2020-08-28,Europa_DER_A1A26_eobs_4004__2020__southbound_01,Europa / DER A1A26 (eobs 4004),43.356533,3.4199433,43.122803,2.9608476,43.15905,3.18524588366153,18.647597872298196,45.370655,1,0.91118747,0.70815045,28.970755,43.15905,3.18524588366153,18.647597872298196
2020-08-28,Mirabell_plus_DER_AN910_eobs_3907__2020__southbound_01,Mirabell + / DER AN910 (eobs 3907),47.802914,8.879726,47.801807,8.881165,47.788403,8.851102133857738,2.695296189061825,0.16338648,0,0.48543635,0.70815045,2.6736627,47.802914,8.87972640991211,0.16330703880969777
2020-08-28,Sierit_DER_AN858_eobs2561__2020__southbound_01,Sierit  / DER AN858 (eobs2561),47.80296,8.879541,47.801785,8.881173,47.7879,8.852206233763985,2.658197133398725,0.17875868,0,0.4636212,0.70815045,2.635991,47.80296,8.879541397094727,0.1786651049843401
2020-08-28,Zozu_plus_DER_AL581_eobs2541__2020__southbound_01,Zozu + / DER AL581 (eobs2541),47.114326,7.545029,47.109154,7.546319,46.914257,7.284325247913514,29.39777222301658,0.58317,0,0.9268616,0.70815045,29.681923,46.914257,7.284325247913514,29.39777222301658
2020-08-29,Angela_DER_AY470_eobs_4001__2020__southbound_01,Angela / DER AY470 (eobs 4001),39.22833,-3.0276914,37.94277,-3.214849,39.066895,-3.205978236208054,124.99971218859285,143.87059,1,0.90107167,0.70815045,23.5819,39.066895,-3.205978236208054,124.99971218859285
2020-08-29,Europa_DER_A1A26_eobs_4004__2020__southbound_01,Europa / DER A1A26 (eobs 4004),43.122803,2.9608476,43.0676,2.937868,43.03248,2.8429066432972903,8.648270450401728,6.415245,0,0.84250456,0.70815045,13.850022,43.03248,2.8429066432972903,8.648270450401728
2020-08-29,Mirabell_plus_DER_AN910_eobs_3907__2020__southbound_01,Mirabell + / DER AN910 (eobs 3907),47.801807,8.881165,47.802933,8.880664,47.79272,8.861872872260307,1.80540418070086,0.130569,0,0.3977599,0.70815045,1.7568659,47.801807,8.88116455078125,0.13059997444474478
2020-08-29,Sierit_DER_AN858_eobs2561__2020__southbound_01,Sierit  / DER AN858 (eobs2561),47.801785,8.881173,47.802868,8.880373,47.7915,8.861281009488374,1.905664517099166,0.13459721,0,0.39569405,0.70815045,1.8716409,47.801785,8.881173133850098,0.1344744737353762
2020-08-29,Zozu_plus_DER_AL581_eobs2541__2020__southbound_01,Zozu + / DER AL581 (eobs2541),47.109154,7.546319,47.084793,7.42525,47.07158,7.487365191605359,4.927756151468038,9.556487,0,0.73855704,0.70815045,6.101842,47.07158,7.487365191605359,4.927756151468038
2020-08-30,Angela_DER_AY470_eobs_4001__2020__southbound_01,Angela / DER AY470 (eobs 4001),37.94277,-3.214849,37.124306,-4.9453483,37.822872,-3.3498942836294052,160.79824702170086,177.66501,1,0.87928766,0.70815045,17.800505,37.822872,-3.3498942836294052,160.79824702170086
2020-08-30,Europa_DER_A1A26_eobs_4004__2020__southbound_01,Europa / DER A1A26 (eobs 4004),43.0676,2.937868,42.008003,2.656421,43.036625,2.8928364811580187,116.00689087735336,120.05723,1,0.653822,0.70815045,5.0157304,43.0676,2.937868118286133,120.05709569512933
2020-08-30,Mirabell_plus_DER_AN910_eobs_3907__2020__southbound_01,Mirabell + / DER AN910 (eobs 3907),47.802933,8.880664,47.80188,8.880042,47.798687,8.870248391526603,0.8131119539590873,0.12579176,0,0.23877133,0.70815045,0.9082682,47.802933,8.880663871765137,0.12594732627468647
2020-08-30,Sierit_DER_AN858_eobs2561__2020__southbound_01,Sierit  / DER AN858 (eobs2561),47.802868,8.880373,47.801872,8.874474,47.79754,8.86872569092069,0.6453765335519459,0.45432994,0,0.26772782,0.70815045,1.0508257,47.802868,8.880373001098633,0.4543157957451073
2020-08-30,Zozu_plus_DER_AL581_eobs2541__2020__southbound_01,Zozu + / DER AL581 (eobs2541),47.084793,7.42525,47.05003,7.307048,47.053207,7.375643584957468,5.208918505598012,9.751459,0,0.70277005,0.70815045,5.133089,47.084793,7.425250053405762,9.751409811527616
2020-08-31,Angela_DER_AY470_eobs_4001__2020__southbound_01,Angela / DER AY470 (eobs 4001),37.124306,-4.9453483,36.503098,-6.028767,36.978867,-5.101433388314033,98.11453806873679,118.63031,1,0.8939625,0.70815045,21.247265,36.978867,-5.101433388314033,98.11453806873679
2020-08-31,Europa_DER_A1A26_eobs_4004__2020__southbound_01,Europa / DER A1A26 (eobs 4004),42.008003,2.656421,41.558605,0.6168077,41.843052,2.458879483785765,156.16454084218333,176.33739,1,0.90069777,0.70815045,24.50914,41.843052,2.458879483785765,156.16454084218333
2020-08-31,Mirabell_plus_DER_AN910_eobs_3907__2020__southbound_01,Mirabell + / DER AN910 (eobs 3907),47.80188,8.880042,47.8026,8.879703,47.793255,8.860784439476408,1.7540871485033491,0.08393121,0,0.5038175,0.70815045,1.7258108,47.80188,8.88004207611084,0.08408387548807592
2020-08-31,Sierit_DER_AN858_eobs2561__2020__southbound_01,Sierit  / DER AN858 (eobs2561),47.801872,8.874474,47.80272,8.879898,47.791435,8.853508438574577,2.3366543372266833,0.4158961,0,0.50106984,0.70815045,1.9455283,47.801872,8.874473571777344,0.4159484218833891
2020-08-31,Zozu_plus_DER_AL581_eobs2541__2020__southbound_01,Zozu + / DER AL581 (eobs2541),47.05003,7.307048,46.406265,6.2939243,47.00945,7.245877845120994,98.82732715147463,105.29384,1,0.77509844,0.70815045,6.456971,47.00945,7.245877845120994,98.82732715147463
2020-09-01,Angela_DER_AY470_eobs_4001__2020__southbound_01,Angela / DER AY470 (eobs 4001),36.503098,-6.028767,36.500965,-6.0288234,36.39937,-6.1414287588174306,15.134819602156265,0.23741017,0,0.85996485,0.70815045,15.284673,36.39937,-6.1414287588174306,15.134819602156265
2020-09-01,Europa_DER_A1A26_eobs_4004__2020__southbound_01,Europa / DER A1A26 (eobs 4004),41.558605,0.6168077,41.558628,0.6142683,41.24683,0.27992941812374533,44.49310346896277,0.21130614,0,0.9350836,0.70815045,44.503418,41.24683,0.27992941812374533,44.49310346896277
2020-09-01,Mirabell_plus_DER_AN910_eobs_3907__2020__southbound_01,Mirabell + / DER AN910 (eobs 3907),47.8026,8.879703,47.802902,8.880591,47.7955,8.863787843662587,1.5008222479521685,0.07425469,0,0.44392288,0.70815045,1.4244004,47.8026,8.8797025680542,0.07436278774061558
2020-09-01,Sierit_DER_AN858_eobs2561__2020__southbound_01,Sierit  / DER AN858 (eobs2561),47.80272,8.879898,47.802498,8.880113,47.795753,8.865953428378985,1.296506214218575,0.029256893,0,0.38304642,0.70815045,1.2956145,47.80272,8.879898071289062,0.029361740142233063
2020-09-01,Zozu_plus_DER_AL581_eobs2541__2020__southbound_01,Zozu + / DER AL581 (eobs2541),46.406265,6.2939243,43.118618,3.1282904,45.98935,5.841759302930349,384.81319286674204,442.7557,1,0.95949274,0.70815045,57.787197,45.98935,5.841759302930349,384.81319286674204
2020-09-02,Angela_DER_AY470_eobs_4001__2020__southbound_01,Angela / DER AY470 (eobs 4001),36.500965,-6.0288234,36.477024,-6.017776,36.483574,-6.052157515796522,3.1590703971038763,2.8392608,0,0.50866234,0.70815045,2.8393655,36.500965,-6.028823375701904,2.839416113992981
2020-09-02,Europa_DER_A1A26_eobs_4004__2020__southbound_01,Europa / DER A1A26 (eobs 4004),41.558628,0.6142683,41.530357,0.4342218,41.52834,0.5734742132731004,11.593880637697419,15.310169,0,0.64627665,0.70815045,4.7731905,41.558628,0.6142683029174805,15.31019878468161
2020-09-02,Mirabell_plus_DER_AN910_eobs_3907__2020__southbound_01,Mirabell + / DER AN910 (eobs 3907),47.802902,8.880591,47.80181,8.874193,47.79992,8.87289820804429,0.23155951612114792,0.4929872,0,0.2389455,0.70815045,0.6622458,47.802902,8.88059139251709,0.4930310885056451
2020-09-02,Sierit_DER_AN858_eobs2561__2020__southbound_01,Sierit  / DER AN858 (eobs2561),47.802498,8.880113,47.802094,8.879432,47.79692,8.86825337323698,1.0138845647777033,0.06794517,0,0.3629334,0.70815045,1.0793769,47.802498,8.880112648010254,0.06788300054168281
2020-09-02,Zozu_plus_DER_AL581_eobs2541__2020__southbound_01,Zozu + / DER AL581 (eobs2541),43.118618,3.1282904,41.678387,1.1197089,42.51782,2.5511633427142355,150.53216238609235,229.87794,1,0.9621049,0.70815045,81.44928,42.51782,2.5511633427142355,150.53216238609235
2020-09-03,Angela_DER_AY470_eobs_4001__2020__southbound_01,Angela / DER AY470 (eobs 4001),36.477024,-6.017776,36.503082,-6.028866,36.467354,-6.032386597541116,3.9852781976797664,3.0623043,0,0.2801316,0.70815045,1.6890988,36.477024,-6.017776012420654,3.0624513474496142
2020-09-03,Europa_DER_A1A26_eobs_4004__2020__southbound_01,Europa / DER A1A26 (eobs 4004),41.530357,0.4342218,41.518726,-0.5834386,41.504124,0.3979566145396833,81.73205015415965,84.72821,1,0.5901849,0.70815045,4.190454,41.530357,0.4342218041419983,84.72820763021485
2020-09-03,Mirabell_plus_DER_AN910_eobs_3907__2020__southbound_01,Mirabell + / DER AN910 (eobs 3907),47.80181,8.874193,47.801804,8.874189,47.794205,8.85658037478882,1.5633215709110697,0.0007933913,0,0.46319282,0.70815045,1.5611738,47.80181,8.87419319152832,0.0008949176843499043
2020-09-03,Sierit_DER_AN858_eobs2561__2020__southbound_01,Sierit  / DER AN858 (eobs2561),47.802094,8.879432,47.802036,8.874235,47.79048,8.856036571683575,1.8704851911377764,0.38817546,0,0.56740093,0.70815045,2.1687593,47.802094,8.87943172454834,0.38817915732839653
2020-09-03,Zozu_plus_DER_AL581_eobs2541__2020__southbound_01,Zozu + / DER AL581 (eobs2541),41.678387,1.1197089,41.550625,0.58875555,41.23105,0.6668884702447615,36.128112848556924,46.36934,1,0.9510642,0.70815045,62.248528,41.23105,0.6668884702447615,36.128112848556924
2020-09-04,Angela_DER_AY470_eobs_4001__2020__southbound_01,Angela / DER AY470 (eobs 4001),36.503082,-6.028866,36.4795,-6.0181437,36.494465,-6.044255675193995,2.8667957433879487,2.7919366,0,0.20749077,0.70815045,1.6734613,36.503082,-6.028865814208984,2.7919435785799678
2020-09-04,Europa_DER_A1A26_eobs_4004__2020__southbound_01,Europa / DER A1A26 (eobs 4004),41.518726,-0.5834386,41.559746,-0.7403384,41.417736,-0.7060763149921421,16.04659742438249,13.832322,0,0.85485923,0.70815045,15.150961,41.417736,-0.7060763149921421,16.04659742438249
2020-09-04,Mirabell_plus_DER_AN910_eobs_3907__2020__southbound_01,Mirabell + / DER AN910 (eobs 3907),47.801804,8.874189,47.801754,8.874162,47.78265,8.836294880382658,3.53758369128322,0.0059390604,0,0.69571716,0.70815045,3.5358002,47.801804,8.874189376831055,0.005888483179520486
2020-09-04,Sierit_DER_AN858_eobs2561__2020__southbound_01,Sierit  / DER AN858 (eobs2561),47.802036,8.874235,47.801876,8.874244,47.781532,8.836619318640816,3.607938066426392,0.017847253,0,0.6907467,0.70815045,3.6119852,47.802036,8.874235153198242,0.01782690404206852
2020-09-04,Zozu_plus_DER_AL581_eobs2541__2020__southbound_01,Zozu + / DER AL581 (eobs2541),41.550625,0.58875555,41.528957,0.50774646,41.439575,0.4629279936770864,10.616926881481929,7.159852,0,0.8583984,0.70815045,16.161526,41.439575,0.4629279936770864,10.616926881481929
2020-09-05,Angela_DER_AY470_eobs_4001__2020__southbound_01,Angela / DER AY470 (eobs 4001),36.4795,-6.0181437,36.484417,-6.015504,36.470215,-6.035379075819694,2.3773605503465527,0.59549576,0,0.20879911,0.70815045,1.8515822,36.4795,-6.018143653869629,0.595525024301055
2020-09-05,Europa_DER_A1A26_eobs_4004__2020__southbound_01,Europa / DER A1A26 (eobs 4004),41.559746,-0.7403384,41.32113,-1.2468611,41.532516,-0.7791271048067759,45.53296529724788,49.86662,1,0.61509854,0.70815045,4.417526,41.559746,-0.7403383851051331,49.86674548172213
2020-09-05,Mirabell_plus_DER_AN910_eobs_3907__2020__southbound_01,Mirabell + / DER AN910 (eobs 3907),47.801754,8.874162,47.785213,8.859816,47.770138,8.818873010588238,3.4885586000103896,2.1287801,0,0.7831088,0.70815045,5.413846,47.770138,8.818873010588238,3.4885586000103896
2020-09-05,Sierit_DER_AN858_eobs2561__2020__southbound_01,Sierit  / DER AN858 (eobs2561),47.801876,8.874244,47.807056,8.881059,47.778404,8.834615243655382,4.710361195868907,0.7686964,0,0.6930488,0.70815045,3.9393501,47.801876,8.87424373626709,0.7686812230275379
2020-09-05,Zozu_plus_DER_AL581_eobs2541__2020__southbound_01,Zozu + / DER AL581 (eobs2541),41.528957,0.50774646,41.590527,0.6611677,41.49659,0.46763239644086224,19.19723450495282,14.485061,0,0.63813174,0.70815045,4.900981,41.528957,0.5077464580535889,14.485146161714727
2020-09-06,Angela_DER_AY470_eobs_4001__2020__southbound_01,Angela / DER AY470 (eobs 4001),36.484417,-6.015504,36.48449,-6.014638,36.477184,-6.030541187985394,1.6375335179676247,0.07782398,0,0.14904128,0.70815045,1.5637482,36.484417,-6.015503883361816,0.07783555888894532
2020-09-06,Europa_DER_A1A26_eobs_4004__2020__southbound_01,Europa / DER A1A26 (eobs 4004),41.32113,-1.2468611,40.01642,-3.5902126,41.254726,-1.3323761225711412,235.05627181414812,245.15482,1,0.8131238,0.70815045,10.254186,41.254726,-1.3323761225711412,235.05627181414812
2020-09-06,Mirabell_plus_DER_AN910_eobs_3907__2020__southbound_01,Mirabell + / DER AN910 (eobs 3907),47.785213,8.859816,47.67857,8.73131,47.738373,8.783035077002827,7.694072696603768,15.263821,0,0.84201187,0.70815045,7.7345853,47.738373,8.783035077002827,7.694072696603768
2020-09-06,Sierit_DER_AN858_eobs2561__2020__southbound_01,Sierit  / DER AN858 (eobs2561),47.807056,8.881059,47.80179,8.8742,47.795803,8.860193448793957,1.2399394495490177,0.77808154,0,0.45227185,0.70815045,1.9950963,47.807056,8.881058692932129,0.7781721870320559
2020-09-06,Zozu_plus_DER_AL581_eobs2541__2020__southbound_01,Zozu + / DER AL581 (eobs2541),41.590527,0.6611677,41.57431,0.61771834,41.579758,0.6449516509195302,2.3448803840070718,4.038815,0,0.29379538,0.70815045,1.8002378,41.590527,0.6611676812171936,4.038738933265995
2020-09-07,Angela_DER_AY470_eobs_4001__2020__southbound_01,Angela / DER AY470 (eobs 4001),36.48449,-6.014638,36.47643,-6.0149093,36.478184,-6.028385352504018,1.220608308885452,0.89628226,0,0.12159095,0.70815045,1.4125363,36.48449,-6.0146379470825195,0.8966111907846321
2020-09-07,Europa_DER_A1A26_eobs_4004__2020__southbound_01,Europa / DER A1A26 (eobs 4004),40.01642,-3.5902126,38.856464,-3.6599746,39.658344,-3.949825066985924,92.59149820515431,129.1205,1,0.94403946,0.70815045,50.14328,39.658344,-3.949825066985924,92.59149820515431
2020-09-07,Mirabell_plus_DER_AN910_eobs_3907__2020__southbound_01,Mirabell + / DER AN910 (eobs 3907),47.67857,8.73131,46.657272,6.630689,47.592987,8.601687033785035,181.82166244901273,195.21576,1,0.90553486,0.70815045,13.567812,47.592987,8.601687033785035,181.82166244901273
2020-09-07,Sierit_DER_AN858_eobs2561__2020__southbound_01,Sierit  / DER AN858 (eobs2561),47.80179,8.8742,47.80185,8.874167,47.789616,8.850479192185592,2.2319318886226407,0.0072441315,0,0.51145375,0.70815045,2.2255845,47.80179,8.874199867248535,0.007205961864052674
2020-09-07,Zozu_plus_DER_AL581_eobs2541__2020__southbound_01,Zozu + / DER AL581 (eobs2541),41.57431,0.61771834,41.574005,0.61666894,41.55161,0.5868590612189359,3.514680143011241,0.093612485,0,0.47638136,0.70815045,3.5937524,41.57431,0.6177183389663696,0.09365771531956439
2020-09-08,Angela_DER_AY470_eobs_4001__2020__southbound_01,Angela / DER AY470 (eobs 4001),36.47643,-6.0149093,36.503296,-6.02887,36.467438,-6.031548319669454,3.9944330599671694,3.237333,0,0.17017029,0.70815045,1.7892429,36.47643,-6.014909267425537,3.237684612600353
2020-09-08,Europa_DER_A1A26_eobs_4004__2020__southbound_01,Europa / DER A1A26 (eobs 4004),38.856464,-3.6599746,38.856434,-3.6568153,38.685192,-3.847480618780626,25.214956893993413,0.27358222,0,0.9064113,0.70815045,24.982126,38.685192,-3.847480618780626,25.214956893993413
2020-09-08,Mirabell_plus_DER_AN910_eobs_3907__2020__southbound_01,Mirabell + / DER AN910 (eobs 3907),46.657272,6.630689,43.02633,2.9956791,46.10988,6.049585611515197,419.55671183773006,494.9987,1,0.9645464,0.70815045,75.17894,46.10988,6.049585611515197,419.55671183773006
2020-09-08,Sierit_DER_AN858_eobs2561__2020__southbound_01,Sierit  / DER AN858 (eobs2561),47.80185,8.874167,47.80287,8.879482,47.79454,8.858707731539,1.8072312491414926,0.4128996,0,0.3537503,0.70815045,1.4094199,47.80185,8.874167442321777,0.41291392078093186
2020-09-08,Zozu_plus_DER_AL581_eobs2541__2020__southbound_01,Zozu + / DER AL581 (eobs2541),41.574005,0.61666894,41.583836,0.619094,41.543377,0.5772598305027181,5.688002904185486,1.111646,0,0.5377087,0.70815045,4.7187076,41.574005,0.6166689395904541,1.111556232234868
2020-09-09,Angela_DER_AY470_eobs_4001__2020__southbound_01,Angela / DER AY470 (eobs 4001),36.503296,-6.02887,36.47669,-6.015118,36.494545,-6.046365199320987,3.4272901178507182,3.2035518,0,0.1676559,0.70815045,1.8385135,36.503296,-6.028870105743408,3.203877640699395
2020-09-09,Europa_DER_A1A26_eobs_4004__2020__southbound_01,Europa / DER A1A26 (eobs 4004),38.856434,-3.6568153,38.856464,-3.656686,38.84176,-3.6775749004810327,2.438475015388709,0.011704785,0,0.47670856,0.70815045,2.4234083,38.856434,-3.65681529045105,0.011692632175196057
2020-09-09,Mirabell_plus_DER_AN910_eobs_3907__2020__southbound_01,Mirabell + / DER AN910 (eobs 3907),43.02633,2.9956791,41.546463,0.6152854,42.479374,2.45105594266795,183.74174066952392,255.75604,1,0.9594519,0.70815045,75.09334,42.479374,2.45105594266795,183.74174066952392
2020-09-09,Sierit_DER_AN858_eobs2561__2020__southbound_01,Sierit  / DER AN858 (eobs2561),47.80287,8.879482,47.802193,8.875374,47.79803,8.869529190016543,0.6361880306111689,0.31605357,0,0.22368582,0.70815045,0.916124,47.80287,8.87948226928711,0.3160044967188071
2020-09-09,Zozu_plus_DER_AL581_eobs2541__2020__southbound_01,Zozu + / DER AL581 (eobs2541),41.583836,0.619094,41.574654,0.6175405,41.566742,0.5945550453673715,2.104809374384907,1.0291542,0,0.33553046,0.70815045,2.7841356,41.583836,0.6190940141677856,1.0291354021395893
2020-09-10,Angela_DER_AY470_eobs_4001__2020__southbound_01,Angela / DER AY470 (eobs 4001),36.47669,-6.015118,36.504448,-6.0296903,36.467728,-6.032353420949336,4.090049675594832,3.3503711,0,0.1719626,0.70815045,1.8318363,36.47669,-6.01511812210083,3.3503541045406493
2020-09-10,Europa_DER_A1A26_eobs_4004__2020__southbound_01,Europa / DER A1A26 (eobs 4004),38.856464,-3.656686,38.856236,-3.6566453,38.849518,-3.6679808916471,1.2334914419703045,0.025516052,0,0.22794917,0.70815045,1.244123,38.856464,-3.6566860675811768,0.02569420672050958
2020-09-10,Mirabell_plus_DER_AN910_eobs_3907__2020__southbound_01,Mirabell + / DER AN910 (eobs 3907),41.546463,0.6152854,41.542744,0.523585,41.129128,0.18118396889701455,54.15252022554366,7.642753,0,0.9485105,0.70815045,58.70664,41.129128,0.18118396889701455,54.15252022554366
2020-09-10,Sierit_DER_AN858_eobs2561__2020__southbound_01,Sierit  / DER AN858 (eobs2561),47.802193,8.875374,47.36657,8.356254,47.78551,8.847069546358675,59.376832511762984,62.146545,1,0.53998935,0.70815045,2.807453,47.802193,8.875373840332031,62.14684373561388
2020-09-10,Zozu_plus_DER_AL581_eobs2541__2020__southbound_01,Zozu + / DER AL581 (eobs2541),41.574654,0.6175405,41.60397,0.6694953,41.551964,0.5874533129857876,8.944877484425335,5.4124813,0,0.41655153,0.70815045,3.5475075,41.574654,0.6175404787063599,5.412562164446445
2020-09-11,Angela_DER_AY470_eobs_4001__2020__southbound_01,Angela / DER AY470 (eobs 4001),36.504448,-6.0296903,36.484276,-6.015066,36.495895,-6.046218297014115,3.070011713906118,2.5964127,0,0.16227816,0.70815045,1.7537767,36.504448,-6.029690265655518,2.5961871348991523
2020-09-11,Europa_DER_A1A26_eobs_4004__2020__southbound_01,Europa / DER A1A26 (eobs 4004),38.856236,-3.6566453,38.85648,-3.6564963,38.84622,-3.6723072632963567,1.7822953996863733,0.029709544,0,0.3133546,0.70815045,1.7518642,38.856236,-3.6566452980041504,0.030057570773084456
2020-09-11,Mirabell_plus_DER_AN910_eobs_3907__2020__southbound_01,Mirabell + / DER AN910 (eobs 3907),41.542744,0.523585,41.537888,0.0708085,41.478806,0.4475774663010784,32.053784902169184,37.687653,1,0.78437865,0.70815045,9.499633,41.478806,0.4475774663010784,32.053784902169184
2020-09-11,Sierit_DER_AN858_eobs2561__2020__southbound_01,Sierit  / DER AN858 (eobs2561),47.36657,8.356254,45.620262,5.525931,47.126354,8.060900164321655,256.6261724589016,290.91022,1,0.9485136,0.70815045,34.699047,47.126354,8.060900164321655,256.6261724589016
2020-09-11,Zozu_plus_DER_AL581_eobs2541__2020__southbound_01,Zozu + / DER AL581 (eobs2541),41.60397,0.6694953,41.6301,0.7793752,41.59326,0.6533764840308613,11.247518409459495,9.585271,0,0.20815963,0.70815045,1.789483,41.60397,0.6694952845573425,9.5852639614456
2020-09-12,Angela_DER_AY470_eobs_4001__2020__southbound_01,Angela / DER AY470 (eobs 4001),36.484276,-6.015066,36.48424,-6.0148373,36.47613,-6.030403284512567,1.6583523562778903,0.020789811,0,0.14691168,0.70815045,1.6403611,36.484276,-6.015066146850586,0.020815807541176314
2020-09-12,Europa_DER_A1A26_eobs_4004__2020__southbound_01,Europa / DER A1A26 (eobs 4004),38.85648,-3.6564963,38.856384,-3.6592317,38.848873,-3.669580360154715,1.225001824591627,0.23707423,0,0.23696837,0.70815045,1.4114671,38.85648,-3.656496286392212,0.23709318078919986
2020-09-12,Mirabell_plus_DER_AN910_eobs_3907__2020__southbound_01,Mirabell + / DER AN910 (eobs 3907),41.537888,0.0708085,40.910423,-2.7546327,41.487877,0.011530168949061344,240.16330174378618,246.37418,1,0.7181275,0.70815045,7.421009,41.487877,0.011530168949061344,240.16330174378618
2020-09-12,Sierit_DER_AN858_eobs2561__2020__southbound_01,Sierit  / DER AN858 (eobs2561),45.620262,5.525931,43.4638,3.6463742,45.01851,4.921337230457155,200.49687024371173,282.26987,1,0.9644295,0.70815045,81.63706,45.01851,4.921337230457155,200.49687024371173
2020-09-12,Zozu_plus_DER_AL581_eobs2541__2020__southbound_01,Zozu + / DER AL581 (eobs2541),41.6301,0.7793752,41.603146,0.61647946,41.618343,0.7612132208778997,12.150907874741286,13.869221,0,0.24134156,0.70815045,1.9935161,41.6301,0.7793751955032349,13.869258608588584
2020-09-13,Angela_DER_AY470_eobs_4001__2020__southbound_01,Angela / DER AY470 (eobs 4001),36.48424,-6.0148373,36.50421,-6.0295362,36.47762,-6.027731331397619,2.9613268553710643,2.5802076,0,0.11230687,0.70815045,1.365444,36.48424,-6.014837265014648,2.580191432180612
2020-09-13,Europa_DER_A1A26_eobs_4004__2020__southbound_01,Europa / DER A1A26 (eobs 4004),38.856384,-3.6592317,38.8564,-3.6586986,38.84412,-3.6792894920520887,2.2458619802565507,0.04619433,0,0.37153733,0.70815045,2.2042546,38.856384,-3.659231662750244,0.046192604154852185
2020-09-13,Mirabell_plus_DER_AN910_eobs_3907__2020__southbound_01,Mirabell + / DER AN910 (eobs 3907),40.910423,-2.7546327,40.070084,-3.8856056,40.637054,-3.028345072563688,96.18375250540639,133.70886,1,0.92111397,0.70815045,38.052074,40.637054,-3.028345072563688,96.18375250540639
2020-09-13,Sierit_DER_AN858_eobs2561__2020__southbound_01,Sierit  / DER AN858 (eobs2561),43.4638,3.6463742,42.72566,2.8172333,42.9765,3.1442908301332464,38.58537210588013,106.15527,1,0.95557785,0.70815045,67.54228,42.9765,3.1442908301332464,38.58537210588013
2020-09-13,Zozu_plus_DER_AL581_eobs2541__2020__southbound_01,Zozu + / DER AL581 (eobs2541),41.603146,0.61647946,41.59111,0.61690646,41.55419,0.5539001599094017,6.657590339658556,1.3390206,0,0.70679796,0.70815045,7.517162,41.603146,0.6164794564247131,1.338744894305978
2020-09-14,Angela_DER_AY470_eobs_4001__2020__southbound_01,Angela / DER AY470 (eobs 4001),36.50421,-6.0295362,36.484596,-6.014759,36.49713,-6.044264344475522,2.9832749606771998,2.5500627,0,0.12486403,0.70815045,1.531083,36.50421,-6.029536247253418,2.549933496585396
2020-09-14,Europa_DER_A1A26_eobs_4004__2020__southbound_01,Europa / DER A1A26 (eobs 4004),38.8564,-3.6586986,38.85665,-3.6599832,38.84875,-3.6721601065286826,1.3724366655122997,0.114739686,0,0.23874858,0.70815045,1.4403257,38.8564,-3.658698558807373,0.1147020816923785
2020-09-14,Mirabell_plus_DER_AN910_eobs_3907__2020__southbound_01,Mirabell + / DER AN910 (eobs 3907),40.070084,-3.8856056,39.854267,-4.27741,39.84235,-4.1150109206279195,13.92708153291924,41.120953,1,0.9099961,0.70815045,31.917416,39.84235,-4.1150109206279195,13.92708153291924
2020-09-14,Sierit_DER_AN858_eobs2561__2020__southbound_01,Sierit  / DER AN858 (eobs2561),42.72566,2.8172333,41.631916,0.7678757,42.46986,2.5408181120823907,173.51959368190631,208.09592,1,0.9247968,0.70815045,36.252113,42.46986,2.5408181120823907,173.51959368190631
2020-09-14,Zozu_plus_DER_AL581_eobs2541__2020__southbound_01,Zozu + / DER AL581 (eobs2541),41.59111,0.61690646,41.56884,0.5529311,41.548565,0.5617610998422055,2.3711859522177137,5.8691335,0,0.6720749,0.70815045,6.5773168,41.59111,0.616906464099884,5.869280880677686
2020-09-15,Angela_DER_AY470_eobs_4001__2020__southbound_01,Angela / DER AY470 (eobs 4001),36.484596,-6.014759,36.476963,-6.0146356,36.476566,-6.0309697067285395,1.461130370729787,0.8486627,0,0.15435112,0.70815045,1.6991725,36.484596,-6.014759063720703,0.8488471321613975
2020-09-15,Europa_DER_A1A26_eobs_4004__2020__southbound_01,Europa / DER A1A26 (eobs 4004),38.85665,-3.6599832,38.85652,-3.6604588,38.845985,-3.6785444443475885,1.9558632832877478,0.043731432,0,0.35357755,0.70815045,1.9939519,38.85665,-3.6599831581115723,0.04363801668381036
2020-09-15,Mirabell_plus_DER_AN910_eobs_3907__2020__southbound_01,Mirabell + / DER AN910 (eobs 3907),39.854267,-4.27741,39.68859,-3.9500446,39.77938,-4.360183779797074,36.495561870457564,33.498764,1,0.79583764,0.70815045,10.901768,39.77938,-4.360183779797074,36.495561870457564
2020-09-15,Sierit_DER_AN858_eobs2561__2020__southbound_01,Sierit  / DER AN858 (eobs2561),41.631916,0.7678757,41.560707,0.614593,41.349655,0.4732022601688653,26.259993116696542,15.005516,0,0.9266779,0.70815045,39.740616,41.349655,0.4732022601688653,26.259993116696542
2020-09-15,Zozu_plus_DER_AL581_eobs2541__2020__southbound_01,Zozu + / DER AL581 (eobs2541),41.56884,0.5529311,41.584816,0.61710155,41.52363,0.49331186331575544,12.344777301209442,5.6256437,0,0.6897702,0.70815045,7.049607,41.56884,0.5529310703277588,5.625630028295565
2020-09-16,Angela_DER_AY470_eobs_4001__2020__southbound_01,Angela / DER AY470 (eobs 4001),36.476963,-6.0146356,36.47861,-6.0152435,36.467552,-6.031441439150358,1.8999602391140038,0.19115853,0,0.1824939,0.70815045,1.8278843,36.476963,-6.0146355628967285,0.19113653720325188
2020-09-16,Europa_DER_A1A26_eobs_4004__2020__southbound_01,Europa / DER A1A26 (eobs 4004),38.85652,-3.6604588,38.85646,-3.6602352,38.839462,-3.6874994910817374,3.024458732292483,0.020478735,0,0.52113754,0.70815045,3.008209,38.85652,-3.66045880317688,0.020519516434758165
2020-09-16,Mirabell_plus_DER_AN910_eobs_3907__2020__southbound_01,Mirabell + / DER AN910 (eobs 3907),39.68859,-3.9500446,39.391964,-3.2891781,39.66924,-3.975402497525531,66.43939327573341,65.56955,1,0.50141555,0.70815045,3.050409,39.68859,-3.950044631958008,65.56955305295399
2020-09-16,Sierit_DER_AN858_eobs2561__2020__southbound_01,Sierit  / DER AN858 (eobs2561),41.560707,0.614593,41.546246,0.5935551,41.500923,0.545452403049894,6.436942065215222,2.3770435,0,0.7617085,0.70815045,8.775645,41.500923,0.545452403049894,6.436942065215222
2020-09-16,Zozu_plus_DER_AL581_eobs2541__2020__southbound_01,Zozu + / DER AL581 (eobs2541),41.584816,0.61710155,41.588837,0.6436412,41.568626,0.5920993628700826,4.840482344884181,2.252025,0,0.36195016,0.70815045,2.7455254,41.584816,0.6171015501022339,2.2520822041530852
2020-09-17,Angela_DER_AY470_eobs_4001__2020__southbound_01,Angela / DER AY470 (eobs 4001),36.47861,-6.0152435,36.50417,-6.029885,36.471447,-6.028432904026948,3.64089246503609,3.1286023,0,0.12531084,0.70815045,1.4207236,36.47861,-6.0152435302734375,3.1288867867564543
2020-09-17,Europa_DER_A1A26_eobs_4004__2020__southbound_01,Europa / DER A1A26 (eobs 4004),38.85646,-3.6602352,38.85617,-3.6601996,38.847565,-3.6752047000954713,1.613721027912384,0.03251534,0,0.3015104,0.70815045,1.6276573,38.85646,-3.6602351665496826,0.03238376779539587
2020-09-17,Mirabell_plus_DER_AN910_eobs_3907__2020__southbound_01,Mirabell + / DER AN910 (eobs 3907),39.391964,-3.2891781,38.856514,-3.65993,39.378426,-3.308628621617211,65.47098947576173,67.58524,1,0.3610086,0.70815045,2.245587,39.391964,-3.2891781330108643,67.58530044589911
2020-09-17,Sierit_DER_AN858_eobs2561__2020__southbound_01,Sierit  / DER AN858 (eobs2561),41.546246,0.5935551,41.538815,0.6144831,41.52021,0.5604898218977739,4.947753707802894,1.9278554,0,0.5635772,0.70815045,3.9872408,41.546246,0.5935550928115845,1.9278062573596069
2020-09-17,Zozu_plus_DER_AL581_eobs2541__2020__southbound_01,Zozu + / DER AL581 (eobs2541),41.588837,0.6436412,41.574913,0.6159688,41.575974,0.622714263589531,0.573363738279647,2.7737644,0,0.2819192,0.70815045,2.2487981,41.588837,0.6436411738395691,2.773915781817521
2020-09-18,Angela_DER_AY470_eobs_4001__2020__southbound_01,Angela / DER AY470 (eobs 4001),36.50417,-6.029885,36.478203,-6.015092,36.497234,-6.0431277336041775,3.2802876495129514,3.1755238,0,0.12213291,0.70815045,1.4101124,36.50417,-6.0298848152160645,3.17579056301092
2020-09-18,Europa_DER_A1A26_eobs_4004__2020__southbound_01,Europa / DER A1A26 (eobs 4004),38.85617,-3.6601996,38.860756,-3.6600916,38.8466,-3.6759633602812545,2.0896818593926416,0.5099484,0,0.33859634,0.70815045,1.7278183,38.85617,-3.6601996421813965,0.5099447903290877
2020-09-18,Mirabell_plus_DER_AN910_eobs_3907__2020__southbound_01,Mirabell + / DER AN910 (eobs 3907),38.856514,-3.65993,38.85653,-3.659638,38.785114,-3.74257943799339,10.709368850060214,0.02533989,0,0.7913674,0.70815045,10.669975,38.785114,-3.74257943799339,10.709368850060214
2020-09-18,Sierit_DER_AN858_eobs2561__2020__southbound_01,Sierit  / DER AN858 (eobs2561),41.538815,0.6144831,41.538826,0.6149328,41.526604,0.5958395012301373,2.0911423779693683,0.037446514,0,0.319698,0.70815045,2.0581992,41.538815,0.614483118057251,0.03744672957707358
2020-09-18,Zozu_plus_DER_AL581_eobs2541__2020__southbound_01,Zozu + / DER AL581 (eobs2541),41.574913,0.6159688,41.574398,0.61621666,41.54615,0.5742689562319974,4.69544664094637,0.061036453,0,0.54939544,0.70815045,4.709885,41.574913,0.6159688234329224,0.06086174623766901
2020-09-19,Angela_DER_AY470_eobs_4001__2020__southbound_01,Angela / DER AY470 (eobs 4001),36.478203,-6.015092,36.478058,-6.014251,36.4692,-6.031508380452747,1.8306049129853714,0.07697655,0,0.18586469,0.70815045,1.7735101,36.478203,-6.015091896057129,0.07687277541353713
2020-09-19,Europa_DER_A1A26_eobs_4004__2020__southbound_01,Europa / DER A1A26 (eobs 4004),38.860756,-3.6600916,38.857742,-3.6589248,38.8531,-3.673619225771502,1.3731349308593876,0.34963906,0,0.29937327,0.70815045,1.4454507,38.860756,-3.6600916385650635,0.3499976719381425
2020-09-19,Mirabell_plus_DER_AN910_eobs_3907__2020__southbound_01,Mirabell + / DER AN910 (eobs 3907),38.85653,-3.659638,38.858276,-3.6598635,38.83861,-3.6857465455772247,3.1313718505489003,0.19519283,0,0.47735804,0.70815045,3.0081086,38.85653,-3.659637928009033,0.19525156369149732
2020-09-19,Sierit_DER_AN858_eobs2561__2020__southbound_01,Sierit  / DER AN858 (eobs2561),41.538826,0.6149328,41.54096,0.6149229,41.530495,0.6000747330804004,1.6973947368758031,0.23698594,0,0.20275459,0.70815045,1.5425029,41.538826,0.6149327754974365,0.23711557280027026
2020-09-19,Zozu_plus_DER_AL581_eobs2541__2020__southbound_01,Zozu + / DER AL581 (eobs2541),41.574398,0.61621666,41.587368,0.6169033,41.556183,0.5890196229286011,4.1719250567802355,1.443475,0,0.39696148,0.70815045,3.031368,41.574398,0.6162166595458984,1.4433273468711052
2020-09-20,Angela_DER_AY470_eobs_4001__2020__southbound_01,Angela / DER AY470 (eobs 4001),36.478058,-6.014251,36.28409,-5.9409113,36.4697,-6.028555195815125,22.080308139009066,22.545626,0,0.17792387,0.70815045,1.5782778,36.478058,-6.014251232147217,22.545631530547556
2020-09-20,Europa_DER_A1A26_eobs_4004__2020__southbound_01,Europa / DER A1A26 (eobs 4004),38.857742,-3.6589248,38.856407,-3.660077,38.8482,-3.6745360436326733,1.5492447454448526,0.17899771,0,0.36931658,0.70815045,1.7154433,38.857742,-3.6589248180389404,0.17887363623033103
2020-09-20,Mirabell_plus_DER_AN910_eobs_3907__2020__southbound_01,Mirabell + / DER AN910 (eobs 3907),38.858276,-3.6598635,38.856354,-3.6598315,38.845127,-3.6806665960904286,2.194013522176095,0.21372923,0,0.37607124,0.70815045,2.3160644,38.858276,-3.6598634719848633,0.21380238389138395
2020-09-20,Sierit_DER_AN858_eobs2561__2020__southbound_01,Sierit  / DER AN858 (eobs2561),41.54096,0.6149229,41.54027,0.61658525,41.53172,0.5974523302507002,1.8548543596809952,0.15791629,0,0.2306074,0.70815045,1.7772113,41.54096,0.6149228811264038,0.1580250924041081
2020-09-20,Zozu_plus_DER_AL581_eobs2541__2020__southbound_01,Zozu + / DER AL581 (eobs2541),41.587368,0.6169033,41.575397,0.61684495,41.57246,0.5945740962558572,1.881173251163768,1.3313031,0,0.3066635,0.70815045,2.4849596,41.587368,0.6169033050537109,1.331071782839675
2020-09-21,Europa_DER_A1A26_eobs_4004__2020__southbound_01,Europa / DER A1A26 (eobs 4004),38.856407,-3.660077,38.85616,-3.660248,38.841217,-3.6829581725246765,2.574568833760359,0.031346314,0,0.5020639,0.70815045,2.5988514,38.856407,-3.6600770950317383,0.03129359238379055
2020-09-21,Mirabell_plus_DER_AN910_eobs_3907__2020__southbound_01,Mirabell + / DER AN910 (eobs 3907),38.856354,-3.6598315,38.85651,-3.657117,38.83619,-3.687881670836235,3.49344974090644,0.23569159,0,0.48735976,0.70815045,3.2996814,38.856354,-3.6598315238952637,0.23570230604238487
2020-09-21,Sierit_DER_AN858_eobs2561__2020__southbound_01,Sierit  / DER AN858 (eobs2561),41.54027,0.61658525,41.538647,0.6156077,41.52633,0.5939792618294956,2.2621029856642467,0.19840288,0,0.3110801,0.70815045,2.4336612,41.54027,0.6165852546691895,0.19817165096246464
2020-09-21,Zozu_plus_DER_AL581_eobs2541__2020__southbound_01,Zozu + / DER AL581 (eobs2541),41.575397,0.61684495,41.574677,0.6156663,41.549644,0.5844099691645436,3.8092385334630006,0.126576,0,0.4735843,0.70815045,3.9274704,41.575397,0.6168449521064758,0.12665037634412327
2020-09-22,Europa_DER_A1A26_eobs_4004__2020__southbound_01,Europa / DER A1A26 (eobs 4004),38.85616,-3.660248,38.856586,-3.6599472,38.8411,-3.682019976234502,2.572856731461303,0.05420812,0,0.4728311,0.70815045,2.5171058,38.85616,-3.660248041152954,0.054182706799842516
2020-09-22,Mirabell_plus_DER_AN910_eobs_3907__2020__southbound_01,Mirabell + / DER AN910 (eobs 3907),38.85651,-3.657117,38.856056,-3.6602695,38.84424,-3.674510543612678,1.8021451938910482,0.27758753,0,0.29964203,0.70815045,2.028648,38.85651,-3.6571168899536133,0.27761215207593426
2020-09-22,Sierit_DER_AN858_eobs2561__2020__southbound_01,Sierit  / DER AN858 (eobs2561),41.538647,0.6156077,41.561646,0.6147613,41.50581,0.5717070281003811,7.168704873690029,2.5586567,0,0.5659493,0.70815045,5.1564507,41.538647,0.6156076788902283,2.558324217077956
2020-09-22,Zozu_plus_DER_AL581_eobs2541__2020__southbound_01,Zozu + / DER AL581 (eobs2541),41.574677,0.6156663,41.57477,0.6165002,41.53731,0.571204470734825,5.617448685362564,0.070199855,0,0.60828835,0.70815045,5.5525956,41.574677,0.6156662702560425,0.07017539467134629
2020-09-23,Europa_DER_A1A26_eobs_4004__2020__southbound_01,Europa / DER A1A26 (eobs 4004),38.856586,-3.6599472,38.856133,-3.660437,38.848846,-3.672206290919062,1.3019401578825551,0.065942176,0,0.24394089,0.70815045,1.3641186,38.856586,-3.659947156906128,0.06593768176448962
2020-09-23,Mirabell_plus_DER_AN910_eobs_3907__2020__southbound_01,Mirabell + / DER AN910 (eobs 3907),38.856056,-3.6602695,38.533264,-4.3681154,38.837406,-3.6848701963233292,68.26915754522764,71.14815,1,0.40719703,0.70815045,2.9676015,38.856056,-3.6602694988250732,71.14827552749406
2020-09-23,Sierit_DER_AN858_eobs2561__2020__southbound_01,Sierit  / DER AN858 (eobs2561),41.561646,0.6147613,41.538746,0.6155688,41.539913,0.5844266375102616,2.595198884266866,2.5472205,0,0.42529804,0.70815045,3.4881122,41.561646,0.6147612929344177,2.54721248239246
2020-09-23,Zozu_plus_DER_AL581_eobs2541__2020__southbound_01,Zozu + / DER AL581 (eobs2541),41.57477,0.6165002,41.58417,0.61684066,41.559174,0.5961947185530071,3.267428026999087,1.045345,0,0.3109962,0.70815045,2.416632,41.57477,0.616500198841095,1.0455521814118773
2020-09-24,Europa_DER_A1A26_eobs_4004__2020__southbound_01,Europa / DER A1A26 (eobs 4004),38.856133,-3.660437,38.85887,-3.6601422,38.84219,-3.6814505302522496,2.6164172171651146,0.30567622,0,0.41839442,0.70815045,2.3861942,38.856133,-3.6604371070861816,0.30562681616414206
2020-09-24,Sierit_DER_AN858_eobs2561__2020__southbound_01,Sierit  / DER AN858 (eobs2561),41.538746,0.6155688,41.538895,0.6148322,41.51612,0.5849156384420392,3.5517290303451676,0.06349509,0,0.44063315,0.70815045,3.5767982,41.538746,0.6155688166618347,0.06349963980733625
2020-09-24,Zozu_plus_DER_AL581_eobs2541__2020__southbound_01,Zozu + / DER AL581 (eobs2541),41.58417,0.61684066,41.57433,0.6161584,41.570576,0.5980849703027672,1.5603373261668967,1.0958912,0,0.26017198,0.70815045,2.168611,41.58417,0.616840660572052,1.0958432456741405
2020-09-25,Europa_DER_A1A26_eobs_4004__2020__southbound_01,Europa / DER A1A26 (eobs 4004),38.85887,-3.6601422,39.127235,-3.7390904,38.85101,-3.6731027227847424,31.239974970025067,30.610981,1,0.24545367,0.70815045,1.4199929,38.85887,-3.660142183303833,30.610832676857363
2020-09-25,Sierit_DER_AN858_eobs2561__2020__southbound_01,Sierit  / DER AN858 (eobs2561),41.538895,0.6148322,41.538887,0.6135326,41.512768,0.579957513484142,4.030793292266185,0.10816883,0,0.48517185,0.70815045,4.0994782,41.538895,0.6148322224617004,0.1081708804712321
2020-09-25,Zozu_plus_DER_AL581_eobs2541__2020__southbound_01,Zozu + / DER AL581 (eobs2541),41.57433,0.6161584,41.574642,0.615515,41.54824,0.5841235036171696,3.929374597544228,0.06377841,0,0.4605279,0.70815045,3.9320972,41.57433,0.6161584258079529,0.06383241719966806
2020-09-26,Europa_DER_A1A26_eobs_4004__2020__southbound_01,Europa / DER A1A26 (eobs 4004),39.127235,-3.7390904,38.998055,-3.692792,39.11777,-3.754209613585368,14.329306891442464,14.910151,0,0.27234626,0.70815045,1.6729782,39.127235,-3.7390904426574707,14.91010466083203
2020-09-26,Sierit_DER_AN858_eobs2561__2020__southbound_01,Sierit  / DER AN858 (eobs2561),41.538887,0.6135326,41.55725,0.6151427,41.50322,0.5679668418891436,7.177569549399171,2.0460615,0,0.570679,0.70815045,5.4777555,41.538887,0.6135326027870178,2.046372511490484
2020-09-26,Zozu_plus_DER_AL581_eobs2541__2020__southbound_01,Zozu + / DER AL581 (eobs2541),41.574642,0.615515,41.57445,0.6156428,41.54397,0.5760739501131616,4.725298246282987,0.023531884,0,0.5167982,0.70815045,4.724297,41.574642,0.6155149936676025,0.023723739651629685
2020-09-27,Europa_DER_A1A26_eobs_4004__2020__southbound_01,Europa / DER A1A26 (eobs 4004),38.998055,-3.692792,38.858234,-3.6611989,38.98659,-3.709851186676395,14.880306748570435,15.785931,0,0.33237576,0.70815045,1.9454061,38.998055,-3.6927919387817383,15.785670230959546
2020-09-27,Sierit_DER_AN858_eobs2561__2020__southbound_01,Sierit  / DER AN858 (eobs2561),41.55725,0.6151427,41.540222,0.6167718,41.533363,0.5828311142980004,2.9261209678031315,1.8981661,0,0.43960926,0.70815045,3.772611,41.55725,0.6151427030563354,1.8983667811093798
2020-09-27,Zozu_plus_DER_AL581_eobs2541__2020__southbound_01,Zozu + / DER AL581 (eobs2541),41.57445,0.6156428,41.53884,0.5855462,41.545376,0.5783653873728803,0.9408123041275098,4.685201,0,0.51152134,0.70815045,4.4719167,41.57445,0.615642786026001,4.685120668479364
2020-09-28,Europa_DER_A1A26_eobs_4004__2020__southbound_01,Europa / DER A1A26 (eobs 4004),38.858234,-3.6611989,38.610928,-4.430937,38.84035,-3.685796490668538,69.4917474437385,72.20665,1,0.48846975,0.70815045,2.9086785,38.858234,-3.661198854446411,72.20668817282797
2020-09-28,Sierit_DER_AN858_eobs2561__2020__southbound_01,Sierit  / DER AN858 (eobs2561),41.540222,0.6167718,41.564663,0.5547703,41.513153,0.5827071037083101,6.181615805771068,5.8314004,0,0.4705895,0.70815045,4.1277976,41.540222,0.6167718172073364,5.8313281901787555
2020-09-28,Zozu_plus_DER_AL581_eobs2541__2020__southbound_01,Zozu + / DER AL581 (eobs2541),41.53884,0.5855462,41.574703,0.6162569,41.497944,0.535276116394737,10.875772926428724,4.736043,0,0.62784064,0.70815045,6.1686254,41.53884,0.5855461955070496,4.736175442276963
2020-09-29,Europa_DER_A1A26_eobs_4004__2020__southbound_01,Europa / DER A1A26 (eobs 4004),38.610928,-4.430937,37.8146,-4.7480035,38.500637,-4.554587277107878,78.13569632374899,92.779434,1,0.87869036,0.70815045,16.27577,38.500637,-4.554587277107878,78.13569632374899
2020-09-29,Sierit_DER_AN858_eobs2561__2020__southbound_01,Sierit  / DER AN858 (eobs2561),41.564663,0.5547703,41.540077,0.6148693,41.53503,0.5185120203126709,8.039606851371408,5.6996408,0,0.49165502,0.70815045,4.4595165,41.564663,0.554770290851593,5.699455780170284
2020-09-29,Zozu_plus_DER_AL581_eobs2541__2020__southbound_01,Zozu + / DER AL581 (eobs2541),41.574703,0.6162569,41.574455,0.6162995,41.55875,0.5950316411067568,2.486028850086993,0.027461274,0,0.30415663,0.70815045,2.498511,41.574703,0.6162568926811218,0.027798388601584095
2020-09-30,Europa_DER_A1A26_eobs_4004__2020__southbound_01,Europa / DER A1A26 (eobs 4004),37.8146,-4.7480035,37.814445,-4.7481866,37.663044,-4.902798852284354,21.6393956109626,0.023563579,0,0.9009169,0.70815045,21.616203,37.663044,-4.902798852284354,21.6393956109626
2020-09-30,Sierit_DER_AN858_eobs2561__2020__southbound_01,Sierit  / DER AN858 (eobs2561),41.540077,0.6148693,41.564507,0.55533797,41.52463,0.5950994188729307,5.532578057358255,5.6498036,0,0.28908047,0.70815045,2.3744369,41.540077,0.6148692965507507,5.649675018261365
2020-09-30,Zozu_plus_DER_AL581_eobs2541__2020__southbound_01,Zozu + / DER AL581 (eobs2541),41.574455,0.6162995,41.574684,0.6161941,41.5555,0.5925246730691114,2.903146067801385,0.026735049,0,0.35434273,0.70815045,2.8852873,41.574455,0.6162995100021362,0.026917895713976955
2020-10-01,Europa_DER_A1A26_eobs_4004__2020__southbound_01,Europa / DER A1A26 (eobs 4004),37.814445,-4.7481866,37.81383,-4.749066,37.794872,-4.771169530488511,2.866260253420104,0.10303866,0,0.49202836,0.70815045,2.9634035,37.814445,-4.7481865882873535,0.10310163186910234
2020-10-01,Sierit_DER_AN858_eobs2561__2020__southbound_01,Sierit  / DER AN858 (eobs2561),41.564507,0.55533797,41.53878,0.61529416,41.546173,0.5312486339036673,7.04287427812343,5.7510705,0,0.3452114,0.70815045,2.8535984,41.564507,0.5553379654884338,5.75110166934236
2020-10-01,Zozu_plus_DER_AL581_eobs2541__2020__southbound_01,Zozu + / DER AL581 (eobs2541),41.574684,0.6161941,41.574574,0.6159647,41.558586,0.5942007145081671,2.537463977037655,0.022606736,0,0.32252172,0.70815045,2.5550027,41.574684,0.6161941289901733,0.0227049457190637
2020-10-02,Europa_DER_A1A26_eobs_4004__2020__southbound_01,Europa / DER A1A26 (eobs 4004),37.81383,-4.749066,37.81505,-4.7428856,37.79819,-4.767554978433481,2.865422698133231,0.5594811,0,0.39227384,0.70815045,2.3754485,37.81383,-4.74906587600708,0.5595105635173419
2020-10-02,Sierit_DER_AN858_eobs2561__2020__southbound_01,Sierit  / DER AN858 (eobs2561),41.53878,0.61529416,41.539864,0.6156929,41.524105,0.5954547379635693,2.430709048632592,0.12492979,0,0.27860132,0.70815045,2.3174427,41.53878,0.6152941584587097,0.12495392037916773
2020-10-02,Zozu_plus_DER_AL581_eobs2541__2020__southbound_01,Zozu + / DER AL581 (eobs2541),41.574574,0.6159647,41.57455,0.61588645,41.55085,0.5865588780474653,3.5915374269821645,0.0069834497,0,0.44215354,0.70815045,3.5911934,41.574574,0.6159647107124329,0.006989874764602588
2020-10-03,Europa_DER_A1A26_eobs_4004__2020__southbound_01,Europa / DER A1A26 (eobs 4004),37.81505,-4.7428856,37.81351,-4.749019,37.807163,-4.75324575747648,0.7975336334342752,0.56523144,0,0.1882267,0.70815045,1.2615939,37.81505,-4.742885589599609,0.5652654973265439
2020-10-03,Sierit_DER_AN858_eobs2561__2020__southbound_01,Sierit  / DER AN858 (eobs2561),41.539864,0.6156929,41.537273,0.61526805,41.52777,0.5984645424106325,1.752940522807892,0.290329,0,0.23781703,0.70815045,1.9622276,41.539864,0.6156929135322571,0.2901778722225536
2020-10-03,Zozu_plus_DER_AL581_eobs2541__2020__southbound_01,Zozu + / DER AL581 (eobs2541),41.57455,0.61588645,41.573006,0.6165295,41.545593,0.5815756341823549,4.212988962441663,0.18023556,0,0.5258004,0.70815045,4.295287,41.57455,0.6158864498138428,0.17992727768160477
2020-10-04,Europa_DER_A1A26_eobs_4004__2020__southbound_01,Europa / DER A1A26 (eobs 4004),37.81351,-4.749019,37.81468,-4.747616,37.79897,-4.766816367829423,2.4282814428163846,0.17887221,0,0.3358189,0.70815045,2.24519,37.81351,-4.749019145965576,0.17900893105089674
2020-10-04,Sierit_DER_AN858_eobs2561__2020__southbound_01,Sierit  / DER AN858 (eobs2561),41.537273,0.61526805,41.56545,0.5554442,41.513374,0.585221117184962,6.2984947714578166,5.8820634,0,0.42690998,0.70815045,3.6426597,41.537273,0.6152680516242981,5.8819909400186505
2020-10-04,Zozu_plus_DER_AL581_eobs2541__2020__southbound_01,Zozu + / DER AL581 (eobs2541),41.573006,0.6165295,41.566742,0.61676383,41.549503,0.5902228337214035,2.924233308750694,0.6966819,0,0.44014406,0.70815045,3.4026203,41.573006,0.6165295243263245,0.6967689787739353
2020-10-05,Europa_DER_A1A26_eobs_4004__2020__southbound_01,Europa / DER A1A26 (eobs 4004),37.81468,-4.747616,37.815186,-4.7418804,37.80645,-4.758279666530231,1.7375310802080306,0.50699735,0,0.17148246,0.70815045,1.3072895,37.81468,-4.747615814208984,0.5069666027152303
2020-10-05,Sierit_DER_AN858_eobs2561__2020__southbound_01,Sierit  / DER AN858 (eobs2561),41.56545,0.5554442,41.565598,0.5550517,41.537388,0.5219287553600949,4.175704628294856,0.036566887,0,0.4685055,0.70815045,4.177371,41.56545,0.5554441809654236,0.03660540785783248
2020-10-05,Zozu_plus_DER_AL581_eobs2541__2020__southbound_01,Zozu + / DER AL581 (eobs2541),41.566742,0.61676383,41.573883,0.616177,41.539257,0.5877340738663231,4.5194532986284885,0.79549325,0,0.47527632,0.70815045,3.8882923,41.566742,0.6167638301849365,0.7955557953402267
2020-10-06,Europa_DER_A1A26_eobs_4004__2020__southbound_01,Europa / DER A1A26 (eobs 4004),37.815186,-4.7418804,37.8143,-4.747949,37.807995,-4.751049475955115,0.7522023971403771,0.54208153,0,0.1334921,0.70815045,1.132974,37.815186,-4.741880416870117,0.5421052307129872
2020-10-06,Sierit_DER_AN858_eobs2561__2020__southbound_01,Sierit  / DER AN858 (eobs2561),41.565598,0.5550517,41.54001,0.6156468,41.536213,0.5213178523014272,7.862442121005291,5.7896943,0,0.47743955,0.70815045,4.2996044,41.565598,0.5550516843795776,5.789685308808115
2020-10-06,Zozu_plus_DER_AL581_eobs2541__2020__southbound_01,Zozu + / DER AL581 (eobs2541),41.573883,0.616177,41.531055,0.5029768,41.555733,0.5956366579544713,8.185208454405224,10.554964,0,0.32539007,0.70815045,2.6396492,41.573883,0.6161770224571228,10.555064325229122
2020-10-07,Europa_DER_A1A26_eobs_4004__2020__southbound_01,Europa / DER A1A26 (eobs 4004),37.8143,-4.747949,37.81448,-4.747839,37.80324,-4.761836563784196,1.753201149372106,0.021968314,0,0.22511302,0.70815045,1.7290322,37.8143,-4.747949123382568,0.022160299480020084
2020-10-07,Sierit_DER_AN858_eobs2561__2020__southbound_01,Sierit  / DER AN858 (eobs2561),41.54001,0.6156468,41.538795,0.6159454,41.519608,0.5915929146697909,2.9430696860767376,0.13730322,0,0.35435602,0.70815045,3.0202882,41.54001,0.6156467795372009,0.13715846635735565
2020-10-07,Zozu_plus_DER_AL581_eobs2541__2020__southbound_01,Zozu + / DER AL581 (eobs2541),41.531055,0.5029768,41.57464,0.6163731,41.495205,0.46535336457177656,15.363072934559165,10.607567,0,0.5310814,0.70815045,5.060407,41.531055,0.5029767751693726,10.607686312440539
2020-10-08,Europa_DER_A1A26_eobs_4004__2020__southbound_01,Europa / DER A1A26 (eobs 4004),37.81448,-4.747839,37.8143,-4.747882,37.80663,-4.75841262534636,1.2583613369834032,0.020241434,0,0.14468434,0.70815045,1.2725301,37.81448,-4.747838973999023,0.02028955439884093
2020-10-08,Sierit_DER_AN858_eobs2561__2020__southbound_01,Sierit  / DER AN858 (eobs2561),41.538795,0.6159454,41.53873,0.6152668,41.514717,0.5877180705803788,3.5198280005120144,0.05689661,0,0.4049431,0.70815045,3.5556834,41.538795,0.6159453988075256,0.05693846928013209
2020-10-08,Zozu_plus_DER_AL581_eobs2541__2020__southbound_01,Zozu + / DER AL581 (eobs2541),41.57464,0.6163731,41.574684,0.616202,41.559734,0.599363146618039,2.1739066831188683,0.0151279215,0,0.24096423,0.70815045,2.1753018,41.57464,0.6163731217384338,0.01511756802407481
2020-10-09,Europa_DER_A1A26_eobs_4004__2020__southbound_01,Europa / DER A1A26 (eobs 4004),37.8143,-4.747882,37.814182,-4.7477293,37.80403,-4.761108045457432,1.6295501470883595,0.018601587,0,0.21014147,0.70815045,1.6261762,37.8143,-4.747881889343262,0.018776976994495743
2020-10-09,Sierit_DER_AN858_eobs2561__2020__southbound_01,Sierit  / DER AN858 (eobs2561),41.53873,0.6152668,41.538876,0.6159291,41.517345,0.5886865022302514,3.297622375154695,0.057420537,0,0.37321404,0.70815045,3.2420611,41.53873,0.6152667999267578,0.05743385698165286
2020-10-09,Zozu_plus_DER_AL581_eobs2541__2020__southbound_01,Zozu + / DER AL581 (eobs2541),41.574684,0.616202,41.57438,0.61609197,41.556927,0.594582101634438,2.639763812882836,0.035122924,0,0.29108793,0.70815045,2.6661263,41.574684,0.6162019968032837,0.035146732883014196
2020-10-10,Europa_DER_A1A26_eobs_4004__2020__southbound_01,Europa / DER A1A26 (eobs 4004),37.814182,-4.7477293,37.81433,-4.7482333,37.80637,-4.7579380631643176,1.229032592372133,0.04714473,0,0.1552856,0.70815045,1.246503,37.814182,-4.747729301452637,0.04726464066918399
2020-10-10,Sierit_DER_AN858_eobs2561__2020__southbound_01,Sierit  / DER AN858 (eobs2561),41.538876,0.6159291,41.55744,0.5663189,41.52778,0.6003302389357777,4.346457120249252,4.615813,0,0.20518637,0.70815045,1.7879434,41.538876,0.615929126739502,4.615874036068631
2020-10-10,Zozu_plus_DER_AL581_eobs2541__2020__southbound_01,Zozu + / DER AL581 (eobs2541),41.57438,0.61609197,41.532433,0.5235083,41.551933,0.5902119195964327,5.959925039622157,9.005918,0,0.38592154,0.70815045,3.2903204,41.57438,0.6160919666290283,9.005944556787579
2020-10-11,Europa_DER_A1A26_eobs_4004__2020__southbound_01,Europa / DER A1A26 (eobs 4004),37.81433,-4.7482333,37.81456,-4.741742,37.804337,-4.761552182641883,2.0786988203215704,0.57080084,0,0.21603607,0.70815045,1.6108701,37.81433,-4.748233318328857,0.5707803454347706
2020-10-11,Sierit_DER_AN858_eobs2561__2020__southbound_01,Sierit  / DER AN858 (eobs2561),41.55744,0.5663189,41.56563,0.5551269,41.540142,0.5433459984929778,2.999084242895864,1.3023535,0,0.31000608,0.70815045,2.707249,41.55744,0.566318929195404,1.302495289482082
2020-10-11,Zozu_plus_DER_AL581_eobs2541__2020__southbound_01,Zozu + / DER AL581 (eobs2541),41.532433,0.5235083,41.57467,0.6163241,41.48857,0.4771570870766244,15.028244790845552,9.039298,0,0.6195736,0.70815045,6.207731,41.532433,0.5235083103179932,9.039168415806575
2020-10-12,Europa_DER_A1A26_eobs_4004__2020__southbound_01,Europa / DER A1A26 (eobs 4004),37.81456,-4.741742,37.814034,-4.7475533,37.80663,-4.752629112102303,0.9363180237328901,0.5138154,0,0.15729412,0.70815045,1.2985544,37.81456,-4.741742134094238,0.5138274764907983
2020-10-12,Sierit_DER_AN858_eobs2561__2020__southbound_01,Sierit  / DER AN858 (eobs2561),41.56563,0.5551269,41.540848,0.615309,41.543404,0.5275843818737306,7.3064977367035,5.716075,0,0.37215388,0.70815045,3.3644395,41.56563,0.5551269054412842,5.716065971285214
2020-10-12,Zozu_plus_DER_AL581_eobs2541__2020__southbound_01,Zozu + / DER AL581 (eobs2541),41.57467,0.6163241,41.574665,0.6162921,41.557037,0.5963606637248103,2.5674307484328827,0.0027402197,0,0.30252126,0.70815045,2.5648756,41.57467,0.6163241267204285,0.0026961079084404874
2020-10-13,Europa_DER_A1A26_eobs_4004__2020__southbound_01,Europa / DER A1A26 (eobs 4004),37.814034,-4.7475533,37.793373,-4.7483387,37.80064,-4.764709863061549,1.6498766006322498,2.29866,0,0.2691406,0.70815045,2.114978,37.814034,-4.74755334854126,2.298370801799581
2020-10-13,Sierit_DER_AN858_eobs2561__2020__southbound_01,Sierit  / DER AN858 (eobs2561),41.540848,0.615309,41.564766,0.5779345,41.52071,0.5917780651866698,5.032463417920988,4.0923047,0,0.3306065,0.70815045,2.9695399,41.540848,0.6153090000152588,4.092134934956032
2020-10-13,Zozu_plus_DER_AL581_eobs2541__2020__southbound_01,Zozu + / DER AL581 (eobs2541),41.574665,0.6162921,41.57442,0.61604804,41.544464,0.584125417741379,4.2603592595378155,0.03397507,0,0.46863878,0.70815045,4.28637,41.574665,0.6162921190261841,0.03390003916664664
2020-10-14,Sierit_DER_AN858_eobs2561__2020__southbound_01,Sierit  / DER AN858 (eobs2561),41.564766,0.5779345,41.539097,0.6156336,41.540813,0.5502792270944903,5.442714002030232,4.241186,0,0.38511872,0.70815045,3.5132623,41.564766,0.5779345035552979,4.241238585312413
2020-10-14,Zozu_plus_DER_AL581_eobs2541__2020__southbound_01,Zozu + / DER AL581 (eobs2541),41.57442,0.61604804,41.574734,0.6159256,41.53958,0.5791040700878654,4.9664267579994625,0.036424074,0,0.52756876,0.70815045,4.9362493,41.57442,0.6160480380058289,0.03624266057418695
2020-10-15,Sierit_DER_AN858_eobs2561__2020__southbound_01,Sierit  / DER AN858 (eobs2561),41.539097,0.6156336,41.563137,0.5556448,41.515526,0.5885612926733423,5.960991050627495,5.662488,0,0.38868284,0.70815045,3.4503384,41.539097,0.6156336069107056,5.662609742943638
2020-10-15,Zozu_plus_DER_AL581_eobs2541__2020__southbound_01,Zozu + / DER AL581 (eobs2541),41.574734,0.6159256,41.574677,0.6165224,41.55398,0.5920259028197187,3.073909761647546,0.05004229,0,0.35445467,0.70815045,3.0405605,41.574734,0.6159256100654602,0.05004715432449675
2020-10-16,Sierit_DER_AN858_eobs2561__2020__southbound_01,Sierit  / DER AN858 (eobs2561),41.563137,0.5556448,41.55762,0.5467268,41.535656,0.5252628835311949,3.0258817734964847,0.9625661,0,0.43007624,0.70815045,3.9587395,41.563137,0.5556448101997375,0.9626890266168843
2020-10-16,Zozu_plus_DER_AL581_eobs2541__2020__southbound_01,Zozu + / DER AL581 (eobs2541),41.574677,0.6165224,41.526695,0.4314196,41.559746,0.599842428828265,14.490686654869858,16.301146,0,0.24165757,0.70815045,2.1597857,41.574677,0.6165223717689514,16.301147727987594
2020-10-17,Sierit_DER_AN858_eobs2561__2020__southbound_01,Sierit  / DER AN858 (eobs2561),41.55762,0.5467268,41.539963,0.61474,41.528526,0.5166106910708096,8.266307919861495,5.990791,0,0.4445393,0.70815045,4.084839,41.55762,0.5467268228530884,5.990795369460195
2020-10-18,Sierit_DER_AN858_eobs2561__2020__southbound_01,Sierit  / DER AN858 (eobs2561),41.539963,0.61474,41.558624,0.52631336,41.524017,0.5980718528541396,7.104628829990268,7.645549,0,0.24784961,0.70815045,2.2474413,41.539963,0.6147400140762329,7.645560782820062
2020-10-19,Sierit_DER_AN858_eobs2561__2020__southbound_01,Sierit  / DER AN858 (eobs2561),41.558624,0.52631336,41.538605,0.6161277,41.5416,0.5078895046031185,9.014667242759653,7.798555,0,0.26695916,0.70815045,2.4315226,41.558624,0.5263133645057678,7.798600116788587
2020-10-20,Sierit_DER_AN858_eobs2561__2020__southbound_01,Sierit  / DER AN858 (eobs2561),41.538605,0.6161277,41.56393,0.5124798,41.52677,0.6015542735833327,8.486711444836573,9.073045,0,0.18984947,0.70815045,1.7865356,41.538605,0.6161277294158936,9.073079214586095
2020-10-21,Sierit_DER_AN858_eobs2561__2020__southbound_01,Sierit  / DER AN858 (eobs2561),41.56393,0.5124798,41.563473,0.524276,41.549522,0.4932781462628038,3.0097858017501364,0.98273814,0,0.24495876,0.70815045,2.2585514,41.56393,0.5124797821044922,0.9827449572092326
2020-10-22,Sierit_DER_AN858_eobs2561__2020__southbound_01,Sierit  / DER AN858 (eobs2561),41.563473,0.524276,41.563393,0.52437973,41.55389,0.5095234329774446,1.626169496140346,0.012612383,0,0.17341112,0.70815045,1.6226298,41.563473,0.5242760181427002,0.012401664979475032
2020-10-23,Sierit_DER_AN858_eobs2561__2020__southbound_01,Sierit  / DER AN858 (eobs2561),41.563393,0.52437973,41.53905,0.6156396,41.555107,0.5112274505768466,8.870663266535178,8.06203,0,0.1510465,0.70815045,1.4280428,41.563393,0.5243797302246094,8.06205895533301
2020-10-24,Sierit_DER_AN858_eobs2561__2020__southbound_01,Sierit  / DER AN858 (eobs2561),41.53905,0.6156396,41.563145,0.5244061,41.52699,0.5986786833201507,7.373565743302957,8.050822,0,0.20928743,0.70815045,1.9439331,41.53905,0.6156396269798279,8.05079066841887
2020-10-25,Sierit_DER_AN858_eobs2561__2020__southbound_01,Sierit  / DER AN858 (eobs2561),41.563145,0.5244061,41.563354,0.5142834,41.540043,0.49690511163606815,2.9682344608817193,0.8425162,0,0.36586472,0.70815045,3.4338675,41.563145,0.5244060754776001,0.842516009738775
2020-10-26,Sierit_DER_AN858_eobs2561__2020__southbound_01,Sierit  / DER AN858 (eobs2561),41.563354,0.5142834,41.539154,0.61587,41.541977,0.4898237267433523,10.49527375619053,8.87135,0,0.3386393,0.70815045,3.123607,41.563354,0.5142834186553955,8.871422500464481
2020-10-27,Sierit_DER_AN858_eobs2561__2020__southbound_01,Sierit  / DER AN858 (eobs2561),41.539154,0.61587,41.56333,0.5244252,41.521076,0.5955941071349772,7.560411730810329,8.0703945,0,0.28324336,0.70815045,2.6198592,41.539154,0.6158699989318848,8.070456804084042
2020-10-28,Sierit_DER_AN858_eobs2561__2020__southbound_01,Sierit  / DER AN858 (eobs2561),41.56333,0.5244252,41.53877,0.6144356,41.542515,0.5028238072714528,9.298550740564764,7.972534,0,0.30344605,0.70815045,2.9253297,41.56333,0.524425208568573,7.972608156660549
2020-10-29,Sierit_DER_AN858_eobs2561__2020__southbound_01,Sierit  / DER AN858 (eobs2561),41.53877,0.6144356,41.538696,0.6145264,41.524475,0.5998453934699758,1.9984931273363087,0.011279184,0,0.19441615,0.70815045,1.996826,41.53877,0.614435613155365,0.011047085745133871
2020-10-30,Sierit_DER_AN858_eobs2561__2020__southbound_01,Sierit  / DER AN858 (eobs2561),41.538696,0.6145264,41.55891,0.5268293,41.525646,0.6011968913019939,7.210316041024364,7.63626,0,0.17038956,0.70815045,1.8232458,41.538696,0.6145263910293579,7.636220960522391
2020-10-31,Sierit_DER_AN858_eobs2561__2020__southbound_01,Sierit  / DER AN858 (eobs2561),41.55891,0.5268293,41.551395,0.56133294,41.541866,0.5096454509975386,4.430027642991364,2.9901366,0,0.2337143,0.70815045,2.3699598,41.55891,0.5268293023109436,2.990156006363062
2020-11-01,Sierit_DER_AN858_eobs2561__2020__southbound_01,Sierit  / DER AN858 (eobs2561),41.551395,0.56133294,41.558556,0.4972057,41.538773,0.5480957651080054,4.772189149511404,5.395059,0,0.17479895,0.70815045,1.7811784,41.551395,0.5613329410552979,5.3950638067549574
2020-11-02,Sierit_DER_AN858_eobs2561__2020__southbound_01,Sierit  / DER AN858 (eobs2561),41.558556,0.4972057,41.53878,0.5244493,41.54155,0.47962572549089133,3.743287544699512,3.1584406,0,0.24560715,0.70815045,2.3863375,41.558556,0.4972057044506073,3.1583576018061033
2020-11-03,Sierit_DER_AN858_eobs2561__2020__southbound_01,Sierit  / DER AN858 (eobs2561),41.53878,0.5244493,41.538795,0.614788,41.524925,0.5095872825501218,8.891605723832875,7.518916,0,0.20714216,0.70815045,1.9721833,41.53878,0.5244492888450623,7.518916878170415
2020-11-04,Sierit_DER_AN858_eobs2561__2020__southbound_01,Sierit  / DER AN858 (eobs2561),41.538795,0.614788,41.563683,0.5235328,41.529507,0.6043898528044658,7.727878316280969,8.082298,0,0.12631471,0.70815045,1.3449969,41.538795,0.6147879958152771,8.082255181230007
2020-11-05,Sierit_DER_AN858_eobs2561__2020__southbound_01,Sierit  / DER AN858 (eobs2561),41.563683,0.5235328,41.545643,0.5918536,41.55303,0.5121684854133125,6.681790660902601,6.028582,0,0.14751065,0.70815045,1.5131274,41.563683,0.5235328078269958,6.0284795279972085
2020-11-06,Sierit_DER_AN858_eobs2561__2020__southbound_01,Sierit  / DER AN858 (eobs2561),41.545643,0.5918536,41.563103,0.52451146,41.537884,0.5831190240365812,5.625763309597017,5.9303946,0,0.10135437,0.70815045,1.1260822,41.545643,0.5918536186218262,5.930352661802609
2020-11-07,Sierit_DER_AN858_eobs2561__2020__southbound_01,Sierit  / DER AN858 (eobs2561),41.563103,0.52451146,41.564594,0.513241,41.553158,0.5125874048649518,1.272840593859585,0.95221853,0,0.13829961,0.70815045,1.4829788,41.563103,0.524511456489563,0.9522350649154556
2020-11-08,Sierit_DER_AN858_eobs2561__2020__southbound_01,Sierit  / DER AN858 (eobs2561),41.564594,0.513241,41.563316,0.5243891,41.55387,0.499601357874543,2.3144711576035073,0.9382705,0,0.17049496,0.70815045,1.6430334,41.564594,0.5132409930229187,0.938320155514455
2020-11-09,Sierit_DER_AN858_eobs2561__2020__southbound_01,Sierit  / DER AN858 (eobs2561),41.563316,0.5243891,41.563374,0.5244171,41.55645,0.5155570062450583,1.0659073696502699,0.0065807714,0,0.09975102,0.70815045,1.0577216,41.563316,0.5243890881538391,0.006776095392306553
2020-11-10,Sierit_DER_AN858_eobs2561__2020__southbound_01,Sierit  / DER AN858 (eobs2561),41.563374,0.5244171,41.563255,0.5245554,41.557346,0.516446222040024,0.9417732060031372,0.01749343,0,0.086860366,0.70815045,0.94133633,41.563374,0.5244171023368835,0.017472026705927547
2020-11-11,Sierit_DER_AN858_eobs2561__2020__southbound_01,Sierit  / DER AN858 (eobs2561),41.563255,0.5245554,41.56339,0.5244098,41.555126,0.5153767559121665,1.187014753562846,0.01914534,0,0.106681794,0.70815045,1.1812272,41.563255,0.5245553851127625,0.019161916573357834
2020-11-12,Sierit_DER_AN858_eobs2561__2020__southbound_01,Sierit  / DER AN858 (eobs2561),41.56339,0.5244098,41.563305,0.52443475,41.555546,0.5150349914074394,1.1644953164126008,0.009710322,0,0.10490997,0.70815045,1.1680275,41.56339,0.5244097709655762,0.009560389438267956
2020-11-13,Sierit_DER_AN858_eobs2561__2020__southbound_01,Sierit  / DER AN858 (eobs2561),41.563305,0.52443475,41.563263,0.5244496,41.55673,0.5165067988809516,0.9821949742182129,0.0046483628,0,0.08584651,0.70815045,0.9829811,41.563305,0.5244347453117371,0.004826556048290187
2020-11-14,Sierit_DER_AN858_eobs2561__2020__southbound_01,Sierit  / DER AN858 (eobs2561),41.563263,0.5244496,41.56327,0.5244317,41.557064,0.5168496638060697,0.9350145732798367,0.0017290312,0,0.081607506,0.70815045,0.93363386,41.563263,0.5244495868682861,0.001712594862684087
2020-11-15,Sierit_DER_AN858_eobs2561__2020__southbound_01,Sierit  / DER AN858 (eobs2561),41.56327,0.5244317,41.56339,0.5243646,41.55717,0.5165001454738489,0.9519488503311023,0.014371906,0,0.08644241,0.70815045,0.9445396,41.56327,0.5244317054748535,0.01428591643811246
2020-11-16,Sierit_DER_AN858_eobs2561__2020__southbound_01,Sierit  / DER AN858 (eobs2561),41.56339,0.5243646,41.56338,0.5244032,41.557693,0.5167574882480731,0.8970308077686062,0.0033572332,0,0.08535982,0.70815045,0.8937904,41.56339,0.5243645906448364,0.003323544505351084
2020-11-17,Sierit_DER_AN858_eobs2561__2020__southbound_01,Sierit  / DER AN858 (eobs2561),41.56338,0.5244032,41.56339,0.5243935,41.557617,0.5172449950559134,0.8750043215752324,0.0010542151,0,0.076974,0.70815045,0.87323767,41.56338,0.5244032144546509,0.001171786053124297
2020-11-18,Sierit_DER_AN858_eobs2561__2020__southbound_01,Sierit  / DER AN858 (eobs2561),41.56339,0.5243935,41.563416,0.5243944,41.556763,0.5161549362084497,1.0085742767045602,0.0031699443,0,0.09158054,0.70815045,1.0044403,41.56339,0.5243934988975525,0.00297016058687991
2020-11-19,Sierit_DER_AN858_eobs2561__2020__southbound_01,Sierit  / DER AN858 (eobs2561),41.563416,0.5243944,41.563408,0.52437013,41.557648,0.5170003918713094,0.8866994711622823,0.0021181381,0,0.078473024,0.70815045,0.88722235,41.563416,0.5243943929672241,0.0021893662018201694
2020-11-20,Sierit_DER_AN858_eobs2561__2020__southbound_01,Sierit  / DER AN858 (eobs2561),41.563408,0.52437013,41.563274,0.5244513,41.55482,0.5149053252005862,1.2306131817561472,0.016571395,0,0.11175691,0.70815045,1.2356123,41.563408,0.5243701338768005,0.0163103398649492
2020-11-21,Sierit_DER_AN858_eobs2561__2020__southbound_01,Sierit  / DER AN858 (eobs2561),41.563274,0.5244513,41.563248,0.5244383,41.553635,0.5151765334362054,1.317748532232995,0.0029725146,0,0.11121324,0.70815045,1.318531,41.563274,0.5244513154029846,0.0031599101172394227
2020-11-22,Sierit_DER_AN858_eobs2561__2020__southbound_01,Sierit  / DER AN858 (eobs2561),41.563248,0.5244383,41.563385,0.5165925,41.55268,0.5147497233994822,1.2000721549582496,0.65293205,0,0.12027551,0.70815045,1.4224633,41.563248,0.5244383215904236,0.6529406724322001
2020-11-23,Sierit_DER_AN858_eobs2561__2020__southbound_01,Sierit  / DER AN858 (eobs2561),41.563385,0.5165925,41.534954,0.51965564,41.552986,0.5069663256569823,2.2661821140903187,3.1714313,0,0.12399431,0.70815045,1.4039893,41.563385,0.5165925025939941,3.1716404983019624
2021-07-30,Ed_plus_AAL16_e-obs_7210__2021__southbound_01,"Ed + (AAL16, e-obs 7210)",47.686756,7.641776,47.68881,7.627027,47.683285,7.634244159044727,0.8179924937570289,1.1273588,0,0.080672696,0.70815045,0.6821567,47.686756,7.641776084899902,1.1273529794614716
2021-07-31,Ed_plus_AAL16_e-obs_7210__2021__southbound_01,"Ed + (AAL16, e-obs 7210)",47.68881,7.627027,47.693188,7.62689,47.683224,7.615268072681381,1.4086697056296933,0.48733646,0,0.13734052,0.70815045,1.0752131,47.68881,7.6270270347595215,0.4870612749990969
2021-08-01,Ed_plus_AAL16_e-obs_7210__2021__southbound_01,"Ed + (AAL16, e-obs 7210)",47.693188,7.62689,47.68456,7.6448793,47.689186,7.617906933942944,2.0835363497767103,1.6534684,0,0.08999069,0.70815045,0.8049412,47.693188,7.626890182495117,1.6533974126492461
2021-08-02,Ed_plus_AAL16_e-obs_7210__2021__southbound_01,"Ed + (AAL16, e-obs 7210)",47.68456,7.6448793,47.685635,7.640261,47.681465,7.6381835988842655,0.4890146968209684,0.3657969,0,0.071854845,0.70815045,0.6068327,47.68456,7.644879341125488,0.36581221860964286
2021-08-03,Ed_plus_AAL16_e-obs_7210__2021__southbound_01,"Ed + (AAL16, e-obs 7210)",47.685635,7.640261,47.693222,7.626868,47.680008,7.628936870995174,1.4774846182420696,1.310125,0,0.14274794,0.70815045,1.0518156,47.685635,7.640261173248291,1.3102771360466166
2021-08-04,Ed_plus_AAL16_e-obs_7210__2021__southbound_01,"Ed + (AAL16, e-obs 7210)",47.693222,7.626868,47.6932,7.6268797,47.689274,7.618124833632168,0.7873445870517741,0.0025824937,0,0.108355366,0.70815045,0.7865019,47.693222,7.626867771148682,0.0026969178493242048
2021-08-05,Ed_plus_AAL16_e-obs_7210__2021__southbound_01,"Ed + (AAL16, e-obs 7210)",47.6932,7.6268797,47.693245,7.626867,47.69054,7.620711333967678,0.5501900285179808,0.0053146654,0,0.079866506,0.70815045,0.54726297,47.6932,7.626879692077637,0.0051805136766156544
2021-08-06,Ed_plus_AAL16_e-obs_7210__2021__southbound_01,"Ed + (AAL16, e-obs 7210)",47.693245,7.626867,47.69309,7.6269193,47.69096,7.621245171740562,0.48619304280313685,0.017962756,0,0.07275839,0.70815045,0.49061385,47.693245,7.626866817474365,0.01782878853932797
2021-08-07,Ed_plus_AAL16_e-obs_7210__2021__southbound_01,"Ed + (AAL16, e-obs 7210)",47.69309,7.6269193,47.692898,7.6266513,47.688545,7.61723384859747,0.855046701843026,0.029231604,0,0.1380071,0.70815045,0.8820417,47.69309,7.626919269561768,0.029190913568068452
2021-08-08,Ed_plus_AAL16_e-obs_7210__2021__southbound_01,"Ed + (AAL16, e-obs 7210)",47.692898,7.6266513,47.69306,7.6269717,47.68724,7.614599984247002,1.129824797327007,0.03015884,0,0.20026654,0.70815045,1.0977668,47.692898,7.626651287078857,0.03013093936535472
2021-08-09,Ed_plus_AAL16_e-obs_7210__2021__southbound_01,"Ed + (AAL16, e-obs 7210)",47.69306,7.6269717,47.69307,7.6269298,47.689503,7.618745760973129,0.7297407340665123,0.0032122065,0,0.11857494,0.70815045,0.7306463,47.69306,7.62697172164917,0.0032532088893620355
2021-08-10,Ed_plus_AAL16_e-obs_7210__2021__southbound_01,"Ed + (AAL16, e-obs 7210)",47.69307,7.6269298,47.693024,7.626809,47.68822,7.616047121920042,0.9664720411931774,0.010257161,0,0.15429187,0.70815045,0.97508085,47.69307,7.626929759979248,0.010365260798738701
2021-08-11,Ed_plus_AAL16_e-obs_7210__2021__southbound_01,"Ed + (AAL16, e-obs 7210)",47.693024,7.626809,47.693108,7.6269464,47.684364,7.6091025632441225,1.652013374839669,0.013843988,0,0.26671618,0.70815045,1.6353332,47.693024,7.626809120178223,0.013882754888598352
2021-08-12,Ed_plus_AAL16_e-obs_7210__2021__southbound_01,"Ed + (AAL16, e-obs 7210)",47.693108,7.6269464,47.692886,7.6266565,47.688828,7.616821208926633,0.863496981690597,0.03267993,0,0.12052695,0.70815045,0.89323735,47.693108,7.626946449279785,0.03280420945479562
2021-08-13,Ed_plus_AAL16_e-obs_7210__2021__southbound_01,"Ed + (AAL16, e-obs 7210)",47.692886,7.6266565,47.692947,7.62667,47.686775,7.613050431267794,1.2289203441839616,0.006666918,0,0.17529401,0.70815045,1.2221684,47.692886,7.626656532287598,0.006859983814462605
2021-08-14,Ed_plus_AAL16_e-obs_7210__2021__southbound_01,"Ed + (AAL16, e-obs 7210)",47.692947,7.62667,47.69297,7.626671,47.68891,7.616468896335175,0.8870062369517412,0.0026367286,0,0.115471,0.70815045,0.88416404,47.692947,7.626669883728027,0.002546054154329172
2021-08-15,Ed_plus_AAL16_e-obs_7210__2021__southbound_01,"Ed + (AAL16, e-obs 7210)",47.69297,7.626671,47.692963,7.626714,47.689182,7.6166619307926755,0.8618617850755483,0.0033879734,0,0.10538989,0.70815045,0.85791785,47.69297,7.626670837402344,0.0033566939840737105
2021-08-16,Ed_plus_AAL16_e-obs_7210__2021__southbound_01,"Ed + (AAL16, e-obs 7210)",47.692963,7.626714,47.69304,7.6269226,47.68936,7.61742497613047,0.8200952590944692,0.017767854,0,0.10222895,0.70815045,0.8008137,47.692963,7.62671422958374,0.017754186266753312
2021-08-17,Ed_plus_AAL16_e-obs_7210__2021__southbound_01,"Ed + (AAL16, e-obs 7210)",47.69304,7.6269226,47.69305,7.6268373,47.689438,7.617996376166809,0.7741041113204682,0.006519362,0,0.10466988,0.70815045,0.7776134,47.69304,7.626922607421875,0.006513872880815683
2021-08-18,Ed_plus_AAL16_e-obs_7210__2021__southbound_01,"Ed + (AAL16, e-obs 7210)",47.69305,7.6268373,47.693207,7.626807,47.686718,7.612932711364963,1.264552509641615,0.017723704,0,0.18900892,0.70815045,1.2543932,47.69305,7.626837253570557,0.01753593884647891
2021-08-19,Ed_plus_AAL16_e-obs_7210__2021__southbound_01,"Ed + (AAL16, e-obs 7210)",47.693207,7.626807,47.69298,7.626759,47.689087,7.617379642495832,0.8248724413944223,0.0252844,0,0.119516514,0.70815045,0.83983433,47.693207,7.62680721282959,0.025284615875970206
2021-08-20,Ed_plus_AAL16_e-obs_7210__2021__southbound_01,"Ed + (AAL16, e-obs 7210)",47.69298,7.626759,47.692852,7.626754,47.686848,7.614086759357354,1.159617747496414,0.0145499315,0,0.18446465,0.70815045,1.1661814,47.69298,7.626759052276611,0.014427311601396101
2021-08-20,Sierit_DER_AN858_eobs2561__2021__southbound_01,Sierit  / DER AN858 (eobs2561),47.809097,8.88614,47.806046,8.879516,47.80484,8.87759019530236,0.19658401913624596,0.60002977,0,0.1464609,0.70815045,0.79353917,47.809097,8.886139869689941,0.5999036712113079
2021-08-21,Ed_plus_AAL16_e-obs_7210__2021__southbound_01,"Ed + (AAL16, e-obs 7210)",47.692852,7.626754,47.692856,7.6267424,47.68684,7.614276760917301,1.1480632481652586,0.0009337944,0,0.1930646,0.70815045,1.1464394,47.692852,7.626753807067871,0.0009558201493953998
2021-08-21,Sierit_DER_AN858_eobs2561__2021__southbound_01,Sierit  / DER AN858 (eobs2561),47.806046,8.879516,47.80998,8.884524,47.794815,8.860400580119752,2.4676507419685545,0.5755547,0,0.33520827,0.70815045,1.8932551,47.806046,8.879515647888184,0.5754720751237802
2021-08-22,Ed_plus_AAL16_e-obs_7210__2021__southbound_01,"Ed + (AAL16, e-obs 7210)",47.692856,7.6267424,47.69284,7.626746,47.686462,7.6127698552783,1.2638805460449918,0.0016066527,0,0.21889193,0.70815045,1.2624098,47.692856,7.626742362976074,0.0017205572377780797
2021-08-22,Sierit_DER_AN858_eobs2561__2021__southbound_01,Sierit  / DER AN858 (eobs2561),47.80998,8.884524,47.808884,8.886897,47.804707,8.87414409131842,1.0596428880892308,0.21496302,0,0.18213114,0.70815045,0.9701325,47.80998,8.88452434539795,0.21498253587211177
2021-08-23,Ed_plus_AAL16_e-obs_7210__2021__southbound_01,"Ed + (AAL16, e-obs 7210)",47.69284,7.626746,47.692814,7.6267595,47.686985,7.614144420635536,1.1452863649029217,0.0033387605,0,0.21033548,0.70815045,1.1441532,47.69284,7.62674617767334,0.003132877972882615
2021-08-23,Sierit_DER_AN858_eobs2561__2021__southbound_01,Sierit  / DER AN858 (eobs2561),47.808884,8.886897,47.806385,8.884016,47.80414,8.877436972765766,0.5512244047155528,0.3514532,0,0.18572529,0.70815045,0.8801626,47.808884,8.886897087097168,0.35140581029120405
2021-08-24,Ed_plus_AAL16_e-obs_7210__2021__southbound_01,"Ed + (AAL16, e-obs 7210)",47.692814,7.6267595,47.69283,7.626755,47.6866,7.614207686609863,1.1669966458708156,0.0018321696,0,0.22208528,0.70815045,1.1641158,47.692814,7.6267595291137695,0.0017268383508827333
2021-08-24,Sierit_DER_AN858_eobs2561__2021__southbound_01,Sierit  / DER AN858 (eobs2561),47.806385,8.884016,47.80182,8.874182,47.792503,8.859191391276598,1.52536335912814,0.89295524,0,0.4750117,0.70815045,2.408171,47.806385,8.884016036987305,0.8928976702309875
2021-08-25,Ed_plus_AAL16_e-obs_7210__2021__southbound_01,"Ed + (AAL16, e-obs 7210)",47.69283,7.626755,47.692833,7.6267385,47.688328,7.616455921821843,0.9183179098049242,0.0013819534,0,0.14186938,0.70815045,0.9174449,47.69283,7.626755237579346,0.0013191826659729668
2021-08-25,Europa_DER_A1A26_eobs_4004__2021__southbound_01,Europa / DER A1A26 (eobs 4004),47.167225,7.403109,47.16057,7.403084,47.164574,7.396277027337677,0.6805872163314225,0.7402059,0,0.110282645,0.70815045,0.5937098,47.167225,7.403109073638916,0.7401888330222691
2021-08-25,Sierit_DER_AN858_eobs2561__2021__southbound_01,Sierit  / DER AN858 (eobs2561),47.80182,8.874182,47.803783,8.883929,47.781876,8.838487901537112,4.178208994810651,0.7600499,0,0.60175866,0.70815045,3.461511,47.80182,8.874181747436523,0.760089532763857
2021-08-26,Ed_plus_AAL16_e-obs_7210__2021__southbound_01,"Ed + (AAL16, e-obs 7210)",47.692833,7.6267385,47.692825,7.6267347,47.687714,7.614694065358235,1.0655075221265753,0.0010755446,0,0.15158701,0.70815045,1.0642633,47.692833,7.626738548278809,0.0008951079895120797
2021-08-26,Europa_DER_A1A26_eobs_4004__2021__southbound_01,Europa / DER A1A26 (eobs 4004),47.16057,7.403084,47.16073,7.3809624,47.15763,7.395766128107274,1.171087804562864,1.6726018,0,0.12045621,0.70815045,0.6412845,47.16057,7.403083801269531,1.6726197887004954
2021-08-26,Sierit_DER_AN858_eobs2561__2021__southbound_01,Sierit  / DER AN858 (eobs2561),47.803783,8.883929,47.807762,8.883102,47.798058,8.871639845775169,1.3774595784589232,0.44677874,0,0.2771006,0.70815045,1.1152087,47.803783,8.883929252624512,0.4467038649571644
2021-08-27,Ed_plus_AAL16_e-obs_7210__2021__southbound_01,"Ed + (AAL16, e-obs 7210)",47.692825,7.6267347,47.69282,7.626746,47.68392,7.608547698320256,1.6837156186166766,0.00089902664,0,0.27715883,0.70815045,1.6803048,47.692825,7.626734733581543,0.0009558205983817126
2021-08-27,Europa_DER_A1A26_eobs_4004__2021__southbound_01,Europa / DER A1A26 (eobs 4004),47.16073,7.3809624,47.176567,7.4031057,47.154873,7.367968456812005,3.5882232467261814,2.4298136,0,0.25196958,0.70815045,1.176541,47.16073,7.380962371826172,2.4297715758571754
2021-08-27,Sierit_DER_AN858_eobs2561__2021__southbound_01,Sierit  / DER AN858 (eobs2561),47.807762,8.883102,47.805283,8.883997,47.80224,8.871848568095057,0.9684064983433679,0.28344673,0,0.2508646,0.70815045,1.0391619,47.807762,8.883102416992188,0.2836925527591607
2021-08-28,Ed_plus_AAL16_e-obs_7210__2021__southbound_01,"Ed + (AAL16, e-obs 7210)",47.69282,7.626746,47.692833,7.6267357,47.687748,7.616421272763134,0.9569414146664385,0.0012948118,0,0.14869751,0.70815045,0.9550861,47.69282,7.62674617767334,0.0014952622278557538
2021-08-28,Europa_DER_A1A26_eobs_4004__2021__southbound_01,Europa / DER A1A26 (eobs 4004),47.176567,7.4031057,47.171062,7.403074,47.174297,7.397126601625956,0.5757385405737603,0.61227274,0,0.10673444,0.70815045,0.5167334,47.176567,7.403105735778809,0.6120901091290575
2021-08-28,Sierit_DER_AN858_eobs2561__2021__southbound_01,Sierit  / DER AN858 (eobs2561),47.805283,8.883997,47.80832,8.884963,47.794018,8.86377743425612,2.2433696789655015,0.34514087,0,0.43917426,0.70815045,1.9584526,47.805283,8.883996963500977,0.3452661293883201
2021-08-29,Ed_plus_AAL16_e-obs_7210__2021__southbound_01,"Ed + (AAL16, e-obs 7210)",47.692833,7.6267357,47.692806,7.6267524,47.68768,7.616385706365594,0.9628555604429031,0.0029519296,0,0.14519115,0.70815045,0.9618976,47.692833,7.626735687255859,0.003221279157937725
2021-08-29,Europa_DER_A1A26_eobs_4004__2021__southbound_01,Europa / DER A1A26 (eobs 4004),47.171062,7.403074,47.098087,7.402251,47.16758,7.395124742244934,7.74598599442919,8.114532,0,0.16530822,0.70815045,0.713583,47.171062,7.403073787689209,8.11471744502303
2021-08-29,Sierit_DER_AN858_eobs2561__2021__southbound_01,Sierit  / DER AN858 (eobs2561),47.80832,8.884963,47.808376,8.886821,47.801556,8.872686177239437,1.2998423903125724,0.13889864,0,0.30376542,0.70815045,1.1838633,47.80832,8.884963035583496,0.13888319886550948
2021-08-30,Ed_plus_AAL16_e-obs_7210__2021__southbound_01,"Ed + (AAL16, e-obs 7210)",47.692806,7.6267524,47.692837,7.6267357,47.688244,7.617982404742454,0.8307096610686003,0.0035624169,0,0.1363854,0.70815045,0.828092,47.692806,7.6267523765563965,0.003616007880291073
2021-08-30,Europa_DER_A1A26_eobs_4004__2021__southbound_01,Europa / DER A1A26 (eobs 4004),47.098087,7.402251,47.16609,7.401203,47.09427,7.3940524883367535,8.004253613338525,7.5614586,0,0.19565544,0.70815045,0.7506058,47.098087,7.40225076675415,7.561768967349112
2021-08-30,Sierit_DER_AN858_eobs2561__2021__southbound_01,Sierit  / DER AN858 (eobs2561),47.808376,8.886821,47.801804,8.874189,47.80389,8.878500442282737,0.3968743018837778,1.1934167,0,0.21948059,0.70815045,0.79543126,47.808376,8.886820793151855,1.1933574879183628
2021-08-31,Ed_plus_AAL16_e-obs_7210__2021__southbound_01,"Ed + (AAL16, e-obs 7210)",47.692837,7.6267357,47.692837,7.626745,47.68868,7.618596928945636,0.7653340322273525,0.000743363,0,0.122526966,0.70815045,0.7633805,47.692837,7.626735687255859,0.0007137867172438136
2021-08-31,Europa_DER_A1A26_eobs_4004__2021__southbound_01,Europa / DER A1A26 (eobs 4004),47.16609,7.401203,47.170433,7.40309,47.164005,7.396060414780704,0.8906465529281312,0.5038574,0,0.115062594,0.70815045,0.4517348,47.16609,7.401203155517578,0.5037517114575478
2021-08-31,Louis_DER_AU050_eobs_3264__2021__southbound_01,Louis / DER AU050 (eobs 3264),47.91745,8.57747,47.911186,8.565891,47.915775,8.573306628326417,0.7522096101769521,1.108797,0,0.072727546,0.70815045,0.3612137,47.91745,8.577469825744629,1.1089365917818554
2021-08-31,Sierit_DER_AN858_eobs2561__2021__southbound_01,Sierit  / DER AN858 (eobs2561),47.801804,8.874189,47.789276,8.864052,47.7907,8.854188409988637,0.7536546679067501,1.5854301,0,0.48869348,0.70815045,1.9347317,47.801804,8.874189376831055,1.5855190277733968
2021-09-01,Ed_plus_AAL16_e-obs_7210__2021__southbound_01,"Ed + (AAL16, e-obs 7210)",47.692837,7.626745,47.692825,7.6267204,47.690006,7.620902631723743,0.5365425200089909,0.00223526,0,0.08557816,0.70815045,0.53781235,47.692837,7.626745223999023,0.0022502194030393206
2021-09-01,Europa_DER_A1A26_eobs_4004__2021__southbound_01,Europa / DER A1A26 (eobs 4004),47.170433,7.40309,47.167435,7.404136,47.168716,7.398664142589495,0.4375280315501072,0.34255263,0,0.08828839,0.70815045,0.38457978,47.170433,7.403090000152588,0.3426535445861874
2021-09-01,Louis_DER_AU050_eobs_3264__2021__southbound_01,Louis / DER AU050 (eobs 3264),47.911186,8.565891,47.91706,8.602027,47.90876,8.559914598959818,3.271518923396065,2.7711606,0,0.10890406,0.70815045,0.5199593,47.911186,8.56589126586914,2.771202579235474
2021-09-01,Sierit_DER_AN858_eobs2561__2021__southbound_01,Sierit  / DER AN858 (eobs2561),47.789276,8.864052,47.80182,8.87423,47.77185,8.831945892224066,4.591773330282874,1.5887303,0,0.6537889,0.70815045,3.077996,47.789276,8.864051818847656,1.5884737937203552
2021-09-02,Ed_plus_AAL16_e-obs_7210__2021__southbound_01,"Ed + (AAL16, e-obs 7210)",47.692825,7.6267204,47.69283,7.626735,47.683544,7.6090292096771215,1.680020095377664,0.0012096438,0,0.26759276,0.70815045,1.6757361,47.692825,7.626720428466797,0.0011848960444846783
2021-09-02,Europa_DER_A1A26_eobs_4004__2021__southbound_01,Europa / DER A1A26 (eobs 4004),47.167435,7.404136,47.16744,7.4031286,47.16436,7.3969232273080445,0.5807336764656117,0.07618668,0,0.14164928,0.70815045,0.64249265,47.167435,7.4041361808776855,0.07616934762642262
2021-09-02,Louis_DER_AU050_eobs_3264__2021__southbound_01,Louis / DER AU050 (eobs 3264),47.91706,8.602027,47.915565,8.59347,47.914993,8.596522140868377,0.23622276999000352,0.6590989,0,0.0942644,0.70815045,0.46952483,47.91706,8.60202693939209,0.659051675282422
2021-09-02,Sierit_DER_AN858_eobs2561__2021__southbound_01,Sierit  / DER AN858 (eobs2561),47.80182,8.87423,47.80212,8.875433,47.79291,8.856691153578975,1.73444530818987,0.09576053,0,0.45035917,0.70815045,1.6395103,47.80182,8.87423038482666,0.09586730267435481
2021-09-03,Ed_plus_AAL16_e-obs_7210__2021__southbound_01,"Ed + (AAL16, e-obs 7210)",47.69283,7.626735,47.692818,7.626737,47.68868,7.617390063099124,0.8374225307760008,0.0013193878,0,0.12810163,0.70815045,0.8365691,47.69283,7.626735210418701,0.0012805092291735727
2021-09-03,Europa_DER_A1A26_eobs_4004__2021__southbound_01,Europa / DER A1A26 (eobs 4004),47.16744,7.4031286,47.17598,7.4030747,47.161827,7.390865787373024,1.8243658055617462,0.94973695,0,0.25216362,0.70815045,1.115521,47.16744,7.403128623962402,0.9497378317121741
2021-09-03,Louis_DER_AU050_eobs_3264__2021__southbound_01,Louis / DER AU050 (eobs 3264),47.915565,8.59347,47.91386,8.579269,47.910484,8.581299903517895,0.4047513622959051,1.0751998,0,0.22190267,0.70815045,1.0665767,47.915565,8.593469619750977,1.0751493734141175
2021-09-03,Sierit_DER_AN858_eobs2561__2021__southbound_01,Sierit  / DER AN858 (eobs2561),47.80212,8.875433,47.803688,8.877852,47.796623,8.864397391246351,1.275583639060908,0.2511869,0,0.30090827,0.70815045,1.0243051,47.80212,8.875432968139648,0.251092501393924
2021-09-04,Ed_plus_AAL16_e-obs_7210__2021__southbound_01,"Ed + (AAL16, e-obs 7210)",47.692818,7.626737,47.692825,7.626731,47.686035,7.612605991400172,1.2991839009789437,0.0010430516,0,0.23789217,0.70815045,1.2966725,47.692818,7.626737117767334,0.0009669332586469778
2021-09-04,Europa_DER_A1A26_eobs_4004__2021__southbound_01,Europa / DER A1A26 (eobs 4004),47.17598,7.4030747,47.170006,7.4042363,47.173084,7.395912672539605,0.716281819362599,0.66996104,0,0.13144606,0.70815045,0.628716,47.17598,7.403074741363525,0.6700367022327872
2021-09-04,Louis_DER_AU050_eobs_3264__2021__southbound_01,Louis / DER AU050 (eobs 3264),47.91386,8.579269,47.92008,8.584917,47.905037,8.559909486455698,2.5042262935385327,0.80958116,0,0.3761448,0.70815045,1.7418044,47.91386,8.579269409179688,0.8094357604853938
2021-09-04,Sierit_DER_AN858_eobs2561__2021__southbound_01,Sierit  / DER AN858 (eobs2561),47.803688,8.877852,47.80339,8.874088,47.799427,8.869059987777948,0.5790343760680554,0.28304315,0,0.22741449,0.70815045,0.80845976,47.803688,8.877852439880371,0.2830732026393834
2021-09-05,Ed_plus_AAL16_e-obs_7210__2021__southbound_01,"Ed + (AAL16, e-obs 7210)",47.692825,7.626731,47.69284,7.626754,47.68682,7.612965191715858,1.2301303636952043,0.0023760789,0,0.23151329,0.70815045,1.2254622,47.692825,7.626730918884277,0.002411113839922621
2021-09-05,Europa_DER_A1A26_eobs_4004__2021__southbound_01,Europa / DER A1A26 (eobs 4004),47.170006,7.4042363,47.167484,7.40369,47.16646,7.396134391391948,0.5824606764089871,0.28311142,0,0.15830861,0.70815045,0.7272569,47.170006,7.404236316680908,0.2834068309684307
2021-09-05,Louis_DER_AU050_eobs_3264__2021__southbound_01,Louis / DER AU050 (eobs 3264),47.92008,8.584917,47.917023,8.591013,47.917156,8.576982129290368,1.0457320290469934,0.56723654,0,0.1336053,0.70815045,0.6735471,47.92008,8.584917068481445,0.567278583508208
2021-09-05,Sierit_DER_AN858_eobs2561__2021__southbound_01,Sierit  / DER AN858 (eobs2561),47.80339,8.874088,47.80462,8.883072,47.791973,8.853003401060842,2.6498169156997475,0.68467015,0,0.47644776,0.70815045,2.019244,47.80339,8.874088287353516,0.6847134617460918
2021-09-06,Ed_plus_AAL16_e-obs_7210__2021__southbound_01,"Ed + (AAL16, e-obs 7210)",47.69284,7.626754,47.69283,7.62674,47.689217,7.617445509600893,0.8033216801632358,0.0016992027,0,0.13740724,0.70815045,0.80340385,47.69284,7.626753807067871,0.0016402835507277843
2021-09-06,Europa_DER_A1A26_eobs_4004__2021__southbound_01,Europa / DER A1A26 (eobs 4004),47.167484,7.40369,47.111233,7.269212,47.161842,7.392249559139861,10.875821189962728,11.940954,0,0.25376934,0.70815045,1.0665531,47.167484,7.403689861297607,11.940812005994195
2021-09-06,Louis_DER_AU050_eobs_3264__2021__southbound_01,Louis / DER AU050 (eobs 3264),47.917023,8.591013,47.91356,8.58325,47.914352,8.58430350883366,0.11810372769936377,0.69515604,0,0.1045279,0.70815045,0.58045995,47.917023,8.591012954711914,0.695017663407925
2021-09-06,Sierit_DER_AN858_eobs2561__2021__southbound_01,Sierit  / DER AN858 (eobs2561),47.80462,8.883072,47.801865,8.874229,47.798088,8.870503731636349,0.5037700453531846,0.72808194,0,0.3262557,0.70815045,1.1847607,47.80462,8.883071899414062,0.7279748675365311
2021-09-07,Ed_plus_AAL16_e-obs_7210__2021__southbound_01,"Ed + (AAL16, e-obs 7210)",47.69283,7.62674,47.69283,7.6267524,47.684147,7.607907888039502,1.7092975718471752,0.0009372252,0,0.2990249,0.70815045,1.7053683,47.69283,7.626739978790283,0.0009279228681977447
2021-09-07,Europa_DER_A1A26_eobs_4004__2021__southbound_01,Europa / DER A1A26 (eobs 4004),47.111233,7.269212,45.636578,5.5005417,47.075485,7.2137502725963,207.07937384102203,212.82457,1,0.77041996,0.70815045,5.770611,47.075485,7.2137502725963,207.07937384102203
2021-09-07,Louis_DER_AU050_eobs_3264__2021__southbound_01,Louis / DER AU050 (eobs 3264),47.91356,8.58325,47.916084,8.58597,47.907825,8.571409633859826,1.4216153290019795,0.34655884,0,0.22216186,0.70815045,1.0866299,47.91356,8.583250045776367,0.34632336982510903
2021-09-07,Sierit_DER_AN858_eobs2561__2021__southbound_01,Sierit  / DER AN858 (eobs2561),47.801865,8.874229,47.801987,8.874386,47.787178,8.849622134819496,2.476565427517906,0.017900044,0,0.5413972,0.70815045,2.454314,47.801865,8.874229431152344,0.017908174812905416
2021-09-08,Ed_plus_AAL16_e-obs_7210__2021__southbound_01,"Ed + (AAL16, e-obs 7210)",47.69283,7.6267524,47.692833,7.6267395,47.689106,7.617779009448071,0.7883883196576956,0.0010643532,0,0.11715526,0.70815045,0.7876774,47.69283,7.6267523765563965,0.0010528406028564835
2021-09-08,Europa_DER_A1A26_eobs_4004__2021__southbound_01,Europa / DER A1A26 (eobs 4004),45.636578,5.5005417,44.90214,4.81051,45.024883,4.890435324502145,15.02722574060174,97.90317,1,0.9651872,0.70815045,82.7787,45.024883,4.890435324502145,15.02722574060174
2021-09-08,Louis_DER_AU050_eobs_3264__2021__southbound_01,Louis / DER AU050 (eobs 3264),47.916084,8.58597,47.918816,8.57294,47.913948,8.580699488708882,0.7920601996714163,1.0173665,0,0.08296908,0.70815045,0.45829523,47.916084,8.585969924926758,1.0174260562430808
2021-09-08,Sierit_DER_AN858_eobs2561__2021__southbound_01,Sierit  / DER AN858 (eobs2561),47.801987,8.874386,47.80179,8.874239,47.797127,8.86547153058135,0.8351805093660822,0.024429744,0,0.25094393,0.70815045,0.8561175,47.801987,8.874385833740234,0.024634177466441066
2021-09-09,Ed_plus_AAL16_e-obs_7210__2021__southbound_01,"Ed + (AAL16, e-obs 7210)",47.692833,7.6267395,47.69282,7.6267447,47.686497,7.611928129481983,1.3132243295304995,0.0013909956,0,0.22380713,0.70815045,1.3111507,47.692833,7.626739501953125,0.0013317077174862199
2021-09-09,Europa_DER_A1A26_eobs_4004__2021__southbound_01,Europa / DER A1A26 (eobs 4004),44.90214,4.81051,44.346085,4.695497,44.552666,4.4047746294718095,32.56089108540688,62.497223,1,0.9482149,0.70815045,50.223747,44.552666,4.4047746294718095,32.56089108540688
2021-09-09,Louis_DER_AU050_eobs_3264__2021__southbound_01,Louis / DER AU050 (eobs 3264),47.918816,8.57294,47.915577,8.586424,47.91519,8.564597999265454,1.6271589159259585,1.0673668,0,0.14622873,0.70815045,0.73950785,47.918816,8.5729398727417,1.067455097851466
2021-09-09,Sierit_DER_AN858_eobs2561__2021__southbound_01,Sierit  / DER AN858 (eobs2561),47.80179,8.874239,47.801796,8.874194,47.7922,8.858335719696486,1.5944178364892088,0.0034621097,0,0.40632185,0.70815045,1.5935649,47.80179,8.874238967895508,0.0034535988914053254
2021-09-10,Ed_plus_AAL16_e-obs_7210__2021__southbound_01,"Ed + (AAL16, e-obs 7210)",47.69282,7.6267447,47.69285,7.6267695,47.686077,7.611260946226512,1.3836200173571285,0.003637212,0,0.2666731,0.70815045,1.3780444,47.69282,7.626744747161865,0.0035014973044647803
2021-09-10,Europa_DER_A1A26_eobs_4004__2021__southbound_01,Europa / DER A1A26 (eobs 4004),44.346085,4.695497,43.62141,4.067581,44.235832,4.548950081756411,78.44569663131257,94.95779,1,0.8822478,0.70815045,16.884758,44.235832,4.548950081756411,78.44569663131257
2021-09-10,Louis_DER_AU050_eobs_3264__2021__southbound_01,Louis / DER AU050 (eobs 3264),47.915577,8.586424,47.913425,8.584303,47.912453,8.578775102551543,0.42594669819151454,0.28705832,0,0.1396271,0.70815045,0.66640735,47.915577,8.586423873901367,0.2867395758957657
2021-09-10,Sierit_DER_AN858_eobs2561__2021__southbound_01,Sierit  / DER AN858 (eobs2561),47.801796,8.874194,47.801826,8.874197,47.784492,8.844696340568985,2.927731549599335,0.003292228,0,0.62226886,0.70815045,2.9200246,47.801796,8.874194145202637,0.0034001260345375354
2021-09-11,Ed_plus_AAL16_e-obs_7210__2021__southbound_01,"Ed + (AAL16, e-obs 7210)",47.69285,7.6267695,47.53392,7.5431767,47.690014,7.619159950607536,18.267528217576416,18.74988,0,0.12180221,0.70815045,0.6498521,47.69285,7.626769542694092,18.750033985823965
2021-09-11,Europa_DER_A1A26_eobs_4004__2021__southbound_01,Europa / DER A1A26 (eobs 4004),43.62141,4.067581,43.4752,3.589663,43.466,3.875230098110284,23.067188036448666,41.807594,1,0.9043258,0.70815045,23.161888,43.466,3.875230098110284,23.067188036448666
2021-09-11,Louis_DER_AU050_eobs_3264__2021__southbound_01,Louis / DER AU050 (eobs 3264),47.913425,8.584303,47.916348,8.570784,47.909214,8.574281124551876,0.8349415973776213,1.0587279,0,0.21682435,0.70815045,0.8799394,47.913425,8.58430290222168,1.05864289691095
2021-09-11,Sierit_DER_AN858_eobs2561__2021__southbound_01,Sierit  / DER AN858 (eobs2561),47.801826,8.874197,47.504314,8.492643,47.796185,8.862504716633934,42.6716128294505,43.717064,1,0.34297648,0.70815045,1.0733025,47.801826,8.874197006225586,43.71715262910894
2021-09-12,Ed_plus_AAL16_e-obs_7210__2021__southbound_01,"Ed + (AAL16, e-obs 7210)",47.53392,7.5431767,47.293636,6.1651664,47.513454,7.505873117587835,103.81871207002044,107.07468,1,0.61456585,0.70815045,3.6023557,47.53392,7.543176651000977,107.07460035869907
2021-09-12,Europa_DER_A1A26_eobs_4004__2021__southbound_01,Europa / DER A1A26 (eobs 4004),43.4752,3.589663,42.94531,2.9627626,43.4012,3.4932838972298046,66.48747513544367,77.80081,1,0.82908684,0.70815045,11.302369,43.4012,3.4932838972298046,66.48747513544367
2021-09-12,Louis_DER_AU050_eobs_3264__2021__southbound_01,Louis / DER AU050 (eobs 3264),47.916348,8.570784,47.913998,8.574338,47.911022,8.558370889276166,1.2351649013717332,0.37222642,0,0.26725408,0.70815045,1.096348,47.916348,8.570783615112305,0.37207715105297995
2021-09-12,Sierit_DER_AN858_eobs2561__2021__southbound_01,Sierit  / DER AN858 (eobs2561),47.504314,8.492643,47.209435,7.6871953,47.370625,8.30288944463544,49.775831457670435,68.9647,1,0.9301067,0.70815045,20.55896,47.370625,8.30288944463544,49.775831457670435
2021-09-13,Ed_plus_AAL16_e-obs_7210__2021__southbound_01,"Ed + (AAL16, e-obs 7210)",47.293636,6.1651664,45.9427,5.038446,46.915096,5.717772368163585,120.0067254582084,173.11523,1,0.9581079,0.70815045,53.85135,46.915096,5.717772368163585,120.0067254582084
2021-09-13,Europa_DER_A1A26_eobs_4004__2021__southbound_01,Europa / DER A1A26 (eobs 4004),42.94531,2.9627626,42.115,2.7938616,42.838974,2.8341538560836246,80.56994851254798,93.35771,1,0.8640211,0.70815045,15.764267,42.838974,2.8341538560836246,80.56994851254798
2021-09-13,Louis_DER_AU050_eobs_3264__2021__southbound_01,Louis / DER AU050 (eobs 3264),47.913998,8.574338,47.914482,8.57449,47.911488,8.568075494453854,0.5825768002235667,0.05494327,0,0.11564636,0.70815045,0.54288906,47.913998,8.57433795928955,0.055042893753659165
2021-09-13,Sierit_DER_AN858_eobs2561__2021__southbound_01,Sierit  / DER AN858 (eobs2561),47.209435,7.6871953,45.919697,5.929899,46.90433,7.313750588109019,152.45212875350265,196.4996,1,0.95378244,0.70815045,44.044086,46.90433,7.313750588109019,152.45212875350265
2021-09-14,Ed_plus_AAL16_e-obs_7210__2021__southbound_01,"Ed + (AAL16, e-obs 7210)",45.9427,5.038446,45.937496,5.0351863,45.472576,4.512534496767842,65.7245307090448,0.63083,0,0.95769525,0.70815045,66.113365,45.472576,4.512534496767842,65.7245307090448
2021-09-14,Europa_DER_A1A26_eobs_4004__2021__southbound_01,Europa / DER A1A26 (eobs 4004),42.115,2.7938616,42.10794,2.7917275,42.007034,2.664978324957324,15.3426567029002,0.8047167,0,0.8673188,0.70815045,16.0076,42.007034,2.664978324957324,15.3426567029002
2021-09-14,Louis_DER_AU050_eobs_3264__2021__southbound_01,Louis / DER AU050 (eobs 3264),47.914482,8.57449,47.913956,8.586676,47.912838,8.570032850008818,1.246579242956254,0.9100585,0,0.07666604,0.70815045,0.37848607,47.914482,8.57448959350586,0.9100823450955641
2021-09-14,Sierit_DER_AN858_eobs2561__2021__southbound_01,Sierit  / DER AN858 (eobs2561),45.919697,5.929899,45.639435,5.111113,45.425865,5.400983302337151,32.768236472474406,70.731415,1,0.9586073,0.70815045,68.35808,45.425865,5.400983302337151,32.768236472474406
2021-09-15,Ed_plus_AAL16_e-obs_7210__2021__southbound_01,"Ed + (AAL16, e-obs 7210)",45.937496,5.0351863,45.932526,5.037642,45.891224,4.959721283828439,7.578445162679778,0.5845008,0,0.78771776,0.70815045,7.7663383,45.891224,4.959721283828439,7.578445162679778
2021-09-15,Europa_DER_A1A26_eobs_4004__2021__southbound_01,Europa / DER A1A26 (eobs 4004),42.10794,2.7917275,42.053555,2.6166096,42.092113,2.7682375322166037,13.22933928498905,15.666535,0,0.48748687,0.70815045,2.613213,42.10794,2.7917275428771973,15.666576416358064
2021-09-15,Louis_DER_AU050_eobs_3264__2021__southbound_01,Louis / DER AU050 (eobs 3264),47.913956,8.586676,47.913704,8.582867,47.912594,8.582949369189384,0.12358888112439344,0.2852751,0,0.05931834,0.70815045,0.31584376,47.913956,8.586675643920898,0.2852532707370053
2021-09-15,Sierit_DER_AN858_eobs2561__2021__southbound_01,Sierit  / DER AN858 (eobs2561),45.639435,5.111113,45.903297,4.9508886,45.40836,4.832716534267276,55.795763017356336,31.863426,1,0.92610204,0.70815045,33.53647,45.40836,4.832716534267276,55.795763017356336
2021-09-16,Ed_plus_AAL16_e-obs_7210__2021__southbound_01,"Ed + (AAL16, e-obs 7210)",45.932526,5.037642,44.87422,4.7733636,45.924034,5.020110964248385,118.31284389562592,119.47311,1,0.3749307,0.70815045,1.6494018,45.932526,5.037642002105713,119.47303736097085
2021-09-16,Europa_DER_A1A26_eobs_4004__2021__southbound_01,Europa / DER A1A26 (eobs 4004),42.053555,2.6166096,41.629025,0.7369565,42.035564,2.5897913126079075,160.02379362346235,162.70425,1,0.5091189,0.70815045,2.9787183,42.053555,2.616609573364258,162.70426483648953
2021-09-16,Louis_DER_AU050_eobs_3264__2021__southbound_01,Louis / DER AU050 (eobs 3264),47.913704,8.582867,47.911495,8.574363,47.911324,8.576771387244335,0.18053143027903548,0.6798379,0,0.11630527,0.70815045,0.5248021,47.913704,8.582866668701172,0.6797179066706076
2021-09-16,Sierit_DER_AN858_eobs2561__2021__southbound_01,Sierit  / DER AN858 (eobs2561),45.903297,4.9508886,45.453598,4.882936,45.86996,4.8986281881363345,46.313548658908765,50.28236,1,0.6891198,0.70815045,5.4759545,45.903297,4.950888633728027,50.28226429815154
2021-09-17,Ed_plus_AAL16_e-obs_7210__2021__southbound_01,"Ed + (AAL16, e-obs 7210)",44.87422,4.7733636,43.42441,3.586989,44.729954,4.58976030860154,165.80062298465205,186.94069,1,0.90606815,0.70815045,21.564407,44.729954,4.58976030860154,165.80062298465205
2021-09-17,Europa_DER_A1A26_eobs_4004__2021__southbound_01,Europa / DER A1A26 (eobs 4004),41.629025,0.7369565,41.538486,0.6144332,41.333298,0.42655311704095383,27.674384357134848,14.324684,0,0.9402148,0.70815045,41.722477,41.333298,0.42655311704095383,27.674384357134848
2021-09-17,Louis_DER_AU050_eobs_3264__2021__southbound_01,Louis / DER AU050 (eobs 3264),47.911495,8.574363,47.02005,6.399962,47.906425,8.562884032045053,190.1262858633568,191.14932,1,0.23373495,0.70815045,1.0227838,47.911495,8.574362754821777,191.14951642432294
2021-09-17,Sierit_DER_AN858_eobs2561__2021__southbound_01,Sierit  / DER AN858 (eobs2561),45.453598,4.882936,43.614338,4.017332,45.40848,4.817575094911517,209.3452344114938,215.71472,1,0.738665,0.70815045,7.139935,45.40848,4.817575094911517,209.3452344114938
2021-09-18,Ed_plus_AAL16_e-obs_7210__2021__southbound_01,"Ed + (AAL16, e-obs 7210)",43.42441,3.586989,42.5008,2.1136606,43.04046,3.1804345984780267,105.74905738179282,157.85815,1,0.9489817,0.70815045,53.764084,43.04046,3.1804345984780267,105.74905738179282
2021-09-18,Europa_DER_A1A26_eobs_4004__2021__southbound_01,Europa / DER A1A26 (eobs 4004),41.538486,0.6144332,41.53835,0.61458236,41.468754,0.5274200299099892,10.610023705593651,0.0198458,0,0.8184218,0.70815045,10.59129,41.468754,0.5274200299099892,10.610023705593651
2021-09-18,Louis_DER_AU050_eobs_3264__2021__southbound_01,Louis / DER AU050 (eobs 3264),47.02005,6.399962,46.16235,5.178129,46.423737,5.7746387043728,54.270191510938524,133.46092,1,0.9676779,0.70815045,81.36594,46.423737,5.7746387043728,54.270191510938524
2021-09-18,Sierit_DER_AN858_eobs2561__2021__southbound_01,Sierit  / DER AN858 (eobs2561),43.614338,4.017332,43.123764,2.9536963,43.306953,3.692161463120071,63.21476170387176,101.82017,1,0.93683445,0.70815045,42.977222,43.306953,3.692161463120071,63.21476170387176
2021-09-19,Ed_plus_AAL16_e-obs_7210__2021__southbound_01,"Ed + (AAL16, e-obs 7210)",42.5008,2.1136606,41.959824,1.273122,42.16459,1.7412390227103587,44.85327522969642,91.69355,1,0.9437497,0.70815045,48.183437,42.16459,1.7412390227103587,44.85327522969642
2021-09-19,Europa_DER_A1A26_eobs_4004__2021__southbound_01,Europa / DER A1A26 (eobs 4004),41.53835,0.61458236,41.546925,0.6032092,41.52726,0.5984713158165589,2.2218995470562817,1.3435622,0,0.34946707,0.70815045,1.8183811,41.53835,0.614582359790802,1.3435699865522488
2021-09-19,Louis_DER_AU050_eobs_3264__2021__southbound_01,Louis / DER AU050 (eobs 3264),46.16235,5.178129,43.59045,4.381417,45.681576,4.640633759061604,233.4253177384558,292.7876,1,0.9587385,0.70815045,67.494354,45.681576,4.640633759061604,233.4253177384558
2021-09-19,Sierit_DER_AN858_eobs2561__2021__southbound_01,Sierit  / DER AN858 (eobs2561),43.123764,2.9536963,42.526676,2.9177837,42.852993,2.6645411578229776,41.773138630316446,66.45785,1,0.9278942,0.70815045,38.106983,42.852993,2.6645411578229776,41.773138630316446
2021-09-20,Ed_plus_AAL16_e-obs_7210__2021__southbound_01,"Ed + (AAL16, e-obs 7210)",41.959824,1.273122,41.48175,0.37422925,41.760944,1.0392177726950094,63.3975122278058,91.60537,1,0.91851264,0.70815045,29.327244,41.760944,1.0392177726950094,63.3975122278058
2021-09-20,Europa_DER_A1A26_eobs_4004__2021__southbound_01,Europa / DER A1A26 (eobs 4004),41.546925,0.6032092,41.736565,0.5489771,41.535103,0.5849217979223487,22.599849680646223,21.56332,0,0.32419387,0.70815045,2.007372,41.546925,0.6032091975212097,21.563216311316022
2021-09-20,Louis_DER_AU050_eobs_3264__2021__southbound_01,Louis / DER AU050 (eobs 3264),43.59045,4.381417,43.592377,4.3546762,43.180004,3.9385507214478235,56.862390016550215,2.1642294,0,0.95006335,0.70815045,57.821854,43.180004,3.9385507214478235,56.862390016550215
2021-09-20,Sierit_DER_AN858_eobs2561__2021__southbound_01,Sierit  / DER AN858 (eobs2561),42.526676,2.9177837,41.6055,0.741106,42.3782,2.759542431438719,187.63306400833062,206.8164,1,0.88208354,0.70815045,20.956535,42.3782,2.759542431438719,187.63306400833062
2021-09-21,Ed_plus_AAL16_e-obs_7210__2021__southbound_01,"Ed + (AAL16, e-obs 7210)",41.48175,0.37422925,41.53132,-0.4183052,41.330826,0.1934921743462687,55.66402475352592,66.22527,1,0.89820457,0.70815045,22.506577,41.330826,0.1934921743462687,55.66402475352592
2021-09-21,Europa_DER_A1A26_eobs_4004__2021__southbound_01,Europa / DER A1A26 (eobs 4004),41.736565,0.5489771,41.744118,0.5486276,41.727287,0.533857182283955,2.2370651483814594,0.8404736,0,0.24056068,0.70815045,1.6214273,41.736565,0.5489770770072937,0.8403679781714188
2021-09-21,Louis_DER_AU050_eobs_3264__2021__southbound_01,Louis / DER AU050 (eobs 3264),43.592377,4.3546762,43.324387,3.3246007,43.522366,4.259402803339828,78.63863673776326,88.319305,1,0.8162827,0.70815045,10.911446,43.522366,4.259402803339828,78.63863673776326
2021-09-21,Sierit_DER_AN858_eobs2561__2021__southbound_01,Sierit  / DER AN858 (eobs2561),41.6055,0.741106,41.53853,0.6149601,41.311367,0.44609121785398814,28.91826837149909,12.867578,0,0.92924833,0.70815045,40.810375,41.311367,0.44609121785398814,28.91826837149909
2021-09-22,Ed_plus_AAL16_e-obs_7210__2021__southbound_01,"Ed + (AAL16, e-obs 7210)",41.53132,-0.4183052,40.28238,-3.5975688,41.468655,-0.5017581296185507,291.78061083837093,301.08954,1,0.8085944,0.70815045,9.821922,41.468655,-0.5017581296185507,291.78061083837093
2021-09-22,Europa_DER_A1A26_eobs_4004__2021__southbound_01,Europa / DER A1A26 (eobs 4004),41.744118,0.5486276,41.74419,0.5457118,41.737698,0.5377812105707858,0.9768163352304666,0.24203715,0,0.15974371,0.70815045,1.1466826,41.744118,0.5486276149749756,0.2420448807415565
2021-09-22,Louis_DER_AU050_eobs_3264__2021__southbound_01,Louis / DER AU050 (eobs 3264),43.324387,3.3246007,42.618763,2.865123,43.212418,3.1818994974744013,70.87280718282369,86.91188,1,0.8644262,0.70815045,16.948572,43.212418,3.1818994974744013,70.87280718282369
2021-09-22,Sierit_DER_AN858_eobs2561__2021__southbound_01,Sierit  / DER AN858 (eobs2561),41.53853,0.6149601,41.53847,0.6147878,41.4621,0.5332854977122594,10.871250634708046,0.01562597,0,0.79794466,0.70815045,10.863423,41.4621,0.5332854977122594,10.871250634708046
2021-09-23,Ed_plus_AAL16_e-obs_7210__2021__southbound_01,"Ed + (AAL16, e-obs 7210)",40.28238,-3.5975688,39.879326,-4.175836,39.989513,-3.9091951058804373,25.825765398986334,66.5512,1,0.9334475,0.70815045,41.87007,39.989513,-3.9091951058804373,25.825765398986334
2021-09-23,Europa_DER_A1A26_eobs_4004__2021__southbound_01,Europa / DER A1A26 (eobs 4004),41.74419,0.5457118,41.74405,0.5476792,41.73464,0.5305174536230635,1.7670986708035354,0.1639872,0,0.26515102,0.70815045,1.6454465,41.74419,0.5457118153572083,0.1639766963501538
2021-09-23,Louis_DER_AU050_eobs_3264__2021__southbound_01,Louis / DER AU050 (eobs 3264),42.618763,2.865123,41.66193,0.9516546,42.504925,2.726265737340792,173.87454715459992,190.2834,1,0.8660718,0.70815045,16.979734,42.504925,2.726265737340792,173.87454715459992
2021-09-23,Sierit_DER_AN858_eobs2561__2021__southbound_01,Sierit  / DER AN858 (eobs2561),41.53847,0.6147878,41.538692,0.6151355,41.508854,0.5814949427364465,4.341845145717681,0.037940174,0,0.5853909,0.70815045,4.29647,41.53847,0.6147878170013428,0.03798187336659226
2021-09-24,Ed_plus_AAL16_e-obs_7210__2021__southbound_01,"Ed + (AAL16, e-obs 7210)",39.879326,-4.175836,39.883015,-4.176393,39.778847,-4.298729940276533,15.597866281194552,0.4130017,0,0.8632526,0.70815045,15.296406,39.778847,-4.298729940276533,15.597866281194552
2021-09-24,Europa_DER_A1A26_eobs_4004__2021__southbound_01,Europa / DER A1A26 (eobs 4004),41.74405,0.5476792,41.743896,0.548648,41.738758,0.5389857099341602,0.9844464499081171,0.082075976,0,0.1498111,0.70815045,0.9291128,41.74405,0.5476791858673096,0.082149585449997
2021-09-24,Louis_DER_AU050_eobs_3264__2021__southbound_01,Louis / DER AU050 (eobs 3264),41.66193,0.9516546,41.658073,0.95165163,41.400585,0.6663738422773402,37.19792542759957,0.42904627,0,0.9269467,0.70815045,37.432625,41.400585,0.6663738422773402,37.19792542759957
2021-09-24,Sierit_DER_AN858_eobs2561__2021__southbound_01,Sierit  / DER AN858 (eobs2561),41.538692,0.6151355,41.53863,0.6148949,41.527817,0.6010037779825463,1.6682454896826486,0.021184176,0,0.27773616,0.70815045,1.6839954,41.538692,0.6151354908943176,0.021141250481731464
2021-09-25,Ed_plus_AAL16_e-obs_7210__2021__southbound_01,"Ed + (AAL16, e-obs 7210)",39.883015,-4.176393,39.881145,-4.176397,39.873493,-4.192166616384522,1.5921347182005536,0.20802402,0,0.38839927,0.70815045,1.7093791,39.883015,-4.176393032073975,0.20784628344671147
2021-09-25,Europa_DER_A1A26_eobs_4004__2021__southbound_01,Europa / DER A1A26 (eobs 4004),41.743896,0.548648,41.743114,0.5468857,41.73957,0.54153241200252,0.5937681023928332,0.17023385,0,0.116454214,0.70815045,0.7601343,41.743896,0.5486479997634888,0.17011303870788205
2021-09-25,Louis_DER_AU050_eobs_3264__2021__southbound_01,Louis / DER AU050 (eobs 3264),41.658073,0.95165163,41.65926,0.9525754,41.63082,0.9148682633020913,4.45159704160219,0.15289795,0,0.6337102,0.70815045,4.2961016,41.658073,0.9516516327857971,0.15261644836997035
2021-09-25,Sierit_DER_AN858_eobs2561__2021__southbound_01,Sierit  / DER AN858 (eobs2561),41.53863,0.6148949,41.53958,0.61461765,41.52506,0.5971071940535219,2.1753473678294664,0.10811002,0,0.30478817,0.70815045,2.1105404,41.53863,0.6148949265480042,0.10811161305634955
2021-09-26,Ed_plus_AAL16_e-obs_7210__2021__southbound_01,"Ed + (AAL16, e-obs 7210)",39.881145,-4.176397,39.85966,-4.165265,39.873398,-4.18879491967649,2.523085351170591,2.5708828,0,0.27164868,0.70815045,1.3620441,39.881145,-4.17639684677124,2.5709189117726794
2021-09-26,Europa_DER_A1A26_eobs_4004__2021__southbound_01,Europa / DER A1A26 (eobs 4004),41.743114,0.5468857,41.731365,0.5390256,41.73337,0.5318064578282746,0.6392507829801671,1.4600403,0,0.294118,0.70815045,1.6519979,41.743114,0.5468857288360596,1.4602021302795347
2021-09-26,Louis_DER_AU050_eobs_3264__2021__southbound_01,Louis / DER AU050 (eobs 3264),41.65926,0.9525754,41.65797,0.9512935,41.653316,0.9421792126327576,0.9171557317196329,0.17875265,0,0.19540736,0.70815045,1.0856328,41.65926,0.9525753855705261,0.17859387944204655
2021-09-26,Sierit_DER_AN858_eobs2561__2021__southbound_01,Sierit  / DER AN858 (eobs2561),41.53958,0.61461765,41.54041,0.6145698,41.52851,0.597609591403989,1.9347414852279976,0.092216715,0,0.27475104,0.70815045,1.872667,41.53958,0.614617645740509,0.09213225710783826
2021-09-27,Ed_plus_AAL16_e-obs_7210__2021__southbound_01,"Ed + (AAL16, e-obs 7210)",39.85966,-4.165265,39.859753,-4.165775,39.851746,-4.1769797535592454,1.3067198211123716,0.044708025,0,0.23781464,0.70815045,1.3298692,39.85966,-4.165265083312988,0.04468394769067675
2021-09-27,Europa_DER_A1A26_eobs_4004__2021__southbound_01,Europa / DER A1A26 (eobs 4004),41.731365,0.5390256,41.71099,0.3373924,41.711582,0.5117352895493447,14.471988309410445,16.887247,0,0.50533605,0.70815045,3.1515472,41.731365,0.539025604724884,16.887230437313026
2021-09-27,Louis_DER_AU050_eobs_3264__2021__southbound_01,Louis / DER AU050 (eobs 3264),41.65797,0.9512935,41.659184,0.9513698,41.64669,0.9328235805015566,2.0746380484902276,0.13483967,0,0.30149364,0.70815045,1.9784456,41.65797,0.9512935280799866,0.1350366601023596
2021-09-27,Sierit_DER_AN858_eobs2561__2021__southbound_01,Sierit  / DER AN858 (eobs2561),41.54041,0.6145698,41.538643,0.6146714,41.527565,0.5952865075018855,2.0299995921023717,0.19663581,0,0.29707676,0.70815045,2.144725,41.54041,0.6145697832107544,0.19657534381469244
2021-09-28,Ed_plus_AAL16_e-obs_7210__2021__southbound_01,"Ed + (AAL16, e-obs 7210)",39.859753,-4.165775,39.88265,-4.174532,39.850075,-4.17959555345755,3.6477259128024735,2.653327,0,0.26472005,0.70815045,1.59392,39.859753,-4.165774822235107,2.65332470239806
2021-09-28,Europa_DER_A1A26_eobs_4004__2021__southbound_01,Europa / DER A1A26 (eobs 4004),41.71099,0.3373924,41.509094,-0.5416205,41.681343,0.2973406807782974,72.34703283096633,76.45,1,0.6414718,0.70815045,4.6739464,41.71099,0.3373923897743225,76.44996066036519
2021-09-28,Louis_DER_AU050_eobs_3264__2021__southbound_01,Louis / DER AU050 (eobs 3264),41.659184,0.9513698,41.65781,0.9515684,41.65257,0.938980441690731,1.1972477147582656,0.15333313,0,0.16896488,0.70815045,1.2629126,41.659184,0.9513698220252991,0.15359195905406856
2021-09-28,Sierit_DER_AN858_eobs2561__2021__southbound_01,Sierit  / DER AN858 (eobs2561),41.538643,0.6146714,41.557392,0.56876373,41.51694,0.586180136343561,4.725779173379801,4.352156,0,0.43229833,0.70815045,3.3773646,41.538643,0.6146714091300964,4.352202526199633
2021-09-29,Ed_plus_AAL16_e-obs_7210__2021__southbound_01,"Ed + (AAL16, e-obs 7210)",39.88265,-4.174532,39.882633,-4.1744914,39.875763,-4.185176176718615,1.1894856725029466,0.00400551,0,0.18185212,0.70815045,1.185826,39.88265,-4.174531936645508,0.0038521722457900568
2021-09-29,Europa_DER_A1A26_eobs_4004__2021__southbound_01,Europa / DER A1A26 (eobs 4004),41.509094,-0.5416205,41.586285,-0.81986606,41.362633,-0.7033316621451042,26.69695996099791,24.694977,0,0.9080737,0.70815045,21.09465,41.362633,-0.7033316621451042,26.69695996099791
2021-09-29,Louis_DER_AU050_eobs_3264__2021__southbound_01,Louis / DER AU050 (eobs 3264),41.65781,0.9515684,41.657883,0.9513669,41.650288,0.9381016938685737,1.3884717350958526,0.018488385,0,0.19702572,0.70815045,1.3945165,41.65781,0.9515684247016907,0.01858077237108055
2021-09-29,Sierit_DER_AN858_eobs2561__2021__southbound_01,Sierit  / DER AN858 (eobs2561),41.557392,0.56876373,41.54015,0.6144209,41.53745,0.5410029605808,6.117969905036985,4.255688,0,0.4153984,0.70815045,3.1964788,41.557392,0.5687637329101562,4.255810677460714
2021-09-30,Ed_plus_AAL16_e-obs_7210__2021__southbound_01,"Ed + (AAL16, e-obs 7210)",39.882633,-4.1744914,39.882698,-4.1751933,39.87676,-4.183259515078429,0.9539011477055096,0.06033915,0,0.14092505,0.70815045,0.99156255,39.882633,-4.1744914054870605,0.0603236284078198
2021-09-30,Europa_DER_A1A26_eobs_4004__2021__southbound_01,Europa / DER A1A26 (eobs 4004),41.586285,-0.81986606,41.474003,-1.0980037,41.533585,-0.8885343873424643,18.659397311444412,26.304415,0,0.7682366,0.70815045,8.168355,41.533585,-0.8885343873424643,18.659397311444412
2021-09-30,Louis_DER_AU050_eobs_3264__2021__southbound_01,Louis / DER AU050 (eobs 3264),41.657883,0.9513669,41.66376,0.951669,41.64721,0.9327042816427393,2.422788177094012,0.6543308,0,0.28645748,0.70815045,1.9491025,41.657883,0.9513669013977051,0.6541360724310505
2021-09-30,Sierit_DER_AN858_eobs2561__2021__southbound_01,Sierit  / DER AN858 (eobs2561),41.54015,0.6144209,41.573586,0.5687904,41.52287,0.5906511271547282,5.925581883823584,5.313787,0,0.35298982,0.70815045,2.7530699,41.54015,0.6144208908081055,5.313972375866171
2021-10-01,Ed_plus_AAL16_e-obs_7210__2021__southbound_01,"Ed + (AAL16, e-obs 7210)",39.882698,-4.1751933,39.882725,-4.174737,39.8733,-4.188129597519149,1.5506899696068202,0.039080337,0,0.21780255,0.70815045,1.5173393,39.882698,-4.1751933097839355,0.039050363058226095
2021-10-01,Europa_DER_A1A26_eobs_4004__2021__southbound_01,Europa / DER A1A26 (eobs 4004),41.474003,-1.0980037,40.562016,-3.2691195,41.42699,-1.1584235206550924,201.56246851085322,208.46672,1,0.7408593,0.70815045,7.244552,41.42699,-1.1584235206550924,201.56246851085322
2021-10-01,Louis_DER_AU050_eobs_3264__2021__southbound_01,Louis / DER AU050 (eobs 3264),41.66376,0.951669,41.6638,0.9497386,41.65714,0.9394921787430874,1.1282991500100954,0.16041209,0,0.1701044,0.70815045,1.2488953,41.66376,0.9516689777374268,0.16040929445162896
2021-10-01,Sierit_DER_AN858_eobs2561__2021__southbound_01,Sierit  / DER AN858 (eobs2561),41.573586,0.5687904,41.57358,0.6138474,41.555283,0.5443098678630477,6.132727636851523,3.748089,0,0.3573489,0.70815045,2.8740556,41.573586,0.5687903761863708,3.7480888244743595
2021-10-02,Ed_plus_AAL16_e-obs_7210__2021__southbound_01,"Ed + (AAL16, e-obs 7210)",39.882725,-4.174737,39.85636,-4.1747885,39.8779,-4.181999209486,2.472700660994054,2.9315338,0,0.10482782,0.70815045,0.8183637,39.882725,-4.174736976623535,2.9314806486490768
2021-10-02,Europa_DER_A1A26_eobs_4004__2021__southbound_01,Europa / DER A1A26 (eobs 4004),40.562016,-3.2691195,40.32193,-3.5891702,40.195286,-3.6334958475922496,14.5758744592509,38.03003,1,0.94652593,0.70815045,51.00183,40.195286,-3.6334958475922496,14.5758744592509
2021-10-02,Louis_DER_AU050_eobs_3264__2021__southbound_01,Louis / DER AU050 (eobs 3264),41.6638,0.9497386,41.663574,0.94869316,41.65428,0.9328733677694065,1.6717984335102938,0.09044265,0,0.25843596,0.70815045,1.7526857,41.6638,0.949738621711731,0.09038014963921974
2021-10-02,Sierit_DER_AN858_eobs2561__2021__southbound_01,Sierit  / DER AN858 (eobs2561),41.57358,0.6138474,41.55734,0.6142457,41.562283,0.5975118055757972,1.4969122424341452,1.8064123,0,0.23116842,0.70815045,1.8473656,41.57358,0.6138473749160767,1.806443582045154
2021-10-03,Ed_plus_AAL16_e-obs_7210__2021__southbound_01,"Ed + (AAL16, e-obs 7210)",39.85636,-4.1747885,39.852436,-4.2449136,39.850025,-4.184088615763255,5.1992794245577105,6.0018835,0,0.16019979,0.70815045,1.0594441,39.85636,-4.174788475036621,6.001892076372135
2021-10-03,Europa_DER_A1A26_eobs_4004__2021__southbound_01,Europa / DER A1A26 (eobs 4004),40.32193,-3.5891702,40.322205,-3.5869176,40.250713,-3.6742070503934188,10.863434349539963,0.1934125,0,0.8253894,0.70815045,10.690073,40.250713,-3.6742070503934188,10.863434349539963
2021-10-03,Louis_DER_AU050_eobs_3264__2021__southbound_01,Louis / DER AU050 (eobs 3264),41.663574,0.94869316,41.667892,0.95159733,41.652344,0.929092534183225,2.5464675694272225,0.53731364,0,0.31162408,0.70815045,2.048227,41.663574,0.9486931562423706,0.5373611858405879
2021-10-03,Sierit_DER_AN858_eobs2561__2021__southbound_01,Sierit  / DER AN858 (eobs2561),41.55734,0.6142457,41.540375,0.6144741,41.542465,0.593104415404162,1.7936599537401974,1.8865314,0,0.2996842,0.70815045,2.4102046,41.55734,0.6142457127571106,1.8864045133864067
2021-10-04,Ed_plus_AAL16_e-obs_7210__2021__southbound_01,"Ed + (AAL16, e-obs 7210)",39.852436,-4.2449136,39.856407,-4.214764,39.83933,-4.263307875786593,4.558563701887155,2.6111681,0,0.36847642,0.70815045,2.1384902,39.852436,-4.244913578033447,2.6112153560445135
2021-10-04,Europa_DER_A1A26_eobs_4004__2021__southbound_01,Europa / DER A1A26 (eobs 4004),40.322205,-3.5869176,40.29139,-3.633558,40.31271,-3.6007793680325832,3.6533661548360747,5.232947,0,0.3510996,0.70815045,1.576934,40.322205,-3.5869176387786865,5.232817437177429
2021-10-04,Louis_DER_AU050_eobs_3264__2021__southbound_01,Louis / DER AU050 (eobs 3264),41.667892,0.95159733,41.65795,0.9512533,41.662598,0.941030190395863,0.9940751427631467,1.1054984,0,0.14621082,0.70815045,1.0549643,41.667892,0.9515973329544067,1.1057709191061114
2021-10-04,Sierit_DER_AN858_eobs2561__2021__southbound_01,Sierit  / DER AN858 (eobs2561),41.540375,0.6144741,41.53859,0.6149485,41.5215,0.588228117982559,2.925480908204176,0.20239419,0,0.40410444,0.70815045,3.023962,41.540375,0.6144741177558899,0.2024026159116205
2021-10-05,Ed_plus_AAL16_e-obs_7210__2021__southbound_01,"Ed + (AAL16, e-obs 7210)",39.856407,-4.214764,39.849773,-4.247153,39.85015,-4.22380529006994,1.993555473459486,2.8614767,0,0.17804688,0.70815045,1.0370717,39.856407,-4.21476411819458,2.8615158564566303
2021-10-05,Europa_DER_A1A26_eobs_4004__2021__southbound_01,Europa / DER A1A26 (eobs 4004),40.29139,-3.633558,40.262356,-3.6339383,40.27791,-3.6512638872655745,2.2696772564550227,3.2283156,0,0.4022597,0.70815045,2.1181004,40.29139,-3.6335580348968506,3.2285614327163015
2021-10-05,Louis_DER_AU050_eobs_3264__2021__southbound_01,Louis / DER AU050 (eobs 3264),41.65795,0.9512533,41.665646,0.9430285,41.64961,0.9374873664678364,1.8416946128273572,1.0949353,0,0.22283322,0.70815045,1.4700923,41.65795,0.9512532949447632,1.0949036100383225
2021-10-05,Sierit_DER_AN858_eobs2561__2021__southbound_01,Sierit  / DER AN858 (eobs2561),41.53859,0.6149485,41.53868,0.614892,41.513584,0.5834136363775747,3.828129795539343,0.011339907,0,0.48376295,0.70815045,3.8167577,41.53859,0.6149485111236572,0.011214033271637476
2021-10-06,Ed_plus_AAL16_e-obs_7210__2021__southbound_01,"Ed + (AAL16, e-obs 7210)",39.849773,-4.247153,39.85635,-4.17749,39.839077,-4.261449040231479,7.420442986897967,5.9914484,0,0.2892745,0.70815045,1.701038,39.849773,-4.247152805328369,5.991428604205635
2021-10-06,Europa_DER_A1A26_eobs_4004__2021__southbound_01,Europa / DER A1A26 (eobs 4004),40.262356,-3.6339383,40.261543,-3.634287,40.25057,-3.6490099546175694,1.7464865907476872,0.095216915,0,0.34095037,0.70815045,1.8281264,40.262356,-3.6339383125305176,0.0950736853583373
2021-10-06,Louis_DER_AU050_eobs_3264__2021__southbound_01,Louis / DER AU050 (eobs 3264),41.665646,0.9430285,41.657867,0.951539,41.657402,0.9298642448022371,1.8014189953056023,1.1172156,0,0.21516371,0.70815045,1.4244301,41.665646,0.9430285096168518,1.1170778957220333
2021-10-06,Sierit_DER_AN858_eobs2561__2021__southbound_01,Sierit  / DER AN858 (eobs2561),41.53868,0.614892,41.55732,0.55529314,41.518753,0.5900436896567003,5.172628465793731,5.375244,0,0.38187888,0.70815045,3.0257208,41.53868,0.6148920059204102,5.375333363622521
2021-10-07,Ed_plus_AAL16_e-obs_7210__2021__southbound_01,"Ed + (AAL16, e-obs 7210)",39.85635,-4.17749,39.88213,-4.171537,39.85055,-4.18575098575744,3.7149805029532823,2.9113204,0,0.14745659,0.70815045,0.9536994,39.85635,-4.177490234375,2.9112561819229916
2021-10-07,Europa_DER_A1A26_eobs_4004__2021__southbound_01,Europa / DER A1A26 (eobs 4004),40.261543,-3.634287,40.26184,-3.6346602,40.249588,-3.649308421768417,1.8443030706920591,0.045905188,0,0.34050804,0.70815045,1.8384495,40.261543,-3.634287118911743,0.04579376668475687
2021-10-07,Louis_DER_AU050_eobs_3264__2021__southbound_01,Louis / DER AU050 (eobs 3264),41.657867,0.951539,41.6631,0.95162827,41.65058,0.9407094115358596,1.6616046482224704,0.5821312,0,0.17488895,0.70815045,1.2085612,41.657867,0.9515389800071716,0.5820161473657821
2021-10-07,Sierit_DER_AN858_eobs2561__2021__southbound_01,Sierit  / DER AN858 (eobs2561),41.55732,0.55529314,41.55735,0.55482215,41.5357,0.5298182018958646,3.1818980496005214,0.039354965,0,0.38173115,0.70815045,3.1991417,41.55732,0.5552931427955627,0.03933652368080711
2021-10-08,Ed_plus_AAL16_e-obs_7210__2021__southbound_01,"Ed + (AAL16, e-obs 7210)",39.88213,-4.171537,39.85583,-4.1715584,39.877296,-4.178945603038637,2.468700798105559,2.9241755,0,0.12288388,0.70815045,0.8282859,39.88213,-4.171536922454834,2.924266942764543
2021-10-08,Europa_DER_A1A26_eobs_4004__2021__southbound_01,Europa / DER A1A26 (eobs 4004),40.26184,-3.6346602,40.263256,-3.6342008,40.253067,-3.646747518995451,1.5547266332548169,0.16186248,0,0.26008233,0.70815045,1.4131048,40.26184,-3.634660243988037,0.16212580973250437
2021-10-08,Louis_DER_AU050_eobs_3264__2021__southbound_01,Louis / DER AU050 (eobs 3264),41.6631,0.95162827,41.657887,0.9513762,41.65751,0.9426678470763897,0.7246822629598001,0.58053803,0,0.13532151,0.70815045,0.96808773,41.6631,0.9516282677650452,0.5802259872438262
2021-10-08,Sierit_DER_AN858_eobs2561__2021__southbound_01,Sierit  / DER AN858 (eobs2561),41.55735,0.55482215,41.556698,0.5537554,41.534496,0.5284766777961613,3.2434835726396556,0.114500955,0,0.40343207,0.70815045,3.3501935,41.55735,0.5548221468925476,0.11462806591032632
2021-10-09,Ed_plus_AAL16_e-obs_7210__2021__southbound_01,"Ed + (AAL16, e-obs 7210)",39.85583,-4.1715584,39.854263,-4.270872,39.847626,-4.183119427573045,7.527369473000927,8.479296,0,0.22386527,0.70815045,1.3415447,39.85583,-4.171558380126953,8.479304302622621
2021-10-09,Europa_DER_A1A26_eobs_4004__2021__southbound_01,Europa / DER A1A26 (eobs 4004),40.263256,-3.6342008,40.261814,-3.6341543,40.257164,-3.643588761885513,0.953031517799682,0.16030826,0,0.18237263,0.70815045,1.0439185,40.263256,-3.6342008113861084,0.16038688706502202
2021-10-09,Louis_DER_AU050_eobs_3264__2021__southbound_01,Louis / DER AU050 (eobs 3264),41.657887,0.9513762,41.657852,0.9515188,41.65091,0.9405382929902782,1.1950840493185912,0.012438214,0,0.17675065,0.70815045,1.1863104,41.657887,0.95137619972229,0.01244464101063333
2021-10-09,Sierit_DER_AN858_eobs2561__2021__southbound_01,Sierit  / DER AN858 (eobs2561),41.556698,0.5537554,41.5576,0.5538011,41.533966,0.5271936482023728,3.4363240355470395,0.100131124,0,0.4152648,0.70815045,3.351653,41.556698,0.5537554025650024,0.10017768166201033
2021-10-10,Ed_plus_AAL16_e-obs_7210__2021__southbound_01,"Ed + (AAL16, e-obs 7210)",39.854263,-4.270872,39.8652,-4.6851053,39.841946,-4.287229634247729,34.06202733049018,35.3778,1,0.31952876,0.70815045,1.9524045,39.854263,-4.270872116088867,35.37779255340567
2021-10-10,Europa_DER_A1A26_eobs_4004__2021__southbound_01,Europa / DER A1A26 (eobs 4004),40.261814,-3.6341543,40.25979,-3.6346369,40.25353,-3.6459772140582465,1.1876876601059752,0.2289495,0,0.2501052,0.70815045,1.3598155,40.261814,-3.6341543197631836,0.22892897927834707
2021-10-10,Louis_DER_AU050_eobs_3264__2021__southbound_01,Louis / DER AU050 (eobs 3264),41.657852,0.9515188,41.662094,0.95153725,41.65287,0.9434698169749947,1.2252214988398633,0.47175318,0,0.12758973,0.70815045,0.8668769,41.657852,0.9515187740325928,0.4716857298540934
2021-10-10,Sierit_DER_AN858_eobs2561__2021__southbound_01,Sierit  / DER AN858 (eobs2561),41.5576,0.5538011,41.557713,0.55440867,41.544945,0.5373222425439393,2.0092785119344887,0.05213998,0,0.2564979,0.70815045,1.9610215,41.5576,0.5538011193275452,0.052128869875669004
2021-10-11,Ed_plus_AAL16_e-obs_7210__2021__southbound_01,"Ed + (AAL16, e-obs 7210)",39.8652,-4.6851053,39.379917,-5.8253427,39.834347,-4.721220558432738,107.23820201000109,111.575485,1,0.6046938,0.70815045,4.6039977,39.8652,-4.685105323791504,111.57548645596157
2021-10-11,Europa_DER_A1A26_eobs_4004__2021__southbound_01,Europa / DER A1A26 (eobs 4004),40.25979,-3.6346369,40.291348,-3.6336932,40.249775,-3.6482383149906474,4.784545327755627,3.5099351,0,0.28767812,0.70815045,1.6007842,40.25979,-3.634636878967285,3.5101175253007937
2021-10-11,Louis_DER_AU050_eobs_3264__2021__southbound_01,Louis / DER AU050 (eobs 3264),41.662094,0.95153725,41.65781,0.95141137,41.656895,0.9429562050532532,0.7097725542642471,0.4763022,0,0.12946889,0.70815045,0.91625243,41.662094,0.9515372514724731,0.4764639450753882
2021-10-11,Sierit_DER_AN858_eobs2561__2021__southbound_01,Sierit  / DER AN858 (eobs2561),41.557713,0.55440867,41.538696,0.6148573,41.547066,0.5403163200817442,6.273092484719236,5.4568486,0,0.20379904,0.70815045,1.6633748,41.557713,0.5544086694717407,5.456771735359635
2021-10-12,Ed_plus_AAL16_e-obs_7210__2021__southbound_01,"Ed + (AAL16, e-obs 7210)",39.379917,-5.8253427,38.832294,-6.3756003,39.158886,-6.040343912300363,46.45673884549416,77.21475,1,0.9259258,0.70815045,30.695498,39.158886,-6.040343912300363,46.45673884549416
2021-10-12,Europa_DER_A1A26_eobs_4004__2021__southbound_01,Europa / DER A1A26 (eobs 4004),40.291348,-3.6336932,40.26309,-3.634282,40.28519,-3.6430809057704807,2.5685347273200265,3.1426313,0,0.16002451,0.70815045,1.0483792,40.291348,-3.633693218231201,3.142689716580842
2021-10-12,Louis_DER_AU050_eobs_3264__2021__southbound_01,Louis / DER AU050 (eobs 3264),41.65781,0.95141137,41.65783,0.95160085,41.650078,0.9398082204136351,1.3049262650403044,0.015884947,0,0.20150608,0.70815045,1.2893261,41.65781,0.9514113664627075,0.015883909403677426
2021-10-12,Sierit_DER_AN858_eobs2561__2021__southbound_01,Sierit  / DER AN858 (eobs2561),41.538696,0.6148573,41.54128,0.61553884,41.527077,0.6000789705369479,2.0371053517141626,0.29283023,0,0.20614347,0.70815045,1.7808816,41.538696,0.6148573160171509,0.29271520716924776
2021-10-13,Ed_plus_AAL16_e-obs_7210__2021__southbound_01,"Ed + (AAL16, e-obs 7210)",38.832294,-6.3756003,38.836105,-6.374772,38.68234,-6.519947808621174,21.232052646392273,0.42965308,0,0.89496195,0.70815045,20.804968,38.68234,-6.519947808621174,21.232052646392273
2021-10-13,Europa_DER_A1A26_eobs_4004__2021__southbound_01,Europa / DER A1A26 (eobs 4004),40.26309,-3.634282,40.261402,-3.6343458,40.254444,-3.646661477243838,1.3003095941958642,0.18733026,0,0.24348947,0.70815045,1.4212118,40.26309,-3.634282112121582,0.18756339461123178
2021-10-13,Louis_DER_AU050_eobs_3264__2021__southbound_01,Louis / DER AU050 (eobs 3264),41.65783,0.95160085,41.65816,0.9511081,41.65206,0.9427564206907776,0.9702963901919578,0.055134736,0,0.14465997,0.70815045,0.973544,41.65783,0.9516008496284485,0.055114627918703654
2021-10-13,Sierit_DER_AN858_eobs2561__2021__southbound_01,Sierit  / DER AN858 (eobs2561),41.54128,0.61553884,41.538536,0.6149967,41.529415,0.6002462189307755,1.5924957871487788,0.30851534,0,0.20719045,0.70815045,1.8297924,41.54128,0.6155388355255127,0.30830230120131213
2021-10-14,Ed_plus_AAL16_e-obs_7210__2021__southbound_01,"Ed + (AAL16, e-obs 7210)",38.836105,-6.374772,38.529705,-6.3443646,38.82317,-6.390566421061148,32.87737530433268,34.17224,1,0.36069015,0.70815045,1.9817026,38.836105,-6.374772071838379,34.172287691971626
2021-10-14,Europa_DER_A1A26_eobs_4004__2021__southbound_01,Europa / DER A1A26 (eobs 4004),40.261402,-3.6343458,40.258785,-3.6347842,40.25102,-3.6484813834492487,1.4480774413140152,0.29333368,0,0.30163723,0.70815045,1.6620013,40.261402,-3.634345769882202,0.29335327597505284
2021-10-14,Louis_DER_AU050_eobs_3264__2021__southbound_01,Louis / DER AU050 (eobs 3264),41.65816,0.9511081,41.66322,0.95074224,41.650715,0.9395682417519766,1.6718586524668961,0.5630676,0,0.18968807,0.70815045,1.2646543,41.65816,0.9511080980300903,0.5632773447935917
2021-10-14,Sierit_DER_AN858_eobs2561__2021__southbound_01,Sierit  / DER AN858 (eobs2561),41.538536,0.6149967,41.538548,0.6149802,41.519897,0.5926906940681612,2.782673857781346,0.0020857072,0,0.3214031,0.70815045,2.7775717,41.538536,0.6149966716766357,0.0018692456285865887
2021-10-15,Ed_plus_AAL16_e-obs_7210__2021__southbound_01,"Ed + (AAL16, e-obs 7210)",38.529705,-6.3443646,37.5937,-6.0076947,38.514168,-6.3627163567005445,106.96748950833161,108.17221,1,0.3819073,0.70815045,2.348192,38.529705,-6.344364643096924,108.17204249126489
2021-10-15,Europa_DER_A1A26_eobs_4004__2021__southbound_01,Europa / DER A1A26 (eobs 4004),40.258785,-3.6347842,40.259884,-3.6343744,40.248734,-3.648237856962546,1.709206243334071,0.12687524,0,0.3076842,0.70815045,1.594881,40.258785,-3.63478422164917,0.127016404945858
2021-10-15,Louis_DER_AU050_eobs_3264__2021__southbound_01,Louis / DER AU050 (eobs 3264),41.66322,0.95074224,41.661278,0.9515267,41.657967,0.9418987423112636,0.8805123229986344,0.22546339,0,0.12897012,0.70815045,0.9369248,41.66322,0.950742244720459,0.22552539585505152
2021-10-15,Sierit_DER_AN858_eobs2561__2021__southbound_01,Sierit  / DER AN858 (eobs2561),41.538548,0.6149802,41.53867,0.6150512,41.52078,0.5919737525510664,2.7654901980172175,0.014628989,0,0.32373878,0.70815045,2.7464693,41.538548,0.6149802207946777,0.01480381847015431
2021-10-16,Ed_plus_AAL16_e-obs_7210__2021__southbound_01,"Ed + (AAL16, e-obs 7210)",37.5937,-6.0076947,37.593742,-6.00738,37.557602,-6.043662198877959,5.135484934972938,0.028130261,0,0.61740726,0.70815045,5.1051965,37.5937,-6.007694721221924,0.028117945192731166
2021-10-16,Europa_DER_A1A26_eobs_4004__2021__southbound_01,Europa / DER A1A26 (eobs 4004),40.259884,-3.6343744,40.261364,-3.6337926,40.254562,-3.642482633711815,1.0563026736372436,0.171894,0,0.1548131,0.70815045,0.905887,40.259884,-3.6343743801116943,0.17182360447806924
2021-10-16,Louis_DER_AU050_eobs_3264__2021__southbound_01,Louis / DER AU050 (eobs 3264),41.661278,0.9515267,41.66506,0.94823927,41.656048,0.9431137652791668,1.088626910749852,0.5014057,0,0.12734753,0.70815045,0.90748197,41.661278,0.9515267014503479,0.5012758717037326
2021-10-16,Sierit_DER_AN858_eobs2561__2021__southbound_01,Sierit  / DER AN858 (eobs2561),41.53867,0.6150512,41.54014,0.6151167,41.52776,0.5996599740287386,1.8841083408538462,0.1635921,0,0.20603164,0.70815045,1.7612761,41.53867,0.6150512099266052,0.1633985753235243
2021-10-17,Ed_plus_AAL16_e-obs_7210__2021__southbound_01,"Ed + (AAL16, e-obs 7210)",37.593742,-6.00738,37.533047,-6.00962,37.585983,-6.0168495489123694,5.920677578669471,6.7518454,0,0.15253644,0.70815045,1.1982023,37.593742,-6.00738000869751,6.751945264905486
2021-10-17,Europa_DER_A1A26_eobs_4004__2021__southbound_01,Europa / DER A1A26 (eobs 4004),40.261364,-3.6337926,40.261806,-3.634365,40.25775,-3.6396351661364608,0.6350536958215659,0.06911817,0,0.092770964,0.70815045,0.63682497,40.261364,-3.6337926387786865,0.06914090281929698
2021-10-17,Louis_DER_AU050_eobs_3264__2021__southbound_01,Louis / DER AU050 (eobs 3264),41.66506,0.94823927,41.661915,0.9501597,41.65972,0.9391827923618844,0.9439421423467917,0.3841602,0,0.13540119,0.70815045,0.95656776,41.66506,0.948239266872406,0.38420718413836097
2021-10-17,Sierit_DER_AN858_eobs2561__2021__southbound_01,Sierit  / DER AN858 (eobs2561),41.54014,0.6151167,41.538284,0.61490965,41.530415,0.6006308432547994,1.4759107687447053,0.20727359,0,0.18629387,0.70815045,1.6165527,41.54014,0.6151167154312134,0.20686845768258666
2021-10-18,Ed_plus_AAL16_e-obs_7210__2021__southbound_01,"Ed + (AAL16, e-obs 7210)",37.533047,-6.00962,37.163715,-6.2020426,37.525253,-6.019039202657629,43.33417805473676,44.451096,1,0.13619164,0.70815045,1.1982206,37.533047,-6.009620189666748,44.450885444107705
2021-10-18,Europa_DER_A1A26_eobs_4004__2021__southbound_01,Europa / DER A1A26 (eobs 4004),40.261806,-3.634365,40.32144,-3.5901666,40.257175,-3.6419375731063086,8.38740628494274,7.6175394,0,0.1299618,0.70815045,0.8219715,40.261806,-3.6343650817871094,7.617404819715263
2021-10-18,Louis_DER_AU050_eobs_3264__2021__southbound_01,Louis / DER AU050 (eobs 3264),41.661915,0.9501597,41.660698,0.95156795,41.65699,0.9419789027187683,0.8969876187855559,0.17907928,0,0.12217147,0.70815045,0.8713266,41.661915,0.9501597285270691,0.17887046161513623
2021-10-19,Ed_plus_AAL16_e-obs_7210__2021__southbound_01,"Ed + (AAL16, e-obs 7210)",37.163715,-6.2020426,37.154522,-6.1693482,37.140614,-6.2247549865236955,5.148562221736922,3.0723412,0,0.40530816,0.70815045,3.2575712,37.163715,-6.202042579650879,3.0723669687706456
2021-10-19,Europa_DER_A1A26_eobs_4004__2021__southbound_01,Europa / DER A1A26 (eobs 4004),40.32144,-3.5901666,40.322083,-3.5996642,40.31789,-3.596221475880981,0.5500039207988403,0.8083249,0,0.09615113,0.70815045,0.6464324,40.32144,-3.5901665687561035,0.8083350255714412
2021-10-19,Louis_DER_AU050_eobs_3264__2021__southbound_01,Louis / DER AU050 (eobs 3264),41.660698,0.95156795,41.658875,0.95127183,41.656,0.9437421029372807,0.702569268436582,0.2043226,0,0.116343625,0.70815045,0.8326971,41.660698,0.9515679478645325,0.2042427633029065
2021-10-20,Ed_plus_AAL16_e-obs_7210__2021__southbound_01,"Ed + (AAL16, e-obs 7210)",37.154522,-6.1693482,37.223404,-5.8807354,37.14405,-6.18131006479418,28.051579803718685,26.68896,0,0.18508315,0.70815045,1.5717723,37.154522,-6.169348239898682,26.68889662016889
2021-10-20,Europa_DER_A1A26_eobs_4004__2021__southbound_01,Europa / DER A1A26 (eobs 4004),40.322083,-3.5996642,40.31485,-3.6240296,40.314922,-3.610935630688246,1.1102212541225764,2.2168155,0,0.20408855,0.70815045,1.2416942,40.322083,-3.5996642112731934,2.2167760082018577
2021-10-20,Louis_DER_AU050_eobs_3264__2021__southbound_01,Louis / DER AU050 (eobs 3264),41.658875,0.95127183,41.66311,0.9484897,41.652634,0.9412269251216548,1.3117861208584671,0.5246436,0,0.15674485,0.70815045,1.0833718,41.658875,0.9512718319892883,0.5245004928713023
2021-10-21,Ed_plus_AAL16_e-obs_7210__2021__southbound_01,"Ed + (AAL16, e-obs 7210)",37.223404,-5.8807354,37.22879,-5.881563,37.21747,-5.888531105611108,1.4019998578535797,0.6031861,0,0.09207098,0.70815045,0.95336217,37.223404,-5.880735397338867,0.6034036375471512
2021-10-21,Europa_DER_A1A26_eobs_4004__2021__southbound_01,Europa / DER A1A26 (eobs 4004),40.31485,-3.6240296,40.307487,-3.6170847,40.30408,-3.6399859429921024,1.9785665942290245,1.0083095,0,0.31371787,0.70815045,1.8035067,40.31485,-3.6240296363830566,1.0084460048403467
2021-10-21,Louis_DER_AU050_eobs_3264__2021__southbound_01,Louis / DER AU050 (eobs 3264),41.66311,0.9484897,41.660633,0.9438561,41.658035,0.9393858577032362,0.47048437895331296,0.4731458,0,0.12587078,0.70815045,0.9417511,41.66311,0.9484897255897522,0.47323260823671115
2021-10-22,Ed_plus_AAL16_e-obs_7210__2021__southbound_01,"Ed + (AAL16, e-obs 7210)",37.22879,-5.881563,37.2224,-5.885379,37.22189,-5.890287564490831,0.438340192567952,0.7865546,0,0.09887181,0.70815045,1.0868486,37.22879,-5.881563186645508,0.7867252365514553
2021-10-22,Europa_DER_A1A26_eobs_4004__2021__southbound_01,Europa / DER A1A26 (eobs 4004),40.307487,-3.6170847,40.3079,-3.6120775,40.29951,-3.6281428053646128,1.6510691300362466,0.4270481,0,0.20951878,0.70815045,1.2884187,40.307487,-3.6170847415924072,0.4270569588255287
2021-10-22,Louis_DER_AU050_eobs_3264__2021__southbound_01,Louis / DER AU050 (eobs 3264),41.660633,0.9438561,41.667133,0.9495537,41.65224,0.9303189114823595,2.30122416205595,0.8638801,0,0.20710419,0.70815045,1.4589076,41.660633,0.9438561201095581,0.8639682817440499
2021-10-23,Ed_plus_AAL16_e-obs_7210__2021__southbound_01,"Ed + (AAL16, e-obs 7210)",37.2224,-5.885379,37.222507,-5.8867292,37.21145,-5.897201641342894,1.5401537560743692,0.120146975,0,0.16513206,0.70815045,1.6030444,37.2224,-5.885378837585449,0.1201582933104598
2021-10-23,Europa_DER_A1A26_eobs_4004__2021__southbound_01,Europa / DER A1A26 (eobs 4004),40.3079,-3.6120775,40.235306,-3.6294167,40.302204,-3.620390382700659,7.478084664161184,8.20505,0,0.13736428,0.70815045,0.9459206,40.3079,-3.612077474594116,8.205011753254517
2021-10-23,Louis_DER_AU050_eobs_3264__2021__southbound_01,Louis / DER AU050 (eobs 3264),41.667133,0.9495537,41.658417,0.95126075,41.66326,0.9425623455412812,0.9013074907876288,0.97956157,0,0.08987185,0.70815045,0.7217391,41.667133,0.9495537281036377,0.9795593402249452
2021-10-24,Ed_plus_AAL16_e-obs_7210__2021__southbound_01,"Ed + (AAL16, e-obs 7210)",37.222507,-5.8867292,37.21989,-5.886865,37.210094,-5.899882596930427,1.5859771144333423,0.2911016,0,0.19992746,0.70815045,1.8028216,37.222507,-5.8867292404174805,0.2912331400630548
2021-10-24,Europa_DER_A1A26_eobs_4004__2021__southbound_01,Europa / DER A1A26 (eobs 4004),40.235306,-3.6294167,40.263374,-3.6333177,40.22592,-3.6418414497666345,4.226925665735842,3.1387563,0,0.2457058,0.70815045,1.4809129,40.235306,-3.6294167041778564,3.138594159391219
2021-10-24,Louis_DER_AU050_eobs_3264__2021__southbound_01,Louis / DER AU050 (eobs 3264),41.658417,0.95126075,41.65773,0.9514614,41.652245,0.9418547662199734,1.0045179644309528,0.077992156,0,0.14203013,0.70815045,1.038086,41.658417,0.9512607455253601,0.07814970173408392
2021-10-25,Ed_plus_AAL16_e-obs_7210__2021__southbound_01,"Ed + (AAL16, e-obs 7210)",37.21989,-5.886865,37.221687,-5.8868527,37.20898,-5.898102713659849,1.7288152306221432,0.19943133,0,0.17668507,0.70815045,1.56632,37.21989,-5.886865139007568,0.19978970871448984
2021-10-25,Europa_DER_A1A26_eobs_4004__2021__southbound_01,Europa / DER A1A26 (eobs 4004),40.263374,-3.6333177,40.264034,-3.6333163,40.257397,-3.641959814026162,1.0405172088100778,0.07311086,0,0.1574314,0.70815045,0.98806024,40.263374,-3.633317708969116,0.073382473738283
2021-10-25,Louis_DER_AU050_eobs_3264__2021__southbound_01,Louis / DER AU050 (eobs 3264),41.65773,0.9514614,41.657867,0.9515576,41.650417,0.9411211490853416,1.1992046129571543,0.017163489,0,0.17416285,0.70815045,1.1808796,41.65773,0.9514613747596741,0.017235350756433263
2021-10-26,Ed_plus_AAL16_e-obs_7210__2021__southbound_01,"Ed + (AAL16, e-obs 7210)",37.221687,-5.8868527,37.22315,-5.8809767,37.215015,-5.8946761904967815,1.5130612512114305,0.5451769,0,0.09492389,0.70815045,1.013162,37.221687,-5.886852741241455,0.5450635817828743
2021-10-26,Europa_DER_A1A26_eobs_4004__2021__southbound_01,Europa / DER A1A26 (eobs 4004),40.264034,-3.6333163,40.260742,-3.633537,40.25964,-3.640025015619713,0.5640184106759302,0.3662775,0,0.10933182,0.70815045,0.7489046,40.264034,-3.6333162784576416,0.3665425398368079
2021-10-26,Louis_DER_AU050_eobs_3264__2021__southbound_01,Louis / DER AU050 (eobs 3264),41.657867,0.9515576,41.658127,0.9514687,41.652954,0.9438988478582163,0.8522635502807832,0.029816588,0,0.114045694,0.70815045,0.8371962,41.657867,0.9515575766563416,0.029773856246311986
2021-10-27,Ed_plus_AAL16_e-obs_7210__2021__southbound_01,"Ed + (AAL16, e-obs 7210)",37.22315,-5.8809767,37.221527,-5.886993,37.21779,-5.887667559743859,0.4199622902525881,0.5624515,0,0.07265475,0.70815045,0.83871853,37.22315,-5.880976676940918,0.5623803112583983
2021-10-27,Europa_DER_A1A26_eobs_4004__2021__southbound_01,Europa / DER A1A26 (eobs 4004),40.260742,-3.633537,40.263313,-3.630154,40.254025,-3.6426131922379428,1.4780414326790532,0.40497297,0,0.16322294,0.70815045,1.0710284,40.260742,-3.6335370540618896,0.40514776935456104
2021-10-27,Louis_DER_AU050_eobs_3264__2021__southbound_01,Louis / DER AU050 (eobs 3264),41.658127,0.9514687,41.66191,0.94862694,41.65325,0.9435803324075767,1.0501962691204316,0.48242635,0,0.11397544,0.70815045,0.8489983,41.658127,0.9514687061309814,0.48248338739234675
2021-10-28,Ed_plus_AAL16_e-obs_7210__2021__southbound_01,"Ed + (AAL16, e-obs 7210)",37.221527,-5.886993,37.192818,-5.9131646,37.212696,-5.897231194502209,2.622439573497053,3.945123,0,0.12873474,0.70815045,1.3339503,37.221527,-5.886992931365967,3.945037052353624
2021-10-28,Europa_DER_A1A26_eobs_4004__2021__southbound_01,Europa / DER A1A26 (eobs 4004),40.263313,-3.630154,40.26407,-3.6322224,40.258873,-3.636578925134603,0.6858719929678453,0.19457458,0,0.10716347,0.70815045,0.73410815,40.263313,-3.6301538944244385,0.1945746195853942
2021-10-28,Louis_DER_AU050_eobs_3264__2021__southbound_01,Louis / DER AU050 (eobs 3264),41.66191,0.94862694,41.66794,0.9515064,41.65732,0.9409049254122946,1.4731313840891787,0.71137893,0,0.10102912,0.70815045,0.818407,41.66191,0.9486269354820251,0.711600860804299
2021-10-29,Ed_plus_AAL16_e-obs_7210__2021__southbound_01,"Ed + (AAL16, e-obs 7210)",37.192818,-5.9131646,37.16616,-5.9580846,37.181164,-5.925919644375517,3.3022425603513956,4.9620266,0,0.18783697,0.70815045,1.7160525,37.192818,-5.9131646156311035,4.962231940750202
2021-10-29,Europa_DER_A1A26_eobs_4004__2021__southbound_01,Europa / DER A1A26 (eobs 4004),40.26407,-3.6322224,40.320896,-3.6073222,40.258842,-3.6399056205230176,7.432942564168025,6.6626015,0,0.13166393,0.70815045,0.8718591,40.26407,-3.6322224140167236,6.662518084988917
2021-10-29,Louis_DER_AU050_eobs_3264__2021__southbound_01,Louis / DER AU050 (eobs 3264),41.66794,0.9515064,41.666363,0.9465311,41.66405,0.9445560201878314,0.30494688977651574,0.44881675,0,0.08242895,0.70815045,0.7198151,41.66794,0.9515063762664795,0.4488665456083614
2021-10-30,Ed_plus_AAL16_e-obs_7210__2021__southbound_01,"Ed + (AAL16, e-obs 7210)",37.16616,-5.9580846,37.171257,-5.958897,37.15404,-5.971953647104876,2.236781437604714,0.57112414,0,0.20784843,0.70815045,1.8205395,37.16616,-5.958084583282471,0.571253582335652
2021-10-30,Europa_DER_A1A26_eobs_4004__2021__southbound_01,Europa / DER A1A26 (eobs 4004),40.320896,-3.6073222,40.25067,-3.6785955,40.317364,-3.612941997982775,9.274128408969991,9.875549,0,0.0887632,0.70815045,0.6164518,40.320896,-3.6073222160339355,9.87543884541994
2021-10-30,Louis_DER_AU050_eobs_3264__2021__southbound_01,Louis / DER AU050 (eobs 3264),41.666363,0.9465311,41.664085,0.9515797,41.66162,0.9384569717301898,1.1240218394646888,0.48978877,0,0.09944081,0.70815045,0.8516154,41.666363,0.9465311169624329,0.4898974209524478
2021-10-31,Ed_plus_AAL16_e-obs_7210__2021__southbound_01,"Ed + (AAL16, e-obs 7210)",37.171257,-5.958897,37.176624,-5.9551215,37.163548,-5.969313563070005,1.9223976981760218,0.6841221,0,0.1334053,0.70815045,1.2572957,37.171257,-5.958897113800049,0.6841727359496502
2021-10-31,Europa_DER_A1A26_eobs_4004__2021__southbound_01,Europa / DER A1A26 (eobs 4004),40.25067,-3.6785955,40.29147,-3.633428,40.243263,-3.689510558274177,7.167631855793237,5.9384594,0,0.214953,0.70815045,1.2373894,40.25067,-3.678595542907715,5.938439501616099
2021-10-31,Louis_DER_AU050_eobs_3264__2021__southbound_01,Louis / DER AU050 (eobs 3264),41.664085,0.9515797,41.66187,0.9440007,41.660767,0.9457072704040305,0.18741782676599322,0.6761791,0,0.07117889,0.70815045,0.61068076,41.664085,0.9515796899795532,0.6761031358820943
2021-11-01,Ed_plus_AAL16_e-obs_7210__2021__southbound_01,"Ed + (AAL16, e-obs 7210)",37.176624,-5.9551215,37.22026,-5.8845806,37.17084,-5.963520783408693,8.893112248681636,7.9106402,0,0.094904356,0.70815045,0.98173666,37.176624,-5.9551215171813965,7.910764580245208
2021-11-01,Europa_DER_A1A26_eobs_4004__2021__southbound_01,Europa / DER A1A26 (eobs 4004),40.29147,-3.633428,40.291492,-3.633498,40.287018,-3.640686797055766,0.7869909832048747,0.0064747115,0,0.13455637,0.70815045,0.788569,40.29147,-3.6334280967712402,0.006448424467515745
2021-11-01,Louis_DER_AU050_eobs_3264__2021__southbound_01,Louis / DER AU050 (eobs 3264),41.66187,0.9440007,41.66325,0.95109147,41.65634,0.9353726546238645,1.5150238283565376,0.60867715,0,0.11746554,0.70815045,0.94244564,41.66187,0.9440007209777832,0.6087193890980879
2021-11-02,Ed_plus_AAL16_e-obs_7210__2021__southbound_01,"Ed + (AAL16, e-obs 7210)",37.22026,-5.8845806,37.221363,-5.884307,37.21523,-5.891889555757553,0.9571044121189026,0.12514307,0,0.079504706,0.70815045,0.85399336,37.22026,-5.884580612182617,0.12495944293383553
2021-11-02,Europa_DER_A1A26_eobs_4004__2021__southbound_01,Europa / DER A1A26 (eobs 4004),40.291492,-3.633498,40.291645,-3.6330664,40.284336,-3.644630782173145,1.2738365797724076,0.040410653,0,0.20635924,0.70815045,1.2327675,40.291492,-3.633497953414917,0.040342538657949865
2021-11-02,Louis_DER_AU050_eobs_3264__2021__southbound_01,Louis / DER AU050 (eobs 3264),41.66325,0.95109147,41.66276,0.95132405,41.65852,0.9435817417361717,0.7975987879966979,0.05763212,0,0.100462735,0.70815045,0.81446147,41.66325,0.951091468334198,0.057629523284615486
2021-11-03,Ed_plus_AAL16_e-obs_7210__2021__southbound_01,"Ed + (AAL16, e-obs 7210)",37.221363,-5.884307,37.222183,-5.8824253,37.216175,-5.891295771321539,1.0311509244993295,0.19002093,0,0.07326599,0.70815045,0.8446203,37.221363,-5.884306907653809,0.18993273847298753
2021-11-03,Europa_DER_A1A26_eobs_4004__2021__southbound_01,Europa / DER A1A26 (eobs 4004),40.291645,-3.6330664,40.291332,-3.6330643,40.287563,-3.639434557604327,0.683794140567717,0.034721166,0,0.10775112,0.70815045,0.70426506,40.291645,-3.633066415786743,0.03478287274760477
2021-11-03,Louis_DER_AU050_eobs_3264__2021__southbound_01,Louis / DER AU050 (eobs 3264),41.66276,0.95132405,41.663937,0.94854164,41.657112,0.9431718102438627,0.8802556626675168,0.26560953,0,0.11441855,0.70815045,0.92204195,41.66276,0.9513240456581116,0.26550181057449795
2021-11-04,Ed_plus_AAL16_e-obs_7210__2021__southbound_01,"Ed + (AAL16, e-obs 7210)",37.222183,-5.8824253,37.19028,-5.9281163,37.21644,-5.8896192861306025,4.481600566485427,5.3814263,0,0.07604584,0.70815045,0.9005689,37.222183,-5.882425308227539,5.381291449502695
2021-11-04,Europa_DER_A1A26_eobs_4004__2021__southbound_01,Europa / DER A1A26 (eobs 4004),40.291332,-3.6330643,40.263615,-3.633206,40.285072,-3.6415991695457315,2.4899736791392435,3.0824177,0,0.15566924,0.70815045,1.0025648,40.291332,-3.6330642700195312,3.08208309683555
2021-11-04,Louis_DER_AU050_eobs_3264__2021__southbound_01,Louis / DER AU050 (eobs 3264),41.663937,0.94854164,41.66468,0.94754547,41.655815,0.9369936497005971,1.3191520012375755,0.11704492,0,0.16571634,0.70815045,1.315289,41.663937,0.9485416412353516,0.11700131328125359
2021-11-05,Ed_plus_AAL16_e-obs_7210__2021__southbound_01,"Ed + (AAL16, e-obs 7210)",37.19028,-5.9281163,37.19209,-5.950459,37.178978,-5.939854207454743,1.734362064549842,1.9892833,0,0.14263895,0.70815045,1.6282269,37.19028,-5.928116321563721,1.9893136233019377
2021-11-05,Europa_DER_A1A26_eobs_4004__2021__southbound_01,Europa / DER A1A26 (eobs 4004),40.263615,-3.633206,40.26306,-3.633591,40.254574,-3.644121683854893,1.2997186307441075,0.06956194,0,0.20651606,0.70815045,1.364435,40.263615,-3.6332058906555176,0.06964445367273543
2021-11-05,Louis_DER_AU050_eobs_3264__2021__southbound_01,Louis / DER AU050 (eobs 3264),41.66468,0.94754547,41.669514,0.9460496,41.657845,0.9379157405259753,1.4629343137525945,0.55171835,0,0.1319843,0.70815045,1.1015888,41.66468,0.9475454688072205,0.5516078382057071
2021-11-06,Ed_plus_AAL16_e-obs_7210__2021__southbound_01,"Ed + (AAL16, e-obs 7210)",37.19209,-5.950459,37.19251,-5.8818226,37.1797,-5.9622352530799425,7.264488431871068,6.079938,0,0.14361636,0.70815045,1.7249936,37.19209,-5.950459003448486,6.079940837567866
2021-11-06,Europa_DER_A1A26_eobs_4004__2021__southbound_01,Europa / DER A1A26 (eobs 4004),40.26306,-3.633591,40.263786,-3.633254,40.249924,-3.6483191867188993,2.002603898802507,0.08565905,0,0.27983573,0.70815045,1.9189692,40.26306,-3.6335909366607666,0.08551252981131274
2021-11-06,Louis_DER_AU050_eobs_3264__2021__southbound_01,Louis / DER AU050 (eobs 3264),41.669514,0.9460496,41.663757,0.9513165,41.663612,0.9382068174332235,1.0891302125671363,0.775325,0,0.09628884,0.70815045,0.9229481,41.669514,0.9460495710372925,0.775311819075042
2021-11-07,Ed_plus_AAL16_e-obs_7210__2021__southbound_01,"Ed + (AAL16, e-obs 7210)",37.19251,-5.8818226,37.164833,-5.9613924,37.18543,-5.888818609498939,6.825648349882008,7.6920037,0,0.07484534,0.70815045,1.0000517,37.19251,-5.88182258605957,7.691936229529024
2021-11-07,Europa_DER_A1A26_eobs_4004__2021__southbound_01,Europa / DER A1A26 (eobs 4004),40.263786,-3.633254,40.321423,-3.5995865,40.257732,-3.640925110719993,7.902473562671679,7.0159526,0,0.12631215,0.70815045,0.93478405,40.263786,-3.633254051208496,7.016225033839447
2021-11-07,Louis_DER_AU050_eobs_3264__2021__southbound_01,Louis / DER AU050 (eobs 3264),41.663757,0.9513165,41.657715,0.9514639,41.65766,0.9441991238298438,0.6035639046809194,0.6724081,0,0.089507475,0.70815045,0.89787865,41.663757,0.9513164758682251,0.6720056745472465
2021-11-08,Ed_plus_AAL16_e-obs_7210__2021__southbound_01,"Ed + (AAL16, e-obs 7210)",37.164833,-5.9613924,37.210426,-5.901478,37.155003,-5.97007457809472,8.655105565919607,7.339819,0,0.10457063,0.70815045,1.334303,37.164833,-5.961392402648926,7.339758965178163
2021-11-08,Europa_DER_A1A26_eobs_4004__2021__southbound_01,Europa / DER A1A26 (eobs 4004),40.321423,-3.5995865,40.33385,-3.5989313,40.317356,-3.605147448048193,1.9083338040604763,1.3833815,0,0.07655218,0.70815045,0.65213716,40.321423,-3.5995864868164062,1.3830795771697548
2021-11-08,Louis_DER_AU050_eobs_3264__2021__southbound_01,Louis / DER AU050 (eobs 3264),41.657715,0.9514639,41.647175,0.9578444,41.65007,0.9433428129648928,1.2471876981934131,1.2862917,0,0.112145856,0.70815045,1.0834233,41.657715,0.9514638781547546,1.2863127997813004
2021-11-09,Ed_plus_AAL16_e-obs_7210__2021__southbound_01,"Ed + (AAL16, e-obs 7210)",37.210426,-5.901478,37.22079,-5.887798,37.204483,-5.907407822263544,2.510759995682969,1.6720436,0,0.060533468,0.70815045,0.84272027,37.210426,-5.901477813720703,1.6720296273249657
2021-11-09,Europa_DER_A1A26_eobs_4004__2021__southbound_01,Europa / DER A1A26 (eobs 4004),40.33385,-3.5989313,40.284847,-3.622396,40.329353,-3.6055076427660966,5.151891901814973,5.800771,0,0.088086516,0.70815045,0.74765587,40.33385,-3.598931312561035,5.800848934458742
2021-11-09,Louis_DER_AU050_eobs_3264__2021__southbound_01,Louis / DER AU050 (eobs 3264),41.647175,0.9578444,41.647053,0.95779747,41.638638,0.9493315823070615,1.1706757630952052,0.013858133,0,0.12162217,0.70815045,1.1818433,41.647175,0.9578443765640259,0.01412214955340792
2021-11-10,Ed_plus_AAL16_e-obs_7210__2021__southbound_01,"Ed + (AAL16, e-obs 7210)",37.22079,-5.887798,37.168835,-5.954089,37.21606,-5.892879045883869,7.548076648087962,8.237499,0,0.04905924,0.70815045,0.6908025,37.22079,-5.887797832489014,8.237436896650282
2021-11-10,Europa_DER_A1A26_eobs_4004__2021__southbound_01,Europa / DER A1A26 (eobs 4004),40.284847,-3.622396,40.263058,-3.6326995,40.278053,-3.631103330476163,1.672924259299684,2.575967,0,0.12947842,0.70815045,1.0547787,40.284847,-3.6223959922790527,2.575751099254903
2021-11-11,Ed_plus_AAL16_e-obs_7210__2021__southbound_01,"Ed + (AAL16, e-obs 7210)",37.168835,-5.954089,37.168278,-5.952407,37.161377,-5.961392260244606,1.105778939383919,0.16150384,0,0.09250507,0.70815045,1.0501623,37.168835,-5.954089164733887,0.1614149289670285
2021-11-11,Europa_DER_A1A26_eobs_4004__2021__southbound_01,Europa / DER A1A26 (eobs 4004),40.263058,-3.6326995,40.235367,-3.618495,40.2535,-3.643763668924518,2.943808737244444,3.3066163,0,0.19190338,0.70815045,1.4153919,40.263058,-3.632699489593506,3.306670546639846
2021-11-12,Ed_plus_AAL16_e-obs_7210__2021__southbound_01,"Ed + (AAL16, e-obs 7210)",37.168278,-5.952407,37.16686,-5.946577,37.162754,-5.9579342590927356,1.105037483833964,0.54006726,0,0.067856416,0.70815045,0.7841996,37.168278,-5.952406883239746,0.5401320394091588
2021-11-12,Europa_DER_A1A26_eobs_4004__2021__southbound_01,Europa / DER A1A26 (eobs 4004),40.235367,-3.618495,40.208237,-3.602621,40.227764,-3.6270157105631795,3.0008404049378448,3.3041394,0,0.1562346,0.70815045,1.1107266,40.235367,-3.618494987487793,3.3041052649641927
2021-11-13,Ed_plus_AAL16_e-obs_7210__2021__southbound_01,"Ed + (AAL16, e-obs 7210)",37.16686,-5.946577,37.166683,-5.9542823,37.161873,-5.951610511153874,0.5849389771295197,0.68302286,0,0.05822747,0.70815045,0.7103384,37.16686,-5.946577072143555,0.6830312631941468
2021-11-13,Europa_DER_A1A26_eobs_4004__2021__southbound_01,Europa / DER A1A26 (eobs 4004),40.208237,-3.602621,40.33112,-3.6038399,40.201847,-3.6094715937548814,14.382401531608833,13.664598,0,0.1290803,0.70815045,0.9167071,40.208237,-3.602621078491211,13.664358862231758
2021-11-14,Ed_plus_AAL16_e-obs_7210__2021__southbound_01,"Ed + (AAL16, e-obs 7210)",37.166683,-5.9542823,37.166874,-5.9541974,37.159992,-5.9606801027549405,0.9568413359600799,0.022318022,0,0.07651848,0.70815045,0.9336205,37.166683,-5.954282283782959,0.02250279871408313
2021-11-14,Europa_DER_A1A26_eobs_4004__2021__southbound_01,Europa / DER A1A26 (eobs 4004),40.33112,-3.6038399,40.32137,-3.594558,40.32603,-3.6094628629813,1.3657488908719984,1.3398452,0,0.085132,0.70815045,0.7384203,40.33112,-3.603839874267578,1.3396253328451024
2021-11-15,Ed_plus_AAL16_e-obs_7210__2021__southbound_01,"Ed + (AAL16, e-obs 7210)",37.166874,-5.9541974,37.166843,-5.95422,37.16183,-5.959550562979159,0.730608862800712,0.0038858312,0,0.05625499,0.70815045,0.7331697,37.166874,-5.954197406768799,0.003931766757650027
2021-11-15,Europa_DER_A1A26_eobs_4004__2021__southbound_01,Europa / DER A1A26 (eobs 4004),40.32137,-3.594558,40.263817,-3.6321826,40.315285,-3.601083479766564,6.301609250826888,7.1507955,0,0.10078517,0.70815045,0.8722776,40.32137,-3.594558000564575,7.151028153773489
2021-11-16,Ed_plus_AAL16_e-obs_7210__2021__southbound_01,"Ed + (AAL16, e-obs 7210)",37.166843,-5.95422,37.153416,-5.9547462,37.159718,-5.9610459818419015,0.8959471379306857,1.4938662,0,0.07850917,0.70815045,0.9950405,37.166843,-5.954219818115234,1.493826598968396
2021-11-16,Europa_DER_A1A26_eobs_4004__2021__southbound_01,Europa / DER A1A26 (eobs 4004),40.263817,-3.6321826,40.2646,-3.6329992,40.254192,-3.642306549149057,1.4009849798635323,0.11092278,0,0.16999827,0.70815045,1.3700413,40.263817,-3.6321825981140137,0.11118469207652287
2021-11-17,Europa_DER_A1A26_eobs_4004__2021__southbound_01,Europa / DER A1A26 (eobs 4004),40.2646,-3.6329992,40.264763,-3.6320436,40.25757,-3.6410923126572086,1.1088438326778536,0.08312205,0,0.11022679,0.70815045,1.0387031,40.2646,-3.6329991817474365,0.08310665239558496
2021-11-18,Europa_DER_A1A26_eobs_4004__2021__southbound_01,Europa / DER A1A26 (eobs 4004),40.264763,-3.6320436,40.313248,-3.60496,40.259945,-3.6380909348707613,6.55947949148475,5.860239,0,0.06884727,0.70815045,0.74051875,40.264763,-3.6320436000823975,5.860284745476826
2021-11-19,Europa_DER_A1A26_eobs_4004__2021__southbound_01,Europa / DER A1A26 (eobs 4004),40.313248,-3.60496,40.327168,-3.599088,40.309345,-3.6102320927128364,2.195453590090308,1.6258845,0,0.05219637,0.70815045,0.62204576,40.313248,-3.6049599647521973,1.62590523483509
2021-11-20,Europa_DER_A1A26_eobs_4004__2021__southbound_01,Europa / DER A1A26 (eobs 4004),40.327168,-3.599088,40.327198,-3.597524,40.323765,-3.604118252040397,0.6769365350994313,0.13263825,0,0.04705618,0.70815045,0.5692094,40.327168,-3.599087953567505,0.13262719984109533
2021-11-21,Europa_DER_A1A26_eobs_4004__2021__southbound_01,Europa / DER A1A26 (eobs 4004),40.327198,-3.597524,40.26402,-3.6027386,40.32428,-3.6019685170660605,6.701019768111304,7.0392184,0,0.041328073,0.70815045,0.49650592,40.327198,-3.5975239276885986,7.039102911008691
2021-11-22,Europa_DER_A1A26_eobs_4004__2021__southbound_01,Europa / DER A1A26 (eobs 4004),40.26402,-3.6027386,40.30714,-3.5990047,40.260624,-3.607745009812383,5.225261275725276,4.805337,0,0.056976102,0.70815045,0.5674275,40.26402,-3.602738618850708,4.805329423377764
2021-11-23,Europa_DER_A1A26_eobs_4004__2021__southbound_01,Europa / DER A1A26 (eobs 4004),40.30714,-3.5990047,40.176826,-3.5660312,40.30447,-3.6031510985667246,14.538839331672028,14.757829,0,0.04967009,0.70815045,0.4593197,40.30714,-3.5990047454833984,14.758065494602285
2021-11-24,Europa_DER_A1A26_eobs_4004__2021__southbound_01,Europa / DER A1A26 (eobs 4004),40.176826,-3.5660312,40.17684,-3.5659435,40.173595,-3.570731480256523,0.5438604177025892,0.0076360875,0,0.06663458,0.70815045,0.53615266,40.176826,-3.5660312175750732,0.00764483014005732
2021-11-25,Europa_DER_A1A26_eobs_4004__2021__southbound_01,Europa / DER A1A26 (eobs 4004),40.17684,-3.5659435,40.185543,-3.575326,40.17414,-3.5699174878323947,1.3485522979907774,1.2534872,0,0.056667842,0.70815045,0.451181,40.17684,-3.565943479537964,1.253585719550476
2021-11-26,Europa_DER_A1A26_eobs_4004__2021__southbound_01,Europa / DER A1A26 (eobs 4004),40.185543,-3.575326,40.301094,-3.5659697,40.182365,-3.5797942758120165,13.254084015755764,12.873242,0,0.06327427,0.70815045,0.51781195,40.185543,-3.5753259658813477,12.873219368975118
2021-11-27,Europa_DER_A1A26_eobs_4004__2021__southbound_01,Europa / DER A1A26 (eobs 4004),40.301094,-3.5659697,40.1944,-3.5753632,40.2977,-3.570443597256087,11.493836630396734,11.890416,0,0.057713985,0.70815045,0.5343504,40.301094,-3.565969705581665,11.890522518929393
2021-11-28,Europa_DER_A1A26_eobs_4004__2021__southbound_01,Europa / DER A1A26 (eobs 4004),40.1944,-3.5753632,40.32036,-3.5889318,40.18906,-3.581337984138597,14.613914273942795,14.052992,0,0.08688058,0.70815045,0.77971643,40.1944,-3.5753631591796875,14.053101885948955
2021-11-29,Europa_DER_A1A26_eobs_4004__2021__southbound_01,Europa / DER A1A26 (eobs 4004),40.32036,-3.5889318,40.286144,-3.6072855,40.315815,-3.594006888980299,3.4861174902777647,4.110545,0,0.06807215,0.70815045,0.6624109,40.32036,-3.5889317989349365,4.110487170100249
2021-11-30,Europa_DER_A1A26_eobs_4004__2021__southbound_01,Europa / DER A1A26 (eobs 4004),40.286144,-3.6072855,40.20809,-3.602592,40.280327,-3.6133692508997552,8.084105667010132,8.688307,0,0.084019035,0.70815045,0.82598716,40.286144,-3.607285499572754,8.688192930538449
2021-12-01,Europa_DER_A1A26_eobs_4004__2021__southbound_01,Europa / DER A1A26 (eobs 4004),40.20809,-3.602592,40.20811,-3.623674,40.202568,-3.608366369015086,1.4386761658914176,1.7902683,0,0.0823742,0.70815045,0.78465235,40.20809,-3.6025919914245605,1.7902827395757246
2021-12-02,Europa_DER_A1A26_eobs_4004__2021__southbound_01,Europa / DER A1A26 (eobs 4004),40.20811,-3.623674,40.132435,-3.6237237,40.202843,-3.6294226279020987,7.843969721970989,8.415055,0,0.07966816,0.70815045,0.76119876,40.20811,-3.623673915863037,8.414795993393648
2022-06-16,Angela_DER_AY470_eobs_4001__2022__southbound_01,Angela / DER AY470 (eobs 4001),48.137405,7.7458625,48.13461,7.7570877,48.133377,7.737961658421636,1.425952475709902,0.88913476,0,0.02846975,0.70815045,0.73652786,48.137405,7.7458624839782715,0.8891325925059758
2022-06-17,Angela_DER_AY470_eobs_4001__2022__southbound_01,Angela / DER AY470 (eobs 4001),48.13461,7.7570877,48.14088,7.749649,48.13095,7.749310764204075,1.1044143399434592,0.8894275,0,0.028321907,0.70815045,0.7047543,48.13461,7.757087707519531,0.8893700446524428
2022-06-18,Angela_DER_AY470_eobs_4001__2022__southbound_01,Angela / DER AY470 (eobs 4001),48.14088,7.749649,48.134766,7.7496576,48.137657,7.742368581922163,0.6292475319479486,0.67993593,0,0.026052631,0.70815045,0.64713645,48.14088,7.7496490478515625,0.6799537346271216
2022-06-19,Angela_DER_AY470_eobs_4001__2022__southbound_01,Angela / DER AY470 (eobs 4001),48.134766,7.7496576,48.133423,7.757559,48.130966,7.741098749952162,1.2517253067060756,0.6051188,0,0.030411761,0.70815045,0.76157373,48.134766,7.74965763092041,0.6050625904505434
2022-06-20,Angela_DER_AY470_eobs_4001__2022__southbound_01,Angela / DER AY470 (eobs 4001),48.133423,7.757559,48.14129,7.7506833,48.12959,7.7480651312366975,1.3153747273332,1.0127189,0,0.03413028,0.70815045,0.8219276,48.133423,7.757558822631836,1.0125805050689265
2022-06-21,Angela_DER_AY470_eobs_4001__2022__southbound_01,Angela / DER AY470 (eobs 4001),48.14129,7.7506833,48.121136,7.7597175,48.13776,7.740910072068318,2.3163565324398103,2.3389556,0,0.035996366,0.70815045,0.82316816,48.14129,7.750683307647705,2.339069341453852
2022-06-22,Angela_DER_AY470_eobs_4001__2022__southbound_01,Angela / DER AY470 (eobs 4001),48.121136,7.7597175,48.136864,7.7544317,48.117836,7.750912544198306,2.1318489974840205,1.7920554,0,0.032577217,0.70815045,0.74831694,48.121136,7.7597174644470215,1.7923344891136013
2022-06-23,Angela_DER_AY470_eobs_4001__2022__southbound_01,Angela / DER AY470 (eobs 4001),48.136864,7.7544317,48.151844,7.753538,48.134304,7.747266037114791,2.0051118906783736,1.6669482,0,0.02772142,0.70815045,0.60212237,48.136864,7.75443172454834,1.6670564042228444
2022-06-24,Angela_DER_AY470_eobs_4001__2022__southbound_01,Angela / DER AY470 (eobs 4001),48.151844,7.753538,48.151802,7.7496066,48.149555,7.746920375395556,0.31958272975562924,0.29169822,0,0.028580686,0.70815045,0.5519856,48.151844,7.753538131713867,0.2916965436118834
2022-06-25,Angela_DER_AY470_eobs_4001__2022__southbound_01,Angela / DER AY470 (eobs 4001),48.151802,7.7496066,48.15153,7.7494283,48.1492,7.742433536059271,0.5800392360956339,0.032877333,0,0.032659385,0.70815045,0.60461634,48.151802,7.749606609344482,0.03289426825917384
2022-06-26,Angela_DER_AY470_eobs_4001__2022__southbound_01,Angela / DER AY470 (eobs 4001),48.15153,7.7494283,48.14006,7.7497954,48.1482,7.741108897152226,1.1111966208479107,1.2754877,0,0.035621207,0.70815045,0.71852416,48.15153,7.7494282722473145,1.2757868018824365
2022-06-27,Angela_DER_AY470_eobs_4001__2022__southbound_01,Angela / DER AY470 (eobs 4001),48.14006,7.7497954,48.142757,7.7487884,48.136757,7.741808124278609,0.8446682973797399,0.30900282,0,0.033377122,0.70815045,0.6959845,48.14006,7.749795436859131,0.30906171459956017
2022-06-28,Angela_DER_AY470_eobs_4001__2022__southbound_01,Angela / DER AY470 (eobs 4001),48.142757,7.7487884,48.15182,7.7496433,48.139896,7.741843203343437,1.4467612970969517,1.0097941,0,0.029818645,0.70815045,0.6045464,48.142757,7.748788356781006,1.0098352919555154
2022-06-29,Angela_DER_AY470_eobs_4001__2022__southbound_01,Angela / DER AY470 (eobs 4001),48.15182,7.7496433,48.148563,7.7573185,48.14945,7.743596457658643,1.0227680407672246,0.67481494,0,0.025586177,0.70815045,0.5195087,48.15182,7.749643325805664,0.674861109696934
2022-06-30,Angela_DER_AY470_eobs_4001__2022__southbound_01,Angela / DER AY470 (eobs 4001),48.148563,7.7573185,48.13624,7.7571564,48.145992,7.751073691653474,1.1747759880864674,1.3707656,0,0.02689802,0.70815045,0.5434686,48.148563,7.757318496704102,1.3705640536765007
2022-07-01,Angela_DER_AY470_eobs_4001__2022__southbound_01,Angela / DER AY470 (eobs 4001),48.13624,7.7571564,48.14824,7.7522483,48.133297,7.75009953933179,1.6691281232256339,1.3832718,0,0.031242518,0.70815045,0.6163052,48.13624,7.7571563720703125,1.3832555537799212
2022-07-02,Angela_DER_AY470_eobs_4001__2022__southbound_01,Angela / DER AY470 (eobs 4001),48.14824,7.7522483,48.1052,7.758968,48.14551,7.745497789185609,4.592413930458166,4.811267,0,0.03149312,0.70815045,0.58446574,48.14824,7.752248287200928,4.81146690172518
2022-07-03,Angela_DER_AY470_eobs_4001__2022__southbound_01,Angela / DER AY470 (eobs 4001),48.1052,7.758968,48.13729,7.749495,48.10157,7.750774486153512,3.9731153739983682,3.6365101,0,0.035130773,0.70815045,0.72902495,48.1052,7.758967876434326,3.6367890346065948
2022-07-04,Angela_DER_AY470_eobs_4001__2022__southbound_01,Angela / DER AY470 (eobs 4001),48.13729,7.749495,48.126923,7.7582455,48.133606,7.740878707884052,1.487790311901154,1.3231084,0,0.034524098,0.70815045,0.75799936,48.13729,7.749495029449463,1.3232228202555172
2022-07-05,Angela_DER_AY470_eobs_4001__2022__southbound_01,Angela / DER AY470 (eobs 4001),48.126923,7.7582455,48.1214,7.7581725,48.12351,7.750438136964659,0.620173449348164,0.61402655,0,0.03068711,0.70815045,0.69160765,48.126923,7.758245468139648,0.6142300940882631
2022-07-06,Angela_DER_AY470_eobs_4001__2022__southbound_01,Angela / DER AY470 (eobs 4001),48.1214,7.7581725,48.123215,7.7582374,48.11629,7.747987845948413,1.08239579164497,0.20183226,0,0.039134566,0.70815045,0.9439947,48.1214,7.758172512054443,0.20196494300998336
2022-07-07,Angela_DER_AY470_eobs_4001__2022__southbound_01,Angela / DER AY470 (eobs 4001),48.123215,7.7582374,48.127316,7.7711196,48.11871,7.748951452425703,1.90349175974943,1.0593013,0,0.03472321,0.70815045,0.8506429,48.123215,7.758237361907959,1.0593245423035493
2022-07-08,Angela_DER_AY470_eobs_4001__2022__southbound_01,Angela / DER AY470 (eobs 4001),48.127316,7.7711196,48.122665,7.759184,48.123573,7.763290500151601,0.3211016020315491,1.0258743,0,0.030791147,0.70815045,0.7134495,48.127316,7.771119594573975,1.0257681162517533
2022-07-09,Angela_DER_AY470_eobs_4001__2022__southbound_01,Angela / DER AY470 (eobs 4001),48.122665,7.759184,48.107132,7.7732925,48.117313,7.749027807211341,2.1276691641423175,2.0197093,0,0.03819179,0.70815045,0.9587713,48.122665,7.759183883666992,2.0200041601092624
2022-07-10,Angela_DER_AY470_eobs_4001__2022__southbound_01,Angela / DER AY470 (eobs 4001),48.107132,7.7732925,48.064213,7.807008,48.102825,7.764605179049335,5.324989566242828,5.3898654,0,0.03159719,0.70815045,0.80193275,48.107132,7.773292541503906,5.389593828857018
2022-07-11,Angela_DER_AY470_eobs_4001__2022__southbound_01,Angela / DER AY470 (eobs 4001),48.064213,7.807008,48.118717,7.760838,48.059498,7.79783132063855,7.1351761013610275,6.9635186,0,0.034485854,0.70815045,0.8585888,48.064213,7.807007789611816,6.963475386049415
2022-07-12,Angela_DER_AY470_eobs_4001__2022__southbound_01,Angela / DER AY470 (eobs 4001),48.118717,7.760838,48.091064,7.77622,48.11393,7.751423442140635,3.139215619805338,3.2798848,0,0.035042733,0.70815045,0.8769497,48.118717,7.760838031768799,3.280118642683669
2022-07-13,Angela_DER_AY470_eobs_4001__2022__southbound_01,Angela / DER AY470 (eobs 4001),48.091064,7.77622,48.07595,7.791768,48.086067,7.766803190440244,2.1690684970834004,2.039396,0,0.036510613,0.70815045,0.89181674,48.091064,7.776219844818115,2.0391991916834136
2022-07-14,Angela_DER_AY470_eobs_4001__2022__southbound_01,Angela / DER AY470 (eobs 4001),48.07595,7.791768,48.049126,7.8188767,48.07094,7.782272010796033,3.6446050366837257,3.599204,0,0.038054533,0.70815045,0.8976147,48.07595,7.7917680740356445,3.599376984026482
2022-07-15,Angela_DER_AY470_eobs_4001__2022__southbound_01,Angela / DER AY470 (eobs 4001),48.049126,7.8188767,48.103233,7.766294,48.04285,7.806537753601327,7.349960362753029,7.173266,0,0.052973256,0.70815045,1.1505028,48.049126,7.81887674331665,7.173546230944482
2022-07-16,Angela_DER_AY470_eobs_4001__2022__southbound_01,Angela / DER AY470 (eobs 4001),48.103233,7.766294,48.04949,7.8192673,48.09739,7.753216129455278,7.242167700869464,7.1551013,0,0.053860117,0.70815045,1.1663433,48.103233,7.766294002532959,7.155337344620518
2022-07-17,Angela_DER_AY470_eobs_4001__2022__southbound_01,Angela / DER AY470 (eobs 4001),48.04949,7.8192673,48.07285,7.756972,48.04292,7.805833963204982,4.925810966121201,5.308215,0,0.054133344,0.70815045,1.2351334,48.04949,7.819267272949219,5.308310722861977
2022-07-18,Angela_DER_AY470_eobs_4001__2022__southbound_01,Angela / DER AY470 (eobs 4001),48.07285,7.756972,48.04899,7.822951,48.065422,7.742227405891301,6.271605021904121,5.5751677,0,0.05792981,0.70815045,1.3695431,48.07285,7.756971836090088,5.575119376860773
2022-07-19,Angela_DER_AY470_eobs_4001__2022__southbound_01,Angela / DER AY470 (eobs 4001),48.04899,7.822951,48.124626,7.7589154,48.042984,7.8111325139371575,9.872145313908065,9.662439,0,0.046149526,0.70815045,1.1015185,48.04899,7.822950839996338,9.66237033181584
2022-07-20,Angela_DER_AY470_eobs_4001__2022__southbound_01,Angela / DER AY470 (eobs 4001),48.124626,7.7589154,48.135765,7.7564077,48.11904,7.747118336328079,1.9832837578551337,1.252556,0,0.04600645,0.70815045,1.0715787,48.124626,7.758915424346924,1.2524970843452168
2022-07-21,Angela_DER_AY470_eobs_4001__2022__southbound_01,Angela / DER AY470 (eobs 4001),48.135765,7.7564077,48.104126,7.7561326,48.132164,7.747107583469634,3.1888615640948847,3.5179493,0,0.036337096,0.70815045,0.7965191,48.135765,7.756407737731934,3.5181714465736325
2022-07-22,Angela_DER_AY470_eobs_4001__2022__southbound_01,Angela / DER AY470 (eobs 4001),48.104126,7.7561326,48.118336,7.7548037,48.099144,7.7444653208105985,2.2678775710493038,1.5828824,0,0.04896715,0.70815045,1.0264454,48.104126,7.75613260269165,1.583131548755365
2022-07-23,Angela_DER_AY470_eobs_4001__2022__southbound_01,Angela / DER AY470 (eobs 4001),48.118336,7.7548037,48.137905,7.757325,48.11427,7.744435869306792,2.7968928300667124,2.184045,0,0.042117536,0.70815045,0.8909916,48.118336,7.754803657531738,2.1840533408288216
2022-07-24,Angela_DER_AY470_eobs_4001__2022__southbound_01,Angela / DER AY470 (eobs 4001),48.137905,7.757325,48.048836,7.8213377,48.134266,7.747533467192647,10.967521218464887,10.985915,0,0.040339235,0.70815045,0.83020973,48.137905,7.757325172424316,10.986025594844572
2022-07-25,Angela_DER_AY470_eobs_4001__2022__southbound_01,Angela / DER AY470 (eobs 4001),48.048836,7.8213377,48.04876,7.821447,48.041916,7.805207750765366,1.4270242051188364,0.011765968,0,0.07158126,0.70815045,1.4221295,48.048836,7.821337699890137,0.011741134673680523
2022-07-26,Angela_DER_AY470_eobs_4001__2022__southbound_01,Angela / DER AY470 (eobs 4001),48.04876,7.821447,48.050156,7.8170605,48.038223,7.797547016855006,1.9659089364311981,0.36108363,0,0.13022628,0.70815045,2.1242914,48.04876,7.821446895599365,0.36112835719488967
2022-07-27,Angela_DER_AY470_eobs_4001__2022__southbound_01,Angela / DER AY470 (eobs 4001),48.050156,7.8170605,48.048626,7.8205914,48.037228,7.787756153209142,2.750471876924791,0.3126264,0,0.18265095,0.70815045,2.605242,48.050156,7.817060470581055,0.31276392922160434
2022-07-28,Angela_DER_AY470_eobs_4001__2022__southbound_01,Angela / DER AY470 (eobs 4001),48.048626,7.8205914,48.048702,7.820163,48.038612,7.797916372511073,1.9984699140574302,0.03291327,0,0.11973985,0.70815045,2.0164652,48.048626,7.820591449737549,0.03297512678120695
2022-07-29,Angela_DER_AY470_eobs_4001__2022__southbound_01,Angela / DER AY470 (eobs 4001),48.048702,7.820163,48.047768,7.827323,48.038773,7.79712177541642,2.457916844817838,0.54227185,0,0.11633428,0.70815045,2.034301,48.048702,7.820162773132324,0.5422991998851918
2022-07-30,Angela_DER_AY470_eobs_4001__2022__southbound_01,Angela / DER AY470 (eobs 4001),48.047768,7.827323,48.13316,7.7576375,48.040573,7.810247341340001,11.011867373680959,10.814234,0,0.08299823,0.70815045,1.4977078,48.047768,7.827322959899902,10.814200694363496
2022-07-31,Angela_DER_AY470_eobs_4001__2022__southbound_01,Angela / DER AY470 (eobs 4001),48.13316,7.7576375,48.13341,7.757503,48.12269,7.7337183760859425,2.1302395993081342,0.02970145,0,0.13206707,0.70815045,2.1191845,48.13316,7.7576375007629395,0.029720955336710174
2022-08-01,Angela_DER_AY470_eobs_4001__2022__southbound_01,Angela / DER AY470 (eobs 4001),48.13341,7.757503,48.04878,7.8231163,48.122982,7.732835536282259,10.632558167036855,10.597998,0,0.14080475,0.70815045,2.163284,48.13341,7.757503032684326,10.597692253103245
2022-08-02,Angela_DER_AY470_eobs_4001__2022__southbound_01,Angela / DER AY470 (eobs 4001),48.04878,7.8231163,48.048836,7.8189383,48.038307,7.79883714671578,1.8983276272062335,0.3106508,0,0.15259632,0.70815045,2.1440747,48.04878,7.823116302490234,0.3106345111211064
2022-08-03,Angela_DER_AY470_eobs_4001__2022__southbound_01,Angela / DER AY470 (eobs 4001),48.048836,7.8189383,48.049488,7.8205976,48.03802,7.79364964744581,2.3746945595764974,0.14313821,0,0.16217056,0.70815045,2.227531,48.048836,7.818938255310059,0.14309394330255118
2022-08-03,Europa_DER_A1A26_eobs_4004__2022__southbound_01,Europa / DER A1A26 (eobs 4004),47.16747,7.402696,47.176556,7.412624,47.163742,7.39449935384246,1.9766669883016637,1.2585537,0,0.07433957,0.70815045,0.74417794,47.16747,7.402696132659912,1.258588075764234
2022-08-04,Angela_DER_AY470_eobs_4001__2022__southbound_01,Angela / DER AY470 (eobs 4001),48.049488,7.8205976,48.046074,7.8209033,48.042076,7.801450955866265,1.5128799657419192,0.38005444,0,0.1121943,0.70815045,1.6417646,48.049488,7.8205976486206055,0.38031642657117426
2022-08-04,Europa_DER_A1A26_eobs_4004__2022__southbound_01,Europa / DER A1A26 (eobs 4004),47.176556,7.412624,47.167435,7.4031906,47.173412,7.405355112849767,0.6845255551128493,1.2396982,0,0.061767917,0.70815045,0.6500753,47.176556,7.412623882293701,1.2397864513708017
2022-08-05,Angela_DER_AY470_eobs_4001__2022__southbound_01,Angela / DER AY470 (eobs 4001),48.046074,7.8209033,48.04897,7.8212457,48.035057,7.794661014650743,2.509829626675256,0.32295728,0,0.18440945,0.70815045,2.2993972,48.046074,7.820903301239014,0.3229536107705849
2022-08-05,Europa_DER_A1A26_eobs_4004__2022__southbound_01,Europa / DER A1A26 (eobs 4004),47.167435,7.4031906,47.166832,7.4084253,47.15995,7.388013345693595,1.7225031142281957,0.4013769,0,0.1713941,0.70815045,1.4148968,47.167435,7.403190612792969,0.40136567971364867
2022-08-06,Angela_DER_AY470_eobs_4001__2022__southbound_01,Angela / DER AY470 (eobs 4001),48.04897,7.8212457,48.048985,7.833475,48.040783,7.799682030507543,2.672567456426918,0.90906495,0,0.1393931,0.70815045,1.8401073,48.04897,7.8212456703186035,0.909057239760576
2022-08-06,Europa_DER_A1A26_eobs_4004__2022__southbound_01,Europa / DER A1A26 (eobs 4004),47.166832,7.4084253,47.16744,7.4027224,47.16281,7.399310542279057,0.5755569906203323,0.43639466,0,0.09048812,0.70815045,0.8199508,47.166832,7.408425331115723,0.4363728319938098
2022-08-07,Angela_DER_AY470_eobs_4001__2022__southbound_01,Angela / DER AY470 (eobs 4001),48.048985,7.833475,48.046196,7.8208523,48.04188,7.815267385008251,0.6344529511492701,0.9882416,0,0.09871717,0.70815045,1.5643712,48.048985,7.833475112915039,0.9882281391028956
2022-08-07,Europa_DER_A1A26_eobs_4004__2022__southbound_01,Europa / DER A1A26 (eobs 4004),47.16744,7.4027224,47.167393,7.402695,47.163654,7.393891280361755,0.7847197225755994,0.0054570036,0,0.09259921,0.70815045,0.78780806,47.16744,7.402722358703613,0.005489170376617467
2022-08-08,Angela_DER_AY470_eobs_4001__2022__southbound_01,Angela / DER AY470 (eobs 4001),48.046196,7.8208523,47.50322,6.957188,48.032368,7.790631509504096,85.68480874485559,88.37736,1,0.18814148,0.70815045,2.7175543,48.046196,7.820852279663086,88.37731746046404
2022-08-08,Europa_DER_A1A26_eobs_4004__2022__southbound_01,Europa / DER A1A26 (eobs 4004),47.167393,7.402695,47.16111,7.4200196,47.163486,7.393729044251908,2.005168233939203,1.4844836,0,0.10409077,0.70815045,0.8036653,47.167393,7.402695178985596,1.4844252931716788
2022-08-09,Angela_DER_AY470_eobs_4001__2022__southbound_01,Angela / DER AY470 (eobs 4001),47.50322,6.957188,45.342464,4.7907906,47.340557,6.740357448746484,267.86110090043024,292.03723,1,0.8798598,0.70815045,24.297401,47.340557,6.740357448746484,267.86110090043024
2022-08-09,Europa_DER_A1A26_eobs_4004__2022__southbound_01,Europa / DER A1A26 (eobs 4004),47.16111,7.4200196,47.164787,7.404544,47.157864,7.412457327889588,0.9750268489824065,1.2393724,0,0.088437386,0.70815045,0.6749287,47.16111,7.420019626617432,1.2394128226812469
2022-08-10,Angela_DER_AY470_eobs_4001__2022__southbound_01,Angela / DER AY470 (eobs 4001),45.342464,4.7907906,43.619705,3.9545126,44.893604,4.324568109654606,144.68418234728472,202.72336,1,0.95196843,0.70815045,61.688282,44.893604,4.324568109654606,144.68418234728472
2022-08-10,Europa_DER_A1A26_eobs_4004__2022__southbound_01,Europa / DER A1A26 (eobs 4004),47.164787,7.404544,47.16748,7.403132,47.159153,7.392136133018114,1.244393287107507,0.3181921,0,0.15514795,0.70815045,1.1259539,47.164787,7.404543876647949,0.31792178993004006
2022-08-11,Angela_DER_AY470_eobs_4001__2022__southbound_01,Angela / DER AY470 (eobs 4001),43.619705,3.9545126,43.12291,3.0443501,43.303627,3.6132777850237323,50.29461968481575,91.99841,1,0.93809396,0.70815045,44.52892,43.303627,3.6132777850237323,50.29461968481575
2022-08-11,Europa_DER_A1A26_eobs_4004__2022__southbound_01,Europa / DER A1A26 (eobs 4004),47.16748,7.403132,47.170246,7.4090533,47.16295,7.392331491731929,1.5021630845842306,0.54289454,0,0.12394832,0.70815045,0.957758,47.16748,7.40313196182251,0.5430845788701654
2022-08-12,Angela_DER_AY470_eobs_4001__2022__southbound_01,Angela / DER AY470 (eobs 4001),43.12291,3.0443501,41.843914,2.6726713,42.975822,2.8689806047174478,126.89023488782296,145.44662,1,0.89108014,0.70815045,21.643358,42.975822,2.8689806047174478,126.89023488782296
2022-08-12,Europa_DER_A1A26_eobs_4004__2022__southbound_01,Europa / DER A1A26 (eobs 4004),47.170246,7.4090533,47.17275,7.4027123,47.167305,7.401599780309396,0.6111133453043929,0.5543363,0,0.077235274,0.70815045,0.65024066,47.170246,7.409053325653076,0.5542359604802625
2022-08-13,Angela_DER_AY470_eobs_4001__2022__southbound_01,Angela / DER AY470 (eobs 4001),41.843914,2.6726713,41.663628,0.91030246,41.705486,2.5160993271141945,133.42853610520453,147.5592,1,0.8836957,0.70815045,20.092833,41.705486,2.5160993271141945,133.42853610520453
2022-08-13,Europa_DER_A1A26_eobs_4004__2022__southbound_01,Europa / DER A1A26 (eobs 4004),47.17275,7.4027123,47.17134,7.4003773,47.167904,7.391433924441737,0.7766095667133341,0.2360392,0,0.12786737,0.70815045,1.0067351,47.17275,7.402712345123291,0.23591125877928276
2022-08-14,Angela_DER_AY470_eobs_4001__2022__southbound_01,Angela / DER AY470 (eobs 4001),41.663628,0.91030246,41.53103,0.5080682,41.526638,0.7493681578693797,20.09248278150541,36.553333,1,0.88545156,0.70815045,20.231663,41.526638,0.7493681578693797,20.09248278150541
2022-08-14,Europa_DER_A1A26_eobs_4004__2022__southbound_01,Europa / DER A1A26 (eobs 4004),47.17134,7.4003773,47.175396,7.4031253,47.162716,7.382564324713457,2.098529500011187,0.49659592,0,0.2391833,0.70815045,1.6501272,47.17134,7.40037727355957,0.49644369143288125
2022-08-15,Angela_DER_AY470_eobs_4001__2022__southbound_01,Angela / DER AY470 (eobs 4001),41.53103,0.5080682,41.42724,-0.3347375,41.486027,0.44547540858807494,65.3473267966779,71.153496,1,0.74226034,0.70815045,7.211317,41.486027,0.44547540858807494,65.3473267966779
2022-08-15,Europa_DER_A1A26_eobs_4004__2022__southbound_01,Europa / DER A1A26 (eobs 4004),47.175396,7.4031253,47.167435,7.4031243,47.172497,7.395582121628424,0.8011836229447333,0.88540196,0,0.07807145,0.70815045,0.65380627,47.175396,7.403125286102295,0.8852544144319203
2022-08-16,Angela_DER_AY470_eobs_4001__2022__southbound_01,Angela / DER AY470 (eobs 4001),41.42724,-0.3347375,41.166996,-0.7217419,41.375957,-0.4055634101039161,35.186906079212434,43.38962,1,0.75905854,0.70815045,8.194248,41.375957,-0.4055634101039161,35.186906079212434
2022-08-16,Europa_DER_A1A26_eobs_4004__2022__southbound_01,Europa / DER A1A26 (eobs 4004),47.167435,7.4031243,47.173927,7.403133,47.1645,7.395895091581024,1.1823508810144148,0.72213453,0,0.086872205,0.70815045,0.6352753,47.167435,7.4031243324279785,0.7219471091613305
2022-08-17,Angela_DER_AY470_eobs_4001__2022__southbound_01,Angela / DER AY470 (eobs 4001),41.166996,-0.7217419,40.50617,-2.1439245,41.123756,-0.7861841042902951,133.30722765221842,140.40466,1,0.7390222,0.70815045,7.213459,41.123756,-0.7861841042902951,133.30722765221842
2022-08-17,Europa_DER_A1A26_eobs_4004__2022__southbound_01,Europa / DER A1A26 (eobs 4004),47.173927,7.403133,47.17397,7.4031086,47.17096,7.395657941522384,0.6551285571863654,0.004867047,0,0.09606041,0.70815045,0.65314174,47.173927,7.403132915496826,0.005014964133481349
2022-08-18,Angela_DER_AY470_eobs_4001__2022__southbound_01,Angela / DER AY470 (eobs 4001),40.50617,-2.1439245,38.541157,-4.013793,40.36391,-2.3185658048189253,249.51716275837484,271.0273,1,0.89531356,0.70815045,21.600513,40.36391,-2.3185658048189253,249.51716275837484
2022-08-18,Europa_DER_A1A26_eobs_4004__2022__southbound_01,Europa / DER A1A26 (eobs 4004),47.17397,7.4031086,47.17634,7.4031525,47.171844,7.397276928616755,0.6685196640622393,0.26358104,0,0.07706443,0.70815045,0.4992736,47.17397,7.403108596801758,0.26343389759577324
2022-08-19,Angela_DER_AY470_eobs_4001__2022__southbound_01,Angela / DER AY470 (eobs 4001),38.541157,-4.013793,36.82666,-6.093652,38.29658,-4.270760976154633,229.1891165786082,264.26355,1,0.9277693,0.70815045,35.138783,38.29658,-4.270760976154633,229.1891165786082
2022-08-19,Europa_DER_A1A26_eobs_4004__2022__southbound_01,Europa / DER A1A26 (eobs 4004),47.17634,7.4031525,47.176777,7.403117,47.17462,7.398411990925407,0.4288565943397503,0.048698135,0,0.06933957,0.70815045,0.40535033,47.17634,7.4031524658203125,0.04885304625615974
2022-08-20,Angela_DER_AY470_eobs_4001__2022__southbound_01,Angela / DER AY470 (eobs 4001),36.82666,-6.093652,36.568546,-6.147579,36.5977,-6.326077208909866,16.26418834448183,29.100693,0,0.9230532,0.70815045,32.74722,36.5977,-6.326077208909866,16.26418834448183
2022-08-20,Europa_DER_A1A26_eobs_4004__2022__southbound_01,Europa / DER A1A26 (eobs 4004),47.176777,7.403117,47.17661,7.4032807,47.17518,7.398758820976809,0.37698953668386265,0.022180563,0,0.073827215,0.70815045,0.3737374,47.176777,7.4031171798706055,0.022386519901192236
2022-08-21,Europa_DER_A1A26_eobs_4004__2022__southbound_01,Europa / DER A1A26 (eobs 4004),47.17661,7.4032807,47.16742,7.402466,47.174583,7.398220545371622,0.858810957636135,1.0237534,0,0.097588934,0.70815045,0.4430718,47.17661,7.403280735015869,1.0236939739565267
2022-08-22,Europa_DER_A1A26_eobs_4004__2022__southbound_01,Europa / DER A1A26 (eobs 4004),47.16742,7.402466,47.175423,7.4084373,47.164757,7.396233270058351,1.5025506054322464,0.9979267,0,0.12099573,0.70815045,0.5555737,47.16742,7.4024658203125,0.9978522686168193
2022-08-23,Europa_DER_A1A26_eobs_4004__2022__southbound_01,Europa / DER A1A26 (eobs 4004),47.175423,7.4084373,47.17469,7.40044,47.173107,7.402770917718893,0.24904671517339366,0.6099282,0,0.09474034,0.70815045,0.4988671,47.175423,7.408437252044678,0.6099260919024193
2022-08-24,Europa_DER_A1A26_eobs_4004__2022__southbound_01,Europa / DER A1A26 (eobs 4004),47.17469,7.40044,47.174484,7.4031186,47.169796,7.389701915478576,1.1403104297474957,0.20375256,0,0.17940074,0.70815045,0.97559667,47.17469,7.400440216064453,0.2037426663115771
2022-08-25,Europa_DER_A1A26_eobs_4004__2022__southbound_01,Europa / DER A1A26 (eobs 4004),47.174484,7.4031186,47.173576,7.403201,47.172047,7.3971136311322105,0.4905789529924661,0.10096354,0,0.08129623,0.70815045,0.52766615,47.174484,7.40311861038208,0.10114616807387682
2022-08-26,Europa_DER_A1A26_eobs_4004__2022__southbound_01,Europa / DER A1A26 (eobs 4004),47.173576,7.403201,47.174,7.403114,47.169464,7.394194535406269,0.8419813407636679,0.04722405,0,0.14124306,0.70815045,0.81864417,47.173576,7.403201103210449,0.047543249443413205
2022-08-27,Europa_DER_A1A26_eobs_4004__2022__southbound_01,Europa / DER A1A26 (eobs 4004),47.174,7.403114,47.171925,7.4030876,47.171345,7.396655376403892,0.4904750366977422,0.23071043,0,0.09553918,0.70815045,0.56944364,47.174,7.403113842010498,0.23076002458362108
2022-08-28,Europa_DER_A1A26_eobs_4004__2022__southbound_01,Europa / DER A1A26 (eobs 4004),47.171925,7.4030876,47.176292,7.4033556,47.16885,7.395927555335103,1.000064566629155,0.4861614,0,0.118888296,0.70815045,0.63894355,47.171925,7.403087615966797,0.48610324873020117
2022-08-29,Europa_DER_A1A26_eobs_4004__2022__southbound_01,Europa / DER A1A26 (eobs 4004),47.176292,7.4033556,47.173294,7.404881,47.174133,7.398013932381988,0.5273893861524656,0.3526719,0,0.085096136,0.70815045,0.46886963,47.176292,7.403355598449707,0.3527760009209887
2022-08-29,Louis_DER_AU050_eobs_3264__2022__southbound_01,Louis / DER AU050 (eobs 3264),42.338802,2.7951272,41.672764,0.9742457,42.083813,2.514205276664657,135.43892416661527,167.6881,1,0.9272148,0.70815045,36.50156,42.083813,2.514205276664657,135.43892416661527
2022-08-30,Europa_DER_A1A26_eobs_4004__2022__southbound_01,Europa / DER A1A26 (eobs 4004),47.173294,7.404881,47.175682,7.404509,47.17033,7.398097459345396,0.7674948437827818,0.2671018,0,0.11492996,0.70815045,0.6085276,47.173294,7.404881000518799,0.2670179949147818
2022-08-30,Louis_DER_AU050_eobs_3264__2022__southbound_01,Louis / DER AU050 (eobs 3264),41.672764,0.9742457,41.66398,0.9480072,41.438755,0.7156986636286192,31.636823398607174,2.3884513,0,0.921426,0.70815045,33.67821,41.438755,0.7156986636286192,31.636823398607174
2022-08-31,Europa_DER_A1A26_eobs_4004__2022__southbound_01,Europa / DER A1A26 (eobs 4004),47.175682,7.404509,47.174465,7.4038687,47.173744,7.399441880265933,0.34407976916635447,0.14374875,0,0.09003749,0.70815045,0.43868068,47.175682,7.4045090675354,0.14370927046373994
2022-08-31,Louis_DER_AU050_eobs_3264__2022__southbound_01,Louis / DER AU050 (eobs 3264),41.66398,0.9480072,41.6659,0.950699,41.634575,0.907385498554873,5.00846859244449,0.3092724,0,0.6623494,0.70815045,4.6903477,41.66398,0.9480072259902954,0.30935340896254476
2022-09-01,Europa_DER_A1A26_eobs_4004__2022__southbound_01,Europa / DER A1A26 (eobs 4004),47.174465,7.4038687,47.177036,7.4025965,47.171753,7.397138475513318,0.7178697344527215,0.30141255,0,0.13753346,0.70815045,0.59042263,47.174465,7.403868675231934,0.3016325646997343
2022-09-01,Louis_DER_AU050_eobs_3264__2022__southbound_01,Louis / DER AU050 (eobs 3264),41.6659,0.950699,41.64992,0.9497382,41.659164,0.9382521666099595,1.4024848833386057,1.7786337,0,0.23933212,0.70815045,1.274513,41.6659,0.950698971748352,1.7786632628499073
2022-09-02,Europa_DER_A1A26_eobs_4004__2022__southbound_01,Europa / DER A1A26 (eobs 4004),47.177036,7.4025965,47.176666,7.4030914,47.174606,7.39623437998184,0.5666501124738973,0.055567723,0,0.1204792,0.70815045,0.55070055,47.177036,7.402596473693848,0.05560993200085047
2022-09-02,Louis_DER_AU050_eobs_3264__2022__southbound_01,Louis / DER AU050 (eobs 3264),41.64992,0.9497382,41.657856,0.9493226,41.640476,0.93230062615892,2.3947926228594416,0.88329166,0,0.28407744,0.70815045,1.7862556,41.64992,0.9497382044792175,0.8829606558203089
2022-09-03,Europa_DER_A1A26_eobs_4004__2022__southbound_01,Europa / DER A1A26 (eobs 4004),47.176666,7.4030914,47.175728,7.4030075,47.174915,7.3983577455599265,0.36288271426205837,0.104534276,0,0.09278401,0.70815045,0.4066355,47.176666,7.4030914306640625,0.10453981751187812
2022-09-03,Louis_DER_AU050_eobs_3264__2022__southbound_01,Louis / DER AU050 (eobs 3264),41.657856,0.9493226,41.657814,0.9513376,41.65102,0.9347070458216421,1.5747291368245055,0.16746919,0,0.19799034,0.70815045,1.4300122,41.657856,0.9493225812911987,0.16746453333369993
2022-09-04,Europa_DER_A1A26_eobs_4004__2022__southbound_01,Europa / DER A1A26 (eobs 4004),47.175728,7.4030075,47.167446,7.4036956,47.17314,7.39658454536459,0.8306710381071594,0.9224473,0,0.15697244,0.70815045,0.5633171,47.175728,7.403007507324219,0.9223528392633773
2022-09-04,Louis_DER_AU050_eobs_3264__2022__southbound_01,Louis / DER AU050 (eobs 3264),41.657814,0.9513376,41.67034,0.9438257,41.65254,0.9399423776361008,2.005740293171567,1.5264868,0,0.14012028,0.70815045,1.1118494,41.657814,0.9513375759124756,1.526370095925173
2022-09-05,Europa_DER_A1A26_eobs_4004__2022__southbound_01,Europa / DER A1A26 (eobs 4004),47.167446,7.4036956,47.172783,7.403183,47.163788,7.39528285645415,1.1649370492958118,0.5950674,0,0.2233071,0.70815045,0.753708,47.167446,7.403695583343506,0.5946853832166612
2022-09-05,Louis_DER_AU050_eobs_3264__2022__southbound_01,Louis / DER AU050 (eobs 3264),41.67034,0.9438257,41.67127,0.95002615,41.663994,0.9300125313595082,1.8487709147104203,0.5251994,0,0.16582304,0.70815045,1.3446397,41.67034,0.9438257217407227,0.525222503361454
2022-09-06,Europa_DER_A1A26_eobs_4004__2022__southbound_01,Europa / DER A1A26 (eobs 4004),47.172783,7.403183,47.173977,7.4030967,47.17013,7.396497778958276,0.6569850322447615,0.13261038,0,0.14965147,0.70815045,0.583951,47.172783,7.4031829833984375,0.13292713950182483
2022-09-06,Louis_DER_AU050_eobs_3264__2022__southbound_01,Louis / DER AU050 (eobs 3264),41.67127,0.95002615,41.66786,0.9473351,41.665695,0.9376810761633759,0.837206580397699,0.44038296,0,0.14611618,0.70815045,1.1960945,41.67127,0.9500261545181274,0.440186835223424
2022-09-07,Europa_DER_A1A26_eobs_4004__2022__southbound_01,Europa / DER A1A26 (eobs 4004),47.173977,7.4030967,47.17542,7.40314,47.172283,7.398346355872778,0.5028588029170907,0.1606158,0,0.09495466,0.70815045,0.40483233,47.173977,7.403096675872803,0.16037190768792126
2022-09-07,Louis_DER_AU050_eobs_3264__2022__southbound_01,Louis / DER AU050 (eobs 3264),41.66786,0.9473351,41.66751,0.9493555,41.65365,0.9208778776187861,2.823607846187141,0.17216994,0,0.40188727,0.70815045,2.7019207,41.66786,0.9473351240158081,0.17220146593285818
2022-09-08,Europa_DER_A1A26_eobs_4004__2022__southbound_01,Europa / DER A1A26 (eobs 4004),47.17542,7.40314,47.175423,7.402258,47.17388,7.398705292246033,0.3185522819418919,0.06668948,0,0.08855555,0.70815045,0.37560976,47.17542,7.403140068054199,0.06667902358772407
2022-09-08,Louis_DER_AU050_eobs_3264__2022__southbound_01,Louis / DER AU050 (eobs 3264),41.66751,0.9493555,41.658672,0.95063967,41.658916,0.9321777910628609,1.5339727644233412,0.98838216,0,0.25816837,0.70815045,1.7142174,41.66751,0.9493554830551147,0.9885873423100606
2022-09-09,Europa_DER_A1A26_eobs_4004__2022__southbound_01,Europa / DER A1A26 (eobs 4004),47.175423,7.402258,47.17542,7.40294,47.17135,7.392493432939292,0.9101367027237114,0.051566087,0,0.23106687,0.70815045,0.86454034,47.175423,7.402257919311523,0.05154178565943214
2022-09-09,Louis_DER_AU050_eobs_3264__2022__southbound_01,Louis / DER AU050 (eobs 3264),41.658672,0.95063967,41.663948,0.9431204,41.64872,0.9321143275573871,1.9244151472990954,0.85669726,0,0.29305452,0.70815045,1.8922676,41.658672,0.9506396651268005,0.8569235220341979
2022-09-10,Europa_DER_A1A26_eobs_4004__2022__southbound_01,Europa / DER A1A26 (eobs 4004),47.17542,7.40294,47.176197,7.403118,47.171974,7.3944636913637884,0.8052473237187209,0.08772901,0,0.20627758,0.70815045,0.745152,47.17542,7.402939796447754,0.08757542414878355
2022-09-10,Louis_DER_AU050_eobs_3264__2022__southbound_01,Louis / DER AU050 (eobs 3264),41.663948,0.9431204,41.666306,0.94579685,41.651485,0.9196115554478985,2.729070554450898,0.3439507,0,0.35825506,0.70815045,2.3902636,41.663948,0.9431204199790955,0.34372323246614417
2022-09-11,Europa_DER_A1A26_eobs_4004__2022__southbound_01,Europa / DER A1A26 (eobs 4004),47.176197,7.403118,47.00763,7.1559305,47.17318,7.395498146848558,25.84203779872629,26.486069,0,0.18872115,0.70815045,0.66539073,47.176197,7.403118133544922,26.486124191833056
2022-09-11,Louis_DER_AU050_eobs_3264__2022__southbound_01,Louis / DER AU050 (eobs 3264),41.666306,0.94579685,41.664375,0.9506435,41.65835,0.9294681059852142,1.88228246876596,0.45622462,0,0.21941909,0.70815045,1.616286,41.666306,0.9457968473434448,0.4562357282079438
2022-09-12,Europa_DER_A1A26_eobs_4004__2022__southbound_01,Europa / DER A1A26 (eobs 4004),47.00763,7.1559305,45.33484,4.8990874,46.942043,7.049934904136,243.70575177612983,254.53513,1,0.87277037,0.70815045,10.833448,46.942043,7.049934904136,243.70575177612983
2022-09-12,Louis_DER_AU050_eobs_3264__2022__southbound_01,Louis / DER AU050 (eobs 3264),41.664375,0.9506435,41.663284,0.9518922,41.657364,0.936176627142465,1.462138120894641,0.15969858,0,0.18675257,0.70815045,1.4300389,41.664375,0.9506434798240662,0.15961526611422858
2022-09-13,Europa_DER_A1A26_eobs_4004__2022__southbound_01,Europa / DER A1A26 (eobs 4004),45.33484,4.8990874,44.631557,4.774482,44.70529,4.246172857106997,42.57574205721285,78.81296,1,0.9648117,0.70815045,86.479546,44.70529,4.246172857106997,42.57574205721285
2022-09-13,Louis_DER_AU050_eobs_3264__2022__southbound_01,Louis / DER AU050 (eobs 3264),41.663284,0.9518922,41.664448,0.9522093,41.656666,0.9383314645124029,1.4414937083942136,0.13204072,0,0.1746329,0.70815045,1.3432072,41.663284,0.9518921971321106,0.13202787770175328
2022-09-14,Europa_DER_A1A26_eobs_4004__2022__southbound_01,Europa / DER A1A26 (eobs 4004),44.631557,4.774482,44.54511,4.734018,44.411823,4.490333014045115,24.360758937645436,10.132805,0,0.93138784,0.70815045,33.146626,44.411823,4.490333014045115,24.360758937645436
2022-09-14,Louis_DER_AU050_eobs_3264__2022__southbound_01,Louis / DER AU050 (eobs 3264),41.664448,0.9522093,41.6597,0.9462659,41.660103,0.9426251304784304,0.30577600932994126,0.72293913,0,0.11274252,0.70815045,0.92952806,41.664448,0.9522092938423157,0.7229493036288199
2022-09-15,Europa_DER_A1A26_eobs_4004__2022__southbound_01,Europa / DER A1A26 (eobs 4004),44.54511,4.734018,43.72909,4.466649,44.51245,4.679085593754376,88.7409065127135,93.21169,1,0.73860145,0.70815045,5.6591654,44.51245,4.679085593754376,88.7409065127135
2022-09-15,Louis_DER_AU050_eobs_3264__2022__southbound_01,Louis / DER AU050 (eobs 3264),41.6597,0.9462659,41.658264,0.95096874,41.650677,0.9287280394838718,2.031284138499187,0.42200044,0,0.2696775,0.70815045,1.7657094,41.6597,0.9462658762931824,0.42199262998619635
2022-09-16,Europa_DER_A1A26_eobs_4004__2022__southbound_01,Europa / DER A1A26 (eobs 4004),43.72909,4.466649,43.44547,3.7860465,43.570236,4.2674811426747805,41.23066343609937,63.24101,1,0.9084537,0.70815045,23.793507,43.570236,4.2674811426747805,41.23066343609937
2022-09-16,Louis_DER_AU050_eobs_3264__2022__southbound_01,Louis / DER AU050 (eobs 3264),41.658264,0.95096874,41.659363,0.9508428,41.65018,0.9355369958490265,1.6307780446670788,0.12259513,0,0.24365959,0.70815045,1.5629214,41.658264,0.9509687423706055,0.1226098074422199
2022-09-17,Europa_DER_A1A26_eobs_4004__2022__southbound_01,Europa / DER A1A26 (eobs 4004),43.44547,3.7860465,42.122757,2.681105,43.291992,3.592432815505689,149.82510325469994,172.5163,1,0.898875,0.70815045,23.10165,43.291992,3.592432815505689,149.82510325469994
2022-09-17,Louis_DER_AU050_eobs_3264__2022__southbound_01,Louis / DER AU050 (eobs 3264),41.659363,0.9508428,41.663937,0.94867474,41.651726,0.9353313972343473,1.7528283692210112,0.539522,0,0.2316216,0.70815045,1.5405729,41.659363,0.9508427977561951,0.5395350253884006
2022-09-18,Europa_DER_A1A26_eobs_4004__2022__southbound_01,Europa / DER A1A26 (eobs 4004),42.122757,2.681105,41.69894,0.4768853,41.81128,2.3340971213271176,154.56068055746795,188.38208,1,0.93748724,0.70815045,44.850258,41.81128,2.3340971213271176,154.56068055746795
2022-09-18,Louis_DER_AU050_eobs_3264__2022__southbound_01,Louis / DER AU050 (eobs 3264),41.663937,0.94867474,41.660225,0.9513677,41.655865,0.9322378516957628,1.661550822937489,0.4693443,0,0.23503257,0.70815045,1.631149,41.663937,0.948674738407135,0.4694513764704794
2022-09-19,Europa_DER_A1A26_eobs_4004__2022__southbound_01,Europa / DER A1A26 (eobs 4004),41.69894,0.4768853,41.585304,-0.7701303,41.398605,0.14183111452987723,78.74317362657345,104.39005,1,0.9350952,0.70815045,43.387558,41.398605,0.14183111452987723,78.74317362657345
2022-09-19,Louis_DER_AU050_eobs_3264__2022__southbound_01,Louis / DER AU050 (eobs 3264),41.660225,0.9513677,41.664238,0.9462204,41.652615,0.9369522626364565,1.5044269128253402,0.61787087,0,0.21343784,0.70815045,1.4638797,41.660225,0.9513676762580872,0.6180270888219477
2022-09-20,Europa_DER_A1A26_eobs_4004__2022__southbound_01,Europa / DER A1A26 (eobs 4004),41.585304,-0.7701303,41.58544,-0.77625954,41.430946,-0.9533230142425789,22.638623427687115,0.51000255,0,0.8967473,0.70815045,22.91051,41.430946,-0.9533230142425789,22.638623427687115
2022-09-20,Louis_DER_AU050_eobs_3264__2022__southbound_01,Louis / DER AU050 (eobs 3264),41.664238,0.9462204,41.66409,0.94866854,41.656338,0.9306250119980848,1.7290895364824626,0.20403267,0,0.22629713,0.70815045,1.56251,41.664238,0.9462203979492188,0.2040357786905422
2022-09-21,Europa_DER_A1A26_eobs_4004__2022__southbound_01,Europa / DER A1A26 (eobs 4004),41.58544,-0.77625954,41.579998,-0.8386821,41.55921,-0.8122306376333003,3.191320109331337,5.227105,0,0.6251409,0.70815045,4.170885,41.58544,-0.7762595415115356,5.227083385375378
2022-09-21,Louis_DER_AU050_eobs_3264__2022__southbound_01,Louis / DER AU050 (eobs 3264),41.66409,0.94866854,41.65841,0.94916517,41.658047,0.9364240183906201,1.0592553881644216,0.6327675,0,0.16996917,0.70815045,1.2168944,41.66409,0.9486685395240784,0.6329434072492468
2022-09-22,Europa_DER_A1A26_eobs_4004__2022__southbound_01,Europa / DER A1A26 (eobs 4004),41.579998,-0.8386821,41.54476,-0.9040432,41.562325,-0.8633646586556208,3.9078739133584017,6.70246,0,0.47794437,0.70815045,2.8370247,41.579998,-0.8386821150779724,6.702523919874378
2022-09-22,Louis_DER_AU050_eobs_3264__2022__southbound_01,Louis / DER AU050 (eobs 3264),41.65841,0.94916517,41.663296,0.9509038,41.648823,0.9316422297271036,2.269507670197866,0.5620198,0,0.28381324,0.70815045,1.8011031,41.65841,0.9491651654243469,0.5622367769147429
2022-09-23,Europa_DER_A1A26_eobs_4004__2022__southbound_01,Europa / DER A1A26 (eobs 4004),41.54476,-0.9040432,40.35964,-3.4988678,41.526863,-0.9298020564372521,251.79041647721948,254.64507,1,0.48611137,0.70815045,2.92007,41.54476,-0.9040431976318359,254.645050745914
2022-09-23,Louis_DER_AU050_eobs_3264__2022__southbound_01,Louis / DER AU050 (eobs 3264),41.663296,0.9509038,41.66949,0.9510214,41.656403,0.9371108921769175,1.8583122023068355,0.6888004,0,0.20404302,0.70815045,1.3760546,41.663296,0.9509037733078003,0.6889303822482815
2022-09-24,Europa_DER_A1A26_eobs_4004__2022__southbound_01,Europa / DER A1A26 (eobs 4004),40.35964,-3.4988678,40.261414,-3.6347303,39.99121,-3.8647989108853515,35.851717172544056,15.874588,0,0.94628936,0.70815045,51.28745,39.99121,-3.8647989108853515,35.851717172544056
2022-09-24,Louis_DER_AU050_eobs_3264__2022__southbound_01,Louis / DER AU050 (eobs 3264),41.66949,0.9510214,41.661243,0.9511114,41.66449,0.940172566287113,0.9777637873432595,0.91697294,0,0.13962,0.70815045,1.0571346,41.66949,0.9510213732719421,0.9170980534950081
2022-09-25,Europa_DER_A1A26_eobs_4004__2022__southbound_01,Europa / DER A1A26 (eobs 4004),40.261414,-3.6347303,39.87214,-3.9784224,40.20257,-3.706617066229841,43.42185974984698,52.24006,1,0.7934674,0.70815045,8.929516,40.20257,-3.706617066229841,43.42185974984698
2022-09-25,Louis_DER_AU050_eobs_3264__2022__southbound_01,Louis / DER AU050 (eobs 3264),41.661243,0.9511114,41.658478,0.9513737,41.65438,0.9381029737478958,1.1929281592518801,0.30827552,0,0.2024062,0.70815045,1.3206576,41.661243,0.951111376285553,0.30829843640520493
2022-09-26,Europa_DER_A1A26_eobs_4004__2022__southbound_01,Europa / DER A1A26 (eobs 4004),39.87214,-3.9784224,39.85707,-4.165621,39.812336,-4.0502144739612795,11.03844157142325,16.064808,0,0.79280597,0.70815045,9.026168,39.812336,-4.0502144739612795,11.03844157142325
2022-09-26,Louis_DER_AU050_eobs_3264__2022__southbound_01,Louis / DER AU050 (eobs 3264),41.658478,0.9513737,41.65882,0.9506364,41.648266,0.9345059563271396,1.7814527861187575,0.072279364,0,0.29937088,0.70815045,1.8003546,41.658478,0.9513736963272095,0.0721753039688675
2022-09-27,Europa_DER_A1A26_eobs_4004__2022__southbound_01,Europa / DER A1A26 (eobs 4004),39.85707,-4.165621,39.85726,-4.166196,39.8307,-4.201075070555456,4.194122476368256,0.053488355,0,0.6414361,0.70815045,4.206618,39.85707,-4.165620803833008,0.05347249992319077
2022-09-27,Louis_DER_AU050_eobs_3264__2022__southbound_01,Louis / DER AU050 (eobs 3264),41.65882,0.9506364,41.661495,0.9509365,41.64604,0.9297227350373147,2.4615094937838307,0.29821277,0,0.36041835,0.70815045,2.2404919,41.65882,0.9506363868713379,0.2983904319191943
2022-09-28,Europa_DER_A1A26_eobs_4004__2022__southbound_01,Europa / DER A1A26 (eobs 4004),39.85726,-4.166196,39.8569,-4.165379,39.842358,-4.187349083752185,2.4763210731038825,0.08048585,0,0.46737915,0.70815045,2.446665,39.85726,-4.166195869445801,0.0805299082021391
2022-09-28,Louis_DER_AU050_eobs_3264__2022__southbound_01,Louis / DER AU050 (eobs 3264),41.661495,0.9509365,41.65895,0.9512425,41.65254,0.9352853615736174,1.5053041032291858,0.28415862,0,0.24151964,0.70815045,1.635019,41.661495,0.950936496257782,0.28406489451114425
2022-09-29,Europa_DER_A1A26_eobs_4004__2022__southbound_01,Europa / DER A1A26 (eobs 4004),39.8569,-4.165379,39.85722,-4.165764,39.849182,-4.176777796266207,1.297195534159397,0.048539326,0,0.24847446,0.70815045,1.2950233,39.8569,-4.165379047393799,0.048460780477021605
2022-09-29,Louis_DER_AU050_eobs_3264__2022__southbound_01,Louis / DER AU050 (eobs 3264),41.65895,0.9512425,41.658493,0.9508007,41.646637,0.9309595185046468,2.1108058410744786,0.062680274,0,0.32598862,0.70815045,2.1672916,41.65895,0.9512425065040588,0.06275313762001013
2022-09-30,Europa_DER_A1A26_eobs_4004__2022__southbound_01,Europa / DER A1A26 (eobs 4004),39.85722,-4.165764,39.857227,-4.165492,39.849796,-4.176938749162736,1.2796598076979218,0.023235692,0,0.22721305,0.70815045,1.2590907,39.85722,-4.165763854980469,0.02321562851111663
2022-09-30,Louis_DER_AU050_eobs_3264__2022__southbound_01,Louis / DER AU050 (eobs 3264),41.658493,0.9508007,41.657722,0.9509309,41.64145,0.9241335673681466,2.869114654436301,0.086151816,0,0.43151534,0.70815045,2.91041,41.658493,0.9508007168769836,0.08636325680375449
2022-10-01,Europa_DER_A1A26_eobs_4004__2022__southbound_01,Europa / DER A1A26 (eobs 4004),39.857227,-4.165492,39.85705,-4.165062,39.851845,-4.1737655459429615,0.941923768094221,0.041536424,0,0.17022279,0.70815045,0.9240386,39.857227,-4.165492057800293,0.04157621658617413
2022-10-01,Louis_DER_AU050_eobs_3264__2022__southbound_01,Louis / DER AU050 (eobs 3264),41.657722,0.9509309,41.657776,0.9511712,41.640274,0.9254204655053246,2.892265491058165,0.020807263,0,0.43289572,0.70815045,2.8681202,41.657722,0.9509308934211731,0.02083000037338729
2022-10-02,Europa_DER_A1A26_eobs_4004__2022__southbound_01,Europa / DER A1A26 (eobs 4004),39.85705,-4.165062,39.85704,-4.1655807,39.852013,-4.1726363914588065,0.8217626877825938,0.04430339,0,0.15800233,0.70815045,0.8539821,39.85705,-4.165061950683594,0.044302137708128624
2022-10-02,Louis_DER_AU050_eobs_3264__2022__southbound_01,Louis / DER AU050 (eobs 3264),41.657776,0.9511712,41.650852,0.9534697,41.65017,0.9393372987330566,1.1766614309707633,0.7932652,0,0.18443345,0.70815045,1.2945141,41.657776,0.9511712193489075,0.7932080981180868
2022-10-03,Europa_DER_A1A26_eobs_4004__2022__southbound_01,Europa / DER A1A26 (eobs 4004),39.85704,-4.1655807,39.85361,-4.1656814,39.84746,-4.179148664713404,1.33762995887842,0.38167366,0,0.30102453,0.70815045,1.570618,39.85704,-4.165580749511719,0.38143053674715777
2022-10-03,Louis_DER_AU050_eobs_3264__2022__southbound_01,Louis / DER AU050 (eobs 3264),41.650852,0.9534697,41.657715,0.9514176,41.641636,0.9393341661165923,2.0505046779067944,0.7818136,0,0.22927617,0.70815045,1.5558463,41.650852,0.9534696936607361,0.7819051349263225
2022-10-04,Europa_DER_A1A26_eobs_4004__2022__southbound_01,Europa / DER A1A26 (eobs 4004),39.85361,-4.1656814,39.85666,-4.2408013,39.844555,-4.178202660520874,5.5107123067205634,6.421291,0,0.27948818,0.70815045,1.4659833,39.85361,-4.1656813621521,6.4212522265059855
2022-10-04,Louis_DER_AU050_eobs_3264__2022__southbound_01,Louis / DER AU050 (eobs 3264),41.657715,0.9514176,41.67065,0.94682825,41.651024,0.9395983731875086,2.263520752202064,1.4880724,0,0.16496399,0.70815045,1.2298161,41.657715,0.9514176249504089,1.488043810274463
2022-10-05,Europa_DER_A1A26_eobs_4004__2022__southbound_01,Europa / DER A1A26 (eobs 4004),39.85666,-4.2408013,39.85362,-4.1659856,39.841507,-4.261524004919236,8.266578640717595,6.3952804,0,0.4567661,0.70815045,2.4384265,39.85666,-4.2408013343811035,6.395274668808889
2022-10-05,Louis_DER_AU050_eobs_3264__2022__southbound_01,Louis / DER AU050 (eobs 3264),41.67065,0.94682825,41.644238,0.9576373,41.664463,0.9348415216494912,2.94020167231014,3.0710762,0,0.15471421,0.70815045,1.2080687,41.67065,0.9468282461166382,3.071205649276802
2022-10-06,Europa_DER_A1A26_eobs_4004__2022__southbound_01,Europa / DER A1A26 (eobs 4004),39.85362,-4.1659856,39.855686,-4.2382092,39.846825,-4.17620786373327,5.38372881664637,6.169369,0,0.21434478,0.70815045,1.1521343,39.85362,-4.165985584259033,6.16939916565517
2022-10-06,Louis_DER_AU050_eobs_3264__2022__southbound_01,Louis / DER AU050 (eobs 3264),41.644238,0.9576373,41.64801,0.9574493,41.636703,0.9438272122783646,1.691748809669877,0.4196131,0,0.19340464,0.70815045,1.4182622,41.644238,0.9576373100280762,0.41980036049217684
2022-10-07,Europa_DER_A1A26_eobs_4004__2022__southbound_01,Europa / DER A1A26 (eobs 4004),39.855686,-4.2382092,39.855316,-4.166041,39.84297,-4.256610059943924,7.852630067019048,6.1604486,0,0.38110295,0.70815045,2.1096284,39.855686,-4.238209247589111,6.160453614333413
2022-10-07,Louis_DER_AU050_eobs_3264__2022__southbound_01,Louis / DER AU050 (eobs 3264),41.64801,0.9574493,41.65875,0.9519391,41.64197,0.9454425863485982,1.9420441963178543,1.2787738,0,0.15001914,0.70815045,1.2005306,41.64801,0.9574493169784546,1.2788076603653102
2022-10-08,Europa_DER_A1A26_eobs_4004__2022__southbound_01,Europa / DER A1A26 (eobs 4004),39.855316,-4.166041,39.857166,-4.164878,39.849564,-4.175133125839682,1.2169744400048228,0.22824006,0,0.15910725,0.70815045,1.0040207,39.855316,-4.166040897369385,0.22842519702188968
2022-10-08,Louis_DER_AU050_eobs_3264__2022__southbound_01,Louis / DER AU050 (eobs 3264),41.65875,0.9519391,41.64098,0.958015,41.654114,0.9422450158566524,1.962102638944752,2.0391748,0,0.10983995,0.70815045,0.954459,41.65875,0.9519391059875488,2.0392838653896934
2022-10-09,Europa_DER_A1A26_eobs_4004__2022__southbound_01,Europa / DER A1A26 (eobs 4004),39.857166,-4.164878,39.857105,-4.166179,39.852276,-4.172890091603045,0.7851979483916183,0.11129922,0,0.124850094,0.70815045,0.87226063,39.857166,-4.164877891540527,0.11128296484507887
2022-10-09,Louis_DER_AU050_eobs_3264__2022__southbound_01,Louis / DER AU050 (eobs 3264),41.64098,0.958015,41.63425,0.94022936,41.635418,0.9474592123762452,0.6147083973377969,1.6566998,0,0.14110324,0.70815045,1.0714148,41.64098,0.9580150246620178,1.6566472449046987
2022-10-10,Europa_DER_A1A26_eobs_4004__2022__southbound_01,Europa / DER A1A26 (eobs 4004),39.857105,-4.166179,39.855255,-4.165329,39.847668,-4.180651052747932,1.5564711567551182,0.21808122,0,0.27261868,0.70815045,1.6180843,39.857105,-4.166179180145264,0.21815049108841625
2022-10-10,Louis_DER_AU050_eobs_3264__2022__southbound_01,Louis / DER AU050 (eobs 3264),41.63425,0.94022936,41.538494,0.6148426,41.624577,0.923387948345971,27.390290096815544,29.08136,0,0.26899806,0.70815045,1.762226,41.63425,0.9402293562889099,29.08140939470361
2022-10-11,Europa_DER_A1A26_eobs_4004__2022__southbound_01,Europa / DER A1A26 (eobs 4004),39.855255,-4.165329,39.853523,-4.189989,39.8487,-4.175320067633777,1.3621868591528739,2.113832,0,0.19479251,0.70815045,1.1199025,39.855255,-4.1653289794921875,2.113820417880259
2022-10-11,Louis_DER_AU050_eobs_3264__2022__southbound_01,Louis / DER AU050 (eobs 3264),41.538494,0.6148426,41.538704,0.6147031,41.512215,0.5767287853751223,4.320813228224904,0.02594392,0,0.5721104,0.70815045,4.3055673,41.538494,0.6148425936698914,0.026058236968073894
2022-10-12,Europa_DER_A1A26_eobs_4004__2022__southbound_01,Europa / DER A1A26 (eobs 4004),39.853523,-4.189989,39.85436,-4.237856,39.8444,-4.203011945484594,3.174051932738949,4.0870786,0,0.26778337,0.70815045,1.5025172,39.853523,-4.18998908996582,4.087077772816654
2022-10-12,Louis_DER_AU050_eobs_3264__2022__southbound_01,Louis / DER AU050 (eobs 3264),41.538704,0.6147031,41.538692,0.6181468,41.531696,0.6020046745821349,1.5525502824850526,0.28662333,0,0.18827787,0.70815045,1.3108693,41.538704,0.6147031188011169,0.2866199149619411
2022-10-13,Europa_DER_A1A26_eobs_4004__2022__southbound_01,Europa / DER A1A26 (eobs 4004),39.85436,-4.237856,39.853455,-4.166751,39.841236,-4.255166481276095,7.669382206604087,6.070499,0,0.35488415,0.70815045,2.0729315,39.85436,-4.237855911254883,6.070522014122284
2022-10-13,Louis_DER_AU050_eobs_3264__2022__southbound_01,Louis / DER AU050 (eobs 3264),41.538692,0.6181468,41.539528,0.6143338,41.53294,0.6082711250611668,0.8895343953467338,0.33064634,0,0.1316089,0.70815045,1.0397856,41.538692,0.6181467771530151,0.33066940566307246
2022-10-14,Europa_DER_A1A26_eobs_4004__2022__southbound_01,Europa / DER A1A26 (eobs 4004),39.853455,-4.166751,39.855793,-4.2449293,39.84778,-4.174970694270379,6.0381454572384,6.6784935,0,0.14865385,0.70815045,0.9421,39.853455,-4.166750907897949,6.678485690714074
2022-10-14,Louis_DER_AU050_eobs_3264__2022__southbound_01,Louis / DER AU050 (eobs 3264),41.539528,0.6143338,41.54031,0.6171932,41.53031,0.5998260227070654,1.82363598564758,0.25348932,0,0.20226513,0.70815045,1.5809693,41.539528,0.6143338084220886,0.25337427646052463
2022-10-15,Europa_DER_A1A26_eobs_4004__2022__southbound_01,Europa / DER A1A26 (eobs 4004),39.855793,-4.2449293,39.853657,-4.1669483,39.84573,-4.25853294360284,7.867887184909422,6.6608067,0,0.2725881,0.70815045,1.6096486,39.855793,-4.244929313659668,6.660797833429042
2022-10-15,Louis_DER_AU050_eobs_3264__2022__southbound_01,Louis / DER AU050 (eobs 3264),41.54031,0.6171932,41.539574,0.61455595,41.532925,0.6054000360899847,1.061784439911351,0.23428509,0,0.15019923,0.70815045,1.2775148,41.54031,0.6171932220458984,0.2342664707541938
2022-10-16,Europa_DER_A1A26_eobs_4004__2022__southbound_01,Europa / DER A1A26 (eobs 4004),39.853657,-4.1669483,39.854702,-4.2406445,39.84723,-4.176242727727081,5.560161446983555,6.291921,0,0.17367171,0.70815045,1.065957,39.853657,-4.166948318481445,6.291923269994996
2022-10-16,Louis_DER_AU050_eobs_3264__2022__southbound_01,Louis / DER AU050 (eobs 3264),41.539574,0.61455595,41.541183,0.624586,41.527218,0.5953710181643991,2.885288941672833,0.85371745,0,0.27187082,0.70815045,2.102659,41.539574,0.6145559549331665,0.8537579093687907
2022-10-17,Europa_DER_A1A26_eobs_4004__2022__southbound_01,Europa / DER A1A26 (eobs 4004),39.854702,-4.2406445,39.85363,-4.1671476,39.846268,-4.252908025277253,7.366759168596457,6.274983,0,0.24223089,0.70815045,1.4031477,39.854702,-4.240644454956055,6.27496892270129
2022-10-17,Louis_DER_AU050_eobs_3264__2022__southbound_01,Louis / DER AU050 (eobs 3264),41.541183,0.624586,41.53941,0.6174957,41.535152,0.6137161178953127,0.5683765284491531,0.6221683,0,0.12727733,0.70815045,1.1240515,41.541183,0.6245859861373901,0.622202438952022
2022-10-18,Europa_DER_A1A26_eobs_4004__2022__southbound_01,Europa / DER A1A26 (eobs 4004),39.85363,-4.1671476,39.844223,-4.260671,39.84806,-4.175858062497894,7.253224897472361,8.052187,0,0.16531375,0.70815045,0.9660351,39.85363,-4.167147636413574,8.052194427000524
2022-10-18,Louis_DER_AU050_eobs_3264__2022__southbound_01,Louis / DER AU050 (eobs 3264),41.53941,0.6174957,41.538746,0.6146516,41.52978,0.6005140309500654,1.5422045115016243,0.24797596,0,0.21841791,0.70815045,1.7700195,41.53941,0.6174957156181335,0.24795329812786585
2022-10-19,Europa_DER_A1A26_eobs_4004__2022__southbound_01,Europa / DER A1A26 (eobs 4004),39.844223,-4.260671,39.85428,-4.241106,39.831905,-4.278702551610458,4.061049358151031,2.0097353,0,0.37284997,0.70815045,2.056893,39.844223,-4.260671138763428,2.0099496466355298
2022-10-19,Louis_DER_AU050_eobs_3264__2022__southbound_01,Louis / DER AU050 (eobs 3264),41.538746,0.6146516,41.54087,0.61933845,41.52711,0.5942017150354332,2.5920252141029994,0.45609736,0,0.27867275,0.70815045,2.1342604,41.538746,0.614651620388031,0.4560527920827226
2022-10-20,Europa_DER_A1A26_eobs_4004__2022__southbound_01,Europa / DER A1A26 (eobs 4004),39.85428,-4.241106,39.8566,-4.1673207,39.847885,-4.251856751378051,7.281166792060228,6.3036413,0,0.20263301,0.70815045,1.1587061,39.85428,-4.241106033325195,6.303640898983202
2022-10-20,Louis_DER_AU050_eobs_3264__2022__southbound_01,Louis / DER AU050 (eobs 3264),41.54087,0.61933845,41.539196,0.6276122,41.53599,0.6092732693140187,1.5674158946954504,0.7133239,0,0.10718694,0.70815045,0.996217,41.54087,0.6193384528160095,0.7133444693785984
2022-10-21,Europa_DER_A1A26_eobs_4004__2022__southbound_01,Europa / DER A1A26 (eobs 4004),39.8566,-4.1673207,39.86001,-4.2381983,39.85155,-4.176064984856556,5.386424457739217,6.0617127,0,0.16410811,0.70815045,0.9324114,39.8566,-4.167320728302002,6.061732605529612
2022-10-21,Louis_DER_AU050_eobs_3264__2022__southbound_01,Louis / DER AU050 (eobs 3264),41.539196,0.6276122,41.537666,0.63729304,41.53556,0.6200576264929517,1.4535394923612979,0.8235549,0,0.07623754,0.70815045,0.74618804,41.539196,0.6276121735572815,0.82350378704207
2022-10-22,Europa_DER_A1A26_eobs_4004__2022__southbound_01,Europa / DER A1A26 (eobs 4004),39.86001,-4.2381983,39.855923,-4.1669226,39.85095,-4.253008987619259,7.369375888103021,6.100814,0,0.30407393,0.70815045,1.6135355,39.86001,-4.238198280334473,6.100839435747949
2022-10-23,Europa_DER_A1A26_eobs_4004__2022__southbound_01,Europa / DER A1A26 (eobs 4004),39.855923,-4.1669226,39.856693,-4.22614,39.84899,-4.178910220801687,4.121664263769848,5.0555053,0,0.25447938,0.70815045,1.2788811,39.855923,-4.166922569274902,5.05548977067541
2022-10-24,Europa_DER_A1A26_eobs_4004__2022__southbound_01,Europa / DER A1A26 (eobs 4004),39.856693,-4.22614,39.85703,-4.2360497,39.84622,-4.243564128238474,1.3625588831443158,0.84667885,0,0.35907307,0.70815045,1.8858097,39.856693,-4.226140022277832,0.8466960199559072
2022-10-25,Europa_DER_A1A26_eobs_4004__2022__southbound_01,Europa / DER A1A26 (eobs 4004),39.85703,-4.2360497,39.85031,-4.24934,39.848434,-4.250230559947066,0.22210908687332642,1.3581085,0,0.27453193,0.70815045,1.5396248,39.85703,-4.236049652099609,1.3583329325638702
2022-10-26,Europa_DER_A1A26_eobs_4004__2022__southbound_01,Europa / DER A1A26 (eobs 4004),39.85031,-4.24934,39.85015,-4.257514,39.840153,-4.265329794409783,1.2966321603861022,0.69803196,0,0.30484074,0.70815045,1.7685905,39.85031,-4.249340057373047,0.6980116429454792
2022-10-27,Europa_DER_A1A26_eobs_4004__2022__southbound_01,Europa / DER A1A26 (eobs 4004),39.85015,-4.257514,39.849606,-4.252669,39.842094,-4.27040526309751,1.7292657351279959,0.41804382,0,0.23058872,0.70815045,1.4165376,39.85015,-4.257513999938965,0.41804101486383777
2022-10-28,Europa_DER_A1A26_eobs_4004__2022__southbound_01,Europa / DER A1A26 (eobs 4004),39.849606,-4.252669,39.85646,-4.2423134,39.845013,-4.260436328686077,2.003468591437707,1.167168,0,0.11789894,0.70815045,0.83539397,39.849606,-4.252668857574463,1.167233228088692
2022-10-29,Europa_DER_A1A26_eobs_4004__2022__southbound_01,Europa / DER A1A26 (eobs 4004),39.85646,-4.2423134,39.855812,-4.205393,39.85275,-4.248798647950203,3.720824532133969,3.152318,0,0.08897214,0.70815045,0.68925005,39.85646,-4.242313385009766,3.1523469120092935
2022-10-30,Europa_DER_A1A26_eobs_4004__2022__southbound_01,Europa / DER A1A26 (eobs 4004),39.855812,-4.205393,39.846333,-4.25299,39.852276,-4.211342980273002,3.616205567090288,4.1976204,0,0.08303569,0.70815045,0.6410787,39.855812,-4.205392837524414,4.197653121658934
2022-10-31,Europa_DER_A1A26_eobs_4004__2022__southbound_01,Europa / DER A1A26 (eobs 4004),39.846333,-4.25299,39.8499,-4.259135,39.84027,-4.26220089957514,1.102155437175006,0.6577313,0,0.15578583,0.70815045,1.0338442,39.846333,-4.252989768981934,0.6576440574243112
2022-11-01,Europa_DER_A1A26_eobs_4004__2022__southbound_01,Europa / DER A1A26 (eobs 4004),39.8499,-4.259135,39.856583,-4.24948,39.844757,-4.267193762278532,2.003937158858989,1.1095884,0,0.13204981,0.70815045,0.89311653,39.8499,-4.259134769439697,1.1097545118627585
2022-11-02,Europa_DER_A1A26_eobs_4004__2022__southbound_01,Europa / DER A1A26 (eobs 4004),39.856583,-4.24948,39.846252,-4.2647414,39.852673,-4.255429556312857,1.0684359847249725,1.7367662,0,0.085794196,0.70815045,0.66751647,39.856583,-4.2494797706604,1.7368852007110782
2022-11-03,Europa_DER_A1A26_eobs_4004__2022__southbound_01,Europa / DER A1A26 (eobs 4004),39.846252,-4.2647414,39.851704,-4.2570753,39.841034,-4.272227517943356,1.755253148096961,0.891838,0,0.11664357,0.70815045,0.86175054,39.846252,-4.26474142074585,0.8920264803939019
2022-11-04,Europa_DER_A1A26_eobs_4004__2022__southbound_01,Europa / DER A1A26 (eobs 4004),39.851704,-4.2570753,39.848965,-4.266041,39.847992,-4.262616145952415,0.31172722231058264,0.82364887,0,0.07801402,0.70815045,0.6266193,39.851704,-4.257075309753418,0.8237258554180046
2022-11-05,Europa_DER_A1A26_eobs_4004__2022__southbound_01,Europa / DER A1A26 (eobs 4004),39.848965,-4.266041,39.84838,-4.265964,39.84414,-4.273052950419448,0.7672972355177927,0.06532381,0,0.1010335,0.70815045,0.80246174,39.848965,-4.266040802001953,0.06522894312619397
2022-11-06,Europa_DER_A1A26_eobs_4004__2022__southbound_01,Europa / DER A1A26 (eobs 4004),39.84838,-4.265964,39.856464,-4.266269,39.842674,-4.27352555225736,1.6537917571769865,0.89909595,0,0.11897671,0.70815045,0.90349394,39.84838,-4.265964031219482,0.8992054747831433
2022-11-07,Europa_DER_A1A26_eobs_4004__2022__southbound_01,Europa / DER A1A26 (eobs 4004),39.856464,-4.266269,39.852993,-4.209228,39.852116,-4.272192894957902,5.375818797350102,4.8843994,0,0.08484723,0.70815045,0.6983848,39.856464,-4.266269207000732,4.88438553502267
2022-11-08,Europa_DER_A1A26_eobs_4004__2022__southbound_01,Europa / DER A1A26 (eobs 4004),39.852993,-4.209228,39.848995,-4.266047,39.849537,-4.213996059259103,4.443898903653338,4.870731,0,0.06510214,0.70815045,0.55868375,39.852993,-4.209228038787842,4.870733573886522
2022-11-09,Europa_DER_A1A26_eobs_4004__2022__southbound_01,Europa / DER A1A26 (eobs 4004),39.848995,-4.266047,39.851402,-4.2512064,39.844013,-4.272869718345497,2.023696754172587,1.2947984,0,0.10411819,0.70815045,0.8025298,39.848995,-4.26604700088501,1.2948618738803508
2022-11-10,Europa_DER_A1A26_eobs_4004__2022__southbound_01,Europa / DER A1A26 (eobs 4004),39.851402,-4.2512064,39.847546,-4.2702208,39.84765,-4.2564451616148835,1.1760809180436356,1.6788815,0,0.07544546,0.70815045,0.61053467,39.851402,-4.251206398010254,1.6789079846612966
2022-11-11,Europa_DER_A1A26_eobs_4004__2022__southbound_01,Europa / DER A1A26 (eobs 4004),39.847546,-4.2702208,39.847927,-4.26829,39.84234,-4.277128833645385,0.977535148978143,0.1701635,0,0.104803346,0.70815045,0.82514364,39.847546,-4.270220756530762,0.1701956184504543
2022-11-12,Europa_DER_A1A26_eobs_4004__2022__southbound_01,Europa / DER A1A26 (eobs 4004),39.847927,-4.26829,39.847916,-4.27084,39.844467,-4.273273546800762,0.4361127902708925,0.21768662,0,0.06503753,0.70815045,0.57260925,39.847927,-4.268290042877197,0.21770735681070996
2022-11-13,Europa_DER_A1A26_eobs_4004__2022__southbound_01,Europa / DER A1A26 (eobs 4004),39.847916,-4.27084,39.856754,-4.167861,39.843346,-4.277655889575977,9.490723010157868,8.845493,0,0.091819406,0.70815045,0.7712877,39.847916,-4.270840167999268,8.845514435711575
2022-11-14,Europa_DER_A1A26_eobs_4004__2022__southbound_01,Europa / DER A1A26 (eobs 4004),39.856754,-4.167861,39.85351,-4.177822,39.85322,-4.173358400897584,0.3823972052471968,0.9236729,0,0.07033575,0.70815045,0.6110079,39.856754,-4.167860984802246,0.9235739966690271
2022-11-15,Europa_DER_A1A26_eobs_4004__2022__southbound_01,Europa / DER A1A26 (eobs 4004),39.85351,-4.177822,39.848587,-4.27088,39.848717,-4.184839695760699,7.3451971150194035,7.9628267,0,0.09538322,0.70815045,0.8005564,39.85351,-4.177822113037109,7.962840704550374
2022-11-16,Europa_DER_A1A26_eobs_4004__2022__southbound_01,Europa / DER A1A26 (eobs 4004),39.848587,-4.27088,39.847897,-4.270175,39.84153,-4.28094804004613,1.1606496456591173,0.09748509,0,0.14933036,0.70815045,1.1618485,39.848587,-4.270880222320557,0.09756686694880227
2022-11-17,Europa_DER_A1A26_eobs_4004__2022__southbound_01,Europa / DER A1A26 (eobs 4004),39.847897,-4.270175,39.84786,-4.2702074,39.842793,-4.277511952051508,0.840359220256356,0.0050944844,0,0.1075849,0.70815045,0.84363806,39.847897,-4.270174980163574,0.005065069492986559
2022-11-18,Europa_DER_A1A26_eobs_4004__2022__southbound_01,Europa / DER A1A26 (eobs 4004),39.84786,-4.2702074,39.856686,-4.2699175,39.840736,-4.280287341827777,1.982148638635432,0.98193085,0,0.16056015,0.70815045,1.1675,39.84786,-4.270207405090332,0.9818542210677559
2022-11-19,Europa_DER_A1A26_eobs_4004__2022__southbound_01,Europa / DER A1A26 (eobs 4004),39.856686,-4.2699175,39.84718,-4.269938,39.85193,-4.276824296358014,0.7902387633065602,1.0574111,0,0.09789176,0.70815045,0.7906838,39.856686,-4.2699174880981445,1.057046965887451
2022-11-20,Europa_DER_A1A26_eobs_4004__2022__southbound_01,Europa / DER A1A26 (eobs 4004),39.84718,-4.269938,39.856407,-4.249142,39.841927,-4.276765038917133,2.8554085840078693,2.0505922,0,0.09742811,0.70815045,0.82375485,39.84718,-4.269937992095947,2.0504389902187694
2022-11-21,Europa_DER_A1A26_eobs_4004__2022__southbound_01,Europa / DER A1A26 (eobs 4004),39.856407,-4.249142,39.85697,-4.256775,39.852654,-4.254146386076936,0.5300033020724821,0.6545116,0,0.062333796,0.70815045,0.5961263,39.856407,-4.249142169952393,0.6545390353123498
2022-11-22,Europa_DER_A1A26_eobs_4004__2022__southbound_01,Europa / DER A1A26 (eobs 4004),39.85697,-4.256775,39.841156,-4.2567496,39.851982,-4.263660304920481,1.3406077050792755,1.758546,0,0.090093486,0.70815045,0.80678517,39.85697,-4.25677490234375,1.758633230443243
2023-07-31,Angela_DER_AY470_eobs_4001__2023__southbound_01,Angela / DER AY470 (eobs 4001),48.141117,7.7463923,48.167404,7.72844,48.136536,7.73431968718671,3.4600338306613927,3.2120667,0,0.073577724,0.70815045,1.028603,48.141117,7.746392250061035,3.2120727599304773
2023-08-01,Angela_DER_AY470_eobs_4001__2023__southbound_01,Angela / DER AY470 (eobs 4001),48.167404,7.72844,48.134644,7.7496567,48.163486,7.717634219279868,3.99124825608199,3.968189,0,0.059599314,0.70815045,0.910423,48.167404,7.728439807891846,3.9683236080252042
2023-08-02,Angela_DER_AY470_eobs_4001__2023__southbound_01,Angela / DER AY470 (eobs 4001),48.134644,7.7496567,48.134125,7.7529035,48.12946,7.736204882328993,1.3434638040894609,0.24781504,0,0.08486182,0.70815045,1.1507894,48.134644,7.749656677246094,0.24775361517312774
2023-08-03,Angela_DER_AY470_eobs_4001__2023__southbound_01,Angela / DER AY470 (eobs 4001),48.134125,7.7529035,48.12996,7.754574,48.12933,7.739974650809443,1.0857628077405768,0.479151,0,0.09494421,0.70815045,1.0957359,48.134125,7.752903461456299,0.4795006151700236
2023-08-04,Angela_DER_AY470_eobs_4001__2023__southbound_01,Angela / DER AY470 (eobs 4001),48.12996,7.754574,48.15167,7.749325,48.122776,7.7368171880513765,3.344087247216926,2.4448843,0,0.15203023,0.70815045,1.5383456,48.12996,7.754573822021484,2.4452015025771203
2023-08-05,Angela_DER_AY470_eobs_4001__2023__southbound_01,Angela / DER AY470 (eobs 4001),48.15167,7.749325,48.158104,7.723872,48.14686,7.736850054484151,1.578150381170645,2.0190833,0,0.09150099,0.70815045,1.0669404,48.15167,7.749324798583984,2.0191393574085637
2023-08-06,Angela_DER_AY470_eobs_4001__2023__southbound_01,Angela / DER AY470 (eobs 4001),48.158104,7.723872,48.134285,7.753541,48.152332,7.709718800824828,3.820898709946716,3.443781,0,0.09668331,0.70815045,1.2283792,48.158104,7.723872184753418,3.4438613849588697
2023-08-07,Angela_DER_AY470_eobs_4001__2023__southbound_01,Angela / DER AY470 (eobs 4001),48.134285,7.753541,48.13426,7.754865,48.12773,7.73829286978051,1.428081542241149,0.098315306,0,0.12198372,0.70815045,1.3436508,48.134285,7.753540992736816,0.09831224102256199
2023-08-07,Louis_DER_AU050_eobs_3264__2023__southbound_01,Louis / DER AU050 (eobs 3264),47.905502,8.565318,47.908237,8.571833,47.900146,8.552740522190039,1.6836936973386758,0.5728862,0,0.18030201,0.70815045,1.1088585,47.905502,8.56531810760498,0.572964534863667
2023-08-08,Angela_DER_AY470_eobs_4001__2023__southbound_01,Angela / DER AY470 (eobs 4001),48.13426,7.754865,48.164627,7.7360315,48.12884,7.7424251847192185,4.007365395144755,3.6545255,0,0.0991213,0.70815045,1.100438,48.13426,7.7548651695251465,3.65451215015186
2023-08-08,Louis_DER_AU050_eobs_3264__2023__southbound_01,Louis / DER AU050 (eobs 3264),47.908237,8.571833,47.911217,8.563831,47.904884,8.56352031795071,0.7045129395633731,0.68232703,0,0.11743414,0.70815045,0.72188044,47.908237,8.571832656860352,0.6822072713552584
2023-08-09,Angela_DER_AY470_eobs_4001__2023__southbound_01,Angela / DER AY470 (eobs 4001),48.164627,7.7360315,48.148876,7.732977,48.160213,7.725392651046573,1.3804943816452613,1.7657381,0,0.069792636,0.70815045,0.92750436,48.164627,7.736031532287598,1.7660169307151372
2023-08-09,Louis_DER_AU050_eobs_3264__2023__southbound_01,Louis / DER AU050 (eobs 3264),47.911217,8.563831,47.89871,8.539618,47.90676,8.553035347342957,1.3424764291255669,2.2788746,0,0.14326493,0.70815045,0.94325686,47.911217,8.563831329345703,2.2786532113320996
2023-08-10,Angela_DER_AY470_eobs_4001__2023__southbound_01,Angela / DER AY470 (eobs 4001),48.148876,7.732977,48.140602,7.7478137,48.143665,7.721198854875407,2.0039492964362466,1.4348435,0,0.077454954,0.70815045,1.0466973,48.148876,7.732976913452148,1.4346651132309214
2023-08-10,Louis_DER_AU050_eobs_3264__2023__southbound_01,Louis / DER AU050 (eobs 3264),47.89871,8.539618,47.90495,8.55302,47.891567,8.523515952333895,2.6555627230443632,1.2165833,0,0.22198476,0.70815045,1.4366678,47.89871,8.539617538452148,1.2164229458465547
2023-08-11,Angela_DER_AY470_eobs_4001__2023__southbound_01,Angela / DER AY470 (eobs 4001),48.140602,7.7478137,47.79649,7.578767,48.135777,7.736779988664731,39.51873701278695,40.280254,1,0.06329723,0.70815045,0.97716475,48.140602,7.747813701629639,40.28019873734364
2023-08-11,Louis_DER_AU050_eobs_3264__2023__southbound_01,Louis / DER AU050 (eobs 3264),47.90495,8.55302,47.90752,8.55612,47.901936,8.545235078013908,1.021740920049185,0.36745134,0,0.08383456,0.70815045,0.66886306,47.90495,8.553019523620605,0.3676182521985106
2023-08-12,Angela_DER_AY470_eobs_4001__2023__southbound_01,Angela / DER AY470 (eobs 4001),47.79649,7.578767,47.65475,7.5555215,47.759613,7.518718382434586,11.980935703881094,15.855944,0,0.49851555,0.70815045,6.0667596,47.79649,7.578766822814941,15.85628570890718
2023-08-12,Louis_DER_AU050_eobs_3264__2023__southbound_01,Louis / DER AU050 (eobs 3264),47.90752,8.55612,47.905235,8.557772,47.904625,8.54845230749089,0.6979833407265845,0.28212747,0,0.068689354,0.70815045,0.65482813,47.90752,8.556119918823242,0.28234014993002937
2023-08-13,Angela_DER_AY470_eobs_4001__2023__southbound_01,Angela / DER AY470 (eobs 4001),47.65475,7.5555215,47.52191,7.0241976,47.618305,7.4927912365872,36.752431378888545,42.496704,1,0.5676824,0.70815045,6.194003,47.65475,7.555521488189697,42.49664088447269
2023-08-13,Louis_DER_AU050_eobs_3264__2023__southbound_01,Louis / DER AU050 (eobs 3264),47.905235,8.557772,47.907127,8.578035,47.901848,8.549253950354291,2.2242842262857327,1.5250368,0,0.08272442,0.70815045,0.73700064,47.905235,8.557771682739258,1.5250211419799005
2023-08-14,Angela_DER_AY470_eobs_4001__2023__southbound_01,Angela / DER AY470 (eobs 4001),47.52191,7.0241976,46.693375,5.4422135,47.453213,6.917412372387519,140.0653996369627,151.06589,1,0.78088456,0.70815045,11.055521,47.453213,6.917412372387519,140.0653996369627
2023-08-14,Louis_DER_AU050_eobs_3264__2023__southbound_01,Louis / DER AU050 (eobs 3264),47.907127,8.578035,47.90697,8.574343,47.904877,8.571941627119685,0.2937045304894281,0.27577516,0,0.06077012,0.70815045,0.51761514,47.907127,8.578035354614258,0.27578988001957877
2023-08-15,Angela_DER_AY470_eobs_4001__2023__southbound_01,Angela / DER AY470 (eobs 4001),46.693375,5.4422135,46.058247,5.1277914,46.373333,5.075389726529761,35.267272427866985,74.6285,1,0.94374496,0.70815045,45.188156,46.373333,5.075389726529761,35.267272427866985
2023-08-15,Louis_DER_AU050_eobs_3264__2023__southbound_01,Louis / DER AU050 (eobs 3264),47.90697,8.574343,47.90912,8.572943,47.90305,8.564448335326576,0.9253870596589743,0.26039174,0,0.119738415,0.70815045,0.85532343,47.90697,8.574342727661133,0.2606140698526998
2023-08-16,Angela_DER_AY470_eobs_4001__2023__southbound_01,Angela / DER AY470 (eobs 4001),46.058247,5.1277914,45.129078,4.8418922,45.91083,4.931647117740901,87.20794227903349,105.68646,1,0.90006745,0.70815045,22.2713,45.91083,4.931647117740901,87.20794227903349
2023-08-16,Louis_DER_AU050_eobs_3264__2023__southbound_01,Louis / DER AU050 (eobs 3264),47.90912,8.572943,47.9112,8.57454,47.905083,8.562589967387863,1.1208483384943182,0.2604862,0,0.118155695,0.70815045,0.8911015,47.90912,8.572942733764648,0.2604108635011863
2023-08-17,Angela_DER_AY470_eobs_4001__2023__southbound_01,Angela / DER AY470 (eobs 4001),45.129078,4.8418922,44.108948,4.3573484,45.0029,4.677856460274863,102.59539145444495,119.74028,1,0.88440967,0.70815045,19.00467,45.0029,4.677856460274863,102.59539145444495
2023-08-17,Louis_DER_AU050_eobs_3264__2023__southbound_01,Louis / DER AU050 (eobs 3264),47.9112,8.57454,47.903915,8.572826,47.908787,8.567619020225331,0.6663862063611274,0.8199633,0,0.06981596,0.70815045,0.58051366,47.9112,8.574540138244629,0.8201836264040228
2023-08-18,Angela_DER_AY470_eobs_4001__2023__southbound_01,Angela / DER AY470 (eobs 4001),44.108948,4.3573484,43.133526,2.9667532,43.982605,4.201682954748748,137.16966419294607,155.86073,1,0.8800353,0.70815045,18.724192,43.982605,4.201682954748748,137.16966419294607
2023-08-18,Louis_DER_AU050_eobs_3264__2023__southbound_01,Louis / DER AU050 (eobs 3264),47.903915,8.572826,47.91519,8.57289,47.900757,8.56485929172871,1.7130699520089296,1.2536503,0,0.0892619,0.70815045,0.6886608,47.903915,8.572826385498047,1.2538720249734414
2023-08-19,Angela_DER_AY470_eobs_4001__2023__southbound_01,Angela / DER AY470 (eobs 4001),43.133526,2.9667532,42.9593,2.92894,42.9425,2.7511397080207862,14.590870888695711,19.615278,0,0.9103599,0.70815045,27.470736,42.9425,2.7511397080207862,14.590870888695711
2023-08-19,Louis_DER_AU050_eobs_3264__2023__southbound_01,Louis / DER AU050 (eobs 3264),47.91519,8.57289,47.91115,8.578961,47.912033,8.564564503423103,1.0774840023462298,0.6376127,0,0.092795864,0.70815045,0.711694,47.91519,8.572890281677246,0.6375849114163273
2023-08-20,Angela_DER_AY470_eobs_4001__2023__southbound_01,Angela / DER AY470 (eobs 4001),42.9593,2.92894,42.384556,2.8043692,42.92007,2.875272747339488,59.82827324934986,64.71533,1,0.6960076,0.70815045,6.161814,42.9593,2.9289400577545166,64.71520749868847
2023-08-20,Louis_DER_AU050_eobs_3264__2023__southbound_01,Louis / DER AU050 (eobs 3264),47.91115,8.578961,47.907944,8.563981,47.907185,8.569349695887599,0.40896960576638675,1.1720877,0,0.1058558,0.70815045,0.8399328,47.91115,8.578961372375488,1.1721512692210576
2023-08-21,Angela_DER_AY470_eobs_4001__2023__southbound_01,Angela / DER AY470 (eobs 4001),42.384556,2.8043692,42.291645,3.0467565,42.345173,2.7521222133059284,24.945105254474424,22.441936,0,0.67520934,0.70815045,6.12054,42.384556,2.8043692111968994,22.442069224138972
2023-08-21,Louis_DER_AU050_eobs_3264__2023__southbound_01,Louis / DER AU050 (eobs 3264),47.907944,8.563981,47.91449,8.581795,47.899395,8.546263530920342,3.135509505189068,1.5140849,0,0.21779808,0.70815045,1.6244088,47.907944,8.563981056213379,1.5141253337842464
2023-08-22,Angela_DER_AY470_eobs_4001__2023__southbound_01,Angela / DER AY470 (eobs 4001),42.291645,3.0467565,42.28831,3.0466027,42.279945,3.026920166872588,1.8673528288000916,0.37101215,0,0.2876961,0.70815045,2.0831885,42.291645,3.0467565059661865,0.3709451845050064
2023-08-22,Louis_DER_AU050_eobs_3264__2023__southbound_01,Louis / DER AU050 (eobs 3264),47.91449,8.581795,47.91484,8.57268,47.910404,8.571746371471168,0.49820438165706404,0.68035096,0,0.10776282,0.70815045,0.8742881,47.91449,8.581794738769531,0.680379124851661
2023-08-23,Angela_DER_AY470_eobs_4001__2023__southbound_01,Angela / DER AY470 (eobs 4001),42.28831,3.0466027,41.858704,2.7120183,42.277237,3.0267336822023854,53.29850943437298,55.17802,1,0.23897316,0.70815045,2.0426767,42.28831,3.046602725982666,55.178174117164225
2023-08-23,Louis_DER_AU050_eobs_3264__2023__southbound_01,Louis / DER AU050 (eobs 3264),47.91484,8.57268,47.91848,8.581978,47.90586,8.554122074206429,2.5058165914315844,0.8024675,0,0.23026219,0.70815045,1.702978,47.91484,8.572680473327637,0.8023922740360371
2023-08-24,Angela_DER_AY470_eobs_4001__2023__southbound_01,Angela / DER AY470 (eobs 4001),41.858704,2.7120183,41.14599,1.0860349,41.823208,2.659341725727593,151.14649321765495,156.89,1,0.60482204,0.70815045,5.8726153,41.858704,2.7120182514190674,156.88987719608696
2023-08-24,Louis_DER_AU050_eobs_3264__2023__southbound_01,Louis / DER AU050 (eobs 3264),47.91848,8.581978,47.911148,8.570702,47.9134,8.57055705650584,0.25049534132472984,1.170836,0,0.11444389,0.70815045,1.0196762,47.91848,8.581977844238281,1.17085463045002
2023-08-25,Angela_DER_AY470_eobs_4001__2023__southbound_01,Angela / DER AY470 (eobs 4001),41.14599,1.0860349,41.2851,1.2431147,40.92896,0.853705099911291,51.30977407892888,20.295574,0,0.9189146,0.70815045,30.94309,40.92896,0.853705099911291,51.30977407892888
2023-08-25,Louis_DER_AU050_eobs_3264__2023__southbound_01,Louis / DER AU050 (eobs 3264),47.911148,8.570702,47.90771,8.568752,47.904892,8.556674059902093,0.9533103969888509,0.4090239,0,0.16825832,0.70815045,1.253488,47.911148,8.570701599121094,0.4088675777262162
2023-08-26,Angela_DER_AY470_eobs_4001__2023__southbound_01,Angela / DER AY470 (eobs 4001),41.2851,1.2431147,41.49649,1.7031212,41.26671,1.2119827074879312,48.28997056351225,45.0006,1,0.46240553,0.70815045,3.302905,41.2851,1.243114709854126,45.0007673263511
2023-08-26,Louis_DER_AU050_eobs_3264__2023__southbound_01,Louis / DER AU050 (eobs 3264),47.90771,8.568752,47.91902,8.576931,47.901566,8.554325190925569,2.5702972357409144,1.3976231,0,0.20653953,0.70815045,1.2718426,47.90771,8.56875228881836,1.3976093578371764
2023-08-27,Angela_DER_AY470_eobs_4001__2023__southbound_01,Angela / DER AY470 (eobs 4001),41.49649,1.7031212,42.051178,2.8820927,41.490353,1.6892352341090604,116.93853002704488,115.59662,1,0.14585723,0.70815045,1.3405603,41.49649,1.7031211853027344,115.59651389973112
2023-08-27,Louis_DER_AU050_eobs_3264__2023__southbound_01,Louis / DER AU050 (eobs 3264),47.91902,8.576931,47.906048,8.566824,47.916573,8.57030152935431,1.1986585549243802,1.6275461,0,0.086760685,0.70815045,0.5631325,47.91902,8.57693099975586,1.627447188540649
2023-08-28,Angela_DER_AY470_eobs_4001__2023__southbound_01,Angela / DER AY470 (eobs 4001),42.051178,2.8820927,42.054653,2.8822155,42.04684,2.8711745366313335,1.2592584476712585,0.38658014,0,0.08212382,0.70815045,1.020576,42.051178,2.8820927143096924,0.3865569029222292
2023-08-28,Louis_DER_AU050_eobs_3264__2023__southbound_01,Louis / DER AU050 (eobs 3264),47.906048,8.566824,47.909637,8.579326,47.902878,8.558921880954413,1.6964789294201854,1.0137484,0,0.13382378,0.70815045,0.68518716,47.906048,8.566823959350586,1.0137273647793785
2023-08-29,Angela_DER_AY470_eobs_4001__2023__southbound_01,Angela / DER AY470 (eobs 4001),42.054653,2.8822155,42.167862,3.0369475,42.048367,2.8680541233241184,19.252779728619398,17.92695,0,0.10452306,0.70815045,1.359905,42.054653,2.8822154998779297,17.927000968096884
2023-08-29,Louis_DER_AU050_eobs_3264__2023__southbound_01,Louis / DER AU050 (eobs 3264),47.909637,8.579326,47.90744,8.572916,47.908176,8.575135731457896,0.1845957505886258,0.5365928,0,0.07693457,0.70815045,0.3513638,47.909637,8.579325675964355,0.5365987504064299
2023-08-30,Angela_DER_AY470_eobs_4001__2023__southbound_01,Angela / DER AY470 (eobs 4001),42.167862,3.0369475,42.300247,3.0543725,42.16165,3.022587923295781,15.631756127198662,14.790453,0,0.102361545,0.70815045,1.3677665,42.167862,3.03694748878479,14.790327861718424
2023-08-30,Louis_DER_AU050_eobs_3264__2023__southbound_01,Louis / DER AU050 (eobs 3264),47.90744,8.572916,47.91252,8.577267,47.90463,8.565940748702966,1.2177312277287453,0.65132797,0,0.15002267,0.70815045,0.6056638,47.90744,8.572916030883789,0.6514437375142811
2023-08-31,Angela_DER_AY470_eobs_4001__2023__southbound_01,Angela / DER AY470 (eobs 4001),42.300247,3.0543725,42.300365,3.0540035,42.293827,3.039596426194082,1.3902022122650157,0.03299248,0,0.10728023,0.70815045,1.4069812,42.300247,3.054372549057007,0.03307939855037094
2023-08-31,Louis_DER_AU050_eobs_3264__2023__southbound_01,Louis / DER AU050 (eobs 3264),47.91252,8.577267,47.914204,8.570409,47.910534,8.572145683563246,0.42809748516808077,0.54431605,0,0.10999115,0.70815045,0.44016844,47.91252,8.577266693115234,0.5442656015235015
2023-09-01,Angela_DER_AY470_eobs_4001__2023__southbound_01,Angela / DER AY470 (eobs 4001),42.300365,3.0540035,42.30037,3.053391,42.291958,3.035661790252453,1.7323789032828176,0.050371144,0,0.14747076,0.70815045,1.7716697,42.300365,3.0540034770965576,0.05037531748306635
2023-09-01,Louis_DER_AU050_eobs_3264__2023__southbound_01,Louis / DER AU050 (eobs 3264),47.914204,8.570409,47.91531,8.574231,47.91073,8.561992863418125,1.0447353664315724,0.31037185,0,0.17584726,0.70815045,0.7354388,47.914204,8.570408821105957,0.3102908160189559
2023-09-02,Angela_DER_AY470_eobs_4001__2023__southbound_01,Angela / DER AY470 (eobs 4001),42.30037,3.053391,42.3002,3.0543666,42.288498,3.028892018958376,2.4665470821551714,0.08234078,0,0.22507113,0.70815045,2.4045022,42.30037,3.0533909797668457,0.08237903240670046
2023-09-02,Louis_DER_AU050_eobs_3264__2023__southbound_01,Louis / DER AU050 (eobs 3264),47.91531,8.574231,47.915257,8.57293,47.913116,8.568520490444893,0.40575943025424616,0.09712608,0,0.10875199,0.70815045,0.48972875,47.91531,8.574231147766113,0.09712618276047491
2023-09-03,Angela_DER_AY470_eobs_4001__2023__southbound_01,Angela / DER AY470 (eobs 4001),42.3002,3.0543666,42.113182,2.7939646,42.29351,3.039355985000561,28.47142028288847,29.874352,0,0.11799744,0.70815045,1.4388659,42.3002,3.0543665885925293,29.8743149674234
2023-09-03,Louis_DER_AU050_eobs_3264__2023__southbound_01,Louis / DER AU050 (eobs 3264),47.915257,8.57293,47.917305,8.580011,47.911316,8.563358568527285,1.4084766115866447,0.57483435,0,0.15410659,0.70815045,0.83568436,47.915257,8.572930335998535,0.5747733829534932
2023-09-04,Angela_DER_AY470_eobs_4001__2023__southbound_01,Angela / DER AY470 (eobs 4001),42.113182,2.7939646,42.09134,2.7486808,42.093437,2.75961180592466,0.931641476726925,4.455991,0,0.3470422,0.70815045,3.5783966,42.113182,2.7939646244049072,4.456078622507111
2023-09-04,Louis_DER_AU050_eobs_3264__2023__southbound_01,Louis / DER AU050 (eobs 3264),47.917305,8.580011,47.91703,8.572701,47.91531,8.574756266348526,0.2450451109499987,0.5456462,0,0.06969055,0.70815045,0.44922525,47.917305,8.580011367797852,0.5456151672953644
2023-09-05,Angela_DER_AY470_eobs_4001__2023__southbound_01,Angela / DER AY470 (eobs 4001),42.09134,2.7486808,41.621765,-0.8071791,42.069305,2.7106881340490863,295.5963656423537,299.0661,1,0.4366506,0.70815045,3.9717882,42.09134,2.748680830001831,299.06606748331996
2023-09-05,Louis_DER_AU050_eobs_3264__2023__southbound_01,Louis / DER AU050 (eobs 3264),47.91703,8.572701,47.91658,8.57287,47.913883,8.564588147347505,0.6862311036461873,0.051414188,0,0.10953487,0.70815045,0.6973209,47.91703,8.572701454162598,0.05160932588713775
2023-09-06,Angela_DER_AY470_eobs_4001__2023__southbound_01,Angela / DER AY470 (eobs 4001),41.621765,-0.8071791,41.3561,-1.2563629,41.289577,-1.1397696154210406,12.227438424623317,47.670643,1,0.94312,0.70815045,46.056843,41.289577,-1.1397696154210406,12.227438424623317
2023-09-06,Louis_DER_AU050_eobs_3264__2023__southbound_01,Louis / DER AU050 (eobs 3264),47.91658,8.57287,47.92391,8.572406,47.912212,8.562098757630615,1.510411142667785,0.81573623,0,0.15965468,0.70815045,0.93658185,47.91658,8.572870254516602,0.8155759386638564
2023-09-07,Angela_DER_AY470_eobs_4001__2023__southbound_01,Angela / DER AY470 (eobs 4001),41.3561,-1.2563629,39.90985,-3.22335,41.26746,-1.36749567476996,217.58347849315422,231.09927,1,0.84593487,0.70815045,13.510844,41.26746,-1.36749567476996,217.58347849315422
2023-09-07,Louis_DER_AU050_eobs_3264__2023__southbound_01,Louis / DER AU050 (eobs 3264),47.92391,8.572406,47.91136,8.564947,47.920837,8.564288765193027,1.0547938646164399,1.5019615,0,0.120407134,0.70815045,0.69344574,47.92391,8.572405815124512,1.5017661728419727
2023-09-08,Angela_DER_AY470_eobs_4001__2023__southbound_01,Angela / DER AY470 (eobs 4001),39.90985,-3.22335,39.43035,-3.2235072,39.657093,-3.486780643703733,33.84222677473125,53.318287,1,0.9308678,0.70815045,35.919773,39.657093,-3.486780643703733,33.84222677473125
2023-09-08,Louis_DER_AU050_eobs_3264__2023__southbound_01,Louis / DER AU050 (eobs 3264),47.91136,8.564947,47.91132,8.561281,47.905003,8.551209897941654,1.028072579773549,0.27327594,0,0.24156265,0.70815045,1.242164,47.91136,8.564947128295898,0.2732677935777182
2023-09-09,Angela_DER_AY470_eobs_4001__2023__southbound_01,Angela / DER AY470 (eobs 4001),39.43035,-3.2235072,39.430233,-3.2235744,39.380093,-3.2871209539086617,7.8034530853761135,0.014295343,0,0.7703103,0.70815045,7.8018217,39.380093,-3.2871209539086617,7.8034530853761135
2023-09-09,Louis_DER_AU050_eobs_3264__2023__southbound_01,Louis / DER AU050 (eobs 3264),47.91132,8.561281,47.92068,8.565792,47.898804,8.537056946995511,3.241119346236342,1.0937533,0,0.45283887,0.70815045,2.2756498,47.91132,8.561281204223633,1.0938653848704827
2023-09-10,Angela_DER_AY470_eobs_4001__2023__southbound_01,Angela / DER AY470 (eobs 4001),39.430233,-3.2235744,39.092033,-3.5311222,39.414135,-3.2481442928955317,43.318353300974096,45.99251,1,0.49311814,0.70815045,2.7624125,39.430233,-3.22357439994812,45.9925649826576
2023-09-10,Louis_DER_AU050_eobs_3264__2023__southbound_01,Louis / DER AU050 (eobs 3264),47.92068,8.565792,47.913177,8.558145,47.916004,8.55434042670298,0.4232875033664839,1.010417,0,0.1804549,0.70815045,0.9976268,47.92068,8.565792083740234,1.0104236980252836
2023-09-11,Angela_DER_AY470_eobs_4001__2023__southbound_01,Angela / DER AY470 (eobs 4001),39.092033,-3.5311222,38.54824,-3.9606621,39.062843,-3.5729596227625424,66.35422852676618,71.00029,1,0.64437956,0.70815045,4.8465195,39.092033,-3.5311222076416016,71.00017920029313
2023-09-11,Louis_DER_AU050_eobs_3264__2023__southbound_01,Louis / DER AU050 (eobs 3264),47.913177,8.558145,47.919415,8.578084,47.903404,8.537569992530159,3.5053091154457237,1.639857,0,0.35476995,0.70815045,1.8760452,47.913177,8.558144569396973,1.6398515752293545
2023-09-12,Angela_DER_AY470_eobs_4001__2023__southbound_01,Angela / DER AY470 (eobs 4001),38.54824,-3.9606621,37.81514,-4.7447667,38.48853,-4.037424468431223,97.11867765572723,106.498344,1,0.79272723,0.70815045,9.39865,38.48853,-4.037424468431223,97.11867765572723
2023-09-12,Louis_DER_AU050_eobs_3264__2023__southbound_01,Louis / DER AU050 (eobs 3264),47.919415,8.578084,47.918007,8.574199,47.914734,8.566867942838801,0.6564474679140794,0.32916656,0,0.16247353,0.70815045,0.98294985,47.919415,8.578083992004395,0.3291340376548682
2023-09-13,Angela_DER_AY470_eobs_4001__2023__southbound_01,Angela / DER AY470 (eobs 4001),37.81514,-4.7447667,37.81411,-4.7478037,37.705856,-4.869945895707137,16.130311024702625,0.29016957,0,0.8687366,0.70815045,16.359808,37.705856,-4.869945895707137,16.130311024702625
2023-09-13,Louis_DER_AU050_eobs_3264__2023__southbound_01,Louis / DER AU050 (eobs 3264),47.918007,8.574199,47.917664,8.567795,47.910706,8.558157521541055,1.0556897106517513,0.4787206,0,0.26872063,0.70815045,1.4426026,47.918007,8.574198722839355,0.47876054568572096
2023-09-14,Angela_DER_AY470_eobs_4001__2023__southbound_01,Angela / DER AY470 (eobs 4001),37.81411,-4.7478037,37.391205,-5.334648,37.790237,-4.780830783326922,65.95316543885933,69.88604,1,0.5751456,0.70815045,3.9253373,37.81411,-4.747803688049316,69.8858170511206
2023-09-14,Louis_DER_AU050_eobs_3264__2023__southbound_01,Louis / DER AU050 (eobs 3264),47.917664,8.567795,47.637096,8.036494,47.910156,8.551704512985983,49.03328762838634,50.492165,1,0.28352216,0.70815045,1.4585788,47.917664,8.567794799804688,50.49217120723164
2023-09-15,Angela_DER_AY470_eobs_4001__2023__southbound_01,Angela / DER AY470 (eobs 4001),37.391205,-5.334648,36.610325,-6.118923,37.345676,-5.391303691094737,104.22743555134899,111.309654,1,0.7204513,0.70815045,7.106482,37.345676,-5.391303691094737,104.22743555134899
2023-09-15,Louis_DER_AU050_eobs_3264__2023__southbound_01,Louis / DER AU050 (eobs 3264),47.637096,8.036494,46.49455,5.2768235,47.500084,7.845898012314428,224.62105402726684,244.58044,1,0.91673094,0.70815045,20.84493,47.500084,7.845898012314428,224.62105402726684
2023-09-16,Angela_DER_AY470_eobs_4001__2023__southbound_01,Angela / DER AY470 (eobs 4001),36.610325,-6.118923,36.608746,-6.12548,36.520008,-6.221370176186524,13.065334018611752,0.6109697,0,0.84223545,0.70815045,13.558291,36.520008,-6.221370176186524,13.065334018611752
2023-09-16,Louis_DER_AU050_eobs_3264__2023__southbound_01,Louis / DER AU050 (eobs 3264),46.49455,5.2768235,46.072567,5.1616254,45.91621,4.667043345542957,41.976399978163386,47.749935,1,0.96340877,0.70815045,79.324066,45.91621,4.667043345542957,41.976399978163386
2023-09-17,Angela_DER_AY470_eobs_4001__2023__southbound_01,Angela / DER AY470 (eobs 4001),36.608746,-6.12548,36.583847,-6.1236563,36.589794,-6.15215603233659,2.629114020825009,2.7734523,0,0.4854017,0.70815045,3.1740634,36.608746,-6.1254801750183105,2.7733778700121627
2023-09-17,Louis_DER_AU050_eobs_3264__2023__southbound_01,Louis / DER AU050 (eobs 3264),46.072567,5.1616254,46.095245,5.131583,45.923447,4.963443139923788,23.09871581630659,3.4246023,0,0.90730697,0.70815045,22.514189,45.923447,4.963443139923788,23.09871581630659
2023-09-18,Angela_DER_AY470_eobs_4001__2023__southbound_01,Angela / DER AY470 (eobs 4001),36.583847,-6.1236563,36.60852,-6.1237483,36.570896,-6.142260021971185,4.4982724679868875,2.743373,0,0.32803968,0.70815045,2.1944962,36.583847,-6.123656272888184,2.7435798786118033
2023-09-18,Louis_DER_AU050_eobs_3264__2023__southbound_01,Louis / DER AU050 (eobs 3264),46.095245,5.131583,46.03966,5.0795336,46.076645,5.0960833542815145,4.306091555920583,7.370623,0,0.57039684,0.70815045,3.4249966,46.095245,5.131583213806152,7.37056165677831
2023-09-19,Angela_DER_AY470_eobs_4001__2023__southbound_01,Angela / DER AY470 (eobs 4001),36.60852,-6.1237483,36.610138,-6.125458,36.59869,-6.1380132156395035,1.6960221433030076,0.23587508,0,0.206314,0.70815045,1.675121,36.60852,-6.123748302459717,0.23585603866911647
2023-09-19,Louis_DER_AU050_eobs_3264__2023__southbound_01,Louis / DER AU050 (eobs 3264),46.03966,5.0795336,43.734188,4.4630866,46.02675,5.0525027826089435,259.11486819841645,260.91437,1,0.45690632,0.70815045,2.5281913,46.03966,5.079533576965332,260.914401665575
2023-09-20,Angela_DER_AY470_eobs_4001__2023__southbound_01,Angela / DER AY470 (eobs 4001),36.610138,-6.125458,36.608704,-6.1239758,36.600674,-6.139491174828387,1.6478429989098125,0.2072761,0,0.18054849,0.70815045,1.6331605,36.610138,-6.125457763671875,0.20720899497346823
2023-09-20,Louis_DER_AU050_eobs_3264__2023__southbound_01,Louis / DER AU050 (eobs 3264),43.734188,4.4630866,43.471405,3.576817,43.38628,4.090339587059097,42.53500372617017,77.11294,1,0.94590086,0.70815045,48.83744,43.38628,4.090339587059097,42.53500372617017
2023-09-21,Angela_DER_AY470_eobs_4001__2023__southbound_01,Angela / DER AY470 (eobs 4001),36.608704,-6.1239758,36.58682,-6.1266265,36.59951,-6.137340238925051,1.7048333984228752,2.4448695,0,0.16733375,0.70815045,1.5681797,36.608704,-6.12397575378418,2.4449735998793174
2023-09-21,Louis_DER_AU050_eobs_3264__2023__southbound_01,Louis / DER AU050 (eobs 3264),43.471405,3.576817,42.773163,2.9754596,43.297348,3.3691884448670413,66.49343284527122,91.706856,1,0.9094052,0.70815045,25.554289,43.297348,3.3691884448670413,66.49343284527122
2023-09-22,Angela_DER_AY470_eobs_4001__2023__southbound_01,Angela / DER AY470 (eobs 4001),36.58682,-6.1266265,36.581722,-6.127202,36.5745,-6.1431063374025365,1.6314513184060522,0.5687394,0,0.2239964,0.70815045,2.0068264,36.58682,-6.126626491546631,0.5690237812769291
2023-09-22,Europa_DER_A1A26_eobs_4004__2023__southbound_01,Europa / DER A1A26 (eobs 4004),40.23538,-3.6286514,40.235252,-3.6296172,40.22819,-3.63882096064515,1.1076582616182347,0.08317619,0,0.22092102,0.70815045,1.1741862,40.23538,-3.6286513805389404,0.08317222723301695
2023-09-22,Louis_DER_AU050_eobs_3264__2023__southbound_01,Louis / DER AU050 (eobs 3264),42.773163,2.9754596,41.927773,2.2787344,42.63117,2.807035142911701,89.47866148521014,110.06592,1,0.8947335,0.70815045,20.898312,42.63117,2.807035142911701,89.47866148521014
2023-09-23,Angela_DER_AY470_eobs_4001__2023__southbound_01,Angela / DER AY470 (eobs 4001),36.581722,-6.127202,36.608486,-6.124026,36.567112,-6.145100611780176,4.970525968382817,2.9891481,0,0.25444734,0.70815045,2.2748299,36.581722,-6.127202033996582,2.989493972145126
2023-09-23,Europa_DER_A1A26_eobs_4004__2023__southbound_01,Europa / DER A1A26 (eobs 4004),40.235252,-3.6296172,40.231674,-3.6363688,40.223473,-3.644877965082022,1.1634258607845982,0.69790506,0,0.34258252,0.70815045,1.8390783,40.235252,-3.629617214202881,0.6976968268378247
2023-09-23,Louis_DER_AU050_eobs_3264__2023__southbound_01,Louis / DER AU050 (eobs 3264),41.927773,2.2787344,41.66765,0.9516398,41.75187,2.0770438793765638,93.88721014434212,113.74873,1,0.91086626,0.70815045,25.664524,41.75187,2.0770438793765638,93.88721014434212
2023-09-24,Angela_DER_AY470_eobs_4001__2023__southbound_01,Angela / DER AY470 (eobs 4001),36.608486,-6.124026,36.58293,-6.126055,36.598553,-6.137420667184117,2.011685871900131,2.8470464,0,0.15448199,0.70815045,1.6248199,36.608486,-6.124025821685791,2.8473193500328153
2023-09-24,Europa_DER_A1A26_eobs_4004__2023__southbound_01,Europa / DER A1A26 (eobs 4004),40.231674,-3.6363688,40.319313,-3.6131296,40.217613,-3.6531426004812424,11.807110657149959,9.942696,0,0.3823947,0.70815045,2.1110764,40.231674,-3.636368751525879,9.94243707199659
2023-09-24,Louis_DER_AU050_eobs_3264__2023__southbound_01,Louis / DER AU050 (eobs 3264),41.66765,0.9516398,41.675026,0.9425638,41.487854,0.7486482458805201,26.330741021439795,1.1140404,0,0.90905994,0.70815045,26.107414,41.487854,0.7486482458805201,26.330741021439795
2023-09-25,Angela_DER_AY470_eobs_4001__2023__southbound_01,Angela / DER AY470 (eobs 4001),36.58293,-6.126055,36.582226,-6.1263785,36.5708,-6.1431590516250685,1.9644995270492356,0.08375912,0,0.19447945,0.70815045,2.03408,36.58293,-6.126054763793945,0.08362827412631131
2023-09-25,Europa_DER_A1A26_eobs_4004__2023__southbound_01,Europa / DER A1A26 (eobs 4004),40.319313,-3.6131296,40.232765,-3.634794,40.312126,-3.6222882394097624,8.888101064824253,9.797518,0,0.17736608,0.70815045,1.1122948,40.319313,-3.6131296157836914,9.797621148010736
2023-09-25,Louis_DER_AU050_eobs_3264__2023__southbound_01,Louis / DER AU050 (eobs 3264),41.675026,0.9425638,41.65914,0.9395932,41.655518,0.9142062214214075,2.147238636181676,1.7834089,0,0.5623981,0.70815045,3.1963713,41.675026,0.9425637722015381,1.7834195610339136
2023-09-26,Angela_DER_AY470_eobs_4001__2023__southbound_01,Angela / DER AY470 (eobs 4001),36.582226,-6.1263785,36.581684,-6.1270156,36.568554,-6.145735171273468,2.2194507158726493,0.08297333,0,0.23516944,0.70815045,2.2977617,36.582226,-6.126378536224365,0.08284715891157789
2023-09-26,Europa_DER_A1A26_eobs_4004__2023__southbound_01,Europa / DER A1A26 (eobs 4004),40.232765,-3.634794,40.231285,-3.6331542,40.220425,-3.6487411801841096,1.7915093963950313,0.21587789,0,0.2978775,0.70815045,1.8092304,40.232765,-3.634793996810913,0.2155576662974849
2023-09-26,Louis_DER_AU050_eobs_3264__2023__southbound_01,Louis / DER AU050 (eobs 3264),41.65914,0.9395932,41.6088,0.6089633,41.64733,0.921091433134588,26.29404056925359,28.042213,0,0.38885447,0.70815045,2.018074,41.65914,0.9395931959152222,28.042269556039187
2023-09-27,Angela_DER_AY470_eobs_4001__2023__southbound_01,Angela / DER AY470 (eobs 4001),36.581684,-6.1270156,36.573647,-6.1162515,36.567028,-6.147966020908256,2.9262804000777103,1.3123995,0,0.26617485,0.70815045,2.4765067,36.581684,-6.127015590667725,1.3124948663617846
2023-09-27,Europa_DER_A1A26_eobs_4004__2023__southbound_01,Europa / DER A1A26 (eobs 4004),40.231285,-3.6331542,40.23172,-3.6363668,40.223423,-3.642664330818508,1.0662958286807327,0.27705967,0,0.2006935,0.70815045,1.1880192,40.231285,-3.6331541538238525,0.276981836134996
2023-09-27,Louis_DER_AU050_eobs_3264__2023__southbound_01,Louis / DER AU050 (eobs 3264),41.6088,0.6089633,41.58569,0.6376085,41.581985,0.5694682755268836,5.682327436110289,3.5039062,0,0.6216378,0.70815045,4.427537,41.6088,0.6089633107185364,3.503858317702221
2023-09-28,Europa_DER_A1A26_eobs_4004__2023__southbound_01,Europa / DER A1A26 (eobs 4004),40.23172,-3.6363668,40.235786,-3.6370227,40.221596,-3.648967969782204,1.875696881635345,0.45550153,0,0.26848775,0.70815045,1.5501841,40.23172,-3.636366844177246,0.4555861104022232
2023-09-29,Europa_DER_A1A26_eobs_4004__2023__southbound_01,Europa / DER A1A26 (eobs 4004),40.235786,-3.6370227,40.231537,-3.6364124,40.22921,-3.646487256999937,0.8935618420013244,0.47555402,0,0.18586867,0.70815045,1.0845872,40.235786,-3.6370227336883545,0.4753635898590703
2023-09-30,Europa_DER_A1A26_eobs_4004__2023__southbound_01,Europa / DER A1A26 (eobs 4004),40.231537,-3.6364124,40.231194,-3.633216,40.222446,-3.6483085918320803,1.6086638793828432,0.27405384,0,0.252023,0.70815045,1.4262042,40.231537,-3.6364123821258545,0.27402465538267934
2023-10-01,Europa_DER_A1A26_eobs_4004__2023__southbound_01,Europa / DER A1A26 (eobs 4004),40.231194,-3.633216,40.23124,-3.636884,40.22469,-3.64190256650598,0.8437757590679745,0.31143627,0,0.15968524,0.70815045,1.0309722,40.231194,-3.63321590423584,0.31142861451065396
2023-10-02,Europa_DER_A1A26_eobs_4004__2023__southbound_01,Europa / DER A1A26 (eobs 4004),40.23124,-3.636884,40.229904,-3.6338787,40.220387,-3.6504429676763634,1.7600225212381455,0.29517215,0,0.2683706,0.70815045,1.6646361,40.23124,-3.6368839740753174,0.2951756378882463
2023-10-03,Europa_DER_A1A26_eobs_4004__2023__southbound_01,Europa / DER A1A26 (eobs 4004),40.229904,-3.6338787,40.231808,-3.636237,40.2223,-3.6435793304268955,1.2271533177701892,0.29134613,0,0.17896496,0.70815045,1.1780223,40.229904,-3.633878707885742,0.291338458085159
2023-10-04,Europa_DER_A1A26_eobs_4004__2023__southbound_01,Europa / DER A1A26 (eobs 4004),40.231808,-3.636237,40.22992,-3.6338613,40.22353,-3.647824125243152,1.3820183979744194,0.2911416,0,0.21428762,0.70815045,1.3447608,40.231808,-3.6362369060516357,0.2911296209517516
2023-10-05,Europa_DER_A1A26_eobs_4004__2023__southbound_01,Europa / DER A1A26 (eobs 4004),40.22992,-3.6338613,40.229546,-3.634122,40.22308,-3.6436533311993915,1.0824619304171013,0.047213316,0,0.19415635,0.70815045,1.1247307,40.22992,-3.6338613033294678,0.047089281402623626
2023-10-06,Europa_DER_A1A26_eobs_4004__2023__southbound_01,Europa / DER A1A26 (eobs 4004),40.229546,-3.634122,40.23019,-3.6345153,40.218903,-3.6478862007246153,1.6923389316838213,0.07918878,0,0.2951267,0.70815045,1.6600521,40.229546,-3.634121894836426,0.07908308345104302
2023-10-07,Europa_DER_A1A26_eobs_4004__2023__southbound_01,Europa / DER A1A26 (eobs 4004),40.23019,-3.6345153,40.23009,-3.6340768,40.221466,-3.6462759849383093,1.4115381115794183,0.038895417,0,0.22031009,0.70815045,1.3895556,40.23019,-3.6345152854919434,0.03882080588941516
2023-10-08,Europa_DER_A1A26_eobs_4004__2023__southbound_01,Europa / DER A1A26 (eobs 4004),40.23009,-3.6340768,40.23044,-3.6324368,40.22374,-3.6425457720250685,1.1363739540060582,0.14459,0,0.14033079,0.70815045,1.0061535,40.23009,-3.6340768337249756,0.14448215365682238
2023-10-09,Europa_DER_A1A26_eobs_4004__2023__southbound_01,Europa / DER A1A26 (eobs 4004),40.23044,-3.6324368,40.230083,-3.634061,40.225822,-3.6389361476849533,0.6291087805751412,0.14342768,0,0.08897474,0.70815045,0.75232095,40.23044,-3.632436752319336,0.1434263348657356
2023-10-10,Europa_DER_A1A26_eobs_4004__2023__southbound_01,Europa / DER A1A26 (eobs 4004),40.230083,-3.634061,40.230698,-3.6332803,40.223232,-3.6434894282414865,1.2001217277451737,0.09496779,0,0.14606757,0.70815045,1.1029752,40.230083,-3.634061098098755,0.09517154322230856
2023-10-11,Europa_DER_A1A26_eobs_4004__2023__southbound_01,Europa / DER A1A26 (eobs 4004),40.230698,-3.6332803,40.233276,-3.631,40.225586,-3.6406892667923425,1.1865297125354064,0.34600002,0,0.10706836,0.70815045,0.84615517,40.230698,-3.6332802772521973,0.34596334805354884
2023-10-12,Europa_DER_A1A26_eobs_4004__2023__southbound_01,Europa / DER A1A26 (eobs 4004),40.233276,-3.631,40.232605,-3.6311505,40.229343,-3.63704080455217,0.6177119356500139,0.07584171,0,0.0815327,0.70815045,0.6727193,40.233276,-3.63100004196167,0.07573935460139085
2023-10-13,Europa_DER_A1A26_eobs_4004__2023__southbound_01,Europa / DER A1A26 (eobs 4004),40.232605,-3.6311505,40.235107,-3.6291127,40.22686,-3.63919362762115,1.2543439210231742,0.32765594,0,0.12442745,0.70815045,0.933393,40.232605,-3.631150484085083,0.32764429236059345
2023-10-14,Europa_DER_A1A26_eobs_4004__2023__southbound_01,Europa / DER A1A26 (eobs 4004),40.235107,-3.6291127,40.232174,-3.631437,40.2307,-3.635591290938977,0.3888118257894832,0.3810643,0,0.08953532,0.70815045,0.73520917,40.235107,-3.629112720489502,0.38122372701446305
2023-10-15,Europa_DER_A1A26_eobs_4004__2023__southbound_01,Europa / DER A1A26 (eobs 4004),40.232174,-3.631437,40.23221,-3.6316261,40.225166,-3.640832556903549,1.1063414405276826,0.016459355,0,0.15149266,0.70815045,1.1132159,40.232174,-3.631437063217163,0.01649758663387566
2023-10-16,Europa_DER_A1A26_eobs_4004__2023__southbound_01,Europa / DER A1A26 (eobs 4004),40.23221,-3.6316261,40.234295,-3.630145,40.22433,-3.6420022150125146,1.496923782798494,0.26391906,0,0.16729745,0.70815045,1.240124,40.23221,-3.6316261291503906,0.26389753807562377
2023-10-17,Europa_DER_A1A26_eobs_4004__2023__southbound_01,Europa / DER A1A26 (eobs 4004),40.234295,-3.630145,40.366688,-3.6455913,40.230537,-3.6356399483940813,15.162754604737934,14.779834,0,0.074993014,0.70815045,0.6252446,40.234295,-3.6301450729370117,14.779599489227081
2023-10-18,Europa_DER_A1A26_eobs_4004__2023__southbound_01,Europa / DER A1A26 (eobs 4004),40.366688,-3.6455913,40.23544,-3.629885,40.361774,-3.653552345166081,14.190512675354885,14.654952,0,0.11782985,0.70815045,0.8664183,40.366688,-3.6455912590026855,14.654839348958934
2023-10-19,Europa_DER_A1A26_eobs_4004__2023__southbound_01,Europa / DER A1A26 (eobs 4004),40.23544,-3.629885,40.23701,-3.6436038,40.22476,-3.6457557826687417,1.3746450981682798,1.1775441,0,0.29006162,0.70815045,1.7929162,40.23544,-3.629884958267212,1.1775637143554964
2023-10-20,Europa_DER_A1A26_eobs_4004__2023__southbound_01,Europa / DER A1A26 (eobs 4004),40.23701,-3.6436038,40.234486,-3.6300447,40.226753,-3.6596042542214358,2.6525833277023327,1.1847403,0,0.30217803,0.70815045,1.7703851,40.23701,-3.643603801727295,1.1847311083261827
2023-10-21,Europa_DER_A1A26_eobs_4004__2023__southbound_01,Europa / DER A1A26 (eobs 4004),40.234486,-3.6300447,40.232517,-3.6314876,40.228237,-3.6399002248360555,0.858218034112011,0.25079837,0,0.19359165,0.70815045,1.0856755,40.234486,-3.63004469871521,0.25081659399382356
2023-10-22,Europa_DER_A1A26_eobs_4004__2023__southbound_01,Europa / DER A1A26 (eobs 4004),40.232517,-3.6314876,40.159996,-3.5694537,40.226383,-3.640651292312515,9.542767228094954,9.6327505,0,0.18039264,0.70815045,1.0326577,40.232517,-3.6314876079559326,9.63269998942431
2023-10-23,Europa_DER_A1A26_eobs_4004__2023__southbound_01,Europa / DER A1A26 (eobs 4004),40.159996,-3.5694537,40.159676,-3.5727563,40.15468,-3.57748951669442,0.6859831777195402,0.2829262,0,0.15344176,0.70815045,0.9017397,40.159996,-3.569453716278076,0.282907626683493
2023-10-24,Europa_DER_A1A26_eobs_4004__2023__southbound_01,Europa / DER A1A26 (eobs 4004),40.159676,-3.5727563,40.159527,-3.563257,40.152767,-3.5827627054057976,1.8201452166206604,0.8074395,0,0.19086477,0.70815045,1.1438736,40.159676,-3.572756290435791,0.8074299503825503
2023-10-25,Europa_DER_A1A26_eobs_4004__2023__southbound_01,Europa / DER A1A26 (eobs 4004),40.159527,-3.563257,40.294266,-3.63184,40.15498,-3.570090326319696,16.3511368618017,16.07368,0,0.12545107,0.70815045,0.76863605,40.159527,-3.5632569789886475,16.07390930833659
2023-10-26,Europa_DER_A1A26_eobs_4004__2023__southbound_01,Europa / DER A1A26 (eobs 4004),40.294266,-3.63184,40.294125,-3.631803,40.28938,-3.639492690802419,0.8389313614383561,0.01579157,0,0.12977058,0.70815045,0.8448724,40.294266,-3.6318399906158447,0.016004392586080423
2023-10-27,Europa_DER_A1A26_eobs_4004__2023__southbound_01,Europa / DER A1A26 (eobs 4004),40.294125,-3.631803,40.29405,-3.6313908,40.288357,-3.6403048132957587,0.9859696926425477,0.036060162,0,0.14836332,0.70815045,0.9632971,40.294125,-3.631803035736084,0.0359763922039117
2023-10-28,Europa_DER_A1A26_eobs_4004__2023__southbound_01,Europa / DER A1A26 (eobs 4004),40.29405,-3.6313908,40.294094,-3.6313875,40.289738,-3.637846101172502,0.7312487701736063,0.0052447612,0,0.1092915,0.70815045,0.72635424,40.29405,-3.6313908100128174,0.005097972981183336
2023-10-29,Europa_DER_A1A26_eobs_4004__2023__southbound_01,Europa / DER A1A26 (eobs 4004),40.294094,-3.6313875,40.293938,-3.6303704,40.28977,-3.6383288530456226,0.8188843032811318,0.08797644,0,0.11277795,0.70815045,0.75889707,40.294094,-3.63138747215271,0.08799787816301013
2023-10-30,Europa_DER_A1A26_eobs_4004__2023__southbound_01,Europa / DER A1A26 (eobs 4004),40.293938,-3.6303704,40.294025,-3.6306791,40.290043,-3.6366724560812522,0.6741658654228592,0.02798572,0,0.102652565,0.70815045,0.68679416,40.293938,-3.6303703784942627,0.027944390976647387
2023-10-31,Europa_DER_A1A26_eobs_4004__2023__southbound_01,Europa / DER A1A26 (eobs 4004),40.294025,-3.6306791,40.233955,-3.6288927,40.28743,-3.6407306139828575,6.0303437432982285,6.68133,0,0.17870048,0.70815045,1.1225599,40.294025,-3.630679130554199,6.681212435616942
2023-11-01,Europa_DER_A1A26_eobs_4004__2023__southbound_01,Europa / DER A1A26 (eobs 4004),40.233955,-3.6288927,40.294243,-3.630768,40.22787,-3.637421344567542,7.401792316082539,6.7054505,0,0.16093376,0.70815045,0.9890905,40.233955,-3.628892660140991,6.705559058582647
2023-11-02,Europa_DER_A1A26_eobs_4004__2023__southbound_01,Europa / DER A1A26 (eobs 4004),40.294243,-3.630768,40.294476,-3.630686,40.28934,-3.638280683129169,0.8607493387435738,0.02674193,0,0.123297304,0.70815045,0.83711976,40.294243,-3.630768060684204,0.026793390201652945
2023-11-03,Europa_DER_A1A26_eobs_4004__2023__southbound_01,Europa / DER A1A26 (eobs 4004),40.294476,-3.630686,40.294044,-3.6306248,40.289085,-3.638944677678681,0.895558807141152,0.048162032,0,0.13312936,0.70815045,0.92023605,40.294476,-3.630686044692993,0.0482127303791936
2023-11-04,Europa_DER_A1A26_eobs_4004__2023__southbound_01,Europa / DER A1A26 (eobs 4004),40.294044,-3.6306248,40.294518,-3.6306653,40.28783,-3.639463956337155,1.0534824883219855,0.052774444,0,0.14681329,0.70815045,1.0177336,40.294044,-3.630624771118164,0.05270998106952697
2023-11-05,Europa_DER_A1A26_eobs_4004__2023__southbound_01,Europa / DER A1A26 (eobs 4004),40.294518,-3.6306653,40.29401,-3.6303928,40.28817,-3.6402380374110463,1.0578383979732053,0.06105275,0,0.15948772,0.70815045,1.0739183,40.294518,-3.6306653022766113,0.060966166262309905
2023-11-06,Europa_DER_A1A26_eobs_4004__2023__southbound_01,Europa / DER A1A26 (eobs 4004),40.29401,-3.6303928,40.294495,-3.630813,40.287422,-3.6397229820338,1.0906759881217187,0.064784974,0,0.16315256,0.70815045,1.0763924,40.29401,-3.6303927898406982,0.06458667072491003
2023-11-07,Europa_DER_A1A26_eobs_4004__2023__southbound_01,Europa / DER A1A26 (eobs 4004),40.294495,-3.630813,40.294518,-3.6308484,40.28885,-3.6386456433136125,0.9135979099726702,0.003922406,0,0.1288741,0.70815045,0.91240776,40.294495,-3.630812883377075,0.0039439561187256155
2023-11-08,Europa_DER_A1A26_eobs_4004__2023__southbound_01,Europa / DER A1A26 (eobs 4004),40.294518,-3.6308484,40.29398,-3.63043,40.288975,-3.6382296332119264,0.8644870788415002,0.069742784,0,0.11590471,0.70815045,0.87684727,40.294518,-3.6308484077453613,0.06954459156571913
2023-11-09,Europa_DER_A1A26_eobs_4004__2023__southbound_01,Europa / DER A1A26 (eobs 4004),40.29398,-3.63043,40.230637,-3.632524,40.28951,-3.636217859227022,6.553801150817788,7.045593,0,0.086927034,0.70815045,0.6973973,40.29398,-3.630429983139038,7.045676145910181
2023-11-10,Europa_DER_A1A26_eobs_4004__2023__southbound_01,Europa / DER A1A26 (eobs 4004),40.230637,-3.632524,40.29462,-3.6304753,40.225384,-3.639133303604758,7.733761421339225,7.1168957,0,0.103969,0.70815045,0.8084463,40.230637,-3.632524013519287,7.116820256588532
2023-11-11,Europa_DER_A1A26_eobs_4004__2023__southbound_01,Europa / DER A1A26 (eobs 4004),40.29462,-3.6304753,40.15533,-3.5734997,40.290684,-3.6358966394430463,15.955719472049836,16.226252,0,0.07589293,0.70815045,0.6336267,40.29462,-3.6304752826690674,16.226124426463898
2023-11-12,Europa_DER_A1A26_eobs_4004__2023__southbound_01,Europa / DER A1A26 (eobs 4004),40.15533,-3.5734997,40.230537,-3.632368,40.14992,-3.5806594560208738,9.98234020572003,9.743647,0,0.109092355,0.70815045,0.8539635,40.15533,-3.5734996795654297,9.743499629222711
2023-12-15,Europa_DER_A1A26_eobs_4004__2023__southbound_01,Europa / DER A1A26 (eobs 4004),40.22998,-3.6337447,40.23053,-3.63244,40.225475,-3.638954896038268,0.788526462641273,0.12635154,0,0.053886794,0.70815045,0.6669885,40.22998,-3.633744716644287,0.1264797847102762
2023-12-16,Europa_DER_A1A26_eobs_4004__2023__southbound_01,Europa / DER A1A26 (eobs 4004),40.23053,-3.63244,40.157112,-3.568959,40.22664,-3.636922668267773,9.648562177861585,9.783495,0,0.041595362,0.70815045,0.57533437,40.23053,-3.6324400901794434,9.783607494223432
2023-12-17,Europa_DER_A1A26_eobs_4004__2023__southbound_01,Europa / DER A1A26 (eobs 4004),40.157112,-3.568959,40.229748,-3.6318438,40.152836,-3.5733097686844975,9.892468218626522,9.683029,0,0.043337975,0.70815045,0.60138005,40.157112,-3.5689589977264404,9.683155090588805
2023-12-18,Europa_DER_A1A26_eobs_4004__2023__southbound_01,Europa / DER A1A26 (eobs 4004),40.229748,-3.6318438,40.154285,-3.5698018,40.22555,-3.6359606370027047,9.714844912936178,9.908332,0,0.04070151,0.70815045,0.5819241,40.229748,-3.6318438053131104,9.908636794558547
