target_date,path_id,source_bird_id,current_lat,current_lon,target_lat,target_lon,pred_lat,pred_lon,error_km,target_step_km,true_fly_label,fly_probability,selected_fly_threshold,predicted_distance_km,gated_pred_lat,gated_pred_lon,gated_error_km
2019-09-30,Zozu_plus_DER_AL581_eobs2541__2019__southbound_01,Zozu + / DER AL581 (eobs2541),41.628872,0.8014373,41.610172,0.6158781,41.61018,0.7491783174472757,11.082359370434887,15.564396,1,0.5710915,0.6985751,4.806677,41.628872,0.8014373183250427,15.564366484500551
2019-10-01,Angela_DER_AY470_eobs_4001__2019__southbound_01,Angela / DER AY470 (eobs 4001),40.309586,-3.590592,40.309235,-3.5893958,40.19291,-3.6325800986810024,13.44398603357001,0.108814016,0,0.78229976,0.6985751,13.429941,40.19291,-3.6325800986810024,13.44398603357001
2019-10-01,Europa_DER_A1A26_eobs_4004__2019__southbound_01,Europa / DER A1A26 (eobs 4004),40.318104,-3.6031704,40.314896,-3.6239924,40.30986,-3.6172189850588885,0.8020859684203466,1.801085,0,0.30487788,0.6985751,1.5003927,40.318104,-3.603170394897461,1.8010636447754116
2019-10-01,Mirabell_plus_DER_AN910_eobs_3907__2019__southbound_01,Mirabell + / DER AN910 (eobs 3907),36.090656,-5.482593,34.742,-5.9899926,35.990868,-5.490975132985514,146.05320149985678,156.85355,1,0.74219406,0.6985751,11.102205,35.990868,-5.490975132985514,146.05320149985678
2019-10-01,Muffine_DER_AN922_eobs_3921__2019__southbound_01,Muffine / DER AN922 (eobs 3921),41.65408,0.9461591,41.657845,0.9514446,41.635952,0.9299633257258015,3.0185935806788127,0.6069844,0,0.38667294,0.6985751,2.4194555,41.65408,0.9461591243743896,0.6067124763929975
2019-10-01,Sara_plus_DER_AU017_eobs_3941__2019__southbound_01,Sara + / DER AU017 (eobs 3941),41.560146,0.6233609,41.658302,0.9518535,41.44245,0.562403428217291,40.32818123882343,29.410828,1,0.7725191,0.6985751,14.011063,41.44245,0.562403428217291,40.32818123882343
2019-10-01,Zozu_plus_DER_AL581_eobs2541__2019__southbound_01,Zozu + / DER AL581 (eobs2541),41.610172,0.6158781,41.61058,0.6164846,41.577126,0.604664239178082,3.8476982354416767,0.06801115,0,0.7556175,0.6985751,3.7844424,41.577126,0.604664239178082,3.8476982354416767
2019-10-02,Angela_DER_AY470_eobs_4001__2019__southbound_01,Angela / DER AY470 (eobs 4001),40.309235,-3.5893958,40.30856,-3.591333,40.17218,-3.6123534238910278,15.269301604136498,0.18051887,0,0.8073084,0.6985751,15.336832,40.17218,-3.6123534238910278,15.269301604136498
2019-10-02,Europa_DER_A1A26_eobs_4004__2019__southbound_01,Europa / DER A1A26 (eobs 4004),40.314896,-3.6239924,40.320724,-3.6107945,40.306103,-3.6374076774239006,2.7812098725769854,1.2930955,0,0.29498583,0.6985751,1.4972693,40.314896,-3.623992443084717,1.2931125108308388
2019-10-02,Mirabell_plus_DER_AN910_eobs_3907__2019__southbound_01,Mirabell + / DER AN910 (eobs 3907),34.742,-5.9899926,34.549515,-6.259326,34.431465,-6.192783643041476,14.47405630382374,32.636658,1,0.90411437,0.6985751,39.118797,34.431465,-6.192783643041476,14.47405630382374
2019-10-02,Muffine_DER_AN922_eobs_3921__2019__southbound_01,Muffine / DER AN922 (eobs 3921),41.657845,0.9514446,41.658543,0.9512472,41.64519,0.934170549757121,2.053556982594698,0.07931145,0,0.34166873,0.6985751,2.0061684,41.657845,0.9514446258544922,0.07933770200398386
2019-10-02,Sara_plus_DER_AU017_eobs_3941__2019__southbound_01,Sara + / DER AU017 (eobs 3941),41.658302,0.9518535,41.667473,0.9496242,41.64506,0.9335585247416398,2.826957998541265,1.036569,0,0.40697402,0.6985751,2.1124868,41.658302,0.9518535137176514,1.0363980152986676
2019-10-02,Zozu_plus_DER_AL581_eobs2541__2019__southbound_01,Zozu + / DER AL581 (eobs2541),41.61058,0.6164846,41.595863,0.616094,41.60107,0.6013397054659133,1.3566319287238886,1.6368636,0,0.32321057,0.6985751,1.6413107,41.61058,0.6164845824241638,1.6367915662353323
2019-10-03,Angela_DER_AY470_eobs_4001__2019__southbound_01,Angela / DER AY470 (eobs 4001),40.30856,-3.591333,40.240124,-3.6370776,40.235153,-3.713425345129159,6.504168641479441,8.542219,0,0.69039047,0.6985751,13.160393,40.30856,-3.5913329124450684,8.542168906038803
2019-10-03,Europa_DER_A1A26_eobs_4004__2019__southbound_01,Europa / DER A1A26 (eobs 4004),40.320724,-3.6107945,40.31553,-3.624319,40.31391,-3.619584848163801,0.4398488460902792,1.2839785,0,0.19878572,0.6985751,1.0608889,40.320724,-3.6107945442199707,1.283959217373856
2019-10-03,Mirabell_plus_DER_AN910_eobs_3907__2019__southbound_01,Mirabell + / DER AN910 (eobs 3907),34.549515,-6.259326,34.577053,-6.2751236,34.390736,-6.328951970214574,21.296943038109873,3.3866804,0,0.8223362,0.6985751,18.738756,34.390736,-6.328951970214574,21.296943038109873
2019-10-03,Muffine_DER_AN922_eobs_3921__2019__southbound_01,Muffine / DER AN922 (eobs 3921),41.658543,0.9512472,41.657887,0.9380409,41.6477,0.9345696865975341,1.1686924286825562,1.0995613,0,0.2960869,0.6985751,1.8332386,41.658543,0.9512472152709961,1.0995554858669887
2019-10-03,Sara_plus_DER_AU017_eobs_3941__2019__southbound_01,Sara + / DER AU017 (eobs 3941),41.667473,0.9496242,41.67074,0.9411226,41.659813,0.9354169455929181,1.304018590190404,0.7940385,0,0.22658657,0.6985751,1.4529381,41.667473,0.9496241807937622,0.7940418146737728
2019-10-03,Zozu_plus_DER_AL581_eobs2541__2019__southbound_01,Zozu + / DER AL581 (eobs2541),41.595863,0.616094,41.610508,0.6167896,41.585964,0.6013109378930271,3.0174293640739687,1.6291231,0,0.31377622,0.6985751,1.6472349,41.595863,0.6160939931869507,1.6294367658519364
2019-10-04,Angela_DER_AY470_eobs_4001__2019__southbound_01,Angela / DER AY470 (eobs 4001),40.240124,-3.6370776,40.31994,-3.590066,40.217834,-3.6714784496878994,13.289589643093722,9.729896,0,0.5789165,0.6985751,3.823379,40.240124,-3.637077569961548,9.72986040049497
2019-10-04,Europa_DER_A1A26_eobs_4004__2019__southbound_01,Europa / DER A1A26 (eobs 4004),40.31553,-3.624319,40.31508,-3.6234944,40.310318,-3.6320268956373805,0.8964556011615895,0.08582349,0,0.1548417,0.6985751,0.8718576,40.31553,-3.624319076538086,0.0859904283490808
2019-10-04,Mirabell_plus_DER_AN910_eobs_3907__2019__southbound_01,Mirabell + / DER AN910 (eobs 3907),34.577053,-6.2751236,34.575954,-6.268496,34.56122,-6.2876298482424655,2.398817476353514,0.6189888,0,0.31749472,0.6985751,2.0966234,34.577053,-6.275123596191406,0.6189588030065318
2019-10-04,Muffine_DER_AN922_eobs_3921__2019__southbound_01,Muffine / DER AN922 (eobs 3921),41.657887,0.9380409,41.65894,0.9506842,41.649864,0.9221400178414239,2.577259244227375,1.056834,0,0.37289566,0.6985751,1.591292,41.657887,0.9380409121513367,1.0568592675284134
2019-10-04,Sara_plus_DER_AU017_eobs_3941__2019__southbound_01,Sara + / DER AU017 (eobs 3941),41.67074,0.9411226,41.669487,0.6590449,41.664608,0.9234047792061325,21.96574934909512,23.430073,1,0.27849042,0.6985751,1.6189561,41.67074,0.9411225914955139,23.43007479098299
2019-10-04,Zozu_plus_DER_AL581_eobs2541__2019__southbound_01,Zozu + / DER AL581 (eobs2541),41.610508,0.6167896,41.610683,0.6169417,41.603313,0.5990049653433343,1.7016396517412378,0.023515446,0,0.29210252,0.6985751,1.6782088,41.610508,0.6167895793914795,0.023251817113846815
2019-10-05,Angela_DER_AY470_eobs_4001__2019__southbound_01,Angela / DER AY470 (eobs 4001),40.31994,-3.590066,40.32024,-3.5903344,40.303352,-3.6146803898496302,2.790619622182015,0.040545892,0,0.4921002,0.6985751,2.7800882,40.31994,-3.5900659561157227,0.040508332418621736
2019-10-05,Europa_DER_A1A26_eobs_4004__2019__southbound_01,Europa / DER A1A26 (eobs 4004),40.31508,-3.6234944,40.318096,-3.6108007,40.308,-3.6320672346615943,2.124154925812761,1.1271979,0,0.20331942,0.6985751,1.0694958,40.31508,-3.6234943866729736,1.1273084655608905
2019-10-05,Mirabell_plus_DER_AN910_eobs_3907__2019__southbound_01,Mirabell + / DER AN910 (eobs 3907),34.575954,-6.268496,34.57569,-6.270251,34.54603,-6.272441119709931,3.3044818818483024,0.16327731,0,0.48481295,0.6985751,3.341536,34.575954,-6.268496036529541,0.163301959949085
2019-10-05,Muffine_DER_AN922_eobs_3921__2019__southbound_01,Muffine / DER AN922 (eobs 3921),41.65894,0.9506842,41.6328,0.9337152,41.6464,0.936537033422191,1.530259265264678,3.230313,0,0.31933698,0.6985751,1.8202515,41.65894,0.9506841897964478,3.2304073991891213
2019-10-05,Sara_plus_DER_AU017_eobs_3941__2019__southbound_01,Sara + / DER AU017 (eobs 3941),41.669487,0.6590449,41.61342,0.6172626,41.661148,0.6376742796665663,5.571771397988312,7.135888,0,0.3329892,0.6985751,1.9990675,41.669487,0.6590449213981628,7.136131662752569
2019-10-05,Zozu_plus_DER_AL581_eobs2541__2019__southbound_01,Zozu + / DER AL581 (eobs2541),41.610683,0.6169417,41.61029,0.6167641,41.602146,0.6041653788299157,1.3847028355634101,0.04637831,0,0.2670793,0.6985751,1.4222152,41.610683,0.6169416904449463,0.04611664347408086
2019-10-06,Angela_DER_AY470_eobs_4001__2019__southbound_01,Angela / DER AY470 (eobs 4001),40.32024,-3.5903344,40.309612,-3.5993412,40.305687,-3.6132030281805654,1.2538461917683854,1.4070065,0,0.434884,0.6985751,2.521071,40.32024,-3.590334415435791,1.407017342863722
2019-10-06,Europa_DER_A1A26_eobs_4004__2019__southbound_01,Europa / DER A1A26 (eobs 4004),40.318096,-3.6108007,40.318092,-3.6107912,40.310062,-3.6209303565448683,1.239470120731937,0.00087278016,0,0.2528763,0.6985751,1.2370194,40.318096,-3.6108007431030273,0.0009130566327283859
2019-10-06,Mirabell_plus_DER_AN910_eobs_3907__2019__southbound_01,Mirabell + / DER AN910 (eobs 3907),34.57569,-6.270251,34.6548,-6.2701974,34.559505,-6.287373124575675,10.712291657508345,8.796428,0,0.34343916,0.6985751,2.3827035,34.57569,-6.2702507972717285,8.796554297575401
2019-10-06,Muffine_DER_AN922_eobs_3921__2019__southbound_01,Muffine / DER AN922 (eobs 3921),41.6328,0.9337152,41.645718,0.95446366,41.61361,0.9092531195732305,5.183286065352133,2.2440295,0,0.4782891,0.6985751,2.9423177,41.6328,0.9337152242660522,2.2440474109995425
2019-10-06,Sara_plus_DER_AU017_eobs_3941__2019__southbound_01,Sara + / DER AU017 (eobs 3941),41.61342,0.6172626,41.61643,0.61756337,41.50249,0.48776434814198333,16.647676750630104,0.33524162,0,0.82110184,0.6985751,16.343224,41.50249,0.48776434814198333,16.647676750630104
2019-10-06,Zozu_plus_DER_AL581_eobs2541__2019__southbound_01,Zozu + / DER AL581 (eobs2541),41.61029,0.6167641,41.539074,0.61516553,41.602806,0.6035437299317894,7.152345465130063,7.920052,0,0.2495867,0.6985751,1.376274,41.61029,0.6167641282081604,7.920050116639857
2019-10-07,Angela_DER_AY470_eobs_4001__2019__southbound_01,Angela / DER AY470 (eobs 4001),40.309612,-3.5993412,40.311607,-3.5891268,40.298,-3.615605514236538,2.7075699273402187,0.8940414,0,0.38000378,0.6985751,1.8859596,40.309612,-3.5993411540985107,0.894050416839266
2019-10-07,Europa_DER_A1A26_eobs_4004__2019__southbound_01,Europa / DER A1A26 (eobs 4004),40.318092,-3.6107912,40.31815,-3.610764,40.311905,-3.6190838053301237,0.9898225130385929,0.0067579583,0,0.19707654,0.6985751,0.9821142,40.318092,-3.6107912063598633,0.0067670647470936705
2019-10-07,Mirabell_plus_DER_AN910_eobs_3907__2019__southbound_01,Mirabell + / DER AN910 (eobs 3907),34.6548,-6.2701974,34.573524,-6.270136,34.632236,-6.283684966084083,6.645219961064832,9.037176,0,0.40389258,0.6985751,2.7910352,34.6548,-6.27019739151001,9.037486415947772
2019-10-07,Muffine_DER_AN922_eobs_3921__2019__southbound_01,Muffine / DER AN922 (eobs 3921),41.645718,0.95446366,41.575005,0.61446726,41.638012,0.9435581066482615,28.244344957194055,29.339867,1,0.18583561,0.6985751,1.244988,41.645718,0.9544636607170105,29.339880271817336
2019-10-07,Sara_plus_DER_AU017_eobs_3941__2019__southbound_01,Sara + / DER AU017 (eobs 3941),41.61643,0.61756337,41.793343,0.8094832,41.607834,0.5982326873552364,27.075709115204287,25.314695,1,0.26394632,0.6985751,1.8664494,41.61643,0.6175633668899536,25.314607982405285
2019-10-07,Zozu_plus_DER_AL581_eobs2541__2019__southbound_01,Zozu + / DER AL581 (eobs2541),41.539074,0.61516553,41.537872,0.6150104,41.52901,0.5981100655606866,1.71750861229596,0.13411836,0,0.33862263,0.6985751,1.8043383,41.539074,0.6151655316352844,0.13423786067130242
2019-10-08,Angela_DER_AY470_eobs_4001__2019__southbound_01,Angela / DER AY470 (eobs 4001),40.311607,-3.5891268,40.319916,-3.599183,40.30328,-3.5989835554807614,1.8499070160749023,1.2571043,0,0.27848163,0.6985751,1.2452129,40.311607,-3.5891268253326416,1.2571676333638973
2019-10-08,Europa_DER_A1A26_eobs_4004__2019__southbound_01,Europa / DER A1A26 (eobs 4004),40.31815,-3.610764,40.30967,-3.610823,40.31228,-3.6202795677205715,0.852717731138597,0.94295865,0,0.22910896,0.6985751,1.036091,40.31815,-3.6107640266418457,0.9429555084556325
2019-10-08,Mirabell_plus_DER_AN910_eobs_3907__2019__southbound_01,Mirabell + / DER AN910 (eobs 3907),34.573524,-6.270136,34.62109,-6.270438,34.52157,-6.282975651122431,11.125695882773707,5.288877,0,0.5914765,0.6985751,5.885444,34.573524,-6.270135879516602,5.289117549298995
2019-10-08,Muffine_DER_AN922_eobs_3921__2019__southbound_01,Muffine / DER AN922 (eobs 3921),41.575005,0.61446726,41.541462,0.5643025,41.46162,0.4481283638747518,13.130879018572868,5.5975504,0,0.8011063,0.6985751,18.686352,41.46162,0.4481283638747518,13.130879018572868
2019-10-08,Sara_plus_DER_AU017_eobs_3941__2019__southbound_01,Sara + / DER AU017 (eobs 3941),41.793343,0.8094832,41.635834,0.6868267,41.77803,0.7887314402046868,17.932324133634378,20.25825,1,0.3632168,0.6985751,2.4161887,41.793343,0.8094831705093384,20.258300129024597
2019-10-08,Zozu_plus_DER_AL581_eobs2541__2019__southbound_01,Zozu + / DER AL581 (eobs2541),41.537872,0.6150104,41.61028,0.6166048,41.530422,0.6014482349310101,8.968763046214768,8.052562,0,0.2737079,0.6985751,1.397587,41.537872,0.6150103807449341,8.052368841675856
2019-10-09,Angela_DER_AY470_eobs_4001__2019__southbound_01,Angela / DER AY470 (eobs 4001),40.319916,-3.599183,40.314617,-3.624203,40.311047,-3.615763980151418,0.8183016377862432,2.201492,0,0.37422827,0.6985751,1.7141695,40.319916,-3.5991830825805664,2.201570132793924
2019-10-09,Europa_DER_A1A26_eobs_4004__2019__southbound_01,Europa / DER A1A26 (eobs 4004),40.30967,-3.610823,40.263287,-3.6335907,40.30413,-3.618113440498873,4.7275975418157365,5.507276,0,0.15578213,0.6985751,0.8710556,40.30967,-3.610822916030884,5.507258022540081
2019-10-09,Mirabell_plus_DER_AN910_eobs_3907__2019__southbound_01,Mirabell + / DER AN910 (eobs 3907),34.62109,-6.270438,34.5758,-6.267915,34.596375,-6.288661489431575,2.973234486191517,5.0408072,0,0.46164864,0.6985751,3.2088797,34.62109,-6.270438194274902,5.041106338296071
2019-10-09,Muffine_DER_AN922_eobs_3921__2019__southbound_01,Muffine / DER AN922 (eobs 3921),41.541462,0.5643025,41.537674,0.6149191,41.529774,0.5428516732193217,6.06264653100113,4.233782,0,0.38225183,0.6985751,2.2044842,41.541462,0.5643025040626526,4.2337897309173025
2019-10-09,Sara_plus_DER_AU017_eobs_3941__2019__southbound_01,Sara + / DER AU017 (eobs 3941),41.635834,0.6868267,41.531277,0.4927269,41.627758,0.6692402814410501,18.183958407232634,19.894474,1,0.2703068,0.6985751,1.7123582,41.635834,0.6868267059326172,19.894496726710486
2019-10-09,Zozu_plus_DER_AL581_eobs2541__2019__southbound_01,Zozu + / DER AL581 (eobs2541),41.61028,0.6166048,41.5378,0.6153485,41.60449,0.6018223809608483,7.5003221144197125,8.060258,0,0.24788931,0.6985751,1.384932,41.61028,0.6166048049926758,8.060013317294032
2019-10-10,Angela_DER_AY470_eobs_4001__2019__southbound_01,Angela / DER AY470 (eobs 4001),40.314617,-3.624203,40.184715,-3.6242607,40.30288,-3.6423880163978937,13.229036409876844,14.444453,1,0.3792797,0.6985751,2.0166154,40.314617,-3.6242029666900635,14.444451464718775
2019-10-10,Europa_DER_A1A26_eobs_4004__2019__southbound_01,Europa / DER A1A26 (eobs 4004),40.263287,-3.6335907,40.314453,-3.6328938,40.255077,-3.6447408518659654,6.678332401348994,5.69007,0,0.24196053,0.6985751,1.3122519,40.263287,-3.6335906982421875,5.689773951218071
2019-10-10,Mirabell_plus_DER_AN910_eobs_3907__2019__southbound_01,Mirabell + / DER AN910 (eobs 3907),34.5758,-6.267915,34.67511,-6.2699747,34.535614,-6.284441105342402,15.567656605588972,11.043925,1,0.55854636,0.6985751,4.709565,34.5758,-6.267914772033691,11.044171087202507
2019-10-10,Sara_plus_DER_AU017_eobs_3941__2019__southbound_01,Sara + / DER AU017 (eobs 3941),41.531277,0.4927269,41.524155,0.43048176,41.51887,0.47188812091721044,3.4968860758421685,5.2417607,0,0.3772254,0.6985751,2.2122762,41.531277,0.4927268922328949,5.241736407716416
2019-10-10,Zozu_plus_DER_AL581_eobs2541__2019__southbound_01,Zozu + / DER AL581 (eobs2541),41.5378,0.6153485,41.59592,0.616196,41.53032,0.5966242448501698,7.4740842716733304,6.4632597,0,0.34163266,0.6985751,1.7634888,41.5378,0.6153485178947449,6.463123521136117
2019-10-11,Angela_DER_AY470_eobs_4001__2019__southbound_01,Angela / DER AY470 (eobs 4001),40.184715,-3.6242607,39.845528,-4.2743297,40.056293,-3.7835577170306998,47.95143017564413,66.98726,1,0.8094297,0.6985751,19.638578,40.056293,-3.7835577170306998,47.95143017564413
2019-10-11,Europa_DER_A1A26_eobs_4004__2019__southbound_01,Europa / DER A1A26 (eobs 4004),40.314453,-3.6328938,40.184998,-3.5705547,40.30831,-3.64313637893168,15.032081721109888,15.336437,1,0.22317357,0.6985751,1.1028421,40.314453,-3.6328938007354736,15.336272505616478
2019-10-11,Mirabell_plus_DER_AN910_eobs_3907__2019__southbound_01,Mirabell + / DER AN910 (eobs 3907),34.67511,-6.2699747,34.66516,-6.2728286,34.654316,-6.286587047036396,1.7429318365047557,1.1366909,0,0.43074647,0.6985751,2.7616267,34.67511,-6.269974708557129,1.1366198777504546
2019-10-11,Zozu_plus_DER_AL581_eobs2541__2019__southbound_01,Zozu + / DER AL581 (eobs2541),41.59592,0.616196,41.602955,0.6165084,41.588978,0.6021493992105655,1.959904434855875,0.782733,0,0.2421962,0.6985751,1.3976994,41.59592,0.6161959767341614,0.7826111137941623
2019-10-12,Angela_DER_AY470_eobs_4001__2019__southbound_01,Angela / DER AY470 (eobs 4001),39.845528,-4.2743297,40.03709,-4.659628,39.545425,-4.5818719837399495,55.07288143346894,39.14986,1,0.9014805,0.6985751,42.38627,39.545425,-4.5818719837399495,55.07288143346894
2019-10-12,Europa_DER_A1A26_eobs_4004__2019__southbound_01,Europa / DER A1A26 (eobs 4004),40.184998,-3.5705547,40.263615,-3.624157,40.14068,-3.591064252966477,13.955828622933852,9.855519,0,0.69438714,0.6985751,5.21786,40.184998,-3.570554733276367,9.855437525149734
2019-10-12,Mirabell_plus_DER_AN910_eobs_3907__2019__southbound_01,Mirabell + / DER AN910 (eobs 3907),34.66516,-6.2728286,34.677986,-6.2797837,34.647255,-6.285484386521595,3.456704925748264,1.5614245,0,0.39026025,0.6985751,2.2988584,34.66516,-6.272828578948975,1.5614910894960223
2019-10-12,Zozu_plus_DER_AL581_eobs2541__2019__southbound_01,Zozu + / DER AL581 (eobs2541),41.602955,0.6165084,41.59596,0.6161943,41.597538,0.6030687538958097,1.1055008981077596,0.77850914,0,0.20965926,0.6985751,1.267283,41.602955,0.616508424282074,0.7783763530223778
2019-10-13,Angela_DER_AY470_eobs_4001__2019__southbound_01,Angela / DER AY470 (eobs 4001),40.03709,-4.659628,39.9955,-4.648759,39.880955,-4.932502768216009,27.339349691394276,4.7163844,0,0.8546906,0.6985751,28.95089,39.880955,-4.932502768216009,27.339349691394276
2019-10-13,Europa_DER_A1A26_eobs_4004__2019__southbound_01,Europa / DER A1A26 (eobs 4004),40.263615,-3.624157,40.26136,-3.6350014,40.25908,-3.6351616829564906,0.25402126223411914,0.9536689,0,0.2885184,0.6985751,1.059297,40.263615,-3.624156951904297,0.9537121584702057
2019-10-13,Mirabell_plus_DER_AN910_eobs_3907__2019__southbound_01,Mirabell + / DER AN910 (eobs 3907),34.677986,-6.2797837,34.68023,-6.254367,34.66333,-6.296754207952132,4.307751853980282,2.3375192,0,0.34831604,0.6985751,2.2463093,34.677986,-6.279783725738525,2.3374982894591345
2019-10-13,Zozu_plus_DER_AL581_eobs2541__2019__southbound_01,Zozu + / DER AL581 (eobs2541),41.59596,0.6161943,41.61031,0.6166738,41.589973,0.6032030021350739,2.5234991197050856,1.5960696,0,0.21930327,0.6985751,1.2665874,41.59596,0.6161943078041077,1.596246509880487
2019-10-14,Angela_DER_AY470_eobs_4001__2019__southbound_01,Angela / DER AY470 (eobs 4001),39.9955,-4.648759,39.84312,-4.2544575,39.761528,-4.821566628546952,49.288253723062155,37.65398,1,0.88442665,0.6985751,29.840057,39.761528,-4.821566628546952,49.288253723062155
2019-10-14,Europa_DER_A1A26_eobs_4004__2019__southbound_01,Europa / DER A1A26 (eobs 4004),40.26136,-3.6350014,40.25981,-3.6353517,40.2546,-3.646832146672579,1.1335053622093576,0.17484055,0,0.23636231,0.6985751,1.251813,40.26136,-3.6350014209747314,0.1747607814522742
2019-10-14,Mirabell_plus_DER_AN910_eobs_3907__2019__southbound_01,Mirabell + / DER AN910 (eobs 3907),34.68023,-6.254367,34.67375,-6.256478,34.660095,-6.260653858339011,1.5658387567461631,0.74571836,0,0.40568575,0.6985751,2.3074708,34.68023,-6.254366874694824,0.7456690648709191
2019-10-14,Zozu_plus_DER_AL581_eobs2541__2019__southbound_01,Zozu + / DER AL581 (eobs2541),41.61031,0.6166738,41.537804,0.61668706,41.604412,0.6039708957239072,7.481691504862477,8.062116,0,0.20590335,0.6985751,1.240863,41.61031,0.6166738271713257,8.062305105957373
2019-10-15,Angela_DER_AY470_eobs_4001__2019__southbound_01,Angela / DER AY470 (eobs 4001),39.84312,-4.2544575,39.85417,-4.2544293,39.61138,-4.405776941759077,29.938952081156835,1.2291751,0,0.87697834,0.6985751,28.774773,39.61138,-4.405776941759077,29.938952081156835
2019-10-15,Europa_DER_A1A26_eobs_4004__2019__southbound_01,Europa / DER A1A26 (eobs 4004),40.25981,-3.6353517,40.31291,-3.5207975,40.25457,-3.644632619374746,12.34591613845228,11.369806,1,0.17062938,0.6985751,0.97800577,40.25981,-3.6353516578674316,11.369831632452728
2019-10-15,Mirabell_plus_DER_AN910_eobs_3907__2019__southbound_01,Mirabell + / DER AN910 (eobs 3907),34.67375,-6.256478,34.669426,-6.2579274,34.66065,-6.271780823485959,1.5993423733378895,0.49863538,0,0.31105632,0.6985751,2.0165508,34.67375,-6.2564778327941895,0.49894767646268723
2019-10-15,Zozu_plus_DER_AL581_eobs2541__2019__southbound_01,Zozu + / DER AL581 (eobs2541),41.537804,0.61668706,41.558517,0.6160806,41.531937,0.606031584882089,3.0716921105073065,2.3036532,0,0.18132506,0.6985751,1.0991441,41.537804,0.6166870594024658,2.3038262265920055
2019-10-16,Angela_DER_AY470_eobs_4001__2019__southbound_01,Angela / DER AY470 (eobs 4001),39.85417,-4.2544293,39.854153,-4.253787,39.81586,-4.307739991497823,6.273138395937654,0.054859973,0,0.6290934,0.6985751,6.222453,39.85417,-4.254429340362549,0.054869004308260416
2019-10-16,Europa_DER_A1A26_eobs_4004__2019__southbound_01,Europa / DER A1A26 (eobs 4004),40.31291,-3.5207975,40.31289,-3.5173554,40.303905,-3.5312640142937313,1.5455679180754291,0.2918607,0,0.22711293,0.6985751,1.3355608,40.31291,-3.5207974910736084,0.2918548201030242
2019-10-16,Mirabell_plus_DER_AN910_eobs_3907__2019__southbound_01,Mirabell + / DER AN910 (eobs 3907),34.669426,-6.2579274,34.675194,-6.259014,34.656197,-6.271965657793625,2.421826987610014,0.64897716,0,0.32175577,0.6985751,1.9490786,34.669426,-6.257927417755127,0.6490072258882527
2019-10-16,Zozu_plus_DER_AL581_eobs2541__2019__southbound_01,Zozu + / DER AL581 (eobs2541),41.558517,0.6160806,41.540104,0.61511344,41.551388,0.6044183572871643,1.5383449807118907,2.0489552,0,0.17165206,0.6985751,1.250729,41.558517,0.6160805821418762,2.049076659109197
2019-10-17,Angela_DER_AY470_eobs_4001__2019__southbound_01,Angela / DER AY470 (eobs 4001),39.854153,-4.253787,39.855946,-4.2355037,39.81077,-4.2909071437278925,6.900434367520244,1.573323,0,0.65944844,0.6985751,5.7614403,39.854153,-4.253787040710449,1.5733668823086293
2019-10-17,Europa_DER_A1A26_eobs_4004__2019__southbound_01,Europa / DER A1A26 (eobs 4004),40.31289,-3.5173554,40.30084,-3.5243456,40.30351,-3.5279371723276753,0.4253542833640948,1.4650244,0,0.24408376,0.6985751,1.373479,40.31289,-3.517355442047119,1.4652185778331464
2019-10-17,Mirabell_plus_DER_AN910_eobs_3907__2019__southbound_01,Mirabell + / DER AN910 (eobs 3907),34.675194,-6.259014,34.66244,-6.258865,34.66556,-6.269439770354858,1.0275163971523595,1.418014,0,0.21358545,0.6985751,1.4313886,34.675194,-6.259014129638672,1.4180846157989997
2019-10-17,Zozu_plus_DER_AL581_eobs2541__2019__southbound_01,Zozu + / DER AL581 (eobs2541),41.540104,0.61511344,41.537834,0.61512095,41.532436,0.6030846769695316,1.1678746961081727,0.2524692,0,0.19570108,0.6985751,1.3127959,41.540104,0.6151134371757507,0.25238523731703777
2019-10-18,Angela_DER_AY470_eobs_4001__2019__southbound_01,Angela / DER AY470 (eobs 4001),39.855946,-4.2355037,39.856808,-4.2536893,39.838257,-4.260629221329762,2.146163124665593,1.5552604,0,0.51820505,0.6985751,2.904862,39.855946,-4.235503673553467,1.5552681270289426
2019-10-18,Europa_DER_A1A26_eobs_4004__2019__southbound_01,Europa / DER A1A26 (eobs 4004),40.30084,-3.5243456,40.311436,-3.5242994,40.294975,-3.533735274168783,1.9975831322952462,1.1784297,0,0.1608505,0.6985751,1.0272481,40.30084,-3.524345636367798,1.1783662567122724
2019-10-18,Mirabell_plus_DER_AN910_eobs_3907__2019__southbound_01,Mirabell + / DER AN910 (eobs 3907),34.66244,-6.258865,34.66693,-6.2491794,34.64436,-6.2694322797059625,3.119457534107128,1.0166361,0,0.34662277,0.6985751,2.2268941,34.66244,-6.258864879608154,1.016817507427794
2019-10-18,Zozu_plus_DER_AL581_eobs2541__2019__southbound_01,Zozu + / DER AL581 (eobs2541),41.537834,0.61512095,41.537945,0.6150522,41.528408,0.6023662297253879,1.496516715162708,0.013579352,0,0.2246545,0.6985751,1.4891584,41.537834,0.6151209473609924,0.013565963952596847
2019-10-19,Angela_DER_AY470_eobs_4001__2019__southbound_01,Angela / DER AY470 (eobs 4001),39.856808,-4.2536893,39.85583,-4.240588,39.839508,-4.282222984006286,3.990979643664639,1.1235834,0,0.48120078,0.6985751,3.0981493,39.856808,-4.253689289093018,1.1235610771386053
2019-10-19,Europa_DER_A1A26_eobs_4004__2019__southbound_01,Europa / DER A1A26 (eobs 4004),40.311436,-3.5242994,40.298965,-3.5981193,40.30606,-3.534125279583775,5.4838566102449,6.4115763,0,0.1807525,0.6985751,1.0234946,40.311436,-3.524299383163452,6.4115491730242455
2019-10-19,Mirabell_plus_DER_AN910_eobs_3907__2019__southbound_01,Mirabell + / DER AN910 (eobs 3907),34.66693,-6.2491794,34.67161,-6.257074,34.649277,-6.254653613947569,2.493393623698853,0.8901679,0,0.31189278,0.6985751,2.0224276,34.66693,-6.249179363250732,0.8900142293735837
2019-10-19,Zozu_plus_DER_AL581_eobs2541__2019__southbound_01,Zozu + / DER AL581 (eobs2541),41.537945,0.6150522,41.610313,0.61666137,41.531387,0.6006426819826007,8.876785486841689,8.048279,0,0.21073675,0.6985751,1.4012167,41.537945,0.6150522232055664,8.048147935518614
2019-10-20,Angela_DER_AY470_eobs_4001__2019__southbound_01,Angela / DER AY470 (eobs 4001),39.85583,-4.240588,39.85592,-4.23022,39.84489,-4.255194246060301,2.4595000199284636,0.88508564,0,0.2992177,0.6985751,1.7388585,39.85583,-4.240588188171387,0.8850947989168708
2019-10-20,Europa_DER_A1A26_eobs_4004__2019__southbound_01,Europa / DER A1A26 (eobs 4004),40.298965,-3.5981193,40.26033,-3.6356018,40.294178,-3.6097650899355433,4.355406483106651,5.3448567,0,0.26083478,0.6985751,1.1200128,40.298965,-3.5981192588806152,5.344743228678833
2019-10-20,Mirabell_plus_DER_AN910_eobs_3907__2019__southbound_01,Mirabell + / DER AN910 (eobs 3907),34.67161,-6.257074,34.662838,-6.260412,34.657578,-6.270816078178759,1.116969772494074,1.0225567,0,0.28418103,0.6985751,2.0002031,34.67161,-6.257073879241943,1.0222595767024236
2019-10-20,Zozu_plus_DER_AL581_eobs2541__2019__southbound_01,Zozu + / DER AL581 (eobs2541),41.610313,0.61666137,41.578003,0.6163237,41.603657,0.6045730427663658,3.0153247555039715,3.592945,0,0.186959,0.6985751,1.2460886,41.610313,0.6166613698005676,3.5928767921614897
2019-10-21,Angela_DER_AY470_eobs_4001__2019__southbound_01,Angela / DER AY470 (eobs 4001),39.85592,-4.23022,39.848244,-4.326322,39.837242,-4.251780267974885,6.480606773103724,8.248008,0,0.4297036,0.6985751,2.7701263,39.85592,-4.230219841003418,8.248002626214129
2019-10-21,Europa_DER_A1A26_eobs_4004__2019__southbound_01,Europa / DER A1A26 (eobs 4004),40.26033,-3.6356018,40.260414,-3.635485,40.248665,-3.653605515975577,2.017798635061649,0.013717553,0,0.35672882,0.6985751,2.0005364,40.26033,-3.635601758956909,0.013614490606888912
2019-10-21,Mirabell_plus_DER_AN910_eobs_3907__2019__southbound_01,Mirabell + / DER AN910 (eobs 3907),34.662838,-6.260412,34.665943,-6.2579665,34.644115,-6.273774174194129,2.8251699565585375,0.4117195,0,0.33057028,0.6985751,2.4097204,34.662838,-6.260412216186523,0.41139922743344437
2019-10-21,Zozu_plus_DER_AL581_eobs2541__2019__southbound_01,Zozu + / DER AL581 (eobs2541),41.578003,0.6163237,41.59601,0.6161503,41.57182,0.6075836407665487,2.7824703340512853,2.0021973,0,0.13075851,0.6985751,0.99889594,41.578003,0.616323709487915,2.0021606158843483
2019-10-22,Angela_DER_AY470_eobs_4001__2019__southbound_01,Angela / DER AY470 (eobs 4001),39.848244,-4.326322,39.954094,-5.613264,39.728912,-4.461006099245168,101.51285446603896,110.40884,1,0.779528,0.6985751,17.526844,39.728912,-4.461006099245168,101.51285446603896
2019-10-22,Europa_DER_A1A26_eobs_4004__2019__southbound_01,Europa / DER A1A26 (eobs 4004),40.260414,-3.635485,40.263466,-3.632651,40.250645,-3.64533951230645,1.786568206068834,0.41601527,0,0.20709214,0.6985751,1.3684072,40.260414,-3.6354849338531494,0.4158997770675297
2019-10-22,Mirabell_plus_DER_AN910_eobs_3907__2019__southbound_01,Mirabell + / DER AN910 (eobs 3907),34.665943,-6.2579665,34.691273,-6.204316,34.646603,-6.268077190811358,7.659894495851652,5.656851,0,0.34045002,0.6985751,2.3366559,34.665943,-6.2579665184021,5.656911796429574
2019-10-22,Zozu_plus_DER_AL581_eobs2541__2019__southbound_01,Zozu + / DER AL581 (eobs2541),41.59601,0.6161503,41.61064,0.61687756,41.588924,0.6035942239067129,2.6554477444728546,1.6282575,0,0.19207862,0.6985751,1.3056953,41.59601,0.6161503195762634,1.628260641901336
2019-10-23,Angela_DER_AY470_eobs_4001__2019__southbound_01,Angela / DER AY470 (eobs 4001),39.954094,-5.613264,39.1135,-5.755673,39.58134,-5.881128879585486,53.12849070325858,94.26441,1,0.9220037,0.6985751,47.238007,39.58134,-5.881128879585486,53.12849070325858
2019-10-23,Europa_DER_A1A26_eobs_4004__2019__southbound_01,Europa / DER A1A26 (eobs 4004),40.263466,-3.632651,40.2248,-3.6572292,40.25759,-3.6389160063824693,3.963713916406022,4.7788897,0,0.1067539,0.6985751,0.8407999,40.263466,-3.6326510906219482,4.778795888380285
2019-10-23,Mirabell_plus_DER_AN910_eobs_3907__2019__southbound_01,Mirabell + / DER AN910 (eobs 3907),34.691273,-6.204316,34.694874,-6.2029552,34.675995,-6.212188236599059,2.262636862374734,0.4193376,0,0.26283926,0.6985751,1.8416024,34.691273,-6.204316139221191,0.4193067699389851
2019-10-23,Zozu_plus_DER_AL581_eobs2541__2019__southbound_01,Zozu + / DER AL581 (eobs2541),41.61064,0.61687756,41.600063,0.6174505,41.60414,0.6069424552569934,0.9843847344693708,1.1773801,0,0.15287095,0.6985751,1.0955693,41.61064,0.616877555847168,1.1772030180365716
2019-10-24,Angela_DER_AY470_eobs_4001__2019__southbound_01,Angela / DER AY470 (eobs 4001),39.1135,-5.755673,38.948307,-5.709458,38.820644,-5.98980140465458,28.112568439243475,18.797144,1,0.8922546,0.6985751,38.252827,38.820644,-5.98980140465458,28.112568439243475
2019-10-24,Europa_DER_A1A26_eobs_4004__2019__southbound_01,Europa / DER A1A26 (eobs 4004),40.2248,-3.6572292,40.23464,-3.645399,40.21912,-3.6639690635304825,2.337296039289013,1.4851036,0,0.08702237,0.6985751,0.8507527,40.2248,-3.65722918510437,1.4850350727011252
2019-10-24,Mirabell_plus_DER_AN910_eobs_3907__2019__southbound_01,Mirabell + / DER AN910 (eobs 3907),34.694874,-6.2029552,34.68872,-6.2207265,34.680428,-6.212497046983681,1.1901994079969074,1.7630408,0,0.24100655,0.6985751,1.8246872,34.694874,-6.20295524597168,1.7629607606402
2019-10-24,Zozu_plus_DER_AL581_eobs2541__2019__southbound_01,Zozu + / DER AL581 (eobs2541),41.600063,0.6174505,41.609962,0.6165721,41.59282,0.605889166044619,2.103048537381562,1.1032622,0,0.19356145,0.6985751,1.2521275,41.600063,0.617450475692749,1.1031558520552889
2019-10-25,Angela_DER_AY470_eobs_4001__2019__southbound_01,Angela / DER AY470 (eobs 4001),38.948307,-5.709458,38.94723,-5.709857,38.71485,-5.8641337173525026,29.090620609183436,0.12478739,0,0.8568611,0.6985751,29.151272,38.71485,-5.8641337173525026,29.090620609183436
2019-10-25,Europa_DER_A1A26_eobs_4004__2019__southbound_01,Europa / DER A1A26 (eobs 4004),40.23464,-3.645399,40.23668,-3.6507943,40.225487,-3.6560036169797967,1.320766522941094,0.51113087,0,0.19218664,0.6985751,1.3563268,40.23464,-3.6453990936279297,0.5111147359609965
2019-10-25,Mirabell_plus_DER_AN910_eobs_3907__2019__southbound_01,Mirabell + / DER AN910 (eobs 3907),34.68872,-6.2207265,34.257607,-6.580606,34.665005,-6.239074970925273,55.068885527722756,58.192104,1,0.3631223,0.6985751,3.1198535,34.68872,-6.220726490020752,58.19214766262983
2019-10-25,Zozu_plus_DER_AL581_eobs2541__2019__southbound_01,Zozu + / DER AL581 (eobs2541),41.609962,0.6165721,41.610275,0.6163587,41.603218,0.6065565940750002,1.1313601329327285,0.039184153,0,0.14130716,0.6985751,1.1186548,41.609962,0.6165720820426941,0.03904534717231544
2019-10-26,Angela_DER_AY470_eobs_4001__2019__southbound_01,Angela / DER AY470 (eobs 4001),38.94723,-5.709857,38.947388,-5.7097907,38.83717,-5.787712758411188,13.988634197863417,0.018385515,0,0.7438447,0.6985751,13.943595,38.83717,-5.787712758411188,13.988634197863417
2019-10-26,Europa_DER_A1A26_eobs_4004__2019__southbound_01,Europa / DER A1A26 (eobs 4004),40.23668,-3.6507943,40.234173,-3.6368718,40.23085,-3.6576387522005764,1.8011956723261757,1.214238,0,0.09794287,0.6985751,0.869042,40.23668,-3.650794267654419,1.2142343394351238
2019-10-26,Zozu_plus_DER_AL581_eobs2541__2019__southbound_01,Zozu + / DER AL581 (eobs2541),41.610275,0.6163587,41.610584,0.61681426,41.60479,0.6084489847644039,0.9480898403732828,0.051043432,0,0.1133542,0.6985751,0.89525366,41.610275,0.6163586974143982,0.05113652135747013
2019-10-27,Angela_DER_AY470_eobs_4001__2019__southbound_01,Angela / DER AY470 (eobs 4001),38.947388,-5.7097907,38.942554,-5.709756,38.885124,-5.747559388723412,7.174842620446521,0.53734195,0,0.64045954,0.6985751,7.64165,38.947388,-5.7097907066345215,0.5374388763579967
2019-10-27,Europa_DER_A1A26_eobs_4004__2019__southbound_01,Europa / DER A1A26 (eobs 4004),40.234173,-3.6368718,40.236473,-3.6445563,40.227337,-3.641236082146051,1.0542746433296797,0.7005358,0,0.1051807,0.6985751,0.8440014,40.234173,-3.636871814727783,0.7006594106653531
2019-10-27,Zozu_plus_DER_AL581_eobs2541__2019__southbound_01,Zozu + / DER AL581 (eobs2541),41.610584,0.61681426,41.610622,0.6168569,41.604534,0.6100696753872228,0.881329208154898,0.0054355734,0,0.11044428,0.6985751,0.8741431,41.610584,0.6168142557144165,0.005526854752366589
2019-10-28,Angela_DER_AY470_eobs_4001__2019__southbound_01,Angela / DER AY470 (eobs 4001),38.942554,-5.709756,38.942482,-5.709736,38.915695,-5.7150720781074345,3.0141150001120307,0.008187163,0,0.4457903,0.6985751,3.0166461,38.942554,-5.709755897521973,0.008243353994465588
2019-10-28,Europa_DER_A1A26_eobs_4004__2019__southbound_01,Europa / DER A1A26 (eobs 4004),40.236473,-3.6445563,40.228268,-3.6555796,40.231724,-3.649742640097105,0.6270740760314341,1.3069922,0,0.08049259,0.6985751,0.6861903,40.236473,-3.6445562839508057,1.3069550610770908
2019-10-28,Zozu_plus_DER_AL581_eobs2541__2019__southbound_01,Zozu + / DER AL581 (eobs2541),41.610622,0.6168569,41.610577,0.6168313,41.604053,0.6093157840066085,0.9573729263333363,0.0053967065,0,0.13542551,0.6985751,0.9610238,41.610622,0.6168568730354309,0.0055162030033955
2019-10-29,Angela_DER_AY470_eobs_4001__2019__southbound_01,Angela / DER AY470 (eobs 4001),38.942482,-5.709736,38.947273,-5.709876,38.91833,-5.715115279747927,3.2499705396510135,0.5328847,0,0.45241332,0.6985751,2.7207496,38.942482,-5.709735870361328,0.5329024462690604
2019-10-29,Europa_DER_A1A26_eobs_4004__2019__southbound_01,Europa / DER A1A26 (eobs 4004),40.228268,-3.6555796,40.228695,-3.6531482,40.223263,-3.660958124699377,0.8969278944333777,0.21183082,0,0.09074253,0.6985751,0.7186985,40.228268,-3.6555795669555664,0.21180889921148752
2019-10-29,Zozu_plus_DER_AL581_eobs2541__2019__southbound_01,Zozu + / DER AL581 (eobs2541),41.610577,0.6168313,41.610184,0.6169072,41.60404,0.6085259863091442,0.9759801943154754,0.044130895,0,0.13758986,0.6985751,1.0008706,41.610577,0.6168313026428223,0.04414314622197504
2019-10-30,Angela_DER_AY470_eobs_4001__2019__southbound_01,Angela / DER AY470 (eobs 4001),38.947273,-5.709876,38.94756,-5.709815,38.937183,-5.71942802397958,1.4220941766814197,0.03239612,0,0.2419471,0.6985751,1.3908569,38.947273,-5.70987606048584,0.032248064314166186
2019-10-30,Europa_DER_A1A26_eobs_4004__2019__southbound_01,Europa / DER A1A26 (eobs 4004),40.228695,-3.6531482,40.263042,-3.633526,40.221745,-3.66073618603099,5.140183034354048,4.166494,0,0.1538557,0.6985751,1.0041908,40.228695,-3.6531481742858887,4.166578412929829
2019-10-30,Zozu_plus_DER_AL581_eobs2541__2019__southbound_01,Zozu + / DER AL581 (eobs2541),41.610184,0.6169072,41.610344,0.6167396,41.60266,0.6082076973320169,1.1104104289887518,0.02265962,0,0.15998732,0.6985751,1.1039021,41.610184,0.6169071793556213,0.022617740629212735
2019-10-31,Angela_DER_AY470_eobs_4001__2019__southbound_01,Angela / DER AY470 (eobs 4001),38.94756,-5.709815,38.9477,-5.709777,38.938564,-5.719029973296699,1.2932318286948437,0.015940262,0,0.22926304,0.6985751,1.2766938,38.94756,-5.70981502532959,0.01603745488717881
2019-10-31,Europa_DER_A1A26_eobs_4004__2019__southbound_01,Europa / DER A1A26 (eobs 4004),40.263042,-3.633526,40.221237,-3.609409,40.2577,-3.6409759886808084,4.860027837316811,5.0793185,0,0.13735154,0.6985751,0.8657482,40.263042,-3.633526086807251,5.07928119224625
2019-10-31,Zozu_plus_DER_AL581_eobs2541__2019__southbound_01,Zozu + / DER AL581 (eobs2541),41.610344,0.6167396,41.61039,0.61670965,41.60448,0.6072857788212926,1.0225522487929566,0.00549471,0,0.13461123,0.6985751,1.0192671,41.610344,0.6167395710945129,0.005665460145022863
2019-11-01,Angela_DER_AY470_eobs_4001__2019__southbound_01,Angela / DER AY470 (eobs 4001),38.9477,-5.709777,38.94789,-5.7095823,38.938736,-5.717656505374447,1.2344927428415,0.027114842,0,0.18285297,0.6985751,1.2053123,38.9477,-5.709776878356934,0.027071597191728303
2019-11-01,Europa_DER_A1A26_eobs_4004__2019__southbound_01,Europa / DER A1A26 (eobs 4004),40.221237,-3.609409,40.263092,-3.6334133,40.213486,-3.6173965116109703,5.681054994971594,5.0808387,0,0.17345148,0.6985751,1.0947081,40.221237,-3.6094090938568115,5.080481898537899
2019-11-01,Zozu_plus_DER_AL581_eobs2541__2019__southbound_01,Zozu + / DER AL581 (eobs2541),41.61039,0.61670965,41.61056,0.6166181,41.604908,0.6093645955089342,0.8711275460350677,0.020817084,0,0.10213151,0.6985751,0.86141944,41.61039,0.6167096495628357,0.02054952577359191
2019-11-02,Angela_DER_AY470_eobs_4001__2019__southbound_01,Angela / DER AY470 (eobs 4001),38.94789,-5.7095823,38.947777,-5.709546,38.93895,-5.71756910584414,1.202027368645757,0.013295717,0,0.18152474,0.6985751,1.208414,38.94789,-5.709582328796387,0.013105496940964342
2019-11-02,Europa_DER_A1A26_eobs_4004__2019__southbound_01,Europa / DER A1A26 (eobs 4004),40.263092,-3.6334133,40.26441,-3.6322372,40.257717,-3.641472561297185,1.0805825611932052,0.17686382,0,0.13491875,0.6985751,0.90665174,40.263092,-3.633413314819336,0.17712833818385082
2019-11-02,Zozu_plus_DER_AL581_eobs2541__2019__southbound_01,Zozu + / DER AL581 (eobs2541),41.61056,0.6166181,41.610626,0.6168728,41.604572,0.6071618818108981,1.0511980523101352,0.022258906,0,0.13657825,0.6985751,1.0284837,41.61056,0.6166180968284607,0.022368606374797022
2019-11-03,Angela_DER_AY470_eobs_4001__2019__southbound_01,Angela / DER AY470 (eobs 4001),38.947777,-5.709546,38.947834,-5.7096148,38.939766,-5.718144440247041,1.1614693235955094,0.008610472,0,0.17132768,0.6985751,1.158194,38.947777,-5.709546089172363,0.008703048433532777
2019-11-03,Europa_DER_A1A26_eobs_4004__2019__southbound_01,Europa / DER A1A26 (eobs 4004),40.26441,-3.6322372,40.26531,-3.5684195,40.258324,-3.639938096377249,6.118059853643135,5.4158177,0,0.12755887,0.6985751,0.9390713,40.26441,-3.632237195968628,5.415800431987503
2019-11-03,Zozu_plus_DER_AL581_eobs2541__2019__southbound_01,Zozu + / DER AL581 (eobs2541),41.610626,0.6168728,41.6106,0.6168585,41.602356,0.6080221785371484,1.1747283592454514,0.0031877782,0,0.15292002,0.6985751,1.1757458,41.610626,0.6168727874755859,0.003198553564588659
2019-11-04,Angela_DER_AY470_eobs_4001__2019__southbound_01,Angela / DER AY470 (eobs 4001),38.947834,-5.7096148,38.948036,-5.7095118,38.93907,-5.719166650545734,1.300325057843631,0.02447394,0,0.16854793,0.6985751,1.2752328,38.947834,-5.7096147537231445,0.024181473694744188
2019-11-04,Europa_DER_A1A26_eobs_4004__2019__southbound_01,Europa / DER A1A26 (eobs 4004),40.26531,-3.5684195,40.320454,-3.5903769,40.256615,-3.578535844109009,7.169276381677082,6.4083366,0,0.19153503,0.6985751,1.2906374,40.26531,-3.5684194564819336,6.408440508364736
2019-11-04,Zozu_plus_DER_AL581_eobs2541__2019__southbound_01,Zozu + / DER AL581 (eobs2541),41.6106,0.6168585,41.610603,0.6167747,41.603355,0.6059033059297634,1.210997511282924,0.0069865226,0,0.13504553,0.6985751,1.213786,41.6106,0.6168584823608398,0.0069801918326630975
2019-11-05,Angela_DER_AY470_eobs_4001__2019__southbound_01,Angela / DER AY470 (eobs 4001),38.948036,-5.7095118,38.94779,-5.7095337,38.939465,-5.718275403479619,1.1950746049138181,0.027828755,0,0.15890293,0.6985751,1.2154529,38.948036,-5.709511756896973,0.027636585151302136
2019-11-05,Europa_DER_A1A26_eobs_4004__2019__southbound_01,Europa / DER A1A26 (eobs 4004),40.320454,-3.5903769,40.32094,-3.590476,40.31367,-3.5998583770630703,1.1338946198904745,0.054744285,0,0.15567683,0.6985751,1.1003221,40.320454,-3.590376853942871,0.054522589823898675
2019-11-05,Zozu_plus_DER_AL581_eobs2541__2019__southbound_01,Zozu + / DER AL581 (eobs2541),41.610603,0.6167747,41.57751,0.61590147,41.60461,0.6059534816919326,3.1248472037350954,3.6802006,0,0.13398026,0.6985751,1.1175673,41.610603,0.6167746782302856,3.680439477121902
2019-11-06,Angela_DER_AY470_eobs_4001__2019__southbound_01,Angela / DER AY470 (eobs 4001),38.94779,-5.7095337,38.94776,-5.709565,38.937912,-5.719078599505619,1.3698368316788978,0.0040704077,0,0.17537074,0.6985751,1.3714333,38.94779,-5.70953369140625,0.004027823793762279
2019-11-06,Europa_DER_A1A26_eobs_4004__2019__southbound_01,Europa / DER A1A26 (eobs 4004),40.32094,-3.590476,40.32161,-3.590948,40.31441,-3.600690971922467,1.1502110214079855,0.08465342,0,0.15509173,0.6985751,1.1278425,40.32094,-3.5904760360717773,0.08470565534935276
2019-11-06,Zozu_plus_DER_AL581_eobs2541__2019__southbound_01,Zozu + / DER AL581 (eobs2541),41.57751,0.61590147,41.59604,0.6166428,41.5674,0.6027979579695532,3.3861080738692504,2.0610116,0,0.17643724,0.6985751,1.5629218,41.57751,0.6159014701843262,2.0611430280469354
2019-11-07,Angela_DER_AY470_eobs_4001__2019__southbound_01,Angela / DER AY470 (eobs 4001),38.94776,-5.709565,38.947758,-5.709442,38.93619,-5.718697066423783,1.5148344615900347,0.010640212,0,0.18169212,0.6985751,1.5067499,38.94776,-5.709565162658691,0.010647391624370083
2019-11-07,Europa_DER_A1A26_eobs_4004__2019__southbound_01,Europa / DER A1A26 (eobs 4004),40.32161,-3.590948,40.320667,-3.5899677,40.31541,-3.59983467918991,1.0205198559482183,0.1336772,0,0.12794776,0.6985751,1.0192329,40.32161,-3.5909481048583984,0.133735242270615
2019-11-07,Zozu_plus_DER_AL581_eobs2541__2019__southbound_01,Zozu + / DER AL581 (eobs2541),41.59604,0.6166428,41.595917,0.6163382,41.588802,0.6070066741175657,1.1081644871237828,0.02868119,0,0.121699356,0.6985751,1.1335499,41.59604,0.6166427731513977,0.028735728986298722
2019-11-08,Angela_DER_AY470_eobs_4001__2019__southbound_01,Angela / DER AY470 (eobs 4001),38.947758,-5.709442,38.94775,-5.7092333,38.933052,-5.717661939634118,1.7895523675107454,0.018063597,0,0.23309712,0.6985751,1.7798858,38.947758,-5.709442138671875,0.01808136873122169
2019-11-08,Europa_DER_A1A26_eobs_4004__2019__southbound_01,Europa / DER A1A26 (eobs 4004),40.320667,-3.5899677,40.314827,-3.591249,40.3127,-3.5986790523133645,0.6729741995054795,0.6585893,0,0.14239506,0.6985751,1.151455,40.320667,-3.589967727661133,0.6584354120727913
2019-11-08,Zozu_plus_DER_AL581_eobs2541__2019__southbound_01,Zozu + / DER AL581 (eobs2541),41.595917,0.6163382,41.56829,0.6148403,41.589058,0.6069773014740136,2.4000469090519263,3.0746284,0,0.10970156,0.6985751,1.0877253,41.595917,0.6163381934165955,3.07440476828048
2019-11-09,Angela_DER_AY470_eobs_4001__2019__southbound_01,Angela / DER AY470 (eobs 4001),38.94775,-5.7092333,38.94493,-5.7046394,38.926632,-5.717339519746703,2.3123425022412687,0.5061008,0,0.32582042,0.6985751,2.4462523,38.94775,-5.709233283996582,0.5060535257320842
2019-11-09,Europa_DER_A1A26_eobs_4004__2019__southbound_01,Europa / DER A1A26 (eobs 4004),40.314827,-3.591249,40.320316,-3.5903153,40.30643,-3.6005134294374246,1.7696326883745725,0.6153253,0,0.14875178,0.6985751,1.2179269,40.314827,-3.5912489891052246,0.6154999404518676
2019-11-09,Zozu_plus_DER_AL581_eobs2541__2019__southbound_01,Zozu + / DER AL581 (eobs2541),41.56829,0.6148403,41.61059,0.6168529,41.559235,0.6061106704731499,5.780142750827402,4.706623,0,0.12490179,0.6985751,1.2392981,41.56829,0.6148403286933899,4.706659819742514
2019-11-10,Angela_DER_AY470_eobs_4001__2019__southbound_01,Angela / DER AY470 (eobs 4001),38.94493,-5.7046394,38.94554,-5.7010317,38.93255,-5.710050717454273,1.641875688735408,0.31925437,0,0.18026459,0.6985751,1.4516399,38.94493,-5.704639434814453,0.319300305378738
2019-11-10,Europa_DER_A1A26_eobs_4004__2019__southbound_01,Europa / DER A1A26 (eobs 4004),40.320316,-3.5903153,40.30106,-3.5429425,40.31357,-3.5988492836937604,4.940481469832519,4.5518446,0,0.12278436,0.6985751,1.0405202,40.320316,-3.590315341949463,4.5518897173751505
2019-11-10,Zozu_plus_DER_AL581_eobs2541__2019__southbound_01,Zozu + / DER AL581 (eobs2541),41.61059,0.6168529,41.537857,0.6144059,41.6028,0.6083335526472328,7.238812258296689,8.09023,0,0.10754527,0.6985751,1.1173153,41.61059,0.616852879524231,8.090316690151838
2019-11-11,Angela_DER_AY470_eobs_4001__2019__southbound_01,Angela / DER AY470 (eobs 4001),38.94554,-5.7010317,38.94428,-5.7045703,38.933403,-5.705240232752778,1.2107118617081467,0.33657038,0,0.17068057,0.6985751,1.3954263,38.94554,-5.701031684875488,0.33669681071662527
2019-11-11,Europa_DER_A1A26_eobs_4004__2019__southbound_01,Europa / DER A1A26 (eobs 4004),40.30106,-3.5429425,40.301174,-3.5220733,40.291897,-3.5489928221104545,2.5052762153940686,1.7698361,0,0.1294587,0.6985751,1.1386446,40.30106,-3.542942523956299,1.7698329534332018
2019-11-11,Zozu_plus_DER_AL581_eobs2541__2019__southbound_01,Zozu + / DER AL581 (eobs2541),41.537857,0.6144059,41.537548,0.6133583,41.522507,0.6022357733954877,1.9116878987732204,0.09364996,0,0.20598538,0.6985751,1.9812953,41.537857,0.6144058704376221,0.09371496618825412
2019-11-12,Angela_DER_AY470_eobs_4001__2019__southbound_01,Angela / DER AY470 (eobs 4001),38.94428,-5.7045703,38.945267,-5.7049747,38.934597,-5.710226182527993,1.2703870924338676,0.11512898,0,0.1268769,0.6985751,1.1803108,38.94428,-5.704570293426514,0.11529279177058903
2019-11-12,Europa_DER_A1A26_eobs_4004__2019__southbound_01,Europa / DER A1A26 (eobs 4004),40.301174,-3.5220733,40.32065,-3.590955,40.29272,-3.5273200528438866,6.225797067321727,6.229133,0,0.117013864,0.6985751,1.0381087,40.301174,-3.522073268890381,6.229068476748202
2019-11-12,Zozu_plus_DER_AL581_eobs2541__2019__southbound_01,Zozu + / DER AL581 (eobs2541),41.537548,0.6133583,41.595703,0.6163259,41.52949,0.6044349125168902,7.428588530069721,6.4709167,0,0.107735425,0.6985751,1.1615762,41.537548,0.6133583188056946,6.47126780105789
2019-11-13,Angela_DER_AY470_eobs_4001__2019__southbound_01,Angela / DER AY470 (eobs 4001),38.945267,-5.7049747,38.948074,-5.7094107,38.93392,-5.713384473263671,1.6107829464892585,0.49467632,0,0.16838871,0.6985751,1.4537365,38.945267,-5.70497465133667,0.4946045882735591
2019-11-13,Europa_DER_A1A26_eobs_4004__2019__southbound_01,Europa / DER A1A26 (eobs 4004),40.32065,-3.590955,40.25946,-3.6355994,40.31408,-3.600268993169081,6.772459522871132,7.786413,0,0.12143501,0.6985751,1.0737606,40.32065,-3.5909550189971924,7.786517751992717
2019-11-13,Zozu_plus_DER_AL581_eobs2541__2019__southbound_01,Zozu + / DER AL581 (eobs2541),41.595703,0.6163259,41.59582,0.6163265,41.588074,0.6080763083776164,1.1013261414275703,0.013543652,0,0.10281075,0.6985751,1.0891039,41.595703,0.6163259148597717,0.013149536039388272
2019-11-14,Angela_DER_AY470_eobs_4001__2019__southbound_01,Angela / DER AY470 (eobs 4001),38.948074,-5.7094107,38.948277,-5.7087097,38.939747,-5.716265018964421,1.1517420135051788,0.0646586,0,0.116075575,0.6985751,1.0974457,38.948074,-5.709410667419434,0.06465146716563094
2019-11-14,Europa_DER_A1A26_eobs_4004__2019__southbound_01,Europa / DER A1A26 (eobs 4004),40.25946,-3.6355994,40.22012,-3.6011417,40.250683,-3.6436029304629,4.953908529992352,5.262263,0,0.12586841,0.6985751,1.1871055,40.25946,-3.635599374771118,5.262206407419245
2019-11-14,Zozu_plus_DER_AL581_eobs2541__2019__southbound_01,Zozu + / DER AL581 (eobs2541),41.59582,0.6163265,41.595604,0.6152768,41.588497,0.6067047080689615,1.0642663211879737,0.0906081,0,0.114706844,0.6985751,1.139598,41.59582,0.6163265109062195,0.09057628876142833
2019-11-15,Angela_DER_AY470_eobs_4001__2019__southbound_01,Angela / DER AY470 (eobs 4001),38.948277,-5.7087097,38.947964,-5.708994,38.939663,-5.714859782633268,1.0532301890812357,0.04266649,0,0.11554974,0.6985751,1.0936571,38.948277,-5.708709716796875,0.042589045359058046
2019-11-15,Europa_DER_A1A26_eobs_4004__2019__southbound_01,Europa / DER A1A26 (eobs 4004),40.22012,-3.6011417,40.26558,-3.6291306,40.212566,-3.6090354416607853,6.13658847166609,5.5853415,0,0.11446032,0.6985751,1.0725449,40.22012,-3.6011416912078857,5.585294629398175
2019-11-15,Zozu_plus_DER_AL581_eobs2541__2019__southbound_01,Zozu + / DER AL581 (eobs2541),41.595604,0.6152768,41.595654,0.6163691,41.588806,0.6064781385280927,1.1208523451356356,0.0909918,0,0.09525669,0.6985751,1.050142,41.595604,0.6152768135070801,0.09100095030158209
2019-11-16,Angela_DER_AY470_eobs_4001__2019__southbound_01,Angela / DER AY470 (eobs 4001),38.947964,-5.708994,38.947926,-5.709066,38.937515,-5.716185990071481,1.3111683535783838,0.0075803446,0,0.13520917,0.6985751,1.3155706,38.947964,-5.708993911743164,0.0075341659558349205
2019-11-16,Zozu_plus_DER_AL581_eobs2541__2019__southbound_01,Zozu + / DER AL581 (eobs2541),41.595654,0.6163691,41.59564,0.6163453,41.58573,0.61073345586903,1.1963676001338426,0.002444287,0,0.10928762,0.6985751,1.1965691,41.595654,0.6163691282272339,0.002609516758500531
2019-11-17,Angela_DER_AY470_eobs_4001__2019__southbound_01,Angela / DER AY470 (eobs 4001),38.947926,-5.709066,38.975105,-5.690098,38.937172,-5.716542094151162,4.797921431581688,3.4387429,0,0.13456017,0.6985751,1.3568981,38.947926,-5.709065914154053,3.4385540749210226
2019-11-17,Zozu_plus_DER_AL581_eobs2541__2019__southbound_01,Zozu + / DER AL581 (eobs2541),41.59564,0.6163453,41.543106,0.61478657,41.587906,0.6091918449278328,5.003216093057505,5.8428946,0,0.08300728,0.6985751,1.0435966,41.59564,0.6163452863693237,5.842760863917975
2019-11-18,Angela_DER_AY470_eobs_4001__2019__southbound_01,Angela / DER AY470 (eobs 4001),38.975105,-5.690098,38.97549,-5.6930466,38.966892,-5.696529387266209,1.002380310857155,0.25847366,0,0.10808899,0.6985751,1.0672284,38.975105,-5.690097808837891,0.2584806656344567
2019-11-18,Zozu_plus_DER_AL581_eobs2541__2019__southbound_01,Zozu + / DER AL581 (eobs2541),41.543106,0.61478657,41.59566,0.61608356,41.53187,0.6069324101290638,7.133808376233718,5.844592,0,0.11402267,0.6985751,1.4075912,41.543106,0.6147865653038025,5.8448628142196535
2019-11-19,Angela_DER_AY470_eobs_4001__2019__southbound_01,Angela / DER AY470 (eobs 4001),38.97549,-5.6930466,38.972576,-5.6914873,38.963543,-5.702545948248226,1.386711282200681,0.35126427,0,0.16383733,0.6985751,1.5589366,38.97549,-5.693046569824219,0.35098495124189893
2019-11-19,Zozu_plus_DER_AL581_eobs2541__2019__southbound_01,Zozu + / DER AL581 (eobs2541),41.59566,0.61608356,41.577873,0.616224,41.588184,0.6084251992708734,1.317314605099752,1.9778725,0,0.09283366,0.6985751,1.0455556,41.59566,0.616083562374115,1.9779651573143084
2019-11-20,Angela_DER_AY470_eobs_4001__2019__southbound_01,Angela / DER AY470 (eobs 4001),38.972576,-5.6914873,38.97435,-5.69119,38.964725,-5.696172178089135,1.153626353237607,0.19890858,0,0.09443755,0.6985751,0.9605341,38.972576,-5.6914873123168945,0.19891176031295627
2019-11-20,Zozu_plus_DER_AL581_eobs2541__2019__southbound_01,Zozu + / DER AL581 (eobs2541),41.577873,0.616224,41.595757,0.61629295,41.56843,0.6095377829432296,3.0898825868490953,1.9886934,0,0.09417998,0.6985751,1.1861289,41.577873,0.6162239909172058,1.9885433366302088
2019-11-21,Angela_DER_AY470_eobs_4001__2019__southbound_01,Angela / DER AY470 (eobs 4001),38.97435,-5.69119,38.958992,-5.698703,38.96639,-5.69666822408653,0.8410780157345269,1.826903,0,0.104107276,0.6985751,1.0021248,38.97435,-5.691189765930176,1.8270884568091856
2019-11-21,Zozu_plus_DER_AL581_eobs2541__2019__southbound_01,Zozu + / DER AL581 (eobs2541),41.595757,0.61629295,41.610466,0.6169816,41.589542,0.611272470343818,2.3745409946628273,1.6364815,0,0.07142967,0.6985751,0.80600655,41.595757,0.6162929534912109,1.6366230141110747
2019-11-22,Angela_DER_AY470_eobs_4001__2019__southbound_01,Angela / DER AY470 (eobs 4001),38.958992,-5.698703,38.948315,-5.7087913,38.95125,-5.7043738804778785,0.502317249809194,1.4731357,0,0.10159617,0.6985751,0.98916507,38.958992,-5.698702812194824,1.4733020181182395
2019-11-22,Zozu_plus_DER_AL581_eobs2541__2019__southbound_01,Zozu + / DER AL581 (eobs2541),41.610466,0.6169816,41.595745,0.6163688,41.604027,0.6107287377169768,1.0334261926190094,1.637768,0,0.08167822,0.6985751,0.8831563,41.610466,0.6169816255569458,1.637686490888372
2019-11-23,Angela_DER_AY470_eobs_4001__2019__southbound_01,Angela / DER AY470 (eobs 4001),38.948315,-5.7087913,38.975197,-5.6890473,38.940437,-5.715123525355376,4.474665093734541,3.442102,0,0.11326022,0.6985751,1.0313092,38.948315,-5.708791255950928,3.442275539559677
2019-11-23,Zozu_plus_DER_AL581_eobs2541__2019__southbound_01,Zozu + / DER AL581 (eobs2541),41.595745,0.6163688,41.595833,0.6162583,41.58977,0.6107138581039215,0.8166349537973873,0.0133839855,0,0.071135715,0.6985751,0.8124283,41.595745,0.6163687705993652,0.013399053911479554
2019-11-24,Angela_DER_AY470_eobs_4001__2019__southbound_01,Angela / DER AY470 (eobs 4001),38.975197,-5.6890473,38.947124,-5.708028,38.965027,-5.696599242295373,2.222448132773535,3.526672,0,0.14351544,0.6985751,1.303597,38.975197,-5.689047336578369,3.526614495731064
2019-11-24,Zozu_plus_DER_AL581_eobs2541__2019__southbound_01,Zozu + / DER AL581 (eobs2541),41.595833,0.6162583,41.59581,0.6160743,41.59004,0.6107536048563037,0.7795266846635095,0.015461633,0,0.065372035,0.6985751,0.78895,41.595833,0.6162583231925964,0.015511043349200296
2019-11-25,Angela_DER_AY470_eobs_4001__2019__southbound_01,Angela / DER AY470 (eobs 4001),38.947124,-5.708028,38.946205,-5.7097826,38.937473,-5.7146135383009975,1.057016308720112,0.18294378,0,0.12856078,0.6985751,1.2128243,38.947124,-5.7080278396606445,0.18297199847701992
2019-11-25,Zozu_plus_DER_AL581_eobs2541__2019__southbound_01,Zozu + / DER AL581 (eobs2541),41.59581,0.6160743,41.60309,0.6166731,41.58982,0.6104772021302752,1.562663750983127,0.8105639,0,0.066134825,0.6985751,0.81107694,41.59581,0.6160743236541748,0.8108571186774738
2019-11-26,Angela_DER_AY470_eobs_4001__2019__southbound_01,Angela / DER AY470 (eobs 4001),38.946205,-5.7097826,38.945168,-5.7074404,38.937637,-5.71668217924448,1.1575720187023113,0.2330669,0,0.118988074,0.6985751,1.1220787,38.946205,-5.709782600402832,0.23311233293323397
2019-11-26,Zozu_plus_DER_AL581_eobs2541__2019__southbound_01,Zozu + / DER AL581 (eobs2541),41.60309,0.6166731,41.595833,0.6160955,41.596596,0.6111419577328139,0.420562342392353,0.80803776,0,0.07484019,0.6985751,0.8546197,41.60309,0.6166731119155884,0.8082104108948879
2019-11-27,Angela_DER_AY470_eobs_4001__2019__southbound_01,Angela / DER AY470 (eobs 4001),38.945168,-5.7074404,38.93997,-5.720473,38.93621,-5.713356147051505,0.7439329728138963,1.2668691,0,0.12338361,0.6985751,1.1178981,38.945168,-5.707440376281738,1.2667413927116755
2019-11-27,Zozu_plus_DER_AL581_eobs2541__2019__southbound_01,Zozu + / DER AL581 (eobs2541),41.595833,0.6160955,41.61036,0.6166902,41.589417,0.6123939414160471,2.3559662500394305,1.6158541,0,0.06711449,0.6985751,0.7756651,41.595833,0.6160954833030701,1.6160173473858768
2019-11-28,Angela_DER_AY470_eobs_4001__2019__southbound_01,Angela / DER AY470 (eobs 4001),38.93997,-5.720473,38.94498,-5.711996,38.93054,-5.727947119376811,2.117156677873151,0.92112017,0,0.1266325,0.6985751,1.2296818,38.93997,-5.720472812652588,0.9209281722584032
2019-11-28,Zozu_plus_DER_AL581_eobs2541__2019__southbound_01,Zozu + / DER AL581 (eobs2541),41.61036,0.6166902,41.610256,0.6167412,41.60405,0.6114621437529955,0.8178797680530214,0.012244043,0,0.07101512,0.6985751,0.82392085,41.61036,0.6166902184486389,0.012211325200985276
2019-11-29,Angela_DER_AY470_eobs_4001__2019__southbound_01,Angela / DER AY470 (eobs 4001),38.94498,-5.711996,38.94529,-5.7098374,38.934624,-5.717378189583983,1.3534879353892755,0.18983671,0,0.14099789,0.6985751,1.2399561,38.94498,-5.711996078491211,0.189818588434113
2019-11-29,Zozu_plus_DER_AL581_eobs2541__2019__southbound_01,Zozu + / DER AL581 (eobs2541),41.610256,0.6167412,41.592262,0.61618,41.602104,0.6127775119458626,1.130355737528333,2.001316,0,0.07995624,0.6985751,0.96280897,41.610256,0.6167411804199219,2.0013801871178116
2019-11-30,Angela_DER_AY470_eobs_4001__2019__southbound_01,Angela / DER AY470 (eobs 4001),38.94529,-5.7098374,38.946808,-5.7097335,38.935574,-5.714191668428443,1.3073483783762492,0.16875415,0,0.12834004,0.6985751,1.1420377,38.94529,-5.709837436676025,0.16906105630400178
2019-11-30,Zozu_plus_DER_AL581_eobs2541__2019__southbound_01,Zozu + / DER AL581 (eobs2541),41.592262,0.61618,41.610573,0.61691046,41.584614,0.6115215614801467,2.921090742510415,2.0372267,0,0.07638541,0.6985751,0.9327616,41.592262,0.6161800026893616,2.0369484492369616
2019-12-01,Angela_DER_AY470_eobs_4001__2019__southbound_01,Angela / DER AY470 (eobs 4001),38.946808,-5.7097335,38.976795,-5.691352,38.93797,-5.7161047449786375,4.818673300094228,3.6939094,0,0.12640767,0.6985751,1.124642,38.946808,-5.709733486175537,3.693831301748346
2019-12-01,Zozu_plus_DER_AL581_eobs2541__2019__southbound_01,Zozu + / DER AL581 (eobs2541),41.610573,0.61691046,41.61063,0.6168907,41.604954,0.6125098250969011,0.7287293619088699,0.006450524,0,0.0649937,0.6985751,0.7228081,41.610573,0.616910457611084,0.0065706532072689165
2019-12-02,Angela_DER_AY470_eobs_4001__2019__southbound_01,Angela / DER AY470 (eobs 4001),38.976795,-5.691352,38.976936,-5.691152,38.9682,-5.6975084553146065,1.1160155081171752,0.023334812,0,0.12612632,0.6985751,1.0919514,38.976795,-5.691351890563965,0.023336669969041827
2019-12-02,Zozu_plus_DER_AL581_eobs2541__2019__southbound_01,Zozu + / DER AL581 (eobs2541),41.61063,0.6168907,41.6106,0.6168825,41.604824,0.6121604002907485,0.7527019100561336,0.0033939069,0,0.065462686,0.6985751,0.75474924,41.61063,0.6168907284736633,0.003461623664053427
2019-12-03,Angela_DER_AY470_eobs_4001__2019__southbound_01,Angela / DER AY470 (eobs 4001),38.976936,-5.691152,38.94803,-5.7096868,38.968437,-5.695107568756895,2.5959614328728473,3.5917184,0,0.10447596,0.6985751,1.0031921,38.976936,-5.691152095794678,3.591719238511543
2019-12-03,Zozu_plus_DER_AL581_eobs2541__2019__southbound_01,Zozu + / DER AL581 (eobs2541),41.6106,0.6168825,41.60985,0.6168141,41.603718,0.6122943310711312,0.7787419184921061,0.08340692,0,0.07057581,0.6985751,0.8534009,41.6106,0.6168825030326843,0.0833328162344332
2019-12-04,Angela_DER_AY470_eobs_4001__2019__southbound_01,Angela / DER AY470 (eobs 4001),38.94803,-5.7096868,38.94684,-5.7096205,38.939823,-5.71288354982596,0.829536452438167,0.13247351,0,0.09080349,0.6985751,0.9515065,38.94803,-5.709686756134033,0.13246684460070807
2019-12-04,Zozu_plus_DER_AL581_eobs2541__2019__southbound_01,Zozu + / DER AL581 (eobs2541),41.60985,0.6168141,41.610054,0.6165117,41.60158,0.6128207849695718,0.9908152278408912,0.033783834,0,0.07764087,0.6985751,0.9760542,41.60985,0.6168140769004822,0.03372503687598726
2019-12-05,Angela_DER_AY470_eobs_4001__2019__southbound_01,Angela / DER AY470 (eobs 4001),38.94684,-5.7096205,38.946766,-5.709671,38.9398,-5.712131131138703,0.8032348735163122,0.008998623,0,0.074417464,0.6985751,0.8108345,38.94684,-5.709620475769043,0.00916838992563545
2019-12-05,Zozu_plus_DER_AL581_eobs2541__2019__southbound_01,Zozu + / DER AL581 (eobs2541),41.610054,0.6165117,41.61008,0.6168609,41.603573,0.612483565070776,0.8100100414242399,0.029195528,0,0.06335352,0.6985751,0.79334116,41.610054,0.6165117025375366,0.02918535888264016
2019-12-06,Angela_DER_AY470_eobs_4001__2019__southbound_01,Angela / DER AY470 (eobs 4001),38.946766,-5.709671,38.945885,-5.7098904,38.940105,-5.7120041818868375,0.668123060586894,0.09988166,0,0.065160014,0.6985751,0.76620984,38.946766,-5.7096710205078125,0.09980379531436308
2019-12-06,Zozu_plus_DER_AL581_eobs2541__2019__southbound_01,Zozu + / DER AL581 (eobs2541),41.61008,0.6168609,41.75176,0.0536483,41.60321,0.6137590059773799,49.363519213845386,49.354767,1,0.06469311,0.6985751,0.8049481,41.61008,0.6168609261512756,49.35488059817836
2019-12-07,Angela_DER_AY470_eobs_4001__2019__southbound_01,Angela / DER AY470 (eobs 4001),38.945885,-5.7098904,38.94683,-5.70973,38.939716,-5.711889201172778,0.8128253464418403,0.10618658,0,0.058642704,0.6985751,0.7062334,38.945885,-5.709890365600586,0.10610410221284497
2019-12-07,Zozu_plus_DER_AL581_eobs2541__2019__southbound_01,Zozu + / DER AL581 (eobs2541),41.75176,0.0536483,41.75479,0.0522777,41.635513,-0.01017562253474509,14.240749855781676,0.35621473,0,0.72993255,0.6985751,13.943823,41.635513,-0.01017562253474509,14.240749855781676
2019-12-08,Angela_DER_AY470_eobs_4001__2019__southbound_01,Angela / DER AY470 (eobs 4001),38.94683,-5.70973,38.946754,-5.7097063,38.94056,-5.711863490246944,0.7136768489553068,0.009002644,0,0.063645214,0.6985751,0.7200831,38.94683,-5.70973014831543,0.008730471990116832
2019-12-08,Zozu_plus_DER_AL581_eobs2541__2019__southbound_01,Zozu + / DER AL581 (eobs2541),41.75479,0.0522777,41.758812,0.0692217,41.73816,0.047355271115023446,2.92652973017481,1.4748272,0,0.20030598,0.6985751,1.8904458,41.75479,0.05227769911289215,1.4748840427896643
2019-12-09,Zozu_plus_DER_AL581_eobs2541__2019__southbound_01,Zozu + / DER AL581 (eobs2541),41.758812,0.0692217,41.610653,0.6147254,41.74348,0.07145185508220477,47.475803476648956,48.202354,1,0.18256807,0.6985751,1.7116579,41.758812,0.06922169774770737,48.202434797390815
2019-12-10,Zozu_plus_DER_AL581_eobs2541__2019__southbound_01,Zozu + / DER AL581 (eobs2541),41.610653,0.6147254,41.610607,0.6168713,41.59196,0.616889417453776,2.0733707263552206,0.17847928,0,0.22438703,0.6985751,2.0827317,41.610653,0.6147254109382629,0.17847681173370092
2019-12-11,Zozu_plus_DER_AL581_eobs2541__2019__southbound_01,Zozu + / DER AL581 (eobs2541),41.610607,0.6168713,41.538383,0.6169095,41.59442,0.6210832404235779,6.240806453160613,8.031143,0,0.2009476,0.6985751,1.830381,41.610607,0.6168712973594666,8.0309166676223
2019-12-12,Zozu_plus_DER_AL581_eobs2541__2019__southbound_01,Zozu + / DER AL581 (eobs2541),41.538383,0.6169095,41.538425,0.6166356,41.519337,0.6169916603330204,2.122781453535244,0.023288382,0,0.23339738,0.6985751,2.1143875,41.538383,0.6169095039367676,0.023268152416281326
2019-12-13,Zozu_plus_DER_AL581_eobs2541__2019__southbound_01,Zozu + / DER AL581 (eobs2541),41.538425,0.6166356,41.539825,0.61585623,41.526436,0.6092970300952171,1.5858052315087552,0.16845141,0,0.13258798,0.6985751,1.4639208,41.538425,0.6166356205940247,0.16864707232844775
2019-12-14,Zozu_plus_DER_AL581_eobs2541__2019__southbound_01,Zozu + / DER AL581 (eobs2541),41.539825,0.61585623,41.595787,0.6162532,41.528206,0.6129044459216433,7.519857657309074,6.2229757,0,0.11272251,0.6985751,1.3129706,41.539825,0.6158562302589417,6.222743224158205
2019-12-15,Zozu_plus_DER_AL581_eobs2541__2019__southbound_01,Zozu + / DER AL581 (eobs2541),41.595787,0.6162532,41.61031,0.61664575,41.582497,0.613866640109957,3.1012865657582456,1.6152493,0,0.13835746,0.6985751,1.4882772,41.595787,0.6162531971931458,1.6151662265188897
2019-12-16,Zozu_plus_DER_AL581_eobs2541__2019__southbound_01,Zozu + / DER AL581 (eobs2541),41.61031,0.61664575,41.538498,0.6163116,41.598324,0.6121495384983802,6.661350468481954,7.985445,0,0.1259508,0.6985751,1.3818514,41.61031,0.6166457533836365,7.985153454295278
2019-12-17,Zozu_plus_DER_AL581_eobs2541__2019__southbound_01,Zozu + / DER AL581 (eobs2541),41.538498,0.6163116,41.538784,0.616889,41.526554,0.6154878612235427,1.3648988399942115,0.05763608,0,0.12232624,0.6985751,1.3273568,41.538498,0.6163116097450256,0.057632468007196735
2019-12-18,Angela_DER_AY470_eobs_4001__2019__southbound_01,Angela / DER AY470 (eobs 4001),38.947456,-5.709415,38.940887,-5.7151856,38.939682,-5.7121252084049505,0.2966939586880542,0.8845663,0,0.07537095,0.6985751,0.8941823,38.947456,-5.709414958953857,0.8846440297140581
2019-12-18,Zozu_plus_DER_AL581_eobs2541__2019__southbound_01,Zozu + / DER AL581 (eobs2541),41.538784,0.616889,41.53911,0.6168439,41.52815,0.6176972784186562,1.2207249148574475,0.036349416,0,0.10896461,0.6985751,1.1823556,41.538784,0.6168889999389648,0.036249972885687945
2019-12-19,Zozu_plus_DER_AL581_eobs2541__2019__southbound_01,Zozu + / DER AL581 (eobs2541),41.53911,0.6168439,41.53874,0.6164724,41.52598,0.6147895338024104,1.4253433263220847,0.051563594,0,0.14020336,0.6985751,1.4670575,41.53911,0.6168438792228699,0.05146584816017445
2019-12-20,Zozu_plus_DER_AL581_eobs2541__2019__southbound_01,Zozu + / DER AL581 (eobs2541),41.53874,0.6164724,41.53919,0.6166908,41.529972,0.6135241277525767,1.0581620634389473,0.0532163,0,0.08924127,0.6985751,1.0032123,41.53874,0.6164724230766296,0.0532509914225159
2019-12-21,Zozu_plus_DER_AL581_eobs2541__2019__southbound_01,Zozu + / DER AL581 (eobs2541),41.53919,0.6166908,41.61003,0.6167039,41.529297,0.6133410533819953,8.98160976115453,7.8776712,0,0.11094809,0.6985751,1.1326745,41.53919,0.6166908144950867,7.877364558467274
2019-12-22,Zozu_plus_DER_AL581_eobs2541__2019__southbound_01,Zozu + / DER AL581 (eobs2541),41.61003,0.6167039,41.540108,0.6168483,41.599743,0.6143644045327974,6.634355388944466,7.775192,0,0.11620342,0.6985751,1.1583006,41.61003,0.6167039275169373,7.775147444464022
2019-12-23,Zozu_plus_DER_AL581_eobs2541__2019__southbound_01,Zozu + / DER AL581 (eobs2541),41.540108,0.6168483,41.539074,0.61686045,41.524506,0.6135045609629597,1.643835054981372,0.114996836,0,0.16044609,0.6985751,1.7538502,41.540108,0.6168482899665833,0.11495603377647987
2019-12-24,Zozu_plus_DER_AL581_eobs2541__2019__southbound_01,Zozu + / DER AL581 (eobs2541),41.539074,0.61686045,41.61055,0.6168714,41.52712,0.6157340161920876,9.277626395351458,7.9476185,0,0.112392925,0.6985751,1.330473,41.539074,0.6168604493141174,7.947777679677892
2019-12-25,Zozu_plus_DER_AL581_eobs2541__2019__southbound_01,Zozu + / DER AL581 (eobs2541),41.61055,0.6168714,41.538513,0.6168706,41.59674,0.6146673661071388,6.477209808501621,8.009782,0,0.1423286,0.6985751,1.5437834,41.61055,0.6168714165687561,8.01013143619098
2019-12-26,Zozu_plus_DER_AL581_eobs2541__2019__southbound_01,Zozu + / DER AL581 (eobs2541),41.538513,0.6168706,41.5512,0.6168584,41.519157,0.6207545651149281,3.577802286276896,1.4106545,0,0.24065597,0.6985751,2.1727443,41.538513,0.6168705821037292,1.410808303804626
2019-12-27,Zozu_plus_DER_AL581_eobs2541__2019__southbound_01,Zozu + / DER AL581 (eobs2541),41.5512,0.6168584,41.53884,0.6160912,41.537754,0.6168669130364044,0.13705076006839614,1.3758757,0,0.1423837,0.6985751,1.4927742,41.5512,0.6168584227561951,1.375811280078791
2019-12-28,Zozu_plus_DER_AL581_eobs2541__2019__southbound_01,Zozu + / DER AL581 (eobs2541),41.53884,0.6160912,41.53656,0.6169326,41.52433,0.6180236742976777,1.3629364636881773,0.26327547,0,0.14449921,0.6985751,1.6186514,41.53884,0.6160911917686462,0.26314632247786723
2020-06-10,Zozu_plus_DER_AL581_eobs2541__2020__southbound_01,Zozu + / DER AL581 (eobs2541),47.75059,8.933538,47.751205,8.933366,47.74705,8.932154390357635,0.4707230303359702,0.06947083,0,0.018048285,0.6985751,0.4062299,47.75059,8.933538436889648,0.06950091023296683
2020-06-11,Zozu_plus_DER_AL581_eobs2541__2020__southbound_01,Zozu + / DER AL581 (eobs2541),47.751205,8.933366,47.751236,8.933295,47.747528,8.931857148836517,0.4260875239199613,0.0062683425,0,0.0181222,0.6985751,0.42341122,47.751205,8.933365821838379,0.006273155664092152
2020-06-12,Zozu_plus_DER_AL581_eobs2541__2020__southbound_01,Zozu + / DER AL581 (eobs2541),47.751236,8.933295,47.751247,8.933278,47.74765,8.931744806906336,0.41610001157134024,0.0018512853,0,0.018584073,0.6985751,0.4145854,47.751236,8.933295249938965,0.0018073127420223636
2020-06-13,Zozu_plus_DER_AL581_eobs2541__2020__southbound_01,Zozu + / DER AL581 (eobs2541),47.751247,8.933278,47.75123,8.941495,47.747787,8.931392594784292,0.8466772720833838,0.6143028,0,0.018017244,0.6985751,0.4088378,47.751247,8.93327808380127,0.614313236697649
2020-06-14,Zozu_plus_DER_AL581_eobs2541__2020__southbound_01,Zozu + / DER AL581 (eobs2541),47.75123,8.941495,47.75026,8.937252,47.747597,8.94007873353082,0.36376384304114057,0.33492208,0,0.018256957,0.6985751,0.41684636,47.75123,8.941494941711426,0.335008657280135
2020-06-15,Zozu_plus_DER_AL581_eobs2541__2020__southbound_01,Zozu + / DER AL581 (eobs2541),47.75026,8.937252,47.748974,8.937636,47.746746,8.935472152175642,0.2958846370530743,0.14607286,0,0.017968591,0.6985751,0.41187763,47.75026,8.937252044677734,0.14580655237629053
2020-06-16,Zozu_plus_DER_AL581_eobs2541__2020__southbound_01,Zozu + / DER AL581 (eobs2541),47.748974,8.937636,47.749237,8.938238,47.7451,8.936488372055415,0.4784639710922679,0.053737566,0,0.019664768,0.6985751,0.43851575,47.748974,8.937636375427246,0.05367347122330347
2020-06-17,Zozu_plus_DER_AL581_eobs2541__2020__southbound_01,Zozu + / DER AL581 (eobs2541),47.749237,8.938238,47.750725,8.937151,47.745544,8.93668234783615,0.5770949485968843,0.18417794,0,0.019917656,0.6985751,0.42609787,47.749237,8.938238143920898,0.18431880123897787
2020-06-18,Zozu_plus_DER_AL581_eobs2541__2020__southbound_01,Zozu + / DER AL581 (eobs2541),47.750725,8.937151,47.751194,8.936371,47.747173,8.935272144467156,0.45456487365299525,0.07837694,0,0.01976378,0.6985751,0.4184557,47.750725,8.937150955200195,0.07825353090017718
2020-06-19,Zozu_plus_DER_AL581_eobs2541__2020__southbound_01,Zozu + / DER AL581 (eobs2541),47.751194,8.936371,47.750828,8.936872,47.747562,8.934378713337521,0.4081338765419958,0.05541326,0,0.020047156,0.6985751,0.42977652,47.751194,8.936370849609375,0.05531131054651515
2020-06-20,Zozu_plus_DER_AL581_eobs2541__2020__southbound_01,Zozu + / DER AL581 (eobs2541),47.750828,8.936872,47.751205,8.934104,47.747078,8.93538540833422,0.4688511846813861,0.21116826,0,0.01878407,0.6985751,0.4309245,47.750828,8.936871528625488,0.2111280836177144
2020-06-21,Zozu_plus_DER_AL581_eobs2541__2020__southbound_01,Zozu + / DER AL581 (eobs2541),47.751205,8.934104,47.75102,8.937568,47.74763,8.932168918730076,0.5520904560262185,0.25979358,0,0.020828161,0.6985751,0.4220433,47.751205,8.934103965759277,0.2597902690709042
2020-06-22,Zozu_plus_DER_AL581_eobs2541__2020__southbound_01,Zozu + / DER AL581 (eobs2541),47.75102,8.937568,47.74597,8.940218,47.747185,8.935865346430157,0.3522872201877194,0.5951295,0,0.0203108,0.6985751,0.44430873,47.75102,8.937567710876465,0.5951395012327187
2020-06-23,Zozu_plus_DER_AL581_eobs2541__2020__southbound_01,Zozu + / DER AL581 (eobs2541),47.74597,8.940218,47.74628,8.943734,47.74223,8.937999468499694,0.621926896741148,0.26509944,0,0.020082891,0.6985751,0.44713914,47.74597,8.940217971801758,0.26513970259434794
2020-06-24,Zozu_plus_DER_AL581_eobs2541__2020__southbound_01,Zozu + / DER AL581 (eobs2541),47.74628,8.943734,47.75129,8.933984,47.74273,8.941849888087281,1.1188916990261524,0.91730946,0,0.019337682,0.6985751,0.41836727,47.74628,8.943734169006348,0.9173955815933832
2020-06-25,Zozu_plus_DER_AL581_eobs2541__2020__southbound_01,Zozu + / DER AL581 (eobs2541),47.75129,8.933984,47.751263,8.943849,47.747734,8.931435196321754,1.0076150159973427,0.73751837,0,0.021189261,0.6985751,0.4379227,47.75129,8.93398380279541,0.7375191607301855
2020-06-26,Zozu_plus_DER_AL581_eobs2541__2020__southbound_01,Zozu + / DER AL581 (eobs2541),47.751263,8.943849,47.742435,8.939635,47.747616,8.941954493239857,0.6015664075843024,1.0309653,0,0.01983837,0.6985751,0.4287514,47.751263,8.943848609924316,1.0308566680040323
2020-06-27,Angela_DER_AY470_eobs_4001__2020__southbound_01,Angela / DER AY470 (eobs 4001),48.134808,7.761975,48.135956,7.754962,48.130684,7.759216933994367,0.6658469259765706,0.5358752,0,0.04094359,0.6985751,0.5011466,48.134808,7.761974811553955,0.5358462608676214
2020-06-27,Zozu_plus_DER_AL581_eobs2541__2020__southbound_01,Zozu + / DER AL581 (eobs2541),47.742435,8.939635,47.751183,8.936737,47.738773,8.937198703674236,1.3802747951054668,0.99645835,0,0.02017244,0.6985751,0.44524652,47.742435,8.939635276794434,0.9964812211877323
2020-06-28,Angela_DER_AY470_eobs_4001__2020__southbound_01,Angela / DER AY470 (eobs 4001),48.135956,7.754962,48.106216,7.7566175,48.131573,7.751951579979216,2.8406902980977953,3.3094354,0,0.04548738,0.6985751,0.53538203,48.135956,7.754961967468262,3.3091554495216733
2020-06-28,Zozu_plus_DER_AL581_eobs2541__2020__southbound_01,Zozu + / DER AL581 (eobs2541),47.751183,8.936737,47.74037,8.936371,47.747425,8.93391915269839,0.8054400319131232,1.2022967,0,0.023306936,0.6985751,0.46701753,47.751183,8.936737060546875,1.2024253675273304
2020-06-29,Angela_DER_AY470_eobs_4001__2020__southbound_01,Angela / DER AY470 (eobs 4001),48.106216,7.7566175,48.151463,7.7490926,48.101944,7.753677792378111,5.516729988110311,5.062147,0,0.041608717,0.6985751,0.52192247,48.106216,7.756617546081543,5.06204931725158
2020-06-29,Zozu_plus_DER_AL581_eobs2541__2020__southbound_01,Zozu + / DER AL581 (eobs2541),47.74037,8.936371,47.747074,8.936814,47.73672,8.933735608077216,1.1740048943267316,0.745943,0,0.020626064,0.6985751,0.45062247,47.74037,8.936370849609375,0.7460137536795143
2020-06-30,Angela_DER_AY470_eobs_4001__2020__southbound_01,Angela / DER AY470 (eobs 4001),48.151463,7.7490926,48.1503,7.7490897,48.146835,7.745764263214668,0.4573940771696476,0.12930891,0,0.046542894,0.6985751,0.5695611,48.151463,7.7490925788879395,0.12937372250365214
2020-06-30,Zozu_plus_DER_AL581_eobs2541__2020__southbound_01,Zozu + / DER AL581 (eobs2541),47.747074,8.936814,47.74258,8.938621,47.74339,8.93397557838401,0.35877660392372335,0.5176338,0,0.021860432,0.6985751,0.4606111,47.747074,8.936814308166504,0.5176090657174228
2020-07-01,Angela_DER_AY470_eobs_4001__2020__southbound_01,Angela / DER AY470 (eobs 4001),48.1503,7.7490897,48.13606,7.766708,48.146217,7.746141534565288,1.8986087672081693,2.0534534,0,0.040878672,0.6985751,0.5029237,48.1503,7.74908971786499,2.0533225033931104
2020-07-01,Mirabell_plus_DER_AN910_eobs_3907__2020__southbound_01,Mirabell + / DER AN910 (eobs 3907),47.80445,8.886295,47.804344,8.886346,47.801075,8.884184067389194,0.39776269800695363,0.012518813,0,0.019413125,0.6985751,0.4065665,47.80445,8.886295318603516,0.01246240446363857
2020-07-01,Zozu_plus_DER_AL581_eobs2541__2020__southbound_01,Zozu + / DER AL581 (eobs2541),47.74258,8.938621,47.74695,8.935849,47.73891,8.935822559866637,0.8937401410621901,0.5282758,0,0.021293616,0.6985751,0.45767623,47.74258,8.938620567321777,0.5280398646675563
2020-07-02,Angela_DER_AY470_eobs_4001__2020__southbound_01,Angela / DER AY470 (eobs 4001),48.13606,7.766708,48.13837,7.7521005,48.131756,7.7635011096078275,1.121052221578562,1.1139876,0,0.044771034,0.6985751,0.5335335,48.13606,7.766707897186279,1.1140194649486792
2020-07-02,Mirabell_plus_DER_AN910_eobs_3907__2020__southbound_01,Mirabell + / DER AN910 (eobs 3907),47.804344,8.886346,47.80394,8.8860445,47.800816,8.88405551272663,0.3778295379996437,0.050391458,0,0.018311474,0.6985751,0.42743662,47.804344,8.886345863342285,0.05028143543214544
2020-07-02,Zozu_plus_DER_AL581_eobs2541__2020__southbound_01,Zozu + / DER AL581 (eobs2541),47.74695,8.935849,47.75132,8.933318,47.74328,8.932809253996469,0.8949712387606189,0.52167386,0,0.023966653,0.6985751,0.46632874,47.74695,8.9358491897583,0.5216396476540286
2020-07-03,Angela_DER_AY470_eobs_4001__2020__southbound_01,Angela / DER AY470 (eobs 4001),48.13837,7.7521005,48.150066,7.749769,48.133904,7.748540810578724,1.7995416238531803,1.31202,0,0.046664964,0.6985751,0.56142056,48.13837,7.752100467681885,1.3119743405837323
2020-07-03,Mirabell_plus_DER_AN910_eobs_3907__2020__southbound_01,Mirabell + / DER AN910 (eobs 3907),47.80394,8.8860445,47.80392,8.886335,47.8004,8.883443437818682,0.4471435004967875,0.021842774,0,0.018795889,0.6985751,0.43822202,47.80394,8.8860445022583,0.021827358415971974
2020-07-03,Zozu_plus_DER_AL581_eobs2541__2020__southbound_01,Zozu + / DER AL581 (eobs2541),47.75132,8.933318,47.748158,8.936284,47.747616,8.930145323939987,0.4629101831466042,0.41575778,0,0.024006957,0.6985751,0.47445154,47.75132,8.933318138122559,0.41571958234920053
2020-07-04,Angela_DER_AY470_eobs_4001__2020__southbound_01,Angela / DER AY470 (eobs 4001),48.150066,7.749769,48.152233,7.759263,48.145374,7.746227503071909,1.2316394835557376,0.7444682,0,0.048830796,0.6985751,0.5832938,48.150066,7.74976921081543,0.744376560823576
2020-07-04,Mirabell_plus_DER_AN910_eobs_3907__2020__southbound_01,Mirabell + / DER AN910 (eobs 3907),47.80392,8.886335,47.804012,8.886301,47.800083,8.884462056430243,0.4579824485961437,0.010571883,0,0.020040445,0.6985751,0.44826484,47.80392,8.886335372924805,0.010498172323154224
2020-07-04,Zozu_plus_DER_AL581_eobs2541__2020__southbound_01,Zozu + / DER AL581 (eobs2541),47.748158,8.936284,47.746815,8.936531,47.744247,8.933763336128658,0.35258907458518884,0.15051761,0,0.021131903,0.6985751,0.47322398,47.748158,8.936284065246582,0.15044757268411044
2020-07-05,Angela_DER_AY470_eobs_4001__2020__southbound_01,Angela / DER AY470 (eobs 4001),48.152233,7.759263,48.145184,7.771317,48.148018,7.756273130307127,1.1597831674466603,1.1894122,0,0.041881148,0.6985751,0.5177002,48.152233,7.759263038635254,1.1891975649627957
2020-07-05,Mirabell_plus_DER_AN910_eobs_3907__2020__southbound_01,Mirabell + / DER AN910 (eobs 3907),47.804012,8.886301,47.803905,8.886431,47.80036,8.883654050241576,0.44530034405949964,0.015473266,0,0.022254357,0.6985751,0.45063758,47.804012,8.886301040649414,0.015326289142925465
2020-07-05,Zozu_plus_DER_AL581_eobs2541__2020__southbound_01,Zozu + / DER AL581 (eobs2541),47.746815,8.936531,47.74705,8.936649,47.743004,8.93383039266343,0.49696181568849557,0.027724216,0,0.02243718,0.6985751,0.4687062,47.746815,8.936531066894531,0.027745418684573003
2020-07-06,Angela_DER_AY470_eobs_4001__2020__southbound_01,Angela / DER AY470 (eobs 4001),48.145184,7.771317,48.125355,7.767948,48.141125,7.768182413384049,1.7536279777832344,2.2187943,0,0.04072917,0.6985751,0.50670785,48.145184,7.771317005157471,2.2189923702023573
2020-07-06,Mirabell_plus_DER_AN910_eobs_3907__2020__southbound_01,Mirabell + / DER AN910 (eobs 3907),47.803905,8.886431,47.803917,8.886257,47.800243,8.883790448737834,0.4481072573658627,0.0130312415,0,0.021264052,0.6985751,0.45149013,47.803905,8.886430740356445,0.013025532178843831
2020-07-06,Zozu_plus_DER_AL581_eobs2541__2020__southbound_01,Zozu + / DER AL581 (eobs2541),47.74705,8.936649,47.741043,8.935946,47.743202,8.933264205877066,0.3128368804363544,0.670248,0,0.026739215,0.6985751,0.49648863,47.74705,8.936649322509766,0.6701404345979612
2020-07-07,Angela_DER_AY470_eobs_4001__2020__southbound_01,Angela / DER AY470 (eobs 4001),48.125355,7.767948,48.127445,7.7584863,48.12001,7.764173037670325,0.9282421934804312,0.7397343,0,0.051679056,0.6985751,0.65575755,48.125355,7.767948150634766,0.7397451615864552
2020-07-07,Mirabell_plus_DER_AN910_eobs_3907__2020__southbound_01,Mirabell + / DER AN910 (eobs 3907),47.803917,8.886257,47.8049,8.885378,47.800335,8.883867041434423,0.5201263269157451,0.12776059,0,0.019576084,0.6985751,0.435881,47.803917,8.88625717163086,0.12762875030286752
2020-07-07,Zozu_plus_DER_AL581_eobs2541__2020__southbound_01,Zozu + / DER AL581 (eobs2541),47.741043,8.935946,47.74719,8.936978,47.73711,8.933082075977316,1.1579233961333357,0.6877399,0,0.021403233,0.6985751,0.486265,47.741043,8.935946464538574,0.6876888208167016
2020-07-08,Angela_DER_AY470_eobs_4001__2020__southbound_01,Angela / DER AY470 (eobs 4001),48.127445,7.7584863,48.135017,7.7530894,48.122387,7.754391228534286,1.4077647280056587,0.93256223,0,0.04988234,0.6985751,0.6382623,48.127445,7.758486270904541,0.9323971348045486
2020-07-08,Mirabell_plus_DER_AN910_eobs_3907__2020__southbound_01,Mirabell + / DER AN910 (eobs 3907),47.8049,8.885378,47.804398,8.885767,47.80131,8.882485550719972,0.4216909870174441,0.06308425,0,0.021746082,0.6985751,0.45319885,47.8049,8.885377883911133,0.06308324101417707
2020-07-08,Zozu_plus_DER_AL581_eobs2541__2020__southbound_01,Zozu + / DER AL581 (eobs2541),47.74719,8.936978,47.74344,8.935827,47.74343,8.933739240549386,0.15613007886450306,0.42578512,0,0.02345731,0.6985751,0.48200747,47.74719,8.936978340148926,0.42575468097935276
2020-07-09,Angela_DER_AY470_eobs_4001__2020__southbound_01,Angela / DER AY470 (eobs 4001),48.135017,7.7530894,48.135403,7.7538147,48.13044,7.749379239474963,0.6425655812082217,0.06860588,0,0.046825163,0.6985751,0.5777964,48.135017,7.753089427947998,0.0687906605644451
2020-07-09,Mirabell_plus_DER_AN910_eobs_3907__2020__southbound_01,Mirabell + / DER AN910 (eobs 3907),47.804398,8.885767,47.806282,8.885461,47.80084,8.883110840780919,0.630231622572509,0.21063855,0,0.019522822,0.6985751,0.44199526,47.804398,8.885766983032227,0.21078632881563766
2020-07-09,Zozu_plus_DER_AL581_eobs2541__2020__southbound_01,Zozu + / DER AL581 (eobs2541),47.74344,8.935827,47.739254,8.936755,47.739655,8.932415512286363,0.32755826090899287,0.47050673,0,0.022808312,0.6985751,0.49113265,47.74344,8.935827255249023,0.47046550345120286
2020-07-10,Angela_DER_AY470_eobs_4001__2020__southbound_01,Angela / DER AY470 (eobs 4001),48.135403,7.7538147,48.124622,7.7564955,48.130497,7.749991559094738,0.8122366736645198,1.2151045,0,0.052045424,0.6985751,0.6139649,48.135403,7.753814697265625,1.2151189729008727
2020-07-10,Mirabell_plus_DER_AN910_eobs_3907__2020__southbound_01,Mirabell + / DER AN910 (eobs 3907),47.806282,8.885461,47.80478,8.88635,47.80266,8.882523341834725,0.3702559694064404,0.18003127,0,0.022600938,0.6985751,0.4576534,47.806282,8.88546085357666,0.1798256519415562
2020-07-10,Zozu_plus_DER_AL581_eobs2541__2020__southbound_01,Zozu + / DER AL581 (eobs2541),47.739254,8.936755,47.740242,8.939022,47.735386,8.93325549054926,0.6910389952773281,0.20218152,0,0.023806205,0.6985751,0.50270677,47.739254,8.936755180358887,0.2020016852893875
2020-07-11,Angela_DER_AY470_eobs_4001__2020__southbound_01,Angela / DER AY470 (eobs 4001),48.124622,7.7564955,48.13116,7.7574086,48.119843,7.7527820505776885,1.3045369219718617,0.7302498,0,0.047886625,0.6985751,0.597657,48.124622,7.756495475769043,0.7301889208038934
2020-07-11,Mirabell_plus_DER_AN910_eobs_3907__2020__southbound_01,Mirabell + / DER AN910 (eobs 3907),47.80478,8.88635,47.804543,8.886354,47.801235,8.883385774466568,0.42942870907608155,0.026150577,0,0.021736091,0.6985751,0.45113784,47.80478,8.88634967803955,0.02630129639390394
2020-07-11,Zozu_plus_DER_AL581_eobs2541__2020__southbound_01,Zozu + / DER AL581 (eobs2541),47.740242,8.939022,47.738937,8.940221,47.736298,8.935510641247635,0.45850817801865534,0.17085266,0,0.024629341,0.6985751,0.51038694,47.740242,8.939022064208984,0.1705301116186532
2020-07-12,Angela_DER_AY470_eobs_4001__2020__southbound_01,Angela / DER AY470 (eobs 4001),48.13116,7.7574086,48.148365,7.749654,48.12591,7.753373745812453,2.511910953274399,1.9977745,0,0.053563964,0.6985751,0.6548694,48.13116,7.757408618927002,1.9976994701357953
2020-07-12,Mirabell_plus_DER_AN910_eobs_3907__2020__southbound_01,Mirabell + / DER AN910 (eobs 3907),47.804543,8.886354,47.804626,8.885832,47.800896,8.883237944204584,0.4578510481004638,0.0401275,0,0.0201676,0.6985751,0.46659437,47.804543,8.886354446411133,0.040131668750192626
2020-07-12,Zozu_plus_DER_AL581_eobs2541__2020__southbound_01,Zozu + / DER AL581 (eobs2541),47.738937,8.940221,47.743538,8.941041,47.735046,8.936896424454048,0.9937790662258537,0.51562476,0,0.021670396,0.6985751,0.49794692,47.738937,8.940220832824707,0.5152188615977948
2020-07-13,Angela_DER_AY470_eobs_4001__2020__southbound_01,Angela / DER AY470 (eobs 4001),48.148365,7.749654,48.134262,7.7534823,48.141705,7.744503397021881,1.0624484005705026,1.5935731,0,0.06870595,0.6985751,0.83193326,48.148365,7.7496538162231445,1.5936997363339216
2020-07-13,Mirabell_plus_DER_AN910_eobs_3907__2020__southbound_01,Mirabell + / DER AN910 (eobs 3907),47.804626,8.885832,47.804237,8.880102,47.801018,8.882896863974507,0.4144103328876852,0.43014413,0,0.022007722,0.6985751,0.45653298,47.804626,8.885831832885742,0.43010620849465026
2020-07-13,Zozu_plus_DER_AL581_eobs2541__2020__southbound_01,Zozu + / DER AL581 (eobs2541),47.743538,8.941041,47.75148,8.943654,47.739635,8.937473783012207,1.3957785914656926,0.90415376,0,0.024344768,0.6985751,0.5082954,47.743538,8.941040992736816,0.9044861654956408
2020-07-14,Angela_DER_AY470_eobs_4001__2020__southbound_01,Angela / DER AY470 (eobs 4001),48.134262,7.7534823,48.10913,7.7538886,48.129925,7.750672912514201,2.324470161025993,2.794612,0,0.03998613,0.6985751,0.52441895,48.134262,7.753482341766357,2.7946313564487957
2020-07-14,Mirabell_plus_DER_AN910_eobs_3907__2020__southbound_01,Mirabell + / DER AN910 (eobs 3907),47.804237,8.880102,47.804256,8.879999,47.80095,8.877821165922384,0.4021309895765089,0.008005003,0,0.020777421,0.6985751,0.40286008,47.804237,8.880102157592773,0.00797943196490497
2020-07-14,Zozu_plus_DER_AL581_eobs2541__2020__southbound_01,Zozu + / DER AL581 (eobs2541),47.75148,8.943654,47.752575,9.04522,47.74779,8.940577680083116,7.841527470996396,7.594195,0,0.023859156,0.6985751,0.46950015,47.75148,8.94365406036377,7.594171326581433
2020-07-15,Angela_DER_AY470_eobs_4001__2020__southbound_01,Angela / DER AY470 (eobs 4001),48.10913,7.7538886,48.1089,7.751875,48.104824,7.750862804571807,0.45921034417658074,0.15174876,0,0.039400555,0.6985751,0.5281434,48.10913,7.7538886070251465,0.15173176000656852
2020-07-15,Mirabell_plus_DER_AN910_eobs_3907__2020__southbound_01,Mirabell + / DER AN910 (eobs 3907),47.804256,8.879999,47.804367,8.884844,47.800747,8.876978876166286,0.7121116293461833,0.36203712,0,0.021700487,0.6985751,0.4499522,47.804256,8.879999160766602,0.362036884985538
2020-07-15,Sierit_DER_AN858_eobs2561__2020__southbound_01,Sierit  / DER AN858 (eobs2561),47.80157,8.874634,47.802616,8.880487,47.79814,8.872159020205167,0.7965709174118482,0.452478,0,0.020043919,0.6985751,0.4231812,47.80157,8.8746337890625,0.452388115344593
2020-07-15,Zozu_plus_DER_AL581_eobs2541__2020__southbound_01,Zozu + / DER AL581 (eobs2541),47.752575,9.04522,47.75159,9.055156,47.748592,9.041954110580726,1.0417938918683858,0.7507458,0,0.024334276,0.6985751,0.5049603,47.752575,9.045220375061035,0.7507964664962645
2020-07-16,Angela_DER_AY470_eobs_4001__2020__southbound_01,Angela / DER AY470 (eobs 4001),48.1089,7.751875,48.135433,7.753382,48.104694,7.748918116317007,3.434032288448404,2.9524593,0,0.03691857,0.6985751,0.51537544,48.1089,7.751874923706055,2.952685712024783
2020-07-16,Mirabell_plus_DER_AN910_eobs_3907__2020__southbound_01,Mirabell + / DER AN910 (eobs 3907),47.804367,8.884844,47.804443,8.885641,47.80067,8.882847865606681,0.46852047943707986,0.060173836,0,0.017270336,0.6985751,0.43631485,47.804367,8.884843826293945,0.060146088821383
2020-07-16,Sierit_DER_AN858_eobs2561__2020__southbound_01,Sierit  / DER AN858 (eobs2561),47.802616,8.880487,47.80279,8.880519,47.799007,8.878626048772174,0.44389838236279805,0.019660225,0,0.01748245,0.6985751,0.42409918,47.802616,8.880487442016602,0.019653144873286045
2020-07-16,Zozu_plus_DER_AL581_eobs2541__2020__southbound_01,Zozu + / DER AL581 (eobs2541),47.75159,9.055156,47.751534,8.943804,47.74772,9.052244156420509,8.118569080985655,8.324844,0,0.020585205,0.6985751,0.48141474,47.75159,9.055155754089355,8.32485703904027
2020-07-17,Angela_DER_AY470_eobs_4001__2020__southbound_01,Angela / DER AY470 (eobs 4001),48.135433,7.753382,48.13143,7.7584915,48.13132,7.75056045711191,0.5887269969345349,0.5846671,0,0.034803573,0.6985751,0.5021442,48.135433,7.753382205963135,0.5846013052343227
2020-07-17,Mirabell_plus_DER_AN910_eobs_3907__2020__southbound_01,Mirabell + / DER AN910 (eobs 3907),47.804443,8.885641,47.80455,8.885661,47.800724,8.883374609800617,0.45844351198940886,0.012033161,0,0.017335573,0.6985751,0.44625762,47.804443,8.885641098022461,0.011970729676374407
2020-07-17,Sierit_DER_AN858_eobs2561__2020__southbound_01,Sierit  / DER AN858 (eobs2561),47.80279,8.880519,47.803932,8.879867,47.79929,8.878367486536764,0.528225066505115,0.1357796,0,0.017565144,0.6985751,0.4205465,47.80279,8.880518913269043,0.13586409122759716
2020-07-17,Zozu_plus_DER_AL581_eobs2541__2020__southbound_01,Zozu + / DER AL581 (eobs2541),47.751534,8.943804,47.7389,8.939626,47.747887,8.94078835896476,1.0031316099410128,1.438985,0,0.020479107,0.6985751,0.46326035,47.751534,8.943803787231445,1.4391835727689315
2020-07-18,Angela_DER_AY470_eobs_4001__2020__southbound_01,Angela / DER AY470 (eobs 4001),48.13143,7.7584915,48.09271,7.763441,48.127407,7.755649506427562,3.901427130784815,4.321206,0,0.033672936,0.6985751,0.49372238,48.13143,7.758491516113281,4.32145798753091
2020-07-18,Mirabell_plus_DER_AN910_eobs_3907__2020__southbound_01,Mirabell + / DER AN910 (eobs 3907),47.80455,8.885661,47.80428,8.879807,47.800953,8.882953387213902,0.43820041332002774,0.43823096,0,0.018211173,0.6985751,0.44736794,47.80455,8.885661125183105,0.4382201314147788
2020-07-18,Sierit_DER_AN858_eobs2561__2020__southbound_01,Sierit  / DER AN858 (eobs2561),47.803932,8.879867,47.802753,8.875032,47.800453,8.87753292700154,0.3167053634648886,0.38414955,0,0.018048933,0.6985751,0.42368105,47.803932,8.879866600036621,0.3841058486129028
2020-07-18,Zozu_plus_DER_AL581_eobs2541__2020__southbound_01,Zozu + / DER AL581 (eobs2541),47.7389,8.939626,47.757473,8.946831,47.735123,8.936405631578806,2.6046163786848315,2.134112,0,0.019665936,0.6985751,0.4830467,47.7389,8.93962574005127,2.134408414223623
2020-07-19,Angela_DER_AY470_eobs_4001__2020__southbound_01,Angela / DER AY470 (eobs 4001),48.09271,7.763441,48.07767,7.792877,48.088264,7.760668500156972,2.666846149525039,2.752734,0,0.037449706,0.6985751,0.5343864,48.09271,7.76344108581543,2.7526175340121757
2020-07-19,Mirabell_plus_DER_AN910_eobs_3907__2020__southbound_01,Mirabell + / DER AN910 (eobs 3907),47.80428,8.879807,47.804134,8.879616,47.80072,8.87709041512103,0.4239108144162087,0.021599011,0,0.01838745,0.6985751,0.4438201,47.80428,8.879807472229004,0.021558575766736466
2020-07-19,Sierit_DER_AN858_eobs2561__2020__southbound_01,Sierit  / DER AN858 (eobs2561),47.802753,8.875032,47.804123,8.879816,47.799213,8.872578247136879,0.7682829669499303,0.38840193,0,0.019399803,0.6985751,0.43346193,47.802753,8.875032424926758,0.3883743147595525
2020-07-19,Zozu_plus_DER_AL581_eobs2541__2020__southbound_01,Zozu + / DER AL581 (eobs2541),47.757473,8.946831,47.740345,8.950154,47.75375,8.943427994539023,1.5731084327606908,1.9205843,0,0.02195724,0.6985751,0.4851108,47.757473,8.946830749511719,1.9206899967216544
2020-07-20,Angela_DER_AY470_eobs_4001__2020__southbound_01,Angela / DER AY470 (eobs 4001),48.07767,7.792877,48.078724,7.7944937,48.073566,7.790271623490865,0.6536640397462049,0.16788699,0,0.03311527,0.6985751,0.49505237,48.07767,7.792877197265625,0.16771279843759385
2020-07-20,Mirabell_plus_DER_AN910_eobs_3907__2020__southbound_01,Mirabell + / DER AN910 (eobs 3907),47.804134,8.879616,47.805416,8.881017,47.800533,8.87706028298759,0.6181489870800809,0.17692089,0,0.017217722,0.6985751,0.44279775,47.804134,8.879615783691406,0.1768056511458822
2020-07-20,Sierit_DER_AN858_eobs2561__2020__southbound_01,Sierit  / DER AN858 (eobs2561),47.804123,8.879816,47.806107,8.884257,47.80067,8.877799725265678,0.7732867887068191,0.39822945,0,0.019039458,0.6985751,0.41150865,47.804123,8.879816055297852,0.39833741734777867
2020-07-20,Zozu_plus_DER_AL581_eobs2541__2020__southbound_01,Zozu + / DER AL581 (eobs2541),47.740345,8.950154,47.752678,9.046464,47.736565,8.947184459449723,7.636455488692582,7.330401,0,0.019730508,0.6985751,0.47441712,47.740345,8.950154304504395,7.330384826061249
2020-07-21,Angela_DER_AY470_eobs_4001__2020__southbound_01,Angela / DER AY470 (eobs 4001),48.078724,7.7944937,48.079353,7.790823,48.074036,7.790808566981825,0.591301712440957,0.28147385,0,0.04411747,0.6985751,0.5879207,48.078724,7.794493675231934,0.2815339408921179
2020-07-21,Mirabell_plus_DER_AN910_eobs_3907__2020__southbound_01,Mirabell + / DER AN910 (eobs 3907),47.805416,8.881017,47.80405,8.880236,47.801712,8.877921174282918,0.31223787352782634,0.16249017,0,0.021647338,0.6985751,0.4716235,47.805416,8.881016731262207,0.16267361006423164
2020-07-21,Sierit_DER_AN858_eobs2561__2020__southbound_01,Sierit  / DER AN858 (eobs2561),47.806107,8.884257,47.802734,8.880403,47.802464,8.881593049953421,0.09387720206410069,0.47281316,0,0.021423426,0.6985751,0.4506593,47.806107,8.884257316589355,0.47274386537251795
2020-07-21,Zozu_plus_DER_AL581_eobs2541__2020__southbound_01,Zozu + / DER AL581 (eobs2541),47.752678,9.046464,47.75068,8.937178,47.748672,9.042964162576258,7.912204757861108,8.173459,0,0.024022225,0.6985751,0.51567334,47.752678,9.046463966369629,8.173427096554795
2020-07-22,Angela_DER_AY470_eobs_4001__2020__southbound_01,Angela / DER AY470 (eobs 4001),48.079353,7.790823,48.078793,7.795102,48.074654,7.787075748229856,0.7532546668617085,0.32390055,0,0.043172143,0.6985751,0.5910665,48.079353,7.790822982788086,0.3239541921661679
2020-07-22,Mirabell_plus_DER_AN910_eobs_3907__2020__southbound_01,Mirabell + / DER AN910 (eobs 3907),47.80405,8.880236,47.80451,8.880582,47.800335,8.877226162442577,0.5274058546191441,0.056860093,0,0.019130662,0.6985751,0.46933037,47.80405,8.88023567199707,0.05709117008512231
2020-07-22,Sierit_DER_AN858_eobs2561__2020__southbound_01,Sierit  / DER AN858 (eobs2561),47.802734,8.880403,47.802437,8.87918,47.79905,8.87774760743747,0.39156628160128704,0.097034946,0,0.020774286,0.6985751,0.45427743,47.802734,8.880402565002441,0.09712383267280071
2020-07-22,Zozu_plus_DER_AL581_eobs2541__2020__southbound_01,Zozu + / DER AL581 (eobs2541),47.75068,8.937178,47.75146,8.943488,47.74683,8.93391353197879,0.8818202492007884,0.47975573,0,0.021757059,0.6985751,0.49164492,47.75068,8.937177658081055,0.47973162503945416
2020-07-23,Angela_DER_AY470_eobs_4001__2020__southbound_01,Angela / DER AY470 (eobs 4001),48.078793,7.795102,48.130234,7.757916,48.07417,7.791485386864224,6.7140073670938225,6.3514075,0,0.043930054,0.6985751,0.5789919,48.078793,7.795102119445801,6.351586461000381
2020-07-23,Mirabell_plus_DER_AN910_eobs_3907__2020__southbound_01,Mirabell + / DER AN910 (eobs 3907),47.80451,8.880582,47.804596,8.880081,47.80069,8.877360323893095,0.47954306848480366,0.038643647,0,0.022364493,0.6985751,0.48705807,47.80451,8.880581855773926,0.03864518835489301
2020-07-23,Sierit_DER_AN858_eobs2561__2020__southbound_01,Sierit  / DER AN858 (eobs2561),47.802437,8.87918,47.80405,8.879537,47.798637,8.876212306683827,0.6511064879544814,0.18138207,0,0.02248317,0.6985751,0.4763692,47.802437,8.879179954528809,0.18139300969485514
2020-07-23,Zozu_plus_DER_AL581_eobs2541__2020__southbound_01,Zozu + / DER AL581 (eobs2541),47.75146,8.943488,47.738705,8.933483,47.747208,8.93976775390843,1.0558303042691473,1.6035222,0,0.024735592,0.6985751,0.5478041,47.75146,8.943488121032715,1.6036237516574503
2020-07-24,Angela_DER_AY470_eobs_4001__2020__southbound_01,Angela / DER AY470 (eobs 4001),48.130234,7.757916,48.134933,7.7552156,48.12485,7.753314785380081,1.1299373874055354,0.559683,0,0.05814273,0.6985751,0.6879568,48.130234,7.75791597366333,0.5596908930085972
2020-07-24,Mirabell_plus_DER_AN910_eobs_3907__2020__southbound_01,Mirabell + / DER AN910 (eobs 3907),47.804596,8.880081,47.805126,8.884488,47.80036,8.876009924311912,0.8256206534779228,0.33440727,0,0.027921204,0.6985751,0.55938995,47.804596,8.880081176757812,0.3343710112886586
2020-07-24,Sierit_DER_AN858_eobs2561__2020__southbound_01,Sierit  / DER AN858 (eobs2561),47.80405,8.879537,47.80343,8.8801155,47.8001,8.876238856566133,0.47006639185230714,0.08153231,0,0.026607787,0.6985751,0.5028012,47.80405,8.879536628723145,0.08154543675404535
2020-07-24,Zozu_plus_DER_AL581_eobs2541__2020__southbound_01,Zozu + / DER AL581 (eobs2541),47.738705,8.933483,47.742996,8.9434595,47.73413,8.92914292815602,1.4553182495126187,0.885505,0,0.028026432,0.6985751,0.6024131,47.738705,8.933483123779297,0.885573389093247
2020-07-25,Angela_DER_AY470_eobs_4001__2020__southbound_01,Angela / DER AY470 (eobs 4001),48.134933,7.7552156,48.11386,7.7588625,48.12959,7.750613793230156,1.8529604450574495,2.3586595,0,0.059020802,0.6985751,0.6843548,48.134933,7.755215644836426,2.3587291168079267
2020-07-25,Mirabell_plus_DER_AN910_eobs_3907__2020__southbound_01,Mirabell + / DER AN910 (eobs 3907),47.805126,8.884488,47.80425,8.879274,47.801266,8.881370607966254,0.36679791769421033,0.40133238,0,0.021143867,0.6985751,0.48734662,47.805126,8.884488105773926,0.4014251971001572
2020-07-25,Sierit_DER_AN858_eobs2561__2020__southbound_01,Sierit  / DER AN858 (eobs2561),47.80343,8.8801155,47.80406,8.879292,47.79965,8.877012696665172,0.5194478052793833,0.093487225,0,0.022299873,0.6985751,0.4792208,47.80343,8.880115509033203,0.09351561148097418
2020-07-25,Zozu_plus_DER_AL581_eobs2541__2020__southbound_01,Zozu + / DER AL581 (eobs2541),47.742996,8.9434595,47.75187,9.055327,47.738758,8.939571664444355,8.777054219216113,8.422084,0,0.025756365,0.6985751,0.5526745,47.742996,8.943459510803223,8.42208131768559
2020-07-26,Angela_DER_AY470_eobs_4001__2020__southbound_01,Angela / DER AY470 (eobs 4001),48.11386,7.7588625,48.094044,7.759154,48.108715,7.754299282869579,1.6707334167813168,2.2034698,0,0.058544923,0.6985751,0.6636616,48.11386,7.758862495422363,2.203698270120726
2020-07-26,Mirabell_plus_DER_AN910_eobs_3907__2020__southbound_01,Mirabell + / DER AN910 (eobs 3907),47.80425,8.879274,47.80407,8.879509,47.800186,8.875444318570821,0.5278486709937499,0.026495254,0,0.025274811,0.6985751,0.5338061,47.80425,8.879274368286133,0.026541700465792965
2020-07-26,Sierit_DER_AN858_eobs2561__2020__southbound_01,Sierit  / DER AN858 (eobs2561),47.80406,8.879292,47.80366,8.87938,47.800148,8.875795061951159,0.4736267068280317,0.045303028,0,0.027022094,0.6985751,0.5067883,47.80406,8.879291534423828,0.04502832978154727
2020-07-26,Zozu_plus_DER_AL581_eobs2541__2020__southbound_01,Zozu + / DER AL581 (eobs2541),47.75187,9.055327,47.75261,9.0552635,47.74758,9.051274224455428,0.6336463534777549,0.08270326,0,0.028203882,0.6985751,0.56376684,47.75187,9.055327415466309,0.082428593311816
2020-07-27,Angela_DER_AY470_eobs_4001__2020__southbound_01,Angela / DER AY470 (eobs 4001),48.094044,7.759154,48.118874,7.7591324,48.088207,7.753833088991219,3.4325764559515117,2.760724,0,0.068306744,0.6985751,0.75852895,48.094044,7.759153842926025,2.7609592351801644
2020-07-27,Mirabell_plus_DER_AN910_eobs_3907__2020__southbound_01,Mirabell + / DER AN910 (eobs 3907),47.80407,8.879509,47.804268,8.879241,47.800026,8.875850959355715,0.5353449167772968,0.029602265,0,0.024400428,0.6985751,0.5251719,47.80407,8.879508972167969,0.029784208912800415
2020-07-27,Sierit_DER_AN858_eobs2561__2020__southbound_01,Sierit  / DER AN858 (eobs2561),47.80366,8.87938,47.803837,8.874597,47.799488,8.875643281376178,0.48983874111828085,0.35786223,0,0.028391361,0.6985751,0.5403995,47.80366,8.879380226135254,0.3578056719693393
2020-07-27,Zozu_plus_DER_AL581_eobs2541__2020__southbound_01,Zozu + / DER AL581 (eobs2541),47.75261,9.0552635,47.751163,9.055356,47.74808,9.050438563168948,0.5026270395453836,0.1609604,0,0.034838293,0.6985751,0.61830056,47.75261,9.05526351928711,0.16091122992875478
2020-07-28,Angela_DER_AY470_eobs_4001__2020__southbound_01,Angela / DER AY470 (eobs 4001),48.118874,7.7591324,48.13619,7.750192,48.11164,7.752029275222541,2.7329736881884052,2.036373,0,0.0983132,0.6985751,0.9598693,48.118874,7.759132385253906,2.036466368979439
2020-07-28,Mirabell_plus_DER_AN910_eobs_3907__2020__southbound_01,Mirabell + / DER AN910 (eobs 3907),47.804268,8.879241,47.805023,8.880242,47.799854,8.874586889911157,0.7132787042592674,0.11251746,0,0.034184247,0.6985751,0.6001967,47.804268,8.879240989685059,0.11245815833323151
2020-07-28,Sierit_DER_AN858_eobs2561__2020__southbound_01,Sierit  / DER AN858 (eobs2561),47.803837,8.874597,47.801712,8.878815,47.798855,8.869514234557771,0.7638715483799638,0.39379263,0,0.04023637,0.6985751,0.6704802,47.803837,8.87459659576416,0.39379284837812306
2020-07-28,Zozu_plus_DER_AL581_eobs2541__2020__southbound_01,Zozu + / DER AL581 (eobs2541),47.751163,9.055356,47.75156,9.044932,47.746613,9.050390389523914,0.6849763637493125,0.78052145,0,0.0321532,0.6985751,0.6263765,47.751163,9.0553560256958,0.7805405169329152
2020-07-29,Angela_DER_AY470_eobs_4001__2020__southbound_01,Angela / DER AY470 (eobs 4001),48.13619,7.750192,48.112957,7.749811,48.129253,7.743400465371483,1.8735183782229918,2.5831995,0,0.09418464,0.6985751,0.91967905,48.13619,7.750192165374756,2.5833839936574337
2020-07-29,Mirabell_plus_DER_AN910_eobs_3907__2020__southbound_01,Mirabell + / DER AN910 (eobs 3907),47.805023,8.880242,47.804268,8.879628,47.800938,8.87591432388339,0.46267328713625966,0.0956753,0,0.029785626,0.6985751,0.55640435,47.805023,8.880242347717285,0.09569619416668677
2020-07-29,Sierit_DER_AN858_eobs2561__2020__southbound_01,Sierit  / DER AN858 (eobs2561),47.801712,8.878815,47.80434,8.878934,47.797295,8.874580122166758,0.8482597523193319,0.29227868,0,0.032544814,0.6985751,0.5831565,47.801712,8.878814697265625,0.29239255508802725
2020-07-29,Zozu_plus_DER_AL581_eobs2541__2020__southbound_01,Zozu + / DER AL581 (eobs2541),47.75156,9.044932,47.75081,9.05771,47.747,9.039914222388296,1.3962092470315572,0.95889604,0,0.034017306,0.6985751,0.62963736,47.75156,9.04493236541748,0.9589088287020968
2020-07-30,Angela_DER_AY470_eobs_4001__2020__southbound_01,Angela / DER AY470 (eobs 4001),48.112957,7.749811,48.110836,7.7511034,48.105194,7.7420893994719755,0.9173336380397298,0.25480202,0,0.107008174,0.6985751,1.0343454,48.112957,7.749811172485352,0.2546083763443355
2020-07-30,Mirabell_plus_DER_AN910_eobs_3907__2020__southbound_01,Mirabell + / DER AN910 (eobs 3907),47.804268,8.879628,47.804283,8.879304,47.800087,8.875555771902926,0.544131284662305,0.024246003,0,0.026909126,0.6985751,0.55452317,47.804268,8.87962818145752,0.024276206336344374
2020-07-30,Sierit_DER_AN858_eobs2561__2020__southbound_01,Sierit  / DER AN858 (eobs2561),47.80434,8.878934,47.80275,8.879794,47.79919,8.87369289508209,0.6035637087974454,0.18807447,0,0.04648348,0.6985751,0.6922466,47.80434,8.878933906555176,0.18818769664520535
2020-07-30,Zozu_plus_DER_AL581_eobs2541__2020__southbound_01,Zozu + / DER AL581 (eobs2541),47.75081,9.05771,47.734444,9.0594015,47.746166,9.053004029267681,1.3885052721227487,1.8240228,0,0.035052516,0.6985751,0.62376565,47.75081,9.057709693908691,1.824105139078763
2020-07-31,Angela_DER_AY470_eobs_4001__2020__southbound_01,Angela / DER AY470 (eobs 4001),48.110836,7.7511034,48.110123,7.7515616,48.101826,7.743095901020385,1.1163704572927309,0.08604845,0,0.11158105,0.6985751,1.1629943,48.110836,7.751103401184082,0.08630921995026436
2020-07-31,Mirabell_plus_DER_AN910_eobs_3907__2020__southbound_01,Mirabell + / DER AN910 (eobs 3907),47.804283,8.879304,47.80375,8.879278,47.79929,8.874339937789319,0.6179958844783959,0.05941004,0,0.038711727,0.6985751,0.6666273,47.804283,8.879303932189941,0.05941571048080278
2020-07-31,Sierit_DER_AN858_eobs2561__2020__southbound_01,Sierit  / DER AN858 (eobs2561),47.80275,8.879794,47.802124,8.877056,47.797626,8.875704378258543,0.5101929809694736,0.21591215,0,0.03729123,0.6985751,0.64513814,47.80275,8.879794120788574,0.21600537465633066
2020-07-31,Zozu_plus_DER_AL581_eobs2541__2020__southbound_01,Zozu + / DER AL581 (eobs2541),47.734444,9.0594015,47.7341,9.0592375,47.729515,9.054616870905805,0.615937175696713,0.03991692,0,0.033756394,0.6985751,0.65330344,47.734444,9.059401512145996,0.040098382051757274
2020-08-01,Angela_DER_AY470_eobs_4001__2020__southbound_01,Angela / DER AY470 (eobs 4001),48.110123,7.7515616,48.119095,7.752543,48.101944,7.743712658360157,2.016635653166864,1.0003593,0,0.1121876,0.6985751,1.0782152,48.110123,7.751561641693115,1.0003173744957428
2020-08-01,Mirabell_plus_DER_AN910_eobs_3907__2020__southbound_01,Mirabell + / DER AN910 (eobs 3907),47.80375,8.879278,47.801517,8.881068,47.79918,8.874487076496179,0.5560915937345774,0.28181353,0,0.036493976,0.6985751,0.6204994,47.80375,8.879278182983398,0.2818674735389533
2020-08-01,Sierit_DER_AN858_eobs2561__2020__southbound_01,Sierit  / DER AN858 (eobs2561),47.802124,8.877056,47.80157,8.879406,47.795826,8.870456420379037,0.9246284922102784,0.18609858,0,0.060766447,0.6985751,0.855002,47.802124,8.877056121826172,0.18597407593546184
2020-08-01,Zozu_plus_DER_AL581_eobs2541__2020__southbound_01,Zozu + / DER AL581 (eobs2541),47.7341,9.0592375,47.73418,9.059055,47.729,9.053720090473053,0.7007362805377909,0.016201591,0,0.042027228,0.6985751,0.7001208,47.7341,9.059237480163574,0.01627636515316985
2020-08-02,Angela_DER_AY470_eobs_4001__2020__southbound_01,Angela / DER AY470 (eobs 4001),48.119095,7.752543,48.1105,7.7516613,48.11081,7.743957446442639,0.572998306131378,0.9582505,0,0.1258907,0.6985751,1.118298,48.119095,7.752542972564697,0.9579064057973864
2020-08-02,Mirabell_plus_DER_AN910_eobs_3907__2020__southbound_01,Mirabell + / DER AN910 (eobs 3907),47.801517,8.881068,47.80198,8.882164,47.796913,8.876498065175891,0.7045672224040289,0.09659655,0,0.033050187,0.6985751,0.614202,47.801517,8.881068229675293,0.09660487336390158
2020-08-02,Sierit_DER_AN858_eobs2561__2020__southbound_01,Sierit  / DER AN858 (eobs2561),47.80157,8.879406,47.80255,8.879455,47.796917,8.875390931413017,0.6961605650027461,0.10942046,0,0.034042537,0.6985751,0.5970049,47.80157,8.879405975341797,0.10907363084287197
2020-08-02,Zozu_plus_DER_AL581_eobs2541__2020__southbound_01,Zozu + / DER AL581 (eobs2541),47.73418,9.059055,47.751205,9.055039,47.729294,9.053606044231431,2.438820913435018,1.9168506,0,0.041549485,0.6985751,0.67816436,47.73418,9.05905532836914,1.9167638751163365
2020-08-03,Angela_DER_AY470_eobs_4001__2020__southbound_01,Angela / DER AY470 (eobs 4001),48.1105,7.7516613,48.118458,7.7512507,48.103775,7.744801896274484,1.7014075650859803,0.8855254,0,0.09215261,0.6985751,0.9032632,48.1105,7.75166130065918,0.8853550305554854
2020-08-03,Mirabell_plus_DER_AN910_eobs_3907__2020__southbound_01,Mirabell + / DER AN910 (eobs 3907),47.80198,8.882164,47.802,8.881389,47.7979,8.878255874859446,0.5121450438824728,0.057967026,0,0.027237425,0.6985751,0.5384792,47.80198,8.882164001464844,0.05794811474783098
2020-08-03,Sierit_DER_AN858_eobs2561__2020__southbound_01,Sierit  / DER AN858 (eobs2561),47.80255,8.879455,47.80252,8.879926,47.798145,8.875474524807588,0.5892752309914742,0.03534119,0,0.033404563,0.6985751,0.5719594,47.80255,8.879454612731934,0.035350074587552405
2020-08-03,Zozu_plus_DER_AL581_eobs2541__2020__southbound_01,Zozu + / DER AL581 (eobs2541),47.751205,9.055039,47.736034,9.059146,47.746536,9.049980375756125,1.3540237763685163,1.714823,0,0.037379473,0.6985751,0.64112353,47.751205,9.055039405822754,1.714663722417339
2020-08-04,Angela_DER_AY470_eobs_4001__2020__southbound_01,Angela / DER AY470 (eobs 4001),48.118458,7.7512507,48.13407,7.750055,48.111492,7.744683931114659,2.5421495054948258,1.7384578,0,0.087052464,0.6985751,0.9136535,48.118458,7.751250743865967,1.7384181509184162
2020-08-04,Mirabell_plus_DER_AN910_eobs_3907__2020__southbound_01,Mirabell + / DER AN910 (eobs 3907),47.802,8.881389,47.804176,8.880342,47.79793,8.877367111842382,0.7290491225466549,0.25464866,0,0.025981132,0.6985751,0.5420071,47.802,8.881388664245605,0.25451793753329743
2020-08-04,Sierit_DER_AN858_eobs2561__2020__southbound_01,Sierit  / DER AN858 (eobs2561),47.80252,8.879926,47.803734,8.8798895,47.79824,8.876328604029782,0.6662052728605496,0.13508993,0,0.027745767,0.6985751,0.5456579,47.80252,8.879925727844238,0.13491498374155844
2020-08-04,Zozu_plus_DER_AL581_eobs2541__2020__southbound_01,Zozu + / DER AL581 (eobs2541),47.736034,9.059146,47.75154,9.055089,47.731297,9.054403487704189,2.2516832844781307,1.7505949,0,0.031233454,0.6985751,0.6341063,47.736034,9.0591459274292,1.7507540651998534
2020-08-05,Angela_DER_AY470_eobs_4001__2020__southbound_01,Angela / DER AY470 (eobs 4001),48.13407,7.750055,48.13684,7.751662,48.12737,7.743538008628208,1.2135763479333916,0.33039397,0,0.08461294,0.6985751,0.8867567,48.13407,7.750054836273193,0.33023376799995713
2020-08-05,Mirabell_plus_DER_AN910_eobs_3907__2020__southbound_01,Mirabell + / DER AN910 (eobs 3907),47.804176,8.880342,47.804016,8.879706,47.799873,8.875919731725075,0.5405469744756011,0.050645165,0,0.02941863,0.6985751,0.5804986,47.804176,8.880341529846191,0.05067175095301998
2020-08-05,Sierit_DER_AN858_eobs2561__2020__southbound_01,Sierit  / DER AN858 (eobs2561),47.803734,8.8798895,47.801804,8.879307,47.799347,8.875883102013884,0.3741842469317193,0.219232,0,0.030868942,0.6985751,0.5713154,47.803734,8.879889488220215,0.2190006299276068
2020-08-05,Zozu_plus_DER_AL581_eobs2541__2020__southbound_01,Zozu + / DER AL581 (eobs2541),47.75154,9.055089,47.74875,8.938176,47.746563,9.049679870884376,8.340367542631332,8.746356,0,0.037302658,0.6985751,0.6844294,47.75154,9.055088996887207,8.746345694843587
2020-08-06,Angela_DER_AY470_eobs_4001__2020__southbound_01,Angela / DER AY470 (eobs 4001),48.13684,7.751662,48.13066,7.756162,48.127758,7.743011530656581,1.0280021280389695,0.7641024,0,0.11787108,0.6985751,1.1945812,48.13684,7.751661777496338,0.7640263616165007
2020-08-06,Mirabell_plus_DER_AN910_eobs_3907__2020__southbound_01,Mirabell + / DER AN910 (eobs 3907),47.804016,8.879706,47.803608,8.879683,47.799656,8.875459154495534,0.540941041563876,0.045647427,0,0.02728977,0.6985751,0.5782399,47.804016,8.879706382751465,0.04542170295584495
2020-08-06,Sierit_DER_AN858_eobs2561__2020__southbound_01,Sierit  / DER AN858 (eobs2561),47.801804,8.879307,47.80406,8.874309,47.797634,8.875714077180923,0.722403997697462,0.44998452,0,0.026086155,0.6985751,0.53477675,47.801804,8.87930679321289,0.4499043533368989
2020-08-06,Zozu_plus_DER_AL581_eobs2541__2020__southbound_01,Zozu + / DER AL581 (eobs2541),47.74875,8.938176,47.7513,9.049513,47.743397,8.932335012484263,8.805089984324582,8.328834,0,0.039152138,0.6985751,0.7367796,47.74875,8.938176155090332,8.328795396161903
2020-08-07,Angela_DER_AY470_eobs_4001__2020__southbound_01,Angela / DER AY470 (eobs 4001),48.13066,7.756162,48.077835,7.753861,48.123215,7.74964471980217,5.055696591662127,5.8765535,0,0.086160414,0.6985751,0.9572424,48.13066,7.756162166595459,5.876468091270059
2020-08-07,Mirabell_plus_DER_AN910_eobs_3907__2020__southbound_01,Mirabell + / DER AN910 (eobs 3907),47.803608,8.879683,47.80384,8.879082,47.799377,8.87588419318689,0.5507590645473491,0.051877484,0,0.024210641,0.6985751,0.5485058,47.803608,8.879682540893555,0.0517983977921186
2020-08-07,Sierit_DER_AN858_eobs2561__2020__southbound_01,Sierit  / DER AN858 (eobs2561),47.80406,8.874309,47.804363,8.878179,47.799465,8.869868958757042,0.8257295487300188,0.29098287,0,0.03424502,0.6985751,0.60825574,47.80406,8.874308586120605,0.2909715027961291
2020-08-07,Zozu_plus_DER_AL581_eobs2541__2020__southbound_01,Zozu + / DER AL581 (eobs2541),47.7513,9.049513,47.75267,9.048279,47.74662,9.044951421096677,0.7172649218707943,0.178104,0,0.031415645,0.6985751,0.62106836,47.7513,9.04951286315918,0.17804679333240042
2020-08-08,Angela_DER_AY470_eobs_4001__2020__southbound_01,Angela / DER AY470 (eobs 4001),48.077835,7.753861,48.133186,7.7520914,48.068558,7.745561615037051,7.202722644405679,6.1561165,0,0.10671452,0.6985751,1.1996361,48.077835,7.753860950469971,6.1561898045759635
2020-08-08,Mirabell_plus_DER_AN910_eobs_3907__2020__southbound_01,Mirabell + / DER AN910 (eobs 3907),47.80384,8.879082,47.80333,8.881425,47.799316,8.874598015020243,0.6775860240212976,0.18411863,0,0.031735685,0.6985751,0.60321665,47.80384,8.879081726074219,0.18400366171817434
2020-08-08,Sierit_DER_AN858_eobs2561__2020__southbound_01,Sierit  / DER AN858 (eobs2561),47.804363,8.878179,47.802174,8.8844185,47.799713,8.874284796593189,0.8048223348400549,0.5258565,0,0.033225253,0.6985751,0.592062,47.804363,8.878178596496582,0.5258088479981722
2020-08-08,Zozu_plus_DER_AL581_eobs2541__2020__southbound_01,Zozu + / DER AL581 (eobs2541),47.75267,9.048279,47.752693,9.048364,47.74759,9.042537483408214,0.7154346011395687,0.00669525,0,0.04084709,0.6985751,0.70827335,47.75267,9.04827880859375,0.006836775525319844
2020-08-09,Angela_DER_AY470_eobs_4001__2020__southbound_01,Angela / DER AY470 (eobs 4001),48.133186,7.7520914,48.13434,7.757279,48.12429,7.74345036308478,1.5171160452411505,0.40571624,0,0.11516066,0.6985751,1.1769297,48.133186,7.752091407775879,0.40572372121503947
2020-08-09,Mirabell_plus_DER_AN910_eobs_3907__2020__southbound_01,Mirabell + / DER AN910 (eobs 3907),47.80333,8.881425,47.804207,8.884075,47.79894,8.877747242897813,0.7526791010806276,0.22061722,0,0.028531818,0.6985751,0.5593345,47.80333,8.881424903869629,0.22067594863520762
2020-08-09,Sierit_DER_AN858_eobs2561__2020__southbound_01,Sierit  / DER AN858 (eobs2561),47.802174,8.8844185,47.804115,8.879583,47.797413,8.880558418717468,0.7488263878730389,0.42069113,0,0.033488754,0.6985751,0.60170305,47.802174,8.884418487548828,0.4207439281495995
2020-08-09,Zozu_plus_DER_AL581_eobs2541__2020__southbound_01,Zozu + / DER AL581 (eobs2541),47.752693,9.048364,47.751923,9.056243,47.747437,9.043107399643421,1.1014961535971763,0.59520936,0,0.039506603,0.6985751,0.7031094,47.752693,9.04836368560791,0.5952568011688303
2020-08-10,Angela_DER_AY470_eobs_4001__2020__southbound_01,Angela / DER AY470 (eobs 4001),48.13434,7.757279,48.13766,7.754049,48.12597,7.749704193490426,1.3394838632533117,0.44042474,0,0.10897665,0.6985751,1.0851872,48.13434,7.757278919219971,0.4404014898839913
2020-08-10,Mirabell_plus_DER_AN910_eobs_3907__2020__southbound_01,Mirabell + / DER AN910 (eobs 3907),47.804207,8.884075,47.80309,8.885117,47.79933,8.87957828119832,0.5879453034706112,0.14631747,0,0.0365569,0.6985751,0.63653433,47.804207,8.884075164794922,0.14661535074235238
2020-08-10,Sierit_DER_AN858_eobs2561__2020__southbound_01,Sierit  / DER AN858 (eobs2561),47.804115,8.879583,47.80414,8.882941,47.79859,8.874201306489635,0.8980604213612265,0.25078848,0,0.046563074,0.6985751,0.73278534,47.804115,8.879583358764648,0.2508003897832913
2020-08-10,Zozu_plus_DER_AL581_eobs2541__2020__southbound_01,Zozu + / DER AL581 (eobs2541),47.751923,9.056243,47.751312,9.042446,47.746452,9.050825414691744,0.8273512055223079,1.0336602,0,0.04182043,0.6985751,0.72961,47.751923,9.056242942810059,1.0337010898530443
2020-08-11,Angela_DER_AY470_eobs_4001__2020__southbound_01,Angela / DER AY470 (eobs 4001),48.13766,7.754049,48.133595,7.757238,48.128677,7.744777057509146,1.0743204860886288,0.5103627,0,0.13008592,0.6985751,1.2106848,48.13766,7.754048824310303,0.5103577468135397
2020-08-11,Mirabell_plus_DER_AN910_eobs_3907__2020__southbound_01,Mirabell + / DER AN910 (eobs 3907),47.80309,8.885117,47.80299,8.883186,47.79862,8.881113399711637,0.5101671431557678,0.14459674,0,0.030311665,0.6985751,0.5792545,47.80309,8.885116577148438,0.14458608639859524
2020-08-11,Sierit_DER_AN858_eobs2561__2020__southbound_01,Sierit  / DER AN858 (eobs2561),47.80414,8.882941,47.803635,8.88179,47.799526,8.87898041850949,0.5027334446170286,0.102566384,0,0.034017425,0.6985751,0.5908452,47.80414,8.882941246032715,0.10259593816289998
2020-08-11,Zozu_plus_DER_AL581_eobs2541__2020__southbound_01,Zozu + / DER AL581 (eobs2541),47.751312,9.042446,47.751488,9.042528,47.744553,9.034553299803704,0.9747781911087763,0.02043127,0,0.064584285,0.6985751,0.953864,47.751312,9.04244613647461,0.02045283547174539
2020-08-12,Angela_DER_AY470_eobs_4001__2020__southbound_01,Angela / DER AY470 (eobs 4001),48.133595,7.757238,48.12931,7.758246,48.127605,7.751222847713112,0.5546586582779023,0.48210394,0,0.079807445,0.6985751,0.800411,48.133595,7.757237911224365,0.4821878594347355
2020-08-12,Europa_DER_A1A26_eobs_4004__2020__southbound_01,Europa / DER A1A26 (eobs 4004),47.107876,7.4636207,47.10311,7.463638,47.104374,7.459211992396403,0.36321434152730875,0.52996296,0,0.09372266,0.6985751,0.51191497,47.107876,7.463620662689209,0.5297968781164868
2020-08-12,Mirabell_plus_DER_AN910_eobs_3907__2020__southbound_01,Mirabell + / DER AN910 (eobs 3907),47.80299,8.883186,47.8024,8.880038,47.79815,8.877593434344737,0.5065884159446006,0.24406165,0,0.045869976,0.6985751,0.68000096,47.80299,8.883186340332031,0.24414356973795337
2020-08-12,Sierit_DER_AN858_eobs2561__2020__southbound_01,Sierit  / DER AN858 (eobs2561),47.803635,8.88179,47.802116,8.878421,47.79909,8.877387531498586,0.3451116961179759,0.30313113,0,0.035473734,0.6985751,0.60187644,47.803635,8.881790161132812,0.30303080476523014
2020-08-12,Zozu_plus_DER_AL581_eobs2541__2020__southbound_01,Zozu + / DER AL581 (eobs2541),47.751488,9.042528,47.752216,9.048985,47.746487,9.036232547824456,1.1466829085335344,0.4894771,0,0.055154655,0.6985751,0.7271317,47.751488,9.04252815246582,0.48943853812710836
2020-08-13,Angela_DER_AY470_eobs_4001__2020__southbound_01,Angela / DER AY470 (eobs 4001),48.12931,7.758246,48.137924,7.7551374,48.122726,7.751531990774534,1.7109688254765236,0.98488975,0,0.088929445,0.6985751,0.8839525,48.12931,7.758245944976807,0.985177357971529
2020-08-13,Europa_DER_A1A26_eobs_4004__2020__southbound_01,Europa / DER A1A26 (eobs 4004),47.10311,7.463638,47.096283,7.58242,47.099957,7.459649736682065,9.302117040907104,9.022996,0,0.07763003,0.6985751,0.46183246,47.10311,7.463637828826904,9.022999850062602
2020-08-13,Mirabell_plus_DER_AN910_eobs_3907__2020__southbound_01,Mirabell + / DER AN910 (eobs 3907),47.8024,8.880038,47.801975,8.880928,47.797333,8.874371386493602,0.7115638939884809,0.08143424,0,0.04511778,0.6985751,0.70337427,47.8024,8.880038261413574,0.08144523089095562
2020-08-13,Sierit_DER_AN858_eobs2561__2020__southbound_01,Sierit  / DER AN858 (eobs2561),47.802116,8.878421,47.801846,8.874303,47.79717,8.873561016855394,0.5229829372246768,0.3089978,0,0.04055598,0.6985751,0.65790355,47.802116,8.87842082977295,0.30903842601952314
2020-08-13,Zozu_plus_DER_AL581_eobs2541__2020__southbound_01,Zozu + / DER AL581 (eobs2541),47.752216,9.048985,47.744904,9.058249,47.747425,9.043815228607881,1.1150656095679037,1.0683438,0,0.04316783,0.6985751,0.65691423,47.752216,9.04898452758789,1.0681951198807929
2020-08-14,Angela_DER_AY470_eobs_4001__2020__southbound_01,Angela / DER AY470 (eobs 4001),48.137924,7.7551374,48.134556,7.7556753,48.131214,7.747987605456652,0.6808561699422918,0.3762953,0,0.097131014,0.6985751,0.9140226,48.137924,7.7551374435424805,0.37666776916567457
2020-08-14,Europa_DER_A1A26_eobs_4004__2020__southbound_01,Europa / DER A1A26 (eobs 4004),47.096283,7.58242,47.113567,7.5918336,47.09303,7.578210487660186,2.505742883789876,2.049594,0,0.070752956,0.6985751,0.48122615,47.096283,7.5824198722839355,2.049752726539216
2020-08-14,Mirabell_plus_DER_AN910_eobs_3907__2020__southbound_01,Mirabell + / DER AN910 (eobs 3907),47.801975,8.880928,47.802505,8.879974,47.79772,8.876618552411227,0.588014610616319,0.09236304,0,0.029876756,0.6985751,0.57093453,47.801975,8.880928039550781,0.09246550883185699
2020-08-14,Sierit_DER_AN858_eobs2561__2020__southbound_01,Sierit  / DER AN858 (eobs2561),47.801846,8.874303,47.8021,8.879501,47.79713,8.869681541563303,0.9183958227608794,0.38924038,0,0.037252404,0.6985751,0.6264534,47.801846,8.874302864074707,0.3893088662206597
2020-08-14,Zozu_plus_DER_AL581_eobs2541__2020__southbound_01,Zozu + / DER AL581 (eobs2541),47.744904,9.058249,47.750763,9.058613,47.740276,9.052868931901541,1.242634079191488,0.6523194,0,0.04134417,0.6985751,0.6520335,47.744904,9.058249473571777,0.6520998010101903
2020-08-15,Angela_DER_AY470_eobs_4001__2020__southbound_01,Angela / DER AY470 (eobs 4001),48.134556,7.7556753,48.13698,7.7535634,48.128567,7.749325765639398,0.9867625281797413,0.31143692,0,0.08202292,0.6985751,0.81433237,48.134556,7.755675315856934,0.31162738304161003
2020-08-15,Europa_DER_A1A26_eobs_4004__2020__southbound_01,Europa / DER A1A26 (eobs 4004),47.113567,7.5918336,47.107048,7.532168,47.110363,7.586995319105175,4.165702434690654,4.5731936,0,0.06678615,0.6985751,0.50985575,47.113567,7.591833591461182,4.573208600172443
2020-08-15,Mirabell_plus_DER_AN910_eobs_3907__2020__southbound_01,Mirabell + / DER AN910 (eobs 3907),47.802505,8.879974,47.801968,8.877976,47.798515,8.875533688105323,0.42503126165617316,0.16066635,0,0.030115688,0.6985751,0.5529721,47.802505,8.879974365234375,0.16076376801273579
2020-08-15,Sierit_DER_AN858_eobs2561__2020__southbound_01,Sierit  / DER AN858 (eobs2561),47.8021,8.879501,47.803947,8.879425,47.797977,8.875607269938733,0.7224876876769187,0.20555454,0,0.028450048,0.6985751,0.5420075,47.8021,8.879501342773438,0.20538003818731718
2020-08-15,Zozu_plus_DER_AL581_eobs2541__2020__southbound_01,Zozu + / DER AL581 (eobs2541),47.750763,9.058613,47.75135,8.989122,47.746468,9.053289799107002,4.828130317888367,5.195707,0,0.04093661,0.6985751,0.62060297,47.750763,9.058612823486328,5.195679446571643
2020-08-16,Angela_DER_AY470_eobs_4001__2020__southbound_01,Angela / DER AY470 (eobs 4001),48.13698,7.7535634,48.135075,7.755437,48.12857,7.7442494638383375,1.1010810803632196,0.2531464,0,0.13150851,0.6985751,1.1607318,48.13698,7.753563404083252,0.2532392766713713
2020-08-16,Europa_DER_A1A26_eobs_4004__2020__southbound_01,Europa / DER A1A26 (eobs 4004),47.107048,7.532168,47.10727,7.4636855,47.103188,7.5262348417952145,4.7557765091788,5.182994,0,0.08181742,0.6985751,0.62010694,47.107048,7.532167911529541,5.182986553051244
2020-08-16,Mirabell_plus_DER_AN910_eobs_3907__2020__southbound_01,Mirabell + / DER AN910 (eobs 3907),47.801968,8.877976,47.80295,8.879338,47.79734,8.872696692025674,0.7971294983736786,0.14934935,0,0.03728113,0.6985751,0.64721817,47.801968,8.877976417541504,0.1494065538406622
2020-08-16,Sierit_DER_AN858_eobs2561__2020__southbound_01,Sierit  / DER AN858 (eobs2561),47.803947,8.879425,47.802776,8.878763,47.799206,8.874420470299148,0.5126807538951645,0.13947043,0,0.040615503,0.6985751,0.64533293,47.803947,8.879425048828125,0.13928832557136425
2020-08-16,Zozu_plus_DER_AL581_eobs2541__2020__southbound_01,Zozu + / DER AL581 (eobs2541),47.75135,8.989122,47.752777,9.051551,47.745384,8.981959876866187,5.267524404488787,4.66992,0,0.057049118,0.6985751,0.85092974,47.75135,8.98912239074707,4.669905218865601
2020-08-17,Angela_DER_AY470_eobs_4001__2020__southbound_01,Angela / DER AY470 (eobs 4001),48.135075,7.755437,48.14024,7.749622,48.129055,7.7490391546877095,1.2444343202604466,0.71817833,0,0.086321294,0.6985751,0.81902575,48.135075,7.755436897277832,0.7183707588002973
2020-08-17,Europa_DER_A1A26_eobs_4004__2020__southbound_01,Europa / DER A1A26 (eobs 4004),47.10727,7.4636855,47.15748,7.386703,47.104034,7.4589281041258975,8.072691951611032,8.067472,0,0.0586251,0.6985751,0.5080703,47.10727,7.463685512542725,8.067388438345036
2020-08-17,Mirabell_plus_DER_AN910_eobs_3907__2020__southbound_01,Mirabell + / DER AN910 (eobs 3907),47.80295,8.879338,47.802795,8.879619,47.799015,8.875139942647715,0.5372176412610986,0.027231557,0,0.028956244,0.6985751,0.53764474,47.80295,8.879338264465332,0.027220942015571924
2020-08-17,Sierit_DER_AN858_eobs2561__2020__southbound_01,Sierit  / DER AN858 (eobs2561),47.802776,8.878763,47.80275,8.879657,47.79844,8.874461496661674,0.6167035198532369,0.06675763,0,0.029735114,0.6985751,0.5783812,47.802776,8.878763198852539,0.0668067248525399
2020-08-17,Zozu_plus_DER_AL581_eobs2541__2020__southbound_01,Zozu + / DER AL581 (eobs2541),47.752777,9.051551,47.75158,9.056366,47.748554,9.046815952903707,0.7892621414558202,0.38397732,0,0.036559463,0.6985751,0.5871531,47.752777,9.05155086517334,0.38383059030054
2020-08-18,Angela_DER_AY470_eobs_4001__2020__southbound_01,Angela / DER AY470 (eobs 4001),48.14024,7.749622,47.98552,7.7342486,48.13366,7.7421701162135,16.482950583480985,17.241764,1,0.103709504,0.6985751,0.91554743,48.14024,7.749621868133545,17.242026589250525
2020-08-18,Europa_DER_A1A26_eobs_4004__2020__southbound_01,Europa / DER A1A26 (eobs 4004),47.15748,7.386703,47.11048,7.4815288,47.154354,7.382016025277385,8.970347210817529,8.874864,0,0.053820502,0.6985751,0.49543014,47.15748,7.386703014373779,8.874795352060245
2020-08-18,Mirabell_plus_DER_AN910_eobs_3907__2020__southbound_01,Mirabell + / DER AN910 (eobs 3907),47.802795,8.879619,47.80365,8.8796215,47.798653,8.875111973706943,0.6497814413886343,0.094866306,0,0.027792344,0.6985751,0.56939435,47.802795,8.879618644714355,0.09501556762505428
2020-08-18,Sierit_DER_AN858_eobs2561__2020__southbound_01,Sierit  / DER AN858 (eobs2561),47.80275,8.879657,47.80389,8.879673,47.79839,8.875306013455534,0.693193843014232,0.12698,0,0.02983668,0.6985751,0.5826849,47.80275,8.879656791687012,0.12683427507206987
2020-08-18,Zozu_plus_DER_AL581_eobs2541__2020__southbound_01,Zozu + / DER AL581 (eobs2541),47.75158,9.056366,47.74882,8.941401,47.747402,9.05155931331288,8.237707852584103,8.600712,0,0.03366701,0.6985751,0.586263,47.75158,9.056365966796875,8.600697963579501
2020-08-19,Angela_DER_AY470_eobs_4001__2020__southbound_01,Angela / DER AY470 (eobs 4001),47.98552,7.7342486,47.778625,7.526185,47.579792,7.043961777979729,42.333885304453226,27.749002,1,0.9286128,0.6985751,68.25186,47.579792,7.043961777979729,42.333885304453226
2020-08-19,Europa_DER_A1A26_eobs_4004__2020__southbound_01,Europa / DER A1A26 (eobs 4004),47.11048,7.4815288,47.112366,7.5149474,47.106533,7.476393429373908,2.9889549076776616,2.5376904,0,0.065203555,0.6985751,0.5853294,47.11048,7.4815287590026855,2.537675241098385
2020-08-19,Mirabell_plus_DER_AN910_eobs_3907__2020__southbound_01,Mirabell + / DER AN910 (eobs 3907),47.80365,8.8796215,47.80331,8.879771,47.799706,8.874886904528688,0.5419996398066242,0.039173372,0,0.030452244,0.6985751,0.56254625,47.80365,8.879621505737305,0.03937304890747469
2020-08-19,Sierit_DER_AN858_eobs2561__2020__southbound_01,Sierit  / DER AN858 (eobs2561),47.80389,8.879673,47.804024,8.879544,47.799644,8.875160643883946,0.5867884791259929,0.01762509,0,0.031164205,0.6985751,0.57898486,47.80389,8.87967300415039,0.017688052284742992
2020-08-19,Zozu_plus_DER_AL581_eobs2541__2020__southbound_01,Zozu + / DER AL581 (eobs2541),47.74882,8.941401,47.751575,9.056559,47.744484,8.936234944357777,9.03069663325116,8.6150465,0,0.037690233,0.6985751,0.61662555,47.74882,8.941400527954102,8.615076665889086
2020-08-20,Angela_DER_AY470_eobs_4001__2020__southbound_01,Angela / DER AY470 (eobs 4001),47.778625,7.526185,47.26316,6.046625,47.44372,6.792559556370831,59.67137910625305,125.0141,1,0.92877626,0.6985751,66.15482,47.44372,6.792559556370831,59.67137910625305
2020-08-20,Europa_DER_A1A26_eobs_4004__2020__southbound_01,Europa / DER A1A26 (eobs 4004),47.112366,7.5149474,47.108448,7.597963,47.109093,7.511466315746956,6.546479959324176,6.2975197,0,0.048521984,0.6985751,0.44845185,47.112366,7.514947414398193,6.297528834619367
2020-08-20,Mirabell_plus_DER_AN910_eobs_3907__2020__southbound_01,Mirabell + / DER AN910 (eobs 3907),47.80331,8.879771,47.803085,8.87948,47.799416,8.875379137740188,0.5102383859584481,0.03310304,0,0.02684319,0.6985751,0.54220974,47.80331,8.87977123260498,0.033140117424618316
2020-08-20,Sierit_DER_AN858_eobs2561__2020__southbound_01,Sierit  / DER AN858 (eobs2561),47.804024,8.879544,47.804432,8.877387,47.799656,8.874542640270208,0.5719845949882391,0.16738598,0,0.038278427,0.6985751,0.6116197,47.804024,8.879544258117676,0.1673842212911025
2020-08-20,Zozu_plus_DER_AL581_eobs2541__2020__southbound_01,Zozu + / DER AL581 (eobs2541),47.751575,9.056559,47.751354,8.933139,47.747486,9.051993158338506,8.89651100383816,9.227062,0,0.033687804,0.6985751,0.56749296,47.751575,9.056558609008789,9.227112487704428
2020-08-21,Angela_DER_AY470_eobs_4001__2020__southbound_01,Angela / DER AY470 (eobs 4001),47.26316,6.046625,46.75634,5.1028695,46.610493,4.994602023544502,18.199393614198765,91.08314,1,0.96780753,0.6985751,107.37092,46.610493,4.994602023544502,18.199393614198765
2020-08-21,Europa_DER_A1A26_eobs_4004__2020__southbound_01,Europa / DER A1A26 (eobs 4004),47.108448,7.597963,47.14373,7.522199,47.105217,7.594546377918706,6.949849700859171,6.9458055,0,0.044794593,0.6985751,0.44203436,47.108448,7.597962856292725,6.945993140740848
2020-08-21,Mirabell_plus_DER_AN910_eobs_3907__2020__southbound_01,Mirabell + / DER AN910 (eobs 3907),47.803085,8.87948,47.80436,8.879374,47.798985,8.874680353575757,0.692874418646202,0.14168195,0,0.03107627,0.6985751,0.5788888,47.803085,8.879480361938477,0.1418990572713364
2020-08-21,Sierit_DER_AN858_eobs2561__2020__southbound_01,Sierit  / DER AN858 (eobs2561),47.804432,8.877387,47.80548,8.879814,47.799286,8.871590075980412,0.9229441129795766,0.21562144,0,0.046407685,0.6985751,0.71612525,47.804432,8.877387046813965,0.2155570405508463
2020-08-21,Zozu_plus_DER_AL581_eobs2541__2020__southbound_01,Zozu + / DER AL581 (eobs2541),47.751354,8.933139,47.758503,8.995893,47.746674,8.92765724477319,5.268135929589991,4.758109,0,0.044208158,0.6985751,0.6612712,47.751354,8.933138847351074,4.758133241959139
2020-08-22,Angela_DER_AY470_eobs_4001__2020__southbound_01,Angela / DER AY470 (eobs 4001),46.75634,5.1028695,45.665047,4.7279363,46.150326,4.050324615385656,75.23518967317204,124.72864,1,0.9629387,0.6985751,104.5547,46.150326,4.050324615385656,75.23518967317204
2020-08-22,Europa_DER_A1A26_eobs_4004__2020__southbound_01,Europa / DER A1A26 (eobs 4004),47.14373,7.522199,47.1363,7.5240912,47.14005,7.516673182387966,0.6990585196329759,0.8384936,0,0.08172104,0.6985751,0.5838618,47.14373,7.5221991539001465,0.8385953962166849
2020-08-22,Mirabell_plus_DER_AN910_eobs_3907__2020__southbound_01,Mirabell + / DER AN910 (eobs 3907),47.80436,8.879374,47.80392,8.879947,47.79997,8.874081927049499,0.6204742068349808,0.06470497,0,0.040719047,0.6985751,0.6270449,47.80436,8.879373550415039,0.06489946883158045
2020-08-22,Sierit_DER_AN858_eobs2561__2020__southbound_01,Sierit  / DER AN858 (eobs2561),47.80548,8.879814,47.803898,8.879863,47.799664,8.873475068218037,0.6703023855578594,0.17634758,0,0.05891799,0.6985751,0.8001369,47.80548,8.879814147949219,0.17607033584643442
2020-08-22,Zozu_plus_DER_AL581_eobs2541__2020__southbound_01,Zozu + / DER AL581 (eobs2541),47.758503,8.995893,47.749763,9.059016,47.753624,8.990079899516333,5.171625715076296,4.8179927,0,0.04884071,0.6985751,0.69391537,47.758503,8.995892524719238,4.818019420886119
2020-08-23,Angela_DER_AY470_eobs_4001__2020__southbound_01,Angela / DER AY470 (eobs 4001),45.665047,4.7279363,43.503193,3.9061465,45.082413,3.807791063903262,175.77583484080805,249.03783,1,0.95835316,0.6985751,96.318825,45.082413,3.807791063903262,175.77583484080805
2020-08-23,Europa_DER_A1A26_eobs_4004__2020__southbound_01,Europa / DER A1A26 (eobs 4004),47.1363,7.5240912,47.119648,7.585053,47.132248,7.519253017403499,5.171554456798692,4.9697304,0,0.040691722,0.6985751,0.57940495,47.1363,7.5240912437438965,4.969721551491427
2020-08-23,Mirabell_plus_DER_AN910_eobs_3907__2020__southbound_01,Mirabell + / DER AN910 (eobs 3907),47.80392,8.879947,47.801846,8.874266,47.79956,8.875270063422686,0.26492471540698304,0.4830556,0,0.030532314,0.6985751,0.5966488,47.80392,8.8799467086792,0.4829914245640213
2020-08-23,Sierit_DER_AN858_eobs2561__2020__southbound_01,Sierit  / DER AN858 (eobs2561),47.803898,8.879863,47.801914,8.874343,47.798492,8.874074240537295,0.38101434288120495,0.46752492,0,0.046217907,0.6985751,0.7391618,47.803898,8.879862785339355,0.4675636384758224
2020-08-23,Zozu_plus_DER_AL581_eobs2541__2020__southbound_01,Zozu + / DER AL581 (eobs2541),47.749763,9.059016,47.752613,9.024365,47.74499,9.053186844154139,2.3155221005150977,2.6099024,0,0.045687437,0.6985751,0.6856127,47.749763,9.059016227722168,2.6098753010454527
2020-08-24,Angela_DER_AY470_eobs_4001__2020__southbound_01,Angela / DER AY470 (eobs 4001),43.503193,3.9061465,42.513783,2.8850985,43.008957,3.198999346183125,60.73219179653572,137.82597,1,0.9549905,0.6985751,79.06408,43.008957,3.198999346183125,60.73219179653572
2020-08-24,Europa_DER_A1A26_eobs_4004__2020__southbound_01,Europa / DER A1A26 (eobs 4004),47.119648,7.585053,46.807476,6.80487,47.11569,7.579630387850193,68.05484168053549,68.63028,1,0.06683699,0.6985751,0.60070056,47.119648,7.585052967071533,68.6304106422631
2020-08-24,Mirabell_plus_DER_AN910_eobs_3907__2020__southbound_01,Mirabell + / DER AN910 (eobs 3907),47.801846,8.874266,47.80194,8.880507,47.79708,8.868580859283657,1.0419269284428303,0.46634042,0,0.0400475,0.6985751,0.677897,47.801846,8.874265670776367,0.4663161628091886
2020-08-24,Sierit_DER_AN858_eobs2561__2020__southbound_01,Sierit  / DER AN858 (eobs2561),47.801914,8.874343,47.80449,8.880633,47.7956,8.867060591208134,1.4158166107167773,0.55024606,0,0.06530472,0.6985751,0.88648707,47.801914,8.874342918395996,0.5501870286379079
2020-08-24,Zozu_plus_DER_AL581_eobs2541__2020__southbound_01,Zozu + / DER AL581 (eobs2541),47.752613,9.024365,47.32858,8.375759,47.74736,9.017547222387709,67.00346170528158,67.77549,1,0.056933362,0.6985751,0.773742,47.752613,9.024365425109863,67.77567493194478
2020-08-25,Angela_DER_AY470_eobs_4001__2020__southbound_01,Angela / DER AY470 (eobs 4001),42.513783,2.8850985,41.61882,0.69156855,42.078064,2.1862073574701917,133.9175730296581,206.60591,1,0.95204455,0.6985751,74.893745,42.078064,2.1862073574701917,133.9175730296581
2020-08-25,Europa_DER_A1A26_eobs_4004__2020__southbound_01,Europa / DER A1A26 (eobs 4004),46.807476,6.80487,45.077362,4.797459,46.205116,5.834765875074143,149.0890618093426,247.17233,1,0.961815,0.6985751,99.51201,46.205116,5.834765875074143,149.0890618093426
2020-08-25,Mirabell_plus_DER_AN910_eobs_3907__2020__southbound_01,Mirabell + / DER AN910 (eobs 3907),47.80194,8.880507,47.801964,8.879419,47.79739,8.875558816760524,0.5846422782518316,0.08129735,0,0.036512144,0.6985751,0.6255422,47.80194,8.880507469177246,0.08131234391275695
2020-08-25,Sierit_DER_AN858_eobs2561__2020__southbound_01,Sierit  / DER AN858 (eobs2561),47.80449,8.880633,47.801857,8.879341,47.799603,8.875335724329261,0.390314538643122,0.30818436,0,0.045682594,0.6985751,0.671085,47.80449,8.880633354187012,0.3081834921099792
2020-08-25,Zozu_plus_DER_AL581_eobs2541__2020__southbound_01,Zozu + / DER AL581 (eobs2541),47.32858,8.375759,47.231762,8.259381,46.58407,7.2521479769291775,105.07669073219238,13.891591,1,0.96810025,0.6985751,118.21847,46.58407,7.2521479769291775,105.07669073219238
2020-08-26,Angela_DER_AY470_eobs_4001__2020__southbound_01,Angela / DER AY470 (eobs 4001),41.61882,0.69156855,41.308945,-0.8508059,41.250607,0.06602797262688787,76.88695225439106,133.05751,1,0.9546111,0.6985751,66.06787,41.250607,0.06602797262688787,76.88695225439106
2020-08-26,Europa_DER_A1A26_eobs_4004__2020__southbound_01,Europa / DER A1A26 (eobs 4004),45.077362,4.797459,43.82647,4.49841,44.413754,3.994847254603548,76.68262901752682,141.1037,1,0.9696442,0.6985751,96.869446,44.413754,3.994847254603548,76.68262901752682
2020-08-26,Mirabell_plus_DER_AN910_eobs_3907__2020__southbound_01,Mirabell + / DER AN910 (eobs 3907),47.801964,8.879419,47.809895,8.88335,47.797455,8.874113954078632,1.5457101044425987,0.9294909,0,0.037760463,0.6985751,0.6379913,47.801964,8.879419326782227,0.929446362341912
2020-08-26,Sierit_DER_AN858_eobs2561__2020__southbound_01,Sierit  / DER AN858 (eobs2561),47.801857,8.879341,47.805744,8.880607,47.797028,8.873701349000115,1.0979225812587232,0.44256064,0,0.044882827,0.6985751,0.68136394,47.801857,8.879341125488281,0.44244843933264166
2020-08-26,Zozu_plus_DER_AL581_eobs2541__2020__southbound_01,Zozu + / DER AL581 (eobs2541),47.231762,8.259381,47.233185,8.252966,46.808697,7.337019937405356,83.95700149416825,0.509594,0,0.9503841,0.6985751,83.89537,46.808697,7.337019937405356,83.95700149416825
2020-08-27,Angela_DER_AY470_eobs_4001__2020__southbound_01,Angela / DER AY470 (eobs 4001),41.308945,-0.8508059,40.82922,-1.9202002,40.96426,-1.494807753173486,38.779842805797195,104.31788,1,0.96337247,0.6985751,65.93257,40.96426,-1.494807753173486,38.779842805797195
2020-08-27,Europa_DER_A1A26_eobs_4004__2020__southbound_01,Europa / DER A1A26 (eobs 4004),43.82647,4.49841,43.356533,3.4199433,43.24028,3.7377824486453997,28.787260908084427,101.361084,1,0.9607173,0.6985751,89.12842,43.24028,3.7377824486453997,28.787260908084427
2020-08-27,Mirabell_plus_DER_AN910_eobs_3907__2020__southbound_01,Mirabell + / DER AN910 (eobs 3907),47.809895,8.88335,47.802914,8.879726,47.80449,8.87687824436229,0.27557113653075527,0.82187355,0,0.060788218,0.6985751,0.76981676,47.809895,8.883350372314453,0.8220710003951367
2020-08-27,Sierit_DER_AN858_eobs2561__2020__southbound_01,Sierit  / DER AN858 (eobs2561),47.805744,8.880607,47.80296,8.879541,47.79843,8.871999266358763,0.7555453140480265,0.3198229,0,0.0955706,0.6985751,1.0346975,47.805744,8.880606651306152,0.3197056035083764
2020-08-27,Zozu_plus_DER_AL581_eobs2541__2020__southbound_01,Zozu + / DER AL581 (eobs2541),47.233185,8.252966,47.114326,7.545029,47.13673,8.036467607815508,37.26382032712176,55.11919,1,0.8372077,0.6985751,19.516544,47.13673,8.036467607815508,37.26382032712176
2020-08-28,Angela_DER_AY470_eobs_4001__2020__southbound_01,Angela / DER AY470 (eobs 4001),40.82922,-1.9202002,39.22833,-3.0276914,40.48647,-2.5494712859438877,145.73193105935,201.43974,1,0.9606022,0.6985751,65.121346,40.48647,-2.5494712859438877,145.73193105935
2020-08-28,Europa_DER_A1A26_eobs_4004__2020__southbound_01,Europa / DER A1A26 (eobs 4004),43.356533,3.4199433,43.122803,2.9608476,42.944633,2.755284351993934,25.916171381041586,45.370655,1,0.947818,0.6985751,70.483925,42.944633,2.755284351993934,25.916171381041586
2020-08-28,Mirabell_plus_DER_AN910_eobs_3907__2020__southbound_01,Mirabell + / DER AN910 (eobs 3907),47.802914,8.879726,47.801807,8.881165,47.797897,8.87375023648354,0.7040730653553076,0.16338648,0,0.0492783,0.6985751,0.7130742,47.802914,8.87972640991211,0.16330703880969777
2020-08-28,Sierit_DER_AN858_eobs2561__2020__southbound_01,Sierit  / DER AN858 (eobs2561),47.80296,8.879541,47.801785,8.881173,47.797626,8.873567793839337,0.7324360832604396,0.17875868,0,0.053319085,0.6985751,0.74072623,47.80296,8.879541397094727,0.1786651049843401
2020-08-28,Zozu_plus_DER_AL581_eobs2541__2020__southbound_01,Zozu + / DER AL581 (eobs2541),47.114326,7.545029,47.109154,7.546319,46.58102,6.516561550319387,97.88819255321188,0.58317,0,0.96223015,0.6985751,97.67303,46.58102,6.516561550319387,97.88819255321188
2020-08-29,Angela_DER_AY470_eobs_4001__2020__southbound_01,Angela / DER AY470 (eobs 4001),39.22833,-3.0276914,37.94277,-3.214849,38.84414,-3.6495009061299744,107.14700505016923,143.87059,1,0.9618527,0.6985751,68.3899,38.84414,-3.6495009061299744,107.14700505016923
2020-08-29,Europa_DER_A1A26_eobs_4004__2020__southbound_01,Europa / DER A1A26 (eobs 4004),43.122803,2.9608476,43.0676,2.937868,42.801502,2.358856054614921,55.654095212107315,6.415245,0,0.9441838,0.6985751,60.420753,42.801502,2.358856054614921,55.654095212107315
2020-08-29,Mirabell_plus_DER_AN910_eobs_3907__2020__southbound_01,Mirabell + / DER AN910 (eobs 3907),47.801807,8.881165,47.802933,8.880664,47.796185,8.874743219694272,0.8709860575141909,0.130569,0,0.05285706,0.6985751,0.7866305,47.801807,8.88116455078125,0.13059997444474478
2020-08-29,Sierit_DER_AN858_eobs2561__2020__southbound_01,Sierit  / DER AN858 (eobs2561),47.801785,8.881173,47.802868,8.880373,47.796032,8.874601432590373,0.8738587054948462,0.13459721,0,0.05993176,0.6985751,0.80487,47.801785,8.881173133850098,0.1344744737353762
2020-08-29,Zozu_plus_DER_AL581_eobs2541__2020__southbound_01,Zozu + / DER AL581 (eobs2541),47.109154,7.546319,47.084793,7.42525,47.104725,7.534965811225478,8.59613702690236,9.556487,0,0.23048387,0.6985751,0.9885528,47.109154,7.546319007873535,9.556508091671965
2020-08-30,Angela_DER_AY470_eobs_4001__2020__southbound_01,Angela / DER AY470 (eobs 4001),37.94277,-3.214849,37.124306,-4.9453483,37.592167,-3.7675744418069477,116.37129504689997,177.66501,1,0.9575891,0.6985751,62.092945,37.592167,-3.7675744418069477,116.37129504689997
2020-08-30,Europa_DER_A1A26_eobs_4004__2020__southbound_01,Europa / DER A1A26 (eobs 4004),43.0676,2.937868,42.008003,2.656421,43.019993,2.846775689115235,113.60463538279944,120.05723,1,0.76999366,0.6985751,9.082445,43.019993,2.846775689115235,113.60463538279944
2020-08-30,Mirabell_plus_DER_AN910_eobs_3907__2020__southbound_01,Mirabell + / DER AN910 (eobs 3907),47.802933,8.880664,47.80188,8.880042,47.797035,8.873614954818173,0.7215665054044845,0.12579176,0,0.06075643,0.6985751,0.8394542,47.802933,8.880663871765137,0.12594732627468647
2020-08-30,Sierit_DER_AN858_eobs2561__2020__southbound_01,Sierit  / DER AN858 (eobs2561),47.802868,8.880373,47.801872,8.874474,47.796673,8.873176522890255,0.5862122220285602,0.45432994,0,0.06739754,0.6985751,0.8720614,47.802868,8.880373001098633,0.4543157957451073
2020-08-30,Zozu_plus_DER_AL581_eobs2541__2020__southbound_01,Zozu + / DER AL581 (eobs2541),47.084793,7.42525,47.05003,7.307048,47.052376,7.325344392349872,1.4105189323294094,9.751459,0,0.67981464,0.6985751,8.364539,47.084793,7.425250053405762,9.751409811527616
2020-08-31,Angela_DER_AY470_eobs_4001__2020__southbound_01,Angela / DER AY470 (eobs 4001),37.124306,-4.9453483,36.503098,-6.028767,36.776966,-5.449962997544839,59.95261881591993,118.63031,1,0.9584271,0.6985751,58.999832,36.776966,-5.449962997544839,59.95261881591993
2020-08-31,Europa_DER_A1A26_eobs_4004__2020__southbound_01,Europa / DER A1A26 (eobs 4004),42.008003,2.656421,41.558605,0.6168077,41.453224,1.8852817542564968,106.27608835820396,176.33739,1,0.96594584,0.6985751,88.52926,41.453224,1.8852817542564968,106.27608835820396
2020-08-31,Mirabell_plus_DER_AN910_eobs_3907__2020__southbound_01,Mirabell + / DER AN910 (eobs 3907),47.80188,8.880042,47.8026,8.879703,47.79623,8.873383816149852,0.8512016180190233,0.08393121,0,0.05251363,0.6985751,0.79992825,47.80188,8.88004207611084,0.08408387548807592
2020-08-31,Sierit_DER_AN858_eobs2561__2020__southbound_01,Sierit  / DER AN858 (eobs2561),47.801872,8.874474,47.80272,8.879898,47.79585,8.867669415185063,1.1907544993189711,0.4158961,0,0.06090617,0.6985751,0.8394387,47.801872,8.874473571777344,0.4159484218833891
2020-08-31,Zozu_plus_DER_AL581_eobs2541__2020__southbound_01,Zozu + / DER AL581 (eobs2541),47.05003,7.307048,46.406265,6.2939243,47.015015,7.20762415947107,97.13310528238797,105.29384,1,0.729951,0.6985751,8.464544,47.015015,7.20762415947107,97.13310528238797
2020-09-01,Angela_DER_AY470_eobs_4001__2020__southbound_01,Angela / DER AY470 (eobs 4001),36.503098,-6.028767,36.500965,-6.0288234,36.188004,-6.502206839434129,54.85084464233276,0.23741017,0,0.95236003,0.6985751,54.842533,36.188004,-6.502206839434129,54.85084464233276
2020-09-01,Europa_DER_A1A26_eobs_4004__2020__southbound_01,Europa / DER A1A26 (eobs 4004),41.558605,0.6168077,41.558628,0.6142683,41.134727,-0.033348885912982906,71.72394121609108,0.21130614,0,0.96390027,0.6985751,71.623245,41.134727,-0.033348885912982906,71.72394121609108
2020-09-01,Mirabell_plus_DER_AN910_eobs_3907__2020__southbound_01,Mirabell + / DER AN910 (eobs 3907),47.8026,8.879703,47.802902,8.880591,47.796837,8.872587271607168,0.9012698880855627,0.07425469,0,0.059428025,0.6985751,0.8310837,47.8026,8.8797025680542,0.07436278774061558
2020-09-01,Sierit_DER_AN858_eobs2561__2020__southbound_01,Sierit  / DER AN858 (eobs2561),47.80272,8.879898,47.802498,8.880113,47.796528,8.87374549206469,0.8166107690837829,0.029256893,0,0.056466717,0.6985751,0.8261415,47.80272,8.879898071289062,0.029361740142233063
2020-09-01,Zozu_plus_DER_AL581_eobs2541__2020__southbound_01,Zozu + / DER AL581 (eobs2541),46.406265,6.2939243,43.118618,3.1282904,45.807625,5.386352087148181,348.55594966099414,442.7557,1,0.96140206,0.6985751,96.12926,45.807625,5.386352087148181,348.55594966099414
2020-09-02,Angela_DER_AY470_eobs_4001__2020__southbound_01,Angela / DER AY470 (eobs 4001),36.500965,-6.0288234,36.477024,-6.017776,36.478603,-6.0410574403893955,2.088999107635348,2.8392608,0,0.45033965,0.6985751,2.7115467,36.500965,-6.028823375701904,2.839416113992981
2020-09-02,Europa_DER_A1A26_eobs_4004__2020__southbound_01,Europa / DER A1A26 (eobs 4004),41.558628,0.6142683,41.530357,0.4342218,41.553535,0.6014203754228336,14.151964871891881,15.310169,1,0.293825,0.6985751,1.2076633,41.558628,0.6142683029174805,15.31019878468161
2020-09-02,Mirabell_plus_DER_AN910_eobs_3907__2020__southbound_01,Mirabell + / DER AN910 (eobs 3907),47.802902,8.880591,47.80181,8.874193,47.797436,8.874089069061165,0.48659153220200574,0.4929872,0,0.050606247,0.6985751,0.7768063,47.802902,8.88059139251709,0.4930310885056451
2020-09-02,Sierit_DER_AN858_eobs2561__2020__southbound_01,Sierit  / DER AN858 (eobs2561),47.802498,8.880113,47.802094,8.879432,47.79722,8.874088520856816,0.6731620700493625,0.06794517,0,0.04651626,0.6985751,0.7383914,47.802498,8.880112648010254,0.06788300054168281
2020-09-02,Zozu_plus_DER_AL581_eobs2541__2020__southbound_01,Zozu + / DER AL581 (eobs2541),43.118618,3.1282904,41.678387,1.1197089,42.479713,2.390138905688682,137.59435865591988,229.87794,1,0.9686327,0.6985751,92.770485,42.479713,2.390138905688682,137.59435865591988
2020-09-03,Angela_DER_AY470_eobs_4001__2020__southbound_01,Angela / DER AY470 (eobs 4001),36.477024,-6.017776,36.503082,-6.028866,36.453373,-6.026794269911872,5.530534148087778,3.0623043,0,0.45825204,0.6985751,2.745934,36.477024,-6.017776012420654,3.0624513474496142
2020-09-03,Europa_DER_A1A26_eobs_4004__2020__southbound_01,Europa / DER A1A26 (eobs 4004),41.530357,0.4342218,41.518726,-0.5834386,41.51917,0.39895262308889373,81.78936039034764,84.72821,1,0.57887506,0.6985751,3.1829393,41.530357,0.4342218041419983,84.72820763021485
2020-09-03,Mirabell_plus_DER_AN910_eobs_3907__2020__southbound_01,Mirabell + / DER AN910 (eobs 3907),47.80181,8.874193,47.801804,8.874189,47.79611,8.867133822243755,0.8238901168515828,0.0007933913,0,0.051179115,0.6985751,0.8232602,47.80181,8.87419319152832,0.0008949176843499043
2020-09-03,Sierit_DER_AN858_eobs2561__2020__southbound_01,Sierit  / DER AN858 (eobs2561),47.802094,8.879432,47.802036,8.874235,47.796494,8.873088745203837,0.6222470390454371,0.38817546,0,0.046746,0.6985751,0.78092337,47.802094,8.87943172454834,0.38817915732839653
2020-09-03,Zozu_plus_DER_AL581_eobs2541__2020__southbound_01,Zozu + / DER AL581 (eobs2541),41.678387,1.1197089,41.550625,0.58875555,41.12454,0.3873208794918853,50.274916019642355,46.36934,1,0.9701531,0.6985751,86.40683,41.12454,0.3873208794918853,50.274916019642355
2020-09-04,Angela_DER_AY470_eobs_4001__2020__southbound_01,Angela / DER AY470 (eobs 4001),36.503082,-6.028866,36.4795,-6.0181437,36.496582,-6.0353622308327495,2.44488122047576,2.7919366,0,0.18736205,0.6985751,0.925449,36.503082,-6.028865814208984,2.7919435785799678
2020-09-04,Europa_DER_A1A26_eobs_4004__2020__southbound_01,Europa / DER A1A26 (eobs 4004),41.518726,-0.5834386,41.559746,-0.7403384,41.183937,-1.0456850086531393,48.94327822310784,13.832322,1,0.9315706,0.6985751,53.449776,41.183937,-1.0456850086531393,48.94327822310784
2020-09-04,Mirabell_plus_DER_AN910_eobs_3907__2020__southbound_01,Mirabell + / DER AN910 (eobs 3907),47.801804,8.874189,47.801754,8.874162,47.796185,8.86732108490939,0.8028691749761774,0.0059390604,0,0.05132074,0.6985751,0.8069347,47.801804,8.874189376831055,0.005888483179520486
2020-09-04,Sierit_DER_AN858_eobs2561__2020__southbound_01,Sierit  / DER AN858 (eobs2561),47.802036,8.874235,47.801876,8.874244,47.796837,8.868420362783446,0.7093453689033181,0.017847253,0,0.042082045,0.6985751,0.721943,47.802036,8.874235153198242,0.01782690404206852
2020-09-04,Zozu_plus_DER_AL581_eobs2541__2020__southbound_01,Zozu + / DER AL581 (eobs2541),41.550625,0.58875555,41.528957,0.50774646,41.37228,0.2584301366013712,27.11604596617586,7.159852,0,0.8965735,0.6985751,33.83547,41.37228,0.2584301366013712,27.11604596617586
2020-09-05,Angela_DER_AY470_eobs_4001__2020__southbound_01,Angela / DER AY470 (eobs 4001),36.4795,-6.0181437,36.484417,-6.015504,36.47006,-6.023694501501036,1.7565400790737042,0.59549576,0,0.23516692,0.6985751,1.1592534,36.4795,-6.018143653869629,0.595525024301055
2020-09-05,Europa_DER_A1A26_eobs_4004__2020__southbound_01,Europa / DER A1A26 (eobs 4004),41.559746,-0.7403384,41.32113,-1.2468611,41.554176,-0.7566240372738327,48.38972383816055,49.86662,1,0.26750076,0.6985751,1.4872607,41.559746,-0.7403383851051331,49.86674548172213
2020-09-05,Mirabell_plus_DER_AN910_eobs_3907__2020__southbound_01,Mirabell + / DER AN910 (eobs 3907),47.801754,8.874162,47.785213,8.859816,47.79539,8.866581649214382,1.2394515390504994,2.1287801,0,0.06350337,0.6985751,0.9046826,47.801754,8.874161720275879,2.1286703806734897
2020-09-05,Sierit_DER_AN858_eobs2561__2020__southbound_01,Sierit  / DER AN858 (eobs2561),47.801876,8.874244,47.807056,8.881059,47.796135,8.86796739054917,1.559124145129339,0.7686964,0,0.05109308,0.6985751,0.79069984,47.801876,8.87424373626709,0.7686812230275379
2020-09-05,Zozu_plus_DER_AL581_eobs2541__2020__southbound_01,Zozu + / DER AL581 (eobs2541),41.528957,0.50774646,41.590527,0.6611677,41.51378,0.4753490655983627,17.66122667783534,14.485061,1,0.4329943,0.6985751,3.175783,41.528957,0.5077464580535889,14.485146161714727
2020-09-06,Angela_DER_AY470_eobs_4001__2020__southbound_01,Angela / DER AY470 (eobs 4001),36.484417,-6.015504,36.48449,-6.014638,36.475536,-6.02359381177336,1.27760008940111,0.07782398,0,0.27653554,0.6985751,1.2217344,36.484417,-6.015503883361816,0.07783555888894532
2020-09-06,Europa_DER_A1A26_eobs_4004__2020__southbound_01,Europa / DER A1A26 (eobs 4004),41.32113,-1.2468611,40.01642,-3.5902126,41.020554,-1.6488187886179557,198.4801598438371,245.15482,1,0.9313476,0.6985751,47.286015,41.020554,-1.6488187886179557,198.4801598438371
2020-09-06,Mirabell_plus_DER_AN910_eobs_3907__2020__southbound_01,Mirabell + / DER AN910 (eobs 3907),47.785213,8.859816,47.67857,8.73131,47.77911,8.85237632495681,14.386698775067925,15.263821,1,0.062277213,0.6985751,0.8758235,47.785213,8.85981559753418,15.263942274315399
2020-09-06,Sierit_DER_AN858_eobs2561__2020__southbound_01,Sierit  / DER AN858 (eobs2561),47.807056,8.881059,47.80179,8.8742,47.801434,8.874658245913329,0.052232995678371655,0.77808154,0,0.05411379,0.6985751,0.7855551,47.807056,8.881058692932129,0.7781721870320559
2020-09-06,Zozu_plus_DER_AL581_eobs2541__2020__southbound_01,Zozu + / DER AL581 (eobs2541),41.590527,0.6611677,41.57431,0.61771834,41.577854,0.6515178782553989,2.8390037808863866,4.038815,0,0.31008077,0.6985751,1.6186442,41.590527,0.6611676812171936,4.038738933265995
2020-09-07,Angela_DER_AY470_eobs_4001__2020__southbound_01,Angela / DER AY470 (eobs 4001),36.48449,-6.014638,36.47643,-6.0149093,36.473,-6.021249146466103,0.6832000772863976,0.89628226,0,0.34444973,0.6985751,1.4054096,36.48449,-6.0146379470825195,0.8966111907846321
2020-09-07,Europa_DER_A1A26_eobs_4004__2020__southbound_01,Europa / DER A1A26 (eobs 4004),40.01642,-3.5902126,38.856464,-3.6599746,39.605846,-4.066184741964861,90.37458799951762,129.1205,1,0.9419946,0.6985751,60.944027,39.605846,-4.066184741964861,90.37458799951762
2020-09-07,Mirabell_plus_DER_AN910_eobs_3907__2020__southbound_01,Mirabell + / DER AN910 (eobs 3907),47.67857,8.73131,46.657272,6.630689,47.262173,7.942019337192054,120.11518571855225,195.21576,1,0.94027966,0.6985751,74.93896,47.262173,7.942019337192054,120.11518571855225
2020-09-07,Sierit_DER_AN858_eobs2561__2020__southbound_01,Sierit  / DER AN858 (eobs2561),47.80179,8.8742,47.80185,8.874167,47.796,8.867323758065897,0.8271298202323801,0.0072441315,0,0.057767823,0.6985751,0.82197875,47.80179,8.874199867248535,0.007205961864052674
2020-09-07,Zozu_plus_DER_AL581_eobs2541__2020__southbound_01,Zozu + / DER AL581 (eobs2541),41.57431,0.61771834,41.574005,0.61666894,41.56726,0.605428985276466,1.19863284553686,0.093612485,0,0.31481332,0.6985751,1.285893,41.57431,0.6177183389663696,0.09365771531956439
2020-09-08,Angela_DER_AY470_eobs_4001__2020__southbound_01,Angela / DER AY470 (eobs 4001),36.47643,-6.0149093,36.503296,-6.02887,36.470478,-6.021179345488207,3.7133897447846063,3.237333,0,0.2511097,0.6985751,0.86577636,36.47643,-6.014909267425537,3.237684612600353
2020-09-08,Europa_DER_A1A26_eobs_4004__2020__southbound_01,Europa / DER A1A26 (eobs 4004),38.856464,-3.6599746,38.856434,-3.6568153,38.439636,-4.104498697022677,60.49321129955538,0.27358222,0,0.94234234,0.6985751,60.14242,38.439636,-4.104498697022677,60.49321129955538
2020-09-08,Mirabell_plus_DER_AN910_eobs_3907__2020__southbound_01,Mirabell + / DER AN910 (eobs 3907),46.657272,6.630689,43.02633,2.9956791,45.834522,5.582690980546845,373.71893137866937,494.9987,1,0.9758331,0.6985751,121.306244,45.834522,5.582690980546845,373.71893137866937
2020-09-08,Sierit_DER_AN858_eobs2561__2020__southbound_01,Sierit  / DER AN858 (eobs2561),47.80185,8.874167,47.80287,8.879482,47.796604,8.867858761028286,1.1133050279108934,0.4128996,0,0.05255096,0.6985751,0.7485708,47.80185,8.874167442321777,0.41291392078093186
2020-09-08,Zozu_plus_DER_AL581_eobs2541__2020__southbound_01,Zozu + / DER AL581 (eobs2541),41.574005,0.61666894,41.583836,0.619094,41.56442,0.6041005754959595,2.493408443059167,1.111646,0,0.28189763,0.6985751,1.4904037,41.574005,0.6166689395904541,1.111556232234868
2020-09-09,Angela_DER_AY470_eobs_4001__2020__southbound_01,Angela / DER AY470 (eobs 4001),36.503296,-6.02887,36.47669,-6.015118,36.49771,-6.035271031171955,2.9513580969586974,3.2035518,0,0.20387183,0.6985751,0.84283197,36.503296,-6.028870105743408,3.203877640699395
2020-09-09,Europa_DER_A1A26_eobs_4004__2020__southbound_01,Europa / DER A1A26 (eobs 4004),38.856434,-3.6568153,38.856464,-3.656686,38.85031,-3.6615681545760044,0.8042679282846084,0.011704785,0,0.22703212,0.6985751,0.79429257,38.856434,-3.65681529045105,0.011692632175196057
2020-09-09,Mirabell_plus_DER_AN910_eobs_3907__2020__southbound_01,Mirabell + / DER AN910 (eobs 3907),43.02633,2.9956791,41.546463,0.6152854,42.313984,2.1175708093038113,150.7548361592265,255.75604,1,0.97614086,0.6985751,106.43926,42.313984,2.1175708093038113,150.7548361592265
2020-09-09,Sierit_DER_AN858_eobs2561__2020__southbound_01,Sierit  / DER AN858 (eobs2561),47.80287,8.879482,47.802193,8.875374,47.795807,8.872282104276428,0.7466786937540794,0.31605357,0,0.07162051,0.6985751,0.95020694,47.80287,8.87948226928711,0.3160044967188071
2020-09-09,Zozu_plus_DER_AL581_eobs2541__2020__southbound_01,Zozu + / DER AL581 (eobs2541),41.583836,0.619094,41.574654,0.6175405,41.573,0.6056957940834213,1.0022746507327323,1.0291542,0,0.30625895,0.6985751,1.6380222,41.583836,0.6190940141677856,1.0291354021395893
2020-09-10,Angela_DER_AY470_eobs_4001__2020__southbound_01,Angela / DER AY470 (eobs 4001),36.47669,-6.015118,36.504448,-6.0296903,36.470333,-6.019811057501382,3.8948600539071525,3.3503711,0,0.20950969,0.6985751,0.8203121,36.47669,-6.01511812210083,3.3503541045406493
2020-09-10,Europa_DER_A1A26_eobs_4004__2020__southbound_01,Europa / DER A1A26 (eobs 4004),38.856464,-3.656686,38.856236,-3.6566453,38.850224,-3.6625318677133323,0.8406713830336162,0.025516052,0,0.20662142,0.6985751,0.857329,38.856464,-3.6566860675811768,0.02569420672050958
2020-09-10,Mirabell_plus_DER_AN910_eobs_3907__2020__southbound_01,Mirabell + / DER AN910 (eobs 3907),41.546463,0.6152854,41.542744,0.523585,40.96331,-0.19957046337261242,88.35022558631249,7.642753,0,0.9723913,0.6985751,93.66095,40.96331,-0.19957046337261242,88.35022558631249
2020-09-10,Sierit_DER_AN858_eobs2561__2020__southbound_01,Sierit  / DER AN858 (eobs2561),47.802193,8.875374,47.36657,8.356254,47.795273,8.867139478150998,61.161796135112965,62.146545,1,0.08208042,0.6985751,0.98328626,47.802193,8.875373840332031,62.14684373561388
2020-09-10,Zozu_plus_DER_AL581_eobs2541__2020__southbound_01,Zozu + / DER AL581 (eobs2541),41.574654,0.6175405,41.60397,0.6694953,41.56569,0.6032163046368255,6.964639173402475,5.4124813,0,0.28017083,0.6985751,1.5507936,41.574654,0.6175404787063599,5.412562164446445
2020-09-11,Angela_DER_AY470_eobs_4001__2020__southbound_01,Angela / DER AY470 (eobs 4001),36.504448,-6.0296903,36.484276,-6.015066,36.497612,-6.040050768148963,2.6809719990331806,2.5964127,0,0.28137776,0.6985751,1.1958214,36.504448,-6.029690265655518,2.5961871348991523
2020-09-11,Europa_DER_A1A26_eobs_4004__2020__southbound_01,Europa / DER A1A26 (eobs 4004),38.856236,-3.6566453,38.85648,-3.6564963,38.850727,-3.6633361857705578,0.871761302373359,0.029709544,0,0.25994328,0.6985751,0.8417801,38.856236,-3.6566452980041504,0.030057570773084456
2020-09-11,Mirabell_plus_DER_AN910_eobs_3907__2020__southbound_01,Mirabell + / DER AN910 (eobs 3907),41.542744,0.523585,41.537888,0.0708085,41.53161,0.4880917459415179,34.73975904477001,37.687653,1,0.38504398,0.6985751,3.197269,41.542744,0.5235850214958191,37.6876575153298
2020-09-11,Sierit_DER_AN858_eobs2561__2020__southbound_01,Sierit  / DER AN858 (eobs2561),47.36657,8.356254,45.620262,5.525931,46.755035,7.289515082539877,185.33603451358388,290.91022,1,0.9608176,0.6985751,105.068985,46.755035,7.289515082539877,185.33603451358388
2020-09-11,Zozu_plus_DER_AL581_eobs2541__2020__southbound_01,Zozu + / DER AL581 (eobs2541),41.60397,0.6694953,41.6301,0.7793752,41.595764,0.6535348002292068,11.136634998690845,9.585271,0,0.3189997,0.6985751,1.6075773,41.60397,0.6694952845573425,9.5852639614456
2020-09-12,Angela_DER_AY470_eobs_4001__2020__southbound_01,Angela / DER AY470 (eobs 4001),36.484276,-6.015066,36.48424,-6.0148373,36.47916,-6.019624607549785,0.7088201266456826,0.020789811,0,0.17379643,0.6985751,0.6986447,36.484276,-6.015066146850586,0.020815807541176314
2020-09-12,Europa_DER_A1A26_eobs_4004__2020__southbound_01,Europa / DER A1A26 (eobs 4004),38.85648,-3.6564963,38.856384,-3.6592317,38.85071,-3.6652713683365707,0.8193728804417941,0.23707423,0,0.25757205,0.6985751,0.9926131,38.85648,-3.656496286392212,0.23709318078919986
2020-09-12,Mirabell_plus_DER_AN910_eobs_3907__2020__southbound_01,Mirabell + / DER AN910 (eobs 3907),41.537888,0.0708085,40.910423,-2.7546327,41.382336,-0.2753673196722997,214.11780149753884,246.37418,1,0.88931155,0.6985751,33.54667,41.382336,-0.2753673196722997,214.11780149753884
2020-09-12,Sierit_DER_AN858_eobs2561__2020__southbound_01,Sierit  / DER AN858 (eobs2561),45.620262,5.525931,43.4638,3.6463742,44.86687,4.609388237491796,173.89578548519853,282.26987,1,0.9725565,0.6985751,109.80182,44.86687,4.609388237491796,173.89578548519853
2020-09-12,Zozu_plus_DER_AL581_eobs2541__2020__southbound_01,Zozu + / DER AL581 (eobs2541),41.6301,0.7793752,41.603146,0.61647946,41.618717,0.7632696452835092,12.325971099317366,13.869221,1,0.33663982,0.6985751,1.839158,41.6301,0.7793751955032349,13.869258608588584
2020-09-13,Angela_DER_AY470_eobs_4001__2020__southbound_01,Angela / DER AY470 (eobs 4001),36.48424,-6.0148373,36.50421,-6.0295362,36.479496,-6.019059570160175,2.903433082120094,2.5802076,0,0.14461885,0.6985751,0.6474893,36.48424,-6.014837265014648,2.580191432180612
2020-09-13,Europa_DER_A1A26_eobs_4004__2020__southbound_01,Europa / DER A1A26 (eobs 4004),38.856384,-3.6592317,38.8564,-3.6586986,38.85147,-3.6671808449593266,0.9164284699390259,0.04619433,0,0.21854301,0.6985751,0.87719685,38.856384,-3.659231662750244,0.046192604154852185
2020-09-13,Mirabell_plus_DER_AN910_eobs_3907__2020__southbound_01,Mirabell + / DER AN910 (eobs 3907),40.910423,-2.7546327,40.070084,-3.8856056,40.70487,-3.049953645801742,99.95608041945661,133.70886,1,0.8855029,0.6985751,33.679756,40.70487,-3.049953645801742,99.95608041945661
2020-09-13,Sierit_DER_AN858_eobs2561__2020__southbound_01,Sierit  / DER AN858 (eobs2561),43.4638,3.6463742,42.72566,2.8172333,42.795017,2.8093988977246385,7.738836166055659,106.15527,1,0.97039086,0.6985751,100.28802,42.795017,2.8093988977246385,7.738836166055659
2020-09-13,Zozu_plus_DER_AL581_eobs2541__2020__southbound_01,Zozu + / DER AL581 (eobs2541),41.603146,0.61647946,41.59111,0.61690646,41.56154,0.5579685738622973,5.903177538663459,1.3390206,0,0.61124665,0.6985751,6.7017837,41.603146,0.6164794564247131,1.338744894305978
2020-09-14,Angela_DER_AY470_eobs_4001__2020__southbound_01,Angela / DER AY470 (eobs 4001),36.50421,-6.0295362,36.484596,-6.014759,36.498928,-6.035977474363804,2.477403679829787,2.5500627,0,0.18538056,0.6985751,0.82103634,36.50421,-6.029536247253418,2.549933496585396
2020-09-14,Europa_DER_A1A26_eobs_4004__2020__southbound_01,Europa / DER A1A26 (eobs 4004),38.8564,-3.6586986,38.85665,-3.6599832,38.850887,-3.665086320853737,0.778501697569917,0.114739686,0,0.17306949,0.6985751,0.8241203,38.8564,-3.658698558807373,0.1147020816923785
2020-09-14,Mirabell_plus_DER_AN910_eobs_3907__2020__southbound_01,Mirabell + / DER AN910 (eobs 3907),40.070084,-3.8856056,39.854267,-4.27741,39.86284,-4.165372807641812,9.61049164638253,41.120953,1,0.8924412,0.6985751,33.074806,39.86284,-4.165372807641812,9.61049164638253
2020-09-14,Sierit_DER_AN858_eobs2561__2020__southbound_01,Sierit  / DER AN858 (eobs2561),42.72566,2.8172333,41.631916,0.7678757,42.16536,1.9955999322048612,117.65733229135533,208.09592,1,0.9669671,0.6985751,91.41475,42.16536,1.9955999322048612,117.65733229135533
2020-09-14,Zozu_plus_DER_AL581_eobs2541__2020__southbound_01,Zozu + / DER AL581 (eobs2541),41.59111,0.61690646,41.56884,0.5529311,41.5801,0.6000440209958938,4.114238006583054,5.8691335,0,0.3216758,0.6985751,1.8583242,41.59111,0.616906464099884,5.869280880677686
2020-09-15,Angela_DER_AY470_eobs_4001__2020__southbound_01,Angela / DER AY470 (eobs 4001),36.484596,-6.014759,36.476963,-6.0146356,36.479515,-6.019922707090883,0.5513575527710635,0.8486627,0,0.17311078,0.6985751,0.72833186,36.484596,-6.014759063720703,0.8488471321613975
2020-09-15,Europa_DER_A1A26_eobs_4004__2020__southbound_01,Europa / DER A1A26 (eobs 4004),38.85665,-3.6599832,38.85652,-3.6604588,38.850986,-3.6690637135142024,0.9664508091385969,0.043731432,0,0.22835205,0.6985751,1.0058411,38.85665,-3.6599831581115723,0.04363801668381036
2020-09-15,Mirabell_plus_DER_AN910_eobs_3907__2020__southbound_01,Mirabell + / DER AN910 (eobs 3907),39.854267,-4.27741,39.68859,-3.9500446,39.69471,-4.50488955179895,47.47943643987552,33.498764,1,0.882948,0.6985751,26.256634,39.69471,-4.50488955179895,47.47943643987552
2020-09-15,Sierit_DER_AN858_eobs2561__2020__southbound_01,Sierit  / DER AN858 (eobs2561),41.631916,0.7678757,41.560707,0.614593,41.180195,0.09783102027902102,60.41281734938869,15.005516,1,0.96240747,0.6985751,74.86227,41.180195,0.09783102027902102,60.41281734938869
2020-09-15,Zozu_plus_DER_AL581_eobs2541__2020__southbound_01,Zozu + / DER AL581 (eobs2541),41.56884,0.5529311,41.584816,0.61710155,41.55578,0.525060340494401,8.309823075269986,5.6256437,0,0.3693493,0.6985751,2.7311733,41.56884,0.5529310703277588,5.625630028295565
2020-09-16,Angela_DER_AY470_eobs_4001__2020__southbound_01,Angela / DER AY470 (eobs 4001),36.476963,-6.0146356,36.47861,-6.0152435,36.469604,-6.022975798201413,1.216948846321359,0.19115853,0,0.2891215,0.6985751,1.1050029,36.476963,-6.0146355628967285,0.19113653720325188
2020-09-16,Europa_DER_A1A26_eobs_4004__2020__southbound_01,Europa / DER A1A26 (eobs 4004),38.85652,-3.6604588,38.85646,-3.6602352,38.84923,-3.6708103798047262,1.2184899354245686,0.020478735,0,0.2603222,0.6985751,1.2063005,38.85652,-3.66045880317688,0.020519516434758165
2020-09-16,Mirabell_plus_DER_AN910_eobs_3907__2020__southbound_01,Mirabell + / DER AN910 (eobs 3907),39.68859,-3.9500446,39.391964,-3.2891781,39.616924,-4.002226957157884,66.09257453514246,65.56955,1,0.7039361,0.6985751,9.118572,39.616924,-4.002226957157884,66.09257453514246
2020-09-16,Sierit_DER_AN858_eobs2561__2020__southbound_01,Sierit  / DER AN858 (eobs2561),41.560707,0.614593,41.546246,0.5935551,41.47641,0.4353824083114861,15.289181852399974,2.3770435,0,0.7910505,0.6985751,17.581406,41.47641,0.4353824083114861,15.289181852399974
2020-09-16,Zozu_plus_DER_AL581_eobs2541__2020__southbound_01,Zozu + / DER AL581 (eobs2541),41.584816,0.61710155,41.588837,0.6436412,41.570843,0.5985266177310248,4.252611027247486,2.252025,0,0.3823531,0.6985751,2.187109,41.584816,0.6171015501022339,2.2520822041530852
2020-09-17,Angela_DER_AY470_eobs_4001__2020__southbound_01,Angela / DER AY470 (eobs 4001),36.47861,-6.0152435,36.50417,-6.029885,36.472015,-6.024822757047908,3.603901522650576,3.1286023,0,0.25519624,0.6985751,1.1256299,36.47861,-6.0152435302734375,3.1288867867564543
2020-09-17,Europa_DER_A1A26_eobs_4004__2020__southbound_01,Europa / DER A1A26 (eobs 4004),38.85646,-3.6602352,38.85617,-3.6601996,38.85049,-3.6683811517884104,0.9491262064631478,0.03251534,0,0.22350977,0.6985751,0.96693945,38.85646,-3.6602351665496826,0.03238376779539587
2020-09-17,Mirabell_plus_DER_AN910_eobs_3907__2020__southbound_01,Mirabell + / DER AN910 (eobs 3907),39.391964,-3.2891781,38.856514,-3.65993,39.261566,-3.3370267356758943,52.970619423253986,67.58524,1,0.8013298,0.6985751,15.044825,39.261566,-3.3370267356758943,52.970619423253986
2020-09-17,Sierit_DER_AN858_eobs2561__2020__southbound_01,Sierit  / DER AN858 (eobs2561),41.546246,0.5935551,41.538815,0.6144831,41.528584,0.5613805707841243,4.5641430815028645,1.9278554,0,0.47283205,0.6985751,3.314914,41.546246,0.5935550928115845,1.9278062573596069
2020-09-17,Zozu_plus_DER_AL581_eobs2541__2020__southbound_01,Zozu + / DER AL581 (eobs2541),41.588837,0.6436412,41.574913,0.6159688,41.576305,0.6247227562134638,0.7444547289920042,2.7737644,0,0.38103363,0.6985751,2.09789,41.588837,0.6436411738395691,2.773915781817521
2020-09-18,Angela_DER_AY470_eobs_4001__2020__southbound_01,Angela / DER AY470 (eobs 4001),36.50417,-6.029885,36.478203,-6.015092,36.498367,-6.038846161026145,3.0882160731042725,3.1755238,0,0.23257641,0.6985751,1.026612,36.50417,-6.0298848152160645,3.17579056301092
2020-09-18,Europa_DER_A1A26_eobs_4004__2020__southbound_01,Europa / DER A1A26 (eobs 4004),38.85617,-3.6601996,38.860756,-3.6600916,38.851463,-3.667017906133143,1.1947337144428973,0.5099484,0,0.1425372,0.6985751,0.7875179,38.85617,-3.6601996421813965,0.5099447903290877
2020-09-18,Mirabell_plus_DER_AN910_eobs_3907__2020__southbound_01,Mirabell + / DER AN910 (eobs 3907),38.856514,-3.65993,38.85653,-3.659638,38.590954,-3.911404620270108,36.729964302633554,0.02533989,0,0.8954609,0.6985751,36.62515,38.590954,-3.911404620270108,36.729964302633554
2020-09-18,Sierit_DER_AN858_eobs2561__2020__southbound_01,Sierit  / DER AN858 (eobs2561),41.538815,0.6144831,41.538826,0.6149328,41.52388,0.6040124729568136,1.8942720941390407,0.037446514,0,0.34266984,0.6985751,1.8721646,41.538815,0.614483118057251,0.03744672957707358
2020-09-18,Zozu_plus_DER_AL581_eobs2541__2020__southbound_01,Zozu + / DER AL581 (eobs2541),41.574913,0.6159688,41.574398,0.61621666,41.562714,0.5904899050175999,2.5037492540369244,0.061036453,0,0.38066354,0.6985751,2.5118945,41.574913,0.6159688234329224,0.06086174623766901
2020-09-19,Angela_DER_AY470_eobs_4001__2020__southbound_01,Angela / DER AY470 (eobs 4001),36.478203,-6.015092,36.478058,-6.014251,36.472404,-6.023289515321111,1.023851146865503,0.07697655,0,0.22509369,0.6985751,0.97442335,36.478203,-6.015091896057129,0.07687277541353713
2020-09-19,Europa_DER_A1A26_eobs_4004__2020__southbound_01,Europa / DER A1A26 (eobs 4004),38.860756,-3.6600916,38.857742,-3.6589248,38.85563,-3.667621692278074,0.7888720519013538,0.34963906,0,0.16923289,0.6985751,0.86446947,38.860756,-3.6600916385650635,0.3499976719381425
2020-09-19,Mirabell_plus_DER_AN910_eobs_3907__2020__southbound_01,Mirabell + / DER AN910 (eobs 3907),38.85653,-3.659638,38.858276,-3.6598635,38.83456,-3.676562318405642,3.007599893393906,0.19519283,0,0.6086197,0.6985751,2.8435817,38.85653,-3.659637928009033,0.19525156369149732
2020-09-19,Sierit_DER_AN858_eobs2561__2020__southbound_01,Sierit  / DER AN858 (eobs2561),41.538826,0.6149328,41.54096,0.6149229,41.527004,0.6078334162100896,1.6600570036854572,0.23698594,0,0.26212025,0.6985751,1.4386177,41.538826,0.6149327754974365,0.23711557280027026
2020-09-19,Zozu_plus_DER_AL581_eobs2541__2020__southbound_01,Zozu + / DER AL581 (eobs2541),41.574398,0.61621666,41.587368,0.6169033,41.565254,0.6015476272009572,2.770911362241468,1.443475,0,0.2995493,0.6985751,1.5854373,41.574398,0.6162166595458984,1.4433273468711052
2020-09-20,Angela_DER_AY470_eobs_4001__2020__southbound_01,Angela / DER AY470 (eobs 4001),36.478058,-6.014251,36.28409,-5.9409113,36.468082,-6.025926877075554,21.8291639409745,22.545626,1,0.35782775,0.6985751,1.5206335,36.478058,-6.014251232147217,22.545631530547556
2020-09-20,Europa_DER_A1A26_eobs_4004__2020__southbound_01,Europa / DER A1A26 (eobs 4004),38.857742,-3.6589248,38.856407,-3.660077,38.852432,-3.6661883037193865,0.6894863962890263,0.17899771,0,0.14421645,0.6985751,0.8610682,38.857742,-3.6589248180389404,0.17887363623033103
2020-09-20,Mirabell_plus_DER_AN910_eobs_3907__2020__southbound_01,Mirabell + / DER AN910 (eobs 3907),38.858276,-3.6598635,38.856354,-3.6598315,38.851032,-3.6735911887040262,1.3303365804361815,0.21372923,0,0.32452226,0.6985751,1.4334271,38.858276,-3.6598634719848633,0.21380238389138395
2020-09-20,Sierit_DER_AN858_eobs2561__2020__southbound_01,Sierit  / DER AN858 (eobs2561),41.54096,0.6149229,41.54027,0.61658525,41.533886,0.5998299534695587,1.564949807049452,0.15791629,0,0.2689368,0.6985751,1.4794381,41.54096,0.6149228811264038,0.1580250924041081
2020-09-20,Zozu_plus_DER_AL581_eobs2541__2020__southbound_01,Zozu + / DER AL581 (eobs2541),41.587368,0.6169033,41.575397,0.61684495,41.57887,0.5992918009178902,1.5102486320666877,1.3313031,0,0.30961928,0.6985751,1.7401817,41.587368,0.6169033050537109,1.331071782839675
2020-09-21,Europa_DER_A1A26_eobs_4004__2020__southbound_01,Europa / DER A1A26 (eobs 4004),38.856407,-3.660077,38.85616,-3.660248,38.849964,-3.669069594181265,1.0286217991592712,0.031346314,0,0.23368187,0.6985751,1.0563,38.856407,-3.6600770950317383,0.03129359238379055
2020-09-21,Mirabell_plus_DER_AN910_eobs_3907__2020__southbound_01,Mirabell + / DER AN910 (eobs 3907),38.856354,-3.6598315,38.85651,-3.657117,38.84342,-3.6786753905984795,2.3674141491572307,0.23569159,0,0.45694748,0.6985751,2.1712446,38.856354,-3.6598315238952637,0.23570230604238487
2020-09-21,Sierit_DER_AN858_eobs2561__2020__southbound_01,Sierit  / DER AN858 (eobs2561),41.54027,0.61658525,41.538647,0.6156077,41.49567,0.5927730683670381,5.143053610580613,0.19840288,0,0.6245873,0.6985751,5.3312626,41.54027,0.6165852546691895,0.19817165096246464
2020-09-21,Zozu_plus_DER_AL581_eobs2541__2020__southbound_01,Zozu + / DER AL581 (eobs2541),41.575397,0.61684495,41.574677,0.6156663,41.56567,0.597842036185982,1.7893136491317476,0.126576,0,0.3570301,0.6985751,1.9121108,41.575397,0.6168449521064758,0.12665037634412327
2020-09-22,Europa_DER_A1A26_eobs_4004__2020__southbound_01,Europa / DER A1A26 (eobs 4004),38.85616,-3.660248,38.856586,-3.6599472,38.849903,-3.6688301479963488,1.0695638065876607,0.05420812,0,0.21447733,0.6985751,1.0161434,38.85616,-3.660248041152954,0.054182706799842516
2020-09-22,Mirabell_plus_DER_AN910_eobs_3907__2020__southbound_01,Mirabell + / DER AN910 (eobs 3907),38.85651,-3.657117,38.856056,-3.6602695,38.837624,-3.669074379341457,2.1868603922036214,0.27758753,0,0.4555356,0.6985751,2.3374698,38.85651,-3.6571168899536133,0.27761215207593426
2020-09-22,Sierit_DER_AN858_eobs2561__2020__southbound_01,Sierit  / DER AN858 (eobs2561),41.538647,0.6156077,41.561646,0.6147613,41.52698,0.5904193146874124,4.3544202538359285,2.5586567,0,0.43842196,0.6985751,2.460951,41.538647,0.6156076788902283,2.558324217077956
2020-09-22,Zozu_plus_DER_AL581_eobs2541__2020__southbound_01,Zozu + / DER AL581 (eobs2541),41.574677,0.6156663,41.57477,0.6165002,41.568172,0.5989320861685439,1.6353478113815503,0.070199855,0,0.28954443,0.6985751,1.5659877,41.574677,0.6156662702560425,0.07017539467134629
2020-09-23,Europa_DER_A1A26_eobs_4004__2020__southbound_01,Europa / DER A1A26 (eobs 4004),38.856586,-3.6599472,38.856133,-3.660437,38.850594,-3.6694309090519472,0.9929123600881588,0.065942176,0,0.22675183,0.6985751,1.0558262,38.856586,-3.659947156906128,0.06593768176448962
2020-09-23,Mirabell_plus_DER_AN910_eobs_3907__2020__southbound_01,Mirabell + / DER AN910 (eobs 3907),38.856056,-3.6602695,38.533264,-4.3681154,38.84828,-3.676799551354221,69.47635585318851,71.14815,1,0.34709135,0.6985751,1.6693056,38.856056,-3.6602694988250732,71.14827552749406
2020-09-23,Sierit_DER_AN858_eobs2561__2020__southbound_01,Sierit  / DER AN858 (eobs2561),41.561646,0.6147613,41.538746,0.6155688,41.552876,0.5953427707978483,2.302560992341118,2.5472205,0,0.2913304,0.6985751,1.8838216,41.561646,0.6147612929344177,2.54721248239246
2020-09-23,Zozu_plus_DER_AL581_eobs2541__2020__southbound_01,Zozu + / DER AL581 (eobs2541),41.57477,0.6165002,41.58417,0.61684066,41.563145,0.603121224028025,2.6017247603044575,1.045345,0,0.31836656,0.6985751,1.7027718,41.57477,0.616500198841095,1.0455521814118773
2020-09-24,Europa_DER_A1A26_eobs_4004__2020__southbound_01,Europa / DER A1A26 (eobs 4004),38.856133,-3.660437,38.85887,-3.6601422,38.85048,-3.668927136165323,1.2039565711371967,0.30567622,0,0.18294735,0.6985751,0.96563965,38.856133,-3.6604371070861816,0.30562681616414206
2020-09-24,Sierit_DER_AN858_eobs2561__2020__southbound_01,Sierit  / DER AN858 (eobs2561),41.538746,0.6155688,41.538895,0.6148322,41.529587,0.5979739025564824,1.7436260088400706,0.06349509,0,0.30880708,0.6985751,1.780683,41.538746,0.6155688166618347,0.06349963980733625
2020-09-24,Zozu_plus_DER_AL581_eobs2541__2020__southbound_01,Zozu + / DER AL581 (eobs2541),41.58417,0.61684066,41.57433,0.6161584,41.577217,0.5991618662751353,1.4498244281302002,1.0958912,0,0.28867558,0.6985751,1.6583267,41.58417,0.616840660572052,1.0958432456741405
2020-09-25,Europa_DER_A1A26_eobs_4004__2020__southbound_01,Europa / DER A1A26 (eobs 4004),38.85887,-3.6601422,39.127235,-3.7390904,38.85264,-3.6698901852745,31.11407624287781,30.610981,1,0.21351539,0.6985751,1.09034,38.85887,-3.660142183303833,30.610832676857363
2020-09-25,Sierit_DER_AN858_eobs2561__2020__southbound_01,Sierit  / DER AN858 (eobs2561),41.538895,0.6148322,41.538887,0.6135326,41.53233,0.5985359789564023,1.4456005997196146,0.10816883,0,0.24905136,0.6985751,1.5376853,41.538895,0.6148322224617004,0.1081708804712321
2020-09-25,Zozu_plus_DER_AL581_eobs2541__2020__southbound_01,Zozu + / DER AL581 (eobs2541),41.57433,0.6161584,41.574642,0.615515,41.564915,0.5984429846190931,1.7852190547052238,0.06377841,0,0.3250647,0.6985751,1.8043513,41.57433,0.6161584258079529,0.06383241719966806
2020-09-26,Europa_DER_A1A26_eobs_4004__2020__southbound_01,Europa / DER A1A26 (eobs 4004),39.127235,-3.7390904,38.998055,-3.692792,39.116604,-3.7510970415199063,14.110719826146983,14.910151,1,0.32995766,0.6985751,1.5689075,39.127235,-3.7390904426574707,14.91010466083203
2020-09-26,Sierit_DER_AN858_eobs2561__2020__southbound_01,Sierit  / DER AN858 (eobs2561),41.538887,0.6135326,41.55725,0.6151427,41.53183,0.6013740199106481,3.050128487454717,2.0460615,0,0.17911269,0.6985751,1.2781974,41.538887,0.6135326027870178,2.046372511490484
2020-09-26,Zozu_plus_DER_AL581_eobs2541__2020__southbound_01,Zozu + / DER AL581 (eobs2541),41.574642,0.615515,41.57445,0.6156428,41.566757,0.6016529260839737,1.4444492273024514,0.023531884,0,0.21814379,0.6985751,1.4460782,41.574642,0.6155149936676025,0.023723739651629685
2020-09-27,Europa_DER_A1A26_eobs_4004__2020__southbound_01,Europa / DER A1A26 (eobs 4004),38.998055,-3.692792,38.858234,-3.6611989,38.984432,-3.7041841724074045,14.516950958811204,15.785931,1,0.40031072,0.6985751,1.8034124,38.998055,-3.6927919387817383,15.785670230959546
2020-09-27,Sierit_DER_AN858_eobs2561__2020__southbound_01,Sierit  / DER AN858 (eobs2561),41.55725,0.6151427,41.540222,0.6167718,41.54956,0.601965865366111,1.6113728681394208,1.8981661,0,0.19573599,0.6985751,1.3880732,41.55725,0.6151427030563354,1.8983667811093798
2020-09-27,Zozu_plus_DER_AL581_eobs2541__2020__southbound_01,Zozu + / DER AL581 (eobs2541),41.57445,0.6156428,41.53884,0.5855462,41.563766,0.6012063777372728,3.062639436148039,4.685201,0,0.29382044,0.6985751,1.6862078,41.57445,0.615642786026001,4.685120668479364
2020-09-28,Europa_DER_A1A26_eobs_4004__2020__southbound_01,Europa / DER A1A26 (eobs 4004),38.858234,-3.6611989,38.610928,-4.430937,38.841743,-3.674734990004449,70.44086119572451,72.20665,1,0.47114575,0.6985751,2.172299,38.858234,-3.661198854446411,72.20668817282797
2020-09-28,Sierit_DER_AN858_eobs2561__2020__southbound_01,Sierit  / DER AN858 (eobs2561),41.540222,0.6167718,41.564663,0.5547703,41.51703,0.5776044210445603,5.627295904604141,5.8314004,0,0.49916288,0.6985751,4.1492605,41.540222,0.6167718172073364,5.8313281901787555
2020-09-28,Zozu_plus_DER_AL581_eobs2541__2020__southbound_01,Zozu + / DER AL581 (eobs2541),41.53884,0.5855462,41.574703,0.6162569,41.519073,0.558251510906457,7.846361326277948,4.736043,0,0.4528279,0.6985751,3.155567,41.53884,0.5855461955070496,4.736175442276963
2020-09-29,Europa_DER_A1A26_eobs_4004__2020__southbound_01,Europa / DER A1A26 (eobs 4004),38.610928,-4.430937,37.8146,-4.7480035,38.324715,-4.674249102412189,57.08829433628765,92.779434,1,0.90217614,0.6985751,38.14018,38.324715,-4.674249102412189,57.08829433628765
2020-09-29,Sierit_DER_AN858_eobs2561__2020__southbound_01,Sierit  / DER AN858 (eobs2561),41.564663,0.5547703,41.540077,0.6148693,41.54568,0.5197570207531745,7.940208770048516,5.6996408,0,0.37895384,0.6985751,3.5910873,41.564663,0.554770290851593,5.699455780170284
2020-09-29,Zozu_plus_DER_AL581_eobs2541__2020__southbound_01,Zozu + / DER AL581 (eobs2541),41.574703,0.6162569,41.574455,0.6162995,41.56384,0.6033436785855281,1.5985029382006193,0.027461274,0,0.26543865,0.6985751,1.6138628,41.574703,0.6162568926811218,0.027798388601584095
2020-09-30,Europa_DER_A1A26_eobs_4004__2020__southbound_01,Europa / DER A1A26 (eobs 4004),37.8146,-4.7480035,37.814445,-4.7481866,37.494442,-4.951624735791582,39.83572606909515,0.023563579,0,0.9044744,0.6985751,39.77111,37.494442,-4.951624735791582,39.83572606909515
2020-09-30,Sierit_DER_AN858_eobs2561__2020__southbound_01,Sierit  / DER AN858 (eobs2561),41.540077,0.6148693,41.564507,0.55533797,41.52801,0.6041285077484911,5.740624957395658,5.6498036,0,0.21280517,0.6985751,1.6095251,41.540077,0.6148692965507507,5.649675018261365
2020-09-30,Zozu_plus_DER_AL581_eobs2541__2020__southbound_01,Zozu + / DER AL581 (eobs2541),41.574455,0.6162995,41.574684,0.6161941,41.56723,0.605331356886045,1.2262050825627777,0.026735049,0,0.21255058,0.6985751,1.2136271,41.574455,0.6162995100021362,0.026917895713976955
2020-10-01,Europa_DER_A1A26_eobs_4004__2020__southbound_01,Europa / DER A1A26 (eobs 4004),37.814445,-4.7481866,37.81383,-4.749066,37.80701,-4.7578087992733105,1.0794076586428925,0.10303866,0,0.2573683,0.6985751,1.1803976,37.814445,-4.7481865882873535,0.10310163186910234
2020-10-01,Sierit_DER_AN858_eobs2561__2020__southbound_01,Sierit  / DER AN858 (eobs2561),41.564507,0.55533797,41.53878,0.61529416,41.5554,0.5351092842711832,6.924153541021459,5.7510705,0,0.26820657,0.6985751,1.9605334,41.564507,0.5553379654884338,5.75110166934236
2020-10-01,Zozu_plus_DER_AL581_eobs2541__2020__southbound_01,Zozu + / DER AL581 (eobs2541),41.574684,0.6161941,41.574574,0.6159647,41.567833,0.60321505639862,1.298731629243936,0.022606736,0,0.22220391,0.6985751,1.3189359,41.574684,0.6161941289901733,0.0227049457190637
2020-10-02,Europa_DER_A1A26_eobs_4004__2020__southbound_01,Europa / DER A1A26 (eobs 4004),37.81383,-4.749066,37.81505,-4.7428856,37.807613,-4.7572015738672935,1.505022582199744,0.5594811,0,0.21830502,0.6985751,0.9927008,37.81383,-4.74906587600708,0.5595105635173419
2020-10-02,Sierit_DER_AN858_eobs2561__2020__southbound_01,Sierit  / DER AN858 (eobs2561),41.53878,0.61529416,41.539864,0.6156929,41.530285,0.6043084323489014,1.4256126971483396,0.12492979,0,0.16900812,0.6985751,1.312387,41.53878,0.6152941584587097,0.12495392037916773
2020-10-02,Zozu_plus_DER_AL581_eobs2541__2020__southbound_01,Zozu + / DER AL581 (eobs2541),41.574574,0.6159647,41.57455,0.61588645,41.56804,0.6014324980297522,1.403582571321235,0.0069834497,0,0.22857292,0.6985751,1.4079969,41.574574,0.6159647107124329,0.006989874764602588
2020-10-03,Europa_DER_A1A26_eobs_4004__2020__southbound_01,Europa / DER A1A26 (eobs 4004),37.81505,-4.7428856,37.81351,-4.749019,37.808105,-4.750966258468747,0.624922125591675,0.56523144,0,0.22011241,0.6985751,1.0469923,37.81505,-4.742885589599609,0.5652654973265439
2020-10-03,Sierit_DER_AN858_eobs2561__2020__southbound_01,Sierit  / DER AN858 (eobs2561),41.539864,0.6156929,41.537273,0.61526805,41.533104,0.6035611920446023,1.0790924982582515,0.290329,0,0.18173039,0.6985751,1.2565366,41.539864,0.6156929135322571,0.2901778722225536
2020-10-03,Zozu_plus_DER_AL581_eobs2541__2020__southbound_01,Zozu + / DER AL581 (eobs2541),41.57455,0.61588645,41.573006,0.6165295,41.566994,0.6005860029134936,1.4852877924152923,0.18023556,0,0.26085725,0.6985751,1.5224476,41.57455,0.6158864498138428,0.17992727768160477
2020-10-04,Europa_DER_A1A26_eobs_4004__2020__southbound_01,Europa / DER A1A26 (eobs 4004),37.81351,-4.749019,37.81468,-4.747616,37.807045,-4.758029841917202,1.2479507102258316,0.17887221,0,0.20006506,0.6985751,1.0674559,37.81351,-4.749019145965576,0.17900893105089674
2020-10-04,Sierit_DER_AN858_eobs2561__2020__southbound_01,Sierit  / DER AN858 (eobs2561),41.537273,0.61526805,41.56545,0.5554442,41.52528,0.5928430752643543,5.444014673075327,5.8820634,0,0.33027613,0.6985751,2.2898502,41.537273,0.6152680516242981,5.8819909400186505
2020-10-04,Zozu_plus_DER_AL581_eobs2541__2020__southbound_01,Zozu + / DER AL581 (eobs2541),41.573006,0.6165295,41.566742,0.61676383,41.56414,0.6039804490750753,1.1021682450771033,0.6966819,0,0.25515476,0.6985751,1.4331472,41.573006,0.6165295243263245,0.6967689787739353
2020-10-05,Europa_DER_A1A26_eobs_4004__2020__southbound_01,Europa / DER A1A26 (eobs 4004),37.81468,-4.747616,37.815186,-4.7418804,37.807335,-4.755830769183663,1.504633523911746,0.50699735,0,0.18173802,0.6985751,1.087867,37.81468,-4.747615814208984,0.5069666027152303
2020-10-05,Sierit_DER_AN858_eobs2561__2020__southbound_01,Sierit  / DER AN858 (eobs2561),41.56545,0.5554442,41.565598,0.5550517,41.54883,0.5215278849451906,3.3552602234533846,0.036566887,0,0.36120376,0.6985751,3.3671453,41.56545,0.5554441809654236,0.03660540785783248
2020-10-05,Zozu_plus_DER_AL581_eobs2541__2020__southbound_01,Zozu + / DER AL581 (eobs2541),41.566742,0.61676383,41.573883,0.616177,41.55785,0.6034750995252486,2.0724658794593713,0.79549325,0,0.25741795,0.6985751,1.4805611,41.566742,0.6167638301849365,0.7955557953402267
2020-10-06,Europa_DER_A1A26_eobs_4004__2020__southbound_01,Europa / DER A1A26 (eobs 4004),37.815186,-4.7418804,37.8143,-4.747949,37.80597,-4.749101600339391,0.9319154097494333,0.54208153,0,0.2083771,0.6985751,1.2032739,37.815186,-4.741880416870117,0.5421052307129872
2020-10-06,Sierit_DER_AN858_eobs2561__2020__southbound_01,Sierit  / DER AN858 (eobs2561),41.565598,0.5550517,41.54001,0.6156468,41.557972,0.54148874877092,6.486427416123205,5.7896943,0,0.18047401,0.6985751,1.4090295,41.565598,0.5550516843795776,5.789685308808115
2020-10-06,Zozu_plus_DER_AL581_eobs2541__2020__southbound_01,Zozu + / DER AL581 (eobs2541),41.573883,0.616177,41.531055,0.5029768,41.566982,0.6057992708374232,9.443218081625036,10.554964,1,0.15533714,0.6985751,1.152995,41.573883,0.6161770224571228,10.555064325229122
2020-10-07,Europa_DER_A1A26_eobs_4004__2020__southbound_01,Europa / DER A1A26 (eobs 4004),37.8143,-4.747949,37.81448,-4.747839,37.808098,-4.755432070185633,0.9739283142072824,0.021968314,0,0.15453058,0.6985751,0.9512395,37.8143,-4.747949123382568,0.022160299480020084
2020-10-07,Sierit_DER_AN858_eobs2561__2020__southbound_01,Sierit  / DER AN858 (eobs2561),41.54001,0.6156468,41.538795,0.6159454,41.53082,0.6013556495789874,1.5037986476032978,0.13730322,0,0.2040527,0.6985751,1.5652323,41.54001,0.6156467795372009,0.13715846635735565
2020-10-07,Zozu_plus_DER_AL581_eobs2541__2020__southbound_01,Zozu + / DER AL581 (eobs2541),41.531055,0.5029768,41.57464,0.6163731,41.51782,0.4786864659194421,13.084830266550226,10.607567,1,0.35800084,0.6985751,2.4966676,41.531055,0.5029767751693726,10.607686312440539
2020-10-08,Europa_DER_A1A26_eobs_4004__2020__southbound_01,Europa / DER A1A26 (eobs 4004),37.81448,-4.747839,37.8143,-4.747882,37.807503,-4.754204650073651,0.9380161204105998,0.020241434,0,0.16617101,0.6985751,0.9547463,37.81448,-4.747838973999023,0.02028955439884093
2020-10-08,Sierit_DER_AN858_eobs2561__2020__southbound_01,Sierit  / DER AN858 (eobs2561),41.538795,0.6159454,41.53873,0.6152668,41.528744,0.6024362876105217,1.540698887118952,0.05689661,0,0.20278667,0.6985751,1.5825043,41.538795,0.6159453988075256,0.05693846928013209
2020-10-08,Zozu_plus_DER_AL581_eobs2541__2020__southbound_01,Zozu + / DER AL581 (eobs2541),41.57464,0.6163731,41.574684,0.616202,41.56243,0.6061664313579977,1.5979040247400766,0.0151279215,0,0.21810105,0.6985751,1.5983547,41.57464,0.6163731217384338,0.01511756802407481
2020-10-09,Europa_DER_A1A26_eobs_4004__2020__southbound_01,Europa / DER A1A26 (eobs 4004),37.8143,-4.747882,37.814182,-4.7477293,37.80749,-4.753764834451722,0.9136010739920948,0.018601587,0,0.14645137,0.6985751,0.9150194,37.8143,-4.747881889343262,0.018776976994495743
2020-10-09,Sierit_DER_AN858_eobs2561__2020__southbound_01,Sierit  / DER AN858 (eobs2561),41.53873,0.6152668,41.538876,0.6159291,41.53202,0.6035767669621226,1.2798806295366296,0.057420537,0,0.14930199,0.6985751,1.2239597,41.53873,0.6152667999267578,0.05743385698165286
2020-10-09,Zozu_plus_DER_AL581_eobs2541__2020__southbound_01,Zozu + / DER AL581 (eobs2541),41.574684,0.616202,41.57438,0.61609197,41.568085,0.597229843123955,1.7181265392051324,0.035122924,0,0.27196196,0.6985751,1.7374012,41.574684,0.6162019968032837,0.035146732883014196
2020-10-10,Europa_DER_A1A26_eobs_4004__2020__southbound_01,Europa / DER A1A26 (eobs 4004),37.814182,-4.7477293,37.81433,-4.7482333,37.80584,-4.754246454708616,1.081937994154886,0.04714473,0,0.18131879,0.6985751,1.088156,37.814182,-4.747729301452637,0.04726464066918399
2020-10-10,Sierit_DER_AN858_eobs2561__2020__southbound_01,Sierit  / DER AN858 (eobs2561),41.538876,0.6159291,41.55744,0.5663189,41.529373,0.6049170170804625,4.478843493571016,4.615813,0,0.1769217,0.6985751,1.3961792,41.538876,0.615929126739502,4.615874036068631
2020-10-10,Zozu_plus_DER_AL581_eobs2541__2020__southbound_01,Zozu + / DER AL581 (eobs2541),41.57438,0.61609197,41.532433,0.5235083,41.56452,0.5976838425354594,7.129820761685185,9.005918,0,0.3150213,0.6985751,1.8797029,41.57438,0.6160919666290283,9.005944556787579
2020-10-11,Europa_DER_A1A26_eobs_4004__2020__southbound_01,Europa / DER A1A26 (eobs 4004),37.81433,-4.7482333,37.81456,-4.741742,37.808422,-4.756451572094385,1.461355254097833,0.57080084,0,0.16839209,0.6985751,0.97442806,37.81433,-4.748233318328857,0.5707803454347706
2020-10-11,Sierit_DER_AN858_eobs2561__2020__southbound_01,Sierit  / DER AN858 (eobs2561),41.55744,0.5663189,41.56563,0.5551269,41.54933,0.5500267447048549,1.8615182018764638,1.3023535,0,0.19115247,0.6985751,1.6252772,41.55744,0.566318929195404,1.302495289482082
2020-10-11,Zozu_plus_DER_AL581_eobs2541__2020__southbound_01,Zozu + / DER AL581 (eobs2541),41.532433,0.5235083,41.57467,0.6163241,41.49442,0.457416957975584,15.955366461955228,9.039298,0,0.5948744,0.6985751,6.9256334,41.532433,0.5235083103179932,9.039168415806575
2020-10-12,Europa_DER_A1A26_eobs_4004__2020__southbound_01,Europa / DER A1A26 (eobs 4004),37.81456,-4.741742,37.814034,-4.7475533,37.807407,-4.746853124155457,0.7393563474654792,0.5138154,0,0.15825848,0.6985751,0.9118813,37.81456,-4.741742134094238,0.5138274764907983
2020-10-12,Sierit_DER_AN858_eobs2561__2020__southbound_01,Sierit  / DER AN858 (eobs2561),41.56563,0.5551269,41.540848,0.615309,41.55964,0.5478617695801566,5.9889810488376485,5.716075,0,0.09640329,0.6985751,0.8981072,41.56563,0.5551269054412842,5.716065971285214
2020-10-12,Zozu_plus_DER_AL581_eobs2541__2020__southbound_01,Zozu + / DER AL581 (eobs2541),41.57467,0.6163241,41.574665,0.6162921,41.563282,0.6050477937308866,1.5738899737505223,0.0027402197,0,0.2120824,0.6985751,1.5728674,41.57467,0.6163241267204285,0.0026961079084404874
2020-10-13,Europa_DER_A1A26_eobs_4004__2020__southbound_01,Europa / DER A1A26 (eobs 4004),37.814034,-4.7475533,37.793373,-4.7483387,37.80792,-4.754354075606973,1.7015434933778881,2.29866,0,0.13299696,0.6985751,0.90353966,37.814034,-4.74755334854126,2.298370801799581
2020-10-13,Sierit_DER_AN858_eobs2561__2020__southbound_01,Sierit  / DER AN858 (eobs2561),41.540848,0.615309,41.564766,0.5779345,41.526127,0.6002504942910769,4.6806827454825815,4.0923047,0,0.25492916,0.6985751,2.0579166,41.540848,0.6153090000152588,4.092134934956032
2020-10-13,Zozu_plus_DER_AL581_eobs2541__2020__southbound_01,Zozu + / DER AL581 (eobs2541),41.574665,0.6162921,41.57442,0.61604804,41.565083,0.5971387197310339,1.8848871679756025,0.03397507,0,0.28707975,0.6985751,1.9134125,41.574665,0.6162921190261841,0.03390003916664664
2020-10-14,Sierit_DER_AN858_eobs2561__2020__southbound_01,Sierit  / DER AN858 (eobs2561),41.564766,0.5779345,41.539097,0.6156336,41.558792,0.5702267576598918,4.36740634849881,4.241186,0,0.10197104,0.6985751,0.9216136,41.564766,0.5779345035552979,4.241238585312413
2020-10-14,Zozu_plus_DER_AL581_eobs2541__2020__southbound_01,Zozu + / DER AL581 (eobs2541),41.57442,0.61604804,41.574734,0.6159256,41.565636,0.600344968719628,1.644220887697861,0.036424074,0,0.24889277,0.6985751,1.6282554,41.57442,0.6160480380058289,0.03624266057418695
2020-10-15,Sierit_DER_AN858_eobs2561__2020__southbound_01,Sierit  / DER AN858 (eobs2561),41.539097,0.6156336,41.563137,0.5556448,41.53058,0.6062123400636281,5.5512167187866,5.662488,0,0.13665468,0.6985751,1.2275565,41.539097,0.6156336069107056,5.662609742943638
2020-10-15,Zozu_plus_DER_AL581_eobs2541__2020__southbound_01,Zozu + / DER AL581 (eobs2541),41.574734,0.6159256,41.574677,0.6165224,41.566086,0.6016079243601091,1.5658524723837906,0.05004229,0,0.20400083,0.6985751,1.5281887,41.574734,0.6159256100654602,0.05004715432449675
2020-10-16,Sierit_DER_AN858_eobs2561__2020__southbound_01,Sierit  / DER AN858 (eobs2561),41.563137,0.5556448,41.55762,0.5467268,41.547672,0.5363064557206607,1.4055812725746017,0.9625661,0,0.258379,0.6985751,2.3508134,41.563137,0.5556448101997375,0.9626890266168843
2020-10-16,Zozu_plus_DER_AL581_eobs2541__2020__southbound_01,Zozu + / DER AL581 (eobs2541),41.574677,0.6165224,41.526695,0.4314196,41.55579,0.6054644512695003,14.842132884539263,16.301146,1,0.32772624,0.6985751,2.288735,41.574677,0.6165223717689514,16.301147727987594
2020-10-17,Sierit_DER_AN858_eobs2561__2020__southbound_01,Sierit  / DER AN858 (eobs2561),41.55762,0.5467268,41.539963,0.61474,41.520035,0.5035420665505175,9.517834418623485,5.990791,0,0.4591701,0.6985751,5.501934,41.55762,0.5467268228530884,5.990795369460195
2020-10-18,Sierit_DER_AN858_eobs2561__2020__southbound_01,Sierit  / DER AN858 (eobs2561),41.539963,0.61474,41.558624,0.52631336,41.52924,0.6097875386780189,7.677059554426509,7.645549,0,0.113328874,0.6985751,1.2595714,41.539963,0.6147400140762329,7.645560782820062
2020-10-19,Sierit_DER_AN858_eobs2561__2020__southbound_01,Sierit  / DER AN858 (eobs2561),41.558624,0.52631336,41.538605,0.6161277,41.548717,0.5115698330806625,8.774083782019504,7.798555,0,0.18138748,0.6985751,1.6458611,41.558624,0.5263133645057678,7.798600116788587
2020-10-20,Sierit_DER_AN858_eobs2561__2020__southbound_01,Sierit  / DER AN858 (eobs2561),41.538605,0.6161277,41.56393,0.5124798,41.52879,0.6063367831200578,8.73370860548331,9.073045,0,0.14138877,0.6985751,1.3597771,41.538605,0.6161277294158936,9.073079214586095
2020-10-21,Sierit_DER_AN858_eobs2561__2020__southbound_01,Sierit  / DER AN858 (eobs2561),41.56393,0.5124798,41.563473,0.524276,41.556023,0.5027107467041022,1.9763074068409552,0.98273814,0,0.11579691,0.6985751,1.1954334,41.56393,0.5124797821044922,0.9827449572092326
2020-10-22,Sierit_DER_AN858_eobs2561__2020__southbound_01,Sierit  / DER AN858 (eobs2561),41.563473,0.524276,41.563393,0.52437973,41.55673,0.5180761250274778,0.9078600868744188,0.012612383,0,0.09530371,0.6985751,0.9086345,41.563473,0.5242760181427002,0.012401664979475032
2020-10-23,Sierit_DER_AN858_eobs2561__2020__southbound_01,Sierit  / DER AN858 (eobs2561),41.563393,0.52437973,41.53905,0.6156396,41.55716,0.5201970329024191,8.193829841298895,8.06203,0,0.074475765,0.6985751,0.77414274,41.563393,0.5243797302246094,8.06205895533301
2020-10-24,Sierit_DER_AN858_eobs2561__2020__southbound_01,Sierit  / DER AN858 (eobs2561),41.53905,0.6156396,41.563145,0.5244061,41.52717,0.6075442684299411,7.9921740921497335,8.050822,0,0.16325293,0.6985751,1.4805925,41.53905,0.6156396269798279,8.05079066841887
2020-10-25,Sierit_DER_AN858_eobs2561__2020__southbound_01,Sierit  / DER AN858 (eobs2561),41.563145,0.5244061,41.563354,0.5142834,41.55363,0.5104060696787167,1.1283281674395387,0.8425162,0,0.1652341,0.6985751,1.5706663,41.563145,0.5244060754776001,0.842516009738775
2020-10-26,Sierit_DER_AN858_eobs2561__2020__southbound_01,Sierit  / DER AN858 (eobs2561),41.563354,0.5142834,41.539154,0.61587,41.556458,0.5045964500723626,9.457817297975968,8.87135,0,0.109059535,0.6985751,1.1104724,41.563354,0.5142834186553955,8.871422500464481
2020-10-27,Sierit_DER_AN858_eobs2561__2020__southbound_01,Sierit  / DER AN858 (eobs2561),41.539154,0.61587,41.56333,0.5244252,41.53285,0.6103509361005275,7.913298704472684,8.0703945,0,0.075463384,0.6985751,0.8368505,41.539154,0.6158699989318848,8.070456804084042
2020-10-28,Sierit_DER_AN858_eobs2561__2020__southbound_01,Sierit  / DER AN858 (eobs2561),41.56333,0.5244252,41.53877,0.6144356,41.55445,0.5121417482140873,8.689681252005476,7.972534,0,0.13324933,0.6985751,1.4185598,41.56333,0.524425208568573,7.972608156660549
2020-10-29,Sierit_DER_AN858_eobs2561__2020__southbound_01,Sierit  / DER AN858 (eobs2561),41.53877,0.6144356,41.538696,0.6145264,41.52903,0.6092946377424308,1.1597254478826902,0.011279184,0,0.101993784,0.6985751,1.1624405,41.53877,0.614435613155365,0.011047085745133871
2020-10-30,Sierit_DER_AN858_eobs2561__2020__southbound_01,Sierit  / DER AN858 (eobs2561),41.538696,0.6145264,41.55891,0.5268293,41.52925,0.607580943092805,7.486039099664242,7.63626,0,0.11606272,0.6985751,1.1967235,41.538696,0.6145263910293579,7.636220960522391
2020-10-31,Sierit_DER_AN858_eobs2561__2020__southbound_01,Sierit  / DER AN858 (eobs2561),41.55891,0.5268293,41.551395,0.56133294,41.55091,0.5150392825468681,3.852674561916444,2.9901366,0,0.15263268,0.6985751,1.32179,41.55891,0.5268293023109436,2.990156006363062
2020-11-01,Sierit_DER_AN858_eobs2561__2020__southbound_01,Sierit  / DER AN858 (eobs2561),41.551395,0.56133294,41.558556,0.4972057,41.541607,0.5519693194286719,4.93151030551995,5.395059,0,0.15427653,0.6985751,1.3363891,41.551395,0.5613329410552979,5.3950638067549574
2020-11-02,Sierit_DER_AN858_eobs2561__2020__southbound_01,Sierit  / DER AN858 (eobs2561),41.558556,0.4972057,41.53878,0.5244493,41.550854,0.4851819985776026,3.5329408637291007,3.1584406,0,0.1586177,0.6985751,1.3146491,41.558556,0.4972057044506073,3.1583576018061033
2020-11-03,Sierit_DER_AN858_eobs2561__2020__southbound_01,Sierit  / DER AN858 (eobs2561),41.53878,0.5244493,41.538795,0.614788,41.53088,0.5160248341032196,8.267573017040013,7.518916,0,0.13825777,0.6985751,1.1220807,41.53878,0.5244492888450623,7.518916878170415
2020-11-04,Sierit_DER_AN858_eobs2561__2020__southbound_01,Sierit  / DER AN858 (eobs2561),41.538795,0.614788,41.563683,0.5235328,41.532017,0.6078823887930237,7.853074315652772,8.082298,0,0.10612482,0.6985751,0.9461912,41.538795,0.6147879958152771,8.082255181230007
2020-11-05,Sierit_DER_AN858_eobs2561__2020__southbound_01,Sierit  / DER AN858 (eobs2561),41.563683,0.5235328,41.545643,0.5918536,41.557247,0.5150187987411794,6.522637428288527,6.028582,0,0.11277372,0.6985751,1.0050437,41.563683,0.5235328078269958,6.0284795279972085
2020-11-06,Sierit_DER_AN858_eobs2561__2020__southbound_01,Sierit  / DER AN858 (eobs2561),41.545643,0.5918536,41.563103,0.52451146,41.538498,0.5877819321597761,5.933463618943693,5.9303946,0,0.08053961,0.6985751,0.86232567,41.545643,0.5918536186218262,5.930352661802609
2020-11-07,Sierit_DER_AN858_eobs2561__2020__southbound_01,Sierit  / DER AN858 (eobs2561),41.563103,0.52451146,41.564594,0.513241,41.557022,0.5192498720230466,0.9792318812969385,0.95221853,0,0.07287728,0.6985751,0.8042321,41.563103,0.524511456489563,0.9522350649154556
2020-11-08,Sierit_DER_AN858_eobs2561__2020__southbound_01,Sierit  / DER AN858 (eobs2561),41.564594,0.513241,41.563316,0.5243891,41.558895,0.5088378727942575,1.3841348435445298,0.9382705,0,0.066298455,0.6985751,0.7306138,41.564594,0.5132409930229187,0.938320155514455
2020-11-09,Sierit_DER_AN858_eobs2561__2020__southbound_01,Sierit  / DER AN858 (eobs2561),41.563316,0.5243891,41.563374,0.5244171,41.55481,0.522733741935465,0.9625193955012649,0.0065807714,0,0.08861699,0.6985751,0.95407337,41.563316,0.5243890881538391,0.006776095392306553
2020-11-10,Sierit_DER_AN858_eobs2561__2020__southbound_01,Sierit  / DER AN858 (eobs2561),41.563374,0.5244171,41.563255,0.5245554,41.556812,0.5209834750117333,0.7756284659164443,0.01749343,0,0.0685728,0.6985751,0.7822707,41.563374,0.5244171023368835,0.017472026705927547
2020-11-11,Sierit_DER_AN858_eobs2561__2020__southbound_01,Sierit  / DER AN858 (eobs2561),41.563255,0.5245554,41.56339,0.5244098,41.55517,0.5217347019333227,0.9408060204449183,0.01914534,0,0.077758625,0.6985751,0.92756516,41.563255,0.5245553851127625,0.019161916573357834
2020-11-12,Sierit_DER_AN858_eobs2561__2020__southbound_01,Sierit  / DER AN858 (eobs2561),41.56339,0.5244098,41.563305,0.52443475,41.55719,0.520653071248472,0.7492251924755344,0.009710322,0,0.0656188,0.6985751,0.7555003,41.56339,0.5244097709655762,0.009560389438267956
2020-11-13,Sierit_DER_AN858_eobs2561__2020__southbound_01,Sierit  / DER AN858 (eobs2561),41.563305,0.52443475,41.563263,0.5244496,41.55616,0.5220187654186439,0.815299741212326,0.0046483628,0,0.06949014,0.6985751,0.8180453,41.563305,0.5244347453117371,0.004826556048290187
2020-11-14,Sierit_DER_AN858_eobs2561__2020__southbound_01,Sierit  / DER AN858 (eobs2561),41.563263,0.5244496,41.56327,0.5244317,41.556572,0.5217595579650802,0.7773261785984859,0.0017290312,0,0.06806883,0.6985751,0.7756142,41.563263,0.5244495868682861,0.001712594862684087
2020-11-15,Sierit_DER_AN858_eobs2561__2020__southbound_01,Sierit  / DER AN858 (eobs2561),41.56327,0.5244317,41.56339,0.5243646,41.557056,0.521093208121242,0.7549088176947222,0.014371906,0,0.0658202,0.6985751,0.74351835,41.56327,0.5244317054748535,0.01428591643811246
2020-11-16,Sierit_DER_AN858_eobs2561__2020__southbound_01,Sierit  / DER AN858 (eobs2561),41.56339,0.5243646,41.56338,0.5244032,41.55621,0.5191275710731524,0.9102770535570617,0.0033572332,0,0.0877289,0.6985751,0.9076991,41.56339,0.5243645906448364,0.003323544505351084
2020-11-17,Sierit_DER_AN858_eobs2561__2020__southbound_01,Sierit  / DER AN858 (eobs2561),41.56338,0.5244032,41.56339,0.5243935,41.55461,0.5211529593058337,1.0125854074837475,0.0010542151,0,0.08608491,0.6985751,1.0103751,41.56338,0.5244032144546509,0.001171786053124297
2020-11-18,Sierit_DER_AN858_eobs2561__2020__southbound_01,Sierit  / DER AN858 (eobs2561),41.56339,0.5243935,41.563416,0.5243944,41.55629,0.5204950465817045,0.8562092805398825,0.0031699443,0,0.074443646,0.6985751,0.85198873,41.56339,0.5243934988975525,0.00297016058687991
2020-11-19,Sierit_DER_AN858_eobs2561__2020__southbound_01,Sierit  / DER AN858 (eobs2561),41.563416,0.5243944,41.563408,0.52437013,41.55577,0.519834348413123,0.929282236244132,0.0021181381,0,0.08883486,0.6985751,0.9293181,41.563416,0.5243943929672241,0.0021893662018201694
2020-11-20,Sierit_DER_AN858_eobs2561__2020__southbound_01,Sierit  / DER AN858 (eobs2561),41.563408,0.52437013,41.563274,0.5244513,41.557076,0.5191140222955769,0.8199506558882742,0.016571395,0,0.07390758,0.6985751,0.8273758,41.563408,0.5243701338768005,0.0163103398649492
2020-11-21,Sierit_DER_AN858_eobs2561__2020__southbound_01,Sierit  / DER AN858 (eobs2561),41.563274,0.5244513,41.563248,0.5244383,41.555138,0.5187272123990163,1.0193337295098424,0.0029725146,0,0.088244446,0.6985751,1.0207332,41.563274,0.5244513154029846,0.0031599101172394227
2020-11-22,Sierit_DER_AN858_eobs2561__2020__southbound_01,Sierit  / DER AN858 (eobs2561),41.563248,0.5244383,41.563385,0.5165925,41.557034,0.5192485078838467,0.740018604078096,0.65293205,0,0.073085085,0.6985751,0.81342787,41.563248,0.5244383215904236,0.6529406724322001
2020-11-23,Sierit_DER_AN858_eobs2561__2020__southbound_01,Sierit  / DER AN858 (eobs2561),41.563385,0.5165925,41.534954,0.51965564,41.55708,0.5111810407423122,2.559310978261522,3.1714313,0,0.07646579,0.6985751,0.8318732,41.563385,0.5165925025939941,3.1716404983019624
2021-07-30,Ed_plus_AAL16_e-obs_7210__2021__southbound_01,"Ed + (AAL16, e-obs 7210)",47.686756,7.641776,47.68881,7.627027,47.68306,7.639246074371401,1.1159003935004284,1.1273588,0,0.032961965,0.6985751,0.4518846,47.686756,7.641776084899902,1.1273529794614716
2021-07-31,Ed_plus_AAL16_e-obs_7210__2021__southbound_01,"Ed + (AAL16, e-obs 7210)",47.68881,7.627027,47.693188,7.62689,47.6854,7.623285780842379,0.9072115616458019,0.48733646,0,0.041048937,0.6985751,0.47048295,47.68881,7.6270270347595215,0.4870612749990969
2021-08-01,Ed_plus_AAL16_e-obs_7210__2021__southbound_01,"Ed + (AAL16, e-obs 7210)",47.693188,7.62689,47.68456,7.6448793,47.689613,7.622840386714831,1.742819338019888,1.6534684,0,0.045868665,0.6985751,0.49890685,47.693188,7.626890182495117,1.6533974126492461
2021-08-02,Ed_plus_AAL16_e-obs_7210__2021__southbound_01,"Ed + (AAL16, e-obs 7210)",47.68456,7.6448793,47.685635,7.640261,47.680416,7.641815280882023,0.5918200123752836,0.3657969,0,0.03640182,0.6985751,0.5138284,47.68456,7.644879341125488,0.36581221860964286
2021-08-03,Ed_plus_AAL16_e-obs_7210__2021__southbound_01,"Ed + (AAL16, e-obs 7210)",47.685635,7.640261,47.693222,7.626868,47.68186,7.636099514303165,1.4398548802730613,1.310125,0,0.039537676,0.6985751,0.521557,47.685635,7.640261173248291,1.3102771360466166
2021-08-04,Ed_plus_AAL16_e-obs_7210__2021__southbound_01,"Ed + (AAL16, e-obs 7210)",47.693222,7.626868,47.6932,7.6268797,47.689617,7.622624973067974,0.5099594115028773,0.0025824937,0,0.04348533,0.6985751,0.5105355,47.693222,7.626867771148682,0.0026969178493242048
2021-08-05,Ed_plus_AAL16_e-obs_7210__2021__southbound_01,"Ed + (AAL16, e-obs 7210)",47.6932,7.6268797,47.693245,7.626867,47.689423,7.623712052189441,0.4862117663891683,0.0053146654,0,0.03384654,0.6985751,0.48133272,47.6932,7.626879692077637,0.0051805136766156544
2021-08-06,Ed_plus_AAL16_e-obs_7210__2021__southbound_01,"Ed + (AAL16, e-obs 7210)",47.693245,7.626867,47.69309,7.6269193,47.689827,7.622923507583952,0.470079993790732,0.017962756,0,0.036643676,0.6985751,0.48023888,47.693245,7.626866817474365,0.01782878853932797
2021-08-07,Ed_plus_AAL16_e-obs_7210__2021__southbound_01,"Ed + (AAL16, e-obs 7210)",47.69309,7.6269193,47.692898,7.6266513,47.688896,7.622844470271612,0.5283727595037888,0.029231604,0,0.03419818,0.6985751,0.5562552,47.69309,7.626919269561768,0.029190913568068452
2021-08-08,Ed_plus_AAL16_e-obs_7210__2021__southbound_01,"Ed + (AAL16, e-obs 7210)",47.692898,7.6266513,47.69306,7.6269717,47.688915,7.6227054334391005,0.5608588430303452,0.03015884,0,0.032497738,0.6985751,0.53129065,47.692898,7.626651287078857,0.03013093936535472
2021-08-09,Ed_plus_AAL16_e-obs_7210__2021__southbound_01,"Ed + (AAL16, e-obs 7210)",47.69306,7.6269717,47.69307,7.6269298,47.688766,7.621807695340946,0.6131180758031078,0.0032122065,0,0.05318602,0.6985751,0.6131829,47.69306,7.62697172164917,0.0032532088893620355
2021-08-10,Ed_plus_AAL16_e-obs_7210__2021__southbound_01,"Ed + (AAL16, e-obs 7210)",47.69307,7.6269298,47.693024,7.626809,47.689312,7.62207726346069,0.5438545096484705,0.010257161,0,0.047165476,0.6985751,0.5527133,47.69307,7.626929759979248,0.010365260798738701
2021-08-11,Ed_plus_AAL16_e-obs_7210__2021__southbound_01,"Ed + (AAL16, e-obs 7210)",47.693024,7.626809,47.693108,7.6269464,47.688637,7.621705665687473,0.6332572979682505,0.013843988,0,0.050822288,0.6985751,0.61841893,47.693024,7.626809120178223,0.013882754888598352
2021-08-12,Ed_plus_AAL16_e-obs_7210__2021__southbound_01,"Ed + (AAL16, e-obs 7210)",47.693108,7.6269464,47.692886,7.6266565,47.688656,7.621760086121704,0.5963253251255017,0.03267993,0,0.072080925,0.6985751,0.62786657,47.693108,7.626946449279785,0.03280420945479562
2021-08-13,Ed_plus_AAL16_e-obs_7210__2021__southbound_01,"Ed + (AAL16, e-obs 7210)",47.692886,7.6266565,47.692947,7.62667,47.68902,7.622160516347191,0.5520888052886134,0.006666918,0,0.05158453,0.6985751,0.5452205,47.692886,7.626656532287598,0.006859983814462605
2021-08-14,Ed_plus_AAL16_e-obs_7210__2021__southbound_01,"Ed + (AAL16, e-obs 7210)",47.692947,7.62667,47.69297,7.626671,47.688892,7.621081178295515,0.616969942174897,0.0026367286,0,0.079345234,0.6985751,0.61408424,47.692947,7.626669883728027,0.002546054154329172
2021-08-15,Ed_plus_AAL16_e-obs_7210__2021__southbound_01,"Ed + (AAL16, e-obs 7210)",47.69297,7.626671,47.692963,7.626714,47.688,7.619944279294573,0.7492080222406662,0.0033879734,0,0.10352756,0.6985751,0.7463597,47.69297,7.626670837402344,0.0033566939840737105
2021-08-16,Ed_plus_AAL16_e-obs_7210__2021__southbound_01,"Ed + (AAL16, e-obs 7210)",47.692963,7.626714,47.69304,7.6269226,47.689034,7.6215506426940065,0.6000321312911979,0.017767854,0,0.0798923,0.6985751,0.5821855,47.692963,7.62671422958374,0.017754186266753312
2021-08-17,Ed_plus_AAL16_e-obs_7210__2021__southbound_01,"Ed + (AAL16, e-obs 7210)",47.69304,7.6269226,47.69305,7.6268373,47.689156,7.6215935278044675,0.5844701732745519,0.006519362,0,0.0666634,0.6985751,0.586686,47.69304,7.626922607421875,0.006513872880815683
2021-08-18,Ed_plus_AAL16_e-obs_7210__2021__southbound_01,"Ed + (AAL16, e-obs 7210)",47.69305,7.6268373,47.693207,7.626807,47.68902,7.621312889378829,0.6213193891024931,0.017723704,0,0.06546165,0.6985751,0.60868025,47.69305,7.626837253570557,0.01753593884647891
2021-08-19,Ed_plus_AAL16_e-obs_7210__2021__southbound_01,"Ed + (AAL16, e-obs 7210)",47.693207,7.626807,47.69298,7.626759,47.68954,7.621334044480335,0.5579121914729707,0.0252844,0,0.07204267,0.6985751,0.57698274,47.693207,7.62680721282959,0.025284615875970206
2021-08-20,Ed_plus_AAL16_e-obs_7210__2021__southbound_01,"Ed + (AAL16, e-obs 7210)",47.69298,7.626759,47.692852,7.626754,47.68915,7.622594579269722,0.5159522608065596,0.0145499315,0,0.042178407,0.6985751,0.52674633,47.69298,7.626759052276611,0.014427311601396101
2021-08-20,Sierit_DER_AN858_eobs2561__2021__southbound_01,Sierit  / DER AN858 (eobs2561),47.809097,8.88614,47.806046,8.879516,47.803913,8.880358881208295,0.2453348526805373,0.60002977,0,0.05122397,0.6985751,0.71897674,47.809097,8.886139869689941,0.5999036712113079
2021-08-21,Ed_plus_AAL16_e-obs_7210__2021__southbound_01,"Ed + (AAL16, e-obs 7210)",47.692852,7.626754,47.692856,7.6267424,47.689117,7.622661758257188,0.5158351657493124,0.0009337944,0,0.037834242,0.6985751,0.5149632,47.692852,7.626753807067871,0.0009558201493953998
2021-08-21,Sierit_DER_AN858_eobs2561__2021__southbound_01,Sierit  / DER AN858 (eobs2561),47.806046,8.879516,47.80998,8.884524,47.800415,8.873692115834144,1.336158018166998,0.5755547,0,0.05011023,0.6985751,0.7610454,47.806046,8.879515647888184,0.5754720751237802
2021-08-22,Ed_plus_AAL16_e-obs_7210__2021__southbound_01,"Ed + (AAL16, e-obs 7210)",47.692856,7.6267424,47.69284,7.626746,47.68901,7.621988109044326,0.5551572076193785,0.0016066527,0,0.04925293,0.6985751,0.5553019,47.692856,7.626742362976074,0.0017205572377780797
2021-08-22,Sierit_DER_AN858_eobs2561__2021__southbound_01,Sierit  / DER AN858 (eobs2561),47.80998,8.884524,47.808884,8.886897,47.80468,8.878847945020604,0.7614832161354732,0.21496302,0,0.04967063,0.6985751,0.7245666,47.80998,8.88452434539795,0.21498253587211177
2021-08-23,Ed_plus_AAL16_e-obs_7210__2021__southbound_01,"Ed + (AAL16, e-obs 7210)",47.69284,7.626746,47.692814,7.6267595,47.688942,7.622417459950602,0.5394322955912871,0.0033387605,0,0.035556193,0.6985751,0.5403652,47.69284,7.62674617767334,0.003132877972882615
2021-08-23,Sierit_DER_AN858_eobs2561__2021__southbound_01,Sierit  / DER AN858 (eobs2561),47.808884,8.886897,47.806385,8.884016,47.80393,8.881882673864236,0.316239141474026,0.3514532,0,0.039861288,0.6985751,0.6651565,47.808884,8.886897087097168,0.35140581029120405
2021-08-24,Ed_plus_AAL16_e-obs_7210__2021__southbound_01,"Ed + (AAL16, e-obs 7210)",47.692814,7.6267595,47.69283,7.626755,47.6886,7.622023229083965,0.588841283847827,0.0018321696,0,0.046492424,0.6985751,0.5865884,47.692814,7.6267595291137695,0.0017268383508827333
2021-08-24,Sierit_DER_AN858_eobs2561__2021__southbound_01,Sierit  / DER AN858 (eobs2561),47.806385,8.884016,47.80182,8.874182,47.801247,8.87858824523262,0.3352143125857843,0.89295524,0,0.043644734,0.6985751,0.69946826,47.806385,8.884016036987305,0.8928976702309875
2021-08-25,Ed_plus_AAL16_e-obs_7210__2021__southbound_01,"Ed + (AAL16, e-obs 7210)",47.69283,7.626755,47.692833,7.6267385,47.689167,7.621834926785925,0.5485206153351617,0.0013819534,0,0.050583582,0.6985751,0.54820937,47.69283,7.626755237579346,0.0013191826659729668
2021-08-25,Europa_DER_A1A26_eobs_4004__2021__southbound_01,Europa / DER A1A26 (eobs 4004),47.167225,7.403109,47.16057,7.403084,47.16207,7.396719364062785,0.5093837418334057,0.7402059,0,0.056471292,0.6985751,0.74825597,47.167225,7.403109073638916,0.7401888330222691
2021-08-25,Sierit_DER_AN858_eobs2561__2021__southbound_01,Sierit  / DER AN858 (eobs2561),47.80182,8.874182,47.803783,8.883929,47.7957,8.867574035638578,1.516648821093516,0.7600499,0,0.05621307,0.6985751,0.8391788,47.80182,8.874181747436523,0.760089532763857
2021-08-26,Ed_plus_AAL16_e-obs_7210__2021__southbound_01,"Ed + (AAL16, e-obs 7210)",47.692833,7.6267385,47.692825,7.6267347,47.68871,7.621360637851975,0.6093252525770835,0.0010755446,0,0.054377444,0.6985751,0.6089438,47.692833,7.626738548278809,0.0008951079895120797
2021-08-26,Europa_DER_A1A26_eobs_4004__2021__southbound_01,Europa / DER A1A26 (eobs 4004),47.16057,7.403084,47.16073,7.3809624,47.155174,7.3968489266112405,1.3506602787677815,1.6726018,0,0.050793286,0.6985751,0.76166165,47.16057,7.403083801269531,1.6726197887004954
2021-08-26,Sierit_DER_AN858_eobs2561__2021__southbound_01,Sierit  / DER AN858 (eobs2561),47.803783,8.883929,47.807762,8.883102,47.799274,8.879551714818248,0.9803403135092847,0.44677874,0,0.034592737,0.6985751,0.59767026,47.803783,8.883929252624512,0.4467038649571644
2021-08-27,Ed_plus_AAL16_e-obs_7210__2021__southbound_01,"Ed + (AAL16, e-obs 7210)",47.692825,7.6267347,47.69282,7.626746,47.688694,7.622022261711656,0.5793628587807385,0.00089902664,0,0.041068595,0.6985751,0.5782277,47.692825,7.626734733581543,0.0009558205983817126
2021-08-27,Europa_DER_A1A26_eobs_4004__2021__southbound_01,Europa / DER A1A26 (eobs 4004),47.16073,7.3809624,47.176567,7.4031057,47.154915,7.373979738648867,3.262670984604902,2.4298136,0,0.05992931,0.6985751,0.8331104,47.16073,7.380962371826172,2.4297715758571754
2021-08-27,Sierit_DER_AN858_eobs2561__2021__southbound_01,Sierit  / DER AN858 (eobs2561),47.807762,8.883102,47.805283,8.883997,47.803043,8.878105572916954,0.5055696011442073,0.28344673,0,0.038603403,0.6985751,0.64290637,47.807762,8.883102416992188,0.2836925527591607
2021-08-28,Ed_plus_AAL16_e-obs_7210__2021__southbound_01,"Ed + (AAL16, e-obs 7210)",47.69282,7.626746,47.692833,7.6267357,47.688755,7.62297928692065,0.5335386342126364,0.0012948118,0,0.034589194,0.6985751,0.53201926,47.69282,7.62674617767334,0.0014952622278557538
2021-08-28,Europa_DER_A1A26_eobs_4004__2021__southbound_01,Europa / DER A1A26 (eobs 4004),47.176567,7.4031057,47.171062,7.403074,47.170094,7.395255547772813,0.6007400578416073,0.61227274,0,0.0753096,0.6985751,0.9310577,47.176567,7.403105735778809,0.6120901091290575
2021-08-28,Sierit_DER_AN858_eobs2561__2021__southbound_01,Sierit  / DER AN858 (eobs2561),47.805283,8.883997,47.80832,8.884963,47.79863,8.877509558350523,1.2127217499529832,0.34514087,0,0.056654047,0.6985751,0.8828312,47.805283,8.883996963500977,0.3452661293883201
2021-08-29,Ed_plus_AAL16_e-obs_7210__2021__southbound_01,"Ed + (AAL16, e-obs 7210)",47.692833,7.6267357,47.692806,7.6267524,47.68889,7.622245544668813,0.5509666518312847,0.0029519296,0,0.04075147,0.6985751,0.55145645,47.692833,7.626735687255859,0.003221279157937725
2021-08-29,Europa_DER_A1A26_eobs_4004__2021__southbound_01,Europa / DER A1A26 (eobs 4004),47.171062,7.403074,47.098087,7.402251,47.16433,7.39566423700143,7.382641942791117,8.114532,0,0.06608361,0.6985751,0.93328804,47.171062,7.403073787689209,8.11471744502303
2021-08-29,Sierit_DER_AN858_eobs2561__2021__southbound_01,Sierit  / DER AN858 (eobs2561),47.80832,8.884963,47.808376,8.886821,47.80248,8.879216885153099,0.8674921764139862,0.13889864,0,0.04955212,0.6985751,0.7770912,47.80832,8.884963035583496,0.13888319886550948
2021-08-30,Ed_plus_AAL16_e-obs_7210__2021__southbound_01,"Ed + (AAL16, e-obs 7210)",47.692806,7.6267524,47.692837,7.6267357,47.688854,7.6228351268672006,0.5304175808004736,0.0035624169,0,0.031178081,0.6985751,0.52747786,47.692806,7.6267523765563965,0.003616007880291073
2021-08-30,Europa_DER_A1A26_eobs_4004__2021__southbound_01,Europa / DER A1A26 (eobs 4004),47.098087,7.402251,47.16609,7.401203,47.091335,7.395058644008153,8.32513215875855,7.5614586,0,0.06715414,0.6985751,0.9259236,47.098087,7.40225076675415,7.561768967349112
2021-08-30,Sierit_DER_AN858_eobs2561__2021__southbound_01,Sierit  / DER AN858 (eobs2561),47.808376,8.886821,47.801804,8.874189,47.802887,8.881671610995594,0.5716746659053458,1.1934167,0,0.042313084,0.6985751,0.7202744,47.808376,8.886820793151855,1.1933574879183628
2021-08-31,Ed_plus_AAL16_e-obs_7210__2021__southbound_01,"Ed + (AAL16, e-obs 7210)",47.692837,7.6267357,47.692837,7.626745,47.689156,7.622618642511788,0.5127870427141602,0.000743363,0,0.033821058,0.6985751,0.51138854,47.692837,7.626735687255859,0.0007137867172438136
2021-08-31,Europa_DER_A1A26_eobs_4004__2021__southbound_01,Europa / DER A1A26 (eobs 4004),47.16609,7.401203,47.170433,7.40309,47.15972,7.393549509228603,1.3924454850813919,0.5038574,0,0.069967546,0.6985751,0.9126444,47.16609,7.401203155517578,0.5037517114575478
2021-08-31,Louis_DER_AU050_eobs_3264__2021__southbound_01,Louis / DER AU050 (eobs 3264),47.91745,8.57747,47.911186,8.565891,47.912544,8.572056821369111,0.4837008516078631,1.108797,0,0.041011713,0.6985751,0.6770941,47.91745,8.577469825744629,1.1089365917818554
2021-08-31,Sierit_DER_AN858_eobs2561__2021__southbound_01,Sierit  / DER AN858 (eobs2561),47.801804,8.874189,47.789276,8.864052,47.79609,8.868486496287737,0.8268441955857336,1.5854301,0,0.046590112,0.6985751,0.76369566,47.801804,8.874189376831055,1.5855190277733968
2021-09-01,Ed_plus_AAL16_e-obs_7210__2021__southbound_01,"Ed + (AAL16, e-obs 7210)",47.692837,7.626745,47.692825,7.6267204,47.688858,7.6232752239290855,0.510982848588055,0.00223526,0,0.031899013,0.6985751,0.5122279,47.692837,7.626745223999023,0.0022502194030393206
2021-09-01,Europa_DER_A1A26_eobs_4004__2021__southbound_01,Europa / DER A1A26 (eobs 4004),47.170433,7.40309,47.167435,7.404136,47.16453,7.396058598637453,0.690724257931743,0.34255263,0,0.060977418,0.6985751,0.8430019,47.170433,7.403090000152588,0.3426535445861874
2021-09-01,Louis_DER_AU050_eobs_3264__2021__southbound_01,Louis / DER AU050 (eobs 3264),47.911186,8.565891,47.91706,8.602027,47.905952,8.559991988738268,3.3676360981646885,2.7711606,0,0.04251045,0.6985751,0.7282084,47.911186,8.56589126586914,2.771202579235474
2021-09-01,Sierit_DER_AN858_eobs2561__2021__southbound_01,Sierit  / DER AN858 (eobs2561),47.789276,8.864052,47.80182,8.87423,47.78356,8.858062454120724,2.362216928978224,1.5887303,0,0.046316262,0.6985751,0.77576685,47.789276,8.864051818847656,1.5884737937203552
2021-09-02,Ed_plus_AAL16_e-obs_7210__2021__southbound_01,"Ed + (AAL16, e-obs 7210)",47.692825,7.6267204,47.69283,7.626735,47.687954,7.62145337526156,0.6709427910239331,0.0012096438,0,0.04854514,0.6985751,0.66880476,47.692825,7.626720428466797,0.0011848960444846783
2021-09-02,Europa_DER_A1A26_eobs_4004__2021__southbound_01,Europa / DER A1A26 (eobs 4004),47.167435,7.404136,47.16744,7.4031286,47.16015,7.395720503381353,0.9852660287677322,0.07618668,0,0.08136691,0.6985751,1.0284283,47.167435,7.4041361808776855,0.07616934762642262
2021-09-02,Louis_DER_AU050_eobs_3264__2021__southbound_01,Louis / DER AU050 (eobs 3264),47.91706,8.602027,47.915565,8.59347,47.9105,8.595134135335305,0.5768036198704963,0.6590989,0,0.064014226,0.6985751,0.8908645,47.91706,8.60202693939209,0.659051675282422
2021-09-02,Sierit_DER_AN858_eobs2561__2021__southbound_01,Sierit  / DER AN858 (eobs2561),47.80182,8.87423,47.80212,8.875433,47.795258,8.867491376467605,0.966530806654958,0.09576053,0,0.06264876,0.6985751,0.8846789,47.80182,8.87423038482666,0.09586730267435481
2021-09-03,Ed_plus_AAL16_e-obs_7210__2021__southbound_01,"Ed + (AAL16, e-obs 7210)",47.69283,7.626735,47.692818,7.626737,47.68821,7.622072000510081,0.6200686573293108,0.0013193878,0,0.049219713,0.6985751,0.61977583,47.69283,7.626735210418701,0.0012805092291735727
2021-09-03,Europa_DER_A1A26_eobs_4004__2021__southbound_01,Europa / DER A1A26 (eobs 4004),47.16744,7.4031286,47.17598,7.4030747,47.160397,7.394563076203068,1.8483697191545014,0.94973695,0,0.08222956,0.6985751,1.0141577,47.16744,7.403128623962402,0.9497378317121741
2021-09-03,Louis_DER_AU050_eobs_3264__2021__southbound_01,Louis / DER AU050 (eobs 3264),47.915565,8.59347,47.91386,8.579269,47.90963,8.58687479545219,0.7366087346863888,1.0751998,0,0.056170534,0.6985751,0.8214215,47.915565,8.593469619750977,1.0751493734141175
2021-09-03,Sierit_DER_AN858_eobs2561__2021__southbound_01,Sierit  / DER AN858 (eobs2561),47.80212,8.875433,47.803688,8.877852,47.794903,8.868238353876446,1.2124201307389968,0.2511869,0,0.07001874,0.6985751,0.964225,47.80212,8.875432968139648,0.251092501393924
2021-09-04,Ed_plus_AAL16_e-obs_7210__2021__southbound_01,"Ed + (AAL16, e-obs 7210)",47.692818,7.626737,47.692825,7.626731,47.68809,7.621639586088197,0.649864027552602,0.0010430516,0,0.047878712,0.6985751,0.6482168,47.692818,7.626737117767334,0.0009669332586469778
2021-09-04,Europa_DER_A1A26_eobs_4004__2021__southbound_01,Europa / DER A1A26 (eobs 4004),47.17598,7.4030747,47.170006,7.4042363,47.168503,7.393971653099069,0.7937438626003809,0.66996104,0,0.095605776,0.6985751,1.0773824,47.17598,7.403074741363525,0.6700367022327872
2021-09-04,Louis_DER_AU050_eobs_3264__2021__southbound_01,Louis / DER AU050 (eobs 3264),47.91386,8.579269,47.92008,8.584917,47.906925,8.57136380881974,1.7774672249905175,0.80958116,0,0.07283309,0.6985751,0.9688023,47.91386,8.579269409179688,0.8094357604853938
2021-09-04,Sierit_DER_AN858_eobs2561__2021__southbound_01,Sierit  / DER AN858 (eobs2561),47.803688,8.877852,47.80339,8.874088,47.796944,8.87062825772296,0.7620187661353708,0.28304315,0,0.06838762,0.6985751,0.92226607,47.803688,8.877852439880371,0.2830732026393834
2021-09-05,Ed_plus_AAL16_e-obs_7210__2021__southbound_01,"Ed + (AAL16, e-obs 7210)",47.692825,7.626731,47.69284,7.626754,47.687702,7.620230849009773,0.7515562127144736,0.0023760789,0,0.07445442,0.6985751,0.7479451,47.692825,7.626730918884277,0.002411113839922621
2021-09-05,Europa_DER_A1A26_eobs_4004__2021__southbound_01,Europa / DER A1A26 (eobs 4004),47.170006,7.4042363,47.167484,7.40369,47.162086,7.395155757546353,0.8811994074426633,0.28311142,0,0.0924456,0.6985751,1.1144623,47.170006,7.404236316680908,0.2834068309684307
2021-09-05,Louis_DER_AU050_eobs_3264__2021__southbound_01,Louis / DER AU050 (eobs 3264),47.92008,8.584917,47.917023,8.591013,47.912937,8.576706532935104,1.1589572298567559,0.56723654,0,0.082460344,0.6985751,1.0006869,47.92008,8.584917068481445,0.567278583508208
2021-09-05,Sierit_DER_AN858_eobs2561__2021__southbound_01,Sierit  / DER AN858 (eobs2561),47.80339,8.874088,47.80462,8.883072,47.79562,8.865556202623237,1.6470752498979855,0.68467015,0,0.08110164,0.6985751,1.0716544,47.80339,8.874088287353516,0.6847134617460918
2021-09-06,Ed_plus_AAL16_e-obs_7210__2021__southbound_01,"Ed + (AAL16, e-obs 7210)",47.69284,7.626754,47.69283,7.62674,47.685993,7.618048809739248,1.0004952858935345,0.0016992027,0,0.12599535,0.6985751,1.0005032,47.69284,7.626753807067871,0.0016402835507277843
2021-09-06,Europa_DER_A1A26_eobs_4004__2021__southbound_01,Europa / DER A1A26 (eobs 4004),47.167484,7.40369,47.111233,7.269212,47.159115,7.393902351660013,10.830936189169845,11.940954,1,0.10141099,0.6985751,1.1867479,47.167484,7.403689861297607,11.940812005994195
2021-09-06,Louis_DER_AU050_eobs_3264__2021__southbound_01,Louis / DER AU050 (eobs 3264),47.917023,8.591013,47.91356,8.58325,47.909595,8.583020727804449,0.44104970022172796,0.69515604,0,0.0787585,0.6985751,1.0163666,47.917023,8.591012954711914,0.695017663407925
2021-09-06,Sierit_DER_AN858_eobs2561__2021__southbound_01,Sierit  / DER AN858 (eobs2561),47.80462,8.883072,47.801865,8.874229,47.797554,8.876055461150866,0.49834579184798883,0.72808194,0,0.06737464,0.6985751,0.9425852,47.80462,8.883071899414062,0.7279748675365311
2021-09-07,Ed_plus_AAL16_e-obs_7210__2021__southbound_01,"Ed + (AAL16, e-obs 7210)",47.69283,7.62674,47.69283,7.6267524,47.685944,7.619059051863375,0.9580218331872131,0.0009372252,0,0.08937968,0.6985751,0.9559133,47.69283,7.626739978790283,0.0009279228681977447
2021-09-07,Europa_DER_A1A26_eobs_4004__2021__southbound_01,Europa / DER A1A26 (eobs 4004),47.111233,7.269212,45.636578,5.5005417,46.81137,6.602828426972548,155.73714428117785,212.82457,1,0.9227937,0.6985751,60.349976,46.81137,6.602828426972548,155.73714428117785
2021-09-07,Louis_DER_AU050_eobs_3264__2021__southbound_01,Louis / DER AU050 (eobs 3264),47.91356,8.58325,47.916084,8.58597,47.904953,8.57339134254728,1.552724570660856,0.34655884,0,0.100049615,0.6985751,1.204204,47.91356,8.583250045776367,0.34632336982510903
2021-09-07,Sierit_DER_AN858_eobs2561__2021__southbound_01,Sierit  / DER AN858 (eobs2561),47.801865,8.874229,47.801987,8.874386,47.793896,8.865815091037096,1.104202307955575,0.017900044,0,0.080106065,0.6985751,1.0842941,47.801865,8.874229431152344,0.017908174812905416
2021-09-08,Ed_plus_AAL16_e-obs_7210__2021__southbound_01,"Ed + (AAL16, e-obs 7210)",47.69283,7.6267524,47.692833,7.6267395,47.68894,7.622624147767893,0.5314537368448654,0.0010643532,0,0.04514667,0.6985751,0.53076863,47.69283,7.6267523765563965,0.0010528406028564835
2021-09-08,Europa_DER_A1A26_eobs_4004__2021__southbound_01,Europa / DER A1A26 (eobs 4004),45.636578,5.5005417,44.90214,4.81051,44.952633,4.62665391456907,15.525064123258,97.90317,1,0.97147423,0.6985751,101.80191,44.952633,4.62665391456907,15.525064123258
2021-09-08,Louis_DER_AU050_eobs_3264__2021__southbound_01,Louis / DER AU050 (eobs 3264),47.916084,8.58597,47.918816,8.57294,47.91058,8.579443807492993,1.0361624780765055,1.0173665,0,0.059498932,0.6985751,0.7803626,47.916084,8.585969924926758,1.0174260562430808
2021-09-08,Sierit_DER_AN858_eobs2561__2021__southbound_01,Sierit  / DER AN858 (eobs2561),47.801987,8.874386,47.80179,8.874239,47.797207,8.86951706445496,0.619609133427266,0.024429744,0,0.041371375,0.6985751,0.6427743,47.801987,8.874385833740234,0.024634177466441066
2021-09-09,Ed_plus_AAL16_e-obs_7210__2021__southbound_01,"Ed + (AAL16, e-obs 7210)",47.692833,7.6267395,47.69282,7.6267447,47.688515,7.6212900552543035,0.629310034594846,0.0013909956,0,0.063717596,0.6985751,0.6290313,47.692833,7.626739501953125,0.0013317077174862199
2021-09-09,Europa_DER_A1A26_eobs_4004__2021__southbound_01,Europa / DER A1A26 (eobs 4004),44.90214,4.81051,44.346085,4.695497,44.29528,3.9400109651613167,60.366230441239175,62.497223,1,0.962993,0.6985751,96.03015,44.29528,3.9400109651613167,60.366230441239175
2021-09-09,Louis_DER_AU050_eobs_3264__2021__southbound_01,Louis / DER AU050 (eobs 3264),47.918816,8.57294,47.915577,8.586424,47.912617,8.56544356849769,1.5978873902496717,1.0673668,0,0.07035927,0.6985751,0.8856779,47.918816,8.5729398727417,1.067455097851466
2021-09-09,Sierit_DER_AN858_eobs2561__2021__southbound_01,Sierit  / DER AN858 (eobs2561),47.80179,8.874239,47.801796,8.874194,47.796543,8.868742424521868,0.7120238981655157,0.0034621097,0,0.04426732,0.6985751,0.7118322,47.80179,8.874238967895508,0.0034535988914053254
2021-09-10,Ed_plus_AAL16_e-obs_7210__2021__southbound_01,"Ed + (AAL16, e-obs 7210)",47.69282,7.6267447,47.69285,7.6267695,47.68843,7.621156468860809,0.6463629652807372,0.003637212,0,0.056558523,0.6985751,0.64190316,47.69282,7.626744747161865,0.0035014973044647803
2021-09-10,Europa_DER_A1A26_eobs_4004__2021__southbound_01,Europa / DER A1A26 (eobs 4004),44.346085,4.695497,43.62141,4.067581,43.935368,4.035800878108105,35.00361231345499,94.95779,1,0.93667233,0.6985751,69.43096,43.935368,4.035800878108105,35.00361231345499
2021-09-10,Louis_DER_AU050_eobs_3264__2021__southbound_01,Louis / DER AU050 (eobs 3264),47.915577,8.586424,47.913425,8.584303,47.90939,8.578791279418443,0.6083999208321047,0.28705832,0,0.07313576,0.6985751,0.8911935,47.915577,8.586423873901367,0.2867395758957657
2021-09-10,Sierit_DER_AN858_eobs2561__2021__southbound_01,Sierit  / DER AN858 (eobs2561),47.801796,8.874194,47.801826,8.874197,47.796753,8.868805928141654,0.6931213269066009,0.003292228,0,0.04372817,0.6985751,0.689008,47.801796,8.874194145202637,0.0034001260345375354
2021-09-11,Ed_plus_AAL16_e-obs_7210__2021__southbound_01,"Ed + (AAL16, e-obs 7210)",47.69285,7.6267695,47.53392,7.5431767,47.688644,7.621253411304929,18.17285974777118,18.74988,1,0.062358283,0.6985751,0.6224909,47.69285,7.626769542694092,18.750033985823965
2021-09-11,Europa_DER_A1A26_eobs_4004__2021__southbound_01,Europa / DER A1A26 (eobs 4004),43.62141,4.067581,43.4752,3.589663,43.14402,3.2808840702404742,44.5007550802066,41.807594,1,0.95416754,0.6985751,82.4867,43.14402,3.2808840702404742,44.5007550802066
2021-09-11,Louis_DER_AU050_eobs_3264__2021__southbound_01,Louis / DER AU050 (eobs 3264),47.913425,8.584303,47.916348,8.570784,47.9079,8.577392533926425,1.060461070473033,1.0587279,0,0.058915965,0.6985751,0.80028856,47.913425,8.58430290222168,1.05864289691095
2021-09-11,Sierit_DER_AN858_eobs2561__2021__southbound_01,Sierit  / DER AN858 (eobs2561),47.801826,8.874197,47.504314,8.492643,47.796543,8.86848375488368,42.99381122428967,43.717064,1,0.04704769,0.6985751,0.7249988,47.801826,8.874197006225586,43.71715262910894
2021-09-12,Ed_plus_AAL16_e-obs_7210__2021__southbound_01,"Ed + (AAL16, e-obs 7210)",47.53392,7.5431767,47.293636,6.1651664,47.062164,6.722614043420556,49.372509934438135,107.07468,1,0.9425398,0.6985751,80.76932,47.062164,6.722614043420556,49.372509934438135
2021-09-12,Europa_DER_A1A26_eobs_4004__2021__southbound_01,Europa / DER A1A26 (eobs 4004),43.4752,3.589663,42.94531,2.9627626,43.256626,3.1039741862654093,36.466095351942506,77.80081,1,0.92089695,0.6985751,46.03435,43.256626,3.1039741862654093,36.466095351942506
2021-09-12,Louis_DER_AU050_eobs_3264__2021__southbound_01,Louis / DER AU050 (eobs 3264),47.916348,8.570784,47.913998,8.574338,47.910503,8.563647197488468,0.886474987517417,0.37222642,0,0.06249197,0.6985751,0.8383057,47.916348,8.570783615112305,0.37207715105297995
2021-09-12,Sierit_DER_AN858_eobs2561__2021__southbound_01,Sierit  / DER AN858 (eobs2561),47.504314,8.492643,47.209435,7.6871953,46.706985,7.206729792138713,66.71627177559759,68.9647,1,0.9673941,0.6985751,130.88293,46.706985,7.206729792138713,66.71627177559759
2021-09-13,Ed_plus_AAL16_e-obs_7210__2021__southbound_01,"Ed + (AAL16, e-obs 7210)",47.293636,6.1651664,45.9427,5.038446,46.72775,5.235887740942867,88.59986413249366,173.11523,1,0.9651231,0.6985751,94.02124,46.72775,5.235887740942867,88.59986413249366
2021-09-13,Europa_DER_A1A26_eobs_4004__2021__southbound_01,Europa / DER A1A26 (eobs 4004),42.94531,2.9627626,42.115,2.7938616,42.611034,2.379597866116965,64.81258708217852,93.35771,1,0.9379767,0.6985751,60.182697,42.611034,2.379597866116965,64.81258708217852
2021-09-13,Louis_DER_AU050_eobs_3264__2021__southbound_01,Louis / DER AU050 (eobs 3264),47.913998,8.574338,47.914482,8.57449,47.908577,8.568473769243532,0.7951032764223152,0.05494327,0,0.04771808,0.6985751,0.74335563,47.913998,8.57433795928955,0.055042893753659165
2021-09-13,Sierit_DER_AN858_eobs2561__2021__southbound_01,Sierit  / DER AN858 (eobs2561),47.209435,7.6871953,45.919697,5.929899,46.473007,6.373692965408559,70.37113383417913,196.4996,1,0.9710259,0.6985751,128.42006,46.473007,6.373692965408559,70.37113383417913
2021-09-14,Ed_plus_AAL16_e-obs_7210__2021__southbound_01,"Ed + (AAL16, e-obs 7210)",45.9427,5.038446,45.937496,5.0351863,45.33217,4.208087214873042,93.09047607924025,0.63083,0,0.9657131,0.6985751,93.27666,45.33217,4.208087214873042,93.09047607924025
2021-09-14,Europa_DER_A1A26_eobs_4004__2021__southbound_01,Europa / DER A1A26 (eobs 4004),42.115,2.7938616,42.10794,2.7917275,41.73604,2.245689663137096,61.2456026692679,0.8047167,0,0.9442759,0.6985751,61.698925,41.73604,2.245689663137096,61.2456026692679
2021-09-14,Louis_DER_AU050_eobs_3264__2021__southbound_01,Louis / DER AU050 (eobs 3264),47.914482,8.57449,47.913956,8.586676,47.908665,8.56733272918919,1.5570892744442502,0.9100585,0,0.065875575,0.6985751,0.8370758,47.914482,8.57448959350586,0.9100823450955641
2021-09-14,Sierit_DER_AN858_eobs2561__2021__southbound_01,Sierit  / DER AN858 (eobs2561),45.919697,5.929899,45.639435,5.111113,45.143967,4.9191939391464485,57.09549408359232,70.731415,1,0.9760434,0.6985751,116.21261,45.143967,4.9191939391464485,57.09549408359232
2021-09-15,Ed_plus_AAL16_e-obs_7210__2021__southbound_01,"Ed + (AAL16, e-obs 7210)",45.937496,5.0351863,45.932526,5.037642,45.87062,4.872605976346436,14.50750206810832,0.5845008,0,0.79154444,0.6985751,14.581245,45.87062,4.872605976346436,14.50750206810832
2021-09-15,Europa_DER_A1A26_eobs_4004__2021__southbound_01,Europa / DER A1A26 (eobs 4004),42.10794,2.7917275,42.053555,2.6166096,42.102695,2.7779427898188898,14.392819231044163,15.666535,1,0.38721183,0.6985751,1.2756981,42.10794,2.7917275428771973,15.666576416358064
2021-09-15,Louis_DER_AU050_eobs_3264__2021__southbound_01,Louis / DER AU050 (eobs 3264),47.913956,8.586676,47.913704,8.582867,47.908512,8.579880693017058,0.6187145699421134,0.2852751,0,0.062235445,0.6985751,0.78781646,47.913956,8.586675643920898,0.2852532707370053
2021-09-15,Sierit_DER_AN858_eobs2561__2021__southbound_01,Sierit  / DER AN858 (eobs2561),45.639435,5.111113,45.903297,4.9508886,45.05339,4.071959106587613,116.73464698930103,31.863426,1,0.96422535,0.6985751,103.61243,45.05339,4.071959106587613,116.73464698930103
2021-09-16,Ed_plus_AAL16_e-obs_7210__2021__southbound_01,"Ed + (AAL16, e-obs 7210)",45.932526,5.037642,44.87422,4.7733636,45.900932,4.957835088274751,115.0703785808165,119.47311,1,0.7151896,0.6985751,7.0893435,45.900932,4.957835088274751,115.0703785808165
2021-09-16,Europa_DER_A1A26_eobs_4004__2021__southbound_01,Europa / DER A1A26 (eobs 4004),42.053555,2.6166096,41.629025,0.7369565,42.03024,2.5314015755043537,155.22417799006908,162.70425,1,0.74570966,0.6985751,7.4845634,42.03024,2.5314015755043537,155.22417799006908
2021-09-16,Louis_DER_AU050_eobs_3264__2021__southbound_01,Louis / DER AU050 (eobs 3264),47.913704,8.582867,47.911495,8.574363,47.908264,8.576257219282654,0.38602812682188914,0.6798379,0,0.057298727,0.6985751,0.77855754,47.913704,8.582866668701172,0.6797179066706076
2021-09-16,Sierit_DER_AN858_eobs2561__2021__southbound_01,Sierit  / DER AN858 (eobs2561),45.903297,4.9508886,45.453598,4.882936,45.64483,4.310070317197223,49.417413037251144,50.28236,1,0.93920404,0.6985751,57.211536,45.64483,4.310070317197223,49.417413037251144
2021-09-17,Ed_plus_AAL16_e-obs_7210__2021__southbound_01,"Ed + (AAL16, e-obs 7210)",44.87422,4.7733636,43.42441,3.586989,44.38468,4.089383672942238,114.11081183772856,186.94069,1,0.9505202,0.6985751,76.46852,44.38468,4.089383672942238,114.11081183772856
2021-09-17,Europa_DER_A1A26_eobs_4004__2021__southbound_01,Europa / DER A1A26 (eobs 4004),41.629025,0.7369565,41.538486,0.6144332,41.236355,0.2178792226767471,47.14974743968386,14.324684,1,0.94074595,0.6985751,61.274273,41.236355,0.2178792226767471,47.14974743968386
2021-09-17,Louis_DER_AU050_eobs_3264__2021__southbound_01,Louis / DER AU050 (eobs 3264),47.911495,8.574363,47.02005,6.399962,47.906002,8.567766508908775,190.4164112825824,191.14932,1,0.054867357,0.6985751,0.7826983,47.911495,8.574362754821777,191.14951642432294
2021-09-17,Sierit_DER_AN858_eobs2561__2021__southbound_01,Sierit  / DER AN858 (eobs2561),45.453598,4.882936,43.614338,4.017332,45.032272,4.157766431755276,158.06253849704453,215.71472,1,0.94216347,0.6985751,73.31777,45.032272,4.157766431755276,158.06253849704453
2021-09-18,Ed_plus_AAL16_e-obs_7210__2021__southbound_01,"Ed + (AAL16, e-obs 7210)",43.42441,3.586989,42.5008,2.1136606,42.9208,2.921462872802762,80.85239803734878,157.85815,1,0.95862156,0.6985751,77.48256,42.9208,2.921462872802762,80.85239803734878
2021-09-18,Europa_DER_A1A26_eobs_4004__2021__southbound_01,Europa / DER A1A26 (eobs 4004),41.538486,0.6144332,41.53835,0.61458236,41.522194,0.5877121693761456,2.868772840435707,0.0198458,0,0.6735177,0.6985751,2.8633723,41.538486,0.614433228969574,0.019678597673464717
2021-09-18,Louis_DER_AU050_eobs_3264__2021__southbound_01,Louis / DER AU050 (eobs 3264),47.02005,6.399962,46.16235,5.178129,46.323814,5.47814480826934,29.234609384634787,133.46092,1,0.97687596,0.6985751,104.108444,46.323814,5.47814480826934,29.234609384634787
2021-09-18,Sierit_DER_AN858_eobs2561__2021__southbound_01,Sierit  / DER AN858 (eobs2561),43.614338,4.017332,43.123764,2.9536963,43.029522,3.2664504239546597,27.47894316418803,101.82017,1,0.9645442,0.6985751,88.63011,43.029522,3.2664504239546597,27.47894316418803
2021-09-19,Ed_plus_AAL16_e-obs_7210__2021__southbound_01,"Ed + (AAL16, e-obs 7210)",42.5008,2.1136606,41.959824,1.273122,41.999844,1.3110592342343734,5.443953118961861,91.69355,1,0.9701231,0.6985751,86.05946,41.999844,1.3110592342343734,5.443953118961861
2021-09-19,Europa_DER_A1A26_eobs_4004__2021__southbound_01,Europa / DER A1A26 (eobs 4004),41.53835,0.61458236,41.546925,0.6032092,41.531994,0.6047205269338495,1.6649814958450746,1.3435622,0,0.29377344,0.6985751,1.0811354,41.53835,0.614582359790802,1.3435699865522488
2021-09-19,Louis_DER_AU050_eobs_3264__2021__southbound_01,Louis / DER AU050 (eobs 3264),46.16235,5.178129,43.59045,4.381417,45.468815,4.187133833525447,209.4317201640064,292.7876,1,0.97379667,0.6985751,108.309456,45.468815,4.187133833525447,209.4317201640064
2021-09-19,Sierit_DER_AN858_eobs2561__2021__southbound_01,Sierit  / DER AN858 (eobs2561),43.123764,2.9536963,42.526676,2.9177837,42.635048,2.2058075908238473,59.52571133632541,66.45785,1,0.95935756,0.6985751,81.32702,42.635048,2.2058075908238473,59.52571133632541
2021-09-20,Ed_plus_AAL16_e-obs_7210__2021__southbound_01,"Ed + (AAL16, e-obs 7210)",41.959824,1.273122,41.48175,0.37422925,41.472927,0.5130584729129588,11.60730684088452,91.60537,1,0.9661704,0.6985751,82.80559,41.472927,0.5130584729129588,11.60730684088452
2021-09-20,Europa_DER_A1A26_eobs_4004__2021__southbound_01,Europa / DER A1A26 (eobs 4004),41.546925,0.6032092,41.736565,0.5489771,41.542774,0.594738558698887,21.881519752723083,21.56332,1,0.1677537,0.6985751,0.8410061,41.546925,0.6032091975212097,21.563216311316022
2021-09-20,Louis_DER_AU050_eobs_3264__2021__southbound_01,Louis / DER AU050 (eobs 3264),43.59045,4.381417,43.592377,4.3546762,42.95514,3.525955931480043,97.58106619816412,2.1642294,0,0.9724273,0.6985751,98.50404,42.95514,3.525955931480043,97.58106619816412
2021-09-20,Sierit_DER_AN858_eobs2561__2021__southbound_01,Sierit  / DER AN858 (eobs2561),42.526676,2.9177837,41.6055,0.741106,42.11646,2.337832697768508,143.9181967494324,206.8164,1,0.94345516,0.6985751,65.757614,42.11646,2.337832697768508,143.9181967494324
2021-09-21,Ed_plus_AAL16_e-obs_7210__2021__southbound_01,"Ed + (AAL16, e-obs 7210)",41.48175,0.37422925,41.53132,-0.4183052,41.036415,-0.31233137191269966,55.73868807170143,66.22527,1,0.95883876,0.6985751,75.51886,41.036415,-0.31233137191269966,55.73868807170143
2021-09-21,Europa_DER_A1A26_eobs_4004__2021__southbound_01,Europa / DER A1A26 (eobs 4004),41.736565,0.5489771,41.744118,0.5486276,41.73224,0.5385780118375557,1.56206047883707,0.8404736,0,0.25896987,0.6985751,0.98621786,41.736565,0.5489770770072937,0.8403679781714188
2021-09-21,Louis_DER_AU050_eobs_3264__2021__southbound_01,Louis / DER AU050 (eobs 3264),43.592377,4.3546762,43.324387,3.3246007,43.457882,4.032535352981013,59.097879966071574,88.319305,1,0.87940294,0.6985751,29.89269,43.457882,4.032535352981013,59.097879966071574
2021-09-21,Sierit_DER_AN858_eobs2561__2021__southbound_01,Sierit  / DER AN858 (eobs2561),41.6055,0.741106,41.53853,0.6149601,41.201424,0.2016560247553818,50.93683689387346,12.867578,1,0.9437302,0.6985751,63.374996,41.201424,0.2016560247553818,50.93683689387346
2021-09-22,Ed_plus_AAL16_e-obs_7210__2021__southbound_01,"Ed + (AAL16, e-obs 7210)",41.53132,-0.4183052,40.28238,-3.5975688,41.287086,-0.85159270759037,256.75390725166335,301.08954,1,0.93139166,0.6985751,45.068882,41.287086,-0.85159270759037,256.75390725166335
2021-09-22,Europa_DER_A1A26_eobs_4004__2021__southbound_01,Europa / DER A1A26 (eobs 4004),41.744118,0.5486276,41.74419,0.5457118,41.73914,0.5385333370918636,0.8186147764157488,0.24203715,0,0.22538576,0.6985751,1.0022308,41.744118,0.5486276149749756,0.2420448807415565
2021-09-22,Louis_DER_AU050_eobs_3264__2021__southbound_01,Louis / DER AU050 (eobs 3264),43.324387,3.3246007,42.618763,2.865123,42.94946,2.7176377895085477,38.691438333907605,86.91188,1,0.93514365,0.6985751,64.297806,42.94946,2.7176377895085477,38.691438333907605
2021-09-22,Sierit_DER_AN858_eobs2561__2021__southbound_01,Sierit  / DER AN858 (eobs2561),41.53853,0.6149601,41.53847,0.6147878,41.426132,0.381957369187509,23.069938469254357,0.01562597,0,0.83037686,0.6985751,23.030827,41.426132,0.381957369187509,23.069938469254357
2021-09-23,Ed_plus_AAL16_e-obs_7210__2021__southbound_01,"Ed + (AAL16, e-obs 7210)",40.28238,-3.5975688,39.879326,-4.175836,39.913296,-4.116344315933958,6.326587219777786,66.5512,1,0.94941443,0.6985751,60.06783,39.913296,-4.116344315933958,6.326587219777786
2021-09-23,Europa_DER_A1A26_eobs_4004__2021__southbound_01,Europa / DER A1A26 (eobs 4004),41.74419,0.5457118,41.74405,0.5476792,41.739582,0.5362022657408121,1.0739871735219368,0.1639872,0,0.21459036,0.6985751,0.9390355,41.74419,0.5457118153572083,0.1639766963501538
2021-09-23,Louis_DER_AU050_eobs_3264__2021__southbound_01,Louis / DER AU050 (eobs 3264),42.618763,2.865123,41.66193,0.9516546,42.275364,2.3550135658774156,134.58514471986436,190.2834,1,0.92870945,0.6985751,56.47174,42.275364,2.3550135658774156,134.58514471986436
2021-09-23,Sierit_DER_AN858_eobs2561__2021__southbound_01,Sierit  / DER AN858 (eobs2561),41.53847,0.6147878,41.538692,0.6151355,41.49008,0.4981924221034221,11.13659198618799,0.037940174,0,0.71488255,0.6985751,11.076786,41.49008,0.4981924221034221,11.13659198618799
2021-09-24,Ed_plus_AAL16_e-obs_7210__2021__southbound_01,"Ed + (AAL16, e-obs 7210)",39.879326,-4.175836,39.883015,-4.176393,39.604614,-4.599690507763791,47.62498426316889,0.4130017,0,0.9360355,0.6985751,47.25829,39.604614,-4.599690507763791,47.62498426316889
2021-09-24,Europa_DER_A1A26_eobs_4004__2021__southbound_01,Europa / DER A1A26 (eobs 4004),41.74405,0.5476792,41.743896,0.548648,41.73892,0.5412837620939239,0.8244646369605153,0.082075976,0,0.18611515,0.6985751,0.777873,41.74405,0.5476791858673096,0.082149585449997
2021-09-24,Louis_DER_AU050_eobs_3264__2021__southbound_01,Louis / DER AU050 (eobs 3264),41.66193,0.9516546,41.658073,0.95165163,41.356236,0.5358023428230204,48.224134164888255,0.42904627,0,0.92370504,0.6985751,48.379574,41.356236,0.5358023428230204,48.224134164888255
2021-09-24,Sierit_DER_AN858_eobs2561__2021__southbound_01,Sierit  / DER AN858 (eobs2561),41.538692,0.6151355,41.53863,0.6148949,41.493877,0.5224129207407827,9.168129463480389,0.021184176,0,0.70567,0.6985751,9.170286,41.493877,0.5224129207407827,9.168129463480389
2021-09-25,Ed_plus_AAL16_e-obs_7210__2021__southbound_01,"Ed + (AAL16, e-obs 7210)",39.883015,-4.176393,39.881145,-4.176397,39.880054,-4.184452025741116,0.6979652042817936,0.20802402,0,0.21984988,0.6985751,0.76108766,39.883015,-4.176393032073975,0.20784628344671147
2021-09-25,Europa_DER_A1A26_eobs_4004__2021__southbound_01,Europa / DER A1A26 (eobs 4004),41.743896,0.548648,41.743114,0.5468857,41.73798,0.5425725114561106,0.6738267426658918,0.17023385,0,0.19702315,0.6985751,0.8273735,41.743896,0.5486479997634888,0.17011303870788205
2021-09-25,Louis_DER_AU050_eobs_3264__2021__southbound_01,Louis / DER AU050 (eobs 3264),41.658073,0.95165163,41.65926,0.9525754,41.64936,0.9430262972607256,1.3568443015213025,0.15289795,0,0.2601996,0.6985751,1.2028036,41.658073,0.9516516327857971,0.15261644836997035
2021-09-25,Sierit_DER_AN858_eobs2561__2021__southbound_01,Sierit  / DER AN858 (eobs2561),41.53863,0.6148949,41.53958,0.61461765,41.515556,0.5611000663202883,5.194633046431448,0.10811002,0,0.5643327,0.6985751,5.1514726,41.53863,0.6148949265480042,0.10811161305634955
2021-09-26,Ed_plus_AAL16_e-obs_7210__2021__southbound_01,"Ed + (AAL16, e-obs 7210)",39.881145,-4.176397,39.85966,-4.165265,39.87525,-4.183590750897708,2.334850107970145,2.5708828,0,0.27531865,0.6985751,0.89644694,39.881145,-4.17639684677124,2.5709189117726794
2021-09-26,Europa_DER_A1A26_eobs_4004__2021__southbound_01,Europa / DER A1A26 (eobs 4004),41.743114,0.5468857,41.731365,0.5390256,41.73882,0.5411902930735412,0.8480786706878295,1.4600403,0,0.12875539,0.6985751,0.67074287,41.743114,0.5468857288360596,1.4602021302795347
2021-09-26,Louis_DER_AU050_eobs_3264__2021__southbound_01,Louis / DER AU050 (eobs 3264),41.65926,0.9525754,41.65797,0.9512935,41.65353,0.945470800230679,0.6912260734368555,0.17875265,0,0.15502794,0.6985751,0.86710745,41.65926,0.9525753855705261,0.17859387944204655
2021-09-26,Sierit_DER_AN858_eobs2561__2021__southbound_01,Sierit  / DER AN858 (eobs2561),41.53958,0.61461765,41.54041,0.6145698,41.509274,0.5347892273166616,7.489793242654191,0.092216715,0,0.62084484,0.6985751,7.436881,41.53958,0.614617645740509,0.09213225710783826
2021-09-27,Ed_plus_AAL16_e-obs_7210__2021__southbound_01,"Ed + (AAL16, e-obs 7210)",39.85966,-4.165265,39.859753,-4.165775,39.85005,-4.171188074846966,1.1734846827503587,0.044708025,0,0.34548414,0.6985751,1.1800148,39.85966,-4.165265083312988,0.04468394769067675
2021-09-27,Europa_DER_A1A26_eobs_4004__2021__southbound_01,Europa / DER A1A26 (eobs 4004),41.731365,0.5390256,41.71099,0.3373924,41.72639,0.531945642706619,16.238139919932696,16.887247,1,0.19169158,0.6985751,0.8053902,41.731365,0.539025604724884,16.887230437313026
2021-09-27,Louis_DER_AU050_eobs_3264__2021__southbound_01,Louis / DER AU050 (eobs 3264),41.65797,0.9512935,41.659184,0.9513698,41.653877,0.9425970711718231,0.9377223482484764,0.13483967,0,0.21882203,0.6985751,0.85247374,41.65797,0.9512935280799866,0.1350366601023596
2021-09-27,Sierit_DER_AN858_eobs2561__2021__southbound_01,Sierit  / DER AN858 (eobs2561),41.54041,0.6145698,41.538643,0.6146714,41.5344,0.5982454155351612,1.446267096480916,0.19663581,0,0.22774787,0.6985751,1.5113461,41.54041,0.6145697832107544,0.19657534381469244
2021-09-28,Ed_plus_AAL16_e-obs_7210__2021__southbound_01,"Ed + (AAL16, e-obs 7210)",39.859753,-4.165775,39.88265,-4.174532,39.855644,-4.174330154327038,3.0027882299612982,2.653327,0,0.20075656,0.6985751,0.8597783,39.859753,-4.165774822235107,2.65332470239806
2021-09-28,Europa_DER_A1A26_eobs_4004__2021__southbound_01,Europa / DER A1A26 (eobs 4004),41.71099,0.3373924,41.509094,-0.5416205,41.665504,0.23297805268933236,66.72780365824326,76.45,1,0.8277326,0.6985751,10.017505,41.665504,0.23297805268933236,66.72780365824326
2021-09-28,Louis_DER_AU050_eobs_3264__2021__southbound_01,Louis / DER AU050 (eobs 3264),41.659184,0.9513698,41.65781,0.9515684,41.6546,0.9424011454919281,0.8411942467903296,0.15333313,0,0.1720927,0.6985751,0.90128314,41.659184,0.9513698220252991,0.15359195905406856
2021-09-28,Sierit_DER_AN858_eobs2561__2021__southbound_01,Sierit  / DER AN858 (eobs2561),41.538643,0.6146714,41.557392,0.56876373,41.531616,0.5970546739654299,3.709218158962991,4.352156,0,0.33257028,0.6985751,1.6585193,41.538643,0.6146714091300964,4.352202526199633
2021-09-29,Ed_plus_AAL16_e-obs_7210__2021__southbound_01,"Ed + (AAL16, e-obs 7210)",39.88265,-4.174532,39.882633,-4.1744914,39.878036,-4.182471132003004,0.8514036556012691,0.00400551,0,0.15808354,0.6985751,0.8482612,39.88265,-4.174531936645508,0.0038521722457900568
2021-09-29,Europa_DER_A1A26_eobs_4004__2021__southbound_01,Europa / DER A1A26 (eobs 4004),41.509094,-0.5416205,41.586285,-0.81986606,41.138287,-0.9756376670853941,51.483544132538114,24.694977,1,0.9426302,0.6985751,54.732456,41.138287,-0.9756376670853941,51.483544132538114
2021-09-29,Louis_DER_AU050_eobs_3264__2021__southbound_01,Louis / DER AU050 (eobs 3264),41.65781,0.9515684,41.657883,0.9513669,41.651466,0.9421001918515131,1.0496458449364354,0.018488385,0,0.24013153,0.6985751,1.0546371,41.65781,0.9515684247016907,0.01858077237108055
2021-09-29,Sierit_DER_AN858_eobs2561__2021__southbound_01,Sierit  / DER AN858 (eobs2561),41.557392,0.56876373,41.54015,0.6144209,41.55204,0.5561005218643131,5.030337226759226,4.255688,0,0.20681024,0.6985751,1.208081,41.557392,0.5687637329101562,4.255810677460714
2021-09-30,Ed_plus_AAL16_e-obs_7210__2021__southbound_01,"Ed + (AAL16, e-obs 7210)",39.882633,-4.1744914,39.882698,-4.1751933,39.87585,-4.177692332683281,0.7906929841275808,0.06033915,0,0.2067103,0.6985751,0.80062777,39.882633,-4.1744914054870605,0.0603236284078198
2021-09-30,Europa_DER_A1A26_eobs_4004__2021__southbound_01,Europa / DER A1A26 (eobs 4004),41.586285,-0.81986606,41.474003,-1.0980037,41.506454,-0.9420806939294446,13.479238577116663,26.304415,1,0.8394144,0.6985751,13.471299,41.506454,-0.9420806939294446,13.479238577116663
2021-09-30,Louis_DER_AU050_eobs_3264__2021__southbound_01,Louis / DER AU050 (eobs 3264),41.657883,0.9513669,41.66376,0.951669,41.65356,0.9423356174891131,1.3739439165969116,0.6543308,0,0.16748302,0.6985751,0.88943964,41.657883,0.9513669013977051,0.6541360724310505
2021-09-30,Sierit_DER_AN858_eobs2561__2021__southbound_01,Sierit  / DER AN858 (eobs2561),41.54015,0.6144209,41.573586,0.5687904,41.5249,0.5939318212287962,5.803962760065048,5.313787,0,0.43369645,0.6985751,2.4006763,41.54015,0.6144208908081055,5.313972375866171
2021-10-01,Ed_plus_AAL16_e-obs_7210__2021__southbound_01,"Ed + (AAL16, e-obs 7210)",39.882698,-4.1751933,39.882725,-4.174737,39.87712,-4.182890560759094,0.9339872986466059,0.039080337,0,0.16891119,0.6985751,0.9016625,39.882698,-4.1751933097839355,0.039050363058226095
2021-10-01,Europa_DER_A1A26_eobs_4004__2021__southbound_01,Europa / DER A1A26 (eobs 4004),41.474003,-1.0980037,40.562016,-3.2691195,41.287647,-1.3302730945002887,181.77556840117344,208.46672,1,0.90241,0.6985751,28.302649,41.287647,-1.3302730945002887,181.77556840117344
2021-10-01,Louis_DER_AU050_eobs_3264__2021__southbound_01,Louis / DER AU050 (eobs 3264),41.66376,0.951669,41.6638,0.9497386,41.6585,0.9419292064235115,0.8763605097650674,0.16041209,0,0.21191676,0.6985751,0.99657446,41.66376,0.9516689777374268,0.16040929445162896
2021-10-01,Sierit_DER_AN858_eobs2561__2021__southbound_01,Sierit  / DER AN858 (eobs2561),41.573586,0.5687904,41.57358,0.6138474,41.56676,0.5440079526390205,5.859226954483054,3.748089,0,0.33255732,0.6985751,2.192919,41.573586,0.5687903761863708,3.7480888244743595
2021-10-02,Ed_plus_AAL16_e-obs_7210__2021__southbound_01,"Ed + (AAL16, e-obs 7210)",39.882725,-4.174737,39.85636,-4.1747885,39.87737,-4.179997886560904,2.3778696373703823,2.9315338,0,0.13418213,0.6985751,0.7445414,39.882725,-4.174736976623535,2.9314806486490768
2021-10-02,Europa_DER_A1A26_eobs_4004__2021__southbound_01,Europa / DER A1A26 (eobs 4004),40.562016,-3.2691195,40.32193,-3.5891702,40.11913,-3.745268414483637,26.156762237449325,38.03003,1,0.9388316,0.6985751,63.473824,40.11913,-3.745268414483637,26.156762237449325
2021-10-02,Louis_DER_AU050_eobs_3264__2021__southbound_01,Louis / DER AU050 (eobs 3264),41.6638,0.9497386,41.663574,0.94869316,41.65935,0.9426965936089136,0.6845728910563786,0.09044265,0,0.13944913,0.6985751,0.7647792,41.6638,0.949738621711731,0.09038014963921974
2021-10-02,Sierit_DER_AN858_eobs2561__2021__southbound_01,Sierit  / DER AN858 (eobs2561),41.57358,0.6138474,41.55734,0.6142457,41.561096,0.5978329129478049,1.4280965467017308,1.8064123,0,0.33301306,0.6985751,1.9207565,41.57358,0.6138473749160767,1.806443582045154
2021-10-03,Ed_plus_AAL16_e-obs_7210__2021__southbound_01,"Ed + (AAL16, e-obs 7210)",39.85636,-4.1747885,39.852436,-4.2449136,39.851017,-4.181624108031851,5.4050127476412655,6.0018835,0,0.17868043,0.6985751,0.83122826,39.85636,-4.174788475036621,6.001892076372135
2021-10-03,Europa_DER_A1A26_eobs_4004__2021__southbound_01,Europa / DER A1A26 (eobs 4004),40.32193,-3.5891702,40.322205,-3.5869176,40.13461,-3.7984309214662604,27.523744653254855,0.1934125,0,0.8965834,0.6985751,27.312225,40.13461,-3.7984309214662604,27.523744653254855
2021-10-03,Louis_DER_AU050_eobs_3264__2021__southbound_01,Louis / DER AU050 (eobs 3264),41.663574,0.94869316,41.667892,0.95159733,41.65964,0.9412591420668889,1.256703692806252,0.53731364,0,0.16719261,0.6985751,0.7554879,41.663574,0.9486931562423706,0.5373611858405879
2021-10-03,Sierit_DER_AN858_eobs2561__2021__southbound_01,Sierit  / DER AN858 (eobs2561),41.55734,0.6142457,41.540375,0.6144741,41.551117,0.6018726143327722,1.589521824146401,1.8865314,0,0.20320612,0.6985751,1.2381034,41.55734,0.6142457127571106,1.8864045133864067
2021-10-04,Ed_plus_AAL16_e-obs_7210__2021__southbound_01,"Ed + (AAL16, e-obs 7210)",39.852436,-4.2449136,39.856407,-4.214764,39.8441,-4.261427962415607,4.212023137713672,2.6111681,0,0.3304545,0.6985751,1.6841753,39.852436,-4.244913578033447,2.6112153560445135
2021-10-04,Europa_DER_A1A26_eobs_4004__2021__southbound_01,Europa / DER A1A26 (eobs 4004),40.322205,-3.5869176,40.29139,-3.633558,40.32048,-3.5920611846917883,4.7797335843297315,5.232947,0,0.33739156,0.6985751,0.4754251,40.322205,-3.5869176387786865,5.232817437177429
2021-10-04,Louis_DER_AU050_eobs_3264__2021__southbound_01,Louis / DER AU050 (eobs 3264),41.667892,0.95159733,41.65795,0.9512533,41.663517,0.944544385855686,0.832838416842915,1.1054984,0,0.13858289,0.6985751,0.76017123,41.667892,0.9515973329544067,1.1057709191061114
2021-10-04,Sierit_DER_AN858_eobs2561__2021__southbound_01,Sierit  / DER AN858 (eobs2561),41.540375,0.6144741,41.53859,0.6149485,41.534653,0.6026103296844484,1.1163512384297065,0.20239419,0,0.20976299,0.6985751,1.1725681,41.540375,0.6144741177558899,0.2024026159116205
2021-10-05,Ed_plus_AAL16_e-obs_7210__2021__southbound_01,"Ed + (AAL16, e-obs 7210)",39.856407,-4.214764,39.849773,-4.247153,39.84396,-4.224195126133923,2.0637792097297596,2.8614767,0,0.30946895,0.6985751,1.5983098,39.856407,-4.21476411819458,2.8615158564566303
2021-10-05,Europa_DER_A1A26_eobs_4004__2021__southbound_01,Europa / DER A1A26 (eobs 4004),40.29139,-3.633558,40.262356,-3.6339383,40.28824,-3.640513124142702,2.9315836742189134,3.2283156,0,0.26216504,0.6985751,0.6848036,40.29139,-3.6335580348968506,3.2285614327163015
2021-10-05,Louis_DER_AU050_eobs_3264__2021__southbound_01,Louis / DER AU050 (eobs 3264),41.65795,0.9512533,41.665646,0.9430285,41.652313,0.942598993873768,1.4829229680828486,1.0949353,0,0.18478775,0.6985751,0.9522919,41.65795,0.9512532949447632,1.0949036100383225
2021-10-05,Sierit_DER_AN858_eobs2561__2021__southbound_01,Sierit  / DER AN858 (eobs2561),41.53859,0.6149485,41.53868,0.614892,41.521126,0.5852537527146414,3.1459972650579333,0.011339907,0,0.4648414,0.6985751,3.1375287,41.53859,0.6149485111236572,0.011214033271637476
2021-10-06,Ed_plus_AAL16_e-obs_7210__2021__southbound_01,"Ed + (AAL16, e-obs 7210)",39.849773,-4.247153,39.85635,-4.17749,39.842434,-4.256903994271099,6.95374399619094,5.9914484,0,0.1823235,0.6985751,1.1637275,39.849773,-4.247152805328369,5.991428604205635
2021-10-06,Europa_DER_A1A26_eobs_4004__2021__southbound_01,Europa / DER A1A26 (eobs 4004),40.262356,-3.6339383,40.261543,-3.634287,40.257202,-3.641446917068071,0.7759699736622773,0.095216915,0,0.29023695,0.6985751,0.8553501,40.262356,-3.6339383125305176,0.0950736853583373
2021-10-06,Louis_DER_AU050_eobs_3264__2021__southbound_01,Louis / DER AU050 (eobs 3264),41.665646,0.9430285,41.657867,0.951539,41.659782,0.9342766991088425,1.4497973855765427,1.1172156,0,0.15894227,0.6985751,0.97484285,41.665646,0.9430285096168518,1.1170778957220333
2021-10-06,Sierit_DER_AN858_eobs2561__2021__southbound_01,Sierit  / DER AN858 (eobs2561),41.53868,0.614892,41.55732,0.55529314,41.5316,0.5998552569313435,4.68316832501484,5.375244,0,0.19863127,0.6985751,1.4758677,41.53868,0.6148920059204102,5.375333363622521
2021-10-07,Ed_plus_AAL16_e-obs_7210__2021__southbound_01,"Ed + (AAL16, e-obs 7210)",39.85635,-4.17749,39.88213,-4.171537,39.846184,-4.184446989998737,4.146103622260614,2.9113204,0,0.27006224,0.6985751,1.2746791,39.85635,-4.177490234375,2.9112561819229916
2021-10-07,Europa_DER_A1A26_eobs_4004__2021__southbound_01,Europa / DER A1A26 (eobs 4004),40.261543,-3.634287,40.26184,-3.6346602,40.25589,-3.642114125964842,0.9153880748180417,0.045905188,0,0.22504547,0.6985751,0.91284007,40.261543,-3.634287118911743,0.04579376668475687
2021-10-07,Louis_DER_AU050_eobs_3264__2021__southbound_01,Louis / DER AU050 (eobs 3264),41.657867,0.951539,41.6631,0.95162827,41.651627,0.9444941801421654,1.4068562076514182,0.5821312,0,0.15027972,0.6985751,0.90625715,41.657867,0.9515389800071716,0.5820161473657821
2021-10-07,Sierit_DER_AN858_eobs2561__2021__southbound_01,Sierit  / DER AN858 (eobs2561),41.55732,0.55529314,41.55735,0.55482215,41.54763,0.5305611560980212,2.289927370573914,0.039354965,0,0.2951581,0.6985751,2.3187523,41.55732,0.5552931427955627,0.03933652368080711
2021-10-08,Ed_plus_AAL16_e-obs_7210__2021__southbound_01,"Ed + (AAL16, e-obs 7210)",39.88213,-4.171537,39.85583,-4.1715584,39.875088,-4.180761435726679,2.2807569128553364,2.9241755,0,0.21523021,0.6985751,1.1083494,39.88213,-4.171536922454834,2.924266942764543
2021-10-08,Europa_DER_A1A26_eobs_4004__2021__southbound_01,Europa / DER A1A26 (eobs 4004),40.26184,-3.6346602,40.263256,-3.6342008,40.25669,-3.6452256883029452,1.1866351242522049,0.16186248,0,0.19543083,0.6985751,1.0618947,40.26184,-3.634660243988037,0.16212580973250437
2021-10-08,Louis_DER_AU050_eobs_3264__2021__southbound_01,Louis / DER AU050 (eobs 3264),41.6631,0.95162827,41.657887,0.9513762,41.657898,0.9441704740699022,0.5986302146234267,0.58053803,0,0.14875042,0.6985751,0.8462355,41.6631,0.9516282677650452,0.5802259872438262
2021-10-08,Sierit_DER_AN858_eobs2561__2021__southbound_01,Sierit  / DER AN858 (eobs2561),41.55735,0.55482215,41.556698,0.5537554,41.54862,0.5362521753624485,1.7112807042564064,0.114500955,0,0.24656735,0.6985751,1.8216369,41.55735,0.5548221468925476,0.11462806591032632
2021-10-09,Ed_plus_AAL16_e-obs_7210__2021__southbound_01,"Ed + (AAL16, e-obs 7210)",39.85583,-4.1715584,39.854263,-4.270872,39.845848,-4.180153430002743,7.800719684916513,8.479296,0,0.22042513,0.6985751,1.3282027,39.85583,-4.171558380126953,8.479304302622621
2021-10-09,Europa_DER_A1A26_eobs_4004__2021__southbound_01,Europa / DER A1A26 (eobs 4004),40.263256,-3.6342008,40.261814,-3.6341543,40.25696,-3.6441256668067696,1.0035177981587218,0.16030826,0,0.19610065,0.6985751,1.0931265,40.263256,-3.6342008113861084,0.16038688706502202
2021-10-09,Louis_DER_AU050_eobs_3264__2021__southbound_01,Louis / DER AU050 (eobs 3264),41.657887,0.9513762,41.657852,0.9515188,41.653122,0.9446734066389132,0.7746526025923545,0.012438214,0,0.12974578,0.6985751,0.76713955,41.657887,0.95137619972229,0.01244464101063333
2021-10-09,Sierit_DER_AN858_eobs2561__2021__southbound_01,Sierit  / DER AN858 (eobs2561),41.556698,0.5537554,41.5576,0.5538011,41.550423,0.5409514758589737,1.3341107263364842,0.100131124,0,0.17433633,0.6985751,1.2713768,41.556698,0.5537554025650024,0.10017768166201033
2021-10-10,Ed_plus_AAL16_e-obs_7210__2021__southbound_01,"Ed + (AAL16, e-obs 7210)",39.854263,-4.270872,39.8652,-4.6851053,39.8269,-4.32769357770837,30.80873748014549,35.3778,1,0.5707422,0.6985751,5.7156734,39.854263,-4.270872116088867,35.37779255340567
2021-10-10,Europa_DER_A1A26_eobs_4004__2021__southbound_01,Europa / DER A1A26 (eobs 4004),40.261814,-3.6341543,40.25979,-3.6346369,40.25496,-3.6406541318725743,0.7410149476898632,0.2289495,0,0.13431539,0.6985751,0.9392884,40.261814,-3.6341543197631836,0.22892897927834707
2021-10-10,Louis_DER_AU050_eobs_3264__2021__southbound_01,Louis / DER AU050 (eobs 3264),41.657852,0.9515188,41.662094,0.95153725,41.65181,0.9438428846247536,1.310109875740765,0.47175318,0,0.1807566,0.6985751,0.9247144,41.657852,0.9515187740325928,0.4716857298540934
2021-10-10,Sierit_DER_AN858_eobs2561__2021__southbound_01,Sierit  / DER AN858 (eobs2561),41.5576,0.5538011,41.557713,0.55440867,41.550304,0.5410173154172062,1.3857256812715415,0.05213998,0,0.1859974,0.6985751,1.335387,41.5576,0.5538011193275452,0.052128869875669004
2021-10-11,Ed_plus_AAL16_e-obs_7210__2021__southbound_01,"Ed + (AAL16, e-obs 7210)",39.8652,-4.6851053,39.379917,-5.8253427,39.624958,-4.998844800061189,75.96600285340774,111.575485,1,0.8950789,0.6985751,37.757484,39.624958,-4.998844800061189,75.96600285340774
2021-10-11,Europa_DER_A1A26_eobs_4004__2021__southbound_01,Europa / DER A1A26 (eobs 4004),40.25979,-3.6346369,40.291348,-3.6336932,40.254074,-3.640642049088371,4.186337317811811,3.5099351,0,0.17836526,0.6985751,0.8129686,40.25979,-3.634636878967285,3.5101175253007937
2021-10-11,Louis_DER_AU050_eobs_3264__2021__southbound_01,Louis / DER AU050 (eobs 3264),41.662094,0.95153725,41.65781,0.95141137,41.656437,0.9426466069840309,0.7439967040116721,0.4763022,0,0.17209762,0.6985751,0.96847445,41.662094,0.9515372514724731,0.4764639450753882
2021-10-11,Sierit_DER_AN858_eobs2561__2021__southbound_01,Sierit  / DER AN858 (eobs2561),41.557713,0.55440867,41.538696,0.6148573,41.54485,0.5417066504499054,6.126395401405801,5.4568486,0,0.2424283,0.6985751,1.7753775,41.557713,0.5544086694717407,5.456771735359635
2021-10-12,Ed_plus_AAL16_e-obs_7210__2021__southbound_01,"Ed + (AAL16, e-obs 7210)",39.379917,-5.8253427,38.832294,-6.3756003,39.034897,-6.14578334754984,30.044472840903754,77.21475,1,0.9200851,0.6985751,47.143955,39.034897,-6.14578334754984,30.044472840903754
2021-10-12,Europa_DER_A1A26_eobs_4004__2021__southbound_01,Europa / DER A1A26 (eobs 4004),40.291348,-3.6336932,40.26309,-3.634282,40.286697,-3.6397909988719097,2.6664984357059307,3.1426313,0,0.11406484,0.6985751,0.7299351,40.291348,-3.633693218231201,3.142689716580842
2021-10-12,Louis_DER_AU050_eobs_3264__2021__southbound_01,Louis / DER AU050 (eobs 3264),41.65781,0.95141137,41.65783,0.95160085,41.65165,0.9431645693066155,0.9815533590621879,0.015884947,0,0.16627555,0.6985751,0.96708924,41.65781,0.9514113664627075,0.015883909403677426
2021-10-12,Sierit_DER_AN858_eobs2561__2021__southbound_01,Sierit  / DER AN858 (eobs2561),41.538696,0.6148573,41.54128,0.61553884,41.52211,0.6035774649057991,2.3525625299897275,0.29283023,0,0.30499566,0.6985751,2.065855,41.538696,0.6148573160171509,0.29271520716924776
2021-10-13,Ed_plus_AAL16_e-obs_7210__2021__southbound_01,"Ed + (AAL16, e-obs 7210)",38.832294,-6.3756003,38.836105,-6.374772,38.523132,-6.644390998772618,41.93883801352226,0.42965308,0,0.904984,0.6985751,41.446693,38.523132,-6.644390998772618,41.93883801352226
2021-10-13,Europa_DER_A1A26_eobs_4004__2021__southbound_01,Europa / DER A1A26 (eobs 4004),40.26309,-3.634282,40.261402,-3.6343458,40.257687,-3.638880740923621,0.5646021087852936,0.18733026,0,0.104818575,0.6985751,0.714915,40.26309,-3.634282112121582,0.18756339461123178
2021-10-13,Louis_DER_AU050_eobs_3264__2021__southbound_01,Louis / DER AU050 (eobs 3264),41.65783,0.95160085,41.65816,0.9511081,41.650124,0.9420175756772684,1.170119119141969,0.055134736,0,0.22610725,0.6985751,1.167427,41.65783,0.9516008496284485,0.055114627918703654
2021-10-13,Sierit_DER_AN858_eobs2561__2021__southbound_01,Sierit  / DER AN858 (eobs2561),41.54128,0.61553884,41.538536,0.6149967,41.532413,0.6027036562586713,1.228998311165492,0.30851534,0,0.2047193,0.6985751,1.4509795,41.54128,0.6155388355255127,0.30830230120131213
2021-10-14,Ed_plus_AAL16_e-obs_7210__2021__southbound_01,"Ed + (AAL16, e-obs 7210)",38.836105,-6.374772,38.529705,-6.3443646,38.82893,-6.379422320525642,33.41121019882305,34.17224,1,0.14368065,0.6985751,0.8920594,38.836105,-6.374772071838379,34.172287691971626
2021-10-14,Europa_DER_A1A26_eobs_4004__2021__southbound_01,Europa / DER A1A26 (eobs 4004),40.261402,-3.6343458,40.258785,-3.6347842,40.256172,-3.639569092410741,0.4992900616421311,0.29333368,0,0.09560506,0.6985751,0.7300559,40.261402,-3.634345769882202,0.29335327597505284
2021-10-14,Louis_DER_AU050_eobs_3264__2021__southbound_01,Louis / DER AU050 (eobs 3264),41.65816,0.9511081,41.66322,0.95074224,41.651897,0.9409031432276334,1.501037913910854,0.5630676,0,0.19614322,0.6985751,1.0952454,41.65816,0.9511080980300903,0.5632773447935917
2021-10-14,Sierit_DER_AN858_eobs2561__2021__southbound_01,Sierit  / DER AN858 (eobs2561),41.538536,0.6149967,41.538548,0.6149802,41.530556,0.6019040033882516,1.4051079694635944,0.0020857072,0,0.21438791,0.6985751,1.4027555,41.538536,0.6149966716766357,0.0018692456285865887
2021-10-15,Ed_plus_AAL16_e-obs_7210__2021__southbound_01,"Ed + (AAL16, e-obs 7210)",38.529705,-6.3443646,37.5937,-6.0076947,38.380836,-6.395331230441397,93.88699067803823,108.17221,1,0.7978179,0.6985751,17.106901,38.380836,-6.395331230441397,93.88699067803823
2021-10-15,Europa_DER_A1A26_eobs_4004__2021__southbound_01,Europa / DER A1A26 (eobs 4004),40.258785,-3.6347842,40.259884,-3.6343744,40.253475,-3.6400485271326852,0.8600386155177243,0.12687524,0,0.10007152,0.6985751,0.73896086,40.258785,-3.63478422164917,0.127016404945858
2021-10-15,Louis_DER_AU050_eobs_3264__2021__southbound_01,Louis / DER AU050 (eobs 3264),41.66322,0.95074224,41.661278,0.9515267,41.657814,0.9422686388715762,0.8601586941769593,0.22546339,0,0.16286689,0.6985751,0.9240472,41.66322,0.950742244720459,0.22552539585505152
2021-10-15,Sierit_DER_AN858_eobs2561__2021__southbound_01,Sierit  / DER AN858 (eobs2561),41.538548,0.6149802,41.53867,0.6150512,41.53136,0.6011949118265576,1.4109170306483427,0.014628989,0,0.20708105,0.6985751,1.3957336,41.538548,0.6149802207946777,0.01480381847015431
2021-10-16,Ed_plus_AAL16_e-obs_7210__2021__southbound_01,"Ed + (AAL16, e-obs 7210)",37.5937,-6.0076947,37.593742,-6.00738,37.412674,-6.073293978403259,20.9566876601065,0.028130261,0,0.82984775,0.6985751,20.906013,37.412674,-6.073293978403259,20.9566876601065
2021-10-16,Europa_DER_A1A26_eobs_4004__2021__southbound_01,Europa / DER A1A26 (eobs 4004),40.259884,-3.6343744,40.261364,-3.6337926,40.254826,-3.641509430605182,0.9784591991338811,0.171894,0,0.1326208,0.6985751,0.82501495,40.259884,-3.6343743801116943,0.17182360447806924
2021-10-16,Louis_DER_AU050_eobs_3264__2021__southbound_01,Louis / DER AU050 (eobs 3264),41.661278,0.9515267,41.66506,0.94823927,41.656258,0.9447670354719963,1.020200155885366,0.5014057,0,0.13277882,0.6985751,0.79051507,41.661278,0.9515267014503479,0.5012758717037326
2021-10-16,Sierit_DER_AN858_eobs2561__2021__southbound_01,Sierit  / DER AN858 (eobs2561),41.53867,0.6150512,41.54014,0.6151167,41.52917,0.6009546473700329,1.6960937270481065,0.1635921,0,0.22946316,0.6985751,1.5760102,41.53867,0.6150512099266052,0.1633985753235243
2021-10-17,Ed_plus_AAL16_e-obs_7210__2021__southbound_01,"Ed + (AAL16, e-obs 7210)",37.593742,-6.00738,37.533047,-6.00962,37.576782,-6.003808699779029,4.890081449097089,6.7518454,0,0.3833293,0.6985751,1.9085207,37.593742,-6.00738000869751,6.751945264905486
2021-10-17,Europa_DER_A1A26_eobs_4004__2021__southbound_01,Europa / DER A1A26 (eobs 4004),40.261364,-3.6337926,40.261806,-3.634365,40.256603,-3.6393860409818446,0.7185235476151507,0.06911817,0,0.11503899,0.6985751,0.70962167,40.261364,-3.6337926387786865,0.06914090281929698
2021-10-17,Louis_DER_AU050_eobs_3264__2021__southbound_01,Louis / DER AU050 (eobs 3264),41.66506,0.94823927,41.661915,0.9501597,41.660015,0.9399528848320123,0.873828639741001,0.3841602,0,0.15708953,0.6985751,0.8862518,41.66506,0.948239266872406,0.38420718413836097
2021-10-17,Sierit_DER_AN858_eobs2561__2021__southbound_01,Sierit  / DER AN858 (eobs2561),41.54014,0.6151167,41.538284,0.61490965,41.53192,0.6006377591336671,1.382659858270374,0.20727359,0,0.22148736,0.6985751,1.5097252,41.54014,0.6151167154312134,0.20686845768258666
2021-10-18,Ed_plus_AAL16_e-obs_7210__2021__southbound_01,"Ed + (AAL16, e-obs 7210)",37.533047,-6.00962,37.163715,-6.2020426,37.516117,-6.010384517697157,42.69164401484006,44.451096,1,0.36311248,0.6985751,1.8805119,37.533047,-6.009620189666748,44.450885444107705
2021-10-18,Europa_DER_A1A26_eobs_4004__2021__southbound_01,Europa / DER A1A26 (eobs 4004),40.261806,-3.634365,40.32144,-3.5901666,40.25731,-3.6407982862018637,8.324498219177453,7.6175394,0,0.1070941,0.6985751,0.73915005,40.261806,-3.6343650817871094,7.617404819715263
2021-10-18,Louis_DER_AU050_eobs_3264__2021__southbound_01,Louis / DER AU050 (eobs 3264),41.661915,0.9501597,41.660698,0.95156795,41.656723,0.9436195762929042,0.7945909147445871,0.17907928,0,0.12548597,0.6985751,0.7914591,41.661915,0.9501597285270691,0.17887046161513623
2021-10-19,Ed_plus_AAL16_e-obs_7210__2021__southbound_01,"Ed + (AAL16, e-obs 7210)",37.163715,-6.2020426,37.154522,-6.1693482,37.014854,-6.258297268944706,17.41974362816273,3.0723412,0,0.80624676,0.6985751,17.256584,37.014854,-6.258297268944706,17.41974362816273
2021-10-19,Europa_DER_A1A26_eobs_4004__2021__southbound_01,Europa / DER A1A26 (eobs 4004),40.32144,-3.5901666,40.322083,-3.5996642,40.31654,-3.597267494844908,0.6489587387292585,0.8083249,0,0.14925681,0.6985751,0.8107636,40.32144,-3.5901665687561035,0.8083350255714412
2021-10-19,Louis_DER_AU050_eobs_3264__2021__southbound_01,Louis / DER AU050 (eobs 3264),41.660698,0.95156795,41.658875,0.95127183,41.655254,0.9450301696464368,0.6564515554622579,0.2043226,0,0.13522959,0.6985751,0.81170726,41.660698,0.9515679478645325,0.2042427633029065
2021-10-20,Ed_plus_AAL16_e-obs_7210__2021__southbound_01,"Ed + (AAL16, e-obs 7210)",37.154522,-6.1693482,37.223404,-5.8807354,37.13723,-6.1685310370572966,27.237865724156197,26.68896,1,0.39116392,0.6985751,1.9205772,37.154522,-6.169348239898682,26.68889662016889
2021-10-20,Europa_DER_A1A26_eobs_4004__2021__southbound_01,Europa / DER A1A26 (eobs 4004),40.322083,-3.5996642,40.31485,-3.6240296,40.316795,-3.6070718518826195,1.4539511002011003,2.2168155,0,0.11721465,0.6985751,0.85886145,40.322083,-3.5996642112731934,2.2167760082018577
2021-10-20,Louis_DER_AU050_eobs_3264__2021__southbound_01,Louis / DER AU050 (eobs 3264),41.658875,0.95127183,41.66311,0.9484897,41.654053,0.9445059352718788,1.0599844940673981,0.5246436,0,0.12754129,0.6985751,0.77556443,41.658875,0.9512718319892883,0.5245004928713023
2021-10-21,Ed_plus_AAL16_e-obs_7210__2021__southbound_01,"Ed + (AAL16, e-obs 7210)",37.223404,-5.8807354,37.22879,-5.881563,37.19434,-5.8828175646668655,3.83233982039373,0.6031861,0,0.540557,0.6985751,3.23151,37.223404,-5.880735397338867,0.6034036375471512
2021-10-21,Europa_DER_A1A26_eobs_4004__2021__southbound_01,Europa / DER A1A26 (eobs 4004),40.31485,-3.6240296,40.307487,-3.6170847,40.30972,-3.6317155516544712,1.2651803679783564,1.0083095,0,0.13055356,0.6985751,0.8647069,40.31485,-3.6240296363830566,1.0084460048403467
2021-10-21,Louis_DER_AU050_eobs_3264__2021__southbound_01,Louis / DER AU050 (eobs 3264),41.66311,0.9484897,41.660633,0.9438561,41.658882,0.9415970578114001,0.2704198652575824,0.4731458,0,0.12013172,0.6985751,0.73946846,41.66311,0.9484897255897522,0.47323260823671115
2021-10-22,Ed_plus_AAL16_e-obs_7210__2021__southbound_01,"Ed + (AAL16, e-obs 7210)",37.22879,-5.881563,37.2224,-5.885379,37.220917,-5.888756905972176,0.3416041854437707,0.7865546,0,0.18867275,0.6985751,1.0806403,37.22879,-5.881563186645508,0.7867252365514553
2021-10-22,Europa_DER_A1A26_eobs_4004__2021__southbound_01,Europa / DER A1A26 (eobs 4004),40.307487,-3.6170847,40.3079,-3.6120775,40.301403,-3.6226288537065354,1.1499536378134338,0.4270481,0,0.104228236,0.6985751,0.82241344,40.307487,-3.6170847415924072,0.4270569588255287
2021-10-22,Louis_DER_AU050_eobs_3264__2021__southbound_01,Louis / DER AU050 (eobs 3264),41.660633,0.9438561,41.667133,0.9495537,41.656033,0.9363994416988213,1.6485548362841682,0.8638801,0,0.12338601,0.6985751,0.80194396,41.660633,0.9438561201095581,0.8639682817440499
2021-10-23,Ed_plus_AAL16_e-obs_7210__2021__southbound_01,"Ed + (AAL16, e-obs 7210)",37.2224,-5.885379,37.222507,-5.8867292,37.20859,-5.892198284560385,1.6214082467366566,0.120146975,0,0.31934813,0.6985751,1.6469254,37.2224,-5.885378837585449,0.1201582933104598
2021-10-23,Europa_DER_A1A26_eobs_4004__2021__southbound_01,Europa / DER A1A26 (eobs 4004),40.3079,-3.6120775,40.235306,-3.6294167,40.301605,-3.617288732812588,7.443637254038715,8.20505,0,0.10165921,0.6985751,0.82617146,40.3079,-3.612077474594116,8.205011753254517
2021-10-23,Louis_DER_AU050_eobs_3264__2021__southbound_01,Louis / DER AU050 (eobs 3264),41.667133,0.9495537,41.658417,0.95126075,41.662296,0.9431366569115529,0.8009876983185859,0.97956157,0,0.11442147,0.6985751,0.7559725,41.667133,0.9495537281036377,0.9795593402249452
2021-10-24,Ed_plus_AAL16_e-obs_7210__2021__southbound_01,"Ed + (AAL16, e-obs 7210)",37.222507,-5.8867292,37.21989,-5.886865,37.21549,-5.895261280647149,0.8901471987420279,0.2911016,0,0.18189399,0.6985751,1.0843331,37.222507,-5.8867292404174805,0.2912331400630548
2021-10-24,Europa_DER_A1A26_eobs_4004__2021__southbound_01,Europa / DER A1A26 (eobs 4004),40.235306,-3.6294167,40.263374,-3.6333177,40.2272,-3.6368939408009964,4.033892498758922,3.1387563,0,0.13506357,0.6985751,1.1003286,40.235306,-3.6294167041778564,3.138594159391219
2021-10-24,Louis_DER_AU050_eobs_3264__2021__southbound_01,Louis / DER AU050 (eobs 3264),41.658417,0.95126075,41.65773,0.9514614,41.652485,0.9442138839060557,0.8382866999410039,0.077992156,0,0.11315628,0.6985751,0.8803668,41.658417,0.9512607455253601,0.07814970173408392
2021-10-25,Ed_plus_AAL16_e-obs_7210__2021__southbound_01,"Ed + (AAL16, e-obs 7210)",37.21989,-5.886865,37.221687,-5.8868527,37.211567,-5.891723801802715,1.2051704008985313,0.19943133,0,0.17316735,0.6985751,1.0187709,37.21989,-5.886865139007568,0.19978970871448984
2021-10-25,Europa_DER_A1A26_eobs_4004__2021__southbound_01,Europa / DER A1A26 (eobs 4004),40.263374,-3.6333177,40.264034,-3.6333163,40.257275,-3.6407677649087553,0.9822184864461594,0.07311086,0,0.12093242,0.6985751,0.9255619,40.263374,-3.633317708969116,0.073382473738283
2021-10-25,Louis_DER_AU050_eobs_3264__2021__southbound_01,Louis / DER AU050 (eobs 3264),41.65773,0.9514614,41.657867,0.9515576,41.652187,0.9451849754727499,0.8241486702596107,0.017163489,0,0.09626102,0.6985751,0.8057455,41.65773,0.9514613747596741,0.017235350756433263
2021-10-26,Ed_plus_AAL16_e-obs_7210__2021__southbound_01,"Ed + (AAL16, e-obs 7210)",37.221687,-5.8868527,37.22315,-5.8809767,37.213963,-5.894603473560414,1.5809008857265041,0.5451769,0,0.1760683,0.6985751,1.097369,37.221687,-5.886852741241455,0.5450635817828743
2021-10-26,Europa_DER_A1A26_eobs_4004__2021__southbound_01,Europa / DER A1A26 (eobs 4004),40.264034,-3.6333163,40.260742,-3.633537,40.25821,-3.640957638087706,0.6898004654452314,0.3662775,0,0.12758403,0.6985751,0.9148688,40.264034,-3.6333162784576416,0.3665425398368079
2021-10-26,Louis_DER_AU050_eobs_3264__2021__southbound_01,Louis / DER AU050 (eobs 3264),41.657867,0.9515576,41.658127,0.9514687,41.65205,0.9437969334071475,0.9288876690219185,0.029816588,0,0.13240476,0.6985751,0.91167235,41.657867,0.9515575766563416,0.029773856246311986
2021-10-27,Ed_plus_AAL16_e-obs_7210__2021__southbound_01,"Ed + (AAL16, e-obs 7210)",37.22315,-5.8809767,37.221527,-5.886993,37.21424,-5.885583543985412,0.8197311466790532,0.5624515,0,0.17601049,0.6985751,1.0690876,37.22315,-5.880976676940918,0.5623803112583983
2021-10-27,Europa_DER_A1A26_eobs_4004__2021__southbound_01,Europa / DER A1A26 (eobs 4004),40.260742,-3.633537,40.263313,-3.630154,40.254223,-3.639073826245576,1.2627982493190768,0.40497297,0,0.09429044,0.6985751,0.8621788,40.260742,-3.6335370540618896,0.40514776935456104
2021-10-27,Louis_DER_AU050_eobs_3264__2021__southbound_01,Louis / DER AU050 (eobs 3264),41.658127,0.9514687,41.66191,0.94862694,41.652607,0.9440437205580783,1.102407981279209,0.48242635,0,0.12124668,0.6985751,0.8685158,41.658127,0.9514687061309814,0.48248338739234675
2021-10-28,Ed_plus_AAL16_e-obs_7210__2021__southbound_01,"Ed + (AAL16, e-obs 7210)",37.221527,-5.886993,37.192818,-5.9131646,37.21555,-5.8925191775150285,3.119675701153771,3.945123,0,0.1167444,0.6985751,0.8240409,37.221527,-5.886992931365967,3.945037052353624
2021-10-28,Europa_DER_A1A26_eobs_4004__2021__southbound_01,Europa / DER A1A26 (eobs 4004),40.263313,-3.630154,40.26407,-3.6322224,40.256607,-3.6378138564753293,0.9557687071685719,0.19457458,0,0.13388355,0.6985751,0.98754203,40.263313,-3.6301538944244385,0.1945746195853942
2021-10-28,Louis_DER_AU050_eobs_3264__2021__southbound_01,Louis / DER AU050 (eobs 3264),41.66191,0.94862694,41.66794,0.9515064,41.656815,0.9415094640721311,1.4898205927549892,0.71137893,0,0.11323418,0.6985751,0.81740135,41.66191,0.9486269354820251,0.711600860804299
2021-10-29,Ed_plus_AAL16_e-obs_7210__2021__southbound_01,"Ed + (AAL16, e-obs 7210)",37.192818,-5.9131646,37.16616,-5.9580846,37.184807,-5.919538369291306,3.9952653494651433,4.9620266,0,0.16174838,0.6985751,1.052772,37.192818,-5.9131646156311035,4.962231940750202
2021-10-29,Europa_DER_A1A26_eobs_4004__2021__southbound_01,Europa / DER A1A26 (eobs 4004),40.26407,-3.6322224,40.320896,-3.6073222,40.25895,-3.6393489850077363,7.4044670971932085,6.6626015,0,0.108070515,0.6985751,0.82887954,40.26407,-3.6322224140167236,6.662518084988917
2021-10-29,Louis_DER_AU050_eobs_3264__2021__southbound_01,Louis / DER AU050 (eobs 3264),41.66794,0.9515064,41.666363,0.9465311,41.662846,0.9449133584576337,0.4135340551956315,0.44881675,0,0.10367578,0.6985751,0.78638536,41.66794,0.9515063762664795,0.4488665456083614
2021-10-30,Ed_plus_AAL16_e-obs_7210__2021__southbound_01,"Ed + (AAL16, e-obs 7210)",37.16616,-5.9580846,37.171257,-5.958897,37.159637,-5.965271624717651,1.4101134144666478,0.57112414,0,0.13293265,0.6985751,0.9634672,37.16616,-5.958084583282471,0.571253582335652
2021-10-30,Europa_DER_A1A26_eobs_4004__2021__southbound_01,Europa / DER A1A26 (eobs 4004),40.320896,-3.6073222,40.25067,-3.6785955,40.31587,-3.614829828187937,9.045088113771744,9.875549,0,0.1170794,0.6985751,0.8456827,40.320896,-3.6073222160339355,9.87543884541994
2021-10-30,Louis_DER_AU050_eobs_3264__2021__southbound_01,Louis / DER AU050 (eobs 3264),41.666363,0.9465311,41.664085,0.9515797,41.66209,0.9412047512198038,0.8899414653617836,0.48978877,0,0.08010472,0.6985751,0.64819556,41.666363,0.9465311169624329,0.4898974209524478
2021-10-31,Ed_plus_AAL16_e-obs_7210__2021__southbound_01,"Ed + (AAL16, e-obs 7210)",37.171257,-5.958897,37.176624,-5.9551215,37.164482,-5.96487506397331,1.6030493296890267,0.6841221,0,0.11386146,0.6985751,0.91937083,37.171257,-5.958897113800049,0.6841727359496502
2021-10-31,Europa_DER_A1A26_eobs_4004__2021__southbound_01,Europa / DER A1A26 (eobs 4004),40.25067,-3.6785955,40.29147,-3.633428,40.24535,-3.686031155521691,6.798412589993783,5.9384594,0,0.10384526,0.6985751,0.8634807,40.25067,-3.678595542907715,5.938439501616099
2021-10-31,Louis_DER_AU050_eobs_3264__2021__southbound_01,Louis / DER AU050 (eobs 3264),41.664085,0.9515797,41.66187,0.9440007,41.65961,0.947102538628378,0.35979862201493107,0.6761791,0,0.072173595,0.6985751,0.620098,41.664085,0.9515796899795532,0.6761031358820943
2021-11-01,Ed_plus_AAL16_e-obs_7210__2021__southbound_01,"Ed + (AAL16, e-obs 7210)",37.176624,-5.9551215,37.22026,-5.8845806,37.169415,-5.961029611645153,8.821562793508296,7.9106402,0,0.11815633,0.6985751,0.95559496,37.176624,-5.9551215171813965,7.910764580245208
2021-11-01,Europa_DER_A1A26_eobs_4004__2021__southbound_01,Europa / DER A1A26 (eobs 4004),40.29147,-3.633428,40.291492,-3.633498,40.286198,-3.6402102731595947,0.8190068463918316,0.0064747115,0,0.09675315,0.6985751,0.81998813,40.29147,-3.6334280967712402,0.006448424467515745
2021-11-01,Louis_DER_AU050_eobs_3264__2021__southbound_01,Louis / DER AU050 (eobs 3264),41.66187,0.9440007,41.66325,0.95109147,41.657345,0.9381062144877258,1.262862098339795,0.60867715,0,0.08933606,0.6985751,0.7008985,41.66187,0.9440007209777832,0.6087193890980879
2021-11-02,Ed_plus_AAL16_e-obs_7210__2021__southbound_01,"Ed + (AAL16, e-obs 7210)",37.22026,-5.8845806,37.221363,-5.884307,37.213238,-5.890174122887812,1.042220969506573,0.12514307,0,0.11986224,0.6985751,0.92325306,37.22026,-5.884580612182617,0.12495944293383553
2021-11-02,Europa_DER_A1A26_eobs_4004__2021__southbound_01,Europa / DER A1A26 (eobs 4004),40.291492,-3.633498,40.291645,-3.6330664,40.285263,-3.6431419656888915,1.1108297731967494,0.040410653,0,0.13850446,0.6985751,1.0699027,40.291492,-3.633497953414917,0.040342538657949865
2021-11-02,Louis_DER_AU050_eobs_3264__2021__southbound_01,Louis / DER AU050 (eobs 3264),41.66325,0.95109147,41.66276,0.95132405,41.65869,0.9457136582556518,0.6496662960789877,0.05763212,0,0.07514682,0.6985751,0.67455876,41.66325,0.951091468334198,0.057629523284615486
2021-11-03,Ed_plus_AAL16_e-obs_7210__2021__southbound_01,"Ed + (AAL16, e-obs 7210)",37.221363,-5.884307,37.222183,-5.8824253,37.21156,-5.891159561002432,1.411991200450663,0.19002093,0,0.15926261,0.6985751,1.2454056,37.221363,-5.884306907653809,0.18993273847298753
2021-11-03,Europa_DER_A1A26_eobs_4004__2021__southbound_01,Europa / DER A1A26 (eobs 4004),40.291645,-3.6330664,40.291332,-3.6330643,40.285496,-3.6405539858166276,0.9081625898785416,0.034721166,0,0.11273231,0.6985751,0.93154776,40.291645,-3.633066415786743,0.03478287274760477
2021-11-03,Louis_DER_AU050_eobs_3264__2021__southbound_01,Louis / DER AU050 (eobs 3264),41.66276,0.95132405,41.663937,0.94854164,41.65713,0.945118796695456,0.8083888652353712,0.26560953,0,0.08570284,0.6985751,0.80967855,41.66276,0.9513240456581116,0.26550181057449795
2021-11-04,Ed_plus_AAL16_e-obs_7210__2021__southbound_01,"Ed + (AAL16, e-obs 7210)",37.222183,-5.8824253,37.19028,-5.9281163,37.20896,-5.886926369446075,4.198121542058905,5.3814263,0,0.19680622,0.6985751,1.5204046,37.222183,-5.882425308227539,5.381291449502695
2021-11-04,Europa_DER_A1A26_eobs_4004__2021__southbound_01,Europa / DER A1A26 (eobs 4004),40.291332,-3.6330643,40.263615,-3.633206,40.282246,-3.643790571695503,2.257924385972328,3.0824177,0,0.1564973,0.6985751,1.3570802,40.291332,-3.6330642700195312,3.08208309683555
2021-11-04,Louis_DER_AU050_eobs_3264__2021__southbound_01,Louis / DER AU050 (eobs 3264),41.663937,0.94854164,41.66468,0.94754547,41.659138,0.9420779910252967,0.7656042284161811,0.11704492,0,0.077973016,0.6985751,0.75571203,41.663937,0.9485416412353516,0.11700131328125359
2021-11-05,Ed_plus_AAL16_e-obs_7210__2021__southbound_01,"Ed + (AAL16, e-obs 7210)",37.19028,-5.9281163,37.19209,-5.950459,37.176414,-5.934334339744098,2.253516480879784,1.9892833,0,0.19549306,0.6985751,1.6346166,37.19028,-5.928116321563721,1.9893136233019377
2021-11-05,Europa_DER_A1A26_eobs_4004__2021__southbound_01,Europa / DER A1A26 (eobs 4004),40.263615,-3.633206,40.26306,-3.633591,40.249348,-3.643279650275811,1.7324374815790682,0.06956194,0,0.23266691,0.6985751,1.7988231,40.263615,-3.6332058906555176,0.06964445367273543
2021-11-05,Louis_DER_AU050_eobs_3264__2021__southbound_01,Louis / DER AU050 (eobs 3264),41.66468,0.94754547,41.669514,0.9460496,41.65915,0.9401798322164465,1.2513857366460863,0.55171835,0,0.09463743,0.6985751,0.86614573,41.66468,0.9475454688072205,0.5516078382057071
2021-11-06,Ed_plus_AAL16_e-obs_7210__2021__southbound_01,"Ed + (AAL16, e-obs 7210)",37.19209,-5.950459,37.19251,-5.8818226,37.18473,-5.955425308049248,6.5771060067326825,6.079938,0,0.10170498,0.6985751,0.92735654,37.19209,-5.950459003448486,6.079940837567866
2021-11-06,Europa_DER_A1A26_eobs_4004__2021__southbound_01,Europa / DER A1A26 (eobs 4004),40.26306,-3.633591,40.263786,-3.633254,40.25406,-3.642712049488548,1.3468796026075305,0.08565905,0,0.13490841,0.6985751,1.2631462,40.26306,-3.6335909366607666,0.08551252981131274
2021-11-06,Louis_DER_AU050_eobs_3264__2021__southbound_01,Louis / DER AU050 (eobs 3264),41.669514,0.9460496,41.663757,0.9513165,41.663136,0.9383136579409086,1.0823503694030534,0.775325,0,0.1012215,0.6985751,0.9552206,41.669514,0.9460495710372925,0.775311819075042
2021-11-07,Ed_plus_AAL16_e-obs_7210__2021__southbound_01,"Ed + (AAL16, e-obs 7210)",37.19251,-5.8818226,37.164833,-5.9613924,37.183655,-5.884754110074577,7.105403852042711,7.6920037,0,0.112360016,0.6985751,1.0162601,37.19251,-5.88182258605957,7.691936229529024
2021-11-07,Europa_DER_A1A26_eobs_4004__2021__southbound_01,Europa / DER A1A26 (eobs 4004),40.263786,-3.633254,40.321423,-3.5995865,40.256096,-3.6421785003544107,8.11275388731584,7.0159526,0,0.12479217,0.6985751,1.1402569,40.263786,-3.633254051208496,7.016225033839447
2021-11-07,Louis_DER_AU050_eobs_3264__2021__southbound_01,Louis / DER AU050 (eobs 3264),41.663757,0.9513165,41.657715,0.9514639,41.65728,0.9451780934785315,0.5244403725135848,0.6724081,0,0.08573576,0.6985751,0.8810978,41.663757,0.9513164758682251,0.6720056745472465
2021-11-08,Ed_plus_AAL16_e-obs_7210__2021__southbound_01,"Ed + (AAL16, e-obs 7210)",37.164833,-5.9613924,37.210426,-5.901478,37.15708,-5.965217603504999,8.18959696707816,7.339819,0,0.097635776,0.6985751,0.92456526,37.164833,-5.961392402648926,7.339758965178163
2021-11-08,Europa_DER_A1A26_eobs_4004__2021__southbound_01,Europa / DER A1A26 (eobs 4004),40.321423,-3.5995865,40.33385,-3.5989313,40.31447,-3.6076726024898664,2.2790748611972136,1.3833815,0,0.11439466,0.6985751,1.0316337,40.321423,-3.5995864868164062,1.3830795771697548
2021-11-08,Louis_DER_AU050_eobs_3264__2021__southbound_01,Louis / DER AU050 (eobs 3264),41.657715,0.9514639,41.647175,0.9578444,41.651894,0.9447187076207164,1.2102402033672928,1.2862917,0,0.087583445,0.6985751,0.8547811,41.657715,0.9514638781547546,1.2863127997813004
2021-11-09,Ed_plus_AAL16_e-obs_7210__2021__southbound_01,"Ed + (AAL16, e-obs 7210)",37.210426,-5.901478,37.22079,-5.887798,37.202866,-5.904755158358447,2.495573778418032,1.6720436,0,0.09721311,0.6985751,0.88769543,37.210426,-5.901477813720703,1.6720296273249657
2021-11-09,Europa_DER_A1A26_eobs_4004__2021__southbound_01,Europa / DER A1A26 (eobs 4004),40.33385,-3.5989313,40.284847,-3.622396,40.326935,-3.607150017773931,4.855216097346854,5.800771,0,0.114820756,0.6985751,1.0357919,40.33385,-3.598931312561035,5.800848934458742
2021-11-09,Louis_DER_AU050_eobs_3264__2021__southbound_01,Louis / DER AU050 (eobs 3264),41.647175,0.9578444,41.647053,0.95779747,41.639877,0.9512533431295859,0.9655607257722083,0.013858133,0,0.09834853,0.6985751,0.97721887,41.647175,0.9578443765640259,0.01412214955340792
2021-11-10,Ed_plus_AAL16_e-obs_7210__2021__southbound_01,"Ed + (AAL16, e-obs 7210)",37.22079,-5.887798,37.168835,-5.954089,37.2131,-5.890584382247097,7.47472036444071,8.237499,0,0.10242685,0.6985751,0.8883113,37.22079,-5.887797832489014,8.237436896650282
2021-11-10,Europa_DER_A1A26_eobs_4004__2021__southbound_01,Europa / DER A1A26 (eobs 4004),40.284847,-3.622396,40.263058,-3.6326995,40.273952,-3.630716969960694,1.2230671387868164,2.575967,0,0.15450542,0.6985751,1.3995025,40.284847,-3.6223959922790527,2.575751099254903
2021-11-11,Ed_plus_AAL16_e-obs_7210__2021__southbound_01,"Ed + (AAL16, e-obs 7210)",37.168835,-5.954089,37.168278,-5.952407,37.160324,-5.958581891369859,1.0399905606212219,0.16150384,0,0.1285442,0.6985751,1.0250124,37.168835,-5.954089164733887,0.1614149289670285
2021-11-11,Europa_DER_A1A26_eobs_4004__2021__southbound_01,Europa / DER A1A26 (eobs 4004),40.263058,-3.6326995,40.235367,-3.618495,40.254562,-3.6410440842831453,2.8668164946535435,3.3066163,0,0.12767507,0.6985751,1.1785836,40.263058,-3.632699489593506,3.306670546639846
2021-11-12,Ed_plus_AAL16_e-obs_7210__2021__southbound_01,"Ed + (AAL16, e-obs 7210)",37.168278,-5.952407,37.16686,-5.946577,37.16029,-5.955448042148634,1.073058431079758,0.54006726,0,0.117420584,0.6985751,0.926657,37.168278,-5.952406883239746,0.5401320394091588
2021-11-12,Europa_DER_A1A26_eobs_4004__2021__southbound_01,Europa / DER A1A26 (eobs 4004),40.235367,-3.618495,40.208237,-3.602621,40.226585,-3.6266095699473646,2.8829548616841647,3.3041394,0,0.1393975,0.6985751,1.1929373,40.235367,-3.618494987487793,3.3041052649641927
2021-11-13,Ed_plus_AAL16_e-obs_7210__2021__southbound_01,"Ed + (AAL16, e-obs 7210)",37.16686,-5.946577,37.166683,-5.9542823,37.158974,-5.9486254189103525,0.9930612468956864,0.68302286,0,0.11786638,0.6985751,0.89367664,37.16686,-5.946577072143555,0.6830312631941468
2021-11-13,Europa_DER_A1A26_eobs_4004__2021__southbound_01,Europa / DER A1A26 (eobs 4004),40.208237,-3.602621,40.33112,-3.6038399,40.19993,-3.6107288479280903,14.599527729097908,13.664598,1,0.13959214,0.6985751,1.15004,40.208237,-3.602621078491211,13.664358862231758
2021-11-14,Ed_plus_AAL16_e-obs_7210__2021__southbound_01,"Ed + (AAL16, e-obs 7210)",37.166683,-5.9542823,37.166874,-5.9541974,37.160694,-5.958211447595276,0.7737660030086891,0.022318022,0,0.09122387,0.6985751,0.75011516,37.166683,-5.954282283782959,0.02250279871408313
2021-11-14,Europa_DER_A1A26_eobs_4004__2021__southbound_01,Europa / DER A1A26 (eobs 4004),40.33112,-3.6038399,40.32137,-3.594558,40.322372,-3.612469209989702,1.5225601182573436,1.3398452,0,0.18426129,0.6985751,1.2148407,40.33112,-3.603839874267578,1.3396253328451024
2021-11-15,Ed_plus_AAL16_e-obs_7210__2021__southbound_01,"Ed + (AAL16, e-obs 7210)",37.166874,-5.9541974,37.166843,-5.95422,37.16032,-5.958858803640913,0.8337267666205079,0.0038858312,0,0.11640911,0.6985751,0.8362781,37.166874,-5.954197406768799,0.003931766757650027
2021-11-15,Europa_DER_A1A26_eobs_4004__2021__southbound_01,Europa / DER A1A26 (eobs 4004),40.32137,-3.594558,40.263817,-3.6321826,40.309887,-3.602265546891811,5.7168356365224176,7.1507955,0,0.20049456,0.6985751,1.4316952,40.32137,-3.594558000564575,7.151028153773489
2021-11-16,Ed_plus_AAL16_e-obs_7210__2021__southbound_01,"Ed + (AAL16, e-obs 7210)",37.166843,-5.95422,37.153416,-5.9547462,37.160343,-5.958339635730319,0.8335323615925037,1.4938662,0,0.09624685,0.6985751,0.80836403,37.166843,-5.954219818115234,1.493826598968396
2021-11-16,Europa_DER_A1A26_eobs_4004__2021__southbound_01,Europa / DER A1A26 (eobs 4004),40.263817,-3.6321826,40.2646,-3.6329992,40.25375,-3.641060017231797,1.3867823464955202,0.11092278,0,0.18340103,0.6985751,1.3468734,40.263817,-3.6321825981140137,0.11118469207652287
2021-11-17,Europa_DER_A1A26_eobs_4004__2021__southbound_01,Europa / DER A1A26 (eobs 4004),40.2646,-3.6329992,40.264763,-3.6320436,40.258713,-3.639517099075576,0.9245144046521612,0.08312205,0,0.099832274,0.6985751,0.85551333,40.2646,-3.6329991817474365,0.08310665239558496
2021-11-18,Europa_DER_A1A26_eobs_4004__2021__southbound_01,Europa / DER A1A26 (eobs 4004),40.264763,-3.6320436,40.313248,-3.60496,40.257317,-3.636071285252924,6.7559883459540755,5.860239,0,0.1013573,0.6985751,0.8939954,40.264763,-3.6320436000823975,5.860284745476826
2021-11-19,Europa_DER_A1A26_eobs_4004__2021__southbound_01,Europa / DER A1A26 (eobs 4004),40.313248,-3.60496,40.327168,-3.599088,40.306797,-3.6093805677829414,2.42738063312216,1.6258845,0,0.09103505,0.6985751,0.80770344,40.313248,-3.6049599647521973,1.62590523483509
2021-11-20,Europa_DER_A1A26_eobs_4004__2021__southbound_01,Europa / DER A1A26 (eobs 4004),40.327168,-3.599088,40.327198,-3.597524,40.32122,-3.603315938946745,0.8263774163829066,0.13263825,0,0.08060245,0.6985751,0.75074923,40.327168,-3.599087953567505,0.13262719984109533
2021-11-21,Europa_DER_A1A26_eobs_4004__2021__southbound_01,Europa / DER A1A26 (eobs 4004),40.327198,-3.597524,40.26402,-3.6027386,40.320866,-3.598751043328058,6.330105536389067,7.0392184,0,0.07328939,0.6985751,0.71059114,40.327198,-3.5975239276885986,7.039102911008691
2021-11-22,Europa_DER_A1A26_eobs_4004__2021__southbound_01,Europa / DER A1A26 (eobs 4004),40.26402,-3.6027386,40.30714,-3.5990047,40.258125,-3.604963356212982,5.473619172824728,4.805337,0,0.06787343,0.6985751,0.68072927,40.26402,-3.602738618850708,4.805329423377764
2021-11-23,Europa_DER_A1A26_eobs_4004__2021__southbound_01,Europa / DER A1A26 (eobs 4004),40.30714,-3.5990047,40.176826,-3.5660312,40.301334,-3.602816302466301,14.192391033680385,14.757829,1,0.076674215,0.6985751,0.72059083,40.30714,-3.5990047454833984,14.758065494602285
2021-11-24,Europa_DER_A1A26_eobs_4004__2021__southbound_01,Europa / DER A1A26 (eobs 4004),40.176826,-3.5660312,40.17684,-3.5659435,40.16512,-3.56111085148968,1.3666355554076601,0.0076360875,0,0.20553632,0.6985751,1.3649622,40.176826,-3.5660312175750732,0.00764483014005732
2021-11-25,Europa_DER_A1A26_eobs_4004__2021__southbound_01,Europa / DER A1A26 (eobs 4004),40.17684,-3.5659435,40.185543,-3.575326,40.168186,-3.56835458225158,2.01883530072691,1.2534872,0,0.12678494,0.6985751,0.98219913,40.17684,-3.565943479537964,1.253585719550476
2021-11-26,Europa_DER_A1A26_eobs_4004__2021__southbound_01,Europa / DER A1A26 (eobs 4004),40.185543,-3.575326,40.301094,-3.5659697,40.17883,-3.581307494258338,13.65744238064065,12.873242,1,0.10323008,0.6985751,0.90157443,40.185543,-3.5753259658813477,12.873219368975118
2021-11-27,Europa_DER_A1A26_eobs_4004__2021__southbound_01,Europa / DER A1A26 (eobs 4004),40.301094,-3.5659697,40.1944,-3.5753632,40.28956,-3.5708932526442143,10.587859192163583,11.890416,1,0.18648237,0.6985751,1.3465674,40.301094,-3.565969705581665,11.890522518929393
2021-11-28,Europa_DER_A1A26_eobs_4004__2021__southbound_01,Europa / DER A1A26 (eobs 4004),40.1944,-3.5753632,40.32036,-3.5889318,40.177155,-3.580815920234646,15.938440963659858,14.052992,1,0.27971762,0.6985751,1.9694256,40.1944,-3.5753631591796875,14.053101885948955
2021-11-29,Europa_DER_A1A26_eobs_4004__2021__southbound_01,Europa / DER A1A26 (eobs 4004),40.32036,-3.5889318,40.286144,-3.6072855,40.308434,-3.598135298824531,2.597104230714088,4.110545,0,0.2044174,0.6985751,1.5357451,40.32036,-3.5889317989349365,4.110487170100249
2021-11-30,Europa_DER_A1A26_eobs_4004__2021__southbound_01,Europa / DER A1A26 (eobs 4004),40.286144,-3.6072855,40.20809,-3.602592,40.274906,-3.6134739428824583,7.486629424148778,8.688307,0,0.16024989,0.6985751,1.3530996,40.286144,-3.607285499572754,8.688192930538449
2021-12-01,Europa_DER_A1A26_eobs_4004__2021__southbound_01,Europa / DER A1A26 (eobs 4004),40.20809,-3.602592,40.20811,-3.623674,40.195446,-3.6040485581857507,2.18202730489737,1.7902683,0,0.1755193,0.6985751,1.4091302,40.20809,-3.6025919914245605,1.7902827395757246
2021-12-02,Europa_DER_A1A26_eobs_4004__2021__southbound_01,Europa / DER A1A26 (eobs 4004),40.20811,-3.623674,40.132435,-3.6237237,40.200428,-3.631033366002137,7.5859756005888155,8.415055,0,0.107584834,0.6985751,1.0567948,40.20811,-3.623673915863037,8.414795993393648
2022-06-16,Angela_DER_AY470_eobs_4001__2022__southbound_01,Angela / DER AY470 (eobs 4001),48.137405,7.7458625,48.13461,7.7570877,48.133152,7.743445020110576,1.0253184128959922,0.88913476,0,0.04038542,0.6985751,0.5048072,48.137405,7.7458624839782715,0.8891325925059758
2022-06-17,Angela_DER_AY470_eobs_4001__2022__southbound_01,Angela / DER AY470 (eobs 4001),48.13461,7.7570877,48.14088,7.749649,48.1304,7.754574891961843,1.2212014764225623,0.8894275,0,0.0414137,0.6985751,0.50276124,48.13461,7.757087707519531,0.8893700446524428
2022-06-18,Angela_DER_AY470_eobs_4001__2022__southbound_01,Angela / DER AY470 (eobs 4001),48.14088,7.749649,48.134766,7.7496576,48.136555,7.7467725972948065,0.2922538338575131,0.67993593,0,0.046387684,0.6985751,0.52532125,48.14088,7.7496490478515625,0.6799537346271216
2022-06-19,Angela_DER_AY470_eobs_4001__2022__southbound_01,Angela / DER AY470 (eobs 4001),48.134766,7.7496576,48.133423,7.757559,48.130615,7.747062075476423,0.8392288251384655,0.6051188,0,0.041129455,0.6985751,0.4993739,48.134766,7.74965763092041,0.6050625904505434
2022-06-20,Angela_DER_AY470_eobs_4001__2022__southbound_01,Angela / DER AY470 (eobs 4001),48.133423,7.757559,48.14129,7.7506833,48.129215,7.754858006609084,1.3777967544505436,1.0127189,0,0.043990202,0.6985751,0.5080168,48.133423,7.757558822631836,1.0125805050689265
2022-06-21,Angela_DER_AY470_eobs_4001__2022__southbound_01,Angela / DER AY470 (eobs 4001),48.14129,7.7506833,48.121136,7.7597175,48.136894,7.747613781428553,1.9691128863014447,2.3389556,0,0.048880365,0.6985751,0.5381346,48.14129,7.750683307647705,2.339069341453852
2022-06-22,Angela_DER_AY470_eobs_4001__2022__southbound_01,Angela / DER AY470 (eobs 4001),48.121136,7.7597175,48.136864,7.7544317,48.117203,7.75692805334292,2.194037975144245,1.7920554,0,0.040967513,0.6985751,0.48282713,48.121136,7.7597174644470215,1.7923344891136013
2022-06-23,Angela_DER_AY470_eobs_4001__2022__southbound_01,Angela / DER AY470 (eobs 4001),48.136864,7.7544317,48.151844,7.753538,48.132877,7.751533378710069,2.114240138067347,1.6669482,0,0.042896137,0.6985751,0.49172097,48.136864,7.75443172454834,1.6670564042228444
2022-06-24,Angela_DER_AY470_eobs_4001__2022__southbound_01,Angela / DER AY470 (eobs 4001),48.151844,7.753538,48.151802,7.7496066,48.147903,7.750691136549649,0.4409107252799353,0.29169822,0,0.04150968,0.6985751,0.48563468,48.151844,7.753538131713867,0.2916965436118834
2022-06-25,Angela_DER_AY470_eobs_4001__2022__southbound_01,Angela / DER AY470 (eobs 4001),48.151802,7.7496066,48.15153,7.7494283,48.147884,7.7466599798259015,0.45455276059667976,0.032877333,0,0.040017076,0.6985751,0.48654252,48.151802,7.749606609344482,0.03289426825917384
2022-06-26,Angela_DER_AY470_eobs_4001__2022__southbound_01,Angela / DER AY470 (eobs 4001),48.15153,7.7494283,48.14006,7.7497954,48.147575,7.746610868347222,0.868389579823209,1.2754877,0,0.0394456,0.6985751,0.48600703,48.15153,7.7494282722473145,1.2757868018824365
2022-06-27,Angela_DER_AY470_eobs_4001__2022__southbound_01,Angela / DER AY470 (eobs 4001),48.14006,7.7497954,48.142757,7.7487884,48.136337,7.7470831832332365,0.7250136059163866,0.30900282,0,0.03587889,0.6985751,0.45944887,48.14006,7.749795436859131,0.30906171459956017
2022-06-28,Angela_DER_AY470_eobs_4001__2022__southbound_01,Angela / DER AY470 (eobs 4001),48.142757,7.7487884,48.15182,7.7496433,48.138958,7.74603250937624,1.4551929269705994,1.0097941,0,0.035708554,0.6985751,0.46871626,48.142757,7.748788356781006,1.0098352919555154
2022-06-29,Angela_DER_AY470_eobs_4001__2022__southbound_01,Angela / DER AY470 (eobs 4001),48.15182,7.7496433,48.148563,7.7573185,48.148003,7.74689582556446,0.7757671383270739,0.67481494,0,0.03857888,0.6985751,0.46998784,48.15182,7.749643325805664,0.674861109696934
2022-06-30,Angela_DER_AY470_eobs_4001__2022__southbound_01,Angela / DER AY470 (eobs 4001),48.148563,7.7573185,48.13624,7.7571564,48.14454,7.754627705031016,0.9418839299390871,1.3707656,0,0.038398616,0.6985751,0.48909232,48.148563,7.757318496704102,1.3705640536765007
2022-07-01,Angela_DER_AY470_eobs_4001__2022__southbound_01,Angela / DER AY470 (eobs 4001),48.13624,7.7571564,48.14824,7.7522483,48.132416,7.754343077478332,1.7663327146718386,1.3832718,0,0.035975374,0.6985751,0.47288036,48.13624,7.7571563720703125,1.3832555537799212
2022-07-02,Angela_DER_AY470_eobs_4001__2022__southbound_01,Angela / DER AY470 (eobs 4001),48.14824,7.7522483,48.1052,7.758968,48.14402,7.749039805229476,4.378861217864683,4.811267,0,0.04162836,0.6985751,0.52500147,48.14824,7.752248287200928,4.81146690172518
2022-07-03,Angela_DER_AY470_eobs_4001__2022__southbound_01,Angela / DER AY470 (eobs 4001),48.1052,7.758968,48.13729,7.749495,48.100937,7.755857032721966,4.069886542895485,3.6365101,0,0.04076706,0.6985751,0.5267501,48.1052,7.758967876434326,3.6367890346065948
2022-07-04,Angela_DER_AY470_eobs_4001__2022__southbound_01,Angela / DER AY470 (eobs 4001),48.13729,7.749495,48.126923,7.7582455,48.13276,7.745851986512438,1.1257093758486292,1.3231084,0,0.050499603,0.6985751,0.57080126,48.13729,7.749495029449463,1.3232228202555172
2022-07-05,Angela_DER_AY470_eobs_4001__2022__southbound_01,Angela / DER AY470 (eobs 4001),48.126923,7.7582455,48.1214,7.7581725,48.123016,7.755356734784872,0.27573664896506334,0.61402655,0,0.03906031,0.6985751,0.4836027,48.126923,7.758245468139648,0.6142300940882631
2022-07-06,Angela_DER_AY470_eobs_4001__2022__southbound_01,Angela / DER AY470 (eobs 4001),48.1214,7.7581725,48.123215,7.7582374,48.116325,7.754922625946881,0.8046076218807766,0.20183226,0,0.050639577,0.6985751,0.6123557,48.1214,7.758172512054443,0.20196494300998336
2022-07-07,Angela_DER_AY470_eobs_4001__2022__southbound_01,Angela / DER AY470 (eobs 4001),48.123215,7.7582374,48.127316,7.7711196,48.11871,7.754884022632345,1.5388377337372192,1.0593013,0,0.047248095,0.6985751,0.55822223,48.123215,7.758237361907959,1.0593245423035493
2022-07-08,Angela_DER_AY470_eobs_4001__2022__southbound_01,Angela / DER AY470 (eobs 4001),48.127316,7.7711196,48.122665,7.759184,48.122887,7.768116794077236,0.6635175153604547,1.0258743,0,0.042683017,0.6985751,0.539745,48.127316,7.771119594573975,1.0257681162517533
2022-07-09,Angela_DER_AY470_eobs_4001__2022__southbound_01,Angela / DER AY470 (eobs 4001),48.122665,7.759184,48.107132,7.7732925,48.117577,7.755552963370957,1.7559533478124552,2.0197093,0,0.04978934,0.6985751,0.62549376,48.122665,7.759183883666992,2.0200041601092624
2022-07-10,Angela_DER_AY470_eobs_4001__2022__southbound_01,Angela / DER AY470 (eobs 4001),48.107132,7.7732925,48.064213,7.807008,48.10317,7.7706402964440855,5.105050097736566,5.3898654,0,0.03450228,0.6985751,0.48176578,48.107132,7.773292541503906,5.389593828857018
2022-07-11,Angela_DER_AY470_eobs_4001__2022__southbound_01,Angela / DER AY470 (eobs 4001),48.064213,7.807008,48.118717,7.760838,48.05994,7.80447296843658,7.2951591146908115,6.9635186,0,0.037340023,0.6985751,0.5103035,48.064213,7.807007789611816,6.963475386049415
2022-07-12,Angela_DER_AY470_eobs_4001__2022__southbound_01,Angela / DER AY470 (eobs 4001),48.118717,7.760838,48.091064,7.77622,48.11448,7.757871286757559,2.938544512563674,3.2798848,0,0.0401803,0.6985751,0.51913023,48.118717,7.760838031768799,3.280118642683669
2022-07-13,Angela_DER_AY470_eobs_4001__2022__southbound_01,Angela / DER AY470 (eobs 4001),48.091064,7.77622,48.07595,7.791768,48.08697,7.773779754191854,1.8131130060149363,2.039396,0,0.03608941,0.6985751,0.4890123,48.091064,7.776219844818115,2.0391991916834136
2022-07-14,Angela_DER_AY470_eobs_4001__2022__southbound_01,Angela / DER AY470 (eobs 4001),48.07595,7.791768,48.049126,7.8188767,48.07198,7.78929845775473,3.360027341932483,3.599204,0,0.033786166,0.6985751,0.47721758,48.07595,7.7917680740356445,3.599376984026482
2022-07-15,Angela_DER_AY470_eobs_4001__2022__southbound_01,Angela / DER AY470 (eobs 4001),48.049126,7.8188767,48.103233,7.766294,48.04454,7.81585903939639,7.493639964327826,7.173266,0,0.043738272,0.6985751,0.5559581,48.049126,7.81887674331665,7.173546230944482
2022-07-16,Angela_DER_AY470_eobs_4001__2022__southbound_01,Angela / DER AY470 (eobs 4001),48.103233,7.766294,48.04949,7.8192673,48.09856,7.7626082146255335,6.891342614415739,7.1551013,0,0.04859207,0.6985751,0.5864091,48.103233,7.766294002532959,7.155337344620518
2022-07-17,Angela_DER_AY470_eobs_4001__2022__southbound_01,Angela / DER AY470 (eobs 4001),48.04949,7.8192673,48.07285,7.756972,48.044056,7.815659195050543,5.410593162909357,5.308215,0,0.055138104,0.6985751,0.6600551,48.04949,7.819267272949219,5.308310722861977
2022-07-18,Angela_DER_AY470_eobs_4001__2022__southbound_01,Angela / DER AY470 (eobs 4001),48.07285,7.756972,48.04899,7.822951,48.067326,7.752574728602282,5.61375464793761,5.5751677,0,0.061647832,0.6985751,0.69465077,48.07285,7.756971836090088,5.575119376860773
2022-07-19,Angela_DER_AY470_eobs_4001__2022__southbound_01,Angela / DER AY470 (eobs 4001),48.04899,7.822951,48.124626,7.7589154,48.04376,7.81933933690848,10.050070086015188,9.662439,0,0.05649092,0.6985751,0.6392733,48.04899,7.822950839996338,9.66237033181584
2022-07-20,Angela_DER_AY470_eobs_4001__2022__southbound_01,Angela / DER AY470 (eobs 4001),48.124626,7.7589154,48.135765,7.7564077,48.117783,7.752712912636148,2.018281151333669,1.252556,0,0.08894445,0.6985751,0.8878748,48.124626,7.758915424346924,1.2524970843452168
2022-07-21,Angela_DER_AY470_eobs_4001__2022__southbound_01,Angela / DER AY470 (eobs 4001),48.135765,7.7564077,48.104126,7.7561326,48.12979,7.751124475437039,2.8779676974728328,3.5179493,0,0.074928045,0.6985751,0.77007097,48.135765,7.756407737731934,3.5181714465736325
2022-07-22,Angela_DER_AY470_eobs_4001__2022__southbound_01,Angela / DER AY470 (eobs 4001),48.104126,7.7561326,48.118336,7.7548037,48.0982,7.750976025444137,2.2567642975157285,1.5828824,0,0.07169619,0.6985751,0.7607705,48.104126,7.75613260269165,1.583131548755365
2022-07-23,Angela_DER_AY470_eobs_4001__2022__southbound_01,Angela / DER AY470 (eobs 4001),48.118336,7.7548037,48.137905,7.757325,48.112164,7.749014675851203,2.9280464786663933,2.184045,0,0.079059444,0.6985751,0.8084076,48.118336,7.754803657531738,2.1840533408288216
2022-07-24,Angela_DER_AY470_eobs_4001__2022__southbound_01,Angela / DER AY470 (eobs 4001),48.137905,7.757325,48.048836,7.8213377,48.132042,7.751766612398278,10.597288549511214,10.985915,1,0.07727888,0.6985751,0.7701787,48.137905,7.757325172424316,10.986025594844572
2022-07-25,Angela_DER_AY470_eobs_4001__2022__southbound_01,Angela / DER AY470 (eobs 4001),48.048836,7.8213377,48.04876,7.821447,48.007133,7.762879562828853,6.35550722022605,0.011765968,0,0.6366683,0.6985751,6.3438253,48.048836,7.821337699890137,0.011741134673680523
2022-07-26,Angela_DER_AY470_eobs_4001__2022__southbound_01,Angela / DER AY470 (eobs 4001),48.04876,7.821447,48.050156,7.8170605,48.010475,7.762324014357033,6.002903060337134,0.36108363,0,0.6172944,0.6985751,6.107893,48.04876,7.821446895599365,0.36112835719488967
2022-07-27,Angela_DER_AY470_eobs_4001__2022__southbound_01,Angela / DER AY470 (eobs 4001),48.050156,7.8170605,48.048626,7.8205914,48.02638,7.753088691295731,5.595377581338078,0.3126264,0,0.5651741,0.6985751,5.4311576,48.050156,7.817060470581055,0.31276392922160434
2022-07-28,Angela_DER_AY470_eobs_4001__2022__southbound_01,Angela / DER AY470 (eobs 4001),48.048626,7.8205914,48.048702,7.820163,48.03249,7.812703287797965,1.8861207496757402,0.03291327,0,0.3130539,0.6985751,1.8841805,48.048626,7.820591449737549,0.03297512678120695
2022-07-29,Angela_DER_AY470_eobs_4001__2022__southbound_01,Angela / DER AY470 (eobs 4001),48.048702,7.820163,48.047768,7.827323,48.0386,7.807236840992032,1.8079591067772753,0.54227185,0,0.23361914,0.6985751,1.475618,48.048702,7.820162773132324,0.5422991998851918
2022-07-30,Angela_DER_AY470_eobs_4001__2022__southbound_01,Angela / DER AY470 (eobs 4001),48.047768,7.827323,48.13316,7.7576375,48.038063,7.822047805428077,11.606290128484012,10.814234,1,0.19776988,0.6985751,1.1460493,48.047768,7.827322959899902,10.814200694363496
2022-07-31,Angela_DER_AY470_eobs_4001__2022__southbound_01,Angela / DER AY470 (eobs 4001),48.13316,7.7576375,48.13341,7.757503,48.1207,7.7235003150760315,2.892514373582509,0.02970145,0,0.40613335,0.6985751,2.882406,48.13316,7.7576375007629395,0.029720955336710174
2022-08-01,Angela_DER_AY470_eobs_4001__2022__southbound_01,Angela / DER AY470 (eobs 4001),48.13341,7.757503,48.04878,7.8231163,48.125576,7.7403123730105285,10.523880895913598,10.597998,1,0.2875306,0.6985751,1.5420825,48.13341,7.757503032684326,10.597692253103245
2022-08-02,Angela_DER_AY470_eobs_4001__2022__southbound_01,Angela / DER AY470 (eobs 4001),48.04878,7.8231163,48.048836,7.8189383,48.041683,7.816219025983605,0.8206160760952953,0.3106508,0,0.15218681,0.6985751,0.9391108,48.04878,7.823116302490234,0.3106345111211064
2022-08-03,Angela_DER_AY470_eobs_4001__2022__southbound_01,Angela / DER AY470 (eobs 4001),48.048836,7.8189383,48.049488,7.8205976,48.042263,7.809404208533403,1.1566404864762891,0.14313821,0,0.17847478,0.6985751,1.0161114,48.048836,7.818938255310059,0.14309394330255118
2022-08-03,Europa_DER_A1A26_eobs_4004__2022__southbound_01,Europa / DER A1A26 (eobs 4004),47.16747,7.402696,47.176556,7.412624,47.16324,7.3989142277406685,1.8074290734031062,1.2585537,0,0.031171553,0.6985751,0.54963136,47.16747,7.402696132659912,1.258588075764234
2022-08-04,Angela_DER_AY470_eobs_4001__2022__southbound_01,Angela / DER AY470 (eobs 4001),48.049488,7.8205976,48.046074,7.8209033,48.040054,7.802888849972677,1.4971844531189706,0.38005444,0,0.35485741,0.6985751,1.6802213,48.049488,7.8205976486206055,0.38031642657117426
2022-08-04,Europa_DER_A1A26_eobs_4004__2022__southbound_01,Europa / DER A1A26 (eobs 4004),47.176556,7.412624,47.167435,7.4031906,47.17101,7.40644727266052,0.46752068028029864,1.2396982,0,0.0592191,0.6985751,0.77231205,47.176556,7.412623882293701,1.2397864513708017
2022-08-05,Angela_DER_AY470_eobs_4001__2022__southbound_01,Angela / DER AY470 (eobs 4001),48.046074,7.8209033,48.04897,7.8212457,48.039192,7.805132265128162,1.617662438986203,0.32295728,0,0.30080542,0.6985751,1.3975494,48.046074,7.820903301239014,0.3229536107705849
2022-08-05,Europa_DER_A1A26_eobs_4004__2022__southbound_01,Europa / DER A1A26 (eobs 4004),47.167435,7.4031906,47.166832,7.4084253,47.16057,7.3954818391487045,1.2011161281598621,0.4013769,0,0.07812632,0.6985751,0.958758,47.167435,7.403190612792969,0.40136567971364867
2022-08-06,Angela_DER_AY470_eobs_4001__2022__southbound_01,Angela / DER AY470 (eobs 4001),48.04897,7.8212457,48.048985,7.833475,48.04295,7.806120557415879,2.1413367792990496,0.90906495,0,0.29702106,0.6985751,1.3060739,48.04897,7.8212456703186035,0.909057239760576
2022-08-06,Europa_DER_A1A26_eobs_4004__2022__southbound_01,Europa / DER A1A26 (eobs 4004),47.166832,7.4084253,47.16744,7.4027224,47.161465,7.402663674796064,0.6642737560072576,0.43639466,0,0.05459417,0.6985751,0.73764235,47.166832,7.408425331115723,0.4363728319938098
2022-08-07,Angela_DER_AY470_eobs_4001__2022__southbound_01,Angela / DER AY470 (eobs 4001),48.048985,7.833475,48.046196,7.8208523,48.03748,7.826965260174009,1.0704969083877647,0.9882416,0,0.26024526,0.6985751,1.3653414,48.048985,7.833475112915039,0.9882281391028956
2022-08-07,Europa_DER_A1A26_eobs_4004__2022__southbound_01,Europa / DER A1A26 (eobs 4004),47.16744,7.4027224,47.167393,7.402695,47.162243,7.397145268268405,0.7098998002116303,0.0054570036,0,0.049950477,0.6985751,0.71387994,47.16744,7.402722358703613,0.005489170376617467
2022-08-08,Angela_DER_AY470_eobs_4001__2022__southbound_01,Angela / DER AY470 (eobs 4001),48.046196,7.8208523,47.50322,6.957188,48.022854,7.782770822029727,84.53623518088949,88.37736,1,0.4883403,0.6985751,3.8339949,48.046196,7.820852279663086,88.37731746046404
2022-08-08,Europa_DER_A1A26_eobs_4004__2022__southbound_01,Europa / DER A1A26 (eobs 4004),47.167393,7.402695,47.16111,7.4200196,47.162254,7.397251188686167,1.726106565724538,1.4844836,0,0.04363924,0.6985751,0.7028808,47.167393,7.402695178985596,1.4844252931716788
2022-08-09,Angela_DER_AY470_eobs_4001__2022__southbound_01,Angela / DER AY470 (eobs 4001),47.50322,6.957188,45.342464,4.7907906,47.26103,6.551018528995792,252.56377532790768,292.03723,1,0.88573676,0.6985751,40.62434,47.26103,6.551018528995792,252.56377532790768
2022-08-09,Europa_DER_A1A26_eobs_4004__2022__southbound_01,Europa / DER A1A26 (eobs 4004),47.16111,7.4200196,47.164787,7.404544,47.155964,7.414963172420847,1.2582431775587612,1.2393724,0,0.041982647,0.6985751,0.68679243,47.16111,7.420019626617432,1.2394128226812469
2022-08-10,Angela_DER_AY470_eobs_4001__2022__southbound_01,Angela / DER AY470 (eobs 4001),45.342464,4.7907906,43.619705,3.9545126,45.17239,4.522735350819453,178.45448978506886,202.72336,1,0.8376959,0.6985751,28.173576,45.17239,4.522735350819453,178.45448978506886
2022-08-10,Europa_DER_A1A26_eobs_4004__2022__southbound_01,Europa / DER A1A26 (eobs 4004),47.164787,7.404544,47.16748,7.403132,47.158665,7.397749797567746,1.0613685114069256,0.3181921,0,0.060647283,0.6985751,0.8514699,47.164787,7.404543876647949,0.31792178993004006
2022-08-11,Angela_DER_AY470_eobs_4001__2022__southbound_01,Angela / DER AY470 (eobs 4001),43.619705,3.9545126,43.12291,3.0443501,43.40015,3.6458171033667237,57.64061238482016,91.99841,1,0.8782672,0.6985751,34.77436,43.40015,3.6458171033667237,57.64061238482016
2022-08-11,Europa_DER_A1A26_eobs_4004__2022__southbound_01,Europa / DER A1A26 (eobs 4004),47.16748,7.403132,47.170246,7.4090533,47.16158,7.396630963843739,1.3456276178187283,0.54289454,0,0.058148604,0.6985751,0.81845087,47.16748,7.40313196182251,0.5430845788701654
2022-08-12,Angela_DER_AY470_eobs_4001__2022__southbound_01,Angela / DER AY470 (eobs 4001),43.12291,3.0443501,41.843914,2.6726713,42.939735,2.746729276080737,122.0016179586193,145.44662,1,0.8640221,0.6985751,31.540619,42.939735,2.746729276080737,122.0016179586193
2022-08-12,Europa_DER_A1A26_eobs_4004__2022__southbound_01,Europa / DER A1A26 (eobs 4004),47.170246,7.4090533,47.17275,7.4027123,47.164356,7.402993229414899,0.9334277912347356,0.5543363,0,0.054914653,0.6985751,0.7976936,47.170246,7.409053325653076,0.5542359604802625
2022-08-13,Angela_DER_AY470_eobs_4001__2022__southbound_01,Angela / DER AY470 (eobs 4001),41.843914,2.6726713,41.663628,0.91030246,41.58862,2.3263620572399035,117.99356061753717,147.5592,1,0.89976275,0.6985751,40.287434,41.58862,2.3263620572399035,117.99356061753717
2022-08-13,Europa_DER_A1A26_eobs_4004__2022__southbound_01,Europa / DER A1A26 (eobs 4004),47.17275,7.4027123,47.17134,7.4003773,47.16627,7.395634498695306,0.6680825963942948,0.2360392,0,0.06537635,0.6985751,0.8958075,47.17275,7.402712345123291,0.23591125877928276
2022-08-14,Angela_DER_AY470_eobs_4001__2022__southbound_01,Angela / DER AY470 (eobs 4001),41.663628,0.91030246,41.53103,0.5080682,41.35774,0.39016715685457215,21.630299125445376,36.553333,1,0.9275482,0.6985751,54.892456,41.35774,0.39016715685457215,21.630299125445376
2022-08-14,Europa_DER_A1A26_eobs_4004__2022__southbound_01,Europa / DER A1A26 (eobs 4004),47.17134,7.4003773,47.175396,7.4031253,47.163727,7.392190562377278,1.5384759378103652,0.49659592,0,0.07797799,0.6985751,1.0467839,47.17134,7.40037727355957,0.49644369143288125
2022-08-15,Angela_DER_AY470_eobs_4001__2022__southbound_01,Angela / DER AY470 (eobs 4001),41.53103,0.5080682,41.42724,-0.3347375,41.399647,0.24663980843720895,48.578759985570436,71.153496,1,0.8315389,0.6985751,26.164408,41.399647,0.24663980843720895,48.578759985570436
2022-08-15,Europa_DER_A1A26_eobs_4004__2022__southbound_01,Europa / DER A1A26 (eobs 4004),47.175396,7.4031253,47.167435,7.4031243,47.17007,7.396780824469876,0.5620204729521031,0.88540196,0,0.060054153,0.6985751,0.76076525,47.175396,7.403125286102295,0.8852544144319203
2022-08-16,Angela_DER_AY470_eobs_4001__2022__southbound_01,Angela / DER AY470 (eobs 4001),41.42724,-0.3347375,41.166996,-0.7217419,41.1759,-0.804778320412507,7.020414653788259,43.38962,1,0.9173163,0.6985751,48.04932,41.1759,-0.804778320412507,7.020414653788259
2022-08-16,Europa_DER_A1A26_eobs_4004__2022__southbound_01,Europa / DER A1A26 (eobs 4004),47.167435,7.4031243,47.173927,7.403133,47.161915,7.396850107274359,1.4176583480438438,0.72213453,0,0.053068113,0.6985751,0.7743417,47.167435,7.4031243324279785,0.7219471091613305
2022-08-17,Angela_DER_AY470_eobs_4001__2022__southbound_01,Angela / DER AY470 (eobs 4001),41.166996,-0.7217419,40.50617,-2.1439245,40.880653,-1.2343048767161764,87.2644561851432,140.40466,1,0.91949236,0.6985751,53.334904,40.880653,-1.2343048767161764,87.2644561851432
2022-08-17,Europa_DER_A1A26_eobs_4004__2022__southbound_01,Europa / DER A1A26 (eobs 4004),47.173927,7.403133,47.17397,7.4031086,47.166996,7.394630995605885,1.0059396655781017,0.004867047,0,0.08896227,0.6985751,1.0015763,47.173927,7.403132915496826,0.005014964133481349
2022-08-18,Angela_DER_AY470_eobs_4001__2022__southbound_01,Angela / DER AY470 (eobs 4001),40.50617,-2.1439245,38.541157,-4.013793,40.076622,-2.7468496996666873,202.5590912263886,271.0273,1,0.9424125,0.6985751,69.73269,40.076622,-2.7468496996666873,202.5590912263886
2022-08-18,Europa_DER_A1A26_eobs_4004__2022__southbound_01,Europa / DER A1A26 (eobs 4004),47.17397,7.4031086,47.17634,7.4031525,47.168446,7.396349874498703,1.0171647518241065,0.26358104,0,0.060925435,0.6985751,0.797645,47.17397,7.403108596801758,0.26343389759577324
2022-08-19,Angela_DER_AY470_eobs_4001__2022__southbound_01,Angela / DER AY470 (eobs 4001),38.541157,-4.013793,36.82666,-6.093652,38.111015,-4.535397737109125,198.25605987832236,264.26355,1,0.95064497,0.6985751,65.80621,38.111015,-4.535397737109125,198.25605987832236
2022-08-19,Europa_DER_A1A26_eobs_4004__2022__southbound_01,Europa / DER A1A26 (eobs 4004),47.17634,7.4031525,47.176777,7.403117,47.17059,7.396115789040587,0.8680072307039657,0.048698135,0,0.064116344,0.6985751,0.83022714,47.17634,7.4031524658203125,0.04885304625615974
2022-08-20,Angela_DER_AY470_eobs_4001__2022__southbound_01,Angela / DER AY470 (eobs 4001),36.82666,-6.093652,36.568546,-6.147579,36.44491,-6.558734790493888,39.23534707085044,29.100693,1,0.9462096,0.6985751,59.18758,36.44491,-6.558734790493888,39.23534707085044
2022-08-20,Europa_DER_A1A26_eobs_4004__2022__southbound_01,Europa / DER A1A26 (eobs 4004),47.176777,7.403117,47.17661,7.4032807,47.17128,7.3963382093477295,0.7915337057672025,0.022180563,0,0.05840142,0.6985751,0.79626745,47.176777,7.4031171798706055,0.022386519901192236
2022-08-21,Europa_DER_A1A26_eobs_4004__2022__southbound_01,Europa / DER A1A26 (eobs 4004),47.17661,7.4032807,47.16742,7.402466,47.170723,7.396371625557031,0.5892106406777847,1.0237534,0,0.06116095,0.6985751,0.8357788,47.17661,7.403280735015869,1.0236939739565267
2022-08-22,Europa_DER_A1A26_eobs_4004__2022__southbound_01,Europa / DER A1A26 (eobs 4004),47.16742,7.402466,47.175423,7.4084373,47.16188,7.395896053377104,1.779412791735336,0.9979267,0,0.053155318,0.6985751,0.78965527,47.16742,7.4024658203125,0.9978522686168193
2022-08-23,Europa_DER_A1A26_eobs_4004__2022__southbound_01,Europa / DER A1A26 (eobs 4004),47.175423,7.4084373,47.17469,7.40044,47.16971,7.401530445631989,0.5600695591345531,0.6099282,0,0.060268294,0.6985751,0.8210474,47.175423,7.408437252044678,0.6099260919024193
2022-08-24,Europa_DER_A1A26_eobs_4004__2022__southbound_01,Europa / DER A1A26 (eobs 4004),47.17469,7.40044,47.174484,7.4031186,47.168964,7.39349658909787,0.9517070237393559,0.20375256,0,0.057690434,0.6985751,0.82361984,47.17469,7.400440216064453,0.2037426663115771
2022-08-25,Europa_DER_A1A26_eobs_4004__2022__southbound_01,Europa / DER A1A26 (eobs 4004),47.174484,7.4031186,47.173576,7.403201,47.169857,7.3979480164071525,0.5733390146320892,0.10096354,0,0.040268697,0.6985751,0.6449752,47.174484,7.40311861038208,0.10114616807387682
2022-08-26,Europa_DER_A1A26_eobs_4004__2022__southbound_01,Europa / DER A1A26 (eobs 4004),47.173576,7.403201,47.174,7.403114,47.167915,7.396791383192621,0.8283400491647097,0.04722405,0,0.053924814,0.6985751,0.7931111,47.173576,7.403201103210449,0.047543249443413205
2022-08-27,Europa_DER_A1A26_eobs_4004__2022__southbound_01,Europa / DER A1A26 (eobs 4004),47.174,7.403114,47.171925,7.4030876,47.168865,7.396885317583208,0.5792643498082011,0.23071043,0,0.05346523,0.6985751,0.73859465,47.174,7.403113842010498,0.23076002458362108
2022-08-28,Europa_DER_A1A26_eobs_4004__2022__southbound_01,Europa / DER A1A26 (eobs 4004),47.171925,7.4030876,47.176292,7.4033556,47.16639,7.396919726008226,1.2038402563615227,0.4861614,0,0.049665906,0.6985751,0.7708707,47.171925,7.403087615966797,0.48610324873020117
2022-08-29,Europa_DER_A1A26_eobs_4004__2022__southbound_01,Europa / DER A1A26 (eobs 4004),47.176292,7.4033556,47.173294,7.404881,47.17127,7.39735395853305,0.6119293916269247,0.3526719,0,0.050865363,0.6985751,0.71830845,47.176292,7.403355598449707,0.3527760009209887
2022-08-29,Louis_DER_AU050_eobs_3264__2022__southbound_01,Louis / DER AU050 (eobs 3264),42.338802,2.7951272,41.672764,0.9742457,41.881897,2.151992213890559,100.39130149834862,167.6881,1,0.9524696,0.6985751,73.18917,41.881897,2.151992213890559,100.39130149834862
2022-08-30,Europa_DER_A1A26_eobs_4004__2022__southbound_01,Europa / DER A1A26 (eobs 4004),47.173294,7.404881,47.175682,7.404509,47.16755,7.398452707853576,1.0136179133425247,0.2671018,0,0.05308651,0.6985751,0.8012699,47.173294,7.404881000518799,0.2670179949147818
2022-08-30,Louis_DER_AU050_eobs_3264__2022__southbound_01,Louis / DER AU050 (eobs 3264),41.672764,0.9742457,41.66398,0.9480072,41.287556,0.4058536048339402,61.57947805911043,2.3884513,0,0.94770086,0.6985751,63.63293,41.287556,0.4058536048339402,61.57947805911043
2022-08-31,Europa_DER_A1A26_eobs_4004__2022__southbound_01,Europa / DER A1A26 (eobs 4004),47.175682,7.404509,47.174465,7.4038687,47.17024,7.398144185565418,0.6388492442028976,0.14374875,0,0.055922985,0.6985751,0.7717098,47.175682,7.4045090675354,0.14370927046373994
2022-08-31,Louis_DER_AU050_eobs_3264__2022__southbound_01,Louis / DER AU050 (eobs 3264),41.66398,0.9480072,41.6659,0.950699,41.66072,0.9372868961803401,1.2542395104599973,0.3092724,0,0.3027641,0.6985751,0.95976675,41.66398,0.9480072259902954,0.30935340896254476
2022-09-01,Europa_DER_A1A26_eobs_4004__2022__southbound_01,Europa / DER A1A26 (eobs 4004),47.174465,7.4038687,47.177036,7.4025965,47.167973,7.39596644283541,1.1255696363529006,0.30141255,0,0.0699614,0.6985751,0.9352092,47.174465,7.403868675231934,0.3016325646997343
2022-09-01,Louis_DER_AU050_eobs_3264__2022__southbound_01,Louis / DER AU050 (eobs 3264),41.6659,0.950699,41.64992,0.9497382,41.658585,0.9407509926984676,1.2187986347694093,1.7786337,0,0.2778553,0.6985751,1.157618,41.6659,0.950698971748352,1.7786632628499073
2022-09-02,Europa_DER_A1A26_eobs_4004__2022__southbound_01,Europa / DER A1A26 (eobs 4004),47.177036,7.4025965,47.176666,7.4030914,47.170994,7.395175854440339,0.8693861514914158,0.055567723,0,0.06432988,0.6985751,0.87382954,47.177036,7.402596473693848,0.05560993200085047
2022-09-02,Louis_DER_AU050_eobs_3264__2022__southbound_01,Louis / DER AU050 (eobs 3264),41.64992,0.9497382,41.657856,0.9493226,41.644203,0.9399081854536887,1.7077882714893349,0.88329166,0,0.28111675,0.6985751,1.0331535,41.64992,0.9497382044792175,0.8829606558203089
2022-09-03,Europa_DER_A1A26_eobs_4004__2022__southbound_01,Europa / DER A1A26 (eobs 4004),47.176666,7.4030914,47.175728,7.4030075,47.170444,7.396119483756328,0.7849974286641193,0.104534276,0,0.05933499,0.6985751,0.86819553,47.176666,7.4030914306640625,0.10453981751187812
2022-09-03,Louis_DER_AU050_eobs_3264__2022__southbound_01,Louis / DER AU050 (eobs 3264),41.657856,0.9493226,41.657814,0.9513376,41.65312,0.9398665384680296,1.0866856245581538,0.16746919,0,0.21898952,0.6985751,0.94415486,41.657856,0.9493225812911987,0.16746453333369993
2022-09-04,Europa_DER_A1A26_eobs_4004__2022__southbound_01,Europa / DER A1A26 (eobs 4004),47.175728,7.4030075,47.167446,7.4036956,47.169144,7.395259752244899,0.6650613254486749,0.9224473,0,0.06842387,0.6985751,0.93602085,47.175728,7.403007507324219,0.9223528392633773
2022-09-04,Louis_DER_AU050_eobs_3264__2022__southbound_01,Louis / DER AU050 (eobs 3264),41.657814,0.9513376,41.67034,0.9438257,41.65157,0.9444993137440086,2.0881178761390036,1.5264868,0,0.23194648,0.6985751,0.8955921,41.657814,0.9513375759124756,1.526370095925173
2022-09-05,Europa_DER_A1A26_eobs_4004__2022__southbound_01,Europa / DER A1A26 (eobs 4004),47.167446,7.4036956,47.172783,7.403183,47.160152,7.394993595894832,1.5348471435119762,0.5950674,0,0.08416916,0.6985751,1.0424252,47.167446,7.403695583343506,0.5946853832166612
2022-09-05,Louis_DER_AU050_eobs_3264__2022__southbound_01,Louis / DER AU050 (eobs 3264),41.67034,0.9438257,41.67127,0.95002615,41.666428,0.9365509423786083,1.241993768803926,0.5251994,0,0.17395702,0.6985751,0.74339163,41.67034,0.9438257217407227,0.525222503361454
2022-09-06,Europa_DER_A1A26_eobs_4004__2022__southbound_01,Europa / DER A1A26 (eobs 4004),47.172783,7.403183,47.173977,7.4030967,47.166267,7.3946852697748335,1.0673285531615637,0.13261038,0,0.08551336,0.6985751,0.96647006,47.172783,7.4031829833984375,0.13292713950182483
2022-09-06,Louis_DER_AU050_eobs_3264__2022__southbound_01,Louis / DER AU050 (eobs 3264),41.67127,0.95002615,41.66786,0.9473351,41.666958,0.9448194870180727,0.23170130080774703,0.44038296,0,0.17208067,0.6985751,0.6444044,41.67127,0.9500261545181274,0.440186835223424
2022-09-07,Europa_DER_A1A26_eobs_4004__2022__southbound_01,Europa / DER A1A26 (eobs 4004),47.173977,7.4030967,47.17542,7.40314,47.1673,7.3945096750247945,1.1137199933670987,0.1606158,0,0.08705561,0.6985751,0.98422664,47.173977,7.403096675872803,0.16037190768792126
2022-09-07,Louis_DER_AU050_eobs_3264__2022__southbound_01,Louis / DER AU050 (eobs 3264),41.66786,0.9473351,41.66751,0.9493555,41.663406,0.9397466835954238,0.9194540784868594,0.17216994,0,0.20839167,0.6985751,0.79993254,41.66786,0.9473351240158081,0.17220146593285818
2022-09-08,Europa_DER_A1A26_eobs_4004__2022__southbound_01,Europa / DER A1A26 (eobs 4004),47.17542,7.40314,47.175423,7.402258,47.16844,7.394120146333204,0.9904269731937657,0.06668948,0,0.09580929,0.6985751,1.0310322,47.17542,7.403140068054199,0.06667902358772407
2022-09-08,Louis_DER_AU050_eobs_3264__2022__southbound_01,Louis / DER AU050 (eobs 3264),41.66751,0.9493555,41.658672,0.95063967,41.66119,0.9401356222578957,0.9164235895562362,0.98838216,0,0.25217313,0.6985751,1.0377961,41.66751,0.9493554830551147,0.9885873423100606
2022-09-09,Europa_DER_A1A26_eobs_4004__2022__southbound_01,Europa / DER A1A26 (eobs 4004),47.175423,7.402258,47.17542,7.40294,47.168083,7.392777254636335,1.1204783624901113,0.051566087,0,0.099389985,0.6985751,1.0842371,47.175423,7.402257919311523,0.05154178565943214
2022-09-09,Louis_DER_AU050_eobs_3264__2022__southbound_01,Louis / DER AU050 (eobs 3264),41.658672,0.95063967,41.663948,0.9431204,41.65408,0.9441067822836222,1.1003974082916848,0.85669726,0,0.15152133,0.6985751,0.7438032,41.658672,0.9506396651268005,0.8569235220341979
2022-09-10,Europa_DER_A1A26_eobs_4004__2022__southbound_01,Europa / DER A1A26 (eobs 4004),47.17542,7.40294,47.176197,7.403118,47.16601,7.39149772336293,1.4332704255196838,0.08772901,0,0.1474616,0.6985751,1.3548288,47.17542,7.402939796447754,0.08757542414878355
2022-09-10,Louis_DER_AU050_eobs_3264__2022__southbound_01,Louis / DER AU050 (eobs 3264),41.663948,0.9431204,41.666306,0.94579685,41.65901,0.9326511436361455,1.3602473143320457,0.3439507,0,0.24576418,0.6985751,1.0266267,41.663948,0.9431204199790955,0.34372323246614417
2022-09-11,Europa_DER_A1A26_eobs_4004__2022__southbound_01,Europa / DER A1A26 (eobs 4004),47.176197,7.403118,47.00763,7.1559305,47.168316,7.3929245828382095,25.32177120912787,26.486069,1,0.1217236,0.6985751,1.1648158,47.176197,7.403118133544922,26.486124191833056
2022-09-11,Louis_DER_AU050_eobs_3264__2022__southbound_01,Louis / DER AU050 (eobs 3264),41.666306,0.94579685,41.664375,0.9506435,41.660606,0.9361974409089042,1.2711182926918196,0.45622462,0,0.24221201,0.6985751,1.0167233,41.666306,0.9457968473434448,0.4562357282079438
2022-09-12,Europa_DER_A1A26_eobs_4004__2022__southbound_01,Europa / DER A1A26 (eobs 4004),47.00763,7.1559305,45.33484,4.8990874,46.360638,6.216771709862101,153.05427171827645,254.53513,1,0.9641054,0.6985751,101.048164,46.360638,6.216771709862101,153.05427171827645
2022-09-12,Louis_DER_AU050_eobs_3264__2022__southbound_01,Louis / DER AU050 (eobs 3264),41.664375,0.9506435,41.663284,0.9518922,41.65972,0.9442016377352985,0.7517415526269055,0.15969858,0,0.1778286,0.6985751,0.74304295,41.664375,0.9506434798240662,0.15961526611422858
2022-09-13,Europa_DER_A1A26_eobs_4004__2022__southbound_01,Europa / DER A1A26 (eobs 4004),45.33484,4.8990874,44.631557,4.774482,44.626755,4.057094532571557,56.77208833680516,78.81296,1,0.9768084,0.6985751,102.44021,44.626755,4.057094532571557,56.77208833680516
2022-09-13,Louis_DER_AU050_eobs_3264__2022__southbound_01,Louis / DER AU050 (eobs 3264),41.663284,0.9518922,41.664448,0.9522093,41.65872,0.9457499510822115,0.8329713109471261,0.13204072,0,0.15503563,0.6985751,0.71857643,41.663284,0.9518921971321106,0.13202787770175328
2022-09-14,Europa_DER_A1A26_eobs_4004__2022__southbound_01,Europa / DER A1A26 (eobs 4004),44.631557,4.774482,44.54511,4.734018,43.988876,3.8251749064188623,95.19632106097067,10.132805,1,0.9662032,0.6985751,103.49966,43.988876,3.8251749064188623,95.19632106097067
2022-09-14,Louis_DER_AU050_eobs_3264__2022__southbound_01,Louis / DER AU050 (eobs 3264),41.664448,0.9522093,41.6597,0.9462659,41.660378,0.9450579288623433,0.12558138134216296,0.72293913,0,0.18111868,0.6985751,0.7456005,41.664448,0.9522092938423157,0.7229493036288199
2022-09-15,Europa_DER_A1A26_eobs_4004__2022__southbound_01,Europa / DER A1A26 (eobs 4004),44.54511,4.734018,43.72909,4.466649,44.291992,4.264621558518176,64.64333700487393,93.21169,1,0.9582983,0.6985751,46.564857,44.291992,4.264621558518176,64.64333700487393
2022-09-15,Louis_DER_AU050_eobs_3264__2022__southbound_01,Louis / DER AU050 (eobs 3264),41.6597,0.9462659,41.658264,0.95096874,41.655857,0.9398955334829119,0.9580849860342315,0.42200044,0,0.1458056,0.6985751,0.6788911,41.6597,0.9462658762931824,0.42199262998619635
2022-09-16,Europa_DER_A1A26_eobs_4004__2022__southbound_01,Europa / DER A1A26 (eobs 4004),43.72909,4.466649,43.44547,3.7860465,43.142525,3.6337714444625147,35.86949423603078,63.24101,1,0.9603814,0.6985751,93.2852,43.142525,3.6337714444625147,35.86949423603078
2022-09-16,Louis_DER_AU050_eobs_3264__2022__southbound_01,Louis / DER AU050 (eobs 3264),41.658264,0.95096874,41.659363,0.9508428,41.65232,0.9422011512644386,1.0623444981837253,0.12259513,0,0.24155729,0.6985751,0.98179287,41.658264,0.9509687423706055,0.1226098074422199
2022-09-17,Europa_DER_A1A26_eobs_4004__2022__southbound_01,Europa / DER A1A26 (eobs 4004),43.44547,3.7860465,42.122757,2.681105,43.09091,3.1544825484438954,114.41241540409507,172.5163,1,0.94688004,0.6985751,64.33839,43.09091,3.1544825484438954,114.41241540409507
2022-09-17,Louis_DER_AU050_eobs_3264__2022__southbound_01,Louis / DER AU050 (eobs 3264),41.659363,0.9508428,41.663937,0.94867474,41.6544,0.9416151301189544,1.2118116474868759,0.539522,0,0.21625203,0.6985751,0.94288933,41.659363,0.9508427977561951,0.5395350253884006
2022-09-18,Europa_DER_A1A26_eobs_4004__2022__southbound_01,Europa / DER A1A26 (eobs 4004),42.122757,2.681105,41.69894,0.4768853,41.623215,1.9364010266599863,121.53650823898221,188.38208,1,0.9617841,0.6985751,82.666,41.623215,1.9364010266599863,121.53650823898221
2022-09-18,Louis_DER_AU050_eobs_3264__2022__southbound_01,Louis / DER AU050 (eobs 3264),41.663937,0.94867474,41.660225,0.9513677,41.65887,0.9397761081840977,0.9746684344918171,0.4693443,0,0.20243992,0.6985751,0.9277897,41.663937,0.948674738407135,0.4694513764704794
2022-09-19,Europa_DER_A1A26_eobs_4004__2022__southbound_01,Europa / DER A1A26 (eobs 4004),41.69894,0.4768853,41.585304,-0.7701303,41.33135,-0.15172959545185027,58.76318969848805,104.39005,1,0.9571395,0.6985751,66.174774,41.33135,-0.15172959545185027,58.76318969848805
2022-09-19,Louis_DER_AU050_eobs_3264__2022__southbound_01,Louis / DER AU050 (eobs 3264),41.660225,0.9513677,41.664238,0.9462204,41.655388,0.9453779994977863,0.9865724964385081,0.61787087,0,0.11460264,0.6985751,0.73158956,41.660225,0.9513676762580872,0.6180270888219477
2022-09-20,Europa_DER_A1A26_eobs_4004__2022__southbound_01,Europa / DER A1A26 (eobs 4004),41.585304,-0.7701303,41.58544,-0.77625954,41.25003,-1.3403023188388987,60.02574639426142,0.51000255,0,0.9535255,0.6985751,60.21547,41.25003,-1.3403023188388987,60.02574639426142
2022-09-20,Louis_DER_AU050_eobs_3264__2022__southbound_01,Louis / DER AU050 (eobs 3264),41.664238,0.9462204,41.66409,0.94866854,41.659966,0.937965258258313,1.0004093765727675,0.20403267,0,0.18673226,0.6985751,0.8328369,41.664238,0.9462203979492188,0.2040357786905422
2022-09-21,Europa_DER_A1A26_eobs_4004__2022__southbound_01,Europa / DER A1A26 (eobs 4004),41.58544,-0.77625954,41.579998,-0.8386821,41.583927,-0.7840527133809463,4.564740777087945,5.227105,0,0.25676912,0.6985751,0.66851616,41.58544,-0.7762595415115356,5.227083385375378
2022-09-21,Louis_DER_AU050_eobs_3264__2022__southbound_01,Louis / DER AU050 (eobs 3264),41.66409,0.94866854,41.65841,0.94916517,41.658955,0.9417516785682074,0.6188612518501857,0.6327675,0,0.14740773,0.6985751,0.8085844,41.66409,0.9486685395240784,0.6329434072492468
2022-09-22,Europa_DER_A1A26_eobs_4004__2022__southbound_01,Europa / DER A1A26 (eobs 4004),41.579998,-0.8386821,41.54476,-0.9040432,41.579296,-0.8467613867757829,6.120422231601811,6.70246,0,0.24270745,0.6985751,0.6753552,41.579998,-0.8386821150779724,6.702523919874378
2022-09-22,Louis_DER_AU050_eobs_3264__2022__southbound_01,Louis / DER AU050 (eobs 3264),41.65841,0.94916517,41.663296,0.9509038,41.653435,0.9416858292259848,1.3374363866858894,0.5620198,0,0.17683008,0.6985751,0.8304892,41.65841,0.9491651654243469,0.5622367769147429
2022-09-23,Europa_DER_A1A26_eobs_4004__2022__southbound_01,Europa / DER A1A26 (eobs 4004),41.54476,-0.9040432,40.35964,-3.4988678,41.544334,-0.9094798154227351,254.2305363950852,254.64507,1,0.2536597,0.6985751,0.4541238,41.54476,-0.9040431976318359,254.645050745914
2022-09-23,Louis_DER_AU050_eobs_3264__2022__southbound_01,Louis / DER AU050 (eobs 3264),41.663296,0.9509038,41.66949,0.9510214,41.65811,0.9424774757765106,1.450774748486169,0.6888004,0,0.1796546,0.6985751,0.9051339,41.663296,0.9509037733078003,0.6889303822482815
2022-09-24,Europa_DER_A1A26_eobs_4004__2022__southbound_01,Europa / DER A1A26 (eobs 4004),40.35964,-3.4988678,40.261414,-3.6347303,40.070618,-3.8480333297817295,27.903653814709124,15.874588,1,0.910454,0.6985751,43.605103,40.070618,-3.8480333297817295,27.903653814709124
2022-09-24,Louis_DER_AU050_eobs_3264__2022__southbound_01,Louis / DER AU050 (eobs 3264),41.66949,0.9510214,41.661243,0.9511114,41.665215,0.9439972151487147,0.737719654748284,0.91697294,0,0.14035535,0.6985751,0.75128114,41.66949,0.9510213732719421,0.9170980534950081
2022-09-25,Europa_DER_A1A26_eobs_4004__2022__southbound_01,Europa / DER A1A26 (eobs 4004),40.261414,-3.6347303,39.87214,-3.9784224,40.25733,-3.641664221054712,51.534558483481106,52.24006,1,0.36182615,0.6985751,0.7419037,40.261414,-3.634730339050293,52.23995706307168
2022-09-25,Louis_DER_AU050_eobs_3264__2022__southbound_01,Louis / DER AU050 (eobs 3264),41.661243,0.9511114,41.658478,0.9513737,41.656937,0.9456328256455697,0.5067872857824366,0.30827552,0,0.09352846,0.6985751,0.6593894,41.661243,0.951111376285553,0.30829843640520493
2022-09-26,Europa_DER_A1A26_eobs_4004__2022__southbound_01,Europa / DER A1A26 (eobs 4004),39.87214,-3.9784224,39.85707,-4.165621,39.573044,-4.318388364907301,34.17883544308866,16.064808,1,0.9161668,0.6985751,44.056732,39.573044,-4.318388364907301,34.17883544308866
2022-09-26,Louis_DER_AU050_eobs_3264__2022__southbound_01,Louis / DER AU050 (eobs 3264),41.658478,0.9513737,41.65882,0.9506364,41.653122,0.9429875242286389,0.8974470055947475,0.072279364,0,0.18191287,0.6985751,0.9149994,41.658478,0.9513736963272095,0.0721753039688675
2022-09-27,Europa_DER_A1A26_eobs_4004__2022__southbound_01,Europa / DER A1A26 (eobs 4004),39.85707,-4.165621,39.85726,-4.166196,39.830326,-4.20499853528203,4.4659959604411155,0.053488355,0,0.61505115,0.6985751,4.480125,39.85707,-4.165620803833008,0.05347249992319077
2022-09-27,Louis_DER_AU050_eobs_3264__2022__southbound_01,Louis / DER AU050 (eobs 3264),41.65882,0.9506364,41.661495,0.9509365,41.65426,0.9441295610628553,0.983497963225296,0.29821277,0,0.103223965,0.6985751,0.74001646,41.65882,0.9506363868713379,0.2983904319191943
2022-09-28,Europa_DER_A1A26_eobs_4004__2022__southbound_01,Europa / DER A1A26 (eobs 4004),39.85726,-4.166196,39.8569,-4.165379,39.852905,-4.175232044626659,0.9511160961943455,0.08048585,0,0.21569993,0.6985751,0.9092307,39.85726,-4.166195869445801,0.0805299082021391
2022-09-28,Louis_DER_AU050_eobs_3264__2022__southbound_01,Louis / DER AU050 (eobs 3264),41.661495,0.9509365,41.65895,0.9512425,41.65663,0.9439315108468314,0.6598609966499468,0.28415862,0,0.112293534,0.6985751,0.7930305,41.661495,0.950936496257782,0.28406489451114425
2022-09-29,Europa_DER_A1A26_eobs_4004__2022__southbound_01,Europa / DER A1A26 (eobs 4004),39.8569,-4.165379,39.85722,-4.165764,39.852116,-4.173390011721868,0.863645566584111,0.048539326,0,0.2025413,0.6985751,0.864697,39.8569,-4.165379047393799,0.048460780477021605
2022-09-29,Louis_DER_AU050_eobs_3264__2022__southbound_01,Louis / DER AU050 (eobs 3264),41.65895,0.9512425,41.658493,0.9508007,41.654285,0.9448574697675423,0.6802168045613752,0.062680274,0,0.0955566,0.6985751,0.7405842,41.65895,0.9512425065040588,0.06275313762001013
2022-09-30,Europa_DER_A1A26_eobs_4004__2022__southbound_01,Europa / DER A1A26 (eobs 4004),39.85722,-4.165764,39.857227,-4.165492,39.85361,-4.174293392152054,0.8521325282065086,0.023235692,0,0.18324329,0.6985751,0.8298033,39.85722,-4.165763854980469,0.02321562851111663
2022-09-30,Louis_DER_AU050_eobs_3264__2022__southbound_01,Louis / DER AU050 (eobs 3264),41.658493,0.9508007,41.657722,0.9509309,41.65383,0.943101387272913,0.7812218726066745,0.086151816,0,0.12660375,0.6985751,0.82172745,41.658493,0.9508007168769836,0.08636325680375449
2022-10-01,Europa_DER_A1A26_eobs_4004__2022__southbound_01,Europa / DER A1A26 (eobs 4004),39.857227,-4.165492,39.85705,-4.165062,39.849815,-4.172498111182404,1.0248977931225374,0.041536424,0,0.19225822,0.6985751,1.0164139,39.857227,-4.165492057800293,0.04157621658617413
2022-10-01,Louis_DER_AU050_eobs_3264__2022__southbound_01,Louis / DER AU050 (eobs 3264),41.657722,0.9509309,41.657776,0.9511712,41.649567,0.9413592477734218,1.223847847243679,0.020807263,0,0.17968166,0.6985751,1.204089,41.657722,0.9509308934211731,0.02083000037338729
2022-10-02,Europa_DER_A1A26_eobs_4004__2022__southbound_01,Europa / DER A1A26 (eobs 4004),39.85705,-4.165062,39.85704,-4.1655807,39.849163,-4.168506092791787,0.9108232180950695,0.04430339,0,0.20123473,0.6985751,0.92334914,39.85705,-4.165061950683594,0.044302137708128624
2022-10-02,Louis_DER_AU050_eobs_3264__2022__southbound_01,Louis / DER AU050 (eobs 3264),41.657776,0.9511712,41.650852,0.9534697,41.64887,0.941255468153496,1.0385391168802844,0.7932652,0,0.21692173,0.6985751,1.286118,41.657776,0.9511712193489075,0.7932080981180868
2022-10-03,Europa_DER_A1A26_eobs_4004__2022__southbound_01,Europa / DER A1A26 (eobs 4004),39.85704,-4.1655807,39.85361,-4.1656814,39.85131,-4.1724334735021955,0.6305915170565597,0.38167366,0,0.12722684,0.6985751,0.8634173,39.85704,-4.165580749511719,0.38143053674715777
2022-10-03,Louis_DER_AU050_eobs_3264__2022__southbound_01,Louis / DER AU050 (eobs 3264),41.650852,0.9534697,41.657715,0.9514176,41.64527,0.9475860433289272,1.4198105300506743,0.7818136,0,0.109589614,0.6985751,0.7885368,41.650852,0.9534696936607361,0.7819051349263225
2022-10-04,Europa_DER_A1A26_eobs_4004__2022__southbound_01,Europa / DER A1A26 (eobs 4004),39.85361,-4.1656814,39.85666,-4.2408013,39.848454,-4.17169687832448,5.969177609302486,6.421291,0,0.1096282,0.6985751,0.7685123,39.85361,-4.1656813621521,6.4212522265059855
2022-10-04,Louis_DER_AU050_eobs_3264__2022__southbound_01,Louis / DER AU050 (eobs 3264),41.657715,0.9514176,41.67065,0.94682825,41.65225,0.9430043046884643,2.070733773161889,1.4880724,0,0.1574507,0.6985751,0.9245335,41.657715,0.9514176249504089,1.488043810274463
2022-10-05,Europa_DER_A1A26_eobs_4004__2022__southbound_01,Europa / DER A1A26 (eobs 4004),39.85666,-4.2408013,39.85362,-4.1659856,39.848896,-4.253165168159175,7.460644499704553,6.3952804,0,0.24450924,0.6985751,1.3610425,39.85666,-4.2408013343811035,6.395274668808889
2022-10-05,Louis_DER_AU050_eobs_3264__2022__southbound_01,Louis / DER AU050 (eobs 3264),41.67065,0.94682825,41.644238,0.9576373,41.664745,0.9378058478001463,2.813314042360115,3.0710762,0,0.16168965,0.6985751,0.99459237,41.67065,0.9468282461166382,3.071205649276802
2022-10-06,Europa_DER_A1A26_eobs_4004__2022__southbound_01,Europa / DER A1A26 (eobs 4004),39.85362,-4.1659856,39.855686,-4.2382092,39.846035,-4.172344301064805,5.724134157721829,6.169369,0,0.19340385,0.6985751,1.0011389,39.85362,-4.165985584259033,6.16939916565517
2022-10-06,Louis_DER_AU050_eobs_3264__2022__southbound_01,Louis / DER AU050 (eobs 3264),41.644238,0.9576373,41.64801,0.9574493,41.63921,0.9516896629822842,1.0893406529156293,0.4196131,0,0.1144226,0.6985751,0.74496233,41.644238,0.9576373100280762,0.41980036049217684
2022-10-07,Europa_DER_A1A26_eobs_4004__2022__southbound_01,Europa / DER A1A26 (eobs 4004),39.855686,-4.2382092,39.855316,-4.166041,39.8482,-4.2492180049890695,7.144348012215185,6.1604486,0,0.19518632,0.6985751,1.253066,39.855686,-4.238209247589111,6.160453614333413
2022-10-07,Louis_DER_AU050_eobs_3264__2022__southbound_01,Louis / DER AU050 (eobs 3264),41.64801,0.9574493,41.65875,0.9519391,41.643097,0.9505826696743741,1.7440375538876982,1.2787738,0,0.12346557,0.6985751,0.78843707,41.64801,0.9574493169784546,1.2788076603653102
2022-10-08,Europa_DER_A1A26_eobs_4004__2022__southbound_01,Europa / DER A1A26 (eobs 4004),39.855316,-4.166041,39.857166,-4.164878,39.850204,-4.170196323455774,0.89742638816855,0.22824006,0,0.095159404,0.6985751,0.66888964,39.855316,-4.166040897369385,0.22842519702188968
2022-10-08,Louis_DER_AU050_eobs_3264__2022__southbound_01,Louis / DER AU050 (eobs 3264),41.65875,0.9519391,41.64098,0.958015,41.65468,0.946123564989429,1.8156109659879376,2.0391748,0,0.10190478,0.6985751,0.6607072,41.65875,0.9519391059875488,2.0392838653896934
2022-10-09,Europa_DER_A1A26_eobs_4004__2022__southbound_01,Europa / DER A1A26 (eobs 4004),39.857166,-4.164878,39.857105,-4.166179,39.851917,-4.1712236140755765,0.7198654463363929,0.11129922,0,0.1229706,0.6985751,0.7949101,39.857166,-4.164877891540527,0.11128296484507887
2022-10-09,Louis_DER_AU050_eobs_3264__2022__southbound_01,Louis / DER AU050 (eobs 3264),41.64098,0.958015,41.63425,0.94022936,41.636967,0.9533425202584656,1.1308517662036954,1.6566998,0,0.07792883,0.6985751,0.59032583,41.64098,0.9580150246620178,1.6566472449046987
2022-10-10,Europa_DER_A1A26_eobs_4004__2022__southbound_01,Europa / DER A1A26 (eobs 4004),39.857105,-4.166179,39.855255,-4.165329,39.851448,-4.173894844765386,0.8449091260928103,0.21808122,0,0.12400575,0.6985751,0.90905136,39.857105,-4.166179180145264,0.21815049108841625
2022-10-10,Louis_DER_AU050_eobs_3264__2022__southbound_01,Louis / DER AU050 (eobs 3264),41.63425,0.94022936,41.538494,0.6148426,41.6297,0.9336764564039783,28.391147765361342,29.08136,1,0.11040165,0.6985751,0.7421781,41.63425,0.9402293562889099,29.08140939470361
2022-10-11,Europa_DER_A1A26_eobs_4004__2022__southbound_01,Europa / DER A1A26 (eobs 4004),39.855255,-4.165329,39.853523,-4.189989,39.850662,-4.170250670832118,1.7147319034205544,2.113832,0,0.07736005,0.6985751,0.66009116,39.855255,-4.1653289794921875,2.113820417880259
2022-10-11,Louis_DER_AU050_eobs_3264__2022__southbound_01,Louis / DER AU050 (eobs 3264),41.538494,0.6148426,41.538704,0.6147031,41.384228,0.38245088966081286,25.87675633706527,0.02594392,0,0.85154647,0.6985751,25.807503,41.384228,0.38245088966081286,25.87675633706527
2022-10-12,Europa_DER_A1A26_eobs_4004__2022__southbound_01,Europa / DER A1A26 (eobs 4004),39.853523,-4.189989,39.85436,-4.237856,39.848785,-4.195339469893736,3.6819546483727277,4.0870786,0,0.08118985,0.6985751,0.6961051,39.853523,-4.18998908996582,4.087077772816654
2022-10-12,Louis_DER_AU050_eobs_3264__2022__southbound_01,Louis / DER AU050 (eobs 3264),41.538704,0.6147031,41.538692,0.6181468,41.533337,0.6039213614435169,1.3253726958560244,0.28662333,0,0.20273507,0.6985751,1.0757139,41.538704,0.6147031188011169,0.2866199149619411
2022-10-13,Europa_DER_A1A26_eobs_4004__2022__southbound_01,Europa / DER A1A26 (eobs 4004),39.85436,-4.237856,39.853455,-4.166751,39.84841,-4.244425570764057,6.6544475687323965,6.070499,0,0.102809936,0.6985751,0.8656753,39.85436,-4.237855911254883,6.070522014122284
2022-10-13,Louis_DER_AU050_eobs_3264__2022__southbound_01,Louis / DER AU050 (eobs 3264),41.538692,0.6181468,41.539528,0.6143338,41.526806,0.6060868057492559,1.5723844403971912,0.33064634,0,0.34102815,0.6985751,1.6568229,41.538692,0.6181467771530151,0.33066940566307246
2022-10-14,Europa_DER_A1A26_eobs_4004__2022__southbound_01,Europa / DER A1A26 (eobs 4004),39.853455,-4.166751,39.855793,-4.2449293,39.84755,-4.172675150283695,6.235726018823218,6.6784935,0,0.11198423,0.6985751,0.8273424,39.853455,-4.166750907897949,6.678485690714074
2022-10-14,Louis_DER_AU050_eobs_3264__2022__southbound_01,Louis / DER AU050 (eobs 3264),41.539528,0.6143338,41.54031,0.6171932,41.53439,0.6026141315237975,1.3805231675826908,0.25348932,0,0.20372258,0.6985751,1.1284581,41.539528,0.6143338084220886,0.25337427646052463
2022-10-15,Europa_DER_A1A26_eobs_4004__2022__southbound_01,Europa / DER A1A26 (eobs 4004),39.855793,-4.2449293,39.853657,-4.1669483,39.849617,-4.253187670766938,7.375528241236161,6.6608067,0,0.13962427,0.6985751,0.98237425,39.855793,-4.244929313659668,6.660797833429042
2022-10-15,Louis_DER_AU050_eobs_3264__2022__southbound_01,Louis / DER AU050 (eobs 3264),41.54031,0.6171932,41.539574,0.61455595,41.53296,0.6063768692674149,1.0022194714658785,0.23428509,0,0.23673645,0.6985751,1.2139442,41.54031,0.6171932220458984,0.2342664707541938
2022-10-16,Europa_DER_A1A26_eobs_4004__2022__southbound_01,Europa / DER A1A26 (eobs 4004),39.853657,-4.1669483,39.854702,-4.2406445,39.846226,-4.175815978281836,5.613873754689873,6.291921,0,0.17434664,0.6985751,1.1187319,39.853657,-4.166948318481445,6.291923269994996
2022-10-16,Louis_DER_AU050_eobs_3264__2022__southbound_01,Louis / DER AU050 (eobs 3264),41.539574,0.61455595,41.541183,0.624586,41.5353,0.6075294209307072,1.563068197094692,0.85371745,0,0.12882099,0.6985751,0.7521668,41.539574,0.6145559549331665,0.8537579093687907
2022-10-17,Europa_DER_A1A26_eobs_4004__2022__southbound_01,Europa / DER A1A26 (eobs 4004),39.854702,-4.2406445,39.85363,-4.1671476,39.84943,-4.248370570486106,6.949330102168938,6.274983,0,0.13579956,0.6985751,0.880869,39.854702,-4.240644454956055,6.27496892270129
2022-10-17,Louis_DER_AU050_eobs_3264__2022__southbound_01,Louis / DER AU050 (eobs 3264),41.541183,0.624586,41.53941,0.6174957,41.535873,0.6182916619787628,0.398752424475046,0.6221683,0,0.11979472,0.6985751,0.7878026,41.541183,0.6245859861373901,0.622202438952022
2022-10-18,Europa_DER_A1A26_eobs_4004__2022__southbound_01,Europa / DER A1A26 (eobs 4004),39.85363,-4.1671476,39.844223,-4.260671,39.846836,-4.175786722644841,7.252639338412545,8.052187,0,0.17289847,0.6985751,1.0538698,39.85363,-4.167147636413574,8.052194427000524
2022-10-18,Louis_DER_AU050_eobs_3264__2022__southbound_01,Louis / DER AU050 (eobs 3264),41.53941,0.6174957,41.538746,0.6146516,41.535275,0.6112050614637006,0.4809240254218843,0.24797596,0,0.11493682,0.6985751,0.6957251,41.53941,0.6174957156181335,0.24795329812786585
2022-10-19,Europa_DER_A1A26_eobs_4004__2022__southbound_01,Europa / DER A1A26 (eobs 4004),39.844223,-4.260671,39.85428,-4.241106,39.836933,-4.273260309346275,3.354927486946127,2.0097353,0,0.24902274,0.6985751,1.3437914,39.844223,-4.260671138763428,2.0099496466355298
2022-10-19,Louis_DER_AU050_eobs_3264__2022__southbound_01,Louis / DER AU050 (eobs 3264),41.538746,0.6146516,41.54087,0.61933845,41.534348,0.6084016033184991,1.1639386551800437,0.45609736,0,0.116866484,0.6985751,0.7127206,41.538746,0.614651620388031,0.4560527920827226
2022-10-20,Europa_DER_A1A26_eobs_4004__2022__southbound_01,Europa / DER A1A26 (eobs 4004),39.85428,-4.241106,39.8566,-4.1673207,39.848995,-4.2494834523044265,7.064530768583321,6.3036413,0,0.15156157,0.6985751,0.9239342,39.85428,-4.241106033325195,6.303640898983202
2022-10-20,Louis_DER_AU050_eobs_3264__2022__southbound_01,Louis / DER AU050 (eobs 3264),41.54087,0.61933845,41.539196,0.6276122,41.53578,0.6131479594425523,1.2623245740831048,0.7133239,0,0.1270911,0.6985751,0.76404494,41.54087,0.6193384528160095,0.7133444693785984
2022-10-21,Europa_DER_A1A26_eobs_4004__2022__southbound_01,Europa / DER A1A26 (eobs 4004),39.8566,-4.1673207,39.86001,-4.2381983,39.851055,-4.175823252668991,5.416625138907398,6.0617127,0,0.14684439,0.6985751,0.9507242,39.8566,-4.167320728302002,6.061732605529612
2022-10-21,Louis_DER_AU050_eobs_3264__2022__southbound_01,Louis / DER AU050 (eobs 3264),41.539196,0.6276122,41.537666,0.63729304,41.534176,0.6226894215469906,1.2759781058626543,0.8235549,0,0.0965893,0.6985751,0.6911054,41.539196,0.6276121735572815,0.82350378704207
2022-10-22,Europa_DER_A1A26_eobs_4004__2022__southbound_01,Europa / DER A1A26 (eobs 4004),39.86001,-4.2381983,39.855923,-4.1669226,39.854153,-4.248022882070548,6.925595661581018,6.100814,0,0.17119858,0.6985751,1.0597007,39.86001,-4.238198280334473,6.100839435747949
2022-10-23,Europa_DER_A1A26_eobs_4004__2022__southbound_01,Europa / DER A1A26 (eobs 4004),39.855923,-4.1669226,39.856693,-4.22614,39.849205,-4.1771288851199735,4.265817250199211,5.0555053,0,0.18912402,0.6985751,1.1456084,39.855923,-4.166922569274902,5.05548977067541
2022-10-24,Europa_DER_A1A26_eobs_4004__2022__southbound_01,Europa / DER A1A26 (eobs 4004),39.856693,-4.22614,39.85703,-4.2360497,39.85075,-4.235896499127859,0.6983153741613601,0.84667885,0,0.16694516,0.6985751,1.0613867,39.856693,-4.226140022277832,0.8466960199559072
2022-10-25,Europa_DER_A1A26_eobs_4004__2022__southbound_01,Europa / DER A1A26 (eobs 4004),39.85703,-4.2360497,39.85031,-4.24934,39.851917,-4.2438164432817524,0.504210829964333,1.3581085,0,0.12494263,0.6985751,0.8716807,39.85703,-4.236049652099609,1.3583329325638702
2022-10-26,Europa_DER_A1A26_eobs_4004__2022__southbound_01,Europa / DER A1A26 (eobs 4004),39.85031,-4.24934,39.85015,-4.257514,39.84504,-4.257093001127047,0.5695304303779009,0.69803196,0,0.115702525,0.6985751,0.8825103,39.85031,-4.249340057373047,0.6980116429454792
2022-10-27,Europa_DER_A1A26_eobs_4004__2022__southbound_01,Europa / DER A1A26 (eobs 4004),39.85015,-4.257514,39.849606,-4.252669,39.84534,-4.264473625930357,1.1137805980251878,0.41804382,0,0.10869917,0.6985751,0.7981451,39.85015,-4.257513999938965,0.41804101486383777
2022-10-28,Europa_DER_A1A26_eobs_4004__2022__southbound_01,Europa / DER A1A26 (eobs 4004),39.849606,-4.252669,39.85646,-4.2423134,39.843723,-4.260144672877529,2.0792010497467928,1.167168,0,0.14499746,0.6985751,0.9121185,39.849606,-4.252668857574463,1.167233228088692
2022-10-29,Europa_DER_A1A26_eobs_4004__2022__southbound_01,Europa / DER A1A26 (eobs 4004),39.85646,-4.2423134,39.855812,-4.205393,39.850834,-4.250420731569942,3.88337403338653,3.152318,0,0.1626603,0.6985751,0.93131727,39.85646,-4.242313385009766,3.1523469120092935
2022-10-30,Europa_DER_A1A26_eobs_4004__2022__southbound_01,Europa / DER A1A26 (eobs 4004),39.855812,-4.205393,39.846333,-4.25299,39.84931,-4.21351988307558,3.385786600564344,4.1976204,0,0.16854677,0.6985751,1.000171,39.855812,-4.205392837524414,4.197653121658934
2022-10-31,Europa_DER_A1A26_eobs_4004__2022__southbound_01,Europa / DER A1A26 (eobs 4004),39.846333,-4.25299,39.8499,-4.259135,39.84097,-4.26116747410556,1.0080448735552168,0.6577313,0,0.13335222,0.6985751,0.9167102,39.846333,-4.252989768981934,0.6576440574243112
2022-11-01,Europa_DER_A1A26_eobs_4004__2022__southbound_01,Europa / DER A1A26 (eobs 4004),39.8499,-4.259135,39.856583,-4.24948,39.845074,-4.266992192508461,1.967907285816664,1.1095884,0,0.12941435,0.6985751,0.85745853,39.8499,-4.259134769439697,1.1097545118627585
2022-11-02,Europa_DER_A1A26_eobs_4004__2022__southbound_01,Europa / DER A1A26 (eobs 4004),39.856583,-4.24948,39.846252,-4.2647414,39.84983,-4.25686335598236,0.7814256434599524,1.7367662,0,0.14495036,0.6985751,0.9786905,39.856583,-4.2494797706604,1.7368852007110782
2022-11-03,Europa_DER_A1A26_eobs_4004__2022__southbound_01,Europa / DER A1A26 (eobs 4004),39.846252,-4.2647414,39.851704,-4.2570753,39.841164,-4.27122190896593,1.6829024742948802,0.891838,0,0.106199116,0.6985751,0.78998023,39.846252,-4.26474142074585,0.8920264803939019
2022-11-04,Europa_DER_A1A26_eobs_4004__2022__southbound_01,Europa / DER A1A26 (eobs 4004),39.851704,-4.2570753,39.848965,-4.266041,39.846127,-4.264377156019392,0.3460726328172086,0.82364887,0,0.11881932,0.6985751,0.8776277,39.851704,-4.257075309753418,0.8237258554180046
2022-11-05,Europa_DER_A1A26_eobs_4004__2022__southbound_01,Europa / DER A1A26 (eobs 4004),39.848965,-4.266041,39.84838,-4.265964,39.8441,-4.271973523594356,0.699797340176991,0.06532381,0,0.080195256,0.6985751,0.7396973,39.848965,-4.266040802001953,0.06522894312619397
2022-11-06,Europa_DER_A1A26_eobs_4004__2022__southbound_01,Europa / DER A1A26 (eobs 4004),39.84838,-4.265964,39.856464,-4.266269,39.842056,-4.2709829156577355,1.6518735335861172,0.89909595,0,0.07847054,0.6985751,0.8222535,39.84838,-4.265964031219482,0.8992054747831433
2022-11-07,Europa_DER_A1A26_eobs_4004__2022__southbound_01,Europa / DER A1A26 (eobs 4004),39.856464,-4.266269,39.852993,-4.209228,39.850792,-4.272785766979521,5.43111324416295,4.8843994,0,0.08991711,0.6985751,0.8394545,39.856464,-4.266269207000732,4.88438553502267
2022-11-08,Europa_DER_A1A26_eobs_4004__2022__southbound_01,Europa / DER A1A26 (eobs 4004),39.852993,-4.209228,39.848995,-4.266047,39.84644,-4.215158717050251,4.353620685901874,4.870731,0,0.10393698,0.6985751,0.8856926,39.852993,-4.209228038787842,4.870733573886522
2022-11-09,Europa_DER_A1A26_eobs_4004__2022__southbound_01,Europa / DER A1A26 (eobs 4004),39.848995,-4.266047,39.851402,-4.2512064,39.843937,-4.2725198926984,1.9999483609716049,1.2947984,0,0.08466931,0.6985751,0.7872362,39.848995,-4.26604700088501,1.2948618738803508
2022-11-10,Europa_DER_A1A26_eobs_4004__2022__southbound_01,Europa / DER A1A26 (eobs 4004),39.851402,-4.2512064,39.847546,-4.2702208,39.84515,-4.257761081086057,1.096551942316428,1.6788815,0,0.09758739,0.6985751,0.89097977,39.851402,-4.251206398010254,1.6789079846612966
2022-11-11,Europa_DER_A1A26_eobs_4004__2022__southbound_01,Europa / DER A1A26 (eobs 4004),39.847546,-4.2702208,39.847927,-4.26829,39.841488,-4.27682462156354,1.0215520454350449,0.1701635,0,0.0892496,0.6985751,0.8769222,39.847546,-4.270220756530762,0.1701956184504543
2022-11-12,Europa_DER_A1A26_eobs_4004__2022__southbound_01,Europa / DER A1A26 (eobs 4004),39.847927,-4.26829,39.847916,-4.27084,39.84245,-4.27310145116788,0.6377642794165238,0.21768662,0,0.07644516,0.6985751,0.7333668,39.847927,-4.268290042877197,0.21770735681070996
2022-11-13,Europa_DER_A1A26_eobs_4004__2022__southbound_01,Europa / DER A1A26 (eobs 4004),39.847916,-4.27084,39.856754,-4.167861,39.842937,-4.276945356506464,9.438134021358048,8.845493,0,0.07447772,0.6985751,0.7591078,39.847916,-4.270840167999268,8.845514435711575
2022-11-14,Europa_DER_A1A26_eobs_4004__2022__southbound_01,Europa / DER A1A26 (eobs 4004),39.856754,-4.167861,39.85351,-4.177822,39.850285,-4.174340519225112,0.465946744608143,0.9236729,0,0.10279659,0.6985751,0.9058782,39.856754,-4.167860984802246,0.9235739966690271
2022-11-15,Europa_DER_A1A26_eobs_4004__2022__southbound_01,Europa / DER A1A26 (eobs 4004),39.85351,-4.177822,39.848587,-4.27088,39.84868,-4.183431114507833,7.465440959227564,7.9628267,0,0.06857889,0.6985751,0.7183938,39.85351,-4.177822113037109,7.962840704550374
2022-11-16,Europa_DER_A1A26_eobs_4004__2022__southbound_01,Europa / DER A1A26 (eobs 4004),39.848587,-4.27088,39.847897,-4.270175,39.84346,-4.2775861871446414,0.802301470839482,0.09748509,0,0.08338683,0.6985751,0.80643034,39.848587,-4.270880222320557,0.09756686694880227
2022-11-17,Europa_DER_A1A26_eobs_4004__2022__southbound_01,Europa / DER A1A26 (eobs 4004),39.847897,-4.270175,39.84786,-4.2702074,39.842567,-4.275405947678508,0.7369576606074795,0.0050944844,0,0.069180064,0.6985751,0.74080914,39.847897,-4.270174980163574,0.005065069492986559
2022-11-18,Europa_DER_A1A26_eobs_4004__2022__southbound_01,Europa / DER A1A26 (eobs 4004),39.84786,-4.2702074,39.856686,-4.2699175,39.84253,-4.276716274901045,1.6777067886165882,0.98193085,0,0.07621537,0.6985751,0.8108376,39.84786,-4.270207405090332,0.9818542210677559
2022-11-19,Europa_DER_A1A26_eobs_4004__2022__southbound_01,Europa / DER A1A26 (eobs 4004),39.856686,-4.2699175,39.84718,-4.269938,39.850445,-4.277910978212747,0.7714355141409736,1.0574111,0,0.10357227,0.6985751,0.9715535,39.856686,-4.2699174880981445,1.057046965887451
2022-11-20,Europa_DER_A1A26_eobs_4004__2022__southbound_01,Europa / DER A1A26 (eobs 4004),39.84718,-4.269938,39.856407,-4.249142,39.839096,-4.277138736075007,3.068825946526352,2.0505922,0,0.10638668,0.6985751,1.0871917,39.84718,-4.269937992095947,2.0504389902187694
2022-11-21,Europa_DER_A1A26_eobs_4004__2022__southbound_01,Europa / DER A1A26 (eobs 4004),39.856407,-4.249142,39.85697,-4.256775,39.84918,-4.255689758135139,0.8715274100848532,0.6545116,0,0.099416845,0.6985751,0.97742826,39.856407,-4.249142169952393,0.6545390353123498
2022-11-22,Europa_DER_A1A26_eobs_4004__2022__southbound_01,Europa / DER A1A26 (eobs 4004),39.85697,-4.256775,39.841156,-4.2567496,39.850887,-4.26347000172079,1.224764716927707,1.758546,0,0.08282481,0.6985751,0.88408846,39.85697,-4.25677490234375,1.758633230443243
2023-07-31,Angela_DER_AY470_eobs_4001__2023__southbound_01,Angela / DER AY470 (eobs 4001),48.141117,7.7463923,48.167404,7.72844,48.13363,7.738763807057343,3.832951663033134,3.2120667,0,0.09791628,0.6985751,1.0051234,48.141117,7.746392250061035,3.2120727599304773
2023-08-01,Angela_DER_AY470_eobs_4001__2023__southbound_01,Angela / DER AY470 (eobs 4001),48.167404,7.72844,48.134644,7.7496567,48.16119,7.721984206826531,3.595593252402103,3.968189,0,0.08298521,0.6985751,0.8390388,48.167404,7.728439807891846,3.9683236080252042
2023-08-02,Angela_DER_AY470_eobs_4001__2023__southbound_01,Angela / DER AY470 (eobs 4001),48.134644,7.7496567,48.134125,7.7529035,48.126133,7.741541604207495,1.2250459533875016,0.24781504,0,0.10552889,0.6985751,1.1198349,48.134644,7.749656677246094,0.24775361517312774
2023-08-03,Angela_DER_AY470_eobs_4001__2023__southbound_01,Angela / DER AY470 (eobs 4001),48.134125,7.7529035,48.12996,7.754574,48.126827,7.745921285583988,0.7305283095336008,0.479151,0,0.09176407,0.6985751,0.9612452,48.134125,7.752903461456299,0.4795006151700236
2023-08-04,Angela_DER_AY470_eobs_4001__2023__southbound_01,Angela / DER AY470 (eobs 4001),48.12996,7.754574,48.15167,7.749325,48.120827,7.7457826912525425,3.439517776468738,2.4448843,0,0.116148464,0.6985751,1.2049906,48.12996,7.754573822021484,2.4452015025771203
2023-08-05,Angela_DER_AY470_eobs_4001__2023__southbound_01,Angela / DER AY470 (eobs 4001),48.15167,7.749325,48.158104,7.723872,48.143803,7.741456203184801,2.0568268278374386,2.0190833,0,0.10747853,0.6985751,1.0495447,48.15167,7.749324798583984,2.0191393574085637
2023-08-06,Angela_DER_AY470_eobs_4001__2023__southbound_01,Angela / DER AY470 (eobs 4001),48.158104,7.723872,48.134285,7.753541,48.148273,7.7137226384990365,3.3389580210031866,3.443781,0,0.13382275,0.6985751,1.3249716,48.158104,7.723872184753418,3.4438613849588697
2023-08-07,Angela_DER_AY470_eobs_4001__2023__southbound_01,Angela / DER AY470 (eobs 4001),48.134285,7.753541,48.13426,7.754865,48.123615,7.743433432641602,1.4561603017266984,0.098315306,0,0.1380676,0.6985751,1.4011791,48.134285,7.753540992736816,0.09831224102256199
2023-08-07,Louis_DER_AU050_eobs_3264__2023__southbound_01,Louis / DER AU050 (eobs 3264),47.905502,8.565318,47.908237,8.571833,47.900177,8.559434699194679,1.2874053751031038,0.5728862,0,0.048795536,0.6985751,0.73547655,47.905502,8.56531810760498,0.572964534863667
2023-08-08,Angela_DER_AY470_eobs_4001__2023__southbound_01,Angela / DER AY470 (eobs 4001),48.13426,7.754865,48.164627,7.7360315,48.12403,7.745810816996222,4.572018414358119,3.6545255,0,0.1323043,0.6985751,1.3185111,48.13426,7.7548651695251465,3.65451215015186
2023-08-08,Louis_DER_AU050_eobs_3264__2023__southbound_01,Louis / DER AU050 (eobs 3264),47.908237,8.571833,47.911217,8.563831,47.903378,8.566745064809703,0.898329470230915,0.68232703,0,0.042754922,0.6985751,0.6589304,47.908237,8.571832656860352,0.6822072713552584
2023-08-09,Angela_DER_AY470_eobs_4001__2023__southbound_01,Angela / DER AY470 (eobs 4001),48.164627,7.7360315,48.148876,7.732977,48.156933,7.728111098126966,0.9658449795449836,1.7657381,0,0.10783053,0.6985751,1.0359578,48.164627,7.736031532287598,1.7660169307151372
2023-08-09,Louis_DER_AU050_eobs_3264__2023__southbound_01,Louis / DER AU050 (eobs 3264),47.911217,8.563831,47.89871,8.539618,47.906494,8.558395254089403,1.645866194743017,2.2788746,0,0.042896744,0.6985751,0.66221607,47.911217,8.563831329345703,2.2786532113320996
2023-08-10,Angela_DER_AY470_eobs_4001__2023__southbound_01,Angela / DER AY470 (eobs 4001),48.148876,7.732977,48.140602,7.7478137,48.141857,7.726234897017864,1.607220007267663,1.4348435,0,0.088523835,0.6985751,0.92520154,48.148876,7.732976913452148,1.4346651132309214
2023-08-10,Louis_DER_AU050_eobs_3264__2023__southbound_01,Louis / DER AU050 (eobs 3264),47.89871,8.539618,47.90495,8.55302,47.893997,8.534513914349255,1.8401841195372566,1.2165833,0,0.0391884,0.6985751,0.64628476,47.89871,8.539617538452148,1.2164229458465547
2023-08-11,Angela_DER_AY470_eobs_4001__2023__southbound_01,Angela / DER AY470 (eobs 4001),48.140602,7.7478137,47.79649,7.578767,48.13204,7.740393445280133,39.20396170471034,40.280254,1,0.10579431,0.6985751,1.0979962,48.140602,7.747813701629639,40.28019873734364
2023-08-11,Louis_DER_AU050_eobs_3264__2023__southbound_01,Louis / DER AU050 (eobs 3264),47.90495,8.55302,47.90752,8.55612,47.89975,8.547510926356377,1.076291882380762,0.36745134,0,0.04807442,0.6985751,0.70802677,47.90495,8.553019523620605,0.3676182521985106
2023-08-12,Angela_DER_AY470_eobs_4001__2023__southbound_01,Angela / DER AY470 (eobs 4001),47.79649,7.578767,47.65475,7.5555215,47.252403,6.610045712506431,83.9945693016235,15.855944,1,0.94801486,0.6985751,94.15464,47.252403,6.610045712506431,83.9945693016235
2023-08-12,Louis_DER_AU050_eobs_3264__2023__southbound_01,Louis / DER AU050 (eobs 3264),47.90752,8.55612,47.905235,8.557772,47.901768,8.549695562643048,0.714909393650125,0.28212747,0,0.06408482,0.6985751,0.79747903,47.90752,8.556119918823242,0.28234014993002937
2023-08-13,Angela_DER_AY470_eobs_4001__2023__southbound_01,Angela / DER AY470 (eobs 4001),47.65475,7.5555215,47.52191,7.0241976,47.322178,6.858669685208657,25.462550259647227,42.496704,1,0.92130893,0.6985751,63.855183,47.322178,6.858669685208657,25.462550259647227
2023-08-13,Louis_DER_AU050_eobs_3264__2023__southbound_01,Louis / DER AU050 (eobs 3264),47.905235,8.557772,47.907127,8.578035,47.900574,8.552432712376604,2.0428844679525655,1.5250368,0,0.044221506,0.6985751,0.6523137,47.905235,8.557771682739258,1.5250211419799005
2023-08-14,Angela_DER_AY470_eobs_4001__2023__southbound_01,Angela / DER AY470 (eobs 4001),47.52191,7.0241976,46.693375,5.4422135,47.063217,5.960140179228755,56.92901370590076,151.06589,1,0.9480873,0.6985751,94.62642,47.063217,5.960140179228755,56.92901370590076
2023-08-14,Louis_DER_AU050_eobs_3264__2023__southbound_01,Louis / DER AU050 (eobs 3264),47.907127,8.578035,47.90697,8.574343,47.902443,8.572646005401937,0.5191385179825503,0.27577516,0,0.04622931,0.6985751,0.65657294,47.907127,8.578035354614258,0.27578988001957877
2023-08-15,Angela_DER_AY470_eobs_4001__2023__southbound_01,Angela / DER AY470 (eobs 4001),46.693375,5.4422135,46.058247,5.1277914,46.08946,4.510312252720654,47.758138735296214,74.6285,1,0.9620465,0.6985751,97.60948,46.08946,4.510312252720654,47.758138735296214
2023-08-15,Louis_DER_AU050_eobs_3264__2023__southbound_01,Louis / DER AU050 (eobs 3264),47.90697,8.574343,47.90912,8.572943,47.90154,8.567698774138323,0.9290676885008292,0.26039174,0,0.060223047,0.6985751,0.7795664,47.90697,8.574342727661133,0.2606140698526998
2023-08-16,Angela_DER_AY470_eobs_4001__2023__southbound_01,Angela / DER AY470 (eobs 4001),46.058247,5.1277914,45.129078,4.8418922,45.554638,4.241853803289093,66.62172683332844,105.68646,1,0.94929636,0.6985751,88.21323,45.554638,4.241853803289093,66.62172683332844
2023-08-16,Louis_DER_AU050_eobs_3264__2023__southbound_01,Louis / DER AU050 (eobs 3264),47.90912,8.572943,47.9112,8.57454,47.904247,8.566587958295973,0.9743103422625267,0.2604862,0,0.059668064,0.6985751,0.71822715,47.90912,8.572942733764648,0.2604108635011863
2023-08-17,Angela_DER_AY470_eobs_4001__2023__southbound_01,Angela / DER AY470 (eobs 4001),45.129078,4.8418922,44.108948,4.3573484,44.621437,4.034412442460682,62.50143278654056,119.74028,1,0.95160806,0.6985751,84.698204,44.621437,4.034412442460682,62.50143278654056
2023-08-17,Louis_DER_AU050_eobs_3264__2023__southbound_01,Louis / DER AU050 (eobs 3264),47.9112,8.57454,47.903915,8.572826,47.905716,8.567831975065301,0.4227100372767002,0.8199633,0,0.06571762,0.6985751,0.7872852,47.9112,8.574540138244629,0.8201836264040228
2023-08-18,Angela_DER_AY470_eobs_4001__2023__southbound_01,Angela / DER AY470 (eobs 4001),44.108948,4.3573484,43.133526,2.9667532,43.694008,3.6823744233543545,85.00119917000919,155.86073,1,0.94326377,0.6985751,70.81875,43.694008,3.6823744233543545,85.00119917000919
2023-08-18,Louis_DER_AU050_eobs_3264__2023__southbound_01,Louis / DER AU050 (eobs 3264),47.903915,8.572826,47.91519,8.57289,47.899258,8.567189995944037,1.8220147094628683,1.2536503,0,0.045487426,0.6985751,0.6657411,47.903915,8.572826385498047,1.2538720249734414
2023-08-19,Angela_DER_AY470_eobs_4001__2023__southbound_01,Angela / DER AY470 (eobs 4001),43.133526,2.9667532,42.9593,2.92894,42.723263,2.306986805149261,57.09902670847663,19.615278,1,0.9485015,0.6985751,70.21403,42.723263,2.306986805149261,57.09902670847663
2023-08-19,Louis_DER_AU050_eobs_3264__2023__southbound_01,Louis / DER AU050 (eobs 3264),47.91519,8.57289,47.91115,8.578961,47.90973,8.566161239872951,0.9670640911706138,0.6376127,0,0.06284484,0.6985751,0.7864097,47.91519,8.572890281677246,0.6375849114163273
2023-08-20,Angela_DER_AY470_eobs_4001__2023__southbound_01,Angela / DER AY470 (eobs 4001),42.9593,2.92894,42.384556,2.8043692,42.868412,2.7588870327915336,53.93095630896476,64.71533,1,0.78081757,0.6985751,17.105831,42.868412,2.7588870327915336,53.93095630896476
2023-08-20,Louis_DER_AU050_eobs_3264__2023__southbound_01,Louis / DER AU050 (eobs 3264),47.91115,8.578961,47.907944,8.563981,47.905994,8.572969888647352,0.7041990495448993,1.1720877,0,0.052628532,0.6985751,0.72546124,47.91115,8.578961372375488,1.1721512692210576
2023-08-21,Angela_DER_AY470_eobs_4001__2023__southbound_01,Angela / DER AY470 (eobs 4001),42.384556,2.8043692,42.291645,3.0467565,42.098736,2.2974082389588633,65.35176380410118,22.441936,1,0.92005706,0.6985751,52.289635,42.098736,2.2974082389588633,65.35176380410118
2023-08-21,Louis_DER_AU050_eobs_3264__2023__southbound_01,Louis / DER AU050 (eobs 3264),47.907944,8.563981,47.91449,8.581795,47.90203,8.557118513381262,2.3026378362364146,1.5140849,0,0.06232586,0.6985751,0.8315902,47.907944,8.563981056213379,1.5141253337842464
2023-08-22,Angela_DER_AY470_eobs_4001__2023__southbound_01,Angela / DER AY470 (eobs 4001),42.291645,3.0467565,42.28831,3.0466027,42.247704,2.9778344592282093,7.239349097916932,0.37101215,0,0.66208416,0.6985751,7.4709444,42.291645,3.0467565059661865,0.3709451845050064
2023-08-22,Louis_DER_AU050_eobs_3264__2023__southbound_01,Louis / DER AU050 (eobs 3264),47.91449,8.581795,47.91484,8.57268,47.908073,8.574199753182375,0.7609595322491938,0.68035096,0,0.08217973,0.6985751,0.9091589,47.91449,8.581794738769531,0.680379124851661
2023-08-23,Angela_DER_AY470_eobs_4001__2023__southbound_01,Angela / DER AY470 (eobs 4001),42.28831,3.0466027,41.858704,2.7120183,42.277348,3.022933089096832,53.15706663258258,55.17802,1,0.4309177,0.6985751,2.2930584,42.28831,3.046602725982666,55.178174117164225
2023-08-23,Louis_DER_AU050_eobs_3264__2023__southbound_01,Louis / DER AU050 (eobs 3264),47.91484,8.57268,47.91848,8.581978,47.908184,8.564809269287892,1.716957784230575,0.8024675,0,0.07789799,0.6985751,0.9428076,47.91484,8.572680473327637,0.8023922740360371
2023-08-24,Angela_DER_AY470_eobs_4001__2023__southbound_01,Angela / DER AY470 (eobs 4001),41.858704,2.7120183,41.14599,1.0860349,41.63611,2.3232540760312013,116.71261639261517,156.89,1,0.8900954,0.6985751,40.539726,41.63611,2.3232540760312013,116.71261639261517
2023-08-24,Louis_DER_AU050_eobs_3264__2023__southbound_01,Louis / DER AU050 (eobs 3264),47.91848,8.581978,47.911148,8.570702,47.911858,8.574491495126942,0.2932784434724227,1.170836,0,0.079721,0.6985751,0.92211807,47.91848,8.581977844238281,1.17085463045002
2023-08-25,Angela_DER_AY470_eobs_4001__2023__southbound_01,Angela / DER AY470 (eobs 4001),41.14599,1.0860349,41.2851,1.2431147,40.8254,0.6268258812062522,72.68538649736388,20.295574,1,0.9278212,0.6985751,52.341576,40.8254,0.6268258812062522,72.68538649736388
2023-08-25,Louis_DER_AU050_eobs_3264__2023__southbound_01,Louis / DER AU050 (eobs 3264),47.911148,8.570702,47.90771,8.568752,47.90492,8.562968990303832,0.5312620847873647,0.4090239,0,0.07717677,0.6985751,0.89957863,47.911148,8.570701599121094,0.4088675777262162
2023-08-26,Angela_DER_AY470_eobs_4001__2023__southbound_01,Angela / DER AY470 (eobs 4001),41.2851,1.2431147,41.49649,1.7031212,41.281235,1.2271100791944405,46.36589639673376,45.0006,1,0.38562384,0.6985751,1.4021953,41.2851,1.243114709854126,45.0007673263511
2023-08-26,Louis_DER_AU050_eobs_3264__2023__southbound_01,Louis / DER AU050 (eobs 3264),47.90771,8.568752,47.91902,8.576931,47.90202,8.561594743490042,2.2092443512814937,1.3976231,0,0.065375626,0.6985751,0.8263458,47.90771,8.56875228881836,1.3976093578371764
2023-08-27,Angela_DER_AY470_eobs_4001__2023__southbound_01,Angela / DER AY470 (eobs 4001),41.49649,1.7031212,42.051178,2.8820927,41.49138,1.6926910630558163,116.63459834510492,115.59662,1,0.3302625,0.6985751,1.0363653,41.49649,1.7031211853027344,115.59651389973112
2023-08-27,Louis_DER_AU050_eobs_3264__2023__southbound_01,Louis / DER AU050 (eobs 3264),47.91902,8.576931,47.906048,8.566824,47.91393,8.570760680973203,0.9241634531462154,1.6275461,0,0.055158902,0.6985751,0.72801274,47.91902,8.57693099975586,1.627447188540649
2023-08-28,Angela_DER_AY470_eobs_4001__2023__southbound_01,Angela / DER AY470 (eobs 4001),42.051178,2.8820927,42.054653,2.8822155,42.045303,2.870593224529163,1.4148469651172941,0.38658014,0,0.33836982,0.6985751,1.1503725,42.051178,2.8820927143096924,0.3865569029222292
2023-08-28,Louis_DER_AU050_eobs_3264__2023__southbound_01,Louis / DER AU050 (eobs 3264),47.906048,8.566824,47.909637,8.579326,47.901016,8.56058250577506,1.694385426781815,1.0137484,0,0.050883606,0.6985751,0.7263065,47.906048,8.566823959350586,1.0137273647793785
2023-08-29,Angela_DER_AY470_eobs_4001__2023__southbound_01,Angela / DER AY470 (eobs 4001),42.054653,2.8822155,42.167862,3.0369475,42.049973,2.8685121591343266,19.102341201576774,17.92695,1,0.3501517,0.6985751,1.2430922,42.054653,2.8822154998779297,17.927000968096884
2023-08-29,Louis_DER_AU050_eobs_3264__2023__southbound_01,Louis / DER AU050 (eobs 3264),47.909637,8.579326,47.90744,8.572916,47.904697,8.573301429536928,0.30633221439561975,0.5365928,0,0.04864087,0.6985751,0.7083783,47.909637,8.579325675964355,0.5365987504064299
2023-08-30,Angela_DER_AY470_eobs_4001__2023__southbound_01,Angela / DER AY470 (eobs 4001),42.167862,3.0369475,42.300247,3.0543725,42.163033,3.0251398114060786,15.44625904219812,14.790453,1,0.32904795,0.6985751,1.1095748,42.167862,3.03694748878479,14.790327861718424
2023-08-30,Louis_DER_AU050_eobs_3264__2023__southbound_01,Louis / DER AU050 (eobs 3264),47.90744,8.572916,47.91252,8.577267,47.901924,8.566450248306714,1.4277758465563697,0.65132797,0,0.05017332,0.6985751,0.778607,47.90744,8.572916030883789,0.6514437375142811
2023-08-31,Angela_DER_AY470_eobs_4001__2023__southbound_01,Angela / DER AY470 (eobs 4001),42.300247,3.0543725,42.300365,3.0540035,42.295517,3.041812166238111,1.138437123401682,0.03299248,0,0.34251398,0.6985751,1.1572315,42.300247,3.054372549057007,0.03307939855037094
2023-08-31,Louis_DER_AU050_eobs_3264__2023__southbound_01,Louis / DER AU050 (eobs 3264),47.91252,8.577267,47.914204,8.570409,47.906864,8.570171974784591,0.8163046906328271,0.54431605,0,0.061936602,0.6985751,0.8202282,47.91252,8.577266693115234,0.5442656015235015
2023-09-01,Angela_DER_AY470_eobs_4001__2023__southbound_01,Angela / DER AY470 (eobs 4001),42.300365,3.0540035,42.30037,3.053391,42.292587,3.039539356769068,1.4306312605080802,0.050371144,0,0.34906706,0.6985751,1.46828,42.300365,3.0540034770965576,0.05037531748306635
2023-09-01,Louis_DER_AU050_eobs_3264__2023__southbound_01,Louis / DER AU050 (eobs 3264),47.914204,8.570409,47.91531,8.574231,47.90868,8.563285788685146,1.0995294820241432,0.31037185,0,0.059163626,0.6985751,0.81039536,47.914204,8.570408821105957,0.3102908160189559
2023-09-02,Angela_DER_AY470_eobs_4001__2023__southbound_01,Angela / DER AY470 (eobs 4001),42.30037,3.053391,42.3002,3.0543666,42.294464,3.0400365653681996,1.3401822041101874,0.08234078,0,0.33599743,0.6985751,1.2773662,42.30037,3.0533909797668457,0.08237903240670046
2023-09-02,Louis_DER_AU050_eobs_3264__2023__southbound_01,Louis / DER AU050 (eobs 3264),47.91531,8.574231,47.915257,8.57293,47.909996,8.567708032308591,0.7025975393634846,0.09712608,0,0.055949908,0.6985751,0.76367706,47.91531,8.574231147766113,0.09712618276047491
2023-09-03,Angela_DER_AY470_eobs_4001__2023__southbound_01,Angela / DER AY470 (eobs 4001),42.3002,3.0543666,42.113182,2.7939646,42.294872,3.0485036531221197,29.1159035985161,29.874352,1,0.18474843,0.6985751,0.76277184,42.3002,3.0543665885925293,29.8743149674234
2023-09-03,Louis_DER_AU050_eobs_3264__2023__southbound_01,Louis / DER AU050 (eobs 3264),47.915257,8.57293,47.917305,8.580011,47.909607,8.566169451396425,1.3405052182400734,0.57483435,0,0.053866543,0.6985751,0.8038686,47.915257,8.572930335998535,0.5747733829534932
2023-09-04,Angela_DER_AY470_eobs_4001__2023__southbound_01,Angela / DER AY470 (eobs 4001),42.113182,2.7939646,42.09134,2.7486808,41.96641,2.5299931046146122,22.78672514880514,4.455991,0,0.8467956,0.6985751,27.163828,41.96641,2.5299931046146122,22.78672514880514
2023-09-04,Louis_DER_AU050_eobs_3264__2023__southbound_01,Louis / DER AU050 (eobs 3264),47.917305,8.580011,47.91703,8.572701,47.91309,8.575275441657643,0.4783248948373342,0.5456462,0,0.03488679,0.6985751,0.58570504,47.917305,8.580011367797852,0.5456151672953644
2023-09-05,Angela_DER_AY470_eobs_4001__2023__southbound_01,Angela / DER AY470 (eobs 4001),42.09134,2.7486808,41.621765,-0.8071791,42.071556,2.7045875230183167,295.13559756929163,299.0661,1,0.6178946,0.6985751,4.244256,42.09134,2.748680830001831,299.06606748331996
2023-09-05,Louis_DER_AU050_eobs_3264__2023__southbound_01,Louis / DER AU050 (eobs 3264),47.91703,8.572701,47.91658,8.57287,47.912857,8.567930011289105,0.5540303016788677,0.051414188,0,0.034627117,0.6985751,0.583609,47.91703,8.572701454162598,0.05160932588713775
2023-09-06,Angela_DER_AY470_eobs_4001__2023__southbound_01,Angela / DER AY470 (eobs 4001),41.621765,-0.8071791,41.3561,-1.2563629,41.51206,-1.025927909650043,25.88001741712809,47.670643,1,0.7783373,0.6985751,21.857697,41.51206,-1.025927909650043,25.88001741712809
2023-09-06,Louis_DER_AU050_eobs_3264__2023__southbound_01,Louis / DER AU050 (eobs 3264),47.91658,8.57287,47.92391,8.572406,47.91194,8.567474456527973,1.3804539275259144,0.81573623,0,0.041526858,0.6985751,0.6528834,47.91658,8.572870254516602,0.8155759386638564
2023-09-07,Angela_DER_AY470_eobs_4001__2023__southbound_01,Angela / DER AY470 (eobs 4001),41.3561,-1.2563629,39.90985,-3.22335,41.02633,-1.7798630870170395,174.13042228823514,231.09927,1,0.92306274,0.6985751,56.941475,41.02633,-1.7798630870170395,174.13042228823514
2023-09-07,Louis_DER_AU050_eobs_3264__2023__southbound_01,Louis / DER AU050 (eobs 3264),47.92391,8.572406,47.91136,8.564947,47.918827,8.566614060893027,0.8393559809789408,1.5019615,0,0.050384663,0.6985751,0.7095666,47.92391,8.572405815124512,1.5017661728419727
2023-09-08,Angela_DER_AY470_eobs_4001__2023__southbound_01,Angela / DER AY470 (eobs 4001),39.90985,-3.22335,39.43035,-3.2235072,39.58334,-3.634350173861048,39.13763727403467,53.318287,1,0.9257868,0.6985751,50.379585,39.58334,-3.634350173861048,39.13763727403467
2023-09-08,Louis_DER_AU050_eobs_3264__2023__southbound_01,Louis / DER AU050 (eobs 3264),47.91136,8.564947,47.91132,8.561281,47.90602,8.558865533178832,0.6160780963483594,0.27327594,0,0.05062146,0.6985751,0.7459008,47.91136,8.564947128295898,0.2732677935777182
2023-09-09,Angela_DER_AY470_eobs_4001__2023__southbound_01,Angela / DER AY470 (eobs 4001),39.43035,-3.2235072,39.430233,-3.2235744,39.15536,-3.575236437068239,43.011674085791405,0.014295343,0,0.9022277,0.6985751,42.908005,39.15536,-3.575236437068239,43.011674085791405
2023-09-09,Louis_DER_AU050_eobs_3264__2023__southbound_01,Louis / DER AU050 (eobs 3264),47.91132,8.561281,47.92068,8.565792,47.90618,8.555297943047517,1.7919788812267228,1.0937533,0,0.05356892,0.6985751,0.7233825,47.91132,8.561281204223633,1.0938653848704827
2023-09-10,Angela_DER_AY470_eobs_4001__2023__southbound_01,Angela / DER AY470 (eobs 4001),39.430233,-3.2235744,39.092033,-3.5311222,39.40899,-3.263504570771455,42.108848771400844,45.99251,1,0.4974089,0.6985751,4.1569285,39.430233,-3.22357439994812,45.9925649826576
2023-09-10,Louis_DER_AU050_eobs_3264__2023__southbound_01,Louis / DER AU050 (eobs 3264),47.92068,8.565792,47.913177,8.558145,47.91437,8.557985841994052,0.13329293013524143,1.010417,0,0.08305465,0.6985751,0.9096796,47.92068,8.565792083740234,1.0104236980252836
2023-09-11,Angela_DER_AY470_eobs_4001__2023__southbound_01,Angela / DER AY470 (eobs 4001),39.092033,-3.5311222,38.54824,-3.9606621,38.83415,-3.87338960663098,32.68139410370461,71.00029,1,0.9002052,0.6985751,41.095753,38.83415,-3.87338960663098,32.68139410370461
2023-09-11,Louis_DER_AU050_eobs_3264__2023__southbound_01,Louis / DER AU050 (eobs 3264),47.913177,8.558145,47.919415,8.578084,47.903717,8.546060834707282,2.956891197947257,1.639857,0,0.14698105,0.6985751,1.3824689,47.913177,8.558144569396973,1.6398515752293545
2023-09-12,Angela_DER_AY470_eobs_4001__2023__southbound_01,Angela / DER AY470 (eobs 4001),38.54824,-3.9606621,37.81514,-4.7447667,38.307064,-4.232832604366633,70.71642504461485,106.498344,1,0.8890179,0.6985751,35.706203,38.307064,-4.232832604366633,70.71642504461485
2023-09-12,Louis_DER_AU050_eobs_3264__2023__southbound_01,Louis / DER AU050 (eobs 3264),47.919415,8.578084,47.918007,8.574199,47.91119,8.567934772207202,0.8902251381864551,0.32916656,0,0.13293788,0.6985751,1.1845932,47.919415,8.578083992004395,0.3291340376548682
2023-09-13,Angela_DER_AY470_eobs_4001__2023__southbound_01,Angela / DER AY470 (eobs 4001),37.81514,-4.7447667,37.81411,-4.7478037,37.490395,-5.09228010704841,47.06775694386589,0.29016957,0,0.9172301,0.6985751,47.201416,37.490395,-5.09228010704841,47.06775694386589
2023-09-13,Louis_DER_AU050_eobs_3264__2023__southbound_01,Louis / DER AU050 (eobs 3264),47.918007,8.574199,47.917664,8.567795,47.910057,8.563998313792263,0.8918777467022206,0.4787206,0,0.12408103,0.6985751,1.1639572,47.918007,8.574198722839355,0.47876054568572096
2023-09-14,Angela_DER_AY470_eobs_4001__2023__southbound_01,Angela / DER AY470 (eobs 4001),37.81411,-4.7478037,37.391205,-5.334648,37.809,-4.756464860554014,68.94028457822691,69.88604,1,0.2338392,0.6985751,0.94802517,37.81411,-4.747803688049316,69.8858170511206
2023-09-14,Louis_DER_AU050_eobs_3264__2023__southbound_01,Louis / DER AU050 (eobs 3264),47.917664,8.567795,47.637096,8.036494,47.910122,8.557981048355607,49.400100216544715,50.492165,1,0.110933565,0.6985751,1.1106246,47.917664,8.567794799804688,50.49217120723164
2023-09-15,Angela_DER_AY470_eobs_4001__2023__southbound_01,Angela / DER AY470 (eobs 4001),37.391205,-5.334648,36.610325,-6.118923,37.140556,-5.596948429011466,75.04549531581353,111.309654,1,0.8797703,0.6985751,36.18237,37.140556,-5.596948429011466,75.04549531581353
2023-09-15,Louis_DER_AU050_eobs_3264__2023__southbound_01,Louis / DER AU050 (eobs 3264),47.637096,8.036494,46.49455,5.2768235,47.076683,6.979899031014057,144.9241183804482,244.58044,1,0.95817274,0.6985751,100.57289,47.076683,6.979899031014057,144.9241183804482
2023-09-16,Angela_DER_AY470_eobs_4001__2023__southbound_01,Angela / DER AY470 (eobs 4001),36.610325,-6.118923,36.608746,-6.12548,36.374424,-6.339636219386851,32.332506393906655,0.6109697,0,0.8689703,0.6985751,32.747402,36.374424,-6.339636219386851,32.332506393906655
2023-09-16,Louis_DER_AU050_eobs_3264__2023__southbound_01,Louis / DER AU050 (eobs 3264),46.49455,5.2768235,46.072567,5.1616254,45.804764,4.395733144251957,66.2895583270685,47.749935,1,0.972582,0.6985751,101.958305,45.804764,4.395733144251957,66.2895583270685
2023-09-17,Angela_DER_AY470_eobs_4001__2023__southbound_01,Angela / DER AY470 (eobs 4001),36.608746,-6.12548,36.583847,-6.1236563,36.59928,-6.141398699707094,2.335494980283626,2.7734523,0,0.35590124,0.6985751,1.764965,36.608746,-6.1254801750183105,2.7733778700121627
2023-09-17,Louis_DER_AU050_eobs_3264__2023__southbound_01,Louis / DER AU050 (eobs 3264),46.072567,5.1616254,46.095245,5.131583,45.53346,4.312311728597527,89.07098751890717,3.4246023,0,0.9522354,0.6985751,88.64751,45.53346,4.312311728597527,89.07098751890717
2023-09-18,Angela_DER_AY470_eobs_4001__2023__southbound_01,Angela / DER AY470 (eobs 4001),36.583847,-6.1236563,36.60852,-6.1237483,36.57633,-6.132380978460638,3.6616464542594716,2.743373,0,0.22984008,0.6985751,1.1406746,36.583847,-6.123656272888184,2.7435798786118033
2023-09-18,Louis_DER_AU050_eobs_3264__2023__southbound_01,Louis / DER AU050 (eobs 3264),46.095245,5.131583,46.03966,5.0795336,46.066574,5.046770747162679,3.9175862051948918,7.370623,0,0.5976851,0.6985751,7.262717,46.095245,5.131583213806152,7.37056165677831
2023-09-19,Angela_DER_AY470_eobs_4001__2023__southbound_01,Angela / DER AY470 (eobs 4001),36.60852,-6.1237483,36.610138,-6.125458,36.600044,-6.135213341356688,1.420574808838611,0.23587508,0,0.27976844,0.6985751,1.3889282,36.60852,-6.123748302459717,0.23585603866911647
2023-09-19,Louis_DER_AU050_eobs_3264__2023__southbound_01,Louis / DER AU050 (eobs 3264),46.03966,5.0795336,43.734188,4.4630866,45.964184,4.890154035948345,250.23854762990976,260.91437,1,0.74379486,0.6985751,16.826141,45.964184,4.890154035948345,250.23854762990976
2023-09-20,Angela_DER_AY470_eobs_4001__2023__southbound_01,Angela / DER AY470 (eobs 4001),36.610138,-6.125458,36.608704,-6.1239758,36.604454,-6.134489408106257,1.0507171666337909,0.2072761,0,0.24187109,0.6985751,1.0225704,36.610138,-6.125457763671875,0.20720899497346823
2023-09-20,Louis_DER_AU050_eobs_3264__2023__southbound_01,Louis / DER AU050 (eobs 3264),43.734188,4.4630866,43.471405,3.576817,43.286705,3.908859944979215,33.79261279884788,77.11294,1,0.94274384,0.6985751,66.65623,43.286705,3.908859944979215,33.79261279884788
2023-09-21,Angela_DER_AY470_eobs_4001__2023__southbound_01,Angela / DER AY470 (eobs 4001),36.608704,-6.1239758,36.58682,-6.1266265,36.60236,-6.131599162791745,1.784203075909619,2.4448695,0,0.21107684,0.6985751,0.97849154,36.608704,-6.12397575378418,2.4449735998793174
2023-09-21,Louis_DER_AU050_eobs_3264__2023__southbound_01,Louis / DER AU050 (eobs 3264),43.471405,3.576817,42.773163,2.9754596,43.212,3.1686481017987758,51.26403292063589,91.706856,1,0.9018464,0.6985751,43.70535,43.212,3.1686481017987758,51.26403292063589
2023-09-22,Angela_DER_AY470_eobs_4001__2023__southbound_01,Angela / DER AY470 (eobs 4001),36.58682,-6.1266265,36.581722,-6.127202,36.578716,-6.1365562671809615,0.8996572876201198,0.5687394,0,0.28106436,0.6985751,1.2618942,36.58682,-6.126626491546631,0.5690237812769291
2023-09-22,Europa_DER_A1A26_eobs_4004__2023__southbound_01,Europa / DER A1A26 (eobs 4004),40.23538,-3.6286514,40.235252,-3.6296172,40.229904,-3.6371724314350478,0.8746441352730943,0.08317619,0,0.35421586,0.6985751,0.94361967,40.23538,-3.6286513805389404,0.08317222723301695
2023-09-22,Louis_DER_AU050_eobs_3264__2023__southbound_01,Louis / DER AU050 (eobs 3264),42.773163,2.9754596,41.927773,2.2787344,42.46924,2.5522823447622582,64.28684030399292,110.06592,1,0.91849786,0.6985751,48.238674,42.46924,2.5522823447622582,64.28684030399292
2023-09-23,Angela_DER_AY470_eobs_4001__2023__southbound_01,Angela / DER AY470 (eobs 4001),36.581722,-6.127202,36.608486,-6.124026,36.566456,-6.137365748039171,4.82294506070979,2.9891481,0,0.38372225,0.6985751,1.921633,36.581722,-6.127202033996582,2.989493972145126
2023-09-23,Europa_DER_A1A26_eobs_4004__2023__southbound_01,Europa / DER A1A26 (eobs 4004),40.235252,-3.6296172,40.231674,-3.6363688,40.231106,-3.6357839796242475,0.08036684624575008,0.69790506,0,0.15612137,0.6985751,0.69645965,40.235252,-3.629617214202881,0.6976968268378247
2023-09-23,Louis_DER_AU050_eobs_3264__2023__southbound_01,Louis / DER AU050 (eobs 3264),41.927773,2.2787344,41.66765,0.9516398,41.479313,1.6853910648635777,64.52996712186173,113.74873,1,0.94831,0.6985751,69.84941,41.479313,1.6853910648635777,64.52996712186173
2023-09-24,Angela_DER_AY470_eobs_4001__2023__southbound_01,Angela / DER AY470 (eobs 4001),36.608486,-6.124026,36.58293,-6.126055,36.599987,-6.133372190908616,2.0058573801624626,2.8470464,0,0.29095933,0.6985751,1.2583529,36.608486,-6.124025821685791,2.8473193500328153
2023-09-24,Europa_DER_A1A26_eobs_4004__2023__southbound_01,Europa / DER A1A26 (eobs 4004),40.231674,-3.6363688,40.319313,-3.6131296,40.226585,-3.6436210319589994,10.630412068063134,9.942696,0,0.20123152,0.6985751,0.83467734,40.231674,-3.636368751525879,9.94243707199659
2023-09-24,Louis_DER_AU050_eobs_3264__2023__southbound_01,Louis / DER AU050 (eobs 3264),41.66765,0.9516398,41.675026,0.9425638,41.230206,0.30201894280405683,72.77522396366204,1.1140404,0,0.9616954,0.6985751,72.52027,41.230206,0.30201894280405683,72.77522396366204
2023-09-25,Angela_DER_AY470_eobs_4001__2023__southbound_01,Angela / DER AY470 (eobs 4001),36.58293,-6.126055,36.582226,-6.1263785,36.577156,-6.131505584711861,0.726209073337352,0.08375912,0,0.15818703,0.6985751,0.80446917,36.58293,-6.126054763793945,0.08362827412631131
2023-09-25,Europa_DER_A1A26_eobs_4004__2023__southbound_01,Europa / DER A1A26 (eobs 4004),40.319313,-3.6131296,40.232765,-3.634794,40.314915,-3.6186570203659327,9.236640524298936,9.797518,0,0.13308342,0.6985751,0.6762088,40.319313,-3.6131296157836914,9.797621148010736
2023-09-25,Louis_DER_AU050_eobs_3264__2023__southbound_01,Louis / DER AU050 (eobs 3264),41.675026,0.9425638,41.65914,0.9395932,41.671925,0.9336799988434515,1.503888957051273,1.7834089,0,0.16438809,0.6985751,0.81298494,41.675026,0.9425637722015381,1.7834195610339136
2023-09-26,Angela_DER_AY470_eobs_4001__2023__southbound_01,Angela / DER AY470 (eobs 4001),36.582226,-6.1263785,36.581684,-6.1270156,36.576912,-6.131440016578761,0.6615619677559262,0.08297333,0,0.15208086,0.6985751,0.74271095,36.582226,-6.126378536224365,0.08284715891157789
2023-09-26,Europa_DER_A1A26_eobs_4004__2023__southbound_01,Europa / DER A1A26 (eobs 4004),40.232765,-3.634794,40.231285,-3.6331542,40.1952,-3.676408380662434,5.439522582459659,0.21587789,0,0.5801425,0.6985751,5.4609303,40.232765,-3.634793996810913,0.2155576662974849
2023-09-26,Louis_DER_AU050_eobs_3264__2023__southbound_01,Louis / DER AU050 (eobs 3264),41.65914,0.9395932,41.6088,0.6089633,41.65513,0.9321938457696767,27.353256836945764,28.042213,1,0.16209146,0.6985751,0.7582692,41.65914,0.9395931959152222,28.042269556039187
2023-09-27,Angela_DER_AY470_eobs_4001__2023__southbound_01,Angela / DER AY470 (eobs 4001),36.581684,-6.1270156,36.573647,-6.1162515,36.576378,-6.131833154956197,1.4241776952486684,1.3123995,0,0.1439379,0.6985751,0.72893834,36.581684,-6.127015590667725,1.3124948663617846
2023-09-27,Europa_DER_A1A26_eobs_4004__2023__southbound_01,Europa / DER A1A26 (eobs 4004),40.231285,-3.6331542,40.23172,-3.6363668,40.226315,-3.6373673744388597,0.6070287391320444,0.27705967,0,0.17720321,0.6985751,0.65724814,40.231285,-3.6331541538238525,0.276981836134996
2023-09-27,Louis_DER_AU050_eobs_3264__2023__southbound_01,Louis / DER AU050 (eobs 3264),41.6088,0.6089633,41.58569,0.6376085,41.529488,0.4595153869180978,16.082306914357826,3.5039062,0,0.78997195,0.6985751,15.209923,41.529488,0.4595153869180978,16.082306914357826
2023-09-28,Europa_DER_A1A26_eobs_4004__2023__southbound_01,Europa / DER A1A26 (eobs 4004),40.23172,-3.6363668,40.235786,-3.6370227,40.227623,-3.643447216360031,1.058972014405303,0.45550153,0,0.17503238,0.6985751,0.7527897,40.23172,-3.636366844177246,0.4555861104022232
2023-09-29,Europa_DER_A1A26_eobs_4004__2023__southbound_01,Europa / DER A1A26 (eobs 4004),40.235786,-3.6370227,40.231537,-3.6364124,40.229057,-3.650230053028379,1.2049825489975858,0.47555402,0,0.29381672,0.6985751,1.345403,40.235786,-3.6370227336883545,0.4753635898590703
2023-09-30,Europa_DER_A1A26_eobs_4004__2023__southbound_01,Europa / DER A1A26 (eobs 4004),40.231537,-3.6364124,40.231194,-3.633216,40.224327,-3.645611549508589,1.3001409997346676,0.27405384,0,0.2829821,0.6985751,1.1171246,40.231537,-3.6364123821258545,0.27402465538267934
2023-10-01,Europa_DER_A1A26_eobs_4004__2023__southbound_01,Europa / DER A1A26 (eobs 4004),40.231194,-3.633216,40.23124,-3.636884,40.22564,-3.638919945662953,0.6462331578526821,0.31143627,0,0.21603145,0.6985751,0.7832719,40.231194,-3.63321590423584,0.31142861451065396
2023-10-02,Europa_DER_A1A26_eobs_4004__2023__southbound_01,Europa / DER A1A26 (eobs 4004),40.23124,-3.636884,40.229904,-3.6338787,40.222267,-3.65390355640542,1.9003563527632983,0.29517215,0,0.31380647,0.6985751,1.7527905,40.23124,-3.6368839740753174,0.2951756378882463
2023-10-03,Europa_DER_A1A26_eobs_4004__2023__southbound_01,Europa / DER A1A26 (eobs 4004),40.229904,-3.6338787,40.231808,-3.636237,40.224327,-3.6405785221745104,0.9098120503567981,0.29134613,0,0.23676525,0.6985751,0.8399679,40.229904,-3.633878707885742,0.291338458085159
2023-10-04,Europa_DER_A1A26_eobs_4004__2023__southbound_01,Europa / DER A1A26 (eobs 4004),40.231808,-3.636237,40.22992,-3.6338613,40.225563,-3.649245387598925,1.3929805716884402,0.2911416,0,0.29376936,0.6985751,1.302198,40.231808,-3.6362369060516357,0.2911296209517516
2023-10-05,Europa_DER_A1A26_eobs_4004__2023__southbound_01,Europa / DER A1A26 (eobs 4004),40.22992,-3.6338613,40.229546,-3.634122,40.22326,-3.644316965115977,1.1125679369532497,0.047213316,0,0.32769203,0.6985751,1.1540583,40.22992,-3.6338613033294678,0.047089281402623626
2023-10-06,Europa_DER_A1A26_eobs_4004__2023__southbound_01,Europa / DER A1A26 (eobs 4004),40.229546,-3.634122,40.23019,-3.6345153,40.221207,-3.6458130233938912,1.3848648074152334,0.07918878,0,0.27588388,0.6985751,1.3558367,40.229546,-3.634121894836426,0.07908308345104302
2023-10-07,Europa_DER_A1A26_eobs_4004__2023__southbound_01,Europa / DER A1A26 (eobs 4004),40.23019,-3.6345153,40.23009,-3.6340768,40.225304,-3.6421413164035292,0.8672471042347366,0.038895417,0,0.17700271,0.6985751,0.84362006,40.23019,-3.6345152854919434,0.03882080588941516
2023-10-08,Europa_DER_A1A26_eobs_4004__2023__southbound_01,Europa / DER A1A26 (eobs 4004),40.23009,-3.6340768,40.23044,-3.6324368,40.22387,-3.639996853371543,0.9723516071681373,0.14459,0,0.20338477,0.6985751,0.8535519,40.23009,-3.6340768337249756,0.14448215365682238
2023-10-09,Europa_DER_A1A26_eobs_4004__2023__southbound_01,Europa / DER A1A26 (eobs 4004),40.23044,-3.6324368,40.230083,-3.634061,40.225853,-3.6378562520763325,0.5701693968292298,0.14342768,0,0.14822608,0.6985751,0.6854769,40.23044,-3.632436752319336,0.1434263348657356
2023-10-10,Europa_DER_A1A26_eobs_4004__2023__southbound_01,Europa / DER A1A26 (eobs 4004),40.230083,-3.634061,40.230698,-3.6332803,40.225975,-3.6417107242795157,0.887687772916006,0.09496779,0,0.19812685,0.6985751,0.7926328,40.230083,-3.634061098098755,0.09517154322230856
2023-10-11,Europa_DER_A1A26_eobs_4004__2023__southbound_01,Europa / DER A1A26 (eobs 4004),40.230698,-3.6332803,40.233276,-3.631,40.22499,-3.6408467753899214,1.2440197383224683,0.34600002,0,0.20450431,0.6985751,0.9014584,40.230698,-3.6332802772521973,0.34596334805354884
2023-10-12,Europa_DER_A1A26_eobs_4004__2023__southbound_01,Europa / DER A1A26 (eobs 4004),40.233276,-3.631,40.232605,-3.6311505,40.22861,-3.6382939001262313,0.7516509985707558,0.07584171,0,0.1953371,0.6985751,0.8062298,40.233276,-3.63100004196167,0.07573935460139085
2023-10-13,Europa_DER_A1A26_eobs_4004__2023__southbound_01,Europa / DER A1A26 (eobs 4004),40.232605,-3.6311505,40.235107,-3.6291127,40.22803,-3.6360333033700236,0.9819751152651018,0.32765594,0,0.14033295,0.6985751,0.6548843,40.232605,-3.631150484085083,0.32764429236059345
2023-10-14,Europa_DER_A1A26_eobs_4004__2023__southbound_01,Europa / DER A1A26 (eobs 4004),40.235107,-3.6291127,40.232174,-3.631437,40.230167,-3.636593625969243,0.4913284307912713,0.3810643,0,0.17670222,0.6985751,0.83819515,40.235107,-3.629112720489502,0.38122372701446305
2023-10-15,Europa_DER_A1A26_eobs_4004__2023__southbound_01,Europa / DER A1A26 (eobs 4004),40.232174,-3.631437,40.23221,-3.6316261,40.22748,-3.63631924581815,0.6594991266875683,0.016459355,0,0.09974795,0.6985751,0.6652976,40.232174,-3.631437063217163,0.01649758663387566
2023-10-16,Europa_DER_A1A26_eobs_4004__2023__southbound_01,Europa / DER A1A26 (eobs 4004),40.23221,-3.6316261,40.234295,-3.630145,40.227783,-3.6399789386153514,1.1050719004635339,0.26391906,0,0.1686646,0.6985751,0.8616697,40.23221,-3.6316261291503906,0.26389753807562377
2023-10-17,Europa_DER_A1A26_eobs_4004__2023__southbound_01,Europa / DER A1A26 (eobs 4004),40.234295,-3.630145,40.366688,-3.6455913,40.229706,-3.6351102807377433,15.257633658111772,14.779834,1,0.113838725,0.6985751,0.6607313,40.234295,-3.6301450729370117,14.779599489227081
2023-10-18,Europa_DER_A1A26_eobs_4004__2023__southbound_01,Europa / DER A1A26 (eobs 4004),40.366688,-3.6455913,40.23544,-3.629885,40.361637,-3.6563686704806453,14.21118215536803,14.654952,1,0.19653067,0.6985751,1.0701685,40.366688,-3.6455912590026855,14.654839348958934
2023-10-19,Europa_DER_A1A26_eobs_4004__2023__southbound_01,Europa / DER A1A26 (eobs 4004),40.23544,-3.629885,40.23701,-3.6436038,40.220245,-3.6489256666121546,1.918216525956386,1.1775441,0,0.46864077,0.6985751,2.3340135,40.23544,-3.629884958267212,1.1775637143554964
2023-10-20,Europa_DER_A1A26_eobs_4004__2023__southbound_01,Europa / DER A1A26 (eobs 4004),40.23701,-3.6436038,40.234486,-3.6300447,40.232273,-3.6535052744419567,2.0066723368488986,1.1847403,0,0.17512251,0.6985751,0.9902235,40.23701,-3.643603801727295,1.1847311083261827
2023-10-21,Europa_DER_A1A26_eobs_4004__2023__southbound_01,Europa / DER A1A26 (eobs 4004),40.234486,-3.6300447,40.232517,-3.6314876,40.225006,-3.6416194462632827,1.1989140973132848,0.25079837,0,0.2570841,0.6985751,1.4384682,40.234486,-3.63004469871521,0.25081659399382356
2023-10-22,Europa_DER_A1A26_eobs_4004__2023__southbound_01,Europa / DER A1A26 (eobs 4004),40.232517,-3.6314876,40.159996,-3.5694537,40.226505,-3.639878831778239,9.511869501022831,9.6327505,0,0.17178446,0.6985751,0.97508794,40.232517,-3.6314876079559326,9.63269998942431
2023-10-23,Europa_DER_A1A26_eobs_4004__2023__southbound_01,Europa / DER A1A26 (eobs 4004),40.159996,-3.5694537,40.159676,-3.5727563,40.1503,-3.5763142054611157,1.0855850129371636,0.2829262,0,0.2550557,0.6985751,1.2236389,40.159996,-3.569453716278076,0.282907626683493
2023-10-24,Europa_DER_A1A26_eobs_4004__2023__southbound_01,Europa / DER A1A26 (eobs 4004),40.159676,-3.5727563,40.159527,-3.563257,40.15457,-3.5820076139247568,1.6860808568061085,0.8074395,0,0.15836912,0.6985751,0.96786785,40.159676,-3.572756290435791,0.8074299503825503
2023-10-25,Europa_DER_A1A26_eobs_4004__2023__southbound_01,Europa / DER A1A26 (eobs 4004),40.159527,-3.563257,40.294266,-3.63184,40.152817,-3.573135236582716,16.499229351199542,16.07368,1,0.18395565,0.6985751,1.1210673,40.159527,-3.5632569789886475,16.07390930833659
2023-10-26,Europa_DER_A1A26_eobs_4004__2023__southbound_01,Europa / DER A1A26 (eobs 4004),40.294266,-3.63184,40.294125,-3.631803,40.28913,-3.644100710339585,1.1816158301267758,0.01579157,0,0.2134416,0.6985751,1.1841912,40.294266,-3.6318399906158447,0.016004392586080423
2023-10-27,Europa_DER_A1A26_eobs_4004__2023__southbound_01,Europa / DER A1A26 (eobs 4004),40.294125,-3.631803,40.29405,-3.6313908,40.286957,-3.64106525109776,1.138029519418826,0.036060162,0,0.1915198,0.6985751,1.117244,40.294125,-3.631803035736084,0.0359763922039117
2023-10-28,Europa_DER_A1A26_eobs_4004__2023__southbound_01,Europa / DER A1A26 (eobs 4004),40.29405,-3.6313908,40.294094,-3.6313875,40.285503,-3.6403259708509754,1.2195374188170998,0.0052447612,0,0.21591939,0.6985751,1.2131248,40.29405,-3.6313908100128174,0.005097972981183336
2023-10-29,Europa_DER_A1A26_eobs_4004__2023__southbound_01,Europa / DER A1A26 (eobs 4004),40.294094,-3.6313875,40.293938,-3.6303704,40.28912,-3.641553719238794,1.089359505746628,0.08797644,0,0.1611059,0.6985751,1.022613,40.294094,-3.63138747215271,0.08799787816301013
2023-10-30,Europa_DER_A1A26_eobs_4004__2023__southbound_01,Europa / DER A1A26 (eobs 4004),40.293938,-3.6303704,40.294025,-3.6306791,40.287033,-3.6391273108322872,1.0573404666712238,0.02798572,0,0.17168227,0.6985751,1.0663536,40.293938,-3.6303703784942627,0.027944390976647387
2023-10-31,Europa_DER_A1A26_eobs_4004__2023__southbound_01,Europa / DER A1A26 (eobs 4004),40.294025,-3.6306791,40.233955,-3.6288927,40.287365,-3.6407987994161357,6.024201314535326,6.68133,0,0.14422669,0.6985751,1.1315536,40.294025,-3.630679130554199,6.681212435616942
2023-11-01,Europa_DER_A1A26_eobs_4004__2023__southbound_01,Europa / DER A1A26 (eobs 4004),40.233955,-3.6288927,40.294243,-3.630768,40.22595,-3.6363529309628926,7.608787825123944,6.7054505,0,0.15546022,0.6985751,1.0905594,40.233955,-3.628892660140991,6.705559058582647
2023-11-02,Europa_DER_A1A26_eobs_4004__2023__southbound_01,Europa / DER A1A26 (eobs 4004),40.294243,-3.630768,40.294476,-3.630686,40.28915,-3.6391315971576246,0.9293776529189903,0.02674193,0,0.12466446,0.6985751,0.9060583,40.294243,-3.630768060684204,0.026793390201652945
2023-11-03,Europa_DER_A1A26_eobs_4004__2023__southbound_01,Europa / DER A1A26 (eobs 4004),40.294476,-3.630686,40.294044,-3.6306248,40.286934,-3.6435473173105843,1.3514713292434584,0.048162032,0,0.20672156,0.6985751,1.3735361,40.294476,-3.630686044692993,0.0482127303791936
2023-11-04,Europa_DER_A1A26_eobs_4004__2023__southbound_01,Europa / DER A1A26 (eobs 4004),40.294044,-3.6306248,40.294518,-3.6306653,40.288315,-3.6381243021388414,0.9359130711099689,0.052774444,0,0.11150981,0.6985751,0.8986546,40.294044,-3.630624771118164,0.05270998106952697
2023-11-05,Europa_DER_A1A26_eobs_4004__2023__southbound_01,Europa / DER A1A26 (eobs 4004),40.294518,-3.6306653,40.29401,-3.6303928,40.289024,-3.6397735448768676,0.9697374856835038,0.06105275,0,0.13125259,0.6985751,0.98317045,40.294518,-3.6306653022766113,0.060966166262309905
2023-11-06,Europa_DER_A1A26_eobs_4004__2023__southbound_01,Europa / DER A1A26 (eobs 4004),40.29401,-3.6303928,40.294495,-3.630813,40.286205,-3.6400235858671617,1.2082652689947346,0.064784974,0,0.1546493,0.6985751,1.1896242,40.29401,-3.6303927898406982,0.06458667072491003
2023-11-07,Europa_DER_A1A26_eobs_4004__2023__southbound_01,Europa / DER A1A26 (eobs 4004),40.294495,-3.630813,40.294518,-3.6308484,40.287235,-3.6413397258521614,1.2031230489498734,0.003922406,0,0.15461704,0.6985751,1.2016016,40.294495,-3.630812883377075,0.0039439561187256155
2023-11-08,Europa_DER_A1A26_eobs_4004__2023__southbound_01,Europa / DER A1A26 (eobs 4004),40.294518,-3.6308484,40.29398,-3.63043,40.28767,-3.6406464566431587,1.1149392925503254,0.069742784,0,0.13792703,0.6985751,1.1252117,40.294518,-3.6308484077453613,0.06954459156571913
2023-11-09,Europa_DER_A1A26_eobs_4004__2023__southbound_01,Europa / DER A1A26 (eobs 4004),40.29398,-3.63043,40.230637,-3.632524,40.286858,-3.637395657031348,6.265152753918902,7.045593,0,0.12549052,0.6985751,0.98615795,40.29398,-3.630429983139038,7.045676145910181
2023-11-10,Europa_DER_A1A26_eobs_4004__2023__southbound_01,Europa / DER A1A26 (eobs 4004),40.230637,-3.632524,40.29462,-3.6304753,40.222775,-3.6405599558296977,8.034624949725734,7.1168957,0,0.14881784,0.6985751,1.106974,40.230637,-3.632524013519287,7.116820256588532
2023-11-11,Europa_DER_A1A26_eobs_4004__2023__southbound_01,Europa / DER A1A26 (eobs 4004),40.29462,-3.6304753,40.15533,-3.5734997,40.288723,-3.638627366820482,15.829741740693935,16.226252,1,0.12517771,0.6985751,0.95115364,40.29462,-3.6304752826690674,16.226124426463898
2023-11-12,Europa_DER_A1A26_eobs_4004__2023__southbound_01,Europa / DER A1A26 (eobs 4004),40.15533,-3.5734997,40.230537,-3.632368,40.140774,-3.5814479263873973,10.878258504612418,9.743647,0,0.2952618,0.6985751,1.7506793,40.15533,-3.5734996795654297,9.743499629222711
2023-12-15,Europa_DER_A1A26_eobs_4004__2023__southbound_01,Europa / DER A1A26 (eobs 4004),40.22998,-3.6337447,40.23053,-3.63244,40.214226,-3.630890405031739,1.817694477880388,0.12635154,0,0.24106814,0.6985751,1.765419,40.22998,-3.633744716644287,0.1264797847102762
2023-12-16,Europa_DER_A1A26_eobs_4004__2023__southbound_01,Europa / DER A1A26 (eobs 4004),40.23053,-3.63244,40.157112,-3.568959,40.219425,-3.6302662887015456,8.66778100011026,9.783495,0,0.1567749,0.6985751,1.2464786,40.23053,-3.6324400901794434,9.783607494223432
2023-12-17,Europa_DER_A1A26_eobs_4004__2023__southbound_01,Europa / DER A1A26 (eobs 4004),40.157112,-3.568959,40.229748,-3.6318438,40.144753,-3.564184199634257,11.061439643402814,9.683029,0,0.19143835,0.6985751,1.4304352,40.157112,-3.5689589977264404,9.683155090588805
2023-12-18,Europa_DER_A1A26_eobs_4004__2023__southbound_01,Europa / DER A1A26 (eobs 4004),40.229748,-3.6318438,40.154285,-3.5698018,40.219994,-3.630680702313182,8.951407103303785,9.908332,0,0.12419092,0.6985751,1.0873858,40.229748,-3.6318438053131104,9.908636794558547
