target_date,bird_id,true_label,probability,selected_threshold,predicted_label,target_step_km
2019-10-29,Mirabell + / DER AN910 (eobs 3907),0,0.85341686,0.5,1,1.4094026
2019-10-29,Sara + / DER AU017 (eobs 3941),0,0.33779392,0.5,0,2.0813165
2019-10-29,Sierit  / DER AN858 (eobs2561),0,0.07239707,0.5,0,0.2967135
2019-10-29,Zozu + / DER AL581 (eobs2541),0,0.051415373,0.5,0,0.044130895
2019-10-30,Angela / DER AY470 (eobs 4001),0,0.25243002,0.5,0,0.03239612
2019-10-30,Europa / DER A1A26 (eobs 4004),0,0.052107096,0.5,0,4.166494
2019-10-30,Louis / DER AU050 (eobs 3264),0,0.07165654,0.5,0,0.98394793
2019-10-30,Mirabell + / DER AN910 (eobs 3907),1,0.81014496,0.5,1,50.21422
2019-10-30,Sara + / DER AU017 (eobs 3941),0,0.086507566,0.5,0,2.3993995
2019-10-30,Sierit  / DER AN858 (eobs2561),0,0.08684893,0.5,0,7.7517085
2019-10-30,Zozu + / DER AL581 (eobs2541),0,0.0619158,0.5,0,0.02265962
2019-10-31,Angela / DER AY470 (eobs 4001),0,0.27372605,0.5,0,0.015940262
2019-10-31,Europa / DER A1A26 (eobs 4004),0,0.253954,0.5,0,5.0793185
2019-10-31,Louis / DER AU050 (eobs 3264),0,0.06610478,0.5,0,0.047612794
2019-10-31,Mirabell + / DER AN910 (eobs 3907),0,0.86810285,0.5,1,1.5364258
2019-10-31,Sara + / DER AU017 (eobs 3941),0,0.21367458,0.5,0,4.176245
2019-10-31,Sierit  / DER AN858 (eobs2561),0,0.11260868,0.5,0,0.11070904
2019-10-31,Zozu + / DER AL581 (eobs2541),0,0.069403335,0.5,0,0.00549471
2019-11-01,Angela / DER AY470 (eobs 4001),0,0.1891804,0.5,0,0.027114842
2019-11-01,Europa / DER A1A26 (eobs 4004),0,0.25716764,0.5,0,5.0808387
2019-11-01,Louis / DER AU050 (eobs 3264),0,0.066299506,0.5,0,1.4231626
2019-11-01,Mirabell + / DER AN910 (eobs 3907),0,0.6280231,0.5,1,1.4542207
2019-11-01,Sara + / DER AU017 (eobs 3941),0,0.13125432,0.5,0,1.9020152
2019-11-01,Sierit  / DER AN858 (eobs2561),0,0.06543684,0.5,0,7.9294376
2019-11-01,Zozu + / DER AL581 (eobs2541),0,0.08256295,0.5,0,0.020817084
2019-11-02,Angela / DER AY470 (eobs 4001),0,0.21675201,0.5,0,0.013295717
2019-11-02,Europa / DER A1A26 (eobs 4004),0,0.084032536,0.5,0,0.17686382
2019-11-02,Louis / DER AU050 (eobs 3264),0,0.05838145,0.5,0,0.4501838
2019-11-02,Mirabell + / DER AN910 (eobs 3907),0,0.5094312,0.5,1,2.9451747
2019-11-02,Sara + / DER AU017 (eobs 3941),0,0.0433428,0.5,0,0.1353976
2019-11-02,Sierit  / DER AN858 (eobs2561),0,0.07185416,0.5,0,2.1268423
2019-11-02,Zozu + / DER AL581 (eobs2541),0,0.08005965,0.5,0,0.022258906
2019-11-03,Angela / DER AY470 (eobs 4001),0,0.29832637,0.5,0,0.008610472
2019-11-03,Europa / DER A1A26 (eobs 4004),0,0.12749742,0.5,0,5.4158177
2019-11-03,Louis / DER AU050 (eobs 3264),0,0.059375226,0.5,0,0.06216967
2019-11-03,Mirabell + / DER AN910 (eobs 3907),0,0.28019786,0.5,0,2.3854473
2019-11-03,Sara + / DER AU017 (eobs 3941),0,0.10627026,0.5,0,0.005560708
2019-11-03,Sierit  / DER AN858 (eobs2561),0,0.058096934,0.5,0,5.9015126
2019-11-03,Zozu + / DER AL581 (eobs2541),0,0.06856626,0.5,0,0.0031877782
2019-11-04,Angela / DER AY470 (eobs 4001),0,0.6151836,0.5,1,0.02447394
2019-11-04,Europa / DER A1A26 (eobs 4004),0,0.12363134,0.5,0,6.4083366
2019-11-04,Louis / DER AU050 (eobs 3264),0,0.062575616,0.5,0,1.5560267
2019-11-04,Mirabell + / DER AN910 (eobs 3907),0,0.051059213,0.5,0,1.7096038
2019-11-04,Sara + / DER AU017 (eobs 3941),0,0.042587534,0.5,0,0.010194598
2019-11-04,Sierit  / DER AN858 (eobs2561),0,0.087763906,0.5,0,7.70019
2019-11-04,Zozu + / DER AL581 (eobs2541),0,0.05842068,0.5,0,0.0069865226
2019-11-05,Angela / DER AY470 (eobs 4001),0,0.65026397,0.5,1,0.027828755
2019-11-05,Europa / DER A1A26 (eobs 4004),0,0.37024137,0.5,0,0.054744285
2019-11-05,Louis / DER AU050 (eobs 3264),0,0.057593483,0.5,0,1.1177258
2019-11-05,Mirabell + / DER AN910 (eobs 3907),0,0.1721675,0.5,0,1.8255718
2019-11-05,Sara + / DER AU017 (eobs 3941),0,0.07419304,0.5,0,2.4397902
2019-11-05,Sierit  / DER AN858 (eobs2561),0,0.05344449,0.5,0,0.23569208
2019-11-05,Zozu + / DER AL581 (eobs2541),0,0.124576636,0.5,0,3.6802006
2019-11-06,Angela / DER AY470 (eobs 4001),0,0.68366325,0.5,1,0.0040704077
2019-11-06,Europa / DER A1A26 (eobs 4004),0,0.14145698,0.5,0,0.08465342
2019-11-06,Louis / DER AU050 (eobs 3264),0,0.05461727,0.5,0,4.1125507
2019-11-06,Mirabell + / DER AN910 (eobs 3907),0,0.057536732,0.5,0,1.3162571
2019-11-06,Sara + / DER AU017 (eobs 3941),0,0.07973452,0.5,0,3.7075827
2019-11-06,Sierit  / DER AN858 (eobs2561),0,0.06504381,0.5,0,0.36823958
2019-11-06,Zozu + / DER AL581 (eobs2541),0,0.09814223,0.5,0,2.0610116
2019-11-07,Angela / DER AY470 (eobs 4001),0,0.79842347,0.5,1,0.010640212
2019-11-07,Europa / DER A1A26 (eobs 4004),0,0.13816655,0.5,0,0.1336772
2019-11-07,Louis / DER AU050 (eobs 3264),0,0.06947165,0.5,0,0.105218925
2019-11-07,Mirabell + / DER AN910 (eobs 3907),0,0.3456206,0.5,0,24.72208
2019-11-07,Sara + / DER AU017 (eobs 3941),0,0.074108556,0.5,0,0.50518817
2019-11-07,Sierit  / DER AN858 (eobs2561),0,0.051098365,0.5,0,0.027737552
2019-11-07,Zozu + / DER AL581 (eobs2541),0,0.04930106,0.5,0,0.02868119
2019-11-08,Angela / DER AY470 (eobs 4001),0,0.38577846,0.5,0,0.018063597
2019-11-08,Europa / DER A1A26 (eobs 4004),0,0.037146643,0.5,0,0.6585893
2019-11-08,Louis / DER AU050 (eobs 3264),0,0.05559289,0.5,0,0.5688024
2019-11-08,Mirabell + / DER AN910 (eobs 3907),0,0.9145685,0.5,1,4.524505
2019-11-08,Sara + / DER AU017 (eobs 3941),0,0.0962339,0.5,0,0.09372765
2019-11-08,Sierit  / DER AN858 (eobs2561),0,0.06661465,0.5,0,0.059674926
2019-11-08,Zozu + / DER AL581 (eobs2541),0,0.082881644,0.5,0,3.0746284
2019-11-09,Angela / DER AY470 (eobs 4001),0,0.53121185,0.5,1,0.5061008
2019-11-09,Europa / DER A1A26 (eobs 4004),0,0.102845885,0.5,0,0.6153253
2019-11-09,Louis / DER AU050 (eobs 3264),0,0.055987027,0.5,0,0.6122411
2019-11-09,Mirabell + / DER AN910 (eobs 3907),0,0.82639873,0.5,1,20.91366
2019-11-09,Sara + / DER AU017 (eobs 3941),0,0.052237872,0.5,0,0.013276666
2019-11-09,Sierit  / DER AN858 (eobs2561),0,0.051047083,0.5,0,0.06672798
2019-11-09,Zozu + / DER AL581 (eobs2541),0,0.06951201,0.5,0,4.706623
2019-11-10,Angela / DER AY470 (eobs 4001),0,0.6673492,0.5,1,0.31925437
2019-11-10,Europa / DER A1A26 (eobs 4004),0,0.045677416,0.5,0,4.5518446
2019-11-10,Louis / DER AU050 (eobs 3264),0,0.05139412,0.5,0,0.0063628047
2019-11-10,Mirabell + / DER AN910 (eobs 3907),0,0.87669104,0.5,1,0.0024594099
2019-11-10,Sara + / DER AU017 (eobs 3941),0,0.07278592,0.5,0,0.0040011727
2019-11-10,Sierit  / DER AN858 (eobs2561),0,0.04788455,0.5,0,5.6040635
2019-11-10,Zozu + / DER AL581 (eobs2541),0,0.055773877,0.5,0,8.09023
2019-11-11,Angela / DER AY470 (eobs 4001),0,0.4107376,0.5,0,0.33657038
2019-11-11,Europa / DER A1A26 (eobs 4004),0,0.0655313,0.5,0,1.7698361
2019-11-11,Louis / DER AU050 (eobs 3264),0,0.053333756,0.5,0,0.004805491
2019-11-11,Mirabell + / DER AN910 (eobs 3907),0,0.34802702,0.5,0,0.08875402
2019-11-11,Sara + / DER AU017 (eobs 3941),0,0.10587234,0.5,0,0.050646394
2019-11-11,Sierit  / DER AN858 (eobs2561),0,0.07502066,0.5,0,5.8623376
2019-11-11,Zozu + / DER AL581 (eobs2541),0,0.04002379,0.5,0,0.09364996
2019-11-12,Angela / DER AY470 (eobs 4001),0,0.53977084,0.5,1,0.11512898
2019-11-12,Europa / DER A1A26 (eobs 4004),0,0.07341944,0.5,0,6.229133
2019-11-12,Louis / DER AU050 (eobs 3264),0,0.050974652,0.5,0,3.6350644
2019-11-12,Mirabell + / DER AN910 (eobs 3907),0,0.31110832,0.5,0,0.09813746
2019-11-12,Sara + / DER AU017 (eobs 3941),0,0.04741118,0.5,0,0.029187951
2019-11-12,Sierit  / DER AN858 (eobs2561),0,0.054624144,0.5,0,0.34506217
2019-11-12,Zozu + / DER AL581 (eobs2541),0,0.11668796,0.5,0,6.4709167
2019-11-13,Angela / DER AY470 (eobs 4001),0,0.24670048,0.5,0,0.49467632
2019-11-13,Europa / DER A1A26 (eobs 4004),0,0.120019086,0.5,0,7.786413
2019-11-13,Louis / DER AU050 (eobs 3264),0,0.05447034,0.5,0,3.6352274
2019-11-13,Mirabell + / DER AN910 (eobs 3907),0,0.055937555,0.5,0,1.0751693
2019-11-13,Sara + / DER AU017 (eobs 3941),0,0.07607163,0.5,0,0.017926939
2019-11-13,Sierit  / DER AN858 (eobs2561),0,0.058467172,0.5,0,0.32522118
2019-11-13,Zozu + / DER AL581 (eobs2541),0,0.14250727,0.5,0,0.013543652
2019-11-14,Angela / DER AY470 (eobs 4001),0,0.20949946,0.5,0,0.0646586
2019-11-14,Europa / DER A1A26 (eobs 4004),0,0.4178978,0.5,0,5.262263
2019-11-14,Louis / DER AU050 (eobs 3264),0,0.053012718,0.5,0,0.3387918
2019-11-14,Mirabell + / DER AN910 (eobs 3907),0,0.27089238,0.5,0,1.0861148
2019-11-14,Sara + / DER AU017 (eobs 3941),0,0.04600874,0.5,0,4.1394877
2019-11-14,Sierit  / DER AN858 (eobs2561),0,0.04831265,0.5,0,0.028489904
2019-11-14,Zozu + / DER AL581 (eobs2541),0,0.08051029,0.5,0,0.0906081
2019-11-15,Angela / DER AY470 (eobs 4001),0,0.17398603,0.5,0,0.04266649
2019-11-15,Europa / DER A1A26 (eobs 4004),0,0.12506902,0.5,0,5.5853415
2019-11-15,Louis / DER AU050 (eobs 3264),0,0.05911027,0.5,0,0.33888805
2019-11-15,Mirabell + / DER AN910 (eobs 3907),0,0.068245284,0.5,0,1.2649938
2019-11-15,Sara + / DER AU017 (eobs 3941),0,0.09751429,0.5,0,4.1340904
2019-11-15,Sierit  / DER AN858 (eobs2561),0,0.050262965,0.5,0,14.677325
2019-11-15,Zozu + / DER AL581 (eobs2541),0,0.10434431,0.5,0,0.0909918
2019-11-16,Angela / DER AY470 (eobs 4001),0,0.1628444,0.5,0,0.0075803446
2019-11-16,Louis / DER AU050 (eobs 3264),0,0.05328094,0.5,0,0.009168202
2019-11-16,Mirabell + / DER AN910 (eobs 3907),0,0.21056299,0.5,0,1.6959139
2019-11-16,Sara + / DER AU017 (eobs 3941),0,0.056777474,0.5,0,0.026901858
2019-11-16,Sierit  / DER AN858 (eobs2561),0,0.24557552,0.5,0,9.31083
2019-11-16,Zozu + / DER AL581 (eobs2541),0,0.03515049,0.5,0,0.002444287
2019-11-17,Angela / DER AY470 (eobs 4001),0,0.1642783,0.5,0,3.4387429
2019-11-17,Louis / DER AU050 (eobs 3264),0,0.052558895,0.5,0,0.36717263
2019-11-17,Mirabell + / DER AN910 (eobs 3907),0,0.10982716,0.5,0,1.5926824
2019-11-17,Sara + / DER AU017 (eobs 3941),0,0.09522623,0.5,0,0.024206312
2019-11-17,Sierit  / DER AN858 (eobs2561),0,0.09787978,0.5,0,0.051827416
2019-11-17,Zozu + / DER AL581 (eobs2541),0,0.06007741,0.5,0,5.8428946
2019-11-18,Angela / DER AY470 (eobs 4001),0,0.18124193,0.5,0,0.25847366
2019-11-18,Louis / DER AU050 (eobs 3264),0,0.052140646,0.5,0,0.18598334
2019-11-18,Mirabell + / DER AN910 (eobs 3907),0,0.04495211,0.5,0,0.94266945
2019-11-18,Sara + / DER AU017 (eobs 3941),0,0.09717922,0.5,0,0.028180595
2019-11-18,Sierit  / DER AN858 (eobs2561),0,0.13008828,0.5,0,8.14405
2019-11-18,Zozu + / DER AL581 (eobs2541),0,0.07818326,0.5,0,5.844592
2019-11-19,Angela / DER AY470 (eobs 4001),0,0.2713924,0.5,0,0.35126427
2019-11-19,Louis / DER AU050 (eobs 3264),0,0.048258748,0.5,0,0.17203976
2019-11-19,Mirabell + / DER AN910 (eobs 3907),0,0.042980514,0.5,0,1.039324
2019-11-19,Sara + / DER AU017 (eobs 3941),0,0.04409145,0.5,0,0.14518423
2019-11-19,Sierit  / DER AN858 (eobs2561),0,0.11327118,0.5,0,6.830725
2019-11-19,Zozu + / DER AL581 (eobs2541),0,0.05801263,0.5,0,1.9778725
2019-11-20,Angela / DER AY470 (eobs 4001),0,0.17776543,0.5,0,0.19890858
2019-11-20,Louis / DER AU050 (eobs 3264),0,0.05264042,0.5,0,0.0093310345
2019-11-20,Mirabell + / DER AN910 (eobs 3907),1,0.13163193,0.5,0,118.851395
2019-11-20,Sara + / DER AU017 (eobs 3941),0,0.05339909,0.5,0,0.018661367
2019-11-20,Sierit  / DER AN858 (eobs2561),0,0.070248336,0.5,0,0.002957061
2019-11-20,Zozu + / DER AL581 (eobs2541),0,0.038410343,0.5,0,1.9886934
2019-11-21,Angela / DER AY470 (eobs 4001),0,0.16800836,0.5,0,1.826903
2019-11-21,Louis / DER AU050 (eobs 3264),0,0.05184064,0.5,0,0.013549338
2019-11-21,Mirabell + / DER AN910 (eobs 3907),1,0.5832632,0.5,1,46.942413
2019-11-21,Sara + / DER AU017 (eobs 3941),0,0.101919904,0.5,0,0.021817602
2019-11-21,Sierit  / DER AN858 (eobs2561),0,0.074629374,0.5,0,7.9495797
2019-11-21,Zozu + / DER AL581 (eobs2541),0,0.04970847,0.5,0,1.6364815
2019-11-22,Angela / DER AY470 (eobs 4001),0,0.14214063,0.5,0,1.4731357
2019-11-22,Louis / DER AU050 (eobs 3264),0,0.050091654,0.5,0,0.024743773
2019-11-22,Mirabell + / DER AN910 (eobs 3907),0,0.6327451,0.5,1,6.4989223
2019-11-22,Sara + / DER AU017 (eobs 3941),0,0.11254112,0.5,0,0.010732398
2019-11-22,Sierit  / DER AN858 (eobs2561),0,0.055817258,0.5,0,13.665651
2019-11-22,Zozu + / DER AL581 (eobs2541),0,0.06405828,0.5,0,1.637768
2019-11-23,Angela / DER AY470 (eobs 4001),0,0.14549416,0.5,0,3.442102
2019-11-23,Louis / DER AU050 (eobs 3264),0,0.045796584,0.5,0,0.029179333
2019-11-23,Mirabell + / DER AN910 (eobs 3907),0,0.5327206,0.5,1,0.17331757
2019-11-23,Sara + / DER AU017 (eobs 3941),0,0.04133887,0.5,0,0.22664332
2019-11-23,Sierit  / DER AN858 (eobs2561),0,0.13856877,0.5,0,8.058794
2019-11-23,Zozu + / DER AL581 (eobs2541),0,0.040224154,0.5,0,0.0133839855
2019-11-24,Angela / DER AY470 (eobs 4001),0,0.15010668,0.5,0,3.526672
2019-11-24,Louis / DER AU050 (eobs 3264),0,0.04273019,0.5,0,1.1340188
2019-11-24,Mirabell + / DER AN910 (eobs 3907),0,0.2519709,0.5,0,11.1773205
2019-11-24,Sara + / DER AU017 (eobs 3941),0,0.10416629,0.5,0,0.13726018
2019-11-24,Sierit  / DER AN858 (eobs2561),0,0.07229704,0.5,0,1.0866092
2019-11-24,Zozu + / DER AL581 (eobs2541),0,0.07863098,0.5,0,0.015461633
2019-11-25,Angela / DER AY470 (eobs 4001),0,0.14255343,0.5,0,0.18294378
2019-11-25,Louis / DER AU050 (eobs 3264),0,0.047662552,0.5,0,0.7179475
2019-11-25,Mirabell + / DER AN910 (eobs 3907),0,0.77512866,0.5,1,24.700953
2019-11-25,Sara + / DER AU017 (eobs 3941),0,0.075147934,0.5,0,0.5303379
2019-11-25,Sierit  / DER AN858 (eobs2561),0,0.08775333,0.5,0,2.3543816
2019-11-25,Zozu + / DER AL581 (eobs2541),0,0.08846889,0.5,0,0.8105639
2019-11-26,Angela / DER AY470 (eobs 4001),0,0.1526834,0.5,0,0.2330669
2019-11-26,Louis / DER AU050 (eobs 3264),0,0.044814948,0.5,0,0.6411105
2019-11-26,Mirabell + / DER AN910 (eobs 3907),1,0.6289605,0.5,1,62.433643
2019-11-26,Sara + / DER AU017 (eobs 3941),0,0.07958469,0.5,0,0.56309223
2019-11-26,Sierit  / DER AN858 (eobs2561),0,0.05961643,0.5,0,6.8260856
2019-11-26,Zozu + / DER AL581 (eobs2541),0,0.08136045,0.5,0,0.80803776
2019-11-27,Angela / DER AY470 (eobs 4001),0,0.15756129,0.5,0,1.2668691
2019-11-27,Louis / DER AU050 (eobs 3264),0,0.04715246,0.5,0,0.0011132708
2019-11-27,Mirabell + / DER AN910 (eobs 3907),0,0.19973484,0.5,0,12.546112
2019-11-27,Sara + / DER AU017 (eobs 3941),0,0.08119328,0.5,0,2.0030031
2019-11-27,Sierit  / DER AN858 (eobs2561),0,0.17324181,0.5,0,13.393824
2019-11-27,Zozu + / DER AL581 (eobs2541),0,0.041050147,0.5,0,1.6158541
2019-11-28,Angela / DER AY470 (eobs 4001),0,0.19366525,0.5,0,0.92112017
2019-11-28,Louis / DER AU050 (eobs 3264),0,0.046183936,0.5,0,0.7909731
2019-11-28,Mirabell + / DER AN910 (eobs 3907),0,0.20513909,0.5,0,0.39062682
2019-11-28,Sara + / DER AU017 (eobs 3941),0,0.058160763,0.5,0,0.9784613
2019-11-28,Sierit  / DER AN858 (eobs2561),0,0.07361536,0.5,0,6.499193
2019-11-28,Zozu + / DER AL581 (eobs2541),0,0.0491268,0.5,0,0.012244043
2019-11-29,Angela / DER AY470 (eobs 4001),0,0.13686882,0.5,0,0.18983671
2019-11-29,Louis / DER AU050 (eobs 3264),0,0.04514643,0.5,0,0.002815296
2019-11-29,Mirabell + / DER AN910 (eobs 3907),0,0.20379928,0.5,0,1.7596956
2019-11-29,Sara + / DER AU017 (eobs 3941),0,0.05937805,0.5,0,0.70214254
2019-11-29,Sierit  / DER AN858 (eobs2561),0,0.08897157,0.5,0,1.4549618
2019-11-29,Zozu + / DER AL581 (eobs2541),0,0.04006322,0.5,0,2.001316
2019-11-30,Angela / DER AY470 (eobs 4001),0,0.14127237,0.5,0,0.16875415
2019-11-30,Louis / DER AU050 (eobs 3264),0,0.050065387,0.5,0,0.0028073965
2019-11-30,Mirabell + / DER AN910 (eobs 3907),0,0.6310094,0.5,1,9.566613
2019-11-30,Sara + / DER AU017 (eobs 3941),0,0.059497826,0.5,0,2.4702475
2019-11-30,Sierit  / DER AN858 (eobs2561),0,0.06616541,0.5,0,8.340731
2019-11-30,Zozu + / DER AL581 (eobs2541),0,0.046633016,0.5,0,2.0372267
2019-12-01,Angela / DER AY470 (eobs 4001),0,0.18944539,0.5,0,3.6939094
2019-12-01,Louis / DER AU050 (eobs 3264),0,0.047541577,0.5,0,0.4057726
2019-12-01,Mirabell + / DER AN910 (eobs 3907),0,0.37837115,0.5,0,9.109502
2019-12-01,Sara + / DER AU017 (eobs 3941),0,0.053758495,0.5,0,0.49458098
2019-12-01,Sierit  / DER AN858 (eobs2561),0,0.14608571,0.5,0,6.8517475
2019-12-01,Zozu + / DER AL581 (eobs2541),0,0.049420677,0.5,0,0.006450524
2019-12-02,Angela / DER AY470 (eobs 4001),0,0.16092697,0.5,0,0.023334812
2019-12-02,Louis / DER AU050 (eobs 3264),0,0.04256718,0.5,0,0.041186526
2019-12-02,Mirabell + / DER AN910 (eobs 3907),0,0.19979806,0.5,0,0.025870973
2019-12-02,Sara + / DER AU017 (eobs 3941),0,0.051189765,0.5,0,0.48682842
2019-12-02,Sierit  / DER AN858 (eobs2561),0,0.072120346,0.5,0,0.0092934035
2019-12-02,Zozu + / DER AL581 (eobs2541),0,0.06395815,0.5,0,0.0033939069
2019-12-03,Angela / DER AY470 (eobs 4001),0,0.14761896,0.5,0,3.5917184
2019-12-03,Louis / DER AU050 (eobs 3264),0,0.042143937,0.5,0,0.4160065
2019-12-03,Mirabell + / DER AN910 (eobs 3907),0,0.52966166,0.5,1,2.377071
2019-12-03,Sara + / DER AU017 (eobs 3941),0,0.047290232,0.5,0,0.007910816
2019-12-03,Sierit  / DER AN858 (eobs2561),0,0.06999624,0.5,0,1.1055884
2019-12-03,Zozu + / DER AL581 (eobs2541),0,0.044169266,0.5,0,0.08340692
2019-12-04,Angela / DER AY470 (eobs 4001),0,0.14451063,0.5,0,0.13247351
2019-12-04,Louis / DER AU050 (eobs 3264),0,0.041620877,0.5,0,3.5728054
2019-12-04,Mirabell + / DER AN910 (eobs 3907),0,0.43005005,0.5,0,0.4207554
2019-12-04,Sara + / DER AU017 (eobs 3941),0,0.073275775,0.5,0,0.0037080892
2019-12-04,Sierit  / DER AN858 (eobs2561),0,0.069900535,0.5,0,1.1778661
2019-12-04,Zozu + / DER AL581 (eobs2541),0,0.047935553,0.5,0,0.033783834
2019-12-05,Angela / DER AY470 (eobs 4001),0,0.13982499,0.5,0,0.008998623
2019-12-05,Mirabell + / DER AN910 (eobs 3907),0,0.27248013,0.5,0,7.380247
2019-12-05,Sara + / DER AU017 (eobs 3941),0,0.05839857,0.5,0,0.008285652
2019-12-05,Sierit  / DER AN858 (eobs2561),0,0.081013784,0.5,0,2.305037
2019-12-05,Zozu + / DER AL581 (eobs2541),0,0.069023006,0.5,0,0.029195528
2019-12-06,Angela / DER AY470 (eobs 4001),0,0.14662045,0.5,0,0.09988166
2019-12-06,Mirabell + / DER AN910 (eobs 3907),0,0.3828287,0.5,0,0.058136657
2019-12-06,Sara + / DER AU017 (eobs 3941),0,0.0448381,0.5,0,0.6383796
2019-12-06,Sierit  / DER AN858 (eobs2561),0,0.05210655,0.5,0,0.003750643
2019-12-06,Zozu + / DER AL581 (eobs2541),1,0.046977136,0.5,0,49.354767
2019-12-07,Angela / DER AY470 (eobs 4001),0,0.13723099,0.5,0,0.10618658
2019-12-07,Mirabell + / DER AN910 (eobs 3907),0,0.22497068,0.5,0,7.50438
2019-12-07,Sara + / DER AU017 (eobs 3941),0,0.074545965,0.5,0,0.6069777
2019-12-07,Sierit  / DER AN858 (eobs2561),0,0.083197854,0.5,0,0.05264461
2019-12-07,Zozu + / DER AL581 (eobs2541),0,0.9146759,0.5,1,0.35621473
2019-12-08,Angela / DER AY470 (eobs 4001),0,0.13127206,0.5,0,0.009002644
2019-12-08,Mirabell + / DER AN910 (eobs 3907),0,0.35568747,0.5,0,2.8760283
2019-12-08,Sara + / DER AU017 (eobs 3941),0,0.036778808,0.5,0,0.032200392
2019-12-08,Sierit  / DER AN858 (eobs2561),0,0.04648127,0.5,0,0.00341693
2019-12-08,Zozu + / DER AL581 (eobs2541),0,0.6310902,0.5,1,1.4748272
2019-12-09,Mirabell + / DER AN910 (eobs 3907),0,0.47541326,0.5,0,8.180235
2019-12-09,Sara + / DER AU017 (eobs 3941),0,0.04713286,0.5,0,7.754417
2019-12-09,Sierit  / DER AN858 (eobs2561),0,0.059488833,0.5,0,2.5018983
2019-12-09,Zozu + / DER AL581 (eobs2541),1,0.2736573,0.5,0,48.202354
2019-12-10,Mirabell + / DER AN910 (eobs 3907),0,0.15631112,0.5,0,12.3262205
2019-12-10,Sara + / DER AU017 (eobs 3941),0,0.0535758,0.5,0,0.17606051
2019-12-10,Sierit  / DER AN858 (eobs2561),0,0.059748124,0.5,0,0.039485052
2019-12-10,Zozu + / DER AL581 (eobs2541),0,0.50174665,0.5,1,0.17847928
2019-12-11,Mirabell + / DER AN910 (eobs 3907),0,0.5380691,0.5,1,0.05927635
2019-12-11,Sara + / DER AU017 (eobs 3941),0,0.045775834,0.5,0,7.538261
2019-12-11,Sierit  / DER AN858 (eobs2561),0,0.06431561,0.5,0,0.0038378693
2019-12-11,Zozu + / DER AL581 (eobs2541),0,0.15882795,0.5,0,8.031143
2019-12-12,Mirabell + / DER AN910 (eobs 3907),0,0.2615726,0.5,0,12.659581
2019-12-12,Sara + / DER AU017 (eobs 3941),0,0.0834364,0.5,0,8.325936
2019-12-12,Sierit  / DER AN858 (eobs2561),0,0.046383142,0.5,0,0.2827151
2019-12-12,Zozu + / DER AL581 (eobs2541),0,0.38872695,0.5,0,0.023288382
2019-12-13,Mirabell + / DER AN910 (eobs 3907),0,0.3940748,0.5,0,1.8061308
2019-12-13,Sara + / DER AU017 (eobs 3941),0,0.036836773,0.5,0,0.6212993
2019-12-13,Sierit  / DER AN858 (eobs2561),0,0.048856426,0.5,0,0.2674856
2019-12-13,Zozu + / DER AL581 (eobs2541),0,0.19469409,0.5,0,0.16845141
2019-12-14,Mirabell + / DER AN910 (eobs 3907),0,0.26162907,0.5,0,8.758194
2019-12-14,Sara + / DER AU017 (eobs 3941),0,0.046024814,0.5,0,0.011975269
2019-12-14,Sierit  / DER AN858 (eobs2561),0,0.04112631,0.5,0,3.122537
2019-12-14,Zozu + / DER AL581 (eobs2541),0,0.15535654,0.5,0,6.2229757
2019-12-15,Mirabell + / DER AN910 (eobs 3907),0,0.2669311,0.5,0,4.473478
2019-12-15,Sara + / DER AU017 (eobs 3941),0,0.051985305,0.5,0,0.015423816
2019-12-15,Sierit  / DER AN858 (eobs2561),0,0.043334853,0.5,0,4.003162
2019-12-15,Zozu + / DER AL581 (eobs2541),0,0.14525591,0.5,0,1.6152493
2019-12-16,Mirabell + / DER AN910 (eobs 3907),0,0.10023224,0.5,0,4.3963313
2019-12-16,Sara + / DER AU017 (eobs 3941),0,0.046195574,0.5,0,0.008352211
2019-12-16,Sierit  / DER AN858 (eobs2561),0,0.05010159,0.5,0,1.147046
2019-12-16,Zozu + / DER AL581 (eobs2541),0,0.1062757,0.5,0,7.985445
2019-12-17,Mirabell + / DER AN910 (eobs 3907),0,0.08632881,0.5,0,0.05041683
2019-12-17,Sara + / DER AU017 (eobs 3941),0,0.0538781,0.5,0,0.049576253
2019-12-17,Sierit  / DER AN858 (eobs2561),0,0.06591178,0.5,0,0.4769017
2019-12-17,Zozu + / DER AL581 (eobs2541),0,0.10866628,0.5,0,0.05763608
2019-12-18,Mirabell + / DER AN910 (eobs 3907),0,0.103922606,0.5,0,0.029944774
2019-12-18,Sara + / DER AU017 (eobs 3941),0,0.03627041,0.5,0,7.762636
2019-12-18,Sierit  / DER AN858 (eobs2561),0,0.039474633,0.5,0,0.3009379
2019-12-18,Zozu + / DER AL581 (eobs2541),0,0.10935443,0.5,0,0.036349416
2019-12-19,Mirabell + / DER AN910 (eobs 3907),0,0.046384808,0.5,0,0.026476515
2019-12-19,Sara + / DER AU017 (eobs 3941),0,0.10828805,0.5,0,7.7613173
2019-12-19,Sierit  / DER AN858 (eobs2561),0,0.042631242,0.5,0,0.84276557
2019-12-19,Zozu + / DER AL581 (eobs2541),0,0.14739724,0.5,0,0.051563594
2019-12-20,Sierit  / DER AN858 (eobs2561),0,0.03833739,0.5,0,0.06199803
2019-12-20,Zozu + / DER AL581 (eobs2541),0,0.12305147,0.5,0,0.0532163
2019-12-21,Sierit  / DER AN858 (eobs2561),0,0.036979184,0.5,0,0.016717505
2019-12-21,Zozu + / DER AL581 (eobs2541),0,0.08210961,0.5,0,7.8776712
2019-12-22,Sierit  / DER AN858 (eobs2561),0,0.03832257,0.5,0,1.3527427
2019-12-22,Zozu + / DER AL581 (eobs2541),0,0.1721801,0.5,0,7.775192
2019-12-23,Sierit  / DER AN858 (eobs2561),0,0.037774567,0.5,0,6.7843094
2019-12-23,Zozu + / DER AL581 (eobs2541),0,0.0734089,0.5,0,0.114996836
2019-12-24,Sierit  / DER AN858 (eobs2561),0,0.04309137,0.5,0,8.085448
2019-12-24,Zozu + / DER AL581 (eobs2541),0,0.079427265,0.5,0,7.9476185
2019-12-25,Sierit  / DER AN858 (eobs2561),0,0.045572914,0.5,0,0.05336737
2019-12-25,Zozu + / DER AL581 (eobs2541),0,0.15403008,0.5,0,8.009782
2019-12-26,Sierit  / DER AN858 (eobs2561),0,0.055246033,0.5,0,2.0215783
2019-12-26,Zozu + / DER AL581 (eobs2541),0,0.10027306,0.5,0,1.4106545
2019-12-27,Sierit  / DER AN858 (eobs2561),0,0.038501285,0.5,0,6.1030827
2019-12-27,Zozu + / DER AL581 (eobs2541),0,0.09701029,0.5,0,1.3758757
2019-12-28,Sierit  / DER AN858 (eobs2561),0,0.04145342,0.5,0,0.60557914
2019-12-28,Zozu + / DER AL581 (eobs2541),0,0.07028116,0.5,0,0.26327547
2019-12-29,Sierit  / DER AN858 (eobs2561),0,0.03914053,0.5,0,2.472858
2019-12-29,Zozu + / DER AL581 (eobs2541),0,0.070871636,0.5,0,0.21406916
2019-12-30,Sierit  / DER AN858 (eobs2561),0,0.054151814,0.5,0,0.51333195
2019-12-30,Zozu + / DER AL581 (eobs2541),0,0.07974526,0.5,0,0.017875776
2019-12-31,Sierit  / DER AN858 (eobs2561),0,0.036924,0.5,0,2.6115472
2019-12-31,Zozu + / DER AL581 (eobs2541),0,0.09412888,0.5,0,0.017251456
2020-09-21,Angela / DER AY470 (eobs 4001),1,0.8619021,0.5,1,39.602425
2020-09-21,Europa / DER A1A26 (eobs 4004),0,0.35835665,0.5,0,0.031346314
2020-09-21,Louis / DER AU050 (eobs 3264),1,0.9670701,0.5,1,80.32257
2020-09-21,Mirabell + / DER AN910 (eobs 3907),0,0.66983545,0.5,1,0.23569159
2020-09-21,Sierit  / DER AN858 (eobs2561),0,0.33666095,0.5,0,0.19840288
2020-09-21,Zozu + / DER AL581 (eobs2541),0,0.9074463,0.5,1,0.126576
2020-09-22,Angela / DER AY470 (eobs 4001),0,0.9081538,0.5,1,2.9388664
2020-09-22,Europa / DER A1A26 (eobs 4004),0,0.8230663,0.5,1,0.05420812
2020-09-22,Louis / DER AU050 (eobs 3264),1,0.96636635,0.5,1,40.098095
2020-09-22,Mirabell + / DER AN910 (eobs 3907),0,0.70674825,0.5,1,0.27758753
2020-09-22,Sierit  / DER AN858 (eobs2561),0,0.42224908,0.5,0,2.5586567
2020-09-22,Zozu + / DER AL581 (eobs2541),0,0.758183,0.5,1,0.070199855
2020-09-23,Angela / DER AY470 (eobs 4001),0,0.8880811,0.5,1,0.23195964
2020-09-23,Europa / DER A1A26 (eobs 4004),0,0.08462234,0.5,0,0.065942176
2020-09-23,Louis / DER AU050 (eobs 3264),0,0.95471066,0.5,1,28.446318
2020-09-23,Mirabell + / DER AN910 (eobs 3907),1,0.577548,0.5,1,71.14815
2020-09-23,Sierit  / DER AN858 (eobs2561),0,0.15684082,0.5,0,2.5472205
2020-09-23,Zozu + / DER AL581 (eobs2541),0,0.13116124,0.5,0,1.045345
2020-09-24,Angela / DER AY470 (eobs 4001),0,0.8053179,0.5,1,2.1953444
2020-09-24,Europa / DER A1A26 (eobs 4004),0,0.4865756,0.5,0,0.30567622
2020-09-24,Louis / DER AU050 (eobs 3264),1,0.93476593,0.5,1,124.598785
2020-09-24,Sierit  / DER AN858 (eobs2561),0,0.13159303,0.5,0,0.06349509
2020-09-24,Zozu + / DER AL581 (eobs2541),0,0.20994651,0.5,0,1.0958912
2020-09-25,Angela / DER AY470 (eobs 4001),0,0.35582992,0.5,0,2.228376
2020-09-25,Europa / DER A1A26 (eobs 4004),1,0.17671046,0.5,0,30.610981
2020-09-25,Louis / DER AU050 (eobs 3264),0,0.94497836,0.5,1,9.407526
2020-09-25,Sierit  / DER AN858 (eobs2561),0,0.14796253,0.5,0,0.10816883
2020-09-25,Zozu + / DER AL581 (eobs2541),0,0.11922253,0.5,0,0.06377841
2020-09-26,Angela / DER AY470 (eobs 4001),0,0.4773354,0.5,0,2.4910936
2020-09-26,Europa / DER A1A26 (eobs 4004),0,0.92765903,0.5,1,14.910151
2020-09-26,Louis / DER AU050 (eobs 3264),0,0.88944733,0.5,1,0.084863685
2020-09-26,Sierit  / DER AN858 (eobs2561),0,0.11948531,0.5,0,2.0460615
2020-09-26,Zozu + / DER AL581 (eobs2541),0,0.3677139,0.5,0,0.023531884
2020-09-27,Angela / DER AY470 (eobs 4001),0,0.26283163,0.5,0,2.7905934
2020-09-27,Europa / DER A1A26 (eobs 4004),0,0.91854304,0.5,1,15.785931
2020-09-27,Louis / DER AU050 (eobs 3264),0,0.30523333,0.5,0,0.49523067
2020-09-27,Sierit  / DER AN858 (eobs2561),0,0.09922599,0.5,0,1.8981661
2020-09-27,Zozu + / DER AL581 (eobs2541),0,0.18179764,0.5,0,4.685201
2020-09-28,Angela / DER AY470 (eobs 4001),0,0.44767472,0.5,0,0.45250273
2020-09-28,Europa / DER A1A26 (eobs 4004),1,0.90055853,0.5,1,72.20665
2020-09-28,Louis / DER AU050 (eobs 3264),0,0.08484912,0.5,0,0.4983546
2020-09-28,Sierit  / DER AN858 (eobs2561),0,0.077011116,0.5,0,5.8314004
2020-09-28,Zozu + / DER AL581 (eobs2541),0,0.80179524,0.5,1,4.736043
2020-09-29,Angela / DER AY470 (eobs 4001),0,0.2549841,0.5,0,0.17618509
2020-09-29,Europa / DER A1A26 (eobs 4004),1,0.95442396,0.5,1,92.779434
2020-09-29,Louis / DER AU050 (eobs 3264),0,0.10721847,0.5,0,1.092295
2020-09-29,Sierit  / DER AN858 (eobs2561),0,0.14236267,0.5,0,5.6996408
2020-09-29,Zozu + / DER AL581 (eobs2541),0,0.08055145,0.5,0,0.027461274
2020-09-30,Angela / DER AY470 (eobs 4001),0,0.40113088,0.5,0,0.10048676
2020-09-30,Europa / DER A1A26 (eobs 4004),0,0.94362307,0.5,1,0.023563579
2020-09-30,Louis / DER AU050 (eobs 3264),0,0.06547453,0.5,0,0.5831671
2020-09-30,Sierit  / DER AN858 (eobs2561),0,0.0885486,0.5,0,5.6498036
2020-09-30,Zozu + / DER AL581 (eobs2541),0,0.38587743,0.5,0,0.026735049
2020-10-01,Angela / DER AY470 (eobs 4001),0,0.3873921,0.5,0,0.047245096
2020-10-01,Europa / DER A1A26 (eobs 4004),0,0.921686,0.5,1,0.10303866
2020-10-01,Louis / DER AU050 (eobs 3264),0,0.066904336,0.5,0,0.07774033
2020-10-01,Sierit  / DER AN858 (eobs2561),0,0.09204773,0.5,0,5.7510705
2020-10-01,Zozu + / DER AL581 (eobs2541),0,0.12500836,0.5,0,0.022606736
2020-10-02,Angela / DER AY470 (eobs 4001),0,0.58091706,0.5,1,0.005243215
2020-10-02,Europa / DER A1A26 (eobs 4004),0,0.65553397,0.5,1,0.5594811
2020-10-02,Louis / DER AU050 (eobs 3264),0,0.06142151,0.5,0,0.47125864
2020-10-02,Sierit  / DER AN858 (eobs2561),0,0.059506334,0.5,0,0.12492979
2020-10-02,Zozu + / DER AL581 (eobs2541),0,0.4867964,0.5,0,0.0069834497
2020-10-03,Angela / DER AY470 (eobs 4001),0,0.48398846,0.5,0,0.21429656
2020-10-03,Europa / DER A1A26 (eobs 4004),0,0.05381137,0.5,0,0.56523144
2020-10-03,Louis / DER AU050 (eobs 3264),0,0.06539857,0.5,0,0.016465774
2020-10-03,Sierit  / DER AN858 (eobs2561),0,0.059384312,0.5,0,0.290329
2020-10-03,Zozu + / DER AL581 (eobs2541),0,0.23850684,0.5,0,0.18023556
2020-10-04,Angela / DER AY470 (eobs 4001),0,0.6817019,0.5,1,2.9766572
2020-10-04,Europa / DER A1A26 (eobs 4004),0,0.113307334,0.5,0,0.17887221
2020-10-04,Louis / DER AU050 (eobs 3264),0,0.06496894,0.5,0,0.007865751
2020-10-04,Sierit  / DER AN858 (eobs2561),0,0.055558205,0.5,0,5.8820634
2020-10-04,Zozu + / DER AL581 (eobs2541),0,0.23117335,0.5,0,0.6966819
2020-10-05,Angela / DER AY470 (eobs 4001),0,0.43521535,0.5,0,2.866887
2020-10-05,Europa / DER A1A26 (eobs 4004),0,0.046260756,0.5,0,0.50699735
2020-10-05,Louis / DER AU050 (eobs 3264),0,0.05961002,0.5,0,1.2596674
2020-10-05,Sierit  / DER AN858 (eobs2561),0,0.07923272,0.5,0,0.036566887
2020-10-05,Zozu + / DER AL581 (eobs2541),0,0.13253252,0.5,0,0.79549325
2020-10-06,Angela / DER AY470 (eobs 4001),0,0.44983009,0.5,0,0.034437247
2020-10-06,Europa / DER A1A26 (eobs 4004),0,0.07405939,0.5,0,0.54208153
2020-10-06,Louis / DER AU050 (eobs 3264),0,0.06785081,0.5,0,0.16526736
2020-10-06,Sierit  / DER AN858 (eobs2561),0,0.05274382,0.5,0,5.7896943
2020-10-06,Zozu + / DER AL581 (eobs2541),0,0.0557447,0.5,0,10.554964
2020-10-07,Angela / DER AY470 (eobs 4001),0,0.5214689,0.5,1,0.55929995
2020-10-07,Europa / DER A1A26 (eobs 4004),0,0.07004989,0.5,0,0.021968314
2020-10-07,Louis / DER AU050 (eobs 3264),0,0.06306885,0.5,0,0.20350061
2020-10-07,Sierit  / DER AN858 (eobs2561),0,0.043362238,0.5,0,0.13730322
2020-10-07,Zozu + / DER AL581 (eobs2541),0,0.91964954,0.5,1,10.607567
2020-10-08,Angela / DER AY470 (eobs 4001),0,0.45880082,0.5,0,2.8654437
2020-10-08,Europa / DER A1A26 (eobs 4004),0,0.100486636,0.5,0,0.020241434
2020-10-08,Louis / DER AU050 (eobs 3264),0,0.056564417,0.5,0,0.64278597
2020-10-08,Sierit  / DER AN858 (eobs2561),0,0.05085644,0.5,0,0.05689661
2020-10-08,Zozu + / DER AL581 (eobs2541),0,0.23147511,0.5,0,0.0151279215
2020-10-09,Angela / DER AY470 (eobs 4001),0,0.22770487,0.5,0,1.9506599
2020-10-09,Europa / DER A1A26 (eobs 4004),0,0.05808342,0.5,0,0.018601587
2020-10-09,Louis / DER AU050 (eobs 3264),0,0.055139683,0.5,0,0.6381992
2020-10-09,Sierit  / DER AN858 (eobs2561),0,0.06509318,0.5,0,0.057420537
2020-10-09,Zozu + / DER AL581 (eobs2541),0,0.5774235,0.5,1,0.035122924
2020-10-10,Angela / DER AY470 (eobs 4001),0,0.31919485,0.5,0,1.8385823
2020-10-10,Europa / DER A1A26 (eobs 4004),0,0.1085691,0.5,0,0.04714473
2020-10-10,Louis / DER AU050 (eobs 3264),0,0.053934574,0.5,0,0.91721463
2020-10-10,Sierit  / DER AN858 (eobs2561),0,0.042205576,0.5,0,4.615813
2020-10-10,Zozu + / DER AL581 (eobs2541),0,0.69779086,0.5,1,9.005918
2020-10-11,Angela / DER AY470 (eobs 4001),0,0.2294446,0.5,0,2.2289834
2020-10-11,Europa / DER A1A26 (eobs 4004),0,0.20296772,0.5,0,0.57080084
2020-10-11,Louis / DER AU050 (eobs 3264),0,0.051330853,0.5,0,0.39422676
2020-10-11,Sierit  / DER AN858 (eobs2561),0,0.072950594,0.5,0,1.3023535
2020-10-11,Zozu + / DER AL581 (eobs2541),0,0.8969115,0.5,1,9.039298
2020-10-12,Angela / DER AY470 (eobs 4001),0,0.22934279,0.5,0,2.907112
2020-10-12,Europa / DER A1A26 (eobs 4004),0,0.05101173,0.5,0,0.5138154
2020-10-12,Louis / DER AU050 (eobs 3264),0,0.05382708,0.5,0,1.2719002
2020-10-12,Sierit  / DER AN858 (eobs2561),0,0.06577932,0.5,0,5.716075
2020-10-12,Zozu + / DER AL581 (eobs2541),0,0.107234575,0.5,0,0.0027402197
2020-10-13,Angela / DER AY470 (eobs 4001),0,0.2161814,0.5,0,0.85294634
2020-10-13,Europa / DER A1A26 (eobs 4004),0,0.08204333,0.5,0,2.29866
2020-10-13,Louis / DER AU050 (eobs 3264),0,0.053158905,0.5,0,0.6767947
2020-10-13,Sierit  / DER AN858 (eobs2561),0,0.04883693,0.5,0,4.0923047
2020-10-13,Zozu + / DER AL581 (eobs2541),0,0.39847085,0.5,0,0.03397507
2020-10-14,Angela / DER AY470 (eobs 4001),0,0.18186422,0.5,0,2.738695
2020-10-14,Europa / DER A1A26 (eobs 4004),0,0.5839503,0.5,1,2.4202113
2020-10-14,Louis / DER AU050 (eobs 3264),0,0.054073542,0.5,0,0.6891651
2020-10-14,Sierit  / DER AN858 (eobs2561),0,0.05758707,0.5,0,4.241186
2020-10-14,Zozu + / DER AL581 (eobs2541),0,0.5874052,0.5,1,0.036424074
2020-10-15,Angela / DER AY470 (eobs 4001),0,0.2697239,0.5,0,0.5028342
2020-10-15,Europa / DER A1A26 (eobs 4004),0,0.059019882,0.5,0,0.4596433
2020-10-15,Louis / DER AU050 (eobs 3264),0,0.050466895,0.5,0,1.8436507
2020-10-15,Sierit  / DER AN858 (eobs2561),0,0.046787634,0.5,0,5.662488
2020-10-15,Zozu + / DER AL581 (eobs2541),0,0.1398005,0.5,0,0.05004229
2020-10-16,Angela / DER AY470 (eobs 4001),0,0.16334265,0.5,0,0.1356527
2020-10-16,Europa / DER A1A26 (eobs 4004),0,0.605756,0.5,1,0.003630344
2020-10-16,Louis / DER AU050 (eobs 3264),0,0.050109245,0.5,0,1.8630965
2020-10-16,Sierit  / DER AN858 (eobs2561),0,0.060072433,0.5,0,0.9625661
2020-10-16,Zozu + / DER AL581 (eobs2541),0,0.08291202,0.5,0,16.301146
2020-10-17,Angela / DER AY470 (eobs 4001),0,0.18066002,0.5,0,2.1943963
2020-10-17,Europa / DER A1A26 (eobs 4004),0,0.45591232,0.5,0,0.043130826
2020-10-17,Louis / DER AU050 (eobs 3264),0,0.05122301,0.5,0,0.016942808
2020-10-17,Sierit  / DER AN858 (eobs2561),0,0.0788747,0.5,0,5.990791
2020-10-17,Zozu + / DER AL581 (eobs2541),0,0.9376954,0.5,1,16.256731
2020-10-18,Angela / DER AY470 (eobs 4001),0,0.2443167,0.5,0,0.6305893
2020-10-18,Europa / DER A1A26 (eobs 4004),0,0.5177668,0.5,1,0.08252649
2020-10-18,Louis / DER AU050 (eobs 3264),0,0.0665886,0.5,0,0.00800045
2020-10-18,Sierit  / DER AN858 (eobs2561),0,0.056211147,0.5,0,7.645549
2020-10-18,Zozu + / DER AL581 (eobs2541),0,0.3685092,0.5,0,0.07556159
2020-10-19,Angela / DER AY470 (eobs 4001),0,0.16729169,0.5,0,3.266115
2020-10-19,Europa / DER A1A26 (eobs 4004),0,0.17399357,0.5,0,0.045194875
2020-10-19,Louis / DER AU050 (eobs 3264),0,0.05636449,0.5,0,0.009425154
2020-10-19,Sierit  / DER AN858 (eobs2561),0,0.062002346,0.5,0,7.798555
2020-10-19,Zozu + / DER AL581 (eobs2541),0,0.42582777,0.5,0,0.10458156
2020-10-20,Angela / DER AY470 (eobs 4001),0,0.16383255,0.5,0,1.4923412
2020-10-20,Europa / DER A1A26 (eobs 4004),0,0.067724615,0.5,0,0.57412887
2020-10-20,Louis / DER AU050 (eobs 3264),0,0.05808034,0.5,0,0.35692358
2020-10-20,Sierit  / DER AN858 (eobs2561),0,0.044810537,0.5,0,9.073045
2020-10-20,Zozu + / DER AL581 (eobs2541),0,0.1723075,0.5,0,0.011123635
2020-10-21,Angela / DER AY470 (eobs 4001),0,0.15884672,0.5,0,0.059856955
2020-10-21,Europa / DER A1A26 (eobs 4004),0,0.07723508,0.5,0,0.6458434
2020-10-21,Louis / DER AU050 (eobs 3264),0,0.062207103,0.5,0,0.7867956
2020-10-21,Sierit  / DER AN858 (eobs2561),0,0.06387422,0.5,0,0.98273814
2020-10-21,Zozu + / DER AL581 (eobs2541),0,0.426364,0.5,0,9.080298
2020-10-22,Angela / DER AY470 (eobs 4001),0,0.2022047,0.5,0,0.082818575
2020-10-22,Europa / DER A1A26 (eobs 4004),0,0.0713062,0.5,0,0.034673207
2020-10-22,Louis / DER AU050 (eobs 3264),0,0.06298079,0.5,0,0.12102698
2020-10-22,Sierit  / DER AN858 (eobs2561),0,0.045961067,0.5,0,0.012612383
2020-10-22,Zozu + / DER AL581 (eobs2541),0,0.749582,0.5,1,9.080473
2020-10-23,Angela / DER AY470 (eobs 4001),0,0.14462957,0.5,0,0.055522162
2020-10-23,Europa / DER A1A26 (eobs 4004),0,0.17037073,0.5,0,0.0780158
2020-10-23,Louis / DER AU050 (eobs 3264),0,0.062142566,0.5,0,0.246553
2020-10-23,Sierit  / DER AN858 (eobs2561),0,0.052980363,0.5,0,8.06203
2020-10-23,Zozu + / DER AL581 (eobs2541),0,0.09602358,0.5,0,0.038820244
2020-10-24,Angela / DER AY470 (eobs 4001),0,0.15933704,0.5,0,0.16772921
2020-10-24,Europa / DER A1A26 (eobs 4004),0,0.056751125,0.5,0,0.12656221
2020-10-24,Louis / DER AU050 (eobs 3264),0,0.05791229,0.5,0,0.2462027
2020-10-24,Sierit  / DER AN858 (eobs2561),0,0.051572066,0.5,0,8.050822
2020-10-24,Zozu + / DER AL581 (eobs2541),0,0.32668024,0.5,0,0.055155993
2020-10-25,Angela / DER AY470 (eobs 4001),0,0.14930177,0.5,0,0.05750971
2020-10-25,Europa / DER A1A26 (eobs 4004),0,0.2267613,0.5,0,0.035837084
2020-10-25,Louis / DER AU050 (eobs 3264),0,0.056185395,0.5,0,0.1725327
2020-10-25,Sierit  / DER AN858 (eobs2561),0,0.055224385,0.5,0,0.8425162
2020-10-25,Zozu + / DER AL581 (eobs2541),0,0.080224656,0.5,0,0.014431529
2020-10-26,Angela / DER AY470 (eobs 4001),0,0.1574536,0.5,0,0.12841788
2020-10-26,Europa / DER A1A26 (eobs 4004),0,0.12052271,0.5,0,0.14134896
2020-10-26,Louis / DER AU050 (eobs 3264),0,0.069298975,0.5,0,1.2509832
2020-10-26,Sierit  / DER AN858 (eobs2561),0,0.06570043,0.5,0,8.87135
2020-10-26,Zozu + / DER AL581 (eobs2541),0,0.062299494,0.5,0,3.9902701
2020-10-27,Angela / DER AY470 (eobs 4001),0,0.14305325,0.5,0,1.6059214
2020-10-27,Europa / DER A1A26 (eobs 4004),0,0.056126636,0.5,0,0.07576754
2020-10-27,Louis / DER AU050 (eobs 3264),0,0.06123871,0.5,0,1.2672355
2020-10-27,Sierit  / DER AN858 (eobs2561),0,0.044808153,0.5,0,8.0703945
2020-10-27,Zozu + / DER AL581 (eobs2541),0,0.33828965,0.5,0,0.0052051027
2020-10-28,Angela / DER AY470 (eobs 4001),0,0.15758733,0.5,0,1.5475199
2020-10-28,Europa / DER A1A26 (eobs 4004),0,0.17750715,0.5,0,0.394992
2020-10-28,Louis / DER AU050 (eobs 3264),0,0.057430007,0.5,0,0.2609794
2020-10-28,Sierit  / DER AN858 (eobs2561),0,0.056658108,0.5,0,7.972534
2020-10-28,Zozu + / DER AL581 (eobs2541),0,0.072822064,0.5,0,3.9938884
2020-10-29,Angela / DER AY470 (eobs 4001),0,0.15251894,0.5,0,0.13887346
2020-10-29,Europa / DER A1A26 (eobs 4004),0,0.06146009,0.5,0,0.39354622
2020-10-29,Louis / DER AU050 (eobs 3264),0,0.05867487,0.5,0,1.2301885
2020-10-29,Sierit  / DER AN858 (eobs2561),0,0.044105638,0.5,0,0.011279184
2020-10-29,Zozu + / DER AL581 (eobs2541),0,0.12514421,0.5,0,0.055760644
2020-10-30,Angela / DER AY470 (eobs 4001),0,0.23230083,0.5,0,0.14779407
2020-10-30,Europa / DER A1A26 (eobs 4004),0,0.07664107,0.5,0,0.06426948
2020-10-30,Louis / DER AU050 (eobs 3264),0,0.059106633,0.5,0,1.3856324
2020-10-30,Sierit  / DER AN858 (eobs2561),0,0.04830239,0.5,0,7.63626
2020-10-30,Zozu + / DER AL581 (eobs2541),0,0.06575923,0.5,0,0.14131379
2020-10-31,Angela / DER AY470 (eobs 4001),0,0.1582414,0.5,0,0.23705928
2020-10-31,Europa / DER A1A26 (eobs 4004),0,0.11961719,0.5,0,0.06562068
2020-10-31,Louis / DER AU050 (eobs 3264),0,0.06053593,0.5,0,1.0014001
2020-10-31,Sierit  / DER AN858 (eobs2561),0,0.06478233,0.5,0,2.9901366
2020-10-31,Zozu + / DER AL581 (eobs2541),0,0.053649053,0.5,0,0.05186673
2020-11-01,Angela / DER AY470 (eobs 4001),0,0.14758319,0.5,0,0.02645331
2020-11-01,Europa / DER A1A26 (eobs 4004),0,0.15063696,0.5,0,0.07871904
2020-11-01,Louis / DER AU050 (eobs 3264),0,0.056013096,0.5,0,0.06791223
2020-11-01,Sierit  / DER AN858 (eobs2561),0,0.039844412,0.5,0,5.395059
2020-11-01,Zozu + / DER AL581 (eobs2541),0,0.07533296,0.5,0,0.040387046
2020-11-02,Angela / DER AY470 (eobs 4001),0,0.15376179,0.5,0,0.10975452
2020-11-02,Europa / DER A1A26 (eobs 4004),0,0.06791918,0.5,0,0.13349101
2020-11-02,Louis / DER AU050 (eobs 3264),0,0.0554456,0.5,0,0.15671454
2020-11-02,Sierit  / DER AN858 (eobs2561),0,0.04849873,0.5,0,3.1584406
2020-11-02,Zozu + / DER AL581 (eobs2541),0,0.0627496,0.5,0,0.032161
2020-11-03,Angela / DER AY470 (eobs 4001),1,0.21400034,0.5,0,49.05814
2020-11-03,Europa / DER A1A26 (eobs 4004),0,0.08090859,0.5,0,0.09792187
2020-11-03,Louis / DER AU050 (eobs 3264),0,0.054995276,0.5,0,1.0773714
2020-11-03,Sierit  / DER AN858 (eobs2561),0,0.042765573,0.5,0,7.518916
2020-11-03,Zozu + / DER AL581 (eobs2541),0,0.087325074,0.5,0,0.14763036
2020-11-04,Angela / DER AY470 (eobs 4001),0,0.85720533,0.5,1,0.5245718
2020-11-04,Europa / DER A1A26 (eobs 4004),0,0.08699254,0.5,0,0.045832355
2020-11-04,Louis / DER AU050 (eobs 3264),0,0.056795634,0.5,0,0.1505555
2020-11-04,Sierit  / DER AN858 (eobs2561),0,0.047604688,0.5,0,8.082298
2020-11-04,Zozu + / DER AL581 (eobs2541),0,0.06294248,0.5,0,3.2955415
2020-11-05,Angela / DER AY470 (eobs 4001),0,0.78545517,0.5,1,0.16439621
2020-11-05,Europa / DER A1A26 (eobs 4004),0,0.10556944,0.5,0,0.026707325
2020-11-05,Louis / DER AU050 (eobs 3264),0,0.06400413,0.5,0,0.016032707
2020-11-05,Sierit  / DER AN858 (eobs2561),0,0.0512257,0.5,0,6.028582
2020-11-05,Zozu + / DER AL581 (eobs2541),0,0.11289393,0.5,0,3.2936032
2020-11-06,Angela / DER AY470 (eobs 4001),0,0.7955683,0.5,1,0.18832739
2020-11-06,Europa / DER A1A26 (eobs 4004),0,0.113452725,0.5,0,0.07115172
2020-11-06,Louis / DER AU050 (eobs 3264),0,0.051544666,0.5,0,0.100069955
2020-11-06,Sierit  / DER AN858 (eobs2561),0,0.037248217,0.5,0,5.9303946
2020-11-06,Zozu + / DER AL581 (eobs2541),0,0.044740565,0.5,0,0.08753642
2020-11-07,Angela / DER AY470 (eobs 4001),0,0.36250758,0.5,0,2.0851505
2020-11-07,Europa / DER A1A26 (eobs 4004),0,0.040178854,0.5,0,0.042864576
2020-11-07,Louis / DER AU050 (eobs 3264),0,0.054260504,0.5,0,0.038737845
2020-11-07,Sierit  / DER AN858 (eobs2561),0,0.045305844,0.5,0,0.95221853
2020-11-07,Zozu + / DER AL581 (eobs2541),0,0.085706286,0.5,0,0.040473122
2020-11-08,Angela / DER AY470 (eobs 4001),0,0.35185543,0.5,0,6.2104564
2020-11-08,Europa / DER A1A26 (eobs 4004),0,0.0830925,0.5,0,0.045415934
2020-11-08,Louis / DER AU050 (eobs 3264),0,0.051372666,0.5,0,0.10016885
2020-11-08,Sierit  / DER AN858 (eobs2561),0,0.047091823,0.5,0,0.9382705
2020-11-08,Zozu + / DER AL581 (eobs2541),0,0.051023554,0.5,0,4.049643
2020-11-09,Angela / DER AY470 (eobs 4001),0,0.6532501,0.5,1,2.0237315
2020-11-09,Europa / DER A1A26 (eobs 4004),0,0.06760414,0.5,0,0.41063133
2020-11-09,Louis / DER AU050 (eobs 3264),0,0.051195674,0.5,0,0.7575166
2020-11-09,Sierit  / DER AN858 (eobs2561),0,0.03453721,0.5,0,0.0065807714
2020-11-09,Zozu + / DER AL581 (eobs2541),0,0.15927495,0.5,0,4.0692115
2020-11-10,Angela / DER AY470 (eobs 4001),0,0.4095224,0.5,0,1.8750132
2020-11-10,Europa / DER A1A26 (eobs 4004),0,0.05616098,0.5,0,0.027120871
2020-11-10,Louis / DER AU050 (eobs 3264),0,0.04651349,0.5,0,0.6610007
2020-11-10,Sierit  / DER AN858 (eobs2561),0,0.041668165,0.5,0,0.01749343
2020-11-10,Zozu + / DER AL581 (eobs2541),0,0.051600575,0.5,0,0.004995928
2020-11-11,Angela / DER AY470 (eobs 4001),0,0.24577479,0.5,0,0.056823496
2020-11-11,Europa / DER A1A26 (eobs 4004),0,0.06451142,0.5,0,0.04246047
2020-11-11,Louis / DER AU050 (eobs 3264),0,0.051069427,0.5,0,0.15427217
2020-11-11,Sierit  / DER AN858 (eobs2561),0,0.03839444,0.5,0,0.01914534
2020-11-11,Zozu + / DER AL581 (eobs2541),0,0.06730263,0.5,0,0.031581897
2020-11-12,Angela / DER AY470 (eobs 4001),0,0.5764002,0.5,1,1.923068
2020-11-12,Europa / DER A1A26 (eobs 4004),0,0.056723416,0.5,0,0.40327168
2020-11-12,Louis / DER AU050 (eobs 3264),0,0.05617738,0.5,0,0.0003905984
2020-11-12,Sierit  / DER AN858 (eobs2561),0,0.03609056,0.5,0,0.009710322
2020-11-12,Zozu + / DER AL581 (eobs2541),0,0.07997642,0.5,0,0.029880933
2020-11-13,Angela / DER AY470 (eobs 4001),0,0.29893258,0.5,0,1.126497
2020-11-13,Europa / DER A1A26 (eobs 4004),0,0.095665775,0.5,0,0.022712208
2020-11-13,Louis / DER AU050 (eobs 3264),0,0.055786233,0.5,0,0.002112018
2020-11-13,Sierit  / DER AN858 (eobs2561),0,0.035524704,0.5,0,0.0046483628
2020-11-13,Zozu + / DER AL581 (eobs2541),0,0.10891645,0.5,0,0.047468867
2020-11-14,Angela / DER AY470 (eobs 4001),0,0.47407976,0.5,0,0.27047464
2020-11-14,Europa / DER A1A26 (eobs 4004),0,0.10053802,0.5,0,0.03835141
2020-11-14,Louis / DER AU050 (eobs 3264),0,0.052916087,0.5,0,0.006202992
2020-11-14,Sierit  / DER AN858 (eobs2561),0,0.033476893,0.5,0,0.0017290312
2020-11-14,Zozu + / DER AL581 (eobs2541),0,0.051624708,0.5,0,0.05309765
2020-11-15,Angela / DER AY470 (eobs 4001),0,0.24853435,0.5,0,0.47474152
2020-11-15,Europa / DER A1A26 (eobs 4004),0,0.06414607,0.5,0,0.09756513
2020-11-15,Louis / DER AU050 (eobs 3264),0,0.04746214,0.5,0,0.0046495907
2020-11-15,Sierit  / DER AN858 (eobs2561),0,0.03638521,0.5,0,0.014371906
2020-11-15,Zozu + / DER AL581 (eobs2541),0,0.061832715,0.5,0,0.10547967
2020-11-16,Angela / DER AY470 (eobs 4001),0,0.65613157,0.5,1,1.1054307
2020-11-16,Europa / DER A1A26 (eobs 4004),0,0.047882374,0.5,0,0.17843743
2020-11-16,Louis / DER AU050 (eobs 3264),0,0.047986563,0.5,0,0.0032009194
2020-11-16,Sierit  / DER AN858 (eobs2561),0,0.037803695,0.5,0,0.0033572332
2020-11-16,Zozu + / DER AL581 (eobs2541),0,0.04386828,0.5,0,0.06981338
2020-11-17,Angela / DER AY470 (eobs 4001),0,0.46433473,0.5,0,0.35924324
2020-11-17,Europa / DER A1A26 (eobs 4004),0,0.054229148,0.5,0,0.009561352
2020-11-17,Louis / DER AU050 (eobs 3264),0,0.048950553,0.5,0,0.0035571698
2020-11-17,Sierit  / DER AN858 (eobs2561),0,0.0323799,0.5,0,0.0010542151
2020-11-17,Zozu + / DER AL581 (eobs2541),0,0.0739053,0.5,0,0.067709096
2020-11-18,Angela / DER AY470 (eobs 4001),0,0.35065046,0.5,0,1.4074926
2020-11-18,Europa / DER A1A26 (eobs 4004),0,0.059690684,0.5,0,0.2601249
2020-11-18,Louis / DER AU050 (eobs 3264),0,0.04801241,0.5,0,0.003313144
2020-11-18,Sierit  / DER AN858 (eobs2561),0,0.033133008,0.5,0,0.0031699443
2020-11-18,Zozu + / DER AL581 (eobs2541),0,0.04085276,0.5,0,0.09175646
2020-11-19,Angela / DER AY470 (eobs 4001),0,0.36959827,0.5,0,4.7640424
2020-11-19,Europa / DER A1A26 (eobs 4004),0,0.0807589,0.5,0,0.16351405
2020-11-19,Louis / DER AU050 (eobs 3264),0,0.04633406,0.5,0,0.16636305
2020-11-19,Sierit  / DER AN858 (eobs2561),0,0.036791343,0.5,0,0.0021181381
2020-11-19,Zozu + / DER AL581 (eobs2541),0,0.063155234,0.5,0,0.08734229
2020-11-20,Angela / DER AY470 (eobs 4001),0,0.40153807,0.5,0,0.8665713
2020-11-20,Europa / DER A1A26 (eobs 4004),0,0.074468896,0.5,0,0.07902686
2020-11-20,Louis / DER AU050 (eobs 3264),0,0.043267135,0.5,0,0.26293394
2020-11-20,Sierit  / DER AN858 (eobs2561),0,0.036270756,0.5,0,0.016571395
2020-11-20,Zozu + / DER AL581 (eobs2541),0,0.0378196,0.5,0,0.0816502
2020-11-21,Angela / DER AY470 (eobs 4001),0,0.27572545,0.5,0,5.984837
2020-11-21,Europa / DER A1A26 (eobs 4004),0,0.04335686,0.5,0,0.045251336
2020-11-21,Louis / DER AU050 (eobs 3264),0,0.045214973,0.5,0,1.286618
2020-11-21,Sierit  / DER AN858 (eobs2561),0,0.033103418,0.5,0,0.0029725146
2020-11-21,Zozu + / DER AL581 (eobs2541),0,0.06314858,0.5,0,0.0721625
2020-11-22,Angela / DER AY470 (eobs 4001),0,0.40460023,0.5,0,0.38146195
2020-11-22,Europa / DER A1A26 (eobs 4004),0,0.074109405,0.5,0,0.119441256
2020-11-22,Louis / DER AU050 (eobs 3264),0,0.050233014,0.5,0,0.24208634
2020-11-22,Sierit  / DER AN858 (eobs2561),0,0.03414896,0.5,0,0.65293205
2020-11-22,Zozu + / DER AL581 (eobs2541),0,0.10048931,0.5,0,10.18042
2020-11-23,Angela / DER AY470 (eobs 4001),0,0.36413276,0.5,0,1.8658273
2020-11-23,Europa / DER A1A26 (eobs 4004),0,0.042078998,0.5,0,0.32876515
2020-11-23,Sierit  / DER AN858 (eobs2561),0,0.03751064,0.5,0,3.1714313
2020-11-23,Zozu + / DER AL581 (eobs2541),0,0.5326585,0.5,1,10.825839
2020-11-24,Angela / DER AY470 (eobs 4001),0,0.20212539,0.5,0,0.08380547
2020-11-24,Europa / DER A1A26 (eobs 4004),0,0.049141504,0.5,0,0.2588304
2020-11-24,Sierit  / DER AN858 (eobs2561),0,0.034598798,0.5,0,3.1905136
2020-11-24,Zozu + / DER AL581 (eobs2541),0,0.2439315,0.5,0,1.3441377
2020-11-25,Angela / DER AY470 (eobs 4001),0,0.28642827,0.5,0,0.24093273
2020-11-25,Sierit  / DER AN858 (eobs2561),0,0.032231014,0.5,0,0.024059543
2020-11-25,Zozu + / DER AL581 (eobs2541),0,0.4565706,0.5,0,0.017092317
2020-11-26,Angela / DER AY470 (eobs 4001),0,0.23613068,0.5,0,2.816601
2020-11-26,Sierit  / DER AN858 (eobs2561),0,0.030543694,0.5,0,1.9463277
2020-11-26,Zozu + / DER AL581 (eobs2541),0,0.24314135,0.5,0,0.0868033
2020-11-27,Angela / DER AY470 (eobs 4001),0,0.18366069,0.5,0,0.5713479
2020-11-27,Sierit  / DER AN858 (eobs2561),0,0.032082383,0.5,0,1.0255084
2020-11-27,Zozu + / DER AL581 (eobs2541),0,0.21114773,0.5,0,0.083400905
2020-11-28,Angela / DER AY470 (eobs 4001),0,0.16893595,0.5,0,1.9907464
2020-11-28,Sierit  / DER AN858 (eobs2561),0,0.03351671,0.5,0,0.7383311
2020-11-28,Zozu + / DER AL581 (eobs2541),0,0.24239339,0.5,0,4.008042
2020-11-29,Angela / DER AY470 (eobs 4001),0,0.17958441,0.5,0,2.9378452
2020-11-29,Sierit  / DER AN858 (eobs2561),0,0.0306981,0.5,0,0.7148723
2020-11-29,Zozu + / DER AL581 (eobs2541),0,0.14076908,0.5,0,3.947697
2020-11-30,Angela / DER AY470 (eobs 4001),0,0.20611969,0.5,0,2.862843
2020-11-30,Sierit  / DER AN858 (eobs2561),0,0.036093976,0.5,0,3.3830783
2020-11-30,Zozu + / DER AL581 (eobs2541),0,0.13531658,0.5,0,3.9519439
2020-12-01,Angela / DER AY470 (eobs 4001),0,0.1906829,0.5,0,0.11004079
2020-12-01,Sierit  / DER AN858 (eobs2561),0,0.036716674,0.5,0,9.460868
2020-12-02,Angela / DER AY470 (eobs 4001),0,0.20815508,0.5,0,0.2690657
2020-12-02,Sierit  / DER AN858 (eobs2561),0,0.029322939,0.5,0,5.424648
2020-12-03,Angela / DER AY470 (eobs 4001),0,0.17079882,0.5,0,1.6151098
2020-12-03,Sierit  / DER AN858 (eobs2561),0,0.032516714,0.5,0,0.78166115
2020-12-04,Angela / DER AY470 (eobs 4001),0,0.13612276,0.5,0,0.7461503
2020-12-04,Sierit  / DER AN858 (eobs2561),0,0.03601266,0.5,0,6.184768
2020-12-05,Angela / DER AY470 (eobs 4001),0,0.17621508,0.5,0,0.64936495
2020-12-05,Sierit  / DER AN858 (eobs2561),0,0.029593522,0.5,0,5.4504337
2020-12-06,Angela / DER AY470 (eobs 4001),0,0.1688331,0.5,0,0.45022747
2020-12-06,Sierit  / DER AN858 (eobs2561),0,0.032449864,0.5,0,0.8867328
2020-12-07,Sierit  / DER AN858 (eobs2561),0,0.035270084,0.5,0,1.2026719
2020-12-08,Sierit  / DER AN858 (eobs2561),0,0.031063559,0.5,0,0.8320037
2020-12-09,Sierit  / DER AN858 (eobs2561),0,0.029296134,0.5,0,0.90709406
2020-12-10,Sierit  / DER AN858 (eobs2561),0,0.03337174,0.5,0,0.09341074
2020-12-11,Sierit  / DER AN858 (eobs2561),0,0.0288194,0.5,0,0.8139787
2020-12-12,Sierit  / DER AN858 (eobs2561),0,0.030147871,0.5,0,0.6837454
2020-12-13,Sierit  / DER AN858 (eobs2561),0,0.029092103,0.5,0,0.6430506
2020-12-14,Sierit  / DER AN858 (eobs2561),0,0.027578324,0.5,0,0.6445563
2020-12-15,Sierit  / DER AN858 (eobs2561),0,0.03200738,0.5,0,0.04701683
2020-12-16,Sierit  / DER AN858 (eobs2561),0,0.031814117,0.5,0,0.0042403587
2020-12-17,Sierit  / DER AN858 (eobs2561),0,0.028387964,0.5,0,0.0040776166
2020-12-18,Sierit  / DER AN858 (eobs2561),0,0.029515719,0.5,0,0.0030931018
2020-12-19,Sierit  / DER AN858 (eobs2561),0,0.027596693,0.5,0,0.0027112528
2020-12-20,Sierit  / DER AN858 (eobs2561),0,0.029431604,0.5,0,0.013464614
2020-12-21,Sierit  / DER AN858 (eobs2561),0,0.027069978,0.5,0,0.036266435
2020-12-22,Sierit  / DER AN858 (eobs2561),0,0.02989394,0.5,0,0.005992612
2020-12-22,Zozu + / DER AL581 (eobs2541),0,0.08433631,0.5,0,3.913914
2020-12-23,Sierit  / DER AN858 (eobs2561),0,0.029556219,0.5,0,0.0012800245
2020-12-23,Zozu + / DER AL581 (eobs2541),0,0.071636245,0.5,0,0.07976823
2020-12-24,Sierit  / DER AN858 (eobs2561),0,0.026358766,0.5,0,0.73814464
2020-12-24,Zozu + / DER AL581 (eobs2541),0,0.11140664,0.5,0,4.5026608
2020-12-25,Sierit  / DER AN858 (eobs2561),0,0.026905024,0.5,0,3.080756
2020-12-25,Zozu + / DER AL581 (eobs2541),0,0.1480053,0.5,0,4.3299036
2020-12-26,Sierit  / DER AN858 (eobs2561),0,0.027039053,0.5,0,0.982511
2020-12-26,Zozu + / DER AL581 (eobs2541),0,0.08207382,0.5,0,0.015808452
2020-12-27,Sierit  / DER AN858 (eobs2561),0,0.026975276,0.5,0,5.132266
2020-12-27,Zozu + / DER AL581 (eobs2541),0,0.08920141,0.5,0,0.030618995
2020-12-28,Sierit  / DER AN858 (eobs2561),0,0.02964149,0.5,0,1.9756399
2020-12-28,Zozu + / DER AL581 (eobs2541),0,0.07093628,0.5,0,3.1322887
2020-12-29,Sierit  / DER AN858 (eobs2561),0,0.026614988,0.5,0,1.6931452
2020-12-29,Zozu + / DER AL581 (eobs2541),0,0.11252932,0.5,0,0.067979574
2020-12-30,Sierit  / DER AN858 (eobs2561),0,0.028483523,0.5,0,0.76684695
2020-12-30,Zozu + / DER AL581 (eobs2541),0,0.07148522,0.5,0,3.1097193
2020-12-31,Sierit  / DER AN858 (eobs2561),0,0.029417709,0.5,0,0.77856535
2020-12-31,Zozu + / DER AL581 (eobs2541),0,0.07213827,0.5,0,5.5092826
2021-09-21,Angela / DER AY470 (eobs 4001),0,0.6929724,0.5,1,26.770802
2021-09-21,"Ed + (AAL16, e-obs 7210)",1,0.92856616,0.5,1,66.22527
2021-09-21,Europa / DER A1A26 (eobs 4004),0,0.7140564,0.5,1,0.8404736
2021-09-21,Louis / DER AU050 (eobs 3264),1,0.9729714,0.5,1,88.319305
2021-09-21,Sierit  / DER AN858 (eobs2561),0,0.95585865,0.5,1,12.867578
2021-09-22,Angela / DER AY470 (eobs 4001),0,0.8829174,0.5,1,27.217037
2021-09-22,"Ed + (AAL16, e-obs 7210)",1,0.92301553,0.5,1,301.08954
2021-09-22,Europa / DER A1A26 (eobs 4004),0,0.74664056,0.5,1,0.24203715
2021-09-22,Louis / DER AU050 (eobs 3264),1,0.97330034,0.5,1,86.91188
2021-09-22,Sierit  / DER AN858 (eobs2561),0,0.95215183,0.5,1,0.01562597
2021-09-23,Angela / DER AY470 (eobs 4001),1,0.91614896,0.5,1,35.837986
2021-09-23,"Ed + (AAL16, e-obs 7210)",1,0.93894154,0.5,1,66.5512
2021-09-23,Europa / DER A1A26 (eobs 4004),0,0.6251254,0.5,1,0.1639872
2021-09-23,Louis / DER AU050 (eobs 3264),1,0.97177404,0.5,1,190.2834
2021-09-23,Sierit  / DER AN858 (eobs2561),0,0.9170766,0.5,1,0.037940174
2021-09-24,Angela / DER AY470 (eobs 4001),0,0.89725286,0.5,1,3.7726688
2021-09-24,"Ed + (AAL16, e-obs 7210)",0,0.9247658,0.5,1,0.4130017
2021-09-24,Europa / DER A1A26 (eobs 4004),0,0.40237316,0.5,0,0.082075976
2021-09-24,Louis / DER AU050 (eobs 3264),0,0.9698005,0.5,1,0.42904627
2021-09-24,Sierit  / DER AN858 (eobs2561),0,0.6044975,0.5,1,0.021184176
2021-09-25,Angela / DER AY470 (eobs 4001),1,0.87371093,0.5,1,37.4017
2021-09-25,"Ed + (AAL16, e-obs 7210)",0,0.86604875,0.5,1,0.20802402
2021-09-25,Europa / DER A1A26 (eobs 4004),0,0.32411295,0.5,0,0.17023385
2021-09-25,Louis / DER AU050 (eobs 3264),0,0.96483207,0.5,1,0.15289795
2021-09-25,Sierit  / DER AN858 (eobs2561),0,0.29415876,0.5,0,0.10811002
2021-09-26,Angela / DER AY470 (eobs 4001),0,0.8025599,0.5,1,5.226178
2021-09-26,"Ed + (AAL16, e-obs 7210)",0,0.81321067,0.5,1,2.5708828
2021-09-26,Europa / DER A1A26 (eobs 4004),0,0.45907974,0.5,0,1.4600403
2021-09-26,Louis / DER AU050 (eobs 3264),0,0.93690634,0.5,1,0.17875265
2021-09-26,Sierit  / DER AN858 (eobs2561),0,0.14444043,0.5,0,0.092216715
2021-09-27,Angela / DER AY470 (eobs 4001),1,0.30793086,0.5,0,93.15172
2021-09-27,"Ed + (AAL16, e-obs 7210)",0,0.7715659,0.5,1,0.044708025
2021-09-27,Europa / DER A1A26 (eobs 4004),0,0.43250477,0.5,0,16.887247
2021-09-27,Louis / DER AU050 (eobs 3264),0,0.48963356,0.5,0,0.13483967
2021-09-27,Sierit  / DER AN858 (eobs2561),0,0.06377088,0.5,0,0.19663581
2021-09-28,Angela / DER AY470 (eobs 4001),0,0.8608477,0.5,1,5.1150274
2021-09-28,"Ed + (AAL16, e-obs 7210)",0,0.46912605,0.5,0,2.653327
2021-09-28,Europa / DER A1A26 (eobs 4004),1,0.9238133,0.5,1,76.45
2021-09-28,Louis / DER AU050 (eobs 3264),0,0.14059657,0.5,0,0.15333313
2021-09-28,Sierit  / DER AN858 (eobs2561),0,0.06542343,0.5,0,4.352156
2021-09-29,Angela / DER AY470 (eobs 4001),0,0.86016685,0.5,1,10.006667
2021-09-29,"Ed + (AAL16, e-obs 7210)",0,0.24835584,0.5,0,0.00400551
2021-09-29,Europa / DER A1A26 (eobs 4004),0,0.9458597,0.5,1,24.694977
2021-09-29,Louis / DER AU050 (eobs 3264),0,0.12077302,0.5,0,0.018488385
2021-09-29,Sierit  / DER AN858 (eobs2561),0,0.09440181,0.5,0,4.255688
2021-09-30,Angela / DER AY470 (eobs 4001),0,0.87813836,0.5,1,0.34028038
2021-09-30,"Ed + (AAL16, e-obs 7210)",0,0.27782106,0.5,0,0.06033915
2021-09-30,Europa / DER A1A26 (eobs 4004),0,0.94654614,0.5,1,26.304415
2021-09-30,Louis / DER AU050 (eobs 3264),0,0.084091455,0.5,0,0.6543308
2021-09-30,Sierit  / DER AN858 (eobs2561),0,0.08451998,0.5,0,5.313787
2021-10-01,Angela / DER AY470 (eobs 4001),0,0.86574775,0.5,1,1.0821546
2021-10-01,"Ed + (AAL16, e-obs 7210)",0,0.42265493,0.5,0,0.039080337
2021-10-01,Europa / DER A1A26 (eobs 4004),1,0.9471286,0.5,1,208.46672
2021-10-01,Louis / DER AU050 (eobs 3264),0,0.072777905,0.5,0,0.16041209
2021-10-01,Sierit  / DER AN858 (eobs2561),0,0.17813846,0.5,0,3.748089
2021-10-02,Angela / DER AY470 (eobs 4001),0,0.79336226,0.5,1,6.6101165
2021-10-02,"Ed + (AAL16, e-obs 7210)",0,0.5844223,0.5,1,2.9315338
2021-10-02,Europa / DER A1A26 (eobs 4004),1,0.94403785,0.5,1,38.03003
2021-10-02,Louis / DER AU050 (eobs 3264),0,0.06911287,0.5,0,0.09044265
2021-10-02,Sierit  / DER AN858 (eobs2561),0,0.13949393,0.5,0,1.8064123
2021-10-03,Angela / DER AY470 (eobs 4001),0,0.7202535,0.5,1,4.907639
2021-10-03,"Ed + (AAL16, e-obs 7210)",0,0.46000618,0.5,0,6.0018835
2021-10-03,Europa / DER A1A26 (eobs 4004),0,0.91733587,0.5,1,0.1934125
2021-10-03,Louis / DER AU050 (eobs 3264),0,0.060476832,0.5,0,0.53731364
2021-10-03,Sierit  / DER AN858 (eobs2561),0,0.098363064,0.5,0,1.8865314
2021-10-04,Angela / DER AY470 (eobs 4001),0,0.5837356,0.5,1,0.3902108
2021-10-04,"Ed + (AAL16, e-obs 7210)",0,0.40393558,0.5,0,2.6111681
2021-10-04,Europa / DER A1A26 (eobs 4004),0,0.8901071,0.5,1,5.232947
2021-10-04,Louis / DER AU050 (eobs 3264),0,0.056094743,0.5,0,1.1054984
2021-10-04,Sierit  / DER AN858 (eobs2561),0,0.06238253,0.5,0,0.20239419
2021-10-05,Angela / DER AY470 (eobs 4001),0,0.6199139,0.5,1,3.934836
2021-10-05,"Ed + (AAL16, e-obs 7210)",0,0.18647738,0.5,0,2.8614767
2021-10-05,Europa / DER A1A26 (eobs 4004),0,0.49952516,0.5,0,3.2283156
2021-10-05,Louis / DER AU050 (eobs 3264),0,0.057159066,0.5,0,1.0949353
2021-10-05,Sierit  / DER AN858 (eobs2561),0,0.058439594,0.5,0,0.011339907
2021-10-06,Angela / DER AY470 (eobs 4001),0,0.73045164,0.5,1,4.183551
2021-10-06,"Ed + (AAL16, e-obs 7210)",0,0.27642348,0.5,0,5.9914484
2021-10-06,Europa / DER A1A26 (eobs 4004),0,0.2143182,0.5,0,0.095216915
2021-10-06,Louis / DER AU050 (eobs 3264),0,0.05940013,0.5,0,1.1172156
2021-10-06,Sierit  / DER AN858 (eobs2561),0,0.05069334,0.5,0,5.375244
2021-10-07,Angela / DER AY470 (eobs 4001),0,0.42825705,0.5,0,0.40161505
2021-10-07,"Ed + (AAL16, e-obs 7210)",0,0.18329854,0.5,0,2.9113204
2021-10-07,Europa / DER A1A26 (eobs 4004),0,0.14916006,0.5,0,0.045905188
2021-10-07,Louis / DER AU050 (eobs 3264),0,0.066923484,0.5,0,0.5821312
2021-10-07,Sierit  / DER AN858 (eobs2561),0,0.09771822,0.5,0,0.039354965
2021-10-08,Angela / DER AY470 (eobs 4001),0,0.6423532,0.5,1,1.9177582
2021-10-08,"Ed + (AAL16, e-obs 7210)",0,0.37475356,0.5,0,2.9241755
2021-10-08,Europa / DER A1A26 (eobs 4004),0,0.1126245,0.5,0,0.16186248
2021-10-08,Louis / DER AU050 (eobs 3264),0,0.06638259,0.5,0,0.58053803
2021-10-08,Sierit  / DER AN858 (eobs2561),0,0.0698731,0.5,0,0.114500955
2021-10-09,Angela / DER AY470 (eobs 4001),0,0.6806567,0.5,1,8.261274
2021-10-09,"Ed + (AAL16, e-obs 7210)",0,0.2305209,0.5,0,8.479296
2021-10-09,Europa / DER A1A26 (eobs 4004),0,0.09127779,0.5,0,0.16030826
2021-10-09,Louis / DER AU050 (eobs 3264),0,0.06074567,0.5,0,0.012438214
2021-10-09,Sierit  / DER AN858 (eobs2561),0,0.07153094,0.5,0,0.100131124
2021-10-10,Angela / DER AY470 (eobs 4001),0,0.8364748,0.5,1,1.7770774
2021-10-10,"Ed + (AAL16, e-obs 7210)",1,0.67519784,0.5,1,35.3778
2021-10-10,Europa / DER A1A26 (eobs 4004),0,0.07549988,0.5,0,0.2289495
2021-10-10,Louis / DER AU050 (eobs 3264),0,0.059314597,0.5,0,0.47175318
2021-10-10,Sierit  / DER AN858 (eobs2561),0,0.051868655,0.5,0,0.05213998
2021-10-11,Angela / DER AY470 (eobs 4001),0,0.4277901,0.5,0,2.6656995
2021-10-11,"Ed + (AAL16, e-obs 7210)",1,0.8629054,0.5,1,111.575485
2021-10-11,Europa / DER A1A26 (eobs 4004),0,0.08563625,0.5,0,3.5099351
2021-10-11,Louis / DER AU050 (eobs 3264),0,0.06312122,0.5,0,0.4763022
2021-10-11,Sierit  / DER AN858 (eobs2561),0,0.04750465,0.5,0,5.4568486
2021-10-12,Angela / DER AY470 (eobs 4001),0,0.48889688,0.5,0,0.6322778
2021-10-12,"Ed + (AAL16, e-obs 7210)",1,0.90947133,0.5,1,77.21475
2021-10-12,Europa / DER A1A26 (eobs 4004),0,0.059930053,0.5,0,3.1426313
2021-10-12,Louis / DER AU050 (eobs 3264),0,0.059985127,0.5,0,0.015884947
2021-10-12,Sierit  / DER AN858 (eobs2561),0,0.04622645,0.5,0,0.29283023
2021-10-13,Angela / DER AY470 (eobs 4001),0,0.34521613,0.5,0,2.54931
2021-10-13,"Ed + (AAL16, e-obs 7210)",0,0.87322575,0.5,1,0.42965308
2021-10-13,Europa / DER A1A26 (eobs 4004),0,0.06439255,0.5,0,0.18733026
2021-10-13,Louis / DER AU050 (eobs 3264),0,0.059891462,0.5,0,0.055134736
2021-10-13,Sierit  / DER AN858 (eobs2561),0,0.050967567,0.5,0,0.30851534
2021-10-14,Angela / DER AY470 (eobs 4001),0,0.4808726,0.5,0,4.6072545
2021-10-14,"Ed + (AAL16, e-obs 7210)",1,0.8244027,0.5,1,34.17224
2021-10-14,Europa / DER A1A26 (eobs 4004),0,0.09531179,0.5,0,0.29333368
2021-10-14,Louis / DER AU050 (eobs 3264),0,0.059129264,0.5,0,0.5630676
2021-10-14,Sierit  / DER AN858 (eobs2561),0,0.045739334,0.5,0,0.0020857072
2021-10-15,Angela / DER AY470 (eobs 4001),0,0.4466189,0.5,0,0.37939537
2021-10-15,"Ed + (AAL16, e-obs 7210)",1,0.8355424,0.5,1,108.17221
2021-10-15,Europa / DER A1A26 (eobs 4004),0,0.19769913,0.5,0,0.12687524
2021-10-15,Louis / DER AU050 (eobs 3264),0,0.058495563,0.5,0,0.22546339
2021-10-15,Sierit  / DER AN858 (eobs2561),0,0.051214643,0.5,0,0.014628989
2021-10-16,Angela / DER AY470 (eobs 4001),0,0.36260748,0.5,0,0.2626474
2021-10-16,"Ed + (AAL16, e-obs 7210)",0,0.92311406,0.5,1,0.028130261
2021-10-16,Europa / DER A1A26 (eobs 4004),0,0.0486809,0.5,0,0.171894
2021-10-16,Louis / DER AU050 (eobs 3264),0,0.05460895,0.5,0,0.5014057
2021-10-16,Sierit  / DER AN858 (eobs2561),0,0.053809963,0.5,0,0.1635921
2021-10-17,Angela / DER AY470 (eobs 4001),0,0.39034346,0.5,0,6.671925
2021-10-17,"Ed + (AAL16, e-obs 7210)",0,0.57565665,0.5,1,6.7518454
2021-10-17,Europa / DER A1A26 (eobs 4004),0,0.07426356,0.5,0,0.06911817
2021-10-17,Louis / DER AU050 (eobs 3264),0,0.055831358,0.5,0,0.3841602
2021-10-17,Sierit  / DER AN858 (eobs2561),0,0.05208251,0.5,0,0.20727359
2021-10-18,Angela / DER AY470 (eobs 4001),0,0.622188,0.5,1,3.4420753
2021-10-18,"Ed + (AAL16, e-obs 7210)",1,0.6430083,0.5,1,44.451096
2021-10-18,Europa / DER A1A26 (eobs 4004),0,0.26156873,0.5,0,7.6175394
2021-10-18,Louis / DER AU050 (eobs 3264),0,0.05325708,0.5,0,0.17907928
2021-10-18,Sierit  / DER AN858 (eobs2561),0,0.045194577,0.5,0,0.04257223
2021-10-19,Angela / DER AY470 (eobs 4001),0,0.42535836,0.5,0,1.1799324
2021-10-19,"Ed + (AAL16, e-obs 7210)",0,0.8627418,0.5,1,3.0723412
2021-10-19,Europa / DER A1A26 (eobs 4004),0,0.3356269,0.5,0,0.8083249
2021-10-19,Louis / DER AU050 (eobs 3264),0,0.057591233,0.5,0,0.2043226
2021-10-19,Sierit  / DER AN858 (eobs2561),0,0.050330546,0.5,0,0.028433768
2021-10-20,Angela / DER AY470 (eobs 4001),0,0.29937813,0.5,0,0.21330531
2021-10-20,"Ed + (AAL16, e-obs 7210)",0,0.38646793,0.5,0,26.68896
2021-10-20,Europa / DER A1A26 (eobs 4004),0,0.27028894,0.5,0,2.2168155
2021-10-20,Louis / DER AU050 (eobs 3264),0,0.06369275,0.5,0,0.5246436
2021-10-20,Sierit  / DER AN858 (eobs2561),0,0.05011959,0.5,0,0.022752369
2021-10-21,Angela / DER AY470 (eobs 4001),0,0.29979318,0.5,0,0.71103823
2021-10-21,"Ed + (AAL16, e-obs 7210)",0,0.41556486,0.5,0,0.6031861
2021-10-21,Europa / DER A1A26 (eobs 4004),0,0.2088324,0.5,0,1.0083095
2021-10-21,Louis / DER AU050 (eobs 3264),0,0.06299059,0.5,0,0.4731458
2021-10-21,Sierit  / DER AN858 (eobs2561),0,0.05584481,0.5,0,0.03063213
2021-10-22,Angela / DER AY470 (eobs 4001),0,0.19280475,0.5,0,0.44210705
2021-10-22,"Ed + (AAL16, e-obs 7210)",0,0.25717735,0.5,0,0.7865546
2021-10-22,Europa / DER A1A26 (eobs 4004),0,0.13037784,0.5,0,0.4270481
2021-10-22,Louis / DER AU050 (eobs 3264),0,0.06738712,0.5,0,0.8638801
2021-10-22,Sierit  / DER AN858 (eobs2561),0,0.042637058,0.5,0,0.017561892
2021-10-23,Angela / DER AY470 (eobs 4001),0,0.44400454,0.5,0,3.817691
2021-10-23,"Ed + (AAL16, e-obs 7210)",0,0.21800306,0.5,0,0.120146975
2021-10-23,Europa / DER A1A26 (eobs 4004),0,0.09063121,0.5,0,8.20505
2021-10-23,Louis / DER AU050 (eobs 3264),0,0.057510875,0.5,0,0.97956157
2021-10-23,Sierit  / DER AN858 (eobs2561),0,0.047905296,0.5,0,0.02387426
2021-10-24,Angela / DER AY470 (eobs 4001),0,0.28302217,0.5,0,4.9925327
2021-10-24,"Ed + (AAL16, e-obs 7210)",0,0.19710346,0.5,0,0.2911016
2021-10-24,Europa / DER A1A26 (eobs 4004),0,0.7058341,0.5,1,3.1387563
2021-10-24,Louis / DER AU050 (eobs 3264),0,0.059588317,0.5,0,0.077992156
2021-10-24,Sierit  / DER AN858 (eobs2561),0,0.052154005,0.5,0,5.1996746
2021-10-25,Angela / DER AY470 (eobs 4001),0,0.30056596,0.5,0,0.9192408
2021-10-25,"Ed + (AAL16, e-obs 7210)",0,0.20190611,0.5,0,0.19943133
2021-10-25,Europa / DER A1A26 (eobs 4004),0,0.074657075,0.5,0,0.07311086
2021-10-25,Louis / DER AU050 (eobs 3264),0,0.058041744,0.5,0,0.017163489
2021-10-25,Sierit  / DER AN858 (eobs2561),0,0.07612738,0.5,0,5.1961393
2021-10-26,Angela / DER AY470 (eobs 4001),0,0.15459093,0.5,0,0.6942906
2021-10-26,"Ed + (AAL16, e-obs 7210)",0,0.13199076,0.5,0,0.5451769
2021-10-26,Europa / DER A1A26 (eobs 4004),0,0.101635374,0.5,0,0.3662775
2021-10-26,Louis / DER AU050 (eobs 3264),0,0.059247874,0.5,0,0.029816588
2021-10-26,Sierit  / DER AN858 (eobs2561),0,0.041894525,0.5,0,2.78998
2021-10-27,Angela / DER AY470 (eobs 4001),0,0.1714004,0.5,0,0.40535623
2021-10-27,"Ed + (AAL16, e-obs 7210)",0,0.16764781,0.5,0,0.5624515
2021-10-27,Europa / DER A1A26 (eobs 4004),0,0.049436312,0.5,0,0.40497297
2021-10-27,Louis / DER AU050 (eobs 3264),0,0.07030569,0.5,0,0.48242635
2021-10-27,Sierit  / DER AN858 (eobs2561),0,0.052886512,0.5,0,2.79294
2021-10-28,Angela / DER AY470 (eobs 4001),0,0.17245714,0.5,0,0.41300395
2021-10-28,"Ed + (AAL16, e-obs 7210)",0,0.17524335,0.5,0,3.945123
2021-10-28,Europa / DER A1A26 (eobs 4004),0,0.05914146,0.5,0,0.19457458
2021-10-28,Louis / DER AU050 (eobs 3264),0,0.06831652,0.5,0,0.71137893
2021-10-28,Sierit  / DER AN858 (eobs2561),0,0.042309575,0.5,0,0.0060279127
2021-10-29,Angela / DER AY470 (eobs 4001),0,0.22664674,0.5,0,0.3642674
2021-10-29,"Ed + (AAL16, e-obs 7210)",0,0.32544655,0.5,0,4.9620266
2021-10-29,Europa / DER A1A26 (eobs 4004),0,0.13445869,0.5,0,6.6626015
2021-10-29,Louis / DER AU050 (eobs 3264),0,0.06716205,0.5,0,0.44881675
2021-10-29,Sierit  / DER AN858 (eobs2561),0,0.043141752,0.5,0,5.5130076
2021-10-30,Angela / DER AY470 (eobs 4001),0,0.17069757,0.5,0,0.5976834
2021-10-30,"Ed + (AAL16, e-obs 7210)",0,0.37187028,0.5,0,0.57112414
2021-10-30,Europa / DER A1A26 (eobs 4004),0,0.24750547,0.5,0,9.875549
2021-10-30,Louis / DER AU050 (eobs 3264),0,0.06598618,0.5,0,0.48978877
2021-10-30,Sierit  / DER AN858 (eobs2561),0,0.051326025,0.5,0,0.7439245
2021-10-31,Angela / DER AY470 (eobs 4001),0,0.20939805,0.5,0,0.5132306
2021-10-31,"Ed + (AAL16, e-obs 7210)",0,0.26864788,0.5,0,0.6841221
2021-10-31,Europa / DER A1A26 (eobs 4004),0,0.1446395,0.5,0,5.9384594
2021-10-31,Louis / DER AU050 (eobs 3264),0,0.059183348,0.5,0,0.6761791
2021-10-31,Sierit  / DER AN858 (eobs2561),0,0.0554439,0.5,0,0.025916224
2021-11-01,Angela / DER AY470 (eobs 4001),0,0.13262616,0.5,0,0.14018613
2021-11-01,"Ed + (AAL16, e-obs 7210)",0,0.2173556,0.5,0,7.9106402
2021-11-01,Europa / DER A1A26 (eobs 4004),0,0.05917202,0.5,0,0.0064747115
2021-11-01,Louis / DER AU050 (eobs 3264),0,0.0649302,0.5,0,0.60867715
2021-11-01,Sierit  / DER AN858 (eobs2561),0,0.044422522,0.5,0,6.0521283
2021-11-02,Angela / DER AY470 (eobs 4001),0,0.13498051,0.5,0,0.33487198
2021-11-02,"Ed + (AAL16, e-obs 7210)",0,0.26385972,0.5,0,0.12514307
2021-11-02,Europa / DER A1A26 (eobs 4004),0,0.14531244,0.5,0,0.040410653
2021-11-02,Louis / DER AU050 (eobs 3264),0,0.05208675,0.5,0,0.05763212
2021-11-02,Sierit  / DER AN858 (eobs2561),0,0.0451415,0.5,0,0.13860232
2021-11-03,Angela / DER AY470 (eobs 4001),0,0.21842954,0.5,0,1.7033008
2021-11-03,"Ed + (AAL16, e-obs 7210)",0,0.22730266,0.5,0,0.19002093
2021-11-03,Europa / DER A1A26 (eobs 4004),0,0.056276396,0.5,0,0.034721166
2021-11-03,Louis / DER AU050 (eobs 3264),0,0.059797406,0.5,0,0.26560953
2021-11-03,Sierit  / DER AN858 (eobs2561),0,0.040511146,0.5,0,0.20390041
2021-11-04,Angela / DER AY470 (eobs 4001),0,0.18343881,0.5,0,9.449544
2021-11-04,"Ed + (AAL16, e-obs 7210)",0,0.20192525,0.5,0,5.3814263
2021-11-04,Europa / DER A1A26 (eobs 4004),0,0.068924285,0.5,0,3.0824177
2021-11-04,Louis / DER AU050 (eobs 3264),0,0.060176585,0.5,0,0.11704492
2021-11-04,Sierit  / DER AN858 (eobs2561),0,0.043819483,0.5,0,0.19700293
2021-11-05,Angela / DER AY470 (eobs 4001),0,0.17060794,0.5,0,16.077393
2021-11-05,"Ed + (AAL16, e-obs 7210)",0,0.18744561,0.5,0,1.9892833
2021-11-05,Europa / DER A1A26 (eobs 4004),0,0.058200847,0.5,0,0.06956194
2021-11-05,Louis / DER AU050 (eobs 3264),0,0.06260855,0.5,0,0.55171835
2021-11-05,Sierit  / DER AN858 (eobs2561),0,0.035761803,0.5,0,0.037201963
2021-11-06,Angela / DER AY470 (eobs 4001),0,0.48217115,0.5,0,0.2387016
2021-11-06,"Ed + (AAL16, e-obs 7210)",0,0.2721387,0.5,0,6.079938
2021-11-06,Europa / DER A1A26 (eobs 4004),0,0.09393382,0.5,0,0.08565905
2021-11-06,Louis / DER AU050 (eobs 3264),0,0.06330131,0.5,0,0.775325
2021-11-06,Sierit  / DER AN858 (eobs2561),0,0.045706257,0.5,0,0.20685558
2021-11-07,Angela / DER AY470 (eobs 4001),0,0.33490664,0.5,0,0.10582324
2021-11-07,"Ed + (AAL16, e-obs 7210)",0,0.12755185,0.5,0,7.6920037
2021-11-07,Europa / DER A1A26 (eobs 4004),0,0.04446594,0.5,0,7.0159526
2021-11-07,Louis / DER AU050 (eobs 3264),0,0.054109823,0.5,0,0.6724081
2021-11-07,Sierit  / DER AN858 (eobs2561),0,0.038279608,0.5,0,5.8846273
2021-11-08,Angela / DER AY470 (eobs 4001),0,0.5025214,0.5,1,0.064944744
2021-11-08,"Ed + (AAL16, e-obs 7210)",0,0.22569591,0.5,0,7.339819
2021-11-08,Europa / DER A1A26 (eobs 4004),0,0.09392955,0.5,0,1.3833815
2021-11-08,Louis / DER AU050 (eobs 3264),0,0.05713057,0.5,0,1.2862917
2021-11-08,Sierit  / DER AN858 (eobs2561),0,0.061214186,0.5,0,0.5659935
2021-11-09,Angela / DER AY470 (eobs 4001),0,0.21456975,0.5,0,0.081328504
2021-11-09,"Ed + (AAL16, e-obs 7210)",0,0.1623853,0.5,0,1.6720436
2021-11-09,Europa / DER A1A26 (eobs 4004),0,0.10092496,0.5,0,5.800771
2021-11-09,Louis / DER AU050 (eobs 3264),0,0.055198617,0.5,0,0.013858133
2021-11-09,Sierit  / DER AN858 (eobs2561),0,0.038087867,0.5,0,5.524
2021-11-10,Angela / DER AY470 (eobs 4001),0,0.26663038,0.5,0,0.10999312
2021-11-10,"Ed + (AAL16, e-obs 7210)",0,0.14172544,0.5,0,8.237499
2021-11-10,Europa / DER A1A26 (eobs 4004),0,0.06761583,0.5,0,2.575967
2021-11-10,Louis / DER AU050 (eobs 3264),0,0.05853786,0.5,0,1.2967801
2021-11-10,Sierit  / DER AN858 (eobs2561),0,0.041465554,0.5,0,4.9820533
2021-11-11,Angela / DER AY470 (eobs 4001),0,0.19490176,0.5,0,0.14194717
2021-11-11,"Ed + (AAL16, e-obs 7210)",0,0.19195136,0.5,0,0.16150384
2021-11-11,Europa / DER A1A26 (eobs 4004),0,0.073374175,0.5,0,3.3066163
2021-11-11,Louis / DER AU050 (eobs 3264),0,0.055563886,0.5,0,1.0354911
2021-11-11,Sierit  / DER AN858 (eobs2561),0,0.04401117,0.5,0,2.5771794
2021-11-12,Angela / DER AY470 (eobs 4001),0,0.15610065,0.5,0,0.061494198
2021-11-12,"Ed + (AAL16, e-obs 7210)",0,0.22929074,0.5,0,0.54006726
2021-11-12,Europa / DER A1A26 (eobs 4004),0,0.07855863,0.5,0,3.3041394
2021-11-12,Louis / DER AU050 (eobs 3264),0,0.05728017,0.5,0,0.2685425
2021-11-12,Sierit  / DER AN858 (eobs2561),0,0.04910511,0.5,0,0.0070431144
2021-11-13,Angela / DER AY470 (eobs 4001),0,0.24169615,0.5,0,0.062181063
2021-11-13,"Ed + (AAL16, e-obs 7210)",0,0.14669554,0.5,0,0.68302286
2021-11-13,Europa / DER A1A26 (eobs 4004),0,0.062294174,0.5,0,13.664598
2021-11-13,Louis / DER AU050 (eobs 3264),0,0.055119935,0.5,0,0.14772956
2021-11-13,Sierit  / DER AN858 (eobs2561),0,0.042993832,0.5,0,0.017877828
2021-11-14,Angela / DER AY470 (eobs 4001),0,0.23368819,0.5,0,0.0036064533
2021-11-14,"Ed + (AAL16, e-obs 7210)",0,0.1581331,0.5,0,0.022318022
2021-11-14,Europa / DER A1A26 (eobs 4004),0,0.7232766,0.5,1,1.3398452
2021-11-14,Louis / DER AU050 (eobs 3264),0,0.05331147,0.5,0,0.6401198
2021-11-14,Sierit  / DER AN858 (eobs2561),0,0.04037634,0.5,0,0.004625628
2021-11-15,Angela / DER AY470 (eobs 4001),0,0.23227417,0.5,0,0.07312759
2021-11-15,"Ed + (AAL16, e-obs 7210)",0,0.20729864,0.5,0,0.0038858312
2021-11-15,Europa / DER A1A26 (eobs 4004),0,0.5940644,0.5,1,7.1507955
2021-11-15,Louis / DER AU050 (eobs 3264),0,0.05240796,0.5,0,0.6527994
2021-11-15,Sierit  / DER AN858 (eobs2561),0,0.041573428,0.5,0,0.00520977
2021-11-16,Angela / DER AY470 (eobs 4001),0,0.25407204,0.5,0,8.391803
2021-11-16,"Ed + (AAL16, e-obs 7210)",0,0.13147192,0.5,0,1.4938662
2021-11-16,Europa / DER A1A26 (eobs 4004),0,0.75716746,0.5,1,0.11092278
2021-11-16,Louis / DER AU050 (eobs 3264),0,0.05537908,0.5,0,0.6138074
2021-11-16,Sierit  / DER AN858 (eobs2561),0,0.041509524,0.5,0,5.793946
2021-11-17,Angela / DER AY470 (eobs 4001),0,0.48029038,0.5,0,8.645005
2021-11-17,"Ed + (AAL16, e-obs 7210)",0,0.13678268,0.5,0,1.4654425
2021-11-17,Europa / DER A1A26 (eobs 4004),0,0.5707355,0.5,1,0.08312205
2021-11-17,Louis / DER AU050 (eobs 3264),0,0.049940173,0.5,0,0.029957065
2021-11-17,Sierit  / DER AN858 (eobs2561),0,0.036864087,0.5,0,0.03464317
2021-11-18,Angela / DER AY470 (eobs 4001),0,0.21353243,0.5,0,0.3609992
2021-11-18,"Ed + (AAL16, e-obs 7210)",0,0.14535683,0.5,0,0.10513765
2021-11-18,Europa / DER A1A26 (eobs 4004),0,0.29069448,0.5,0,5.860239
2021-11-18,Louis / DER AU050 (eobs 3264),0,0.048872318,0.5,0,0.10165449
2021-11-18,Sierit  / DER AN858 (eobs2561),0,0.042241,0.5,0,0.01639874
2021-11-19,Angela / DER AY470 (eobs 4001),0,0.20815785,0.5,0,0.15415424
2021-11-19,"Ed + (AAL16, e-obs 7210)",0,0.15851854,0.5,0,0.2136962
2021-11-19,Europa / DER A1A26 (eobs 4004),0,0.4215401,0.5,0,1.6258845
2021-11-19,Louis / DER AU050 (eobs 3264),0,0.05068437,0.5,0,0.20216304
2021-11-19,Sierit  / DER AN858 (eobs2561),0,0.034266796,0.5,0,0.015242211
2021-11-20,Angela / DER AY470 (eobs 4001),0,0.19290291,0.5,0,0.07168364
2021-11-20,"Ed + (AAL16, e-obs 7210)",0,0.18980546,0.5,0,0.05755063
2021-11-20,Europa / DER A1A26 (eobs 4004),0,0.23947817,0.5,0,0.13263825
2021-11-20,Louis / DER AU050 (eobs 3264),0,0.045731552,0.5,0,0.8338525
2021-11-20,Sierit  / DER AN858 (eobs2561),0,0.032000158,0.5,0,5.833233
2021-11-21,Angela / DER AY470 (eobs 4001),0,0.1843902,0.5,0,0.07181766
2021-11-21,"Ed + (AAL16, e-obs 7210)",0,0.2342683,0.5,0,0.1383601
2021-11-21,Europa / DER A1A26 (eobs 4004),0,0.25543216,0.5,0,7.0392184
2021-11-21,Louis / DER AU050 (eobs 3264),0,0.046176188,0.5,0,0.6992246
2021-11-21,Sierit  / DER AN858 (eobs2561),0,0.038873877,0.5,0,0.017966196
2021-11-22,Angela / DER AY470 (eobs 4001),0,0.15684912,0.5,0,0.021005401
2021-11-22,"Ed + (AAL16, e-obs 7210)",0,0.14055486,0.5,0,7.5501733
2021-11-22,Europa / DER A1A26 (eobs 4004),0,0.688447,0.5,1,4.805337
2021-11-22,Louis / DER AU050 (eobs 3264),0,0.043471556,0.5,0,0.6920851
2021-11-22,Sierit  / DER AN858 (eobs2561),0,0.031255085,0.5,0,0.010373164
2021-11-23,Angela / DER AY470 (eobs 4001),0,0.15660802,0.5,0,0.19751658
2021-11-23,"Ed + (AAL16, e-obs 7210)",0,0.23823349,0.5,0,7.192826
2021-11-23,Europa / DER A1A26 (eobs 4004),0,0.21040647,0.5,0,14.757829
2021-11-23,Louis / DER AU050 (eobs 3264),0,0.045263518,0.5,0,0.88182724
2021-11-23,Sierit  / DER AN858 (eobs2561),0,0.0321996,0.5,0,5.7385035
2021-11-24,Angela / DER AY470 (eobs 4001),0,0.1546686,0.5,0,8.664485
2021-11-24,"Ed + (AAL16, e-obs 7210)",0,0.1661466,0.5,0,0.58198935
2021-11-24,Europa / DER A1A26 (eobs 4004),0,0.29398862,0.5,0,0.0076360875
2021-11-24,Louis / DER AU050 (eobs 3264),0,0.052476965,0.5,0,0.011002328
2021-11-24,Sierit  / DER AN858 (eobs2561),0,0.04032218,0.5,0,4.6212835
2021-11-25,Angela / DER AY470 (eobs 4001),0,0.16414204,0.5,0,8.873549
2021-11-25,"Ed + (AAL16, e-obs 7210)",0,0.15139766,0.5,0,0.100206554
2021-11-25,Europa / DER A1A26 (eobs 4004),0,0.39084807,0.5,0,1.2534872
2021-11-25,Louis / DER AU050 (eobs 3264),0,0.049218435,0.5,0,0.8317942
2021-11-25,Sierit  / DER AN858 (eobs2561),0,0.03262953,0.5,0,1.9052883
2021-11-26,Angela / DER AY470 (eobs 4001),0,0.18087168,0.5,0,0.3189622
2021-11-26,"Ed + (AAL16, e-obs 7210)",0,0.12593167,0.5,0,0.52317804
2021-11-26,Europa / DER A1A26 (eobs 4004),0,0.44247097,0.5,0,12.873242
2021-11-26,Louis / DER AU050 (eobs 3264),0,0.043907598,0.5,0,0.8212494
2021-11-26,Sierit  / DER AN858 (eobs2561),0,0.034800343,0.5,0,0.5495118
2021-11-27,Angela / DER AY470 (eobs 4001),0,0.23828107,0.5,0,8.497157
2021-11-27,"Ed + (AAL16, e-obs 7210)",0,0.12365038,0.5,0,0.2066007
2021-11-27,Europa / DER A1A26 (eobs 4004),0,0.647782,0.5,1,11.890416
2021-11-27,Louis / DER AU050 (eobs 3264),0,0.044087548,0.5,0,1.5533768
2021-11-27,Sierit  / DER AN858 (eobs2561),0,0.032734,0.5,0,2.0426009
2021-11-28,Angela / DER AY470 (eobs 4001),0,0.28427196,0.5,0,0.581272
2021-11-28,"Ed + (AAL16, e-obs 7210)",0,0.13656378,0.5,0,18.79178
2021-11-28,Europa / DER A1A26 (eobs 4004),0,0.61107963,0.5,1,14.052992
2021-11-28,Louis / DER AU050 (eobs 3264),0,0.04158088,0.5,0,4.1077957
2021-11-28,Sierit  / DER AN858 (eobs2561),0,0.031002464,0.5,0,2.2109916
2021-11-29,Angela / DER AY470 (eobs 4001),0,0.20653734,0.5,0,8.941199
2021-11-29,"Ed + (AAL16, e-obs 7210)",0,0.79100144,0.5,1,29.809536
2021-11-29,Europa / DER A1A26 (eobs 4004),0,0.6174815,0.5,1,4.110545
2021-11-29,Louis / DER AU050 (eobs 3264),0,0.050534096,0.5,0,4.083671
2021-11-29,Sierit  / DER AN858 (eobs2561),0,0.036753237,0.5,0,7.8996015
2021-11-30,Angela / DER AY470 (eobs 4001),0,0.22989623,0.5,0,0.88680494
2021-11-30,"Ed + (AAL16, e-obs 7210)",0,0.7781444,0.5,1,0.014836833
2021-11-30,Europa / DER A1A26 (eobs 4004),0,0.49346507,0.5,0,8.688307
2021-11-30,Louis / DER AU050 (eobs 3264),0,0.04129086,0.5,0,0.026846636
2021-11-30,Sierit  / DER AN858 (eobs2561),0,0.02976848,0.5,0,5.750991
2021-12-01,Angela / DER AY470 (eobs 4001),0,0.2108049,0.5,0,9.194316
2021-12-01,"Ed + (AAL16, e-obs 7210)",0,0.7052351,0.5,1,0.12680684
2021-12-01,Europa / DER A1A26 (eobs 4004),0,0.40363896,0.5,0,1.7902683
2021-12-01,Sierit  / DER AN858 (eobs2561),0,0.033611957,0.5,0,2.758528
2021-12-02,Angela / DER AY470 (eobs 4001),0,0.26255444,0.5,0,9.255676
2021-12-02,"Ed + (AAL16, e-obs 7210)",0,0.35333762,0.5,0,0.05885221
2021-12-02,Europa / DER A1A26 (eobs 4004),0,0.4891239,0.5,0,8.415055
2021-12-02,Sierit  / DER AN858 (eobs2561),0,0.029946063,0.5,0,3.1848936
2021-12-03,Angela / DER AY470 (eobs 4001),0,0.17809626,0.5,0,9.307911
2021-12-03,"Ed + (AAL16, e-obs 7210)",0,0.3603496,0.5,0,0.027199188
2021-12-03,Europa / DER A1A26 (eobs 4004),0,0.515188,0.5,1,6.938135
2021-12-03,Sierit  / DER AN858 (eobs2561),0,0.031174278,0.5,0,6.231385
2021-12-04,"Ed + (AAL16, e-obs 7210)",0,0.2817763,0.5,0,0.07309327
2021-12-04,Europa / DER A1A26 (eobs 4004),0,0.2676325,0.5,0,2.1676369
2021-12-04,Sierit  / DER AN858 (eobs2561),0,0.032270882,0.5,0,1.5410664
2021-12-05,"Ed + (AAL16, e-obs 7210)",1,0.36012977,0.5,0,38.41535
2021-12-05,Europa / DER A1A26 (eobs 4004),0,0.30239007,0.5,0,9.897474
2021-12-05,Sierit  / DER AN858 (eobs2561),0,0.033561964,0.5,0,0.01639421
2021-12-06,"Ed + (AAL16, e-obs 7210)",0,0.7654003,0.5,1,6.974833
2021-12-06,Europa / DER A1A26 (eobs 4004),0,0.42716727,0.5,0,4.412618
2021-12-06,Sierit  / DER AN858 (eobs2561),0,0.029104564,0.5,0,0.05964574
2021-12-07,"Ed + (AAL16, e-obs 7210)",0,0.5784149,0.5,1,0.8022453
2021-12-07,Europa / DER A1A26 (eobs 4004),0,0.29373783,0.5,0,0.046932478
2021-12-07,Sierit  / DER AN858 (eobs2561),0,0.031269927,0.5,0,1.7215265
2021-12-08,"Ed + (AAL16, e-obs 7210)",0,0.54865795,0.5,1,0.031112377
2021-12-08,Europa / DER A1A26 (eobs 4004),0,0.23209777,0.5,0,0.06381012
2021-12-08,Sierit  / DER AN858 (eobs2561),0,0.03037561,0.5,0,0.6149232
2021-12-09,"Ed + (AAL16, e-obs 7210)",0,0.317917,0.5,0,0.0068724533
2021-12-09,Europa / DER A1A26 (eobs 4004),0,0.17950097,0.5,0,6.022703
2021-12-09,Sierit  / DER AN858 (eobs2561),0,0.029771607,0.5,0,2.3552437
2021-12-10,"Ed + (AAL16, e-obs 7210)",0,0.2875028,0.5,0,8.361338
2021-12-10,Europa / DER A1A26 (eobs 4004),0,0.16376038,0.5,0,9.788819
2021-12-10,Sierit  / DER AN858 (eobs2561),0,0.030909315,0.5,0,0.46378702
2021-12-11,"Ed + (AAL16, e-obs 7210)",0,0.38150117,0.5,0,0.1025608
2021-12-11,Europa / DER A1A26 (eobs 4004),0,0.1744265,0.5,0,4.3508286
2021-12-11,Sierit  / DER AN858 (eobs2561),0,0.029257104,0.5,0,2.8140428
2021-12-12,"Ed + (AAL16, e-obs 7210)",0,0.2998691,0.5,0,0.37814945
2021-12-12,Europa / DER A1A26 (eobs 4004),0,0.18389063,0.5,0,8.627375
2021-12-12,Sierit  / DER AN858 (eobs2561),0,0.030618176,0.5,0,2.036191
2021-12-13,"Ed + (AAL16, e-obs 7210)",0,0.24952102,0.5,0,0.43262073
2021-12-13,Europa / DER A1A26 (eobs 4004),0,0.30750328,0.5,0,4.1316643
2021-12-13,Sierit  / DER AN858 (eobs2561),0,0.032808334,0.5,0,1.7379061
2021-12-14,"Ed + (AAL16, e-obs 7210)",0,0.21783581,0.5,0,14.776154
2021-12-14,Europa / DER A1A26 (eobs 4004),0,0.22598338,0.5,0,14.31454
2021-12-14,Sierit  / DER AN858 (eobs2561),0,0.029324498,0.5,0,0.3296512
2021-12-15,"Ed + (AAL16, e-obs 7210)",1,0.58482033,0.5,1,33.100163
2021-12-15,Europa / DER A1A26 (eobs 4004),0,0.33491266,0.5,0,14.070197
2021-12-15,Sierit  / DER AN858 (eobs2561),0,0.031763673,0.5,0,0.023441292
2021-12-16,"Ed + (AAL16, e-obs 7210)",0,0.6505758,0.5,1,0.03861766
2021-12-16,Europa / DER A1A26 (eobs 4004),0,0.40201926,0.5,0,1.1569728
2021-12-16,Sierit  / DER AN858 (eobs2561),0,0.028587036,0.5,0,0.020130347
2021-12-17,"Ed + (AAL16, e-obs 7210)",0,0.46433684,0.5,0,0.12663935
2021-12-17,Europa / DER A1A26 (eobs 4004),0,0.5502276,0.5,1,1.3109632
2021-12-17,Sierit  / DER AN858 (eobs2561),0,0.028887652,0.5,0,7.795513
2021-12-18,"Ed + (AAL16, e-obs 7210)",0,0.5533968,0.5,1,0.04160899
2021-12-18,Europa / DER A1A26 (eobs 4004),0,0.43356413,0.5,0,0.70604455
2021-12-18,Sierit  / DER AN858 (eobs2561),0,0.02869417,0.5,0,0.016947057
2021-12-19,"Ed + (AAL16, e-obs 7210)",0,0.27099097,0.5,0,0.028630054
2021-12-19,Europa / DER A1A26 (eobs 4004),0,0.15709469,0.5,0,0.7241387
2021-12-20,"Ed + (AAL16, e-obs 7210)",0,0.3338309,0.5,0,0.018660162
2021-12-20,Europa / DER A1A26 (eobs 4004),0,0.11694008,0.5,0,1.6719937
2021-12-21,"Ed + (AAL16, e-obs 7210)",0,0.21438041,0.5,0,0.03458866
2021-12-21,Europa / DER A1A26 (eobs 4004),0,0.09764118,0.5,0,4.0282354
2021-12-22,"Ed + (AAL16, e-obs 7210)",0,0.24127223,0.5,0,0.024191558
2021-12-22,Europa / DER A1A26 (eobs 4004),0,0.1583562,0.5,0,5.0934963
2021-12-23,"Ed + (AAL16, e-obs 7210)",0,0.25299495,0.5,0,0.048608717
2021-12-23,Europa / DER A1A26 (eobs 4004),0,0.19550893,0.5,0,1.4405906
2021-12-24,Europa / DER A1A26 (eobs 4004),0,0.13406989,0.5,0,6.1918306
2021-12-25,Europa / DER A1A26 (eobs 4004),0,0.18712036,0.5,0,7.0769367
2021-12-26,Europa / DER A1A26 (eobs 4004),0,0.23806538,0.5,0,3.0275865
2021-12-27,Europa / DER A1A26 (eobs 4004),0,0.21456185,0.5,0,2.8940406
2021-12-28,Europa / DER A1A26 (eobs 4004),0,0.11231445,0.5,0,1.6576929
2021-12-29,Europa / DER A1A26 (eobs 4004),0,0.27636307,0.5,0,0.5952469
2021-12-30,Europa / DER A1A26 (eobs 4004),0,0.11735888,0.5,0,0.61469203
2021-12-31,Europa / DER A1A26 (eobs 4004),0,0.09861099,0.5,0,2.7749054
2022-09-21,Angela / DER AY470 (eobs 4001),0,0.42340586,0.5,0,2.3869326
2022-09-21,Europa / DER A1A26 (eobs 4004),0,0.8077822,0.5,1,5.227105
2022-09-21,Louis / DER AU050 (eobs 3264),0,0.07836328,0.5,0,0.6327675
2022-09-22,Angela / DER AY470 (eobs 4001),0,0.41110474,0.5,0,2.8823466
2022-09-22,Europa / DER A1A26 (eobs 4004),0,0.89952534,0.5,1,6.70246
2022-09-22,Louis / DER AU050 (eobs 3264),0,0.09206865,0.5,0,0.5620198
2022-09-23,Angela / DER AY470 (eobs 4001),0,0.2821503,0.5,0,2.9643197
2022-09-23,Europa / DER A1A26 (eobs 4004),1,0.87286,0.5,1,254.64507
2022-09-23,Louis / DER AU050 (eobs 3264),0,0.076306894,0.5,0,0.6888004
2022-09-24,Angela / DER AY470 (eobs 4001),0,0.4836536,0.5,0,2.9558094
2022-09-24,Europa / DER A1A26 (eobs 4004),0,0.8999905,0.5,1,15.874588
2022-09-24,Louis / DER AU050 (eobs 3264),0,0.08427903,0.5,0,0.91697294
2022-09-25,Angela / DER AY470 (eobs 4001),0,0.6383328,0.5,1,1.6003056
2022-09-25,Europa / DER A1A26 (eobs 4004),1,0.86819106,0.5,1,52.24006
2022-09-25,Louis / DER AU050 (eobs 3264),0,0.074921295,0.5,0,0.30827552
2022-09-26,Angela / DER AY470 (eobs 4001),0,0.6917753,0.5,1,1.7452918
2022-09-26,Europa / DER A1A26 (eobs 4004),0,0.85631514,0.5,1,16.064808
2022-09-26,Louis / DER AU050 (eobs 3264),0,0.07921206,0.5,0,0.072279364
2022-09-27,Angela / DER AY470 (eobs 4001),0,0.6957046,0.5,1,0.07597467
2022-09-27,Europa / DER A1A26 (eobs 4004),0,0.75717276,0.5,1,0.053488355
2022-09-27,Louis / DER AU050 (eobs 3264),0,0.090871654,0.5,0,0.29821277
2022-09-28,Angela / DER AY470 (eobs 4001),0,0.7639506,0.5,1,0.034871653
2022-09-28,Europa / DER A1A26 (eobs 4004),0,0.52482826,0.5,1,0.08048585
2022-09-28,Louis / DER AU050 (eobs 3264),0,0.08630118,0.5,0,0.28415862
2022-09-29,Angela / DER AY470 (eobs 4001),0,0.57679695,0.5,1,0.019562498
2022-09-29,Europa / DER A1A26 (eobs 4004),0,0.40838593,0.5,0,0.048539326
2022-09-29,Louis / DER AU050 (eobs 3264),0,0.0772668,0.5,0,0.062680274
2022-09-30,Angela / DER AY470 (eobs 4001),0,0.5599707,0.5,1,0.007281741
2022-09-30,Europa / DER A1A26 (eobs 4004),0,0.16278327,0.5,0,0.023235692
2022-09-30,Louis / DER AU050 (eobs 3264),0,0.08767286,0.5,0,0.086151816
2022-10-01,Angela / DER AY470 (eobs 4001),0,0.46652082,0.5,0,2.265682
2022-10-01,Europa / DER A1A26 (eobs 4004),0,0.29719174,0.5,0,0.041536424
2022-10-01,Louis / DER AU050 (eobs 3264),0,0.08294811,0.5,0,0.020807263
2022-10-02,Angela / DER AY470 (eobs 4001),0,0.35537252,0.5,0,0.5695768
2022-10-02,Europa / DER A1A26 (eobs 4004),0,0.48208863,0.5,0,0.04430339
2022-10-02,Louis / DER AU050 (eobs 3264),0,0.0747432,0.5,0,0.7932652
2022-10-03,Angela / DER AY470 (eobs 4001),0,0.2592136,0.5,0,2.898329
2022-10-03,Europa / DER A1A26 (eobs 4004),0,0.28545868,0.5,0,0.38167366
2022-10-03,Louis / DER AU050 (eobs 3264),0,0.08210185,0.5,0,0.7818136
2022-10-04,Angela / DER AY470 (eobs 4001),0,0.27802512,0.5,0,2.9099488
2022-10-04,Europa / DER A1A26 (eobs 4004),0,0.39574087,0.5,0,6.421291
2022-10-04,Louis / DER AU050 (eobs 3264),0,0.06898279,0.5,0,1.4880724
2022-10-05,Angela / DER AY470 (eobs 4001),0,0.3169276,0.5,0,0.20890214
2022-10-05,Europa / DER A1A26 (eobs 4004),0,0.6974976,0.5,1,6.3952804
2022-10-05,Louis / DER AU050 (eobs 3264),0,0.07669086,0.5,0,3.0710762
2022-10-06,Angela / DER AY470 (eobs 4001),0,0.23530781,0.5,0,0.029128574
2022-10-06,Europa / DER A1A26 (eobs 4004),0,0.14310592,0.5,0,6.169369
2022-10-06,Louis / DER AU050 (eobs 3264),0,0.06775551,0.5,0,0.4196131
2022-10-07,Angela / DER AY470 (eobs 4001),0,0.22107601,0.5,0,0.040411428
2022-10-07,Europa / DER A1A26 (eobs 4004),0,0.32870218,0.5,0,6.1604486
2022-10-07,Louis / DER AU050 (eobs 3264),0,0.068265274,0.5,0,1.2787738
2022-10-08,Angela / DER AY470 (eobs 4001),0,0.22744775,0.5,0,2.1368468
2022-10-08,Europa / DER A1A26 (eobs 4004),0,0.086970545,0.5,0,0.22824006
2022-10-08,Louis / DER AU050 (eobs 3264),0,0.08122117,0.5,0,2.0391748
2022-10-09,Angela / DER AY470 (eobs 4001),0,0.5395139,0.5,1,2.241792
2022-10-09,Europa / DER A1A26 (eobs 4004),0,0.17003019,0.5,0,0.11129922
2022-10-09,Louis / DER AU050 (eobs 3264),0,0.06723035,0.5,0,1.6566998
2022-10-10,Angela / DER AY470 (eobs 4001),0,0.16989665,0.5,0,0.44068632
2022-10-10,Europa / DER A1A26 (eobs 4004),0,0.36501652,0.5,0,0.21808122
2022-10-10,Louis / DER AU050 (eobs 3264),0,0.08718839,0.5,0,29.08136
2022-10-11,Angela / DER AY470 (eobs 4001),0,0.20109196,0.5,0,2.579863
2022-10-11,Europa / DER A1A26 (eobs 4004),0,0.19348879,0.5,0,2.113832
2022-10-11,Louis / DER AU050 (eobs 3264),0,0.7248236,0.5,1,0.02594392
2022-10-12,Angela / DER AY470 (eobs 4001),0,0.28796867,0.5,0,2.0046957
2022-10-12,Europa / DER A1A26 (eobs 4004),0,0.5340454,0.5,1,4.0870786
2022-10-12,Louis / DER AU050 (eobs 3264),0,0.28156355,0.5,0,0.28662333
2022-10-13,Angela / DER AY470 (eobs 4001),0,0.15466155,0.5,0,0.2918879
2022-10-13,Europa / DER A1A26 (eobs 4004),0,0.38685668,0.5,0,6.070499
2022-10-13,Louis / DER AU050 (eobs 3264),0,0.15411922,0.5,0,0.33064634
2022-10-14,Angela / DER AY470 (eobs 4001),0,0.19630672,0.5,0,1.7117531
2022-10-14,Europa / DER A1A26 (eobs 4004),0,0.0506198,0.5,0,6.6784935
2022-10-14,Louis / DER AU050 (eobs 3264),0,0.120098285,0.5,0,0.25348932
2022-10-15,Angela / DER AY470 (eobs 4001),0,0.33487314,0.5,0,1.5705657
2022-10-15,Europa / DER A1A26 (eobs 4004),0,0.23393002,0.5,0,6.6608067
2022-10-15,Louis / DER AU050 (eobs 3264),0,0.10533325,0.5,0,0.23428509
2022-10-16,Angela / DER AY470 (eobs 4001),0,0.13422358,0.5,0,2.0787725
2022-10-16,Europa / DER A1A26 (eobs 4004),0,0.0475001,0.5,0,6.291921
2022-10-16,Louis / DER AU050 (eobs 3264),0,0.12158381,0.5,0,0.85371745
2022-10-17,Angela / DER AY470 (eobs 4001),0,0.24433474,0.5,0,2.1349616
2022-10-17,Europa / DER A1A26 (eobs 4004),0,0.19864012,0.5,0,6.274983
2022-10-17,Louis / DER AU050 (eobs 3264),0,0.09323153,0.5,0,0.6221683
2022-10-18,Angela / DER AY470 (eobs 4001),0,0.14225654,0.5,0,5.858956
2022-10-18,Europa / DER A1A26 (eobs 4004),0,0.04177491,0.5,0,8.052187
2022-10-18,Louis / DER AU050 (eobs 3264),0,0.10845115,0.5,0,0.24797596
2022-10-19,Angela / DER AY470 (eobs 4001),0,0.35599953,0.5,0,1.7049724
2022-10-19,Europa / DER A1A26 (eobs 4004),0,0.14481477,0.5,0,2.0097353
2022-10-19,Louis / DER AU050 (eobs 3264),0,0.10836045,0.5,0,0.45609736
2022-10-20,Angela / DER AY470 (eobs 4001),0,0.16432233,0.5,0,4.330695
2022-10-20,Europa / DER A1A26 (eobs 4004),0,0.0579115,0.5,0,6.3036413
2022-10-20,Louis / DER AU050 (eobs 3264),0,0.090179816,0.5,0,0.7133239
2022-10-21,Angela / DER AY470 (eobs 4001),0,0.19408731,0.5,0,0.5120532
2022-10-21,Europa / DER A1A26 (eobs 4004),0,0.099849425,0.5,0,6.0617127
2022-10-21,Louis / DER AU050 (eobs 3264),0,0.10342619,0.5,0,0.8235549
2022-10-22,Angela / DER AY470 (eobs 4001),0,0.2274742,0.5,0,0.49192706
2022-10-22,Europa / DER A1A26 (eobs 4004),0,0.16700238,0.5,0,6.100814
2022-10-22,Louis / DER AU050 (eobs 3264),0,0.08867368,0.5,0,0.31277677
2022-10-23,Angela / DER AY470 (eobs 4001),0,0.14295149,0.5,0,0.09591215
2022-10-23,Europa / DER A1A26 (eobs 4004),0,0.040053647,0.5,0,5.0555053
2022-10-23,Louis / DER AU050 (eobs 3264),0,0.13401325,0.5,0,0.88167214
2022-10-24,Angela / DER AY470 (eobs 4001),0,0.15289627,0.5,0,0.84664863
2022-10-24,Europa / DER A1A26 (eobs 4004),0,0.1980778,0.5,0,0.84667885
2022-10-24,Louis / DER AU050 (eobs 3264),0,0.11388286,0.5,0,2.7053688
2022-10-25,Angela / DER AY470 (eobs 4001),0,0.32068473,0.5,0,4.091114
2022-10-25,Europa / DER A1A26 (eobs 4004),0,0.1690609,0.5,0,1.3581085
2022-10-25,Louis / DER AU050 (eobs 3264),0,0.111520216,0.5,0,0.014388644
2022-10-26,Angela / DER AY470 (eobs 4001),0,0.2573378,0.5,0,0.5025624
2022-10-26,Europa / DER A1A26 (eobs 4004),0,0.26268053,0.5,0,0.69803196
2022-10-26,Louis / DER AU050 (eobs 3264),0,0.10117809,0.5,0,0.22062851
2022-10-27,Angela / DER AY470 (eobs 4001),0,0.16743314,0.5,0,0.13325712
2022-10-27,Europa / DER A1A26 (eobs 4004),0,0.17960729,0.5,0,0.41804382
2022-10-27,Louis / DER AU050 (eobs 3264),0,0.116907045,0.5,0,0.23909228
2022-10-28,Angela / DER AY470 (eobs 4001),0,0.15758407,0.5,0,0.2441248
2022-10-28,Europa / DER A1A26 (eobs 4004),0,0.034378804,0.5,0,1.167168
2022-10-28,Louis / DER AU050 (eobs 3264),0,0.09917025,0.5,0,1.7818009
2022-10-29,Angela / DER AY470 (eobs 4001),0,0.19355069,0.5,0,1.7821031
2022-10-29,Europa / DER A1A26 (eobs 4004),0,0.09214904,0.5,0,3.152318
2022-10-29,Louis / DER AU050 (eobs 3264),0,0.087538734,0.5,0,0.7819489
2022-10-30,Angela / DER AY470 (eobs 4001),0,0.23607469,0.5,0,5.0681224
2022-10-30,Europa / DER A1A26 (eobs 4004),0,0.081097715,0.5,0,4.1976204
2022-10-30,Louis / DER AU050 (eobs 3264),0,0.095878564,0.5,0,0.73266906
2022-10-31,Angela / DER AY470 (eobs 4001),0,0.14674935,0.5,0,5.081512
2022-10-31,Europa / DER A1A26 (eobs 4004),0,0.08685807,0.5,0,0.6577313
2022-10-31,Louis / DER AU050 (eobs 3264),0,0.07793125,0.5,0,0.6918961
2022-11-01,Angela / DER AY470 (eobs 4001),0,0.20898041,0.5,0,5.952361
2022-11-01,Europa / DER A1A26 (eobs 4004),0,0.18430018,0.5,0,1.1095884
2022-11-01,Louis / DER AU050 (eobs 3264),0,0.062192418,0.5,0,0.29666388
2022-11-02,Angela / DER AY470 (eobs 4001),0,0.13517901,0.5,0,0.5868978
2022-11-02,Europa / DER A1A26 (eobs 4004),0,0.080436364,0.5,0,1.7367662
2022-11-02,Louis / DER AU050 (eobs 3264),0,0.07225953,0.5,0,0.9012443
2022-11-03,Angela / DER AY470 (eobs 4001),0,0.13663968,0.5,0,0.013892609
2022-11-03,Europa / DER A1A26 (eobs 4004),0,0.05230169,0.5,0,0.891838
2022-11-03,Louis / DER AU050 (eobs 3264),0,0.0738435,0.5,0,0.7946119
2022-11-04,Angela / DER AY470 (eobs 4001),0,0.14724271,0.5,0,1.5626261
2022-11-04,Europa / DER A1A26 (eobs 4004),0,0.04134537,0.5,0,0.82364887
2022-11-04,Louis / DER AU050 (eobs 3264),0,0.061496265,0.5,0,0.90254605
2022-11-05,Angela / DER AY470 (eobs 4001),0,0.19418208,0.5,0,1.0821112
2022-11-05,Europa / DER A1A26 (eobs 4004),0,0.06391406,0.5,0,0.06532381
2022-11-05,Louis / DER AU050 (eobs 3264),0,0.063220695,0.5,0,0.27068004
2022-11-06,Europa / DER A1A26 (eobs 4004),0,0.06966517,0.5,0,0.89909595
2022-11-06,Louis / DER AU050 (eobs 3264),0,0.060429197,0.5,0,4.712244
2022-11-07,Europa / DER A1A26 (eobs 4004),0,0.042921163,0.5,0,4.8843994
2022-11-07,Louis / DER AU050 (eobs 3264),0,0.07499421,0.5,0,27.486753
2022-11-08,Europa / DER A1A26 (eobs 4004),0,0.060900766,0.5,0,4.870731
2022-11-08,Louis / DER AU050 (eobs 3264),0,0.16889669,0.5,0,0.18559523
2022-11-09,Europa / DER A1A26 (eobs 4004),0,0.07094926,0.5,0,1.2947984
2022-11-09,Louis / DER AU050 (eobs 3264),0,0.09886771,0.5,0,0.16266188
2022-11-10,Europa / DER A1A26 (eobs 4004),0,0.038447306,0.5,0,1.6788815
2022-11-10,Louis / DER AU050 (eobs 3264),0,0.07890103,0.5,0,0.14935365
2022-11-11,Europa / DER A1A26 (eobs 4004),0,0.058240373,0.5,0,0.1701635
2022-11-11,Louis / DER AU050 (eobs 3264),0,0.07067144,0.5,0,0.6549326
2022-11-12,Europa / DER A1A26 (eobs 4004),0,0.036114987,0.5,0,0.21768662
2022-11-12,Louis / DER AU050 (eobs 3264),0,0.0830823,0.5,0,0.0069532874
2022-11-13,Europa / DER A1A26 (eobs 4004),0,0.057955097,0.5,0,8.845493
2022-11-13,Louis / DER AU050 (eobs 3264),0,0.086763,0.5,0,0.11086698
2022-11-14,Europa / DER A1A26 (eobs 4004),0,0.043233495,0.5,0,0.9236729
2022-11-14,Louis / DER AU050 (eobs 3264),0,0.07566965,0.5,0,0.69116694
2022-11-15,Europa / DER A1A26 (eobs 4004),0,0.063963465,0.5,0,7.9628267
2022-11-15,Louis / DER AU050 (eobs 3264),0,0.06923282,0.5,0,0.45221367
2022-11-16,Europa / DER A1A26 (eobs 4004),0,0.18893453,0.5,0,0.09748509
2022-11-16,Louis / DER AU050 (eobs 3264),0,0.06986331,0.5,0,0.74893796
2022-11-17,Europa / DER A1A26 (eobs 4004),0,0.047720358,0.5,0,0.0050944844
2022-11-17,Louis / DER AU050 (eobs 3264),0,0.06320412,0.5,0,0.14035113
2022-11-18,Europa / DER A1A26 (eobs 4004),0,0.08853109,0.5,0,0.98193085
2022-11-18,Louis / DER AU050 (eobs 3264),0,0.07499493,0.5,0,0.40809602
2022-11-19,Europa / DER A1A26 (eobs 4004),0,0.054048166,0.5,0,1.0574111
2022-11-19,Louis / DER AU050 (eobs 3264),0,0.062530175,0.5,0,0.15829587
2022-11-20,Europa / DER A1A26 (eobs 4004),0,0.03667821,0.5,0,2.0505922
2022-11-20,Louis / DER AU050 (eobs 3264),0,0.07336159,0.5,0,0.20599824
2022-11-21,Europa / DER A1A26 (eobs 4004),0,0.055256963,0.5,0,0.6545116
2022-11-21,Louis / DER AU050 (eobs 3264),0,0.07388764,0.5,0,0.54873335
2022-11-22,Europa / DER A1A26 (eobs 4004),0,0.06731556,0.5,0,1.758546
2022-11-22,Louis / DER AU050 (eobs 3264),0,0.0671645,0.5,0,0.20541142
2022-11-23,Europa / DER A1A26 (eobs 4004),0,0.061368007,0.5,0,1.0580521
2022-11-23,Louis / DER AU050 (eobs 3264),0,0.066793114,0.5,0,0.08963872
2022-11-24,Europa / DER A1A26 (eobs 4004),0,0.08808711,0.5,0,0.15363856
2022-11-24,Louis / DER AU050 (eobs 3264),0,0.061450265,0.5,0,0.618686
2022-11-25,Europa / DER A1A26 (eobs 4004),0,0.085502274,0.5,0,0.2599389
2022-11-25,Louis / DER AU050 (eobs 3264),0,0.07593747,0.5,0,0.19385082
2022-11-26,Europa / DER A1A26 (eobs 4004),0,0.09500149,0.5,0,0.055293217
2022-11-26,Louis / DER AU050 (eobs 3264),0,0.060874864,0.5,0,0.18507521
2022-11-27,Europa / DER A1A26 (eobs 4004),0,0.035234876,0.5,0,8.789976
2022-11-27,Louis / DER AU050 (eobs 3264),0,0.06410164,0.5,0,1.1956251
2022-11-28,Europa / DER A1A26 (eobs 4004),0,0.08792331,0.5,0,8.791743
2022-11-28,Louis / DER AU050 (eobs 3264),0,0.07270782,0.5,0,0.0011488926
2022-11-29,Europa / DER A1A26 (eobs 4004),0,0.07546796,0.5,0,0.008917998
2022-11-29,Louis / DER AU050 (eobs 3264),0,0.07537629,0.5,0,0.0024156722
2022-11-30,Europa / DER A1A26 (eobs 4004),0,0.047089174,0.5,0,2.8490071
2022-11-30,Louis / DER AU050 (eobs 3264),0,0.06542739,0.5,0,0.7476874
2022-12-01,Europa / DER A1A26 (eobs 4004),0,0.05594002,0.5,0,3.6469128
2022-12-01,Louis / DER AU050 (eobs 3264),0,0.06385401,0.5,0,0.74983096
2022-12-02,Europa / DER A1A26 (eobs 4004),0,0.062948525,0.5,0,0.80819505
2022-12-02,Louis / DER AU050 (eobs 3264),0,0.056959797,0.5,0,0.0040651765
2022-12-03,Europa / DER A1A26 (eobs 4004),0,0.035774667,0.5,0,0.97223103
2022-12-04,Europa / DER A1A26 (eobs 4004),0,0.05784661,0.5,0,0.0060386285
2022-12-05,Europa / DER A1A26 (eobs 4004),0,0.05603385,0.5,0,1.1890165
2022-12-06,Europa / DER A1A26 (eobs 4004),0,0.049684197,0.5,0,1.615728
2022-12-07,Europa / DER A1A26 (eobs 4004),0,0.048786342,0.5,0,0.5735886
2022-12-08,Europa / DER A1A26 (eobs 4004),0,0.055195734,0.5,0,3.387794
2022-12-09,Europa / DER A1A26 (eobs 4004),0,0.06964966,0.5,0,1.334106
2022-12-10,Europa / DER A1A26 (eobs 4004),0,0.038666476,0.5,0,4.1603026
2022-12-11,Europa / DER A1A26 (eobs 4004),0,0.050152134,0.5,0,5.004249
2022-12-12,Europa / DER A1A26 (eobs 4004),0,0.061565682,0.5,0,0.041500155
2022-12-13,Europa / DER A1A26 (eobs 4004),0,0.05906128,0.5,0,0.4149625
2022-12-14,Europa / DER A1A26 (eobs 4004),0,0.077600114,0.5,0,1.2924702
2022-12-15,Europa / DER A1A26 (eobs 4004),0,0.041069016,0.5,0,4.854203
2022-12-16,Europa / DER A1A26 (eobs 4004),0,0.04780179,0.5,0,4.9372606
2022-12-17,Europa / DER A1A26 (eobs 4004),0,0.05524414,0.5,0,0.10632745
2022-12-18,Europa / DER A1A26 (eobs 4004),0,0.05785084,0.5,0,3.773166
2022-12-19,Europa / DER A1A26 (eobs 4004),0,0.040060155,0.5,0,4.317431
2022-12-20,Europa / DER A1A26 (eobs 4004),0,0.064538434,0.5,0,0.14971317
2022-12-21,Europa / DER A1A26 (eobs 4004),0,0.06463155,0.5,0,3.5742342
2022-12-22,Europa / DER A1A26 (eobs 4004),0,0.05720634,0.5,0,3.884208
2022-12-23,Europa / DER A1A26 (eobs 4004),0,0.05068586,0.5,0,0.020676132
2022-12-24,Europa / DER A1A26 (eobs 4004),0,0.0450954,0.5,0,0.033651397
2022-12-25,Europa / DER A1A26 (eobs 4004),0,0.055336244,0.5,0,1.0434221
2022-12-26,Europa / DER A1A26 (eobs 4004),0,0.04390966,0.5,0,2.1162214
2022-12-27,Europa / DER A1A26 (eobs 4004),0,0.045466926,0.5,0,1.4362305
2022-12-28,Europa / DER A1A26 (eobs 4004),0,0.06878521,0.5,0,3.8659136
2022-12-29,Europa / DER A1A26 (eobs 4004),0,0.07298808,0.5,0,6.017148
2022-12-30,Europa / DER A1A26 (eobs 4004),0,0.040409938,0.5,0,0.10373837
2022-12-31,Europa / DER A1A26 (eobs 4004),0,0.044955738,0.5,0,0.4659058
2023-09-21,Angela / DER AY470 (eobs 4001),0,0.34407535,0.5,0,2.4448695
2023-09-21,Louis / DER AU050 (eobs 3264),1,0.9606896,0.5,1,91.706856
2023-09-22,Angela / DER AY470 (eobs 4001),0,0.7601398,0.5,1,0.5687394
2023-09-22,Louis / DER AU050 (eobs 3264),1,0.9627208,0.5,1,110.06592
2023-09-23,Angela / DER AY470 (eobs 4001),0,0.90616447,0.5,1,2.9891481
2023-09-23,Louis / DER AU050 (eobs 3264),1,0.9564682,0.5,1,113.74873
2023-09-24,Angela / DER AY470 (eobs 4001),0,0.79356587,0.5,1,2.8470464
2023-09-24,Louis / DER AU050 (eobs 3264),0,0.9518091,0.5,1,1.1140404
2023-09-25,Angela / DER AY470 (eobs 4001),0,0.9281796,0.5,1,0.08375912
2023-09-25,Louis / DER AU050 (eobs 3264),0,0.9146728,0.5,1,1.7834089
2023-09-26,Angela / DER AY470 (eobs 4001),0,0.80534834,0.5,1,0.08297333
2023-09-26,Louis / DER AU050 (eobs 3264),0,0.7871851,0.5,1,28.042213
2023-09-27,Angela / DER AY470 (eobs 4001),0,0.6309534,0.5,1,1.3123995
2023-09-27,Louis / DER AU050 (eobs 3264),0,0.35761902,0.5,0,3.5039062
2023-09-28,Angela / DER AY470 (eobs 4001),0,0.6001637,0.5,1,0.257211
2023-09-28,Louis / DER AU050 (eobs 3264),0,0.2377352,0.5,0,27.300093
2023-09-29,Angela / DER AY470 (eobs 4001),0,0.44539964,0.5,0,1.2031523
2023-09-29,Louis / DER AU050 (eobs 3264),0,0.11703952,0.5,0,0.7193322
2023-09-30,Angela / DER AY470 (eobs 4001),0,0.5535023,0.5,1,0.14744031
2023-09-30,Louis / DER AU050 (eobs 3264),0,0.08565198,0.5,0,0.526536
2023-10-01,Angela / DER AY470 (eobs 4001),0,0.5899588,0.5,1,0.012719138
2023-10-01,Louis / DER AU050 (eobs 3264),0,0.07526954,0.5,0,0.5947945
2023-10-02,Angela / DER AY470 (eobs 4001),0,0.49903715,0.5,0,0.12621117
2023-10-02,Louis / DER AU050 (eobs 3264),0,0.06684762,0.5,0,1.1457018
2023-10-03,Angela / DER AY470 (eobs 4001),0,0.28919685,0.5,0,2.9835074
2023-10-03,Louis / DER AU050 (eobs 3264),0,0.0657635,0.5,0,0.6248062
2023-10-04,Angela / DER AY470 (eobs 4001),0,0.24104863,0.5,0,3.2815561
2023-10-04,Louis / DER AU050 (eobs 3264),0,0.11343145,0.5,0,0.77204794
2023-10-05,Angela / DER AY470 (eobs 4001),0,0.2277619,0.5,0,0.67066544
2023-10-05,Europa / DER A1A26 (eobs 4004),0,0.057157703,0.5,0,0.047213316
2023-10-05,Louis / DER AU050 (eobs 3264),0,0.08061742,0.5,0,0.39007157
2023-10-06,Angela / DER AY470 (eobs 4001),0,0.41678986,0.5,0,3.0523937
2023-10-06,Europa / DER A1A26 (eobs 4004),0,0.4296556,0.5,0,0.07918878
2023-10-06,Louis / DER AU050 (eobs 3264),0,0.07037055,0.5,0,0.65257776
2023-10-07,Angela / DER AY470 (eobs 4001),0,0.29934186,0.5,0,3.0312657
2023-10-07,Europa / DER A1A26 (eobs 4004),0,0.13539872,0.5,0,0.038895417
2023-10-07,Louis / DER AU050 (eobs 3264),0,0.076021165,0.5,0,0.06830718
2023-10-08,Angela / DER AY470 (eobs 4001),0,0.21485671,0.5,0,0.034677826
2023-10-08,Europa / DER A1A26 (eobs 4004),0,0.07288181,0.5,0,0.14459
2023-10-08,Louis / DER AU050 (eobs 3264),0,0.07465118,0.5,0,0.9107844
2023-10-09,Angela / DER AY470 (eobs 4001),0,0.20331126,0.5,0,0.06095643
2023-10-09,Europa / DER A1A26 (eobs 4004),0,0.07589041,0.5,0,0.14342768
2023-10-09,Louis / DER AU050 (eobs 3264),0,0.0787581,0.5,0,0.10002905
2023-10-10,Angela / DER AY470 (eobs 4001),0,0.19698818,0.5,0,0.040401455
2023-10-10,Europa / DER A1A26 (eobs 4004),0,0.082559414,0.5,0,0.09496779
2023-10-10,Louis / DER AU050 (eobs 3264),0,0.06498773,0.5,0,0.92444855
2023-10-11,Angela / DER AY470 (eobs 4001),0,0.17404199,0.5,0,2.9552186
2023-10-11,Europa / DER A1A26 (eobs 4004),0,0.055929996,0.5,0,0.34600002
2023-10-11,Louis / DER AU050 (eobs 3264),0,0.0641776,0.5,0,2.3759968
2023-10-12,Angela / DER AY470 (eobs 4001),0,0.1915195,0.5,0,2.2497947
2023-10-12,Europa / DER A1A26 (eobs 4004),0,0.075007506,0.5,0,0.07584171
2023-10-12,Louis / DER AU050 (eobs 3264),0,0.061620206,0.5,0,0.040366188
2023-10-13,Angela / DER AY470 (eobs 4001),0,0.17407922,0.5,0,0.68640935
2023-10-13,Europa / DER A1A26 (eobs 4004),0,0.10348502,0.5,0,0.32765594
2023-10-13,Louis / DER AU050 (eobs 3264),0,0.061419524,0.5,0,0.026564218
2023-10-14,Europa / DER A1A26 (eobs 4004),0,0.052260984,0.5,0,0.3810643
2023-10-14,Louis / DER AU050 (eobs 3264),0,0.05612287,0.5,0,0.5395507
2023-10-15,Europa / DER A1A26 (eobs 4004),0,0.0768029,0.5,0,0.016459355
2023-10-15,Louis / DER AU050 (eobs 3264),0,0.06440428,0.5,0,1.5559517
2023-10-16,Europa / DER A1A26 (eobs 4004),0,0.23189667,0.5,0,0.26391906
2023-10-16,Louis / DER AU050 (eobs 3264),0,0.07029546,0.5,0,0.57422787
2023-10-17,Europa / DER A1A26 (eobs 4004),0,0.0956553,0.5,0,14.779834
2023-10-17,Louis / DER AU050 (eobs 3264),0,0.06251349,0.5,0,2.4416485
2023-10-18,Europa / DER A1A26 (eobs 4004),0,0.8412964,0.5,1,14.654952
2023-10-18,Louis / DER AU050 (eobs 3264),0,0.05856398,0.5,0,0.17845581
2023-10-19,Europa / DER A1A26 (eobs 4004),0,0.7555376,0.5,1,1.1775441
2023-10-19,Louis / DER AU050 (eobs 3264),0,0.06373644,0.5,0,0.8041485
2023-10-20,Europa / DER A1A26 (eobs 4004),0,0.79515874,0.5,1,1.1847403
2023-10-20,Louis / DER AU050 (eobs 3264),0,0.068000756,0.5,0,0.61382806
2023-10-21,Europa / DER A1A26 (eobs 4004),0,0.07564805,0.5,0,0.25079837
2023-10-21,Louis / DER AU050 (eobs 3264),0,0.061734613,0.5,0,0.56900233
2023-10-22,Europa / DER A1A26 (eobs 4004),0,0.45061824,0.5,0,9.6327505
2023-10-22,Louis / DER AU050 (eobs 3264),0,0.0669055,0.5,0,0.55357015
2023-10-23,Europa / DER A1A26 (eobs 4004),0,0.72051114,0.5,1,0.2829262
2023-10-23,Louis / DER AU050 (eobs 3264),0,0.07068838,0.5,0,0.81880814
2023-10-24,Europa / DER A1A26 (eobs 4004),0,0.54590064,0.5,1,0.8074395
2023-10-24,Louis / DER AU050 (eobs 3264),0,0.07435445,0.5,0,0.57682765
2023-10-25,Europa / DER A1A26 (eobs 4004),0,0.048035603,0.5,0,16.07368
2023-10-25,Louis / DER AU050 (eobs 3264),0,0.063736305,0.5,0,0.5476994
2023-10-26,Europa / DER A1A26 (eobs 4004),0,0.8745029,0.5,1,0.01579157
2023-10-26,Louis / DER AU050 (eobs 3264),0,0.063721254,0.5,0,0.32413977
2023-10-27,Europa / DER A1A26 (eobs 4004),0,0.75767297,0.5,1,0.036060162
2023-10-27,Louis / DER AU050 (eobs 3264),0,0.07251846,0.5,0,0.339103
2023-10-28,Europa / DER A1A26 (eobs 4004),0,0.5113733,0.5,1,0.0052447612
2023-10-28,Louis / DER AU050 (eobs 3264),0,0.061380014,0.5,0,0.013459669
2023-10-29,Europa / DER A1A26 (eobs 4004),0,0.25738278,0.5,0,0.08797644
2023-10-29,Louis / DER AU050 (eobs 3264),0,0.071048014,0.5,0,0.3156844
2023-10-30,Europa / DER A1A26 (eobs 4004),0,0.2077846,0.5,0,0.02798572
2023-10-30,Louis / DER AU050 (eobs 3264),0,0.074478395,0.5,0,0.45201722
2023-10-31,Europa / DER A1A26 (eobs 4004),0,0.10487049,0.5,0,6.68133
2023-10-31,Louis / DER AU050 (eobs 3264),0,0.056451693,0.5,0,1.1857618
2023-11-01,Europa / DER A1A26 (eobs 4004),0,0.60840106,0.5,1,6.7054505
2023-11-01,Louis / DER AU050 (eobs 3264),0,0.06663603,0.5,0,0.4127248
2023-11-02,Europa / DER A1A26 (eobs 4004),0,0.106781974,0.5,0,0.02674193
2023-11-02,Louis / DER AU050 (eobs 3264),0,0.058428682,0.5,0,0.47138557
2023-11-03,Europa / DER A1A26 (eobs 4004),0,0.14447282,0.5,0,0.048162032
2023-11-03,Louis / DER AU050 (eobs 3264),0,0.054393232,0.5,0,2.609114
2023-11-04,Europa / DER A1A26 (eobs 4004),0,0.06022776,0.5,0,0.052774444
2023-11-04,Louis / DER AU050 (eobs 3264),0,0.058672205,0.5,0,2.217982
2023-11-05,Europa / DER A1A26 (eobs 4004),0,0.05818619,0.5,0,0.06105275
2023-11-05,Louis / DER AU050 (eobs 3264),0,0.055574894,0.5,0,0.48512277
2023-11-06,Europa / DER A1A26 (eobs 4004),0,0.04239893,0.5,0,0.064784974
2023-11-06,Louis / DER AU050 (eobs 3264),0,0.05827059,0.5,0,0.008561309
2023-11-07,Europa / DER A1A26 (eobs 4004),0,0.07961892,0.5,0,0.003922406
2023-11-07,Louis / DER AU050 (eobs 3264),0,0.05890198,0.5,0,1.2253414
2023-11-08,Europa / DER A1A26 (eobs 4004),0,0.15744938,0.5,0,0.069742784
2023-11-08,Louis / DER AU050 (eobs 3264),0,0.059839368,0.5,0,1.0358479
2023-11-09,Europa / DER A1A26 (eobs 4004),0,0.04154249,0.5,0,7.045593
2023-11-09,Louis / DER AU050 (eobs 3264),0,0.05565266,0.5,0,0.9335198
2023-11-10,Europa / DER A1A26 (eobs 4004),0,0.1427895,0.5,0,7.1168957
2023-11-10,Louis / DER AU050 (eobs 3264),0,0.05644004,0.5,0,0.79617363
2023-11-11,Europa / DER A1A26 (eobs 4004),0,0.095734484,0.5,0,16.226252
2023-11-11,Louis / DER AU050 (eobs 3264),0,0.061424505,0.5,0,1.181755
2023-11-12,Europa / DER A1A26 (eobs 4004),0,0.1988626,0.5,0,9.743647
2023-11-12,Louis / DER AU050 (eobs 3264),0,0.053449072,0.5,0,1.9451152
2023-11-13,Louis / DER AU050 (eobs 3264),0,0.05212441,0.5,0,0.023661911
2023-11-14,Louis / DER AU050 (eobs 3264),0,0.054323573,0.5,0,0.0055203354
2023-11-15,Louis / DER AU050 (eobs 3264),0,0.057216343,0.5,0,0.022684354
2023-11-16,Louis / DER AU050 (eobs 3264),0,0.049441583,0.5,0,0.0392894
2023-11-17,Louis / DER AU050 (eobs 3264),0,0.052349836,0.5,0,0.47627664
2023-11-18,Louis / DER AU050 (eobs 3264),0,0.050556086,0.5,0,1.5686885
2023-11-19,Louis / DER AU050 (eobs 3264),0,0.048301734,0.5,0,0.361952
2023-11-20,Louis / DER AU050 (eobs 3264),0,0.049939044,0.5,0,1.4593085
2023-11-21,Louis / DER AU050 (eobs 3264),0,0.048865844,0.5,0,1.4609911
2023-11-22,Louis / DER AU050 (eobs 3264),0,0.0451556,0.5,0,0.32564738
2023-11-23,Louis / DER AU050 (eobs 3264),0,0.04727125,0.5,0,0.30022165
2023-11-24,Louis / DER AU050 (eobs 3264),0,0.051965516,0.5,0,0.2986352
2023-11-25,Louis / DER AU050 (eobs 3264),0,0.043181177,0.5,0,0.35833627
2023-11-26,Louis / DER AU050 (eobs 3264),0,0.044406436,0.5,0,0.14917538
2023-11-27,Louis / DER AU050 (eobs 3264),0,0.050850183,0.5,0,0.53152424
2023-11-28,Louis / DER AU050 (eobs 3264),0,0.04363091,0.5,0,0.008415743
2023-11-29,Louis / DER AU050 (eobs 3264),0,0.045803525,0.5,0,0.75482243
2023-11-30,Louis / DER AU050 (eobs 3264),0,0.050016157,0.5,0,0.727521
2023-12-01,Louis / DER AU050 (eobs 3264),0,0.0439406,0.5,0,0.8328545
2023-12-02,Louis / DER AU050 (eobs 3264),0,0.044462398,0.5,0,0.86814326
2023-12-03,Louis / DER AU050 (eobs 3264),0,0.04096642,0.5,0,0.013402757
2023-12-04,Louis / DER AU050 (eobs 3264),0,0.041871525,0.5,0,0.019397302
2023-12-05,Louis / DER AU050 (eobs 3264),0,0.04067092,0.5,0,0.67306566
2023-12-06,Louis / DER AU050 (eobs 3264),0,0.047232375,0.5,0,0.5599108
2023-12-07,Louis / DER AU050 (eobs 3264),0,0.04561674,0.5,0,0.9554835
2023-12-08,Louis / DER AU050 (eobs 3264),0,0.040327735,0.5,0,0.7161992
2023-12-09,Louis / DER AU050 (eobs 3264),0,0.044142462,0.5,0,0.64832014
2023-12-10,Louis / DER AU050 (eobs 3264),0,0.040857244,0.5,0,1.5335977
2023-12-11,Louis / DER AU050 (eobs 3264),0,0.04233803,0.5,0,1.7024851
2023-12-12,Louis / DER AU050 (eobs 3264),0,0.039925944,0.5,0,1.6236176
2023-12-13,Louis / DER AU050 (eobs 3264),0,0.04023323,0.5,0,0.23399551
2023-12-14,Louis / DER AU050 (eobs 3264),0,0.039595567,0.5,0,1.2147841
2023-12-15,Louis / DER AU050 (eobs 3264),0,0.040252473,0.5,0,2.6070433
2023-12-16,Louis / DER AU050 (eobs 3264),0,0.03799443,0.5,0,0.28281713
2023-12-17,Louis / DER AU050 (eobs 3264),0,0.04097828,0.5,0,1.5790775
2023-12-18,Louis / DER AU050 (eobs 3264),0,0.04337842,0.5,0,0.9914699
2023-12-28,Europa / DER A1A26 (eobs 4004),0,0.2342912,0.5,0,0.025197009
2023-12-29,Europa / DER A1A26 (eobs 4004),0,0.3075237,0.5,0,0.034939066
2023-12-30,Europa / DER A1A26 (eobs 4004),0,0.23886096,0.5,0,0.030514369
2023-12-31,Europa / DER A1A26 (eobs 4004),0,0.11597968,0.5,0,7.564692
