idx,fly_logit,fly_prob,delta_lat_pred,delta_lon_pred
693,-2.0366241931915283,0.11541092516825302,-0.017426131293177605,-0.01628033071756363
694,-2.150254964828491,0.10430740002324203,-0.05719158053398132,-0.02423682063817978
695,-2.241178035736084,0.09611315066455339,-0.023189442232251167,-0.05512390658259392
696,-2.101303815841675,0.1089701617716809,-0.03559548407793045,-0.019211992621421814
697,-2.109069347381592,0.10821844871323145,-0.07307291030883789,-0.0466177761554718
698,-2.1810765266418457,0.10146274094328897,-0.034479185938835144,-0.06757155060768127
699,-2.1591434478759766,0.10347988835668263,-0.04271169379353523,-0.00227142870426178
700,-2.2925872802734375,0.09173874280055645,-0.040347833186388016,-0.058990269899368286
701,-2.3557748794555664,0.08660784753848573,-0.052682697772979736,-0.075886569917202
702,-2.2661261558532715,0.09396750372096684,-0.018060388043522835,-0.04333091899752617
703,-2.1606361865997314,0.10334148624280341,-0.029161131009459496,-0.02654067426919937
704,-2.224443197250366,0.09757685566329262,-0.0362502858042717,-0.01734635978937149
705,-2.3341474533081055,0.08833409318731486,-0.040699347853660583,-0.07241363078355789
706,-2.3982553482055664,0.08330583169946774,-0.03848360478878021,-0.08045872300863266
707,-2.298711061477661,0.09122976661877513,-0.06795356422662735,-0.04248717427253723
708,-2.30899715423584,0.09038055670977702,-0.043466247618198395,-0.010993175208568573
709,-2.3129730224609375,0.0900542248740046,-0.04343800991773605,-0.06720255315303802
710,-2.182548999786377,0.10132857718967829,-0.04141286760568619,-0.025057353079319
711,-2.2788608074188232,0.09288889760363794,-0.04848701134324074,-0.08469686657190323
712,-2.222513198852539,0.09774693489878389,-0.06386252492666245,-0.01673797518014908
713,-2.0446460247039795,0.11459448958452584,-0.036257170140743256,-0.02746785432100296
714,-2.178450107574463,0.10170243721489962,-0.03816825896501541,-0.08005133271217346
715,-2.2707419395446777,0.09357526273818179,-0.06434732675552368,-0.07044027000665665
716,-2.0711777210235596,0.11192991767450888,-0.00026013515889644623,-0.04941181465983391
717,-2.2392141819000244,0.09628389665403174,-0.053493205457925797,-0.01342078298330307
718,-2.223567485809326,0.09765399415013737,-0.03512600064277649,-0.019768275320529938
719,-2.2868075370788574,0.09222146458230483,-0.01932797022163868,-0.08063610643148422
720,-2.3068695068359375,0.09055562718228108,-0.04130423814058304,-0.029419519007205963
721,-2.226762294769287,0.0973728366038469,-0.06310722976922989,-0.022849127650260925
722,-1.9705170392990112,0.12233336255272653,-0.06814198940992355,-0.021732591092586517
723,-1.998005747795105,0.11941246476975832,-0.031696535646915436,-0.07053397595882416
724,-2.0063629150390625,0.11853647379742618,-0.03920625150203705,-0.04118690639734268
725,-2.021784543991089,0.11693459126422477,-0.009277177974581718,-0.08191417902708054
726,-2.0983943939208984,0.10925297557914442,-0.05776055157184601,-0.038099125027656555
727,-1.9808645248413086,0.12122670921117955,-0.03436306118965149,-0.08448797464370728
728,-2.2414331436157227,0.09609099034556948,-0.04853987693786621,-0.07646436989307404
729,-2.0055582523345947,0.11862057525570047,-0.04581805318593979,-0.044140636920928955
730,-2.182426691055298,0.10133971529994977,-0.05039140582084656,-0.08892464637756348
731,-2.1859521865844727,0.10101909945143102,-0.06516110152006149,-0.10324074327945709
732,-0.36101821064949036,0.4107131082211335,-0.13454104959964752,-0.09733273088932037
733,-0.4917367994785309,0.3794845075169298,-0.11911863088607788,-0.08110655844211578
734,0.016292594373226166,0.5040730584947216,-0.08879154920578003,-0.12384459376335144
735,-0.4291096031665802,0.39433897014173247,-0.11799447983503342,-0.06936683505773544
736,0.22550863027572632,0.5561394486777084,-0.11119501292705536,-0.12336885184049606
737,-0.30331483483314514,0.42474734491680716,-0.14682075381278992,-0.08439353108406067
738,0.44484207034111023,0.6094121924435809,-0.13142070174217224,-0.14081689715385437
739,0.13145646452903748,0.5328168712496957,-0.12817490100860596,-0.14592967927455902
740,0.4181766211986542,0.60304684910912,-0.16779491305351257,-0.10719586908817291
741,0.6869882345199585,0.6652966099710542,-0.14736706018447876,-0.1424553096294403
742,0.18967539072036743,0.5472771926030409,-0.15799465775489807,-0.13381800055503845
743,0.7723170518875122,0.6840219053215861,-0.1687229573726654,-0.1065467894077301
744,0.13337546586990356,0.5332945246949966,-0.13874682784080505,-0.1405736207962036
745,0.037663526833057404,0.5094147687980816,-0.15700843930244446,-0.10164009034633636
746,0.8847365379333496,0.7078027857094951,-0.14403033256530762,-0.12417073547840118
747,3.06718373298645,0.9555186266711273,-0.4481077492237091,-0.510183572769165
748,3.158252477645874,0.9592326637523642,-0.558102548122406,-0.6279993653297424
749,3.146728038787842,0.9587796036554062,-0.518808126449585,-0.6128621697425842
750,3.079007148742676,0.9560184569172772,-0.4897719919681549,-0.5764976739883423
751,3.102442502975464,0.9569933835530516,-0.48721739649772644,-0.5723000764846802
752,3.073761463165283,0.9557973623201298,-0.5142641067504883,-0.5751730799674988
753,2.403064250946045,0.9170606697063408,-0.28692224621772766,-0.3613792359828949
754,2.9325413703918457,0.949431828337525,-0.40467554330825806,-0.5092225670814514
755,2.6778430938720703,0.9357064863094341,-0.313368022441864,-0.40144801139831543
756,3.0903425216674805,0.9564926211370776,-0.4800230860710144,-0.5800126194953918
757,3.139766216278076,0.9585035830726615,-0.5130095481872559,-0.6359639763832092
758,3.073038339614868,0.9557668011719869,-0.503746509552002,-0.6343275904655457
759,-2.0176727771759033,0.1173598451838014,-0.041716620326042175,-0.10743283480405807
760,-2.011038064956665,0.11804885855599052,-0.04716494679450989,-0.10396222025156021
761,-1.9848361015319824,0.12080425006423155,-0.0640583261847496,-0.060182198882102966
762,-2.089801549911499,0.11009201536328801,-0.07767992466688156,-0.06663227081298828
763,-1.8748674392700195,0.13297952317214445,-0.05481439083814621,-0.058238252997398376
764,-2.122817039489746,0.10689882561595318,-0.0592753142118454,-0.10087905079126358
765,-1.8686949014663696,0.13369280554231144,-0.03785325586795807,-0.10372008383274078
766,-1.9340723752975464,0.12630051451645044,-0.06893504410982132,-0.05839032307267189
767,-2.005009412765503,0.11867796829871552,-0.08388999104499817,-0.07677778601646423
768,-1.9537980556488037,0.1241398090909343,-0.061269402503967285,-0.10681755095720291
769,-1.8841676712036133,0.1319108992312792,-0.057387515902519226,-0.05305396020412445
770,-2.0252909660339355,0.11657300104861927,-0.07642163336277008,-0.06149720400571823
771,2.611656904220581,0.9316080406240345,-0.34811997413635254,-0.3771583139896393
772,1.4868098497390747,0.8155989655939189,-0.20574574172496796,-0.1824646294116974
773,2.9871573448181152,0.9519905547110941,-0.41108089685440063,-0.46288812160491943
774,3.266188144683838,0.9632504738835402,-0.5244758725166321,-0.5994075536727905
775,3.1702749729156494,0.9597002206936277,-0.4629703164100647,-0.5103615522384644
776,3.2256898880004883,0.9617896699043522,-0.4871824383735657,-0.553024172782898
777,3.2179596424102783,0.9615045647200972,-0.4985836148262024,-0.5841838121414185
778,3.2053842544555664,0.9610363942319385,-0.5215682983398438,-0.6191574931144714
779,1.6701922416687012,0.8416014502767507,-0.19720008969306946,-0.23126181960105896
780,2.927238941192627,0.9491766457184522,-0.3941881060600281,-0.4712599515914917
781,0.8712913990020752,0.7050143401996407,-0.1257859766483307,-0.13455866277217865
782,0.6843079328536987,0.6646995041674045,-0.07724033296108246,-0.09120187163352966
783,2.840207576751709,0.9448102870589047,-0.3496757745742798,-0.4104074537754059
784,3.146843433380127,0.958784163955422,-0.46413031220436096,-0.5553367137908936
785,0.2975897490978241,0.5738532054933851,-0.06941147148609161,-0.09905420243740082
786,0.04462749511003494,0.5111550224646826,-0.06215541809797287,-0.08511216938495636
787,0.2610085606575012,0.5648842021698444,-0.05585729330778122,-0.11338136345148087
788,0.050695039331912994,0.512671046247183,-0.04402998462319374,-0.11562875658273697
789,0.1501125991344452,0.537457837258722,-0.07166609913110733,-0.14042189717292786
790,-0.10658963024616241,0.47337779301630717,-0.07140626013278961,-0.14215457439422607
791,0.05728348344564438,0.5143169561068681,-0.072147436439991,-0.1482144594192505
792,0.41574499011039734,0.6024646163797897,-0.08123724907636642,-0.14755918085575104
793,-0.4070219099521637,0.3996264257909925,-0.1045299842953682,-0.10879667103290558
794,2.3969953060150146,0.9165978934196752,-0.2603086233139038,-0.3161205053329468
795,1.5375548601150513,0.8231089926608018,-0.1070290207862854,-0.16539952158927917
796,3.0499777793884277,0.9547815671798082,-0.47830691933631897,-0.5803967118263245
797,3.015462875366211,0.9532678195304334,-0.3556970953941345,-0.4737720787525177
798,3.122694492340088,0.9578192242368776,-0.4744977056980133,-0.6011703610420227
799,2.6661009788513184,0.9349964579102782,-0.2832244634628296,-0.3825809061527252
800,0.4192873537540436,0.6033127073074671,-0.02779853716492653,-0.0959317535161972
801,2.701169013977051,0.9370955895521595,-0.28241851925849915,-0.40900224447250366
802,2.7926080226898193,0.9422750660273292,-0.3294035792350769,-0.4551868140697479
803,2.927145004272461,0.9491721139781861,-0.3908749222755432,-0.5084089040756226
804,0.7812134027481079,0.6859415710720598,-0.026594987139105797,-0.11917418241500854
805,2.8321404457092285,0.9443881235445098,-0.32681095600128174,-0.45478343963623047
806,2.9348225593566895,0.9495412383543237,-0.36767423152923584,-0.504113495349884
807,0.5328866243362427,0.6301561192483015,-0.00035079382359981537,-0.1118718832731247
808,0.0028847381472587585,0.5007211840366909,0.020044030621647835,-0.056741971522569656
809,-0.2975699305534363,0.42615164105359865,0.022999322041869164,-0.09463227540254593
810,-0.153216153383255,0.46177071904509803,0.0382944792509079,-0.1057477742433548
811,-0.43243107199668884,0.39354596368783995,0.002356516197323799,-0.0688602551817894
812,-0.4463535249233246,0.3902280971301252,0.022600365802645683,-0.056783195585012436
813,-0.7026401162147522,0.3312271402194149,0.00775487907230854,-0.042692579329013824
814,-1.0394229888916016,0.26126134394143613,-0.012905136682093143,-0.09214642643928528
815,-0.6245741844177246,0.3487418407516469,-0.011266471818089485,-0.052600398659706116
816,-0.5776983499526978,0.35946237509053275,0.0057336557656526566,-0.03653572127223015
817,-0.545654833316803,0.3668731071949026,0.01997465454041958,-0.030928567051887512
862,-1.529990792274475,0.17799503299036654,-0.044595710933208466,-0.09480150043964386
863,-1.3927526473999023,0.19896867595563764,-0.09134303033351898,-0.08262033760547638
864,-0.9429619312286377,0.2803024347319514,-0.043227359652519226,-0.09262218326330185
865,-0.7870545387268066,0.31280146670623904,-0.06574391573667526,-0.05374419316649437
866,-0.9462683200836182,0.2796359118289787,-0.06949792057275772,-0.10730165243148804
867,-0.8187717199325562,0.3060244518444455,-0.07577719539403915,-0.047231681644916534
868,-0.9339845180511475,0.28211704183439085,-0.09814164787530899,-0.07900020480155945
869,-1.138241171836853,0.24264343030036423,-0.05396080017089844,-0.07790757715702057
870,-0.4739282429218292,0.3836869036152791,-0.0639159232378006,-0.0515882782638073
871,-0.39945149421691895,0.40144413142670554,-0.06354861706495285,-0.07927043735980988
872,-0.6908665895462036,0.3338403238229707,-0.06392239034175873,-0.05526934564113617
873,-0.9366961717605591,0.2815681833133577,-0.0887029767036438,-0.06506752967834473
874,-0.7119026184082031,0.3291785674563618,-0.09384345263242722,-0.059782952070236206
875,-0.2672326862812042,0.4335865922447062,-0.0692109689116478,-0.06140614300966263
876,-0.5198327302932739,0.37289134777044547,-0.07256974279880524,-0.036262743175029755
877,0.984549880027771,0.7280100785265712,-0.14523407816886902,-0.13220378756523132
878,-0.02115435153245926,0.49471160933121994,-0.06175488978624344,-0.07995704561471939
879,-0.41998979449272156,0.39651919222610954,-0.10679593682289124,-0.08652329444885254
880,0.05517982691526413,0.5137914575386087,-0.10166903585195541,-0.05578262358903885
881,-0.4103896915912628,0.39881868410032467,-0.07403964549303055,-0.1023428812623024
882,-0.8308670520782471,0.3034617677922898,-0.09459950029850006,-0.11600951105356216
883,-0.2691546082496643,0.4331146492368283,-0.07507989555597305,-0.09691587090492249
884,-1.0425552129745483,0.2606572648354551,-0.10169866681098938,-0.05971107631921768
885,-1.227499008178711,0.2266194575371811,-0.1156892329454422,-0.06158660352230072
886,-1.394059658050537,0.19876044637042892,-0.11185573786497116,-0.11123712360858917
887,-1.0248690843582153,0.2640800476653785,-0.08169995248317719,-0.07678832113742828
888,-0.8243253827095032,0.3048462733666412,-0.0778428316116333,-0.10076380521059036
889,-0.7780758738517761,0.31473472738329594,-0.08408650755882263,-0.12719865143299103
890,-1.0145657062530518,0.26608728584811664,-0.09748497605323792,-0.06432189047336578
891,-0.7820039987564087,0.31388813924626663,-0.12124976515769958,-0.13795438408851624
892,-0.6643096208572388,0.33977218049866637,-0.0815204605460167,-0.1119459941983223
893,-1.0699459314346313,0.2554133666545781,-0.12113454937934875,-0.1398821473121643
894,-0.737432599067688,0.32356581858417033,-0.07951472699642181,-0.10606400668621063
895,-1.139513611793518,0.24240967364844565,-0.11531229317188263,-0.12160492688417435
896,-0.6086287498474121,0.35237206203698995,-0.08962655812501907,-0.07951010763645172
897,-1.166199803352356,0.2375425744453999,-0.08809417486190796,-0.13964253664016724
898,-0.4516673684120178,0.3889644074819625,-0.10943089425563812,-0.08924457430839539
899,2.91154408454895,0.9484141607966532,-0.42256981134414673,-0.469826877117157
900,3.15556001663208,0.9591272438091775,-0.5642678141593933,-0.611272931098938
901,3.010763168334961,0.9530580090904636,-0.4745810627937317,-0.5289013981819153
902,3.1221632957458496,0.9577977578469591,-0.4760928452014923,-0.5364105701446533
903,1.2256580591201782,0.7730577296886028,-0.16088859736919403,-0.172890767455101
904,3.264849901199341,0.9632030720251862,-0.5156002044677734,-0.6037295460700989
905,2.9076759815216064,0.9482245862772711,-0.40016525983810425,-0.4642852246761322
906,3.2672817707061768,0.9632891675424611,-0.5496022701263428,-0.6412705779075623
907,3.125962734222412,0.9579510689087914,-0.45524051785469055,-0.5234193801879883
908,3.2240922451019287,0.9617309127102174,-0.5165334939956665,-0.6136788129806519
909,2.77528977394104,0.9413258317072091,-0.3438262343406677,-0.41954824328422546
910,0.48513463139533997,0.6189596079363704,-0.09342028945684433,-0.11290676146745682
911,3.1379761695861816,0.958432326460076,-0.4636363983154297,-0.5687385201454163
912,2.010895013809204,0.8819362470995437,-0.17647075653076172,-0.2622922956943512
913,0.7006649971008301,0.6683351940923762,-0.06638070195913315,-0.08556345105171204
914,0.7899388074874878,0.6878181912127865,-0.04419489949941635,-0.11710737645626068
915,2.7091634273529053,0.937565196340897,-0.3264269232749939,-0.3587666153907776
916,3.089559316635132,0.9564600168062879,-0.4204607605934143,-0.473007470369339
917,3.134810209274292,0.9583060120033462,-0.4959246516227722,-0.5669029355049133
918,3.1318767070770264,0.9581886444551672,-0.47099733352661133,-0.5444506406784058
919,3.1825642585754395,0.9601728415398066,-0.5180627107620239,-0.6088258624076843
920,3.102810859680176,0.9570085414755992,-0.4966892600059509,-0.5845204591751099
921,1.9433003664016724,0.874714275554917,-0.2280176281929016,-0.311585932970047
922,0.20749607682228088,0.5516886990301058,-0.0707157775759697,-0.11533094942569733
923,-0.22978302836418152,0.4428056778903254,-0.04588522017002106,-0.1302727907896042
924,0.04654795676469803,0.5116348884790562,-0.030092425644397736,-0.10400070250034332
925,0.08724170178174973,0.5217966024956467,-0.01538136973977089,-0.11576349288225174
926,-0.3575439155101776,0.4115542444892487,-0.05043262615799904,-0.12142203003168106
927,-0.42435985803604126,0.39547394653580126,-0.09265714883804321,-0.09516121447086334
928,-0.6016725897789001,0.35396112488390746,-0.0781053751707077,-0.04891565442085266
929,-0.36983904242515564,0.4085799151643734,-0.05418645590543747,-0.10530312359333038
930,-0.34465646743774414,0.4146788107505378,-0.04154728353023529,-0.1012633889913559
931,-0.31750181317329407,0.42128469548108094,-0.06225381791591644,-0.05421825125813484
932,-0.5362704396247864,0.36905559877355293,-0.08303744345903397,-0.05233895033597946
933,-0.43001505732536316,0.394122736023709,-0.04744461178779602,-0.08515598624944687
934,-0.8625372052192688,0.29680952348511075,-0.08926972001791,-0.08226916939020157
935,-0.3245345652103424,0.4195710388189029,-0.055742405354976654,-0.07048387825489044
936,-0.4152776300907135,0.3976473221718625,-0.03998479247093201,-0.05176776647567749
937,0.1459045112133026,0.5364115562257182,-0.037073127925395966,-0.07391837239265442
938,2.910447597503662,0.948360489068659,-0.44177255034446716,-0.5626214146614075
939,2.7160708904266357,0.9379683164080513,-0.32659071683883667,-0.4721360206604004
940,-0.4883088767528534,0.3802920339165527,-0.024186544120311737,-0.07839363068342209
941,-0.00669579952955246,0.49832605637170213,0.015943853184580803,-0.06454160809516907
942,0.2509783208370209,0.5624172843219254,0.028706019744277,-0.10016113519668579
943,1.2789381742477417,0.7822689759811436,-0.04814907908439636,-0.198275625705719
944,0.952743411064148,0.7216665653264874,-0.049357820302248,-0.1370612531900406
945,1.5518373250961304,0.8251789402631184,-0.10500245541334152,-0.1883431077003479
946,-0.6246132254600525,0.3487329737646356,-0.02109011821448803,-0.05486273393034935
947,-0.2942315936088562,0.4269682199551612,-0.008890388533473015,-0.09239326417446136
948,-0.5729323625564575,0.36056047318940637,-0.025844411924481392,-0.07777610421180725
949,-0.6294971704483032,0.34762456162198335,-0.03380478918552399,-0.07522508502006531
950,-0.703750729560852,0.330981168033063,-0.04622315615415573,-0.06869707256555557
951,0.8112499117851257,0.6923757889517593,-0.09320816397666931,-0.13635598123073578
952,1.9200445413589478,0.872143400538534,-0.18908289074897766,-0.26566165685653687
953,2.5486648082733154,0.9274837640459067,-0.30867257714271545,-0.41674280166625977
954,2.1879324913024902,0.899160598379822,-0.2181464433670044,-0.3304186761379242
955,-0.41205883026123047,0.39841855517376745,0.03512047231197357,-0.08522099256515503
956,-0.4650426208972931,0.385790257890861,-0.011029202491044998,-0.06498130410909653
957,-0.11469437181949615,0.47135779869650624,0.03266752511262894,-0.058547940105199814
958,-0.379789263010025,0.40617772527071505,0.05126255750656128,-0.08699522167444229
959,-0.3343210220336914,0.4171896248712903,0.0661069005727768,-0.06976541876792908
960,-0.755428671836853,0.31963957278040883,0.00489346869289875,-0.054422102868556976
961,-0.8329885005950928,0.3030135384973862,0.03648035228252411,-0.07902946323156357
962,-0.8639790415763855,0.2965086807740153,0.022729383781552315,-0.08777311444282532
963,-0.9317417740821838,0.28257147995258125,-0.01436573825776577,-0.05642004683613777
964,-0.8644563555717468,0.2964091269068122,0.012252988293766975,-0.10208462923765182
965,-1.0802019834518433,0.25346779507235007,-0.03616848960518837,-0.07200407981872559
966,-1.0661345720291138,0.256138876443398,0.026565739884972572,-0.08387325704097748
967,-1.2160121202468872,0.22863900464488107,-0.009021380916237831,-0.05732810124754906
968,-1.1907919645309448,0.23311732346790798,0.03356384485960007,-0.08597549051046371
969,-1.4477616548538208,0.19034628855993507,0.01914777047932148,-0.10239605605602264
970,-1.3486803770065308,0.20608619775000125,-0.011398807168006897,-0.11718956381082535
971,-1.3357925415039062,0.2082028250937742,0.01597478799521923,-0.059054046869277954
972,-1.5759918689727783,0.17136388035319713,0.0050488729029893875,-0.11673176288604736
973,-1.5428153276443481,0.1761263816227756,-0.01592385768890381,-0.07401002198457718
974,-1.3796589374542236,0.20106378147565382,0.02705170400440693,-0.1142326071858406
975,-1.4508471488952637,0.18987122321555963,0.004761828109622002,-0.061178822070360184
976,-1.5727471113204956,0.17182512186423324,-0.009617181494832039,-0.10611920058727264
977,-1.3342313766479492,0.20846030724503592,0.023407651111483574,-0.09898547828197479
978,-1.3383067846298218,0.2077886451108123,0.00810585729777813,-0.05797399953007698
979,-1.4546582698822021,0.1892856888191391,0.04003441333770752,-0.07944895327091217
980,-1.5332454442977905,0.17751933469427827,-0.02345745638012886,-0.07887504994869232
981,-1.4683018922805786,0.18720085519522317,-0.029243184253573418,-0.0627552717924118
982,-1.6940304040908813,0.1552465378296425,-0.01475381851196289,-0.10695552080869675
983,-1.5744022130966187,0.1715897267252964,0.03573499619960785,-0.07698842138051987
984,-1.5681008100509644,0.17248730484470015,0.030358368530869484,-0.08721081167459488
985,-1.767281413078308,0.14588073764284518,-0.033870093524456024,-0.0651056319475174
986,-1.7542880773544312,0.14750716200775285,0.010188212618231773,-0.09966272860765457
987,-1.707160234451294,0.15353240928769757,-0.004388606175780296,-0.05986344814300537
988,-1.7621655464172363,0.1465193278109596,-0.006135802716016769,-0.05185053497552872
989,-1.746199607849121,0.1485271799753963,-0.0363946333527565,-0.056473687291145325
990,-1.7351716756820679,0.14992726044182744,0.006618602201342583,-0.08224716782569885
991,-1.7666945457458496,0.1459538762448619,-0.032745275646448135,-0.04381880909204483
992,-1.789093255996704,0.14318392892501733,0.013574087992310524,-0.07354585826396942
993,-1.717997670173645,0.1521292562016321,0.0188258346170187,-0.06347299367189407
994,-1.6567968130111694,0.16019245544848162,-0.024486929178237915,-0.047103218734264374
995,-1.6757549047470093,0.1576584080709241,0.007830480113625526,-0.09278161823749542
996,-1.7195236682891846,0.1519325283628704,-0.014536786824464798,-0.0960942953824997
997,-1.6014869213104248,0.16777389968960585,0.033334508538246155,-0.08158271759748459
998,-1.7198176383972168,0.15189465447365963,-0.023116417229175568,-0.0694672018289566
999,-1.6277625560760498,0.16413709919653713,0.024340713396668434,-0.04943964630365372
1000,-1.7277332544326782,0.15087775104859039,0.014942856505513191,-0.09072373807430267
1001,-1.785911202430725,0.14357475396396516,-0.0118300411850214,-0.05628858506679535
1002,-1.70111882686615,0.1543191963494221,0.0418437123298645,-0.07630455493927002
1003,-1.7245715856552124,0.15128325124942835,0.00019979476928710938,-0.053036488592624664
1004,-1.7164493799209595,0.15232907146551233,0.007899736985564232,-0.031513430178165436
1005,-1.7485512495040894,0.14823002099718083,-0.005777664482593536,-0.03620206192135811
1006,-0.549519419670105,0.36597591448474265,-0.011464906856417656,-0.09555570036172867
1007,-1.4759823083877563,0.18603503499353044,0.0014117918908596039,-0.026252038776874542
1008,-1.414273977279663,0.19556081303958128,0.03479035943746567,-0.05393672361969948
1009,-1.1853832006454468,0.23408566330226896,0.008558744564652443,-0.03504953160881996
1010,-1.3019965887069702,0.21382918611604435,0.03780224174261093,-0.0614694245159626
1011,-1.4049104452133179,0.19703805403575342,0.040803298354148865,-0.06713312119245529
1012,-1.2792450189590454,0.21767876545781464,0.012419668957591057,-0.03726804256439209
1013,-1.3002885580062866,0.2141164571230568,0.04633336514234543,-0.07229240983724594
1014,-1.2998281717300415,0.21419393679421436,0.034517377614974976,-0.08255495876073837
1015,-1.5907390117645264,0.1692799485598064,-0.032471612095832825,-0.05999472737312317
1016,0.7864806652069092,0.6870751620802938,-0.1655416488647461,-0.1813364028930664
1017,1.6222864389419556,0.83511021634975,-0.23371468484401703,-0.24892055988311768
1018,0.671945333480835,0.6619386149661695,-0.19293782114982605,-0.12333973497152328
1019,0.19093057513237,0.5475881647076074,-0.1530124545097351,-0.12169423699378967
1020,1.5395852327346802,0.8234044221769211,-0.24871933460235596,-0.18693484365940094
1021,1.5330923795700073,0.8224583158001885,-0.26634517312049866,-0.1888265311717987
1022,0.45367762446403503,0.6115132654973279,-0.1571730226278305,-0.16015388071537018
1023,2.109316349029541,0.8918053864215136,-0.28065580129623413,-0.2315005660057068
1024,1.1882342100143433,0.7664251053567412,-0.22285178303718567,-0.1229744553565979
1025,2.871255874633789,0.9464070825774727,-0.4010072946548462,-0.38127562403678894
1026,1.6805649995803833,0.8429793318776606,-0.23830151557922363,-0.17010419070720673
1027,0.7357324361801147,0.6760619535327366,-0.16454030573368073,-0.12798908352851868
1028,0.8113947510719299,0.6924066376371918,-0.18907774984836578,-0.17279154062271118
1029,0.9926362037658691,0.7296083073793365,-0.1975041925907135,-0.11842840909957886
1030,1.2337708473205566,0.7744778792125044,-0.23947951197624207,-0.15325205028057098
1031,0.7301961183547974,0.6748483079298297,-0.21870464086532593,-0.17939573526382446
1032,-0.4026375114917755,0.40067881467706445,-0.20566779375076294,-0.1209576427936554
1033,-0.3432225286960602,0.41502689931182646,-0.19010506570339203,-0.08793888241052628
1034,-0.7194093465805054,0.32752306209999554,-0.20477280020713806,-0.14512081444263458
1035,0.2865884602069855,0.571160727125677,-0.19470323622226715,-0.13781720399856567
1036,0.6988734006881714,0.6679379432864812,-0.20253325998783112,-0.15821890532970428
1037,3.1551051139831543,0.95910940691131,-0.5729478001594543,-0.6111361980438232
1038,3.218280792236328,0.9615164498493612,-0.5729491114616394,-0.6539467573165894
1039,3.1742448806762695,0.9598534797892218,-0.611829936504364,-0.7103791236877441
1040,3.0085840225219727,0.9529604211974835,-0.4257582128047943,-0.5265897512435913
1041,3.2015326023101807,0.9608919110226255,-0.5214986205101013,-0.644978940486908
1042,3.1299991607666016,0.9581133592619795,-0.5038828253746033,-0.6352798342704773
1043,3.139850616455078,0.958506939914585,-0.5098539590835571,-0.6497348546981812
1044,3.0693888664245605,0.955612256886625,-0.4826681911945343,-0.6154749989509583
1045,3.0353658199310303,0.9541465056000381,-0.45300406217575073,-0.5843507647514343
1046,3.0808026790618896,0.9560938920941647,-0.4970986843109131,-0.6300356388092041
1047,3.0029945373535156,0.9527092268222561,-0.4533448815345764,-0.5896720290184021
1048,3.006645441055298,0.9528734443364245,-0.47183531522750854,-0.6080032587051392
1049,0.0450485423207283,0.5112602313788471,-0.03578174114227295,-0.09623143821954727
1050,0.2583704888820648,0.5642356797708854,-0.033490367233753204,-0.10807660967111588
1051,0.14143183827400208,0.535299138556547,0.008678978309035301,-0.1071031242609024
1052,-0.3379833996295929,0.4162994164199336,-0.026059430092573166,-0.08285009115934372
1053,-0.40445271134376526,0.4002429998039222,-0.005412707105278969,-0.0887792706489563
1054,-0.6038918495178223,0.35345380551463734,3.403984010219574e-05,-0.09290032088756561
1055,-0.7231162190437317,0.32670713971072496,0.003782236948609352,-0.03710158169269562
1056,-1.075435996055603,0.25437068328601997,-0.03397612273693085,-0.09636826813220978
1057,0.8385644555091858,0.6981627876290821,-0.10436711460351944,-0.18606391549110413
1058,2.3599281311035156,0.9137201398416727,-0.26587241888046265,-0.3606828451156616
1059,-0.79490727186203,0.31111595543076154,-0.02628873474895954,-0.094100721180439
1060,-0.40845635533332825,0.3992823158781512,0.00036499835550785065,-0.061745792627334595
1061,-0.6784942150115967,0.3365974610216946,-0.009816424921154976,-0.04920166730880737
1062,-0.836667537689209,0.30223710292506534,-0.02178984507918358,-0.05665541812777519
1063,-0.6653529405593872,0.33953817481168413,0.026976199820637703,-0.07709135860204697
1064,-0.6534732580184937,0.3422072739540077,-0.0007983576506376266,-0.04379095137119293
1065,-1.0434048175811768,0.26049356653420974,-0.00796419195830822,-0.08068202435970306
1066,-1.1174641847610474,0.24648195413177532,-0.013482486829161644,-0.08185512572526932
1067,-0.8591490387916565,0.2975171664951458,0.010687077417969704,-0.05441707745194435
1068,-0.8960145115852356,0.28987020454209195,0.00034825317561626434,-0.046384189277887344
1069,-1.1832562685012817,0.2344672156975578,-0.024743758141994476,-0.08370336145162582
1070,-1.2119914293289185,0.22934888016192917,-0.031545307487249374,-0.07502036541700363
1071,-1.2420581579208374,0.22407793675034074,-0.014838157221674919,-0.10772386193275452
1072,-0.9452049136161804,0.2798501742647525,-0.0018827412277460098,-0.05521095544099808
1073,-0.9906805753707886,0.2707776722325341,0.0027952976524829865,-0.03959834575653076
1074,-0.574709415435791,0.3601508634924535,-0.016745980829000473,-0.04986650124192238
1075,-1.1571329832077026,0.23918862730761623,-0.0034869927912950516,-0.09036660939455032
1076,-0.9062255620956421,0.2877728245188126,0.030493663623929024,-0.07386618107557297
1077,-0.8128434419631958,0.3072849066641668,0.01656229980289936,-0.04157140105962753
1078,-0.7247171401977539,0.32635508349505704,-0.007947059348225594,-0.039476826786994934
1079,-0.4468912184238434,0.39010016044650225,-0.04023143649101257,-0.0636230856180191
1605,-2.206378936767578,0.09917911923882602,-0.03803585469722748,-0.07454751431941986
1606,-2.3341050148010254,0.08833751087012509,-0.08223333209753036,-0.035789940506219864
1607,-2.3165018558502197,0.08976547453699116,-0.061483077704906464,-0.025193780660629272
1608,-2.288301944732666,0.09209643397114783,-0.021416055038571358,-0.04815017059445381
1609,-2.3132972717285156,0.09002765797402307,-0.06017354130744934,-0.08236036449670792
1610,-2.1963047981262207,0.10008281059004541,-0.038472533226013184,-0.043472833931446075
1611,-2.1129462718963623,0.10784486542777649,-0.02608458511531353,-0.04444979876279831
1612,-2.2911112308502197,0.09186180542843239,-0.06263282895088196,-0.07573685795068741
1613,-2.1188981533050537,0.10727354420928426,-0.02635975368320942,-0.08169008046388626
1614,-2.294257402420044,0.09159967849015449,-0.061315231025218964,-0.0983114168047905
1615,-2.3645710945129395,0.08591453155053565,-0.07367169111967087,-0.07726246118545532
1616,-2.177640914916992,0.10177638811885172,-0.04634992033243179,-0.030323375016450882
1617,-2.241147041320801,0.09611584335088723,-0.05101543664932251,-0.11231168359518051
1618,-2.270106315612793,0.0936291896111273,-0.07653544098138809,-0.10354501754045486
1619,-2.3231821060180664,0.08922114085445501,-0.08626004308462143,-0.072029709815979
1620,-2.3129451274871826,0.09005651073874597,-0.10489468276500702,-0.05939186364412308
1621,-2.1978228092193604,0.09994617201276992,-0.054593734443187714,-0.06060035154223442
1622,-2.2997093200683594,0.09114703786234787,-0.10626085847616196,-0.06073721498250961
1623,-2.209860324859619,0.09886851663270207,-0.08729778975248337,-0.03734268993139267
1624,-2.1849160194396973,0.1011132370933351,-0.06957501173019409,-0.09007144719362259
1625,-2.0800881385803223,0.11104726574526025,-0.0711473748087883,-0.1084551140666008
1626,-2.1713130474090576,0.10235632828525514,-0.08614472299814224,-0.10863133519887924
1627,-1.8789998292922974,0.13250379745454866,-0.055117808282375336,-0.1102936863899231
1628,-1.986943244934082,0.12058062789583045,-0.05679035931825638,-0.10747101157903671
1629,-1.9810677766799927,0.12120505829828464,-0.07340145111083984,-0.0729556530714035
1630,-2.1399943828582764,0.105269918589596,-0.09298331290483475,-0.07593267410993576
1631,-2.0674185752868652,0.1123041282797367,-0.06916258484125137,-0.11454501748085022
1632,-2.054314374923706,0.11361716306746672,-0.08382296562194824,-0.0661490187048912
1633,-1.9781628847122192,0.12151481172242645,-0.07277826219797134,-0.04971598461270332
1634,-2.0581424236297607,0.11323221661865636,-0.07544737309217453,-0.09434489160776138
1635,-1.828916072845459,0.1383674503783346,-0.0814235657453537,-0.050337545573711395
1636,-1.8246769905090332,0.13887361701522377,-0.06980161368846893,-0.10671737790107727
1637,-1.9922086000442505,0.12002339919660239,-0.10572870075702667,-0.08746620267629623
1638,-1.8443973064422607,0.1365320604298089,-0.07591710984706879,-0.04699273034930229
1639,-1.9590015411376953,0.12357514434480085,-0.07891736924648285,-0.10114589333534241
1640,-1.735041618347168,0.1499438368838141,-0.0691647008061409,-0.11675746738910675
1641,-1.6268692016601562,0.16425970072668808,-0.09634333103895187,-0.0720081478357315
1642,-1.7343320846557617,0.1500342969968781,-0.08977615088224411,-0.056674160063266754
1643,-1.7128722667694092,0.15279154059495206,-0.06856459379196167,-0.10908137261867523
1644,-1.7627530097961426,0.14644587993859925,-0.09255626052618027,-0.06288295984268188
1645,-1.766980528831482,0.14591823167867404,-0.06642989069223404,-0.10983642935752869
1646,-1.8803037405014038,0.1323539891778586,-0.10142336040735245,-0.07537155598402023
1647,-1.7410252094268799,0.1491827606955723,-0.07597383111715317,-0.055590007454156876
1648,-1.9339524507522583,0.12631374862654798,-0.09818814694881439,-0.04947228729724884
1649,-1.88264000415802,0.13208593140659475,-0.07680909335613251,-0.10957348346710205
1650,-1.7301253080368042,0.15057155217626395,-0.06667788326740265,-0.09848164021968842
1651,-1.9137579202651978,0.12855925768456514,-0.095640629529953,-0.06936125457286835
1652,-1.7828129529953003,0.14395613880511268,-0.08954916894435883,-0.051144447177648544
1653,-1.8907994031906128,0.13115334886517396,-0.10420940816402435,-0.08953403681516647
1654,-1.6754754781723022,0.15769552009427598,-0.0587056502699852,-0.09851494431495667
1655,-1.9285095930099487,0.12691563741667133,-0.10031300783157349,-0.0775689035654068
1656,-1.9545238018035889,0.12406092087495656,-0.0898217037320137,-0.1150110512971878
1657,-1.9958630800247192,0.11963795678443764,-0.09301196038722992,-0.053616948425769806
1658,-2.0557236671447754,0.11347531290362121,-0.10210420191287994,-0.0760088786482811
1659,3.1252312660217285,0.9579215948991814,-0.5125843286514282,-0.5796025991439819
1660,3.144669532775879,0.9586981719973136,-0.5539655685424805,-0.6420808434486389
1661,3.171543598175049,0.9597492570686041,-0.5348044633865356,-0.6313455700874329
1662,3.1547579765319824,0.9590957905129975,-0.5775802731513977,-0.6752984523773193
1663,3.1355488300323486,0.9583355140502282,-0.5604650974273682,-0.678974986076355
1664,3.030703544616699,0.9539420941776189,-0.48549506068229675,-0.5982407331466675
1665,0.7219581604003906,0.673038071507211,-0.1208295226097107,-0.1615000069141388
1666,0.7646556496620178,0.682363671185875,-0.07927855104207993,-0.18144401907920837
1667,0.8149185180664062,0.6931566191638501,-0.1016780287027359,-0.15367703139781952
1668,3.095621347427368,0.9567117681648803,-0.49256792664527893,-0.6001759767532349
1669,3.0583977699279785,0.9551437007039394,-0.48281824588775635,-0.58377605676651
1670,3.0842623710632324,0.956238895344303,-0.4885358512401581,-0.5880631804466248
1671,3.0853474140167236,0.9562842776576364,-0.4761750102043152,-0.593313455581665
1672,1.700629472732544,0.8456169297924088,-0.1731559932231903,-0.2687574326992035
1673,0.008879542350769043,0.5022198710019987,-0.03770383819937706,-0.14203831553459167
1674,0.2047993540763855,0.5510216306576015,-0.02006704919040203,-0.11500906944274902
1675,-0.1747594177722931,0.45642100079704395,-0.01936834678053856,-0.12868715822696686
1676,-0.1250000298023224,0.46879061920469134,-0.0037847254425287247,-0.13350144028663635
1677,0.3181259036064148,0.5788674527216974,0.010190265253186226,-0.11480121314525604
1678,0.2907312214374542,0.572175138614375,-0.00109034962952137,-0.09335148334503174
1679,0.2551436126232147,0.5634421117131218,0.004744509235024452,-0.08295078575611115
1680,-0.6882301568984985,0.3344268992363973,-0.05503484606742859,-0.06276320666074753
1681,-1.0594333410263062,0.25741775885479246,-0.07672962546348572,-0.06426145136356354
1682,-1.090745210647583,0.25147797634488517,-0.0829010158777237,-0.098006971180439
1683,-0.8655169010162354,0.29618799711866417,-0.029198497533798218,-0.08296015858650208
1684,-0.7052710056304932,0.33064461584157095,-0.04630223289132118,-0.06394869834184647
1685,-0.5425456166267395,0.3675956059113016,-0.03679981455206871,-0.09679627418518066
1686,-0.984224796295166,0.27205429653083363,-0.10112566500902176,-0.09470906108617783
1687,-0.9168978929519653,0.285590391413434,-0.08534997701644897,-0.08568070083856583
1688,-0.8252949714660645,0.30464084183062706,-0.061815619468688965,-0.04786597564816475
1689,-0.6274479627609253,0.34808942946961524,-0.034038737416267395,-0.03546961024403572
1690,-0.5095958113670349,0.3752882815612011,-0.023318076506257057,-0.08060524612665176
1691,-1.115667700767517,0.24681576453077117,-0.061895474791526794,-0.040822576731443405
1692,-0.7534441351890564,0.32007130458487476,-0.01803927682340145,-0.0748642086982727
1693,-0.6410086154937744,0.3450185760844852,0.00854107178747654,-0.0641222596168518
1694,-0.9290353059768677,0.28312047098859183,-0.04713449627161026,-0.061845190823078156
1695,-0.9451630115509033,0.2798586190357479,-0.051949478685855865,-0.10056084394454956
1696,-0.4586690366268158,0.3873016128218715,-0.004274703562259674,-0.08103290945291519
1697,-1.1216436624526978,0.2457065283386325,-0.06340175122022629,-0.0941205769777298
1698,-1.2023050785064697,0.23106540968929404,-0.07144058495759964,-0.09095510840415955
1699,-1.0921193361282349,0.2512194036998046,-0.03314579278230667,-0.03978177532553673
1700,-1.29794180393219,0.21451161176620542,-0.07057400047779083,-0.0877484530210495
1701,-1.2096210718154907,0.22976810479680432,-0.043254636228084564,-0.0950612723827362
1702,-1.2061636447906494,0.2303805535913185,-0.046326905488967896,-0.03419859707355499
1703,-1.4276055097579956,0.19347204774289145,-0.08116050064563751,-0.09035978466272354
1704,-1.4100109338760376,0.19623233181222535,-0.0658707395195961,-0.034329645335674286
1705,-1.186824917793274,0.23382727756414362,-0.01224734541028738,-0.03117210417985916
1706,-1.415026307106018,0.19544248603975667,-0.07845689356327057,-0.08447383344173431
1707,-1.0791773796081543,0.2536617214980748,-0.001983135938644409,-0.03273789584636688
1708,-1.3276664018630981,0.20954563169247456,-0.05427505075931549,-0.07009254395961761
1709,-1.2084156274795532,0.22998150746399817,-0.003226298838853836,-0.08084869384765625
1710,-1.3141454458236694,0.2117939878194638,-0.03117549978196621,-0.08610799908638
1711,-0.9609798789024353,0.27668204969385984,0.020896824076771736,-0.05192623287439346
1712,-1.1042801141738892,0.2489387892478897,0.00189146026968956,-0.041934940963983536
1713,-1.330519437789917,0.20907345709250363,-0.0348394550383091,-0.07906796038150787
1714,-1.356164813041687,0.20486432771460034,-0.017966728657484055,-0.0935903936624527
1715,-1.3591573238372803,0.20437729337380076,-0.03232116252183914,-0.09515412151813507
1716,-1.2525403499603271,0.22226070187924826,-0.008422896265983582,-0.05904880911111832
1717,-1.4109388589859009,0.1960860158882964,-0.03824672847986221,-0.09957370907068253
1718,-1.6385796070098877,0.1626584283639606,-0.07231168448925018,-0.11004102230072021
1719,-1.7349828481674194,0.14995132792515517,-0.05040384829044342,-0.07494216412305832
1720,-1.6219613552093506,0.16493455292848805,-0.009594550356268883,-0.064401775598526
1721,-1.3420342206954956,0.20717573074715884,0.014913579449057579,-0.08191724866628647
1722,-1.446516513824463,0.19053825693647258,-0.06289614737033844,-0.05586785450577736
1723,-1.531134009361267,0.1778278272662403,-0.05679284781217575,-0.09196688234806061
1724,-1.7333667278289795,0.15015744476224208,-0.08956355601549149,-0.06905436515808105
1725,-1.6974782943725586,0.15479490138021995,-0.05458609014749527,-0.04217195510864258
1726,-1.7282880544662476,0.1508066873547018,-0.07041797786951065,-0.08275247365236282
1727,-1.6453510522842407,0.16173825847191883,-0.07370460033416748,-0.017295725643634796
1728,-1.3743914365768433,0.20191127027302389,-0.03912500664591789,-0.042260441929101944
1729,-1.5300880670547485,0.1779808008905793,-0.0842139795422554,-0.08531312644481659
1730,-1.551727056503296,0.17483696750636127,-0.06893585622310638,-0.09325554221868515
1731,-1.2943620681762695,0.21511540069429763,-0.06113782525062561,-0.03596697747707367
1732,-1.5310500860214233,0.17784009761754455,-0.08903546631336212,-0.07065980136394501
1733,-1.3631681203842163,0.20372588215620455,-0.040334057062864304,-0.06067189201712608
1734,-1.5608699321746826,0.17352185285366103,-0.07452046871185303,-0.09430183470249176
1735,-1.7209757566452026,0.1517455227293194,-0.0642312616109848,-0.033872976899147034
1736,-1.50584876537323,0.1815548209437255,-0.0664573684334755,-0.024092525243759155
1737,-1.429263710975647,0.1932134325154543,-0.08004536479711533,-0.046505313366651535
1738,-1.356069564819336,0.2048798436037415,-0.05436991527676582,-0.023093022406101227
1739,-1.5447078943252563,0.17585192737968453,-0.05856388807296753,-0.08492664247751236
1740,-1.594717025756836,0.16872127906263398,-0.0694514662027359,-0.024588733911514282
1741,-1.3487952947616577,0.20606739615369402,-0.04004543274641037,-0.07554928213357925
1742,-1.0478277206420898,0.25964245620453635,-0.06757061183452606,-0.03654525429010391
1743,-1.3424404859542847,0.2071090080132799,-0.061481915414333344,-0.08916523307561874
1744,-1.2745836973190308,0.21847360849014122,-0.08314292877912521,-0.09872805327177048
1745,-1.2206043004989624,0.22783012239469,-0.07865423709154129,-0.04637620225548744
1746,-1.1560360193252563,0.23938830708190587,-0.10157623887062073,-0.04728996753692627
1747,-1.4701849222183228,0.1869145083291148,-0.06755039840936661,-0.08725053817033768
1748,-1.4213560819625854,0.19444908074457043,-0.08752204477787018,-0.09399350732564926
1749,-1.392880916595459,0.19894823318242852,-0.11236903816461563,-0.061752550303936005
1750,-1.0010151863098145,0.2687418704523214,-0.0792386531829834,-0.04813089221715927
1751,-1.5943617820739746,0.16877110941918907,-0.07634931057691574,-0.08736731112003326
1752,-0.9481422901153564,0.2792585758601998,-0.06731560826301575,-0.052662260830402374
1753,-1.1633678674697876,0.23805586479372925,-0.10248912870883942,-0.0488598570227623
1754,-1.1348131895065308,0.24327393799759622,-0.05464053899049759,-0.09417138993740082
1755,-1.160211443901062,0.23862886682122184,-0.08104708045721054,-0.09552178531885147
1756,-0.9685165882110596,0.2751762763634578,-0.049117714166641235,-0.09892303496599197
1757,-1.2895511388778687,0.2159287949142516,-0.07123264670372009,-0.123167023062706
1758,-0.7941372990608215,0.31128100216658755,-0.08013547211885452,-0.05663492530584335
1759,-1.332024335861206,0.2088247134695147,-0.06810043007135391,-0.045890241861343384
1760,-1.5338736772537231,0.1774276273570656,-0.060838520526885986,-0.11898916959762573
1761,-1.1950761079788208,0.23235230742407842,-0.04791279882192612,-0.09849917888641357
1762,-1.4993442296981812,0.18252334998962083,-0.08202674984931946,-0.05337413027882576
1763,-1.5754400491714478,0.17144225203792207,-0.05997661501169205,-0.10320605337619781
1764,-1.695914626121521,0.15499959192377993,-0.09706481546163559,-0.059406958520412445
1765,-1.3414498567581177,0.20727173125503984,-0.05259757488965988,-0.07457780838012695
1766,-1.3081127405166626,0.21280282228469263,-0.05816773325204849,-0.11123453080654144
1767,-1.382021427154541,0.20068454589874818,-0.08706864714622498,-0.06832639873027802
1768,-1.4785312414169312,0.1856493691065804,-0.06830575317144394,-0.11241411417722702
1769,-0.9692147374153137,0.27503704936610696,-0.0948629155755043,-0.09643220156431198
1770,-1.4017895460128784,0.19753229107364514,-0.06000043451786041,-0.12508854269981384
1771,-1.1757493019104004,0.2358173436320004,-0.053569525480270386,-0.1254991888999939
1772,-1.5327577590942383,0.17759055096634851,-0.09958918392658234,-0.12479087710380554
1773,-1.4938944578170776,0.18333791001093977,-0.09412489086389542,-0.08442754298448563
1774,-1.1362172365188599,0.24301555773239858,-0.06946688145399094,-0.13119299709796906
1775,-1.6631158590316772,0.15934417323043187,-0.08755964040756226,-0.07839110493659973
1776,-1.3822476863861084,0.2006482540547689,-0.09828676283359528,-0.0774088203907013
1777,-1.22848641872406,0.22644644764090932,-0.0646730288863182,-0.1233641654253006
1778,-1.6977118253707886,0.15476435017945855,-0.1055678129196167,-0.11414291709661484
1779,-1.4155806303024292,0.19535533635869268,-0.08543136715888977,-0.11778075993061066
1780,-1.4583172798156738,0.188724827806233,-0.12320497632026672,-0.07007214426994324
1781,-1.3377846479415894,0.20787460846281644,-0.08320926874876022,-0.1134868860244751
1782,-1.3995707035064697,0.1978842431489298,-0.08300387859344482,-0.12764568626880646
1783,-1.6284211874008179,0.16404675752735806,-0.11543430387973785,-0.06905904412269592
1784,-1.6532403230667114,0.1606714914227176,-0.11903753131628036,-0.12481079995632172
1785,-1.1149379014968872,0.24695145763444876,-0.11040543019771576,-0.06778092682361603
1786,-0.4617106020450592,0.3865801000420849,-0.08996587246656418,-0.08850585669279099
1787,-0.6159454584121704,0.3507041543336283,-0.11656695604324341,-0.06517394632101059
1788,-0.6767904758453369,0.3369780111648179,-0.0745512992143631,-0.12557896971702576
1789,0.12322673946619034,0.53076776111623,-0.06799493730068207,-0.11526080965995789
1790,-0.8991129398345947,0.28923282261725514,-0.10929108411073685,-0.07601943612098694
1791,-0.32691749930381775,0.418990831537296,-0.07114277780056,-0.1166883111000061
1792,-0.9442368149757385,0.2800453206843345,-0.11047576367855072,-0.07093600183725357
1793,-1.0631121397018433,0.2567151700919595,-0.08904489874839783,-0.13388587534427643
1794,-1.5097322463989258,0.1809784776114366,-0.11481837928295135,-0.09413944184780121
1795,-1.0390136241912842,0.2613403606276216,-0.07871674001216888,-0.08764411509037018
1796,-1.6043869256973267,0.16736937423054168,-0.11521979421377182,-0.141241654753685
1797,-1.5229032039642334,0.17903440563537643,-0.13366225361824036,-0.12701080739498138
1798,-1.7643187046051025,0.14625027721246706,-0.1271166056394577,-0.07466594129800797
1799,-1.3662029504776,0.2032340096603469,-0.09492959827184677,-0.14910340309143066
1800,-1.5352296829223633,0.17722980886849754,-0.14017637073993683,-0.08208037912845612
1801,-1.0116498470306396,0.26665709719595726,-0.06186932325363159,-0.09103791415691376
1802,-1.2152565717697144,0.22877228291899973,-0.06871313601732254,-0.1396094262599945
1803,-1.0576621294021606,0.2577564782341731,-0.07745471596717834,-0.06895419955253601
1804,-1.0065150260925293,0.26766241936789503,-0.048271410167217255,-0.12521472573280334
1805,0.1883135437965393,0.5469397531073495,-0.05981357395648956,-0.15271994471549988
1806,-0.2670627236366272,0.4336283337157603,-0.03788069635629654,-0.12394864857196808
1807,0.44492587447166443,0.6094321400717229,-0.12869662046432495,-0.13456924259662628
1808,0.9258112907409668,0.7162247150432032,-0.16405992209911346,-0.14128467440605164
1809,0.9947222471237183,0.7300196448968235,-0.1736399084329605,-0.21968644857406616
1810,0.723734438419342,0.6734288351767739,-0.16588956117630005,-0.1312992125749588
1811,3.2734858989715576,0.9635079355360426,-0.5272196531295776,-0.6147103309631348
1812,2.682692527770996,0.9359976118647493,-0.33003973960876465,-0.39559584856033325
1813,3.2574124336242676,0.9629385564489199,-0.500676691532135,-0.596831738948822
1814,3.10060453414917,0.9569176746133456,-0.4846842885017395,-0.6049761772155762
1815,3.05479097366333,0.9549889164334833,-0.5020744204521179,-0.6067200899124146
1816,0.9458492994308472,0.7202796729961543,-0.06296254694461823,-0.18936467170715332
1817,-0.07373607903718948,0.4815743278636068,-0.03678232803940773,-0.08646421879529953
1818,2.9412479400634766,0.9498482078027375,-0.400409460067749,-0.5550026893615723
1819,2.9100265502929688,0.9483398652844975,-0.4082464575767517,-0.5693408846855164
1820,0.0897856131196022,0.5224313362010725,0.002077557146549225,-0.13003261387348175
1821,0.27171123027801514,0.5675129611741597,-0.021161064505577087,-0.10590073466300964
1822,-0.22780700027942657,0.4432932758957419,-0.012807749211788177,-0.1113952249288559
1823,-0.45616966485977173,0.38789487822588653,-0.034186337143182755,-0.06687398254871368
1824,-0.40043380856513977,0.40120811718174876,-0.004494728520512581,-0.10296469181776047
1825,-0.10639491677284241,0.473426333634506,0.01731000281870365,-0.07803796231746674
1826,-0.7600886225700378,0.31862702560108414,-0.03381064161658287,-0.09032267332077026
1827,-0.69624924659729,0.33264434209359145,-0.04101797938346863,-0.09977741539478302
1828,-0.951470136642456,0.27858926175335935,-0.06533874571323395,-0.05192003399133682
1829,-0.9963904619216919,0.2696516912340531,-0.07941851764917374,-0.04958201199769974
2340,-1.8076473474502563,0.14092270553833688,-0.11163307726383209,-0.039182282984256744
2341,-1.6273903846740723,0.16418816604852926,-0.06333865225315094,-0.06409996747970581
2342,-1.8447428941726685,0.13649132384434828,-0.08442166447639465,-0.09275545924901962
2343,-1.8617044687271118,0.13450450591815888,-0.10639113187789917,-0.045506130903959274
2344,-1.6127320528030396,0.16620964941058305,-0.04527713358402252,-0.09239649027585983
2345,-1.6967507600784302,0.15489011110214027,-0.06206715106964111,-0.09538697451353073
2346,-1.772987961769104,0.145171140134628,-0.08848726004362106,-0.0435635969042778
2347,-1.7533128261566162,0.14762984083822456,-0.07337713241577148,-0.11813779175281525
2348,-1.6826354265213013,0.15674681026,-0.08138825744390488,-0.05287892743945122
2349,-1.4746028184890747,0.1862440161109447,-0.05962686985731125,-0.05004572123289108
2350,-1.5314712524414062,0.17777852596805016,-0.09265157580375671,-0.10722623020410538
2351,-1.3138978481292725,0.21183532405820896,-0.04954652115702629,-0.09672023355960846
2352,-0.9581693410873413,0.2772448729597417,-0.0417817160487175,-0.08149541914463043
2353,-1.2523972988128662,0.22228543080927055,-0.08673127740621567,-0.1105547845363617
2354,-0.80182284116745,0.30963573056046717,-0.05094171315431595,-0.06635208427906036
2355,-1.2666889429092407,0.21982457730264293,-0.07860739529132843,-0.11598487943410873
2356,-1.0475736856460571,0.2596912918891588,-0.0678018257021904,-0.11906956881284714
2357,-1.1730717420578003,0.23630020133169413,-0.1023595780134201,-0.07523484528064728
2358,-1.3942190408706665,0.19873506512089942,-0.10313698649406433,-0.09320235252380371
2359,-1.2254456281661987,0.2269795412484989,-0.06381939351558685,-0.09159328788518906
2360,-1.5626877546310425,0.1732613099627795,-0.08862115442752838,-0.11665940284729004
2361,-1.4003888368606567,0.1977544161540305,-0.08386219292879105,-0.06715670973062515
2362,-1.3345450162887573,0.20840855999130328,-0.07588011026382446,-0.044418174773454666
2363,-1.2116652727127075,0.22940653277093345,-0.05724214389920235,-0.09578945487737656
2364,-1.33332359790802,0.20861013456179875,-0.08297944813966751,-0.045329805463552475
2365,-1.037331461906433,0.2616652182291846,-0.07219161093235016,-0.048402026295661926
2366,-1.2298693656921387,0.22620429060759384,-0.03867207467556,-0.10069196671247482
2367,-0.8399415612220764,0.30154709202227525,-0.026810286566615105,-0.08970451354980469
2368,-0.8330657482147217,0.30299722433156806,-0.04293958842754364,-0.04662088304758072
2369,-1.4225252866744995,0.194266003539069,-0.08020675182342529,-0.07934802025556564
2370,-1.4333847761154175,0.1925718446904868,-0.04621802270412445,-0.10173864662647247
2371,-1.6130210161209106,0.16616960758004362,-0.0822911486029625,-0.05135146528482437
2372,-1.743641972541809,0.14885092692588434,-0.061314940452575684,-0.12064123153686523
2373,-1.9050506353378296,0.12953790928128753,-0.08716364949941635,-0.06993675231933594
2374,-1.3671313524246216,0.20308371500198924,-0.02197491191327572,-0.06651630252599716
2375,-1.9297091960906982,0.1267827712090711,-0.09337268769741058,-0.09386973828077316
2376,-1.5894981622695923,0.1694545137009494,-0.06857649236917496,-0.04735147953033447
2377,-1.5499156713485718,0.1750984481748523,-0.06112147122621536,-0.10338789969682693
2378,-1.5754743814468384,0.17143737519986643,-0.09719579666852951,-0.10191233456134796
2379,-0.9468454718589783,0.2795196653544557,-0.03786657750606537,-0.05010397732257843
2380,-1.3606934547424316,0.20412762083412161,-0.11073006689548492,-0.061877116560935974
2381,-0.7443002462387085,0.3220645149319798,-0.05550936609506607,-0.10214879363775253
2382,-1.025728702545166,0.2639130218234735,-0.08232671022415161,-0.04362042248249054
2383,-1.5045244693756104,0.18175168461087204,-0.1164197102189064,-0.10352887213230133
2384,2.4821419715881348,0.9228803848056522,-0.30382105708122253,-0.31977036595344543
2385,3.2571260929107666,0.9629283361974805,-0.5334618091583252,-0.6183850765228271
2386,3.2320923805236816,0.9620242690119933,-0.5255252122879028,-0.6378026604652405
2387,1.2884031534194946,0.7838767836904569,-0.13816039264202118,-0.1920103132724762
2388,0.772807776927948,0.6841279590594568,-0.12637148797512054,-0.1353277564048767
2389,3.1943211555480957,0.960620012083575,-0.5007378458976746,-0.5957762598991394
2390,3.2000765800476074,0.9608371589441935,-0.5317204594612122,-0.6317881345748901
2391,3.152658700942993,0.9590133542974656,-0.508467972278595,-0.6160915493965149
2392,3.08416748046875,0.9562349243738969,-0.4626654386520386,-0.564909040927887
2393,3.0540730953216553,0.9549580482902505,-0.47093939781188965,-0.554934024810791
2394,2.8994035720825195,0.9478169454844797,-0.42915770411491394,-0.5068263411521912
2395,3.0759363174438477,0.9558891561955773,-0.5482304692268372,-0.6522102355957031
2396,2.784822702407837,0.9418501399414596,-0.40049898624420166,-0.5005848407745361
2397,0.04779929667711258,0.5119475494695953,-0.04734121263027191,-0.1526125818490982
2398,-0.07041718065738678,0.48240297558826023,-0.021587181836366653,-0.09431512653827667
2399,-0.31909337639808655,0.4208967148467132,-0.012805252335965633,-0.07375387847423553
2400,-0.07003748416900635,0.4824977827676553,0.013000043109059334,-0.11212627589702606
2401,-0.3668931722640991,0.4092919534514831,-0.006779944524168968,-0.11891382932662964
2402,-0.6342713236808777,0.34654266001184525,-0.0324992872774601,-0.06538426131010056
2403,-0.47452229261398315,0.3835464376436624,-0.009184025228023529,-0.07551508396863937
2404,-0.882965087890625,0.29256371686767757,-0.09142987430095673,-0.06968238949775696
2405,-0.8212458491325378,0.3054992647156632,-0.06619133800268173,-0.04546127840876579
2406,-0.6476074457168579,0.34352889632247435,-0.01535891741514206,-0.071199931204319
2407,-1.0718246698379517,0.25505623732068644,-0.08223143965005875,-0.07337035983800888
2408,-0.6809066534042358,0.33605897699963666,-0.023601287975907326,-0.06361135840415955
2409,-0.944409191608429,0.2800105674359154,-0.06744860857725143,-0.06963954120874405
2410,-0.8771388530731201,0.29377102949540373,-0.05699259787797928,-0.09609618782997131
2411,-0.6560870409011841,0.34161915052053804,-0.03718966618180275,-0.04352881759405136
2412,-0.4572317898273468,0.3876427253489335,-0.019924379885196686,-0.08689369261264801
2413,1.3647434711456299,0.7965295545648127,-0.12772716581821442,-0.22620564699172974
2414,2.61063814163208,0.9315431021275965,-0.3415125906467438,-0.46779632568359375
2415,2.4315972328186035,0.9192052338826322,-0.27400991320610046,-0.413924902677536
2416,-0.547473669052124,0.3664507354555497,0.006206275895237923,-0.09018062800168991
2417,0.7949514389038086,0.6888935104951117,-0.05734381452202797,-0.13090476393699646
2418,2.372006893157959,0.9146676305041362,-0.2578754425048828,-0.3726542294025421
2419,-0.5377388596534729,0.3687137377316781,-0.022540850564837456,-0.07367721199989319
2420,-0.2986375391483307,0.42589058180088896,0.0013994257897138596,-0.0538380965590477
2421,1.4118151664733887,0.804052085184954,-0.10834196954965591,-0.19350126385688782
2422,-0.5390111804008484,0.3684176368705159,-0.017460966482758522,-0.0449751615524292
2423,-0.6137533187866211,0.3512034913146059,-0.021473972126841545,-0.05361279100179672
2424,-0.8179340958595276,0.3062023698868633,0.015968794003129005,-0.07472420483827591
2425,-0.840330958366394,0.3014650849190008,0.008854499086737633,-0.0323733426630497
2426,-0.7065344452857971,0.3303650528068633,0.03909185528755188,-0.05492823198437691
2427,-0.7403088808059692,0.3229366037266583,0.01359562762081623,-0.02898809313774109
2428,-1.1681402921676636,0.23719129969246938,-0.01239699125289917,-0.08623943477869034
2429,-1.226582407951355,0.22678014396890528,-0.03323633223772049,-0.07479150593280792
2430,-0.9923974275588989,0.27043880097927947,0.04089925438165665,-0.061641961336135864
2431,-0.7773653864860535,0.31488798317609035,0.023363357409834862,-0.049890656024217606
2432,-1.2177644968032837,0.2283300968628478,0.03637486696243286,-0.047226499766111374
2433,-1.4442253112792969,0.19089188754625686,0.010024206712841988,-0.09301483631134033
2434,-1.5555468797683716,0.17428656971419612,-0.01671871356666088,-0.11068703979253769
2435,-1.680277943611145,0.15705866807777297,-0.016780391335487366,-0.10010343790054321
2436,-1.600091814994812,0.16796878284542802,0.0010347049683332443,-0.11800409108400345
2437,-1.6421278715133667,0.16217573066691424,-0.021675851196050644,-0.1196989119052887
2438,-1.4954901933670044,0.1830991090319659,0.015315072610974312,-0.09464878588914871
2439,-1.5931857824325562,0.1689361516462711,0.029874539002776146,-0.10614461451768875
2440,-1.6859508752822876,0.15630908192038132,-0.016386359930038452,-0.08591681718826294
2441,-1.5122822523117065,0.18060080974098675,0.03209006041288376,-0.07190316915512085
2442,-1.6758495569229126,0.15764583845777727,-0.007459878921508789,-0.08132103830575943
2443,-1.6218065023422241,0.1649558820980058,-0.0135112339630723,-0.0765557736158371
2444,-1.279775619506836,0.21758842052159055,0.026858502998948097,-0.050299856811761856
2445,-1.578328013420105,0.1710324064481138,-0.03123650886118412,-0.05407333001494408
2446,-1.5976471900939941,0.16831070942924448,-0.029553422704339027,-0.05523823946714401
2447,-1.5050877332687378,0.18166793214121751,0.03357309848070145,-0.05848085880279541
2448,-1.6167715787887573,0.16565059030413465,-0.017617521807551384,-0.081852488219738
2449,-1.5284558534622192,0.17821972519947973,0.024282949045300484,-0.03908601403236389
2901,0.7455962896347046,0.6782183965568873,-0.20477396249771118,-0.2273261547088623
2902,0.31381815671920776,0.577816955236428,-0.21664874255657196,-0.22203299403190613
2903,0.16667023301124573,0.5415713686397952,-0.07810257375240326,-0.09082381427288055
2904,1.4237987995147705,0.8059332576425353,-0.14216986298561096,-0.18615767359733582
2905,-0.34981322288513184,0.4134277147791132,-0.06377821415662766,-0.10579457879066467
2906,-0.014448769390583038,0.49638787049323657,-0.03194764256477356,-0.09277629852294922
2907,0.15726488828659058,0.5392353904438426,-0.034713760018348694,-0.08222974836826324
2908,-0.010400906205177307,0.49739979688924524,-0.035376645624637604,-0.14287398755550385
2909,0.0967859998345375,0.524177629182897,-0.06706279516220093,-0.08544369786977768
2910,1.2926729917526245,0.7845992771231812,-0.08517816662788391,-0.16105949878692627
2911,-0.45244985818862915,0.38877844844460563,-0.03416623920202255,-0.15104639530181885
2912,-0.36694419384002686,0.4092796179175544,-0.06706876307725906,-0.10227809846401215
2913,0.17435938119888306,0.5434797480517889,-0.06951763480901718,-0.0787910521030426
2914,-0.2990093529224396,0.425799672941185,-0.06874682754278183,-0.04644881188869476
2915,-0.20862555503845215,0.44803196540486495,-0.054720401763916016,-0.09944617748260498
2916,-0.35191628336906433,0.4129178046185434,-0.07926826179027557,-0.04825782775878906
2917,-0.5168666243553162,0.3735852131304792,-0.021934514865279198,-0.10237590968608856
2918,-1.0914162397384644,0.25135168503936134,-0.04482845216989517,-0.1319940686225891
2919,-0.9568198323249817,0.2775153690052907,-0.02792505733668804,-0.14868880808353424
2920,-0.4450908601284027,0.390528589991315,-0.037343814969062805,-0.09474122524261475
2921,-0.7574551105499268,0.3191990440771169,-0.02003057859838009,-0.151711106300354
2922,-0.9459251165390015,0.2797050518656479,-0.04705457389354706,-0.08098296076059341
2923,-0.9203526973724365,0.2848860352291931,-0.03148890286684036,-0.06254055351018906
2924,-0.6931482553482056,0.33333309449154047,-0.003614775836467743,-0.10533309727907181
2925,-0.6617946624755859,0.34033658081969903,0.007085459306836128,-0.103670634329319
2926,-0.28242433071136475,0.4298595195726726,-0.014784028753638268,-0.062373582273721695
2927,-0.7252486348152161,0.32623824654824324,0.014062384143471718,-0.10883884131908417
2928,-0.7796571850776672,0.3143937752289663,-0.046891458332538605,-0.05830300599336624
2929,-0.8068875074386597,0.3085541452826861,0.02132112719118595,-0.09509029984474182
2930,-0.881260871887207,0.29291656342663513,-0.025126859545707703,-0.054838500916957855
2931,-1.157670021057129,0.2390909122299739,-0.06215430051088333,-0.08782711625099182
2932,-0.6121935844421387,0.3515589741863637,-0.029495200142264366,-0.10449844598770142
2933,-1.0229144096374512,0.2644600977601569,-0.0005590692162513733,-0.0928979367017746
2934,-1.0084724426269531,0.26727890258832854,0.015491245314478874,-0.09709040075540543
2935,-0.8865213394165039,0.29182822216557525,0.022041017189621925,-0.12249231338500977
2936,-0.6523381471633911,0.342462834806402,0.0003912299871444702,-0.07184085249900818
2937,-1.0952000617980957,0.25064033816159426,-0.019141996279358864,-0.12299413979053497
2938,-0.7232632040977478,0.32667480829304124,0.006017090752720833,-0.07076232880353928
2939,-1.0155322551727295,0.2658985761745986,0.033536918461322784,-0.11459179222583771
2940,-1.1951631307601929,0.2323367859922106,-0.01661629229784012,-0.046130627393722534
2941,-1.4428313970565796,0.19110727339793074,-0.01690995693206787,-0.09915792942047119
2942,-1.445541262626648,0.1906887186712814,0.0010645519942045212,-0.044357478618621826
2943,-1.4899115562438965,0.18393500271422333,-0.030220162123441696,-0.06361524760723114
2944,-1.4763810634613037,0.18597466066683624,-0.003163199871778488,-0.11789637804031372
2945,-1.471112608909607,0.1867735617956288,0.006004145368933678,-0.07678049802780151
2946,-1.5215530395507812,0.17923294027489214,-0.02208813466131687,-0.14031176269054413
2947,-1.4556440114974976,0.18913446657499286,-0.0317293182015419,-0.09925370663404465
2948,-1.7493011951446533,0.1481353594260345,0.007116740569472313,-0.06468647718429565
2949,-1.7569680213928223,0.14717048051450757,-0.03573339432477951,-0.10781823098659515
2950,-1.475643277168274,0.18608637859994873,-0.021280869841575623,-0.06901384145021439
2951,-1.5175009965896606,0.1798298051756743,-0.003269454464316368,-0.11559981107711792
2952,-1.5310713052749634,0.17783699510809292,0.023986557498574257,-0.08939990401268005
2953,-1.60044264793396,0.16791975780430635,-0.006704380735754967,-0.11643268167972565
2954,-1.6726747751235962,0.1580678876218952,-0.03996267169713974,-0.07882530242204666
2955,-1.6057425737380981,0.1671805405467991,0.00714639388024807,-0.11183390021324158
2956,-1.587001085281372,0.16980624165353972,0.01835360936820507,-0.08148907124996185
2957,-1.7723726034164429,0.14524752061529017,-0.004832809790968895,-0.06773402541875839
2958,-1.7349061965942383,0.1499610986511616,-0.019012564793229103,-0.06712900102138519
2959,-1.7080227136611938,0.15342035480086838,-0.033328428864479065,-0.07325085997581482
2960,-1.684806227684021,0.15646009349206214,-0.014003485441207886,-0.1165795624256134
2961,-1.538246750831604,0.1767902901703156,-0.005206335335969925,-0.06650622934103012
2962,-1.6230206489562988,0.16478870696572487,-0.019401635974645615,-0.06474730372428894
2963,-1.8450117111206055,0.13645964378701392,-0.030229469761252403,-0.10986024141311646
2964,-1.7261723279953003,0.15107783603663594,-0.017816925421357155,-0.07155165076255798
2965,-1.838460922241211,0.13723341828733407,-0.047061219811439514,-0.09732607007026672
2966,-1.536530613899231,0.1770401875382436,0.009656781330704689,-0.09730928391218185
2967,-1.6972002983093262,0.15483127605193275,-0.03277948126196861,-0.07991573214530945
2968,-1.1741008758544922,0.23611453176400368,-0.0004218015819787979,-0.10494358092546463
2969,-1.7473078966140747,0.1483870727696579,-0.012940763495862484,-0.10832680761814117
2970,-1.7619973421096802,0.1465403632481796,-0.027085520327091217,-0.10388834774494171
2971,-1.6721271276474,0.15814078352763652,0.024694504216313362,-0.09465134143829346
2972,-1.747827172279358,0.14832146474140304,-0.01974787935614586,-0.1032901406288147
2973,-1.7678226232528687,0.1458133160229049,-0.02255208231508732,-0.08211085200309753
2974,-1.7125986814498901,0.15282695856256276,-0.023302976042032242,-0.06343728303909302
3376,-1.9228439331054688,0.12754476634060247,-0.07577920705080032,-0.10474160313606262
3377,-1.8976047039031982,0.13037981487412853,-0.05922167748212814,-0.03441314399242401
3378,-1.5422261953353882,0.1762118844963552,-0.04869343340396881,-0.09316583722829819
3379,-2.0112409591674805,0.11802773620193133,-0.09498414397239685,-0.0901668518781662
3380,-1.7764363288879395,0.14474373330277843,-0.07147378474473953,-0.05350198596715927
3381,-1.6118823289871216,0.16632744093954113,-0.08970661461353302,-0.05115745589137077
3382,-1.9506901502609253,0.12447812382508544,-0.08051741868257523,-0.09312453120946884
3383,-1.9659324884414673,0.12282644908309377,-0.08117341250181198,-0.09712715446949005
3384,-1.7936351299285889,0.14262762393545605,-0.06362726539373398,-0.05504121258854866
3385,-1.6265861988067627,0.16429855461161666,-0.040585339069366455,-0.08625553548336029
3386,-1.8353052139282227,0.13760748335041248,-0.0771990418434143,-0.09700067341327667
3387,-1.8606029748916626,0.13463278579963697,-0.0745687410235405,-0.04213358461856842
3388,-1.7300323247909546,0.15058344509748256,-0.06566769629716873,-0.04525381699204445
3389,1.7984373569488525,0.8579586091128801,-0.19493551552295685,-0.2797445058822632
3390,3.1703145503997803,0.9597017513529629,-0.5403299331665039,-0.6495959758758545
3391,3.131864070892334,0.95818813820667,-0.46822574734687805,-0.5735723376274109
3392,2.980816602706909,0.9516999220529206,-0.43389391899108887,-0.5051347017288208
3393,3.115133285522461,0.9575126800084864,-0.4794914126396179,-0.5816956758499146
3394,2.864102363586426,0.9460430905588686,-0.3726747930049896,-0.47379270195961
3395,3.0717978477478027,0.9557143277045927,-0.4522859454154968,-0.5575252175331116
3396,3.0280580520629883,0.9538257206100714,-0.4300965666770935,-0.5293691158294678
3397,0.6954644918441772,0.6671814256899954,-0.0754789263010025,-0.11619147658348083
3398,1.7727893590927124,0.8548042122354357,-0.14646348357200623,-0.23112806677818298
3399,3.0965194702148438,0.9567489480929783,-0.5041316747665405,-0.5869793891906738
3400,1.8406285047531128,0.8630230226180138,-0.11768670380115509,-0.21168646216392517
3401,0.10527537018060684,0.5262945620218404,-0.038761187344789505,-0.06812077760696411
3402,0.5948535799980164,0.6444780057711704,0.009591208770871162,-0.11995917558670044
3403,0.04758334904909134,0.5118935932488052,0.008299974724650383,-0.10447598993778229
3404,-0.24332302808761597,0.4394676059153729,-0.014859173446893692,-0.10845614969730377
3405,0.10213147848844528,0.5255106986438779,0.004018222913146019,-0.10473580658435822
3406,-0.7282307744026184,0.32558309180501743,-0.06254329532384872,-0.06786385923624039
3407,-0.9698059558868408,0.27491918100742685,-0.11555628478527069,-0.08673985302448273
3408,-0.706424355506897,0.33038940776123127,-0.029555251821875572,-0.08124612271785736
3409,-0.5450373888015747,0.36701653728200995,-0.042230986058712006,-0.06194416433572769
3410,1.5626133680343628,0.8267280345061236,-0.13021767139434814,-0.2117198407649994
3411,2.9134626388549805,0.9485079448561711,-0.3804307281970978,-0.4868617355823517
3412,1.438369631767273,0.8082020526042825,-0.07956147193908691,-0.20998385548591614
3413,2.3723373413085938,0.9146934186982905,-0.1896938979625702,-0.2867995500564575
3414,3.048410654067993,0.9547138602995584,-0.4645097255706787,-0.584764301776886
3415,2.6211910247802734,0.932213008314947,-0.272072970867157,-0.3966369032859802
3416,-0.09009165316820145,0.4774923083001388,-0.02466222457587719,-0.10235829651355743
3417,0.5505954027175903,0.6342737179565311,-0.006767133250832558,-0.1157236248254776
3418,-0.16592690348625183,0.4586131848296388,-0.003825359046459198,-0.06408576667308807
3419,0.04852760583162308,0.5121295212050335,0.014884231612086296,-0.06744380295276642
3420,0.07478726655244827,0.5186881070241525,0.014960872009396553,-0.11273585259914398
3421,-0.4006670117378235,0.401152093704279,-0.016505355015397072,-0.08743804693222046
3422,-0.5490553379058838,0.3660836055740126,-0.018096592277288437,-0.03065754845738411
3423,-0.5123461484909058,0.3746436948076028,0.002595258876681328,-0.013203859329223633
3424,-0.8154265284538269,0.3067353424460957,-0.027860399335622787,-0.06399507820606232
3425,-0.4898744821548462,0.37992313689934054,-0.02120654284954071,-0.027108900249004364
3426,-0.5937753319740295,0.3557690874687216,-0.010887222364544868,-0.023720018565654755
3427,-0.5979382395744324,0.3548155335974942,-0.014547952450811863,-0.01578383892774582
3428,-0.9149839878082275,0.285981042835179,-0.04016660898923874,-0.059534646570682526
3429,-1.0436667203903198,0.2604431176144489,-0.052123188972473145,-0.07447858154773712
3430,-0.9900991916656494,0.2708924858846913,-0.013906505890190601,-0.08197304606437683
3431,-1.1439083814620972,0.24160350032587097,-0.06334230303764343,-0.08822368085384369
3432,-0.7772220969200134,0.3149188963615007,0.00867282785475254,-0.08171984553337097
3433,-0.6413760185241699,0.3449355547973159,0.010108942165970802,-0.08877850323915482
3434,-1.1463589668273926,0.24115476088527607,-0.036308031529188156,-0.06398989260196686
3435,-1.1886097192764282,0.2335076785780644,-0.04102756083011627,-0.08387394994497299
3436,-0.5731806755065918,0.3605032249778206,0.0021543316543102264,-0.0535699799656868
3437,-0.9905606508255005,0.2708013528393349,-0.006540698930621147,-0.08275385946035385
3438,-1.060046911239624,0.257300490000538,-0.009391902014613152,-0.08044411242008209
3439,-1.0567392110824585,0.2579330886639851,0.0050192903727293015,-0.025556258857250214
3440,-1.3103541135787964,0.21242759414013365,-0.048927925527095795,-0.0644424632191658
3441,-1.1930761337280273,0.2327092231905802,-0.0082403514534235,-0.08412336558103561
3442,-1.3907015323638916,0.19929578481986715,-0.05157395452260971,-0.09934550523757935
3443,-1.292542815208435,0.2154227239511187,-0.03167366236448288,-0.07949318736791611
3444,-1.6081231832504272,0.16684934797467857,-0.06312764436006546,-0.11661305278539658
3445,-1.4252136945724487,0.19384554170628857,0.013842524960637093,-0.09923595190048218
3446,-1.565761685371399,0.17282143664590902,-0.06379727274179459,-0.13021031022071838
3447,-1.4666838645935059,0.18744717355285806,-0.0020515210926532745,-0.07513096183538437
3448,-1.4448941946029663,0.19078859842184595,-0.0019204635173082352,-0.061158765107393265
3449,-1.3802053928375244,0.20097601478658156,0.019751539453864098,-0.04751485958695412
3450,-1.5971847772598267,0.1683754489302158,-0.02364061214029789,-0.09347040951251984
3451,-1.6324151754379272,0.16349977496953186,-0.031666114926338196,-0.08982177823781967
3452,-1.62065851688385,0.16511407268580777,-0.019955527037382126,-0.0923127755522728
3453,-1.3622208833694458,0.2038795876296204,0.016964474692940712,-0.04387752711772919
3454,-1.390426516532898,0.19933967464358923,0.01160270906984806,-0.0359894260764122
3455,-1.3791719675064087,0.20114201832162248,-0.0106385238468647,-0.035108935087919235
3456,-1.3448662757873535,0.2067109402780647,-0.013375763781368732,-0.046034540981054306
3457,-1.3347972631454468,0.20836694877022027,-0.005617370828986168,-0.07938981056213379
3458,-1.3329617977142334,0.20866987115704344,-0.019933607429265976,-0.028236016631126404
3459,-0.989795982837677,0.27095237674358963,0.012146471068263054,-0.01955869048833847
3460,-1.2105005979537964,0.22961248789870514,0.01628277264535427,-0.05564695969223976
3461,-1.3873931169509888,0.19982425701429407,-0.03487775847315788,-0.051867518573999405
3462,-1.454424500465393,0.18932156488867335,-0.03273412212729454,-0.07801234722137451
3463,-1.5164010524749756,0.17999209422093193,-0.04322526603937149,-0.09675072878599167
3464,-1.6236701011657715,0.1646993401157635,-0.07059263437986374,-0.0733947828412056
3465,-1.497028112411499,0.1828691886985843,-0.04815299063920975,-0.05106291174888611
3466,-1.6713488101959229,0.15824443027406526,-0.06966042518615723,-0.10395082831382751
3467,-1.4204577207565308,0.19458983744584774,-0.0672236979007721,-0.054896797984838486
3468,-1.4758127927780151,0.18606070543054753,-0.086627297103405,-0.0835864245891571
3469,-1.3277305364608765,0.20953500887545368,-0.039783068001270294,-0.10457240790128708
3470,-1.3096908330917358,0.21253858353223823,-0.04646860063076019,-0.11012808978557587
3471,-1.03670334815979,0.2617865857915089,-0.024867527186870575,-0.06717880815267563
3472,-1.280564785003662,0.21745410001058765,-0.033718764781951904,-0.11453112214803696
3473,-1.2949329614639282,0.21501902631165357,-0.01855594478547573,-0.06504807621240616
3474,-1.2536240816116333,0.22207342345802256,-0.026072587817907333,-0.05746756121516228
3475,-1.2272557020187378,0.22666210296027553,0.0076755341142416,-0.08491929620504379
3476,-2.1242032051086426,0.10676655844523188,-0.08099522441625595,-0.05275101214647293
3477,-1.9878607988357544,0.12048336348576472,-0.07652776688337326,-0.07805832475423813
3478,-1.5752984285354614,0.17146237015789922,-0.05544532835483551,-0.051030516624450684
3479,-2.0394692420959473,0.11512078824391984,-0.09752245992422104,-0.05650034546852112
3480,-2.034945249557495,0.11558244131992033,-0.032294757664203644,-0.07005476951599121
3481,-2.098470687866211,0.10924555112069607,-0.03901049494743347,-0.024235479533672333
3482,-2.210783004760742,0.09878634224031912,-0.08318052440881729,-0.042873091995716095
3483,-1.9039980173110962,0.1296566465068529,-0.028013763949275017,-0.08430897444486618
3484,-2.0391886234283447,0.11514937739176974,-0.04008481651544571,-0.10067780315876007
3485,-2.2996158599853516,0.09115478032187414,-0.08099176734685898,-0.08915650844573975
3486,-2.013735771179199,0.1177682806651741,-0.0301606897264719,-0.10078128427267075
3487,-1.841446876525879,0.13688026288605812,-0.026725003495812416,-0.06120402365922928
3488,-2.1364707946777344,0.10560226078658057,-0.09071876108646393,-0.09750860184431076
3489,-2.1479036808013916,0.1045272787681099,-0.06650488823652267,-0.04011830687522888
3490,-2.036355972290039,0.11543831099844054,-0.07153932750225067,-0.10475209355354309
3491,-2.210132598876953,0.09884426142778673,-0.06508868932723999,-0.08836743980646133
3492,-2.169630765914917,0.10251099891542219,-0.08092427253723145,-0.1018037497997284
3493,-2.1964282989501953,0.10007168788435944,-0.08085879683494568,-0.1071145087480545
3494,-2.195585012435913,0.10014765764566737,-0.10212329030036926,-0.0653386190533638
3495,-2.1546123027801514,0.10390100674685687,-0.06915431469678879,-0.03799314796924591
3496,-2.1888999938964844,0.10075171124171253,-0.08633752912282944,-0.1114208847284317
3497,-2.0187861919403076,0.11724455955990808,-0.042023152112960815,-0.08336125314235687
3498,-2.2783923149108887,0.0929283805699754,-0.10746757686138153,-0.058926112949848175
3499,-1.9411183595657349,0.12552504443418397,-0.0847078263759613,-0.037228718400001526
3500,-2.065753698348999,0.11247021020519718,-0.08743590861558914,-0.08489542454481125
3501,-2.0713353157043457,0.11191425346734217,-0.06387166678905487,-0.023681797087192535
3502,-2.1353702545166016,0.10570625239778196,-0.08297481387853622,-0.09342646598815918
3503,-2.0270578861236572,0.11639116025742006,-0.07907095551490784,-0.034165386110544205
3504,-2.1889281272888184,0.1007491623623797,-0.09164273738861084,-0.08105020225048065
3505,-2.073240041732788,0.11172508367955221,-0.059167489409446716,-0.025323569774627686
3506,-2.1181962490081787,0.10734078125925448,-0.06895656138658524,-0.10351282358169556
3507,-2.1959598064422607,0.10011388698165055,-0.10352727025747299,-0.02805905044078827
3508,-1.9999934434890747,0.11920361041542606,-0.08446317911148071,-0.03223440423607826
3509,-1.9032646417617798,0.12973942733742613,-0.07917963713407516,-0.026775754988193512
3510,-1.8873893022537231,0.13154242619775197,-0.0877499058842659,-0.09710109233856201
3511,-1.9563899040222168,0.12385827412744017,-0.08814338594675064,-0.0878520980477333
3512,-2.0133321285247803,0.11781022516894077,-0.09145306795835495,-0.09767685830593109
3513,-1.5146613121032715,0.1802490140674823,-0.06362155079841614,-0.09144745767116547
3514,-1.7744203805923462,0.14499347233292598,-0.11000768840312958,-0.08942263573408127
3515,-1.811301350593567,0.14048091928705728,-0.09442947804927826,-0.12361656874418259
3516,2.932725667953491,0.949440675920732,-0.38403254747390747,-0.4957521855831146
3517,3.176102638244629,0.959925006937124,-0.560741126537323,-0.6782160401344299
3518,3.1198744773864746,0.9577051440309429,-0.474628210067749,-0.566926896572113
3519,1.342934012413025,0.7929720246535383,-0.16549593210220337,-0.2099733054637909
3520,3.1062042713165283,0.95714794094855,-0.47969338297843933,-0.5631898045539856
3521,2.9825780391693115,0.9517808259292457,-0.4247126281261444,-0.506801426410675
3522,3.1778717041015625,0.9599930057661947,-0.5148656964302063,-0.6022459864616394
3523,3.1138882637023926,0.9574620009861008,-0.528532862663269,-0.6106149554252625
3524,3.0420117378234863,0.9544363948145725,-0.4848601818084717,-0.5600759983062744
3525,0.6002445220947266,0.6457122470348354,-0.04040071740746498,-0.14634603261947632
3526,0.7044420838356018,0.6691719024726515,-0.022096769884228706,-0.13999921083450317
3527,0.9714370965957642,0.7254058489354771,-0.04038243740797043,-0.1518443524837494
3528,3.0595688819885254,0.9551938493408245,-0.5013808608055115,-0.6129440665245056
3529,1.3130311965942383,0.7880199426948665,-0.06995706260204315,-0.18196654319763184
3530,2.6983890533447266,0.936931518715823,-0.3080090880393982,-0.41228896379470825
3531,1.7473841905593872,0.8516225681116505,-0.10645756870508194,-0.2309887409210205
3532,0.4006129205226898,0.5988349119427805,0.020505929365754128,-0.10961896181106567
3533,-0.35711905360221863,0.4116571402845169,-0.016476614400744438,-0.069350466132164
3534,0.04265398532152176,0.5106618798940551,0.0021115485578775406,-0.12127650529146194
3535,-0.47458454966545105,0.38353171778230155,-0.038252852857112885,-0.06945661455392838
3536,-0.7076737880706787,0.3301130515881919,-0.05000960826873779,-0.05575953796505928
3537,-0.33469581604003906,0.41709849937073934,-0.014232912100851536,-0.08212916553020477
3538,-0.829047441482544,0.30384652132978807,-0.0640447810292244,-0.0462079681456089
3539,-0.10647843778133392,0.47340551240778106,-0.040783874690532684,-0.09407598525285721
3540,-0.7626090049743652,0.3180800912015964,-0.07253240048885345,-0.0634332001209259
3541,-0.07943294942378998,0.4801521975104948,-0.02567978948354721,-0.08232271671295166
3542,-0.856377899646759,0.29809666131054524,-0.07310863584280014,-0.05936655029654503
3543,-0.7902673482894897,0.31211126743805,-0.05076371878385544,-0.08735442161560059
3544,-0.2427290976047516,0.439613917529295,-0.019163716584444046,-0.08030202984809875
3545,-1.0475977659225464,0.2596866624412594,-0.06512414664030075,-0.05062313750386238
3546,-0.7604721188545227,0.3185437728752377,-0.012759684585034847,-0.06484020501375198
3547,-0.3563753664493561,0.41183726982156343,0.002299180254340172,-0.08225754648447037
3548,-1.1232959032058716,0.24540043925327484,-0.0794997587800026,-0.06636729836463928
3549,-0.4317311942577362,0.3937130142240534,-0.0021413806825876236,-0.08357438445091248
3550,-0.9109326601028442,0.2868090240630364,-0.04692286252975464,-0.05754866078495979
3551,-0.5716700553894043,0.3608515576579081,-0.012751754373311996,-0.08479828387498856
3552,-1.0201505422592163,0.2649980777636331,-0.05368449538946152,-0.06535236537456512
3553,-0.3583587408065796,0.4113569264908111,-0.005730282515287399,-0.08769439160823822
3554,-1.03480863571167,0.2621529124811248,-0.05887530371546745,-0.10011223703622818
3555,-1.1163923740386963,0.24668107412364298,-0.05317912995815277,-0.09312784671783447
3556,-0.9488451480865479,0.27911713132148147,-0.0017184838652610779,-0.09569292515516281
3557,-1.043709635734558,0.26043485166768315,-0.05669785290956497,-0.10821200907230377
3558,-0.990193784236908,0.27087380333477584,-0.0028327684849500656,-0.10360731929540634
3559,-0.7496962547302246,0.3208874890000315,0.003999019041657448,-0.12464466691017151
3560,-0.8337169885635376,0.3028597065911292,0.002906354144215584,-0.10823361575603485
3561,-0.7314470410346985,0.32487726458081984,0.01404399611055851,-0.12149843573570251
3562,-1.194919466972351,0.232380247823521,-0.04313954710960388,-0.09313273429870605
3563,-1.2627936601638794,0.22049335407437112,-0.05084708705544472,-0.10748293995857239
3564,-1.3192353248596191,0.21094554362677378,-0.05287334695458412,-0.08383159339427948
3565,-0.9276111125946045,0.2834096191971791,0.014606369659304619,-0.08161793649196625
3566,-1.2246570587158203,0.227117933297525,-0.0018557589501142502,-0.09641899168491364
3567,-1.515320897102356,0.18015157479887534,-0.0557471327483654,-0.10348988324403763
3568,-1.3360620737075806,0.20815839501634573,-0.005916763097047806,-0.06110571697354317
3569,-1.6208480596542358,0.16508794560507695,-0.059416234493255615,-0.10544699430465698
3570,-1.383876085281372,0.20038720485590758,0.026197524741292,-0.06581374257802963
3571,-1.2727919816970825,0.21877968550309987,0.01954089291393757,-0.04328504949808121
3572,-1.567071795463562,0.17263423119242083,-0.008532121777534485,-0.09728420525789261
3573,-1.6718672513961792,0.15817538451826427,-0.054438717663288116,-0.06158168613910675
3574,-1.4039095640182495,0.1971964555311899,0.008454186841845512,-0.07326889783143997
3575,-1.7921000719070435,0.1428154414797722,-0.056315019726753235,-0.0777314305305481
3576,-1.4021719694137573,0.19747167889588277,0.03258968144655228,-0.06220471113920212
3577,-1.7468196153640747,0.1484487866594503,-0.05306234955787659,-0.07690148055553436
3578,-1.7090364694595337,0.15328873186978634,0.002391623333096504,-0.08073246479034424
3579,-1.7700825929641724,0.14553205799650554,-0.06235816329717636,-0.07522626221179962
3580,-1.7014559507369995,0.15427520519917842,0.0001565832644701004,-0.074238121509552
3581,-1.640884518623352,0.16234474191506143,-0.007426628842949867,-0.08443866670131683
3582,-1.769063115119934,0.14565887841118613,-0.03823420777916908,-0.06611019372940063
3583,-1.7004042863845825,0.15441247033416905,-0.0020957179367542267,-0.06235954537987709
3584,-1.692429780960083,0.15545656748447664,-0.0017604660242795944,-0.11435025185346603
3585,-1.7034820318222046,0.154011038683748,0.0015211757272481918,-0.05733567476272583
3586,-1.8068177700042725,0.14102316700459364,-0.03847397118806839,-0.10023315995931625
3587,-1.7441035509109497,0.14879245704236704,0.006838308647274971,-0.08869209885597229
3588,-0.42882248759269714,0.39440754568413,-0.033738140016794205,-0.07079213857650757
3589,-0.039020173251628876,0.49024619422987986,-0.017274783924221992,-0.0781908854842186
3590,0.2043253779411316,0.5509043676481038,-0.017418768256902695,-0.0781354308128357
3591,-0.5043166279792786,0.3765267827248679,-0.04160872846841812,-0.1027490571141243
3592,-0.14203888177871704,0.46454986020150507,-0.05698631331324577,-0.07383982837200165
3593,-0.4774848222732544,0.3828462234579263,-0.07934485375881195,-0.04171634092926979
3594,-0.43576952815055847,0.39274946638500563,-0.02881442941725254,-0.07282743602991104
3595,-0.5158165693283081,0.373830978875578,-0.04695235937833786,-0.0957048237323761
3596,-0.5019034743309021,0.3770934496453105,-0.042048901319503784,-0.04957592859864235
3597,-0.761481761932373,0.3183246461435647,-0.07686206698417664,-0.06883296370506287
3598,-0.4077093005180359,0.39946151489405174,-0.015830520540475845,-0.07103873789310455
3599,-0.8016394972801208,0.309674923782557,-0.084119513630867,-0.06351358443498611
3600,-0.5240530371665955,0.37190498748678485,-0.039622027426958084,-0.10412383824586868
3601,-0.6850652694702148,0.33513172619519677,-0.07974332571029663,-0.05571269243955612
3602,-0.5893566608428955,0.35678247979245487,-0.023691589012742043,-0.04021480679512024
3603,-0.788878321647644,0.3124095662385692,-0.02907796949148178,-0.08654061704874039
3604,-0.8585057258605957,0.2976516368608793,-0.06377096474170685,-0.06202647089958191
3605,-1.1492249965667725,0.2406306690620237,-0.10032618045806885,-0.08711700141429901
3606,-0.9580780863761902,0.27726315896445386,-0.032068539410829544,-0.07325863838195801
3607,-1.1637970209121704,0.23797803143146976,-0.07572843879461288,-0.09604182094335556
3608,-1.3140233755111694,0.21181436662410613,-0.08408737927675247,-0.11657369136810303
3609,-1.2542705535888672,0.22196176108273863,-0.042605653405189514,-0.0643196776509285
3610,-1.4780186414718628,0.1857268783409227,-0.08918698132038116,-0.12069685757160187
3611,-1.1233936548233032,0.2453823381507928,-0.02179410494863987,-0.059860266745090485
3612,-1.362500548362732,0.20383419820827808,-0.008680637925863266,-0.08533862233161926
3613,-1.4049972295761108,0.19702432389043892,-0.06910331547260284,-0.10512323677539825
3614,-1.2010042667388916,0.23129661121079753,-0.07577396929264069,-0.13065513968467712
3615,-0.7222628593444824,0.3268948806412103,-0.0735592320561409,-0.07454428821802139
3616,-0.8856852054595947,0.29200105145334687,-0.028730692341923714,-0.10685674846172333
3617,-1.0004574060440063,0.268851499388612,-0.06585163623094559,-0.09698951989412308
3618,-0.748621940612793,0.3211216471798431,-0.03523147106170654,-0.08849292993545532
3619,-1.0007237195968628,0.26879915325744524,-0.05434379726648331,-0.06774601340293884
3620,-0.7170449495315552,0.32804403679627653,-0.0023773331195116043,-0.09033037722110748
3621,-1.0677672624588013,0.2558279209505928,-0.061649590730667114,-0.08195307105779648
3622,-0.8685932755470276,0.29554709638209214,-0.047225214540958405,-0.139724999666214
3623,-1.2710157632827759,0.21908341975070694,-0.04124075546860695,-0.053096458315849304
3624,-1.1973470449447632,0.23194749862590985,-0.08137296140193939,-0.08864080160856247
3625,-1.1862276792526245,0.23393429110066272,-0.06017716974020004,-0.13570547103881836
3626,-1.4020771980285645,0.19748669837481303,-0.08056747168302536,-0.09874797612428665
3627,-0.9884780645370483,0.27121279318963526,-0.018982039764523506,-0.11825354397296906
3628,-0.9879260063171387,0.27132192481867595,-0.043185099959373474,-0.07237973064184189
3629,-1.1573601961135864,0.23914728213770425,-0.04859361797571182,-0.12095481902360916
3630,-1.1078647375106812,0.24826918176642054,-0.03478189557790756,-0.1192786917090416
3631,-1.2264317274093628,0.2268065670268623,-0.03522293642163277,-0.07155592739582062
3632,-1.0049105882644653,0.26797703727842503,-0.030260367318987846,-0.11945539712905884
3633,-1.1321192979812622,0.2437702040600608,-0.02213713526725769,-0.059470802545547485
3634,-1.087384581565857,0.2521110986035769,-0.006294257938861847,-0.1036246120929718
3635,-1.1471619606018066,0.24100784425805544,-0.0003006812185049057,-0.11460468173027039
3636,-1.3766440153121948,0.20154852645623933,-0.04688737541437149,-0.06618018448352814
3637,-1.2090479135513306,0.22986955503214085,-0.03287523239850998,-0.06417661160230637
3638,-1.4967008829116821,0.1829180910385435,-0.03752497583627701,-0.10954718291759491
3639,-1.1288851499557495,0.2443669012092075,-0.0476360023021698,-0.07741343230009079
3640,-1.5047615766525269,0.1817164251493599,-0.02202005311846733,-0.07033990323543549
3641,-1.7017947435379028,0.15423100660055072,-0.051044777035713196,-0.09621183574199677
3642,-1.6378549337387085,0.16275715347497083,-0.045991115272045135,-0.060960277915000916
3643,-1.6149706840515137,0.1658996427103557,-0.012770155444741249,-0.0925975814461708
3787,-0.8300695419311523,0.3036303661012962,-0.06271763145923615,-0.11017724871635437
3788,-0.5986316204071045,0.35465681982129027,-0.071018747985363,-0.10875435173511505
3789,-0.49229469895362854,0.379353144406841,-0.0735512524843216,-0.10684237629175186
3790,-1.0308715105056763,0.2629151785663789,-0.09632134437561035,-0.11394749581813812
3791,-1.2054194211959839,0.23051253489621512,-0.10365672409534454,-0.13116489350795746
3792,-0.8563789129257202,0.2980964492971228,-0.05494803190231323,-0.11444361507892609
3793,-0.6144003868103027,0.3510560648537813,-0.07814548164606094,-0.09645569324493408
3794,2.8128092288970947,0.9433640985242326,-0.39548712968826294,-0.4532109498977661
3795,3.1503891944885254,0.9589240544076414,-0.5812147259712219,-0.6294439435005188
3796,2.6229543685913086,0.932324352499229,-0.38394567370414734,-0.4363366663455963
3797,3.163222312927246,0.9594265680040264,-0.49123597145080566,-0.5580548644065857
3798,2.3442306518554688,0.9124745552243052,-0.287323534488678,-0.3274182975292206
3799,3.2656471729278564,0.9632313192253965,-0.5177491903305054,-0.6062744855880737
3800,3.252159833908081,0.9627506457350545,-0.5308296084403992,-0.6253008842468262
3801,3.245738983154297,0.9625196967992521,-0.5222346782684326,-0.6216738820075989
3802,3.0466551780700684,0.9546379011448534,-0.43441861867904663,-0.5007576942443848
3803,3.2212812900543213,0.9616273223523529,-0.5238450169563293,-0.6279383301734924
3804,3.1924619674682617,0.9605496202157003,-0.509019136428833,-0.6065430641174316
3805,3.1777708530426025,0.9599891322568981,-0.5219469666481018,-0.6286234259605408
3806,0.9407987594604492,0.7192609748648626,-0.07021472603082657,-0.1534852236509323
3807,1.5544317960739136,0.8255528994545857,-0.11556701362133026,-0.20968541502952576
3808,1.8457828760147095,0.8636312035839732,-0.12862545251846313,-0.23487630486488342
3809,2.395521640777588,0.9164851681347139,-0.23239131271839142,-0.3273751437664032
3810,1.49030601978302,0.8161242000319067,-0.08263208717107773,-0.19282615184783936
3811,2.0987186431884766,0.8907785753121944,-0.17881366610527039,-0.2486158311367035
3812,0.39022085070610046,0.5963358634774576,-0.050383541733026505,-0.11662209779024124
3813,3.145146608352661,0.9587170581423698,-0.48951560258865356,-0.5728176236152649
3814,3.1486966609954834,0.9588573358855427,-0.49696075916290283,-0.5957915186882019
3815,3.1144115924835205,0.9574833102896035,-0.4975142478942871,-0.6113468408584595
3816,2.9483017921447754,0.9501831649992543,-0.45840615034103394,-0.5608381032943726
3817,-0.13332147896289825,0.4667189122100476,-0.047475121915340424,-0.13935470581054688
3818,-0.11479069292545319,0.47133379750574544,-0.013411737978458405,-0.09091769903898239
3819,-0.4081849157810211,0.39934742404890017,-0.05394457280635834,-0.09857898950576782
3820,-0.48883727192878723,0.3801675149030435,-0.04845298081636429,-0.11287958174943924
3821,-0.4565292298793793,0.38780950926740515,-0.018551882356405258,-0.0673220157623291
3822,-0.6317686438560486,0.3471096114168193,-0.036087166517972946,-0.04669029265642166
3823,-0.8449344038963318,0.30049656035169453,-0.0607648566365242,-0.08373722434043884
3824,-0.5981306433677673,0.3547714894686191,-0.04378115385770798,-0.08379493653774261
3825,-0.7132679224014282,0.3288771513204977,-0.08238924294710159,-0.0370718277990818
3826,-0.8250464200973511,0.3046934962163957,-0.03072190470993519,-0.08716132491827011
3827,-0.6532822251319885,0.3422502770309656,-0.03865611553192139,-0.09071754664182663
3828,-0.6748714447021484,0.3374069024995127,-0.04952291399240494,-0.03681084141135216
3829,-0.46388208866119385,0.3860652895467978,-0.015338266268372536,-0.05643235146999359
3830,-0.8018267750740051,0.3096348896435475,-0.05069619417190552,-0.09313498437404633
3831,-0.7412374019622803,0.32273361730574535,-0.04062601551413536,-0.03112633153796196
3832,-0.4284946322441101,0.3944858567210766,-0.02218925952911377,-0.04607311263680458
3833,2.620011329650879,0.9321384230992529,-0.3246043622493744,-0.4345552921295166
3834,2.439023494720459,0.9197550457051977,-0.24806058406829834,-0.35114747285842896
3835,2.815810203552246,0.9435242222580873,-0.3935950994491577,-0.5083317160606384
3836,-0.16075199842453003,0.45989831953635035,0.03649711608886719,-0.06731808930635452
3837,2.487334966659546,0.9232491708975472,-0.2638363540172577,-0.38896241784095764
3838,2.926778793334961,0.9491544434403696,-0.43988654017448425,-0.5789923667907715
3839,-0.4998616874217987,0.3775731733179658,-0.07154764980077744,-0.14360159635543823
3840,-1.355258822441101,0.20501194845677742,-0.09307965636253357,-0.13015426695346832
3841,-1.3640159368515015,0.2035883825186771,-0.1119050532579422,-0.10496775805950165
3842,-1.131475567817688,0.24388889290133045,-0.06569331139326096,-0.06512348353862762
3843,-1.4123581647872925,0.19586237828994096,-0.090982586145401,-0.122500479221344
3844,0.8002927303314209,0.6900370955014555,-0.18806985020637512,-0.1783229559659958
3845,-0.4916827976703644,0.37949722373033223,-0.08506973087787628,-0.12757408618927002
3846,2.905433177947998,0.9481143657069344,-0.433296263217926,-0.4570572078227997
3847,3.160590171813965,0.959323982049711,-0.4816800355911255,-0.5316894054412842
3848,3.273087978363037,0.9634939419099967,-0.5548905730247498,-0.6278945207595825
3849,0.926870584487915,0.7164399638625412,-0.17668023705482483,-0.2119932770729065
3850,0.6238698959350586,0.6510981835300295,-0.18179112672805786,-0.15145772695541382
3851,0.3683927655220032,0.5910705569066147,-0.17321522533893585,-0.13889500498771667
3852,1.738979697227478,0.8505574216814589,-0.20969322323799133,-0.2550559639930725
3853,3.1131365299224854,0.9574313734525257,-0.492233008146286,-0.5565864443778992
3854,2.932018756866455,0.9494067312287863,-0.4067738950252533,-0.46874091029167175
3855,3.244581937789917,0.9624779334291438,-0.5284948348999023,-0.6209017038345337
3856,3.235635280609131,0.9621534921561437,-0.5414335131645203,-0.6495717167854309
3857,3.199721336364746,0.9608237892509264,-0.5374971032142639,-0.6565939784049988
3858,3.1527600288391113,0.9590173369815499,-0.509520947933197,-0.6034536361694336
3859,3.175201892852783,0.9598903418148983,-0.5197693705558777,-0.6192669868469238
3860,2.9831771850585938,0.9518083157399727,-0.43681830167770386,-0.5402172207832336
3861,0.17270666360855103,0.5430696637225781,-0.07034660875797272,-0.11112269759178162
3862,1.1511019468307495,0.7597121344761003,-0.09419436007738113,-0.18332281708717346
3863,0.10458651930093765,0.5261228224722383,-0.045039206743240356,-0.08703171461820602
3864,1.212607979774475,0.7707600756936234,-0.06721608340740204,-0.17774546146392822
3865,2.522693157196045,0.9257174612884097,-0.25394299626350403,-0.3359815776348114
3866,3.137282609939575,0.9584046863939855,-0.49711522459983826,-0.5880887508392334
3867,3.1100268363952637,0.9573044526694047,-0.49956661462783813,-0.5860419869422913
3868,3.0724992752075195,0.95574400574929,-0.4942910671234131,-0.5829532146453857
3869,-0.281144380569458,0.4301732382757627,-0.02610090747475624,-0.11823602020740509
3870,0.17811009287834167,0.5444101824683817,-0.015682633966207504,-0.13401424884796143
3871,-0.4630480706691742,0.3862629863330294,-0.018752694129943848,-0.08838238567113876
3872,-0.124224953353405,0.46898363803213017,0.018350491300225258,-0.09995969384908676
3873,-0.3299567699432373,0.41825114173407874,-0.02770313248038292,-0.07654599100351334
3874,-0.5047332644462585,0.376428980528483,-0.04084412008523941,-0.11622844636440277
3875,0.23270919919013977,0.5579161714299831,-0.04694170877337456,-0.08984050154685974
3876,-0.23907595872879028,0.44051407872759546,-0.007826492190361023,-0.0907350406050682
3877,0.276998370885849,0.5688101814742998,-0.018304482102394104,-0.10158046334981918
3878,-0.2138543725013733,0.44673923660449233,-0.051860254257917404,-0.0617070198059082
3879,0.05764380842447281,0.5144069630285814,-0.006576841697096825,-0.09581733494997025
3880,-0.10920539498329163,0.4727257515123861,-0.07071331143379211,-0.07295446842908859
3881,0.08511485904455185,0.5212658778538177,-0.009381063282489777,-0.0991244912147522
3882,-0.29574307799339294,0.42659845146176306,-0.0011767521500587463,-0.1020699217915535
3883,-0.15587668120861053,0.46110954302969975,-0.0009930599480867386,-0.07004043459892273
3884,-0.3412291705608368,0.4155109277724059,0.011542053893208504,-0.08031335473060608
3885,2.539231061935425,0.9268467082341245,-0.2662939429283142,-0.37538424134254456
3886,2.87819766998291,0.9467580862890322,-0.4100499749183655,-0.5399714112281799
3887,2.7163684368133545,0.937985626517857,-0.3292824625968933,-0.4610714018344879
3888,0.2736038565635681,0.5679774316678761,0.034755006432533264,-0.08967384696006775
3889,0.09299247711896896,0.5232313803834809,0.04759553074836731,-0.07667158544063568
3890,0.13143795728683472,0.5328122643676667,0.05230654776096344,-0.09802231192588806
3891,-0.18009978532791138,0.45509636238440193,0.01906024105846882,-0.05628723278641701
3892,-0.07133126258850098,0.48217474184282644,0.06787167489528656,-0.06881700456142426
3893,-0.6664731502532959,0.3392870107176639,0.0031168460845947266,-0.0723564475774765
3894,-0.43785831332206726,0.39225140847087275,0.008227599784731865,-0.045067738741636276
3895,-0.6822373867034912,0.33576212414571,-0.033002760261297226,-0.05700576305389404
4550,-1.1232460737228394,0.2454096667473491,-0.11638608574867249,-0.06685492396354675
4551,-1.0905128717422485,0.25152171360306497,-0.10793747752904892,-0.10003693401813507
4552,-0.7475576400756836,0.32135371155340586,-0.07285258919000626,-0.11371498554944992
4553,-1.3057867288589478,0.21319273088893895,-0.11793989688158035,-0.09186618775129318
4554,-0.6928682923316956,0.33339531137558925,-0.08120495826005936,-0.08991502970457077
4555,-0.6064561605453491,0.3528680188092827,-0.11342570185661316,-0.13484081625938416
4556,-0.9436434507369995,0.280164970358338,-0.0758552998304367,-0.12802283465862274
4557,-1.2673803567886353,0.21970602159544067,-0.10560794174671173,-0.08234600722789764
4558,-1.2226375341415405,0.22747262665452425,-0.10042306035757065,-0.12689724564552307
4559,-0.9515812993049622,0.2785669211331406,-0.0840558186173439,-0.14265979826450348
4560,0.3934609591960907,0.5971155763929906,-0.1421966403722763,-0.18747258186340332
4561,-1.0716052055358887,0.2550979383399279,-0.13431519269943237,-0.12240255624055862
4562,-0.7403532266616821,0.3229269076455796,-0.14755497872829437,-0.11278360337018967
4563,0.5009480118751526,0.6226820916341386,-0.13268348574638367,-0.16026216745376587
4564,1.0045868158340454,0.7319594450200723,-0.162469744682312,-0.19958505034446716
4565,1.0321325063705444,0.7373291177473145,-0.17109012603759766,-0.1734558343887329
4566,0.016158170998096466,0.5040394548626489,-0.1420845240354538,-0.1451413333415985
4567,-0.35585537552833557,0.4119632316072814,-0.1417597383260727,-0.12980973720550537
4568,-0.06923739612102509,0.4826975624775134,-0.14564840495586395,-0.12031413614749908
4569,-0.2690177857875824,0.43314824306389993,-0.1675007939338684,-0.12535728514194489
4570,0.48962780833244324,0.6200187495789689,-0.14577558636665344,-0.11180409044027328
4571,-0.70180344581604,0.3314125020303152,-0.16972164809703827,-0.11219090968370438
4572,0.066586934030056,0.5166405855153788,-0.14974097907543182,-0.1575390100479126
4573,0.734976589679718,0.6758963994716066,-0.16492167115211487,-0.1835009753704071
4574,1.0389169454574585,0.7386409759265703,-0.18965721130371094,-0.1428259164094925
4575,1.2422511577606201,0.77595561776872,-0.18580350279808044,-0.1367858350276947
4576,0.5046798586845398,0.6235584834434923,-0.15604494512081146,-0.15358108282089233
4577,0.40061405301094055,0.5988351840022826,-0.1782742589712143,-0.10618627816438675
4578,0.3201007544994354,0.579348806596079,-0.11960257589817047,-0.14136266708374023
4579,1.5688694715499878,0.8276223827694932,-0.11479777842760086,-0.2111511528491974
4580,0.31608620285987854,0.5783701347977589,-0.1073685735464096,-0.16935059428215027
4581,-0.10676591098308563,0.47333384797596867,-0.13352948427200317,-0.12886127829551697
4582,0.8533891439437866,0.7012776091406355,-0.11890242993831635,-0.16369664669036865
4583,0.8970717191696167,0.7103473684947176,-0.1343275010585785,-0.19421884417533875
4584,-0.13106384873390198,0.46728086113064016,-0.15951886773109436,-0.11876104772090912
4585,0.46571990847587585,0.6143702171365795,-0.1331329494714737,-0.19600442051887512
4714,-0.8208416700363159,0.3055850259186473,-0.048254042863845825,-0.09666475653648376
4715,3.115217447280884,0.9575161037577339,-0.5529991388320923,-0.6366626024246216
4716,1.837643027305603,0.8626697138834849,-0.2396429181098938,-0.29065772891044617
4717,0.6954922676086426,0.6671875932801569,-0.1682063788175583,-0.15475860238075256
4718,1.5199615955352783,0.8205328252704369,-0.19351276755332947,-0.20145918428897858
4719,1.58054780960083,0.8292820871847493,-0.240750253200531,-0.20868749916553497
4720,3.230323314666748,0.9619595858601124,-0.5390756726264954,-0.6004443168640137
4721,3.187877655029297,0.9603755348210151,-0.5228388905525208,-0.6003469228744507
4722,3.2414333820343018,0.9623640602584527,-0.5662879347801208,-0.6698207259178162
4723,3.184487819671631,0.9602463352777195,-0.5044544339179993,-0.5985270142555237
4724,1.4933382272720337,0.816578793634098,-0.20222756266593933,-0.27921947836875916
4725,3.114105701446533,0.9574708560222607,-0.48293358087539673,-0.5728386044502258
4726,3.157027244567871,0.9591847236027545,-0.5259934663772583,-0.6410411596298218
4727,3.1387932300567627,0.9584648657975221,-0.5380038619041443,-0.6412558555603027
4728,3.0090620517730713,0.9529818451069911,-0.4408581256866455,-0.543264627456665
4729,3.093024492263794,0.9566040934248667,-0.5029393434524536,-0.6005198359489441
4730,1.912981390953064,0.8713537212627854,-0.19915440678596497,-0.30433687567710876
4731,0.5128424763679504,0.6254725805277331,-0.07550365477800369,-0.12151359021663666
4732,0.7041364908218384,0.6691042465290552,-0.04920806735754013,-0.16775663197040558
4733,0.0744759663939476,0.51861039025316,-0.07055528461933136,-0.10394804924726486
4734,-0.23505306243896484,0.44150580346839335,-0.04482865333557129,-0.10094974935054779
4735,-0.496977299451828,0.3782512771440716,-0.023798445239663124,-0.1155204176902771
4736,-0.7851444482803345,0.31321220020226687,-0.04070533439517021,-0.11894343793392181
4737,0.2882434129714966,0.5715660370608595,-0.06730373203754425,-0.1405881643295288
4738,-0.9366118311882019,0.28158524467469065,-0.053598083555698395,-0.13727515935897827
4739,-0.3505292236804962,0.4132540916043934,-0.09165963530540466,-0.0720016360282898
4740,0.5215047597885132,0.6274995621048657,-0.04452618584036827,-0.1320866048336029
4741,2.8079123497009277,0.9431018979705329,-0.3325165808200836,-0.4755825698375702
4742,1.5335047245025635,0.8225185186632329,-0.08414342254400253,-0.23175644874572754
4743,-0.14342208206653595,0.4642058153394905,-0.007184965535998344,-0.12190094590187073
4744,-0.192668154835701,0.4519814110469391,0.006548883393406868,-0.06601494550704956
4745,0.07202274352312088,0.5179979065448818,0.0223494041711092,-0.10081727802753448
4746,-0.5710747838020325,0.36098886110318207,-0.024568431079387665,-0.09654033929109573
4747,-0.3398882746696472,0.4158366167383598,0.024521825835108757,-0.0893273875117302
4748,-1.1028988361358643,0.2491971339599978,-0.03263358026742935,-0.07390192151069641
4749,-1.312081217765808,0.2121387894747419,-0.04569011181592941,-0.07455849647521973
4750,-1.227673888206482,0.22658880899040615,-0.01742301881313324,-0.09816788136959076
4751,-1.0401337146759033,0.2611241944028493,-0.027294224128127098,-0.053638339042663574
4752,-1.1550366878509521,0.239570314287577,-0.014148341491818428,-0.04088544100522995
4753,-0.5812940001487732,0.3586348986311018,0.007569698616862297,-0.06919489800930023
4754,-1.2175040245056152,0.22837599414767054,-0.0412895604968071,-0.05053921416401863
4755,-1.0075173377990723,0.26746599273952165,-0.011679822579026222,-0.035346269607543945
4756,-1.099748969078064,0.24978693299334767,-0.07002373784780502,-0.06706002354621887
4757,-0.49236491322517395,0.3793366129943293,-0.0007709898054599762,-0.06968498975038528
4758,-0.5662562251091003,0.36210112936435335,0.0037117954343557358,-0.03498426079750061
4759,-0.8417593240737915,0.301164379440899,0.001396767795085907,-0.017883069813251495
4760,-1.1823190450668335,0.23463548198837064,-0.036176033318042755,-0.0711662694811821
4761,-0.7138493061065674,0.3287488428390813,0.028539394959807396,-0.0346810519695282
4762,-1.2126740217208862,0.22922825563079294,-0.027419226244091988,-0.07515691220760345
4763,-0.6547559499740601,0.34191859659543605,0.024056093767285347,-0.031515419483184814
4764,-0.9989008903503418,0.26915757431522247,0.028734249994158745,-0.06218816339969635
4765,-1.4119760990142822,0.19592256075901285,-0.024964656680822372,-0.0852033719420433
4766,-1.3964101076126099,0.19838639117829934,-0.025296879932284355,-0.0990251824259758
4767,-1.324736475944519,0.21003134666422837,-0.004690615460276604,-0.04470735415816307
4768,-1.425455927848816,0.19380769085321864,-0.0014921650290489197,-0.04346252232789993
4769,-1.34635591506958,0.20646677367351582,0.003938270732760429,-0.03629688173532486
4770,-1.5878677368164062,0.16968410294153774,-0.05547869950532913,-0.09713393449783325
4771,-1.6832038164138794,0.15667169670515985,-0.039945535361766815,-0.05297040194272995
4772,-1.342803716659546,0.207049366477133,0.01060953177511692,-0.04139777272939682
4773,-1.337877631187439,0.20785929800121397,0.009544963017106056,-0.08955412358045578
4774,-1.5254435539245605,0.17866132663242418,-0.03030676394701004,-0.10329748690128326
4775,-1.507768988609314,0.1812696643069073,-0.017301710322499275,-0.12029002606868744
4776,-1.618231177330017,0.16544895693656073,-0.023138759657740593,-0.13058975338935852
4777,-1.6549190282821655,0.16044523661333987,-0.04287850111722946,-0.10769006609916687
4778,-1.5468612909317017,0.1755400576697382,0.0034551862627267838,-0.0867520421743393
4779,-1.583463430404663,0.1703055349362604,-0.0052912794053554535,-0.08248363435268402
4780,-1.6573470830917358,0.16011844099788,0.01165621168911457,-0.07731588929891586
4781,-1.7664388418197632,0.1459857529681256,-0.03181442618370056,-0.08476381748914719
4782,-1.6923866271972656,0.1554622332186027,0.021609129384160042,-0.08295810222625732
4783,-1.811761498451233,0.14042536745078144,-0.03543299436569214,-0.0935816615819931
4784,-1.7059508562088013,0.1536896462010834,-0.006382228806614876,-0.10688012093305588
4785,-1.5516852140426636,0.174843004158542,0.009635882452130318,-0.060453880578279495
4786,-1.8299568891525269,0.1382434089811577,-0.029253749176859856,-0.08151492476463318
4787,-1.8304466009140015,0.13818507889161744,-0.018474936485290527,-0.11690191924571991
4788,-1.772383213043213,0.14524620342788705,0.006683053448796272,-0.10931763052940369
4789,-1.6666860580444336,0.15886651363382237,-0.004618484526872635,-0.05578271299600601
4790,-1.6545863151550293,0.16049005898756033,0.008473528549075127,-0.056893691420555115
4791,-1.8364253044128418,0.13747461429600016,-0.043091677129268646,-0.09139353781938553
4792,-1.9224804639816284,0.12758521760593455,-0.023164644837379456,-0.1088700145483017
4793,-1.8582396507263184,0.13490836696351619,-0.026942182332277298,-0.054783549159765244
4794,-1.6908363103866577,0.15566588883147028,0.013544229790568352,-0.06793919205665588
4795,-1.867266058921814,0.133858379345498,-0.02652820572257042,-0.10298582911491394
4796,-1.6513367891311646,0.16092836054611084,-0.008658148348331451,-0.07194784283638
4797,-1.8759979009628296,0.1328492395640696,-0.035028111189603806,-0.12755189836025238
4798,-1.661129117012024,0.15961048464220945,-0.011308476328849792,-0.07256539911031723
4799,-1.7768542766571045,0.14469200198261611,0.007470274344086647,-0.10441429913043976
4800,-1.963643193244934,0.12307331105310504,-0.02377072535455227,-0.12925706803798676
4801,-1.960025668144226,0.12346426971014894,0.0032480452209711075,-0.07798551023006439
4802,-1.8414219617843628,0.13688320644131824,-0.0217311792075634,-0.12286174297332764
4803,-1.9143519401550293,0.12849272326427588,-0.011009110137820244,-0.12890669703483582
4804,-2.0253243446350098,0.11656956363955549,-0.031861938536167145,-0.09807848930358887
4805,-1.8934569358825684,0.13085081403604654,0.009185684844851494,-0.07335121929645538
4806,-1.9261174201965332,0.12718094609824843,0.003481399267911911,-0.06579767167568207
4807,-2.059816837310791,0.11306419645010651,-0.0009254403412342072,-0.05139023810625076
4808,-1.9479230642318726,0.1247800035396763,-0.014435876160860062,-0.11019448190927505
4809,-1.957634449005127,0.12372328254954752,0.012701930478215218,-0.056473009288311005
4810,-1.9797927141189575,0.12134093642090682,-0.020315244793891907,-0.09862716495990753
4811,-1.9739631414413452,0.12196384305187136,-0.025021644309163094,-0.1045997142791748
4812,-1.8780227899551392,0.13261614507729103,-0.03734448179602623,-0.07314001023769379
4813,-1.8667956590652466,0.13391292704630375,-0.05150735378265381,-0.0732586681842804
4814,-1.8411290645599365,0.13691781481424367,-0.019191406667232513,-0.11069653928279877
4815,-1.7399193048477173,0.14932318460472874,-0.008036954328417778,-0.09669651091098785
5374,-1.9669753313064575,0.1227141372616073,-0.07991095632314682,-0.11522525548934937
5375,-1.9114596843719482,0.12881695300129262,-0.04929912090301514,-0.05803501978516579
5376,-1.9850531816482544,0.1207811957563002,-0.09729067981243134,-0.10068446397781372
5377,-1.7007298469543457,0.15436996691412624,-0.043363042175769806,-0.09194246679544449
5378,-1.3698726892471313,0.20264041617728928,-0.049506962299346924,-0.09370443969964981
5379,-1.8719233274459839,0.1333193343367489,-0.0875890776515007,-0.10447914898395538
5380,-1.7598834037780762,0.14680494325593216,-0.08971855044364929,-0.05992605537176132
5381,-1.2980023622512817,0.21450140808505988,-0.04541841149330139,-0.06659895181655884
5382,-1.8005741834640503,0.1417811842985954,-0.10830307006835938,-0.09063803404569626
5383,-1.169095516204834,0.2370185128811875,-0.05480704456567764,-0.09939002245664597
5384,-1.6659821271896362,0.15896060105674517,-0.11466120183467865,-0.07081452012062073
5385,-1.727774739265442,0.15087243635200107,-0.08549286425113678,-0.05582886189222336
5386,-1.4936000108718872,0.18338200022602819,-0.0722261369228363,-0.10295362025499344
5387,-1.7871277332305908,0.14342523291787812,-0.09533412754535675,-0.0580117329955101
5388,-1.7804204225540161,0.1442512281859628,-0.10734618455171585,-0.11156190186738968
5389,-1.8436561822891235,0.1366194558776568,-0.13346436619758606,-0.08387251198291779
5390,-1.6436747312545776,0.16196566128327125,-0.07674171775579453,-0.09198358654975891
5391,-1.4674867391586304,0.18732491782670616,-0.06775622069835663,-0.09956046938896179
5392,3.144127368927002,0.9586766991450498,-0.5648011565208435,-0.6668733358383179
5393,3.1566381454467773,0.9591694878877178,-0.5332010388374329,-0.6485034823417664
5394,3.050042152404785,0.954784346321426,-0.5324599146842957,-0.6426158547401428
5395,1.812474250793457,0.8596606440457178,-0.2071833461523056,-0.31741252541542053
5396,3.040935516357422,0.9543895696692409,-0.4883055090904236,-0.5835922360420227
5397,3.0554206371307373,0.9550159748188841,-0.4667630195617676,-0.5746001601219177
5398,3.078730583190918,0.9560068266526264,-0.5197799801826477,-0.629747748374939
5399,0.1181364431977272,0.5294998099592635,-0.04268212243914604,-0.0962991863489151
5400,-0.29667261242866516,0.4263710915157692,-0.03821362927556038,-0.11476515978574753
5401,0.1393054723739624,0.5347701570900559,-0.004466218873858452,-0.08517180383205414
5402,-0.3995712399482727,0.4014153584548002,-0.022308092564344406,-0.1109132468700409
5403,-0.44082650542259216,0.3915440471871929,-0.011322945356369019,-0.05183405056595802
5404,-0.2483971118927002,0.4382180637468353,0.014310607686638832,-0.10023325681686401
5405,-0.7288269996643066,0.32545218702892326,-0.056736432015895844,-0.09726230055093765
5406,0.10891187936067581,0.5272010873385601,-0.023834368214011192,-0.10303066670894623
5407,0.36337122321128845,0.589856266468031,0.0007857196033000946,-0.09195710718631744
5408,-0.7769133448600769,0.31498551187622315,-0.04771006107330322,-0.12051287293434143
5409,-0.33680078387260437,0.4165868136189634,0.005178449675440788,-0.04778806492686272
5410,-0.17723095417022705,0.45580787681433305,0.01921025477349758,-0.1288907527923584
5411,-0.8672564029693604,0.2958255079856056,-0.037984058260917664,-0.05785679817199707
5412,-0.6525270938873291,0.3424202886639159,-0.00875590369105339,-0.10294336825609207
5413,-0.9084857702255249,0.28730979540766227,-0.01818268373608589,-0.03341914340853691
5414,-1.2318294048309326,0.22586139749771195,-0.07328259944915771,-0.047650136053562164
5415,-1.1638470888137817,0.23796895201260124,-0.030289895832538605,-0.07849399745464325
5416,-1.0289593935012817,0.26328589717271594,-0.027370044961571693,-0.028073400259017944
5417,-1.1840338706970215,0.23432767087958584,-0.06198432296514511,-0.05193287879228592
5418,-1.0185649394989014,0.2653070271646567,-0.004298429936170578,-0.07670868933200836
5419,-1.1358660459518433,0.2430801682271296,-0.026080584153532982,-0.08064667880535126
5420,-1.2660905122756958,0.21992722640074142,-0.056061070412397385,-0.044461727142333984
5421,-1.0887696743011475,0.25185002753529373,-0.007401717826724052,-0.09332198649644852
5422,-1.2216781377792358,0.22764126433489557,-0.048886872828006744,-0.041686851531267166
5423,-1.3289419412612915,0.2093344343914391,-0.05659487843513489,-0.038046449422836304
5424,-1.1564677953720093,0.23930969747883352,-0.0168869998306036,-0.024910546839237213
5425,-1.1700365543365479,0.23684837696853964,-0.014209083281457424,-0.07918059825897217
5426,-0.857590913772583,0.2978429184248827,0.006654834374785423,-0.04778674617409706
5427,-1.2936354875564575,0.21523810251488948,-0.036133572459220886,-0.07462827116250992
5428,-1.0322057008743286,0.262656706561481,-0.01179598830640316,-0.025905169546604156
5429,-1.0207961797714233,0.2648723433820468,-0.006932279095053673,-0.01804555207490921
5430,-1.2176517248153687,0.2283499673843014,-0.016633370891213417,-0.07441753149032593
5431,-1.223296046257019,0.22735692785820355,-0.003206225112080574,-0.09697823226451874
5432,-1.2578306198120117,0.22134756498135313,0.0033471565693616867,-0.08843225240707397
5433,-1.490931749343872,0.18378191812850633,-0.03200710564851761,-0.09415332227945328
5434,-1.3286112546920776,0.20938917275340116,0.00318828783929348,-0.06700511276721954
5435,-1.7014368772506714,0.15427769381662976,-0.07242809236049652,-0.06082313507795334
5436,-1.4848355054855347,0.18469815547701982,-0.012127337977290154,-0.08860068768262863
5437,-1.5878198146820068,0.16969085486541277,-0.04587402939796448,-0.10500471293926239
5438,-1.6546505689620972,0.16048140206822759,-0.026400215923786163,-0.05428929626941681
5439,-1.4130991697311401,0.19574569608546516,0.013974132016301155,-0.0915617123246193
5440,-1.4112590551376343,0.1960355462665167,0.017827147617936134,-0.09363231062889099
5441,-1.632668137550354,0.16346518089378476,-0.0005846414715051651,-0.10428486764431
5442,-1.5560156106948853,0.17421912458791627,-0.005150081589818001,-0.05907429754734039
5443,-1.5878523588180542,0.1696862695803857,0.0053938571363687515,-0.05015965551137924
5444,-1.631804347038269,0.1635833336752657,0.006741771474480629,-0.040210507810115814
5445,3.161585569381714,0.9593628061815234,-0.491107702255249,-0.6071072220802307
5446,3.1604411602020264,0.9593181669981502,-0.5118064284324646,-0.6252834796905518
5447,0.9889472723007202,0.7288799387779924,-0.07034563273191452,-0.16666899621486664
5448,0.060351379215717316,0.51508326694708,-0.050508081912994385,-0.11277787387371063
5449,0.5891318321228027,0.6431659228862407,-0.054241396486759186,-0.10166464745998383
5450,-0.06705492734909058,0.48324254665872746,-0.02140565775334835,-0.11462763696908951
5451,-0.1494586318731308,0.46270474095871594,-0.04435735195875168,-0.08497825264930725
5452,0.0012275055050849915,0.5003068763377386,-0.04742180556058884,-0.1288604736328125
5453,-0.3243890404701233,0.41960647904567244,-0.11457055807113647,-0.10004642605781555
5454,0.42592546343803406,0.6049002881675885,-0.12130513042211533,-0.09518729895353317
5455,-0.28412488102912903,0.42944279797441437,-0.12872709333896637,-0.07611437886953354
5456,-0.15792526304721832,0.4606005367144827,-0.1185784712433815,-0.051942192018032074
5457,0.12525954842567444,0.5312740071496044,-0.08527891337871552,-0.11653633415699005
5458,-0.23814845085144043,0.4407426862376283,-0.10079874098300934,-0.11225645244121552
5459,-0.11524742096662521,0.47121999230424355,-0.11901022493839264,-0.0650782361626625
5460,0.005008429288864136,0.501252104704863,-0.11248312890529633,-0.052332960069179535
5461,-0.6601271629333496,0.3407110467380901,-0.09305671602487564,-0.09740269184112549
5462,0.025978900492191315,0.5064943598717631,-0.06515888124704361,-0.05828118324279785
5463,-0.5610439777374268,0.36330593784187776,-0.1146446019411087,-0.06960088759660721
5464,-0.5244224071502686,0.37181870981943627,-0.08629833906888962,-0.1113777905702591
5465,-0.5393545627593994,0.3683377401857371,-0.06083780527114868,-0.11476919800043106
5466,-0.7141954302787781,0.3286724670932478,-0.08631283044815063,-0.04819552227854729
5467,-0.2805155813694,0.43032737895409595,-0.052394501864910126,-0.12909401953220367
5468,-0.6594528555870056,0.34086253065928523,-0.08784046024084091,-0.08358438313007355
5469,-0.2907392084598541,0.4278229062375536,-0.06791014224290848,-0.05577607825398445
5470,-0.5661484599113464,0.3621260217600683,-0.06539495289325714,-0.11346975713968277
5471,-0.8057562708854675,0.3087955451415167,-0.06008186191320419,-0.11927123367786407
5472,-0.661354660987854,0.34043537143309777,-0.05254834145307541,-0.04997262731194496
5473,-0.5602370500564575,0.3634926126837714,-0.03965236246585846,-0.04481533542275429
5474,-0.3972776234149933,0.40196659548753993,-0.004803009331226349,-0.09581245481967926
5475,-0.7921483516693115,0.31170756290115686,-0.024285754188895226,-0.11074645817279816
5476,-0.7853178381919861,0.31317490345128784,-0.02061050944030285,-0.05782468616962433
5477,-0.6971811652183533,0.33243749581210014,0.016070010140538216,-0.04470265656709671
5478,-0.69880211353302,0.3320778681690628,0.013104377314448357,-0.012991294264793396
5479,-1.0272164344787598,0.26362411217422227,-0.041860949248075485,-0.06474743783473969
5480,-0.8928663730621338,0.290518663024254,-0.021389901638031006,-0.031996436417102814
5481,-1.0720319747924805,0.25501685085016007,-0.021840078756213188,-0.08450950682163239
5482,-1.0038871765136719,0.2681778428621297,-0.010849086567759514,-0.08317363262176514
5483,-1.0172117948532104,0.2655708647955762,-0.027862045913934708,-0.024618029594421387
5484,-1.1855169534683228,0.23406168366968033,-0.023078568279743195,-0.07791278511285782
5485,-1.4115926027297974,0.1959829826242377,-0.020607002079486847,-0.09288770705461502
5486,-1.3365859985351562,0.20807205048895705,-0.04548995941877365,-0.0448056235909462
5487,-0.8579733371734619,0.2977629474410026,-0.00022987090051174164,-0.0762687399983406
5488,1.882672905921936,0.8679178403808958,-0.14306245744228363,-0.2777625024318695
5489,-0.6999262571334839,0.33182857777742925,-0.003274807706475258,-0.10500414669513702
5490,-0.8913929462432861,0.29082245589128447,-0.04305964708328247,-0.08234263956546783
5491,-0.47545120120048523,0.3833268315994512,0.019639892503619194,-0.09317811578512192
5492,-0.8042756915092468,0.30911165070125196,-0.03195904940366745,-0.08550019562244415
5493,0.1294350028038025,0.5323136496142238,0.016863832250237465,-0.08600672334432602
5494,-0.8824657201766968,0.29266708180264395,-0.05426657199859619,-0.09173450618982315
5495,-0.623146116733551,0.3490662548888014,-0.0008762869983911514,-0.07995100319385529
5496,-0.4399435222148895,0.3917544268613992,0.00907197780907154,-0.07115031778812408
5497,-0.9849889278411865,0.2719029937029347,-0.04749815911054611,-0.09510182589292526
5498,-1.3141214847564697,0.2117979878428194,-0.04867803305387497,-0.06390340626239777
5499,-1.7384684085845947,0.14950757960843616,-0.05261271446943283,-0.06539151072502136
5500,-2.0233709812164307,0.11677087386714351,-0.09050507843494415,-0.09128279238939285
5501,-1.8535796403884888,0.13545315379036382,-0.061223044991493225,-0.1000707745552063
5502,-1.8306974172592163,0.13815521189293997,-0.05280188471078873,-0.07046204060316086
5503,-1.9857687950134277,0.12070522317594726,-0.09281769394874573,-0.09621161967515945
5504,-1.94259512424469,0.1253630318034922,-0.0970088317990303,-0.11276538670063019
5505,-2.0109453201293945,0.11805851487044348,-0.087191142141819,-0.05563429743051529
5506,-2.1401381492614746,0.10525637826462432,-0.11264080554246902,-0.07389117777347565
5507,-1.8094311952590942,0.14070688498395836,-0.05405115336179733,-0.07698564231395721
5508,-1.87646484375,0.13279545682738436,-0.07454272359609604,-0.1121971607208252
5509,-2.1016452312469482,0.1089370162410246,-0.09043163806200027,-0.10241397470235825
5510,-1.9840298891067505,0.12088990453711183,-0.08359553664922714,-0.04623887687921524
5511,-1.8348846435546875,0.13765740074366883,-0.0807119682431221,-0.11263655126094818
5512,-1.932188630104065,0.1265085297111581,-0.1072995513677597,-0.07092475891113281
5513,-1.540613055229187,0.1764461722620405,-0.047811463475227356,-0.09322749823331833
5514,-1.9171395301818848,0.12818088554500465,-0.11076997220516205,-0.09269607067108154
5515,-1.5052250623703003,0.18164751704478146,-0.055877603590488434,-0.10356072336435318
5516,-1.7823516130447388,0.1440130003435389,-0.10112188756465912,-0.10731590539216995
5517,-1.7122586965560913,0.15287098190151996,-0.0674947202205658,-0.061008207499980927
5518,-1.7694767713546753,0.14560740959395244,-0.06965851783752441,-0.04507207125425339
5519,-1.9092046022415161,0.12907023731545886,-0.09138181805610657,-0.10412255674600601
5520,-1.7138642072677612,0.1526631818003818,-0.06849797815084457,-0.0601639598608017
5521,-1.9182701110839844,0.12805459561390672,-0.09747418761253357,-0.08404339849948883
5522,-1.5803719758987427,0.17074280761526486,-0.05871409922838211,-0.08559044450521469
5523,-1.719435214996338,0.15194392583520758,-0.10083140432834625,-0.11678566038608551
5524,-1.4881049394607544,0.1842063360239408,-0.07834916561841965,-0.11969288438558578
5525,-1.973202109336853,0.12204536441280243,-0.12525755167007446,-0.11608506739139557
5526,-1.7157331705093384,0.1524215749822976,-0.05063556134700775,-0.0995645821094513
5527,-2.0974769592285156,0.10934228936496193,-0.11890517920255661,-0.10083745419979095
5528,-1.8033562898635864,0.14144299685151188,-0.05703707039356232,-0.09882830828428268
5529,-1.7960532903671265,0.1423321746893276,-0.07960732281208038,-0.06914235651493073
5530,-1.7581894397735596,0.14701724472522634,-0.07749925553798676,-0.11980140209197998
5531,-1.5500013828277588,0.17508606844084107,-0.06631335616111755,-0.060632411390542984
5532,-1.115897297859192,0.24677308543078924,-0.06090257316827774,-0.09643609821796417
5533,-1.5678013563156128,0.17253005169580554,-0.1025872528553009,-0.10917772352695465
5534,-0.9300282597541809,0.28291898125073456,-0.06259944289922714,-0.06569527089595795
5535,-1.336316466331482,0.20811646698049735,-0.10520043969154358,-0.09065429866313934
5536,-1.0474892854690552,0.2597075182978573,-0.06051674485206604,-0.0881727933883667
5537,-1.012056827545166,0.26657751927114726,-0.05142321437597275,-0.103219173848629
5538,3.122894048690796,0.9578272858877936,-0.49758589267730713,-0.587117075920105
5539,3.164348602294922,0.9594703886482205,-0.5758047699928284,-0.6679787039756775
5540,3.0759565830230713,0.9558900106873965,-0.43609321117401123,-0.5163728594779968
5541,1.549876093864441,0.8248958352201369,-0.17949552834033966,-0.2659531831741333
5542,1.5765928030014038,0.8287214344065366,-0.16469621658325195,-0.220694899559021
5543,3.2078657150268555,0.9611292073928661,-0.5317745804786682,-0.643562376499176
5544,3.004005193710327,0.9527547404656104,-0.4489138722419739,-0.5371443033218384
5545,3.125527858734131,0.9579335482791974,-0.45178109407424927,-0.5733963251113892
5546,3.1559550762176514,0.9591427281949885,-0.4493750333786011,-0.5682791471481323
5547,3.0825815200805664,0.9561685043716686,-0.4533733129501343,-0.5701953172683716
5548,0.49003681540489197,0.6201151050733119,-0.0031007863581180573,-0.14380952715873718
5549,0.45648106932640076,0.6121790567153039,-0.0007735993713140488,-0.09455889463424683
5550,2.168140411376953,0.897351803499725,-0.14452768862247467,-0.29097649455070496
6375,0.8992805480957031,0.7108016326019904,-0.23803621530532837,-0.1516646444797516
6376,2.466721534729004,0.9217756969157558,-0.3306821584701538,-0.29512205719947815
6377,0.7229669094085693,0.6732600158610903,-0.17538154125213623,-0.0904260128736496
6378,1.9478994607925415,0.8752174187069645,-0.2903183102607727,-0.21464955806732178
6379,1.2874363660812378,0.7837129514569647,-0.20892781019210815,-0.14732837677001953
6380,2.5628137588500977,0.9284296520167158,-0.3204652965068817,-0.2942936420440674
6381,2.8616995811462402,0.945920307647534,-0.3648979663848877,-0.37912800908088684
6382,3.0975193977355957,0.9567903065996428,-0.4321278929710388,-0.4658906161785126
6383,3.0628249645233154,0.9553329986201304,-0.43927448987960815,-0.4809127748012543
6384,3.196099042892456,0.9606872130967861,-0.49338242411613464,-0.5645356178283691
6385,2.9112565517425537,0.9484000915148358,-0.4286363422870636,-0.4850151836872101
6386,1.4073656797409058,0.8033501096576878,-0.21363551914691925,-0.2622016370296478
6387,1.1780569553375244,0.7645982593250673,-0.21796995401382446,-0.23956313729286194
6388,1.6955095529556274,0.8449473463176979,-0.2434948980808258,-0.3101687431335449
6389,1.136282205581665,0.7569963937116483,-0.24826055765151978,-0.23457098007202148
6390,1.3893946409225464,0.8004955834372773,-0.24333402514457703,-0.3117784559726715
6391,-0.31302785873413086,0.42237584547430224,-0.18852652609348297,-0.22161731123924255
6392,-1.078918695449829,0.25371069804464164,-0.1887613832950592,-0.15791279077529907
6393,3.1916439533233643,0.960518610668299,-0.5551086068153381,-0.6114665269851685
6394,3.1909584999084473,0.9604926082792995,-0.6152351498603821,-0.6943020224571228
6395,3.111316680908203,0.9573571409311398,-0.5901241302490234,-0.6934742331504822
6396,3.1303982734680176,0.9581293735845529,-0.5374120473861694,-0.6582937836647034
6397,1.690304160118103,0.8442641557027372,-0.21025605499744415,-0.2836119830608368
6398,3.063286781311035,0.9553527010582243,-0.47899913787841797,-0.5969854593276978
6399,1.5776582956314087,0.8288726198272637,-0.1428196132183075,-0.2640899121761322
6400,0.46865710616111755,0.6150658622200529,-0.03476545959711075,-0.10865321010351181
6401,0.4216754138469696,0.603884092092447,-0.03769617900252342,-0.08960037678480148
6402,0.0701129212975502,0.517521053381127,-0.06120254099369049,-0.06863183528184891
6403,-0.14397314190864563,0.4640687591167348,-0.06838958710432053,-0.05545941740274429
6404,0.7639603018760681,0.6822129399714136,-0.017519541084766388,-0.09118081629276276
6405,0.09258753806352615,0.5231303632151099,-0.08929044008255005,-0.027125678956508636
6406,-0.5930861830711365,0.355927054330824,-0.07364602386951447,-0.00809045135974884
6407,-0.5609595775604248,0.36332546107154534,-0.07315494865179062,-0.07591646909713745
6408,-0.9838939905166626,0.27211981449722117,-0.10827586054801941,-0.07555440068244934
6409,-0.9827269911766052,0.27235102424203794,-0.12289038300514221,-0.08069546520709991
6410,1.2816427946090698,0.7827292866528771,-0.12717430293560028,-0.17461994290351868
6411,-0.3660644590854645,0.40949232818667747,-0.05319163203239441,-0.10886760801076889
6412,-0.7595557570457458,0.318742723934033,-0.07985091209411621,-0.14414045214653015
6413,-0.3486343324184418,0.41371363104128506,-0.05623551085591316,-0.15948334336280823
6414,0.17557457089424133,0.543781232207136,-0.022253137081861496,-0.09228145331144333
6415,2.136457920074463,0.894396523195516,-0.1602385938167572,-0.2783038020133972
6416,2.969264030456543,0.9511661031922136,-0.36352109909057617,-0.5094010829925537
6417,2.99591064453125,0.9523890411149616,-0.39812982082366943,-0.5426409244537354
6418,3.011354446411133,0.9530844548642827,-0.4358633756637573,-0.5790612697601318
6419,-0.5319460034370422,0.3700631281053836,-0.08254162967205048,-0.12108269333839417
6420,-0.3014204502105713,0.4252102791004189,-0.10279330611228943,-0.0718383938074112
6421,1.7128424644470215,0.84720460156519,-0.19563551247119904,-0.1889088898897171
6422,0.22489625215530396,0.5559882789492975,-0.12136577814817429,-0.1421309858560562
6423,0.06021694093942642,0.5150496878953394,-0.1316707730293274,-0.15515559911727905
6424,1.142289400100708,0.7580997276107045,-0.2026415467262268,-0.16651323437690735
6425,0.5476961731910706,0.6336009205923325,-0.177041158080101,-0.11725228279829025
6426,0.17072585225105286,0.5425780935036731,-0.1682775765657425,-0.09110564738512039
6427,0.15867573022842407,0.5395859095957288,-0.1723276674747467,-0.09178423881530762
6428,0.5966594219207764,0.6448916632612208,-0.1837877333164215,-0.12616722285747528
6429,1.4197190999984741,0.8052943763731614,-0.19807055592536926,-0.20958417654037476
6430,0.9125093221664429,0.713513373109485,-0.1722249984741211,-0.2018236219882965
6431,3.2961244583129883,0.9642956172903037,-0.5458356142044067,-0.606927216053009
6432,3.25510311126709,0.9628560534346514,-0.6143358945846558,-0.6823285222053528
6433,3.2250800132751465,0.961767250511399,-0.6098958849906921,-0.6976913809776306
6434,3.1976733207702637,0.9607466262069869,-0.504718005657196,-0.618546187877655
6435,3.1177539825439453,0.9576191678515154,-0.46173930168151855,-0.5719937086105347
6436,2.9382524490356445,0.9497053203887141,-0.398415744304657,-0.49684807658195496
6437,3.138246774673462,0.9584431059758797,-0.5038126707077026,-0.6273889541625977
6438,3.125459909439087,0.9579308100504013,-0.49600744247436523,-0.6274970769882202
6439,3.02418851852417,0.9536549981892251,-0.4465705454349518,-0.5721346735954285
6440,0.4757060110569,0.6167334004418163,-0.03581647202372551,-0.1441480964422226
6441,0.9027609825134277,0.7115165547528858,-0.05319126695394516,-0.17141780257225037
6442,0.3999347984790802,0.5986719946456172,-0.013784583657979965,-0.15104177594184875
6443,2.750115394592285,0.9399198665483973,-0.3325081765651703,-0.4652942419052124
6444,3.0079421997070312,0.9529316419323192,-0.49769890308380127,-0.6060706377029419
6445,2.7449331283569336,0.9396265532920535,-0.33629781007766724,-0.4589676260948181
6446,-0.09272578358650208,0.4768351494777292,-0.03853365778923035,-0.15147556364536285
6447,0.14169427752494812,0.535364420757177,-0.019077837467193604,-0.10783781856298447
6448,1.7806793451309204,0.8557807310008693,-0.14813894033432007,-0.2523621916770935
6449,2.568845748901367,0.9288294315366067,-0.27135583758354187,-0.41768786311149597
6450,0.42148497700691223,0.6038385371575489,-0.015889722853899002,-0.13256707787513733
6451,-0.27704474329948425,0.4311784450245939,-0.03519444540143013,-0.06641475856304169
6452,0.5994751453399658,0.6455362185732983,-0.02698584832251072,-0.1272052824497223
6453,1.0522027015686035,0.7411976539617646,-0.07297097891569138,-0.13908234238624573
6454,2.9280874729156494,0.9492175635801553,-0.4231123924255371,-0.5533732175827026
6455,2.8216588497161865,0.9438350675394134,-0.3967428505420685,-0.5215492248535156
6456,0.13363111019134521,0.5333581518452272,0.0103131253272295,-0.09457306563854218
6457,0.4817148745059967,0.6181527355619617,0.005747737362980843,-0.10022787749767303
6458,1.4388066530227661,0.8082697867980888,-0.054305993020534515,-0.20731133222579956
6459,-0.056113045662641525,0.48597541829409757,-0.007529871538281441,-0.07690798491239548
6460,0.8540529012680054,0.7014166393068472,0.010303525254130363,-0.13651901483535767
6461,0.19354763627052307,0.5482364222033108,0.033439770340919495,-0.10303515195846558
6462,-0.3613814413547516,0.41062519912614925,-0.028685756027698517,-0.07984349876642227
6463,0.03336567431688309,0.508340644812342,0.003958085551857948,-0.06202811747789383
6464,0.06262073665857315,0.5156500703732104,0.020151076838374138,-0.09284127503633499
6465,-0.02780327945947647,0.4930496278621121,0.015970079228281975,-0.08184181898832321
6466,-0.5465861558914185,0.3666568089998176,-0.03244154155254364,-0.07391893863677979
6467,1.5384644269943237,0.8232413872064777,-0.11615363508462906,-0.2033434510231018
6468,1.2234197854995728,0.7726648081559612,-0.05715867877006531,-0.15212470293045044
6469,0.4947209060192108,0.6212179248650369,0.00580734945833683,-0.09238780289888382
6470,0.15695607662200928,0.5391586619882137,0.0006869342178106308,-0.08264564722776413
6471,1.3189936876296997,0.7890142336460505,-0.0978141650557518,-0.17225641012191772
6472,-0.5428246855735779,0.36753073340842796,0.026049958541989326,-0.07161533832550049
6473,-0.8888906240463257,0.29133881672894435,0.010050775483250618,-0.08330973982810974
6474,-0.4963613748550415,0.37839613945437683,0.01153554953634739,-0.055593036115169525
6475,-0.9740780591964722,0.274068405181356,-0.01024162769317627,-0.09543557465076447
6476,-0.823384165763855,0.30504576800615424,0.009840985760092735,-0.044283244758844376
6477,-1.1660877466201782,0.23756287032056797,-0.017971251159906387,-0.08118674159049988
6478,-1.2143605947494507,0.22893040351030233,-0.010038239881396294,-0.11541590839624405
6479,-1.2479585409164429,0.22305372520627192,0.02914627455174923,-0.10208284854888916
6480,-0.8529666662216187,0.2988109021121207,0.0002881605178117752,-0.06327633559703827
6481,-1.2894916534423828,0.21593886617986113,0.013571629300713539,-0.05224438011646271
6482,-1.4514039754867554,0.18978558686087182,0.0023489296436309814,-0.10228060930967331
6483,-1.1213150024414062,0.24576744557671842,0.004876809194684029,-0.06613381206989288
6484,-1.1529295444488525,0.239954396670154,0.03691202402114868,-0.09085970371961594
6485,-1.3613712787628174,0.20401752394287204,0.0035311318933963776,-0.10300978273153305
6486,-1.4396846294403076,0.1915941902498736,0.002840312197804451,-0.1059541329741478
6487,-1.2244890928268433,0.22714741860466883,0.01326502300798893,-0.06474025547504425
6488,-1.4402085542678833,0.1915130548160443,-0.02783575840294361,-0.11085105687379837
6489,-1.4485527276992798,0.19022440256478987,0.014370830729603767,-0.0533890500664711
6490,-1.4038441181182861,0.19720681647781557,0.010405080392956734,-0.05971324443817139
6491,-0.4969935119152069,0.378247464349069,-0.020122218877077103,-0.0902336835861206
6492,-0.26282209157943726,0.4346701025586483,-0.030276605859398842,-0.09188209474086761
6493,-1.0366355180740356,0.26179969446375567,0.007575565949082375,-0.04231689125299454
6494,-1.1450666189193726,0.24139133855043662,0.011382924392819405,-0.027610652148723602
6495,-1.2382971048355103,0.22473253836970644,0.023534661158919334,-0.06808733940124512
6496,-0.6986437439918518,0.3321129958091009,0.03367980569601059,-0.053669609129428864
6497,1.869381070137024,0.8663866458807987,-0.18286052346229553,-0.31197699904441833
6498,1.4481239318847656,0.8097095373489823,-0.12368914484977722,-0.2568106949329376
6499,-0.18608342111110687,0.4536129214702452,0.020971426740288734,-0.10124906897544861
6500,-1.1448291540145874,0.2414348261646901,0.023526543751358986,-0.0825265422463417
6501,-1.1340488195419312,0.24341467979747317,0.05773355811834335,-0.0867624282836914
6502,-1.2978559732437134,0.2145260742808981,-0.004772903397679329,-0.08276501297950745
6503,-1.1131047010421753,0.24729252951190375,0.03780876100063324,-0.0739428922533989
6504,-1.4003432989120483,0.19776164074004235,-0.015277868136763573,-0.07712535560131073
6505,-1.3511537313461304,0.2056818148525018,0.02639618329703808,-0.07081787288188934
6506,-1.4970550537109375,0.18286516294718047,0.0013461187481880188,-0.05014345794916153
6507,-1.5567301511764526,0.17411634984885216,0.005352618172764778,-0.09006693959236145
6508,-1.4236522912979126,0.1940896579790316,0.0064928289502859116,-0.03572376072406769
6509,-1.3871184587478638,0.19986817697749684,0.010249359533190727,-0.029956698417663574
6510,-1.4700132608413696,0.18694059839386115,0.006311429664492607,-0.07370558381080627
6511,-1.5813008546829224,0.17061132816683416,-0.02283896505832672,-0.07590590417385101
6512,-1.6150312423706055,0.16589126300433185,-0.021359162405133247,-0.07994535565376282
6513,-1.5720487833023071,0.17192451758853278,-0.026037398725748062,-0.06665859371423721
6514,-1.4727026224136353,0.1865321761881999,0.0015148576349020004,-0.037489306181669235
6515,-1.559096336364746,0.17377635511076928,0.008483709767460823,-0.08664298802614212
6516,-1.4920417070388794,0.18361547611245396,0.0202536229044199,-0.05654314160346985
6517,-1.5814868211746216,0.17058501494312833,0.00802626647055149,-0.09115125238895416
6518,-1.5454195737838745,0.17574880887259056,-0.019786668941378593,-0.05015646666288376
6519,-1.5075336694717407,0.18130459086855358,-0.007855508476495743,-0.037285082042217255
6520,-1.5150048732757568,0.18019825528328137,0.016611693426966667,-0.08228175342082977
6521,-1.5028398036956787,0.182002359075715,-0.0031311381608247757,-0.04448210075497627
7844,-0.9100996851921082,0.28697943900721545,-0.07592805474996567,-0.09985242784023285
7845,-1.2538763284683228,0.22202984914875354,-0.11449122428894043,-0.08693968504667282
7846,-1.0108544826507568,0.2668126604303501,-0.0888674408197403,-0.08127379417419434
7847,-1.0183706283569336,0.26534490386584153,-0.11747895926237106,-0.06904561817646027
7848,-1.157368540763855,0.2391457637829968,-0.08771031349897385,-0.11110709607601166
7849,-1.4646903276443481,0.18775099983138124,-0.05377103015780449,-0.07875196635723114
7850,-1.8047093152999878,0.14127876936789344,-0.10819050669670105,-0.0826747789978981
7851,-1.8074456453323364,0.14094712607061888,-0.10885642468929291,-0.041284117847681046
7852,-1.690379023551941,0.15572600134263373,-0.10479781031608582,-0.04077788442373276
7853,-1.641764521598816,0.1622251068107583,-0.06741653382778168,-0.07925452291965485
7854,-1.6708532571792603,0.1583104506669747,-0.056210655719041824,-0.0977395623922348
7855,-1.347346544265747,0.2063045179189448,-0.03818917274475098,-0.08771709352731705
7856,-1.6428724527359009,0.16207458631601218,-0.09655670076608658,-0.06318822503089905
7857,-1.0320324897766113,0.2626902534152949,-0.049552761018276215,-0.08608914911746979
7858,-0.6586654782295227,0.34103945703635724,-0.03629860281944275,-0.13196077942848206
7859,0.3201851546764374,0.5793693750993801,-0.09043624252080917,-0.18584144115447998
7860,-0.1528882384300232,0.46185221956389777,-0.04148022085428238,-0.13678592443466187
7861,-0.4950525462627411,0.37870404126235335,-0.06382609903812408,-0.12579452991485596
7862,-0.46767401695251465,0.38516692014450365,-0.06428345292806625,-0.12513278424739838
7863,-0.8184792995452881,0.30608655770402815,-0.10567323863506317,-0.09824417531490326
7864,-0.9467598795890808,0.2795369029719164,-0.12244707345962524,-0.09072564542293549
7865,-0.6932782530784607,0.33330420674332084,-0.08219520002603531,-0.12886032462120056
7866,-0.7963342070579529,0.3108102131160501,-0.12276351451873779,-0.08662700653076172
7867,-0.45552247762680054,0.38804855261500437,-0.08643662184476852,-0.11191122233867645
7868,-0.7225534319877625,0.3268309478169922,-0.09333088994026184,-0.13324932754039764
7869,-1.181109070777893,0.23485284095898018,-0.12463739514350891,-0.07290434092283249
7870,-1.1106418371200562,0.24775124964609135,-0.11749914288520813,-0.08970970660448074
7871,-0.593067467212677,0.3559313448216779,-0.09946949779987335,-0.13362734019756317
7872,-0.5968668460845947,0.3550608367042605,-0.0863637924194336,-0.11393076181411743
7873,-0.7706809639930725,0.31633181848957176,-0.08282273262739182,-0.1471135914325714
7874,-1.3035573959350586,0.21356692183764936,-0.13129685819149017,-0.11328718066215515
7875,-1.4129630327224731,0.1957671289296901,-0.13039270043373108,-0.12933668494224548
7876,-0.9480187892913818,0.2792834339468102,-0.11222642660140991,-0.16635790467262268
7877,-0.9411270022392273,0.280672749605656,-0.15275010466575623,-0.12793199717998505
7878,-1.1407074928283691,0.24219048814351993,-0.1311265379190445,-0.08436456322669983
7879,-1.371448040008545,0.20238599452484124,-0.14877131581306458,-0.1305702179670334
7880,-0.47838732600212097,0.382633006954249,-0.13058426976203918,-0.11508256196975708
7881,0.7208156585693359,0.6727866053517078,-0.22165526449680328,-0.15351340174674988
7882,1.156018614768982,0.7606085238552144,-0.22503313422203064,-0.16329461336135864
7883,1.2264282703399658,0.7731928267223867,-0.23037952184677124,-0.14779970049858093
7884,2.5418288707733154,0.9270226493830074,-0.35055163502693176,-0.31462642550468445
7885,1.3307958841323853,0.7909722528809948,-0.20623916387557983,-0.1386396437883377
7886,1.1693423986434937,0.7630261306223499,-0.17824877798557281,-0.19110232591629028
7887,1.4045902490615845,0.8029112815169236,-0.19539734721183777,-0.20293305814266205
7888,0.6567196846008301,0.6585231265968934,-0.1692718267440796,-0.18116992712020874
7889,1.2436360120773315,0.7761962806005067,-0.18950805068016052,-0.17376413941383362
7890,2.178785800933838,0.8983282273116864,-0.31464883685112,-0.31990575790405273
7891,0.44097134470939636,0.6084904583922441,-0.17560094594955444,-0.13311192393302917
7892,1.0652052164077759,0.7436840116746747,-0.14224973320960999,-0.2270735502243042
7893,2.1571428775787354,0.896334367851339,-0.24990132451057434,-0.26244673132896423
7894,1.1142281293869019,0.752916524870751,-0.14811265468597412,-0.14548972249031067
7895,0.23183020949363708,0.5576993613626308,-0.15632067620754242,-0.12514418363571167
7896,-0.02724207192659378,0.49318990317817923,-0.14099712669849396,-0.16594812273979187
7897,-0.7071741223335266,0.3302235562602883,-0.1490401178598404,-0.138381227850914
7898,-0.565561830997467,0.36226153857914684,-0.12413986772298813,-0.1550019085407257
7899,-0.840437650680542,0.30144261771264685,-0.17452633380889893,-0.10695971548557281
7900,-0.3992052972316742,0.40150329073302926,-0.12230002135038376,-0.1856658160686493
7901,-0.9532227516174316,0.2782371626754488,-0.13930173218250275,-0.13226912915706635
7902,-0.6235836148262024,0.34896685357305557,-0.10918652266263962,-0.1081119105219841
7903,-0.4076211452484131,0.39948266282655964,-0.09980373084545135,-0.08651936799287796
7904,0.6095877885818481,0.6478467653501508,-0.07758435606956482,-0.15434220433235168
7905,-0.28998029232025146,0.4280086918416264,-0.09835491329431534,-0.11961057782173157
7906,-0.3498006761074066,0.41343075744175456,-0.13164493441581726,-0.09873488545417786
7907,1.8076443672180176,0.8590769336639416,-0.19850952923297882,-0.19909638166427612
7908,3.1933066844940186,0.9605816175127033,-0.5010628700256348,-0.5791423916816711
7909,0.9750866889953613,0.7261322209380491,-0.20381243526935577,-0.22659382224082947
7910,2.8322741985321045,0.9443951477176692,-0.3971439003944397,-0.4356061816215515
7911,3.253183603286743,0.9627873426002349,-0.5430579781532288,-0.6354309916496277
7912,3.242324113845825,0.962396308814274,-0.5711498856544495,-0.6821793913841248
7913,3.1892714500427246,0.9604285407870201,-0.5199285745620728,-0.6210206151008606
7914,1.2015680074691772,0.7688036058557126,-0.18648865818977356,-0.26780882477760315
7915,2.8087730407714844,0.9431480656527647,-0.42190566658973694,-0.48270002007484436
7916,3.168248414993286,0.9596217690736176,-0.5470070242881775,-0.6575791835784912
7917,3.1306488513946533,0.9581394249848519,-0.5414604544639587,-0.6526375412940979
7918,3.091984748840332,0.9565609103687964,-0.4912586808204651,-0.6030793190002441
7919,2.79164457321167,0.9422226390097354,-0.3734241724014282,-0.4634450376033783
7920,0.5402209758758545,0.6318638208592872,-0.07720332592725754,-0.12460009753704071
7921,2.066469192504883,0.8876011910942531,-0.24140000343322754,-0.3242463171482086
7922,0.07888256758451462,0.5197104223472464,-0.05278000235557556,-0.0891311839222908
7923,0.41617700457572937,0.602568079695747,-0.04227309674024582,-0.1319616138935089
7924,0.48104676604270935,0.6179950228425408,-0.0008399616926908493,-0.11052360385656357
7925,-0.28663885593414307,0.42882692918315996,-0.0030890386551618576,-0.10263504087924957
7926,-0.7229219675064087,0.3267498705789819,-0.06466837227344513,-0.09366489201784134
7927,-0.7080063223838806,0.3300395196287282,-0.03121074289083481,-0.12182460725307465
7928,-0.31157153844833374,0.4227311905816382,-0.020238026976585388,-0.10801099240779877
7929,2.391859531402588,0.9162044420459493,-0.21744167804718018,-0.34158259630203247
7930,-0.3269613981246948,0.41898014495545205,-0.034706491976976395,-0.12533780932426453
7931,-0.036653630435466766,0.4908376181644788,-0.05162482708692551,-0.0747719556093216
7932,-0.3414376974105835,0.4154602855011382,-0.025635851547122,-0.06175348162651062
7933,-0.03215610235929489,0.4919616670445897,0.035234689712524414,-0.09792833775281906
7934,0.10188435763120651,0.5254490788666193,0.03988441824913025,-0.08702554553747177
7935,-0.5963709950447083,0.3551743911010342,-0.0014203023165464401,-0.10659244656562805
7936,-0.4347231686115265,0.3929990483199682,-0.010786114260554314,-0.04773485288023949
7937,-0.6768147349357605,0.33697259112733036,0.0023711007088422775,-0.0929839015007019
7938,-0.9276604056358337,0.28339960844898465,-0.011647097766399384,-0.11302653700113297
7939,-0.5305469036102295,0.3703893404837475,-0.017007632181048393,-0.05817175284028053
7940,-0.8746592402458191,0.2942857367470072,0.017439493909478188,-0.09019014984369278
7941,-1.0675585269927979,0.25586766203309075,-0.008195916190743446,-0.10154338926076889
7942,-0.8412432074546814,0.30127301475940615,-0.007405174896121025,-0.040809206664562225
7943,-0.9487040638923645,0.2791455198638081,-0.006052711978554726,-0.0985550507903099
7944,-1.1712720394134521,0.23662513413860958,-0.06253792345523834,-0.07345087826251984
7945,-1.0252288579940796,0.26401013455281797,-0.021869085729122162,-0.03289441764354706
7946,-0.9847554564476013,0.2719492169059991,-0.03495548665523529,-0.03719280660152435
7947,-1.193848729133606,0.23257130041195348,-0.03166089206933975,-0.08078710734844208
7948,-0.8818166255950928,0.2928014709400744,-0.021697698161005974,-0.023821622133255005
7949,-1.1586686372756958,0.23890928486624424,-0.00534137524664402,-0.07594199478626251
7950,-1.1628183126449585,0.23815556029295132,-0.031436629593372345,-0.024679958820343018
7951,-1.2464433908462524,0.22331641204340755,-0.014249647036194801,-0.07821711897850037
7952,-1.2324415445327759,0.2257543840402201,-0.005007455125451088,-0.09102875739336014
7953,-0.9320210218429565,0.28251487293267347,-0.0011334717273712158,-0.0503435879945755
7954,-1.0515047311782837,0.2589362558333399,-0.005146443843841553,-0.0290708988904953
7955,-1.307871699333191,0.21284320376417132,-0.004549918696284294,-0.09019473195075989
7956,-1.070003867149353,0.25540234874834417,-0.00677902065217495,-0.029010869562625885
7957,-1.455422282218933,0.18916847390203007,-0.02344297617673874,-0.07787889987230301
7958,-1.5434929132461548,0.17602808154413113,-0.04142051935195923,-0.08817055821418762
7959,-1.4175955057144165,0.1950388092087313,-0.020648520439863205,-0.03560109809041023
7960,-1.3534657955169678,0.20530433423037955,-0.0054104141891002655,-0.07532806694507599
7961,-1.458175539970398,0.18874653023493992,-0.004413388669490814,-0.05715291202068329
7962,-1.6386549472808838,0.16264816722981726,-0.04559514671564102,-0.07852785289287567
7963,-1.6039842367172241,0.167425499222102,-0.008224563673138618,-0.12131023406982422
7964,-1.4931975603103638,0.183442276101684,0.006151674315333366,-0.057862602174282074
7965,-1.4929403066635132,0.18348081357417492,0.022526675835251808,-0.03542911633849144
7966,-1.630110502243042,0.1638152240862837,-0.013098280876874924,-0.0825432538986206
7967,-1.7209380865097046,0.15175037164828598,-0.007638320326805115,-0.09742876887321472
7968,-1.8027830123901367,0.1415126281876771,-0.022073637694120407,-0.10656166821718216
7969,-1.6672581434249878,0.15879008195864977,0.009487075731158257,-0.05645433068275452
7970,-1.7988364696502686,0.1419927597130383,-0.03538074344396591,-0.10045449435710907
7971,-1.8374465703964233,0.13735356215818673,-0.0025875773280858994,-0.10681482404470444
7972,-1.812149167060852,0.14037858001372724,-0.017411358654499054,-0.06909549236297607
7973,-1.8668185472488403,0.1339102724911765,-0.03138323873281479,-0.11735516786575317
7974,-1.7236839532852173,0.15139725553417227,0.012079374864697456,-0.05937797948718071
7975,-1.810571551322937,0.14056906277501394,-0.02526596188545227,-0.09681668132543564
7976,-1.8698934316635132,0.13355405385911334,-0.03366832807660103,-0.11671902984380722
7977,-1.7719699144363403,0.14529752186759112,0.002808675169944763,-0.11099497228860855
7978,-1.7546331882476807,0.14746377000637761,-0.023858871310949326,-0.10363366454839706
7979,-1.566467523574829,0.17272055741964845,-0.004011834040284157,-0.06578122079372406
7980,-1.7706412076950073,0.14546260662437027,-0.03985166922211647,-0.10748989880084991
7981,-1.721478819847107,0.15168078037189603,-0.02849917858839035,-0.07849466055631638
7982,-1.7074105739593506,0.1534998779347746,0.008151916787028313,-0.09033216536045074
7983,-1.887912392616272,0.13148268038586164,-0.045253582298755646,-0.0745563805103302
7984,-1.4699265956878662,0.1869537713182196,-0.05832687020301819,-0.0936979204416275
7985,-1.2532891035079956,0.22213129859691874,-0.0717831701040268,-0.040313720703125
7986,-1.3317701816558838,0.20886670716023745,-0.04147713631391525,-0.030648253858089447
7987,-1.284696102142334,0.21675190346595524,-0.04924505203962326,-0.024200357496738434
7988,-1.6937131881713867,0.15528814367708754,-0.06392216682434082,-0.07318037003278732
7989,-1.5795801877975464,0.1708549458847812,-0.04850466921925545,-0.06918506324291229
7990,-1.6586846113204956,0.1599386512577681,-0.05364978313446045,-0.07716374099254608
7991,-1.6770286560058594,0.15748932481060848,-0.09100461006164551,-0.04447609558701515
7992,-1.588401436805725,0.16960892245383463,-0.08157789707183838,-0.031161636114120483
7993,-1.8425894975662231,0.13674532500281097,-0.10139056295156479,-0.06036735698580742
7994,-1.8448435068130493,0.13647946592712973,-0.10289495438337326,-0.05677148699760437
7995,-1.8702718019485474,0.13351027591582199,-0.05729309469461441,-0.05869526043534279
7996,-1.9395794868469238,0.12569406156202348,-0.10684356093406677,-0.0428449884057045
7997,-1.9901052713394165,0.12024572571587332,-0.10144813358783722,-0.03485412150621414
7998,-1.6241726875305176,0.16463020921808058,-0.04551060497760773,-0.07232269644737244
7999,-1.84131920337677,0.13689534740910997,-0.08007737249135971,-0.1012275218963623
8000,-1.795464277267456,0.14240409286249828,-0.1039983332157135,-0.05730922892689705
8001,-1.6579774618148804,0.16003368549772704,-0.10173740983009338,-0.06518948078155518
8002,-1.4500328302383423,0.18999651346117824,-0.038054339587688446,-0.06070778891444206
8003,-1.85342276096344,0.1354715262997627,-0.07924160361289978,-0.07354823499917984
8004,-1.4835150241851807,0.18489708261378696,-0.058784060180187225,-0.040259622037410736
8005,-1.849143385887146,0.13597350469166686,-0.07786098122596741,-0.08582630008459091
8006,-1.5259817838668823,0.1785823596460578,-0.03454738110303879,-0.05237118527293205
8007,-1.4940415620803833,0.18331588583332897,-0.04387448728084564,-0.09082076698541641
8008,-1.658258080482483,0.15999596751980596,-0.061297573149204254,-0.11222682893276215
8009,-1.4441803693771362,0.19089882901721497,-0.08147145807743073,-0.05072233825922012
8010,-1.3067044019699097,0.21303883945615698,-0.0449836403131485,-0.10305503755807877
8011,-0.8598803281784058,0.2973643491348697,-0.10429064184427261,-0.08349788188934326
8012,-0.8181737661361694,0.30615145610431893,-0.10045316070318222,-0.08343814313411713
8013,-0.9829514622688293,0.27230654174474217,-0.05354705825448036,-0.11258751899003983
8014,-1.0371432304382324,0.26170158552742245,-0.11450833082199097,-0.0948975458741188
8015,-0.23166003823280334,0.44234261532770036,-0.07369806617498398,-0.07918532192707062
8016,-0.6596369743347168,0.34082116494283526,-0.09217076003551483,-0.11715243756771088
8017,0.0385773703455925,0.5096431466943002,-0.09426891058683395,-0.1309487521648407
8018,-0.20911851525306702,0.4479100598028048,-0.13272204995155334,-0.10057718306779861
8019,0.0797807052731514,0.519934603858559,-0.09514660388231277,-0.10547491163015366
8020,-0.1755782663822174,0.4562178510045159,-0.13012240827083588,-0.11537937074899673
8021,0.7715696096420288,0.6838603339745579,-0.11209976673126221,-0.15437400341033936
8022,0.5567326545715332,0.6356962030645994,-0.11409663408994675,-0.16251903772354126
8023,0.0016376599669456482,0.5004094149002346,-0.09575475752353668,-0.15159201622009277
8024,0.15921416878700256,0.539719672623998,-0.10316396504640579,-0.14264430105686188
8025,-0.33304715156555176,0.41749938948249793,-0.10443871468305588,-0.08965075016021729
8026,0.08284761756658554,0.5207000657778948,-0.12215090543031693,-0.09265673905611038
8027,-0.25483644008636475,0.4366334465537353,-0.0986378937959671,-0.1624005138874054
8028,-0.4687519371509552,0.3849116858542768,-0.1033276617527008,-0.0789925828576088
8029,-0.2510371506214142,0.43756823748112395,-0.10147684812545776,-0.12846946716308594
8030,-0.3749641478061676,0.4073420552568139,-0.1285632848739624,-0.12906968593597412
8031,1.0372308492660522,0.7383153432915304,-0.16706520318984985,-0.19524526596069336
8032,-0.48736652731895447,0.38051414244923293,-0.13521158695220947,-0.11764537543058395
8033,-0.2501652240753174,0.4377828322558429,-0.13806842267513275,-0.12182137370109558
8034,0.6787918210029602,0.6634689910481603,-0.1286967247724533,-0.15558543801307678
8035,0.870175838470459,0.7047822850088981,-0.14962024986743927,-0.13816162943840027
8036,1.4944345951080322,0.8167429482781287,-0.15801125764846802,-0.21220773458480835
8037,1.4529579877853394,0.8104532537883788,-0.13546806573867798,-0.1972573697566986
8038,-0.011630110442638397,0.4970925051614505,-0.11802145838737488,-0.135463684797287
8039,0.311236709356308,0.5771870991188063,-0.11438935995101929,-0.1254076510667801
8040,0.15749672055244446,0.5392929910998432,-0.12411003559827805,-0.12360458821058273
8041,3.0082292556762695,0.9529445155590884,-0.41778385639190674,-0.49073484539985657
8042,3.1971328258514404,0.9607262376903801,-0.5133571624755859,-0.5937290191650391
8043,2.7055013179779053,0.9373504847304683,-0.3457093834877014,-0.41238346695899963
8044,3.0907723903656006,0.9565105063924287,-0.498924195766449,-0.5638911128044128
8045,0.8928241729736328,0.7094726387191808,-0.20620208978652954,-0.17734688520431519
8046,1.4139896631240845,0.8043944557010704,-0.22380998730659485,-0.2771558463573456
8047,2.7531416416168213,0.9400905329248814,-0.42651239037513733,-0.45076268911361694
8048,3.265263319015503,0.963217721951701,-0.5948620438575745,-0.6767764687538147
8049,3.1778318881988525,0.9599914765513221,-0.5734800696372986,-0.6582971215248108
8050,3.128904342651367,0.9580693998135785,-0.5462135076522827,-0.600402295589447
8051,3.1580889225006104,0.9592262673890243,-0.5916082262992859,-0.6530483961105347
8052,2.159938097000122,0.8965938094481363,-0.2836119830608368,-0.3616897761821747
8053,0.10822082310914993,0.5270288313564899,-0.05345878750085831,-0.1442938894033432
8054,1.5167421102523804,0.820058238687461,-0.11457060277462006,-0.22871512174606323
8055,2.7352099418640137,0.9390726080548718,-0.32961440086364746,-0.4426983892917633
8056,2.950143814086914,0.9502702850564513,-0.3943362236022949,-0.521941602230072
8057,0.6822781562805176,0.6642469684658352,-0.07686574012041092,-0.11907176673412323
8058,0.7250517010688782,0.6737184645835316,-0.11023489385843277,-0.09534505754709244
8059,0.8543540239334106,0.7014797000042094,-0.10978689789772034,-0.08399093151092529
8060,1.0549371242523193,0.7417218349726522,-0.06784239411354065,-0.11182063817977905
8061,0.15936413407325745,0.53975692713049,-0.07851902395486832,-0.10042928159236908
8062,0.11510475724935532,0.5287444597873098,-0.0720607116818428,-0.09994591772556305
8063,0.20285090804100037,0.5505395435835609,-0.12149481475353241,-0.05357549339532852
8064,0.34199100732803345,0.5846740812038815,-0.07213018089532852,-0.10461461544036865
8065,0.06864463537931442,0.5171544232806866,-0.10299184918403625,-0.0647730752825737
8066,0.1303616166114807,0.5325443285984369,-0.07605590671300888,-0.11892590671777725
8067,-0.25732356309890747,0.4360217491147003,-0.10583586990833282,-0.08594246208667755
8068,-0.2996769845485687,0.4256364488983773,-0.11217879503965378,-0.09780603647232056
8069,0.32711490988731384,0.5810572248358342,-0.07585782557725906,-0.08059881627559662
8070,-0.1538165658712387,0.46162149684232795,-0.04904097318649292,-0.10997769236564636
8071,-0.3610462248325348,0.4107063280255747,-0.04123677313327789,-0.1116279661655426
8072,0.7789158821105957,0.6854464146913293,-0.07227899134159088,-0.1421320140361786
8073,0.021355830132961273,0.5053387546303052,-0.053350530564785004,-0.08028142154216766
8074,-2.259847402572632,0.0945034262899098,-0.0918215736746788,-0.05745397508144379
8075,-2.047145366668701,0.11434114403869149,-0.047175973653793335,-0.07730820029973984
8076,-2.174534320831299,0.10206073814315993,-0.09820619225502014,-0.07170561701059341
8077,-2.034726619720459,0.11560479222688258,-0.07580053061246872,-0.05096198618412018
8078,-2.157653331756592,0.10361821081662365,-0.09110338240861893,-0.068409763276577
8079,-1.6741780042648315,0.157867937046855,-0.05076976120471954,-0.09875248372554779
8080,-2.1393280029296875,0.1053327002025814,-0.09029947221279144,-0.0821566954255104
8081,-1.9743813276290894,0.12191906713096133,-0.04657725989818573,-0.10331300646066666
8082,-1.810834527015686,0.14053729584184363,-0.049727216362953186,-0.08262549340724945
8083,-1.9464975595474243,0.1249357661286411,-0.08762392401695251,-0.0888478085398674
8084,-1.9382246732711792,0.12584302440572018,-0.08912517130374908,-0.07428430020809174
8085,-1.8071085214614868,0.14098795031859054,-0.046337589621543884,-0.09573066234588623
8086,-1.738608479499817,0.1494897697567342,-0.06602088361978531,-0.0620102621614933
8087,-1.8945136070251465,0.1307306868811472,-0.09859143197536469,-0.09444832056760788
8088,-1.8973010778427124,0.13041424413942737,-0.073182612657547,-0.04506545513868332
8089,-1.9851890802383423,0.12076676500765107,-0.08435749262571335,-0.09642686694860458
8090,-1.9076086282730103,0.1292497487542682,-0.0743054524064064,-0.09861817210912704
8091,-1.6318620443344116,0.16357543946365335,-0.06086137145757675,-0.10756459087133408
8092,-1.6785948276519775,0.15728162653270533,-0.04075539857149124,-0.08484377712011337
8093,-2.0013959407806396,0.11905643508642023,-0.11639434099197388,-0.08324503898620605
8094,-1.567681908607483,0.17254710512771093,-0.04786123335361481,-0.10354001075029373
8095,-1.372376799583435,0.20223611011170592,-0.059938944876194,-0.12842537462711334
8096,-0.9997736215591431,0.2689859324009304,-0.05926273763179779,-0.12787866592407227
8097,-1.4252744913101196,0.19383604121051026,-0.09814956039190292,-0.09131607413291931
8098,-0.9572732448577881,0.27742446869675297,-0.04329238086938858,-0.12330816686153412
8099,-1.3667927980422974,0.20313851239472022,-0.09888827800750732,-0.0991368368268013
8100,-1.6304579973220825,0.16376762984165172,-0.10122888535261154,-0.08169671893119812
8101,-1.37728750705719,0.20144499132929958,-0.055655159056186676,-0.09595157206058502
8102,-1.605220913887024,0.16725318448840953,-0.08060181885957718,-0.06282950192689896
8103,-1.8683236837387085,0.13373580546952046,-0.10201206803321838,-0.11129114031791687
8104,-1.7024885416030884,0.1541405266514862,-0.04691764712333679,-0.09478051960468292
8105,-1.73300039768219,0.15020419821191075,-0.0763220489025116,-0.06631901860237122
8106,-1.7846711874008179,0.1437272949059837,-0.09613852202892303,-0.1296134740114212
8107,-1.5370280742645264,0.1769677207195233,-0.08605801314115524,-0.14335188269615173
8108,-1.8743475675582886,0.13303947372263886,-0.1004440188407898,-0.13644066452980042
8109,-2.0028085708618164,0.11890835532888154,-0.12589362263679504,-0.11482040584087372
8110,-1.958430528640747,0.12363700076352994,-0.1405377835035324,-0.11222904175519943
8111,-2.0454468727111816,0.11451325854588543,-0.10690399259328842,-0.08852029591798782
8112,-1.971625804901123,0.12221436654731171,-0.11020370572805405,-0.10636966675519943
8113,-1.6464742422103882,0.16158603536187682,-0.05114452540874481,-0.10801000893115997
8114,-1.897850513458252,0.1303519472930217,-0.09486715495586395,-0.06921153515577316
8115,-1.7760885953903198,0.14478678558843258,-0.08134153485298157,-0.1095781996846199
8116,-1.5395087003707886,0.1766067066373898,-0.0672825276851654,-0.05154062435030937
8117,-1.2014074325561523,0.23122493670334643,-0.06382211297750473,-0.1066436693072319
8118,-0.9486704468727112,0.2791522844416147,-0.05837021395564079,-0.10910260677337646
8119,-1.423156976699829,0.1941671462646999,-0.12002823501825333,-0.09035912156105042
8120,-1.6297756433486938,0.16386109815328873,-0.10842455923557281,-0.09193579852581024
8121,-1.1055278778076172,0.248705570131506,-0.0696277916431427,-0.08887064456939697
8122,-0.9716777801513672,0.27454621137782287,-0.0414106547832489,-0.11684031784534454
8123,-0.840509295463562,0.301427531329522,-0.04663906618952751,-0.12085888534784317
8124,-1.060078740119934,0.25729440764564315,-0.06818922609090805,-0.1286790370941162
8125,-1.6143385171890259,0.16598713851030053,-0.11223950982093811,-0.086088165640831
8126,-1.4511585235595703,0.18982333214558753,-0.10162964463233948,-0.09500785917043686
8127,0.4726126492023468,0.616001948708296,-0.13632073998451233,-0.16103559732437134
8128,-0.18454623222351074,0.45399393812259514,-0.12199802696704865,-0.18937426805496216
8129,0.6933761835098267,0.6667175542686272,-0.11514546722173691,-0.19992101192474365
8130,2.7794790267944336,0.9415567831425301,-0.33423760533332825,-0.4039725363254547
8131,3.2404448986053467,0.9623282415391948,-0.5290673971176147,-0.6339618563652039
8132,3.1618785858154297,0.9593742281277226,-0.5856385827064514,-0.6907429695129395
8133,3.157784938812256,0.9592143765516125,-0.5199800729751587,-0.6466496586799622
8134,3.0975241661071777,0.9567905037361678,-0.4976418614387512,-0.6228711009025574
8135,2.9169344902038574,0.9486772484387765,-0.4274350106716156,-0.5306283831596375
8136,0.33025386929512024,0.5818211458695957,-0.05208393558859825,-0.09300170838832855
8137,0.745118260383606,0.6781140634255557,-0.028817398473620415,-0.1156817078590393
8138,2.856527328491211,0.9456551095882826,-0.359150767326355,-0.4888777732849121
8139,2.8762056827545166,0.9466575863605285,-0.3577978312969208,-0.47786203026771545
8140,3.053224802017212,0.9549215464172265,-0.43915340304374695,-0.559198260307312
8141,2.925367832183838,0.9490863068822468,-0.36267101764678955,-0.48438724875450134
8142,0.4430825412273407,0.6089932930012645,0.02665177546441555,-0.10716013610363007
8143,0.37156614661216736,0.591837360393111,0.010511429980397224,-0.12726753950119019
8144,0.34807878732681274,0.5861516124502756,-0.01846439205110073,-0.09110220521688461
8145,-0.1685071885585785,0.45797260201360956,-0.018617888912558556,-0.08117915689945221
8146,-0.27297157049179077,0.4321777247632595,-0.028009403496980667,-0.07949724793434143
8147,-0.3050301969051361,0.42432827262814177,-0.03435848280787468,-0.09354570508003235
8148,-0.5486215353012085,0.36618428242955825,-0.048503048717975616,-0.09312084317207336
8149,0.14471635222434998,0.5361160789929756,-0.033235881477594376,-0.08111200481653214
8150,2.2956326007843018,0.9085146863855493,-0.21640166640281677,-0.32145485281944275
8151,-0.623635470867157,0.34895507254382563,-0.04107237607240677,-0.040976472198963165
8152,-0.5806310176849365,0.35878740943270554,-0.025957312434911728,-0.10141056776046753
8153,0.0019271746277809143,0.5004817935078301,0.010850286111235619,-0.10341974347829819
8154,-0.7701040506362915,0.31645659845137264,-0.035670362412929535,-0.09394081681966782
8155,-0.8156715035438538,0.30668325126051554,-0.0410136878490448,-0.05687176063656807
8156,-0.8725436329841614,0.2947253006756383,-0.06063995510339737,-0.08530037105083466
8157,-0.97282874584198,0.27431703235794574,-0.05488726496696472,-0.05677546188235283
8158,-1.0608553886413574,0.2571460227541884,-0.042688362300395966,-0.13273438811302185
8159,-0.9384234547615051,0.28121890734810506,-0.00592273473739624,-0.09575315564870834
8160,0.44775375723838806,0.6101050370711399,-0.10411006957292557,-0.19892685115337372
8161,-0.8962719440460205,0.2898172161031117,-0.010875241830945015,-0.05584236979484558
8162,-1.1828182935714722,0.23454583798502837,-0.05379413068294525,-0.11837752908468246
8163,-0.8638613820075989,0.2965332241220314,0.012270485982298851,-0.09170247614383698
8164,-0.8097992539405823,0.30793327511627705,0.032821930944919586,-0.10696987807750702
8165,-0.3563283383846283,0.4118486613514875,0.035083770751953125,-0.10855525732040405
8166,-0.6864320039749146,0.3348272611810132,0.016649426892399788,-0.06206405162811279
8167,-0.7367315292358398,0.3237192814009965,0.04380464553833008,-0.0631900504231453
8168,-1.2357474565505981,0.22517706979078914,-0.03088238276541233,-0.08927462995052338
8169,-1.2051869630813599,0.23055377008738806,-0.035650163888931274,-0.06001541391015053
8170,-1.465665340423584,0.18760235510087742,-0.043642181903123856,-0.08773799985647202
8171,-1.3190773725509644,0.21097183559737828,-0.01809259131550789,-0.10300386697053909
8172,-1.5402885675430298,0.17649332946598542,-0.028735704720020294,-0.038952164351940155
8173,-1.2932090759277344,0.21531013673099073,-0.006403876468539238,-0.05427037179470062
8174,-1.5461677312850952,0.1756404561957551,-0.04600483924150467,-0.055552054196596146
8175,-1.5419707298278809,0.17624897125784836,-0.0318276584148407,-0.09235731512308121
8176,-1.3498077392578125,0.20590180585685838,0.011171171441674232,-0.05655663460493088
8177,-1.6393804550170898,0.16254938179935416,-0.03979988396167755,-0.08537290245294571
8178,-1.6213048696517944,0.16502499132687098,-0.02679666504263878,-0.0908789113163948
8179,-1.639114260673523,0.16258562131321888,-0.016913719475269318,-0.04477635771036148
8180,-1.7774571180343628,0.14461741258744842,-0.032554544508457184,-0.1089312732219696
8181,-1.718732476234436,0.152034500772454,-0.011277740821242332,-0.061839424073696136
8182,-1.7779864072799683,0.14455195012030453,-0.04607611522078514,-0.0763380229473114
8183,-1.8473340272903442,0.1361862167086787,-0.0364462174475193,-0.10749021172523499
8184,-1.858044981956482,0.1349310880004296,-0.0485527366399765,-0.09817180782556534
8185,-1.7732905149459839,0.14513359838086817,-0.013082771562039852,-0.048906613141298294
8186,-1.8116813898086548,0.14043503732982776,-0.03504966199398041,-0.10548947751522064
8187,-1.7065049409866333,0.1536175906994147,-0.03545231744647026,-0.046647291630506516
8188,-1.462904691696167,0.18802346215934476,-0.04554129019379616,-0.057434652000665665
8189,-1.5741798877716064,0.17162133184236866,-0.015846267342567444,-0.1030288115143776
8190,-1.6599630117416382,0.1597669622397278,-0.0291285403072834,-0.09043481200933456
8191,-1.5791534185409546,0.17091541201829474,-0.02706781029701233,-0.09530310332775116
8192,-1.3530467748641968,0.2053727077626364,0.004579039290547371,-0.0764819085597992
8193,-0.7930102348327637,0.3115226793675258,-0.009593045338988304,-0.09851966798305511
8194,-0.8697971105575562,0.2952965208282654,-0.008741755038499832,-0.10198652744293213
8195,-1.5107895135879517,0.18082181675361694,-0.04422902688384056,-0.09361684322357178
8196,-1.3735594749450684,0.20204536840549694,0.01898919977247715,-0.10281594097614288
8197,-1.5233449935913086,0.1789694801231064,-0.04101593792438507,-0.10877340286970139
8198,-1.533937931060791,0.1774182498969122,-0.03829239308834076,-0.1163657009601593
8199,-1.6592484712600708,0.15986290653246663,-0.06020604074001312,-0.10089410096406937
8200,-1.3065403699874878,0.21306634125252905,-0.03388688713312149,-0.08628158271312714
8201,-1.5543192625045776,0.1744633076959911,-0.010887600481510162,-0.09962588548660278
8202,-1.7393836975097656,0.14939123331949078,-0.06401488929986954,-0.09078742563724518
8203,-1.6489593982696533,0.16124963947402385,-0.01674134097993374,-0.11211027950048447
8204,-1.5631160736083984,0.17319996535532695,-0.0014482643455266953,-0.09307368099689484
8205,-1.7160553932189941,0.15237995193786574,-0.059274472296237946,-0.07650154829025269
8206,-1.7033921480178833,0.15402275015610578,-0.03655604273080826,-0.09766509383916855
8207,-1.7219992876052856,0.1516138219889916,-0.027102185413241386,-0.06241125613451004
8208,-1.7325655221939087,0.15025971542336278,-0.008552929386496544,-0.08792723715305328
8209,-1.8311229944229126,0.13810454692535937,-0.05304902046918869,-0.07685121893882751
8210,-1.3278506994247437,0.20951510696772507,-0.07608693093061447,-0.11121183633804321
8211,-1.5749189853668213,0.171516281722589,-0.11211546510457993,-0.11040271818637848
8212,-1.683184027671814,0.15667431132384926,-0.13381461799144745,-0.10616810619831085
8213,-1.4501451253890991,0.189979232081837,-0.10635015368461609,-0.0754910260438919
8214,-1.6643165349960327,0.1591834041299938,-0.13389523327350616,-0.0980229601264
8215,-1.506909728050232,0.18139722292957344,-0.08219827711582184,-0.045311324298381805
8216,-1.6230666637420654,0.1647823738925014,-0.09723570197820663,-0.10917900502681732
8217,-1.2129943370819092,0.22917166636858688,-0.109623983502388,-0.054353196173906326
8218,-1.522403359413147,0.17910788511794004,-0.1266632378101349,-0.04871140047907829
8219,-1.1829466819763184,0.23452278867545195,-0.07450301200151443,-0.029461316764354706
8220,-0.8835165500640869,0.29244959369553275,-0.08786129206418991,-0.036275360733270645
8221,-1.3051867485046387,0.21329338986601964,-0.08805099874734879,-0.10343700647354126
8222,-1.4713962078094482,0.18673049001244618,-0.11548354476690292,-0.11508079618215561
8223,-1.4724314212799072,0.1865733311835153,-0.11460022628307343,-0.10955993086099625
8224,-1.5902506113052368,0.16934864060094526,-0.09337662160396576,-0.1250283122062683
8225,-1.3127187490463257,0.21203225465036385,-0.09081634879112244,-0.0761321410536766
8226,-1.5795300006866455,0.17086205568568427,-0.09549520164728165,-0.13912752270698547
8227,-1.6981759071350098,0.15470365228106092,-0.09812188148498535,-0.15523259341716766
8228,-1.3827284574508667,0.20057115498692485,-0.07440413534641266,-0.08890369534492493
8229,-1.5463815927505493,0.17560949315258,-0.08214791119098663,-0.13807412981987
8230,-1.31898033618927,0.2109879889871317,-0.08031047135591507,-0.07432407140731812
8231,-1.4784916639328003,0.18565535265075211,-0.08551153540611267,-0.06930458545684814
8232,-1.5820244550704956,0.17050896087003492,-0.08822628855705261,-0.12537544965744019
8233,-1.416205644607544,0.1952571080485589,-0.09001430124044418,-0.06009015068411827
8234,-1.2575790882110596,0.22139092020074572,-0.06388916820287704,-0.05872971564531326
8235,-1.3149930238723755,0.21165252999647255,-0.09152987599372864,-0.061297688633203506
8236,-1.182472825050354,0.23460786704867861,-0.06939344853162766,-0.12237285077571869
8237,2.4592366218566895,0.921234288642307,-0.3030339777469635,-0.3604108393192291
8238,3.2009782791137695,0.9608710749845402,-0.5111666321754456,-0.6088001132011414
8239,3.213818073272705,0.9613509772583217,-0.5521615147590637,-0.652283787727356
8240,3.105882167816162,0.9571347276831306,-0.5852397084236145,-0.6924698948860168
8241,2.948340892791748,0.9501850158004118,-0.39437949657440186,-0.49955981969833374
8242,3.092073440551758,0.9565645955495469,-0.46815335750579834,-0.5945177674293518
8243,2.3480045795440674,0.9127754901755046,-0.27583616971969604,-0.3860776424407959
8244,3.131171226501465,0.9581603715318363,-0.502687394618988,-0.6347554326057434
8245,3.0226969718933105,0.9535890314660656,-0.43652090430259705,-0.5648266077041626
8246,2.8206207752227783,0.943780013400854,-0.35742703080177307,-0.4856790006160736
8247,1.2665849924087524,0.7801575944872079,-0.09733133763074875,-0.20701617002487183
8248,1.9351173639297485,0.8738147535908963,-0.1873854696750641,-0.3089717626571655
8249,2.9407811164855957,0.9498259652488584,-0.38862180709838867,-0.5116358995437622
8250,0.4677557647228241,0.6148524386382257,-0.05010157823562622,-0.12179587781429291
8251,0.16629692912101746,0.5414786863658293,-0.0024623703211545944,-0.12453138828277588
8252,1.8136749267578125,0.8598054361184523,-0.12095029652118683,-0.26423314213752747
8253,0.13467034697532654,0.5336167956238704,-0.035357292741537094,-0.09717835485935211
8254,0.0670170858502388,0.5167480035869245,-0.05360141396522522,-0.09886142611503601
8255,2.5047125816345215,0.9244715298306391,-0.2791261374950409,-0.338034987449646
8256,2.888011932373047,0.9472506323258739,-0.48543301224708557,-0.5599150657653809
8257,-0.10468202829360962,0.4738533655145357,-0.007185598835349083,-0.10449929535388947
8258,1.838039755821228,0.8627167078177932,-0.17383304238319397,-0.27909767627716064
8259,-0.27092283964157104,0.43268055329057925,-0.010250883176922798,-0.07136868685483932
8260,-0.49059417843818665,0.3797536043937041,-0.029611414298415184,-0.07034306228160858
8261,-0.3367636501789093,0.41659583870302463,-0.010026579722762108,-0.06072000414133072
8262,-0.3321915864944458,0.4177074721490705,-0.007802456617355347,-0.10893616825342178
8263,-0.5034937262535095,0.37671998211601954,-0.03759639710187912,-0.04013867303729057
8264,-0.4690134823322296,0.3848497656727921,-0.038401439785957336,-0.03070908412337303
8265,-0.7220923900604248,0.3269323908917524,-0.06363672018051147,-0.07971253991127014
8266,-0.8157039284706116,0.30667635683582695,-0.059657879173755646,-0.03091704100370407
8267,-0.6866457462310791,0.33477965862115766,-0.01205265149474144,-0.025309331715106964
8268,-0.25714045763015747,0.43606677651890585,-0.005107400938868523,-0.0758974626660347
9392,-1.9700263738632202,0.12238605403864221,-0.09278212487697601,-0.11620479822158813
9393,-1.6070683002471924,0.16699603947822594,-0.05798058956861496,-0.08141307532787323
9394,-2.016817569732666,0.11744846213313405,-0.10455340147018433,-0.10583987087011337
9395,-2.08382248878479,0.11067916158127218,-0.10896214097738266,-0.06817074865102768
9396,-1.7789491415023804,0.14443294233283996,-0.06795157492160797,-0.06917145848274231
9397,-1.7444127798080444,0.14875329644720714,-0.03874703496694565,-0.07191641628742218
9398,-2.0291919708251953,0.11617186151259982,-0.09178216010332108,-0.08179262280464172
9399,-1.8853973150253296,0.13177015592906535,-0.0717700868844986,-0.11323551088571548
9400,-1.9485305547714233,0.12471367464686084,-0.07444319128990173,-0.057466018944978714
9401,-2.043004035949707,0.11476119547974718,-0.0862676203250885,-0.10564859956502914
9402,-2.119791269302368,0.10718804411924389,-0.11095089465379715,-0.08356364071369171
9403,-1.984858512878418,0.12080186976228424,-0.06194862723350525,-0.06885707378387451
9404,-2.0241541862487793,0.11669012191554516,-0.05765403062105179,-0.04956105351448059
9405,-1.9747319221496582,0.12188153927662353,-0.07967538386583328,-0.11860626935958862
9406,-2.043574094772339,0.11470329531465567,-0.09368368983268738,-0.09514274448156357
9407,-2.0918033123016357,0.10989605218709567,-0.10124349594116211,-0.10303384065628052
9408,-1.7931493520736694,0.14268703758632817,-0.0440329983830452,-0.08126018941402435
9409,-1.9247945547103882,0.12732786447946368,-0.10255441814661026,-0.08434271067380905
9410,-1.6097993850708008,0.16661646818279763,-0.04951568692922592,-0.075294129550457
9411,-2.0224602222442627,0.11686483818144339,-0.11350145936012268,-0.10280337929725647
9412,-1.7027417421340942,0.15410751694705588,-0.066986583173275,-0.058247342705726624
9413,-1.4664722681045532,0.18747940410014932,-0.06512473523616791,-0.09534746408462524
9414,-1.8232052326202393,0.13904971477088268,-0.10201507806777954,-0.10766439139842987
9415,3.133457660675049,0.9582519366013188,-0.4933980703353882,-0.5614098906517029
9416,3.246084213256836,0.9625321491697333,-0.5291932225227356,-0.6235777735710144
9417,3.2441563606262207,0.9624625610415352,-0.5599885582923889,-0.6722715497016907
9418,3.174406051635742,0.9598596900159396,-0.5016565918922424,-0.6095414757728577
9419,1.517999291419983,0.8202436771254143,-0.21494129300117493,-0.29459139704704285
9420,2.793534278869629,0.9423254270284573,-0.4014144241809845,-0.46612879633903503
9421,3.191624879837036,0.9605178873455771,-0.5470461249351501,-0.6569668650627136
9422,3.086627721786499,0.9563377692297946,-0.5025725960731506,-0.592108964920044
9423,2.907290458679199,0.9482056558702153,-0.38563406467437744,-0.4688626229763031
9424,3.139652967453003,0.9584990784274117,-0.5402790904045105,-0.618433952331543
9425,1.535474181175232,0.8228058409074037,-0.13648875057697296,-0.20949168503284454
9426,0.7239132523536682,0.6734681591537612,-0.04877462983131409,-0.13420289754867554
9427,-0.08736594021320343,0.47817239700514824,-0.03482251614332199,-0.10962136089801788
9428,0.3239107131958008,0.5802770261439462,-0.015143344178795815,-0.1133899986743927
9429,-0.11998303979635239,0.47004017306086326,0.000714639201760292,-0.11451895534992218
9430,-0.32684582471847534,0.4190082799215165,-0.0003347434103488922,-0.1261538565158844
9431,-0.36045020818710327,0.4108505876050378,-0.03448125347495079,-0.061519552022218704
9432,-0.08153929561376572,0.4796264629004611,-0.027492286637425423,-0.13179311156272888
9433,-0.6359183192253113,0.34616979080399635,-0.06326799094676971,-0.08443719893693924
9434,-0.3341391086578369,0.4172338563998821,-0.006384797394275665,-0.1134442389011383
9435,-0.6768734455108643,0.33695947401501797,-0.08042231947183609,-0.09066597372293472
9436,-0.5071632266044617,0.3758587665178435,-0.0407002754509449,-0.04062288999557495
9437,-0.7903172373771667,0.3121005564598783,-0.02257191576063633,-0.03187118098139763
9438,-0.7515810132026672,0.32047690359659864,-0.011285491287708282,-0.02459937334060669
9439,-0.9520838856697083,0.278465928903847,-0.004141226410865784,-0.08023959398269653
9440,-0.6917598247528076,0.33364170587808667,0.004761727526783943,-0.08090648800134659
9441,-0.5127419233322144,0.3745509749848808,0.020989486947655678,-0.06407736241817474
9442,-0.2107027769088745,0.44751832547347653,0.028955882415175438,-0.045805566012859344
9443,-0.9032201766967773,0.2883891998614356,0.007062191143631935,-0.09303136169910431
9444,-1.04764986038208,0.25967664743285224,-0.027397602796554565,-0.07465413212776184
9445,-1.102328896522522,0.24930378371943474,-0.038522496819496155,-0.06902611255645752
9446,-1.1354483366012573,0.24315703173722839,-0.0047815460711717606,-0.09542727470397949
9447,-1.0483431816101074,0.2595433823210688,0.0007333345711231232,-0.03352481871843338
9448,-0.9332230091094971,0.2822712935543762,0.014565078541636467,-0.08139065653085709
9449,-1.3503669500350952,0.20581038643595767,-0.04604019224643707,-0.10842719674110413
9450,-1.302993655204773,0.21366162081637388,-0.035325001925230026,-0.10779151320457458
9707,-1.3993500471115112,0.19791926940604365,-0.0803665965795517,-0.13551944494247437
9708,-0.6662066578865051,0.3393467532256603,-0.07097940146923065,-0.1414155662059784
9709,2.9339895248413086,0.9495013104922976,-0.42852962017059326,-0.4973848760128021
9710,3.148866653442383,0.9588640415552013,-0.5822756886482239,-0.6331460475921631
9711,2.5633482933044434,0.9284651626467741,-0.37196677923202515,-0.4252278506755829
9712,3.151094436645508,0.9589518239992035,-0.4872813820838928,-0.5555914044380188
9713,1.2397838830947876,0.7755263937533291,-0.16083300113677979,-0.17710724472999573
9714,3.130821704864502,0.9581463572890266,-0.4535124599933624,-0.527738094329834
9715,3.244309425354004,0.9624680906306969,-0.5079332590103149,-0.599530816078186
9716,3.2699785232543945,0.9633844141433241,-0.5539613366127014,-0.650323748588562
9717,3.1117806434631348,0.9573760779265368,-0.451330304145813,-0.5184512734413147
9718,3.226668357849121,0.9618256127220517,-0.5265851616859436,-0.6261696219444275
9719,3.1094508171081543,0.9572809030391475,-0.4667505919933319,-0.5665422677993774
9720,3.063992500305176,0.9553827930667294,-0.44990357756614685,-0.5334453582763672
9721,3.158168077468872,0.9592293631250846,-0.49917885661125183,-0.5924797654151917
9722,3.0108678340911865,0.95306269145112,-0.4297284483909607,-0.5303366184234619
9723,3.0419983863830566,0.9544358141894419,-0.44886913895606995,-0.5476638674736023
9724,0.12741997838020325,0.5318119650439749,-0.06382281333208084,-0.09107504785060883
9725,0.989402174949646,0.7289698245377755,-0.09617563337087631,-0.16023868322372437
9726,0.5932216048240662,0.6441039895504986,-0.07383893430233002,-0.17994242906570435
9727,0.2660370171070099,0.5661197409638282,-0.06277564913034439,-0.17236745357513428
9728,0.3176451623439789,0.5787502532115004,-0.060135334730148315,-0.1661626696586609
9729,-0.3254019021987915,0.41935982996369897,-0.041630808264017105,-0.13593259453773499
9730,0.9634816646575928,0.7238183505889114,-0.14196862280368805,-0.2054665982723236
9731,-0.921323299407959,0.28468833966860585,-0.05005056411027908,-0.14090050756931305
9732,-1.1037406921386719,0.2490396577097442,-0.06742362678050995,-0.1234452873468399
9733,2.2518744468688965,0.9048120984423266,-0.2495291531085968,-0.34714022278785706
9734,2.982954978942871,0.951798122289701,-0.4281544089317322,-0.5478134751319885
9735,2.993825912475586,0.9522944214980655,-0.45471662282943726,-0.5769382119178772
9736,-0.4118415415287018,0.3984706363494709,-0.0908142477273941,-0.12453236430883408
9737,-0.09711652994155884,0.47573993216383786,-0.04585566371679306,-0.15104088187217712
9738,-0.3425421714782715,0.41519208568947014,-0.046330392360687256,-0.08799255639314651
9739,-0.40082696080207825,0.40111366989348607,-0.05618787556886673,-0.10478657484054565
9740,0.07320023328065872,0.5182918913021253,-0.034048520028591156,-0.10020539909601212
9741,-0.13862158358097076,0.46539999235072005,-0.017211714759469032,-0.06694117188453674
9742,-0.46226581931114197,0.3864484463753653,-0.0933302640914917,-0.07927769422531128
9743,-0.6566177606582642,0.341499793453016,-0.09192170947790146,-0.08114998042583466
9744,-0.49479302763938904,0.3787651046178925,-0.04982135444879532,-0.06470847129821777
9745,-0.8503525257110596,0.29935891244207463,-0.09677066653966904,-0.10537202656269073
9746,-0.5603606104850769,0.36346402551682194,-0.040301039814949036,-0.06593044102191925
9747,-0.6390208005905151,0.3454679222876591,-0.03766303136944771,-0.10714052617549896
9748,-0.3830823600292206,0.4053836849440083,-0.035143136978149414,-0.12457114458084106
9749,-0.5528903603553772,0.36519408364701345,-0.04033520072698593,-0.14974181354045868
9750,-0.5567437410354614,0.36430122946343585,-0.021989401429891586,-0.08893851935863495
9751,-0.21769750118255615,0.44578955182951857,0.01501513086259365,-0.08200756460428238
9752,-0.5652256608009338,0.36233920694198046,-0.05174560844898224,-0.07532186061143875
9753,-0.8231950402259827,0.30508586274565563,-0.06991531699895859,-0.12125284969806671
9754,1.919765830039978,0.8721123184137435,-0.2510961592197418,-0.30309733748435974
9755,1.4034709930419922,0.8027341050711592,-0.20622195303440094,-0.24582061171531677
9756,0.9771534204483032,0.726543027734944,-0.16142407059669495,-0.19003194570541382
9757,0.4770207703113556,0.6170441267089969,-0.16097155213356018,-0.12630878388881683
9758,2.079472064971924,0.888891903499237,-0.28910037875175476,-0.25799110531806946
9759,1.6758021116256714,0.842347861006728,-0.19205674529075623,-0.24009862542152405
9760,3.154904365539551,0.9591015331222729,-0.4957396686077118,-0.547450602054596
9761,3.228883743286133,0.9619068720868316,-0.5162191390991211,-0.5825989842414856
9762,1.7371618747711182,0.8503262119136378,-0.20720215141773224,-0.2178838849067688
9763,2.8665831089019775,0.9461695815664917,-0.38149359822273254,-0.4291228950023651
9764,3.2487664222717285,0.9626287604704454,-0.5112276673316956,-0.5794658660888672
9765,3.2713048458099365,0.9634311712749278,-0.5364493131637573,-0.6387240290641785
9766,3.278715133666992,0.9636913525041593,-0.548678457736969,-0.6587242484092712
9767,3.233006477355957,0.9620576501366906,-0.5312601923942566,-0.6434723734855652
9768,3.1949896812438965,0.9606452940926232,-0.5356200337409973,-0.6212590932846069
9769,3.156587600708008,0.9591675083388939,-0.5139296054840088,-0.6137757897377014
9770,2.817431688308716,0.9436105630109273,-0.4116821587085724,-0.4937079846858978
9771,2.8627219200134277,0.9459725816379758,-0.41526538133621216,-0.5176934599876404
9772,1.3600345849990845,0.7957653186269321,-0.1289237141609192,-0.21456915140151978
9773,1.035927176475525,0.7380633879076798,-0.10027087479829788,-0.16806122660636902
9774,3.0869479179382324,0.9563511373357652,-0.525048017501831,-0.6069701313972473
9775,3.0694687366485596,0.9556156446562831,-0.526830792427063,-0.6138181686401367
9776,3.0150575637817383,0.9532497602774468,-0.4845127463340759,-0.5790234804153442
9777,2.7446494102478027,0.9396104563834443,-0.39491018652915955,-0.47747501730918884
9778,1.9830313920974731,0.8790039394830177,-0.20720726251602173,-0.296353280544281
9779,2.9003262519836426,0.947862562365262,-0.45407992601394653,-0.5561581254005432
9780,2.3033385276794434,0.9091531572310101,-0.26454246044158936,-0.3845099210739136
9781,-0.08609065413475037,0.4784906197370979,-0.032406214624643326,-0.08851498365402222
9782,-0.1000356674194336,0.4750119179291633,0.031477704644203186,-0.0979434996843338
9783,-0.4450570046901703,0.3905366481575176,-0.005548544228076935,-0.06239517778158188
9784,-0.42593035101890564,0.3950985437210767,0.03720642626285553,-0.07764657586812973
9785,-0.7201672792434692,0.3273561479660177,0.01309913955628872,-0.09390747547149658
9786,-0.8147872686386108,0.30687129705294297,-0.03239109367132187,-0.059113793075084686
9787,-0.9017453789710999,0.28869195356213545,0.008728744462132454,-0.08875016123056412
9788,-0.7574212551116943,0.3192064012817735,-0.0063091907650232315,-0.05630156025290489
9789,-1.0595186948776245,0.2574014434747897,0.0052189212292432785,-0.03615041449666023
9790,-1.0192630290985107,0.26517097838774845,-0.015834974125027657,-0.09883387386798859
9791,-1.112147331237793,0.2474707764175413,-0.03580470383167267,-0.05565362796187401
9792,-0.7416795492172241,0.3226369818246427,0.008542736992239952,-0.08552946895360947
9793,-0.9997001886367798,0.2690003719450254,-0.023126287385821342,-0.0553334541618824
9794,-0.8693695068359375,0.2953855114481384,0.028548965230584145,-0.081449955701828
9795,-1.0961545705795288,0.25046110522616855,-0.02941400185227394,-0.058060307055711746
9796,-1.0852317810058594,0.25251722807755855,0.01691691391170025,-0.08640743792057037
9797,-0.9940268993377686,0.2701174237856452,-0.031122561544179916,-0.05571071431040764
9798,-0.8710930347442627,0.295026915118174,0.026385193690657616,-0.08345526456832886
9799,-1.1063947677612305,0.24854362607062772,-0.03164736554026604,-0.056355398148298264
9800,-1.0920614004135132,0.2512303020407579,0.02014637179672718,-0.07826251536607742
9801,-1.2354286909103394,0.2252326904555134,-0.0015744958072900772,-0.09463517367839813
9802,-1.1278525590896606,0.24455762121379665,-0.0432167574763298,-0.07181309163570404
9803,-0.9649365544319153,0.27589090389449566,0.00842822901904583,-0.08928405493497849
9804,-0.7672716975212097,0.3170695881667347,0.017175672575831413,-0.06468521058559418
9805,-0.9448226690292358,0.27992721604827764,0.030087558552622795,-0.07790389657020569
9806,-1.0827937126159668,0.252977696648498,-0.031013064086437225,-0.06713800132274628
9807,-1.094030499458313,0.25086006913610487,-0.029006443917751312,-0.05790713429450989
9808,-0.7602806091308594,0.3185853460321627,0.026508687064051628,-0.0668860375881195
9809,-0.8831255435943604,0.2925305084258313,0.02465425617992878,-0.08730031549930573
9810,-1.0495563745498657,0.2593102981797323,-0.02388302981853485,-0.05883053317666054
9811,-1.0933414697647095,0.250989580227927,0.013531884178519249,-0.08889227360486984
9812,-1.1117539405822754,0.24754404444017397,-0.02891986072063446,-0.05801442638039589
9813,-0.9347777366638184,0.2819564214035628,0.030711064115166664,-0.08473193645477295
9814,-1.2636851072311401,0.22034017386449117,-0.009397633373737335,-0.09790627658367157
9815,-1.1415215730667114,0.24204110789280275,0.023785347118973732,-0.053472984582185745
9816,-1.308498740196228,0.21273816764314998,-0.02646786905825138,-0.058355823159217834
9817,-1.1906583309173584,0.2331412144870555,0.022986305877566338,-0.08259356021881104
9818,-1.3626095056533813,0.20381651655584862,-0.026185721158981323,-0.05737760663032532
9819,-1.2806469202041626,0.21744012356739192,0.0012432057410478592,-0.09856228530406952
9820,-1.437735915184021,0.19189619993723436,-0.045769885182380676,-0.07582594454288483
9821,-1.4698486328125,0.18696562212500267,0.008960174396634102,-0.09621316194534302
9822,-1.564746618270874,0.17296659293383607,0.01116497628390789,-0.10609240084886551
9823,-1.595316767692566,0.16863717932345665,-0.0039083585143089294,-0.0674009844660759
9824,-1.7145421504974365,0.15257550565555322,0.016041478142142296,-0.11758320778608322
9825,-1.597432255744934,0.1683407985603836,0.005766039714217186,-0.12599124014377594
9826,-1.7462164163589478,0.14852505426854945,-0.025699671357870102,-0.10350121557712555
9827,-1.7174464464187622,0.15220036995348754,0.02868911437690258,-0.07161863148212433
9828,-1.6312510967254639,0.16365904558991098,0.020241597667336464,-0.06262589246034622
9829,0.7230410575866699,0.6732763268394498,-0.07768449932336807,-0.19136208295822144
9830,-0.982621431350708,0.2723719441628649,-0.07804038375616074,-0.10348083823919296
9831,-0.4606572389602661,0.38682992009640654,-0.062982477247715,-0.04855837672948837
9832,-1.1214373111724854,0.24574477442490789,-0.07174575328826904,-0.09204162657260895
9833,-0.8140290975570679,0.3070325846394605,-0.0861707478761673,-0.05171811208128929
9834,-0.5602895617485046,0.36348046336473083,-0.07956285029649734,-0.03895297273993492
9835,-1.256381630897522,0.22159740313959184,-0.07195864617824554,-0.0904284119606018
9836,-1.3448385000228882,0.20671549502745187,-0.07500606775283813,-0.04223322868347168
9837,-1.1217548847198486,0.2456859155616422,-0.06484165787696838,-0.036697372794151306
9838,-1.5073891878128052,0.1813260377362582,-0.08100921660661697,-0.09488844126462936
9839,-1.3815642595291138,0.2007578903108967,-0.06837178766727448,-0.03738861531019211
9840,-1.6357802152633667,0.16304006753094244,-0.09256237745285034,-0.09995950758457184
9841,-1.4043382406234741,0.19712860054099027,-0.07158380001783371,-0.05485616624355316
9842,-1.5376505851745605,0.17687707014620485,-0.10727346688508987,-0.09665621817111969
9843,-1.1830430030822754,0.23450549737446102,-0.06549971550703049,-0.07295393198728561
9844,-1.3785196542739868,0.2012468549943457,-0.07637720555067062,-0.05584590509533882
9845,-1.1963938474655151,0.2321173520995515,-0.10512722283601761,-0.11364692449569702
9846,-1.2343071699142456,0.22542845945758833,-0.0574764609336853,-0.10581450909376144
9847,-1.5344549417495728,0.17734280941599287,-0.11409337818622589,-0.10571322590112686
9848,-1.4144805669784546,0.19552831505713186,-0.07843627035617828,-0.056192267686128616
9849,-0.9961108565330505,0.26970676016973494,-0.06307090073823929,-0.07149560004472733
9850,-1.422317385673523,0.19429854767001106,-0.10188936442136765,-0.12181399017572403
9851,-1.267481803894043,0.2196886304764763,-0.055185750126838684,-0.10453882813453674
9852,-0.7246298789978027,0.3263742679374164,-0.07155220955610275,-0.09933227300643921
9853,2.8944203853607178,0.9475699264266959,-0.4223242402076721,-0.47486764192581177
9854,3.1563994884490967,0.959160140248388,-0.580457866191864,-0.6288737058639526
9855,2.6744954586029053,0.9355047990577865,-0.3884708881378174,-0.4473324716091156
9856,3.1472368240356445,0.9587997068043211,-0.48559096455574036,-0.5523098707199097
9857,1.3768417835235596,0.7984832978544197,-0.16798214614391327,-0.18534861505031586
9858,3.1272974014282227,0.9580047975486672,-0.4514116048812866,-0.5233100056648254
9859,3.245368003845215,0.9625063112274178,-0.5093883872032166,-0.6001283526420593
9860,3.2705860137939453,0.963405837270776,-0.5550289750099182,-0.6505898833274841
9861,3.1120617389678955,0.957387547150838,-0.4524352550506592,-0.5186367034912109
9862,3.2219839096069336,0.9616532407574295,-0.5310879349708557,-0.6355770230293274
9863,3.0201520919799805,0.9534762726398356,-0.42852652072906494,-0.5243333578109741
9864,2.083069324493408,0.8892466832557497,-0.22730344533920288,-0.2960285246372223
9865,0.44635066390037537,0.6097712220888801,-0.09111380577087402,-0.10621799528598785
9866,0.6910163164138794,0.6661929732507251,-0.042492277920246124,-0.13491123914718628
9867,0.37501630187034607,0.5926705354299406,-0.08094246685504913,-0.09523741900920868
9868,0.5795720815658569,0.6409689363660684,-0.04158030077815056,-0.12171321362257004
9869,0.4534611999988556,0.6114618494236714,-0.07724650204181671,-0.10974128544330597
9870,0.7895588874816895,0.6877366073246993,-0.061708442866802216,-0.14595851302146912
9871,0.4998226463794708,0.6224176515375429,-0.058161504566669464,-0.1348932385444641
9872,-0.17766815423965454,0.4556994327210739,-0.08178005367517471,-0.12337476760149002
9873,0.08590029925107956,0.5214618794159812,-0.04504381865262985,-0.13430365920066833
9874,-0.4018056094646454,0.40087860021756244,-0.08779338747262955,-0.10985854268074036
9875,-0.3971313536167145,0.4020017577082737,-0.026068737730383873,-0.10417857766151428
9876,2.8505167961120605,0.9453453904847403,-0.38016533851623535,-0.426604300737381
9877,3.0509345531463623,0.954822856698852,-0.47759494185447693,-0.5557965040206909
9878,-0.11759074032306671,0.47063614305280926,-0.07516839355230331,-0.10610233247280121
9879,-0.09003467857837677,0.47750652310270986,-0.06340208649635315,-0.10360858589410782
9880,0.7524202466011047,0.6797058299423769,-0.04344174265861511,-0.11900791525840759
9881,2.123399496078491,0.8931567696379582,-0.16150537133216858,-0.2767656445503235
9882,2.7844386100769043,0.9418291002279476,-0.29191747307777405,-0.4193932116031647
9883,2.946000099182129,0.9500741011293555,-0.36113178730010986,-0.49998006224632263
9884,1.1400160789489746,0.7576825911058586,-0.0697299987077713,-0.16264817118644714
9885,1.0473215579986572,0.7402602331989934,-0.046871624886989594,-0.12959204614162445
9886,0.8478310108184814,0.7001119496507157,-0.06419653445482254,-0.11163308471441269
9887,2.912182331085205,0.9484453779073898,-0.33286798000335693,-0.4428413510322571
9888,3.0415215492248535,0.9544150729577543,-0.41885635256767273,-0.5300153493881226
9889,2.9741344451904297,0.9513918333457643,-0.4192092716693878,-0.524659276008606
9890,2.7782158851623535,0.9414872367006908,-0.3528672456741333,-0.4529726505279541
9891,0.4973699748516083,0.6218410667600569,-0.03162901848554611,-0.1446056067943573
9892,1.6556026935577393,0.8396468334743804,-0.13065603375434875,-0.23940366506576538
9893,0.854993462562561,0.701613584991848,-0.03370276466012001,-0.16123934090137482
9894,-0.11520189046859741,0.471231337231211,-0.040862277150154114,-0.10309425741434097
9895,0.23153522610664368,0.5576265963414244,0.026974933221936226,-0.11228881776332855
9896,-0.12020989507436752,0.4699836632489814,-0.008792867884039879,-0.10760010778903961
9897,0.04238127917051315,0.5105937341586454,-0.02305768057703972,-0.05910326912999153
9898,-0.38091155886650085,0.40590705897827256,-0.03406444191932678,-0.08890224993228912
9899,-0.6765085458755493,0.33704100393356545,-0.05687133967876434,-0.09700152277946472
9900,-0.7544362545013428,0.3198554325133982,-0.05509621649980545,-0.11160340905189514
9901,-0.35550281405448914,0.4120486421078223,-0.03091113269329071,-0.06815797090530396
9902,-0.757823646068573,0.3191189625866027,-0.07154176384210587,-0.07435479015111923
9903,-0.7730753421783447,0.3158142237695847,-0.05708342790603638,-0.091225765645504
9904,-0.18315207958221436,0.4543395475896002,-0.044121161103248596,-0.07745899260044098
9905,-0.8483583927154541,0.29977733546052565,-0.06794226169586182,-0.0996829941868782
9906,-0.8983440399169922,0.28939091651977145,-0.08067101240158081,-0.09245278686285019
9907,-0.6529495716094971,0.3423251662661624,-0.05001892149448395,-0.03609510883688927
9908,-0.9040253162384033,0.28822399658045905,-0.04968481510877609,-0.08845563232898712
9909,-0.5401647686958313,0.3681492536983936,-0.015428153797984123,-0.054003097116947174
9910,-0.8812949061393738,0.29290951442281943,-0.06096915900707245,-0.03379715979099274
9911,-1.1061075925827026,0.24859726556332234,-0.09370698779821396,-0.06186613067984581
9912,-0.8711071014404297,0.2950239894502557,-0.05491045489907265,-0.02657061070203781
9913,-0.22182396054267883,0.4447702931671849,-0.014876941218972206,-0.04236210882663727
9914,-0.8397129774093628,0.30159523771573776,-0.035781633108854294,-0.06964544206857681
9915,-0.6231688261032104,0.34906109490611925,-0.01584152691066265,-0.012805737555027008
9916,-0.5972873568534851,0.3549645487036143,0.0005680490285158157,-0.057418882846832275
9917,-0.6726497411727905,0.337903773564559,0.0169487576931715,-0.06768593192100525
9918,-1.0870059728622437,0.25218249238795815,-0.04886015132069588,-0.05765831470489502
9919,-0.9882341623306274,0.2712610047151694,-0.0002831649035215378,-0.04164276272058487
9920,-1.1758198738098145,0.23580462628184373,-0.03704703971743584,-0.1037188246846199
9921,-1.0583986043930054,0.25761560239528697,-0.02156677469611168,-0.1154467985033989
9922,-1.1044467687606812,0.24890763143209776,-0.02661646343767643,-0.07836604863405228
9923,-0.9958131909370422,0.26976539389983517,0.007758861407637596,-0.0777197927236557
9924,-1.0222887992858887,0.26458181001394404,0.003920881077647209,-0.07291832566261292
9925,-1.1022460460662842,0.24931928962095531,0.007738949730992317,-0.05549979954957962
9926,-1.22713041305542,0.22668406516296252,-0.010596303269267082,-0.056897446513175964
9927,-1.1805771589279175,0.2349484373943839,-0.012647842988371849,-0.1112653911113739
9928,-1.2260326147079468,0.22687656519602836,-0.006975248456001282,-0.045671246945858
9929,-1.3034740686416626,0.21358091749821903,-0.015611632727086544,-0.09891816973686218
9930,-1.4143645763397217,0.1955465606801681,-0.023339640349149704,-0.11374372243881226
9931,-1.3501497507095337,0.20584589047096874,-0.0042243842035532,-0.06730377674102783
9932,-1.4772647619247437,0.18584091637087005,-0.033915676176548004,-0.13054415583610535
9933,-1.4581104516983032,0.18875649683622656,-0.01564810425043106,-0.08011187613010406
9934,-1.507651925086975,0.1812870384664127,-0.05872311443090439,-0.08441487699747086
9935,-1.4162815809249878,0.19524517631672506,-0.005511553958058357,-0.10605715215206146
9936,-1.285109281539917,0.21668176599585123,-0.005183577537536621,-0.11785608530044556
9937,-1.435766339302063,0.19220181146031434,-0.030551251024007797,-0.12876319885253906
9938,-1.4131296873092651,0.19574089176854614,-0.03663044050335884,-0.14151224493980408
9939,-1.4243775606155396,0.19397623734656824,-0.014392105862498283,-0.07106607407331467
9940,-1.5642248392105103,0.17304124572225188,-0.022494586184620857,-0.12404078245162964
9941,-1.3874895572662354,0.19980883718245995,8.545257151126862e-05,-0.07912187278270721
9942,-1.7165368795394897,0.1523177734274982,-0.06127148121595383,-0.09313368052244186
9943,-1.6500481367111206,0.1611024438687311,-0.004899417981505394,-0.10182985663414001
9944,-1.711043357849121,0.1530284364274162,-0.01301225833594799,-0.0538334958255291
9945,-1.7304720878601074,0.15052720449440515,-0.04507080838084221,-0.10442587733268738
9946,-1.848764419555664,0.1360180335838875,-0.05614304542541504,-0.11004478484392166
9947,-1.7676228284835815,0.14583820258063598,-0.008941058069467545,-0.05722106993198395
9948,-1.8147209882736206,0.1400685190281568,-0.04287295415997505,-0.10663330554962158
9949,-1.7943778038024902,0.14253683017390315,-0.05173763632774353,-0.06629593670368195
9950,-1.1753121614456177,0.23589612873006852,-0.020648378878831863,-0.07592210173606873
9951,-1.526376485824585,0.17852446788454773,-0.047821901738643646,-0.10269185900688171
9952,-1.1857908964157104,0.2340125756293506,-0.018554894253611565,-0.057278528809547424
9953,-1.0556538105010986,0.2581408928320029,0.01537991501390934,-0.04489947855472565
9954,-1.3170133829116821,0.21131561788883332,-0.045618411153554916,-0.0740327388048172
9955,-1.063835859298706,0.25657709966859393,0.014560690149664879,-0.05272307246923447
9956,-1.1252179145812988,0.24504469717591285,-0.01219928078353405,-0.08731979876756668
9957,-1.2920736074447632,0.2155020380534713,-0.03570530191063881,-0.08134240657091141
9958,-1.2946255207061768,0.21507092250609025,-0.04917053133249283,-0.06683184206485748
9959,-1.1359552145004272,0.24306376228555843,-0.0036206822842359543,-0.054790984839200974
9960,-1.3990057706832886,0.19797392802005337,-0.05716487020254135,-0.09982787072658539
9961,-1.3848577737808228,0.2002299530389904,-0.03965110704302788,-0.059322524815797806
9962,-1.5588411092758179,0.17381300319098109,-0.08128245174884796,-0.09400873631238937
9963,-1.6353861093521118,0.1630938535788997,-0.0848347470164299,-0.0804600864648819
9964,-1.6451736688613892,0.16176230938102026,-0.07222849130630493,-0.09912492334842682
9965,-1.3501551151275635,0.20584501353291354,-0.03226463869214058,-0.07518292963504791
9966,-1.4833338260650635,0.18492439256912913,-0.05891351401805878,-0.06540347635746002
9967,-1.4108353853225708,0.1961023276056651,-0.032371535897254944,-0.10267292708158493
9968,-1.66123366355896,0.15959646179249112,-0.07658863067626953,-0.08815260976552963
9969,-1.5000537633895874,0.18241750532445664,-0.03403434902429581,-0.1133941188454628
9970,-1.4213770627975464,0.19444579435627365,-0.03526869788765907,-0.06332195550203323
9971,-1.5079108476638794,0.18124861181849397,-0.048964984714984894,-0.10085076838731766
9972,-1.4918591976165771,0.18364283600666625,-0.03478118032217026,-0.0566033199429512
9973,-1.5773138999938965,0.17117623574725563,-0.05142643302679062,-0.11575889587402344
9974,-1.60765540599823,0.16691438412538015,-0.04954224079847336,-0.05700599402189255
9975,-1.6346760988235474,0.16319078911600401,-0.07694177329540253,-0.07351408153772354
9976,-1.6694512367248535,0.1584973569495304,-0.05957982689142227,-0.04315366968512535
9977,-1.7141304016113281,0.15262875084647673,-0.05513975769281387,-0.05424785986542702
9978,-1.6326180696487427,0.16347202751008183,-0.01963728666305542,-0.08907780051231384
9979,-1.5688223838806152,0.1723843350293595,-0.03284396976232529,-0.053885869681835175
9980,-1.5723158121109009,0.17188650496791585,-0.011932844296097755,-0.031207144260406494
9981,-1.6385443210601807,0.16266323439094987,-0.039290815591812134,-0.0776648223400116
9982,-1.4927093982696533,0.1835154097831911,0.004344599321484566,-0.04661872237920761
9983,-1.159054160118103,0.23883919167234052,-0.0685693621635437,-0.12187487632036209
9984,2.882390022277832,0.9469690157085063,-0.4271479845046997,-0.4884248971939087
9985,3.135185718536377,0.958321013119138,-0.5839299559593201,-0.6324163675308228
9986,2.5926871299743652,0.9303894502821244,-0.38714659214019775,-0.4433487355709076
9987,3.0969409942626953,0.9567663875681284,-0.4733739495277405,-0.5377439856529236
9988,0.5689902305603027,0.6385301434880745,-0.1622115969657898,-0.1673501431941986
9989,2.754086494445801,0.9401437252188176,-0.3567783236503601,-0.4029918611049652
9990,2.2641167640686035,0.9058612818284267,-0.2826589345932007,-0.28973105549812317
9991,2.9003548622131348,0.9478639762396596,-0.36966025829315186,-0.42247527837753296
9992,3.2926671504974365,0.9641763923724816,-0.5275475382804871,-0.6143268346786499
9993,3.2451529502868652,0.9624985496215452,-0.5108523368835449,-0.5888975858688354
9994,3.232656240463257,0.9620448634655467,-0.5206910967826843,-0.6214666962623596
9995,2.907437324523926,0.9482128682252857,-0.3815734386444092,-0.47810667753219604
9996,3.175184726715088,0.9598896808983848,-0.49020320177078247,-0.5892552137374878
9997,3.182495594024658,0.9601702156587774,-0.49407142400741577,-0.6125232577323914
9998,3.072777271270752,0.9557557627706829,-0.4492928385734558,-0.5715819001197815
9999,2.224764585494995,0.9024514407156384,-0.23184606432914734,-0.32684627175331116
10000,3.1261212825775146,0.9579574549026207,-0.4972214102745056,-0.6035941243171692
10001,3.130927562713623,0.9581506021856516,-0.49262145161628723,-0.6197112202644348
10002,2.990931272506714,0.9521627464087851,-0.4400012493133545,-0.5700819492340088
10003,2.942661762237549,0.9499155146511584,-0.4287490248680115,-0.5593369603157043
10004,0.29890158772468567,0.5741739788703301,-0.019455282017588615,-0.09930935502052307
10005,-0.2540554702281952,0.4368255626718687,-0.00705510750412941,-0.1145445853471756
10006,-0.30775585770606995,0.42366260284507035,-0.0003350749611854553,-0.07150816917419434
10007,-0.5806314945220947,0.35878729973203116,0.004947302863001823,-0.104096420109272
10008,-0.7850102186203003,0.313241075111023,-0.01942281983792782,-0.08803114295005798
10009,-0.9062026739120483,0.28777751569514864,-0.023239178583025932,-0.10663628578186035
10010,-0.7824581861495972,0.3137903326396848,-0.05670815706253052,-0.046418413519859314
10011,-1.1535327434539795,0.2398444047335602,-0.0395113080739975,-0.11254271864891052
10012,-0.750672459602356,0.3206747929020711,-0.026086391881108284,-0.05547739937901497
10013,-0.9585276246070862,0.2771730857831686,-0.07060179859399796,-0.05423412844538689
10014,-0.6535961627960205,0.3421796084462506,-0.03932628035545349,-0.030376538634300232
10015,-0.9898459315299988,0.2709425101323323,-0.050934553146362305,-0.04968196898698807
10016,-0.7261157035827637,0.3260476876132753,-0.015683148056268692,-0.019863583147525787
10017,-0.8578102588653564,0.2977970482682824,-0.01188281737267971,-0.07270154356956482
10018,-1.0719249248504639,0.2550371890801261,-0.01039726659655571,-0.06610576808452606
10019,-1.1013333797454834,0.249490142579708,-0.021083589643239975,-0.018743842840194702
10020,1.9987651109695435,0.8806673615693628,-0.22997309267520905,-0.2724775969982147
10021,2.697828769683838,0.9368984029731543,-0.3849637508392334,-0.46976882219314575
10022,1.274453043937683,0.7815040825532791,-0.06020714342594147,-0.1995725929737091
10023,-0.2858865559101105,0.4290112031916305,0.027038784697651863,-0.0569026842713356
10024,-0.6026798486709595,0.35373082622305513,0.011901834979653358,-0.08531111478805542
10025,-0.5832886695861816,0.3581762224171263,0.011031853035092354,-0.0511511005461216
10026,-0.6746084690093994,0.33746569677534943,0.028383763507008553,-0.08740467578172684
10027,-0.3231393098831177,0.4199108650780294,0.04796462506055832,-0.09180238097906113
10028,-0.8235213756561279,0.30501668126850173,-0.020501140505075455,-0.06244635581970215
10029,-0.9480993747711182,0.27926721365170565,0.014780828729271889,-0.08447223901748657
10030,-1.1328951120376587,0.2436272140474182,-0.0421307310461998,-0.0710303783416748
10031,-1.0049285888671875,0.26797350619873384,0.01369505561888218,-0.08959732949733734
10032,-0.6791958808898926,0.3364407972730924,0.017766548320651054,-0.09052497148513794
10033,-0.887810468673706,0.2915618764116515,-0.03400448337197304,-0.07947064936161041
10034,-0.8823378086090088,0.2926935618700351,-0.032346732914447784,-0.05586966499686241
10035,-0.8690670132637024,0.29544847421248205,0.024057576432824135,-0.0777694508433342
10036,-0.9582300186157227,0.2772327145516377,0.0045838672667741776,-0.08934473991394043
10037,-0.7761857509613037,0.3151425256787851,0.029073765501379967,-0.07829111069440842
10038,-0.7570160031318665,0.31929447453032833,-0.009886709973216057,-0.04625125229358673
10039,-1.038077712059021,0.26152107093219895,-0.046868354082107544,-0.0663103312253952
10040,-1.0207762718200684,0.26487621977664305,-0.03685245290398598,-0.05765164643526077
10041,-0.9320738911628723,0.2825041564331454,-0.007274564355611801,-0.05026613548398018
10042,-1.0383224487304688,0.2614738082358687,-0.035426992923021317,-0.055159956216812134
10043,-0.8833276629447937,0.2924886802848076,0.019677987322211266,-0.07101306319236755
10044,-1.0923075675964355,0.2511839974724518,-0.023910827934741974,-0.035823773592710495
10045,-1.3022842407226562,0.21378083399055164,-0.03480825945734978,-0.07534011453390121
10046,-1.2655445337295532,0.22002090838892124,0.007265361025929451,-0.08437413722276688
10047,-1.2483775615692139,0.2229811170352885,-0.03816138952970505,-0.059053029865026474
10048,-1.1844691038131714,0.23424959116095612,0.0016329344362020493,-0.04000132903456688
10049,-1.2436143159866333,0.22380748837180797,-0.012934168800711632,-0.09721048921346664
10050,-1.2156552076339722,0.22870195699545862,-0.014340605586767197,-0.04987824708223343
10051,-1.203244686126709,0.23089850785728464,0.028008615598082542,-0.06968564540147781
10052,-1.2128307819366455,0.22920055999413838,0.02616904117166996,-0.039179399609565735
10053,-1.3967057466506958,0.1983393801216867,0.005718914791941643,-0.037333421409130096
10054,-1.4571964740753174,0.18889649174254872,0.044088155031204224,-0.08814453333616257
10055,-0.46877622604370117,0.38490593536132356,0.008115904405713081,-0.09004107117652893
10056,0.6932728290557861,0.666694587969883,-0.04163721948862076,-0.15230825543403625
10057,-1.2246211767196655,0.2271242319189443,0.02544846571981907,-0.04747666046023369
10058,0.3085919916629791,0.5765415451163289,-0.012059944681823254,-0.13639028370380402
10059,1.3995808362960815,0.8021173651840143,-0.09432196617126465,-0.2446422576904297
10060,-0.6973949670791626,0.332390050002902,0.03578697144985199,-0.04704439640045166
10061,-0.3613177239894867,0.4106406195901989,0.04727926850318909,-0.07189188152551651
10062,-0.9393558502197266,0.28103047619921806,0.0004379730671644211,-0.07031615078449249
10063,-1.0887196063995361,0.2518594615261909,-0.01618872955441475,-0.055633872747421265
10064,-0.8958010673522949,0.28991414304085844,0.04463864862918854,-0.05963420867919922
10065,-1.1846047639846802,0.23422525776162773,-0.0218026265501976,-0.07359299063682556
10066,-1.0299196243286133,0.26309968696370156,0.017421400174498558,-0.07349799573421478
10067,-1.0877567529678345,0.25204093175331704,0.01803744025528431,-0.07457606494426727
10068,-1.524534821510315,0.17879471429237942,-0.041329577565193176,-0.08755213022232056
10069,-0.9973969459533691,0.2694535205754222,0.026682937517762184,-0.07751122117042542
10070,-1.4457871913909912,0.1906507682251738,0.004682688042521477,-0.09997549653053284
10071,-1.5595122575759888,0.1737166460219587,-0.028630327433347702,-0.09136150777339935
10072,-1.255731225013733,0.22170961326189292,0.04308851808309555,-0.08378271758556366
10073,-0.8989735841751099,0.2892614718045356,-0.0679297149181366,-0.10293310880661011
10074,2.918990135192871,0.9487772429136776,-0.4242702126502991,-0.4845351576805115
10075,3.14931321144104,0.9588816518869185,-0.5811814069747925,-0.6259906888008118
10076,2.490370273590088,0.9234639770450945,-0.3528796434402466,-0.40536996722221375
10077,3.1812353134155273,0.9601219903162402,-0.4966525137424469,-0.567916214466095
10078,2.332853317260742,0.9115616329706864,-0.2836630940437317,-0.32744359970092773
10079,3.2666726112365723,0.9632676196659358,-0.5180874466896057,-0.6095330119132996
10080,3.250648260116577,0.9626963999842052,-0.5292516946792603,-0.624832808971405
10081,3.2426819801330566,0.9624092577283686,-0.5187349915504456,-0.6176860332489014
10082,2.940006732940674,0.9497890479033835,-0.40000274777412415,-0.46012428402900696
10083,3.2235100269317627,0.961709478662698,-0.5242561101913452,-0.6310146450996399
10084,3.2023391723632812,0.9609222095685378,-0.5125803351402283,-0.61176997423172
10085,3.1802163124084473,0.9600829567582448,-0.5195422172546387,-0.6280551552772522
10086,1.1544393301010132,0.7603208443115046,-0.08889563381671906,-0.18096646666526794
10087,1.11028254032135,0.7521817819367006,-0.06720135360956192,-0.16942749917507172
10088,1.4639557600021362,0.8121369524953188,-0.08386164158582687,-0.19473758339881897
10089,0.9698340892791748,0.7250864270288033,-0.05092605948448181,-0.16123360395431519
10090,1.2427856922149658,0.7760485320724189,-0.06704692542552948,-0.1757635772228241
10091,3.15620756149292,0.9591526214296873,-0.5319557785987854,-0.650877058506012
10092,3.191345691680908,0.9605072982548514,-0.522031843662262,-0.6386663317680359
10093,3.117445230484009,0.9576066354720374,-0.5062574744224548,-0.6233659982681274
10094,2.965273141860962,0.9509803956900196,-0.40875065326690674,-0.5495251417160034
10095,-0.10483755171298981,0.473814591140482,-0.032376136630773544,-0.13469626009464264
10096,-0.28470200300216675,0.4293013963401139,0.0003186482936143875,-0.12758782505989075
10097,-0.2576250731945038,0.4359476071676919,-0.008800243958830833,-0.08573129773139954
10098,0.8831824064254761,0.7074812595627289,-0.060996025800704956,-0.15660721063613892
10099,1.332866907119751,0.791314459433751,-0.11682729423046112,-0.19641298055648804
10100,-0.07121676951646805,0.48220332879013655,-0.02772470936179161,-0.062496304512023926
10101,-0.7153633832931519,0.32841481349518514,-0.06022264063358307,-0.07240752130746841
10102,-0.7122297286987305,0.3291063389861039,-0.037734635174274445,-0.07974711805582047
10103,-0.6618496179580688,0.3403242430048877,-0.037269093096256256,-0.07964790612459183
10104,-0.269172728061676,0.43311020035091696,-0.029888857156038284,-0.05248475447297096
10105,-0.43175676465034485,0.3937069105092555,-0.0041974931955337524,-0.06868390738964081
10106,-0.23076131939888,0.44256431883191033,-0.040485162287950516,-0.05912735313177109
10107,2.368945598602295,0.9144283906401048,-0.2725873291492462,-0.37274453043937683
10108,2.741716146469116,0.9394438004511164,-0.38329750299453735,-0.4946412742137909
10109,0.5746013522148132,0.639824233802791,-0.005128858610987663,-0.10322336852550507
10110,0.10702178627252579,0.5267299384620768,0.03875626623630524,-0.0655767023563385
10111,-0.0808865949511528,0.4797893693029782,0.051265649497509,-0.05419003963470459
10112,-0.3862539529800415,0.40461940957781695,0.021913519129157066,-0.08263608068227768
10113,-0.5345230102539062,0.36946258695191203,-0.0029317010194063187,-0.07370046526193619
10114,2.644040107727051,0.9336427042253784,-0.29993027448654175,-0.43700075149536133
10115,-0.4816645681858063,0.38185913880896566,-0.05950526148080826,-0.11304181069135666
10116,-0.897026777267456,0.28966187856814074,-0.09515786916017532,-0.06940652430057526
10117,-0.4007728099822998,0.4011266781539525,-0.04792368412017822,-0.09517817199230194
10118,-1.091509461402893,0.25133414355105127,-0.08506429195404053,-0.08946029841899872
10119,-0.9801543951034546,0.27286114936979977,-0.0956554040312767,-0.062118686735630035
10120,-0.552726686000824,0.36523202867847876,-0.07182124257087708,-0.051959823817014694
10121,-1.2557882070541382,0.22169978091256382,-0.06872911751270294,-0.09998783469200134
10122,-1.3075588941574097,0.2128956161555816,-0.05500919744372368,-0.08969327062368393
10123,-1.2647782564163208,0.22015243875995016,-0.07678502053022385,-0.05500626564025879
10124,-1.6273471117019653,0.1641941045026218,-0.10235228389501572,-0.05378483235836029
10125,-1.682803988456726,0.15672453149639212,-0.08708614110946655,-0.10264580696821213
10126,-1.6043497323989868,0.1673745574361884,-0.08101559430360794,-0.04628001153469086
10127,-1.630914330482483,0.16370514561063315,-0.07078227400779724,-0.12028822302818298
10128,-1.648353934288025,0.1613315441798597,-0.09062588959932327,-0.12341465055942535
10129,-1.4811686277389526,0.1852509698639991,-0.06857287138700485,-0.11506222188472748
10130,-1.5756670236587524,0.1714100127603334,-0.08034583181142807,-0.06681497395038605
10131,-1.2543338537216187,0.2219508296753116,-0.08779297769069672,-0.1592855155467987
10132,-1.649409532546997,0.16118876890905934,-0.11017612367868423,-0.11997538805007935
10133,-1.426985263824463,0.19356884970063953,-0.06526121497154236,-0.12074263393878937
10134,-1.400685429573059,0.19770736664798388,-0.0789492279291153,-0.07267098128795624
10135,-1.454461932182312,0.18931581997637237,-0.09991402924060822,-0.10138413310050964
10136,-1.5046513080596924,0.18173282217564588,-0.11324451118707657,-0.09858256578445435
10137,-1.3831813335418701,0.20049854960947042,-0.05570928752422333,-0.10003094375133514
10138,-1.2038439512252808,0.23079210489420768,-0.0732162743806839,-0.13023369014263153
10139,2.9029650688171387,0.9479928163714997,-0.4282386898994446,-0.4836724102497101
10140,3.141925573348999,0.9585893853595466,-0.5839803814888,-0.6273503303527832
10141,2.671590805053711,0.93532932327842,-0.39838707447052,-0.4500916302204132
10142,3.1461663246154785,0.9587573982731673,-0.4892263412475586,-0.5574546456336975
10143,1.786320447921753,0.8564755599490965,-0.21160072088241577,-0.27945831418037415
10144,3.197226047515869,0.9607297549170614,-0.4907612204551697,-0.5746961832046509
10145,3.2409310340881348,0.9623458612525254,-0.5133423805236816,-0.6091873645782471
10146,3.261277437210083,0.963076243753479,-0.5414002537727356,-0.6405388712882996
10147,3.2172720432281494,0.9614791061647409,-0.5058767199516296,-0.5959627628326416
10148,3.2235910892486572,0.9617124636186997,-0.5386841297149658,-0.6471074819564819
10149,3.1540913581848145,0.9590696303667406,-0.49942129850387573,-0.6022900938987732
10150,3.180729389190674,0.9601026151040811,-0.5324511528015137,-0.6390592455863953
10151,1.2750827074050903,0.7816115819648256,-0.10867152363061905,-0.18799841403961182
10152,2.4835970401763916,0.9229838815074939,-0.2566908597946167,-0.37116217613220215
10153,3.0052359104156494,0.9528101080365944,-0.41513198614120483,-0.5312029123306274
10154,0.7614867687225342,0.6816764402992007,-0.051750585436820984,-0.16964659094810486
10155,0.8148984909057617,0.6931523595601514,-0.07974742352962494,-0.16588932275772095
10156,0.9056979417800903,0.7121190225106888,-0.08179646730422974,-0.15555383265018463
10157,0.43860045075416565,0.6079254956963069,-0.07090435177087784,-0.127933070063591
10158,-0.0006479024887084961,0.4998380243834891,-0.06528618931770325,-0.10208995640277863
10159,-0.4211886525154114,0.3962323510444474,-0.07570869475603104,-0.08231634646654129
10160,-0.7821541428565979,0.31385580475981717,-0.056389547884464264,-0.04380207881331444
10161,-0.5560613870620728,0.36445926761139436,-0.041575223207473755,-0.10012391209602356
10162,-1.071113109588623,0.25519145914717106,-0.05895768851041794,-0.052646201103925705
10163,0.1784270703792572,0.5444888005728319,-0.07690147310495377,-0.1380005180835724
10164,2.6934845447540283,0.9366410853469325,-0.33210211992263794,-0.4147547781467438
10165,2.9938902854919434,0.9522973458633641,-0.4833177328109741,-0.5863001346588135
10166,2.6482584476470947,0.9339035697025702,-0.31913214921951294,-0.4329071342945099
10883,-1.339078664779663,0.2076616126298201,-0.0816044807434082,-0.04705071821808815
10884,-1.1406325101852417,0.24220425029314188,-0.04193156957626343,-0.043423764407634735
10885,-1.2633689641952515,0.22039448899896597,-0.07957462221384048,-0.0534430630505085
10886,-1.1857069730758667,0.23402761928173502,-0.04131726920604706,-0.044631972908973694
10887,-1.6371090412139893,0.1628588197765407,-0.05545644462108612,-0.0878625139594078
10888,-1.5768800973892212,0.1712377902417738,-0.06250634044408798,-0.08734483271837234
10889,-1.141082763671875,0.24212161975232444,-0.04271470755338669,-0.03973809629678726
10890,-1.0902265310287476,0.25157562352336454,-0.0313967764377594,-0.06760068237781525
10891,-1.3395284414291382,0.2075876168899809,-0.07127486914396286,-0.10356748104095459
10892,-1.2557858228683472,0.22170019230168234,-0.04922275245189667,-0.04434189945459366
10893,-1.3784836530685425,0.20125264212646005,-0.0801013708114624,-0.10478805750608444
10894,-1.1717778444290161,0.23653378088896143,-0.07006441801786423,-0.11014124751091003
10895,-0.6622164845466614,0.3402418849411559,-0.06413699686527252,-0.06315472722053528
10896,-0.5979781150817871,0.3548064052905528,-0.06361448764801025,-0.08317958563566208
10897,-0.8861808180809021,0.2918986008291004,-0.03926132619380951,-0.09335170686244965
10898,-0.16705286502838135,0.4583336361246234,-0.06824436038732529,-0.09515374898910522
10899,-0.7988433241844177,0.31027299739813535,-0.061715446412563324,-0.04869968071579933
10900,-0.057500384747982025,0.4856288631954056,-0.04401140660047531,-0.09473691880702972
10901,-0.4696299433708191,0.3847038347890416,-0.09141486138105392,-0.07581378519535065
10902,-0.9689077138900757,0.27509827152785954,-0.08858820796012878,-0.08920519798994064
10903,-1.204663634300232,0.23064662103880418,-0.07832586765289307,-0.09918586164712906
10904,-1.0408854484558105,0.26097918217491184,-0.073440782725811,-0.11555341631174088
10905,-1.284534215927124,0.21677938823243936,-0.09833329170942307,-0.11073587834835052
10906,-1.0412744283676147,0.2609041669648119,-0.07789728045463562,-0.058396242558956146
10907,-1.408461093902588,0.1964768957274427,-0.11393499374389648,-0.09426195919513702
10908,-1.5782982110977173,0.17103663187241572,-0.10553866624832153,-0.1024107113480568
10909,-1.4657152891159058,0.18759474265377524,-0.10000638663768768,-0.11811777949333191
10910,-0.9209078550338745,0.28477294869730563,-0.07017191499471664,-0.08684112131595612
10911,-1.5360040664672852,0.17711691694447246,-0.10935226082801819,-0.07402200996875763
10912,-1.3427990674972534,0.20705012977729517,-0.05923261493444443,-0.06332410871982574
10913,-1.2557579278945923,0.22170500559492906,-0.049138568341732025,-0.08094221353530884
10914,-1.5245825052261353,0.17878771313482875,-0.08018136024475098,-0.11462867259979248
10915,-1.346457600593567,0.20645011419298748,-0.06580934673547745,-0.06253637373447418
10916,-1.54883873462677,0.17525405424949944,-0.08941055089235306,-0.112880177795887
10917,-1.2419486045837402,0.22409698503782252,-0.055461712181568146,-0.08434240520000458
10918,-1.412114143371582,0.195900814590246,-0.1078696995973587,-0.1020045131444931
10919,-1.0625686645507812,0.2568188856502634,-0.06532977521419525,-0.1041441410779953
10920,-1.344091773033142,0.20683797327231157,-0.07620856165885925,-0.06385479122400284
10921,-1.164393663406372,0.23786985051935058,-0.10460565984249115,-0.12164882570505142
10922,-1.2153488397598267,0.22875600397508108,-0.05823221057653427,-0.11387400329113007
10923,-1.0140032768249512,0.2661971342389004,-0.06390706449747086,-0.11123132705688477
10924,-1.445307970046997,0.19072472450388214,-0.10413535684347153,-0.10402277857065201
10925,-0.8321644067764282,0.3031876123392298,-0.06196372210979462,-0.10644024610519409
10926,-1.317513108253479,0.21123234501489088,-0.10982893407344818,-0.11768924444913864
10927,-1.157189130783081,0.23917840986589367,-0.05824050307273865,-0.1194293200969696
10928,-0.5879905223846436,0.3570960544921844,-0.07574784010648727,-0.10880032926797867
10929,3.134885787963867,0.9583090316905892,-0.50071781873703,-0.5732942223548889
10930,3.1399481296539307,0.9585108179762685,-0.5727590918540955,-0.6221379041671753
10931,2.665647029876709,0.934968862313731,-0.3903418481349945,-0.44842401146888733
10932,3.157582998275757,0.9592064754696944,-0.49117809534072876,-0.5589361190795898
10933,2.6506550312042236,0.9340513515277066,-0.34556663036346436,-0.3846236765384674
10934,2.933133363723755,0.949460242987286,-0.392707884311676,-0.4506395757198334
10935,3.290161609649658,0.9640897495767923,-0.5463069081306458,-0.6565041542053223
10936,3.242685317993164,0.9624093784842118,-0.5147137641906738,-0.6047754883766174
10937,3.1748805046081543,0.9598779662577034,-0.4739146828651428,-0.5528711676597595
10938,3.2073652744293213,0.9611105066900325,-0.5122452974319458,-0.6089955568313599
10939,3.0468413829803467,0.9546459639502438,-0.44414371252059937,-0.5394174456596375
10940,3.1456809043884277,0.958738199681715,-0.48005589842796326,-0.5768514275550842
10941,3.152571678161621,0.9590099335789367,-0.5004023313522339,-0.5970808863639832
10942,3.041476249694824,0.9544131020731828,-0.4456028938293457,-0.5424305200576782
10943,2.3775954246520996,0.9151028100031318,-0.25562411546707153,-0.3527265787124634
10944,2.9887030124664307,0.9520611494041346,-0.4177422821521759,-0.5242566466331482
10945,0.8457084894180298,0.6996661260368399,-0.08059743791818619,-0.19376897811889648
10946,1.0299043655395508,0.7368973546784109,-0.10650394856929779,-0.1817331463098526
10947,0.28661608695983887,0.5711674939028797,-0.07758241146802902,-0.16012538969516754
10948,0.012700550258159637,0.5031750948850353,-0.057973138988018036,-0.16108596324920654
10949,2.847993850708008,0.9452148896863882,-0.38099944591522217,-0.4628365635871887
10950,2.9668569564819336,0.9510541751598299,-0.48664534091949463,-0.571654200553894
10951,2.867981433868408,0.9462407576211498,-0.4349929690361023,-0.5165781378746033
10952,2.5710456371307373,0.9289747187298357,-0.361562579870224,-0.4296415150165558
10953,-0.40941861271858215,0.39905153510492425,-0.06298380345106125,-0.11120301485061646
10954,0.06967038661241531,0.5174105547074092,-0.02136106789112091,-0.10798291862010956
10955,0.12329313904047012,0.5307842981185121,-0.019060134887695312,-0.11532388627529144
10956,-0.35737401247024536,0.4115953917751627,-0.05176793038845062,-0.08633255958557129
10957,-0.19638216495513916,0.45106163731659565,-0.028344782069325447,-0.11972624063491821
10958,-0.3800780177116394,0.40610808028028195,-0.039036825299263,-0.0585905946791172
10959,-0.4945015013217926,0.37883370379669556,-0.08948465436697006,-0.07252228260040283
10960,0.23047056794166565,0.557363951254054,-0.02976086549460888,-0.08427727222442627
10961,-0.5248777866363525,0.3717123532446655,-0.07226797938346863,-0.08984076231718063
10962,-0.31090494990348816,0.42289386624449854,-0.07078226655721664,-0.04144667088985443
10963,-0.5291600823402405,0.37071280678762836,-0.0547545924782753,-0.08958059549331665
10964,-0.8521997928619385,0.2989716044646706,-0.09127727150917053,-0.052654437720775604
10965,-0.9112058877944946,0.2867531387015269,-0.10579624027013779,-0.07772606611251831
10966,-0.5274674892425537,0.3711077493978286,-0.04400968551635742,-0.05895548686385155
10967,-0.5215209722518921,0.37249664833917046,-0.046148963272571564,-0.04432511329650879
10968,-0.03226212412118912,0.4919351684772987,-0.03326541185379028,-0.09793032705783844
10969,-0.7916721105575562,0.31180974766802233,-0.07151114195585251,-0.06995807588100433
10970,-0.648809552192688,0.3432578521390179,-0.017916962504386902,-0.09438670426607132
10971,-0.2501625716686249,0.4377834850902212,0.016554558649659157,-0.07465498894453049
10972,0.01944909244775772,0.5048621198478684,0.018159842118620872,-0.06709473580121994
10973,0.00983266532421112,0.5024581465263497,0.0029808897525072098,-0.1013505756855011
10974,-0.6602339744567871,0.34068705439110414,-0.05357104539871216,-0.059402670711278915
10975,-0.24197536706924438,0.4397996101436129,-0.010372987017035484,-0.0833849161863327
10976,-0.8674708604812622,0.29578083570201885,-0.05616816133260727,-0.05538172274827957
10977,-0.8425299525260925,0.30100221444545344,-0.0735892727971077,-0.06836602091789246
10978,-0.7780033946037292,0.31475035968394377,-0.03275749832391739,-0.08074924349784851
10979,-0.6301444172859192,0.3474777923473169,-0.046660639345645905,-0.03985866159200668
10980,-0.7018468379974365,0.33140288733679446,-0.0574973002076149,-0.028896339237689972
10981,-0.4341861307621002,0.39312716648566015,-0.02417045459151268,-0.07021728157997131
10982,-1.011656641960144,0.266655768442195,-0.0772935077548027,-0.08369016647338867
10983,-1.0590991973876953,0.2574816368770511,-0.08359760791063309,-0.07855217158794403
10984,-0.5566704869270325,0.36431819424656975,-0.01646910235285759,-0.08480982482433319
10985,-0.9241743683815002,0.28410810203103637,-0.054431043565273285,-0.07890952378511429
10986,-0.7991893291473389,0.3101989559294415,-0.0307178758084774,-0.04013218358159065
10987,-1.1256831884384155,0.2449586327498065,-0.06941655278205872,-0.0694531723856926
10988,-0.9439133405685425,0.2801105442146632,-0.013320937752723694,-0.05659259110689163
10989,-0.8584257364273071,0.29766835933370533,-0.008889038115739822,-0.08164922893047333
10990,-1.0318500995635986,0.262725581025651,-0.02778594009578228,-0.08929918706417084
10991,-1.1682026386260986,0.2371800194336311,-0.06515652686357498,-0.05598016828298569
10992,-0.9514685869216919,0.27858957321213784,-0.010492170229554176,-0.0505993627011776
10993,-1.1304289102554321,0.24408195572285424,0.004394376650452614,-0.07574004679918289
10994,-1.1936428546905518,0.23260804729481713,-0.02100665681064129,-0.03974084183573723
10995,-1.471737265586853,0.18667870175694404,-0.06995397061109543,-0.0860012024641037
10996,-1.2415761947631836,0.22416174538951608,-0.04444257169961929,-0.11317126452922821
10997,-1.2936227321624756,0.21524025704475347,-0.014729324728250504,-0.046717651188373566
10998,-1.1946951150894165,0.23242027004077492,-0.018328001722693443,-0.1104515939950943
10999,-1.1421724557876587,0.24192171881455057,0.0006502550095319748,-0.06754131615161896
11000,-1.3519893884658813,0.20554532143982962,-0.0087754987180233,-0.05008969083428383
11001,-1.5693753957748413,0.17230545223529883,-0.02656427212059498,-0.05062931776046753
11002,-1.554566502571106,0.17442770159826096,-0.05078016594052315,-0.10219897329807281
11003,-1.301680564880371,0.21388231650577372,-0.035586800426244736,-0.11858244985342026
11004,-0.6030526161193848,0.3536456142450586,-0.054306760430336,-0.09835007786750793
11005,-1.0877424478530884,0.2520436285101924,-0.029099322855472565,-0.058909572660923004
11006,-1.2951762676239014,0.21497796252340556,-0.06478022038936615,-0.09615373611450195
11007,-1.0494459867477417,0.2593315007590242,-0.010899649932980537,-0.07515415549278259
11008,-1.2387508153915405,0.2246534992392374,-0.06938710063695908,-0.10102126002311707
11009,-1.0929123163223267,0.251070267040249,-0.019611261785030365,-0.11653956025838852
11010,-0.786104142665863,0.31300579705346565,-0.005290865898132324,-0.07727053016424179
11011,-1.0882312059402466,0.25195150015705925,-0.03303556144237518,-0.12485280632972717
11012,-0.9378579258918762,0.28133323457432624,-0.032481130212545395,-0.13397535681724548
11013,-0.17544600367546082,0.4562506633398814,-0.045296382158994675,-0.11938565224409103
11014,-1.1056880950927734,0.2486756345593321,-0.053697939962148666,-0.13863371312618256
11015,-1.1154698133468628,0.24685255319868596,-0.0409059002995491,-0.08634547144174576
11016,-0.8680073618888855,0.29566909763703475,0.01403229869902134,-0.0972476601600647
11017,-1.1135998964309692,0.24720036590513178,-0.015742603689432144,-0.06772080063819885
11018,-0.9381723403930664,0.28126966909769524,-0.004876771941781044,-0.09586513042449951
11019,-0.9596753120422363,0.2769432075233489,0.006426611915230751,-0.08382629603147507
11020,-1.343285083770752,0.20697034680491017,-0.04712414741516113,-0.08944340795278549
11021,-1.1782225370407104,0.2353719393006316,0.011418329551815987,-0.07705871760845184
11022,-1.4332236051559448,0.19259690607094154,-0.04665655642747879,-0.08517889678478241
11023,-1.293439269065857,0.21527124776188514,-0.0021268129348754883,-0.05013105645775795
11024,-1.3781514167785645,0.20130605441637436,-0.026221396401524544,-0.10031712800264359
11025,-1.2038934230804443,0.23078332241574184,0.012342968955636024,-0.09342476725578308
11026,-1.0281482934951782,0.2634432535517408,-0.0092634167522192,-0.11018415540456772
11027,-1.2734757661819458,0.21866283885922544,-0.04186451807618141,-0.06847144663333893
11028,-1.3198634386062622,0.210841014632206,-0.01824825257062912,-0.09581144154071808
11029,-1.2650266885757446,0.22010978956490448,-0.045300114899873734,-0.06736679375171661
11030,-1.2189624309539795,0.2281190949938901,-0.008520513772964478,-0.07129539549350739
11031,-1.1261388063430786,0.2448743742333939,0.008879562839865685,-0.09409201145172119
11032,-0.934593677520752,0.28199368696056193,0.0048610735684633255,-0.10317288339138031
11033,-1.3179997205734253,0.21115128035157846,-0.044541433453559875,-0.060856420546770096
11034,-1.3215205669403076,0.2105654220053249,-0.04890260845422745,-0.0674852728843689
11035,-1.1120506525039673,0.24748878124017512,0.01669665239751339,-0.06798341125249863
11036,-1.0961768627166748,0.2504569203389626,0.007464459165930748,-0.08326362073421478
11037,-1.1535919904708862,0.23983360303925408,0.010211063548922539,-0.08925972878932953
11038,-1.5141021013259888,0.1803316574395566,-0.06696981191635132,-0.07898705452680588
11039,-1.5480557680130005,0.17536725307596712,-0.07256630808115005,-0.07322106510400772
11040,-1.3902029991149902,0.19937535117387797,-0.01019267737865448,-0.09128355234861374
11041,-1.3285003900527954,0.20940752646990057,-0.025998521596193314,-0.12260071933269501
11042,-1.3649942874908447,0.20342979859741825,-0.029595963656902313,-0.06991959363222122
11043,-0.9072426557540894,0.2875644063890278,-0.05181992053985596,-0.08771373331546783
11044,-1.5149918794631958,0.1802001748261801,-0.07517661154270172,-0.07195170223712921
11045,-1.5098756551742554,0.1809572217797446,-0.0720120444893837,-0.07316945493221283
11046,-1.4849642515182495,0.18467876907527242,-0.0798245295882225,-0.06822029501199722
11047,-1.4380548000335693,0.19184675466881387,-0.03699113056063652,-0.07413063943386078
11048,-1.4545164108276367,0.18930745898926024,-0.04162406176328659,-0.0949767604470253
11049,-1.591536521911621,0.16916782887323853,-0.08827383816242218,-0.07504144310951233
11050,-1.705128788948059,0.15379660222509664,-0.0922032967209816,-0.09172278642654419
11051,-1.6270414590835571,0.1642360548619416,-0.031919367611408234,-0.08230368047952652
11052,-1.7203903198242188,0.1518208948303374,-0.07733885943889618,-0.09151999652385712
11053,-1.6724697351455688,0.15809517675366447,-0.0062311869114637375,-0.08508501946926117
11054,-1.6829438209533691,0.1567060518476545,-0.048454299569129944,-0.07945498079061508
11055,-1.5954797267913818,0.16861433390640457,0.006091011688113213,-0.0838145837187767
11056,-1.6672381162643433,0.1587927571207715,-0.04397635906934738,-0.0787096619606018
11057,-1.5911011695861816,0.16922902648827098,0.008128797635436058,-0.09511235356330872
11058,-1.69200599193573,0.15551221479495836,-0.04361128807067871,-0.07655035704374313
11059,-1.5535943508148193,0.1745677383664917,0.005458066239953041,-0.07811090350151062
11060,-1.6837409734725952,0.1566007375536543,-0.05890548229217529,-0.07710784673690796
11061,-1.5742542743682861,0.1716107567479047,0.014461884275078773,-0.08209444582462311
11062,-1.6801600456237793,0.1570742773699492,-0.043807100504636765,-0.07814765721559525
11063,-1.590146541595459,0.16936328055732344,0.012350378558039665,-0.08638463169336319
11064,-1.55182683467865,0.17482257307557905,0.005648704245686531,-0.06730625033378601
11065,-1.6118897199630737,0.1663264160899541,-0.03436027467250824,-0.0924530029296875
11066,-1.3870368003845215,0.19988123617559236,-0.0515824630856514,-0.044552598148584366
11067,-1.2804642915725708,0.21747120124367608,-0.03804723918437958,-0.06526410579681396
11068,-1.3781596422195435,0.20130473191737366,-0.07307133823633194,-0.10199221223592758
11069,-1.2865439653396606,0.21643835497946762,-0.0514887273311615,-0.03985775634646416
11070,-1.3944354057312012,0.19870061354768223,-0.0784434825181961,-0.1061873659491539
11071,-1.1794215440750122,0.23515622009084225,-0.07453982532024384,-0.10761943459510803
11072,-0.6680015921592712,0.3389444620655131,-0.06281208992004395,-0.06468713283538818
11073,-0.5995440483093262,0.35444801526185654,-0.06405072659254074,-0.08038192987442017
11074,-0.843448281288147,0.30080903349938565,-0.03881228715181351,-0.08796374499797821
11075,-0.11259021610021591,0.47188214283564467,-0.07129061222076416,-0.09165604412555695
11076,-0.8678697347640991,0.2956977591379095,-0.06401820480823517,-0.03845977038145065
11077,-0.8077752590179443,0.30836477702522197,-0.0667642280459404,-0.101310133934021
11078,-0.7620350122451782,0.31820460617729585,-0.085899218916893,-0.09027810394763947
11079,-0.9715168476104736,0.2745782655697617,-0.09127379953861237,-0.04937463253736496
11080,-0.797622561454773,0.31053430558531436,-0.08193040639162064,-0.04419872909784317
11081,-0.7725405693054199,0.3159297865187714,-0.09976714104413986,-0.047496892511844635
11082,-0.9103221893310547,0.2869339118698438,-0.12123242765665054,-0.06444553285837173
11083,-0.7821630835533142,0.3138538793809565,-0.13092370331287384,-0.09946253895759583
11084,-1.3535754680633545,0.2052864412431148,-0.11579298228025436,-0.11147856712341309
11085,-1.0634900331497192,0.2566430699310748,-0.08791346102952957,-0.10733728855848312
11086,-0.7955288290977478,0.3109827571746987,-0.08786541223526001,-0.11286681890487671
11087,-1.1741081476211548,0.23611322019825562,-0.12646432220935822,-0.0994032695889473
11088,-1.2072504758834839,0.2301879090892715,-0.10280850529670715,-0.07404008507728577
11089,-0.8756768703460693,0.2940744379086965,-0.11217204481363297,-0.15946486592292786
11090,0.19433113932609558,0.5484304676060087,-0.16579988598823547,-0.1542998105287552
11091,-0.2395414412021637,0.44039935843245265,-0.10099799185991287,-0.13482259213924408
11092,-0.5389848351478577,0.3684237670654564,-0.1123952865600586,-0.08148057758808136
11093,-0.29019126296043396,0.4279570433739704,-0.0963873565196991,-0.08618465065956116
11094,-0.3918837010860443,0.4032639203781455,-0.1136525571346283,-0.1532774716615677
11095,-0.7085341811180115,0.3299228134437904,-0.10339312255382538,-0.15241876244544983
11096,-0.42103680968284607,0.3962686773230296,-0.1248926967382431,-0.16438299417495728
11097,-0.4077727496623993,0.3994462940481866,-0.13188324868679047,-0.1025734469294548
11098,-0.5815365314483643,0.3585791144868387,-0.09841377288103104,-0.1329997479915619
11099,-0.8639334440231323,0.29651819211440134,-0.14678537845611572,-0.0950847938656807
11100,-0.3869608938694,0.40444911720948123,-0.14969591796398163,-0.09217417240142822
11101,2.071883201599121,0.8881401890349395,-0.3414640724658966,-0.30881160497665405
11102,1.5562628507614136,0.8258164421895865,-0.22846445441246033,-0.24378660321235657
11103,1.4852861166000366,0.8153696900430423,-0.22646351158618927,-0.22145983576774597
11104,2.2833566665649414,0.9074892332269703,-0.3415299654006958,-0.3361283838748932
11105,1.4940626621246338,0.8166872730579136,-0.2514321208000183,-0.20899885892868042
11106,2.7116427421569824,0.9377101698946453,-0.3968963623046875,-0.42700836062431335
11107,2.5901434421539307,0.9302245280771538,-0.38158679008483887,-0.4115930199623108
11108,2.709465503692627,0.937582876555584,-0.3996422588825226,-0.4583193361759186
11109,2.7521116733551025,0.9400324984791955,-0.4174361526966095,-0.4766983091831207
11110,1.9635497331619263,0.8769166017932949,-0.2292526662349701,-0.29242557287216187
11111,2.697467088699341,0.936877017091821,-0.3965809941291809,-0.460688054561615
11112,2.824686050415039,0.9439953253175195,-0.416715532541275,-0.5066720843315125
11113,2.288785934448242,0.9079440266858622,-0.36050671339035034,-0.4401156008243561
11114,3.024299383163452,0.9536598978430689,-0.5021635293960571,-0.5987130403518677
11115,2.9189231395721436,0.948773986896533,-0.4323575496673584,-0.5212363600730896
11116,3.0694220066070557,0.9556136625881425,-0.5301786065101624,-0.6160208582878113
11117,-1.2530179023742676,0.22217816269679894,-0.041322123259305954,-0.06554269045591354
11118,-1.4265680313110352,0.1936339880023615,-0.0928046777844429,-0.049851495772600174
11119,-1.3411632776260376,0.2073188230684799,-0.040766872465610504,-0.07953162491321564
11120,-1.293830394744873,0.21520518243995504,-0.07066657394170761,-0.0407104454934597
11121,-1.2300366163253784,0.22617501708146356,-0.054125670343637466,-0.0246850848197937
11122,-1.5515655279159546,0.17486027229848972,-0.06558665633201599,-0.026492252945899963
11123,-1.5522252321243286,0.17476510784845461,-0.05535746365785599,-0.0803607627749443
11124,-1.2072381973266602,0.2301900848743759,-0.04162140190601349,-0.03367527574300766
11125,-1.0877101421356201,0.252049718756523,-0.028112037107348442,-0.059703677892684937
11126,-1.2866581678390503,0.2164189876857753,-0.06647730618715286,-0.08641356229782104
11127,-1.251815676689148,0.2223859947525128,-0.046860042959451675,-0.029284656047821045
11128,-1.3542391061782837,0.20517819389605207,-0.07659542560577393,-0.09342062473297119
11129,-1.1645933389663696,0.23783365367411208,-0.0841129869222641,-0.09512358903884888
11130,-0.6783099174499512,0.33663861583462895,-0.060122765600681305,-0.0638389065861702
11131,-0.5923934578895569,0.35608587256433105,-0.06829779595136642,-0.06570275127887726
11132,-0.8745187520980835,0.2943149143993939,-0.03848303109407425,-0.08492294698953629
11133,-0.1053629145026207,0.4736836124764049,-0.07364135980606079,-0.08244312554597855
11134,-1.1496549844741821,0.24055210718797707,-0.06631225347518921,-0.09151741862297058
11135,-0.9188404083251953,0.2851942280014916,-0.07730019837617874,-0.10071461647748947
11136,-0.7723665237426758,0.3159674021299217,-0.09788226336240768,-0.0647219568490982
11137,-0.6033250093460083,0.35358335297654575,-0.09048600494861603,-0.0592697337269783
11138,-1.3267680406570435,0.20969447170996533,-0.08932521939277649,-0.09128057956695557
11139,-0.41988006234169006,0.39654545051967605,-0.077961765229702,-0.07785826176404953
11140,-0.2378215491771698,0.4408232653243055,-0.09275662899017334,-0.08980035781860352
11141,-0.3935352861881256,0.40286654299828406,-0.06991744041442871,-0.06088286638259888
11142,-0.49265143275260925,0.37926915706993297,-0.0853719487786293,-0.03704901784658432
11143,-0.7849717140197754,0.3132493583227602,-0.07493014633655548,-0.09153297543525696
11144,-0.9191954135894775,0.28512186268694556,-0.07933758944272995,-0.10087975114583969
11145,-0.0029098019003868103,0.4992725500381766,-0.08478245139122009,-0.0753435492515564
11146,-0.7883637547492981,0.31252011093429505,-0.05897308886051178,-0.09420639276504517
11147,-1.474831223487854,0.18620940217354806,-0.0906250923871994,-0.09568052738904953
11148,-1.6268234252929688,0.16426598493206898,-0.0994376391172409,-0.09024619311094284
11149,-1.6666537523269653,0.15887083062801793,-0.07969287782907486,-0.1200040727853775
11150,-1.8379267454147339,0.1372966772980236,-0.10900583118200302,-0.11032699048519135
11151,-1.5626198053359985,0.17327104336013618,-0.06428953260183334,-0.08004516363143921
11152,-1.8349393606185913,0.1376509055279377,-0.09416891634464264,-0.13905401527881622
11153,-1.7378805875778198,0.14958233942610505,-0.1019962877035141,-0.06891390681266785
11154,-1.724947214126587,0.15123502813710762,-0.10544254630804062,-0.12015869468450546
11155,-1.4615025520324707,0.18823762136451863,-0.06677379459142685,-0.10297282785177231
11156,-0.9957550764083862,0.26977684215175823,-0.09880860894918442,-0.09059980511665344
11157,-1.4285175800323486,0.1933297675246879,-0.07114820927381516,-0.1382756233215332
11158,-1.1401480436325073,0.24229318104408096,-0.07262757420539856,-0.10048682242631912
11159,-1.3974205255508423,0.19822575415935048,-0.0943005308508873,-0.12527263164520264
11160,-1.4282206296920776,0.19337608214787363,-0.09925682842731476,-0.13261982798576355
11161,-1.3433904647827148,0.20695305077180334,-0.11330298334360123,-0.10501410067081451
11162,-1.6928058862686157,0.15540719508353404,-0.08724334836006165,-0.13238883018493652
11163,2.8009767532348633,0.9427285831880907,-0.4258122444152832,-0.45417919754981995
11164,3.050591468811035,0.9548080550454305,-0.4558027982711792,-0.49580809473991394
11165,3.251981019973755,0.9627442326077298,-0.5571905374526978,-0.6312797665596008
11166,3.1720457077026367,0.9597686493942578,-0.525328516960144,-0.5797479152679443
11167,3.2496609687805176,0.9626609281355978,-0.54338139295578,-0.6217302083969116
11168,3.171109199523926,0.9597324726272811,-0.4954906105995178,-0.5717025995254517
11169,3.185866355895996,0.9602989251946932,-0.5050895810127258,-0.5950117111206055
11170,3.2435295581817627,0.9624399091194344,-0.5398637652397156,-0.6388227939605713
11171,3.0918312072753906,0.9565545299416809,-0.47861647605895996,-0.5565571188926697
11172,3.1570792198181152,0.9591867583535141,-0.49781838059425354,-0.6079698801040649
11173,3.135082960128784,0.9583169085650394,-0.494711697101593,-0.5916395783424377
11174,3.191115379333496,0.9604985608834181,-0.5207749605178833,-0.631074845790863
11175,0.801971971988678,0.6903961469543252,-0.06529208272695541,-0.1536025106906891
11176,2.9894309043884277,0.9520943599840355,-0.4217565357685089,-0.5335193872451782
11177,2.9248406887054443,0.9490608284934864,-0.37118881940841675,-0.4913904368877411
11178,0.4555990397930145,0.6119696282073882,-0.04443827643990517,-0.09788382053375244
11179,-0.045231059193611145,0.4886941626386146,-0.045499496161937714,-0.13024502992630005
11180,0.5078673362731934,0.624306395389483,-0.06680040806531906,-0.1549951583147049
11181,0.2985396683216095,0.574085487845608,-0.056377679109573364,-0.15890485048294067
11182,-0.04523053020238876,0.48869429481880433,-0.0652228519320488,-0.14189869165420532
11183,-0.22913116216659546,0.4429665180521366,-0.0765540674328804,-0.10720928013324738
11184,-0.24025151133537292,0.4402243706491242,-0.04473342001438141,-0.08036249876022339
11185,0.07105084508657455,0.5177552425319856,-0.07456105947494507,-0.1483643800020218
11186,-0.5867155194282532,0.35738882101367864,-0.0358523391187191,-0.05340905115008354
11187,-0.8219142556190491,0.3053574677093809,-0.029925519600510597,-0.1164502501487732
11188,0.5256079435348511,0.6284581532830008,-0.08373498171567917,-0.11442575603723526
11189,0.6949658989906311,0.667070703734949,-0.0630047619342804,-0.12181054800748825
11190,1.130845308303833,0.7559948640092546,-0.0671801045536995,-0.15119747817516327
11191,0.4888382852077484,0.6198327238661598,-0.06919535994529724,-0.0811346173286438
11192,-0.2829188406467438,0.4297383291289057,-0.06082978844642639,-0.10914474725723267
11193,-0.3339834213256836,0.4172717122259024,-0.07520732283592224,-0.08561219274997711
11194,0.8565646409988403,0.7019424100508196,-0.06575321406126022,-0.08614155650138855
11195,-0.3781988322734833,0.40656139016742726,-0.07984038442373276,-0.0862196683883667
11196,-0.07288765162229538,0.48178614997032276,-0.027423040941357613,-0.05955507233738899
11197,-0.5544474124908447,0.364833192177385,-0.08883621543645859,-0.08583077043294907
11198,-0.43594321608543396,0.3927080430492368,-0.052772924304008484,-0.10895587503910065
11199,-0.830837070941925,0.3034681050240625,-0.06508665531873703,-0.0425502210855484
11200,-0.8820891380310059,0.2927450453116571,-0.09557870030403137,-0.08686065673828125
11201,-1.2281081676483154,0.22651271215279475,-0.10083136707544327,-0.1155429407954216
11202,-0.39644819498062134,0.40216599753630644,-0.050776999443769455,-0.07517357915639877
11203,-1.1749643087387085,0.2359588346432502,-0.09546119719743729,-0.09147696197032928
11204,-1.1900701522827148,0.2332463893262694,-0.09020038694143295,-0.11027925461530685
11205,-1.3814306259155273,0.20077933323752933,-0.08650916814804077,-0.11228955537080765
11206,-0.7769476175308228,0.3149781169213141,-0.04387490451335907,-0.0751817598938942
11207,-0.7014052867889404,0.331500731334157,-0.012675454840064049,-0.06844298541545868
11208,-0.8957195281982422,0.2899309292993243,-0.03474254533648491,-0.09719117730855942
11209,-1.0678473711013794,0.25581267016587217,-0.04031052067875862,-0.11121582984924316
11210,0.33531662821769714,0.5830524292708148,-0.0888996496796608,-0.09686215221881866
11211,-0.8169148564338684,0.30641894239669176,-0.0650918260216713,-0.09139084815979004
11212,-0.007933683693408966,0.4980165894801766,-0.0336383618414402,-0.053167033940553665
11213,-0.5479788184165955,0.3663334655722611,-0.06944762170314789,-0.08418610692024231
11214,0.24738067388534546,0.5615316908097276,-0.04910463094711304,-0.06967390328645706
11215,-0.37748849391937256,0.4067327843212006,-0.06074465066194534,-0.08534012734889984
11216,-0.19014835357666016,0.452605626440138,-0.04363450035452843,-0.0289958193898201
11217,-0.754687488079071,0.3198007796411968,-0.08602208644151688,-0.06412837654352188
11218,-0.585336446762085,0.3577056039233975,-0.058163851499557495,-0.07681558281183243
11219,-0.7477538585662842,0.3213109206451801,-0.08252564817667007,-0.07323990762233734
11220,0.012309975922107697,0.5030774551186482,-0.04417964071035385,-0.05426632612943649
11221,-0.9121891856193542,0.2865520711278044,-0.06708060204982758,-0.0826568603515625
11222,0.13188084959983826,0.5329225090043491,-0.05678797885775566,-0.06106121093034744
11223,-0.8122479915618896,0.3074116693107645,-0.04555274173617363,-0.08928710222244263
11224,-0.8452894687652588,0.3004219315795517,-0.07476107776165009,-0.0637466162443161
11225,-0.8660825490951538,0.29607009533812595,-0.057143598794937134,-0.08127550780773163
11226,-0.39136770367622375,0.40338809728998903,0.0026223622262477875,-0.07535405457019806
11227,-0.7450723648071289,0.3218959545307505,-0.01924867182970047,-0.04272206127643585
11228,-1.169772744178772,0.23689606428755144,-0.05619743466377258,-0.05965069681406021
11229,-1.3904515504837036,0.19933567917078035,-0.051538534462451935,-0.10508675873279572
11230,-1.4524568319320679,0.18962374513929592,-0.0664626806974411,-0.10400306433439255
11231,-1.1664693355560303,0.2374937612772822,-0.02185746282339096,-0.0523357167840004
11232,-1.1476976871490479,0.24090986111436624,-0.004367733374238014,-0.04387948289513588
11233,-1.5054436922073364,0.18161501961057427,-0.054419808089733124,-0.09850312769412994
11234,-1.1114550828933716,0.2475997156635075,-0.0070210471749305725,-0.07301793992519379
11235,-1.4379466772079468,0.19186351876078686,-0.0397820770740509,-0.1197594702243805
11236,-1.2778071165084839,0.21792373205585777,0.012904750183224678,-0.05806316062808037
11237,-1.5707980394363403,0.17210265466066918,-0.04933903366327286,-0.07781274616718292
11238,-1.5857176780700684,0.1699872429187195,-0.04078495502471924,-0.10673433542251587
11239,-1.5119208097457886,0.18065430368950047,-0.001772124320268631,-0.11601167917251587
11240,-1.4164929389953613,0.19521196892522846,0.005372965708374977,-0.06787901371717453
11241,-1.6222182512283325,0.16489917339090318,-0.04557032138109207,-0.10447553545236588
11242,-1.684813141822815,0.15645918096389175,-0.046675845980644226,-0.1092199832201004
11243,-1.66757333278656,0.1587479848178178,-0.061231017112731934,-0.07407302409410477
11244,-1.7745591402053833,0.14497627110037706,-0.054736874997615814,-0.07924869656562805
