target_date,path_id,source_bird_id,path_year,path_copy_index,lat_drop_deg,true_label,probability,selected_threshold,predicted_label,target_step_km
2019-10-05,Zozu_plus_DER_AL581_eobs2541__2019__southbound_01,Zozu + / DER AL581 (eobs2541),2019,1,6.2176614,0,0.36231173004510125,0.6582446741276213,0,0.04637831
2019-10-06,Angela_DER_AY470_eobs_4001__2019__southbound_01,Angela / DER AY470 (eobs 4001),2019,1,9.285906,0,0.3603424656438365,0.6582446741276213,0,1.4070065
2019-10-06,Europa_DER_A1A26_eobs_4004__2019__southbound_01,Europa / DER A1A26 (eobs 4004),2019,1,7.004766,0,0.2331539160213712,0.6582446741276213,0,0.00087278016
2019-10-06,Mirabell_plus_DER_AN910_eobs_3907__2019__southbound_01,Mirabell + / DER AN910 (eobs 3907),2019,1,13.553637,0,0.31725858180295213,0.6582446741276213,0,8.796428
2019-10-06,Sara_plus_DER_AU017_eobs_3941__2019__southbound_01,Sara + / DER AU017 (eobs 3941),2019,1,8.3754015,0,0.4281833212047327,0.6582446741276213,0,0.33524162
2019-10-06,Zozu_plus_DER_AL581_eobs2541__2019__southbound_01,Zozu + / DER AL581 (eobs2541),2019,1,6.2176614,0,0.46454050789131174,0.6582446741276213,0,7.920052
2019-10-07,Angela_DER_AY470_eobs_4001__2019__southbound_01,Angela / DER AY470 (eobs 4001),2019,1,9.285906,0,0.42520245163210624,0.6582446741276213,0,0.8940414
2019-10-07,Europa_DER_A1A26_eobs_4004__2019__southbound_01,Europa / DER A1A26 (eobs 4004),2019,1,7.004766,0,0.19084264363936976,0.6582446741276213,0,0.0067579583
2019-10-07,Mirabell_plus_DER_AN910_eobs_3907__2019__southbound_01,Mirabell + / DER AN910 (eobs 3907),2019,1,13.553637,0,0.32014577649232134,0.6582446741276213,0,9.037176
2019-10-07,Sara_plus_DER_AU017_eobs_3941__2019__southbound_01,Sara + / DER AU017 (eobs 3941),2019,1,8.3754015,1,0.454151275287686,0.6582446741276213,0,25.314695
2019-10-07,Zozu_plus_DER_AL581_eobs2541__2019__southbound_01,Zozu + / DER AL581 (eobs2541),2019,1,6.2176614,0,0.5227982889189137,0.6582446741276213,0,0.13411836
2019-10-08,Angela_DER_AY470_eobs_4001__2019__southbound_01,Angela / DER AY470 (eobs 4001),2019,1,9.285906,0,0.3887216935845723,0.6582446741276213,0,1.2571043
2019-10-08,Europa_DER_A1A26_eobs_4004__2019__southbound_01,Europa / DER A1A26 (eobs 4004),2019,1,7.004766,0,0.18410162218204776,0.6582446741276213,0,0.94295865
2019-10-08,Mirabell_plus_DER_AN910_eobs_3907__2019__southbound_01,Mirabell + / DER AN910 (eobs 3907),2019,1,13.553637,0,0.27767729153669185,0.6582446741276213,0,5.288877
2019-10-08,Sara_plus_DER_AU017_eobs_3941__2019__southbound_01,Sara + / DER AU017 (eobs 3941),2019,1,8.3754015,1,0.5980500910480163,0.6582446741276213,0,20.25825
2019-10-08,Zozu_plus_DER_AL581_eobs2541__2019__southbound_01,Zozu + / DER AL581 (eobs2541),2019,1,6.2176614,0,0.3653088948280332,0.6582446741276213,0,8.052562
2019-10-09,Angela_DER_AY470_eobs_4001__2019__southbound_01,Angela / DER AY470 (eobs 4001),2019,1,9.285906,0,0.2122318137293576,0.6582446741276213,0,2.201492
2019-10-09,Europa_DER_A1A26_eobs_4004__2019__southbound_01,Europa / DER A1A26 (eobs 4004),2019,1,7.004766,0,0.4437251149908701,0.6582446741276213,0,5.507276
2019-10-09,Mirabell_plus_DER_AN910_eobs_3907__2019__southbound_01,Mirabell + / DER AN910 (eobs 3907),2019,1,13.553637,0,0.31700098212979194,0.6582446741276213,0,5.0408072
2019-10-09,Sara_plus_DER_AU017_eobs_3941__2019__southbound_01,Sara + / DER AU017 (eobs 3941),2019,1,8.3754015,1,0.6680703725318903,0.6582446741276213,1,19.894474
2019-10-09,Zozu_plus_DER_AL581_eobs2541__2019__southbound_01,Zozu + / DER AL581 (eobs2541),2019,1,6.2176614,0,0.297760042692473,0.6582446741276213,0,8.060258
2019-10-10,Angela_DER_AY470_eobs_4001__2019__southbound_01,Angela / DER AY470 (eobs 4001),2019,1,9.285906,1,0.6054098143214298,0.6582446741276213,0,14.444453
2019-10-10,Europa_DER_A1A26_eobs_4004__2019__southbound_01,Europa / DER A1A26 (eobs 4004),2019,1,7.004766,0,0.28574420194433686,0.6582446741276213,0,5.69007
2019-10-10,Mirabell_plus_DER_AN910_eobs_3907__2019__southbound_01,Mirabell + / DER AN910 (eobs 3907),2019,1,13.553637,1,0.41199652280141036,0.6582446741276213,0,11.043925
2019-10-10,Sara_plus_DER_AU017_eobs_3941__2019__southbound_01,Sara + / DER AU017 (eobs 3941),2019,1,8.3754015,0,0.5756334284688652,0.6582446741276213,0,5.2417607
2019-10-10,Zozu_plus_DER_AL581_eobs2541__2019__southbound_01,Zozu + / DER AL581 (eobs2541),2019,1,6.2176614,0,0.42704365086294577,0.6582446741276213,0,6.4632597
2019-10-11,Angela_DER_AY470_eobs_4001__2019__southbound_01,Angela / DER AY470 (eobs 4001),2019,1,9.285906,1,0.367199595494873,0.6582446741276213,0,66.98726
2019-10-11,Europa_DER_A1A26_eobs_4004__2019__southbound_01,Europa / DER A1A26 (eobs 4004),2019,1,7.004766,1,0.20164527352322,0.6582446741276213,0,15.336437
2019-10-11,Mirabell_plus_DER_AN910_eobs_3907__2019__southbound_01,Mirabell + / DER AN910 (eobs 3907),2019,1,13.553637,0,0.20319610225622306,0.6582446741276213,0,1.1366909
2019-10-11,Zozu_plus_DER_AL581_eobs2541__2019__southbound_01,Zozu + / DER AL581 (eobs2541),2019,1,6.2176614,0,0.32224061836016005,0.6582446741276213,0,0.782733
2019-10-12,Angela_DER_AY470_eobs_4001__2019__southbound_01,Angela / DER AY470 (eobs 4001),2019,1,9.285906,1,0.8488997788511544,0.6582446741276213,1,39.14986
2019-10-12,Europa_DER_A1A26_eobs_4004__2019__southbound_01,Europa / DER A1A26 (eobs 4004),2019,1,7.004766,0,0.8107988660112053,0.6582446741276213,1,9.855519
2019-10-12,Mirabell_plus_DER_AN910_eobs_3907__2019__southbound_01,Mirabell + / DER AN910 (eobs 3907),2019,1,13.553637,0,0.25509526710257424,0.6582446741276213,0,1.5614245
2019-10-12,Zozu_plus_DER_AL581_eobs2541__2019__southbound_01,Zozu + / DER AL581 (eobs2541),2019,1,6.2176614,0,0.3458382538191489,0.6582446741276213,0,0.77850914
2019-10-13,Angela_DER_AY470_eobs_4001__2019__southbound_01,Angela / DER AY470 (eobs 4001),2019,1,9.285906,0,0.5745269406888294,0.6582446741276213,0,4.7163844
2019-10-13,Europa_DER_A1A26_eobs_4004__2019__southbound_01,Europa / DER A1A26 (eobs 4004),2019,1,7.004766,0,0.3423352128918008,0.6582446741276213,0,0.9536689
2019-10-13,Mirabell_plus_DER_AN910_eobs_3907__2019__southbound_01,Mirabell + / DER AN910 (eobs 3907),2019,1,13.553637,0,0.09450564701065146,0.6582446741276213,0,2.3375192
2019-10-13,Zozu_plus_DER_AL581_eobs2541__2019__southbound_01,Zozu + / DER AL581 (eobs2541),2019,1,6.2176614,0,0.44746527617917675,0.6582446741276213,0,1.5960696
2019-10-14,Angela_DER_AY470_eobs_4001__2019__southbound_01,Angela / DER AY470 (eobs 4001),2019,1,9.285906,1,0.4047324432998374,0.6582446741276213,0,37.65398
2019-10-14,Europa_DER_A1A26_eobs_4004__2019__southbound_01,Europa / DER A1A26 (eobs 4004),2019,1,7.004766,0,0.6123382962690197,0.6582446741276213,0,0.17484055
2019-10-14,Mirabell_plus_DER_AN910_eobs_3907__2019__southbound_01,Mirabell + / DER AN910 (eobs 3907),2019,1,13.553637,0,0.367162313218367,0.6582446741276213,0,0.74571836
2019-10-14,Zozu_plus_DER_AL581_eobs2541__2019__southbound_01,Zozu + / DER AL581 (eobs2541),2019,1,6.2176614,0,0.27993839095188283,0.6582446741276213,0,8.062116
2019-10-15,Angela_DER_AY470_eobs_4001__2019__southbound_01,Angela / DER AY470 (eobs 4001),2019,1,9.285906,0,0.7676481885323455,0.6582446741276213,1,1.2291751
2019-10-15,Europa_DER_A1A26_eobs_4004__2019__southbound_01,Europa / DER A1A26 (eobs 4004),2019,1,7.004766,1,0.3952347825875253,0.6582446741276213,0,11.369806
2019-10-15,Mirabell_plus_DER_AN910_eobs_3907__2019__southbound_01,Mirabell + / DER AN910 (eobs 3907),2019,1,13.553637,0,0.3750082789176001,0.6582446741276213,0,0.49863538
2019-10-15,Zozu_plus_DER_AL581_eobs2541__2019__southbound_01,Zozu + / DER AL581 (eobs2541),2019,1,6.2176614,0,0.3141151427026326,0.6582446741276213,0,2.3036532
2019-10-16,Angela_DER_AY470_eobs_4001__2019__southbound_01,Angela / DER AY470 (eobs 4001),2019,1,9.285906,0,0.2581102147045007,0.6582446741276213,0,0.054859973
2019-10-16,Europa_DER_A1A26_eobs_4004__2019__southbound_01,Europa / DER A1A26 (eobs 4004),2019,1,7.004766,0,0.3747915457036673,0.6582446741276213,0,0.2918607
2019-10-16,Mirabell_plus_DER_AN910_eobs_3907__2019__southbound_01,Mirabell + / DER AN910 (eobs 3907),2019,1,13.553637,0,0.26169158582231083,0.6582446741276213,0,0.64897716
2019-10-16,Zozu_plus_DER_AL581_eobs2541__2019__southbound_01,Zozu + / DER AL581 (eobs2541),2019,1,6.2176614,0,0.18330917200122285,0.6582446741276213,0,2.0489552
2019-10-17,Angela_DER_AY470_eobs_4001__2019__southbound_01,Angela / DER AY470 (eobs 4001),2019,1,9.285906,0,0.3973630450187961,0.6582446741276213,0,1.573323
2019-10-17,Europa_DER_A1A26_eobs_4004__2019__southbound_01,Europa / DER A1A26 (eobs 4004),2019,1,7.004766,0,0.3156991258936596,0.6582446741276213,0,1.4650244
2019-10-17,Mirabell_plus_DER_AN910_eobs_3907__2019__southbound_01,Mirabell + / DER AN910 (eobs 3907),2019,1,13.553637,0,0.1100641821395433,0.6582446741276213,0,1.418014
2019-10-17,Zozu_plus_DER_AL581_eobs2541__2019__southbound_01,Zozu + / DER AL581 (eobs2541),2019,1,6.2176614,0,0.2796047529687424,0.6582446741276213,0,0.2524692
2019-10-18,Angela_DER_AY470_eobs_4001__2019__southbound_01,Angela / DER AY470 (eobs 4001),2019,1,9.285906,0,0.40054300405959675,0.6582446741276213,0,1.5552604
2019-10-18,Europa_DER_A1A26_eobs_4004__2019__southbound_01,Europa / DER A1A26 (eobs 4004),2019,1,7.004766,0,0.4442627567934402,0.6582446741276213,0,1.1784297
2019-10-18,Mirabell_plus_DER_AN910_eobs_3907__2019__southbound_01,Mirabell + / DER AN910 (eobs 3907),2019,1,13.553637,0,0.3083972691785684,0.6582446741276213,0,1.0166361
2019-10-18,Zozu_plus_DER_AL581_eobs2541__2019__southbound_01,Zozu + / DER AL581 (eobs2541),2019,1,6.2176614,0,0.22714244552995347,0.6582446741276213,0,0.013579352
2019-10-19,Angela_DER_AY470_eobs_4001__2019__southbound_01,Angela / DER AY470 (eobs 4001),2019,1,9.285906,0,0.35371672768764895,0.6582446741276213,0,1.1235834
2019-10-19,Europa_DER_A1A26_eobs_4004__2019__southbound_01,Europa / DER A1A26 (eobs 4004),2019,1,7.004766,0,0.27496945844037857,0.6582446741276213,0,6.4115763
2019-10-19,Mirabell_plus_DER_AN910_eobs_3907__2019__southbound_01,Mirabell + / DER AN910 (eobs 3907),2019,1,13.553637,0,0.3182788328999348,0.6582446741276213,0,0.8901679
2019-10-19,Zozu_plus_DER_AL581_eobs2541__2019__southbound_01,Zozu + / DER AL581 (eobs2541),2019,1,6.2176614,0,0.2150228757619685,0.6582446741276213,0,8.048279
2019-10-20,Angela_DER_AY470_eobs_4001__2019__southbound_01,Angela / DER AY470 (eobs 4001),2019,1,9.285906,0,0.4583334847240284,0.6582446741276213,0,0.88508564
2019-10-20,Europa_DER_A1A26_eobs_4004__2019__southbound_01,Europa / DER A1A26 (eobs 4004),2019,1,7.004766,0,0.42085452526243033,0.6582446741276213,0,5.3448567
2019-10-20,Mirabell_plus_DER_AN910_eobs_3907__2019__southbound_01,Mirabell + / DER AN910 (eobs 3907),2019,1,13.553637,0,0.323679043226322,0.6582446741276213,0,1.0225567
2019-10-20,Zozu_plus_DER_AL581_eobs2541__2019__southbound_01,Zozu + / DER AL581 (eobs2541),2019,1,6.2176614,0,0.31349788368000336,0.6582446741276213,0,3.592945
2019-10-21,Angela_DER_AY470_eobs_4001__2019__southbound_01,Angela / DER AY470 (eobs 4001),2019,1,9.285906,0,0.12330840313946317,0.6582446741276213,0,8.248008
2019-10-21,Europa_DER_A1A26_eobs_4004__2019__southbound_01,Europa / DER A1A26 (eobs 4004),2019,1,7.004766,0,0.29248203488643687,0.6582446741276213,0,0.013717553
2019-10-21,Mirabell_plus_DER_AN910_eobs_3907__2019__southbound_01,Mirabell + / DER AN910 (eobs 3907),2019,1,13.553637,0,0.24296017234828843,0.6582446741276213,0,0.4117195
2019-10-21,Zozu_plus_DER_AL581_eobs2541__2019__southbound_01,Zozu + / DER AL581 (eobs2541),2019,1,6.2176614,0,0.2868117567954618,0.6582446741276213,0,2.0021973
2019-10-22,Angela_DER_AY470_eobs_4001__2019__southbound_01,Angela / DER AY470 (eobs 4001),2019,1,9.285906,1,0.2837421076860122,0.6582446741276213,0,110.40884
2019-10-22,Europa_DER_A1A26_eobs_4004__2019__southbound_01,Europa / DER A1A26 (eobs 4004),2019,1,7.004766,0,0.23750734275063615,0.6582446741276213,0,0.41601527
2019-10-22,Mirabell_plus_DER_AN910_eobs_3907__2019__southbound_01,Mirabell + / DER AN910 (eobs 3907),2019,1,13.553637,0,0.20186380756275796,0.6582446741276213,0,5.656851
2019-10-22,Zozu_plus_DER_AL581_eobs2541__2019__southbound_01,Zozu + / DER AL581 (eobs2541),2019,1,6.2176614,0,0.30328472485423214,0.6582446741276213,0,1.6282575
2019-10-23,Angela_DER_AY470_eobs_4001__2019__southbound_01,Angela / DER AY470 (eobs 4001),2019,1,9.285906,1,0.8810695593662071,0.6582446741276213,1,94.26441
2019-10-23,Europa_DER_A1A26_eobs_4004__2019__southbound_01,Europa / DER A1A26 (eobs 4004),2019,1,7.004766,0,0.18448577811721167,0.6582446741276213,0,4.7788897
2019-10-23,Mirabell_plus_DER_AN910_eobs_3907__2019__southbound_01,Mirabell + / DER AN910 (eobs 3907),2019,1,13.553637,0,0.26253418394729255,0.6582446741276213,0,0.4193376
2019-10-23,Zozu_plus_DER_AL581_eobs2541__2019__southbound_01,Zozu + / DER AL581 (eobs2541),2019,1,6.2176614,0,0.27019450979214193,0.6582446741276213,0,1.1773801
2019-10-24,Angela_DER_AY470_eobs_4001__2019__southbound_01,Angela / DER AY470 (eobs 4001),2019,1,9.285906,1,0.9301630153731727,0.6582446741276213,1,18.797144
2019-10-24,Europa_DER_A1A26_eobs_4004__2019__southbound_01,Europa / DER A1A26 (eobs 4004),2019,1,7.004766,0,0.23559992413979963,0.6582446741276213,0,1.4851036
2019-10-24,Mirabell_plus_DER_AN910_eobs_3907__2019__southbound_01,Mirabell + / DER AN910 (eobs 3907),2019,1,13.553637,0,0.13931128623351377,0.6582446741276213,0,1.7630408
2019-10-24,Zozu_plus_DER_AL581_eobs2541__2019__southbound_01,Zozu + / DER AL581 (eobs2541),2019,1,6.2176614,0,0.15179537614888833,0.6582446741276213,0,1.1032622
2019-10-25,Angela_DER_AY470_eobs_4001__2019__southbound_01,Angela / DER AY470 (eobs 4001),2019,1,9.285906,0,0.5297186815139004,0.6582446741276213,0,0.12478739
2019-10-25,Europa_DER_A1A26_eobs_4004__2019__southbound_01,Europa / DER A1A26 (eobs 4004),2019,1,7.004766,0,0.18345942824377182,0.6582446741276213,0,0.51113087
2019-10-25,Mirabell_plus_DER_AN910_eobs_3907__2019__southbound_01,Mirabell + / DER AN910 (eobs 3907),2019,1,13.553637,1,0.33587869597860326,0.6582446741276213,0,58.192104
2019-10-25,Zozu_plus_DER_AL581_eobs2541__2019__southbound_01,Zozu + / DER AL581 (eobs2541),2019,1,6.2176614,0,0.1339508123825385,0.6582446741276213,0,0.039184153
2019-10-26,Angela_DER_AY470_eobs_4001__2019__southbound_01,Angela / DER AY470 (eobs 4001),2019,1,9.285906,0,0.39703626995226377,0.6582446741276213,0,0.018385515
2019-10-26,Europa_DER_A1A26_eobs_4004__2019__southbound_01,Europa / DER A1A26 (eobs 4004),2019,1,7.004766,0,0.21801200986614905,0.6582446741276213,0,1.214238
2019-10-26,Zozu_plus_DER_AL581_eobs2541__2019__southbound_01,Zozu + / DER AL581 (eobs2541),2019,1,6.2176614,0,0.11304880592077667,0.6582446741276213,0,0.051043432
2019-10-27,Angela_DER_AY470_eobs_4001__2019__southbound_01,Angela / DER AY470 (eobs 4001),2019,1,9.285906,0,0.22025190188417385,0.6582446741276213,0,0.53734195
2019-10-27,Europa_DER_A1A26_eobs_4004__2019__southbound_01,Europa / DER A1A26 (eobs 4004),2019,1,7.004766,0,0.1120848312039825,0.6582446741276213,0,0.7005358
2019-10-27,Zozu_plus_DER_AL581_eobs2541__2019__southbound_01,Zozu + / DER AL581 (eobs2541),2019,1,6.2176614,0,0.0700244142011178,0.6582446741276213,0,0.0054355734
2019-10-28,Angela_DER_AY470_eobs_4001__2019__southbound_01,Angela / DER AY470 (eobs 4001),2019,1,9.285906,0,0.2227026068654087,0.6582446741276213,0,0.008187163
2019-10-28,Europa_DER_A1A26_eobs_4004__2019__southbound_01,Europa / DER A1A26 (eobs 4004),2019,1,7.004766,0,0.20461086708439258,0.6582446741276213,0,1.3069922
2019-10-28,Zozu_plus_DER_AL581_eobs2541__2019__southbound_01,Zozu + / DER AL581 (eobs2541),2019,1,6.2176614,0,0.0926294735513316,0.6582446741276213,0,0.0053967065
2019-10-29,Angela_DER_AY470_eobs_4001__2019__southbound_01,Angela / DER AY470 (eobs 4001),2019,1,9.285906,0,0.11955902217460353,0.6582446741276213,0,0.5328847
2019-10-29,Europa_DER_A1A26_eobs_4004__2019__southbound_01,Europa / DER A1A26 (eobs 4004),2019,1,7.004766,0,0.24557369182192132,0.6582446741276213,0,0.21183082
2019-10-29,Zozu_plus_DER_AL581_eobs2541__2019__southbound_01,Zozu + / DER AL581 (eobs2541),2019,1,6.2176614,0,0.1992769161373536,0.6582446741276213,0,0.044130895
2019-10-30,Angela_DER_AY470_eobs_4001__2019__southbound_01,Angela / DER AY470 (eobs 4001),2019,1,9.285906,0,0.16023879136882668,0.6582446741276213,0,0.03239612
2019-10-30,Europa_DER_A1A26_eobs_4004__2019__southbound_01,Europa / DER A1A26 (eobs 4004),2019,1,7.004766,0,0.062362606899514936,0.6582446741276213,0,4.166494
2019-10-30,Zozu_plus_DER_AL581_eobs2541__2019__southbound_01,Zozu + / DER AL581 (eobs2541),2019,1,6.2176614,0,0.13858469151775732,0.6582446741276213,0,0.02265962
2019-10-31,Angela_DER_AY470_eobs_4001__2019__southbound_01,Angela / DER AY470 (eobs 4001),2019,1,9.285906,0,0.1479207952077934,0.6582446741276213,0,0.015940262
2019-10-31,Europa_DER_A1A26_eobs_4004__2019__southbound_01,Europa / DER A1A26 (eobs 4004),2019,1,7.004766,0,0.17208476332685504,0.6582446741276213,0,5.0793185
2019-10-31,Zozu_plus_DER_AL581_eobs2541__2019__southbound_01,Zozu + / DER AL581 (eobs2541),2019,1,6.2176614,0,0.17188900550297828,0.6582446741276213,0,0.00549471
2019-11-01,Angela_DER_AY470_eobs_4001__2019__southbound_01,Angela / DER AY470 (eobs 4001),2019,1,9.285906,0,0.1713694941342213,0.6582446741276213,0,0.027114842
2019-11-01,Europa_DER_A1A26_eobs_4004__2019__southbound_01,Europa / DER A1A26 (eobs 4004),2019,1,7.004766,0,0.2157523184526658,0.6582446741276213,0,5.0808387
2019-11-01,Zozu_plus_DER_AL581_eobs2541__2019__southbound_01,Zozu + / DER AL581 (eobs2541),2019,1,6.2176614,0,0.09427085235468222,0.6582446741276213,0,0.020817084
2019-11-02,Angela_DER_AY470_eobs_4001__2019__southbound_01,Angela / DER AY470 (eobs 4001),2019,1,9.285906,0,0.09381015907674287,0.6582446741276213,0,0.013295717
2019-11-02,Europa_DER_A1A26_eobs_4004__2019__southbound_01,Europa / DER A1A26 (eobs 4004),2019,1,7.004766,0,0.11321071053943606,0.6582446741276213,0,0.17686382
2019-11-02,Zozu_plus_DER_AL581_eobs2541__2019__southbound_01,Zozu + / DER AL581 (eobs2541),2019,1,6.2176614,0,0.06591098884871793,0.6582446741276213,0,0.022258906
2019-11-03,Angela_DER_AY470_eobs_4001__2019__southbound_01,Angela / DER AY470 (eobs 4001),2019,1,9.285906,0,0.22677457873807313,0.6582446741276213,0,0.008610472
2019-11-03,Europa_DER_A1A26_eobs_4004__2019__southbound_01,Europa / DER A1A26 (eobs 4004),2019,1,7.004766,0,0.18487039397328903,0.6582446741276213,0,5.4158177
2019-11-03,Zozu_plus_DER_AL581_eobs2541__2019__southbound_01,Zozu + / DER AL581 (eobs2541),2019,1,6.2176614,0,0.14152486866619404,0.6582446741276213,0,0.0031877782
2019-11-04,Angela_DER_AY470_eobs_4001__2019__southbound_01,Angela / DER AY470 (eobs 4001),2019,1,9.285906,0,0.1611815908036426,0.6582446741276213,0,0.02447394
2019-11-04,Europa_DER_A1A26_eobs_4004__2019__southbound_01,Europa / DER A1A26 (eobs 4004),2019,1,7.004766,0,0.06703468475616861,0.6582446741276213,0,6.4083366
2019-11-04,Zozu_plus_DER_AL581_eobs2541__2019__southbound_01,Zozu + / DER AL581 (eobs2541),2019,1,6.2176614,0,0.11455966691102447,0.6582446741276213,0,0.0069865226
2019-11-05,Angela_DER_AY470_eobs_4001__2019__southbound_01,Angela / DER AY470 (eobs 4001),2019,1,9.285906,0,0.07578240534505293,0.6582446741276213,0,0.027828755
2019-11-05,Europa_DER_A1A26_eobs_4004__2019__southbound_01,Europa / DER A1A26 (eobs 4004),2019,1,7.004766,0,0.11485501776478191,0.6582446741276213,0,0.054744285
2019-11-05,Zozu_plus_DER_AL581_eobs2541__2019__southbound_01,Zozu + / DER AL581 (eobs2541),2019,1,6.2176614,0,0.08608454000765314,0.6582446741276213,0,3.6802006
2019-11-06,Angela_DER_AY470_eobs_4001__2019__southbound_01,Angela / DER AY470 (eobs 4001),2019,1,9.285906,0,0.15254001272380194,0.6582446741276213,0,0.0040704077
2019-11-06,Europa_DER_A1A26_eobs_4004__2019__southbound_01,Europa / DER A1A26 (eobs 4004),2019,1,7.004766,0,0.13451752451059823,0.6582446741276213,0,0.08465342
2019-11-06,Zozu_plus_DER_AL581_eobs2541__2019__southbound_01,Zozu + / DER AL581 (eobs2541),2019,1,6.2176614,0,0.1658409631671321,0.6582446741276213,0,2.0610116
2019-11-07,Angela_DER_AY470_eobs_4001__2019__southbound_01,Angela / DER AY470 (eobs 4001),2019,1,9.285906,0,0.13289571188138272,0.6582446741276213,0,0.010640212
2019-11-07,Europa_DER_A1A26_eobs_4004__2019__southbound_01,Europa / DER A1A26 (eobs 4004),2019,1,7.004766,0,0.04261478524750917,0.6582446741276213,0,0.1336772
2019-11-07,Zozu_plus_DER_AL581_eobs2541__2019__southbound_01,Zozu + / DER AL581 (eobs2541),2019,1,6.2176614,0,0.0771487003782153,0.6582446741276213,0,0.02868119
2019-11-08,Angela_DER_AY470_eobs_4001__2019__southbound_01,Angela / DER AY470 (eobs 4001),2019,1,9.285906,0,0.06289963230378985,0.6582446741276213,0,0.018063597
2019-11-08,Europa_DER_A1A26_eobs_4004__2019__southbound_01,Europa / DER A1A26 (eobs 4004),2019,1,7.004766,0,0.07299184634313795,0.6582446741276213,0,0.6585893
2019-11-08,Zozu_plus_DER_AL581_eobs2541__2019__southbound_01,Zozu + / DER AL581 (eobs2541),2019,1,6.2176614,0,0.10812730117772786,0.6582446741276213,0,3.0746284
2019-11-09,Angela_DER_AY470_eobs_4001__2019__southbound_01,Angela / DER AY470 (eobs 4001),2019,1,9.285906,0,0.02626229577295679,0.6582446741276213,0,0.5061008
2019-11-09,Europa_DER_A1A26_eobs_4004__2019__southbound_01,Europa / DER A1A26 (eobs 4004),2019,1,7.004766,0,0.1081613515346269,0.6582446741276213,0,0.6153253
2019-11-09,Zozu_plus_DER_AL581_eobs2541__2019__southbound_01,Zozu + / DER AL581 (eobs2541),2019,1,6.2176614,0,0.09478242451366678,0.6582446741276213,0,4.706623
2019-11-10,Angela_DER_AY470_eobs_4001__2019__southbound_01,Angela / DER AY470 (eobs 4001),2019,1,9.285906,0,0.18189016356998178,0.6582446741276213,0,0.31925437
2019-11-10,Europa_DER_A1A26_eobs_4004__2019__southbound_01,Europa / DER A1A26 (eobs 4004),2019,1,7.004766,0,0.04594312743509139,0.6582446741276213,0,4.5518446
2019-11-10,Zozu_plus_DER_AL581_eobs2541__2019__southbound_01,Zozu + / DER AL581 (eobs2541),2019,1,6.2176614,0,0.07387506384222876,0.6582446741276213,0,8.09023
2019-11-11,Angela_DER_AY470_eobs_4001__2019__southbound_01,Angela / DER AY470 (eobs 4001),2019,1,9.285906,0,0.18221029065345265,0.6582446741276213,0,0.33657038
2019-11-11,Europa_DER_A1A26_eobs_4004__2019__southbound_01,Europa / DER A1A26 (eobs 4004),2019,1,7.004766,0,0.06012862246101612,0.6582446741276213,0,1.7698361
2019-11-11,Zozu_plus_DER_AL581_eobs2541__2019__southbound_01,Zozu + / DER AL581 (eobs2541),2019,1,6.2176614,0,0.1581079379951052,0.6582446741276213,0,0.09364996
2019-11-12,Angela_DER_AY470_eobs_4001__2019__southbound_01,Angela / DER AY470 (eobs 4001),2019,1,9.285906,0,0.1261042253431035,0.6582446741276213,0,0.11512898
2019-11-12,Europa_DER_A1A26_eobs_4004__2019__southbound_01,Europa / DER A1A26 (eobs 4004),2019,1,7.004766,0,0.04671993106708224,0.6582446741276213,0,6.229133
2019-11-12,Zozu_plus_DER_AL581_eobs2541__2019__southbound_01,Zozu + / DER AL581 (eobs2541),2019,1,6.2176614,0,0.17632665329086641,0.6582446741276213,0,6.4709167
2019-11-13,Angela_DER_AY470_eobs_4001__2019__southbound_01,Angela / DER AY470 (eobs 4001),2019,1,9.285906,0,0.069275791419869,0.6582446741276213,0,0.49467632
2019-11-13,Europa_DER_A1A26_eobs_4004__2019__southbound_01,Europa / DER A1A26 (eobs 4004),2019,1,7.004766,0,0.14962635729439328,0.6582446741276213,0,7.786413
2019-11-13,Zozu_plus_DER_AL581_eobs2541__2019__southbound_01,Zozu + / DER AL581 (eobs2541),2019,1,6.2176614,0,0.1793525505053184,0.6582446741276213,0,0.013543652
2019-11-14,Angela_DER_AY470_eobs_4001__2019__southbound_01,Angela / DER AY470 (eobs 4001),2019,1,9.285906,0,0.07429118167942637,0.6582446741276213,0,0.0646586
2019-11-14,Europa_DER_A1A26_eobs_4004__2019__southbound_01,Europa / DER A1A26 (eobs 4004),2019,1,7.004766,0,0.14320851317999306,0.6582446741276213,0,5.262263
2019-11-14,Zozu_plus_DER_AL581_eobs2541__2019__southbound_01,Zozu + / DER AL581 (eobs2541),2019,1,6.2176614,0,0.056781413119583936,0.6582446741276213,0,0.0906081
2019-11-15,Angela_DER_AY470_eobs_4001__2019__southbound_01,Angela / DER AY470 (eobs 4001),2019,1,9.285906,0,0.04477698917148158,0.6582446741276213,0,0.04266649
2019-11-15,Europa_DER_A1A26_eobs_4004__2019__southbound_01,Europa / DER A1A26 (eobs 4004),2019,1,7.004766,0,0.07560703634257522,0.6582446741276213,0,5.5853415
2019-11-15,Zozu_plus_DER_AL581_eobs2541__2019__southbound_01,Zozu + / DER AL581 (eobs2541),2019,1,6.2176614,0,0.06934369192136323,0.6582446741276213,0,0.0909918
2019-11-16,Angela_DER_AY470_eobs_4001__2019__southbound_01,Angela / DER AY470 (eobs 4001),2019,1,9.285906,0,0.0807601213118526,0.6582446741276213,0,0.0075803446
2019-11-16,Zozu_plus_DER_AL581_eobs2541__2019__southbound_01,Zozu + / DER AL581 (eobs2541),2019,1,6.2176614,0,0.04893353686015159,0.6582446741276213,0,0.002444287
2019-11-17,Angela_DER_AY470_eobs_4001__2019__southbound_01,Angela / DER AY470 (eobs 4001),2019,1,9.285906,0,0.10521185218215798,0.6582446741276213,0,3.4387429
2019-11-17,Zozu_plus_DER_AL581_eobs2541__2019__southbound_01,Zozu + / DER AL581 (eobs2541),2019,1,6.2176614,0,0.07059491845984557,0.6582446741276213,0,5.8428946
2019-11-18,Angela_DER_AY470_eobs_4001__2019__southbound_01,Angela / DER AY470 (eobs 4001),2019,1,9.285906,0,0.03299711940532103,0.6582446741276213,0,0.25847366
2019-11-18,Zozu_plus_DER_AL581_eobs2541__2019__southbound_01,Zozu + / DER AL581 (eobs2541),2019,1,6.2176614,0,0.10633219226682747,0.6582446741276213,0,5.844592
2019-11-19,Angela_DER_AY470_eobs_4001__2019__southbound_01,Angela / DER AY470 (eobs 4001),2019,1,9.285906,0,0.0809085918026518,0.6582446741276213,0,0.35126427
2019-11-19,Zozu_plus_DER_AL581_eobs2541__2019__southbound_01,Zozu + / DER AL581 (eobs2541),2019,1,6.2176614,0,0.06658570465315262,0.6582446741276213,0,1.9778725
2019-11-20,Angela_DER_AY470_eobs_4001__2019__southbound_01,Angela / DER AY470 (eobs 4001),2019,1,9.285906,0,0.11831516470392299,0.6582446741276213,0,0.19890858
2019-11-20,Zozu_plus_DER_AL581_eobs2541__2019__southbound_01,Zozu + / DER AL581 (eobs2541),2019,1,6.2176614,0,0.09943257709185269,0.6582446741276213,0,1.9886934
2019-11-21,Angela_DER_AY470_eobs_4001__2019__southbound_01,Angela / DER AY470 (eobs 4001),2019,1,9.285906,0,0.03528665064676286,0.6582446741276213,0,1.826903
2019-11-21,Zozu_plus_DER_AL581_eobs2541__2019__southbound_01,Zozu + / DER AL581 (eobs2541),2019,1,6.2176614,0,0.05102043845858868,0.6582446741276213,0,1.6364815
2019-11-22,Angela_DER_AY470_eobs_4001__2019__southbound_01,Angela / DER AY470 (eobs 4001),2019,1,9.285906,0,0.09412663968094637,0.6582446741276213,0,1.4731357
2019-11-22,Zozu_plus_DER_AL581_eobs2541__2019__southbound_01,Zozu + / DER AL581 (eobs2541),2019,1,6.2176614,0,0.05611280762836004,0.6582446741276213,0,1.637768
2019-11-23,Angela_DER_AY470_eobs_4001__2019__southbound_01,Angela / DER AY470 (eobs 4001),2019,1,9.285906,0,0.09266995590924237,0.6582446741276213,0,3.442102
2019-11-23,Zozu_plus_DER_AL581_eobs2541__2019__southbound_01,Zozu + / DER AL581 (eobs2541),2019,1,6.2176614,0,0.06062570901743764,0.6582446741276213,0,0.0133839855
2019-11-24,Angela_DER_AY470_eobs_4001__2019__southbound_01,Angela / DER AY470 (eobs 4001),2019,1,9.285906,0,0.05549105930430987,0.6582446741276213,0,3.526672
2019-11-24,Zozu_plus_DER_AL581_eobs2541__2019__southbound_01,Zozu + / DER AL581 (eobs2541),2019,1,6.2176614,0,0.06292138703577338,0.6582446741276213,0,0.015461633
2019-11-25,Angela_DER_AY470_eobs_4001__2019__southbound_01,Angela / DER AY470 (eobs 4001),2019,1,9.285906,0,0.09928493470550535,0.6582446741276213,0,0.18294378
2019-11-25,Zozu_plus_DER_AL581_eobs2541__2019__southbound_01,Zozu + / DER AL581 (eobs2541),2019,1,6.2176614,0,0.1059552428438164,0.6582446741276213,0,0.8105639
2019-11-26,Angela_DER_AY470_eobs_4001__2019__southbound_01,Angela / DER AY470 (eobs 4001),2019,1,9.285906,0,0.059577569067536876,0.6582446741276213,0,0.2330669
2019-11-26,Zozu_plus_DER_AL581_eobs2541__2019__southbound_01,Zozu + / DER AL581 (eobs2541),2019,1,6.2176614,0,0.01993069446743027,0.6582446741276213,0,0.80803776
2019-11-27,Angela_DER_AY470_eobs_4001__2019__southbound_01,Angela / DER AY470 (eobs 4001),2019,1,9.285906,0,0.04249227859484745,0.6582446741276213,0,1.2668691
2019-11-27,Zozu_plus_DER_AL581_eobs2541__2019__southbound_01,Zozu + / DER AL581 (eobs2541),2019,1,6.2176614,0,0.031587201023895534,0.6582446741276213,0,1.6158541
2019-11-28,Angela_DER_AY470_eobs_4001__2019__southbound_01,Angela / DER AY470 (eobs 4001),2019,1,9.285906,0,0.042311536174051645,0.6582446741276213,0,0.92112017
2019-11-28,Zozu_plus_DER_AL581_eobs2541__2019__southbound_01,Zozu + / DER AL581 (eobs2541),2019,1,6.2176614,0,0.03529709430278404,0.6582446741276213,0,0.012244043
2019-11-29,Angela_DER_AY470_eobs_4001__2019__southbound_01,Angela / DER AY470 (eobs 4001),2019,1,9.285906,0,0.03372387189367775,0.6582446741276213,0,0.18983671
2019-11-29,Zozu_plus_DER_AL581_eobs2541__2019__southbound_01,Zozu + / DER AL581 (eobs2541),2019,1,6.2176614,0,0.019934891044592392,0.6582446741276213,0,2.001316
2019-11-30,Angela_DER_AY470_eobs_4001__2019__southbound_01,Angela / DER AY470 (eobs 4001),2019,1,9.285906,0,0.046763862081417105,0.6582446741276213,0,0.16875415
2019-11-30,Zozu_plus_DER_AL581_eobs2541__2019__southbound_01,Zozu + / DER AL581 (eobs2541),2019,1,6.2176614,0,0.04455010089015509,0.6582446741276213,0,2.0372267
2019-12-01,Angela_DER_AY470_eobs_4001__2019__southbound_01,Angela / DER AY470 (eobs 4001),2019,1,9.285906,0,0.03575727181857941,0.6582446741276213,0,3.6939094
2019-12-01,Zozu_plus_DER_AL581_eobs2541__2019__southbound_01,Zozu + / DER AL581 (eobs2541),2019,1,6.2176614,0,0.05032642266149547,0.6582446741276213,0,0.006450524
2019-12-02,Angela_DER_AY470_eobs_4001__2019__southbound_01,Angela / DER AY470 (eobs 4001),2019,1,9.285906,0,0.04325893911944333,0.6582446741276213,0,0.023334812
2019-12-02,Zozu_plus_DER_AL581_eobs2541__2019__southbound_01,Zozu + / DER AL581 (eobs2541),2019,1,6.2176614,0,0.025202891793120036,0.6582446741276213,0,0.0033939069
2019-12-03,Angela_DER_AY470_eobs_4001__2019__southbound_01,Angela / DER AY470 (eobs 4001),2019,1,9.285906,0,0.028527775868100753,0.6582446741276213,0,3.5917184
2019-12-03,Zozu_plus_DER_AL581_eobs2541__2019__southbound_01,Zozu + / DER AL581 (eobs2541),2019,1,6.2176614,0,0.05420600570290736,0.6582446741276213,0,0.08340692
2019-12-04,Angela_DER_AY470_eobs_4001__2019__southbound_01,Angela / DER AY470 (eobs 4001),2019,1,9.285906,0,0.034119939818054924,0.6582446741276213,0,0.13247351
2019-12-04,Zozu_plus_DER_AL581_eobs2541__2019__southbound_01,Zozu + / DER AL581 (eobs2541),2019,1,6.2176614,0,0.04391401438910779,0.6582446741276213,0,0.033783834
2019-12-05,Angela_DER_AY470_eobs_4001__2019__southbound_01,Angela / DER AY470 (eobs 4001),2019,1,9.285906,0,0.03385937819553478,0.6582446741276213,0,0.008998623
2019-12-05,Zozu_plus_DER_AL581_eobs2541__2019__southbound_01,Zozu + / DER AL581 (eobs2541),2019,1,6.2176614,0,0.01983255176937866,0.6582446741276213,0,0.029195528
2019-12-06,Angela_DER_AY470_eobs_4001__2019__southbound_01,Angela / DER AY470 (eobs 4001),2019,1,9.285906,0,0.042141757318894905,0.6582446741276213,0,0.09988166
2019-12-06,Zozu_plus_DER_AL581_eobs2541__2019__southbound_01,Zozu + / DER AL581 (eobs2541),2019,1,6.2176614,1,0.012981656511917725,0.6582446741276213,0,49.354767
2019-12-07,Angela_DER_AY470_eobs_4001__2019__southbound_01,Angela / DER AY470 (eobs 4001),2019,1,9.285906,0,0.023070128278201,0.6582446741276213,0,0.10618658
2019-12-07,Zozu_plus_DER_AL581_eobs2541__2019__southbound_01,Zozu + / DER AL581 (eobs2541),2019,1,6.2176614,0,0.9407325295547788,0.6582446741276213,1,0.35621473
2019-12-08,Angela_DER_AY470_eobs_4001__2019__southbound_01,Angela / DER AY470 (eobs 4001),2019,1,9.285906,0,0.014326428662623968,0.6582446741276213,0,0.009002644
2019-12-08,Zozu_plus_DER_AL581_eobs2541__2019__southbound_01,Zozu + / DER AL581 (eobs2541),2019,1,6.2176614,0,0.1949733583456391,0.6582446741276213,0,1.4748272
2019-12-09,Zozu_plus_DER_AL581_eobs2541__2019__southbound_01,Zozu + / DER AL581 (eobs2541),2019,1,6.2176614,1,0.10330687901211152,0.6582446741276213,0,48.202354
2019-12-10,Zozu_plus_DER_AL581_eobs2541__2019__southbound_01,Zozu + / DER AL581 (eobs2541),2019,1,6.2176614,0,0.5216153466155649,0.6582446741276213,0,0.17847928
2019-12-11,Zozu_plus_DER_AL581_eobs2541__2019__southbound_01,Zozu + / DER AL581 (eobs2541),2019,1,6.2176614,0,0.06624911985498654,0.6582446741276213,0,8.031143
2019-12-12,Zozu_plus_DER_AL581_eobs2541__2019__southbound_01,Zozu + / DER AL581 (eobs2541),2019,1,6.2176614,0,0.06925810528289325,0.6582446741276213,0,0.023288382
2019-12-13,Zozu_plus_DER_AL581_eobs2541__2019__southbound_01,Zozu + / DER AL581 (eobs2541),2019,1,6.2176614,0,0.19177987814273098,0.6582446741276213,0,0.16845141
2019-12-14,Zozu_plus_DER_AL581_eobs2541__2019__southbound_01,Zozu + / DER AL581 (eobs2541),2019,1,6.2176614,0,0.04580388403600909,0.6582446741276213,0,6.2229757
2019-12-15,Zozu_plus_DER_AL581_eobs2541__2019__southbound_01,Zozu + / DER AL581 (eobs2541),2019,1,6.2176614,0,0.042863774279926055,0.6582446741276213,0,1.6152493
2019-12-16,Zozu_plus_DER_AL581_eobs2541__2019__southbound_01,Zozu + / DER AL581 (eobs2541),2019,1,6.2176614,0,0.03440158866796266,0.6582446741276213,0,7.985445
2019-12-17,Zozu_plus_DER_AL581_eobs2541__2019__southbound_01,Zozu + / DER AL581 (eobs2541),2019,1,6.2176614,0,0.05374470690125938,0.6582446741276213,0,0.05763608
2019-12-18,Zozu_plus_DER_AL581_eobs2541__2019__southbound_01,Zozu + / DER AL581 (eobs2541),2019,1,6.2176614,0,0.025838728636005816,0.6582446741276213,0,0.036349416
2019-12-19,Zozu_plus_DER_AL581_eobs2541__2019__southbound_01,Zozu + / DER AL581 (eobs2541),2019,1,6.2176614,0,0.024590762134200802,0.6582446741276213,0,0.051563594
2019-12-20,Zozu_plus_DER_AL581_eobs2541__2019__southbound_01,Zozu + / DER AL581 (eobs2541),2019,1,6.2176614,0,0.025805971233426525,0.6582446741276213,0,0.0532163
2019-12-21,Zozu_plus_DER_AL581_eobs2541__2019__southbound_01,Zozu + / DER AL581 (eobs2541),2019,1,6.2176614,0,0.021871570007090967,0.6582446741276213,0,7.8776712
2019-12-22,Zozu_plus_DER_AL581_eobs2541__2019__southbound_01,Zozu + / DER AL581 (eobs2541),2019,1,6.2176614,0,0.009405418351517723,0.6582446741276213,0,7.775192
2019-12-23,Zozu_plus_DER_AL581_eobs2541__2019__southbound_01,Zozu + / DER AL581 (eobs2541),2019,1,6.2176614,0,0.020503139454785966,0.6582446741276213,0,0.114996836
2019-12-24,Zozu_plus_DER_AL581_eobs2541__2019__southbound_01,Zozu + / DER AL581 (eobs2541),2019,1,6.2176614,0,0.01384403744485637,0.6582446741276213,0,7.9476185
2019-12-25,Zozu_plus_DER_AL581_eobs2541__2019__southbound_01,Zozu + / DER AL581 (eobs2541),2019,1,6.2176614,0,0.025396773886909814,0.6582446741276213,0,8.009782
2019-12-26,Zozu_plus_DER_AL581_eobs2541__2019__southbound_01,Zozu + / DER AL581 (eobs2541),2019,1,6.2176614,0,0.03651624052143837,0.6582446741276213,0,1.4106545
2019-12-27,Zozu_plus_DER_AL581_eobs2541__2019__southbound_01,Zozu + / DER AL581 (eobs2541),2019,1,6.2176614,0,0.012661528636451756,0.6582446741276213,0,1.3758757
2019-12-28,Zozu_plus_DER_AL581_eobs2541__2019__southbound_01,Zozu + / DER AL581 (eobs2541),2019,1,6.2176614,0,0.026198648251132776,0.6582446741276213,0,0.26327547
2020-06-23,Zozu_plus_DER_AL581_eobs2541__2020__southbound_01,Zozu + / DER AL581 (eobs2541),2020,1,6.2783275,0,0.02933739847756529,0.6582446741276213,0,0.26509944
2020-06-24,Zozu_plus_DER_AL581_eobs2541__2020__southbound_01,Zozu + / DER AL581 (eobs2541),2020,1,6.2783275,0,0.027113117559123184,0.6582446741276213,0,0.91730946
2020-06-25,Zozu_plus_DER_AL581_eobs2541__2020__southbound_01,Zozu + / DER AL581 (eobs2541),2020,1,6.2783275,0,0.018150650228569116,0.6582446741276213,0,0.73751837
2020-06-26,Zozu_plus_DER_AL581_eobs2541__2020__southbound_01,Zozu + / DER AL581 (eobs2541),2020,1,6.2783275,0,0.017751220026582748,0.6582446741276213,0,1.0309653
2020-06-27,Zozu_plus_DER_AL581_eobs2541__2020__southbound_01,Zozu + / DER AL581 (eobs2541),2020,1,6.2783275,0,0.03640032019608306,0.6582446741276213,0,0.99645835
2020-06-28,Zozu_plus_DER_AL581_eobs2541__2020__southbound_01,Zozu + / DER AL581 (eobs2541),2020,1,6.2783275,0,0.046906389670072476,0.6582446741276213,0,1.2022967
2020-06-29,Zozu_plus_DER_AL581_eobs2541__2020__southbound_01,Zozu + / DER AL581 (eobs2541),2020,1,6.2783275,0,0.061032431971074746,0.6582446741276213,0,0.745943
2020-06-30,Zozu_plus_DER_AL581_eobs2541__2020__southbound_01,Zozu + / DER AL581 (eobs2541),2020,1,6.2783275,0,0.030027817409811617,0.6582446741276213,0,0.5176338
2020-07-01,Zozu_plus_DER_AL581_eobs2541__2020__southbound_01,Zozu + / DER AL581 (eobs2541),2020,1,6.2783275,0,0.05455236144784328,0.6582446741276213,0,0.5282758
2020-07-02,Zozu_plus_DER_AL581_eobs2541__2020__southbound_01,Zozu + / DER AL581 (eobs2541),2020,1,6.2783275,0,0.02464046063843756,0.6582446741276213,0,0.52167386
2020-07-03,Zozu_plus_DER_AL581_eobs2541__2020__southbound_01,Zozu + / DER AL581 (eobs2541),2020,1,6.2783275,0,0.029774396956860287,0.6582446741276213,0,0.41575778
2020-07-04,Zozu_plus_DER_AL581_eobs2541__2020__southbound_01,Zozu + / DER AL581 (eobs2541),2020,1,6.2783275,0,0.03493505022726531,0.6582446741276213,0,0.15051761
2020-07-05,Zozu_plus_DER_AL581_eobs2541__2020__southbound_01,Zozu + / DER AL581 (eobs2541),2020,1,6.2783275,0,0.043186466554292396,0.6582446741276213,0,0.027724216
2020-07-06,Zozu_plus_DER_AL581_eobs2541__2020__southbound_01,Zozu + / DER AL581 (eobs2541),2020,1,6.2783275,0,0.04644928084096237,0.6582446741276213,0,0.670248
2020-07-07,Zozu_plus_DER_AL581_eobs2541__2020__southbound_01,Zozu + / DER AL581 (eobs2541),2020,1,6.2783275,0,0.047054240821293045,0.6582446741276213,0,0.6877399
2020-07-08,Zozu_plus_DER_AL581_eobs2541__2020__southbound_01,Zozu + / DER AL581 (eobs2541),2020,1,6.2783275,0,0.025704770073013944,0.6582446741276213,0,0.42578512
2020-07-09,Zozu_plus_DER_AL581_eobs2541__2020__southbound_01,Zozu + / DER AL581 (eobs2541),2020,1,6.2783275,0,0.07262257923368585,0.6582446741276213,0,0.47050673
2020-07-10,Angela_DER_AY470_eobs_4001__2020__southbound_01,Angela / DER AY470 (eobs 4001),2020,1,11.86833,0,0.013399160161619413,0.6582446741276213,0,1.2151045
2020-07-10,Zozu_plus_DER_AL581_eobs2541__2020__southbound_01,Zozu + / DER AL581 (eobs2541),2020,1,6.2783275,0,0.056636686815662744,0.6582446741276213,0,0.20218152
2020-07-11,Angela_DER_AY470_eobs_4001__2020__southbound_01,Angela / DER AY470 (eobs 4001),2020,1,11.86833,0,0.039670579035283815,0.6582446741276213,0,0.7302498
2020-07-11,Zozu_plus_DER_AL581_eobs2541__2020__southbound_01,Zozu + / DER AL581 (eobs2541),2020,1,6.2783275,0,0.03387618948512284,0.6582446741276213,0,0.17085266
2020-07-12,Angela_DER_AY470_eobs_4001__2020__southbound_01,Angela / DER AY470 (eobs 4001),2020,1,11.86833,0,0.02812747735247306,0.6582446741276213,0,1.9977745
2020-07-12,Zozu_plus_DER_AL581_eobs2541__2020__southbound_01,Zozu + / DER AL581 (eobs2541),2020,1,6.2783275,0,0.04472302454177634,0.6582446741276213,0,0.51562476
2020-07-13,Angela_DER_AY470_eobs_4001__2020__southbound_01,Angela / DER AY470 (eobs 4001),2020,1,11.86833,0,0.01813452409712028,0.6582446741276213,0,1.5935731
2020-07-13,Zozu_plus_DER_AL581_eobs2541__2020__southbound_01,Zozu + / DER AL581 (eobs2541),2020,1,6.2783275,0,0.043716973123072676,0.6582446741276213,0,0.90415376
2020-07-14,Angela_DER_AY470_eobs_4001__2020__southbound_01,Angela / DER AY470 (eobs 4001),2020,1,11.86833,0,0.05338189657757427,0.6582446741276213,0,2.794612
2020-07-14,Mirabell_plus_DER_AN910_eobs_3907__2020__southbound_01,Mirabell + / DER AN910 (eobs 3907),2020,1,9.278834,0,0.05286899504271904,0.6582446741276213,0,0.008005003
2020-07-14,Zozu_plus_DER_AL581_eobs2541__2020__southbound_01,Zozu + / DER AL581 (eobs2541),2020,1,6.2783275,0,0.05029595824868929,0.6582446741276213,0,7.594195
2020-07-15,Angela_DER_AY470_eobs_4001__2020__southbound_01,Angela / DER AY470 (eobs 4001),2020,1,11.86833,0,0.09602977389476233,0.6582446741276213,0,0.15174876
2020-07-15,Mirabell_plus_DER_AN910_eobs_3907__2020__southbound_01,Mirabell + / DER AN910 (eobs 3907),2020,1,9.278834,0,0.06410495234002055,0.6582446741276213,0,0.36203712
2020-07-15,Zozu_plus_DER_AL581_eobs2541__2020__southbound_01,Zozu + / DER AL581 (eobs2541),2020,1,6.2783275,0,0.04877848787576558,0.6582446741276213,0,0.7507458
2020-07-16,Angela_DER_AY470_eobs_4001__2020__southbound_01,Angela / DER AY470 (eobs 4001),2020,1,11.86833,0,0.06911391800456262,0.6582446741276213,0,2.9524593
2020-07-16,Mirabell_plus_DER_AN910_eobs_3907__2020__southbound_01,Mirabell + / DER AN910 (eobs 3907),2020,1,9.278834,0,0.09191071134343445,0.6582446741276213,0,0.060173836
2020-07-16,Zozu_plus_DER_AL581_eobs2541__2020__southbound_01,Zozu + / DER AL581 (eobs2541),2020,1,6.2783275,0,0.03184638894394214,0.6582446741276213,0,8.324844
2020-07-17,Angela_DER_AY470_eobs_4001__2020__southbound_01,Angela / DER AY470 (eobs 4001),2020,1,11.86833,0,0.01724996189090756,0.6582446741276213,0,0.5846671
2020-07-17,Mirabell_plus_DER_AN910_eobs_3907__2020__southbound_01,Mirabell + / DER AN910 (eobs 3907),2020,1,9.278834,0,0.042476148794475,0.6582446741276213,0,0.012033161
2020-07-17,Zozu_plus_DER_AL581_eobs2541__2020__southbound_01,Zozu + / DER AL581 (eobs2541),2020,1,6.2783275,0,0.09933728489767459,0.6582446741276213,0,1.438985
2020-07-18,Angela_DER_AY470_eobs_4001__2020__southbound_01,Angela / DER AY470 (eobs 4001),2020,1,11.86833,0,0.023113030804096324,0.6582446741276213,0,4.321206
2020-07-18,Mirabell_plus_DER_AN910_eobs_3907__2020__southbound_01,Mirabell + / DER AN910 (eobs 3907),2020,1,9.278834,0,0.05320851698438521,0.6582446741276213,0,0.43823096
2020-07-18,Zozu_plus_DER_AL581_eobs2541__2020__southbound_01,Zozu + / DER AL581 (eobs2541),2020,1,6.2783275,0,0.06648934406879037,0.6582446741276213,0,2.134112
2020-07-19,Angela_DER_AY470_eobs_4001__2020__southbound_01,Angela / DER AY470 (eobs 4001),2020,1,11.86833,0,0.08623656548910606,0.6582446741276213,0,2.752734
2020-07-19,Mirabell_plus_DER_AN910_eobs_3907__2020__southbound_01,Mirabell + / DER AN910 (eobs 3907),2020,1,9.278834,0,0.12614976775378792,0.6582446741276213,0,0.021599011
2020-07-19,Zozu_plus_DER_AL581_eobs2541__2020__southbound_01,Zozu + / DER AL581 (eobs2541),2020,1,6.2783275,0,0.02472070088201317,0.6582446741276213,0,1.9205843
2020-07-20,Angela_DER_AY470_eobs_4001__2020__southbound_01,Angela / DER AY470 (eobs 4001),2020,1,11.86833,0,0.060191839757364834,0.6582446741276213,0,0.16788699
2020-07-20,Mirabell_plus_DER_AN910_eobs_3907__2020__southbound_01,Mirabell + / DER AN910 (eobs 3907),2020,1,9.278834,0,0.09622947870336884,0.6582446741276213,0,0.17692089
2020-07-20,Zozu_plus_DER_AL581_eobs2541__2020__southbound_01,Zozu + / DER AL581 (eobs2541),2020,1,6.2783275,0,0.07327008513266843,0.6582446741276213,0,7.330401
2020-07-21,Angela_DER_AY470_eobs_4001__2020__southbound_01,Angela / DER AY470 (eobs 4001),2020,1,11.86833,0,0.03364267110798419,0.6582446741276213,0,0.28147385
2020-07-21,Mirabell_plus_DER_AN910_eobs_3907__2020__southbound_01,Mirabell + / DER AN910 (eobs 3907),2020,1,9.278834,0,0.04050287024172084,0.6582446741276213,0,0.16249017
2020-07-21,Zozu_plus_DER_AL581_eobs2541__2020__southbound_01,Zozu + / DER AL581 (eobs2541),2020,1,6.2783275,0,0.04653237567346839,0.6582446741276213,0,8.173459
2020-07-22,Angela_DER_AY470_eobs_4001__2020__southbound_01,Angela / DER AY470 (eobs 4001),2020,1,11.86833,0,0.06379713590229277,0.6582446741276213,0,0.32390055
2020-07-22,Mirabell_plus_DER_AN910_eobs_3907__2020__southbound_01,Mirabell + / DER AN910 (eobs 3907),2020,1,9.278834,0,0.0674350593397215,0.6582446741276213,0,0.056860093
2020-07-22,Zozu_plus_DER_AL581_eobs2541__2020__southbound_01,Zozu + / DER AL581 (eobs2541),2020,1,6.2783275,0,0.09184464920412792,0.6582446741276213,0,0.47975573
2020-07-23,Angela_DER_AY470_eobs_4001__2020__southbound_01,Angela / DER AY470 (eobs 4001),2020,1,11.86833,0,0.038300115284524774,0.6582446741276213,0,6.3514075
2020-07-23,Mirabell_plus_DER_AN910_eobs_3907__2020__southbound_01,Mirabell + / DER AN910 (eobs 3907),2020,1,9.278834,0,0.03866166613515432,0.6582446741276213,0,0.038643647
2020-07-23,Zozu_plus_DER_AL581_eobs2541__2020__southbound_01,Zozu + / DER AL581 (eobs2541),2020,1,6.2783275,0,0.05249759879242182,0.6582446741276213,0,1.6035222
2020-07-24,Angela_DER_AY470_eobs_4001__2020__southbound_01,Angela / DER AY470 (eobs 4001),2020,1,11.86833,0,0.06297976760874885,0.6582446741276213,0,0.559683
2020-07-24,Mirabell_plus_DER_AN910_eobs_3907__2020__southbound_01,Mirabell + / DER AN910 (eobs 3907),2020,1,9.278834,0,0.06556747326414959,0.6582446741276213,0,0.33440727
2020-07-24,Zozu_plus_DER_AL581_eobs2541__2020__southbound_01,Zozu + / DER AL581 (eobs2541),2020,1,6.2783275,0,0.06813861105239827,0.6582446741276213,0,0.885505
2020-07-25,Angela_DER_AY470_eobs_4001__2020__southbound_01,Angela / DER AY470 (eobs 4001),2020,1,11.86833,0,0.03395156054206687,0.6582446741276213,0,2.3586595
2020-07-25,Mirabell_plus_DER_AN910_eobs_3907__2020__southbound_01,Mirabell + / DER AN910 (eobs 3907),2020,1,9.278834,0,0.0635418014830268,0.6582446741276213,0,0.40133238
2020-07-25,Zozu_plus_DER_AL581_eobs2541__2020__southbound_01,Zozu + / DER AL581 (eobs2541),2020,1,6.2783275,0,0.07529158700962428,0.6582446741276213,0,8.422084
2020-07-26,Angela_DER_AY470_eobs_4001__2020__southbound_01,Angela / DER AY470 (eobs 4001),2020,1,11.86833,0,0.02755693371532659,0.6582446741276213,0,2.2034698
2020-07-26,Mirabell_plus_DER_AN910_eobs_3907__2020__southbound_01,Mirabell + / DER AN910 (eobs 3907),2020,1,9.278834,0,0.129980089303811,0.6582446741276213,0,0.026495254
2020-07-26,Zozu_plus_DER_AL581_eobs2541__2020__southbound_01,Zozu + / DER AL581 (eobs2541),2020,1,6.2783275,0,0.061278547844056876,0.6582446741276213,0,0.08270326
2020-07-27,Angela_DER_AY470_eobs_4001__2020__southbound_01,Angela / DER AY470 (eobs 4001),2020,1,11.86833,0,0.09903967122195448,0.6582446741276213,0,2.760724
2020-07-27,Mirabell_plus_DER_AN910_eobs_3907__2020__southbound_01,Mirabell + / DER AN910 (eobs 3907),2020,1,9.278834,0,0.11776343085607771,0.6582446741276213,0,0.029602265
2020-07-27,Zozu_plus_DER_AL581_eobs2541__2020__southbound_01,Zozu + / DER AL581 (eobs2541),2020,1,6.2783275,0,0.02452838643511239,0.6582446741276213,0,0.1609604
2020-07-28,Angela_DER_AY470_eobs_4001__2020__southbound_01,Angela / DER AY470 (eobs 4001),2020,1,11.86833,0,0.05484601503697173,0.6582446741276213,0,2.036373
2020-07-28,Mirabell_plus_DER_AN910_eobs_3907__2020__southbound_01,Mirabell + / DER AN910 (eobs 3907),2020,1,9.278834,0,0.06373696355800962,0.6582446741276213,0,0.11251746
2020-07-28,Sierit_DER_AN858_eobs2561__2020__southbound_01,Sierit  / DER AN858 (eobs2561),2020,1,6.2724504,0,0.08806236067656512,0.6582446741276213,0,0.39379263
2020-07-28,Zozu_plus_DER_AL581_eobs2541__2020__southbound_01,Zozu + / DER AL581 (eobs2541),2020,1,6.2783275,0,0.06430496669581329,0.6582446741276213,0,0.78052145
2020-07-29,Angela_DER_AY470_eobs_4001__2020__southbound_01,Angela / DER AY470 (eobs 4001),2020,1,11.86833,0,0.025107692716887103,0.6582446741276213,0,2.5831995
2020-07-29,Mirabell_plus_DER_AN910_eobs_3907__2020__southbound_01,Mirabell + / DER AN910 (eobs 3907),2020,1,9.278834,0,0.039359897087773404,0.6582446741276213,0,0.0956753
2020-07-29,Sierit_DER_AN858_eobs2561__2020__southbound_01,Sierit  / DER AN858 (eobs2561),2020,1,6.2724504,0,0.065533534444166,0.6582446741276213,0,0.29227868
2020-07-29,Zozu_plus_DER_AL581_eobs2541__2020__southbound_01,Zozu + / DER AL581 (eobs2541),2020,1,6.2783275,0,0.055902423508707534,0.6582446741276213,0,0.95889604
2020-07-30,Angela_DER_AY470_eobs_4001__2020__southbound_01,Angela / DER AY470 (eobs 4001),2020,1,11.86833,0,0.052106115969483016,0.6582446741276213,0,0.25480202
2020-07-30,Mirabell_plus_DER_AN910_eobs_3907__2020__southbound_01,Mirabell + / DER AN910 (eobs 3907),2020,1,9.278834,0,0.06981711385771029,0.6582446741276213,0,0.024246003
2020-07-30,Sierit_DER_AN858_eobs2561__2020__southbound_01,Sierit  / DER AN858 (eobs2561),2020,1,6.2724504,0,0.04658267031021395,0.6582446741276213,0,0.18807447
2020-07-30,Zozu_plus_DER_AL581_eobs2541__2020__southbound_01,Zozu + / DER AL581 (eobs2541),2020,1,6.2783275,0,0.05034381502050243,0.6582446741276213,0,1.8240228
2020-07-31,Angela_DER_AY470_eobs_4001__2020__southbound_01,Angela / DER AY470 (eobs 4001),2020,1,11.86833,0,0.07154465649391936,0.6582446741276213,0,0.08604845
2020-07-31,Mirabell_plus_DER_AN910_eobs_3907__2020__southbound_01,Mirabell + / DER AN910 (eobs 3907),2020,1,9.278834,0,0.09055227503909884,0.6582446741276213,0,0.05941004
2020-07-31,Sierit_DER_AN858_eobs2561__2020__southbound_01,Sierit  / DER AN858 (eobs2561),2020,1,6.2724504,0,0.07517198109348096,0.6582446741276213,0,0.21591215
2020-07-31,Zozu_plus_DER_AL581_eobs2541__2020__southbound_01,Zozu + / DER AL581 (eobs2541),2020,1,6.2783275,0,0.06059079244954508,0.6582446741276213,0,0.03991692
2020-08-01,Angela_DER_AY470_eobs_4001__2020__southbound_01,Angela / DER AY470 (eobs 4001),2020,1,11.86833,0,0.0764257983578178,0.6582446741276213,0,1.0003593
2020-08-01,Mirabell_plus_DER_AN910_eobs_3907__2020__southbound_01,Mirabell + / DER AN910 (eobs 3907),2020,1,9.278834,0,0.10782104876292324,0.6582446741276213,0,0.28181353
2020-08-01,Sierit_DER_AN858_eobs2561__2020__southbound_01,Sierit  / DER AN858 (eobs2561),2020,1,6.2724504,0,0.08844738518139023,0.6582446741276213,0,0.18609858
2020-08-01,Zozu_plus_DER_AL581_eobs2541__2020__southbound_01,Zozu + / DER AL581 (eobs2541),2020,1,6.2783275,0,0.09044629512966365,0.6582446741276213,0,0.016201591
2020-08-02,Angela_DER_AY470_eobs_4001__2020__southbound_01,Angela / DER AY470 (eobs 4001),2020,1,11.86833,0,0.03409432911028506,0.6582446741276213,0,0.9582505
2020-08-02,Mirabell_plus_DER_AN910_eobs_3907__2020__southbound_01,Mirabell + / DER AN910 (eobs 3907),2020,1,9.278834,0,0.07874476439870373,0.6582446741276213,0,0.09659655
2020-08-02,Sierit_DER_AN858_eobs2561__2020__southbound_01,Sierit  / DER AN858 (eobs2561),2020,1,6.2724504,0,0.052983165666828605,0.6582446741276213,0,0.10942046
2020-08-02,Zozu_plus_DER_AL581_eobs2541__2020__southbound_01,Zozu + / DER AL581 (eobs2541),2020,1,6.2783275,0,0.08314772208635322,0.6582446741276213,0,1.9168506
2020-08-03,Angela_DER_AY470_eobs_4001__2020__southbound_01,Angela / DER AY470 (eobs 4001),2020,1,11.86833,0,0.05656007238693819,0.6582446741276213,0,0.8855254
2020-08-03,Mirabell_plus_DER_AN910_eobs_3907__2020__southbound_01,Mirabell + / DER AN910 (eobs 3907),2020,1,9.278834,0,0.0645871922310566,0.6582446741276213,0,0.057967026
2020-08-03,Sierit_DER_AN858_eobs2561__2020__southbound_01,Sierit  / DER AN858 (eobs2561),2020,1,6.2724504,0,0.03875353764298767,0.6582446741276213,0,0.03534119
2020-08-03,Zozu_plus_DER_AL581_eobs2541__2020__southbound_01,Zozu + / DER AL581 (eobs2541),2020,1,6.2783275,0,0.0498679532083803,0.6582446741276213,0,1.714823
2020-08-04,Angela_DER_AY470_eobs_4001__2020__southbound_01,Angela / DER AY470 (eobs 4001),2020,1,11.86833,0,0.07118361091147439,0.6582446741276213,0,1.7384578
2020-08-04,Mirabell_plus_DER_AN910_eobs_3907__2020__southbound_01,Mirabell + / DER AN910 (eobs 3907),2020,1,9.278834,0,0.11283182811924447,0.6582446741276213,0,0.25464866
2020-08-04,Sierit_DER_AN858_eobs2561__2020__southbound_01,Sierit  / DER AN858 (eobs2561),2020,1,6.2724504,0,0.08261511294668333,0.6582446741276213,0,0.13508993
2020-08-04,Zozu_plus_DER_AL581_eobs2541__2020__southbound_01,Zozu + / DER AL581 (eobs2541),2020,1,6.2783275,0,0.09126994431921286,0.6582446741276213,0,1.7505949
2020-08-05,Angela_DER_AY470_eobs_4001__2020__southbound_01,Angela / DER AY470 (eobs 4001),2020,1,11.86833,0,0.0510065972340646,0.6582446741276213,0,0.33039397
2020-08-05,Mirabell_plus_DER_AN910_eobs_3907__2020__southbound_01,Mirabell + / DER AN910 (eobs 3907),2020,1,9.278834,0,0.07530999884738146,0.6582446741276213,0,0.050645165
2020-08-05,Sierit_DER_AN858_eobs2561__2020__southbound_01,Sierit  / DER AN858 (eobs2561),2020,1,6.2724504,0,0.07768978241604024,0.6582446741276213,0,0.219232
2020-08-05,Zozu_plus_DER_AL581_eobs2541__2020__southbound_01,Zozu + / DER AL581 (eobs2541),2020,1,6.2783275,0,0.08228422858226926,0.6582446741276213,0,8.746356
2020-08-06,Angela_DER_AY470_eobs_4001__2020__southbound_01,Angela / DER AY470 (eobs 4001),2020,1,11.86833,0,0.023834827726514976,0.6582446741276213,0,0.7641024
2020-08-06,Mirabell_plus_DER_AN910_eobs_3907__2020__southbound_01,Mirabell + / DER AN910 (eobs 3907),2020,1,9.278834,0,0.12032607149589979,0.6582446741276213,0,0.045647427
2020-08-06,Sierit_DER_AN858_eobs2561__2020__southbound_01,Sierit  / DER AN858 (eobs2561),2020,1,6.2724504,0,0.09273415005251612,0.6582446741276213,0,0.44998452
2020-08-06,Zozu_plus_DER_AL581_eobs2541__2020__southbound_01,Zozu + / DER AL581 (eobs2541),2020,1,6.2783275,0,0.15121709573794212,0.6582446741276213,0,8.328834
2020-08-07,Angela_DER_AY470_eobs_4001__2020__southbound_01,Angela / DER AY470 (eobs 4001),2020,1,11.86833,0,0.04421720936499695,0.6582446741276213,0,5.8765535
2020-08-07,Mirabell_plus_DER_AN910_eobs_3907__2020__southbound_01,Mirabell + / DER AN910 (eobs 3907),2020,1,9.278834,0,0.1279076418810885,0.6582446741276213,0,0.051877484
2020-08-07,Sierit_DER_AN858_eobs2561__2020__southbound_01,Sierit  / DER AN858 (eobs2561),2020,1,6.2724504,0,0.0728304015295209,0.6582446741276213,0,0.29098287
2020-08-07,Zozu_plus_DER_AL581_eobs2541__2020__southbound_01,Zozu + / DER AL581 (eobs2541),2020,1,6.2783275,0,0.060204543562246006,0.6582446741276213,0,0.178104
2020-08-08,Angela_DER_AY470_eobs_4001__2020__southbound_01,Angela / DER AY470 (eobs 4001),2020,1,11.86833,0,0.08166868066076251,0.6582446741276213,0,6.1561165
2020-08-08,Mirabell_plus_DER_AN910_eobs_3907__2020__southbound_01,Mirabell + / DER AN910 (eobs 3907),2020,1,9.278834,0,0.11377689467883881,0.6582446741276213,0,0.18411863
2020-08-08,Sierit_DER_AN858_eobs2561__2020__southbound_01,Sierit  / DER AN858 (eobs2561),2020,1,6.2724504,0,0.054455512530479804,0.6582446741276213,0,0.5258565
2020-08-08,Zozu_plus_DER_AL581_eobs2541__2020__southbound_01,Zozu + / DER AL581 (eobs2541),2020,1,6.2783275,0,0.04966784187328451,0.6582446741276213,0,0.00669525
2020-08-09,Angela_DER_AY470_eobs_4001__2020__southbound_01,Angela / DER AY470 (eobs 4001),2020,1,11.86833,0,0.06061364360928539,0.6582446741276213,0,0.40571624
2020-08-09,Mirabell_plus_DER_AN910_eobs_3907__2020__southbound_01,Mirabell + / DER AN910 (eobs 3907),2020,1,9.278834,0,0.07746881129452804,0.6582446741276213,0,0.22061722
2020-08-09,Sierit_DER_AN858_eobs2561__2020__southbound_01,Sierit  / DER AN858 (eobs2561),2020,1,6.2724504,0,0.04404290639528679,0.6582446741276213,0,0.42069113
2020-08-09,Zozu_plus_DER_AL581_eobs2541__2020__southbound_01,Zozu + / DER AL581 (eobs2541),2020,1,6.2783275,0,0.05191278210291208,0.6582446741276213,0,0.59520936
2020-08-10,Angela_DER_AY470_eobs_4001__2020__southbound_01,Angela / DER AY470 (eobs 4001),2020,1,11.86833,0,0.019748821316862643,0.6582446741276213,0,0.44042474
2020-08-10,Mirabell_plus_DER_AN910_eobs_3907__2020__southbound_01,Mirabell + / DER AN910 (eobs 3907),2020,1,9.278834,0,0.03874247648908483,0.6582446741276213,0,0.14631747
2020-08-10,Sierit_DER_AN858_eobs2561__2020__southbound_01,Sierit  / DER AN858 (eobs2561),2020,1,6.2724504,0,0.09724666899974883,0.6582446741276213,0,0.25078848
2020-08-10,Zozu_plus_DER_AL581_eobs2541__2020__southbound_01,Zozu + / DER AL581 (eobs2541),2020,1,6.2783275,0,0.02920082401901758,0.6582446741276213,0,1.0336602
2020-08-11,Angela_DER_AY470_eobs_4001__2020__southbound_01,Angela / DER AY470 (eobs 4001),2020,1,11.86833,0,0.031221095407330826,0.6582446741276213,0,0.5103627
2020-08-11,Mirabell_plus_DER_AN910_eobs_3907__2020__southbound_01,Mirabell + / DER AN910 (eobs 3907),2020,1,9.278834,0,0.08913814513750684,0.6582446741276213,0,0.14459674
2020-08-11,Sierit_DER_AN858_eobs2561__2020__southbound_01,Sierit  / DER AN858 (eobs2561),2020,1,6.2724504,0,0.05177399768176089,0.6582446741276213,0,0.102566384
2020-08-11,Zozu_plus_DER_AL581_eobs2541__2020__southbound_01,Zozu + / DER AL581 (eobs2541),2020,1,6.2783275,0,0.08614569180846174,0.6582446741276213,0,0.02043127
2020-08-12,Angela_DER_AY470_eobs_4001__2020__southbound_01,Angela / DER AY470 (eobs 4001),2020,1,11.86833,0,0.07624937175253939,0.6582446741276213,0,0.48210394
2020-08-12,Mirabell_plus_DER_AN910_eobs_3907__2020__southbound_01,Mirabell + / DER AN910 (eobs 3907),2020,1,9.278834,0,0.12942727278972627,0.6582446741276213,0,0.24406165
2020-08-12,Sierit_DER_AN858_eobs2561__2020__southbound_01,Sierit  / DER AN858 (eobs2561),2020,1,6.2724504,0,0.06268008479153805,0.6582446741276213,0,0.30313113
2020-08-12,Zozu_plus_DER_AL581_eobs2541__2020__southbound_01,Zozu + / DER AL581 (eobs2541),2020,1,6.2783275,0,0.03014675085915256,0.6582446741276213,0,0.4894771
2020-08-13,Angela_DER_AY470_eobs_4001__2020__southbound_01,Angela / DER AY470 (eobs 4001),2020,1,11.86833,0,0.05855409289491275,0.6582446741276213,0,0.98488975
2020-08-13,Mirabell_plus_DER_AN910_eobs_3907__2020__southbound_01,Mirabell + / DER AN910 (eobs 3907),2020,1,9.278834,0,0.12641096437563148,0.6582446741276213,0,0.08143424
2020-08-13,Sierit_DER_AN858_eobs2561__2020__southbound_01,Sierit  / DER AN858 (eobs2561),2020,1,6.2724504,0,0.14215086708112287,0.6582446741276213,0,0.3089978
2020-08-13,Zozu_plus_DER_AL581_eobs2541__2020__southbound_01,Zozu + / DER AL581 (eobs2541),2020,1,6.2783275,0,0.03464100282796762,0.6582446741276213,0,1.0683438
2020-08-14,Angela_DER_AY470_eobs_4001__2020__southbound_01,Angela / DER AY470 (eobs 4001),2020,1,11.86833,0,0.045776284166002906,0.6582446741276213,0,0.3762953
2020-08-14,Mirabell_plus_DER_AN910_eobs_3907__2020__southbound_01,Mirabell + / DER AN910 (eobs 3907),2020,1,9.278834,0,0.08734825119075913,0.6582446741276213,0,0.09236304
2020-08-14,Sierit_DER_AN858_eobs2561__2020__southbound_01,Sierit  / DER AN858 (eobs2561),2020,1,6.2724504,0,0.12025350578469553,0.6582446741276213,0,0.38924038
2020-08-14,Zozu_plus_DER_AL581_eobs2541__2020__southbound_01,Zozu + / DER AL581 (eobs2541),2020,1,6.2783275,0,0.14498082249254485,0.6582446741276213,0,0.6523194
2020-08-15,Angela_DER_AY470_eobs_4001__2020__southbound_01,Angela / DER AY470 (eobs 4001),2020,1,11.86833,0,0.05829090100429314,0.6582446741276213,0,0.31143692
2020-08-15,Mirabell_plus_DER_AN910_eobs_3907__2020__southbound_01,Mirabell + / DER AN910 (eobs 3907),2020,1,9.278834,0,0.1443523123190593,0.6582446741276213,0,0.16066635
2020-08-15,Sierit_DER_AN858_eobs2561__2020__southbound_01,Sierit  / DER AN858 (eobs2561),2020,1,6.2724504,0,0.05023335395229273,0.6582446741276213,0,0.20555454
2020-08-15,Zozu_plus_DER_AL581_eobs2541__2020__southbound_01,Zozu + / DER AL581 (eobs2541),2020,1,6.2783275,0,0.041293014886230855,0.6582446741276213,0,5.195707
2020-08-16,Angela_DER_AY470_eobs_4001__2020__southbound_01,Angela / DER AY470 (eobs 4001),2020,1,11.86833,0,0.07067934307697912,0.6582446741276213,0,0.2531464
2020-08-16,Mirabell_plus_DER_AN910_eobs_3907__2020__southbound_01,Mirabell + / DER AN910 (eobs 3907),2020,1,9.278834,0,0.1733883934775363,0.6582446741276213,0,0.14934935
2020-08-16,Sierit_DER_AN858_eobs2561__2020__southbound_01,Sierit  / DER AN858 (eobs2561),2020,1,6.2724504,0,0.05104794149068264,0.6582446741276213,0,0.13947043
2020-08-16,Zozu_plus_DER_AL581_eobs2541__2020__southbound_01,Zozu + / DER AL581 (eobs2541),2020,1,6.2783275,0,0.0661374674800029,0.6582446741276213,0,4.66992
2020-08-17,Angela_DER_AY470_eobs_4001__2020__southbound_01,Angela / DER AY470 (eobs 4001),2020,1,11.86833,0,0.07366248198899834,0.6582446741276213,0,0.71817833
2020-08-17,Mirabell_plus_DER_AN910_eobs_3907__2020__southbound_01,Mirabell + / DER AN910 (eobs 3907),2020,1,9.278834,0,0.05036845804703136,0.6582446741276213,0,0.027231557
2020-08-17,Sierit_DER_AN858_eobs2561__2020__southbound_01,Sierit  / DER AN858 (eobs2561),2020,1,6.2724504,0,0.09233809208247164,0.6582446741276213,0,0.06675763
2020-08-17,Zozu_plus_DER_AL581_eobs2541__2020__southbound_01,Zozu + / DER AL581 (eobs2541),2020,1,6.2783275,0,0.05168204610421991,0.6582446741276213,0,0.38397732
2020-08-18,Angela_DER_AY470_eobs_4001__2020__southbound_01,Angela / DER AY470 (eobs 4001),2020,1,11.86833,1,0.021186583107641408,0.6582446741276213,0,17.241764
2020-08-18,Mirabell_plus_DER_AN910_eobs_3907__2020__southbound_01,Mirabell + / DER AN910 (eobs 3907),2020,1,9.278834,0,0.07438868810875134,0.6582446741276213,0,0.094866306
2020-08-18,Sierit_DER_AN858_eobs2561__2020__southbound_01,Sierit  / DER AN858 (eobs2561),2020,1,6.2724504,0,0.05159417517927061,0.6582446741276213,0,0.12698
2020-08-18,Zozu_plus_DER_AL581_eobs2541__2020__southbound_01,Zozu + / DER AL581 (eobs2541),2020,1,6.2783275,0,0.04174849622575628,0.6582446741276213,0,8.600712
2020-08-19,Angela_DER_AY470_eobs_4001__2020__southbound_01,Angela / DER AY470 (eobs 4001),2020,1,11.86833,1,0.9999772088213629,0.6582446741276213,1,27.749002
2020-08-19,Mirabell_plus_DER_AN910_eobs_3907__2020__southbound_01,Mirabell + / DER AN910 (eobs 3907),2020,1,9.278834,0,0.07111201422338878,0.6582446741276213,0,0.039173372
2020-08-19,Sierit_DER_AN858_eobs2561__2020__southbound_01,Sierit  / DER AN858 (eobs2561),2020,1,6.2724504,0,0.05590064348187255,0.6582446741276213,0,0.01762509
2020-08-19,Zozu_plus_DER_AL581_eobs2541__2020__southbound_01,Zozu + / DER AL581 (eobs2541),2020,1,6.2783275,0,0.09615408459507341,0.6582446741276213,0,8.6150465
2020-08-20,Angela_DER_AY470_eobs_4001__2020__southbound_01,Angela / DER AY470 (eobs 4001),2020,1,11.86833,1,0.9573763017920408,0.6582446741276213,1,125.0141
2020-08-20,Mirabell_plus_DER_AN910_eobs_3907__2020__southbound_01,Mirabell + / DER AN910 (eobs 3907),2020,1,9.278834,0,0.10590539780897613,0.6582446741276213,0,0.03310304
2020-08-20,Sierit_DER_AN858_eobs2561__2020__southbound_01,Sierit  / DER AN858 (eobs2561),2020,1,6.2724504,0,0.06489788568503273,0.6582446741276213,0,0.16738598
2020-08-20,Zozu_plus_DER_AL581_eobs2541__2020__southbound_01,Zozu + / DER AL581 (eobs2541),2020,1,6.2783275,0,0.05817977742049891,0.6582446741276213,0,9.227062
2020-08-21,Angela_DER_AY470_eobs_4001__2020__southbound_01,Angela / DER AY470 (eobs 4001),2020,1,11.86833,1,0.9977380282063,0.6582446741276213,1,91.08314
2020-08-21,Mirabell_plus_DER_AN910_eobs_3907__2020__southbound_01,Mirabell + / DER AN910 (eobs 3907),2020,1,9.278834,0,0.12229290453306366,0.6582446741276213,0,0.14168195
2020-08-21,Sierit_DER_AN858_eobs2561__2020__southbound_01,Sierit  / DER AN858 (eobs2561),2020,1,6.2724504,0,0.06756695701811928,0.6582446741276213,0,0.21562144
2020-08-21,Zozu_plus_DER_AL581_eobs2541__2020__southbound_01,Zozu + / DER AL581 (eobs2541),2020,1,6.2783275,0,0.07920243539805878,0.6582446741276213,0,4.758109
2020-08-22,Angela_DER_AY470_eobs_4001__2020__southbound_01,Angela / DER AY470 (eobs 4001),2020,1,11.86833,1,0.9763809836558667,0.6582446741276213,1,124.72864
2020-08-22,Mirabell_plus_DER_AN910_eobs_3907__2020__southbound_01,Mirabell + / DER AN910 (eobs 3907),2020,1,9.278834,0,0.0569785111624578,0.6582446741276213,0,0.06470497
2020-08-22,Sierit_DER_AN858_eobs2561__2020__southbound_01,Sierit  / DER AN858 (eobs2561),2020,1,6.2724504,0,0.05924807249528717,0.6582446741276213,0,0.17634758
2020-08-22,Zozu_plus_DER_AL581_eobs2541__2020__southbound_01,Zozu + / DER AL581 (eobs2541),2020,1,6.2783275,0,0.05704071954531549,0.6582446741276213,0,4.8179927
2020-08-23,Angela_DER_AY470_eobs_4001__2020__southbound_01,Angela / DER AY470 (eobs 4001),2020,1,11.86833,1,0.9781393352070178,0.6582446741276213,1,249.03783
2020-08-23,Mirabell_plus_DER_AN910_eobs_3907__2020__southbound_01,Mirabell + / DER AN910 (eobs 3907),2020,1,9.278834,0,0.06920169790970364,0.6582446741276213,0,0.4830556
2020-08-23,Sierit_DER_AN858_eobs2561__2020__southbound_01,Sierit  / DER AN858 (eobs2561),2020,1,6.2724504,0,0.059396592367127854,0.6582446741276213,0,0.46752492
2020-08-23,Zozu_plus_DER_AL581_eobs2541__2020__southbound_01,Zozu + / DER AL581 (eobs2541),2020,1,6.2783275,0,0.043792012608673714,0.6582446741276213,0,2.6099024
2020-08-24,Angela_DER_AY470_eobs_4001__2020__southbound_01,Angela / DER AY470 (eobs 4001),2020,1,11.86833,1,0.9980510470682669,0.6582446741276213,1,137.82597
2020-08-24,Mirabell_plus_DER_AN910_eobs_3907__2020__southbound_01,Mirabell + / DER AN910 (eobs 3907),2020,1,9.278834,0,0.14549567469898958,0.6582446741276213,0,0.46634042
2020-08-24,Sierit_DER_AN858_eobs2561__2020__southbound_01,Sierit  / DER AN858 (eobs2561),2020,1,6.2724504,0,0.060476755263137595,0.6582446741276213,0,0.55024606
2020-08-24,Zozu_plus_DER_AL581_eobs2541__2020__southbound_01,Zozu + / DER AL581 (eobs2541),2020,1,6.2783275,1,0.13130653284186197,0.6582446741276213,0,67.77549
2020-08-25,Angela_DER_AY470_eobs_4001__2020__southbound_01,Angela / DER AY470 (eobs 4001),2020,1,11.86833,1,0.9984868023500183,0.6582446741276213,1,206.60591
2020-08-25,Europa_DER_A1A26_eobs_4004__2020__southbound_01,Europa / DER A1A26 (eobs 4004),2020,1,9.390811,1,0.9376318657043085,0.6582446741276213,1,247.17233
2020-08-25,Mirabell_plus_DER_AN910_eobs_3907__2020__southbound_01,Mirabell + / DER AN910 (eobs 3907),2020,1,9.278834,0,0.08280597138604984,0.6582446741276213,0,0.08129735
2020-08-25,Sierit_DER_AN858_eobs2561__2020__southbound_01,Sierit  / DER AN858 (eobs2561),2020,1,6.2724504,0,0.05845498692348205,0.6582446741276213,0,0.30818436
2020-08-25,Zozu_plus_DER_AL581_eobs2541__2020__southbound_01,Zozu + / DER AL581 (eobs2541),2020,1,6.2783275,1,0.9999873193348517,0.6582446741276213,1,13.891591
2020-08-26,Angela_DER_AY470_eobs_4001__2020__southbound_01,Angela / DER AY470 (eobs 4001),2020,1,11.86833,1,0.9988030073561334,0.6582446741276213,1,133.05751
2020-08-26,Europa_DER_A1A26_eobs_4004__2020__southbound_01,Europa / DER A1A26 (eobs 4004),2020,1,9.390811,1,0.9917172725102198,0.6582446741276213,1,141.1037
2020-08-26,Mirabell_plus_DER_AN910_eobs_3907__2020__southbound_01,Mirabell + / DER AN910 (eobs 3907),2020,1,9.278834,0,0.0991195434670891,0.6582446741276213,0,0.9294909
2020-08-26,Sierit_DER_AN858_eobs2561__2020__southbound_01,Sierit  / DER AN858 (eobs2561),2020,1,6.2724504,0,0.08042513908902635,0.6582446741276213,0,0.44256064
2020-08-26,Zozu_plus_DER_AL581_eobs2541__2020__southbound_01,Zozu + / DER AL581 (eobs2541),2020,1,6.2783275,0,0.9142759076472359,0.6582446741276213,1,0.509594
2020-08-27,Angela_DER_AY470_eobs_4001__2020__southbound_01,Angela / DER AY470 (eobs 4001),2020,1,11.86833,1,0.9931023670118971,0.6582446741276213,1,104.31788
2020-08-27,Europa_DER_A1A26_eobs_4004__2020__southbound_01,Europa / DER A1A26 (eobs 4004),2020,1,9.390811,1,0.9831376756438189,0.6582446741276213,1,101.361084
2020-08-27,Mirabell_plus_DER_AN910_eobs_3907__2020__southbound_01,Mirabell + / DER AN910 (eobs 3907),2020,1,9.278834,0,0.08459942311792819,0.6582446741276213,0,0.82187355
2020-08-27,Sierit_DER_AN858_eobs2561__2020__southbound_01,Sierit  / DER AN858 (eobs2561),2020,1,6.2724504,0,0.054243291142289554,0.6582446741276213,0,0.3198229
2020-08-27,Zozu_plus_DER_AL581_eobs2541__2020__southbound_01,Zozu + / DER AL581 (eobs2541),2020,1,6.2783275,1,0.9842936878492573,0.6582446741276213,1,55.11919
2020-08-28,Angela_DER_AY470_eobs_4001__2020__southbound_01,Angela / DER AY470 (eobs 4001),2020,1,11.86833,1,0.9428983361163698,0.6582446741276213,1,201.43974
2020-08-28,Europa_DER_A1A26_eobs_4004__2020__southbound_01,Europa / DER A1A26 (eobs 4004),2020,1,9.390811,1,0.9599990661602723,0.6582446741276213,1,45.370655
2020-08-28,Mirabell_plus_DER_AN910_eobs_3907__2020__southbound_01,Mirabell + / DER AN910 (eobs 3907),2020,1,9.278834,0,0.1265281078786219,0.6582446741276213,0,0.16338648
2020-08-28,Sierit_DER_AN858_eobs2561__2020__southbound_01,Sierit  / DER AN858 (eobs2561),2020,1,6.2724504,0,0.09704371941142453,0.6582446741276213,0,0.17875868
2020-08-28,Zozu_plus_DER_AL581_eobs2541__2020__southbound_01,Zozu + / DER AL581 (eobs2541),2020,1,6.2783275,0,0.9236105783628206,0.6582446741276213,1,0.58317
2020-08-29,Angela_DER_AY470_eobs_4001__2020__southbound_01,Angela / DER AY470 (eobs 4001),2020,1,11.86833,1,0.9892689242454832,0.6582446741276213,1,143.87059
2020-08-29,Europa_DER_A1A26_eobs_4004__2020__southbound_01,Europa / DER A1A26 (eobs 4004),2020,1,9.390811,0,0.8623347633086949,0.6582446741276213,1,6.415245
2020-08-29,Mirabell_plus_DER_AN910_eobs_3907__2020__southbound_01,Mirabell + / DER AN910 (eobs 3907),2020,1,9.278834,0,0.09251261294134273,0.6582446741276213,0,0.130569
2020-08-29,Sierit_DER_AN858_eobs2561__2020__southbound_01,Sierit  / DER AN858 (eobs2561),2020,1,6.2724504,0,0.06701137350059014,0.6582446741276213,0,0.13459721
2020-08-29,Zozu_plus_DER_AL581_eobs2541__2020__southbound_01,Zozu + / DER AL581 (eobs2541),2020,1,6.2783275,0,0.6856211416909211,0.6582446741276213,1,9.556487
2020-08-30,Angela_DER_AY470_eobs_4001__2020__southbound_01,Angela / DER AY470 (eobs 4001),2020,1,11.86833,1,0.9629332525291625,0.6582446741276213,1,177.66501
2020-08-30,Europa_DER_A1A26_eobs_4004__2020__southbound_01,Europa / DER A1A26 (eobs 4004),2020,1,9.390811,1,0.6382357051690101,0.6582446741276213,0,120.05723
2020-08-30,Mirabell_plus_DER_AN910_eobs_3907__2020__southbound_01,Mirabell + / DER AN910 (eobs 3907),2020,1,9.278834,0,0.05351008458053826,0.6582446741276213,0,0.12579176
2020-08-30,Sierit_DER_AN858_eobs2561__2020__southbound_01,Sierit  / DER AN858 (eobs2561),2020,1,6.2724504,0,0.07252215286241157,0.6582446741276213,0,0.45432994
2020-08-30,Zozu_plus_DER_AL581_eobs2541__2020__southbound_01,Zozu + / DER AL581 (eobs2541),2020,1,6.2783275,0,0.7837712144544556,0.6582446741276213,1,9.751459
2020-08-31,Angela_DER_AY470_eobs_4001__2020__southbound_01,Angela / DER AY470 (eobs 4001),2020,1,11.86833,1,0.963391680665567,0.6582446741276213,1,118.63031
2020-08-31,Europa_DER_A1A26_eobs_4004__2020__southbound_01,Europa / DER A1A26 (eobs 4004),2020,1,9.390811,1,0.9122012830787938,0.6582446741276213,1,176.33739
2020-08-31,Mirabell_plus_DER_AN910_eobs_3907__2020__southbound_01,Mirabell + / DER AN910 (eobs 3907),2020,1,9.278834,0,0.0855424686070526,0.6582446741276213,0,0.08393121
2020-08-31,Sierit_DER_AN858_eobs2561__2020__southbound_01,Sierit  / DER AN858 (eobs2561),2020,1,6.2724504,0,0.10710232441016604,0.6582446741276213,0,0.4158961
2020-08-31,Zozu_plus_DER_AL581_eobs2541__2020__southbound_01,Zozu + / DER AL581 (eobs2541),2020,1,6.2783275,1,0.9788608011334942,0.6582446741276213,1,105.29384
2020-09-01,Angela_DER_AY470_eobs_4001__2020__southbound_01,Angela / DER AY470 (eobs 4001),2020,1,11.86833,0,0.9112129094575704,0.6582446741276213,1,0.23741017
2020-09-01,Europa_DER_A1A26_eobs_4004__2020__southbound_01,Europa / DER A1A26 (eobs 4004),2020,1,9.390811,0,0.9739729602439949,0.6582446741276213,1,0.21130614
2020-09-01,Mirabell_plus_DER_AN910_eobs_3907__2020__southbound_01,Mirabell + / DER AN910 (eobs 3907),2020,1,9.278834,0,0.060459176346012944,0.6582446741276213,0,0.07425469
2020-09-01,Sierit_DER_AN858_eobs2561__2020__southbound_01,Sierit  / DER AN858 (eobs2561),2020,1,6.2724504,0,0.04650401754793949,0.6582446741276213,0,0.029256893
2020-09-01,Zozu_plus_DER_AL581_eobs2541__2020__southbound_01,Zozu + / DER AL581 (eobs2541),2020,1,6.2783275,1,0.9905118732978054,0.6582446741276213,1,442.7557
2020-09-02,Angela_DER_AY470_eobs_4001__2020__southbound_01,Angela / DER AY470 (eobs 4001),2020,1,11.86833,0,0.7479323896551195,0.6582446741276213,1,2.8392608
2020-09-02,Europa_DER_A1A26_eobs_4004__2020__southbound_01,Europa / DER A1A26 (eobs 4004),2020,1,9.390811,1,0.7545388095658184,0.6582446741276213,1,15.310169
2020-09-02,Mirabell_plus_DER_AN910_eobs_3907__2020__southbound_01,Mirabell + / DER AN910 (eobs 3907),2020,1,9.278834,0,0.055059906810150196,0.6582446741276213,0,0.4929872
2020-09-02,Sierit_DER_AN858_eobs2561__2020__southbound_01,Sierit  / DER AN858 (eobs2561),2020,1,6.2724504,0,0.07232234835898166,0.6582446741276213,0,0.06794517
2020-09-02,Zozu_plus_DER_AL581_eobs2541__2020__southbound_01,Zozu + / DER AL581 (eobs2541),2020,1,6.2783275,1,0.9999551831582657,0.6582446741276213,1,229.87794
2020-09-03,Angela_DER_AY470_eobs_4001__2020__southbound_01,Angela / DER AY470 (eobs 4001),2020,1,11.86833,0,0.2672445567756322,0.6582446741276213,0,3.0623043
2020-09-03,Europa_DER_A1A26_eobs_4004__2020__southbound_01,Europa / DER A1A26 (eobs 4004),2020,1,9.390811,1,0.6900621535515433,0.6582446741276213,1,84.72821
2020-09-03,Mirabell_plus_DER_AN910_eobs_3907__2020__southbound_01,Mirabell + / DER AN910 (eobs 3907),2020,1,9.278834,0,0.13381479412532918,0.6582446741276213,0,0.0007933913
2020-09-03,Sierit_DER_AN858_eobs2561__2020__southbound_01,Sierit  / DER AN858 (eobs2561),2020,1,6.2724504,0,0.08729890067076398,0.6582446741276213,0,0.38817546
2020-09-03,Zozu_plus_DER_AL581_eobs2541__2020__southbound_01,Zozu + / DER AL581 (eobs2541),2020,1,6.2783275,1,0.9941963795084453,0.6582446741276213,1,46.36934
2020-09-04,Angela_DER_AY470_eobs_4001__2020__southbound_01,Angela / DER AY470 (eobs 4001),2020,1,11.86833,0,0.2564965020066226,0.6582446741276213,0,2.7919366
2020-09-04,Europa_DER_A1A26_eobs_4004__2020__southbound_01,Europa / DER A1A26 (eobs 4004),2020,1,9.390811,1,0.9265613899350059,0.6582446741276213,1,13.832322
2020-09-04,Mirabell_plus_DER_AN910_eobs_3907__2020__southbound_01,Mirabell + / DER AN910 (eobs 3907),2020,1,9.278834,0,0.10424158952535356,0.6582446741276213,0,0.0059390604
2020-09-04,Sierit_DER_AN858_eobs2561__2020__southbound_01,Sierit  / DER AN858 (eobs2561),2020,1,6.2724504,0,0.052757552338884815,0.6582446741276213,0,0.017847253
2020-09-04,Zozu_plus_DER_AL581_eobs2541__2020__southbound_01,Zozu + / DER AL581 (eobs2541),2020,1,6.2783275,0,0.9757375448065347,0.6582446741276213,1,7.159852
2020-09-05,Angela_DER_AY470_eobs_4001__2020__southbound_01,Angela / DER AY470 (eobs 4001),2020,1,11.86833,0,0.1740549424679397,0.6582446741276213,0,0.59549576
2020-09-05,Europa_DER_A1A26_eobs_4004__2020__southbound_01,Europa / DER A1A26 (eobs 4004),2020,1,9.390811,1,0.7570663529680681,0.6582446741276213,1,49.86662
2020-09-05,Mirabell_plus_DER_AN910_eobs_3907__2020__southbound_01,Mirabell + / DER AN910 (eobs 3907),2020,1,9.278834,0,0.09559722749824075,0.6582446741276213,0,2.1287801
2020-09-05,Sierit_DER_AN858_eobs2561__2020__southbound_01,Sierit  / DER AN858 (eobs2561),2020,1,6.2724504,0,0.09070593954065205,0.6582446741276213,0,0.7686964
2020-09-05,Zozu_plus_DER_AL581_eobs2541__2020__southbound_01,Zozu + / DER AL581 (eobs2541),2020,1,6.2783275,1,0.6737575426928459,0.6582446741276213,1,14.485061
2020-09-06,Angela_DER_AY470_eobs_4001__2020__southbound_01,Angela / DER AY470 (eobs 4001),2020,1,11.86833,0,0.06581246292292864,0.6582446741276213,0,0.07782398
2020-09-06,Europa_DER_A1A26_eobs_4004__2020__southbound_01,Europa / DER A1A26 (eobs 4004),2020,1,9.390811,1,0.7999031636762657,0.6582446741276213,1,245.15482
2020-09-06,Mirabell_plus_DER_AN910_eobs_3907__2020__southbound_01,Mirabell + / DER AN910 (eobs 3907),2020,1,9.278834,1,0.13042684389546363,0.6582446741276213,0,15.263821
2020-09-06,Sierit_DER_AN858_eobs2561__2020__southbound_01,Sierit  / DER AN858 (eobs2561),2020,1,6.2724504,0,0.06306545896795399,0.6582446741276213,0,0.77808154
2020-09-06,Zozu_plus_DER_AL581_eobs2541__2020__southbound_01,Zozu + / DER AL581 (eobs2541),2020,1,6.2783275,0,0.6056261227506784,0.6582446741276213,0,4.038815
2020-09-07,Angela_DER_AY470_eobs_4001__2020__southbound_01,Angela / DER AY470 (eobs 4001),2020,1,11.86833,0,0.22103756681113457,0.6582446741276213,0,0.89628226
2020-09-07,Europa_DER_A1A26_eobs_4004__2020__southbound_01,Europa / DER A1A26 (eobs 4004),2020,1,9.390811,1,0.9923136435662211,0.6582446741276213,1,129.1205
2020-09-07,Mirabell_plus_DER_AN910_eobs_3907__2020__southbound_01,Mirabell + / DER AN910 (eobs 3907),2020,1,9.278834,1,0.9999738916114654,0.6582446741276213,1,195.21576
2020-09-07,Sierit_DER_AN858_eobs2561__2020__southbound_01,Sierit  / DER AN858 (eobs2561),2020,1,6.2724504,0,0.1074077445870041,0.6582446741276213,0,0.0072441315
2020-09-07,Zozu_plus_DER_AL581_eobs2541__2020__southbound_01,Zozu + / DER AL581 (eobs2541),2020,1,6.2783275,0,0.30565512223149355,0.6582446741276213,0,0.093612485
2020-09-08,Angela_DER_AY470_eobs_4001__2020__southbound_01,Angela / DER AY470 (eobs 4001),2020,1,11.86833,0,0.2956348179476697,0.6582446741276213,0,3.237333
2020-09-08,Europa_DER_A1A26_eobs_4004__2020__southbound_01,Europa / DER A1A26 (eobs 4004),2020,1,9.390811,0,0.9764297753094776,0.6582446741276213,1,0.27358222
2020-09-08,Mirabell_plus_DER_AN910_eobs_3907__2020__southbound_01,Mirabell + / DER AN910 (eobs 3907),2020,1,9.278834,1,0.9975227721356942,0.6582446741276213,1,494.9987
2020-09-08,Sierit_DER_AN858_eobs2561__2020__southbound_01,Sierit  / DER AN858 (eobs2561),2020,1,6.2724504,0,0.09995490095299146,0.6582446741276213,0,0.4128996
2020-09-08,Zozu_plus_DER_AL581_eobs2541__2020__southbound_01,Zozu + / DER AL581 (eobs2541),2020,1,6.2783275,0,0.7098767484301974,0.6582446741276213,1,1.111646
2020-09-09,Angela_DER_AY470_eobs_4001__2020__southbound_01,Angela / DER AY470 (eobs 4001),2020,1,11.86833,0,0.4523380653479167,0.6582446741276213,0,3.2035518
2020-09-09,Europa_DER_A1A26_eobs_4004__2020__southbound_01,Europa / DER A1A26 (eobs 4004),2020,1,9.390811,0,0.529232953621623,0.6582446741276213,0,0.011704785
2020-09-09,Mirabell_plus_DER_AN910_eobs_3907__2020__southbound_01,Mirabell + / DER AN910 (eobs 3907),2020,1,9.278834,1,0.999996301533619,0.6582446741276213,1,255.75604
2020-09-09,Sierit_DER_AN858_eobs2561__2020__southbound_01,Sierit  / DER AN858 (eobs2561),2020,1,6.2724504,0,0.04570850501661801,0.6582446741276213,0,0.31605357
2020-09-09,Zozu_plus_DER_AL581_eobs2541__2020__southbound_01,Zozu + / DER AL581 (eobs2541),2020,1,6.2783275,0,0.14856383978304713,0.6582446741276213,0,1.0291542
2020-09-10,Angela_DER_AY470_eobs_4001__2020__southbound_01,Angela / DER AY470 (eobs 4001),2020,1,11.86833,0,0.5376225064810988,0.6582446741276213,0,3.3503711
2020-09-10,Europa_DER_A1A26_eobs_4004__2020__southbound_01,Europa / DER A1A26 (eobs 4004),2020,1,9.390811,0,0.2194430665245749,0.6582446741276213,0,0.025516052
2020-09-10,Mirabell_plus_DER_AN910_eobs_3907__2020__southbound_01,Mirabell + / DER AN910 (eobs 3907),2020,1,9.278834,0,0.9992787515458343,0.6582446741276213,1,7.642753
2020-09-10,Sierit_DER_AN858_eobs2561__2020__southbound_01,Sierit  / DER AN858 (eobs2561),2020,1,6.2724504,1,0.08413412522566235,0.6582446741276213,0,62.146545
2020-09-10,Zozu_plus_DER_AL581_eobs2541__2020__southbound_01,Zozu + / DER AL581 (eobs2541),2020,1,6.2783275,0,0.2703493836868437,0.6582446741276213,0,5.4124813
2020-09-11,Angela_DER_AY470_eobs_4001__2020__southbound_01,Angela / DER AY470 (eobs 4001),2020,1,11.86833,0,0.24508220695618613,0.6582446741276213,0,2.5964127
2020-09-11,Europa_DER_A1A26_eobs_4004__2020__southbound_01,Europa / DER A1A26 (eobs 4004),2020,1,9.390811,0,0.18370292869112806,0.6582446741276213,0,0.029709544
2020-09-11,Mirabell_plus_DER_AN910_eobs_3907__2020__southbound_01,Mirabell + / DER AN910 (eobs 3907),2020,1,9.278834,1,0.9771015273462021,0.6582446741276213,1,37.687653
2020-09-11,Sierit_DER_AN858_eobs2561__2020__southbound_01,Sierit  / DER AN858 (eobs2561),2020,1,6.2724504,1,0.9999974334930501,0.6582446741276213,1,290.91022
2020-09-11,Zozu_plus_DER_AL581_eobs2541__2020__southbound_01,Zozu + / DER AL581 (eobs2541),2020,1,6.2783275,0,0.45027566505337263,0.6582446741276213,0,9.585271
2020-09-12,Angela_DER_AY470_eobs_4001__2020__southbound_01,Angela / DER AY470 (eobs 4001),2020,1,11.86833,0,0.26245715100019135,0.6582446741276213,0,0.020789811
2020-09-12,Europa_DER_A1A26_eobs_4004__2020__southbound_01,Europa / DER A1A26 (eobs 4004),2020,1,9.390811,0,0.2806305840961115,0.6582446741276213,0,0.23707423
2020-09-12,Mirabell_plus_DER_AN910_eobs_3907__2020__southbound_01,Mirabell + / DER AN910 (eobs 3907),2020,1,9.278834,1,0.9113966400009827,0.6582446741276213,1,246.37418
2020-09-12,Sierit_DER_AN858_eobs2561__2020__southbound_01,Sierit  / DER AN858 (eobs2561),2020,1,6.2724504,1,0.9994094279361009,0.6582446741276213,1,282.26987
2020-09-12,Zozu_plus_DER_AL581_eobs2541__2020__southbound_01,Zozu + / DER AL581 (eobs2541),2020,1,6.2783275,1,0.384309318748915,0.6582446741276213,0,13.869221
2020-09-13,Angela_DER_AY470_eobs_4001__2020__southbound_01,Angela / DER AY470 (eobs 4001),2020,1,11.86833,0,0.09108687115550072,0.6582446741276213,0,2.5802076
2020-09-13,Europa_DER_A1A26_eobs_4004__2020__southbound_01,Europa / DER A1A26 (eobs 4004),2020,1,9.390811,0,0.6618084690068938,0.6582446741276213,1,0.04619433
2020-09-13,Mirabell_plus_DER_AN910_eobs_3907__2020__southbound_01,Mirabell + / DER AN910 (eobs 3907),2020,1,9.278834,1,0.999695346617784,0.6582446741276213,1,133.70886
2020-09-13,Sierit_DER_AN858_eobs2561__2020__southbound_01,Sierit  / DER AN858 (eobs2561),2020,1,6.2724504,1,0.9998686574739838,0.6582446741276213,1,106.15527
2020-09-13,Zozu_plus_DER_AL581_eobs2541__2020__southbound_01,Zozu + / DER AL581 (eobs2541),2020,1,6.2783275,0,0.5842027077468995,0.6582446741276213,0,1.3390206
2020-09-14,Angela_DER_AY470_eobs_4001__2020__southbound_01,Angela / DER AY470 (eobs 4001),2020,1,11.86833,0,0.21502039562628927,0.6582446741276213,0,2.5500627
2020-09-14,Europa_DER_A1A26_eobs_4004__2020__southbound_01,Europa / DER A1A26 (eobs 4004),2020,1,9.390811,0,0.10075239963183118,0.6582446741276213,0,0.114739686
2020-09-14,Mirabell_plus_DER_AN910_eobs_3907__2020__southbound_01,Mirabell + / DER AN910 (eobs 3907),2020,1,9.278834,1,0.9886446111139886,0.6582446741276213,1,41.120953
2020-09-14,Sierit_DER_AN858_eobs2561__2020__southbound_01,Sierit  / DER AN858 (eobs2561),2020,1,6.2724504,1,0.9890438066194992,0.6582446741276213,1,208.09592
2020-09-14,Zozu_plus_DER_AL581_eobs2541__2020__southbound_01,Zozu + / DER AL581 (eobs2541),2020,1,6.2783275,0,0.6966069709669613,0.6582446741276213,1,5.8691335
2020-09-15,Angela_DER_AY470_eobs_4001__2020__southbound_01,Angela / DER AY470 (eobs 4001),2020,1,11.86833,0,0.4494281932107242,0.6582446741276213,0,0.8486627
2020-09-15,Europa_DER_A1A26_eobs_4004__2020__southbound_01,Europa / DER A1A26 (eobs 4004),2020,1,9.390811,0,0.44743263697048186,0.6582446741276213,0,0.043731432
2020-09-15,Mirabell_plus_DER_AN910_eobs_3907__2020__southbound_01,Mirabell + / DER AN910 (eobs 3907),2020,1,9.278834,1,0.9213127559988462,0.6582446741276213,1,33.498764
2020-09-15,Sierit_DER_AN858_eobs2561__2020__southbound_01,Sierit  / DER AN858 (eobs2561),2020,1,6.2724504,1,0.9960958090192376,0.6582446741276213,1,15.005516
2020-09-15,Zozu_plus_DER_AL581_eobs2541__2020__southbound_01,Zozu + / DER AL581 (eobs2541),2020,1,6.2783275,0,0.6754550678035668,0.6582446741276213,1,5.6256437
2020-09-16,Angela_DER_AY470_eobs_4001__2020__southbound_01,Angela / DER AY470 (eobs 4001),2020,1,11.86833,0,0.45201778839385964,0.6582446741276213,0,0.19115853
2020-09-16,Europa_DER_A1A26_eobs_4004__2020__southbound_01,Europa / DER A1A26 (eobs 4004),2020,1,9.390811,0,0.650629436949898,0.6582446741276213,0,0.020478735
2020-09-16,Mirabell_plus_DER_AN910_eobs_3907__2020__southbound_01,Mirabell + / DER AN910 (eobs 3907),2020,1,9.278834,1,0.6608919527533036,0.6582446741276213,1,65.56955
2020-09-16,Sierit_DER_AN858_eobs2561__2020__southbound_01,Sierit  / DER AN858 (eobs2561),2020,1,6.2724504,0,0.8129496281055475,0.6582446741276213,1,2.3770435
2020-09-16,Zozu_plus_DER_AL581_eobs2541__2020__southbound_01,Zozu + / DER AL581 (eobs2541),2020,1,6.2783275,0,0.13708857626278734,0.6582446741276213,0,2.252025
2020-09-17,Angela_DER_AY470_eobs_4001__2020__southbound_01,Angela / DER AY470 (eobs 4001),2020,1,11.86833,0,0.32241261101950835,0.6582446741276213,0,3.1286023
2020-09-17,Europa_DER_A1A26_eobs_4004__2020__southbound_01,Europa / DER A1A26 (eobs 4004),2020,1,9.390811,0,0.27065881189053853,0.6582446741276213,0,0.03251534
2020-09-17,Mirabell_plus_DER_AN910_eobs_3907__2020__southbound_01,Mirabell + / DER AN910 (eobs 3907),2020,1,9.278834,1,0.9516858704481802,0.6582446741276213,1,67.58524
2020-09-17,Sierit_DER_AN858_eobs2561__2020__southbound_01,Sierit  / DER AN858 (eobs2561),2020,1,6.2724504,0,0.9756774472202562,0.6582446741276213,1,1.9278554
2020-09-17,Zozu_plus_DER_AL581_eobs2541__2020__southbound_01,Zozu + / DER AL581 (eobs2541),2020,1,6.2783275,0,0.11697628382618394,0.6582446741276213,0,2.7737644
2020-09-18,Angela_DER_AY470_eobs_4001__2020__southbound_01,Angela / DER AY470 (eobs 4001),2020,1,11.86833,0,0.2890002048390238,0.6582446741276213,0,3.1755238
2020-09-18,Europa_DER_A1A26_eobs_4004__2020__southbound_01,Europa / DER A1A26 (eobs 4004),2020,1,9.390811,0,0.34670859140076443,0.6582446741276213,0,0.5099484
2020-09-18,Mirabell_plus_DER_AN910_eobs_3907__2020__southbound_01,Mirabell + / DER AN910 (eobs 3907),2020,1,9.278834,0,0.8742828534911965,0.6582446741276213,1,0.02533989
2020-09-18,Sierit_DER_AN858_eobs2561__2020__southbound_01,Sierit  / DER AN858 (eobs2561),2020,1,6.2724504,0,0.8362246945241842,0.6582446741276213,1,0.037446514
2020-09-18,Zozu_plus_DER_AL581_eobs2541__2020__southbound_01,Zozu + / DER AL581 (eobs2541),2020,1,6.2783275,0,0.5090719123523216,0.6582446741276213,0,0.061036453
2020-09-19,Angela_DER_AY470_eobs_4001__2020__southbound_01,Angela / DER AY470 (eobs 4001),2020,1,11.86833,0,0.28114835295937796,0.6582446741276213,0,0.07697655
2020-09-19,Europa_DER_A1A26_eobs_4004__2020__southbound_01,Europa / DER A1A26 (eobs 4004),2020,1,9.390811,0,0.4662190090779627,0.6582446741276213,0,0.34963906
2020-09-19,Mirabell_plus_DER_AN910_eobs_3907__2020__southbound_01,Mirabell + / DER AN910 (eobs 3907),2020,1,9.278834,0,0.36918200071889606,0.6582446741276213,0,0.19519283
2020-09-19,Sierit_DER_AN858_eobs2561__2020__southbound_01,Sierit  / DER AN858 (eobs2561),2020,1,6.2724504,0,0.7102056614757893,0.6582446741276213,1,0.23698594
2020-09-19,Zozu_plus_DER_AL581_eobs2541__2020__southbound_01,Zozu + / DER AL581 (eobs2541),2020,1,6.2783275,0,0.6246793514395829,0.6582446741276213,0,1.443475
2020-09-20,Angela_DER_AY470_eobs_4001__2020__southbound_01,Angela / DER AY470 (eobs 4001),2020,1,11.86833,1,0.26354058956694665,0.6582446741276213,0,22.545626
2020-09-20,Europa_DER_A1A26_eobs_4004__2020__southbound_01,Europa / DER A1A26 (eobs 4004),2020,1,9.390811,0,0.3211040438515678,0.6582446741276213,0,0.17899771
2020-09-20,Mirabell_plus_DER_AN910_eobs_3907__2020__southbound_01,Mirabell + / DER AN910 (eobs 3907),2020,1,9.278834,0,0.29623451742684304,0.6582446741276213,0,0.21372923
2020-09-20,Sierit_DER_AN858_eobs2561__2020__southbound_01,Sierit  / DER AN858 (eobs2561),2020,1,6.2724504,0,0.1876502101217311,0.6582446741276213,0,0.15791629
2020-09-20,Zozu_plus_DER_AL581_eobs2541__2020__southbound_01,Zozu + / DER AL581 (eobs2541),2020,1,6.2783275,0,0.4048604246634809,0.6582446741276213,0,1.3313031
2020-09-21,Europa_DER_A1A26_eobs_4004__2020__southbound_01,Europa / DER A1A26 (eobs 4004),2020,1,9.390811,0,0.4256058869757013,0.6582446741276213,0,0.031346314
2020-09-21,Mirabell_plus_DER_AN910_eobs_3907__2020__southbound_01,Mirabell + / DER AN910 (eobs 3907),2020,1,9.278834,0,0.7367867458172149,0.6582446741276213,1,0.23569159
2020-09-21,Sierit_DER_AN858_eobs2561__2020__southbound_01,Sierit  / DER AN858 (eobs2561),2020,1,6.2724504,0,0.5095578789429226,0.6582446741276213,0,0.19840288
2020-09-21,Zozu_plus_DER_AL581_eobs2541__2020__southbound_01,Zozu + / DER AL581 (eobs2541),2020,1,6.2783275,0,0.3312070288492082,0.6582446741276213,0,0.126576
2020-09-22,Europa_DER_A1A26_eobs_4004__2020__southbound_01,Europa / DER A1A26 (eobs 4004),2020,1,9.390811,0,0.2513663707584686,0.6582446741276213,0,0.05420812
2020-09-22,Mirabell_plus_DER_AN910_eobs_3907__2020__southbound_01,Mirabell + / DER AN910 (eobs 3907),2020,1,9.278834,0,0.2611748281224929,0.6582446741276213,0,0.27758753
2020-09-22,Sierit_DER_AN858_eobs2561__2020__southbound_01,Sierit  / DER AN858 (eobs2561),2020,1,6.2724504,0,0.3863104622318727,0.6582446741276213,0,2.5586567
2020-09-22,Zozu_plus_DER_AL581_eobs2541__2020__southbound_01,Zozu + / DER AL581 (eobs2541),2020,1,6.2783275,0,0.298690555914503,0.6582446741276213,0,0.070199855
2020-09-23,Europa_DER_A1A26_eobs_4004__2020__southbound_01,Europa / DER A1A26 (eobs 4004),2020,1,9.390811,0,0.2112314139499253,0.6582446741276213,0,0.065942176
2020-09-23,Mirabell_plus_DER_AN910_eobs_3907__2020__southbound_01,Mirabell + / DER AN910 (eobs 3907),2020,1,9.278834,1,0.04578203782395267,0.6582446741276213,0,71.14815
2020-09-23,Sierit_DER_AN858_eobs2561__2020__southbound_01,Sierit  / DER AN858 (eobs2561),2020,1,6.2724504,0,0.42422209237645486,0.6582446741276213,0,2.5472205
2020-09-23,Zozu_plus_DER_AL581_eobs2541__2020__southbound_01,Zozu + / DER AL581 (eobs2541),2020,1,6.2783275,0,0.4078137922455519,0.6582446741276213,0,1.045345
2020-09-24,Europa_DER_A1A26_eobs_4004__2020__southbound_01,Europa / DER A1A26 (eobs 4004),2020,1,9.390811,0,0.5626385411073679,0.6582446741276213,0,0.30567622
2020-09-24,Sierit_DER_AN858_eobs2561__2020__southbound_01,Sierit  / DER AN858 (eobs2561),2020,1,6.2724504,0,0.4896163547789996,0.6582446741276213,0,0.06349509
2020-09-24,Zozu_plus_DER_AL581_eobs2541__2020__southbound_01,Zozu + / DER AL581 (eobs2541),2020,1,6.2783275,0,0.2974053963459881,0.6582446741276213,0,1.0958912
2020-09-25,Europa_DER_A1A26_eobs_4004__2020__southbound_01,Europa / DER A1A26 (eobs 4004),2020,1,9.390811,1,0.3539757706473105,0.6582446741276213,0,30.610981
2020-09-25,Sierit_DER_AN858_eobs2561__2020__southbound_01,Sierit  / DER AN858 (eobs2561),2020,1,6.2724504,0,0.5858632208939811,0.6582446741276213,0,0.10816883
2020-09-25,Zozu_plus_DER_AL581_eobs2541__2020__southbound_01,Zozu + / DER AL581 (eobs2541),2020,1,6.2783275,0,0.3931402296339348,0.6582446741276213,0,0.06377841
2020-09-26,Europa_DER_A1A26_eobs_4004__2020__southbound_01,Europa / DER A1A26 (eobs 4004),2020,1,9.390811,1,0.822995218201011,0.6582446741276213,1,14.910151
2020-09-26,Sierit_DER_AN858_eobs2561__2020__southbound_01,Sierit  / DER AN858 (eobs2561),2020,1,6.2724504,0,0.2236461248338523,0.6582446741276213,0,2.0460615
2020-09-26,Zozu_plus_DER_AL581_eobs2541__2020__southbound_01,Zozu + / DER AL581 (eobs2541),2020,1,6.2783275,0,0.5387967081568744,0.6582446741276213,0,0.023531884
2020-09-27,Europa_DER_A1A26_eobs_4004__2020__southbound_01,Europa / DER A1A26 (eobs 4004),2020,1,9.390811,1,0.7057457094637499,0.6582446741276213,1,15.785931
2020-09-27,Sierit_DER_AN858_eobs2561__2020__southbound_01,Sierit  / DER AN858 (eobs2561),2020,1,6.2724504,0,0.09374780023466263,0.6582446741276213,0,1.8981661
2020-09-27,Zozu_plus_DER_AL581_eobs2541__2020__southbound_01,Zozu + / DER AL581 (eobs2541),2020,1,6.2783275,0,0.4902144263021299,0.6582446741276213,0,4.685201
2020-09-28,Europa_DER_A1A26_eobs_4004__2020__southbound_01,Europa / DER A1A26 (eobs 4004),2020,1,9.390811,1,0.6199512119574742,0.6582446741276213,0,72.20665
2020-09-28,Sierit_DER_AN858_eobs2561__2020__southbound_01,Sierit  / DER AN858 (eobs2561),2020,1,6.2724504,0,0.12180819064352344,0.6582446741276213,0,5.8314004
2020-09-28,Zozu_plus_DER_AL581_eobs2541__2020__southbound_01,Zozu + / DER AL581 (eobs2541),2020,1,6.2783275,0,0.42444132961275716,0.6582446741276213,0,4.736043
2020-09-29,Europa_DER_A1A26_eobs_4004__2020__southbound_01,Europa / DER A1A26 (eobs 4004),2020,1,9.390811,1,0.8613947002011716,0.6582446741276213,1,92.779434
2020-09-29,Sierit_DER_AN858_eobs2561__2020__southbound_01,Sierit  / DER AN858 (eobs2561),2020,1,6.2724504,0,0.32948183674158904,0.6582446741276213,0,5.6996408
2020-09-29,Zozu_plus_DER_AL581_eobs2541__2020__southbound_01,Zozu + / DER AL581 (eobs2541),2020,1,6.2783275,0,0.3630966356998361,0.6582446741276213,0,0.027461274
2020-09-30,Europa_DER_A1A26_eobs_4004__2020__southbound_01,Europa / DER A1A26 (eobs 4004),2020,1,9.390811,0,0.822250086830225,0.6582446741276213,1,0.023563579
2020-09-30,Sierit_DER_AN858_eobs2561__2020__southbound_01,Sierit  / DER AN858 (eobs2561),2020,1,6.2724504,0,0.41507997023700877,0.6582446741276213,0,5.6498036
2020-09-30,Zozu_plus_DER_AL581_eobs2541__2020__southbound_01,Zozu + / DER AL581 (eobs2541),2020,1,6.2783275,0,0.34292424844026004,0.6582446741276213,0,0.026735049
2020-10-01,Europa_DER_A1A26_eobs_4004__2020__southbound_01,Europa / DER A1A26 (eobs 4004),2020,1,9.390811,0,0.5435557370941585,0.6582446741276213,0,0.10303866
2020-10-01,Sierit_DER_AN858_eobs2561__2020__southbound_01,Sierit  / DER AN858 (eobs2561),2020,1,6.2724504,0,0.2637202220597181,0.6582446741276213,0,5.7510705
2020-10-01,Zozu_plus_DER_AL581_eobs2541__2020__southbound_01,Zozu + / DER AL581 (eobs2541),2020,1,6.2783275,0,0.3590623152293914,0.6582446741276213,0,0.022606736
2020-10-02,Europa_DER_A1A26_eobs_4004__2020__southbound_01,Europa / DER A1A26 (eobs 4004),2020,1,9.390811,0,0.6077002848313378,0.6582446741276213,0,0.5594811
2020-10-02,Sierit_DER_AN858_eobs2561__2020__southbound_01,Sierit  / DER AN858 (eobs2561),2020,1,6.2724504,0,0.26170954556071613,0.6582446741276213,0,0.12492979
2020-10-02,Zozu_plus_DER_AL581_eobs2541__2020__southbound_01,Zozu + / DER AL581 (eobs2541),2020,1,6.2783275,0,0.47022163721439414,0.6582446741276213,0,0.0069834497
2020-10-03,Europa_DER_A1A26_eobs_4004__2020__southbound_01,Europa / DER A1A26 (eobs 4004),2020,1,9.390811,0,0.27902034798646974,0.6582446741276213,0,0.56523144
2020-10-03,Sierit_DER_AN858_eobs2561__2020__southbound_01,Sierit  / DER AN858 (eobs2561),2020,1,6.2724504,0,0.16147013955170963,0.6582446741276213,0,0.290329
2020-10-03,Zozu_plus_DER_AL581_eobs2541__2020__southbound_01,Zozu + / DER AL581 (eobs2541),2020,1,6.2783275,0,0.36135288536451826,0.6582446741276213,0,0.18023556
2020-10-04,Europa_DER_A1A26_eobs_4004__2020__southbound_01,Europa / DER A1A26 (eobs 4004),2020,1,9.390811,0,0.6364593367797601,0.6582446741276213,0,0.17887221
2020-10-04,Sierit_DER_AN858_eobs2561__2020__southbound_01,Sierit  / DER AN858 (eobs2561),2020,1,6.2724504,0,0.289739417014256,0.6582446741276213,0,5.8820634
2020-10-04,Zozu_plus_DER_AL581_eobs2541__2020__southbound_01,Zozu + / DER AL581 (eobs2541),2020,1,6.2783275,0,0.4477399314294895,0.6582446741276213,0,0.6966819
2020-10-05,Europa_DER_A1A26_eobs_4004__2020__southbound_01,Europa / DER A1A26 (eobs 4004),2020,1,9.390811,0,0.3743600678886246,0.6582446741276213,0,0.50699735
2020-10-05,Sierit_DER_AN858_eobs2561__2020__southbound_01,Sierit  / DER AN858 (eobs2561),2020,1,6.2724504,0,0.3649187793351675,0.6582446741276213,0,0.036566887
2020-10-05,Zozu_plus_DER_AL581_eobs2541__2020__southbound_01,Zozu + / DER AL581 (eobs2541),2020,1,6.2783275,0,0.46818699108305123,0.6582446741276213,0,0.79549325
2020-10-06,Europa_DER_A1A26_eobs_4004__2020__southbound_01,Europa / DER A1A26 (eobs 4004),2020,1,9.390811,0,0.20925131924908583,0.6582446741276213,0,0.54208153
2020-10-06,Sierit_DER_AN858_eobs2561__2020__southbound_01,Sierit  / DER AN858 (eobs2561),2020,1,6.2724504,0,0.30387914288847956,0.6582446741276213,0,5.7896943
2020-10-06,Zozu_plus_DER_AL581_eobs2541__2020__southbound_01,Zozu + / DER AL581 (eobs2541),2020,1,6.2783275,1,0.2245099432270047,0.6582446741276213,0,10.554964
2020-10-07,Europa_DER_A1A26_eobs_4004__2020__southbound_01,Europa / DER A1A26 (eobs 4004),2020,1,9.390811,0,0.5833617659785821,0.6582446741276213,0,0.021968314
2020-10-07,Sierit_DER_AN858_eobs2561__2020__southbound_01,Sierit  / DER AN858 (eobs2561),2020,1,6.2724504,0,0.2885008941465197,0.6582446741276213,0,0.13730322
2020-10-07,Zozu_plus_DER_AL581_eobs2541__2020__southbound_01,Zozu + / DER AL581 (eobs2541),2020,1,6.2783275,1,0.7778135540138059,0.6582446741276213,1,10.607567
2020-10-08,Europa_DER_A1A26_eobs_4004__2020__southbound_01,Europa / DER A1A26 (eobs 4004),2020,1,9.390811,0,0.2783300914349468,0.6582446741276213,0,0.020241434
2020-10-08,Sierit_DER_AN858_eobs2561__2020__southbound_01,Sierit  / DER AN858 (eobs2561),2020,1,6.2724504,0,0.39366377361029997,0.6582446741276213,0,0.05689661
2020-10-08,Zozu_plus_DER_AL581_eobs2541__2020__southbound_01,Zozu + / DER AL581 (eobs2541),2020,1,6.2783275,0,0.5873862652243981,0.6582446741276213,0,0.0151279215
2020-10-09,Europa_DER_A1A26_eobs_4004__2020__southbound_01,Europa / DER A1A26 (eobs 4004),2020,1,9.390811,0,0.18719999826001735,0.6582446741276213,0,0.018601587
2020-10-09,Sierit_DER_AN858_eobs2561__2020__southbound_01,Sierit  / DER AN858 (eobs2561),2020,1,6.2724504,0,0.36534068640542494,0.6582446741276213,0,0.057420537
2020-10-09,Zozu_plus_DER_AL581_eobs2541__2020__southbound_01,Zozu + / DER AL581 (eobs2541),2020,1,6.2783275,0,0.581518412081601,0.6582446741276213,0,0.035122924
2020-10-10,Europa_DER_A1A26_eobs_4004__2020__southbound_01,Europa / DER A1A26 (eobs 4004),2020,1,9.390811,0,0.37011661746305063,0.6582446741276213,0,0.04714473
2020-10-10,Sierit_DER_AN858_eobs2561__2020__southbound_01,Sierit  / DER AN858 (eobs2561),2020,1,6.2724504,0,0.11979382109758026,0.6582446741276213,0,4.615813
2020-10-10,Zozu_plus_DER_AL581_eobs2541__2020__southbound_01,Zozu + / DER AL581 (eobs2541),2020,1,6.2783275,0,0.5546847499322897,0.6582446741276213,0,9.005918
2020-10-11,Europa_DER_A1A26_eobs_4004__2020__southbound_01,Europa / DER A1A26 (eobs 4004),2020,1,9.390811,0,0.2637963911007699,0.6582446741276213,0,0.57080084
2020-10-11,Sierit_DER_AN858_eobs2561__2020__southbound_01,Sierit  / DER AN858 (eobs2561),2020,1,6.2724504,0,0.28060117680521873,0.6582446741276213,0,1.3023535
2020-10-11,Zozu_plus_DER_AL581_eobs2541__2020__southbound_01,Zozu + / DER AL581 (eobs2541),2020,1,6.2783275,0,0.5764270410834683,0.6582446741276213,0,9.039298
2020-10-12,Europa_DER_A1A26_eobs_4004__2020__southbound_01,Europa / DER A1A26 (eobs 4004),2020,1,9.390811,0,0.22768516876081007,0.6582446741276213,0,0.5138154
2020-10-12,Sierit_DER_AN858_eobs2561__2020__southbound_01,Sierit  / DER AN858 (eobs2561),2020,1,6.2724504,0,0.41096472742635526,0.6582446741276213,0,5.716075
2020-10-12,Zozu_plus_DER_AL581_eobs2541__2020__southbound_01,Zozu + / DER AL581 (eobs2541),2020,1,6.2783275,0,0.39096002730598645,0.6582446741276213,0,0.0027402197
2020-10-13,Europa_DER_A1A26_eobs_4004__2020__southbound_01,Europa / DER A1A26 (eobs 4004),2020,1,9.390811,0,0.2496098457574961,0.6582446741276213,0,2.29866
2020-10-13,Sierit_DER_AN858_eobs2561__2020__southbound_01,Sierit  / DER AN858 (eobs2561),2020,1,6.2724504,0,0.2249665042471445,0.6582446741276213,0,4.0923047
2020-10-13,Zozu_plus_DER_AL581_eobs2541__2020__southbound_01,Zozu + / DER AL581 (eobs2541),2020,1,6.2783275,0,0.4816619314450502,0.6582446741276213,0,0.03397507
2020-10-14,Sierit_DER_AN858_eobs2561__2020__southbound_01,Sierit  / DER AN858 (eobs2561),2020,1,6.2724504,0,0.3824651524751524,0.6582446741276213,0,4.241186
2020-10-14,Zozu_plus_DER_AL581_eobs2541__2020__southbound_01,Zozu + / DER AL581 (eobs2541),2020,1,6.2783275,0,0.486194129830173,0.6582446741276213,0,0.036424074
2020-10-15,Sierit_DER_AN858_eobs2561__2020__southbound_01,Sierit  / DER AN858 (eobs2561),2020,1,6.2724504,0,0.27064090852851824,0.6582446741276213,0,5.662488
2020-10-15,Zozu_plus_DER_AL581_eobs2541__2020__southbound_01,Zozu + / DER AL581 (eobs2541),2020,1,6.2783275,0,0.330298273589515,0.6582446741276213,0,0.05004229
2020-10-16,Sierit_DER_AN858_eobs2561__2020__southbound_01,Sierit  / DER AN858 (eobs2561),2020,1,6.2724504,0,0.1748274940076159,0.6582446741276213,0,0.9625661
2020-10-16,Zozu_plus_DER_AL581_eobs2541__2020__southbound_01,Zozu + / DER AL581 (eobs2541),2020,1,6.2783275,1,0.20862736460290007,0.6582446741276213,0,16.301146
2020-10-17,Sierit_DER_AN858_eobs2561__2020__southbound_01,Sierit  / DER AN858 (eobs2561),2020,1,6.2724504,0,0.38469980887615834,0.6582446741276213,0,5.990791
2020-10-18,Sierit_DER_AN858_eobs2561__2020__southbound_01,Sierit  / DER AN858 (eobs2561),2020,1,6.2724504,0,0.15547361177448116,0.6582446741276213,0,7.645549
2020-10-19,Sierit_DER_AN858_eobs2561__2020__southbound_01,Sierit  / DER AN858 (eobs2561),2020,1,6.2724504,0,0.23807596614431956,0.6582446741276213,0,7.798555
2020-10-20,Sierit_DER_AN858_eobs2561__2020__southbound_01,Sierit  / DER AN858 (eobs2561),2020,1,6.2724504,0,0.2663401321047271,0.6582446741276213,0,9.073045
2020-10-21,Sierit_DER_AN858_eobs2561__2020__southbound_01,Sierit  / DER AN858 (eobs2561),2020,1,6.2724504,0,0.25306140108843656,0.6582446741276213,0,0.98273814
2020-10-22,Sierit_DER_AN858_eobs2561__2020__southbound_01,Sierit  / DER AN858 (eobs2561),2020,1,6.2724504,0,0.25668894116187857,0.6582446741276213,0,0.012612383
2020-10-23,Sierit_DER_AN858_eobs2561__2020__southbound_01,Sierit  / DER AN858 (eobs2561),2020,1,6.2724504,0,0.14769505469154656,0.6582446741276213,0,8.06203
2020-10-24,Sierit_DER_AN858_eobs2561__2020__southbound_01,Sierit  / DER AN858 (eobs2561),2020,1,6.2724504,0,0.2502289104053601,0.6582446741276213,0,8.050822
2020-10-25,Sierit_DER_AN858_eobs2561__2020__southbound_01,Sierit  / DER AN858 (eobs2561),2020,1,6.2724504,0,0.2553593990206776,0.6582446741276213,0,0.8425162
2020-10-26,Sierit_DER_AN858_eobs2561__2020__southbound_01,Sierit  / DER AN858 (eobs2561),2020,1,6.2724504,0,0.10993959724155117,0.6582446741276213,0,8.87135
2020-10-27,Sierit_DER_AN858_eobs2561__2020__southbound_01,Sierit  / DER AN858 (eobs2561),2020,1,6.2724504,0,0.1977834403681207,0.6582446741276213,0,8.0703945
2020-10-28,Sierit_DER_AN858_eobs2561__2020__southbound_01,Sierit  / DER AN858 (eobs2561),2020,1,6.2724504,0,0.21110177506279773,0.6582446741276213,0,7.972534
2020-10-29,Sierit_DER_AN858_eobs2561__2020__southbound_01,Sierit  / DER AN858 (eobs2561),2020,1,6.2724504,0,0.18696533516070318,0.6582446741276213,0,0.011279184
2020-10-30,Sierit_DER_AN858_eobs2561__2020__southbound_01,Sierit  / DER AN858 (eobs2561),2020,1,6.2724504,0,0.14197161346129522,0.6582446741276213,0,7.63626
2020-10-31,Sierit_DER_AN858_eobs2561__2020__southbound_01,Sierit  / DER AN858 (eobs2561),2020,1,6.2724504,0,0.19855183467689808,0.6582446741276213,0,2.9901366
2020-11-01,Sierit_DER_AN858_eobs2561__2020__southbound_01,Sierit  / DER AN858 (eobs2561),2020,1,6.2724504,0,0.13075786742872117,0.6582446741276213,0,5.395059
2020-11-02,Sierit_DER_AN858_eobs2561__2020__southbound_01,Sierit  / DER AN858 (eobs2561),2020,1,6.2724504,0,0.1422509419143184,0.6582446741276213,0,3.1584406
2020-11-03,Sierit_DER_AN858_eobs2561__2020__southbound_01,Sierit  / DER AN858 (eobs2561),2020,1,6.2724504,0,0.16864240916404147,0.6582446741276213,0,7.518916
2020-11-04,Sierit_DER_AN858_eobs2561__2020__southbound_01,Sierit  / DER AN858 (eobs2561),2020,1,6.2724504,0,0.07867133016256625,0.6582446741276213,0,8.082298
2020-11-05,Sierit_DER_AN858_eobs2561__2020__southbound_01,Sierit  / DER AN858 (eobs2561),2020,1,6.2724504,0,0.18543832332908894,0.6582446741276213,0,6.028582
2020-11-06,Sierit_DER_AN858_eobs2561__2020__southbound_01,Sierit  / DER AN858 (eobs2561),2020,1,6.2724504,0,0.13540724295033402,0.6582446741276213,0,5.9303946
2020-11-07,Sierit_DER_AN858_eobs2561__2020__southbound_01,Sierit  / DER AN858 (eobs2561),2020,1,6.2724504,0,0.105856598260757,0.6582446741276213,0,0.95221853
2020-11-08,Sierit_DER_AN858_eobs2561__2020__southbound_01,Sierit  / DER AN858 (eobs2561),2020,1,6.2724504,0,0.19831735387871954,0.6582446741276213,0,0.9382705
2020-11-09,Sierit_DER_AN858_eobs2561__2020__southbound_01,Sierit  / DER AN858 (eobs2561),2020,1,6.2724504,0,0.04650123259403737,0.6582446741276213,0,0.0065807714
2020-11-10,Sierit_DER_AN858_eobs2561__2020__southbound_01,Sierit  / DER AN858 (eobs2561),2020,1,6.2724504,0,0.043577965285053366,0.6582446741276213,0,0.01749343
2020-11-11,Sierit_DER_AN858_eobs2561__2020__southbound_01,Sierit  / DER AN858 (eobs2561),2020,1,6.2724504,0,0.06274458081274364,0.6582446741276213,0,0.01914534
2020-11-12,Sierit_DER_AN858_eobs2561__2020__southbound_01,Sierit  / DER AN858 (eobs2561),2020,1,6.2724504,0,0.0493607820728972,0.6582446741276213,0,0.009710322
2020-11-13,Sierit_DER_AN858_eobs2561__2020__southbound_01,Sierit  / DER AN858 (eobs2561),2020,1,6.2724504,0,0.131797378053891,0.6582446741276213,0,0.0046483628
2020-11-14,Sierit_DER_AN858_eobs2561__2020__southbound_01,Sierit  / DER AN858 (eobs2561),2020,1,6.2724504,0,0.04736865100034552,0.6582446741276213,0,0.0017290312
2020-11-15,Sierit_DER_AN858_eobs2561__2020__southbound_01,Sierit  / DER AN858 (eobs2561),2020,1,6.2724504,0,0.08285264243898041,0.6582446741276213,0,0.014371906
2020-11-16,Sierit_DER_AN858_eobs2561__2020__southbound_01,Sierit  / DER AN858 (eobs2561),2020,1,6.2724504,0,0.06211239412390892,0.6582446741276213,0,0.0033572332
2020-11-17,Sierit_DER_AN858_eobs2561__2020__southbound_01,Sierit  / DER AN858 (eobs2561),2020,1,6.2724504,0,0.022673305590463416,0.6582446741276213,0,0.0010542151
2020-11-18,Sierit_DER_AN858_eobs2561__2020__southbound_01,Sierit  / DER AN858 (eobs2561),2020,1,6.2724504,0,0.08422389031034623,0.6582446741276213,0,0.0031699443
2020-11-19,Sierit_DER_AN858_eobs2561__2020__southbound_01,Sierit  / DER AN858 (eobs2561),2020,1,6.2724504,0,0.044132912410039235,0.6582446741276213,0,0.0021181381
2020-11-20,Sierit_DER_AN858_eobs2561__2020__southbound_01,Sierit  / DER AN858 (eobs2561),2020,1,6.2724504,0,0.046485898053345506,0.6582446741276213,0,0.016571395
2020-11-21,Sierit_DER_AN858_eobs2561__2020__southbound_01,Sierit  / DER AN858 (eobs2561),2020,1,6.2724504,0,0.06341659460314018,0.6582446741276213,0,0.0029725146
2020-11-22,Sierit_DER_AN858_eobs2561__2020__southbound_01,Sierit  / DER AN858 (eobs2561),2020,1,6.2724504,0,0.032186908854708714,0.6582446741276213,0,0.65293205
2020-11-23,Sierit_DER_AN858_eobs2561__2020__southbound_01,Sierit  / DER AN858 (eobs2561),2020,1,6.2724504,0,0.041039991395632136,0.6582446741276213,0,3.1714313
2021-08-12,Ed_plus_AAL16_e-obs_7210__2021__southbound_01,"Ed + (AAL16, e-obs 7210)",2021,1,10.53983,0,0.26283598796006397,0.6582446741276213,0,0.03267993
2021-08-13,Ed_plus_AAL16_e-obs_7210__2021__southbound_01,"Ed + (AAL16, e-obs 7210)",2021,1,10.53983,0,0.2901675595883906,0.6582446741276213,0,0.006666918
2021-08-14,Ed_plus_AAL16_e-obs_7210__2021__southbound_01,"Ed + (AAL16, e-obs 7210)",2021,1,10.53983,0,0.13017443839948234,0.6582446741276213,0,0.0026367286
2021-08-15,Ed_plus_AAL16_e-obs_7210__2021__southbound_01,"Ed + (AAL16, e-obs 7210)",2021,1,10.53983,0,0.1901189947513465,0.6582446741276213,0,0.0033879734
2021-08-16,Ed_plus_AAL16_e-obs_7210__2021__southbound_01,"Ed + (AAL16, e-obs 7210)",2021,1,10.53983,0,0.22104047296155538,0.6582446741276213,0,0.017767854
2021-08-17,Ed_plus_AAL16_e-obs_7210__2021__southbound_01,"Ed + (AAL16, e-obs 7210)",2021,1,10.53983,0,0.10463138741591736,0.6582446741276213,0,0.006519362
2021-08-18,Ed_plus_AAL16_e-obs_7210__2021__southbound_01,"Ed + (AAL16, e-obs 7210)",2021,1,10.53983,0,0.2820777178600833,0.6582446741276213,0,0.017723704
2021-08-19,Ed_plus_AAL16_e-obs_7210__2021__southbound_01,"Ed + (AAL16, e-obs 7210)",2021,1,10.53983,0,0.16915488184306227,0.6582446741276213,0,0.0252844
2021-08-20,Ed_plus_AAL16_e-obs_7210__2021__southbound_01,"Ed + (AAL16, e-obs 7210)",2021,1,10.53983,0,0.1891896277915579,0.6582446741276213,0,0.0145499315
2021-08-21,Ed_plus_AAL16_e-obs_7210__2021__southbound_01,"Ed + (AAL16, e-obs 7210)",2021,1,10.53983,0,0.39536054121224684,0.6582446741276213,0,0.0009337944
2021-08-22,Ed_plus_AAL16_e-obs_7210__2021__southbound_01,"Ed + (AAL16, e-obs 7210)",2021,1,10.53983,0,0.21020441491298128,0.6582446741276213,0,0.0016066527
2021-08-23,Ed_plus_AAL16_e-obs_7210__2021__southbound_01,"Ed + (AAL16, e-obs 7210)",2021,1,10.53983,0,0.21503999383595102,0.6582446741276213,0,0.0033387605
2021-08-24,Ed_plus_AAL16_e-obs_7210__2021__southbound_01,"Ed + (AAL16, e-obs 7210)",2021,1,10.53983,0,0.2810081105658272,0.6582446741276213,0,0.0018321696
2021-08-25,Ed_plus_AAL16_e-obs_7210__2021__southbound_01,"Ed + (AAL16, e-obs 7210)",2021,1,10.53983,0,0.19812868613148896,0.6582446741276213,0,0.0013819534
2021-08-26,Ed_plus_AAL16_e-obs_7210__2021__southbound_01,"Ed + (AAL16, e-obs 7210)",2021,1,10.53983,0,0.32094275503521175,0.6582446741276213,0,0.0010755446
2021-08-27,Ed_plus_AAL16_e-obs_7210__2021__southbound_01,"Ed + (AAL16, e-obs 7210)",2021,1,10.53983,0,0.3072504712345734,0.6582446741276213,0,0.00089902664
2021-08-28,Ed_plus_AAL16_e-obs_7210__2021__southbound_01,"Ed + (AAL16, e-obs 7210)",2021,1,10.53983,0,0.20555678292332008,0.6582446741276213,0,0.0012948118
2021-08-29,Ed_plus_AAL16_e-obs_7210__2021__southbound_01,"Ed + (AAL16, e-obs 7210)",2021,1,10.53983,0,0.25202233771463056,0.6582446741276213,0,0.0029519296
2021-08-30,Ed_plus_AAL16_e-obs_7210__2021__southbound_01,"Ed + (AAL16, e-obs 7210)",2021,1,10.53983,0,0.20512244184531608,0.6582446741276213,0,0.0035624169
2021-08-31,Ed_plus_AAL16_e-obs_7210__2021__southbound_01,"Ed + (AAL16, e-obs 7210)",2021,1,10.53983,0,0.18254696891926017,0.6582446741276213,0,0.000743363
2021-09-01,Ed_plus_AAL16_e-obs_7210__2021__southbound_01,"Ed + (AAL16, e-obs 7210)",2021,1,10.53983,0,0.17674818757389726,0.6582446741276213,0,0.00223526
2021-09-02,Ed_plus_AAL16_e-obs_7210__2021__southbound_01,"Ed + (AAL16, e-obs 7210)",2021,1,10.53983,0,0.2509004393937869,0.6582446741276213,0,0.0012096438
2021-09-02,Sierit_DER_AN858_eobs2561__2021__southbound_01,Sierit  / DER AN858 (eobs2561),2021,1,6.2726984,0,0.04043037832754057,0.6582446741276213,0,0.09576053
2021-09-03,Ed_plus_AAL16_e-obs_7210__2021__southbound_01,"Ed + (AAL16, e-obs 7210)",2021,1,10.53983,0,0.26159089394672946,0.6582446741276213,0,0.0013193878
2021-09-03,Sierit_DER_AN858_eobs2561__2021__southbound_01,Sierit  / DER AN858 (eobs2561),2021,1,6.2726984,0,0.024781697488826512,0.6582446741276213,0,0.2511869
2021-09-04,Ed_plus_AAL16_e-obs_7210__2021__southbound_01,"Ed + (AAL16, e-obs 7210)",2021,1,10.53983,0,0.21830656240600932,0.6582446741276213,0,0.0010430516
2021-09-04,Sierit_DER_AN858_eobs2561__2021__southbound_01,Sierit  / DER AN858 (eobs2561),2021,1,6.2726984,0,0.029352479963491974,0.6582446741276213,0,0.28304315
2021-09-05,Ed_plus_AAL16_e-obs_7210__2021__southbound_01,"Ed + (AAL16, e-obs 7210)",2021,1,10.53983,0,0.22158413235031246,0.6582446741276213,0,0.0023760789
2021-09-05,Sierit_DER_AN858_eobs2561__2021__southbound_01,Sierit  / DER AN858 (eobs2561),2021,1,6.2726984,0,0.07853586564532193,0.6582446741276213,0,0.68467015
2021-09-06,Ed_plus_AAL16_e-obs_7210__2021__southbound_01,"Ed + (AAL16, e-obs 7210)",2021,1,10.53983,0,0.26529514651820185,0.6582446741276213,0,0.0016992027
2021-09-06,Sierit_DER_AN858_eobs2561__2021__southbound_01,Sierit  / DER AN858 (eobs2561),2021,1,6.2726984,0,0.05864363653619416,0.6582446741276213,0,0.72808194
2021-09-07,Ed_plus_AAL16_e-obs_7210__2021__southbound_01,"Ed + (AAL16, e-obs 7210)",2021,1,10.53983,0,0.23529344522190562,0.6582446741276213,0,0.0009372252
2021-09-07,Europa_DER_A1A26_eobs_4004__2021__southbound_01,Europa / DER A1A26 (eobs 4004),2021,1,7.046981,1,0.999989394958522,0.6582446741276213,1,212.82457
2021-09-07,Sierit_DER_AN858_eobs2561__2021__southbound_01,Sierit  / DER AN858 (eobs2561),2021,1,6.2726984,0,0.08869635984865665,0.6582446741276213,0,0.017900044
2021-09-08,Ed_plus_AAL16_e-obs_7210__2021__southbound_01,"Ed + (AAL16, e-obs 7210)",2021,1,10.53983,0,0.1575062614350899,0.6582446741276213,0,0.0010643532
2021-09-08,Europa_DER_A1A26_eobs_4004__2021__southbound_01,Europa / DER A1A26 (eobs 4004),2021,1,7.046981,1,0.9978397601604588,0.6582446741276213,1,97.90317
2021-09-08,Sierit_DER_AN858_eobs2561__2021__southbound_01,Sierit  / DER AN858 (eobs2561),2021,1,6.2726984,0,0.04218015861660697,0.6582446741276213,0,0.024429744
2021-09-09,Ed_plus_AAL16_e-obs_7210__2021__southbound_01,"Ed + (AAL16, e-obs 7210)",2021,1,10.53983,0,0.2551660004786513,0.6582446741276213,0,0.0013909956
2021-09-09,Europa_DER_A1A26_eobs_4004__2021__southbound_01,Europa / DER A1A26 (eobs 4004),2021,1,7.046981,1,0.9969514112862012,0.6582446741276213,1,62.497223
2021-09-09,Sierit_DER_AN858_eobs2561__2021__southbound_01,Sierit  / DER AN858 (eobs2561),2021,1,6.2726984,0,0.057459625827144666,0.6582446741276213,0,0.0034621097
2021-09-10,Ed_plus_AAL16_e-obs_7210__2021__southbound_01,"Ed + (AAL16, e-obs 7210)",2021,1,10.53983,0,0.19889073289625162,0.6582446741276213,0,0.003637212
2021-09-10,Europa_DER_A1A26_eobs_4004__2021__southbound_01,Europa / DER A1A26 (eobs 4004),2021,1,7.046981,1,0.9831158328686196,0.6582446741276213,1,94.95779
2021-09-10,Sierit_DER_AN858_eobs2561__2021__southbound_01,Sierit  / DER AN858 (eobs2561),2021,1,6.2726984,0,0.05871363528581367,0.6582446741276213,0,0.003292228
2021-09-11,Ed_plus_AAL16_e-obs_7210__2021__southbound_01,"Ed + (AAL16, e-obs 7210)",2021,1,10.53983,1,0.10471788273998447,0.6582446741276213,0,18.74988
2021-09-11,Europa_DER_A1A26_eobs_4004__2021__southbound_01,Europa / DER A1A26 (eobs 4004),2021,1,7.046981,1,0.9664165237977017,0.6582446741276213,1,41.807594
2021-09-11,Sierit_DER_AN858_eobs2561__2021__southbound_01,Sierit  / DER AN858 (eobs2561),2021,1,6.2726984,1,0.022470176835801627,0.6582446741276213,0,43.717064
2021-09-12,Ed_plus_AAL16_e-obs_7210__2021__southbound_01,"Ed + (AAL16, e-obs 7210)",2021,1,10.53983,1,0.9971378193211732,0.6582446741276213,1,107.07468
2021-09-12,Europa_DER_A1A26_eobs_4004__2021__southbound_01,Europa / DER A1A26 (eobs 4004),2021,1,7.046981,1,0.9201960646936248,0.6582446741276213,1,77.80081
2021-09-12,Sierit_DER_AN858_eobs2561__2021__southbound_01,Sierit  / DER AN858 (eobs2561),2021,1,6.2726984,1,0.9999891660786485,0.6582446741276213,1,68.9647
2021-09-13,Ed_plus_AAL16_e-obs_7210__2021__southbound_01,"Ed + (AAL16, e-obs 7210)",2021,1,10.53983,1,0.9605686441521597,0.6582446741276213,1,173.11523
2021-09-13,Europa_DER_A1A26_eobs_4004__2021__southbound_01,Europa / DER A1A26 (eobs 4004),2021,1,7.046981,1,0.9928416505381219,0.6582446741276213,1,93.35771
2021-09-13,Louis_DER_AU050_eobs_3264__2021__southbound_01,Louis / DER AU050 (eobs 3264),2021,1,6.275173,0,0.021287234571763194,0.6582446741276213,0,0.05494327
2021-09-13,Sierit_DER_AN858_eobs2561__2021__southbound_01,Sierit  / DER AN858 (eobs2561),2021,1,6.2726984,1,0.9896865893066469,0.6582446741276213,1,196.4996
2021-09-14,Ed_plus_AAL16_e-obs_7210__2021__southbound_01,"Ed + (AAL16, e-obs 7210)",2021,1,10.53983,0,0.9942056373186867,0.6582446741276213,1,0.63083
2021-09-14,Europa_DER_A1A26_eobs_4004__2021__southbound_01,Europa / DER A1A26 (eobs 4004),2021,1,7.046981,0,0.9885061262658607,0.6582446741276213,1,0.8047167
2021-09-14,Louis_DER_AU050_eobs_3264__2021__southbound_01,Louis / DER AU050 (eobs 3264),2021,1,6.275173,0,0.03578829492338725,0.6582446741276213,0,0.9100585
2021-09-14,Sierit_DER_AN858_eobs2561__2021__southbound_01,Sierit  / DER AN858 (eobs2561),2021,1,6.2726984,1,0.9995316648740229,0.6582446741276213,1,70.731415
2021-09-15,Ed_plus_AAL16_e-obs_7210__2021__southbound_01,"Ed + (AAL16, e-obs 7210)",2021,1,10.53983,0,0.8294441095780338,0.6582446741276213,1,0.5845008
2021-09-15,Europa_DER_A1A26_eobs_4004__2021__southbound_01,Europa / DER A1A26 (eobs 4004),2021,1,7.046981,1,0.9142123571604581,0.6582446741276213,1,15.666535
2021-09-15,Louis_DER_AU050_eobs_3264__2021__southbound_01,Louis / DER AU050 (eobs 3264),2021,1,6.275173,0,0.04133671041841843,0.6582446741276213,0,0.2852751
2021-09-15,Sierit_DER_AN858_eobs2561__2021__southbound_01,Sierit  / DER AN858 (eobs2561),2021,1,6.2726984,1,0.9636502185873979,0.6582446741276213,1,31.863426
2021-09-16,Ed_plus_AAL16_e-obs_7210__2021__southbound_01,"Ed + (AAL16, e-obs 7210)",2021,1,10.53983,1,0.7021542351649048,0.6582446741276213,1,119.47311
2021-09-16,Europa_DER_A1A26_eobs_4004__2021__southbound_01,Europa / DER A1A26 (eobs 4004),2021,1,7.046981,1,0.6766581072757157,0.6582446741276213,1,162.70425
2021-09-16,Louis_DER_AU050_eobs_3264__2021__southbound_01,Louis / DER AU050 (eobs 3264),2021,1,6.275173,0,0.054200566817897866,0.6582446741276213,0,0.6798379
2021-09-16,Sierit_DER_AN858_eobs2561__2021__southbound_01,Sierit  / DER AN858 (eobs2561),2021,1,6.2726984,1,0.9310324620698965,0.6582446741276213,1,50.28236
2021-09-17,Ed_plus_AAL16_e-obs_7210__2021__southbound_01,"Ed + (AAL16, e-obs 7210)",2021,1,10.53983,1,0.9601652063806929,0.6582446741276213,1,186.94069
2021-09-17,Europa_DER_A1A26_eobs_4004__2021__southbound_01,Europa / DER A1A26 (eobs 4004),2021,1,7.046981,1,0.9680755654952491,0.6582446741276213,1,14.324684
2021-09-17,Louis_DER_AU050_eobs_3264__2021__southbound_01,Louis / DER AU050 (eobs 3264),2021,1,6.275173,1,0.11009279642404594,0.6582446741276213,0,191.14932
2021-09-17,Sierit_DER_AN858_eobs2561__2021__southbound_01,Sierit  / DER AN858 (eobs2561),2021,1,6.2726984,1,0.8967246017354767,0.6582446741276213,1,215.71472
2021-09-18,Ed_plus_AAL16_e-obs_7210__2021__southbound_01,"Ed + (AAL16, e-obs 7210)",2021,1,10.53983,1,0.9950909890587225,0.6582446741276213,1,157.85815
2021-09-18,Europa_DER_A1A26_eobs_4004__2021__southbound_01,Europa / DER A1A26 (eobs 4004),2021,1,7.046981,0,0.7542769377967946,0.6582446741276213,1,0.0198458
2021-09-18,Louis_DER_AU050_eobs_3264__2021__southbound_01,Louis / DER AU050 (eobs 3264),2021,1,6.275173,1,0.9999997019791569,0.6582446741276213,1,133.46092
2021-09-18,Sierit_DER_AN858_eobs2561__2021__southbound_01,Sierit  / DER AN858 (eobs2561),2021,1,6.2726984,1,0.9996380557010288,0.6582446741276213,1,101.82017
2021-09-19,Ed_plus_AAL16_e-obs_7210__2021__southbound_01,"Ed + (AAL16, e-obs 7210)",2021,1,10.53983,1,0.9646208388747377,0.6582446741276213,1,91.69355
2021-09-19,Europa_DER_A1A26_eobs_4004__2021__southbound_01,Europa / DER A1A26 (eobs 4004),2021,1,7.046981,0,0.7154137079584625,0.6582446741276213,1,1.3435622
2021-09-19,Louis_DER_AU050_eobs_3264__2021__southbound_01,Louis / DER AU050 (eobs 3264),2021,1,6.275173,1,0.995638338900097,0.6582446741276213,1,292.7876
2021-09-19,Sierit_DER_AN858_eobs2561__2021__southbound_01,Sierit  / DER AN858 (eobs2561),2021,1,6.2726984,1,0.9789309045587368,0.6582446741276213,1,66.45785
2021-09-20,Ed_plus_AAL16_e-obs_7210__2021__southbound_01,"Ed + (AAL16, e-obs 7210)",2021,1,10.53983,1,0.981104580442185,0.6582446741276213,1,91.60537
2021-09-20,Europa_DER_A1A26_eobs_4004__2021__southbound_01,Europa / DER A1A26 (eobs 4004),2021,1,7.046981,1,0.6320682418614992,0.6582446741276213,0,21.56332
2021-09-20,Louis_DER_AU050_eobs_3264__2021__southbound_01,Louis / DER AU050 (eobs 3264),2021,1,6.275173,0,0.9999882836668611,0.6582446741276213,1,2.1642294
2021-09-20,Sierit_DER_AN858_eobs2561__2021__southbound_01,Sierit  / DER AN858 (eobs2561),2021,1,6.2726984,1,0.9834638902949978,0.6582446741276213,1,206.8164
2021-09-21,Ed_plus_AAL16_e-obs_7210__2021__southbound_01,"Ed + (AAL16, e-obs 7210)",2021,1,10.53983,1,0.8875201172605705,0.6582446741276213,1,66.22527
2021-09-21,Europa_DER_A1A26_eobs_4004__2021__southbound_01,Europa / DER A1A26 (eobs 4004),2021,1,7.046981,0,0.8441840220306874,0.6582446741276213,1,0.8404736
2021-09-21,Louis_DER_AU050_eobs_3264__2021__southbound_01,Louis / DER AU050 (eobs 3264),2021,1,6.275173,1,0.864553768372354,0.6582446741276213,1,88.319305
2021-09-21,Sierit_DER_AN858_eobs2561__2021__southbound_01,Sierit  / DER AN858 (eobs2561),2021,1,6.2726984,1,0.9747376353919291,0.6582446741276213,1,12.867578
2021-09-22,Ed_plus_AAL16_e-obs_7210__2021__southbound_01,"Ed + (AAL16, e-obs 7210)",2021,1,10.53983,1,0.8869735748966765,0.6582446741276213,1,301.08954
2021-09-22,Europa_DER_A1A26_eobs_4004__2021__southbound_01,Europa / DER A1A26 (eobs 4004),2021,1,7.046981,0,0.24713675225920298,0.6582446741276213,0,0.24203715
2021-09-22,Louis_DER_AU050_eobs_3264__2021__southbound_01,Louis / DER AU050 (eobs 3264),2021,1,6.275173,1,0.972551186037301,0.6582446741276213,1,86.91188
2021-09-22,Sierit_DER_AN858_eobs2561__2021__southbound_01,Sierit  / DER AN858 (eobs2561),2021,1,6.2726984,0,0.7492427221898534,0.6582446741276213,1,0.01562597
2021-09-23,Ed_plus_AAL16_e-obs_7210__2021__southbound_01,"Ed + (AAL16, e-obs 7210)",2021,1,10.53983,1,0.9979860198196785,0.6582446741276213,1,66.5512
2021-09-23,Europa_DER_A1A26_eobs_4004__2021__southbound_01,Europa / DER A1A26 (eobs 4004),2021,1,7.046981,0,0.32806242657205337,0.6582446741276213,0,0.1639872
2021-09-23,Louis_DER_AU050_eobs_3264__2021__southbound_01,Louis / DER AU050 (eobs 3264),2021,1,6.275173,1,0.8534797382093107,0.6582446741276213,1,190.2834
2021-09-23,Sierit_DER_AN858_eobs2561__2021__southbound_01,Sierit  / DER AN858 (eobs2561),2021,1,6.2726984,0,0.6481732860664452,0.6582446741276213,0,0.037940174
2021-09-24,Ed_plus_AAL16_e-obs_7210__2021__southbound_01,"Ed + (AAL16, e-obs 7210)",2021,1,10.53983,0,0.8355231175500729,0.6582446741276213,1,0.4130017
2021-09-24,Europa_DER_A1A26_eobs_4004__2021__southbound_01,Europa / DER A1A26 (eobs 4004),2021,1,7.046981,0,0.14134420736528083,0.6582446741276213,0,0.082075976
2021-09-24,Louis_DER_AU050_eobs_3264__2021__southbound_01,Louis / DER AU050 (eobs 3264),2021,1,6.275173,0,0.9992164918627515,0.6582446741276213,1,0.42904627
2021-09-24,Sierit_DER_AN858_eobs2561__2021__southbound_01,Sierit  / DER AN858 (eobs2561),2021,1,6.2726984,0,0.26663570591521085,0.6582446741276213,0,0.021184176
2021-09-25,Ed_plus_AAL16_e-obs_7210__2021__southbound_01,"Ed + (AAL16, e-obs 7210)",2021,1,10.53983,0,0.6249263184190939,0.6582446741276213,0,0.20802402
2021-09-25,Europa_DER_A1A26_eobs_4004__2021__southbound_01,Europa / DER A1A26 (eobs 4004),2021,1,7.046981,0,0.1662061206720397,0.6582446741276213,0,0.17023385
2021-09-25,Louis_DER_AU050_eobs_3264__2021__southbound_01,Louis / DER AU050 (eobs 3264),2021,1,6.275173,0,0.9180854752837035,0.6582446741276213,1,0.15289795
2021-09-25,Sierit_DER_AN858_eobs2561__2021__southbound_01,Sierit  / DER AN858 (eobs2561),2021,1,6.2726984,0,0.3399000024587593,0.6582446741276213,0,0.10811002
2021-09-26,Ed_plus_AAL16_e-obs_7210__2021__southbound_01,"Ed + (AAL16, e-obs 7210)",2021,1,10.53983,0,0.6167970558441547,0.6582446741276213,0,2.5708828
2021-09-26,Europa_DER_A1A26_eobs_4004__2021__southbound_01,Europa / DER A1A26 (eobs 4004),2021,1,7.046981,0,0.5793169119482218,0.6582446741276213,0,1.4600403
2021-09-26,Louis_DER_AU050_eobs_3264__2021__southbound_01,Louis / DER AU050 (eobs 3264),2021,1,6.275173,0,0.8218742143188188,0.6582446741276213,1,0.17875265
2021-09-26,Sierit_DER_AN858_eobs2561__2021__southbound_01,Sierit  / DER AN858 (eobs2561),2021,1,6.2726984,0,0.5665236572634873,0.6582446741276213,0,0.092216715
2021-09-27,Ed_plus_AAL16_e-obs_7210__2021__southbound_01,"Ed + (AAL16, e-obs 7210)",2021,1,10.53983,0,0.36312143843959993,0.6582446741276213,0,0.044708025
2021-09-27,Europa_DER_A1A26_eobs_4004__2021__southbound_01,Europa / DER A1A26 (eobs 4004),2021,1,7.046981,1,0.18419824778185095,0.6582446741276213,0,16.887247
2021-09-27,Louis_DER_AU050_eobs_3264__2021__southbound_01,Louis / DER AU050 (eobs 3264),2021,1,6.275173,0,0.3676131536774343,0.6582446741276213,0,0.13483967
2021-09-27,Sierit_DER_AN858_eobs2561__2021__southbound_01,Sierit  / DER AN858 (eobs2561),2021,1,6.2726984,0,0.22946438916697587,0.6582446741276213,0,0.19663581
2021-09-28,Ed_plus_AAL16_e-obs_7210__2021__southbound_01,"Ed + (AAL16, e-obs 7210)",2021,1,10.53983,0,0.15299470432120404,0.6582446741276213,0,2.653327
2021-09-28,Europa_DER_A1A26_eobs_4004__2021__southbound_01,Europa / DER A1A26 (eobs 4004),2021,1,7.046981,1,0.5484523200497576,0.6582446741276213,0,76.45
2021-09-28,Louis_DER_AU050_eobs_3264__2021__southbound_01,Louis / DER AU050 (eobs 3264),2021,1,6.275173,0,0.40265721221975875,0.6582446741276213,0,0.15333313
2021-09-28,Sierit_DER_AN858_eobs2561__2021__southbound_01,Sierit  / DER AN858 (eobs2561),2021,1,6.2726984,0,0.29471628027068936,0.6582446741276213,0,4.352156
2021-09-29,Ed_plus_AAL16_e-obs_7210__2021__southbound_01,"Ed + (AAL16, e-obs 7210)",2021,1,10.53983,0,0.15418400755631628,0.6582446741276213,0,0.00400551
2021-09-29,Europa_DER_A1A26_eobs_4004__2021__southbound_01,Europa / DER A1A26 (eobs 4004),2021,1,7.046981,1,0.9083108064334419,0.6582446741276213,1,24.694977
2021-09-29,Louis_DER_AU050_eobs_3264__2021__southbound_01,Louis / DER AU050 (eobs 3264),2021,1,6.275173,0,0.3274764399548822,0.6582446741276213,0,0.018488385
2021-09-29,Sierit_DER_AN858_eobs2561__2021__southbound_01,Sierit  / DER AN858 (eobs2561),2021,1,6.2726984,0,0.16718286512863342,0.6582446741276213,0,4.255688
2021-09-30,Ed_plus_AAL16_e-obs_7210__2021__southbound_01,"Ed + (AAL16, e-obs 7210)",2021,1,10.53983,0,0.21852106801537952,0.6582446741276213,0,0.06033915
2021-09-30,Europa_DER_A1A26_eobs_4004__2021__southbound_01,Europa / DER A1A26 (eobs 4004),2021,1,7.046981,1,0.7309516615834344,0.6582446741276213,1,26.304415
2021-09-30,Louis_DER_AU050_eobs_3264__2021__southbound_01,Louis / DER AU050 (eobs 3264),2021,1,6.275173,0,0.5657387669609126,0.6582446741276213,0,0.6543308
2021-09-30,Sierit_DER_AN858_eobs2561__2021__southbound_01,Sierit  / DER AN858 (eobs2561),2021,1,6.2726984,0,0.354598897956742,0.6582446741276213,0,5.313787
2021-10-01,Ed_plus_AAL16_e-obs_7210__2021__southbound_01,"Ed + (AAL16, e-obs 7210)",2021,1,10.53983,0,0.5514619273945546,0.6582446741276213,0,0.039080337
2021-10-01,Europa_DER_A1A26_eobs_4004__2021__southbound_01,Europa / DER A1A26 (eobs 4004),2021,1,7.046981,1,0.8933381746341793,0.6582446741276213,1,208.46672
2021-10-01,Louis_DER_AU050_eobs_3264__2021__southbound_01,Louis / DER AU050 (eobs 3264),2021,1,6.275173,0,0.2070843755505553,0.6582446741276213,0,0.16041209
2021-10-01,Sierit_DER_AN858_eobs2561__2021__southbound_01,Sierit  / DER AN858 (eobs2561),2021,1,6.2726984,0,0.2525419636683926,0.6582446741276213,0,3.748089
2021-10-02,Ed_plus_AAL16_e-obs_7210__2021__southbound_01,"Ed + (AAL16, e-obs 7210)",2021,1,10.53983,0,0.18189250104682575,0.6582446741276213,0,2.9315338
2021-10-02,Europa_DER_A1A26_eobs_4004__2021__southbound_01,Europa / DER A1A26 (eobs 4004),2021,1,7.046981,1,0.9844970375358906,0.6582446741276213,1,38.03003
2021-10-02,Louis_DER_AU050_eobs_3264__2021__southbound_01,Louis / DER AU050 (eobs 3264),2021,1,6.275173,0,0.7299528331762368,0.6582446741276213,1,0.09044265
2021-10-02,Sierit_DER_AN858_eobs2561__2021__southbound_01,Sierit  / DER AN858 (eobs2561),2021,1,6.2726984,0,0.10209097115948827,0.6582446741276213,0,1.8064123
2021-10-03,Ed_plus_AAL16_e-obs_7210__2021__southbound_01,"Ed + (AAL16, e-obs 7210)",2021,1,10.53983,0,0.16648739594397433,0.6582446741276213,0,6.0018835
2021-10-03,Europa_DER_A1A26_eobs_4004__2021__southbound_01,Europa / DER A1A26 (eobs 4004),2021,1,7.046981,0,0.798555890677172,0.6582446741276213,1,0.1934125
2021-10-03,Louis_DER_AU050_eobs_3264__2021__southbound_01,Louis / DER AU050 (eobs 3264),2021,1,6.275173,0,0.17395571069694118,0.6582446741276213,0,0.53731364
2021-10-03,Sierit_DER_AN858_eobs2561__2021__southbound_01,Sierit  / DER AN858 (eobs2561),2021,1,6.2726984,0,0.26424262387981384,0.6582446741276213,0,1.8865314
2021-10-04,Ed_plus_AAL16_e-obs_7210__2021__southbound_01,"Ed + (AAL16, e-obs 7210)",2021,1,10.53983,0,0.46376165540331193,0.6582446741276213,0,2.6111681
2021-10-04,Europa_DER_A1A26_eobs_4004__2021__southbound_01,Europa / DER A1A26 (eobs 4004),2021,1,7.046981,0,0.46717331695122266,0.6582446741276213,0,5.232947
2021-10-04,Louis_DER_AU050_eobs_3264__2021__southbound_01,Louis / DER AU050 (eobs 3264),2021,1,6.275173,0,0.03558854076297399,0.6582446741276213,0,1.1054984
2021-10-04,Sierit_DER_AN858_eobs2561__2021__southbound_01,Sierit  / DER AN858 (eobs2561),2021,1,6.2726984,0,0.37977350131149273,0.6582446741276213,0,0.20239419
2021-10-05,Ed_plus_AAL16_e-obs_7210__2021__southbound_01,"Ed + (AAL16, e-obs 7210)",2021,1,10.53983,0,0.5102073909778393,0.6582446741276213,0,2.8614767
2021-10-05,Europa_DER_A1A26_eobs_4004__2021__southbound_01,Europa / DER A1A26 (eobs 4004),2021,1,7.046981,0,0.5112266085626856,0.6582446741276213,0,3.2283156
2021-10-05,Louis_DER_AU050_eobs_3264__2021__southbound_01,Louis / DER AU050 (eobs 3264),2021,1,6.275173,0,0.08017735434727807,0.6582446741276213,0,1.0949353
2021-10-05,Sierit_DER_AN858_eobs2561__2021__southbound_01,Sierit  / DER AN858 (eobs2561),2021,1,6.2726984,0,0.587186317981122,0.6582446741276213,0,0.011339907
2021-10-06,Ed_plus_AAL16_e-obs_7210__2021__southbound_01,"Ed + (AAL16, e-obs 7210)",2021,1,10.53983,0,0.4292392424839827,0.6582446741276213,0,5.9914484
2021-10-06,Europa_DER_A1A26_eobs_4004__2021__southbound_01,Europa / DER A1A26 (eobs 4004),2021,1,7.046981,0,0.3966466469262639,0.6582446741276213,0,0.095216915
2021-10-06,Louis_DER_AU050_eobs_3264__2021__southbound_01,Louis / DER AU050 (eobs 3264),2021,1,6.275173,0,0.3554454463875219,0.6582446741276213,0,1.1172156
2021-10-06,Sierit_DER_AN858_eobs2561__2021__southbound_01,Sierit  / DER AN858 (eobs2561),2021,1,6.2726984,0,0.2454697725565959,0.6582446741276213,0,5.375244
2021-10-07,Ed_plus_AAL16_e-obs_7210__2021__southbound_01,"Ed + (AAL16, e-obs 7210)",2021,1,10.53983,0,0.35879647639940015,0.6582446741276213,0,2.9113204
2021-10-07,Europa_DER_A1A26_eobs_4004__2021__southbound_01,Europa / DER A1A26 (eobs 4004),2021,1,7.046981,0,0.28670989543045006,0.6582446741276213,0,0.045905188
2021-10-07,Louis_DER_AU050_eobs_3264__2021__southbound_01,Louis / DER AU050 (eobs 3264),2021,1,6.275173,0,0.2878926072727059,0.6582446741276213,0,0.5821312
2021-10-07,Sierit_DER_AN858_eobs2561__2021__southbound_01,Sierit  / DER AN858 (eobs2561),2021,1,6.2726984,0,0.3653023044432934,0.6582446741276213,0,0.039354965
2021-10-08,Ed_plus_AAL16_e-obs_7210__2021__southbound_01,"Ed + (AAL16, e-obs 7210)",2021,1,10.53983,0,0.09081040586080144,0.6582446741276213,0,2.9241755
2021-10-08,Europa_DER_A1A26_eobs_4004__2021__southbound_01,Europa / DER A1A26 (eobs 4004),2021,1,7.046981,0,0.2888481266562671,0.6582446741276213,0,0.16186248
2021-10-08,Louis_DER_AU050_eobs_3264__2021__southbound_01,Louis / DER AU050 (eobs 3264),2021,1,6.275173,0,0.1829781908659085,0.6582446741276213,0,0.58053803
2021-10-08,Sierit_DER_AN858_eobs2561__2021__southbound_01,Sierit  / DER AN858 (eobs2561),2021,1,6.2726984,0,0.3633477712077648,0.6582446741276213,0,0.114500955
2021-10-09,Ed_plus_AAL16_e-obs_7210__2021__southbound_01,"Ed + (AAL16, e-obs 7210)",2021,1,10.53983,0,0.28023637803129803,0.6582446741276213,0,8.479296
2021-10-09,Europa_DER_A1A26_eobs_4004__2021__southbound_01,Europa / DER A1A26 (eobs 4004),2021,1,7.046981,0,0.34700264418139615,0.6582446741276213,0,0.16030826
2021-10-09,Louis_DER_AU050_eobs_3264__2021__southbound_01,Louis / DER AU050 (eobs 3264),2021,1,6.275173,0,0.21176742905056511,0.6582446741276213,0,0.012438214
2021-10-09,Sierit_DER_AN858_eobs2561__2021__southbound_01,Sierit  / DER AN858 (eobs2561),2021,1,6.2726984,0,0.4466462844828156,0.6582446741276213,0,0.100131124
2021-10-10,Ed_plus_AAL16_e-obs_7210__2021__southbound_01,"Ed + (AAL16, e-obs 7210)",2021,1,10.53983,1,0.4036397423066003,0.6582446741276213,0,35.3778
2021-10-10,Europa_DER_A1A26_eobs_4004__2021__southbound_01,Europa / DER A1A26 (eobs 4004),2021,1,7.046981,0,0.5537679546977663,0.6582446741276213,0,0.2289495
2021-10-10,Louis_DER_AU050_eobs_3264__2021__southbound_01,Louis / DER AU050 (eobs 3264),2021,1,6.275173,0,0.3244161434918387,0.6582446741276213,0,0.47175318
2021-10-10,Sierit_DER_AN858_eobs2561__2021__southbound_01,Sierit  / DER AN858 (eobs2561),2021,1,6.2726984,0,0.1410978880710867,0.6582446741276213,0,0.05213998
2021-10-11,Ed_plus_AAL16_e-obs_7210__2021__southbound_01,"Ed + (AAL16, e-obs 7210)",2021,1,10.53983,1,0.8502621543328005,0.6582446741276213,1,111.575485
2021-10-11,Europa_DER_A1A26_eobs_4004__2021__southbound_01,Europa / DER A1A26 (eobs 4004),2021,1,7.046981,0,0.7429437600805756,0.6582446741276213,1,3.5099351
2021-10-11,Louis_DER_AU050_eobs_3264__2021__southbound_01,Louis / DER AU050 (eobs 3264),2021,1,6.275173,0,0.22903083623572137,0.6582446741276213,0,0.4763022
2021-10-11,Sierit_DER_AN858_eobs2561__2021__southbound_01,Sierit  / DER AN858 (eobs2561),2021,1,6.2726984,0,0.20546071389628182,0.6582446741276213,0,5.4568486
2021-10-12,Ed_plus_AAL16_e-obs_7210__2021__southbound_01,"Ed + (AAL16, e-obs 7210)",2021,1,10.53983,1,0.8104603691192453,0.6582446741276213,1,77.21475
2021-10-12,Europa_DER_A1A26_eobs_4004__2021__southbound_01,Europa / DER A1A26 (eobs 4004),2021,1,7.046981,0,0.3309302158135274,0.6582446741276213,0,3.1426313
2021-10-12,Louis_DER_AU050_eobs_3264__2021__southbound_01,Louis / DER AU050 (eobs 3264),2021,1,6.275173,0,0.27375761744096516,0.6582446741276213,0,0.015884947
2021-10-12,Sierit_DER_AN858_eobs2561__2021__southbound_01,Sierit  / DER AN858 (eobs2561),2021,1,6.2726984,0,0.31542264759918803,0.6582446741276213,0,0.29283023
2021-10-13,Ed_plus_AAL16_e-obs_7210__2021__southbound_01,"Ed + (AAL16, e-obs 7210)",2021,1,10.53983,0,0.7802098982016501,0.6582446741276213,1,0.42965308
2021-10-13,Europa_DER_A1A26_eobs_4004__2021__southbound_01,Europa / DER A1A26 (eobs 4004),2021,1,7.046981,0,0.33668597586706894,0.6582446741276213,0,0.18733026
2021-10-13,Louis_DER_AU050_eobs_3264__2021__southbound_01,Louis / DER AU050 (eobs 3264),2021,1,6.275173,0,0.17598492334129834,0.6582446741276213,0,0.055134736
2021-10-13,Sierit_DER_AN858_eobs2561__2021__southbound_01,Sierit  / DER AN858 (eobs2561),2021,1,6.2726984,0,0.1965872078126651,0.6582446741276213,0,0.30851534
2021-10-14,Ed_plus_AAL16_e-obs_7210__2021__southbound_01,"Ed + (AAL16, e-obs 7210)",2021,1,10.53983,1,0.41155076094668613,0.6582446741276213,0,34.17224
2021-10-14,Europa_DER_A1A26_eobs_4004__2021__southbound_01,Europa / DER A1A26 (eobs 4004),2021,1,7.046981,0,0.5525282125954322,0.6582446741276213,0,0.29333368
2021-10-14,Louis_DER_AU050_eobs_3264__2021__southbound_01,Louis / DER AU050 (eobs 3264),2021,1,6.275173,0,0.26080552602906687,0.6582446741276213,0,0.5630676
2021-10-14,Sierit_DER_AN858_eobs2561__2021__southbound_01,Sierit  / DER AN858 (eobs2561),2021,1,6.2726984,0,0.2951390742324116,0.6582446741276213,0,0.0020857072
2021-10-15,Ed_plus_AAL16_e-obs_7210__2021__southbound_01,"Ed + (AAL16, e-obs 7210)",2021,1,10.53983,1,0.488734388371132,0.6582446741276213,0,108.17221
2021-10-15,Europa_DER_A1A26_eobs_4004__2021__southbound_01,Europa / DER A1A26 (eobs 4004),2021,1,7.046981,0,0.4160454010398724,0.6582446741276213,0,0.12687524
2021-10-15,Louis_DER_AU050_eobs_3264__2021__southbound_01,Louis / DER AU050 (eobs 3264),2021,1,6.275173,0,0.18115540336700728,0.6582446741276213,0,0.22546339
2021-10-15,Sierit_DER_AN858_eobs2561__2021__southbound_01,Sierit  / DER AN858 (eobs2561),2021,1,6.2726984,0,0.19925805333000302,0.6582446741276213,0,0.014628989
2021-10-16,Ed_plus_AAL16_e-obs_7210__2021__southbound_01,"Ed + (AAL16, e-obs 7210)",2021,1,10.53983,0,0.9221415040004991,0.6582446741276213,1,0.028130261
2021-10-16,Europa_DER_A1A26_eobs_4004__2021__southbound_01,Europa / DER A1A26 (eobs 4004),2021,1,7.046981,0,0.20245464342521766,0.6582446741276213,0,0.171894
2021-10-16,Louis_DER_AU050_eobs_3264__2021__southbound_01,Louis / DER AU050 (eobs 3264),2021,1,6.275173,0,0.24844523026945367,0.6582446741276213,0,0.5014057
2021-10-16,Sierit_DER_AN858_eobs2561__2021__southbound_01,Sierit  / DER AN858 (eobs2561),2021,1,6.2726984,0,0.17540290185383742,0.6582446741276213,0,0.1635921
2021-10-17,Ed_plus_AAL16_e-obs_7210__2021__southbound_01,"Ed + (AAL16, e-obs 7210)",2021,1,10.53983,0,0.42948091455058945,0.6582446741276213,0,6.7518454
2021-10-17,Europa_DER_A1A26_eobs_4004__2021__southbound_01,Europa / DER A1A26 (eobs 4004),2021,1,7.046981,0,0.109177688574335,0.6582446741276213,0,0.06911817
2021-10-17,Louis_DER_AU050_eobs_3264__2021__southbound_01,Louis / DER AU050 (eobs 3264),2021,1,6.275173,0,0.24073439513124562,0.6582446741276213,0,0.3841602
2021-10-17,Sierit_DER_AN858_eobs2561__2021__southbound_01,Sierit  / DER AN858 (eobs2561),2021,1,6.2726984,0,0.19564360303398134,0.6582446741276213,0,0.20727359
2021-10-18,Ed_plus_AAL16_e-obs_7210__2021__southbound_01,"Ed + (AAL16, e-obs 7210)",2021,1,10.53983,1,0.3445698208167451,0.6582446741276213,0,44.451096
2021-10-18,Europa_DER_A1A26_eobs_4004__2021__southbound_01,Europa / DER A1A26 (eobs 4004),2021,1,7.046981,0,0.3287699710966185,0.6582446741276213,0,7.6175394
2021-10-18,Louis_DER_AU050_eobs_3264__2021__southbound_01,Louis / DER AU050 (eobs 3264),2021,1,6.275173,0,0.20358321622491074,0.6582446741276213,0,0.17907928
2021-10-19,Ed_plus_AAL16_e-obs_7210__2021__southbound_01,"Ed + (AAL16, e-obs 7210)",2021,1,10.53983,0,0.6393582370445904,0.6582446741276213,0,3.0723412
2021-10-19,Europa_DER_A1A26_eobs_4004__2021__southbound_01,Europa / DER A1A26 (eobs 4004),2021,1,7.046981,0,0.4073053850251947,0.6582446741276213,0,0.8083249
2021-10-19,Louis_DER_AU050_eobs_3264__2021__southbound_01,Louis / DER AU050 (eobs 3264),2021,1,6.275173,0,0.20618068061708147,0.6582446741276213,0,0.2043226
2021-10-20,Ed_plus_AAL16_e-obs_7210__2021__southbound_01,"Ed + (AAL16, e-obs 7210)",2021,1,10.53983,1,0.195212125031118,0.6582446741276213,0,26.68896
2021-10-20,Europa_DER_A1A26_eobs_4004__2021__southbound_01,Europa / DER A1A26 (eobs 4004),2021,1,7.046981,0,0.3705733646040721,0.6582446741276213,0,2.2168155
2021-10-20,Louis_DER_AU050_eobs_3264__2021__southbound_01,Louis / DER AU050 (eobs 3264),2021,1,6.275173,0,0.2934839726758688,0.6582446741276213,0,0.5246436
2021-10-21,Ed_plus_AAL16_e-obs_7210__2021__southbound_01,"Ed + (AAL16, e-obs 7210)",2021,1,10.53983,0,0.39769366547690654,0.6582446741276213,0,0.6031861
2021-10-21,Europa_DER_A1A26_eobs_4004__2021__southbound_01,Europa / DER A1A26 (eobs 4004),2021,1,7.046981,0,0.2506418562246635,0.6582446741276213,0,1.0083095
2021-10-21,Louis_DER_AU050_eobs_3264__2021__southbound_01,Louis / DER AU050 (eobs 3264),2021,1,6.275173,0,0.15800659893385172,0.6582446741276213,0,0.4731458
2021-10-22,Ed_plus_AAL16_e-obs_7210__2021__southbound_01,"Ed + (AAL16, e-obs 7210)",2021,1,10.53983,0,0.2565537590729213,0.6582446741276213,0,0.7865546
2021-10-22,Europa_DER_A1A26_eobs_4004__2021__southbound_01,Europa / DER A1A26 (eobs 4004),2021,1,7.046981,0,0.10789267450922038,0.6582446741276213,0,0.4270481
2021-10-22,Louis_DER_AU050_eobs_3264__2021__southbound_01,Louis / DER AU050 (eobs 3264),2021,1,6.275173,0,0.2863243388949413,0.6582446741276213,0,0.8638801
2021-10-23,Ed_plus_AAL16_e-obs_7210__2021__southbound_01,"Ed + (AAL16, e-obs 7210)",2021,1,10.53983,0,0.3682489711744017,0.6582446741276213,0,0.120146975
2021-10-23,Europa_DER_A1A26_eobs_4004__2021__southbound_01,Europa / DER A1A26 (eobs 4004),2021,1,7.046981,0,0.11065666640931718,0.6582446741276213,0,8.20505
2021-10-23,Louis_DER_AU050_eobs_3264__2021__southbound_01,Louis / DER AU050 (eobs 3264),2021,1,6.275173,0,0.1847305391666855,0.6582446741276213,0,0.97956157
2021-10-24,Ed_plus_AAL16_e-obs_7210__2021__southbound_01,"Ed + (AAL16, e-obs 7210)",2021,1,10.53983,0,0.40049477324696275,0.6582446741276213,0,0.2911016
2021-10-24,Europa_DER_A1A26_eobs_4004__2021__southbound_01,Europa / DER A1A26 (eobs 4004),2021,1,7.046981,0,0.21242531187152944,0.6582446741276213,0,3.1387563
2021-10-24,Louis_DER_AU050_eobs_3264__2021__southbound_01,Louis / DER AU050 (eobs 3264),2021,1,6.275173,0,0.2358497561730772,0.6582446741276213,0,0.077992156
2021-10-25,Ed_plus_AAL16_e-obs_7210__2021__southbound_01,"Ed + (AAL16, e-obs 7210)",2021,1,10.53983,0,0.38119436792919853,0.6582446741276213,0,0.19943133
2021-10-25,Europa_DER_A1A26_eobs_4004__2021__southbound_01,Europa / DER A1A26 (eobs 4004),2021,1,7.046981,0,0.0868634767098202,0.6582446741276213,0,0.07311086
2021-10-25,Louis_DER_AU050_eobs_3264__2021__southbound_01,Louis / DER AU050 (eobs 3264),2021,1,6.275173,0,0.29791990709218524,0.6582446741276213,0,0.017163489
2021-10-26,Ed_plus_AAL16_e-obs_7210__2021__southbound_01,"Ed + (AAL16, e-obs 7210)",2021,1,10.53983,0,0.13786425289428986,0.6582446741276213,0,0.5451769
2021-10-26,Europa_DER_A1A26_eobs_4004__2021__southbound_01,Europa / DER A1A26 (eobs 4004),2021,1,7.046981,0,0.17851246764677178,0.6582446741276213,0,0.3662775
2021-10-26,Louis_DER_AU050_eobs_3264__2021__southbound_01,Louis / DER AU050 (eobs 3264),2021,1,6.275173,0,0.1545392253183181,0.6582446741276213,0,0.029816588
2021-10-27,Ed_plus_AAL16_e-obs_7210__2021__southbound_01,"Ed + (AAL16, e-obs 7210)",2021,1,10.53983,0,0.06218780824773792,0.6582446741276213,0,0.5624515
2021-10-27,Europa_DER_A1A26_eobs_4004__2021__southbound_01,Europa / DER A1A26 (eobs 4004),2021,1,7.046981,0,0.3246181470131582,0.6582446741276213,0,0.40497297
2021-10-27,Louis_DER_AU050_eobs_3264__2021__southbound_01,Louis / DER AU050 (eobs 3264),2021,1,6.275173,0,0.10898523753333116,0.6582446741276213,0,0.48242635
2021-10-28,Ed_plus_AAL16_e-obs_7210__2021__southbound_01,"Ed + (AAL16, e-obs 7210)",2021,1,10.53983,0,0.17449194321001815,0.6582446741276213,0,3.945123
2021-10-28,Europa_DER_A1A26_eobs_4004__2021__southbound_01,Europa / DER A1A26 (eobs 4004),2021,1,7.046981,0,0.19373553263474086,0.6582446741276213,0,0.19457458
2021-10-28,Louis_DER_AU050_eobs_3264__2021__southbound_01,Louis / DER AU050 (eobs 3264),2021,1,6.275173,0,0.11426483371271427,0.6582446741276213,0,0.71137893
2021-10-29,Ed_plus_AAL16_e-obs_7210__2021__southbound_01,"Ed + (AAL16, e-obs 7210)",2021,1,10.53983,0,0.29297195291840866,0.6582446741276213,0,4.9620266
2021-10-29,Europa_DER_A1A26_eobs_4004__2021__southbound_01,Europa / DER A1A26 (eobs 4004),2021,1,7.046981,0,0.1743111532016176,0.6582446741276213,0,6.6626015
2021-10-29,Louis_DER_AU050_eobs_3264__2021__southbound_01,Louis / DER AU050 (eobs 3264),2021,1,6.275173,0,0.1153452952517847,0.6582446741276213,0,0.44881675
2021-10-30,Ed_plus_AAL16_e-obs_7210__2021__southbound_01,"Ed + (AAL16, e-obs 7210)",2021,1,10.53983,0,0.14759719658167142,0.6582446741276213,0,0.57112414
2021-10-30,Europa_DER_A1A26_eobs_4004__2021__southbound_01,Europa / DER A1A26 (eobs 4004),2021,1,7.046981,0,0.09611522975858659,0.6582446741276213,0,9.875549
2021-10-30,Louis_DER_AU050_eobs_3264__2021__southbound_01,Louis / DER AU050 (eobs 3264),2021,1,6.275173,0,0.18445785221188532,0.6582446741276213,0,0.48978877
2021-10-31,Ed_plus_AAL16_e-obs_7210__2021__southbound_01,"Ed + (AAL16, e-obs 7210)",2021,1,10.53983,0,0.09240715476144662,0.6582446741276213,0,0.6841221
2021-10-31,Europa_DER_A1A26_eobs_4004__2021__southbound_01,Europa / DER A1A26 (eobs 4004),2021,1,7.046981,0,0.15767522785275312,0.6582446741276213,0,5.9384594
2021-10-31,Louis_DER_AU050_eobs_3264__2021__southbound_01,Louis / DER AU050 (eobs 3264),2021,1,6.275173,0,0.07607261074572533,0.6582446741276213,0,0.6761791
2021-11-01,Ed_plus_AAL16_e-obs_7210__2021__southbound_01,"Ed + (AAL16, e-obs 7210)",2021,1,10.53983,0,0.1734347249403736,0.6582446741276213,0,7.9106402
2021-11-01,Europa_DER_A1A26_eobs_4004__2021__southbound_01,Europa / DER A1A26 (eobs 4004),2021,1,7.046981,0,0.08336462576241983,0.6582446741276213,0,0.0064747115
2021-11-01,Louis_DER_AU050_eobs_3264__2021__southbound_01,Louis / DER AU050 (eobs 3264),2021,1,6.275173,0,0.19615590364840038,0.6582446741276213,0,0.60867715
2021-11-02,Ed_plus_AAL16_e-obs_7210__2021__southbound_01,"Ed + (AAL16, e-obs 7210)",2021,1,10.53983,0,0.17661544415326896,0.6582446741276213,0,0.12514307
2021-11-02,Europa_DER_A1A26_eobs_4004__2021__southbound_01,Europa / DER A1A26 (eobs 4004),2021,1,7.046981,0,0.07527843329067989,0.6582446741276213,0,0.040410653
2021-11-02,Louis_DER_AU050_eobs_3264__2021__southbound_01,Louis / DER AU050 (eobs 3264),2021,1,6.275173,0,0.11987218405092913,0.6582446741276213,0,0.05763212
2021-11-03,Ed_plus_AAL16_e-obs_7210__2021__southbound_01,"Ed + (AAL16, e-obs 7210)",2021,1,10.53983,0,0.12081381369665234,0.6582446741276213,0,0.19002093
2021-11-03,Europa_DER_A1A26_eobs_4004__2021__southbound_01,Europa / DER A1A26 (eobs 4004),2021,1,7.046981,0,0.06589937916311746,0.6582446741276213,0,0.034721166
2021-11-03,Louis_DER_AU050_eobs_3264__2021__southbound_01,Louis / DER AU050 (eobs 3264),2021,1,6.275173,0,0.0821848682469997,0.6582446741276213,0,0.26560953
2021-11-04,Ed_plus_AAL16_e-obs_7210__2021__southbound_01,"Ed + (AAL16, e-obs 7210)",2021,1,10.53983,0,0.09524097720460663,0.6582446741276213,0,5.3814263
2021-11-04,Europa_DER_A1A26_eobs_4004__2021__southbound_01,Europa / DER A1A26 (eobs 4004),2021,1,7.046981,0,0.11828763017291732,0.6582446741276213,0,3.0824177
2021-11-04,Louis_DER_AU050_eobs_3264__2021__southbound_01,Louis / DER AU050 (eobs 3264),2021,1,6.275173,0,0.15715958653048637,0.6582446741276213,0,0.11704492
2021-11-05,Ed_plus_AAL16_e-obs_7210__2021__southbound_01,"Ed + (AAL16, e-obs 7210)",2021,1,10.53983,0,0.15358130436674094,0.6582446741276213,0,1.9892833
2021-11-05,Europa_DER_A1A26_eobs_4004__2021__southbound_01,Europa / DER A1A26 (eobs 4004),2021,1,7.046981,0,0.14349130544960792,0.6582446741276213,0,0.06956194
2021-11-05,Louis_DER_AU050_eobs_3264__2021__southbound_01,Louis / DER AU050 (eobs 3264),2021,1,6.275173,0,0.0965891815943473,0.6582446741276213,0,0.55171835
2021-11-06,Ed_plus_AAL16_e-obs_7210__2021__southbound_01,"Ed + (AAL16, e-obs 7210)",2021,1,10.53983,0,0.17682935511320588,0.6582446741276213,0,6.079938
2021-11-06,Europa_DER_A1A26_eobs_4004__2021__southbound_01,Europa / DER A1A26 (eobs 4004),2021,1,7.046981,0,0.19641619194642387,0.6582446741276213,0,0.08565905
2021-11-06,Louis_DER_AU050_eobs_3264__2021__southbound_01,Louis / DER AU050 (eobs 3264),2021,1,6.275173,0,0.06562130691611408,0.6582446741276213,0,0.775325
2021-11-07,Ed_plus_AAL16_e-obs_7210__2021__southbound_01,"Ed + (AAL16, e-obs 7210)",2021,1,10.53983,0,0.06756361621250859,0.6582446741276213,0,7.6920037
2021-11-07,Europa_DER_A1A26_eobs_4004__2021__southbound_01,Europa / DER A1A26 (eobs 4004),2021,1,7.046981,0,0.06314984334247717,0.6582446741276213,0,7.0159526
2021-11-07,Louis_DER_AU050_eobs_3264__2021__southbound_01,Louis / DER AU050 (eobs 3264),2021,1,6.275173,0,0.19352949485343388,0.6582446741276213,0,0.6724081
2021-11-08,Ed_plus_AAL16_e-obs_7210__2021__southbound_01,"Ed + (AAL16, e-obs 7210)",2021,1,10.53983,0,0.1126086606177759,0.6582446741276213,0,7.339819
2021-11-08,Europa_DER_A1A26_eobs_4004__2021__southbound_01,Europa / DER A1A26 (eobs 4004),2021,1,7.046981,0,0.0763859502737725,0.6582446741276213,0,1.3833815
2021-11-08,Louis_DER_AU050_eobs_3264__2021__southbound_01,Louis / DER AU050 (eobs 3264),2021,1,6.275173,0,0.1299300634920209,0.6582446741276213,0,1.2862917
2021-11-09,Ed_plus_AAL16_e-obs_7210__2021__southbound_01,"Ed + (AAL16, e-obs 7210)",2021,1,10.53983,0,0.11594557248747638,0.6582446741276213,0,1.6720436
2021-11-09,Europa_DER_A1A26_eobs_4004__2021__southbound_01,Europa / DER A1A26 (eobs 4004),2021,1,7.046981,0,0.09370205673019533,0.6582446741276213,0,5.800771
2021-11-09,Louis_DER_AU050_eobs_3264__2021__southbound_01,Louis / DER AU050 (eobs 3264),2021,1,6.275173,0,0.10639811086647395,0.6582446741276213,0,0.013858133
2021-11-10,Ed_plus_AAL16_e-obs_7210__2021__southbound_01,"Ed + (AAL16, e-obs 7210)",2021,1,10.53983,0,0.07127373432534898,0.6582446741276213,0,8.237499
2021-11-10,Europa_DER_A1A26_eobs_4004__2021__southbound_01,Europa / DER A1A26 (eobs 4004),2021,1,7.046981,0,0.15301050997060917,0.6582446741276213,0,2.575967
2021-11-11,Ed_plus_AAL16_e-obs_7210__2021__southbound_01,"Ed + (AAL16, e-obs 7210)",2021,1,10.53983,0,0.2115283909702101,0.6582446741276213,0,0.16150384
2021-11-11,Europa_DER_A1A26_eobs_4004__2021__southbound_01,Europa / DER A1A26 (eobs 4004),2021,1,7.046981,0,0.08608768751806188,0.6582446741276213,0,3.3066163
2021-11-12,Ed_plus_AAL16_e-obs_7210__2021__southbound_01,"Ed + (AAL16, e-obs 7210)",2021,1,10.53983,0,0.10686868807672102,0.6582446741276213,0,0.54006726
2021-11-12,Europa_DER_A1A26_eobs_4004__2021__southbound_01,Europa / DER A1A26 (eobs 4004),2021,1,7.046981,0,0.09173749937255489,0.6582446741276213,0,3.3041394
2021-11-13,Ed_plus_AAL16_e-obs_7210__2021__southbound_01,"Ed + (AAL16, e-obs 7210)",2021,1,10.53983,0,0.08428666491210961,0.6582446741276213,0,0.68302286
2021-11-13,Europa_DER_A1A26_eobs_4004__2021__southbound_01,Europa / DER A1A26 (eobs 4004),2021,1,7.046981,1,0.0984679988150157,0.6582446741276213,0,13.664598
2021-11-14,Ed_plus_AAL16_e-obs_7210__2021__southbound_01,"Ed + (AAL16, e-obs 7210)",2021,1,10.53983,0,0.10276125210008545,0.6582446741276213,0,0.022318022
2021-11-14,Europa_DER_A1A26_eobs_4004__2021__southbound_01,Europa / DER A1A26 (eobs 4004),2021,1,7.046981,0,0.6541466096335342,0.6582446741276213,0,1.3398452
2021-11-15,Ed_plus_AAL16_e-obs_7210__2021__southbound_01,"Ed + (AAL16, e-obs 7210)",2021,1,10.53983,0,0.034367748064464784,0.6582446741276213,0,0.0038858312
2021-11-15,Europa_DER_A1A26_eobs_4004__2021__southbound_01,Europa / DER A1A26 (eobs 4004),2021,1,7.046981,0,0.1717813590399272,0.6582446741276213,0,7.1507955
2021-11-16,Ed_plus_AAL16_e-obs_7210__2021__southbound_01,"Ed + (AAL16, e-obs 7210)",2021,1,10.53983,0,0.07421993940392728,0.6582446741276213,0,1.4938662
2021-11-16,Europa_DER_A1A26_eobs_4004__2021__southbound_01,Europa / DER A1A26 (eobs 4004),2021,1,7.046981,0,0.29034131876707764,0.6582446741276213,0,0.11092278
2021-11-17,Europa_DER_A1A26_eobs_4004__2021__southbound_01,Europa / DER A1A26 (eobs 4004),2021,1,7.046981,0,0.2685865073380566,0.6582446741276213,0,0.08312205
2021-11-18,Europa_DER_A1A26_eobs_4004__2021__southbound_01,Europa / DER A1A26 (eobs 4004),2021,1,7.046981,0,0.13149088950555157,0.6582446741276213,0,5.860239
2021-11-19,Europa_DER_A1A26_eobs_4004__2021__southbound_01,Europa / DER A1A26 (eobs 4004),2021,1,7.046981,0,0.16959173998020957,0.6582446741276213,0,1.6258845
2021-11-20,Europa_DER_A1A26_eobs_4004__2021__southbound_01,Europa / DER A1A26 (eobs 4004),2021,1,7.046981,0,0.24778627332135963,0.6582446741276213,0,0.13263825
2021-11-21,Europa_DER_A1A26_eobs_4004__2021__southbound_01,Europa / DER A1A26 (eobs 4004),2021,1,7.046981,0,0.07041711633253726,0.6582446741276213,0,7.0392184
2021-11-22,Europa_DER_A1A26_eobs_4004__2021__southbound_01,Europa / DER A1A26 (eobs 4004),2021,1,7.046981,0,0.10934105398340782,0.6582446741276213,0,4.805337
2021-11-23,Europa_DER_A1A26_eobs_4004__2021__southbound_01,Europa / DER A1A26 (eobs 4004),2021,1,7.046981,1,0.05228248647186287,0.6582446741276213,0,14.757829
2021-11-24,Europa_DER_A1A26_eobs_4004__2021__southbound_01,Europa / DER A1A26 (eobs 4004),2021,1,7.046981,0,0.15554944212971275,0.6582446741276213,0,0.0076360875
2021-11-25,Europa_DER_A1A26_eobs_4004__2021__southbound_01,Europa / DER A1A26 (eobs 4004),2021,1,7.046981,0,0.0635306910670888,0.6582446741276213,0,1.2534872
2021-11-26,Europa_DER_A1A26_eobs_4004__2021__southbound_01,Europa / DER A1A26 (eobs 4004),2021,1,7.046981,1,0.1238573168730619,0.6582446741276213,0,12.873242
2021-11-27,Europa_DER_A1A26_eobs_4004__2021__southbound_01,Europa / DER A1A26 (eobs 4004),2021,1,7.046981,1,0.11640907688666453,0.6582446741276213,0,11.890416
2021-11-28,Europa_DER_A1A26_eobs_4004__2021__southbound_01,Europa / DER A1A26 (eobs 4004),2021,1,7.046981,1,0.17908921181660453,0.6582446741276213,0,14.052992
2021-11-29,Europa_DER_A1A26_eobs_4004__2021__southbound_01,Europa / DER A1A26 (eobs 4004),2021,1,7.046981,0,0.14036899060705246,0.6582446741276213,0,4.110545
2021-11-30,Europa_DER_A1A26_eobs_4004__2021__southbound_01,Europa / DER A1A26 (eobs 4004),2021,1,7.046981,0,0.111929468981468,0.6582446741276213,0,8.688307
2021-12-01,Europa_DER_A1A26_eobs_4004__2021__southbound_01,Europa / DER A1A26 (eobs 4004),2021,1,7.046981,0,0.0404340069617981,0.6582446741276213,0,1.7902683
2021-12-02,Europa_DER_A1A26_eobs_4004__2021__southbound_01,Europa / DER A1A26 (eobs 4004),2021,1,7.046981,0,0.08365106342797338,0.6582446741276213,0,8.415055
2022-06-29,Angela_DER_AY470_eobs_4001__2022__southbound_01,Angela / DER AY470 (eobs 4001),2022,1,11.583361,0,0.021315912162912235,0.6582446741276213,0,0.67481494
2022-06-30,Angela_DER_AY470_eobs_4001__2022__southbound_01,Angela / DER AY470 (eobs 4001),2022,1,11.583361,0,0.0204474292570886,0.6582446741276213,0,1.3707656
2022-07-01,Angela_DER_AY470_eobs_4001__2022__southbound_01,Angela / DER AY470 (eobs 4001),2022,1,11.583361,0,0.03462095506693313,0.6582446741276213,0,1.3832718
2022-07-02,Angela_DER_AY470_eobs_4001__2022__southbound_01,Angela / DER AY470 (eobs 4001),2022,1,11.583361,0,0.0451591438095434,0.6582446741276213,0,4.811267
2022-07-03,Angela_DER_AY470_eobs_4001__2022__southbound_01,Angela / DER AY470 (eobs 4001),2022,1,11.583361,0,0.04028997150438596,0.6582446741276213,0,3.6365101
2022-07-04,Angela_DER_AY470_eobs_4001__2022__southbound_01,Angela / DER AY470 (eobs 4001),2022,1,11.583361,0,0.03153593810442455,0.6582446741276213,0,1.3231084
2022-07-05,Angela_DER_AY470_eobs_4001__2022__southbound_01,Angela / DER AY470 (eobs 4001),2022,1,11.583361,0,0.05002624356629209,0.6582446741276213,0,0.61402655
2022-07-06,Angela_DER_AY470_eobs_4001__2022__southbound_01,Angela / DER AY470 (eobs 4001),2022,1,11.583361,0,0.03401167938613695,0.6582446741276213,0,0.20183226
2022-07-07,Angela_DER_AY470_eobs_4001__2022__southbound_01,Angela / DER AY470 (eobs 4001),2022,1,11.583361,0,0.020970468662134575,0.6582446741276213,0,1.0593013
2022-07-08,Angela_DER_AY470_eobs_4001__2022__southbound_01,Angela / DER AY470 (eobs 4001),2022,1,11.583361,0,0.017900743792597405,0.6582446741276213,0,1.0258743
2022-07-09,Angela_DER_AY470_eobs_4001__2022__southbound_01,Angela / DER AY470 (eobs 4001),2022,1,11.583361,0,0.060934231495192545,0.6582446741276213,0,2.0197093
2022-07-10,Angela_DER_AY470_eobs_4001__2022__southbound_01,Angela / DER AY470 (eobs 4001),2022,1,11.583361,0,0.08263425262870541,0.6582446741276213,0,5.3898654
2022-07-11,Angela_DER_AY470_eobs_4001__2022__southbound_01,Angela / DER AY470 (eobs 4001),2022,1,11.583361,0,0.04874731050274333,0.6582446741276213,0,6.9635186
2022-07-12,Angela_DER_AY470_eobs_4001__2022__southbound_01,Angela / DER AY470 (eobs 4001),2022,1,11.583361,0,0.03815032751203352,0.6582446741276213,0,3.2798848
2022-07-13,Angela_DER_AY470_eobs_4001__2022__southbound_01,Angela / DER AY470 (eobs 4001),2022,1,11.583361,0,0.060378990689951645,0.6582446741276213,0,2.039396
2022-07-14,Angela_DER_AY470_eobs_4001__2022__southbound_01,Angela / DER AY470 (eobs 4001),2022,1,11.583361,0,0.05136270318318331,0.6582446741276213,0,3.599204
2022-07-15,Angela_DER_AY470_eobs_4001__2022__southbound_01,Angela / DER AY470 (eobs 4001),2022,1,11.583361,0,0.06232492130867739,0.6582446741276213,0,7.173266
2022-07-16,Angela_DER_AY470_eobs_4001__2022__southbound_01,Angela / DER AY470 (eobs 4001),2022,1,11.583361,0,0.052028786399625604,0.6582446741276213,0,7.1551013
2022-07-17,Angela_DER_AY470_eobs_4001__2022__southbound_01,Angela / DER AY470 (eobs 4001),2022,1,11.583361,0,0.08646459311027627,0.6582446741276213,0,5.308215
2022-07-18,Angela_DER_AY470_eobs_4001__2022__southbound_01,Angela / DER AY470 (eobs 4001),2022,1,11.583361,0,0.07196350725559543,0.6582446741276213,0,5.5751677
2022-07-19,Angela_DER_AY470_eobs_4001__2022__southbound_01,Angela / DER AY470 (eobs 4001),2022,1,11.583361,0,0.08882518524249458,0.6582446741276213,0,9.662439
2022-07-20,Angela_DER_AY470_eobs_4001__2022__southbound_01,Angela / DER AY470 (eobs 4001),2022,1,11.583361,0,0.05689926917878479,0.6582446741276213,0,1.252556
2022-07-21,Angela_DER_AY470_eobs_4001__2022__southbound_01,Angela / DER AY470 (eobs 4001),2022,1,11.583361,0,0.03840070526324147,0.6582446741276213,0,3.5179493
2022-07-22,Angela_DER_AY470_eobs_4001__2022__southbound_01,Angela / DER AY470 (eobs 4001),2022,1,11.583361,0,0.058068899669877064,0.6582446741276213,0,1.5828824
2022-07-23,Angela_DER_AY470_eobs_4001__2022__southbound_01,Angela / DER AY470 (eobs 4001),2022,1,11.583361,0,0.04662393829266168,0.6582446741276213,0,2.184045
2022-07-24,Angela_DER_AY470_eobs_4001__2022__southbound_01,Angela / DER AY470 (eobs 4001),2022,1,11.583361,1,0.035640923064613396,0.6582446741276213,0,10.985915
2022-07-25,Angela_DER_AY470_eobs_4001__2022__southbound_01,Angela / DER AY470 (eobs 4001),2022,1,11.583361,0,0.9997365529553841,0.6582446741276213,1,0.011765968
2022-07-26,Angela_DER_AY470_eobs_4001__2022__southbound_01,Angela / DER AY470 (eobs 4001),2022,1,11.583361,0,0.7602204699689186,0.6582446741276213,1,0.36108363
2022-07-27,Angela_DER_AY470_eobs_4001__2022__southbound_01,Angela / DER AY470 (eobs 4001),2022,1,11.583361,0,0.9250175783043191,0.6582446741276213,1,0.3126264
2022-07-28,Angela_DER_AY470_eobs_4001__2022__southbound_01,Angela / DER AY470 (eobs 4001),2022,1,11.583361,0,0.5297082652597108,0.6582446741276213,0,0.03291327
2022-07-29,Angela_DER_AY470_eobs_4001__2022__southbound_01,Angela / DER AY470 (eobs 4001),2022,1,11.583361,0,0.4278494705446877,0.6582446741276213,0,0.54227185
2022-07-30,Angela_DER_AY470_eobs_4001__2022__southbound_01,Angela / DER AY470 (eobs 4001),2022,1,11.583361,1,0.4722167968252502,0.6582446741276213,0,10.814234
2022-07-31,Angela_DER_AY470_eobs_4001__2022__southbound_01,Angela / DER AY470 (eobs 4001),2022,1,11.583361,0,0.9457706061626779,0.6582446741276213,1,0.02970145
2022-08-01,Angela_DER_AY470_eobs_4001__2022__southbound_01,Angela / DER AY470 (eobs 4001),2022,1,11.583361,1,0.8054622493560363,0.6582446741276213,1,10.597998
2022-08-02,Angela_DER_AY470_eobs_4001__2022__southbound_01,Angela / DER AY470 (eobs 4001),2022,1,11.583361,0,0.7549549423769103,0.6582446741276213,1,0.3106508
2022-08-03,Angela_DER_AY470_eobs_4001__2022__southbound_01,Angela / DER AY470 (eobs 4001),2022,1,11.583361,0,0.44316197227370213,0.6582446741276213,0,0.14313821
2022-08-04,Angela_DER_AY470_eobs_4001__2022__southbound_01,Angela / DER AY470 (eobs 4001),2022,1,11.583361,0,0.4099069641268813,0.6582446741276213,0,0.38005444
2022-08-05,Angela_DER_AY470_eobs_4001__2022__southbound_01,Angela / DER AY470 (eobs 4001),2022,1,11.583361,0,0.2545850354170098,0.6582446741276213,0,0.32295728
2022-08-06,Angela_DER_AY470_eobs_4001__2022__southbound_01,Angela / DER AY470 (eobs 4001),2022,1,11.583361,0,0.22239423059027577,0.6582446741276213,0,0.90906495
2022-08-07,Angela_DER_AY470_eobs_4001__2022__southbound_01,Angela / DER AY470 (eobs 4001),2022,1,11.583361,0,0.2846644166708489,0.6582446741276213,0,0.9882416
2022-08-08,Angela_DER_AY470_eobs_4001__2022__southbound_01,Angela / DER AY470 (eobs 4001),2022,1,11.583361,1,0.6129701662420726,0.6582446741276213,0,88.37736
2022-08-09,Angela_DER_AY470_eobs_4001__2022__southbound_01,Angela / DER AY470 (eobs 4001),2022,1,11.583361,1,0.8341518505556521,0.6582446741276213,1,292.03723
2022-08-10,Angela_DER_AY470_eobs_4001__2022__southbound_01,Angela / DER AY470 (eobs 4001),2022,1,11.583361,1,0.9893302604036166,0.6582446741276213,1,202.72336
2022-08-11,Angela_DER_AY470_eobs_4001__2022__southbound_01,Angela / DER AY470 (eobs 4001),2022,1,11.583361,1,0.9840968443779323,0.6582446741276213,1,91.99841
2022-08-12,Angela_DER_AY470_eobs_4001__2022__southbound_01,Angela / DER AY470 (eobs 4001),2022,1,11.583361,1,0.8953234468781426,0.6582446741276213,1,145.44662
2022-08-13,Angela_DER_AY470_eobs_4001__2022__southbound_01,Angela / DER AY470 (eobs 4001),2022,1,11.583361,1,0.9604321177199101,0.6582446741276213,1,147.5592
2022-08-14,Angela_DER_AY470_eobs_4001__2022__southbound_01,Angela / DER AY470 (eobs 4001),2022,1,11.583361,1,0.9377001460344466,0.6582446741276213,1,36.553333
2022-08-15,Angela_DER_AY470_eobs_4001__2022__southbound_01,Angela / DER AY470 (eobs 4001),2022,1,11.583361,1,0.6945805314599517,0.6582446741276213,1,71.153496
2022-08-16,Angela_DER_AY470_eobs_4001__2022__southbound_01,Angela / DER AY470 (eobs 4001),2022,1,11.583361,1,0.8301820529914516,0.6582446741276213,1,43.38962
2022-08-16,Europa_DER_A1A26_eobs_4004__2022__southbound_01,Europa / DER A1A26 (eobs 4004),2022,1,7.337657,0,0.05929821645532682,0.6582446741276213,0,0.72213453
2022-08-17,Angela_DER_AY470_eobs_4001__2022__southbound_01,Angela / DER AY470 (eobs 4001),2022,1,11.583361,1,0.6097959562412106,0.6582446741276213,0,140.40466
2022-08-17,Europa_DER_A1A26_eobs_4004__2022__southbound_01,Europa / DER A1A26 (eobs 4004),2022,1,7.337657,0,0.02039027306141364,0.6582446741276213,0,0.004867047
2022-08-18,Angela_DER_AY470_eobs_4001__2022__southbound_01,Angela / DER AY470 (eobs 4001),2022,1,11.583361,1,0.9181921600618747,0.6582446741276213,1,271.0273
2022-08-18,Europa_DER_A1A26_eobs_4004__2022__southbound_01,Europa / DER A1A26 (eobs 4004),2022,1,7.337657,0,0.03969676276930616,0.6582446741276213,0,0.26358104
2022-08-19,Angela_DER_AY470_eobs_4001__2022__southbound_01,Angela / DER AY470 (eobs 4001),2022,1,11.583361,1,0.9970810665189618,0.6582446741276213,1,264.26355
2022-08-19,Europa_DER_A1A26_eobs_4004__2022__southbound_01,Europa / DER A1A26 (eobs 4004),2022,1,7.337657,0,0.031049904598554653,0.6582446741276213,0,0.048698135
2022-08-20,Angela_DER_AY470_eobs_4001__2022__southbound_01,Angela / DER AY470 (eobs 4001),2022,1,11.583361,1,0.9871135289733985,0.6582446741276213,1,29.100693
2022-08-20,Europa_DER_A1A26_eobs_4004__2022__southbound_01,Europa / DER A1A26 (eobs 4004),2022,1,7.337657,0,0.032911656542788416,0.6582446741276213,0,0.022180563
2022-08-21,Europa_DER_A1A26_eobs_4004__2022__southbound_01,Europa / DER A1A26 (eobs 4004),2022,1,7.337657,0,0.08291731094747022,0.6582446741276213,0,1.0237534
2022-08-22,Europa_DER_A1A26_eobs_4004__2022__southbound_01,Europa / DER A1A26 (eobs 4004),2022,1,7.337657,0,0.06723569007326567,0.6582446741276213,0,0.9979267
2022-08-23,Europa_DER_A1A26_eobs_4004__2022__southbound_01,Europa / DER A1A26 (eobs 4004),2022,1,7.337657,0,0.03219972352681679,0.6582446741276213,0,0.6099282
2022-08-24,Europa_DER_A1A26_eobs_4004__2022__southbound_01,Europa / DER A1A26 (eobs 4004),2022,1,7.337657,0,0.03804997464508563,0.6582446741276213,0,0.20375256
2022-08-25,Europa_DER_A1A26_eobs_4004__2022__southbound_01,Europa / DER A1A26 (eobs 4004),2022,1,7.337657,0,0.019560961647085148,0.6582446741276213,0,0.10096354
2022-08-26,Europa_DER_A1A26_eobs_4004__2022__southbound_01,Europa / DER A1A26 (eobs 4004),2022,1,7.337657,0,0.06294258663856311,0.6582446741276213,0,0.04722405
2022-08-27,Europa_DER_A1A26_eobs_4004__2022__southbound_01,Europa / DER A1A26 (eobs 4004),2022,1,7.337657,0,0.03671758487341577,0.6582446741276213,0,0.23071043
2022-08-28,Europa_DER_A1A26_eobs_4004__2022__southbound_01,Europa / DER A1A26 (eobs 4004),2022,1,7.337657,0,0.044304196780688365,0.6582446741276213,0,0.4861614
2022-08-29,Europa_DER_A1A26_eobs_4004__2022__southbound_01,Europa / DER A1A26 (eobs 4004),2022,1,7.337657,0,0.06770716147086853,0.6582446741276213,0,0.3526719
2022-08-30,Europa_DER_A1A26_eobs_4004__2022__southbound_01,Europa / DER A1A26 (eobs 4004),2022,1,7.337657,0,0.08679095321293716,0.6582446741276213,0,0.2671018
2022-08-31,Europa_DER_A1A26_eobs_4004__2022__southbound_01,Europa / DER A1A26 (eobs 4004),2022,1,7.337657,0,0.02690349079685071,0.6582446741276213,0,0.14374875
2022-09-01,Europa_DER_A1A26_eobs_4004__2022__southbound_01,Europa / DER A1A26 (eobs 4004),2022,1,7.337657,0,0.06151673192861236,0.6582446741276213,0,0.30141255
2022-09-02,Europa_DER_A1A26_eobs_4004__2022__southbound_01,Europa / DER A1A26 (eobs 4004),2022,1,7.337657,0,0.024247226019067713,0.6582446741276213,0,0.055567723
2022-09-03,Europa_DER_A1A26_eobs_4004__2022__southbound_01,Europa / DER A1A26 (eobs 4004),2022,1,7.337657,0,0.03723023795053025,0.6582446741276213,0,0.104534276
2022-09-04,Europa_DER_A1A26_eobs_4004__2022__southbound_01,Europa / DER A1A26 (eobs 4004),2022,1,7.337657,0,0.0810763469853767,0.6582446741276213,0,0.9224473
2022-09-05,Europa_DER_A1A26_eobs_4004__2022__southbound_01,Europa / DER A1A26 (eobs 4004),2022,1,7.337657,0,0.07016037064390009,0.6582446741276213,0,0.5950674
2022-09-06,Europa_DER_A1A26_eobs_4004__2022__southbound_01,Europa / DER A1A26 (eobs 4004),2022,1,7.337657,0,0.04098721085810143,0.6582446741276213,0,0.13261038
2022-09-07,Europa_DER_A1A26_eobs_4004__2022__southbound_01,Europa / DER A1A26 (eobs 4004),2022,1,7.337657,0,0.04222120109184511,0.6582446741276213,0,0.1606158
2022-09-08,Europa_DER_A1A26_eobs_4004__2022__southbound_01,Europa / DER A1A26 (eobs 4004),2022,1,7.337657,0,0.03855464731984447,0.6582446741276213,0,0.06668948
2022-09-09,Europa_DER_A1A26_eobs_4004__2022__southbound_01,Europa / DER A1A26 (eobs 4004),2022,1,7.337657,0,0.07890629428868347,0.6582446741276213,0,0.051566087
2022-09-10,Europa_DER_A1A26_eobs_4004__2022__southbound_01,Europa / DER A1A26 (eobs 4004),2022,1,7.337657,0,0.03356317996655118,0.6582446741276213,0,0.08772901
2022-09-11,Europa_DER_A1A26_eobs_4004__2022__southbound_01,Europa / DER A1A26 (eobs 4004),2022,1,7.337657,1,0.027271221406471598,0.6582446741276213,0,26.486069
2022-09-11,Louis_DER_AU050_eobs_3264__2022__southbound_01,Louis / DER AU050 (eobs 3264),2022,1,6.373638,0,0.08748620778606041,0.6582446741276213,0,0.45622462
2022-09-12,Europa_DER_A1A26_eobs_4004__2022__southbound_01,Europa / DER A1A26 (eobs 4004),2022,1,7.337657,1,0.999995904832134,0.6582446741276213,1,254.53513
2022-09-12,Louis_DER_AU050_eobs_3264__2022__southbound_01,Louis / DER AU050 (eobs 3264),2022,1,6.373638,0,0.0933311924079499,0.6582446741276213,0,0.15969858
2022-09-13,Europa_DER_A1A26_eobs_4004__2022__southbound_01,Europa / DER A1A26 (eobs 4004),2022,1,7.337657,1,0.9987316195890246,0.6582446741276213,1,78.81296
2022-09-13,Louis_DER_AU050_eobs_3264__2022__southbound_01,Louis / DER AU050 (eobs 3264),2022,1,6.373638,0,0.3087395747920631,0.6582446741276213,0,0.13204072
2022-09-14,Europa_DER_A1A26_eobs_4004__2022__southbound_01,Europa / DER A1A26 (eobs 4004),2022,1,7.337657,1,0.9961656006155865,0.6582446741276213,1,10.132805
2022-09-14,Louis_DER_AU050_eobs_3264__2022__southbound_01,Louis / DER AU050 (eobs 3264),2022,1,6.373638,0,0.3243802771927336,0.6582446741276213,0,0.72293913
2022-09-15,Europa_DER_A1A26_eobs_4004__2022__southbound_01,Europa / DER A1A26 (eobs 4004),2022,1,7.337657,1,0.9440056932386821,0.6582446741276213,1,93.21169
2022-09-15,Louis_DER_AU050_eobs_3264__2022__southbound_01,Louis / DER AU050 (eobs 3264),2022,1,6.373638,0,0.5215696498242016,0.6582446741276213,0,0.42200044
2022-09-16,Europa_DER_A1A26_eobs_4004__2022__southbound_01,Europa / DER A1A26 (eobs 4004),2022,1,7.337657,1,0.9183310500409061,0.6582446741276213,1,63.24101
2022-09-16,Louis_DER_AU050_eobs_3264__2022__southbound_01,Louis / DER AU050 (eobs 3264),2022,1,6.373638,0,0.20000674056279383,0.6582446741276213,0,0.12259513
2022-09-17,Europa_DER_A1A26_eobs_4004__2022__southbound_01,Europa / DER A1A26 (eobs 4004),2022,1,7.337657,1,0.9155176411753551,0.6582446741276213,1,172.5163
2022-09-17,Louis_DER_AU050_eobs_3264__2022__southbound_01,Louis / DER AU050 (eobs 3264),2022,1,6.373638,0,0.21621070134554268,0.6582446741276213,0,0.539522
2022-09-18,Europa_DER_A1A26_eobs_4004__2022__southbound_01,Europa / DER A1A26 (eobs 4004),2022,1,7.337657,1,0.9992695830508043,0.6582446741276213,1,188.38208
2022-09-18,Louis_DER_AU050_eobs_3264__2022__southbound_01,Louis / DER AU050 (eobs 3264),2022,1,6.373638,0,0.2525842993444684,0.6582446741276213,0,0.4693443
2022-09-19,Europa_DER_A1A26_eobs_4004__2022__southbound_01,Europa / DER A1A26 (eobs 4004),2022,1,7.337657,1,0.9985577712404586,0.6582446741276213,1,104.39005
2022-09-19,Louis_DER_AU050_eobs_3264__2022__southbound_01,Louis / DER AU050 (eobs 3264),2022,1,6.373638,0,0.22993043131356278,0.6582446741276213,0,0.61787087
2022-09-20,Europa_DER_A1A26_eobs_4004__2022__southbound_01,Europa / DER A1A26 (eobs 4004),2022,1,7.337657,0,0.9957772607547991,0.6582446741276213,1,0.51000255
2022-09-20,Louis_DER_AU050_eobs_3264__2022__southbound_01,Louis / DER AU050 (eobs 3264),2022,1,6.373638,0,0.38352241556510563,0.6582446741276213,0,0.20403267
2022-09-21,Europa_DER_A1A26_eobs_4004__2022__southbound_01,Europa / DER A1A26 (eobs 4004),2022,1,7.337657,0,0.602182245409712,0.6582446741276213,0,5.227105
2022-09-21,Louis_DER_AU050_eobs_3264__2022__southbound_01,Louis / DER AU050 (eobs 3264),2022,1,6.373638,0,0.3085295757650223,0.6582446741276213,0,0.6327675
2022-09-22,Europa_DER_A1A26_eobs_4004__2022__southbound_01,Europa / DER A1A26 (eobs 4004),2022,1,7.337657,0,0.7506279336784996,0.6582446741276213,1,6.70246
2022-09-22,Louis_DER_AU050_eobs_3264__2022__southbound_01,Louis / DER AU050 (eobs 3264),2022,1,6.373638,0,0.31470669467446216,0.6582446741276213,0,0.5620198
2022-09-23,Europa_DER_A1A26_eobs_4004__2022__southbound_01,Europa / DER A1A26 (eobs 4004),2022,1,7.337657,1,0.34702920481714905,0.6582446741276213,0,254.64507
2022-09-23,Louis_DER_AU050_eobs_3264__2022__southbound_01,Louis / DER AU050 (eobs 3264),2022,1,6.373638,0,0.3935391696051091,0.6582446741276213,0,0.6888004
2022-09-24,Europa_DER_A1A26_eobs_4004__2022__southbound_01,Europa / DER A1A26 (eobs 4004),2022,1,7.337657,1,0.9833853152905937,0.6582446741276213,1,15.874588
2022-09-24,Louis_DER_AU050_eobs_3264__2022__southbound_01,Louis / DER AU050 (eobs 3264),2022,1,6.373638,0,0.14398557822773977,0.6582446741276213,0,0.91697294
2022-09-25,Europa_DER_A1A26_eobs_4004__2022__southbound_01,Europa / DER A1A26 (eobs 4004),2022,1,7.337657,1,0.7018859805842155,0.6582446741276213,1,52.24006
2022-09-25,Louis_DER_AU050_eobs_3264__2022__southbound_01,Louis / DER AU050 (eobs 3264),2022,1,6.373638,0,0.27320764518581353,0.6582446741276213,0,0.30827552
2022-09-26,Europa_DER_A1A26_eobs_4004__2022__southbound_01,Europa / DER A1A26 (eobs 4004),2022,1,7.337657,1,0.9306412249433683,0.6582446741276213,1,16.064808
2022-09-26,Louis_DER_AU050_eobs_3264__2022__southbound_01,Louis / DER AU050 (eobs 3264),2022,1,6.373638,0,0.44722390256416195,0.6582446741276213,0,0.072279364
2022-09-27,Europa_DER_A1A26_eobs_4004__2022__southbound_01,Europa / DER A1A26 (eobs 4004),2022,1,7.337657,0,0.34678926044924474,0.6582446741276213,0,0.053488355
2022-09-27,Louis_DER_AU050_eobs_3264__2022__southbound_01,Louis / DER AU050 (eobs 3264),2022,1,6.373638,0,0.2455109113919945,0.6582446741276213,0,0.29821277
2022-09-28,Europa_DER_A1A26_eobs_4004__2022__southbound_01,Europa / DER A1A26 (eobs 4004),2022,1,7.337657,0,0.3940328317946619,0.6582446741276213,0,0.08048585
2022-09-28,Louis_DER_AU050_eobs_3264__2022__southbound_01,Louis / DER AU050 (eobs 3264),2022,1,6.373638,0,0.2253912408530567,0.6582446741276213,0,0.28415862
2022-09-29,Europa_DER_A1A26_eobs_4004__2022__southbound_01,Europa / DER A1A26 (eobs 4004),2022,1,7.337657,0,0.08285508285240548,0.6582446741276213,0,0.048539326
2022-09-29,Louis_DER_AU050_eobs_3264__2022__southbound_01,Louis / DER AU050 (eobs 3264),2022,1,6.373638,0,0.37702913083887435,0.6582446741276213,0,0.062680274
2022-09-30,Europa_DER_A1A26_eobs_4004__2022__southbound_01,Europa / DER A1A26 (eobs 4004),2022,1,7.337657,0,0.3034318483070615,0.6582446741276213,0,0.023235692
2022-09-30,Louis_DER_AU050_eobs_3264__2022__southbound_01,Louis / DER AU050 (eobs 3264),2022,1,6.373638,0,0.37499254347446637,0.6582446741276213,0,0.086151816
2022-10-01,Europa_DER_A1A26_eobs_4004__2022__southbound_01,Europa / DER A1A26 (eobs 4004),2022,1,7.337657,0,0.464307966158157,0.6582446741276213,0,0.041536424
2022-10-01,Louis_DER_AU050_eobs_3264__2022__southbound_01,Louis / DER AU050 (eobs 3264),2022,1,6.373638,0,0.2694200563179476,0.6582446741276213,0,0.020807263
2022-10-02,Europa_DER_A1A26_eobs_4004__2022__southbound_01,Europa / DER A1A26 (eobs 4004),2022,1,7.337657,0,0.19193336361962168,0.6582446741276213,0,0.04430339
2022-10-02,Louis_DER_AU050_eobs_3264__2022__southbound_01,Louis / DER AU050 (eobs 3264),2022,1,6.373638,0,0.16031870153196498,0.6582446741276213,0,0.7932652
2022-10-03,Europa_DER_A1A26_eobs_4004__2022__southbound_01,Europa / DER A1A26 (eobs 4004),2022,1,7.337657,0,0.6384839725861524,0.6582446741276213,0,0.38167366
2022-10-03,Louis_DER_AU050_eobs_3264__2022__southbound_01,Louis / DER AU050 (eobs 3264),2022,1,6.373638,0,0.33344576084896216,0.6582446741276213,0,0.7818136
2022-10-04,Europa_DER_A1A26_eobs_4004__2022__southbound_01,Europa / DER A1A26 (eobs 4004),2022,1,7.337657,0,0.38049041430799474,0.6582446741276213,0,6.421291
2022-10-04,Louis_DER_AU050_eobs_3264__2022__southbound_01,Louis / DER AU050 (eobs 3264),2022,1,6.373638,0,0.24419447019545024,0.6582446741276213,0,1.4880724
2022-10-05,Europa_DER_A1A26_eobs_4004__2022__southbound_01,Europa / DER A1A26 (eobs 4004),2022,1,7.337657,0,0.34739838071735973,0.6582446741276213,0,6.3952804
2022-10-05,Louis_DER_AU050_eobs_3264__2022__southbound_01,Louis / DER AU050 (eobs 3264),2022,1,6.373638,0,0.3490423845275959,0.6582446741276213,0,3.0710762
2022-10-06,Europa_DER_A1A26_eobs_4004__2022__southbound_01,Europa / DER A1A26 (eobs 4004),2022,1,7.337657,0,0.5277238244115798,0.6582446741276213,0,6.169369
2022-10-06,Louis_DER_AU050_eobs_3264__2022__southbound_01,Louis / DER AU050 (eobs 3264),2022,1,6.373638,0,0.33615357074078245,0.6582446741276213,0,0.4196131
2022-10-07,Europa_DER_A1A26_eobs_4004__2022__southbound_01,Europa / DER A1A26 (eobs 4004),2022,1,7.337657,0,0.2064164823546668,0.6582446741276213,0,6.1604486
2022-10-07,Louis_DER_AU050_eobs_3264__2022__southbound_01,Louis / DER AU050 (eobs 3264),2022,1,6.373638,0,0.17461542445398096,0.6582446741276213,0,1.2787738
2022-10-08,Europa_DER_A1A26_eobs_4004__2022__southbound_01,Europa / DER A1A26 (eobs 4004),2022,1,7.337657,0,0.5079939152365553,0.6582446741276213,0,0.22824006
2022-10-08,Louis_DER_AU050_eobs_3264__2022__southbound_01,Louis / DER AU050 (eobs 3264),2022,1,6.373638,0,0.30916133395834533,0.6582446741276213,0,2.0391748
2022-10-09,Europa_DER_A1A26_eobs_4004__2022__southbound_01,Europa / DER A1A26 (eobs 4004),2022,1,7.337657,0,0.2299952576347346,0.6582446741276213,0,0.11129922
2022-10-09,Louis_DER_AU050_eobs_3264__2022__southbound_01,Louis / DER AU050 (eobs 3264),2022,1,6.373638,0,0.25089800694432235,0.6582446741276213,0,1.6566998
2022-10-10,Europa_DER_A1A26_eobs_4004__2022__southbound_01,Europa / DER A1A26 (eobs 4004),2022,1,7.337657,0,0.3751949382705904,0.6582446741276213,0,0.21808122
2022-10-10,Louis_DER_AU050_eobs_3264__2022__southbound_01,Louis / DER AU050 (eobs 3264),2022,1,6.373638,1,0.2432878264502392,0.6582446741276213,0,29.08136
2022-10-11,Europa_DER_A1A26_eobs_4004__2022__southbound_01,Europa / DER A1A26 (eobs 4004),2022,1,7.337657,0,0.3377748294703672,0.6582446741276213,0,2.113832
2022-10-11,Louis_DER_AU050_eobs_3264__2022__southbound_01,Louis / DER AU050 (eobs 3264),2022,1,6.373638,0,0.9251959192237896,0.6582446741276213,1,0.02594392
2022-10-12,Europa_DER_A1A26_eobs_4004__2022__southbound_01,Europa / DER A1A26 (eobs 4004),2022,1,7.337657,0,0.3124583006406168,0.6582446741276213,0,4.0870786
2022-10-12,Louis_DER_AU050_eobs_3264__2022__southbound_01,Louis / DER AU050 (eobs 3264),2022,1,6.373638,0,0.3359181929094497,0.6582446741276213,0,0.28662333
2022-10-13,Europa_DER_A1A26_eobs_4004__2022__southbound_01,Europa / DER A1A26 (eobs 4004),2022,1,7.337657,0,0.24954609210389037,0.6582446741276213,0,6.070499
2022-10-13,Louis_DER_AU050_eobs_3264__2022__southbound_01,Louis / DER AU050 (eobs 3264),2022,1,6.373638,0,0.5044833568222887,0.6582446741276213,0,0.33064634
2022-10-14,Europa_DER_A1A26_eobs_4004__2022__southbound_01,Europa / DER A1A26 (eobs 4004),2022,1,7.337657,0,0.12121490268791872,0.6582446741276213,0,6.6784935
2022-10-14,Louis_DER_AU050_eobs_3264__2022__southbound_01,Louis / DER AU050 (eobs 3264),2022,1,6.373638,0,0.4652284482100135,0.6582446741276213,0,0.25348932
2022-10-15,Europa_DER_A1A26_eobs_4004__2022__southbound_01,Europa / DER A1A26 (eobs 4004),2022,1,7.337657,0,0.33368274414050536,0.6582446741276213,0,6.6608067
2022-10-15,Louis_DER_AU050_eobs_3264__2022__southbound_01,Louis / DER AU050 (eobs 3264),2022,1,6.373638,0,0.3107859958668828,0.6582446741276213,0,0.23428509
2022-10-16,Europa_DER_A1A26_eobs_4004__2022__southbound_01,Europa / DER A1A26 (eobs 4004),2022,1,7.337657,0,0.3485509540091147,0.6582446741276213,0,6.291921
2022-10-16,Louis_DER_AU050_eobs_3264__2022__southbound_01,Louis / DER AU050 (eobs 3264),2022,1,6.373638,0,0.4892836874015993,0.6582446741276213,0,0.85371745
2022-10-17,Europa_DER_A1A26_eobs_4004__2022__southbound_01,Europa / DER A1A26 (eobs 4004),2022,1,7.337657,0,0.27825635823452527,0.6582446741276213,0,6.274983
2022-10-17,Louis_DER_AU050_eobs_3264__2022__southbound_01,Louis / DER AU050 (eobs 3264),2022,1,6.373638,0,0.40991690868114167,0.6582446741276213,0,0.6221683
2022-10-18,Europa_DER_A1A26_eobs_4004__2022__southbound_01,Europa / DER A1A26 (eobs 4004),2022,1,7.337657,0,0.37242510306955506,0.6582446741276213,0,8.052187
2022-10-18,Louis_DER_AU050_eobs_3264__2022__southbound_01,Louis / DER AU050 (eobs 3264),2022,1,6.373638,0,0.33565788880916797,0.6582446741276213,0,0.24797596
2022-10-19,Europa_DER_A1A26_eobs_4004__2022__southbound_01,Europa / DER A1A26 (eobs 4004),2022,1,7.337657,0,0.29782586630967106,0.6582446741276213,0,2.0097353
2022-10-19,Louis_DER_AU050_eobs_3264__2022__southbound_01,Louis / DER AU050 (eobs 3264),2022,1,6.373638,0,0.4682586283348301,0.6582446741276213,0,0.45609736
2022-10-20,Europa_DER_A1A26_eobs_4004__2022__southbound_01,Europa / DER A1A26 (eobs 4004),2022,1,7.337657,0,0.17477988115375195,0.6582446741276213,0,6.3036413
2022-10-20,Louis_DER_AU050_eobs_3264__2022__southbound_01,Louis / DER AU050 (eobs 3264),2022,1,6.373638,0,0.12156030799568152,0.6582446741276213,0,0.7133239
2022-10-21,Europa_DER_A1A26_eobs_4004__2022__southbound_01,Europa / DER A1A26 (eobs 4004),2022,1,7.337657,0,0.17030930045007875,0.6582446741276213,0,6.0617127
2022-10-21,Louis_DER_AU050_eobs_3264__2022__southbound_01,Louis / DER AU050 (eobs 3264),2022,1,6.373638,0,0.11343895962441469,0.6582446741276213,0,0.8235549
2022-10-22,Europa_DER_A1A26_eobs_4004__2022__southbound_01,Europa / DER A1A26 (eobs 4004),2022,1,7.337657,0,0.15709656676749986,0.6582446741276213,0,6.100814
2022-10-23,Europa_DER_A1A26_eobs_4004__2022__southbound_01,Europa / DER A1A26 (eobs 4004),2022,1,7.337657,0,0.20661019719372206,0.6582446741276213,0,5.0555053
2022-10-24,Europa_DER_A1A26_eobs_4004__2022__southbound_01,Europa / DER A1A26 (eobs 4004),2022,1,7.337657,0,0.19070042419853334,0.6582446741276213,0,0.84667885
2022-10-25,Europa_DER_A1A26_eobs_4004__2022__southbound_01,Europa / DER A1A26 (eobs 4004),2022,1,7.337657,0,0.2762729863136173,0.6582446741276213,0,1.3581085
2022-10-26,Europa_DER_A1A26_eobs_4004__2022__southbound_01,Europa / DER A1A26 (eobs 4004),2022,1,7.337657,0,0.20615798034748573,0.6582446741276213,0,0.69803196
2022-10-27,Europa_DER_A1A26_eobs_4004__2022__southbound_01,Europa / DER A1A26 (eobs 4004),2022,1,7.337657,0,0.19241223350914344,0.6582446741276213,0,0.41804382
2022-10-28,Europa_DER_A1A26_eobs_4004__2022__southbound_01,Europa / DER A1A26 (eobs 4004),2022,1,7.337657,0,0.12742246663129192,0.6582446741276213,0,1.167168
2022-10-29,Europa_DER_A1A26_eobs_4004__2022__southbound_01,Europa / DER A1A26 (eobs 4004),2022,1,7.337657,0,0.06908841546860778,0.6582446741276213,0,3.152318
2022-10-30,Europa_DER_A1A26_eobs_4004__2022__southbound_01,Europa / DER A1A26 (eobs 4004),2022,1,7.337657,0,0.15262572257995818,0.6582446741276213,0,4.1976204
2022-10-31,Europa_DER_A1A26_eobs_4004__2022__southbound_01,Europa / DER A1A26 (eobs 4004),2022,1,7.337657,0,0.19999776717541828,0.6582446741276213,0,0.6577313
2022-11-01,Europa_DER_A1A26_eobs_4004__2022__southbound_01,Europa / DER A1A26 (eobs 4004),2022,1,7.337657,0,0.16730975759972194,0.6582446741276213,0,1.1095884
2022-11-02,Europa_DER_A1A26_eobs_4004__2022__southbound_01,Europa / DER A1A26 (eobs 4004),2022,1,7.337657,0,0.07896403582409757,0.6582446741276213,0,1.7367662
2022-11-03,Europa_DER_A1A26_eobs_4004__2022__southbound_01,Europa / DER A1A26 (eobs 4004),2022,1,7.337657,0,0.11138432425487031,0.6582446741276213,0,0.891838
2022-11-04,Europa_DER_A1A26_eobs_4004__2022__southbound_01,Europa / DER A1A26 (eobs 4004),2022,1,7.337657,0,0.10835186563785654,0.6582446741276213,0,0.82364887
2022-11-05,Europa_DER_A1A26_eobs_4004__2022__southbound_01,Europa / DER A1A26 (eobs 4004),2022,1,7.337657,0,0.07986765745743023,0.6582446741276213,0,0.06532381
2022-11-06,Europa_DER_A1A26_eobs_4004__2022__southbound_01,Europa / DER A1A26 (eobs 4004),2022,1,7.337657,0,0.10559526954702737,0.6582446741276213,0,0.89909595
2022-11-07,Europa_DER_A1A26_eobs_4004__2022__southbound_01,Europa / DER A1A26 (eobs 4004),2022,1,7.337657,0,0.08538912981553341,0.6582446741276213,0,4.8843994
2022-11-08,Europa_DER_A1A26_eobs_4004__2022__southbound_01,Europa / DER A1A26 (eobs 4004),2022,1,7.337657,0,0.08664049494029337,0.6582446741276213,0,4.870731
2022-11-09,Europa_DER_A1A26_eobs_4004__2022__southbound_01,Europa / DER A1A26 (eobs 4004),2022,1,7.337657,0,0.1406811857730954,0.6582446741276213,0,1.2947984
2022-11-10,Europa_DER_A1A26_eobs_4004__2022__southbound_01,Europa / DER A1A26 (eobs 4004),2022,1,7.337657,0,0.0672034876303242,0.6582446741276213,0,1.6788815
2022-11-11,Europa_DER_A1A26_eobs_4004__2022__southbound_01,Europa / DER A1A26 (eobs 4004),2022,1,7.337657,0,0.09647376491724019,0.6582446741276213,0,0.1701635
2022-11-12,Europa_DER_A1A26_eobs_4004__2022__southbound_01,Europa / DER A1A26 (eobs 4004),2022,1,7.337657,0,0.051460531711325114,0.6582446741276213,0,0.21768662
2022-11-13,Europa_DER_A1A26_eobs_4004__2022__southbound_01,Europa / DER A1A26 (eobs 4004),2022,1,7.337657,0,0.10330213965866994,0.6582446741276213,0,8.845493
2022-11-14,Europa_DER_A1A26_eobs_4004__2022__southbound_01,Europa / DER A1A26 (eobs 4004),2022,1,7.337657,0,0.07387752990923672,0.6582446741276213,0,0.9236729
2022-11-15,Europa_DER_A1A26_eobs_4004__2022__southbound_01,Europa / DER A1A26 (eobs 4004),2022,1,7.337657,0,0.052502204953899664,0.6582446741276213,0,7.9628267
2022-11-16,Europa_DER_A1A26_eobs_4004__2022__southbound_01,Europa / DER A1A26 (eobs 4004),2022,1,7.337657,0,0.11475047274356776,0.6582446741276213,0,0.09748509
2022-11-17,Europa_DER_A1A26_eobs_4004__2022__southbound_01,Europa / DER A1A26 (eobs 4004),2022,1,7.337657,0,0.04154286443722785,0.6582446741276213,0,0.0050944844
2022-11-18,Europa_DER_A1A26_eobs_4004__2022__southbound_01,Europa / DER A1A26 (eobs 4004),2022,1,7.337657,0,0.06373492369562053,0.6582446741276213,0,0.98193085
2022-11-19,Europa_DER_A1A26_eobs_4004__2022__southbound_01,Europa / DER A1A26 (eobs 4004),2022,1,7.337657,0,0.08706210203475093,0.6582446741276213,0,1.0574111
2022-11-20,Europa_DER_A1A26_eobs_4004__2022__southbound_01,Europa / DER A1A26 (eobs 4004),2022,1,7.337657,0,0.04231566688093739,0.6582446741276213,0,2.0505922
2022-11-21,Europa_DER_A1A26_eobs_4004__2022__southbound_01,Europa / DER A1A26 (eobs 4004),2022,1,7.337657,0,0.04366684749121689,0.6582446741276213,0,0.6545116
2022-11-22,Europa_DER_A1A26_eobs_4004__2022__southbound_01,Europa / DER A1A26 (eobs 4004),2022,1,7.337657,0,0.09169034912972918,0.6582446741276213,0,1.758546
2023-08-13,Angela_DER_AY470_eobs_4001__2023__southbound_01,Angela / DER AY470 (eobs 4001),2023,1,11.613243,1,0.9016947115695811,0.6582446741276213,1,42.496704
2023-08-14,Angela_DER_AY470_eobs_4001__2023__southbound_01,Angela / DER AY470 (eobs 4001),2023,1,11.613243,1,0.9797544882812339,0.6582446741276213,1,151.06589
2023-08-15,Angela_DER_AY470_eobs_4001__2023__southbound_01,Angela / DER AY470 (eobs 4001),2023,1,11.613243,1,0.9869539007968422,0.6582446741276213,1,74.6285
2023-08-16,Angela_DER_AY470_eobs_4001__2023__southbound_01,Angela / DER AY470 (eobs 4001),2023,1,11.613243,1,0.9252558032344259,0.6582446741276213,1,105.68646
2023-08-17,Angela_DER_AY470_eobs_4001__2023__southbound_01,Angela / DER AY470 (eobs 4001),2023,1,11.613243,1,0.9809383872958668,0.6582446741276213,1,119.74028
2023-08-18,Angela_DER_AY470_eobs_4001__2023__southbound_01,Angela / DER AY470 (eobs 4001),2023,1,11.613243,1,0.9982117042307195,0.6582446741276213,1,155.86073
2023-08-19,Angela_DER_AY470_eobs_4001__2023__southbound_01,Angela / DER AY470 (eobs 4001),2023,1,11.613243,1,0.9944273745962401,0.6582446741276213,1,19.615278
2023-08-20,Angela_DER_AY470_eobs_4001__2023__southbound_01,Angela / DER AY470 (eobs 4001),2023,1,11.613243,1,0.9224093644104365,0.6582446741276213,1,64.71533
2023-08-20,Louis_DER_AU050_eobs_3264__2023__southbound_01,Louis / DER AU050 (eobs 3264),2023,1,6.346841,0,0.056867294718941044,0.6582446741276213,0,1.1720877
2023-08-21,Angela_DER_AY470_eobs_4001__2023__southbound_01,Angela / DER AY470 (eobs 4001),2023,1,11.613243,1,0.8413753458328727,0.6582446741276213,1,22.441936
2023-08-21,Louis_DER_AU050_eobs_3264__2023__southbound_01,Louis / DER AU050 (eobs 3264),2023,1,6.346841,0,0.07098751373626169,0.6582446741276213,0,1.5140849
2023-08-22,Angela_DER_AY470_eobs_4001__2023__southbound_01,Angela / DER AY470 (eobs 4001),2023,1,11.613243,0,0.5973064338382521,0.6582446741276213,0,0.37101215
2023-08-22,Louis_DER_AU050_eobs_3264__2023__southbound_01,Louis / DER AU050 (eobs 3264),2023,1,6.346841,0,0.041902627654981844,0.6582446741276213,0,0.68035096
2023-08-23,Angela_DER_AY470_eobs_4001__2023__southbound_01,Angela / DER AY470 (eobs 4001),2023,1,11.613243,1,0.5488778735022178,0.6582446741276213,0,55.17802
2023-08-23,Louis_DER_AU050_eobs_3264__2023__southbound_01,Louis / DER AU050 (eobs 3264),2023,1,6.346841,0,0.09513833323606782,0.6582446741276213,0,0.8024675
2023-08-24,Angela_DER_AY470_eobs_4001__2023__southbound_01,Angela / DER AY470 (eobs 4001),2023,1,11.613243,1,0.8016218912498243,0.6582446741276213,1,156.89
2023-08-24,Louis_DER_AU050_eobs_3264__2023__southbound_01,Louis / DER AU050 (eobs 3264),2023,1,6.346841,0,0.033521912926680976,0.6582446741276213,0,1.170836
2023-08-25,Angela_DER_AY470_eobs_4001__2023__southbound_01,Angela / DER AY470 (eobs 4001),2023,1,11.613243,1,0.9567012986520961,0.6582446741276213,1,20.295574
2023-08-25,Louis_DER_AU050_eobs_3264__2023__southbound_01,Louis / DER AU050 (eobs 3264),2023,1,6.346841,0,0.06115984364129935,0.6582446741276213,0,0.4090239
2023-08-26,Angela_DER_AY470_eobs_4001__2023__southbound_01,Angela / DER AY470 (eobs 4001),2023,1,11.613243,1,0.8332163708271998,0.6582446741276213,1,45.0006
2023-08-26,Louis_DER_AU050_eobs_3264__2023__southbound_01,Louis / DER AU050 (eobs 3264),2023,1,6.346841,0,0.1309014040688195,0.6582446741276213,0,1.3976231
2023-08-27,Angela_DER_AY470_eobs_4001__2023__southbound_01,Angela / DER AY470 (eobs 4001),2023,1,11.613243,1,0.9529674278220132,0.6582446741276213,1,115.59662
2023-08-27,Louis_DER_AU050_eobs_3264__2023__southbound_01,Louis / DER AU050 (eobs 3264),2023,1,6.346841,0,0.047453879863535706,0.6582446741276213,0,1.6275461
2023-08-28,Angela_DER_AY470_eobs_4001__2023__southbound_01,Angela / DER AY470 (eobs 4001),2023,1,11.613243,0,0.9985234967049477,0.6582446741276213,1,0.38658014
2023-08-28,Louis_DER_AU050_eobs_3264__2023__southbound_01,Louis / DER AU050 (eobs 3264),2023,1,6.346841,0,0.10304599356046129,0.6582446741276213,0,1.0137484
2023-08-29,Angela_DER_AY470_eobs_4001__2023__southbound_01,Angela / DER AY470 (eobs 4001),2023,1,11.613243,1,0.6601784942420786,0.6582446741276213,1,17.92695
2023-08-29,Louis_DER_AU050_eobs_3264__2023__southbound_01,Louis / DER AU050 (eobs 3264),2023,1,6.346841,0,0.053407440907693345,0.6582446741276213,0,0.5365928
2023-08-30,Angela_DER_AY470_eobs_4001__2023__southbound_01,Angela / DER AY470 (eobs 4001),2023,1,11.613243,1,0.26094680040361434,0.6582446741276213,0,14.790453
2023-08-30,Louis_DER_AU050_eobs_3264__2023__southbound_01,Louis / DER AU050 (eobs 3264),2023,1,6.346841,0,0.06957453658547796,0.6582446741276213,0,0.65132797
2023-08-31,Angela_DER_AY470_eobs_4001__2023__southbound_01,Angela / DER AY470 (eobs 4001),2023,1,11.613243,0,0.3862870543316308,0.6582446741276213,0,0.03299248
2023-08-31,Louis_DER_AU050_eobs_3264__2023__southbound_01,Louis / DER AU050 (eobs 3264),2023,1,6.346841,0,0.05626031156063472,0.6582446741276213,0,0.54431605
2023-09-01,Angela_DER_AY470_eobs_4001__2023__southbound_01,Angela / DER AY470 (eobs 4001),2023,1,11.613243,0,0.09239102650357349,0.6582446741276213,0,0.050371144
2023-09-01,Louis_DER_AU050_eobs_3264__2023__southbound_01,Louis / DER AU050 (eobs 3264),2023,1,6.346841,0,0.049053496920729724,0.6582446741276213,0,0.31037185
2023-09-02,Angela_DER_AY470_eobs_4001__2023__southbound_01,Angela / DER AY470 (eobs 4001),2023,1,11.613243,0,0.3297296330104327,0.6582446741276213,0,0.08234078
2023-09-02,Louis_DER_AU050_eobs_3264__2023__southbound_01,Louis / DER AU050 (eobs 3264),2023,1,6.346841,0,0.05430521320909113,0.6582446741276213,0,0.09712608
2023-09-03,Angela_DER_AY470_eobs_4001__2023__southbound_01,Angela / DER AY470 (eobs 4001),2023,1,11.613243,1,0.05626187010748984,0.6582446741276213,0,29.874352
2023-09-03,Louis_DER_AU050_eobs_3264__2023__southbound_01,Louis / DER AU050 (eobs 3264),2023,1,6.346841,0,0.13406800525073242,0.6582446741276213,0,0.57483435
2023-09-04,Angela_DER_AY470_eobs_4001__2023__southbound_01,Angela / DER AY470 (eobs 4001),2023,1,11.613243,0,0.626888687942254,0.6582446741276213,0,4.455991
2023-09-04,Louis_DER_AU050_eobs_3264__2023__southbound_01,Louis / DER AU050 (eobs 3264),2023,1,6.346841,0,0.040218228526919926,0.6582446741276213,0,0.5456462
2023-09-05,Angela_DER_AY470_eobs_4001__2023__southbound_01,Angela / DER AY470 (eobs 4001),2023,1,11.613243,1,0.6166353194706634,0.6582446741276213,0,299.0661
2023-09-05,Louis_DER_AU050_eobs_3264__2023__southbound_01,Louis / DER AU050 (eobs 3264),2023,1,6.346841,0,0.05868903267192227,0.6582446741276213,0,0.051414188
2023-09-06,Angela_DER_AY470_eobs_4001__2023__southbound_01,Angela / DER AY470 (eobs 4001),2023,1,11.613243,1,0.9987568865470412,0.6582446741276213,1,47.670643
2023-09-06,Louis_DER_AU050_eobs_3264__2023__southbound_01,Louis / DER AU050 (eobs 3264),2023,1,6.346841,0,0.05737827308240393,0.6582446741276213,0,0.81573623
2023-09-07,Angela_DER_AY470_eobs_4001__2023__southbound_01,Angela / DER AY470 (eobs 4001),2023,1,11.613243,1,0.7461983038906952,0.6582446741276213,1,231.09927
2023-09-07,Louis_DER_AU050_eobs_3264__2023__southbound_01,Louis / DER AU050 (eobs 3264),2023,1,6.346841,0,0.04144026406773647,0.6582446741276213,0,1.5019615
2023-09-08,Angela_DER_AY470_eobs_4001__2023__southbound_01,Angela / DER AY470 (eobs 4001),2023,1,11.613243,1,0.9980671874588272,0.6582446741276213,1,53.318287
2023-09-08,Louis_DER_AU050_eobs_3264__2023__southbound_01,Louis / DER AU050 (eobs 3264),2023,1,6.346841,0,0.0916310761730098,0.6582446741276213,0,0.27327594
2023-09-09,Angela_DER_AY470_eobs_4001__2023__southbound_01,Angela / DER AY470 (eobs 4001),2023,1,11.613243,0,0.857892309022744,0.6582446741276213,1,0.014295343
2023-09-09,Louis_DER_AU050_eobs_3264__2023__southbound_01,Louis / DER AU050 (eobs 3264),2023,1,6.346841,0,0.06338841287545623,0.6582446741276213,0,1.0937533
2023-09-10,Angela_DER_AY470_eobs_4001__2023__southbound_01,Angela / DER AY470 (eobs 4001),2023,1,11.613243,1,0.8605007354937942,0.6582446741276213,1,45.99251
2023-09-10,Louis_DER_AU050_eobs_3264__2023__southbound_01,Louis / DER AU050 (eobs 3264),2023,1,6.346841,0,0.059641076820758164,0.6582446741276213,0,1.010417
2023-09-11,Angela_DER_AY470_eobs_4001__2023__southbound_01,Angela / DER AY470 (eobs 4001),2023,1,11.613243,1,0.71380483469736,0.6582446741276213,1,71.00029
2023-09-11,Louis_DER_AU050_eobs_3264__2023__southbound_01,Louis / DER AU050 (eobs 3264),2023,1,6.346841,0,0.09492740803091222,0.6582446741276213,0,1.639857
2023-09-12,Angela_DER_AY470_eobs_4001__2023__southbound_01,Angela / DER AY470 (eobs 4001),2023,1,11.613243,1,0.5700751508333644,0.6582446741276213,0,106.498344
2023-09-12,Louis_DER_AU050_eobs_3264__2023__southbound_01,Louis / DER AU050 (eobs 3264),2023,1,6.346841,0,0.043481351834663916,0.6582446741276213,0,0.32916656
2023-09-13,Angela_DER_AY470_eobs_4001__2023__southbound_01,Angela / DER AY470 (eobs 4001),2023,1,11.613243,0,0.8273085005539181,0.6582446741276213,1,0.29016957
2023-09-13,Louis_DER_AU050_eobs_3264__2023__southbound_01,Louis / DER AU050 (eobs 3264),2023,1,6.346841,0,0.09207495463405659,0.6582446741276213,0,0.4787206
2023-09-14,Angela_DER_AY470_eobs_4001__2023__southbound_01,Angela / DER AY470 (eobs 4001),2023,1,11.613243,1,0.5373380477607536,0.6582446741276213,0,69.88604
2023-09-14,Louis_DER_AU050_eobs_3264__2023__southbound_01,Louis / DER AU050 (eobs 3264),2023,1,6.346841,1,0.06424970654564956,0.6582446741276213,0,50.492165
2023-09-15,Angela_DER_AY470_eobs_4001__2023__southbound_01,Angela / DER AY470 (eobs 4001),2023,1,11.613243,1,0.9661364711248844,0.6582446741276213,1,111.309654
2023-09-15,Louis_DER_AU050_eobs_3264__2023__southbound_01,Louis / DER AU050 (eobs 3264),2023,1,6.346841,1,0.9999926651070808,0.6582446741276213,1,244.58044
2023-09-16,Angela_DER_AY470_eobs_4001__2023__southbound_01,Angela / DER AY470 (eobs 4001),2023,1,11.613243,0,0.9587064717072403,0.6582446741276213,1,0.6109697
2023-09-16,Louis_DER_AU050_eobs_3264__2023__southbound_01,Louis / DER AU050 (eobs 3264),2023,1,6.346841,1,0.9990048948158179,0.6582446741276213,1,47.749935
2023-09-17,Angela_DER_AY470_eobs_4001__2023__southbound_01,Angela / DER AY470 (eobs 4001),2023,1,11.613243,0,0.7497986920689668,0.6582446741276213,1,2.7734523
2023-09-17,Louis_DER_AU050_eobs_3264__2023__southbound_01,Louis / DER AU050 (eobs 3264),2023,1,6.346841,0,0.9938784467038386,0.6582446741276213,1,3.4246023
2023-09-18,Angela_DER_AY470_eobs_4001__2023__southbound_01,Angela / DER AY470 (eobs 4001),2023,1,11.613243,0,0.8995130565925338,0.6582446741276213,1,2.743373
2023-09-18,Louis_DER_AU050_eobs_3264__2023__southbound_01,Louis / DER AU050 (eobs 3264),2023,1,6.346841,0,0.934603408030766,0.6582446741276213,1,7.370623
2023-09-19,Angela_DER_AY470_eobs_4001__2023__southbound_01,Angela / DER AY470 (eobs 4001),2023,1,11.613243,0,0.4043467749808862,0.6582446741276213,0,0.23587508
2023-09-19,Louis_DER_AU050_eobs_3264__2023__southbound_01,Louis / DER AU050 (eobs 3264),2023,1,6.346841,1,0.8376662837776632,0.6582446741276213,1,260.91437
2023-09-20,Angela_DER_AY470_eobs_4001__2023__southbound_01,Angela / DER AY470 (eobs 4001),2023,1,11.613243,0,0.8271674196892201,0.6582446741276213,1,0.2072761
2023-09-20,Louis_DER_AU050_eobs_3264__2023__southbound_01,Louis / DER AU050 (eobs 3264),2023,1,6.346841,1,0.9978121976495231,0.6582446741276213,1,77.11294
2023-09-21,Angela_DER_AY470_eobs_4001__2023__southbound_01,Angela / DER AY470 (eobs 4001),2023,1,11.613243,0,0.2844317767301091,0.6582446741276213,0,2.4448695
2023-09-21,Louis_DER_AU050_eobs_3264__2023__southbound_01,Louis / DER AU050 (eobs 3264),2023,1,6.346841,1,0.9946431853922152,0.6582446741276213,1,91.706856
2023-09-22,Angela_DER_AY470_eobs_4001__2023__southbound_01,Angela / DER AY470 (eobs 4001),2023,1,11.613243,0,0.45311946056009056,0.6582446741276213,0,0.5687394
2023-09-22,Louis_DER_AU050_eobs_3264__2023__southbound_01,Louis / DER AU050 (eobs 3264),2023,1,6.346841,1,0.9960951042708313,0.6582446741276213,1,110.06592
2023-09-23,Angela_DER_AY470_eobs_4001__2023__southbound_01,Angela / DER AY470 (eobs 4001),2023,1,11.613243,0,0.20355488719070197,0.6582446741276213,0,2.9891481
2023-09-23,Louis_DER_AU050_eobs_3264__2023__southbound_01,Louis / DER AU050 (eobs 3264),2023,1,6.346841,1,0.9565391293829435,0.6582446741276213,1,113.74873
2023-09-24,Angela_DER_AY470_eobs_4001__2023__southbound_01,Angela / DER AY470 (eobs 4001),2023,1,11.613243,0,0.3499298517044578,0.6582446741276213,0,2.8470464
2023-09-24,Louis_DER_AU050_eobs_3264__2023__southbound_01,Louis / DER AU050 (eobs 3264),2023,1,6.346841,0,0.9299895194159407,0.6582446741276213,1,1.1140404
2023-09-25,Angela_DER_AY470_eobs_4001__2023__southbound_01,Angela / DER AY470 (eobs 4001),2023,1,11.613243,0,0.5971545738069441,0.6582446741276213,0,0.08375912
2023-09-25,Louis_DER_AU050_eobs_3264__2023__southbound_01,Louis / DER AU050 (eobs 3264),2023,1,6.346841,0,0.6256433232359541,0.6582446741276213,0,1.7834089
2023-09-26,Angela_DER_AY470_eobs_4001__2023__southbound_01,Angela / DER AY470 (eobs 4001),2023,1,11.613243,0,0.4407588429525881,0.6582446741276213,0,0.08297333
2023-09-26,Louis_DER_AU050_eobs_3264__2023__southbound_01,Louis / DER AU050 (eobs 3264),2023,1,6.346841,1,0.4655209518286105,0.6582446741276213,0,28.042213
2023-09-27,Angela_DER_AY470_eobs_4001__2023__southbound_01,Angela / DER AY470 (eobs 4001),2023,1,11.613243,0,0.34299269713965896,0.6582446741276213,0,1.3123995
2023-09-27,Louis_DER_AU050_eobs_3264__2023__southbound_01,Louis / DER AU050 (eobs 3264),2023,1,6.346841,0,0.6009229139703489,0.6582446741276213,0,3.5039062
2023-10-05,Europa_DER_A1A26_eobs_4004__2023__southbound_01,Europa / DER A1A26 (eobs 4004),2023,1,7.022881,0,0.27398627874944065,0.6582446741276213,0,0.047213316
2023-10-06,Europa_DER_A1A26_eobs_4004__2023__southbound_01,Europa / DER A1A26 (eobs 4004),2023,1,7.022881,0,0.3740899591235624,0.6582446741276213,0,0.07918878
2023-10-07,Europa_DER_A1A26_eobs_4004__2023__southbound_01,Europa / DER A1A26 (eobs 4004),2023,1,7.022881,0,0.3604985745028444,0.6582446741276213,0,0.038895417
2023-10-08,Europa_DER_A1A26_eobs_4004__2023__southbound_01,Europa / DER A1A26 (eobs 4004),2023,1,7.022881,0,0.21534461271231983,0.6582446741276213,0,0.14459
2023-10-09,Europa_DER_A1A26_eobs_4004__2023__southbound_01,Europa / DER A1A26 (eobs 4004),2023,1,7.022881,0,0.19559010721038156,0.6582446741276213,0,0.14342768
2023-10-10,Europa_DER_A1A26_eobs_4004__2023__southbound_01,Europa / DER A1A26 (eobs 4004),2023,1,7.022881,0,0.4752798534289801,0.6582446741276213,0,0.09496779
2023-10-11,Europa_DER_A1A26_eobs_4004__2023__southbound_01,Europa / DER A1A26 (eobs 4004),2023,1,7.022881,0,0.15159035541492055,0.6582446741276213,0,0.34600002
2023-10-12,Europa_DER_A1A26_eobs_4004__2023__southbound_01,Europa / DER A1A26 (eobs 4004),2023,1,7.022881,0,0.11941546140757303,0.6582446741276213,0,0.07584171
2023-10-13,Europa_DER_A1A26_eobs_4004__2023__southbound_01,Europa / DER A1A26 (eobs 4004),2023,1,7.022881,0,0.3607827102941783,0.6582446741276213,0,0.32765594
2023-10-14,Europa_DER_A1A26_eobs_4004__2023__southbound_01,Europa / DER A1A26 (eobs 4004),2023,1,7.022881,0,0.16526814202191092,0.6582446741276213,0,0.3810643
2023-10-15,Europa_DER_A1A26_eobs_4004__2023__southbound_01,Europa / DER A1A26 (eobs 4004),2023,1,7.022881,0,0.23188578967969525,0.6582446741276213,0,0.016459355
2023-10-16,Europa_DER_A1A26_eobs_4004__2023__southbound_01,Europa / DER A1A26 (eobs 4004),2023,1,7.022881,0,0.19393338657482717,0.6582446741276213,0,0.26391906
2023-10-17,Europa_DER_A1A26_eobs_4004__2023__southbound_01,Europa / DER A1A26 (eobs 4004),2023,1,7.022881,1,0.11985395072955947,0.6582446741276213,0,14.779834
2023-10-18,Europa_DER_A1A26_eobs_4004__2023__southbound_01,Europa / DER A1A26 (eobs 4004),2023,1,7.022881,1,0.7809093276704585,0.6582446741276213,1,14.654952
2023-10-19,Europa_DER_A1A26_eobs_4004__2023__southbound_01,Europa / DER A1A26 (eobs 4004),2023,1,7.022881,0,0.5324870569662389,0.6582446741276213,0,1.1775441
2023-10-20,Europa_DER_A1A26_eobs_4004__2023__southbound_01,Europa / DER A1A26 (eobs 4004),2023,1,7.022881,0,0.4265769033296002,0.6582446741276213,0,1.1847403
2023-10-21,Europa_DER_A1A26_eobs_4004__2023__southbound_01,Europa / DER A1A26 (eobs 4004),2023,1,7.022881,0,0.2477493429288761,0.6582446741276213,0,0.25079837
2023-10-22,Europa_DER_A1A26_eobs_4004__2023__southbound_01,Europa / DER A1A26 (eobs 4004),2023,1,7.022881,0,0.21908703226584075,0.6582446741276213,0,9.6327505
2023-10-23,Europa_DER_A1A26_eobs_4004__2023__southbound_01,Europa / DER A1A26 (eobs 4004),2023,1,7.022881,0,0.38357443082416204,0.6582446741276213,0,0.2829262
2023-10-24,Europa_DER_A1A26_eobs_4004__2023__southbound_01,Europa / DER A1A26 (eobs 4004),2023,1,7.022881,0,0.26360118003139016,0.6582446741276213,0,0.8074395
2023-10-25,Europa_DER_A1A26_eobs_4004__2023__southbound_01,Europa / DER A1A26 (eobs 4004),2023,1,7.022881,1,0.17856585962529456,0.6582446741276213,0,16.07368
2023-10-26,Europa_DER_A1A26_eobs_4004__2023__southbound_01,Europa / DER A1A26 (eobs 4004),2023,1,7.022881,0,0.559244460679208,0.6582446741276213,0,0.01579157
2023-10-27,Europa_DER_A1A26_eobs_4004__2023__southbound_01,Europa / DER A1A26 (eobs 4004),2023,1,7.022881,0,0.3676616086003322,0.6582446741276213,0,0.036060162
2023-10-28,Europa_DER_A1A26_eobs_4004__2023__southbound_01,Europa / DER A1A26 (eobs 4004),2023,1,7.022881,0,0.2230082323013421,0.6582446741276213,0,0.0052447612
2023-10-29,Europa_DER_A1A26_eobs_4004__2023__southbound_01,Europa / DER A1A26 (eobs 4004),2023,1,7.022881,0,0.28462353975005755,0.6582446741276213,0,0.08797644
2023-10-30,Europa_DER_A1A26_eobs_4004__2023__southbound_01,Europa / DER A1A26 (eobs 4004),2023,1,7.022881,0,0.10552117025671534,0.6582446741276213,0,0.02798572
2023-10-31,Europa_DER_A1A26_eobs_4004__2023__southbound_01,Europa / DER A1A26 (eobs 4004),2023,1,7.022881,0,0.1598188581837077,0.6582446741276213,0,6.68133
2023-11-01,Europa_DER_A1A26_eobs_4004__2023__southbound_01,Europa / DER A1A26 (eobs 4004),2023,1,7.022881,0,0.3643922520698487,0.6582446741276213,0,6.7054505
2023-11-02,Europa_DER_A1A26_eobs_4004__2023__southbound_01,Europa / DER A1A26 (eobs 4004),2023,1,7.022881,0,0.10406865666015176,0.6582446741276213,0,0.02674193
2023-11-03,Europa_DER_A1A26_eobs_4004__2023__southbound_01,Europa / DER A1A26 (eobs 4004),2023,1,7.022881,0,0.10879704101566129,0.6582446741276213,0,0.048162032
2023-11-04,Europa_DER_A1A26_eobs_4004__2023__southbound_01,Europa / DER A1A26 (eobs 4004),2023,1,7.022881,0,0.20233042732065845,0.6582446741276213,0,0.052774444
2023-11-05,Europa_DER_A1A26_eobs_4004__2023__southbound_01,Europa / DER A1A26 (eobs 4004),2023,1,7.022881,0,0.12641903438269644,0.6582446741276213,0,0.06105275
2023-11-06,Europa_DER_A1A26_eobs_4004__2023__southbound_01,Europa / DER A1A26 (eobs 4004),2023,1,7.022881,0,0.2021818325618242,0.6582446741276213,0,0.064784974
2023-11-07,Europa_DER_A1A26_eobs_4004__2023__southbound_01,Europa / DER A1A26 (eobs 4004),2023,1,7.022881,0,0.091306663827304,0.6582446741276213,0,0.003922406
2023-11-08,Europa_DER_A1A26_eobs_4004__2023__southbound_01,Europa / DER A1A26 (eobs 4004),2023,1,7.022881,0,0.11843159428011071,0.6582446741276213,0,0.069742784
2023-11-09,Europa_DER_A1A26_eobs_4004__2023__southbound_01,Europa / DER A1A26 (eobs 4004),2023,1,7.022881,0,0.13791438381627633,0.6582446741276213,0,7.045593
2023-11-10,Europa_DER_A1A26_eobs_4004__2023__southbound_01,Europa / DER A1A26 (eobs 4004),2023,1,7.022881,0,0.12163586596731427,0.6582446741276213,0,7.1168957
2023-11-11,Europa_DER_A1A26_eobs_4004__2023__southbound_01,Europa / DER A1A26 (eobs 4004),2023,1,7.022881,1,0.12350858048462553,0.6582446741276213,0,16.226252
2023-11-12,Europa_DER_A1A26_eobs_4004__2023__southbound_01,Europa / DER A1A26 (eobs 4004),2023,1,7.022881,0,0.26681995001265973,0.6582446741276213,0,9.743647
