target_date,path_id,source_bird_id,current_lat,current_lon,target_lat,target_lon,pred_lat,pred_lon,error_km,target_step_km,true_fly_label,fly_probability,selected_fly_threshold,predicted_distance_km,gated_pred_lat,gated_pred_lon,gated_error_km
2019-10-04,Europa_DER_A1A26_eobs_4004__2019__southbound_01,Europa / DER A1A26 (eobs 4004),40.31553,-3.624319,40.31508,-3.6234944,40.277973,-3.66780326663824,5.58073624674103,0.08582349,0,0.71627015,0.76024395,5.5609627,40.31553,-3.624319076538086,0.0859904283490808
2019-10-04,Mirabell_plus_DER_AN910_eobs_3907__2019__southbound_01,Mirabell + / DER AN910 (eobs 3907),34.577053,-6.2751236,34.575954,-6.268496,34.556374,-6.2838607308966195,2.5922821027798806,0.6189888,0,0.26727468,0.76024395,2.43019,34.577053,-6.275123596191406,0.6189588030065318
2019-10-04,Muffine_DER_AN922_eobs_3921__2019__southbound_01,Muffine / DER AN922 (eobs 3921),41.657887,0.9380409,41.65894,0.9506842,41.645218,0.9008817993937674,4.410137883711946,1.056834,0,0.5498969,0.76024395,3.3872602,41.657887,0.9380409121513367,1.0568592675284134
2019-10-04,Sara_plus_DER_AU017_eobs_3941__2019__southbound_01,Sara + / DER AU017 (eobs 3941),41.67074,0.9411226,41.669487,0.6590449,41.66216,0.9128752688265837,21.100555835363323,23.430073,0,0.26586857,0.76024395,2.5282805,41.67074,0.9411225914955139,23.43007479098299
2019-10-04,Zozu_plus_DER_AL581_eobs2541__2019__southbound_01,Zozu + / DER AL581 (eobs2541),41.610508,0.6167896,41.610683,0.6169417,41.5962,0.599802744161264,2.150532451265777,0.023515446,0,0.16674049,0.76024395,2.123619,41.610508,0.6167895793914795,0.023251817113846815
2019-10-05,Angela_DER_AY470_eobs_4001__2019__southbound_01,Angela / DER AY470 (eobs 4001),40.31994,-3.590066,40.32024,-3.5903344,40.315086,-3.619956955405929,2.5760316182716094,0.040545892,0,0.3458355,0.76024395,2.5864375,40.31994,-3.5900659561157227,0.040508332418621736
2019-10-05,Europa_DER_A1A26_eobs_4004__2019__southbound_01,Europa / DER A1A26 (eobs 4004),40.31508,-3.6234944,40.318096,-3.6108007,40.306507,-3.628251454913048,1.9621248895043821,1.1271979,0,0.10621351,0.76024395,1.0331277,40.31508,-3.6234943866729736,1.1273084655608905
2019-10-05,Mirabell_plus_DER_AN910_eobs_3907__2019__southbound_01,Mirabell + / DER AN910 (eobs 3907),34.575954,-6.268496,34.57569,-6.270251,34.554893,-6.274422539918784,2.343941556264762,0.16327731,0,0.15082736,0.76024395,2.3996165,34.575954,-6.268496036529541,0.163301959949085
2019-10-05,Muffine_DER_AN922_eobs_3921__2019__southbound_01,Muffine / DER AN922 (eobs 3921),41.65894,0.9506842,41.6328,0.9337152,41.653275,0.9382781788632796,2.3079094249908154,3.230313,0,0.15392661,0.76024395,1.2057588,41.65894,0.9506841897964478,3.2304073991891213
2019-10-05,Sara_plus_DER_AU017_eobs_3941__2019__southbound_01,Sara + / DER AU017 (eobs 3941),41.669487,0.6590449,41.61342,0.6172626,41.59329,0.5443481608665073,6.462644387400804,7.135888,0,0.8477264,0.76024395,12.7273245,41.59329,0.5443481608665073,6.462644387400804
2019-10-05,Zozu_plus_DER_AL581_eobs2541__2019__southbound_01,Zozu + / DER AL581 (eobs2541),41.610683,0.6169417,41.61029,0.6167641,41.599773,0.5980193321517404,1.9484998916597116,0.04637831,0,0.15017845,0.76024395,1.9832228,41.610683,0.6169416904449463,0.04611664347408086
2019-10-06,Angela_DER_AY470_eobs_4001__2019__southbound_01,Angela / DER AY470 (eobs 4001),40.32024,-3.5903344,40.309612,-3.5993412,40.326256,-3.6248578358015022,2.846957124129702,1.4070065,0,0.5399673,0.76024395,2.9971104,40.32024,-3.590334415435791,1.407017342863722
2019-10-06,Europa_DER_A1A26_eobs_4004__2019__southbound_01,Europa / DER A1A26 (eobs 4004),40.318096,-3.6108007,40.318092,-3.6107912,40.311066,-3.6164018877142516,0.9147566123036214,0.00087278016,0,0.095266886,0.76024395,0.91317356,40.318096,-3.6108007431030273,0.0009130566327283859
2019-10-06,Mirabell_plus_DER_AN910_eobs_3907__2019__southbound_01,Mirabell + / DER AN910 (eobs 3907),34.57569,-6.270251,34.6548,-6.2701974,34.56313,-6.285227615191849,10.28575635707614,8.796428,0,0.09062137,0.76024395,1.9540341,34.57569,-6.2702507972717285,8.796554297575401
2019-10-06,Muffine_DER_AN922_eobs_3921__2019__southbound_01,Muffine / DER AN922 (eobs 3921),41.6328,0.9337152,41.645718,0.95446366,41.611477,0.8880762463361451,6.703880240913804,2.2440295,0,0.6361053,0.76024395,4.4653845,41.6328,0.9337152242660522,2.2440474109995425
2019-10-06,Sara_plus_DER_AU017_eobs_3941__2019__southbound_01,Sara + / DER AU017 (eobs 3941),41.61342,0.6172626,41.61643,0.61756337,41.60287,0.6130924399119725,1.5526698635938778,0.33524162,0,0.118436456,0.76024395,1.220865,41.61342,0.617262601852417,0.3356072112604862
2019-10-06,Zozu_plus_DER_AL581_eobs2541__2019__southbound_01,Zozu + / DER AL581 (eobs2541),41.61029,0.6167641,41.539074,0.61516553,41.5996,0.6013526292988371,6.827785167718722,7.920052,0,0.16997683,0.76024395,1.7444885,41.61029,0.6167641282081604,7.920050116639857
2019-10-07,Angela_DER_AY470_eobs_4001__2019__southbound_01,Angela / DER AY470 (eobs 4001),40.309612,-3.5993412,40.311607,-3.5891268,40.315483,-3.636776947358107,4.063076952263679,0.8940414,0,0.6242679,0.76024395,3.2350228,40.309612,-3.5993411540985107,0.894050416839266
2019-10-07,Europa_DER_A1A26_eobs_4004__2019__southbound_01,Europa / DER A1A26 (eobs 4004),40.318092,-3.6107912,40.31815,-3.610764,40.311745,-3.61498222754621,0.7969478128705473,0.0067579583,0,0.062993236,0.76024395,0.7887093,40.318092,-3.6107912063598633,0.0067670647470936705
2019-10-07,Mirabell_plus_DER_AN910_eobs_3907__2019__southbound_01,Mirabell + / DER AN910 (eobs 3907),34.6548,-6.2701974,34.573524,-6.270136,34.647175,-6.284712457047944,8.297495712478039,9.037176,0,0.051219776,0.76024395,1.5725455,34.6548,-6.27019739151001,9.037486415947772
2019-10-07,Muffine_DER_AN922_eobs_3921__2019__southbound_01,Muffine / DER AN922 (eobs 3921),41.645718,0.95446366,41.575005,0.61446726,41.639328,0.9401208343598574,28.004332467610524,29.339867,0,0.10675149,0.76024395,1.3851604,41.645718,0.9544636607170105,29.339880271817336
2019-10-07,Sara_plus_DER_AU017_eobs_3941__2019__southbound_01,Sara + / DER AU017 (eobs 3941),41.61643,0.61756337,41.793343,0.8094832,41.605125,0.6083500737058037,26.774307763828887,25.314695,0,0.08949086,0.76024395,1.4692982,41.61643,0.6175633668899536,25.314607982405285
2019-10-07,Zozu_plus_DER_AL581_eobs2541__2019__southbound_01,Zozu + / DER AL581 (eobs2541),41.539074,0.61516553,41.537872,0.6150104,41.52319,0.607934640851973,1.7356446270459354,0.13411836,0,0.17816532,0.76024395,1.862622,41.539074,0.6151655316352844,0.13423786067130242
2019-10-08,Angela_DER_AY470_eobs_4001__2019__southbound_01,Angela / DER AY470 (eobs 4001),40.311607,-3.5891268,40.319916,-3.599183,40.313095,-3.6109317963525536,1.2519731102317952,1.2571043,0,0.37557685,0.76024395,1.8529986,40.311607,-3.5891268253326416,1.2571676333638973
2019-10-08,Europa_DER_A1A26_eobs_4004__2019__southbound_01,Europa / DER A1A26 (eobs 4004),40.31815,-3.610764,40.30967,-3.610823,40.313023,-3.6176505582311806,0.6885975299146898,0.94295865,0,0.07920316,0.76024395,0.81459224,40.31815,-3.6107640266418457,0.9429555084556325
2019-10-08,Mirabell_plus_DER_AN910_eobs_3907__2019__southbound_01,Mirabell + / DER AN910 (eobs 3907),34.573524,-6.270136,34.62109,-6.270438,34.55417,-6.2922803384547095,7.7052610482330754,5.288877,0,0.19877957,0.76024395,2.951765,34.573524,-6.270135879516602,5.289117549298995
2019-10-08,Muffine_DER_AN922_eobs_3921__2019__southbound_01,Muffine / DER AN922 (eobs 3921),41.575005,0.61446726,41.541462,0.5643025,41.40192,0.3239234514182268,25.334940131552194,5.5975504,0,0.9149252,0.76024395,30.8412,41.40192,0.3239234514182268,25.334940131552194
2019-10-08,Sara_plus_DER_AU017_eobs_3941__2019__southbound_01,Sara + / DER AU017 (eobs 3941),41.793343,0.8094832,41.635834,0.6868267,41.778706,0.7932568997392064,18.178130659085376,20.25825,0,0.16083573,0.76024395,2.1077914,41.793343,0.8094831705093384,20.258300129024597
2019-10-08,Zozu_plus_DER_AL581_eobs2541__2019__southbound_01,Zozu + / DER AL581 (eobs2541),41.537872,0.6150104,41.61028,0.6166048,41.52249,0.605935094909192,9.801828981182892,8.052562,0,0.18365255,0.76024395,1.8662717,41.537872,0.6150103807449341,8.052368841675856
2019-10-09,Angela_DER_AY470_eobs_4001__2019__southbound_01,Angela / DER AY470 (eobs 4001),40.319916,-3.599183,40.314617,-3.624203,40.32776,-3.6348069343991813,1.7156721852810979,2.201492,0,0.65424526,0.76024395,3.1380875,40.319916,-3.5991830825805664,2.201570132793924
2019-10-09,Europa_DER_A1A26_eobs_4004__2019__southbound_01,Europa / DER A1A26 (eobs 4004),40.30967,-3.610823,40.263287,-3.6335907,40.299625,-3.622040078909089,4.157796592009957,5.507276,0,0.2996368,0.76024395,1.4645344,40.30967,-3.610822916030884,5.507258022540081
2019-10-09,Mirabell_plus_DER_AN910_eobs_3907__2019__southbound_01,Mirabell + / DER AN910 (eobs 3907),34.62109,-6.270438,34.5758,-6.267915,34.612404,-6.287121804582027,4.433463284297045,5.0408072,0,0.0751412,0.76024395,1.8033481,34.62109,-6.270438194274902,5.041106338296071
2019-10-09,Muffine_DER_AN922_eobs_3921__2019__southbound_01,Muffine / DER AN922 (eobs 3921),41.541462,0.5643025,41.537674,0.6149191,41.522484,0.5188362241657385,8.174490880093689,4.233782,0,0.5427428,0.76024395,4.324974,41.541462,0.5643025040626526,4.2337897309173025
2019-10-09,Sara_plus_DER_AU017_eobs_3941__2019__southbound_01,Sara + / DER AU017 (eobs 3941),41.635834,0.6868267,41.531277,0.4927269,41.532703,0.60204230461932,9.100692249180304,19.894474,0,0.8657365,0.76024395,13.4356365,41.532703,0.60204230461932,9.100692249180304
2019-10-09,Zozu_plus_DER_AL581_eobs2541__2019__southbound_01,Zozu + / DER AL581 (eobs2541),41.61028,0.6166048,41.5378,0.6153485,41.59729,0.5975909711137192,6.777971864873042,8.060258,0,0.18660577,0.76024395,2.137481,41.61028,0.6166048049926758,8.060013317294032
2019-10-10,Angela_DER_AY470_eobs_4001__2019__southbound_01,Angela / DER AY470 (eobs 4001),40.314617,-3.624203,40.184715,-3.6242607,40.323853,-3.7039772430545903,16.88572916171938,14.444453,0,0.8160961,0.76024395,6.8293066,40.323853,-3.7039772430545903,16.88572916171938
2019-10-10,Europa_DER_A1A26_eobs_4004__2019__southbound_01,Europa / DER A1A26 (eobs 4004),40.263287,-3.6335907,40.314453,-3.6328938,40.23748,-3.6579973233646674,8.81998769856751,5.69007,0,0.6566404,0.76024395,3.5326338,40.263287,-3.6335906982421875,5.689773951218071
2019-10-10,Mirabell_plus_DER_AN910_eobs_3907__2019__southbound_01,Mirabell + / DER AN910 (eobs 3907),34.5758,-6.267915,34.67511,-6.2699747,34.560318,-6.286983936015318,12.8588421800481,11.043925,0,0.15255621,0.76024395,2.4478521,34.5758,-6.267914772033691,11.044171087202507
2019-10-10,Sara_plus_DER_AU017_eobs_3941__2019__southbound_01,Sara + / DER AU017 (eobs 3941),41.531277,0.4927269,41.524155,0.43048176,41.498512,0.4836740469415874,5.267521271727119,5.2417607,0,0.5089777,0.76024395,3.7137778,41.531277,0.4927268922328949,5.241736407716416
2019-10-10,Zozu_plus_DER_AL581_eobs2541__2019__southbound_01,Zozu + / DER AL581 (eobs2541),41.5378,0.6153485,41.59592,0.616196,41.519768,0.6090448949740818,8.48869605965051,6.4632597,0,0.21151294,0.76024395,2.0690072,41.5378,0.6153485178947449,6.463123521136117
2019-10-11,Angela_DER_AY470_eobs_4001__2019__southbound_01,Angela / DER AY470 (eobs 4001),40.184715,-3.6242607,39.845528,-4.2743297,40.127426,-3.7205270310045986,56.645543352834856,66.98726,1,0.8558243,0.76024395,10.347937,40.127426,-3.7205270310045986,56.645543352834856
2019-10-11,Europa_DER_A1A26_eobs_4004__2019__southbound_01,Europa / DER A1A26 (eobs 4004),40.314453,-3.6328938,40.184998,-3.5705547,40.309532,-3.638933623336731,15.01453771880591,15.336437,0,0.13545255,0.76024395,0.7480258,40.314453,-3.6328938007354736,15.336272505616478
2019-10-11,Mirabell_plus_DER_AN910_eobs_3907__2019__southbound_01,Mirabell + / DER AN910 (eobs 3907),34.67511,-6.2699747,34.66516,-6.2728286,34.66522,-6.287854984672613,1.3742819289689827,1.1366909,0,0.08381676,0.76024395,1.9672391,34.67511,-6.269974708557129,1.1366198777504546
2019-10-11,Zozu_plus_DER_AL581_eobs2541__2019__southbound_01,Zozu + / DER AL581 (eobs2541),41.59592,0.616196,41.602955,0.6165084,41.58709,0.6016307140526087,2.1547326510643714,0.782733,0,0.1005092,0.76024395,1.5564904,41.59592,0.6161959767341614,0.7826111137941623
2019-10-12,Angela_DER_AY470_eobs_4001__2019__southbound_01,Angela / DER AY470 (eobs 4001),39.845528,-4.2743297,40.03709,-4.659628,39.51255,-4.6410977392042065,58.34775507366775,39.14986,1,0.95656693,0.76024395,48.40548,39.51255,-4.6410977392042065,58.34775507366775
2019-10-12,Europa_DER_A1A26_eobs_4004__2019__southbound_01,Europa / DER A1A26 (eobs 4004),40.184998,-3.5705547,40.263615,-3.624157,40.146797,-3.5931591270319845,13.253590341647573,9.855519,0,0.7185803,0.76024395,4.653336,40.184998,-3.570554733276367,9.855437525149734
2019-10-12,Mirabell_plus_DER_AN910_eobs_3907__2019__southbound_01,Mirabell + / DER AN910 (eobs 3907),34.66516,-6.2728286,34.677986,-6.2797837,34.649742,-6.2948829464758145,3.4307961098084587,1.5614245,0,0.1667605,0.76024395,2.6426733,34.66516,-6.272828578948975,1.5614910894960223
2019-10-12,Zozu_plus_DER_AL581_eobs2541__2019__southbound_01,Zozu + / DER AL581 (eobs2541),41.602955,0.6165084,41.59596,0.6161943,41.590252,0.6074261394886721,0.9666203575176258,0.77850914,0,0.07992203,0.76024395,1.599052,41.602955,0.616508424282074,0.7783763530223778
2019-10-13,Angela_DER_AY470_eobs_4001__2019__southbound_01,Angela / DER AY470 (eobs 4001),40.03709,-4.659628,39.9955,-4.648759,39.99412,-4.76580675227031,9.972113539586369,4.7163844,0,0.8291225,0.76024395,10.206622,39.99412,-4.76580675227031,9.972113539586369
2019-10-13,Europa_DER_A1A26_eobs_4004__2019__southbound_01,Europa / DER A1A26 (eobs 4004),40.263615,-3.624157,40.26136,-3.6350014,40.252663,-3.628536774527815,1.1118744359077684,0.9536689,0,0.16867207,0.76024395,1.2708533,40.263615,-3.624156951904297,0.9537121584702057
2019-10-13,Mirabell_plus_DER_AN910_eobs_3907__2019__southbound_01,Mirabell + / DER AN910 (eobs 3907),34.677986,-6.2797837,34.68023,-6.254367,34.67079,-6.296446257811103,3.988497334448973,2.3375192,0,0.06957719,0.76024395,1.7178429,34.677986,-6.279783725738525,2.3374982894591345
2019-10-13,Zozu_plus_DER_AL581_eobs2541__2019__southbound_01,Zozu + / DER AL581 (eobs2541),41.59596,0.6161943,41.61031,0.6166738,41.58732,0.6288542661969643,2.749830637463029,1.5960696,0,0.050018836,0.76024395,1.4227145,41.59596,0.6161943078041077,1.596246509880487
2019-10-14,Angela_DER_AY470_eobs_4001__2019__southbound_01,Angela / DER AY470 (eobs 4001),39.9955,-4.648759,39.84312,-4.2544575,39.92189,-4.660415898429692,35.72929511220989,37.65398,1,0.81553775,0.76024395,8.230528,39.92189,-4.660415898429692,35.72929511220989
2019-10-14,Europa_DER_A1A26_eobs_4004__2019__southbound_01,Europa / DER A1A26 (eobs 4004),40.26136,-3.6350014,40.25981,-3.6353517,40.238583,-3.670101985071961,3.7775660015879766,0.17484055,0,0.6428287,0.76024395,3.9029453,40.26136,-3.6350014209747314,0.1747607814522742
2019-10-14,Mirabell_plus_DER_AN910_eobs_3907__2019__southbound_01,Mirabell + / DER AN910 (eobs 3907),34.68023,-6.254367,34.67375,-6.256478,34.662125,-6.281057711214719,2.5932053552819996,0.74571836,0,0.24768735,0.76024395,3.1580827,34.68023,-6.254366874694824,0.7456690648709191
2019-10-14,Zozu_plus_DER_AL581_eobs2541__2019__southbound_01,Zozu + / DER AL581 (eobs2541),41.61031,0.6166738,41.537804,0.61668706,41.60015,0.6328694397578885,7.06222569360059,8.062116,0,0.08191448,0.76024395,1.7544018,41.61031,0.6166738271713257,8.062305105957373
2019-10-15,Angela_DER_AY470_eobs_4001__2019__southbound_01,Angela / DER AY470 (eobs 4001),39.84312,-4.2544575,39.85417,-4.2544293,39.81907,-4.2345725660803515,4.255585607732823,1.2291751,0,0.5193788,0.76024395,3.1622496,39.84312,-4.254457473754883,1.2288389690274697
2019-10-15,Europa_DER_A1A26_eobs_4004__2019__southbound_01,Europa / DER A1A26 (eobs 4004),40.25981,-3.6353517,40.31291,-3.5207975,40.251114,-3.6343826216502455,11.834259189056784,11.369806,0,0.05567893,0.76024395,0.96896976,40.25981,-3.6353516578674316,11.369831632452728
2019-10-15,Mirabell_plus_DER_AN910_eobs_3907__2019__southbound_01,Mirabell + / DER AN910 (eobs 3907),34.67375,-6.256478,34.669426,-6.2579274,34.660595,-6.263005144351827,1.086241042861532,0.49863538,0,0.042879194,0.76024395,1.5774341,34.67375,-6.2564778327941895,0.49894767646268723
2019-10-15,Zozu_plus_DER_AL581_eobs2541__2019__southbound_01,Zozu + / DER AL581 (eobs2541),41.537804,0.61668706,41.558517,0.6160806,41.53353,0.6406988629559737,3.452047993693533,2.3036532,0,0.16045853,0.76024395,2.05064,41.537804,0.6166870594024658,2.3038262265920055
2019-10-16,Angela_DER_AY470_eobs_4001__2019__southbound_01,Angela / DER AY470 (eobs 4001),39.85417,-4.2544293,39.854153,-4.253787,39.84229,-4.251548177848325,1.3329600834399435,0.054859973,0,0.085838936,0.76024395,1.3414595,39.85417,-4.254429340362549,0.054869004308260416
2019-10-16,Europa_DER_A1A26_eobs_4004__2019__southbound_01,Europa / DER A1A26 (eobs 4004),40.31291,-3.5207975,40.31289,-3.5173554,40.30441,-3.5272040686665442,1.2595798407650967,0.2918607,0,0.05741869,0.76024395,1.0880438,40.31291,-3.5207974910736084,0.2918548201030242
2019-10-16,Mirabell_plus_DER_AN910_eobs_3907__2019__southbound_01,Mirabell + / DER AN910 (eobs 3907),34.669426,-6.2579274,34.675194,-6.259014,34.656025,-6.267296066941668,2.2620622081175763,0.64897716,0,0.08166062,0.76024395,1.7157884,34.669426,-6.257927417755127,0.6490072258882527
2019-10-16,Zozu_plus_DER_AL581_eobs2541__2019__southbound_01,Zozu + / DER AL581 (eobs2541),41.558517,0.6160806,41.540104,0.61511344,41.545322,0.6240925291480977,0.9461256771733481,2.0489552,0,0.063017175,0.76024395,1.6088719,41.558517,0.6160805821418762,2.049076659109197
2019-10-17,Angela_DER_AY470_eobs_4001__2019__southbound_01,Angela / DER AY470 (eobs 4001),39.854153,-4.253787,39.855946,-4.2355037,39.84015,-4.257218004895141,2.55376180280771,1.573323,0,0.062423814,0.76024395,1.5815322,39.854153,-4.253787040710449,1.5733668823086293
2019-10-17,Europa_DER_A1A26_eobs_4004__2019__southbound_01,Europa / DER A1A26 (eobs 4004),40.31289,-3.5173554,40.30084,-3.5243456,40.304653,-3.526883140919475,0.47563554387833196,1.4650244,0,0.07388983,0.76024395,1.2190541,40.31289,-3.517355442047119,1.4652185778331464
2019-10-17,Mirabell_plus_DER_AN910_eobs_3907__2019__southbound_01,Mirabell + / DER AN910 (eobs 3907),34.675194,-6.259014,34.66244,-6.258865,34.668964,-6.273121440653605,1.4920279442486728,1.418014,0,0.07819797,0.76024395,1.461694,34.675194,-6.259014129638672,1.4180846157989997
2019-10-17,Zozu_plus_DER_AL581_eobs2541__2019__southbound_01,Zozu + / DER AL581 (eobs2541),41.540104,0.61511344,41.537834,0.61512095,41.52921,0.5971572855194467,1.7763862911152069,0.2524692,0,0.18401729,0.76024395,1.9203861,41.540104,0.6151134371757507,0.25238523731703777
2019-10-18,Angela_DER_AY470_eobs_4001__2019__southbound_01,Angela / DER AY470 (eobs 4001),39.855946,-4.2355037,39.856808,-4.2536893,39.843433,-4.236823827132177,2.06991237999338,1.5552604,0,0.03932861,0.76024395,1.3933342,39.855946,-4.235503673553467,1.5552681270289426
2019-10-18,Europa_DER_A1A26_eobs_4004__2019__southbound_01,Europa / DER A1A26 (eobs 4004),40.30084,-3.5243456,40.311436,-3.5242994,40.288864,-3.5324718541395135,2.6037798784858595,1.1784297,0,0.14299598,0.76024395,1.4965539,40.30084,-3.524345636367798,1.1783662567122724
2019-10-18,Mirabell_plus_DER_AN910_eobs_3907__2019__southbound_01,Mirabell + / DER AN910 (eobs 3907),34.66244,-6.258865,34.66693,-6.2491794,34.653706,-6.274310769598373,2.7287640991219817,1.0166361,0,0.13652857,0.76024395,1.7113417,34.66244,-6.258864879608154,1.016817507427794
2019-10-18,Zozu_plus_DER_AL581_eobs2541__2019__southbound_01,Zozu + / DER AL581 (eobs2541),41.537834,0.61512095,41.537945,0.6150522,41.528736,0.6060334045434427,1.2696642930718363,0.013579352,0,0.05191915,0.76024395,1.261057,41.537834,0.6151209473609924,0.013565963952596847
2019-10-19,Angela_DER_AY470_eobs_4001__2019__southbound_01,Angela / DER AY470 (eobs 4001),39.856808,-4.2536893,39.85583,-4.240588,39.852688,-4.266788098200495,2.2636213457754786,1.1235834,0,0.031518858,0.76024395,1.2061912,39.856808,-4.253689289093018,1.1235610771386053
2019-10-19,Europa_DER_A1A26_eobs_4004__2019__southbound_01,Europa / DER A1A26 (eobs 4004),40.311436,-3.5242994,40.298965,-3.5981193,40.304764,-3.5329868367860584,5.560903617401402,6.4115763,0,0.04594177,0.76024395,1.0437762,40.311436,-3.524299383163452,6.4115491730242455
2019-10-19,Mirabell_plus_DER_AN910_eobs_3907__2019__southbound_01,Mirabell + / DER AN910 (eobs 3907),34.66693,-6.2491794,34.67161,-6.257074,34.656578,-6.266664593945107,1.8878264297890714,0.8901679,0,0.14364757,0.76024395,1.9668306,34.66693,-6.249179363250732,0.8900142293735837
2019-10-19,Zozu_plus_DER_AL581_eobs2541__2019__southbound_01,Zozu + / DER AL581 (eobs2541),41.537945,0.6150522,41.610313,0.61666137,41.530956,0.5981277404946265,8.957807496214535,8.048279,0,0.091766104,0.76024395,1.6060183,41.537945,0.6150522232055664,8.048147935518614
2019-10-20,Angela_DER_AY470_eobs_4001__2019__southbound_01,Angela / DER AY470 (eobs 4001),39.85583,-4.240588,39.85592,-4.23022,39.849327,-4.247165388651623,1.6216433450646628,0.88508564,0,0.024629582,0.76024395,0.913985,39.85583,-4.240588188171387,0.8850947989168708
2019-10-20,Europa_DER_A1A26_eobs_4004__2019__southbound_01,Europa / DER A1A26 (eobs 4004),40.298965,-3.5981193,40.26033,-3.6356018,40.285156,-3.612499716380821,3.3855556281573795,5.3448567,0,0.26859078,0.76024395,1.957558,40.298965,-3.5981192588806152,5.344743228678833
2019-10-20,Mirabell_plus_DER_AN910_eobs_3907__2019__southbound_01,Mirabell + / DER AN910 (eobs 3907),34.67161,-6.257074,34.662838,-6.260412,34.665478,-6.273990642863593,1.2760735442186184,1.0225567,0,0.09008203,0.76024395,1.6876961,34.67161,-6.257073879241943,1.0222595767024236
2019-10-20,Zozu_plus_DER_AL581_eobs2541__2019__southbound_01,Zozu + / DER AL581 (eobs2541),41.610313,0.61666137,41.578003,0.6163237,41.606792,0.5997880461969188,3.484105916676601,3.592945,0,0.07374347,0.76024395,1.4538902,41.610313,0.6166613698005676,3.5928767921614897
2019-10-21,Angela_DER_AY470_eobs_4001__2019__southbound_01,Angela / DER AY470 (eobs 4001),39.85592,-4.23022,39.848244,-4.326322,39.84623,-4.232709379046739,7.994913168042819,8.248008,0,0.06295223,0.76024395,1.0963928,39.85592,-4.230219841003418,8.248002626214129
2019-10-21,Europa_DER_A1A26_eobs_4004__2019__southbound_01,Europa / DER A1A26 (eobs 4004),40.26033,-3.6356018,40.260414,-3.635485,40.24495,-3.638039905638396,1.7332236824096208,0.013717553,0,0.23166633,0.76024395,1.7199308,40.26033,-3.635601758956909,0.013614490606888912
2019-10-21,Mirabell_plus_DER_AN910_eobs_3907__2019__southbound_01,Mirabell + / DER AN910 (eobs 3907),34.662838,-6.260412,34.665943,-6.2579665,34.650066,-6.275313632909564,2.3736384574610727,0.4117195,0,0.1291685,0.76024395,1.9647238,34.662838,-6.260412216186523,0.41139922743344437
2019-10-21,Zozu_plus_DER_AL581_eobs2541__2019__southbound_01,Zozu + / DER AL581 (eobs2541),41.578003,0.6163237,41.59601,0.6161503,41.566257,0.6097523036852646,3.3506744424214547,2.0021973,0,0.07814976,0.76024395,1.4134588,41.578003,0.616323709487915,2.0021606158843483
2019-10-22,Angela_DER_AY470_eobs_4001__2019__southbound_01,Angela / DER AY470 (eobs 4001),39.848244,-4.326322,39.954094,-5.613264,39.798954,-4.461766020641047,99.76418817985102,110.40884,1,0.8694669,0.76024395,12.773425,39.798954,-4.461766020641047,99.76418817985102
2019-10-22,Europa_DER_A1A26_eobs_4004__2019__southbound_01,Europa / DER A1A26 (eobs 4004),40.260414,-3.635485,40.263466,-3.632651,40.253548,-3.644108727820513,1.4702326101450338,0.41601527,0,0.1038267,0.76024395,1.0558085,40.260414,-3.6354849338531494,0.4158997770675297
2019-10-22,Mirabell_plus_DER_AN910_eobs_3907__2019__southbound_01,Mirabell + / DER AN910 (eobs 3907),34.665943,-6.2579665,34.691273,-6.204316,34.657223,-6.272839868906299,7.321302073159486,5.656851,0,0.098814845,0.76024395,1.6675216,34.665943,-6.2579665184021,5.656911796429574
2019-10-22,Zozu_plus_DER_AL581_eobs2541__2019__southbound_01,Zozu + / DER AL581 (eobs2541),41.59601,0.6161503,41.61064,0.61687756,41.594215,0.6004646260002604,2.2800284535445776,1.6282575,0,0.058424704,0.76024395,1.3172171,41.59601,0.6161503195762634,1.628260641901336
2019-10-23,Angela_DER_AY470_eobs_4001__2019__southbound_01,Angela / DER AY470 (eobs 4001),39.954094,-5.613264,39.1135,-5.755673,39.590096,-5.961960443178885,55.884709828899155,94.26441,1,0.9600997,0.76024395,50.127625,39.590096,-5.961960443178885,55.884709828899155
2019-10-23,Europa_DER_A1A26_eobs_4004__2019__southbound_01,Europa / DER A1A26 (eobs 4004),40.263466,-3.632651,40.2248,-3.6572292,40.25683,-3.636786503091662,3.9615892585773413,4.7788897,0,0.04731738,0.76024395,0.81581485,40.263466,-3.6326510906219482,4.778795888380285
2019-10-23,Mirabell_plus_DER_AN910_eobs_3907__2019__southbound_01,Mirabell + / DER AN910 (eobs 3907),34.691273,-6.204316,34.694874,-6.2029552,34.680527,-6.215661782746267,1.9735249358697005,0.4193376,0,0.078351475,0.76024395,1.5795463,34.691273,-6.204316139221191,0.4193067699389851
2019-10-23,Zozu_plus_DER_AL581_eobs2541__2019__southbound_01,Zozu + / DER AL581 (eobs2541),41.61064,0.61687756,41.600063,0.6174505,41.60947,0.6015979477866776,1.6826892508269633,1.1773801,0,0.05466911,0.76024395,1.274729,41.61064,0.616877555847168,1.1772030180365716
2019-10-24,Angela_DER_AY470_eobs_4001__2019__southbound_01,Angela / DER AY470 (eobs 4001),39.1135,-5.755673,38.948307,-5.709458,38.88227,-5.745839111497968,7.989108287586942,18.797144,0,0.9246282,0.76024395,25.680168,38.88227,-5.745839111497968,7.989108287586942
2019-10-24,Europa_DER_A1A26_eobs_4004__2019__southbound_01,Europa / DER A1A26 (eobs 4004),40.2248,-3.6572292,40.23464,-3.645399,40.214706,-3.6605391541972914,2.562083406782746,1.4851036,0,0.15902653,0.76024395,1.1549319,40.2248,-3.65722918510437,1.4850350727011252
2019-10-24,Mirabell_plus_DER_AN910_eobs_3907__2019__southbound_01,Mirabell + / DER AN910 (eobs 3907),34.694874,-6.2029552,34.68872,-6.2207265,34.68636,-6.212018211414812,0.8383918836829394,1.7630408,0,0.041622188,0.76024395,1.2559412,34.694874,-6.20295524597168,1.7629607606402
2019-10-24,Zozu_plus_DER_AL581_eobs2541__2019__southbound_01,Zozu + / DER AL581 (eobs2541),41.600063,0.6174505,41.609962,0.6165721,41.602524,0.6328192174818525,1.5839633344093027,1.1032622,0,0.09967364,0.76024395,1.3046194,41.600063,0.617450475692749,1.1031558520552889
2019-10-25,Angela_DER_AY470_eobs_4001__2019__southbound_01,Angela / DER AY470 (eobs 4001),38.948307,-5.709458,38.94723,-5.709857,38.79182,-5.676970825270414,17.513875001693286,0.12478739,0,0.91040367,0.76024395,17.59479,38.79182,-5.676970825270414,17.513875001693286
2019-10-25,Europa_DER_A1A26_eobs_4004__2019__southbound_01,Europa / DER A1A26 (eobs 4004),40.23464,-3.645399,40.23668,-3.6507943,40.23114,-3.654772933226345,0.7024279457659528,0.51113087,0,0.0692977,0.76024395,0.8841996,40.23464,-3.6453990936279297,0.5111147359609965
2019-10-25,Mirabell_plus_DER_AN910_eobs_3907__2019__southbound_01,Mirabell + / DER AN910 (eobs 3907),34.68872,-6.2207265,34.257607,-6.580606,34.676,-6.247579469759736,55.64612723255613,58.192104,1,0.2830356,0.76024395,2.8285828,34.68872,-6.220726490020752,58.19214766262983
2019-10-25,Zozu_plus_DER_AL581_eobs2541__2019__southbound_01,Zozu + / DER AL581 (eobs2541),41.609962,0.6165721,41.610275,0.6163587,41.613407,0.6031758201093025,1.1499725042974358,0.039184153,0,0.051749177,0.76024395,1.1757232,41.609962,0.6165720820426941,0.03904534717231544
2019-10-26,Angela_DER_AY470_eobs_4001__2019__southbound_01,Angela / DER AY470 (eobs 4001),38.94723,-5.709857,38.947388,-5.7097907,38.899433,-5.6947798755601005,5.488151044344485,0.018385515,0,0.73416734,0.76024395,5.4629455,38.94723,-5.709856986999512,0.018311419609060648
2019-10-26,Europa_DER_A1A26_eobs_4004__2019__southbound_01,Europa / DER A1A26 (eobs 4004),40.23668,-3.6507943,40.234173,-3.6368718,40.236,-3.6680462963558433,2.654077850606817,1.214238,0,0.3642458,0.76024395,1.4638045,40.23668,-3.650794267654419,1.2142343394351238
2019-10-26,Zozu_plus_DER_AL581_eobs2541__2019__southbound_01,Zozu + / DER AL581 (eobs2541),41.610275,0.6163587,41.610584,0.61681426,41.610813,0.5997754064347982,1.4167990383109748,0.051043432,0,0.10964487,0.76024395,1.3775733,41.610275,0.6163586974143982,0.05113652135747013
2019-10-27,Angela_DER_AY470_eobs_4001__2019__southbound_01,Angela / DER AY470 (eobs 4001),38.947388,-5.7097907,38.942554,-5.709756,38.93419,-5.701465320167874,1.174507402914874,0.53734195,0,0.19744293,0.76024395,1.6318016,38.947388,-5.7097907066345215,0.5374388763579967
2019-10-27,Europa_DER_A1A26_eobs_4004__2019__southbound_01,Europa / DER A1A26 (eobs 4004),40.234173,-3.6368718,40.236473,-3.6445563,40.236225,-3.6464571905613843,0.16369672731870047,0.7005358,0,0.13980642,0.76024395,0.8435495,40.234173,-3.636871814727783,0.7006594106653531
2019-10-27,Zozu_plus_DER_AL581_eobs2541__2019__southbound_01,Zozu + / DER AL581 (eobs2541),41.610584,0.61681426,41.610622,0.6168569,41.61322,0.6021407856004516,1.2570772473724572,0.0054355734,0,0.06407585,0.76024395,1.2524306,41.610584,0.6168142557144165,0.005526854752366589
2019-10-28,Angela_DER_AY470_eobs_4001__2019__southbound_01,Angela / DER AY470 (eobs 4001),38.942554,-5.709756,38.942482,-5.709736,38.927784,-5.69826566304934,1.9119008661258077,0.008187163,0,0.24374028,0.76024395,1.9163449,38.942554,-5.709755897521973,0.008243353994465588
2019-10-28,Europa_DER_A1A26_eobs_4004__2019__southbound_01,Europa / DER A1A26 (eobs 4004),40.236473,-3.6445563,40.228268,-3.6555796,40.240406,-3.6553490866470595,1.3498684520247572,1.3069922,0,0.25804073,0.76024395,1.0134257,40.236473,-3.6445562839508057,1.3069550610770908
2019-10-28,Zozu_plus_DER_AL581_eobs2541__2019__southbound_01,Zozu + / DER AL581 (eobs2541),41.610622,0.6168569,41.610577,0.6168313,41.621025,0.6125517621584691,1.215066143053791,0.0053967065,0,0.056974877,0.76024395,1.2088182,41.610622,0.6168568730354309,0.0055162030033955
2019-10-29,Angela_DER_AY470_eobs_4001__2019__southbound_01,Angela / DER AY470 (eobs 4001),38.942482,-5.709736,38.947273,-5.709876,38.934845,-5.69843775604684,1.6995479740273014,0.5328847,0,0.057520736,0.76024395,1.292279,38.942482,-5.709735870361328,0.5329024462690604
2019-10-29,Europa_DER_A1A26_eobs_4004__2019__southbound_01,Europa / DER A1A26 (eobs 4004),40.228268,-3.6555796,40.228695,-3.6531482,40.23581,-3.661373009129228,1.0551353719532397,0.21183082,0,0.2329276,0.76024395,0.9705504,40.228268,-3.6555795669555664,0.21180889921148752
2019-10-29,Zozu_plus_DER_AL581_eobs2541__2019__southbound_01,Zozu + / DER AL581 (eobs2541),41.610577,0.6168313,41.610184,0.6169072,41.61796,0.6275821651995013,1.2391949226190508,0.044130895,0,0.09141063,0.76024395,1.2116654,41.610577,0.6168313026428223,0.04414314622197504
2019-10-30,Angela_DER_AY470_eobs_4001__2019__southbound_01,Angela / DER AY470 (eobs 4001),38.947273,-5.709876,38.94756,-5.709815,38.937748,-5.719595793952527,1.380493627443467,0.03239612,0,0.047629613,0.76024395,1.3498514,38.947273,-5.70987606048584,0.032248064314166186
2019-10-30,Europa_DER_A1A26_eobs_4004__2019__southbound_01,Europa / DER A1A26 (eobs 4004),40.228695,-3.6531482,40.263042,-3.633526,40.235077,-3.652657009125836,3.5079832924460153,4.166494,0,0.07428875,0.76024395,0.7098096,40.228695,-3.6531481742858887,4.166578412929829
2019-10-30,Zozu_plus_DER_AL581_eobs2541__2019__southbound_01,Zozu + / DER AL581 (eobs2541),41.610184,0.6169072,41.610344,0.6167396,41.615444,0.6246682722328786,0.8695451480462745,0.02265962,0,0.03770473,0.76024395,0.86933637,41.610184,0.6169071793556213,0.022617740629212735
2019-10-31,Angela_DER_AY470_eobs_4001__2019__southbound_01,Angela / DER AY470 (eobs 4001),38.94756,-5.709815,38.9477,-5.709777,38.942577,-5.7238545385810635,1.344147559697394,0.015940262,0,0.0464624,0.76024395,1.3322357,38.94756,-5.70981502532959,0.01603745488717881
2019-10-31,Europa_DER_A1A26_eobs_4004__2019__southbound_01,Europa / DER A1A26 (eobs 4004),40.263042,-3.633526,40.221237,-3.609409,40.267235,-3.6400293587785604,5.737115119425013,5.0793185,0,0.042987507,0.76024395,0.72118497,40.263042,-3.633526086807251,5.07928119224625
2019-10-31,Zozu_plus_DER_AL581_eobs2541__2019__southbound_01,Zozu + / DER AL581 (eobs2541),41.610344,0.6167396,41.61039,0.61670965,41.613228,0.6052142220924132,1.006445266364067,0.00549471,0,0.0573278,0.76024395,1.0086821,41.610344,0.6167395710945129,0.005665460145022863
2019-11-01,Angela_DER_AY470_eobs_4001__2019__southbound_01,Angela / DER AY470 (eobs 4001),38.9477,-5.709777,38.94789,-5.7095823,38.942127,-5.723036513406099,1.3283917463559944,0.027114842,0,0.039337017,0.76024395,1.3011045,38.9477,-5.709776878356934,0.027071597191728303
2019-11-01,Europa_DER_A1A26_eobs_4004__2019__southbound_01,Europa / DER A1A26 (eobs 4004),40.221237,-3.609409,40.263092,-3.6334133,40.21738,-3.6188636663457587,5.230773248638317,5.0808387,0,0.07262882,0.76024395,0.9085421,40.221237,-3.6094090938568115,5.080481898537899
2019-11-01,Zozu_plus_DER_AL581_eobs2541__2019__southbound_01,Zozu + / DER AL581 (eobs2541),41.61039,0.61670965,41.61056,0.6166181,41.610867,0.6035491615059406,1.0870505131179962,0.020817084,0,0.045700092,0.76024395,1.093503,41.61039,0.6167096495628357,0.02054952577359191
2019-11-02,Angela_DER_AY470_eobs_4001__2019__southbound_01,Angela / DER AY470 (eobs 4001),38.94789,-5.7095823,38.947777,-5.709546,38.939217,-5.717529137512132,1.1758725577515003,0.013295717,0,0.02641765,0.76024395,1.182262,38.94789,-5.709582328796387,0.013105496940964342
2019-11-02,Europa_DER_A1A26_eobs_4004__2019__southbound_01,Europa / DER A1A26 (eobs 4004),40.263092,-3.6334133,40.26441,-3.6322372,40.260635,-3.643458466719284,1.0404674816231276,0.17686382,0,0.047217395,0.76024395,0.89348227,40.263092,-3.633413314819336,0.17712833818385082
2019-11-02,Zozu_plus_DER_AL581_eobs2541__2019__southbound_01,Zozu + / DER AL581 (eobs2541),41.61056,0.6166181,41.610626,0.6168728,41.61138,0.601815515818634,1.254634982464122,0.022258906,0,0.059293397,0.76024395,1.231849,41.61056,0.6166180968284607,0.022368606374797022
2019-11-03,Angela_DER_AY470_eobs_4001__2019__southbound_01,Angela / DER AY470 (eobs 4001),38.947777,-5.709546,38.947834,-5.7096148,38.93776,-5.709216369564728,1.1207773828996506,0.008610472,0,0.027309181,0.76024395,1.1122785,38.947777,-5.709546089172363,0.008703048433532777
2019-11-03,Europa_DER_A1A26_eobs_4004__2019__southbound_01,Europa / DER A1A26 (eobs 4004),40.26441,-3.6322372,40.26531,-3.5684195,40.259644,-3.6408244002795187,6.175914441530811,5.4158177,0,0.032085583,0.76024395,0.8992964,40.26441,-3.632237195968628,5.415800431987503
2019-11-03,Zozu_plus_DER_AL581_eobs2541__2019__southbound_01,Zozu + / DER AL581 (eobs2541),41.610626,0.6168728,41.6106,0.6168585,41.6118,0.6033156793721643,1.1338090585569613,0.0031877782,0,0.030662512,0.76024395,1.1326615,41.610626,0.6168727874755859,0.003198553564588659
2019-11-04,Angela_DER_AY470_eobs_4001__2019__southbound_01,Angela / DER AY470 (eobs 4001),38.947834,-5.7096148,38.948036,-5.7095118,38.939335,-5.710860379434942,0.9745489802245992,0.02447394,0,0.016812306,0.76024395,0.9495703,38.947834,-5.7096147537231445,0.024181473694744188
2019-11-04,Europa_DER_A1A26_eobs_4004__2019__southbound_01,Europa / DER A1A26 (eobs 4004),40.26531,-3.5684195,40.320454,-3.5903769,40.25936,-3.57737970611183,6.882037458976177,6.4083366,0,0.05273785,0.76024395,1.0057168,40.26531,-3.5684194564819336,6.408440508364736
2019-11-04,Zozu_plus_DER_AL581_eobs2541__2019__southbound_01,Zozu + / DER AL581 (eobs2541),41.6106,0.6168585,41.610603,0.6167747,41.60319,0.6062817387564348,1.2001502701919726,0.0069865226,0,0.050883804,0.76024395,1.2027286,41.6106,0.6168584823608398,0.0069801918326630975
2019-11-05,Angela_DER_AY470_eobs_4001__2019__southbound_01,Angela / DER AY470 (eobs 4001),38.948036,-5.7095118,38.94779,-5.7095337,38.940533,-5.708772915270444,0.8094602882792044,0.027828755,0,0.012562063,0.76024395,0.8351856,38.948036,-5.709511756896973,0.027636585151302136
2019-11-05,Europa_DER_A1A26_eobs_4004__2019__southbound_01,Europa / DER A1A26 (eobs 4004),40.320454,-3.5903769,40.32094,-3.590476,40.31364,-3.5984113648659233,1.0540800046379446,0.054744285,0,0.042243566,0.76024395,1.0169297,40.320454,-3.590376853942871,0.054522589823898675
2019-11-05,Zozu_plus_DER_AL581_eobs2541__2019__southbound_01,Zozu + / DER AL581 (eobs2541),41.610603,0.6167747,41.57751,0.61590147,41.604607,0.6009059629957285,3.2608078347624687,3.6802006,0,0.10183797,0.76024395,1.475558,41.610603,0.6167746782302856,3.680439477121902
2019-11-06,Angela_DER_AY470_eobs_4001__2019__southbound_01,Angela / DER AY470 (eobs 4001),38.94779,-5.7095337,38.94776,-5.709565,38.939774,-5.706527771266546,0.9262527494332407,0.0040704077,0,0.029358363,0.76024395,0.926645,38.94779,-5.70953369140625,0.004027823793762279
2019-11-06,Europa_DER_A1A26_eobs_4004__2019__southbound_01,Europa / DER A1A26 (eobs 4004),40.32094,-3.590476,40.32161,-3.590948,40.31649,-3.6018694621211185,1.0869101990145327,0.08465342,0,0.05975856,0.76024395,1.0832464,40.32094,-3.5904760360717773,0.08470565534935276
2019-11-06,Zozu_plus_DER_AL581_eobs2541__2019__southbound_01,Zozu + / DER AL581 (eobs2541),41.57751,0.61590147,41.59604,0.6166428,41.567665,0.6081341547219847,3.2334163636788356,2.0610116,0,0.054646775,0.76024395,1.2689462,41.57751,0.6159014701843262,2.0611430280469354
2019-11-07,Angela_DER_AY470_eobs_4001__2019__southbound_01,Angela / DER AY470 (eobs 4001),38.94776,-5.709565,38.947758,-5.709442,38.9392,-5.7097532156530315,0.9518060889800519,0.010640212,0,0.023417404,0.76024395,0.95014566,38.94776,-5.709565162658691,0.010647391624370083
2019-11-07,Europa_DER_A1A26_eobs_4004__2019__southbound_01,Europa / DER A1A26 (eobs 4004),40.32161,-3.590948,40.320667,-3.5899677,40.31884,-3.6038755958669535,1.1964889338670046,0.1336772,0,0.08241615,0.76024395,1.1364069,40.32161,-3.5909481048583984,0.133735242270615
2019-11-07,Zozu_plus_DER_AL581_eobs2541__2019__southbound_01,Zozu + / DER AL581 (eobs2541),41.59604,0.6166428,41.595917,0.6163382,41.587364,0.604521608825913,1.3675126531645125,0.02868119,0,0.054730725,0.76024395,1.3926111,41.59604,0.6166427731513977,0.028735728986298722
2019-11-08,Angela_DER_AY470_eobs_4001__2019__southbound_01,Angela / DER AY470 (eobs 4001),38.947758,-5.709442,38.94775,-5.7092333,38.940342,-5.704879502245447,0.9057240738848501,0.018063597,0,0.018125191,0.76024395,0.9125432,38.947758,-5.709442138671875,0.01808136873122169
2019-11-08,Europa_DER_A1A26_eobs_4004__2019__southbound_01,Europa / DER A1A26 (eobs 4004),40.320667,-3.5899677,40.314827,-3.591249,40.314213,-3.5988492317046723,0.6480084121534679,0.6585893,0,0.067951985,0.76024395,1.0383952,40.320667,-3.589967727661133,0.6584354120727913
2019-11-08,Zozu_plus_DER_AL581_eobs2541__2019__southbound_01,Zozu + / DER AL581 (eobs2541),41.595917,0.6163382,41.56829,0.6148403,41.58341,0.5997022451093356,2.1003414717754887,3.0746284,0,0.17235354,0.76024395,1.9581416,41.595917,0.6163381934165955,3.07440476828048
2019-11-09,Angela_DER_AY470_eobs_4001__2019__southbound_01,Angela / DER AY470 (eobs 4001),38.94775,-5.7092333,38.94493,-5.7046394,38.939445,-5.704753927739467,0.610044834844426,0.5061008,0,0.01846943,0.76024395,0.99964994,38.94775,-5.709233283996582,0.5060535257320842
2019-11-09,Europa_DER_A1A26_eobs_4004__2019__southbound_01,Europa / DER A1A26 (eobs 4004),40.314827,-3.591249,40.320316,-3.5903153,40.307255,-3.6011682272569403,1.7193459131019093,0.6153253,0,0.1220911,0.76024395,1.1879299,40.314827,-3.5912489891052246,0.6154999404518676
2019-11-09,Zozu_plus_DER_AL581_eobs2541__2019__southbound_01,Zozu + / DER AL581 (eobs2541),41.56829,0.6148403,41.61059,0.6168529,41.555695,0.617239071296663,6.104395115539334,4.706623,0,0.067910634,0.76024395,1.4124635,41.56829,0.6148403286933899,4.706659819742514
2019-11-10,Angela_DER_AY470_eobs_4001__2019__southbound_01,Angela / DER AY470 (eobs 4001),38.94493,-5.7046394,38.94554,-5.7010317,38.935925,-5.70028660938913,1.0712864283430417,0.31925437,0,0.016066222,0.76024395,1.0678763,38.94493,-5.704639434814453,0.319300305378738
2019-11-10,Europa_DER_A1A26_eobs_4004__2019__southbound_01,Europa / DER A1A26 (eobs 4004),40.320316,-3.5903153,40.30106,-3.5429425,40.3166,-3.600832347742747,5.204004379317474,4.5518446,0,0.03976407,0.76024395,0.9809442,40.320316,-3.590315341949463,4.5518897173751505
2019-11-10,Zozu_plus_DER_AL581_eobs2541__2019__southbound_01,Zozu + / DER AL581 (eobs2541),41.61059,0.6168529,41.537857,0.6144059,41.59841,0.6108462979844378,6.739871643400865,8.09023,0,0.057619177,0.76024395,1.4408765,41.61059,0.616852879524231,8.090316690151838
2019-11-11,Angela_DER_AY470_eobs_4001__2019__southbound_01,Angela / DER AY470 (eobs 4001),38.94554,-5.7010317,38.94428,-5.7045703,38.936665,-5.696047424110983,1.1225736635331576,0.33657038,0,0.014528319,0.76024395,1.0752339,38.94554,-5.701031684875488,0.33669681071662527
2019-11-11,Europa_DER_A1A26_eobs_4004__2019__southbound_01,Europa / DER A1A26 (eobs 4004),40.30106,-3.5429425,40.301174,-3.5220733,40.29422,-3.552013536124123,2.654304683286285,1.7698361,0,0.054415353,0.76024395,1.0799098,40.30106,-3.542942523956299,1.7698329534332018
2019-11-11,Zozu_plus_DER_AL581_eobs2541__2019__southbound_01,Zozu + / DER AL581 (eobs2541),41.537857,0.6144059,41.537548,0.6133583,41.51933,0.613085791677937,2.0259895339526954,0.09364996,0,0.18792528,0.76024395,2.0596855,41.537857,0.6144058704376221,0.09371496618825412
2019-11-12,Angela_DER_AY470_eobs_4001__2019__southbound_01,Angela / DER AY470 (eobs 4001),38.94428,-5.7045703,38.945267,-5.7049747,38.935524,-5.705550171285132,1.0844872868271798,0.11512898,0,0.011183814,0.76024395,0.97554463,38.94428,-5.704570293426514,0.11529279177058903
2019-11-12,Europa_DER_A1A26_eobs_4004__2019__southbound_01,Europa / DER A1A26 (eobs 4004),40.301174,-3.5220733,40.32065,-3.590955,40.29667,-3.532105839373866,5.657759553643333,6.229133,0,0.030345099,0.76024395,0.98554486,40.301174,-3.522073268890381,6.229068476748202
2019-11-12,Zozu_plus_DER_AL581_eobs2541__2019__southbound_01,Zozu + / DER AL581 (eobs2541),41.537548,0.6133583,41.595703,0.6163259,41.52251,0.6133627523042613,8.142390151448351,6.4709167,0,0.10182574,0.76024395,1.6691473,41.537548,0.6133583188056946,6.47126780105789
2019-11-13,Angela_DER_AY470_eobs_4001__2019__southbound_01,Angela / DER AY470 (eobs 4001),38.945267,-5.7049747,38.948074,-5.7094107,38.940876,-5.714316490703837,0.9059109277851909,0.49467632,0,0.009241514,0.76024395,0.9422418,38.945267,-5.70497465133667,0.4946045882735591
2019-11-13,Europa_DER_A1A26_eobs_4004__2019__southbound_01,Europa / DER A1A26 (eobs 4004),40.32065,-3.590955,40.25946,-3.6355994,40.317707,-3.6043107354916093,6.999371237337423,7.786413,0,0.1047062,0.76024395,1.1765193,40.32065,-3.5909550189971924,7.786517751992717
2019-11-13,Zozu_plus_DER_AL581_eobs2541__2019__southbound_01,Zozu + / DER AL581 (eobs2541),41.595703,0.6163259,41.59582,0.6163265,41.584686,0.6083343346481022,1.4052886414411403,0.013543652,0,0.057236876,0.76024395,1.3912506,41.595703,0.6163259148597717,0.013149536039388272
2019-11-14,Angela_DER_AY470_eobs_4001__2019__southbound_01,Angela / DER AY470 (eobs 4001),38.948074,-5.7094107,38.948277,-5.7087097,38.94486,-5.718042721918452,0.89212496629292,0.0646586,0,0.0066452953,0.76024395,0.82619256,38.948074,-5.709410667419434,0.06465146716563094
2019-11-14,Europa_DER_A1A26_eobs_4004__2019__southbound_01,Europa / DER A1A26 (eobs 4004),40.25946,-3.6355994,40.22012,-3.6011417,40.25199,-3.651545763371452,5.5557092652994315,5.262263,0,0.2650257,0.76024395,1.5849736,40.25946,-3.635599374771118,5.262206407419245
2019-11-14,Zozu_plus_DER_AL581_eobs2541__2019__southbound_01,Zozu + / DER AL581 (eobs2541),41.59582,0.6163265,41.595604,0.6152768,41.59051,0.601387377683731,1.2863941853640475,0.0906081,0,0.0605512,0.76024395,1.373047,41.59582,0.6163265109062195,0.09057628876142833
2019-11-15,Angela_DER_AY470_eobs_4001__2019__southbound_01,Angela / DER AY470 (eobs 4001),38.948277,-5.7087097,38.947964,-5.708994,38.941116,-5.7073650242319856,0.7743171184119293,0.04266649,0,0.00722107,0.76024395,0.80306,38.948277,-5.708709716796875,0.042589045359058046
2019-11-15,Europa_DER_A1A26_eobs_4004__2019__southbound_01,Europa / DER A1A26 (eobs 4004),40.22012,-3.6011417,40.26558,-3.6291306,40.211258,-3.6051417886123134,6.3742409536302835,5.5853415,0,0.061096556,0.76024395,1.0402815,40.22012,-3.6011416912078857,5.585294629398175
2019-11-15,Zozu_plus_DER_AL581_eobs2541__2019__southbound_01,Zozu + / DER AL581 (eobs2541),41.595604,0.6152768,41.595654,0.6163691,41.591225,0.6006661235237393,1.3956348307527875,0.0909918,0,0.07300778,0.76024395,1.3065913,41.595604,0.6152768135070801,0.09100095030158209
2019-11-16,Angela_DER_AY470_eobs_4001__2019__southbound_01,Angela / DER AY470 (eobs 4001),38.947964,-5.708994,38.947926,-5.709066,38.940178,-5.707412163231329,0.8732917032470578,0.0075803446,0,0.011523244,0.76024395,0.8748418,38.947964,-5.708993911743164,0.0075341659558349205
2019-11-16,Zozu_plus_DER_AL581_eobs2541__2019__southbound_01,Zozu + / DER AL581 (eobs2541),41.595654,0.6163691,41.59564,0.6163453,41.585884,0.6122753564525947,1.1362020987192223,0.002444287,0,0.034076028,0.76024395,1.1362348,41.595654,0.6163691282272339,0.002609516758500531
2019-11-17,Angela_DER_AY470_eobs_4001__2019__southbound_01,Angela / DER AY470 (eobs 4001),38.947926,-5.709066,38.975105,-5.690098,38.94245,-5.715313837376293,4.235266836301196,3.4387429,0,0.014539712,0.76024395,0.8125658,38.947926,-5.709065914154053,3.4385540749210226
2019-11-17,Zozu_plus_DER_AL581_eobs2541__2019__southbound_01,Zozu + / DER AL581 (eobs2541),41.59564,0.6163453,41.543106,0.61478657,41.5912,0.5999667336143942,5.488282926826831,5.8428946,0,0.11782886,0.76024395,1.4460102,41.59564,0.6163452863693237,5.842760863917975
2019-11-18,Angela_DER_AY470_eobs_4001__2019__southbound_01,Angela / DER AY470 (eobs 4001),38.975105,-5.690098,38.97549,-5.6930466,38.96972,-5.694875368647628,0.6609637105408369,0.25847366,0,0.0069078277,0.76024395,0.72609997,38.975105,-5.690097808837891,0.2584806656344567
2019-11-18,Zozu_plus_DER_AL581_eobs2541__2019__southbound_01,Zozu + / DER AL581 (eobs2541),41.543106,0.61478657,41.59566,0.61608356,41.535625,0.6035482514383036,6.756644523630811,5.844592,0,0.07507259,0.76024395,1.2495391,41.543106,0.6147865653038025,5.8448628142196535
2019-11-19,Angela_DER_AY470_eobs_4001__2019__southbound_01,Angela / DER AY470 (eobs 4001),38.97549,-5.6930466,38.972576,-5.6914873,38.974922,-5.701773713983948,0.9267022013291395,0.35126427,0,0.014400049,0.76024395,0.75573087,38.97549,-5.693046569824219,0.35098495124189893
2019-11-19,Zozu_plus_DER_AL581_eobs2541__2019__southbound_01,Zozu + / DER AL581 (eobs2541),41.59566,0.61608356,41.577873,0.616224,41.595318,0.6015901025147017,2.2899645413553613,1.9778725,0,0.056858405,0.76024395,1.2037215,41.59566,0.616083562374115,1.9779651573143084
2019-11-20,Angela_DER_AY470_eobs_4001__2019__southbound_01,Angela / DER AY470 (eobs 4001),38.972576,-5.6914873,38.97435,-5.69119,38.973713,-5.699714380229742,0.7403200149756404,0.19890858,0,0.011434686,0.76024395,0.72106445,38.972576,-5.6914873123168945,0.19891176031295627
2019-11-20,Zozu_plus_DER_AL581_eobs2541__2019__southbound_01,Zozu + / DER AL581 (eobs2541),41.577873,0.616224,41.595757,0.61629295,41.57621,0.6015623482746499,2.494986571524268,1.9886934,0,0.08494436,0.76024395,1.2313646,41.577873,0.6162239909172058,1.9885433366302088
2019-11-21,Angela_DER_AY470_eobs_4001__2019__southbound_01,Angela / DER AY470 (eobs 4001),38.97435,-5.69119,38.958992,-5.698703,38.977,-5.698194522729058,2.003014950251369,1.826903,0,0.010549479,0.76024395,0.6722435,38.97435,-5.691189765930176,1.8270884568091856
2019-11-21,Zozu_plus_DER_AL581_eobs2541__2019__southbound_01,Zozu + / DER AL581 (eobs2541),41.595757,0.61629295,41.610466,0.6169816,41.602886,0.6068362130603213,1.192433523718155,1.6364815,0,0.049270794,0.76024395,1.1147245,41.595757,0.6162929534912109,1.6366230141110747
2019-11-22,Angela_DER_AY470_eobs_4001__2019__southbound_01,Angela / DER AY470 (eobs 4001),38.958992,-5.698703,38.948315,-5.7087913,38.96171,-5.70457087414134,1.5337527579745052,1.4731357,0,0.011962862,0.76024395,0.58965266,38.958992,-5.698702812194824,1.4733020181182395
2019-11-22,Zozu_plus_DER_AL581_eobs2541__2019__southbound_01,Zozu + / DER AL581 (eobs2541),41.610466,0.6169816,41.595745,0.6163688,41.617073,0.6100978280407291,2.4282024358862535,1.637768,0,0.030323094,0.76024395,0.9297941,41.610466,0.6169816255569458,1.637686490888372
2019-11-23,Angela_DER_AY470_eobs_4001__2019__southbound_01,Angela / DER AY470 (eobs 4001),38.948315,-5.7087913,38.975197,-5.6890473,38.94984,-5.715015846282092,3.604262557899952,3.442102,0,0.01126182,0.76024395,0.56343126,38.948315,-5.708791255950928,3.442275539559677
2019-11-23,Zozu_plus_DER_AL581_eobs2541__2019__southbound_01,Zozu + / DER AL581 (eobs2541),41.595745,0.6163688,41.595833,0.6162583,41.598793,0.6259317264747456,0.869132691508791,0.0133839855,0,0.033336163,0.76024395,0.8629808,41.595745,0.6163687705993652,0.013399053911479554
2019-11-24,Angela_DER_AY470_eobs_4001__2019__southbound_01,Angela / DER AY470 (eobs 4001),38.975197,-5.6890473,38.947124,-5.708028,38.973812,-5.6969289991763095,3.1188389378687473,3.526672,0,0.014082113,0.76024395,0.6973008,38.975197,-5.689047336578369,3.526614495731064
2019-11-24,Zozu_plus_DER_AL581_eobs2541__2019__southbound_01,Zozu + / DER AL581 (eobs2541),41.595833,0.6162583,41.59581,0.6160743,41.6039,0.6139525182384628,0.9168128002739249,0.015461633,0,0.03726208,0.76024395,0.91564274,41.595833,0.6162583231925964,0.015511043349200296
2019-11-25,Angela_DER_AY470_eobs_4001__2019__southbound_01,Angela / DER AY470 (eobs 4001),38.947124,-5.708028,38.946205,-5.7097826,38.946007,-5.717219235188738,0.6435027119401054,0.18294378,0,0.018343076,0.76024395,0.80312365,38.947124,-5.7080278396606445,0.18297199847701992
2019-11-25,Zozu_plus_DER_AL581_eobs2541__2019__southbound_01,Zozu + / DER AL581 (eobs2541),41.59581,0.6160743,41.60309,0.6166731,41.596447,0.6037166433742639,1.306161184140151,0.8105639,0,0.059144504,0.76024395,1.0282596,41.59581,0.6160743236541748,0.8108571186774738
2019-11-26,Angela_DER_AY470_eobs_4001__2019__southbound_01,Angela / DER AY470 (eobs 4001),38.946205,-5.7097826,38.945168,-5.7074404,38.945057,-5.718191627109184,0.9298689368411531,0.2330669,0,0.013985748,0.76024395,0.7370675,38.946205,-5.709782600402832,0.23311233293323397
2019-11-26,Zozu_plus_DER_AL581_eobs2541__2019__southbound_01,Zozu + / DER AL581 (eobs2541),41.60309,0.6166731,41.595833,0.6160955,41.605297,0.6049750691924114,1.4008992230120403,0.80803776,0,0.031185344,0.76024395,1.0013885,41.60309,0.6166731119155884,0.8082104108948879
2019-11-27,Angela_DER_AY470_eobs_4001__2019__southbound_01,Angela / DER AY470 (eobs 4001),38.945168,-5.7074404,38.93997,-5.720473,38.94208,-5.7145588992758745,0.5628755675699819,1.2668691,0,0.012951556,0.76024395,0.7036079,38.945168,-5.707440376281738,1.2667413927116755
2019-11-27,Zozu_plus_DER_AL581_eobs2541__2019__southbound_01,Zozu + / DER AL581 (eobs2541),41.595833,0.6160955,41.61036,0.6166902,41.60009,0.6066221860468773,1.4158510894102163,1.6158541,0,0.037100237,0.76024395,0.9173609,41.595833,0.6160954833030701,1.6160173473858768
2019-11-28,Angela_DER_AY470_eobs_4001__2019__southbound_01,Angela / DER AY470 (eobs 4001),38.93997,-5.720473,38.94498,-5.711996,38.93791,-5.728564682501986,1.6345715778937395,0.92112017,0,0.014031649,0.76024395,0.7351405,38.93997,-5.720472812652588,0.9209281722584032
2019-11-28,Zozu_plus_DER_AL581_eobs2541__2019__southbound_01,Zozu + / DER AL581 (eobs2541),41.61036,0.6166902,41.610256,0.6167412,41.613827,0.6071748954379722,0.8888965579133763,0.012244043,0,0.02122463,0.76024395,0.8785175,41.61036,0.6166902184486389,0.012211325200985276
2019-11-29,Angela_DER_AY470_eobs_4001__2019__southbound_01,Angela / DER AY470 (eobs 4001),38.94498,-5.711996,38.94529,-5.7098374,38.943768,-5.721582005822805,1.0297040808728377,0.18983671,0,0.0175048,0.76024395,0.8384675,38.94498,-5.711996078491211,0.189818588434113
2019-11-29,Zozu_plus_DER_AL581_eobs2541__2019__southbound_01,Zozu + / DER AL581 (eobs2541),41.610256,0.6167412,41.592262,0.61618,41.611694,0.6064491823562908,2.3072703554127854,2.001316,0,0.019384045,0.76024395,0.86897445,41.610256,0.6167411804199219,2.0013801871178116
2019-11-30,Angela_DER_AY470_eobs_4001__2019__southbound_01,Angela / DER AY470 (eobs 4001),38.94529,-5.7098374,38.946808,-5.7097335,38.943893,-5.720425263877883,0.9797870404224144,0.16875415,0,0.02242826,0.76024395,0.9270917,38.94529,-5.709837436676025,0.16906105630400178
2019-11-30,Zozu_plus_DER_AL581_eobs2541__2019__southbound_01,Zozu + / DER AL581 (eobs2541),41.592262,0.61618,41.610573,0.61691046,41.59142,0.6053833838261258,2.335522867306973,2.0372267,0,0.026872974,0.76024395,0.90117043,41.592262,0.6161800026893616,2.0369484492369616
2019-12-01,Angela_DER_AY470_eobs_4001__2019__southbound_01,Angela / DER AY470 (eobs 4001),38.946808,-5.7097335,38.976795,-5.691352,38.9457,-5.720097634040169,4.2580860400105145,3.6939094,0,0.020043693,0.76024395,0.9030875,38.946808,-5.709733486175537,3.693831301748346
2019-12-01,Zozu_plus_DER_AL581_eobs2541__2019__southbound_01,Zozu + / DER AL581 (eobs2541),41.610573,0.61691046,41.61063,0.6168907,41.611973,0.6052065137432466,0.9827974784468506,0.006450524,0,0.0389448,0.76024395,0.9836879,41.610573,0.616910457611084,0.0065706532072689165
2019-12-02,Angela_DER_AY470_eobs_4001__2019__southbound_01,Angela / DER AY470 (eobs 4001),38.976795,-5.691352,38.976936,-5.691152,38.976192,-5.701073867930889,0.8616512117394814,0.023334812,0,0.018984998,0.76024395,0.8415969,38.976795,-5.691351890563965,0.023336669969041827
2019-12-02,Zozu_plus_DER_AL581_eobs2541__2019__southbound_01,Zozu + / DER AL581 (eobs2541),41.61063,0.6168907,41.6106,0.6168825,41.612167,0.6056457466965691,0.9503158618340467,0.0033939069,0,0.038784973,0.76024395,0.9487153,41.61063,0.6168907284736633,0.003461623664053427
2019-12-03,Angela_DER_AY470_eobs_4001__2019__southbound_01,Angela / DER AY470 (eobs 4001),38.976936,-5.691152,38.94803,-5.7096868,38.973724,-5.7011012173845135,2.952102430393505,3.5917184,0,0.02667896,0.76024395,0.92966926,38.976936,-5.691152095794678,3.591719238511543
2019-12-03,Zozu_plus_DER_AL581_eobs2541__2019__southbound_01,Zozu + / DER AL581 (eobs2541),41.6106,0.6168825,41.60985,0.6168141,41.611736,0.606173267719863,0.9091289090835999,0.08340692,0,0.03754464,0.76024395,0.8977064,41.6106,0.6168825030326843,0.0833328162344332
2019-12-04,Angela_DER_AY470_eobs_4001__2019__southbound_01,Angela / DER AY470 (eobs 4001),38.94803,-5.7096868,38.94684,-5.7096205,38.941643,-5.72159309722515,1.1856968178836687,0.13247351,0,0.06439685,0.76024395,1.2486509,38.94803,-5.709686756134033,0.13246684460070807
2019-12-04,Zozu_plus_DER_AL581_eobs2541__2019__southbound_01,Zozu + / DER AL581 (eobs2541),41.60985,0.6168141,41.610054,0.6165117,41.611374,0.6070334605560671,0.8015498282840192,0.033783834,0,0.028692003,0.76024395,0.82911074,41.60985,0.6168140769004822,0.03372503687598726
2019-12-05,Angela_DER_AY470_eobs_4001__2019__southbound_01,Angela / DER AY470 (eobs 4001),38.94684,-5.7096205,38.946766,-5.709671,38.936684,-5.714093223482084,1.1845381813148126,0.008998623,0,0.07135342,0.76024395,1.1914979,38.94684,-5.709620475769043,0.00916838992563545
2019-12-05,Zozu_plus_DER_AL581_eobs2541__2019__southbound_01,Zozu + / DER AL581 (eobs2541),41.610054,0.6165117,41.61008,0.6168609,41.61721,0.6128546659091322,0.8599028843254194,0.029195528,0,0.037363343,0.76024395,0.85026264,41.610054,0.6165117025375366,0.02918535888264016
2019-12-06,Angela_DER_AY470_eobs_4001__2019__southbound_01,Angela / DER AY470 (eobs 4001),38.946766,-5.709671,38.945885,-5.7098904,38.938835,-5.705780096766092,0.8607127133456823,0.09988166,0,0.02825894,0.76024395,0.94231063,38.946766,-5.7096710205078125,0.09980379531436308
2019-12-06,Zozu_plus_DER_AL581_eobs2541__2019__southbound_01,Zozu + / DER AL581 (eobs2541),41.61008,0.6168609,41.75176,0.0536483,41.614433,0.6237533827337554,49.745460205498816,49.354767,1,0.02032374,0.76024395,0.74878156,41.61008,0.6168609261512756,49.35488059817836
2019-12-07,Angela_DER_AY470_eobs_4001__2019__southbound_01,Angela / DER AY470 (eobs 4001),38.945885,-5.7098904,38.94683,-5.70973,38.937706,-5.713760523789349,1.072832528199254,0.10618658,0,0.05230251,0.76024395,0.9673901,38.945885,-5.709890365600586,0.10610410221284497
2019-12-07,Zozu_plus_DER_AL581_eobs2541__2019__southbound_01,Zozu + / DER AL581 (eobs2541),41.75176,0.0536483,41.75479,0.0522777,41.706264,0.026330015384160698,5.809689241079435,0.35621473,0,0.8048822,0.76024395,5.5334845,41.706264,0.026330015384160698,5.809689241079435
2019-12-08,Angela_DER_AY470_eobs_4001__2019__southbound_01,Angela / DER AY470 (eobs 4001),38.94683,-5.70973,38.946754,-5.7097063,38.947674,-5.718950230992138,0.8059172909463908,0.009002644,0,0.0364287,0.76024395,0.8014238,38.94683,-5.70973014831543,0.008730471990116832
2019-12-08,Zozu_plus_DER_AL581_eobs2541__2019__southbound_01,Zozu + / DER AL581 (eobs2541),41.75479,0.0522777,41.758812,0.0692217,41.752186,0.06505421220175858,0.8138610338274854,1.4748272,0,0.05523583,0.76024395,1.0967755,41.75479,0.05227769911289215,1.4748840427896643
2019-12-09,Zozu_plus_DER_AL581_eobs2541__2019__southbound_01,Zozu + / DER AL581 (eobs2541),41.758812,0.0692217,41.610653,0.6147254,41.758396,0.08210124353249179,47.18273373746299,48.202354,1,0.04872618,0.76024395,1.0674335,41.758812,0.06922169774770737,48.202434797390815
2019-12-10,Zozu_plus_DER_AL581_eobs2541__2019__southbound_01,Zozu + / DER AL581 (eobs2541),41.610653,0.6147254,41.610607,0.6168713,41.59962,0.62694288340372,1.4810838242898061,0.17847928,0,0.15422627,0.76024395,1.5898035,41.610653,0.6147254109382629,0.17847681173370092
2019-12-11,Zozu_plus_DER_AL581_eobs2541__2019__southbound_01,Zozu + / DER AL581 (eobs2541),41.610607,0.6168713,41.538383,0.6169095,41.60394,0.6287487662389812,7.355691474958716,8.031143,0,0.060895815,0.76024395,1.2325974,41.610607,0.6168712973594666,8.0309166676223
2019-12-12,Zozu_plus_DER_AL581_eobs2541__2019__southbound_01,Zozu + / DER AL581 (eobs2541),41.538383,0.6169095,41.538425,0.6166356,41.52551,0.6262155033906883,1.6427774975927756,0.023288382,0,0.17614765,0.76024395,1.6246608,41.538383,0.6169095039367676,0.023268152416281326
2019-12-13,Zozu_plus_DER_AL581_eobs2541__2019__southbound_01,Zozu + / DER AL581 (eobs2541),41.538425,0.6166356,41.539825,0.61585623,41.53064,0.6265295455910213,1.3537091481916819,0.16845141,0,0.063730635,0.76024395,1.1927824,41.538425,0.6166356205940247,0.16864707232844775
2019-12-14,Zozu_plus_DER_AL581_eobs2541__2019__southbound_01,Zozu + / DER AL581 (eobs2541),41.539825,0.61585623,41.595787,0.6162532,41.5309,0.6223074485185429,7.232787269291746,6.2229757,0,0.03865142,0.76024395,1.1264148,41.539825,0.6158562302589417,6.222743224158205
2019-12-15,Zozu_plus_DER_AL581_eobs2541__2019__southbound_01,Zozu + / DER AL581 (eobs2541),41.595787,0.6162532,41.61031,0.61664575,41.584717,0.6188230946765355,2.8515476798172217,1.6152493,0,0.04382815,0.76024395,1.2470022,41.595787,0.6162531971931458,1.6151662265188897
2019-12-16,Zozu_plus_DER_AL581_eobs2541__2019__southbound_01,Zozu + / DER AL581 (eobs2541),41.61031,0.61664575,41.538498,0.6163116,41.60318,0.6055119091929377,7.24821582581577,7.985445,0,0.0525475,0.76024395,1.2165668,41.61031,0.6166457533836365,7.985153454295278
2019-12-17,Zozu_plus_DER_AL581_eobs2541__2019__southbound_01,Zozu + / DER AL581 (eobs2541),41.538498,0.6163116,41.538784,0.616889,41.533203,0.631128911882381,1.337874153935752,0.05763608,0,0.077333435,0.76024395,1.3642533,41.538498,0.6163116097450256,0.057632468007196735
2019-12-18,Zozu_plus_DER_AL581_eobs2541__2019__southbound_01,Zozu + / DER AL581 (eobs2541),41.538784,0.616889,41.53911,0.6168439,41.53771,0.6299979474426779,1.1058354874215175,0.036349416,0,0.04317823,0.76024395,1.0956637,41.538784,0.6168889999389648,0.036249972885687945
2019-12-19,Zozu_plus_DER_AL581_eobs2541__2019__southbound_01,Zozu + / DER AL581 (eobs2541),41.53911,0.6168439,41.53874,0.6164724,41.542217,0.6280187248333189,1.0359190073700817,0.051563594,0,0.036399204,0.76024395,0.99047315,41.53911,0.6168438792228699,0.05146584816017445
2019-12-20,Zozu_plus_DER_AL581_eobs2541__2019__southbound_01,Zozu + / DER AL581 (eobs2541),41.53874,0.6164724,41.53919,0.6166908,41.53917,0.6279153356042988,0.9342169366129367,0.0532163,0,0.042998176,0.76024395,0.951929,41.53874,0.6164724230766296,0.0532509914225159
2019-12-21,Zozu_plus_DER_AL581_eobs2541__2019__southbound_01,Zozu + / DER AL581 (eobs2541),41.53919,0.6166908,41.61003,0.6167039,41.541763,0.6256813565388324,7.627688833861367,7.8776712,0,0.02354755,0.76024395,0.799768,41.53919,0.6166908144950867,7.877364558467274
2019-12-22,Zozu_plus_DER_AL581_eobs2541__2019__southbound_01,Zozu + / DER AL581 (eobs2541),41.61003,0.6167039,41.540108,0.6168483,41.61508,0.6228621845052563,8.351741252206445,7.775192,0,0.027352165,0.76024395,0.75863796,41.61003,0.6167039275169373,7.775147444464022
2019-12-23,Zozu_plus_DER_AL581_eobs2541__2019__southbound_01,Zozu + / DER AL581 (eobs2541),41.540108,0.6168483,41.539074,0.61686045,41.535126,0.6265383578700123,0.917385627389682,0.114996836,0,0.039306574,0.76024395,0.97679555,41.540108,0.6168482899665833,0.11495603377647987
2019-12-24,Zozu_plus_DER_AL581_eobs2541__2019__southbound_01,Zozu + / DER AL581 (eobs2541),41.539074,0.61686045,41.61055,0.6168714,41.53008,0.6191475163120534,8.949986787599768,7.9476185,0,0.041231703,0.76024395,1.0162929,41.539074,0.6168604493141174,7.947777679677892
2019-12-25,Zozu_plus_DER_AL581_eobs2541__2019__southbound_01,Zozu + / DER AL581 (eobs2541),41.61055,0.6168714,41.538513,0.6168706,41.60412,0.6088666548905115,7.325294733503609,8.009782,0,0.03214651,0.76024395,0.97504765,41.61055,0.6168714165687561,8.01013143619098
2019-12-26,Zozu_plus_DER_AL581_eobs2541__2019__southbound_01,Zozu + / DER AL581 (eobs2541),41.538513,0.6168706,41.5512,0.6168584,41.528587,0.6129367195695803,2.5356085506889734,1.4106545,0,0.09044134,0.76024395,1.1493144,41.538513,0.6168705821037292,1.410808303804626
2019-12-27,Zozu_plus_DER_AL581_eobs2541__2019__southbound_01,Zozu + / DER AL581 (eobs2541),41.5512,0.6168584,41.53884,0.6160912,41.546955,0.6250605194691816,1.170992929735387,1.3758757,0,0.021892278,0.76024395,0.8283843,41.5512,0.6168584227561951,1.375811280078791
2019-12-28,Zozu_plus_DER_AL581_eobs2541__2019__southbound_01,Zozu + / DER AL581 (eobs2541),41.53884,0.6160912,41.53656,0.6169326,41.53327,0.6083102243509503,0.8054573727722318,0.26327547,0,0.055775095,0.76024395,0.89439833,41.53884,0.6160911917686462,0.26314632247786723
2020-06-17,Zozu_plus_DER_AL581_eobs2541__2020__southbound_01,Zozu + / DER AL581 (eobs2541),47.749237,8.938238,47.750725,8.937151,47.74729,8.940435091483678,0.45390395764795094,0.18417794,0,0.01550084,0.76024395,0.27117187,47.749237,8.938238143920898,0.18431880123897787
2020-06-18,Zozu_plus_DER_AL581_eobs2541__2020__southbound_01,Zozu + / DER AL581 (eobs2541),47.750725,8.937151,47.751194,8.936371,47.74927,8.938952519633302,0.288025211836868,0.07837694,0,0.018677913,0.76024395,0.21014057,47.750725,8.937150955200195,0.07825353090017718
2020-06-19,Zozu_plus_DER_AL581_eobs2541__2020__southbound_01,Zozu + / DER AL581 (eobs2541),47.751194,8.936371,47.750828,8.936872,47.74917,8.937757112173875,0.19603574025771842,0.05541326,0,0.023356952,0.76024395,0.24751386,47.751194,8.936370849609375,0.05531131054651515
2020-06-20,Zozu_plus_DER_AL581_eobs2541__2020__southbound_01,Zozu + / DER AL581 (eobs2541),47.750828,8.936872,47.751205,8.934104,47.749073,8.938635783786484,0.4135444236517036,0.21116826,0,0.020122893,0.76024395,0.23524432,47.750828,8.936871528625488,0.2111280836177144
2020-06-21,Zozu_plus_DER_AL581_eobs2541__2020__southbound_01,Zozu + / DER AL581 (eobs2541),47.751205,8.934104,47.75102,8.937568,47.749397,8.93527943838801,0.24852990805523348,0.25979358,0,0.024669994,0.76024395,0.21916048,47.751205,8.934103965759277,0.2597902690709042
2020-06-22,Zozu_plus_DER_AL581_eobs2541__2020__southbound_01,Zozu + / DER AL581 (eobs2541),47.75102,8.937568,47.74597,8.940218,47.74853,8.938665585731254,0.3073783953941825,0.5951295,0,0.019434586,0.76024395,0.28783146,47.75102,8.937567710876465,0.5951395012327187
2020-06-23,Zozu_plus_DER_AL581_eobs2541__2020__southbound_01,Zozu + / DER AL581 (eobs2541),47.74597,8.940218,47.74628,8.943734,47.74329,8.940879253784987,0.39517038052887304,0.26509944,0,0.016986122,0.76024395,0.3018534,47.74597,8.940217971801758,0.26513970259434794
2020-06-24,Zozu_plus_DER_AL581_eobs2541__2020__southbound_01,Zozu + / DER AL581 (eobs2541),47.74628,8.943734,47.75129,8.933984,47.743088,8.94327044583601,1.1462177289786089,0.91730946,0,0.015054128,0.76024395,0.35627687,47.74628,8.943734169006348,0.9173955815933832
2020-06-25,Zozu_plus_DER_AL581_eobs2541__2020__southbound_01,Zozu + / DER AL581 (eobs2541),47.75129,8.933984,47.751263,8.943849,47.747864,8.931545951215737,0.9944219996889345,0.73751837,0,0.02480683,0.76024395,0.4214073,47.75129,8.93398380279541,0.7375191607301855
2020-06-26,Zozu_plus_DER_AL581_eobs2541__2020__southbound_01,Zozu + / DER AL581 (eobs2541),47.751263,8.943849,47.742435,8.939635,47.747505,8.94112329027073,0.5746038963961946,1.0309653,0,0.013831376,0.76024395,0.4639168,47.751263,8.943848609924316,1.0308566680040323
2020-06-27,Zozu_plus_DER_AL581_eobs2541__2020__southbound_01,Zozu + / DER AL581 (eobs2541),47.742435,8.939635,47.751183,8.936737,47.739086,8.938549806165522,1.3518726296034898,0.99645835,0,0.01651942,0.76024395,0.38069808,47.742435,8.939635276794434,0.9964812211877323
2020-06-28,Zozu_plus_DER_AL581_eobs2541__2020__southbound_01,Zozu + / DER AL581 (eobs2541),47.751183,8.936737,47.74037,8.936371,47.748013,8.93607104150271,0.8499193527468317,1.2022967,0,0.021268718,0.76024395,0.35556057,47.751183,8.936737060546875,1.2024253675273304
2020-06-29,Zozu_plus_DER_AL581_eobs2541__2020__southbound_01,Zozu + / DER AL581 (eobs2541),47.74037,8.936371,47.747074,8.936814,47.737328,8.936054991332378,1.0852548404516194,0.745943,0,0.020905765,0.76024395,0.33890182,47.74037,8.936370849609375,0.7460137536795143
2020-06-30,Zozu_plus_DER_AL581_eobs2541__2020__southbound_01,Zozu + / DER AL581 (eobs2541),47.747074,8.936814,47.74258,8.938621,47.7442,8.936826782293545,0.22469776618385764,0.5176338,0,0.02463101,0.76024395,0.3188135,47.747074,8.936814308166504,0.5176090657174228
2020-07-01,Zozu_plus_DER_AL581_eobs2541__2020__southbound_01,Zozu + / DER AL581 (eobs2541),47.74258,8.938621,47.74695,8.935849,47.73931,8.937824245103007,0.8619453757330574,0.5282758,0,0.020145722,0.76024395,0.36774632,47.74258,8.938620567321777,0.5280398646675563
2020-07-02,Zozu_plus_DER_AL581_eobs2541__2020__southbound_01,Zozu + / DER AL581 (eobs2541),47.74695,8.935849,47.75132,8.933318,47.743595,8.934728561006194,0.8654045923133518,0.52167386,0,0.030150596,0.76024395,0.38143075,47.74695,8.9358491897583,0.5216396476540286
2020-07-03,Zozu_plus_DER_AL581_eobs2541__2020__southbound_01,Zozu + / DER AL581 (eobs2541),47.75132,8.933318,47.748158,8.936284,47.747864,8.932645891916781,0.2739682177315223,0.41575778,0,0.029853813,0.76024395,0.38693675,47.75132,8.933318138122559,0.41571958234920053
2020-07-04,Angela_DER_AY470_eobs_4001__2020__southbound_01,Angela / DER AY470 (eobs 4001),48.150066,7.749769,48.152233,7.759263,48.146645,7.7465276523317215,1.1308566302306167,0.7444682,0,0.0026222265,0.76024395,0.44950145,48.150066,7.74976921081543,0.744376560823576
2020-07-04,Zozu_plus_DER_AL581_eobs2541__2020__southbound_01,Zozu + / DER AL581 (eobs2541),47.748158,8.936284,47.746815,8.936531,47.74473,8.936138385194768,0.23345353168667193,0.15051761,0,0.020333081,0.76024395,0.3804047,47.748158,8.936284065246582,0.15044757268411044
2020-07-05,Angela_DER_AY470_eobs_4001__2020__southbound_01,Angela / DER AY470 (eobs 4001),48.152233,7.759263,48.145184,7.771317,48.14863,7.755569518185893,1.2295209900800637,1.1894122,0,0.002225426,0.76024395,0.48480812,48.152233,7.759263038635254,1.1891975649627957
2020-07-05,Zozu_plus_DER_AL581_eobs2541__2020__southbound_01,Zozu + / DER AL581 (eobs2541),47.746815,8.936531,47.74705,8.936649,47.743397,8.935953357404742,0.4096785852865909,0.027724216,0,0.01792416,0.76024395,0.38195285,47.746815,8.936531066894531,0.027745418684573003
2020-07-06,Angela_DER_AY470_eobs_4001__2020__southbound_01,Angela / DER AY470 (eobs 4001),48.145184,7.771317,48.125355,7.767948,48.141342,7.768737249896144,1.7786840689288765,2.2187943,0,0.002162006,0.76024395,0.46720186,48.145184,7.771317005157471,2.2189923702023573
2020-07-06,Zozu_plus_DER_AL581_eobs2541__2020__southbound_01,Zozu + / DER AL581 (eobs2541),47.74705,8.936649,47.741043,8.935946,47.743477,8.935668467419623,0.2714211955081099,0.670248,0,0.020159423,0.76024395,0.4035921,47.74705,8.936649322509766,0.6701404345979612
2020-07-07,Angela_DER_AY470_eobs_4001__2020__southbound_01,Angela / DER AY470 (eobs 4001),48.125355,7.767948,48.127445,7.7584863,48.121845,7.766143686505134,0.8430782415220097,0.7397343,0,0.0026344527,0.76024395,0.41202995,48.125355,7.767948150634766,0.7397451615864552
2020-07-07,Zozu_plus_DER_AL581_eobs2541__2020__southbound_01,Zozu + / DER AL581 (eobs2541),47.741043,8.935946,47.74719,8.936978,47.737415,8.934683616508968,1.100200636234291,0.6877399,0,0.026689995,0.76024395,0.41366598,47.741043,8.935946464538574,0.6876888208167016
2020-07-08,Angela_DER_AY470_eobs_4001__2020__southbound_01,Angela / DER AY470 (eobs 4001),48.127445,7.7584863,48.135017,7.7530894,48.124763,7.752637933251797,1.1406762030568733,0.93256223,0,0.0033223284,0.76024395,0.5256839,48.127445,7.758486270904541,0.9323971348045486
2020-07-08,Mirabell_plus_DER_AN910_eobs_3907__2020__southbound_01,Mirabell + / DER AN910 (eobs 3907),47.8049,8.885378,47.804398,8.885767,47.80124,8.881087762162785,0.4954704583802149,0.06308425,0,0.0037834602,0.76024395,0.51711845,47.8049,8.885377883911133,0.06308324101417707
2020-07-08,Zozu_plus_DER_AL581_eobs2541__2020__southbound_01,Zozu + / DER AL581 (eobs2541),47.74719,8.936978,47.74344,8.935827,47.743164,8.9342856913818,0.11924543106183848,0.42578512,0,0.022126392,0.76024395,0.48992372,47.74719,8.936978340148926,0.42575468097935276
2020-07-09,Angela_DER_AY470_eobs_4001__2020__southbound_01,Angela / DER AY470 (eobs 4001),48.135017,7.7530894,48.135403,7.7538147,48.132835,7.746458610987647,0.6160340276284478,0.06860588,0,0.0029005953,0.76024395,0.54762983,48.135017,7.753089427947998,0.0687906605644451
2020-07-09,Mirabell_plus_DER_AN910_eobs_3907__2020__southbound_01,Mirabell + / DER AN910 (eobs 3907),47.804398,8.885767,47.806282,8.885461,47.800514,8.882533186461123,0.6776031684118347,0.21063855,0,0.0025201484,0.76024395,0.49400184,47.804398,8.885766983032227,0.21078632881563766
2020-07-09,Zozu_plus_DER_AL581_eobs2541__2020__southbound_01,Zozu + / DER AL581 (eobs2541),47.74344,8.935827,47.739254,8.936755,47.73935,8.93293055534661,0.2861991112870844,0.47050673,0,0.020212125,0.76024395,0.5028089,47.74344,8.935827255249023,0.47046550345120286
2020-07-10,Angela_DER_AY470_eobs_4001__2020__southbound_01,Angela / DER AY470 (eobs 4001),48.135403,7.7538147,48.124622,7.7564955,48.13318,7.747368951427103,1.167911185673579,1.2151045,0,0.0024512655,0.76024395,0.53750396,48.135403,7.753814697265625,1.2151189729008727
2020-07-10,Mirabell_plus_DER_AN910_eobs_3907__2020__southbound_01,Mirabell + / DER AN910 (eobs 3907),47.806282,8.885461,47.80478,8.88635,47.80289,8.88090954473011,0.45735053439873113,0.18003127,0,0.003241767,0.76024395,0.506869,47.806282,8.88546085357666,0.1798256519415562
2020-07-10,Zozu_plus_DER_AL581_eobs2541__2020__southbound_01,Zozu + / DER AL581 (eobs2541),47.739254,8.936755,47.740242,8.939022,47.735176,8.933765459823018,0.6869045853869777,0.20218152,0,0.021022292,0.76024395,0.5045398,47.739254,8.936755180358887,0.2020016852893875
2020-07-11,Angela_DER_AY470_eobs_4001__2020__southbound_01,Angela / DER AY470 (eobs 4001),48.124622,7.7564955,48.13116,7.7574086,48.121044,7.752713891360924,1.1776457059260665,0.7302498,0,0.0024694556,0.76024395,0.48604745,48.124622,7.756495475769043,0.7301889208038934
2020-07-11,Mirabell_plus_DER_AN910_eobs_3907__2020__southbound_01,Mirabell + / DER AN910 (eobs 3907),47.80478,8.88635,47.804543,8.886354,47.80095,8.883770667245999,0.44373325873060976,0.026150577,0,0.0030124178,0.76024395,0.466674,47.80478,8.88634967803955,0.02630129639390394
2020-07-11,Zozu_plus_DER_AL581_eobs2541__2020__southbound_01,Zozu + / DER AL581 (eobs2541),47.740242,8.939022,47.738937,8.940221,47.73603,8.936830631344185,0.4107889187211166,0.17085266,0,0.026512748,0.76024395,0.49541992,47.740242,8.939022064208984,0.1705301116186532
2020-07-12,Angela_DER_AY470_eobs_4001__2020__southbound_01,Angela / DER AY470 (eobs 4001),48.13116,7.7574086,48.148365,7.749654,48.127163,7.755276964861023,2.3942091121161195,1.9977745,0,0.0024248427,0.76024395,0.47091982,48.13116,7.757408618927002,1.9976994701357953
2020-07-12,Mirabell_plus_DER_AN910_eobs_3907__2020__southbound_01,Mirabell + / DER AN910 (eobs 3907),47.804543,8.886354,47.804626,8.885832,47.800785,8.886825948072511,0.43354992094474465,0.0401275,0,0.002438748,0.76024395,0.4185,47.804543,8.886354446411133,0.040131668750192626
2020-07-12,Zozu_plus_DER_AL581_eobs2541__2020__southbound_01,Zozu + / DER AL581 (eobs2541),47.738937,8.940221,47.743538,8.941041,47.735065,8.939542940192947,0.9487308334753274,0.51562476,0,0.017557083,0.76024395,0.43293497,47.738937,8.940220832824707,0.5152188615977948
2020-07-13,Angela_DER_AY470_eobs_4001__2020__southbound_01,Angela / DER AY470 (eobs 4001),48.148365,7.749654,48.134262,7.7534823,48.14557,7.744504022366602,1.4228593067044673,1.5935731,0,0.0024701038,0.76024395,0.49164915,48.148365,7.7496538162231445,1.5936997363339216
2020-07-13,Mirabell_plus_DER_AN910_eobs_3907__2020__southbound_01,Mirabell + / DER AN910 (eobs 3907),47.804626,8.885832,47.804237,8.880102,47.801044,8.884285285738297,0.4729297926051014,0.43014413,0,0.003080763,0.76024395,0.41389915,47.804626,8.885831832885742,0.43010620849465026
2020-07-13,Zozu_plus_DER_AL581_eobs2541__2020__southbound_01,Zozu + / DER AL581 (eobs2541),47.743538,8.941041,47.75148,8.943654,47.739822,8.9393017727512,1.3365036938867423,0.90415376,0,0.01823953,0.76024395,0.43237737,47.743538,8.941040992736816,0.9044861654956408
2020-07-14,Angela_DER_AY470_eobs_4001__2020__southbound_01,Angela / DER AY470 (eobs 4001),48.134262,7.7534823,48.10913,7.7538886,48.13054,7.751614778802061,2.3864498082191226,2.794612,0,0.0021158555,0.76024395,0.43562907,48.134262,7.753482341766357,2.7946313564487957
2020-07-14,Mirabell_plus_DER_AN910_eobs_3907__2020__southbound_01,Mirabell + / DER AN910 (eobs 3907),47.804237,8.880102,47.804256,8.879999,47.800526,8.878988709333747,0.42165258096283453,0.008005003,0,0.0028209933,0.76024395,0.4202647,47.804237,8.880102157592773,0.00797943196490497
2020-07-14,Zozu_plus_DER_AL581_eobs2541__2020__southbound_01,Zozu + / DER AL581 (eobs2541),47.75148,8.943654,47.752575,9.04522,47.7476,8.941783324991563,7.753097501935154,7.594195,0,0.01466812,0.76024395,0.4528408,47.75148,8.94365406036377,7.594171326581433
2020-07-15,Angela_DER_AY470_eobs_4001__2020__southbound_01,Angela / DER AY470 (eobs 4001),48.10913,7.7538886,48.1089,7.751875,48.105804,7.752242969877959,0.3450900801001987,0.15174876,0,0.00251385,0.76024395,0.3888274,48.10913,7.7538886070251465,0.15173176000656852
2020-07-15,Mirabell_plus_DER_AN910_eobs_3907__2020__southbound_01,Mirabell + / DER AN910 (eobs 3907),47.804256,8.879999,47.804367,8.884844,47.800682,8.87729451508229,0.6970080734669961,0.36203712,0,0.0032215517,0.76024395,0.44517198,47.804256,8.879999160766602,0.362036884985538
2020-07-15,Zozu_plus_DER_AL581_eobs2541__2020__southbound_01,Zozu + / DER AL581 (eobs2541),47.752575,9.04522,47.75159,9.055156,47.74871,9.043989194776245,0.8941705955604112,0.7507458,0,0.0117332665,0.76024395,0.4384922,47.752575,9.045220375061035,0.7507964664962645
2020-07-16,Angela_DER_AY470_eobs_4001__2020__southbound_01,Angela / DER AY470 (eobs 4001),48.1089,7.751875,48.135433,7.753382,48.105946,7.750724722365854,3.28480571771829,2.9524593,0,0.002996992,0.76024395,0.33869937,48.1089,7.751874923706055,2.952685712024783
2020-07-16,Mirabell_plus_DER_AN910_eobs_3907__2020__southbound_01,Mirabell + / DER AN910 (eobs 3907),47.804367,8.884844,47.804443,8.885641,47.80073,8.885240758440043,0.41380452370152404,0.060173836,0,0.0024968297,0.76024395,0.40444934,47.804367,8.884843826293945,0.060146088821383
2020-07-16,Zozu_plus_DER_AL581_eobs2541__2020__southbound_01,Zozu + / DER AL581 (eobs2541),47.75159,9.055156,47.751534,8.943804,47.74808,9.054985684845123,8.321279525670763,8.324844,0,0.016826414,0.76024395,0.38970566,47.75159,9.055155754089355,8.32485703904027
2020-07-17,Angela_DER_AY470_eobs_4001__2020__southbound_01,Angela / DER AY470 (eobs 4001),48.135433,7.753382,48.13143,7.7584915,48.132313,7.752604270418871,0.4477664310711128,0.5846671,0,0.0028664293,0.76024395,0.35106874,48.135433,7.753382205963135,0.5846013052343227
2020-07-17,Mirabell_plus_DER_AN910_eobs_3907__2020__southbound_01,Mirabell + / DER AN910 (eobs 3907),47.804443,8.885641,47.80455,8.885661,47.801483,8.887429029904698,0.36570629348786593,0.012033161,0,0.002470647,0.76024395,0.3546956,47.804443,8.885641098022461,0.011970729676374407
2020-07-17,Zozu_plus_DER_AL581_eobs2541__2020__southbound_01,Zozu + / DER AL581 (eobs2541),47.751534,8.943804,47.7389,8.939626,47.748775,8.943727766758522,1.140219049777101,1.438985,0,0.037760854,0.76024395,0.30607894,47.751534,8.943803787231445,1.4391835727689315
2020-07-18,Angela_DER_AY470_eobs_4001__2020__southbound_01,Angela / DER AY470 (eobs 4001),48.13143,7.7584915,48.09271,7.763441,48.128376,7.7590757524783625,3.9792622036956087,4.321206,0,0.00229735,0.76024395,0.34212574,48.13143,7.758491516113281,4.32145798753091
2020-07-18,Mirabell_plus_DER_AN910_eobs_3907__2020__southbound_01,Mirabell + / DER AN910 (eobs 3907),47.80455,8.885661,47.80428,8.879807,47.80184,8.88758072577048,0.6407213257872636,0.43823096,0,0.0024558979,0.76024395,0.33315268,47.80455,8.885661125183105,0.4382201314147788
2020-07-18,Zozu_plus_DER_AL581_eobs2541__2020__southbound_01,Zozu + / DER AL581 (eobs2541),47.7389,8.939626,47.757473,8.946831,47.73644,8.939691925786136,2.3990350664320226,2.134112,0,0.026287962,0.76024395,0.27298492,47.7389,8.93962574005127,2.134408414223623
2020-07-19,Angela_DER_AY470_eobs_4001__2020__southbound_01,Angela / DER AY470 (eobs 4001),48.09271,7.763441,48.07767,7.792877,48.089676,7.763850653095504,2.535950953496085,2.752734,0,0.0022589948,0.76024395,0.33781564,48.09271,7.76344108581543,2.7526175340121757
2020-07-19,Mirabell_plus_DER_AN910_eobs_3907__2020__southbound_01,Mirabell + / DER AN910 (eobs 3907),47.80428,8.879807,47.804134,8.879616,47.801033,8.879583638450221,0.3448630945275111,0.021599011,0,0.0027949852,0.76024395,0.36052436,47.80428,8.879807472229004,0.021558575766736466
2020-07-19,Zozu_plus_DER_AL581_eobs2541__2020__southbound_01,Zozu + / DER AL581 (eobs2541),47.757473,8.946831,47.740345,8.950154,47.7545,8.945903286199183,1.605883227205195,1.9205843,0,0.018468233,0.76024395,0.33714208,47.757473,8.946830749511719,1.9206899967216544
2020-07-20,Angela_DER_AY470_eobs_4001__2020__southbound_01,Angela / DER AY470 (eobs 4001),48.07767,7.792877,48.078724,7.7944937,48.0745,7.793078101034117,0.4811954866071915,0.16788699,0,0.0022395784,0.76024395,0.35206065,48.07767,7.792877197265625,0.16771279843759385
2020-07-20,Mirabell_plus_DER_AN910_eobs_3907__2020__southbound_01,Mirabell + / DER AN910 (eobs 3907),47.804134,8.879616,47.805416,8.881017,47.800697,8.877800545699944,0.5770754031897477,0.17692089,0,0.0028792527,0.76024395,0.40479365,47.804134,8.879615783691406,0.1768056511458822
2020-07-20,Zozu_plus_DER_AL581_eobs2541__2020__southbound_01,Zozu + / DER AL581 (eobs2541),47.740345,8.950154,47.752678,9.046464,47.736965,8.947962729763969,7.569467951549566,7.330401,0,0.016571436,0.76024395,0.40926936,47.740345,8.950154304504395,7.330384826061249
2020-07-21,Angela_DER_AY470_eobs_4001__2020__southbound_01,Angela / DER AY470 (eobs 4001),48.078724,7.7944937,48.079353,7.790823,48.075382,7.793206716451874,0.4757554293731797,0.28147385,0,0.0027527644,0.76024395,0.3828171,48.078724,7.794493675231934,0.2815339408921179
2020-07-21,Mirabell_plus_DER_AN910_eobs_3907__2020__southbound_01,Mirabell + / DER AN910 (eobs 3907),47.805416,8.881017,47.80405,8.880236,47.801865,8.878677997936123,0.26946127296225575,0.16249017,0,0.0029752972,0.76024395,0.43110734,47.805416,8.881016731262207,0.16267361006423164
2020-07-21,Zozu_plus_DER_AL581_eobs2541__2020__southbound_01,Zozu + / DER AL581 (eobs2541),47.752678,9.046464,47.75068,8.937178,47.748928,9.043805484872703,7.9743167822942524,8.173459,0,0.017758084,0.76024395,0.46095052,47.752678,9.046463966369629,8.173427096554795
2020-07-22,Angela_DER_AY470_eobs_4001__2020__southbound_01,Angela / DER AY470 (eobs 4001),48.079353,7.790823,48.078793,7.795102,48.076283,7.7879078066371425,0.6029683280764214,0.32390055,0,0.0041302927,0.76024395,0.40369052,48.079353,7.790822982788086,0.3239541921661679
2020-07-22,Mirabell_plus_DER_AN910_eobs_3907__2020__southbound_01,Mirabell + / DER AN910 (eobs 3907),47.80405,8.880236,47.80451,8.880582,47.800552,8.877926397679628,0.48251550122603737,0.056860093,0,0.00332707,0.76024395,0.42491066,47.80405,8.88023567199707,0.05709117008512231
2020-07-22,Sierit_DER_AN858_eobs2561__2020__southbound_01,Sierit  / DER AN858 (eobs2561),47.802734,8.880403,47.802437,8.87918,47.799473,8.88012202532017,0.3370118152238265,0.097034946,0,0.0033291897,0.76024395,0.36281398,47.802734,8.880402565002441,0.09712383267280071
2020-07-22,Zozu_plus_DER_AL581_eobs2541__2020__southbound_01,Zozu + / DER AL581 (eobs2541),47.75068,8.937178,47.75146,8.943488,47.746643,8.934049231408315,0.8860160081922974,0.47975573,0,0.06952763,0.76024395,0.5053247,47.75068,8.937177658081055,0.47973162503945416
2020-07-23,Angela_DER_AY470_eobs_4001__2020__southbound_01,Angela / DER AY470 (eobs 4001),48.078793,7.795102,48.130234,7.757916,48.0753,7.792882656258166,6.637476493386922,6.3514075,0,0.0029631003,0.76024395,0.42115667,48.078793,7.795102119445801,6.351586461000381
2020-07-23,Mirabell_plus_DER_AN910_eobs_3907__2020__southbound_01,Mirabell + / DER AN910 (eobs 3907),47.80451,8.880582,47.804596,8.880081,47.800934,8.879469890236136,0.40975999273916774,0.038643647,0,0.003076029,0.76024395,0.40518618,47.80451,8.880581855773926,0.03864518835489301
2020-07-23,Sierit_DER_AN858_eobs2561__2020__southbound_01,Sierit  / DER AN858 (eobs2561),47.802437,8.87918,47.80405,8.879537,47.799267,8.878948996161666,0.5337238444554847,0.18138207,0,0.0041768677,0.76024395,0.352315,47.802437,8.879179954528809,0.18139300969485514
2020-07-23,Zozu_plus_DER_AL581_eobs2541__2020__southbound_01,Zozu + / DER AL581 (eobs2541),47.75146,8.943488,47.738705,8.933483,47.747417,8.941328757865632,1.1325910779322717,1.6035222,0,0.021645587,0.76024395,0.47695112,47.75146,8.943488121032715,1.6036237516574503
2020-07-24,Angela_DER_AY470_eobs_4001__2020__southbound_01,Angela / DER AY470 (eobs 4001),48.130234,7.757916,48.134933,7.7552156,48.12699,7.754352142292865,0.8854556457154434,0.559683,0,0.004304541,0.76024395,0.44629368,48.130234,7.75791597366333,0.5596908930085972
2020-07-24,Mirabell_plus_DER_AN910_eobs_3907__2020__southbound_01,Mirabell + / DER AN910 (eobs 3907),47.804596,8.880081,47.805126,8.884488,47.801243,8.87720991862793,0.6942259979096538,0.33440727,0,0.0045718,0.76024395,0.4294732,47.804596,8.880081176757812,0.3343710112886586
2020-07-24,Sierit_DER_AN858_eobs2561__2020__southbound_01,Sierit  / DER AN858 (eobs2561),47.80405,8.879537,47.80343,8.8801155,47.80064,8.878541496679278,0.3316105821514071,0.08153231,0,0.004252024,0.76024395,0.38574734,47.80405,8.879536628723145,0.08154543675404535
2020-07-24,Zozu_plus_DER_AL581_eobs2541__2020__southbound_01,Zozu + / DER AL581 (eobs2541),47.738705,8.933483,47.742996,8.9434595,47.734768,8.930663070561415,1.323939383756199,0.885505,0,0.033217765,0.76024395,0.485202,47.738705,8.933483123779297,0.885573389093247
2020-07-25,Angela_DER_AY470_eobs_4001__2020__southbound_01,Angela / DER AY470 (eobs 4001),48.134933,7.7552156,48.11386,7.7588625,48.131317,7.75207101076226,2.0054217021556147,2.3586595,0,0.0039647496,0.76024395,0.4641179,48.134933,7.755215644836426,2.3587291168079267
2020-07-25,Mirabell_plus_DER_AN910_eobs_3907__2020__southbound_01,Mirabell + / DER AN910 (eobs 3907),47.805126,8.884488,47.80425,8.879274,47.801422,8.882869850564715,0.41340857495433314,0.40133238,0,0.003634593,0.76024395,0.42834008,47.805126,8.884488105773926,0.4014251971001572
2020-07-25,Sierit_DER_AN858_eobs2561__2020__southbound_01,Sierit  / DER AN858 (eobs2561),47.80343,8.8801155,47.80406,8.879292,47.800217,8.880292567121964,0.43405667081500127,0.093487225,0,0.0037898475,0.76024395,0.35671753,47.80343,8.880115509033203,0.09351561148097418
2020-07-25,Zozu_plus_DER_AL581_eobs2541__2020__southbound_01,Zozu + / DER AL581 (eobs2541),47.742996,8.9434595,47.75187,9.055327,47.738873,8.9412819361101,8.648834042828677,8.422084,0,0.032443836,0.76024395,0.48564452,47.742996,8.943459510803223,8.42208131768559
2020-07-26,Angela_DER_AY470_eobs_4001__2020__southbound_01,Angela / DER AY470 (eobs 4001),48.11386,7.7588625,48.094044,7.759154,48.110207,7.756789550856543,1.8057866108265557,2.2034698,0,0.0033902777,0.76024395,0.4338571,48.11386,7.758862495422363,2.203698270120726
2020-07-26,Mirabell_plus_DER_AN910_eobs_3907__2020__southbound_01,Mirabell + / DER AN910 (eobs 3907),47.80425,8.879274,47.80407,8.879509,47.800728,8.876814999820434,0.4225578127036549,0.026495254,0,0.004259327,0.76024395,0.43164876,47.80425,8.879274368286133,0.026541700465792965
2020-07-26,Sierit_DER_AN858_eobs2561__2020__southbound_01,Sierit  / DER AN858 (eobs2561),47.80406,8.879292,47.80366,8.87938,47.800556,8.878211533174637,0.3561415587854926,0.045303028,0,0.0047653024,0.76024395,0.39757913,47.80406,8.879291534423828,0.04502832978154727
2020-07-26,Zozu_plus_DER_AL581_eobs2541__2020__southbound_01,Zozu + / DER AL581 (eobs2541),47.75187,9.055327,47.75261,9.0552635,47.747787,9.053528182262664,0.551631934080917,0.08270326,0,0.020585906,0.76024395,0.47242174,47.75187,9.055327415466309,0.082428593311816
2020-07-27,Angela_DER_AY470_eobs_4001__2020__southbound_01,Angela / DER AY470 (eobs 4001),48.094044,7.759154,48.118874,7.7591324,48.090843,7.7578348602607585,3.1183307773347972,2.760724,0,0.004135898,0.76024395,0.36862257,48.094044,7.759153842926025,2.7609592351801644
2020-07-27,Mirabell_plus_DER_AN910_eobs_3907__2020__southbound_01,Mirabell + / DER AN910 (eobs 3907),47.80407,8.879509,47.804268,8.879241,47.800488,8.878068212759196,0.42938722039640137,0.029602265,0,0.0038002406,0.76024395,0.41170368,47.80407,8.879508972167969,0.029784208912800415
2020-07-27,Sierit_DER_AN858_eobs2561__2020__southbound_01,Sierit  / DER AN858 (eobs2561),47.80366,8.87938,47.803837,8.874597,47.80035,8.879279579994673,0.5221549979305502,0.35786223,0,0.0040931613,0.76024395,0.36756486,47.80366,8.879380226135254,0.3578056719693393
2020-07-27,Zozu_plus_DER_AL581_eobs2541__2020__southbound_01,Zozu + / DER AL581 (eobs2541),47.75261,9.0552635,47.751163,9.055356,47.7487,9.053891345968593,0.2950880419396477,0.1609604,0,0.03171015,0.76024395,0.44573107,47.75261,9.05526351928711,0.16091122992875478
2020-07-28,Angela_DER_AY470_eobs_4001__2020__southbound_01,Angela / DER AY470 (eobs 4001),48.118874,7.7591324,48.13619,7.750192,48.115444,7.75561232525241,2.341485538085855,2.036373,0,0.005679475,0.76024395,0.4616111,48.118874,7.759132385253906,2.036466368979439
2020-07-28,Mirabell_plus_DER_AN910_eobs_3907__2020__southbound_01,Mirabell + / DER AN910 (eobs 3907),47.804268,8.879241,47.805023,8.880242,47.800743,8.875788619500966,0.5806493279738454,0.11251746,0,0.0051045693,0.76024395,0.46846026,47.804268,8.879240989685059,0.11245815833323151
2020-07-28,Sierit_DER_AN858_eobs2561__2020__southbound_01,Sierit  / DER AN858 (eobs2561),47.803837,8.874597,47.801712,8.878815,47.800175,8.872070991975955,0.5319087433090742,0.39379263,0,0.007722428,0.76024395,0.44811937,47.803837,8.87459659576416,0.39379284837812306
2020-07-28,Zozu_plus_DER_AL581_eobs2541__2020__southbound_01,Zozu + / DER AL581 (eobs2541),47.751163,9.055356,47.75156,9.044932,47.747223,9.052683473744603,0.7539448653652926,0.78052145,0,0.022628594,0.76024395,0.48064333,47.751163,9.0553560256958,0.7805405169329152
2020-07-29,Angela_DER_AY470_eobs_4001__2020__southbound_01,Angela / DER AY470 (eobs 4001),48.13619,7.750192,48.112957,7.749811,48.13271,7.745400316180463,2.22064919504112,2.5831995,0,0.0074854614,0.76024395,0.52466536,48.13619,7.750192165374756,2.5833839936574337
2020-07-29,Mirabell_plus_DER_AN910_eobs_3907__2020__southbound_01,Mirabell + / DER AN910 (eobs 3907),47.805023,8.880242,47.804268,8.879628,47.801216,8.877639998220742,0.37040827695391,0.0956753,0,0.003954147,0.76024395,0.46487105,47.805023,8.880242347717285,0.09569619416668677
2020-07-29,Sierit_DER_AN858_eobs2561__2020__southbound_01,Sierit  / DER AN858 (eobs2561),47.801712,8.878815,47.80434,8.878934,47.79813,8.87773474367032,0.696341969391344,0.29227868,0,0.004796177,0.76024395,0.40562794,47.801712,8.878814697265625,0.29239255508802725
2020-07-29,Zozu_plus_DER_AL581_eobs2541__2020__southbound_01,Zozu + / DER AL581 (eobs2541),47.75156,9.044932,47.75081,9.05771,47.747505,9.041716599430535,1.250877481607123,0.95889604,0,0.053113744,0.76024395,0.5101069,47.75156,9.04493236541748,0.9589088287020968
2020-07-30,Angela_DER_AY470_eobs_4001__2020__southbound_01,Angela / DER AY470 (eobs 4001),48.112957,7.749811,48.110836,7.7511034,48.109524,7.745500126543433,0.4408629330999682,0.25480202,0,0.0068209497,0.76024395,0.4973727,48.112957,7.749811172485352,0.2546083763443355
2020-07-30,Mirabell_plus_DER_AN910_eobs_3907__2020__southbound_01,Mirabell + / DER AN910 (eobs 3907),47.804268,8.879628,47.804283,8.879304,47.80055,8.876548240868438,0.4634746020058262,0.024246003,0,0.003653986,0.76024395,0.47244972,47.804268,8.87962818145752,0.024276206336344374
2020-07-30,Sierit_DER_AN858_eobs2561__2020__southbound_01,Sierit  / DER AN858 (eobs2561),47.80434,8.878934,47.80275,8.879794,47.80035,8.87629775509782,0.3733379920471677,0.18807447,0,0.004874067,0.76024395,0.48466626,47.80434,8.878933906555176,0.18818769664520535
2020-07-30,Zozu_plus_DER_AL581_eobs2541__2020__southbound_01,Zozu + / DER AL581 (eobs2541),47.75081,9.05771,47.734444,9.0594015,47.74655,9.054295340609356,1.3994302450224867,1.8240228,0,0.023037946,0.76024395,0.5368769,47.75081,9.057709693908691,1.824105139078763
2020-07-31,Angela_DER_AY470_eobs_4001__2020__southbound_01,Angela / DER AY470 (eobs 4001),48.110836,7.7511034,48.110123,7.7515616,48.107388,7.747314316181355,0.4381140368046232,0.08604845,0,0.0073743057,0.76024395,0.47490805,48.110836,7.751103401184082,0.08630921995026436
2020-07-31,Mirabell_plus_DER_AN910_eobs_3907__2020__southbound_01,Mirabell + / DER AN910 (eobs 3907),47.804283,8.879304,47.80375,8.879278,47.80099,8.875539382835823,0.41476522764364615,0.05941004,0,0.00748034,0.76024395,0.4606812,47.804283,8.879303932189941,0.05941571048080278
2020-07-31,Sierit_DER_AN858_eobs2561__2020__southbound_01,Sierit  / DER AN858 (eobs2561),47.80275,8.879794,47.802124,8.877056,47.798733,8.878055347438432,0.38440682446649743,0.21591215,0,0.0034085922,0.76024395,0.46428117,47.80275,8.879794120788574,0.21600537465633066
2020-07-31,Zozu_plus_DER_AL581_eobs2541__2020__southbound_01,Zozu + / DER AL581 (eobs2541),47.734444,9.0594015,47.7341,9.0592375,47.730053,9.055298398388098,0.5378994853957978,0.03991692,0,0.032152727,0.76024395,0.5756699,47.734444,9.059401512145996,0.040098382051757274
2020-08-01,Angela_DER_AY470_eobs_4001__2020__southbound_01,Angela / DER AY470 (eobs 4001),48.110123,7.7515616,48.119095,7.752543,48.10667,7.747925156219599,1.4234415541857672,1.0003593,0,0.015672244,0.76024395,0.4684186,48.110123,7.751561641693115,1.0003173744957428
2020-08-01,Mirabell_plus_DER_AN910_eobs_3907__2020__southbound_01,Mirabell + / DER AN910 (eobs 3907),47.80375,8.879278,47.801517,8.881068,47.800217,8.875853810988756,0.4154611204617164,0.28181353,0,0.008383969,0.76024395,0.4679926,47.80375,8.879278182983398,0.2818674735389533
2020-08-01,Sierit_DER_AN858_eobs2561__2020__southbound_01,Sierit  / DER AN858 (eobs2561),47.802124,8.877056,47.80157,8.879406,47.798603,8.873793009397144,0.5335451612471053,0.18609858,0,0.010564641,0.76024395,0.4604998,47.802124,8.877056121826172,0.18597407593546184
2020-08-01,Zozu_plus_DER_AL581_eobs2541__2020__southbound_01,Zozu + / DER AL581 (eobs2541),47.7341,9.0592375,47.73418,9.059055,47.729343,9.054397546433977,0.6408115212357213,0.016201591,0,0.06469045,0.76024395,0.63989574,47.7341,9.059237480163574,0.01627636515316985
2020-08-02,Angela_DER_AY470_eobs_4001__2020__southbound_01,Angela / DER AY470 (eobs 4001),48.119095,7.752543,48.1105,7.7516613,48.115093,7.748554509253854,0.5603769737784372,0.9582505,0,0.030249,0.76024395,0.5335835,48.119095,7.752542972564697,0.9579064057973864
2020-08-02,Mirabell_plus_DER_AN910_eobs_3907__2020__southbound_01,Mirabell + / DER AN910 (eobs 3907),47.801517,8.881068,47.80198,8.882164,47.798,8.878538686129238,0.5187042842670848,0.09659655,0,0.008606295,0.76024395,0.43348813,47.801517,8.881068229675293,0.09660487336390158
2020-08-02,Sierit_DER_AN858_eobs2561__2020__southbound_01,Sierit  / DER AN858 (eobs2561),47.80157,8.879406,47.80255,8.879455,47.798103,8.87791388504248,0.5078004044142416,0.10942046,0,0.0077112727,0.76024395,0.40068915,47.80157,8.879405975341797,0.10907363084287197
2020-08-02,Zozu_plus_DER_AL581_eobs2541__2020__southbound_01,Zozu + / DER AL581 (eobs2541),47.73418,9.059055,47.751205,9.055039,47.72879,9.053891785321017,2.4939325745187797,1.9168506,0,0.10387843,0.76024395,0.7116989,47.73418,9.05905532836914,1.9167638751163365
2020-08-03,Angela_DER_AY470_eobs_4001__2020__southbound_01,Angela / DER AY470 (eobs 4001),48.1105,7.7516613,48.118458,7.7512507,48.106945,7.749462248442731,1.2870295304283903,0.8855254,0,0.014362247,0.76024395,0.42681238,48.1105,7.75166130065918,0.8853550305554854
2020-08-03,Mirabell_plus_DER_AN910_eobs_3907__2020__southbound_01,Mirabell + / DER AN910 (eobs 3907),47.80198,8.882164,47.802,8.881389,47.79862,8.881062482064088,0.3766084117343727,0.057967026,0,0.0063781077,0.76024395,0.3819176,47.80198,8.882164001464844,0.05794811474783098
2020-08-03,Sierit_DER_AN858_eobs2561__2020__southbound_01,Sierit  / DER AN858 (eobs2561),47.80255,8.879455,47.80252,8.879926,47.799244,8.87924034613893,0.36794532550301995,0.03534119,0,0.007640077,0.76024395,0.3672571,47.80255,8.879454612731934,0.035350074587552405
2020-08-03,Zozu_plus_DER_AL581_eobs2541__2020__southbound_01,Zozu + / DER AL581 (eobs2541),47.751205,9.055039,47.736034,9.059146,47.74595,9.051167460474796,1.2535125784396266,1.714823,0,0.07618171,0.76024395,0.651207,47.751205,9.055039405822754,1.714663722417339
2020-08-04,Angela_DER_AY470_eobs_4001__2020__southbound_01,Angela / DER AY470 (eobs 4001),48.118458,7.7512507,48.13407,7.750055,48.114857,7.749519700424996,2.1369415165747894,1.7384578,0,0.012026922,0.76024395,0.41974235,48.118458,7.751250743865967,1.7384181509184162
2020-08-04,Mirabell_plus_DER_AN910_eobs_3907__2020__southbound_01,Mirabell + / DER AN910 (eobs 3907),47.802,8.881389,47.804176,8.880342,47.798756,8.880692988340874,0.6033248253713106,0.25464866,0,0.006137941,0.76024395,0.36371464,47.802,8.881388664245605,0.25451793753329743
2020-08-04,Sierit_DER_AN858_eobs2561__2020__southbound_01,Sierit  / DER AN858 (eobs2561),47.80252,8.879926,47.803734,8.8798895,47.799816,8.880648118514577,0.43929781625593944,0.13508993,0,0.0070660496,0.76024395,0.3052046,47.80252,8.879925727844238,0.13491498374155844
2020-08-04,Zozu_plus_DER_AL581_eobs2541__2020__southbound_01,Zozu + / DER AL581 (eobs2541),47.736034,9.059146,47.75154,9.055089,47.731575,9.056818441118745,2.223898152210785,1.7505949,0,0.058786884,0.76024395,0.5245513,47.736034,9.0591459274292,1.7507540651998534
2020-08-05,Angela_DER_AY470_eobs_4001__2020__southbound_01,Angela / DER AY470 (eobs 4001),48.13407,7.750055,48.13684,7.751662,48.13036,7.747955440709481,0.7713784814251646,0.33039397,0,0.0068373634,0.76024395,0.44033378,48.13407,7.750054836273193,0.33023376799995713
2020-08-05,Mirabell_plus_DER_AN910_eobs_3907__2020__southbound_01,Mirabell + / DER AN910 (eobs 3907),47.804176,8.880342,47.804016,8.879706,47.800755,8.87975576049565,0.362688861808796,0.050645165,0,0.003908037,0.76024395,0.38243306,47.804176,8.880341529846191,0.05067175095301998
2020-08-05,Sierit_DER_AN858_eobs2561__2020__southbound_01,Sierit  / DER AN858 (eobs2561),47.803734,8.8798895,47.801804,8.879307,47.8008,8.88120723526802,0.18053645844738486,0.219232,0,0.0042948644,0.76024395,0.3401496,47.803734,8.879889488220215,0.2190006299276068
2020-08-05,Zozu_plus_DER_AL581_eobs2541__2020__southbound_01,Zozu + / DER AL581 (eobs2541),47.75154,9.055089,47.74875,8.938176,47.748222,9.053920494098007,8.65394497508957,8.746356,0,0.036044315,0.76024395,0.37858567,47.75154,9.055088996887207,8.746345694843587
2020-08-06,Angela_DER_AY470_eobs_4001__2020__southbound_01,Angela / DER AY470 (eobs 4001),48.13684,7.751662,48.13066,7.756162,48.132786,7.747907518748695,0.6565909232294627,0.7641024,0,0.0036393534,0.76024395,0.52906,48.13684,7.751661777496338,0.7640263616165007
2020-08-06,Mirabell_plus_DER_AN910_eobs_3907__2020__southbound_01,Mirabell + / DER AN910 (eobs 3907),47.804016,8.879706,47.803608,8.879683,47.800514,8.878368773211522,0.3577271694971398,0.045647427,0,0.0033694329,0.76024395,0.4013127,47.804016,8.879706382751465,0.04542170295584495
2020-08-06,Sierit_DER_AN858_eobs2561__2020__southbound_01,Sierit  / DER AN858 (eobs2561),47.801804,8.879307,47.80406,8.874309,47.79883,8.880253234154532,0.7320031522189612,0.44998452,0,0.003184738,0.76024395,0.33762145,47.801804,8.87930679321289,0.4499043533368989
2020-08-06,Zozu_plus_DER_AL581_eobs2541__2020__southbound_01,Zozu + / DER AL581 (eobs2541),47.74875,8.938176,47.7513,9.049513,47.74543,8.935935663593666,8.516793584144784,8.328834,0,0.04500137,0.76024395,0.40463835,47.74875,8.938176155090332,8.328795396161903
2020-08-07,Angela_DER_AY470_eobs_4001__2020__southbound_01,Angela / DER AY470 (eobs 4001),48.13066,7.756162,48.077835,7.753861,48.126625,7.753084592458824,5.425511812275745,5.8765535,0,0.004027121,0.76024395,0.50264704,48.13066,7.756162166595459,5.876468091270059
2020-08-07,Mirabell_plus_DER_AN910_eobs_3907__2020__southbound_01,Mirabell + / DER AN910 (eobs 3907),47.803608,8.879683,47.80384,8.879082,47.800106,8.877586521144652,0.4300219324522335,0.051877484,0,0.0037105952,0.76024395,0.4189003,47.803608,8.879682540893555,0.0517983977921186
2020-08-07,Sierit_DER_AN858_eobs2561__2020__southbound_01,Sierit  / DER AN858 (eobs2561),47.80406,8.874309,47.804363,8.878179,47.800957,8.873163817071084,0.5326957735689967,0.29098287,0,0.0045449226,0.76024395,0.35522228,47.80406,8.874308586120605,0.2909715027961291
2020-08-07,Zozu_plus_DER_AL581_eobs2541__2020__southbound_01,Zozu + / DER AL581 (eobs2541),47.7513,9.049513,47.75267,9.048279,47.747494,9.046444820302108,0.5917121865983358,0.178104,0,0.018791886,0.76024395,0.4805078,47.7513,9.04951286315918,0.17804679333240042
2020-08-08,Angela_DER_AY470_eobs_4001__2020__southbound_01,Angela / DER AY470 (eobs 4001),48.077835,7.753861,48.133186,7.7520914,48.074085,7.750588297350274,6.572699811664396,6.1561165,0,0.009853583,0.76024395,0.4817161,48.077835,7.753860950469971,6.1561898045759635
2020-08-08,Mirabell_plus_DER_AN910_eobs_3907__2020__southbound_01,Mirabell + / DER AN910 (eobs 3907),47.80384,8.879082,47.80333,8.881425,47.800877,8.8761719589926,0.4778265990020057,0.18411863,0,0.011698549,0.76024395,0.3941463,47.80384,8.879081726074219,0.18400366171817434
2020-08-08,Sierit_DER_AN858_eobs2561__2020__southbound_01,Sierit  / DER AN858 (eobs2561),47.804363,8.878179,47.802174,8.8844185,47.800976,8.87686557476851,0.5796353795909047,0.5258565,0,0.0034541881,0.76024395,0.38841867,47.804363,8.878178596496582,0.5258088479981722
2020-08-08,Zozu_plus_DER_AL581_eobs2541__2020__southbound_01,Zozu + / DER AL581 (eobs2541),47.75267,9.048279,47.752693,9.048364,47.74885,9.043900469815146,0.5420300820416643,0.00669525,0,0.048102994,0.76024395,0.5353229,47.75267,9.04827880859375,0.006836775525319844
2020-08-09,Angela_DER_AY470_eobs_4001__2020__southbound_01,Angela / DER AY470 (eobs 4001),48.133186,7.7520914,48.13434,7.757279,48.129364,7.747661310276655,0.902993807881567,0.40571624,0,0.023801994,0.76024395,0.5364847,48.133186,7.752091407775879,0.40572372121503947
2020-08-09,Mirabell_plus_DER_AN910_eobs_3907__2020__southbound_01,Mirabell + / DER AN910 (eobs 3907),47.80333,8.881425,47.804207,8.884075,47.80007,8.87864542030753,0.6130954972360282,0.22061722,0,0.009567579,0.76024395,0.41686904,47.80333,8.881424903869629,0.22067594863520762
2020-08-09,Sierit_DER_AN858_eobs2561__2020__southbound_01,Sierit  / DER AN858 (eobs2561),47.802174,8.8844185,47.804115,8.879583,47.79893,8.882816607140166,0.6249941625973464,0.42069113,0,0.004163432,0.76024395,0.37919962,47.802174,8.884418487548828,0.4207439281495995
2020-08-09,Zozu_plus_DER_AL581_eobs2541__2020__southbound_01,Zozu + / DER AL581 (eobs2541),47.752693,9.048364,47.751923,9.056243,47.748394,9.043458749783367,1.0331933366108523,0.59520936,0,0.029482514,0.76024395,0.60147476,47.752693,9.04836368560791,0.5952568011688303
2020-08-10,Angela_DER_AY470_eobs_4001__2020__southbound_01,Angela / DER AY470 (eobs 4001),48.13434,7.757279,48.13766,7.754049,48.130802,7.753565124113153,0.7635119288291897,0.44042474,0,0.016324295,0.76024395,0.4793642,48.13434,7.757278919219971,0.4404014898839913
2020-08-10,Mirabell_plus_DER_AN910_eobs_3907__2020__southbound_01,Mirabell + / DER AN910 (eobs 3907),47.804207,8.884075,47.80309,8.885117,47.801193,8.881403486949845,0.34835789625972885,0.14631747,0,0.012715145,0.76024395,0.38922682,47.804207,8.884075164794922,0.14661535074235238
2020-08-10,Sierit_DER_AN858_eobs2561__2020__southbound_01,Sierit  / DER AN858 (eobs2561),47.804115,8.879583,47.80414,8.882941,47.801407,8.876928050006086,0.5421649259956951,0.25078848,0,0.012228724,0.76024395,0.36010006,47.804115,8.879583358764648,0.2508003897832913
2020-08-10,Zozu_plus_DER_AL581_eobs2541__2020__southbound_01,Zozu + / DER AL581 (eobs2541),47.751923,9.056243,47.751312,9.042446,47.747395,9.051081233209326,0.7788280596721768,1.0336602,0,0.03349093,0.76024395,0.6332613,47.751923,9.056242942810059,1.0337010898530443
2020-08-11,Angela_DER_AY470_eobs_4001__2020__southbound_01,Angela / DER AY470 (eobs 4001),48.13766,7.754049,48.133595,7.757238,48.134556,7.749506253545212,0.5836418570078183,0.5103627,0,0.041781355,0.76024395,0.48157537,48.13766,7.754048824310303,0.5103577468135397
2020-08-11,Mirabell_plus_DER_AN910_eobs_3907__2020__southbound_01,Mirabell + / DER AN910 (eobs 3907),47.80309,8.885117,47.80299,8.883186,47.80007,8.882673046836352,0.32675119607686093,0.14459674,0,0.017601898,0.76024395,0.381459,47.80309,8.885116577148438,0.14458608639859524
2020-08-11,Sierit_DER_AN858_eobs2561__2020__southbound_01,Sierit  / DER AN858 (eobs2561),47.80414,8.882941,47.803635,8.88179,47.80105,8.880995643664553,0.29364946897045135,0.102566384,0,0.0061152764,0.76024395,0.37249574,47.80414,8.882941246032715,0.10259593816289998
2020-08-11,Zozu_plus_DER_AL581_eobs2541__2020__southbound_01,Zozu + / DER AL581 (eobs2541),47.751312,9.042446,47.751488,9.042528,47.745274,9.034340094382637,0.9231645460763989,0.02043127,0,0.16088477,0.76024395,0.90284157,47.751312,9.04244613647461,0.02045283547174539
2020-08-12,Angela_DER_AY470_eobs_4001__2020__southbound_01,Angela / DER AY470 (eobs 4001),48.133595,7.757238,48.12931,7.758246,48.130066,7.753671368474753,0.3497443460526446,0.48210394,0,0.030939331,0.76024395,0.4725775,48.133595,7.757237911224365,0.4821878594347355
2020-08-12,Mirabell_plus_DER_AN910_eobs_3907__2020__southbound_01,Mirabell + / DER AN910 (eobs 3907),47.80299,8.883186,47.8024,8.880038,47.798294,8.878753739444338,0.4663880223618716,0.24406165,0,0.13459335,0.76024395,0.6170989,47.80299,8.883186340332031,0.24414356973795337
2020-08-12,Sierit_DER_AN858_eobs2561__2020__southbound_01,Sierit  / DER AN858 (eobs2561),47.803635,8.88179,47.802116,8.878421,47.80059,8.879678846562305,0.19395031771368718,0.30313113,0,0.012635159,0.76024395,0.37278503,47.803635,8.881790161132812,0.30303080476523014
2020-08-12,Zozu_plus_DER_AL581_eobs2541__2020__southbound_01,Zozu + / DER AL581 (eobs2541),47.751488,9.042528,47.752216,9.048985,47.746296,9.036571064504683,1.1378666471614116,0.4894771,0,0.057988543,0.76024395,0.7279346,47.751488,9.04252815246582,0.48943853812710836
2020-08-13,Angela_DER_AY470_eobs_4001__2020__southbound_01,Angela / DER AY470 (eobs 4001),48.12931,7.758246,48.137924,7.7551374,48.12569,7.755143412262866,1.3603311203561232,0.98488975,0,0.030777493,0.76024395,0.4628604,48.12931,7.758245944976807,0.985177357971529
2020-08-13,Mirabell_plus_DER_AN910_eobs_3907__2020__southbound_01,Mirabell + / DER AN910 (eobs 3907),47.8024,8.880038,47.801975,8.880928,47.79668,8.874493247473293,0.7600277464820958,0.08143424,0,0.22863978,0.76024395,0.75760365,47.8024,8.880038261413574,0.08144523089095562
2020-08-13,Sierit_DER_AN858_eobs2561__2020__southbound_01,Sierit  / DER AN858 (eobs2561),47.802116,8.878421,47.801846,8.874303,47.79895,8.876330220860806,0.3557825529241942,0.3089978,0,0.020704247,0.76024395,0.38463303,47.802116,8.87842082977295,0.30903842601952314
2020-08-13,Zozu_plus_DER_AL581_eobs2541__2020__southbound_01,Zozu + / DER AL581 (eobs2541),47.752216,9.048985,47.744904,9.058249,47.7473,9.04400656885043,1.0977455114346137,1.0683438,0,0.028380057,0.76024395,0.6601196,47.752216,9.04898452758789,1.0681951198807929
2020-08-14,Angela_DER_AY470_eobs_4001__2020__southbound_01,Angela / DER AY470 (eobs 4001),48.137924,7.7551374,48.134556,7.7556753,48.133846,7.75181768647829,0.2969486257724661,0.3762953,0,0.037922878,0.76024395,0.5152607,48.137924,7.7551374435424805,0.37666776916567457
2020-08-14,Mirabell_plus_DER_AN910_eobs_3907__2020__southbound_01,Mirabell + / DER AN910 (eobs 3907),47.801975,8.880928,47.802505,8.879974,47.79797,8.877715131401958,0.5318259421116265,0.09236304,0,0.13060257,0.76024395,0.5050686,47.801975,8.880928039550781,0.09246550883185699
2020-08-14,Sierit_DER_AN858_eobs2561__2020__southbound_01,Sierit  / DER AN858 (eobs2561),47.801846,8.874303,47.8021,8.879501,47.79848,8.872514626081639,0.6590652711962768,0.38924038,0,0.031996977,0.76024395,0.39639533,47.801846,8.874302864074707,0.3893088662206597
2020-08-14,Zozu_plus_DER_AL581_eobs2541__2020__southbound_01,Zozu + / DER AL581 (eobs2541),47.744904,9.058249,47.750763,9.058613,47.740257,9.054403760997081,1.2098295949300795,0.6523194,0,0.03289713,0.76024395,0.59029263,47.744904,9.058249473571777,0.6520998010101903
2020-08-15,Angela_DER_AY470_eobs_4001__2020__southbound_01,Angela / DER AY470 (eobs 4001),48.134556,7.7556753,48.13698,7.7535634,48.131016,7.753732696486185,0.663105437142735,0.31143692,0,0.017497864,0.76024395,0.41846862,48.134556,7.755675315856934,0.31162738304161003
2020-08-15,Mirabell_plus_DER_AN910_eobs_3907__2020__southbound_01,Mirabell + / DER AN910 (eobs 3907),47.802505,8.879974,47.801968,8.877976,47.797653,8.875862741887298,0.5050520159941712,0.16066635,0,0.17196363,0.76024395,0.619678,47.802505,8.879974365234375,0.16076376801273579
2020-08-15,Sierit_DER_AN858_eobs2561__2020__southbound_01,Sierit  / DER AN858 (eobs2561),47.8021,8.879501,47.803947,8.879425,47.799103,8.878632869419489,0.5419425378612066,0.20555454,0,0.01877616,0.76024395,0.33915624,47.8021,8.879501342773438,0.20538003818731718
2020-08-15,Zozu_plus_DER_AL581_eobs2541__2020__southbound_01,Zozu + / DER AL581 (eobs2541),47.750763,9.058613,47.75135,8.989122,47.746166,9.054639807790604,4.932255322955897,5.195707,0,0.039690312,0.76024395,0.590182,47.750763,9.058612823486328,5.195679446571643
2020-08-16,Angela_DER_AY470_eobs_4001__2020__southbound_01,Angela / DER AY470 (eobs 4001),48.13698,7.7535634,48.135075,7.755437,48.133125,7.749627566856945,0.4825354733331174,0.2531464,0,0.039128684,0.76024395,0.51771945,48.13698,7.753563404083252,0.2532392766713713
2020-08-16,Mirabell_plus_DER_AN910_eobs_3907__2020__southbound_01,Mirabell + / DER AN910 (eobs 3907),47.801968,8.877976,47.80295,8.879338,47.79708,8.873243124045715,0.7958743587997846,0.14934935,0,0.21865012,0.76024395,0.64715767,47.801968,8.877976417541504,0.1494065538406622
2020-08-16,Sierit_DER_AN858_eobs2561__2020__southbound_01,Sierit  / DER AN858 (eobs2561),47.803947,8.879425,47.802776,8.878763,47.800446,8.877726626741117,0.2704880798174635,0.13947043,0,0.011331476,0.76024395,0.4088692,47.803947,8.879425048828125,0.13928832557136425
2020-08-16,Zozu_plus_DER_AL581_eobs2541__2020__southbound_01,Zozu + / DER AL581 (eobs2541),47.75135,8.989122,47.752777,9.051551,47.74517,8.981077464989166,5.336423710505179,4.66992,0,0.16429688,0.76024395,0.91162,47.75135,8.98912239074707,4.669905218865601
2020-08-17,Angela_DER_AY470_eobs_4001__2020__southbound_01,Angela / DER AY470 (eobs 4001),48.135075,7.755437,48.14024,7.749622,48.13144,7.7522148797347805,0.9973120888800291,0.71817833,0,0.029028988,0.76024395,0.4687697,48.135075,7.755436897277832,0.7183707588002973
2020-08-17,Mirabell_plus_DER_AN910_eobs_3907__2020__southbound_01,Mirabell + / DER AN910 (eobs 3907),47.80295,8.879338,47.802795,8.879619,47.799873,8.876610914677652,0.3950172156438613,0.027231557,0,0.07353387,0.76024395,0.39777845,47.80295,8.879338264465332,0.027220942015571924
2020-08-17,Sierit_DER_AN858_eobs2561__2020__southbound_01,Sierit  / DER AN858 (eobs2561),47.802776,8.878763,47.80275,8.879657,47.799076,8.877628450367125,0.4356701834777865,0.06675763,0,0.006284397,0.76024395,0.41943893,47.802776,8.878763198852539,0.0668067248525399
2020-08-17,Zozu_plus_DER_AL581_eobs2541__2020__southbound_01,Zozu + / DER AL581 (eobs2541),47.752777,9.051551,47.75158,9.056366,47.74769,9.04701729830399,0.8220229353744287,0.38397732,0,0.023751922,0.76024395,0.65850914,47.752777,9.05155086517334,0.38383059030054
2020-08-18,Angela_DER_AY470_eobs_4001__2020__southbound_01,Angela / DER AY470 (eobs 4001),48.14024,7.749622,47.98552,7.7342486,48.13624,7.745933535484308,16.78165905611967,17.241764,0,0.059577234,0.76024395,0.521399,48.14024,7.749621868133545,17.242026589250525
2020-08-18,Mirabell_plus_DER_AN910_eobs_3907__2020__southbound_01,Mirabell + / DER AN910 (eobs 3907),47.802795,8.879619,47.80365,8.8796215,47.800213,8.877781898914316,0.40613011249851166,0.094866306,0,0.043845296,0.76024395,0.31750777,47.802795,8.879618644714355,0.09501556762505428
2020-08-18,Sierit_DER_AN858_eobs2561__2020__southbound_01,Sierit  / DER AN858 (eobs2561),47.80275,8.879657,47.80389,8.879673,47.79958,8.87906577024691,0.4814593523890212,0.12698,0,0.007382143,0.76024395,0.35441217,47.80275,8.879656791687012,0.12683427507206987
2020-08-18,Zozu_plus_DER_AL581_eobs2541__2020__southbound_01,Zozu + / DER AL581 (eobs2541),47.75158,9.056366,47.74882,8.941401,47.746716,9.05266702376291,8.322365455759545,8.600712,0,0.025151586,0.76024395,0.60618246,47.75158,9.056365966796875,8.600697963579501
2020-08-19,Angela_DER_AY470_eobs_4001__2020__southbound_01,Angela / DER AY470 (eobs 4001),47.98552,7.7342486,47.778625,7.526185,47.89413,7.643701694768085,15.55300145837235,27.749002,0,0.89465994,0.76024395,12.172128,47.89413,7.643701694768085,15.55300145837235
2020-08-19,Europa_DER_A1A26_eobs_4004__2020__southbound_01,Europa / DER A1A26 (eobs 4004),47.11048,7.4815288,47.112366,7.5149474,47.107254,7.478903481666405,2.786354045135412,2.5376904,0,0.08162072,0.76024395,0.40943,47.11048,7.4815287590026855,2.537675241098385
2020-08-19,Mirabell_plus_DER_AN910_eobs_3907__2020__southbound_01,Mirabell + / DER AN910 (eobs 3907),47.80365,8.8796215,47.80331,8.879771,47.80115,8.877488675767914,0.29445535716156723,0.039173372,0,0.047474526,0.76024395,0.31955704,47.80365,8.879621505737305,0.03937304890747469
2020-08-19,Sierit_DER_AN858_eobs2561__2020__southbound_01,Sierit  / DER AN858 (eobs2561),47.80389,8.879673,47.804024,8.879544,47.800793,8.878166418636065,0.3737244751090598,0.01762509,0,0.00939464,0.76024395,0.3619007,47.80389,8.87967300415039,0.017688052284742992
2020-08-19,Zozu_plus_DER_AL581_eobs2541__2020__southbound_01,Zozu + / DER AL581 (eobs2541),47.74882,8.941401,47.751575,9.056559,47.74324,8.935122845484864,9.12664228839578,8.6150465,0,0.11475109,0.76024395,0.7766694,47.74882,8.941400527954102,8.615076665889086
2020-08-20,Angela_DER_AY470_eobs_4001__2020__southbound_01,Angela / DER AY470 (eobs 4001),47.778625,7.526185,47.26316,6.046625,47.256454,7.102591667914664,79.69173815154613,125.0141,1,0.97299826,0.76024395,66.01369,47.256454,7.102591667914664,79.69173815154613
2020-08-20,Europa_DER_A1A26_eobs_4004__2020__southbound_01,Europa / DER A1A26 (eobs 4004),47.112366,7.5149474,47.108448,7.597963,47.109047,7.513496762396002,6.392772216716898,6.2975197,0,0.02837099,0.76024395,0.38436502,47.112366,7.514947414398193,6.297528834619367
2020-08-20,Mirabell_plus_DER_AN910_eobs_3907__2020__southbound_01,Mirabell + / DER AN910 (eobs 3907),47.80331,8.879771,47.803085,8.87948,47.800724,8.87783702235132,0.2898366489323175,0.03310304,0,0.02203263,0.76024395,0.32112178,47.80331,8.87977123260498,0.033140117424618316
2020-08-20,Sierit_DER_AN858_eobs2561__2020__southbound_01,Sierit  / DER AN858 (eobs2561),47.804024,8.879544,47.804432,8.877387,47.800694,8.87733424117096,0.415710766329509,0.16738598,0,0.00799608,0.76024395,0.40490705,47.804024,8.879544258117676,0.1673842212911025
2020-08-20,Zozu_plus_DER_AL581_eobs2541__2020__southbound_01,Zozu + / DER AL581 (eobs2541),47.751575,9.056559,47.751354,8.933139,47.74671,9.052879191978851,8.967289371644162,9.227062,0,0.021721313,0.76024395,0.6056634,47.751575,9.056558609008789,9.227112487704428
2020-08-21,Angela_DER_AY470_eobs_4001__2020__southbound_01,Angela / DER AY470 (eobs 4001),47.26316,6.046625,46.75634,5.1028695,46.01754,4.92612671062307,83.26185998011252,91.08314,1,0.9860443,0.76024395,161.99095,46.01754,4.92612671062307,83.26185998011252
2020-08-21,Europa_DER_A1A26_eobs_4004__2020__southbound_01,Europa / DER A1A26 (eobs 4004),47.108448,7.597963,47.14373,7.522199,47.105755,7.5950080545793,6.9408231489560475,6.9458055,0,0.042740922,0.76024395,0.37293077,47.108448,7.597962856292725,6.945993140740848
2020-08-21,Mirabell_plus_DER_AN910_eobs_3907__2020__southbound_01,Mirabell + / DER AN910 (eobs 3907),47.803085,8.87948,47.80436,8.879374,47.800526,8.877174201433315,0.45685009956176054,0.14168195,0,0.08544098,0.76024395,0.33223972,47.803085,8.879480361938477,0.1418990572713364
2020-08-21,Sierit_DER_AN858_eobs2561__2020__southbound_01,Sierit  / DER AN858 (eobs2561),47.804432,8.877387,47.80548,8.879814,47.801025,8.873911550473773,0.6631787337502858,0.21562144,0,0.026585238,0.76024395,0.45831123,47.804432,8.877387046813965,0.2155570405508463
2020-08-21,Zozu_plus_DER_AL581_eobs2541__2020__southbound_01,Zozu + / DER AL581 (eobs2541),47.751354,8.933139,47.758503,8.995893,47.74347,8.921105882888952,5.835785370241232,4.758109,0,0.26178753,0.76024395,1.2539568,47.751354,8.933138847351074,4.758133241959139
2020-08-22,Angela_DER_AY470_eobs_4001__2020__southbound_01,Angela / DER AY470 (eobs 4001),46.75634,5.1028695,45.665047,4.7279363,46.33822,4.608774832542404,75.41713557779038,124.72864,1,0.9603514,0.76024395,59.714676,46.33822,4.608774832542404,75.41713557779038
2020-08-22,Europa_DER_A1A26_eobs_4004__2020__southbound_01,Europa / DER A1A26 (eobs 4004),47.14373,7.522199,47.1363,7.5240912,47.138134,7.5117122294222405,0.9583181895854023,0.8384936,0,0.410999,0.76024395,1.0063481,47.14373,7.5221991539001465,0.8385953962166849
2020-08-22,Mirabell_plus_DER_AN910_eobs_3907__2020__southbound_01,Mirabell + / DER AN910 (eobs 3907),47.80436,8.879374,47.80392,8.879947,47.798405,8.872566927042755,0.8246378967491137,0.06470497,0,0.35479054,0.76024395,0.8331567,47.80436,8.879373550415039,0.06489946883158045
2020-08-22,Sierit_DER_AN858_eobs2561__2020__southbound_01,Sierit  / DER AN858 (eobs2561),47.80548,8.879814,47.803898,8.879863,47.801624,8.87559334626029,0.406932642862829,0.17634758,0,0.026210714,0.76024395,0.5314622,47.80548,8.879814147949219,0.17607033584643442
2020-08-22,Zozu_plus_DER_AL581_eobs2541__2020__southbound_01,Zozu + / DER AL581 (eobs2541),47.758503,8.995893,47.749763,9.059016,47.75343,8.989485330164337,5.214198378586304,4.8179927,0,0.046347056,0.76024395,0.7386955,47.758503,8.995892524719238,4.818019420886119
2020-08-23,Angela_DER_AY470_eobs_4001__2020__southbound_01,Angela / DER AY470 (eobs 4001),45.665047,4.7279363,43.503193,3.9061465,44.88428,3.8214270403147106,153.7186532443643,249.03783,1,0.9805971,0.76024395,111.60536,44.88428,3.8214270403147106,153.7186532443643
2020-08-23,Europa_DER_A1A26_eobs_4004__2020__southbound_01,Europa / DER A1A26 (eobs 4004),47.1363,7.5240912,47.119648,7.585053,47.132256,7.519329110165827,5.166242912187747,4.9697304,0,0.13656853,0.76024395,0.5751848,47.1363,7.5240912437438965,4.969721551491427
2020-08-23,Mirabell_plus_DER_AN910_eobs_3907__2020__southbound_01,Mirabell + / DER AN910 (eobs 3907),47.80392,8.879947,47.801846,8.874266,47.794006,8.869733063171122,0.9351216041507984,0.4830556,0,0.4735321,0.76024395,1.3382828,47.80392,8.8799467086792,0.4829914245640213
2020-08-23,Sierit_DER_AN858_eobs2561__2020__southbound_01,Sierit  / DER AN858 (eobs2561),47.803898,8.879863,47.801914,8.874343,47.799763,8.876190371807564,0.2761775344422617,0.46752492,0,0.0612364,0.76024395,0.53449917,47.803898,8.879862785339355,0.4675636384758224
2020-08-23,Zozu_plus_DER_AL581_eobs2541__2020__southbound_01,Zozu + / DER AL581 (eobs2541),47.749763,9.059016,47.752613,9.024365,47.744484,9.052719244769355,2.3045708901669117,2.6099024,0,0.05498446,0.76024395,0.751268,47.749763,9.059016227722168,2.6098753010454527
2020-08-24,Angela_DER_AY470_eobs_4001__2020__southbound_01,Angela / DER AY470 (eobs 4001),43.503193,3.9061465,42.513783,2.8850985,42.954838,3.29011518054326,59.15612356388773,137.82597,1,0.9751007,0.76024395,78.51643,42.954838,3.29011518054326,59.15612356388773
2020-08-24,Europa_DER_A1A26_eobs_4004__2020__southbound_01,Europa / DER A1A26 (eobs 4004),47.119648,7.585053,46.807476,6.80487,47.11555,7.581511480872436,68.17060046240483,68.63028,1,0.09306697,0.76024395,0.5275336,47.119648,7.585052967071533,68.6304106422631
2020-08-24,Mirabell_plus_DER_AN910_eobs_3907__2020__southbound_01,Mirabell + / DER AN910 (eobs 3907),47.801846,8.874266,47.80194,8.880507,47.79094,8.863355124916122,1.7714600377774525,0.46634042,0,0.46508294,0.76024395,1.4583572,47.801846,8.874265670776367,0.4663161628091886
2020-08-24,Sierit_DER_AN858_eobs2561__2020__southbound_01,Sierit  / DER AN858 (eobs2561),47.801914,8.874343,47.80449,8.880633,47.797264,8.869965518115933,1.1315058826609954,0.55024606,0,0.107251845,0.76024395,0.61066604,47.801914,8.874342918395996,0.5501870286379079
2020-08-24,Zozu_plus_DER_AL581_eobs2541__2020__southbound_01,Zozu + / DER AL581 (eobs2541),47.752613,9.024365,47.32858,8.375759,47.74617,9.015032993750994,66.77618393702573,67.77549,1,0.14768481,0.76024395,0.99840146,47.752613,9.024365425109863,67.77567493194478
2020-08-25,Angela_DER_AY470_eobs_4001__2020__southbound_01,Angela / DER AY470 (eobs 4001),42.513783,2.8850985,41.61882,0.69156855,41.97848,2.1820970572124896,129.8663751737055,206.60591,1,0.97677726,0.76024395,82.69832,41.97848,2.1820970572124896,129.8663751737055
2020-08-25,Europa_DER_A1A26_eobs_4004__2020__southbound_01,Europa / DER A1A26 (eobs 4004),46.807476,6.80487,45.077362,4.797459,46.122437,6.219393888511018,160.4380663347933,247.17233,1,0.9755283,0.76024395,88.09393,46.122437,6.219393888511018,160.4380663347933
2020-08-25,Mirabell_plus_DER_AN910_eobs_3907__2020__southbound_01,Mirabell + / DER AN910 (eobs 3907),47.80194,8.880507,47.801964,8.879419,47.795033,8.873816580732901,0.8770154670291261,0.08129735,0,0.25715688,0.76024395,0.91491556,47.80194,8.880507469177246,0.08131234391275695
2020-08-25,Sierit_DER_AN858_eobs2561__2020__southbound_01,Sierit  / DER AN858 (eobs2561),47.80449,8.880633,47.801857,8.879341,47.80026,8.876593113032728,0.27150605667088173,0.30818436,0,0.08157456,0.76024395,0.5578387,47.80449,8.880633354187012,0.3081834921099792
2020-08-25,Zozu_plus_DER_AL581_eobs2541__2020__southbound_01,Zozu + / DER AL581 (eobs2541),47.32858,8.375759,47.231762,8.259381,46.454414,7.430255011438191,106.99434546252378,13.891591,0,0.98060215,0.76024395,120.31389,46.454414,7.430255011438191,106.99434546252378
2020-08-26,Angela_DER_AY470_eobs_4001__2020__southbound_01,Angela / DER AY470 (eobs 4001),41.61882,0.69156855,41.308945,-0.8508059,40.95354,-0.25252605315478394,63.81608690399889,133.05751,1,0.97999483,0.76024395,107.66022,40.95354,-0.25252605315478394,63.81608690399889
2020-08-26,Europa_DER_A1A26_eobs_4004__2020__southbound_01,Europa / DER A1A26 (eobs 4004),45.077362,4.797459,43.82647,4.49841,44.32529,4.305688797407709,57.56339602716132,141.1037,1,0.97284037,0.76024395,91.94954,44.32529,4.305688797407709,57.56339602716132
2020-08-26,Mirabell_plus_DER_AN910_eobs_3907__2020__southbound_01,Mirabell + / DER AN910 (eobs 3907),47.801964,8.879419,47.809895,8.88335,47.794876,8.87120663687566,1.9003886195852715,0.9294909,0,0.3241282,0.76024395,0.9968226,47.801964,8.879419326782227,0.929446362341912
2020-08-26,Sierit_DER_AN858_eobs2561__2020__southbound_01,Sierit  / DER AN858 (eobs2561),47.801857,8.879341,47.805744,8.880607,47.798233,8.875606219580668,0.9149031321443336,0.44256064,0,0.06483382,0.76024395,0.4891279,47.801857,8.879341125488281,0.44244843933264166
2020-08-26,Zozu_plus_DER_AL581_eobs2541__2020__southbound_01,Zozu + / DER AL581 (eobs2541),47.231762,8.259381,47.233185,8.252966,47.181435,8.178439262056159,8.050269272579428,0.509594,0,0.70243454,0.76024395,8.272017,47.231762,8.259381294250488,0.5095725430328877
2020-08-27,Angela_DER_AY470_eobs_4001__2020__southbound_01,Angela / DER AY470 (eobs 4001),41.308945,-0.8508059,40.82922,-1.9202002,41.087723,-1.3048498413905887,59.12932315013754,104.31788,1,0.9546106,0.76024395,45.124153,41.087723,-1.3048498413905887,59.12932315013754
2020-08-27,Europa_DER_A1A26_eobs_4004__2020__southbound_01,Europa / DER A1A26 (eobs 4004),43.82647,4.49841,43.356533,3.4199433,43.07815,3.856314286761565,46.99564709715924,101.361084,1,0.9704128,0.76024395,97.69058,43.07815,3.856314286761565,46.99564709715924
2020-08-27,Mirabell_plus_DER_AN910_eobs_3907__2020__southbound_01,Mirabell + / DER AN910 (eobs 3907),47.809895,8.88335,47.802914,8.879726,47.799656,8.870224884886836,0.7967775511832484,0.82187355,0,0.3811677,0.76024395,1.4996829,47.809895,8.883350372314453,0.8220710003951367
2020-08-27,Sierit_DER_AN858_eobs2561__2020__southbound_01,Sierit  / DER AN858 (eobs2561),47.805744,8.880607,47.80296,8.879541,47.80024,8.874425796957224,0.4872940486636192,0.3198229,0,0.15286495,0.76024395,0.76528096,47.805744,8.880606651306152,0.3197056035083764
2020-08-27,Zozu_plus_DER_AL581_eobs2541__2020__southbound_01,Zozu + / DER AL581 (eobs2541),47.233185,8.252966,47.114326,7.545029,47.195637,8.145660587538467,46.307591029884506,55.11919,1,0.7330102,0.76024395,9.09841,47.233185,8.252965927124023,55.11919635360288
2020-08-28,Angela_DER_AY470_eobs_4001__2020__southbound_01,Angela / DER AY470 (eobs 4001),40.82922,-1.9202002,39.22833,-3.0276914,40.229248,-2.8936858088336987,111.88569342290043,201.43974,1,0.97970325,0.76024395,105.4526,40.229248,-2.8936858088336987,111.88569342290043
2020-08-28,Europa_DER_A1A26_eobs_4004__2020__southbound_01,Europa / DER A1A26 (eobs 4004),43.356533,3.4199433,43.122803,2.9608476,43.052277,2.9834846901923315,8.054734193257872,45.370655,1,0.94088393,0.76024395,48.799908,43.052277,2.9834846901923315,8.054734193257872
2020-08-28,Mirabell_plus_DER_AN910_eobs_3907__2020__southbound_01,Mirabell + / DER AN910 (eobs 3907),47.802914,8.879726,47.801807,8.881165,47.79733,8.872947356438905,0.7903748589510803,0.16338648,0,0.21594322,0.76024395,0.79992414,47.802914,8.87972640991211,0.16330703880969777
2020-08-28,Sierit_DER_AN858_eobs2561__2020__southbound_01,Sierit  / DER AN858 (eobs2561),47.80296,8.879541,47.801785,8.881173,47.799118,8.875333418461471,0.5274100158425263,0.17875868,0,0.068049066,0.76024395,0.5295486,47.80296,8.879541397094727,0.1786651049843401
2020-08-28,Zozu_plus_DER_AL581_eobs2541__2020__southbound_01,Zozu + / DER AL581 (eobs2541),47.114326,7.545029,47.109154,7.546319,46.332935,6.345270015199601,125.82309731694863,0.58317,0,0.97636163,0.76024395,125.445435,46.332935,6.345270015199601,125.82309731694863
2020-08-29,Angela_DER_AY470_eobs_4001__2020__southbound_01,Angela / DER AY470 (eobs 4001),39.22833,-3.0276914,37.94277,-3.214849,38.74957,-3.673448713249316,98.22265120071125,143.87059,1,0.9741449,0.76024395,76.85784,38.74957,-3.673448713249316,98.22265120071125
2020-08-29,Europa_DER_A1A26_eobs_4004__2020__southbound_01,Europa / DER A1A26 (eobs 4004),43.122803,2.9608476,43.0676,2.937868,42.91358,2.6134624193906677,31.456378180386746,6.415245,0,0.9276494,0.76024395,36.48891,42.91358,2.6134624193906677,31.456378180386746
2020-08-29,Mirabell_plus_DER_AN910_eobs_3907__2020__southbound_01,Mirabell + / DER AN910 (eobs 3907),47.801807,8.881165,47.802933,8.880664,47.793976,8.872646941626943,1.162122378135855,0.130569,0,0.3565562,0.76024395,1.0765475,47.801807,8.88116455078125,0.13059997444474478
2020-08-29,Sierit_DER_AN858_eobs2561__2020__southbound_01,Sierit  / DER AN858 (eobs2561),47.801785,8.881173,47.802868,8.880373,47.797203,8.876833939924104,0.6831180486380218,0.13459721,0,0.13667138,0.76024395,0.6027987,47.801785,8.881173133850098,0.1344744737353762
2020-08-29,Zozu_plus_DER_AL581_eobs2541__2020__southbound_01,Zozu + / DER AL581 (eobs2541),47.109154,7.546319,47.084793,7.42525,47.097404,7.540807968266023,8.86004520497018,9.556487,0,0.17237297,0.76024395,1.3688967,47.109154,7.546319007873535,9.556508091671965
2020-08-30,Angela_DER_AY470_eobs_4001__2020__southbound_01,Angela / DER AY470 (eobs 4001),37.94277,-3.214849,37.124306,-4.9453483,37.565353,-3.7081767949786943,119.85710900291903,177.66501,1,0.9692835,0.76024395,60.165806,37.565353,-3.7081767949786943,119.85710900291903
2020-08-30,Europa_DER_A1A26_eobs_4004__2020__southbound_01,Europa / DER A1A26 (eobs 4004),43.0676,2.937868,42.008003,2.656421,42.970963,2.7748843159358185,107.51597522554765,120.05723,1,0.85813713,0.76024395,17.021872,42.970963,2.7748843159358185,107.51597522554765
2020-08-30,Mirabell_plus_DER_AN910_eobs_3907__2020__southbound_01,Mirabell + / DER AN910 (eobs 3907),47.802933,8.880664,47.80188,8.880042,47.79607,8.873422548845527,0.8135156199134038,0.12579176,0,0.3013213,0.76024395,0.93361366,47.802933,8.880663871765137,0.12594732627468647
2020-08-30,Sierit_DER_AN858_eobs2561__2020__southbound_01,Sierit  / DER AN858 (eobs2561),47.802868,8.880373,47.801872,8.874474,47.79796,8.875604650744055,0.443328283472011,0.45432994,0,0.14784476,0.76024395,0.65074563,47.802868,8.880373001098633,0.4543157957451073
2020-08-30,Zozu_plus_DER_AL581_eobs2541__2020__southbound_01,Zozu + / DER AL581 (eobs2541),47.084793,7.42525,47.05003,7.307048,46.982685,7.240816499771266,9.015961833259977,9.751459,0,0.89744467,0.76024395,17.965979,46.982685,7.240816499771266,9.015961833259977
2020-08-31,Angela_DER_AY470_eobs_4001__2020__southbound_01,Angela / DER AY470 (eobs 4001),37.124306,-4.9453483,36.503098,-6.028767,36.810253,-5.4066422462848465,65.16340061204384,118.63031,1,0.9628514,0.76024395,53.683975,36.810253,-5.4066422462848465,65.16340061204384
2020-08-31,Europa_DER_A1A26_eobs_4004__2020__southbound_01,Europa / DER A1A26 (eobs 4004),42.008003,2.656421,41.558605,0.6168077,40.809494,1.3666370432867012,104.2869945335625,176.33739,1,0.9867481,0.76024395,170.33742,40.809494,1.3666370432867012,104.2869945335625
2020-08-31,Mirabell_plus_DER_AN910_eobs_3907__2020__southbound_01,Mirabell + / DER AN910 (eobs 3907),47.80188,8.880042,47.8026,8.879703,47.7906,8.86868860303026,1.5676811225463105,0.08393121,0,0.45556825,0.76024395,1.5114856,47.80188,8.88004207611084,0.08408387548807592
2020-08-31,Sierit_DER_AN858_eobs2561__2020__southbound_01,Sierit  / DER AN858 (eobs2561),47.801872,8.874474,47.80272,8.879898,47.793278,8.866282235709965,1.4616804342118668,0.4158961,0,0.30583295,0.76024395,1.1325741,47.801872,8.874473571777344,0.4159484218833891
2020-08-31,Zozu_plus_DER_AL581_eobs2541__2020__southbound_01,Zozu + / DER AL581 (eobs2541),47.05003,7.307048,46.406265,6.2939243,47.02254,7.314756259827167,103.69525066204282,105.29384,1,0.5410967,0.76024395,3.106281,47.05003,7.3070478439331055,105.29378544190784
2020-09-01,Angela_DER_AY470_eobs_4001__2020__southbound_01,Angela / DER AY470 (eobs 4001),36.503098,-6.028767,36.500965,-6.0288234,36.47269,-6.089754181102411,6.289427151539677,0.23741017,0,0.7457198,0.76024395,6.403223,36.503098,-6.028767108917236,0.2371674730625478
2020-09-01,Europa_DER_A1A26_eobs_4004__2020__southbound_01,Europa / DER A1A26 (eobs 4004),41.558605,0.6168077,41.558628,0.6142683,41.41923,0.39333816718240555,24.06031899647802,0.21130614,0,0.90324265,0.76024395,24.163067,41.41923,0.39333816718240555,24.06031899647802
2020-09-01,Mirabell_plus_DER_AN910_eobs_3907__2020__southbound_01,Mirabell + / DER AN910 (eobs 3907),47.8026,8.879703,47.802902,8.880591,47.793884,8.869554764770516,1.298114566702657,0.07425469,0,0.3859025,0.76024395,1.2281613,47.8026,8.8797025680542,0.07436278774061558
2020-09-01,Sierit_DER_AN858_eobs2561__2020__southbound_01,Sierit  / DER AN858 (eobs2561),47.80272,8.879898,47.802498,8.880113,47.796455,8.873833710950008,0.8193866433958389,0.029256893,0,0.207405,0.76024395,0.82937604,47.80272,8.879898071289062,0.029361740142233063
2020-09-01,Zozu_plus_DER_AL581_eobs2541__2020__southbound_01,Zozu + / DER AL581 (eobs2541),46.406265,6.2939243,43.118618,3.1282904,45.773296,5.578701168394744,353.47578429859607,442.7557,1,0.9752946,0.76024395,89.06814,45.773296,5.578701168394744,353.47578429859607
2020-09-02,Angela_DER_AY470_eobs_4001__2020__southbound_01,Angela / DER AY470 (eobs 4001),36.500965,-6.0288234,36.477024,-6.017776,36.47564,-6.065490797103617,4.269063555742356,2.8392608,0,0.66827834,0.76024395,4.313572,36.500965,-6.028823375701904,2.839416113992981
2020-09-02,Europa_DER_A1A26_eobs_4004__2020__southbound_01,Europa / DER A1A26 (eobs 4004),41.558628,0.6142683,41.530357,0.4342218,41.548943,0.587923598857636,12.958322860541722,15.310169,0,0.26694074,0.76024395,2.4380815,41.558628,0.6142683029174805,15.31019878468161
2020-09-02,Mirabell_plus_DER_AN910_eobs_3907__2020__southbound_01,Mirabell + / DER AN910 (eobs 3907),47.802902,8.880591,47.80181,8.874193,47.79995,8.877133514128127,0.3017925686478489,0.4929872,0,0.091702536,0.76024395,0.41689327,47.802902,8.88059139251709,0.4930310885056451
2020-09-02,Sierit_DER_AN858_eobs2561__2020__southbound_01,Sierit  / DER AN858 (eobs2561),47.802498,8.880113,47.802094,8.879432,47.799816,8.877713821772938,0.2838849106074472,0.06794517,0,0.055383146,0.76024395,0.34742886,47.802498,8.880112648010254,0.06788300054168281
2020-09-02,Zozu_plus_DER_AL581_eobs2541__2020__southbound_01,Zozu + / DER AL581 (eobs2541),43.118618,3.1282904,41.678387,1.1197089,42.722435,2.771824037168814,178.87361253675687,229.87794,1,0.9553566,0.76024395,52.612804,42.722435,2.771824037168814,178.87361253675687
2020-09-03,Angela_DER_AY470_eobs_4001__2020__southbound_01,Angela / DER AY470 (eobs 4001),36.477024,-6.017776,36.503082,-6.028866,36.44207,-6.03125790979239,6.7876349935399904,3.0623043,0,0.6536474,0.76024395,4.0620556,36.477024,-6.017776012420654,3.0624513474496142
2020-09-03,Europa_DER_A1A26_eobs_4004__2020__southbound_01,Europa / DER A1A26 (eobs 4004),41.530357,0.4342218,41.518726,-0.5834386,41.401966,0.14663236723660716,62.20737473879227,84.72821,1,0.90872985,0.76024395,27.824078,41.401966,0.14663236723660716,62.20737473879227
2020-09-03,Mirabell_plus_DER_AN910_eobs_3907__2020__southbound_01,Mirabell + / DER AN910 (eobs 3907),47.80181,8.874193,47.801804,8.874189,47.799465,8.871158053875924,0.34477963819812385,0.0007933913,0,0.06064702,0.76024395,0.34492573,47.80181,8.87419319152832,0.0008949176843499043
2020-09-03,Sierit_DER_AN858_eobs2561__2020__southbound_01,Sierit  / DER AN858 (eobs2561),47.802094,8.879432,47.802036,8.874235,47.799633,8.876970163527933,0.33636674748132245,0.38817546,0,0.03994868,0.76024395,0.32919833,47.802094,8.87943172454834,0.38817915732839653
2020-09-03,Zozu_plus_DER_AL581_eobs2541__2020__southbound_01,Zozu + / DER AL581 (eobs2541),41.678387,1.1197089,41.550625,0.58875555,41.192753,0.574216030522824,39.812097409798426,46.36934,1,0.9638565,0.76024395,70.363396,41.192753,0.574216030522824,39.812097409798426
2020-09-04,Angela_DER_AY470_eobs_4001__2020__southbound_01,Angela / DER AY470 (eobs 4001),36.503082,-6.028866,36.4795,-6.0181437,36.494083,-6.025865599185116,1.7624515859122474,2.7919366,0,0.12892874,0.76024395,1.0339727,36.503082,-6.028865814208984,2.7919435785799678
2020-09-04,Europa_DER_A1A26_eobs_4004__2020__southbound_01,Europa / DER A1A26 (eobs 4004),41.518726,-0.5834386,41.559746,-0.7403384,41.290707,-0.928752753779367,33.789599579287035,13.832322,0,0.93358475,0.76024395,38.265358,41.290707,-0.928752753779367,33.789599579287035
2020-09-04,Mirabell_plus_DER_AN910_eobs_3907__2020__southbound_01,Mirabell + / DER AN910 (eobs 3907),47.801804,8.874189,47.801754,8.874162,47.79893,8.87048376288963,0.41712553886908005,0.0059390604,0,0.13784431,0.76024395,0.42181858,47.801804,8.874189376831055,0.005888483179520486
2020-09-04,Sierit_DER_AN858_eobs2561__2020__southbound_01,Sierit  / DER AN858 (eobs2561),47.802036,8.874235,47.801876,8.874244,47.798878,8.870554182162456,0.4325508906062182,0.017847253,0,0.12930064,0.76024395,0.44536915,47.802036,8.874235153198242,0.01782690404206852
2020-09-04,Zozu_plus_DER_AL581_eobs2541__2020__southbound_01,Zozu + / DER AL581 (eobs2541),41.550625,0.58875555,41.528957,0.50774646,41.496243,0.49734033580420556,3.73949485556073,7.159852,0,0.73058325,0.76024395,9.700735,41.550625,0.5887555480003357,7.1598526667760005
2020-09-05,Angela_DER_AY470_eobs_4001__2020__southbound_01,Angela / DER AY470 (eobs 4001),36.4795,-6.0181437,36.484417,-6.015504,36.461334,-6.007022335201264,2.6763840023912215,0.59549576,0,0.25218043,0.76024395,2.2473412,36.4795,-6.018143653869629,0.595525024301055
2020-09-05,Europa_DER_A1A26_eobs_4004__2020__southbound_01,Europa / DER A1A26 (eobs 4004),41.559746,-0.7403384,41.32113,-1.2468611,41.549786,-0.7559170458828588,48.18126347603912,49.86662,1,0.2749378,0.76024395,1.7018223,41.559746,-0.7403383851051331,49.86674548172213
2020-09-05,Mirabell_plus_DER_AN910_eobs_3907__2020__southbound_01,Mirabell + / DER AN910 (eobs 3907),47.801754,8.874162,47.785213,8.859816,47.796337,8.86684499107934,1.343754487611464,2.1287801,0,0.39481837,0.76024395,0.8118359,47.801754,8.874161720275879,2.1286703806734897
2020-09-05,Sierit_DER_AN858_eobs2561__2020__southbound_01,Sierit  / DER AN858 (eobs2561),47.801876,8.874244,47.807056,8.881059,47.797432,8.868713066444675,1.4126389414268599,0.7686964,0,0.26183096,0.76024395,0.6429727,47.801876,8.87424373626709,0.7686812230275379
2020-09-05,Zozu_plus_DER_AL581_eobs2541__2020__southbound_01,Zozu + / DER AL581 (eobs2541),41.528957,0.50774646,41.590527,0.6611677,41.50919,0.47040056804322894,18.270483351541326,14.485061,0,0.43831915,0.76024395,3.800698,41.528957,0.5077464580535889,14.485146161714727
2020-09-06,Angela_DER_AY470_eobs_4001__2020__southbound_01,Angela / DER AY470 (eobs 4001),36.484417,-6.015504,36.48449,-6.014638,36.471592,-6.005001870698023,1.6730342230527202,0.07782398,0,0.12684992,0.76024395,1.7045649,36.484417,-6.015503883361816,0.07783555888894532
2020-09-06,Europa_DER_A1A26_eobs_4004__2020__southbound_01,Europa / DER A1A26 (eobs 4004),41.32113,-1.2468611,40.01642,-3.5902126,40.912594,-1.7645101001441434,183.80123782082765,245.15482,1,0.9615548,0.76024395,62.598312,40.912594,-1.7645101001441434,183.80123782082765
2020-09-06,Mirabell_plus_DER_AN910_eobs_3907__2020__southbound_01,Mirabell + / DER AN910 (eobs 3907),47.785213,8.859816,47.67857,8.73131,47.77227,8.842261480707945,13.320317490051297,15.263821,0,0.647932,0.76024395,1.9438622,47.785213,8.85981559753418,15.263942274315399
2020-09-06,Sierit_DER_AN858_eobs2561__2020__southbound_01,Sierit  / DER AN858 (eobs2561),47.807056,8.881059,47.80179,8.8742,47.799118,8.870397254822057,0.41089159062218916,0.77808154,0,0.4772745,0.76024395,1.1865405,47.807056,8.881058692932129,0.7781721870320559
2020-09-06,Zozu_plus_DER_AL581_eobs2541__2020__southbound_01,Zozu + / DER AL581 (eobs2541),41.590527,0.6611677,41.57431,0.61771834,41.57915,0.6478622305854181,2.564539162716335,4.038815,0,0.107735775,0.76024395,1.677527,41.590527,0.6611676812171936,4.038738933265995
2020-09-07,Angela_DER_AY470_eobs_4001__2020__southbound_01,Angela / DER AY470 (eobs 4001),36.48449,-6.014638,36.47643,-6.0149093,36.47178,-6.000360449850416,1.3998748728776942,0.89628226,0,0.12596205,0.76024395,1.9012043,36.48449,-6.0146379470825195,0.8966111907846321
2020-09-07,Europa_DER_A1A26_eobs_4004__2020__southbound_01,Europa / DER A1A26 (eobs 4004),40.01642,-3.5902126,38.856464,-3.6599746,39.822483,-3.7198513881978092,107.53986869877818,129.1205,1,0.9073366,0.76024395,24.183826,39.822483,-3.7198513881978092,107.53986869877818
2020-09-07,Mirabell_plus_DER_AN910_eobs_3907__2020__southbound_01,Mirabell + / DER AN910 (eobs 3907),47.67857,8.73131,46.657272,6.630689,47.569077,8.606930953678882,180.66969282572867,195.21576,1,0.9114536,0.76024395,15.300824,47.569077,8.606930953678882,180.66969282572867
2020-09-07,Sierit_DER_AN858_eobs2561__2020__southbound_01,Sierit  / DER AN858 (eobs2561),47.80179,8.8742,47.80185,8.874167,47.79277,8.863694054808757,1.2771803820003613,0.0072441315,0,0.49293894,0.76024395,1.2709007,47.80179,8.874199867248535,0.007205961864052674
2020-09-07,Zozu_plus_DER_AL581_eobs2541__2020__southbound_01,Zozu + / DER AL581 (eobs2541),41.57431,0.61771834,41.574005,0.61666894,41.55791,0.5953473972590234,2.5197636669908516,0.093612485,0,0.33173865,0.76024395,2.6008682,41.57431,0.6177183389663696,0.09365771531956439
2020-09-08,Angela_DER_AY470_eobs_4001__2020__southbound_01,Angela / DER AY470 (eobs 4001),36.47643,-6.0149093,36.503296,-6.02887,36.45198,-6.003278197788982,6.1477122375879505,3.237333,0,0.30449563,0.76024395,2.905429,36.47643,-6.014909267425537,3.237684612600353
2020-09-08,Europa_DER_A1A26_eobs_4004__2020__southbound_01,Europa / DER A1A26 (eobs 4004),38.856464,-3.6599746,38.856434,-3.6568153,38.551853,-3.8697429824036376,38.58007899731028,0.27358222,0,0.9354035,0.76024395,38.366714,38.551853,-3.8697429824036376,38.58007899731028
2020-09-08,Mirabell_plus_DER_AN910_eobs_3907__2020__southbound_01,Mirabell + / DER AN910 (eobs 3907),46.657272,6.630689,43.02633,2.9956791,45.439125,5.819817849249957,350.10612982515465,494.9987,1,0.9861989,0.76024395,148.65858,45.439125,5.819817849249957,350.10612982515465
2020-09-08,Sierit_DER_AN858_eobs2561__2020__southbound_01,Sierit  / DER AN858 (eobs2561),47.80185,8.874167,47.80287,8.879482,47.79505,8.865675252362507,1.3489637196313062,0.4128996,0,0.33771527,0.76024395,0.98485005,47.80185,8.874167442321777,0.41291392078093186
2020-09-08,Zozu_plus_DER_AL581_eobs2541__2020__southbound_01,Zozu + / DER AL581 (eobs2541),41.574005,0.61666894,41.583836,0.619094,41.563053,0.6028724769914683,2.676037582177793,1.111646,0,0.19542436,0.76024395,1.6704514,41.574005,0.6166689395904541,1.111556232234868
2020-09-09,Angela_DER_AY470_eobs_4001__2020__southbound_01,Angela / DER AY470 (eobs 4001),36.503296,-6.02887,36.47669,-6.015118,36.49914,-6.0197079151920425,2.5301901729992666,3.2035518,0,0.027408782,0.76024395,0.9385954,36.503296,-6.028870105743408,3.203877640699395
2020-09-09,Europa_DER_A1A26_eobs_4004__2020__southbound_01,Europa / DER A1A26 (eobs 4004),38.856434,-3.6568153,38.856464,-3.656686,38.847088,-3.6512841281497836,1.1427535377452651,0.011704785,0,0.09472024,0.76024395,1.1422147,38.856434,-3.65681529045105,0.011692632175196057
2020-09-09,Mirabell_plus_DER_AN910_eobs_3907__2020__southbound_01,Mirabell + / DER AN910 (eobs 3907),43.02633,2.9956791,41.546463,0.6152854,41.892723,2.342974193896827,148.46945280313176,255.75604,1,0.9839951,0.76024395,136.52284,41.892723,2.342974193896827,148.46945280313176
2020-09-09,Sierit_DER_AN858_eobs2561__2020__southbound_01,Sierit  / DER AN858 (eobs2561),47.80287,8.879482,47.802193,8.875374,47.79899,8.87445864711694,0.3628052900707907,0.31605357,0,0.12424896,0.76024395,0.5711411,47.80287,8.87948226928711,0.3160044967188071
2020-09-09,Zozu_plus_DER_AL581_eobs2541__2020__southbound_01,Zozu + / DER AL581 (eobs2541),41.583836,0.619094,41.574654,0.6175405,41.573105,0.6058804006619882,0.9851148706076364,1.0291542,0,0.102748424,0.76024395,1.6192635,41.583836,0.6190940141677856,1.0291354021395893
2020-09-10,Angela_DER_AY470_eobs_4001__2020__southbound_01,Angela / DER AY470 (eobs 4001),36.47669,-6.015118,36.504448,-6.0296903,36.468513,-6.001313319395745,4.733056260235059,3.3503711,0,0.07958916,0.76024395,1.5303257,36.47669,-6.01511812210083,3.3503541045406493
2020-09-10,Europa_DER_A1A26_eobs_4004__2020__southbound_01,Europa / DER A1A26 (eobs 4004),38.856464,-3.656686,38.856236,-3.6566453,38.846645,-3.6584184480423465,1.0773753237624955,0.025516052,0,0.09255071,0.76024395,1.1003261,38.856464,-3.6566860675811768,0.02569420672050958
2020-09-10,Mirabell_plus_DER_AN910_eobs_3907__2020__southbound_01,Mirabell + / DER AN910 (eobs 3907),41.546463,0.6152854,41.542744,0.523585,40.65043,-0.06612821865275198,110.84491844164698,7.642753,0,0.9800397,0.76024395,114.44086,40.65043,-0.06612821865275198,110.84491844164698
2020-09-10,Sierit_DER_AN858_eobs2561__2020__southbound_01,Sierit  / DER AN858 (eobs2561),47.802193,8.875374,47.36657,8.356254,47.79575,8.86579668791337,61.14001325901292,62.146545,1,0.37228802,0.76024395,1.0106647,47.802193,8.875373840332031,62.14684373561388
2020-09-10,Zozu_plus_DER_AL581_eobs2541__2020__southbound_01,Zozu + / DER AL581 (eobs2541),41.574654,0.6175405,41.60397,0.6694953,41.559624,0.6060544271704685,7.222090945315116,5.4124813,0,0.13155322,0.76024395,1.9218197,41.574654,0.6175404787063599,5.412562164446445
2020-09-11,Angela_DER_AY470_eobs_4001__2020__southbound_01,Angela / DER AY470 (eobs 4001),36.504448,-6.0296903,36.484276,-6.015066,36.49664,-6.024193870515022,1.5986780775184486,2.5964127,0,0.05130004,0.76024395,0.99601346,36.504448,-6.029690265655518,2.5961871348991523
2020-09-11,Europa_DER_A1A26_eobs_4004__2020__southbound_01,Europa / DER A1A26 (eobs 4004),38.856236,-3.6566453,38.85648,-3.6564963,38.84689,-3.6610390517084954,1.1366228483210346,0.029709544,0,0.17420639,0.76024395,1.1046847,38.856236,-3.6566452980041504,0.030057570773084456
2020-09-11,Mirabell_plus_DER_AN910_eobs_3907__2020__southbound_01,Mirabell + / DER AN910 (eobs 3907),41.542744,0.523585,41.537888,0.0708085,41.52055,0.4754123658474995,33.73538056285575,37.687653,1,0.59339935,0.76024395,4.6996813,41.542744,0.5235850214958191,37.6876575153298
2020-09-11,Sierit_DER_AN858_eobs2561__2020__southbound_01,Sierit  / DER AN858 (eobs2561),47.36657,8.356254,45.620262,5.525931,46.647987,7.6061363176137,196.84541118620783,290.91022,1,0.97874177,0.76024395,97.6854,46.647987,7.6061363176137,196.84541118620783
2020-09-11,Zozu_plus_DER_AL581_eobs2541__2020__southbound_01,Zozu + / DER AL581 (eobs2541),41.60397,0.6694953,41.6301,0.7793752,41.58542,0.6442485036471571,12.28420077867362,9.585271,0,0.25052235,0.76024395,2.9377434,41.60397,0.6694952845573425,9.5852639614456
2020-09-12,Angela_DER_AY470_eobs_4001__2020__southbound_01,Angela / DER AY470 (eobs 4001),36.484276,-6.015066,36.48424,-6.0148373,36.478107,-6.004843792731843,1.1240716678736296,0.020789811,0,0.048306588,0.76024395,1.1405383,36.484276,-6.015066146850586,0.020815807541176314
2020-09-12,Europa_DER_A1A26_eobs_4004__2020__southbound_01,Europa / DER A1A26 (eobs 4004),38.85648,-3.6564963,38.856384,-3.6592317,38.850746,-3.659978516488946,0.6302583886463823,0.23707423,0,0.050850663,0.76024395,0.70388013,38.85648,-3.656496286392212,0.23709318078919986
2020-09-12,Mirabell_plus_DER_AN910_eobs_3907__2020__southbound_01,Mirabell + / DER AN910 (eobs 3907),41.537888,0.0708085,40.910423,-2.7546327,40.995544,-1.0002162144575975,147.6367921949815,246.37418,1,0.9760109,0.76024395,107.43682,40.995544,-1.0002162144575975,147.6367921949815
2020-09-12,Sierit_DER_AN858_eobs2561__2020__southbound_01,Sierit  / DER AN858 (eobs2561),45.620262,5.525931,43.4638,3.6463742,44.396,4.718658543413565,134.60152038439756,282.26987,1,0.98407805,0.76024395,149.64886,44.396,4.718658543413565,134.60152038439756
2020-09-12,Zozu_plus_DER_AL581_eobs2541__2020__southbound_01,Zozu + / DER AL581 (eobs2541),41.6301,0.7793752,41.603146,0.61647946,41.61881,0.762041011793664,12.226284570724733,13.869221,0,0.0812192,0.76024395,1.9076686,41.6301,0.7793751955032349,13.869258608588584
2020-09-13,Angela_DER_AY470_eobs_4001__2020__southbound_01,Angela / DER AY470 (eobs 4001),36.48424,-6.0148373,36.50421,-6.0295362,36.478943,-6.003947911223201,3.6231350604698953,2.5802076,0,0.037493937,0.76024395,1.1358603,36.48424,-6.014837265014648,2.580191432180612
2020-09-13,Europa_DER_A1A26_eobs_4004__2020__southbound_01,Europa / DER A1A26 (eobs 4004),38.856384,-3.6592317,38.8564,-3.6586986,38.84116,-3.6720080488165325,2.049407825584064,0.04619433,0,0.46561235,0.76024395,2.0187578,38.856384,-3.659231662750244,0.046192604154852185
2020-09-13,Mirabell_plus_DER_AN910_eobs_3907__2020__southbound_01,Mirabell + / DER AN910 (eobs 3907),40.910423,-2.7546327,40.070084,-3.8856056,40.400253,-3.290182859249577,62.469577317429724,133.70886,1,0.9655858,0.76024395,72.28493,40.400253,-3.290182859249577,62.469577317429724
2020-09-13,Sierit_DER_AN858_eobs2561__2020__southbound_01,Sierit  / DER AN858 (eobs2561),43.4638,3.6463742,42.72566,2.8172333,42.67386,3.0186322891505974,17.436948275909153,106.15527,1,0.97631675,0.76024395,101.222855,42.67386,3.0186322891505974,17.436948275909153
2020-09-13,Zozu_plus_DER_AL581_eobs2541__2020__southbound_01,Zozu + / DER AL581 (eobs2541),41.603146,0.61647946,41.59111,0.61690646,41.53229,0.48116353588924254,13.051012011529002,1.3390206,0,0.8363505,0.76024395,13.711327,41.53229,0.48116353588924254,13.051012011529002
2020-09-14,Angela_DER_AY470_eobs_4001__2020__southbound_01,Angela / DER AY470 (eobs 4001),36.50421,-6.0295362,36.484596,-6.014759,36.500782,-6.020446811403209,1.870217977977522,2.5500627,0,0.015822483,0.76024395,0.8959706,36.50421,-6.029536247253418,2.549933496585396
2020-09-14,Europa_DER_A1A26_eobs_4004__2020__southbound_01,Europa / DER A1A26 (eobs 4004),38.8564,-3.6586986,38.85665,-3.6599832,38.85053,-3.6608788099646117,0.6852052520731526,0.114739686,0,0.023798726,0.76024395,0.6784757,38.8564,-3.658698558807373,0.1147020816923785
2020-09-14,Mirabell_plus_DER_AN910_eobs_3907__2020__southbound_01,Mirabell + / DER AN910 (eobs 3907),40.070084,-3.8856056,39.854267,-4.27741,39.761475,-4.229269088873129,11.1073211548198,41.120953,1,0.9439414,0.76024395,45.006756,39.761475,-4.229269088873129,11.1073211548198
2020-09-14,Sierit_DER_AN858_eobs2561__2020__southbound_01,Sierit  / DER AN858 (eobs2561),42.72566,2.8172333,41.631916,0.7678757,42.067085,1.9994065922288362,112.90033935828063,208.09592,1,0.97499555,0.76024395,98.94948,42.067085,1.9994065922288362,112.90033935828063
2020-09-14,Zozu_plus_DER_AL581_eobs2541__2020__southbound_01,Zozu + / DER AL581 (eobs2541),41.59111,0.61690646,41.56884,0.5529311,41.579,0.613380258329781,5.153780697538625,5.8691335,0,0.05732333,0.76024395,1.375886,41.59111,0.616906464099884,5.869280880677686
2020-09-15,Angela_DER_AY470_eobs_4001__2020__southbound_01,Angela / DER AY470 (eobs 4001),36.484596,-6.014759,36.476963,-6.0146356,36.480362,-6.003773900176176,1.0420868030688881,0.8486627,0,0.03823196,0.76024395,1.0871699,36.484596,-6.014759063720703,0.8488471321613975
2020-09-15,Europa_DER_A1A26_eobs_4004__2020__southbound_01,Europa / DER A1A26 (eobs 4004),38.85665,-3.6599832,38.85652,-3.6604588,38.842266,-3.672648585545331,1.904470390087763,0.043731432,0,0.34647396,0.76024395,1.9360883,38.85665,-3.6599831581115723,0.04363801668381036
2020-09-15,Mirabell_plus_DER_AN910_eobs_3907__2020__southbound_01,Mirabell + / DER AN910 (eobs 3907),39.854267,-4.27741,39.68859,-3.9500446,39.52423,-4.731839523619493,69.4243577184329,33.498764,1,0.95042145,0.76024395,53.305984,39.52423,-4.731839523619493,69.4243577184329
2020-09-15,Sierit_DER_AN858_eobs2561__2020__southbound_01,Sierit  / DER AN858 (eobs2561),41.631916,0.7678757,41.560707,0.614593,41.235077,0.2096147294589833,49.51884256657632,15.005516,0,0.96212906,0.76024395,63.917713,41.235077,0.2096147294589833,49.51884256657632
2020-09-15,Zozu_plus_DER_AL581_eobs2541__2020__southbound_01,Zozu + / DER AL581 (eobs2541),41.56884,0.5529311,41.584816,0.61710155,41.534603,0.4908954040600301,11.892891109993727,5.6256437,0,0.6476284,0.76024395,6.4018836,41.56884,0.5529310703277588,5.625630028295565
2020-09-16,Angela_DER_AY470_eobs_4001__2020__southbound_01,Angela / DER AY470 (eobs 4001),36.476963,-6.0146356,36.47861,-6.0152435,36.472015,-6.005516974236041,1.1376406490625912,0.19115853,0,0.0581478,0.76024395,0.98187757,36.476963,-6.0146355628967285,0.19113653720325188
2020-09-16,Europa_DER_A1A26_eobs_4004__2020__southbound_01,Europa / DER A1A26 (eobs 4004),38.85652,-3.6604588,38.85646,-3.6602352,38.842327,-3.6729513566562337,1.918978989371938,0.020478735,0,0.3770057,0.76024395,1.9101701,38.85652,-3.66045880317688,0.020519516434758165
2020-09-16,Mirabell_plus_DER_AN910_eobs_3907__2020__southbound_01,Mirabell + / DER AN910 (eobs 3907),39.68859,-3.9500446,39.391964,-3.2891781,39.577145,-4.025530046934103,66.46354599196269,65.56955,1,0.8637906,0.76024395,13.95017,39.577145,-4.025530046934103,66.46354599196269
2020-09-16,Sierit_DER_AN858_eobs2561__2020__southbound_01,Sierit  / DER AN858 (eobs2561),41.560707,0.614593,41.546246,0.5935551,41.550354,0.5793643272732293,1.266211152433699,2.3770435,0,0.51908034,0.76024395,3.1435094,41.560707,0.6145930290222168,2.3770589394467248
2020-09-16,Zozu_plus_DER_AL581_eobs2541__2020__southbound_01,Zozu + / DER AL581 (eobs2541),41.584816,0.61710155,41.588837,0.6436412,41.57114,0.6006795395347535,4.0793929695987226,2.252025,0,0.09577327,0.76024395,2.040484,41.584816,0.6171015501022339,2.2520822041530852
2020-09-17,Angela_DER_AY470_eobs_4001__2020__southbound_01,Angela / DER AY470 (eobs 4001),36.47861,-6.0152435,36.50417,-6.029885,36.469738,-6.01272065634912,4.1246647748074015,3.1286023,0,0.035960477,0.76024395,1.0102688,36.47861,-6.0152435302734375,3.1288867867564543
2020-09-17,Europa_DER_A1A26_eobs_4004__2020__southbound_01,Europa / DER A1A26 (eobs 4004),38.85646,-3.6602352,38.85617,-3.6601996,38.84922,-3.66473047927788,0.8667344769152892,0.03251534,0,0.044282872,0.76024395,0.8927496,38.85646,-3.6602351665496826,0.03238376779539587
2020-09-17,Mirabell_plus_DER_AN910_eobs_3907__2020__southbound_01,Mirabell + / DER AN910 (eobs 3907),39.391964,-3.2891781,38.856514,-3.65993,39.26094,-3.352978780542777,52.19892637113459,67.58524,1,0.89562947,0.76024395,15.539249,39.26094,-3.352978780542777,52.19892637113459
2020-09-17,Sierit_DER_AN858_eobs2561__2020__southbound_01,Sierit  / DER AN858 (eobs2561),41.546246,0.5935551,41.538815,0.6144831,41.53147,0.5289513653993085,7.165906980533322,1.9278554,0,0.6449641,0.76024395,5.6118917,41.546246,0.5935550928115845,1.9278062573596069
2020-09-17,Zozu_plus_DER_AL581_eobs2541__2020__southbound_01,Zozu + / DER AL581 (eobs2541),41.588837,0.6436412,41.574913,0.6159688,41.576557,0.6183897290842779,0.27198518771325486,2.7737644,0,0.14507829,0.76024395,2.5005026,41.588837,0.6436411738395691,2.773915781817521
2020-09-18,Angela_DER_AY470_eobs_4001__2020__southbound_01,Angela / DER AY470 (eobs 4001),36.50417,-6.029885,36.478203,-6.015092,36.496513,-6.031004828290277,2.4838045168379046,3.1755238,0,0.021878595,0.76024395,0.8557075,36.50417,-6.0298848152160645,3.17579056301092
2020-09-18,Europa_DER_A1A26_eobs_4004__2020__southbound_01,Europa / DER A1A26 (eobs 4004),38.85617,-3.6601996,38.860756,-3.6600916,38.848137,-3.664213234753995,1.4478502616793025,0.5099484,0,0.04376929,0.76024395,0.95671344,38.85617,-3.6601996421813965,0.5099447903290877
2020-09-18,Mirabell_plus_DER_AN910_eobs_3907__2020__southbound_01,Mirabell + / DER AN910 (eobs 3907),38.856514,-3.65993,38.85653,-3.659638,38.492836,-3.9697298849759943,48.58094027678797,0.02533989,0,0.9573075,0.76024395,48.442516,38.492836,-3.9697298849759943,48.58094027678797
2020-09-18,Sierit_DER_AN858_eobs2561__2020__southbound_01,Sierit  / DER AN858 (eobs2561),41.538815,0.6144831,41.538826,0.6149328,41.534447,0.607012100124547,0.8196037007682684,0.037446514,0,0.113728985,0.76024395,0.78775465,41.538815,0.614483118057251,0.03744672957707358
2020-09-18,Zozu_plus_DER_AL581_eobs2541__2020__southbound_01,Zozu + / DER AL581 (eobs2541),41.574913,0.6159688,41.574398,0.61621666,41.55678,0.5818633159611815,3.464900434062928,0.061036453,0,0.3302382,0.76024395,3.4742296,41.574913,0.6159688234329224,0.06086174623766901
2020-09-19,Angela_DER_AY470_eobs_4001__2020__southbound_01,Angela / DER AY470 (eobs 4001),36.478203,-6.015092,36.478058,-6.014251,36.473755,-6.010516240776367,0.5834895446342834,0.07697655,0,0.030785289,0.76024395,0.6405833,36.478203,-6.015091896057129,0.07687277541353713
2020-09-19,Europa_DER_A1A26_eobs_4004__2020__southbound_01,Europa / DER A1A26 (eobs 4004),38.860756,-3.6600916,38.857742,-3.6589248,38.853172,-3.6646737754629135,0.7113663734680784,0.34963906,0,0.029574078,0.76024395,0.9302876,38.860756,-3.6600916385650635,0.3499976719381425
2020-09-19,Mirabell_plus_DER_AN910_eobs_3907__2020__southbound_01,Mirabell + / DER AN910 (eobs 3907),38.85653,-3.659638,38.858276,-3.6598635,38.847973,-3.6576912061187734,1.1610374138771231,0.19519283,0,0.13339292,0.76024395,0.96462077,38.85653,-3.659637928009033,0.19525156369149732
2020-09-19,Sierit_DER_AN858_eobs2561__2020__southbound_01,Sierit  / DER AN858 (eobs2561),41.538826,0.6149328,41.54096,0.6149229,41.530235,0.6033561512979339,1.5325154637743255,0.23698594,0,0.11355159,0.76024395,1.3543979,41.538826,0.6149327754974365,0.23711557280027026
2020-09-19,Zozu_plus_DER_AL581_eobs2541__2020__southbound_01,Zozu + / DER AL581 (eobs2541),41.574398,0.61621666,41.587368,0.6169033,41.56275,0.6336445478359478,3.0710937104079314,1.443475,0,0.087767616,0.76024395,1.9404285,41.574398,0.6162166595458984,1.4433273468711052
2020-09-20,Angela_DER_AY470_eobs_4001__2020__southbound_01,Angela / DER AY470 (eobs 4001),36.478058,-6.014251,36.28409,-5.9409113,36.474136,-6.009635259490012,22.009820063114436,22.545626,0,0.07322946,0.76024395,0.5994754,36.478058,-6.014251232147217,22.545631530547556
2020-09-20,Europa_DER_A1A26_eobs_4004__2020__southbound_01,Europa / DER A1A26 (eobs 4004),38.857742,-3.6589248,38.856407,-3.660077,38.849842,-3.6637140624591114,0.795044461935056,0.17899771,0,0.045392852,0.76024395,0.9696139,38.857742,-3.6589248180389404,0.17887363623033103
2020-09-20,Mirabell_plus_DER_AN910_eobs_3907__2020__southbound_01,Mirabell + / DER AN910 (eobs 3907),38.858276,-3.6598635,38.856354,-3.6598315,38.850597,-3.665719297280122,0.8183173395232817,0.21372923,0,0.07102902,0.76024395,0.9915019,38.858276,-3.6598634719848633,0.21380238389138395
2020-09-20,Sierit_DER_AN858_eobs2561__2020__southbound_01,Sierit  / DER AN858 (eobs2561),41.54096,0.6149229,41.54027,0.61658525,41.535686,0.5823566993405285,2.8941528443379205,0.15791629,0,0.29899853,0.76024395,2.7681906,41.54096,0.6149228811264038,0.1580250924041081
2020-09-20,Zozu_plus_DER_AL581_eobs2541__2020__southbound_01,Zozu + / DER AL581 (eobs2541),41.587368,0.6169033,41.575397,0.61684495,41.57139,0.589022550938889,2.3569722165301537,1.3313031,0,0.20648089,0.76024395,2.9161506,41.587368,0.6169033050537109,1.331071782839675
2020-09-21,Europa_DER_A1A26_eobs_4004__2020__southbound_01,Europa / DER A1A26 (eobs 4004),38.856407,-3.660077,38.85616,-3.660248,38.84747,-3.6682189795144686,1.1874859839512453,0.031346314,0,0.121732384,0.76024395,1.2164547,38.856407,-3.6600770950317383,0.03129359238379055
2020-09-21,Mirabell_plus_DER_AN910_eobs_3907__2020__southbound_01,Mirabell + / DER AN910 (eobs 3907),38.856354,-3.6598315,38.85651,-3.657117,38.849277,-3.6665129116201136,1.1440316511013702,0.23569159,0,0.08378408,0.76024395,0.9748809,38.856354,-3.6598315238952637,0.23570230604238487
2020-09-21,Sierit_DER_AN858_eobs2561__2020__southbound_01,Sierit  / DER AN858 (eobs2561),41.54027,0.61658525,41.538647,0.6156077,41.533443,0.6016130375975,1.3006047259611209,0.19840288,0,0.1581952,0.76024395,1.4566859,41.54027,0.6165852546691895,0.19817165096246464
2020-09-21,Zozu_plus_DER_AL581_eobs2541__2020__southbound_01,Zozu + / DER AL581 (eobs2541),41.575397,0.61684495,41.574677,0.6156663,41.56024,0.6012019210322858,2.0060672052202255,0.126576,0,0.12878524,0.76024395,2.1255198,41.575397,0.6168449521064758,0.12665037634412327
2020-09-22,Europa_DER_A1A26_eobs_4004__2020__southbound_01,Europa / DER A1A26 (eobs 4004),38.85616,-3.660248,38.856586,-3.6599472,38.845757,-3.669831356788202,1.4774319910394804,0.05420812,0,0.1832533,0.76024395,1.4210716,38.85616,-3.660248041152954,0.054182706799842516
2020-09-22,Mirabell_plus_DER_AN910_eobs_3907__2020__southbound_01,Mirabell + / DER AN910 (eobs 3907),38.85651,-3.657117,38.856056,-3.6602695,38.850178,-3.6643565266396356,0.7433154080957544,0.27758753,0,0.04692306,0.76024395,0.94105995,38.85651,-3.6571168899536133,0.27761215207593426
2020-09-22,Sierit_DER_AN858_eobs2561__2020__southbound_01,Sierit  / DER AN858 (eobs2561),41.538647,0.6156077,41.561646,0.6147613,41.53301,0.6042125756344564,3.3030758327595344,2.5586567,0,0.12213797,0.76024395,1.1348557,41.538647,0.6156076788902283,2.558324217077956
2020-09-22,Zozu_plus_DER_AL581_eobs2541__2020__southbound_01,Zozu + / DER AL581 (eobs2541),41.574677,0.6156663,41.57477,0.6165002,41.558147,0.5841465608245759,3.26529391862649,0.070199855,0,0.3747993,0.76024395,3.196414,41.574677,0.6156662702560425,0.07017539467134629
2020-09-23,Europa_DER_A1A26_eobs_4004__2020__southbound_01,Europa / DER A1A26 (eobs 4004),38.856586,-3.6599472,38.856133,-3.660437,38.85038,-3.666606537583473,0.8334067705428122,0.065942176,0,0.037119165,0.76024395,0.89764655,38.856586,-3.659947156906128,0.06593768176448962
2020-09-23,Mirabell_plus_DER_AN910_eobs_3907__2020__southbound_01,Mirabell + / DER AN910 (eobs 3907),38.856056,-3.6602695,38.533264,-4.3681154,38.848198,-3.678729584103727,69.32706343170624,71.14815,1,0.17718774,0.76024395,1.8185799,38.856056,-3.6602694988250732,71.14827552749406
2020-09-23,Sierit_DER_AN858_eobs2561__2020__southbound_01,Sierit  / DER AN858 (eobs2561),41.561646,0.6147613,41.538746,0.6155688,41.55839,0.5971572429526482,2.6682578462036894,2.5472205,0,0.15135303,0.76024395,1.5060885,41.561646,0.6147612929344177,2.54721248239246
2020-09-23,Zozu_plus_DER_AL581_eobs2541__2020__southbound_01,Zozu + / DER AL581 (eobs2541),41.57477,0.6165002,41.58417,0.61684066,41.565163,0.6037451424150261,2.3778660236566522,1.045345,0,0.053890467,0.76024395,1.503292,41.57477,0.616500198841095,1.0455521814118773
2020-09-24,Europa_DER_A1A26_eobs_4004__2020__southbound_01,Europa / DER A1A26 (eobs 4004),38.856133,-3.660437,38.85887,-3.6601422,38.845715,-3.6698698420863227,1.688163250561425,0.30567622,0,0.17553072,0.76024395,1.414954,38.856133,-3.6604371070861816,0.30562681616414206
2020-09-24,Sierit_DER_AN858_eobs2561__2020__southbound_01,Sierit  / DER AN858 (eobs2561),41.538746,0.6155688,41.538895,0.6148322,41.534405,0.6014944137251805,1.217242902277695,0.06349509,0,0.11410807,0.76024395,1.264746,41.538746,0.6155688166618347,0.06349963980733625
2020-09-24,Zozu_plus_DER_AL581_eobs2541__2020__southbound_01,Zozu + / DER AL581 (eobs2541),41.58417,0.61684066,41.57433,0.6161584,41.573437,0.5930579419451378,1.9241780732113185,1.0958912,0,0.1670964,0.76024395,2.306255,41.58417,0.616840660572052,1.0958432456741405
2020-09-25,Europa_DER_A1A26_eobs_4004__2020__southbound_01,Europa / DER A1A26 (eobs 4004),38.85887,-3.6601422,39.127235,-3.7390904,38.852077,-3.667214150234532,31.22046931223584,30.610981,1,0.035469744,0.76024395,0.97080845,38.85887,-3.660142183303833,30.610832676857363
2020-09-25,Sierit_DER_AN858_eobs2561__2020__southbound_01,Sierit  / DER AN858 (eobs2561),41.538895,0.6148322,41.538887,0.6135326,41.53429,0.5966847987864604,1.4925440315206175,0.10816883,0,0.15631133,0.76024395,1.592083,41.538895,0.6148322224617004,0.1081708804712321
2020-09-25,Zozu_plus_DER_AL581_eobs2541__2020__southbound_01,Zozu + / DER AL581 (eobs2541),41.57433,0.6161584,41.574642,0.615515,41.5632,0.6053906269096166,1.5256634187470204,0.06377841,0,0.07191039,0.76024395,1.5247881,41.57433,0.6161584258079529,0.06383241719966806
2020-09-26,Europa_DER_A1A26_eobs_4004__2020__southbound_01,Europa / DER A1A26 (eobs 4004),39.127235,-3.7390904,38.998055,-3.692792,39.113537,-3.754516600000408,13.903195451430136,14.910151,0,0.28940856,0.76024395,2.0189748,39.127235,-3.7390904426574707,14.91010466083203
2020-09-26,Sierit_DER_AN858_eobs2561__2020__southbound_01,Sierit  / DER AN858 (eobs2561),41.538887,0.6135326,41.55725,0.6151427,41.53221,0.6047334470988811,2.9159412058003946,2.0460615,0,0.05043182,0.76024395,1.0408195,41.538887,0.6135326027870178,2.046372511490484
2020-09-26,Zozu_plus_DER_AL581_eobs2541__2020__southbound_01,Zozu + / DER AL581 (eobs2541),41.574642,0.615515,41.57445,0.6156428,41.56281,0.6063516097654237,1.5077796901465466,0.023531884,0,0.077908225,0.76024395,1.5180473,41.574642,0.6155149936676025,0.023723739651629685
2020-09-27,Europa_DER_A1A26_eobs_4004__2020__southbound_01,Europa / DER A1A26 (eobs 4004),38.998055,-3.692792,38.858234,-3.6611989,38.947853,-3.7159279332556605,11.033261618259798,15.785931,0,0.68033916,0.76024395,5.9191203,38.998055,-3.6927919387817383,15.785670230959546
2020-09-27,Sierit_DER_AN858_eobs2561__2020__southbound_01,Sierit  / DER AN858 (eobs2561),41.55725,0.6151427,41.540222,0.6167718,41.548695,0.6070254251536711,1.2431665291021432,1.8981661,0,0.045764904,0.76024395,1.1648848,41.55725,0.6151427030563354,1.8983667811093798
2020-09-27,Zozu_plus_DER_AL581_eobs2541__2020__southbound_01,Zozu + / DER AL581 (eobs2541),41.57445,0.6156428,41.53884,0.5855462,41.56098,0.6097263357983697,3.179602072706166,4.685201,0,0.11382938,0.76024395,1.5739732,41.57445,0.615642786026001,4.685120668479364
2020-09-28,Europa_DER_A1A26_eobs_4004__2020__southbound_01,Europa / DER A1A26 (eobs 4004),38.858234,-3.6611989,38.610928,-4.430937,38.824116,-3.6684074030383718,70.27474334536937,72.20665,1,0.53314084,0.76024395,3.8381267,38.858234,-3.661198854446411,72.20668817282797
2020-09-28,Sierit_DER_AN858_eobs2561__2020__southbound_01,Sierit  / DER AN858 (eobs2561),41.540222,0.6167718,41.564663,0.5547703,41.515625,0.6051913703480725,6.880636567446505,5.8314004,0,0.21259502,0.76024395,2.894876,41.540222,0.6167718172073364,5.8313281901787555
2020-09-28,Zozu_plus_DER_AL581_eobs2541__2020__southbound_01,Zozu + / DER AL581 (eobs2541),41.53884,0.5855462,41.574703,0.6162569,41.517067,0.5748065008339556,7.278254363388232,4.736043,0,0.32553452,0.76024395,2.5763762,41.53884,0.5855461955070496,4.736175442276963
2020-09-29,Europa_DER_A1A26_eobs_4004__2020__southbound_01,Europa / DER A1A26 (eobs 4004),38.610928,-4.430937,37.8146,-4.7480035,38.37305,-4.587246641741106,63.6703218954816,92.779434,1,0.9360115,0.76024395,29.68152,38.37305,-4.587246641741106,63.6703218954816
2020-09-29,Sierit_DER_AN858_eobs2561__2020__southbound_01,Sierit  / DER AN858 (eobs2561),41.564663,0.5547703,41.540077,0.6148693,41.55089,0.5407919776060097,6.281029199936882,5.6996408,0,0.1236183,0.76024395,1.9193543,41.564663,0.554770290851593,5.699455780170284
2020-09-29,Zozu_plus_DER_AL581_eobs2541__2020__southbound_01,Zozu + / DER AL581 (eobs2541),41.574703,0.6162569,41.574455,0.6162995,41.55982,0.604448094283122,1.9029142187608992,0.027461274,0,0.12526546,0.76024395,1.9211563,41.574703,0.6162568926811218,0.027798388601584095
2020-09-30,Europa_DER_A1A26_eobs_4004__2020__southbound_01,Europa / DER A1A26 (eobs 4004),37.8146,-4.7480035,37.814445,-4.7481866,37.63549,-4.816304042420459,20.781212064463947,0.023563579,0,0.9041399,0.76024395,20.763865,37.63549,-4.816304042420459,20.781212064463947
2020-09-30,Sierit_DER_AN858_eobs2561__2020__southbound_01,Sierit  / DER AN858 (eobs2561),41.540077,0.6148693,41.564507,0.55533797,41.529026,0.6059029900216906,5.768232310616398,5.6498036,0,0.055938553,0.76024395,1.434984,41.540077,0.6148692965507507,5.649675018261365
2020-09-30,Zozu_plus_DER_AL581_eobs2541__2020__southbound_01,Zozu + / DER AL581 (eobs2541),41.574455,0.6162995,41.574684,0.6161941,41.557285,0.5971716374470771,2.499498365372422,0.026735049,0,0.26267493,0.76024395,2.4810529,41.574455,0.6162995100021362,0.026917895713976955
2020-10-01,Europa_DER_A1A26_eobs_4004__2020__southbound_01,Europa / DER A1A26 (eobs 4004),37.814445,-4.7481866,37.81383,-4.749066,37.79904,-4.744189648869239,1.6994106259551212,0.10303866,0,0.2242096,0.76024395,1.7453182,37.814445,-4.7481865882873535,0.10310163186910234
2020-10-01,Sierit_DER_AN858_eobs2561__2020__southbound_01,Sierit  / DER AN858 (eobs2561),41.564507,0.55533797,41.53878,0.61529416,41.55721,0.5324849947054696,7.189471866295813,5.7510705,0,0.16743618,0.76024395,2.0636106,41.564507,0.5553379654884338,5.75110166934236
2020-10-01,Zozu_plus_DER_AL581_eobs2541__2020__southbound_01,Zozu + / DER AL581 (eobs2541),41.574684,0.6161941,41.574574,0.6159647,41.5664,0.6006203688237834,1.567072869029489,0.022606736,0,0.10094791,0.76024395,1.5868254,41.574684,0.6161941289901733,0.0227049457190637
2020-10-02,Europa_DER_A1A26_eobs_4004__2020__southbound_01,Europa / DER A1A26 (eobs 4004),37.81383,-4.749066,37.81505,-4.7428856,37.78944,-4.762856748194175,3.3446917328489087,0.5594811,0,0.42356247,0.76024395,2.9650948,37.81383,-4.74906587600708,0.5595105635173419
2020-10-02,Sierit_DER_AN858_eobs2561__2020__southbound_01,Sierit  / DER AN858 (eobs2561),41.53878,0.61529416,41.539864,0.6156929,41.5303,0.6082484219367176,1.2307696740183256,0.12492979,0,0.02557411,0.76024395,1.1083552,41.53878,0.6152941584587097,0.12495392037916773
2020-10-02,Zozu_plus_DER_AL581_eobs2541__2020__southbound_01,Zozu + / DER AL581 (eobs2541),41.574574,0.6159647,41.57455,0.61588645,41.563343,0.6036784623791531,1.6076467084583936,0.0069834497,0,0.08771746,0.76024395,1.6107241,41.574574,0.6159647107124329,0.006989874764602588
2020-10-03,Europa_DER_A1A26_eobs_4004__2020__southbound_01,Europa / DER A1A26 (eobs 4004),37.81505,-4.7428856,37.81351,-4.749019,37.807,-4.74194987072408,0.953914078131438,0.56523144,0,0.02266568,0.76024395,0.89713514,37.81505,-4.742885589599609,0.5652654973265439
2020-10-03,Sierit_DER_AN858_eobs2561__2020__southbound_01,Sierit  / DER AN858 (eobs2561),41.539864,0.6156929,41.537273,0.61526805,41.528076,0.6063201511104916,1.265158655844781,0.290329,0,0.05629601,0.76024395,1.5227052,41.539864,0.6156929135322571,0.2901778722225536
2020-10-03,Zozu_plus_DER_AL581_eobs2541__2020__southbound_01,Zozu + / DER AL581 (eobs2541),41.57455,0.61588645,41.573006,0.6165295,41.558025,0.6064791205472592,1.8638218410781142,0.18023556,0,0.16760097,0.76024395,1.9935508,41.57455,0.6158864498138428,0.17992727768160477
2020-10-04,Europa_DER_A1A26_eobs_4004__2020__southbound_01,Europa / DER A1A26 (eobs 4004),37.81351,-4.749019,37.81468,-4.747616,37.792706,-4.764811580696162,2.872611333596315,0.17887221,0,0.32092595,0.76024395,2.6928284,37.81351,-4.749019145965576,0.17900893105089674
2020-10-04,Sierit_DER_AN858_eobs2561__2020__southbound_01,Sierit  / DER AN858 (eobs2561),41.537273,0.61526805,41.56545,0.5554442,41.521713,0.6116616673585017,6.748349571843307,5.8820634,0,0.102373004,0.76024395,1.7531058,41.537273,0.6152680516242981,5.8819909400186505
2020-10-04,Zozu_plus_DER_AL581_eobs2541__2020__southbound_01,Zozu + / DER AL581 (eobs2541),41.573006,0.6165295,41.566742,0.61676383,41.557568,0.6144297470890879,1.0384615367551036,0.6966819,0,0.10777366,0.76024395,1.7225568,41.573006,0.6165295243263245,0.6967689787739353
2020-10-05,Europa_DER_A1A26_eobs_4004__2020__southbound_01,Europa / DER A1A26 (eobs 4004),37.81468,-4.747616,37.815186,-4.7418804,37.807392,-4.752658174157407,1.2835172001594428,0.50699735,0,0.018078962,0.76024395,0.92166233,37.81468,-4.747615814208984,0.5069666027152303
2020-10-05,Sierit_DER_AN858_eobs2561__2020__southbound_01,Sierit  / DER AN858 (eobs2561),41.56545,0.5554442,41.565598,0.5550517,41.547897,0.5385871692096352,2.3980236988274735,0.036566887,0,0.14504425,0.76024395,2.3991516,41.56545,0.5554441809654236,0.03660540785783248
2020-10-05,Zozu_plus_DER_AL581_eobs2541__2020__southbound_01,Zozu + / DER AL581 (eobs2541),41.566742,0.61676383,41.573883,0.616177,41.552994,0.6124162435486953,2.3437647272249893,0.79549325,0,0.0959978,0.76024395,1.5680014,41.566742,0.6167638301849365,0.7955557953402267
2020-10-06,Europa_DER_A1A26_eobs_4004__2020__southbound_01,Europa / DER A1A26 (eobs 4004),37.815186,-4.7418804,37.8143,-4.747949,37.806602,-4.7492570911508,0.8636639202818363,0.54208153,0,0.030258007,0.76024395,1.1514143,37.815186,-4.741880416870117,0.5421052307129872
2020-10-06,Sierit_DER_AN858_eobs2561__2020__southbound_01,Sierit  / DER AN858 (eobs2561),41.565598,0.5550517,41.54001,0.6156468,41.55794,0.5459279370720069,6.134914638304882,5.7896943,0,0.024492435,0.76024395,1.1386318,41.565598,0.5550516843795776,5.789685308808115
2020-10-06,Zozu_plus_DER_AL581_eobs2541__2020__southbound_01,Zozu + / DER AL581 (eobs2541),41.573883,0.616177,41.531055,0.5029768,41.56321,0.6047861095383724,9.196032644425806,10.554964,0,0.069723964,0.76024395,1.5161313,41.573883,0.6161770224571228,10.555064325229122
2020-10-07,Europa_DER_A1A26_eobs_4004__2020__southbound_01,Europa / DER A1A26 (eobs 4004),37.8143,-4.747949,37.81448,-4.747839,37.781673,-4.786080843915917,4.959567988914554,0.021968314,0,0.604282,0.76024395,4.929306,37.8143,-4.747949123382568,0.022160299480020084
2020-10-07,Sierit_DER_AN858_eobs2561__2020__southbound_01,Sierit  / DER AN858 (eobs2561),41.54001,0.6156468,41.538795,0.6159454,41.52926,0.6108969580763507,1.14066235975535,0.13730322,0,0.025975104,0.76024395,1.2567639,41.54001,0.6156467795372009,0.13715846635735565
2020-10-07,Zozu_plus_DER_AL581_eobs2541__2020__southbound_01,Zozu + / DER AL581 (eobs2541),41.531055,0.5029768,41.57464,0.6163731,41.49724,0.48381984812167833,13.992775617922979,10.607567,0,0.4537011,0.76024395,4.077103,41.531055,0.5029767751693726,10.607686312440539
2020-10-08,Europa_DER_A1A26_eobs_4004__2020__southbound_01,Europa / DER A1A26 (eobs 4004),37.81448,-4.747839,37.8143,-4.747882,37.809284,-4.752644500889136,0.6972622986522635,0.020241434,0,0.027218673,0.76024395,0.7144182,37.81448,-4.747838973999023,0.02028955439884093
2020-10-08,Sierit_DER_AN858_eobs2561__2020__southbound_01,Sierit  / DER AN858 (eobs2561),41.538795,0.6159454,41.53873,0.6152668,41.526634,0.6129631022163826,1.3586605705711081,0.05689661,0,0.04178076,0.76024395,1.3724511,41.538795,0.6159453988075256,0.05693846928013209
2020-10-08,Zozu_plus_DER_AL581_eobs2541__2020__southbound_01,Zozu + / DER AL581 (eobs2541),41.57464,0.6163731,41.574684,0.616202,41.558994,0.6187511990430334,1.7574770564600988,0.0151279215,0,0.0723318,0.76024395,1.747787,41.57464,0.6163731217384338,0.01511756802407481
2020-10-09,Europa_DER_A1A26_eobs_4004__2020__southbound_01,Europa / DER A1A26 (eobs 4004),37.8143,-4.747882,37.814182,-4.7477293,37.790756,-4.767955169538828,3.1532650997283396,0.018601587,0,0.500101,0.76024395,3.1508873,37.8143,-4.747881889343262,0.018776976994495743
2020-10-09,Sierit_DER_AN858_eobs2561__2020__southbound_01,Sierit  / DER AN858 (eobs2561),41.53873,0.6152668,41.538876,0.6159291,41.52657,0.5955679891059138,2.1782825950417295,0.057420537,0,0.122257724,0.76024395,2.1214921,41.53873,0.6152667999267578,0.05743385698165286
2020-10-09,Zozu_plus_DER_AL581_eobs2541__2020__southbound_01,Zozu + / DER AL581 (eobs2541),41.574684,0.616202,41.57438,0.61609197,41.54741,0.5911638164924862,3.6462701614476587,0.035122924,0,0.40993524,0.76024395,3.6726093,41.574684,0.6162019968032837,0.035146732883014196
2020-10-10,Europa_DER_A1A26_eobs_4004__2020__southbound_01,Europa / DER A1A26 (eobs 4004),37.814182,-4.7477293,37.81433,-4.7482333,37.806557,-4.7508651422332075,0.8948535254730117,0.04714473,0,0.04764598,0.76024395,0.88991517,37.814182,-4.747729301452637,0.04726464066918399
2020-10-10,Sierit_DER_AN858_eobs2561__2020__southbound_01,Sierit  / DER AN858 (eobs2561),41.538876,0.6159291,41.55744,0.5663189,41.532223,0.6037807130189716,4.193268776519567,4.615813,0,0.03442156,0.76024395,1.2506778,41.538876,0.615929126739502,4.615874036068631
2020-10-10,Zozu_plus_DER_AL581_eobs2541__2020__southbound_01,Zozu + / DER AL581 (eobs2541),41.57438,0.61609197,41.532433,0.5235083,41.56087,0.6126514047192,8.06435852234273,9.005918,0,0.07863973,0.76024395,1.5262071,41.57438,0.6160919666290283,9.005944556787579
2020-10-11,Europa_DER_A1A26_eobs_4004__2020__southbound_01,Europa / DER A1A26 (eobs 4004),37.81433,-4.7482333,37.81456,-4.741742,37.8036,-4.760233477040374,2.0307735442415527,0.57080084,0,0.21526086,0.76024395,1.5895061,37.81433,-4.748233318328857,0.5707803454347706
2020-10-11,Sierit_DER_AN858_eobs2561__2020__southbound_01,Sierit  / DER AN858 (eobs2561),41.55744,0.5663189,41.56563,0.5551269,41.55214,0.5525360350596513,1.5157170862812956,1.3023535,0,0.030387796,0.76024395,1.2872329,41.55744,0.566318929195404,1.302495289482082
2020-10-11,Zozu_plus_DER_AL581_eobs2541__2020__southbound_01,Zozu + / DER AL581 (eobs2541),41.532433,0.5235083,41.57467,0.6163241,41.509747,0.5061316982275387,11.671301748536681,9.039298,0,0.38829914,0.76024395,2.9026394,41.532433,0.5235083103179932,9.039168415806575
2020-10-12,Europa_DER_A1A26_eobs_4004__2020__southbound_01,Europa / DER A1A26 (eobs 4004),37.81456,-4.741742,37.814034,-4.7475533,37.80987,-4.745255983560825,0.504867581769165,0.5138154,0,0.024972048,0.76024395,0.6046534,37.81456,-4.741742134094238,0.5138274764907983
2020-10-12,Sierit_DER_AN858_eobs2561__2020__southbound_01,Sierit  / DER AN858 (eobs2561),41.56563,0.5551269,41.540848,0.615309,41.56036,0.5437978989935233,6.333992495800555,5.716075,0,0.018681318,0.76024395,1.1080279,41.56563,0.5551269054412842,5.716065971285214
2020-10-12,Zozu_plus_DER_AL581_eobs2541__2020__southbound_01,Zozu + / DER AL581 (eobs2541),41.57467,0.6163241,41.574665,0.6162921,41.563015,0.6160492402837091,1.295589753857202,0.0027402197,0,0.0435516,0.76024395,1.2939898,41.57467,0.6163241267204285,0.0026961079084404874
2020-10-13,Europa_DER_A1A26_eobs_4004__2020__southbound_01,Europa / DER A1A26 (eobs 4004),37.814034,-4.7475533,37.793373,-4.7483387,37.802322,-4.758631805063426,1.344686371411416,2.29866,0,0.29736295,0.76024395,1.6229532,37.814034,-4.74755334854126,2.298370801799581
2020-10-13,Sierit_DER_AN858_eobs2561__2020__southbound_01,Sierit  / DER AN858 (eobs2561),41.540848,0.615309,41.564766,0.5779345,41.531727,0.6074413130422937,4.418843595728684,4.0923047,0,0.025033107,0.76024395,1.2049825,41.540848,0.6153090000152588,4.092134934956032
2020-10-13,Zozu_plus_DER_AL581_eobs2541__2020__southbound_01,Zozu + / DER AL581 (eobs2541),41.574665,0.6162921,41.57442,0.61604804,41.552776,0.5982207272706138,2.8270909300553915,0.03397507,0,0.35076195,0.76024395,2.85569,41.574665,0.6162921190261841,0.03390003916664664
2020-10-14,Sierit_DER_AN858_eobs2561__2020__southbound_01,Sierit  / DER AN858 (eobs2561),41.564766,0.5779345,41.539097,0.6156336,41.556484,0.5701667503142575,4.249039572849114,4.241186,0,0.020280799,0.76024395,1.1231422,41.564766,0.5779345035552979,4.241238585312413
2020-10-14,Zozu_plus_DER_AL581_eobs2541__2020__southbound_01,Zozu + / DER AL581 (eobs2541),41.57442,0.61604804,41.574734,0.6159256,41.560528,0.6128890363103566,1.5997025728669063,0.036424074,0,0.107579105,0.76024395,1.5644059,41.57442,0.6160480380058289,0.03624266057418695
2020-10-15,Sierit_DER_AN858_eobs2561__2020__southbound_01,Sierit  / DER AN858 (eobs2561),41.539097,0.6156336,41.563137,0.5556448,41.528023,0.6124037031579029,6.128413136578665,5.662488,0,0.033435047,0.76024395,1.2581369,41.539097,0.6156336069107056,5.662609742943638
2020-10-15,Zozu_plus_DER_AL581_eobs2541__2020__southbound_01,Zozu + / DER AL581 (eobs2541),41.574734,0.6159256,41.574677,0.6165224,41.559593,0.609640721161422,1.7722120151206626,0.05004229,0,0.12197686,0.76024395,1.7597454,41.574734,0.6159256100654602,0.05004715432449675
2020-10-16,Sierit_DER_AN858_eobs2561__2020__southbound_01,Sierit  / DER AN858 (eobs2561),41.563137,0.5556448,41.55762,0.5467268,41.552677,0.5496215018811651,0.6001835051945621,0.9625661,0,0.036587212,0.76024395,1.2640548,41.563137,0.5556448101997375,0.9626890266168843
2020-10-16,Zozu_plus_DER_AL581_eobs2541__2020__southbound_01,Zozu + / DER AL581 (eobs2541),41.574677,0.6165224,41.526695,0.4314196,41.5588,0.6140910299132631,15.616366501089535,16.301146,0,0.1060497,0.76024395,1.7738421,41.574677,0.6165223717689514,16.301147727987594
2020-10-17,Sierit_DER_AN858_eobs2561__2020__southbound_01,Sierit  / DER AN858 (eobs2561),41.55762,0.5467268,41.539963,0.61474,41.549793,0.5404541586738514,6.278144324021991,5.990791,0,0.026963593,0.76024395,1.0131248,41.55762,0.5467268228530884,5.990795369460195
2020-10-18,Sierit_DER_AN858_eobs2561__2020__southbound_01,Sierit  / DER AN858 (eobs2561),41.539963,0.61474,41.558624,0.52631336,41.53117,0.6087868431351733,7.511932452984104,7.645549,0,0.015656188,0.76024395,1.0940852,41.539963,0.6147400140762329,7.645560782820062
2020-10-19,Sierit_DER_AN858_eobs2561__2020__southbound_01,Sierit  / DER AN858 (eobs2561),41.558624,0.52631336,41.538605,0.6161277,41.552444,0.5109030134085898,8.891163101567942,7.798555,0,0.052069098,0.76024395,1.4521416,41.558624,0.5263133645057678,7.798600116788587
2020-10-20,Sierit_DER_AN858_eobs2561__2020__southbound_01,Sierit  / DER AN858 (eobs2561),41.538605,0.6161277,41.56393,0.5124798,41.5301,0.6069482212726374,8.715207998722992,9.073045,0,0.020861626,0.76024395,1.2134677,41.538605,0.6161277294158936,9.073079214586095
2020-10-21,Sierit_DER_AN858_eobs2561__2020__southbound_01,Sierit  / DER AN858 (eobs2561),41.56393,0.5124798,41.563473,0.524276,41.55096,0.5033405494280243,2.2293852631766953,0.98273814,0,0.033813044,0.76024395,1.6274471,41.56393,0.5124797821044922,0.9827449572092326
2020-10-22,Sierit_DER_AN858_eobs2561__2020__southbound_01,Sierit  / DER AN858 (eobs2561),41.563473,0.524276,41.563393,0.52437973,41.5497,0.5217022440251695,1.5385813357527565,0.012612383,0,0.024092207,0.76024395,1.5433431,41.563473,0.5242760181427002,0.012401664979475032
2020-10-23,Sierit_DER_AN858_eobs2561__2020__southbound_01,Sierit  / DER AN858 (eobs2561),41.563393,0.52437973,41.53905,0.6156396,41.55013,0.5331192484929832,6.977175895122656,8.06203,0,0.026359512,0.76024395,1.6414237,41.563393,0.5243797302246094,8.06205895533301
2020-10-24,Sierit_DER_AN858_eobs2561__2020__southbound_01,Sierit  / DER AN858 (eobs2561),41.53905,0.6156396,41.563145,0.5244061,41.52544,0.617077670765986,8.778326219002869,8.050822,0,0.029565005,0.76024395,1.5154433,41.53905,0.6156396269798279,8.05079066841887
2020-10-25,Sierit_DER_AN858_eobs2561__2020__southbound_01,Sierit  / DER AN858 (eobs2561),41.563145,0.5244061,41.563354,0.5142834,41.556553,0.5073314701055442,0.9521401330201276,0.8425162,0,0.039813682,0.76024395,1.5956631,41.563145,0.5244060754776001,0.842516009738775
2020-10-26,Sierit_DER_AN858_eobs2561__2020__southbound_01,Sierit  / DER AN858 (eobs2561),41.563354,0.5142834,41.539154,0.61587,41.56058,0.4990744178945338,10.007039804147372,8.87135,0,0.020712571,0.76024395,1.3000846,41.563354,0.5142834186553955,8.871422500464481
2020-10-27,Sierit_DER_AN858_eobs2561__2020__southbound_01,Sierit  / DER AN858 (eobs2561),41.539154,0.61587,41.56333,0.5244252,41.52925,0.6095825018237158,8.036435812996679,8.0703945,0,0.020002928,0.76024395,1.2169424,41.539154,0.6158699989318848,8.070456804084042
2020-10-28,Sierit_DER_AN858_eobs2561__2020__southbound_01,Sierit  / DER AN858 (eobs2561),41.56333,0.5244252,41.53877,0.6144356,41.552822,0.5136365310835067,8.53293534629342,7.972534,0,0.031014157,0.76024395,1.4708064,41.56333,0.524425208568573,7.972608156660549
2020-10-29,Sierit_DER_AN858_eobs2561__2020__southbound_01,Sierit  / DER AN858 (eobs2561),41.53877,0.6144356,41.538696,0.6145264,41.527668,0.606140840648109,1.4110224178625932,0.011279184,0,0.022013383,0.76024395,1.4119902,41.53877,0.614435613155365,0.011047085745133871
2020-10-30,Sierit_DER_AN858_eobs2561__2020__southbound_01,Sierit  / DER AN858 (eobs2561),41.538696,0.6145264,41.55891,0.5268293,41.530685,0.6044417672514036,7.181232067083007,7.63626,0,0.015316016,0.76024395,1.2216815,41.538696,0.6145263910293579,7.636220960522391
2020-10-31,Sierit_DER_AN858_eobs2561__2020__southbound_01,Sierit  / DER AN858 (eobs2561),41.55891,0.5268293,41.551395,0.56133294,41.555428,0.5090000436840652,4.377717348308395,2.9901366,0,0.04641753,0.76024395,1.5305232,41.55891,0.5268293023109436,2.990156006363062
2020-11-01,Sierit_DER_AN858_eobs2561__2020__southbound_01,Sierit  / DER AN858 (eobs2561),41.551395,0.56133294,41.558556,0.4972057,41.548134,0.547860961709549,4.371500738000966,5.395059,0,0.023493312,0.76024395,1.1761916,41.551395,0.5613329410552979,5.3950638067549574
2020-11-02,Sierit_DER_AN858_eobs2561__2020__southbound_01,Sierit  / DER AN858 (eobs2561),41.558556,0.4972057,41.53878,0.5244493,41.55786,0.4829961332771227,4.04991410435607,3.1584406,0,0.038226612,0.76024395,1.1827558,41.558556,0.4972057044506073,3.1583576018061033
2020-11-03,Sierit_DER_AN858_eobs2561__2020__southbound_01,Sierit  / DER AN858 (eobs2561),41.53878,0.5244493,41.538795,0.614788,41.537743,0.5128416826050278,8.48589667925269,7.518916,0,0.02683257,0.76024395,0.9712644,41.53878,0.5244492888450623,7.518916878170415
2020-11-04,Sierit_DER_AN858_eobs2561__2020__southbound_01,Sierit  / DER AN858 (eobs2561),41.538795,0.614788,41.563683,0.5235328,41.53422,0.6028490635727276,7.368708870132745,8.082298,0,0.023358075,0.76024395,1.1143992,41.538795,0.6147879958152771,8.082255181230007
2020-11-05,Sierit_DER_AN858_eobs2561__2020__southbound_01,Sierit  / DER AN858 (eobs2561),41.563683,0.5235328,41.545643,0.5918536,41.559917,0.509268353876763,7.053033376647254,6.028582,0,0.02758855,0.76024395,1.2562808,41.563683,0.5235328078269958,6.0284795279972085
2020-11-06,Sierit_DER_AN858_eobs2561__2020__southbound_01,Sierit  / DER AN858 (eobs2561),41.545643,0.5918536,41.563103,0.52451146,41.540398,0.5763847952930798,5.000682973290743,5.9303946,0,0.02641684,0.76024395,1.4108539,41.545643,0.5918536186218262,5.930352661802609
2020-11-07,Sierit_DER_AN858_eobs2561__2020__southbound_01,Sierit  / DER AN858 (eobs2561),41.563103,0.52451146,41.564594,0.513241,41.554817,0.5090249203381152,1.1423553785594363,0.95221853,0,0.026857011,0.76024395,1.5812621,41.563103,0.524511456489563,0.9522350649154556
2020-11-08,Sierit_DER_AN858_eobs2561__2020__southbound_01,Sierit  / DER AN858 (eobs2561),41.564594,0.513241,41.563316,0.5243891,41.555668,0.5007742639686397,2.1410035948245674,0.9382705,0,0.021703696,0.76024395,1.4329779,41.564594,0.5132409930229187,0.938320155514455
2020-11-09,Sierit_DER_AN858_eobs2561__2020__southbound_01,Sierit  / DER AN858 (eobs2561),41.563316,0.5243891,41.563374,0.5244171,41.563232,0.5052483728441395,1.5948912746824038,0.0065807714,0,0.034556337,0.76024395,1.5897169,41.563316,0.5243890881538391,0.006776095392306553
2020-11-10,Sierit_DER_AN858_eobs2561__2020__southbound_01,Sierit  / DER AN858 (eobs2561),41.563374,0.5244171,41.563255,0.5245554,41.567966,0.5104973530917358,1.281529142779221,0.01749343,0,0.024463858,0.76024395,1.2635694,41.563374,0.5244171023368835,0.017472026705927547
2020-11-11,Sierit_DER_AN858_eobs2561__2020__southbound_01,Sierit  / DER AN858 (eobs2561),41.563255,0.5245554,41.56339,0.5244098,41.565628,0.5111844632415777,1.1281289886101842,0.01914534,0,0.020570839,0.76024395,1.1412531,41.563255,0.5245553851127625,0.019161916573357834
2020-11-12,Sierit_DER_AN858_eobs2561__2020__southbound_01,Sierit  / DER AN858 (eobs2561),41.56339,0.5244098,41.563305,0.52443475,41.56637,0.5109126502644669,1.175427516642342,0.009710322,0,0.03886517,0.76024395,1.1687353,41.56339,0.5244097709655762,0.009560389438267956
2020-11-13,Sierit_DER_AN858_eobs2561__2020__southbound_01,Sierit  / DER AN858 (eobs2561),41.563305,0.52443475,41.563263,0.5244496,41.565907,0.5125375353466268,1.0337237670494521,0.0046483628,0,0.026948016,0.76024395,1.029426,41.563305,0.5244347453117371,0.004826556048290187
2020-11-14,Sierit_DER_AN858_eobs2561__2020__southbound_01,Sierit  / DER AN858 (eobs2561),41.563263,0.5244496,41.56327,0.5244317,41.565502,0.5139351467179524,0.9078561808333038,0.0017290312,0,0.02066819,0.76024395,0.90791106,41.563263,0.5244495868682861,0.001712594862684087
2020-11-15,Sierit_DER_AN858_eobs2561__2020__southbound_01,Sierit  / DER AN858 (eobs2561),41.56327,0.5244317,41.56339,0.5243646,41.565674,0.5138360631310904,0.9120495026679464,0.014371906,0,0.028194042,0.76024395,0.91956663,41.56327,0.5244317054748535,0.01428591643811246
2020-11-16,Sierit_DER_AN858_eobs2561__2020__southbound_01,Sierit  / DER AN858 (eobs2561),41.56339,0.5243646,41.56338,0.5244032,41.56589,0.5127784958083804,1.0066104179935826,0.0033572332,0,0.035269342,0.76024395,1.0015823,41.56339,0.5243645906448364,0.003323544505351084
2020-11-17,Sierit_DER_AN858_eobs2561__2020__southbound_01,Sierit  / DER AN858 (eobs2561),41.56338,0.5244032,41.56339,0.5243935,41.56368,0.5113382075862687,1.0866581383136331,0.0010542151,0,0.023976447,0.76024395,1.0855826,41.56338,0.5244032144546509,0.001171786053124297
2020-11-18,Sierit_DER_AN858_eobs2561__2020__southbound_01,Sierit  / DER AN858 (eobs2561),41.56339,0.5243935,41.563416,0.5243944,41.565823,0.5117185442739001,1.0880283516031428,0.0031699443,0,0.041756507,0.76024395,1.0867872,41.56339,0.5243934988975525,0.00297016058687991
2020-11-19,Sierit_DER_AN858_eobs2561__2020__southbound_01,Sierit  / DER AN858 (eobs2561),41.563416,0.5243944,41.563408,0.52437013,41.566864,0.5106548524704952,1.2040393046150504,0.0021181381,0,0.07231342,0.76024395,1.2036513,41.563416,0.5243943929672241,0.0021893662018201694
2020-11-20,Sierit_DER_AN858_eobs2561__2020__southbound_01,Sierit  / DER AN858 (eobs2561),41.563408,0.52437013,41.563274,0.5244513,41.566166,0.5128699963530364,1.0157599987330503,0.016571395,0,0.031914696,0.76024395,1.0029281,41.563408,0.5243701338768005,0.0163103398649492
2020-11-21,Sierit_DER_AN858_eobs2561__2020__southbound_01,Sierit  / DER AN858 (eobs2561),41.563274,0.5244513,41.563248,0.5244383,41.564365,0.5126489362917575,0.9886968906672361,0.0029725146,0,0.022700487,0.76024395,0.98767495,41.563274,0.5244513154029846,0.0031599101172394227
2020-11-22,Sierit_DER_AN858_eobs2561__2020__southbound_01,Sierit  / DER AN858 (eobs2561),41.563248,0.5244383,41.563385,0.5165925,41.56487,0.5136695354604212,0.2938790718476203,0.65293205,0,0.028269432,0.76024395,0.91234404,41.563248,0.5244383215904236,0.6529406724322001
2020-11-23,Sierit_DER_AN858_eobs2561__2020__southbound_01,Sierit  / DER AN858 (eobs2561),41.563385,0.5165925,41.534954,0.51965564,41.565952,0.5058692148491908,3.632759660461459,3.1714313,0,0.054563608,0.76024395,0.93509614,41.563385,0.5165925025939941,3.1716404983019624
2021-08-06,Ed_plus_AAL16_e-obs_7210__2021__southbound_01,"Ed + (AAL16, e-obs 7210)",47.693245,7.626867,47.69309,7.6269193,47.6905,7.625872831008132,0.29847495032453564,0.017962756,0,0.01658603,0.76024395,0.3138549,47.693245,7.626866817474365,0.01782878853932797
2021-08-07,Ed_plus_AAL16_e-obs_7210__2021__southbound_01,"Ed + (AAL16, e-obs 7210)",47.69309,7.6269193,47.692898,7.6266513,47.689987,7.62540042965655,0.3369156933153696,0.029231604,0,0.021038525,0.76024395,0.36239937,47.69309,7.626919269561768,0.029190913568068452
2021-08-08,Ed_plus_AAL16_e-obs_7210__2021__southbound_01,"Ed + (AAL16, e-obs 7210)",47.692898,7.6266513,47.69306,7.6269717,47.69021,7.625298544353702,0.34110427360687146,0.03015884,0,0.030168379,0.76024395,0.3152679,47.692898,7.626651287078857,0.03013093936535472
2021-08-09,Ed_plus_AAL16_e-obs_7210__2021__southbound_01,"Ed + (AAL16, e-obs 7210)",47.69306,7.6269717,47.69307,7.6269298,47.690002,7.624910371282706,0.373030448847829,0.0032122065,0,0.023203928,0.76024395,0.3730352,47.69306,7.62697172164917,0.0032532088893620355
2021-08-10,Ed_plus_AAL16_e-obs_7210__2021__southbound_01,"Ed + (AAL16, e-obs 7210)",47.69307,7.6269298,47.693024,7.626809,47.690228,7.623617517678356,0.3920934753334996,0.010257161,0,0.037831932,0.76024395,0.4010705,47.69307,7.626929759979248,0.010365260798738701
2021-08-11,Ed_plus_AAL16_e-obs_7210__2021__southbound_01,"Ed + (AAL16, e-obs 7210)",47.693024,7.626809,47.693108,7.6269464,47.690327,7.622781180386516,0.43910582959459393,0.013843988,0,0.066177815,0.76024395,0.4245233,47.693024,7.626809120178223,0.013882754888598352
2021-08-12,Ed_plus_AAL16_e-obs_7210__2021__southbound_01,"Ed + (AAL16, e-obs 7210)",47.693108,7.6269464,47.692886,7.6266565,47.689995,7.621746089682116,0.4883252603292574,0.03267993,0,0.038837306,0.76024395,0.5198537,47.693108,7.626946449279785,0.03280420945479562
2021-08-13,Ed_plus_AAL16_e-obs_7210__2021__southbound_01,"Ed + (AAL16, e-obs 7210)",47.692886,7.6266565,47.692947,7.62667,47.689785,7.621700338628915,0.5118658689642184,0.006666918,0,0.059916217,0.76024395,0.50562406,47.692886,7.626656532287598,0.006859983814462605
2021-08-14,Ed_plus_AAL16_e-obs_7210__2021__southbound_01,"Ed + (AAL16, e-obs 7210)",47.692947,7.62667,47.69297,7.626671,47.68949,7.6213635242544076,0.5544850042779408,0.0026367286,0,0.062145196,0.76024395,0.5517765,47.692947,7.626669883728027,0.002546054154329172
2021-08-15,Ed_plus_AAL16_e-obs_7210__2021__southbound_01,"Ed + (AAL16, e-obs 7210)",47.69297,7.626671,47.692963,7.626714,47.689487,7.618828093201313,0.7055031583195304,0.0033879734,0,0.10840151,0.76024395,0.702005,47.69297,7.626670837402344,0.0033566939840737105
2021-08-16,Ed_plus_AAL16_e-obs_7210__2021__southbound_01,"Ed + (AAL16, e-obs 7210)",47.692963,7.626714,47.69304,7.6269226,47.689144,7.620734867811411,0.6340838907449841,0.017767854,0,0.03395669,0.76024395,0.61577433,47.692963,7.62671422958374,0.017754186266753312
2021-08-17,Ed_plus_AAL16_e-obs_7210__2021__southbound_01,"Ed + (AAL16, e-obs 7210)",47.69304,7.6269226,47.69305,7.6268373,47.68849,7.622770862204948,0.5912489702130229,0.006519362,0,0.046366647,0.76024395,0.5925496,47.69304,7.626922607421875,0.006513872880815683
2021-08-18,Ed_plus_AAL16_e-obs_7210__2021__southbound_01,"Ed + (AAL16, e-obs 7210)",47.69305,7.6268373,47.693207,7.626807,47.689022,7.621956075112102,0.590224460585963,0.017723704,0,0.071471885,0.76024395,0.57694817,47.69305,7.626837253570557,0.01753593884647891
2021-08-19,Ed_plus_AAL16_e-obs_7210__2021__southbound_01,"Ed + (AAL16, e-obs 7210)",47.693207,7.626807,47.69298,7.626759,47.6895,7.622025273819264,0.5248990224230204,0.0252844,0,0.035737675,0.76024395,0.54495287,47.693207,7.62680721282959,0.025284615875970206
2021-08-20,Ed_plus_AAL16_e-obs_7210__2021__southbound_01,"Ed + (AAL16, e-obs 7210)",47.69298,7.626759,47.692852,7.626754,47.689724,7.622351781976112,0.4791043165746461,0.0145499315,0,0.03686465,0.76024395,0.48894513,47.69298,7.626759052276611,0.014427311601396101
2021-08-21,Ed_plus_AAL16_e-obs_7210__2021__southbound_01,"Ed + (AAL16, e-obs 7210)",47.692852,7.626754,47.692856,7.6267424,47.689636,7.622340147268067,0.48655524255907007,0.0009337944,0,0.030354235,0.76024395,0.4860329,47.692852,7.626753807067871,0.0009558201493953998
2021-08-22,Ed_plus_AAL16_e-obs_7210__2021__southbound_01,"Ed + (AAL16, e-obs 7210)",47.692856,7.6267424,47.69284,7.626746,47.689983,7.622128332436663,0.46947061118456623,0.0016066527,0,0.09871779,0.76024395,0.46962923,47.692856,7.626742362976074,0.0017205572377780797
2021-08-23,Ed_plus_AAL16_e-obs_7210__2021__southbound_01,"Ed + (AAL16, e-obs 7210)",47.69284,7.626746,47.692814,7.6267595,47.68972,7.623371469444033,0.42737383239852783,0.0033387605,0,0.056246914,0.76024395,0.42854422,47.69284,7.62674617767334,0.003132877972882615
2021-08-24,Ed_plus_AAL16_e-obs_7210__2021__southbound_01,"Ed + (AAL16, e-obs 7210)",47.692814,7.6267595,47.69283,7.626755,47.689808,7.623531924407868,0.4136016503801241,0.0018321696,0,0.04882558,0.76024395,0.41153145,47.692814,7.6267595291137695,0.0017268383508827333
2021-08-25,Ed_plus_AAL16_e-obs_7210__2021__southbound_01,"Ed + (AAL16, e-obs 7210)",47.69283,7.626755,47.692833,7.6267385,47.68989,7.622951752057887,0.43276993341103365,0.0013819534,0,0.034693345,0.76024395,0.43244943,47.69283,7.626755237579346,0.0013191826659729668
2021-08-26,Ed_plus_AAL16_e-obs_7210__2021__southbound_01,"Ed + (AAL16, e-obs 7210)",47.692833,7.6267385,47.692825,7.6267347,47.69023,7.622397081329339,0.4342855382839103,0.0010755446,0,0.06476791,0.76024395,0.4343752,47.692833,7.626738548278809,0.0008951079895120797
2021-08-27,Ed_plus_AAL16_e-obs_7210__2021__southbound_01,"Ed + (AAL16, e-obs 7210)",47.692825,7.6267347,47.69282,7.626746,47.69004,7.622763114470045,0.42953176150376504,0.00089902664,0,0.057392914,0.76024395,0.42851725,47.692825,7.626734733581543,0.0009558205983817126
2021-08-27,Sierit_DER_AN858_eobs2561__2021__southbound_01,Sierit  / DER AN858 (eobs2561),47.807762,8.883102,47.805283,8.883997,47.804718,8.880122182343422,0.29611845432323075,0.28344673,0,0.028145403,0.76024395,0.40451744,47.807762,8.883102416992188,0.2836925527591607
2021-08-28,Ed_plus_AAL16_e-obs_7210__2021__southbound_01,"Ed + (AAL16, e-obs 7210)",47.69282,7.626746,47.692833,7.6267357,47.690018,7.623065067644204,0.416504817744365,0.0012948118,0,0.043849993,0.76024395,0.41518,47.69282,7.62674617767334,0.0014952622278557538
2021-08-28,Sierit_DER_AN858_eobs2561__2021__southbound_01,Sierit  / DER AN858 (eobs2561),47.805283,8.883997,47.80832,8.884963,47.80217,8.880999461641531,0.7450967381727084,0.34514087,0,0.04999006,0.76024395,0.41143185,47.805283,8.883996963500977,0.3452661293883201
2021-08-29,Ed_plus_AAL16_e-obs_7210__2021__southbound_01,"Ed + (AAL16, e-obs 7210)",47.692833,7.6267357,47.692806,7.6267524,47.690258,7.623016052806954,0.3981132353763486,0.0029519296,0,0.076584466,0.76024395,0.3986794,47.692833,7.626735687255859,0.003221279157937725
2021-08-29,Sierit_DER_AN858_eobs2561__2021__southbound_01,Sierit  / DER AN858 (eobs2561),47.80832,8.884963,47.808376,8.886821,47.802933,8.879649733550195,0.8082163583691103,0.13889864,0,0.14976531,0.76024395,0.71708477,47.80832,8.884963035583496,0.13888319886550948
2021-08-30,Ed_plus_AAL16_e-obs_7210__2021__southbound_01,"Ed + (AAL16, e-obs 7210)",47.692806,7.6267524,47.692837,7.6267357,47.69039,7.623895470404262,0.34513704154304137,0.0035624169,0,0.051290475,0.76024395,0.34270728,47.692806,7.6267523765563965,0.003616007880291073
2021-08-30,Sierit_DER_AN858_eobs2561__2021__southbound_01,Sierit  / DER AN858 (eobs2561),47.808376,8.886821,47.801804,8.874189,47.801598,8.880731689441498,0.4891791410836849,1.1934167,0,0.18979783,0.76024395,0.878751,47.808376,8.886820793151855,1.1933574879183628
2021-08-31,Ed_plus_AAL16_e-obs_7210__2021__southbound_01,"Ed + (AAL16, e-obs 7210)",47.692837,7.6267357,47.692837,7.626745,47.690678,7.623713074119107,0.33037223907585633,0.000743363,0,0.054291774,0.76024395,0.32927716,47.692837,7.626735687255859,0.0007137867172438136
2021-08-31,Sierit_DER_AN858_eobs2561__2021__southbound_01,Sierit  / DER AN858 (eobs2561),47.801804,8.874189,47.789276,8.864052,47.794857,8.86805483658068,0.6888614677276885,1.5854301,0,0.21295181,0.76024395,0.896613,47.801804,8.874189376831055,1.5855190277733968
2021-09-01,Ed_plus_AAL16_e-obs_7210__2021__southbound_01,"Ed + (AAL16, e-obs 7210)",47.692837,7.626745,47.692825,7.6267204,47.690582,7.624118263212263,0.31645169190996764,0.00223526,0,0.023230357,0.76024395,0.3178905,47.692837,7.626745223999023,0.0022502194030393206
2021-09-01,Europa_DER_A1A26_eobs_4004__2021__southbound_01,Europa / DER A1A26 (eobs 4004),47.170433,7.40309,47.167435,7.404136,47.167545,7.400200954807948,0.2977447559033534,0.34255263,0,0.026118932,0.76024395,0.3874977,47.170433,7.403090000152588,0.3426535445861874
2021-09-01,Sierit_DER_AN858_eobs2561__2021__southbound_01,Sierit  / DER AN858 (eobs2561),47.789276,8.864052,47.80182,8.87423,47.786346,8.861434960824948,1.9681388598488065,1.5887303,0,0.0653974,0.76024395,0.37927395,47.789276,8.864051818847656,1.5884737937203552
2021-09-02,Ed_plus_AAL16_e-obs_7210__2021__southbound_01,"Ed + (AAL16, e-obs 7210)",47.692825,7.6267204,47.69283,7.626735,47.690845,7.623837200455197,0.3093557728569778,0.0012096438,0,0.05995042,0.76024395,0.30778608,47.692825,7.626720428466797,0.0011848960444846783
2021-09-02,Europa_DER_A1A26_eobs_4004__2021__southbound_01,Europa / DER A1A26 (eobs 4004),47.167435,7.404136,47.16744,7.4031286,47.164223,7.400679307959774,0.40267853768514467,0.07618668,0,0.026284335,0.76024395,0.4418853,47.167435,7.4041361808776855,0.07616934762642262
2021-09-02,Sierit_DER_AN858_eobs2561__2021__southbound_01,Sierit  / DER AN858 (eobs2561),47.80182,8.87423,47.80212,8.875433,47.799156,8.871311579847378,0.4509831993762908,0.09576053,0,0.042289823,0.76024395,0.36707175,47.80182,8.87423038482666,0.09586730267435481
2021-09-03,Ed_plus_AAL16_e-obs_7210__2021__southbound_01,"Ed + (AAL16, e-obs 7210)",47.69283,7.626735,47.692818,7.626737,47.690544,7.623407419611318,0.35499691418935525,0.0013193878,0,0.028377153,0.76024395,0.3550896,47.69283,7.626735210418701,0.0012805092291735727
2021-09-03,Europa_DER_A1A26_eobs_4004__2021__southbound_01,Europa / DER A1A26 (eobs 4004),47.16744,7.4031286,47.17598,7.4030747,47.163982,7.398722928954966,1.3739947474916756,0.94973695,0,0.0831249,0.76024395,0.5077971,47.16744,7.403128623962402,0.9497378317121741
2021-09-03,Sierit_DER_AN858_eobs2561__2021__southbound_01,Sierit  / DER AN858 (eobs2561),47.80212,8.875433,47.803688,8.877852,47.79935,8.872230118780438,0.6394863385254502,0.2511869,0,0.035940498,0.76024395,0.3893164,47.80212,8.875432968139648,0.251092501393924
2021-09-04,Ed_plus_AAL16_e-obs_7210__2021__southbound_01,"Ed + (AAL16, e-obs 7210)",47.692818,7.626737,47.692825,7.626731,47.690556,7.623190645756073,0.36594102429368675,0.0010430516,0,0.08134186,0.76024395,0.36499044,47.692818,7.626737117767334,0.0009669332586469778
2021-09-04,Europa_DER_A1A26_eobs_4004__2021__southbound_01,Europa / DER A1A26 (eobs 4004),47.17598,7.4030747,47.170006,7.4042363,47.17255,7.398514062454319,0.5168645770560467,0.66996104,0,0.105594076,0.76024395,0.51306593,47.17598,7.403074741363525,0.6700367022327872
2021-09-04,Sierit_DER_AN858_eobs2561__2021__southbound_01,Sierit  / DER AN858 (eobs2561),47.803688,8.877852,47.80339,8.874088,47.800747,8.874031375122637,0.29398440117299435,0.28304315,0,0.061693206,0.76024395,0.43318507,47.803688,8.877852439880371,0.2830732026393834
2021-09-05,Ed_plus_AAL16_e-obs_7210__2021__southbound_01,"Ed + (AAL16, e-obs 7210)",47.692825,7.626731,47.69284,7.626754,47.68936,7.620653272425039,0.5984557258994304,0.0023760789,0,0.24450874,0.76024395,0.59511864,47.692825,7.626730918884277,0.002411113839922621
2021-09-05,Europa_DER_A1A26_eobs_4004__2021__southbound_01,Europa / DER A1A26 (eobs 4004),47.170006,7.4042363,47.167484,7.40369,47.16646,7.399903184880773,0.30816604963676775,0.28311142,0,0.11932145,0.76024395,0.5118557,47.170006,7.404236316680908,0.2834068309684307
2021-09-05,Sierit_DER_AN858_eobs2561__2021__southbound_01,Sierit  / DER AN858 (eobs2561),47.80339,8.874088,47.80462,8.883072,47.79786,8.866688549155874,1.4360868060972862,0.68467015,0,0.2634504,0.76024395,0.8253087,47.80339,8.874088287353516,0.6847134617460918
2021-09-06,Ed_plus_AAL16_e-obs_7210__2021__southbound_01,"Ed + (AAL16, e-obs 7210)",47.69284,7.626754,47.69283,7.62674,47.690136,7.622081644427701,0.4596187894292033,0.0016992027,0,0.12147427,0.76024395,0.46033782,47.69284,7.626753807067871,0.0016402835507277843
2021-09-06,Europa_DER_A1A26_eobs_4004__2021__southbound_01,Europa / DER A1A26 (eobs 4004),47.167484,7.40369,47.111233,7.269212,47.16332,7.398703150198484,11.37892151808541,11.940954,0,0.19819322,0.76024395,0.59615713,47.167484,7.403689861297607,11.940812005994195
2021-09-06,Sierit_DER_AN858_eobs2561__2021__southbound_01,Sierit  / DER AN858 (eobs2561),47.80462,8.883072,47.801865,8.874229,47.799778,8.877136492715936,0.3177750353470365,0.72808194,0,0.21894148,0.76024395,0.69618297,47.80462,8.883071899414062,0.7279748675365311
2021-09-07,Ed_plus_AAL16_e-obs_7210__2021__southbound_01,"Ed + (AAL16, e-obs 7210)",47.69283,7.62674,47.69283,7.6267524,47.68951,7.6216087193363515,0.5332970671741641,0.0009372252,0,0.17094344,0.76024395,0.53175807,47.69283,7.626739978790283,0.0009279228681977447
2021-09-07,Europa_DER_A1A26_eobs_4004__2021__southbound_01,Europa / DER A1A26 (eobs 4004),47.111233,7.269212,45.636578,5.5005417,46.961613,7.046995619844209,189.26102157192415,212.82457,1,0.92538095,0.76024395,23.614178,46.961613,7.046995619844209,189.26102157192415
2021-09-07,Louis_DER_AU050_eobs_3264__2021__southbound_01,Louis / DER AU050 (eobs 3264),47.91356,8.58325,47.916084,8.58597,47.906555,8.57506044232886,1.335615955136922,0.34655884,0,0.41064256,0.76024395,0.98765683,47.91356,8.583250045776367,0.34632336982510903
2021-09-07,Sierit_DER_AN858_eobs2561__2021__southbound_01,Sierit  / DER AN858 (eobs2561),47.801865,8.874229,47.801987,8.874386,47.795593,8.866534151523778,0.9216039374471453,0.017900044,0,0.32678849,0.76024395,0.902156,47.801865,8.874229431152344,0.017908174812905416
2021-09-08,Ed_plus_AAL16_e-obs_7210__2021__southbound_01,"Ed + (AAL16, e-obs 7210)",47.69283,7.6267524,47.692833,7.6267395,47.69016,7.623493154334887,0.3839995571552424,0.0010643532,0,0.05501957,0.76024395,0.38369617,47.69283,7.6267523765563965,0.0010528406028564835
2021-09-08,Europa_DER_A1A26_eobs_4004__2021__southbound_01,Europa / DER A1A26 (eobs 4004),45.636578,5.5005417,44.90214,4.81051,44.66454,4.839120087285958,26.516513008750337,97.90317,1,0.9805211,0.76024395,119.48564,44.66454,4.839120087285958,26.516513008750337
2021-09-08,Louis_DER_AU050_eobs_3264__2021__southbound_01,Louis / DER AU050 (eobs 3264),47.916084,8.58597,47.918816,8.57294,47.91189,8.581371429758407,0.9940905038862116,1.0173665,0,0.26853794,0.76024395,0.57796156,47.916084,8.585969924926758,1.0174260562430808
2021-09-08,Sierit_DER_AN858_eobs2561__2021__southbound_01,Sierit  / DER AN858 (eobs2561),47.801987,8.874386,47.80179,8.874239,47.797,8.868563287527378,0.6805184956664686,0.024429744,0,0.24514535,0.76024395,0.7035421,47.801987,8.874385833740234,0.024634177466441066
2021-09-09,Ed_plus_AAL16_e-obs_7210__2021__southbound_01,"Ed + (AAL16, e-obs 7210)",47.692833,7.6267395,47.69282,7.6267447,47.68802,7.6185714583315045,0.8120672481174607,0.0013909956,0,0.3447224,0.76024395,0.81127805,47.692833,7.626739501953125,0.0013317077174862199
2021-09-09,Europa_DER_A1A26_eobs_4004__2021__southbound_01,Europa / DER A1A26 (eobs 4004),44.90214,4.81051,44.346085,4.695497,44.326996,4.36589688505875,26.299524247343843,62.497223,1,0.9600889,0.76024395,72.785255,44.326996,4.36589688505875,26.299524247343843
2021-09-09,Louis_DER_AU050_eobs_3264__2021__southbound_01,Louis / DER AU050 (eobs 3264),47.918816,8.57294,47.915577,8.586424,47.910824,8.562225645556282,1.8793219342798646,1.0673668,0,0.49779847,0.76024395,1.1925168,47.918816,8.5729398727417,1.067455097851466
2021-09-09,Sierit_DER_AN858_eobs2561__2021__southbound_01,Sierit  / DER AN858 (eobs2561),47.80179,8.874239,47.801796,8.874194,47.796547,8.868136658688067,0.7384980453659832,0.0034621097,0,0.26435402,0.76024395,0.7385583,47.80179,8.874238967895508,0.0034535988914053254
2021-09-10,Ed_plus_AAL16_e-obs_7210__2021__southbound_01,"Ed + (AAL16, e-obs 7210)",47.69282,7.6267447,47.69285,7.6267695,47.689896,7.622810146165658,0.442282597930202,0.003637212,0,0.12315113,0.76024395,0.43803102,47.69282,7.626744747161865,0.0035014973044647803
2021-09-10,Europa_DER_A1A26_eobs_4004__2021__southbound_01,Europa / DER A1A26 (eobs 4004),44.346085,4.695497,43.62141,4.067581,43.356728,3.7354639021426017,39.80020397822262,94.95779,1,0.9775283,0.76024395,133.66992,43.356728,3.7354639021426017,39.80020397822262
2021-09-10,Louis_DER_AU050_eobs_3264__2021__southbound_01,Louis / DER AU050 (eobs 3264),47.915577,8.586424,47.913425,8.584303,47.906948,8.575510397533495,0.9737686425672184,0.28705832,0,0.5216865,0.76024395,1.2554817,47.915577,8.586423873901367,0.2867395758957657
2021-09-10,Sierit_DER_AN858_eobs2561__2021__southbound_01,Sierit  / DER AN858 (eobs2561),47.801796,8.874194,47.801826,8.874197,47.789818,8.858047808689337,1.7995083398861316,0.003292228,0,0.57813126,0.76024395,1.7936034,47.801796,8.874194145202637,0.0034001260345375354
2021-09-11,Ed_plus_AAL16_e-obs_7210__2021__southbound_01,"Ed + (AAL16, e-obs 7210)",47.69285,7.6267695,47.53392,7.5431767,47.690613,7.623843108514841,18.442905664682794,18.74988,0,0.09341767,0.76024395,0.3305701,47.69285,7.626769542694092,18.750033985823965
2021-09-11,Europa_DER_A1A26_eobs_4004__2021__southbound_01,Europa / DER A1A26 (eobs 4004),43.62141,4.067581,43.4752,3.589663,42.717613,3.0086061149116654,96.5510867622873,41.807594,1,0.97762656,0.76024395,131.54964,42.717613,3.0086061149116654,96.5510867622873
2021-09-11,Louis_DER_AU050_eobs_3264__2021__southbound_01,Louis / DER AU050 (eobs 3264),47.913425,8.584303,47.916348,8.570784,47.90255,8.57121953683027,1.5345870319723705,1.0587279,0,0.58620685,0.76024395,1.550745,47.913425,8.58430290222168,1.05864289691095
2021-09-11,Sierit_DER_AN858_eobs2561__2021__southbound_01,Sierit  / DER AN858 (eobs2561),47.801826,8.874197,47.504314,8.492643,47.783104,8.848093698495546,40.866874500665745,43.717064,1,0.6979309,0.76024395,2.8471353,47.801826,8.874197006225586,43.71715262910894
2021-09-12,Ed_plus_AAL16_e-obs_7210__2021__southbound_01,"Ed + (AAL16, e-obs 7210)",47.53392,7.5431767,47.293636,6.1651664,47.460697,7.434177483821585,97.34161039182315,107.07468,1,0.87146556,0.76024395,11.523295,47.460697,7.434177483821585,97.34161039182315
2021-09-12,Europa_DER_A1A26_eobs_4004__2021__southbound_01,Europa / DER A1A26 (eobs 4004),43.4752,3.589663,42.94531,2.9627626,43.22193,3.0976173693049573,32.65063285193671,77.80081,1,0.93776,0.76024395,48.592087,43.22193,3.0976173693049573,32.65063285193671
2021-09-12,Louis_DER_AU050_eobs_3264__2021__southbound_01,Louis / DER AU050 (eobs 3264),47.916348,8.570784,47.913998,8.574338,47.90272,8.552250618520693,2.0694178448536493,0.37222642,0,0.65757143,0.76024395,2.0465112,47.916348,8.570783615112305,0.37207715105297995
2021-09-12,Sierit_DER_AN858_eobs2561__2021__southbound_01,Sierit  / DER AN858 (eobs2561),47.504314,8.492643,47.209435,7.6871953,46.996735,7.932279797039406,30.057961482517484,68.9647,1,0.97302634,0.76024395,70.28439,46.996735,7.932279797039406,30.057961482517484
2021-09-13,Ed_plus_AAL16_e-obs_7210__2021__southbound_01,"Ed + (AAL16, e-obs 7210)",47.293636,6.1651664,45.9427,5.038446,46.33287,5.332620148450999,48.949068553547,173.11523,1,0.9796816,0.76024395,123.69997,46.33287,5.332620148450999,48.949068553547
2021-09-13,Europa_DER_A1A26_eobs_4004__2021__southbound_01,Europa / DER A1A26 (eobs 4004),42.94531,2.9627626,42.115,2.7938616,42.45031,2.116343540185709,67.057244199797,93.35771,1,0.9659799,0.76024395,88.02705,42.45031,2.116343540185709,67.057244199797
2021-09-13,Louis_DER_AU050_eobs_3264__2021__southbound_01,Louis / DER AU050 (eobs 3264),47.913998,8.574338,47.914482,8.57449,47.90787,8.567048081646892,0.9208594754012726,0.05494327,0,0.4159653,0.76024395,0.8698309,47.913998,8.57433795928955,0.055042893753659165
2021-09-13,Sierit_DER_AN858_eobs2561__2021__southbound_01,Sierit  / DER AN858 (eobs2561),47.209435,7.6871953,45.919697,5.929899,46.008648,6.596644856153005,52.474921997730796,196.4996,1,0.98500824,0.76024395,156.61313,46.008648,6.596644856153005,52.474921997730796
2021-09-14,Ed_plus_AAL16_e-obs_7210__2021__southbound_01,"Ed + (AAL16, e-obs 7210)",45.9427,5.038446,45.937496,5.0351863,44.98343,4.271334317230903,121.66901214632124,0.63083,0,0.9765162,0.76024395,121.83483,44.98343,4.271334317230903,121.66901214632124
2021-09-14,Europa_DER_A1A26_eobs_4004__2021__southbound_01,Europa / DER A1A26 (eobs 4004),42.115,2.7938616,42.10794,2.7917275,41.68063,2.2329755855368956,66.30649696579398,0.8047167,0,0.95674247,0.76024395,66.76542,41.68063,2.2329755855368956,66.30649696579398
2021-09-14,Louis_DER_AU050_eobs_3264__2021__southbound_01,Louis / DER AU050 (eobs 3264),47.914482,8.57449,47.913956,8.586676,47.90892,8.567392711559833,1.542405199955396,0.9100585,0,0.40863144,0.76024395,0.8123838,47.914482,8.57448959350586,0.9100823450955641
2021-09-14,Sierit_DER_AN858_eobs2561__2021__southbound_01,Sierit  / DER AN858 (eobs2561),45.919697,5.929899,45.639435,5.111113,44.593163,4.730454466591392,120.11301855861448,70.731415,1,0.98648083,0.76024395,173.95284,44.593163,4.730454466591392,120.11301855861448
2021-09-15,Ed_plus_AAL16_e-obs_7210__2021__southbound_01,"Ed + (AAL16, e-obs 7210)",45.937496,5.0351863,45.932526,5.037642,45.89473,5.010354689810535,4.703126832858956,0.5845008,0,0.52355844,0.76024395,5.119361,45.937496,5.035186290740967,0.5844170237972927
2021-09-15,Europa_DER_A1A26_eobs_4004__2021__southbound_01,Europa / DER A1A26 (eobs 4004),42.10794,2.7917275,42.053555,2.6166096,42.088135,2.776889250685104,13.77725692890531,15.666535,0,0.23341951,0.76024395,2.5153596,42.10794,2.7917275428771973,15.666576416358064
2021-09-15,Louis_DER_AU050_eobs_3264__2021__southbound_01,Louis / DER AU050 (eobs 3264),47.913956,8.586676,47.913704,8.582867,47.909702,8.58154824131719,0.4556812325435584,0.2852751,0,0.3401967,0.76024395,0.60699964,47.913956,8.586675643920898,0.2852532707370053
2021-09-15,Sierit_DER_AN858_eobs2561__2021__southbound_01,Sierit  / DER AN858 (eobs2561),45.639435,5.111113,45.903297,4.9508886,45.5087,4.910195208023117,43.9907811037424,31.863426,1,0.91067755,0.76024395,21.300514,45.5087,4.910195208023117,43.9907811037424
2021-09-16,Ed_plus_AAL16_e-obs_7210__2021__southbound_01,"Ed + (AAL16, e-obs 7210)",45.932526,5.037642,44.87422,4.7733636,45.90002,5.014362077697505,115.6058706044365,119.47311,1,0.42484686,0.76024395,4.0307994,45.932526,5.037642002105713,119.47303736097085
2021-09-16,Europa_DER_A1A26_eobs_4004__2021__southbound_01,Europa / DER A1A26 (eobs 4004),42.053555,2.6166096,41.629025,0.7369565,41.903473,2.252076014981152,129.3099488040278,162.70425,1,0.9315416,0.76024395,34.354084,41.903473,2.252076014981152,129.3099488040278
2021-09-16,Louis_DER_AU050_eobs_3264__2021__southbound_01,Louis / DER AU050 (eobs 3264),47.913704,8.582867,47.911495,8.574363,47.907925,8.57562183776845,0.4079685306278445,0.6798379,0,0.4528305,0.76024395,0.83789146,47.913704,8.582866668701172,0.6797179066706076
2021-09-16,Sierit_DER_AN858_eobs2561__2021__southbound_01,Sierit  / DER AN858 (eobs2561),45.903297,4.9508886,45.453598,4.882936,45.814304,4.75005347676622,41.41810906221291,50.28236,1,0.8934535,0.76024395,18.391039,45.814304,4.75005347676622,41.41810906221291
2021-09-17,Ed_plus_AAL16_e-obs_7210__2021__southbound_01,"Ed + (AAL16, e-obs 7210)",44.87422,4.7733636,43.42441,3.586989,43.71976,3.5072395977829176,33.46389829491766,186.94069,1,0.9859972,0.76024395,162.29683,43.71976,3.5072395977829176,33.46389829491766
2021-09-17,Europa_DER_A1A26_eobs_4004__2021__southbound_01,Europa / DER A1A26 (eobs 4004),41.629025,0.7369565,41.538486,0.6144332,41.313065,0.3500967046486188,33.3769220847157,14.324684,0,0.9471255,0.76024395,47.541927,41.313065,0.3500967046486188,33.3769220847157
2021-09-17,Louis_DER_AU050_eobs_3264__2021__southbound_01,Louis / DER AU050 (eobs 3264),47.911495,8.574363,47.02005,6.399962,47.9039,8.564570924025348,190.09277291467671,191.14932,1,0.52095115,0.76024395,1.1142232,47.911495,8.574362754821777,191.14951642432294
2021-09-17,Sierit_DER_AN858_eobs2561__2021__southbound_01,Sierit  / DER AN858 (eobs2561),45.453598,4.882936,43.614338,4.017332,45.22955,4.476885798504708,183.27315771708882,215.71472,1,0.9576968,0.76024395,40.226074,45.22955,4.476885798504708,183.27315771708882
2021-09-18,Ed_plus_AAL16_e-obs_7210__2021__southbound_01,"Ed + (AAL16, e-obs 7210)",43.42441,3.586989,42.5008,2.1136606,42.737247,2.9411183101428264,72.63219854757506,157.85815,1,0.9726539,0.76024395,92.352585,42.737247,2.9411183101428264,72.63219854757506
2021-09-18,Europa_DER_A1A26_eobs_4004__2021__southbound_01,Europa / DER A1A26 (eobs 4004),41.538486,0.6144332,41.53835,0.61458236,41.51749,0.5884476586130039,3.1800407573876663,0.0198458,0,0.40205434,0.76024395,3.1767795,41.538486,0.614433228969574,0.019678597673464717
2021-09-18,Louis_DER_AU050_eobs_3264__2021__southbound_01,Louis / DER AU050 (eobs 3264),47.02005,6.399962,46.16235,5.178129,45.939167,5.506707423553052,35.480198159084935,133.46092,1,0.9855407,0.76024395,137.70961,45.939167,5.506707423553052,35.480198159084935
2021-09-18,Sierit_DER_AN858_eobs2561__2021__southbound_01,Sierit  / DER AN858 (eobs2561),43.614338,4.017332,43.123764,2.9536963,42.61691,2.8431057963127397,57.07581266514944,101.82017,1,0.98630375,0.76024395,145.4735,42.61691,2.8431057963127397,57.07581266514944
2021-09-19,Ed_plus_AAL16_e-obs_7210__2021__southbound_01,"Ed + (AAL16, e-obs 7210)",42.5008,2.1136606,41.959824,1.273122,41.406647,0.8772666658942636,69.74368434554466,91.69355,1,0.9846265,0.76024395,158.0767,41.406647,0.8772666658942636,69.74368434554466
2021-09-19,Europa_DER_A1A26_eobs_4004__2021__southbound_01,Europa / DER A1A26 (eobs 4004),41.53835,0.61458236,41.546925,0.6032092,41.527176,0.6083061731877041,2.2365601747948887,1.3435622,0,0.08158967,0.76024395,1.3452785,41.53835,0.614582359790802,1.3435699865522488
2021-09-19,Louis_DER_AU050_eobs_3264__2021__southbound_01,Louis / DER AU050 (eobs 3264),46.16235,5.178129,43.59045,4.381417,45.107033,4.406928521011709,168.64870949793325,292.7876,1,0.9797278,0.76024395,131.29044,45.107033,4.406928521011709,168.64870949793325
2021-09-19,Sierit_DER_AN858_eobs2561__2021__southbound_01,Sierit  / DER AN858 (eobs2561),43.123764,2.9536963,42.526676,2.9177837,43.076584,2.8707239633465047,61.267442707383715,66.45785,1,0.81692934,0.76024395,8.521296,43.076584,2.8707239633465047,61.267442707383715
2021-09-20,Ed_plus_AAL16_e-obs_7210__2021__southbound_01,"Ed + (AAL16, e-obs 7210)",41.959824,1.273122,41.48175,0.37422925,41.518295,0.6199323031132118,20.861777158551106,91.60537,1,0.96439636,0.76024395,72.86122,41.518295,0.6199323031132118,20.861777158551106
2021-09-20,Europa_DER_A1A26_eobs_4004__2021__southbound_01,Europa / DER A1A26 (eobs 4004),41.546925,0.6032092,41.736565,0.5489771,41.54018,0.5944824627987189,22.161998315228153,21.56332,0,0.060503542,0.76024395,1.0420592,41.546925,0.6032091975212097,21.563216311316022
2021-09-20,Louis_DER_AU050_eobs_3264__2021__southbound_01,Louis / DER AU050 (eobs 3264),43.59045,4.381417,43.592377,4.3546762,42.82565,3.762808950471212,97.823646768245,2.1642294,0,0.9756645,0.76024395,98.38829,42.82565,3.762808950471212,97.823646768245
2021-09-20,Sierit_DER_AN858_eobs2561__2021__southbound_01,Sierit  / DER AN858 (eobs2561),42.526676,2.9177837,41.6055,0.741106,42.16507,2.406699285377054,151.26797370703756,206.8164,1,0.96929246,0.76024395,57.956947,42.16507,2.406699285377054,151.26797370703756
2021-09-21,Ed_plus_AAL16_e-obs_7210__2021__southbound_01,"Ed + (AAL16, e-obs 7210)",41.48175,0.37422925,41.53132,-0.4183052,41.33333,0.11580760292190917,49.67260241211705,66.22527,1,0.91054106,0.76024395,27.07821,41.33333,0.11580760292190917,49.67260241211705
2021-09-21,Europa_DER_A1A26_eobs_4004__2021__southbound_01,Europa / DER A1A26 (eobs 4004),41.736565,0.5489771,41.744118,0.5486276,41.725933,0.5338523825202361,2.3646906727499735,0.8404736,0,0.13595983,0.76024395,1.7209837,41.736565,0.5489770770072937,0.8403679781714188
2021-09-21,Louis_DER_AU050_eobs_3264__2021__southbound_01,Louis / DER AU050 (eobs 3264),43.592377,4.3546762,43.324387,3.3246007,43.5208,4.249513249475779,77.82416360955011,88.319305,1,0.7918875,0.76024395,11.601747,43.5208,4.249513249475779,77.82416360955011
2021-09-21,Sierit_DER_AN858_eobs2561__2021__southbound_01,Sierit  / DER AN858 (eobs2561),41.6055,0.741106,41.53853,0.6149601,41.05608,0.007494431843270921,73.84558071660182,12.867578,0,0.9761437,0.76024395,86.178024,41.05608,0.007494431843270921,73.84558071660182
2021-09-22,Ed_plus_AAL16_e-obs_7210__2021__southbound_01,"Ed + (AAL16, e-obs 7210)",41.53132,-0.4183052,40.28238,-3.5975688,41.08554,-1.189737778665389,221.79421725822053,301.08954,1,0.9658626,0.76024395,80.97763,41.08554,-1.189737778665389,221.79421725822053
2021-09-22,Europa_DER_A1A26_eobs_4004__2021__southbound_01,Europa / DER A1A26 (eobs 4004),41.744118,0.5486276,41.74419,0.5457118,41.73645,0.5368726386875982,1.1307446266003278,0.24203715,0,0.057069436,0.76024395,1.2932559,41.744118,0.5486276149749756,0.2420448807415565
2021-09-22,Louis_DER_AU050_eobs_3264__2021__southbound_01,Louis / DER AU050 (eobs 3264),43.324387,3.3246007,42.618763,2.865123,42.400333,2.096470478968068,67.52482433467358,86.91188,1,0.982385,0.76024395,142.67313,42.400333,2.096470478968068,67.52482433467358
2021-09-22,Sierit_DER_AN858_eobs2561__2021__southbound_01,Sierit  / DER AN858 (eobs2561),41.53853,0.6149601,41.53847,0.6147878,41.533554,0.6028456458747811,1.1344475308881663,0.01562597,0,0.27280575,0.76024395,1.1480732,41.53853,0.6149600744247437,0.015685519792443918
2021-09-23,Ed_plus_AAL16_e-obs_7210__2021__southbound_01,"Ed + (AAL16, e-obs 7210)",40.28238,-3.5975688,39.879326,-4.175836,39.986233,-3.8865061781318,27.384211451487715,66.5512,1,0.9425732,0.76024395,40.97817,39.986233,-3.8865061781318,27.384211451487715
2021-09-23,Europa_DER_A1A26_eobs_4004__2021__southbound_01,Europa / DER A1A26 (eobs 4004),41.74419,0.5457118,41.74405,0.5476792,41.73358,0.5289191267358081,1.9436177830208567,0.1639872,0,0.18522567,0.76024395,1.822423,41.74419,0.5457118153572083,0.1639766963501538
2021-09-23,Louis_DER_AU050_eobs_3264__2021__southbound_01,Louis / DER AU050 (eobs 3264),42.618763,2.865123,41.66193,0.9516546,42.098675,2.18616463898549,113.15387925226445,190.2834,1,0.96758527,0.76024395,80.05255,42.098675,2.18616463898549,113.15387925226445
2021-09-23,Sierit_DER_AN858_eobs2561__2021__southbound_01,Sierit  / DER AN858 (eobs2561),41.53847,0.6147878,41.538692,0.6151355,41.51617,0.5551016420034351,5.589884328901112,0.037940174,0,0.65819967,0.76024395,5.5424576,41.53847,0.6147878170013428,0.03798187336659226
2021-09-24,Ed_plus_AAL16_e-obs_7210__2021__southbound_01,"Ed + (AAL16, e-obs 7210)",39.879326,-4.175836,39.883015,-4.176393,39.75746,-4.306347062551848,17.83495611744447,0.4130017,0,0.8609974,0.76024395,17.509214,39.75746,-4.306347062551848,17.83495611744447
2021-09-24,Europa_DER_A1A26_eobs_4004__2021__southbound_01,Europa / DER A1A26 (eobs 4004),41.74405,0.5476792,41.743896,0.548648,41.73741,0.5456221950336251,0.763550647445311,0.082075976,0,0.022085095,0.76024395,0.756327,41.74405,0.5476791858673096,0.082149585449997
2021-09-24,Louis_DER_AU050_eobs_3264__2021__southbound_01,Louis / DER AU050 (eobs 3264),41.66193,0.9516546,41.658073,0.95165163,41.2746,0.46307205546510716,58.9532150614854,0.42904627,0,0.95875067,0.76024395,59.07633,41.2746,0.46307205546510716,58.9532150614854
2021-09-24,Sierit_DER_AN858_eobs2561__2021__southbound_01,Sierit  / DER AN858 (eobs2561),41.538692,0.6151355,41.53863,0.6148949,41.52931,0.5921927377921158,2.1553410909039554,0.021184176,0,0.32177183,0.76024395,2.1721287,41.538692,0.6151354908943176,0.021141250481731464
2021-09-25,Ed_plus_AAL16_e-obs_7210__2021__southbound_01,"Ed + (AAL16, e-obs 7210)",39.883015,-4.176393,39.881145,-4.176397,39.84665,-4.209475819993252,4.762821080842218,0.20802402,0,0.46433607,0.76024395,4.9227324,39.883015,-4.176393032073975,0.20784628344671147
2021-09-25,Europa_DER_A1A26_eobs_4004__2021__southbound_01,Europa / DER A1A26 (eobs 4004),41.743896,0.548648,41.743114,0.5468857,41.73786,0.5475068352154634,0.5863587028328643,0.17023385,0,0.01689701,0.76024395,0.6766183,41.743896,0.5486479997634888,0.17011303870788205
2021-09-25,Louis_DER_AU050_eobs_3264__2021__southbound_01,Louis / DER AU050 (eobs 3264),41.658073,0.95165163,41.65926,0.9525754,41.64938,0.9512202084735581,1.1043689741831262,0.15289795,0,0.10995922,0.76024395,0.9658393,41.658073,0.9516516327857971,0.15261644836997035
2021-09-25,Sierit_DER_AN858_eobs2561__2021__southbound_01,Sierit  / DER AN858 (eobs2561),41.53863,0.6148949,41.53958,0.61461765,41.526394,0.5544522192997402,5.218301453774092,0.10811002,0,0.59136564,0.76024395,5.2023697,41.53863,0.6148949265480042,0.10811161305634955
2021-09-26,Ed_plus_AAL16_e-obs_7210__2021__southbound_01,"Ed + (AAL16, e-obs 7210)",39.881145,-4.176397,39.85966,-4.165265,39.85851,-4.185455062052446,1.728088383257259,2.5708828,0,0.19766596,0.76024395,2.6284888,39.881145,-4.17639684677124,2.5709189117726794
2021-09-26,Europa_DER_A1A26_eobs_4004__2021__southbound_01,Europa / DER A1A26 (eobs 4004),41.743114,0.5468857,41.731365,0.5390256,41.736977,0.5408327540873995,0.6417282866543963,1.4600403,0,0.10164247,0.76024395,0.84587574,41.743114,0.5468857288360596,1.4602021302795347
2021-09-26,Louis_DER_AU050_eobs_3264__2021__southbound_01,Louis / DER AU050 (eobs 3264),41.65926,0.9525754,41.65797,0.9512935,41.64181,0.9404969636075042,2.008289579912029,0.17875265,0,0.17940828,0.76024395,2.1803644,41.65926,0.9525753855705261,0.17859387944204655
2021-09-26,Sierit_DER_AN858_eobs2561__2021__southbound_01,Sierit  / DER AN858 (eobs2561),41.53958,0.61461765,41.54041,0.6145698,41.538086,0.5948597726884892,1.6606727876689131,0.092216715,0,0.20707566,0.76024395,1.6499319,41.53958,0.614617645740509,0.09213225710783826
2021-09-27,Ed_plus_AAL16_e-obs_7210__2021__southbound_01,"Ed + (AAL16, e-obs 7210)",39.85966,-4.165265,39.859753,-4.165775,39.84481,-4.172670859092481,1.762698829333538,0.044708025,0,0.09688954,0.76024395,1.7649271,39.85966,-4.165265083312988,0.04468394769067675
2021-09-27,Europa_DER_A1A26_eobs_4004__2021__southbound_01,Europa / DER A1A26 (eobs 4004),41.731365,0.5390256,41.71099,0.3373924,41.72639,0.5336303687490604,16.377196280172146,16.887247,0,0.061209597,0.76024395,0.71041733,41.731365,0.539025604724884,16.887230437313026
2021-09-27,Louis_DER_AU050_eobs_3264__2021__southbound_01,Louis / DER AU050 (eobs 3264),41.65797,0.9512935,41.659184,0.9513698,41.64955,0.9452080162206947,1.187100438475459,0.13483967,0,0.06323151,0.76024395,1.0621364,41.65797,0.9512935280799866,0.1350366601023596
2021-09-27,Sierit_DER_AN858_eobs2561__2021__southbound_01,Sierit  / DER AN858 (eobs2561),41.54041,0.6145698,41.538643,0.6146714,41.53896,0.6003476506391856,1.1926901032646562,0.19663581,0,0.07360916,0.76024395,1.1925061,41.54041,0.6145697832107544,0.19657534381469244
2021-09-28,Ed_plus_AAL16_e-obs_7210__2021__southbound_01,"Ed + (AAL16, e-obs 7210)",39.859753,-4.165775,39.88265,-4.174532,39.84747,-4.190749076392415,4.149399999286886,2.653327,0,0.28042743,0.76024395,2.5273623,39.859753,-4.165774822235107,2.65332470239806
2021-09-28,Europa_DER_A1A26_eobs_4004__2021__southbound_01,Europa / DER A1A26 (eobs 4004),41.71099,0.3373924,41.509094,-0.5416205,41.656586,0.26241032889805044,68.85548418505246,76.45,1,0.8060196,0.76024395,8.664561,41.656586,0.26241032889805044,68.85548418505246
2021-09-28,Louis_DER_AU050_eobs_3264__2021__southbound_01,Louis / DER AU050 (eobs 3264),41.659184,0.9513698,41.65781,0.9515684,41.653675,0.9421709569678989,0.9060758963630039,0.15333313,0,0.04115334,0.76024395,0.97755665,41.659184,0.9513698220252991,0.15359195905406856
2021-09-28,Sierit_DER_AN858_eobs2561__2021__southbound_01,Sierit  / DER AN858 (eobs2561),41.538643,0.6146714,41.557392,0.56876373,41.53423,0.6034341291357338,3.8676504842611124,4.352156,0,0.043600332,0.76024395,1.0542805,41.538643,0.6146714091300964,4.352202526199633
2021-09-29,Ed_plus_AAL16_e-obs_7210__2021__southbound_01,"Ed + (AAL16, e-obs 7210)",39.88265,-4.174532,39.882633,-4.1744914,39.874676,-4.197095724244457,2.1221291282957746,0.00400551,0,0.2011099,0.76024395,2.1158872,39.88265,-4.174531936645508,0.0038521722457900568
2021-09-29,Europa_DER_A1A26_eobs_4004__2021__southbound_01,Europa / DER A1A26 (eobs 4004),41.509094,-0.5416205,41.586285,-0.81986606,41.239944,-0.7892018082290726,38.59612699805396,24.694977,0,0.94093335,0.76024395,36.27761,41.239944,-0.7892018082290726,38.59612699805396
2021-09-29,Louis_DER_AU050_eobs_3264__2021__southbound_01,Louis / DER AU050 (eobs 3264),41.65781,0.9515684,41.657883,0.9513669,41.65176,0.945196885846689,0.8522088169263989,0.018488385,0,0.026874587,0.76024395,0.8543794,41.65781,0.9515684247016907,0.01858077237108055
2021-09-29,Sierit_DER_AN858_eobs2561__2021__southbound_01,Sierit  / DER AN858 (eobs2561),41.557392,0.56876373,41.54015,0.6144209,41.55384,0.5252208832494167,7.577697443820803,4.255688,0,0.39191967,0.76024395,3.6381035,41.557392,0.5687637329101562,4.255810677460714
2021-09-30,Ed_plus_AAL16_e-obs_7210__2021__southbound_01,"Ed + (AAL16, e-obs 7210)",39.882633,-4.1744914,39.882698,-4.1751933,39.870846,-4.1838628048275694,1.5113578983853784,0.06033915,0,0.07057214,0.76024395,1.5325114,39.882633,-4.1744914054870605,0.0603236284078198
2021-09-30,Europa_DER_A1A26_eobs_4004__2021__southbound_01,Europa / DER A1A26 (eobs 4004),41.586285,-0.81986606,41.474003,-1.0980037,41.573177,-0.8148903659578004,26.02141824231595,26.304415,0,0.18007164,0.76024395,1.5123456,41.586285,-0.8198660612106323,26.304381579389222
2021-09-30,Louis_DER_AU050_eobs_3264__2021__southbound_01,Louis / DER AU050 (eobs 3264),41.657883,0.9513669,41.66376,0.951669,41.653214,0.9413615547576942,1.4521764225499827,0.6543308,0,0.057230465,0.76024395,0.97832763,41.657883,0.9513669013977051,0.6541360724310505
2021-09-30,Sierit_DER_AN858_eobs2561__2021__southbound_01,Sierit  / DER AN858 (eobs2561),41.54015,0.6144209,41.573586,0.5687904,41.53287,0.6043053271383486,5.4064158283182495,5.313787,0,0.057927806,0.76024395,1.1658139,41.54015,0.6144208908081055,5.313972375866171
2021-10-01,Ed_plus_AAL16_e-obs_7210__2021__southbound_01,"Ed + (AAL16, e-obs 7210)",39.882698,-4.1751933,39.882725,-4.174737,39.86223,-4.207564542126076,3.6114489118064337,0.039080337,0,0.5272107,0.76024395,3.5729353,39.882698,-4.1751933097839355,0.039050363058226095
2021-10-01,Europa_DER_A1A26_eobs_4004__2021__southbound_01,Europa / DER A1A26 (eobs 4004),41.474003,-1.0980037,40.562016,-3.2691195,41.20522,-1.3550941787251256,176.08187517972115,208.46672,1,0.9396353,0.76024395,36.7055,41.20522,-1.3550941787251256,176.08187517972115
2021-10-01,Louis_DER_AU050_eobs_3264__2021__southbound_01,Louis / DER AU050 (eobs 3264),41.66376,0.951669,41.6638,0.9497386,41.66006,0.9396142595650472,0.9381685766278132,0.16041209,0,0.068133466,0.76024395,1.0806682,41.66376,0.9516689777374268,0.16040929445162896
2021-10-01,Sierit_DER_AN858_eobs2561__2021__southbound_01,Sierit  / DER AN858 (eobs2561),41.573586,0.5687904,41.57358,0.6138474,41.567497,0.5434445191973097,5.895720158952579,3.748089,0,0.17499337,0.76024395,2.210591,41.573586,0.5687903761863708,3.7480888244743595
2021-10-02,Ed_plus_AAL16_e-obs_7210__2021__southbound_01,"Ed + (AAL16, e-obs 7210)",39.882725,-4.174737,39.85636,-4.1747885,39.87194,-4.1684557186111375,1.8146944747570415,2.9315338,0,0.04651263,0.76024395,1.3113525,39.882725,-4.174736976623535,2.9314806486490768
2021-10-02,Europa_DER_A1A26_eobs_4004__2021__southbound_01,Europa / DER A1A26 (eobs 4004),40.562016,-3.2691195,40.32193,-3.5891702,40.269375,-3.4665667939721407,11.92770493783942,38.03003,1,0.9417664,0.76024395,36.50186,40.269375,-3.4665667939721407,11.92770493783942
2021-10-02,Louis_DER_AU050_eobs_3264__2021__southbound_01,Louis / DER AU050 (eobs 3264),41.6638,0.9497386,41.663574,0.94869316,41.6571,0.9172427753093273,2.7100450941743666,0.09044265,0,0.4593625,0.76024395,2.7954037,41.6638,0.949738621711731,0.09038014963921974
2021-10-02,Sierit_DER_AN858_eobs2561__2021__southbound_01,Sierit  / DER AN858 (eobs2561),41.57358,0.6138474,41.55734,0.6142457,41.5692,0.5952952302949465,2.0554756393636917,1.8064123,0,0.10533919,0.76024395,1.6155565,41.57358,0.6138473749160767,1.806443582045154
2021-10-03,Ed_plus_AAL16_e-obs_7210__2021__southbound_01,"Ed + (AAL16, e-obs 7210)",39.85636,-4.1747885,39.852436,-4.2449136,39.83763,-4.176717730705571,6.050373422183465,6.0018835,0,0.17549923,0.76024395,2.0854034,39.85636,-4.174788475036621,6.001892076372135
2021-10-03,Europa_DER_A1A26_eobs_4004__2021__southbound_01,Europa / DER A1A26 (eobs 4004),40.32193,-3.5891702,40.322205,-3.5869176,40.23346,-3.6181116267746924,10.216681600102703,0.1934125,0,0.79227906,0.76024395,10.121196,40.23346,-3.6181116267746924,10.216681600102703
2021-10-03,Louis_DER_AU050_eobs_3264__2021__southbound_01,Louis / DER AU050 (eobs 3264),41.663574,0.94869316,41.667892,0.95159733,41.658905,0.9270794118766342,2.268667126097664,0.53731364,0,0.29072005,0.76024395,1.865695,41.663574,0.9486931562423706,0.5373611858405879
2021-10-03,Sierit_DER_AN858_eobs2561__2021__southbound_01,Sierit  / DER AN858 (eobs2561),41.55734,0.6142457,41.540375,0.6144741,41.551537,0.5980181459207634,1.84821751266999,1.8865314,0,0.08233852,0.76024395,1.493743,41.55734,0.6142457127571106,1.8864045133864067
2021-10-04,Ed_plus_AAL16_e-obs_7210__2021__southbound_01,"Ed + (AAL16, e-obs 7210)",39.852436,-4.2449136,39.856407,-4.214764,39.836468,-4.250091566581637,3.743240526349006,2.6111681,0,0.1377055,0.76024395,1.8264399,39.852436,-4.244913578033447,2.6112153560445135
2021-10-04,Europa_DER_A1A26_eobs_4004__2021__southbound_01,Europa / DER A1A26 (eobs 4004),40.322205,-3.5869176,40.29139,-3.633558,40.309254,-3.571892444812643,5.594082083687052,5.232947,0,0.15160407,0.76024395,1.9192194,40.322205,-3.5869176387786865,5.232817437177429
2021-10-04,Louis_DER_AU050_eobs_3264__2021__southbound_01,Louis / DER AU050 (eobs 3264),41.667892,0.95159733,41.65795,0.9512533,41.664173,0.9405464744261304,1.1268280932813597,1.1054984,0,0.044722285,0.76024395,1.005106,41.667892,0.9515973329544067,1.1057709191061114
2021-10-04,Sierit_DER_AN858_eobs2561__2021__southbound_01,Sierit  / DER AN858 (eobs2561),41.540375,0.6144741,41.53859,0.6149485,41.5323,0.6022463744886521,1.2676927064082397,0.20239419,0,0.069941014,0.76024395,1.3547913,41.540375,0.6144741177558899,0.2024026159116205
2021-10-05,Ed_plus_AAL16_e-obs_7210__2021__southbound_01,"Ed + (AAL16, e-obs 7210)",39.856407,-4.214764,39.849773,-4.247153,39.84481,-4.223954127715151,2.055932681039004,2.8614767,0,0.07651737,0.76024395,1.5067654,39.856407,-4.21476411819458,2.8615158564566303
2021-10-05,Europa_DER_A1A26_eobs_4004__2021__southbound_01,Europa / DER A1A26 (eobs 4004),40.29139,-3.633558,40.262356,-3.6339383,40.236797,-3.6721214322402798,4.310207306257286,3.2283156,0,0.7430674,0.76024395,6.8833394,40.29139,-3.6335580348968506,3.2285614327163015
2021-10-05,Louis_DER_AU050_eobs_3264__2021__southbound_01,Louis / DER AU050 (eobs 3264),41.65795,0.9512533,41.665646,0.9430285,41.650562,0.9403101105790798,1.692326361578006,1.0949353,0,0.114770435,0.76024395,1.2233249,41.65795,0.9512532949447632,1.0949036100383225
2021-10-05,Sierit_DER_AN858_eobs2561__2021__southbound_01,Sierit  / DER AN858 (eobs2561),41.53859,0.6149485,41.53868,0.614892,41.5257,0.6050333870412266,1.6604277549737103,0.011339907,0,0.1477596,0.76024395,1.6510966,41.53859,0.6149485111236572,0.011214033271637476
2021-10-06,Ed_plus_AAL16_e-obs_7210__2021__southbound_01,"Ed + (AAL16, e-obs 7210)",39.849773,-4.247153,39.85635,-4.17749,39.83566,-4.272501263071883,8.431280629102686,5.9914484,0,0.37817246,0.76024395,2.6685512,39.849773,-4.247152805328369,5.991428604205635
2021-10-06,Europa_DER_A1A26_eobs_4004__2021__southbound_01,Europa / DER A1A26 (eobs 4004),40.262356,-3.6339383,40.261543,-3.634287,40.249123,-3.632461684612417,1.3897758777037452,0.095216915,0,0.14198555,0.76024395,1.474284,40.262356,-3.6339383125305176,0.0950736853583373
2021-10-06,Louis_DER_AU050_eobs_3264__2021__southbound_01,Louis / DER AU050 (eobs 3264),41.665646,0.9430285,41.657867,0.951539,41.6635,0.9295646671409564,1.9299943581759162,1.1172156,0,0.14154074,0.76024395,1.1415167,41.665646,0.9430285096168518,1.1170778957220333
2021-10-06,Sierit_DER_AN858_eobs2561__2021__southbound_01,Sierit  / DER AN858 (eobs2561),41.53868,0.614892,41.55732,0.55529314,41.530304,0.5957705353375767,4.513547609911593,5.375244,0,0.100732386,0.76024395,1.8407046,41.53868,0.6148920059204102,5.375333363622521
2021-10-07,Ed_plus_AAL16_e-obs_7210__2021__southbound_01,"Ed + (AAL16, e-obs 7210)",39.85635,-4.17749,39.88213,-4.171537,39.8456,-4.185635788908701,4.236401250712019,2.9113204,0,0.097857654,0.76024395,1.3802564,39.85635,-4.177490234375,2.9112561819229916
2021-10-07,Europa_DER_A1A26_eobs_4004__2021__southbound_01,Europa / DER A1A26 (eobs 4004),40.261543,-3.634287,40.26184,-3.6346602,40.233765,-3.6504189477086215,3.3963551603802666,0.045905188,0,0.57461935,0.76024395,3.372808,40.261543,-3.634287118911743,0.04579376668475687
2021-10-07,Louis_DER_AU050_eobs_3264__2021__southbound_01,Louis / DER AU050 (eobs 3264),41.657867,0.951539,41.6631,0.95162827,41.652863,0.9400517898876344,1.4903317926077442,0.5821312,0,0.10216337,0.76024395,1.1027465,41.657867,0.9515389800071716,0.5820161473657821
2021-10-07,Sierit_DER_AN858_eobs2561__2021__southbound_01,Sierit  / DER AN858 (eobs2561),41.55732,0.55529314,41.55735,0.55482215,41.54796,0.534836402842232,1.963767311891712,0.039354965,0,0.075284034,0.76024395,1.9917071,41.55732,0.5552931427955627,0.03933652368080711
2021-10-08,Ed_plus_AAL16_e-obs_7210__2021__southbound_01,"Ed + (AAL16, e-obs 7210)",39.88213,-4.171537,39.85583,-4.1715584,39.877487,-4.187829567164242,2.7797724961973977,2.9241755,0,0.1423444,0.76024395,1.4803269,39.88213,-4.171536922454834,2.924266942764543
2021-10-08,Europa_DER_A1A26_eobs_4004__2021__southbound_01,Europa / DER A1A26 (eobs 4004),40.26184,-3.6346602,40.263256,-3.6342008,40.252914,-3.647707129789045,1.6235569973469055,0.16186248,0,0.2894496,0.76024395,1.4841377,40.26184,-3.634660243988037,0.16212580973250437
2021-10-08,Louis_DER_AU050_eobs_3264__2021__southbound_01,Louis / DER AU050 (eobs 3264),41.6631,0.95162827,41.657887,0.9513762,41.66275,0.937478147071476,1.274953114741762,0.58053803,0,0.15905295,0.76024395,1.1740303,41.6631,0.9516282677650452,0.5802259872438262
2021-10-08,Sierit_DER_AN858_eobs2561__2021__southbound_01,Sierit  / DER AN858 (eobs2561),41.55735,0.55482215,41.556698,0.5537554,41.55333,0.5300760289043605,2.0056299253964665,0.114500955,0,0.11874919,0.76024395,2.1032813,41.55735,0.5548221468925476,0.11462806591032632
2021-10-09,Ed_plus_AAL16_e-obs_7210__2021__southbound_01,"Ed + (AAL16, e-obs 7210)",39.85583,-4.1715584,39.854263,-4.270872,39.837955,-4.189818076174142,7.153401878939211,8.479296,0,0.4674166,0.76024395,2.5214636,39.85583,-4.171558380126953,8.479304302622621
2021-10-09,Europa_DER_A1A26_eobs_4004__2021__southbound_01,Europa / DER A1A26 (eobs 4004),40.263256,-3.6342008,40.261814,-3.6341543,40.258057,-3.6453838732708967,1.0404615143529137,0.16030826,0,0.21356575,0.76024395,1.1092433,40.263256,-3.6342008113861084,0.16038688706502202
2021-10-09,Louis_DER_AU050_eobs_3264__2021__southbound_01,Louis / DER AU050 (eobs 3264),41.657887,0.9513762,41.657852,0.9515188,41.65657,0.9389118802057923,1.0570046162853364,0.012438214,0,0.12125933,0.76024395,1.0439222,41.657887,0.95137619972229,0.01244464101063333
2021-10-09,Sierit_DER_AN858_eobs2561__2021__southbound_01,Sierit  / DER AN858 (eobs2561),41.556698,0.5537554,41.5576,0.5538011,41.555058,0.5387369680099587,1.2848940637610171,0.100131124,0,0.056927145,0.76024395,1.2606975,41.556698,0.5537554025650024,0.10017768166201033
2021-10-10,Ed_plus_AAL16_e-obs_7210__2021__southbound_01,"Ed + (AAL16, e-obs 7210)",39.854263,-4.270872,39.8652,-4.6851053,39.836365,-4.2899110246152325,33.88824383219692,35.3778,1,0.49712119,0.76024395,2.564923,39.854263,-4.270872116088867,35.37779255340567
2021-10-10,Europa_DER_A1A26_eobs_4004__2021__southbound_01,Europa / DER A1A26 (eobs 4004),40.261814,-3.6341543,40.25979,-3.6346369,40.248413,-3.643294643092966,1.4627932353221313,0.2289495,0,0.4490337,0.76024395,1.6769865,40.261814,-3.6341543197631836,0.22892897927834707
2021-10-10,Louis_DER_AU050_eobs_3264__2021__southbound_01,Louis / DER AU050 (eobs 3264),41.657852,0.9515188,41.662094,0.95153725,41.656784,0.9413842974506781,1.029587471368451,0.47175318,0,0.05532466,0.76024395,0.84879434,41.657852,0.9515187740325928,0.4716857298540934
2021-10-10,Sierit_DER_AN858_eobs2561__2021__southbound_01,Sierit  / DER AN858 (eobs2561),41.5576,0.5538011,41.557713,0.55440867,41.55725,0.5390715096592665,1.2771789553888153,0.05213998,0,0.047034107,0.76024395,1.2240534,41.5576,0.5538011193275452,0.052128869875669004
2021-10-11,Ed_plus_AAL16_e-obs_7210__2021__southbound_01,"Ed + (AAL16, e-obs 7210)",39.8652,-4.6851053,39.379917,-5.8253427,39.77692,-4.766016625762707,100.95102784491858,111.575485,1,0.87979805,0.76024395,11.981026,39.77692,-4.766016625762707,100.95102784491858
2021-10-11,Europa_DER_A1A26_eobs_4004__2021__southbound_01,Europa / DER A1A26 (eobs 4004),40.25979,-3.6346369,40.291348,-3.6336932,40.252975,-3.633200471226147,4.266986833064717,3.5099351,0,0.16223884,0.76024395,0.76597035,40.25979,-3.634636878967285,3.5101175253007937
2021-10-11,Louis_DER_AU050_eobs_3264__2021__southbound_01,Louis / DER AU050 (eobs 3264),41.662094,0.95153725,41.65781,0.95141137,41.662506,0.9409164323929282,1.016259162971881,0.4763022,0,0.07214403,0.76024395,0.88192815,41.662094,0.9515372514724731,0.4764639450753882
2021-10-11,Sierit_DER_AN858_eobs2561__2021__southbound_01,Sierit  / DER AN858 (eobs2561),41.557713,0.55440867,41.538696,0.6148573,41.55552,0.540484031248756,6.465817860716485,5.4568486,0,0.033467043,0.76024395,1.181912,41.557713,0.5544086694717407,5.456771735359635
2021-10-12,Ed_plus_AAL16_e-obs_7210__2021__southbound_01,"Ed + (AAL16, e-obs 7210)",39.379917,-5.8253427,38.832294,-6.3756003,39.26255,-5.860278282286484,65.33948455201661,77.21475,1,0.86570495,0.76024395,13.36824,39.26255,-5.860278282286484,65.33948455201661
2021-10-12,Europa_DER_A1A26_eobs_4004__2021__southbound_01,Europa / DER A1A26 (eobs 4004),40.291348,-3.6336932,40.26309,-3.634282,40.28665,-3.6337718365802743,2.6204900822886326,3.1426313,0,0.05528095,0.76024395,0.5214665,40.291348,-3.633693218231201,3.142689716580842
2021-10-12,Louis_DER_AU050_eobs_3264__2021__southbound_01,Louis / DER AU050 (eobs 3264),41.65781,0.95141137,41.65783,0.95160085,41.65729,0.9400087638467539,0.9648941297694359,0.015884947,0,0.13930774,0.76024395,0.94739455,41.65781,0.9514113664627075,0.015883909403677426
2021-10-12,Sierit_DER_AN858_eobs2561__2021__southbound_01,Sierit  / DER AN858 (eobs2561),41.538696,0.6148573,41.54128,0.61553884,41.533234,0.600978505444643,1.5063067771929144,0.29283023,0,0.03888504,0.76024395,1.3028827,41.538696,0.6148573160171509,0.29271520716924776
2021-10-13,Ed_plus_AAL16_e-obs_7210__2021__southbound_01,"Ed + (AAL16, e-obs 7210)",38.832294,-6.3756003,38.836105,-6.374772,38.652153,-6.445497514162156,21.354470744641144,0.42965308,0,0.905977,0.76024395,20.88912,38.652153,-6.445497514162156,21.354470744641144
2021-10-13,Europa_DER_A1A26_eobs_4004__2021__southbound_01,Europa / DER A1A26 (eobs 4004),40.26309,-3.634282,40.261402,-3.6343458,40.247654,-3.6412673841910848,1.6376902570983911,0.18733026,0,0.49653804,0.76024395,1.812301,40.26309,-3.634282112121582,0.18756339461123178
2021-10-13,Louis_DER_AU050_eobs_3264__2021__southbound_01,Louis / DER AU050 (eobs 3264),41.65783,0.95160085,41.65816,0.9511081,41.65726,0.9404562987298601,0.890564382255744,0.055134736,0,0.10536815,0.76024395,0.9263882,41.65783,0.9516008496284485,0.055114627918703654
2021-10-13,Sierit_DER_AN858_eobs2561__2021__southbound_01,Sierit  / DER AN858 (eobs2561),41.54128,0.61553884,41.538536,0.6149967,41.53781,0.5995457370938426,1.2885209331809178,0.30851534,0,0.04561324,0.76024395,1.3833859,41.54128,0.6155388355255127,0.30830230120131213
2021-10-14,Ed_plus_AAL16_e-obs_7210__2021__southbound_01,"Ed + (AAL16, e-obs 7210)",38.836105,-6.374772,38.529705,-6.3443646,38.82455,-6.369282275303949,32.85665446589028,34.17224,1,0.1476215,0.76024395,1.3675559,38.836105,-6.374772071838379,34.172287691971626
2021-10-14,Europa_DER_A1A26_eobs_4004__2021__southbound_01,Europa / DER A1A26 (eobs 4004),40.261402,-3.6343458,40.258785,-3.6347842,40.255554,-3.6344575606459855,0.3603444905885222,0.29333368,0,0.15887205,0.76024395,0.648981,40.261402,-3.634345769882202,0.29335327597505284
2021-10-14,Louis_DER_AU050_eobs_3264__2021__southbound_01,Louis / DER AU050 (eobs 3264),41.65816,0.9511081,41.66322,0.95074224,41.65939,0.9366999440870479,1.2418352809371502,0.5630676,0,0.27095482,0.76024395,1.2026381,41.65816,0.9511080980300903,0.5632773447935917
2021-10-14,Sierit_DER_AN858_eobs2561__2021__southbound_01,Sierit  / DER AN858 (eobs2561),41.538536,0.6149967,41.538548,0.6149802,41.535698,0.602525630799319,1.0839708908497703,0.0020857072,0,0.024228806,0.76024395,1.0829332,41.538536,0.6149966716766357,0.0018692456285865887
2021-10-15,Ed_plus_AAL16_e-obs_7210__2021__southbound_01,"Ed + (AAL16, e-obs 7210)",38.529705,-6.3443646,37.5937,-6.0076947,38.321213,-6.4926297800458235,91.38748634864606,108.17221,1,0.9322857,0.76024395,26.482838,38.321213,-6.4926297800458235,91.38748634864606
2021-10-15,Europa_DER_A1A26_eobs_4004__2021__southbound_01,Europa / DER A1A26 (eobs 4004),40.258785,-3.6347842,40.259884,-3.6343744,40.25095,-3.6367432325789126,1.0135540932540228,0.12687524,0,0.2831368,0.76024395,0.88557726,40.258785,-3.63478422164917,0.127016404945858
2021-10-15,Louis_DER_AU050_eobs_3264__2021__southbound_01,Louis / DER AU050 (eobs 3264),41.66322,0.95074224,41.661278,0.9515267,41.66602,0.9371888113577896,1.302524137985849,0.22546339,0,0.24046412,0.76024395,1.1660373,41.66322,0.950742244720459,0.22552539585505152
2021-10-15,Sierit_DER_AN858_eobs2561__2021__southbound_01,Sierit  / DER AN858 (eobs2561),41.538548,0.6149802,41.53867,0.6150512,41.53778,0.5985072909228523,1.380509548266047,0.014628989,0,0.078282475,0.76024395,1.3712987,41.538548,0.6149802207946777,0.01480381847015431
2021-10-16,Ed_plus_AAL16_e-obs_7210__2021__southbound_01,"Ed + (AAL16, e-obs 7210)",37.5937,-6.0076947,37.593742,-6.00738,37.448822,-6.036209022380895,16.31376912984526,0.028130261,0,0.88633335,0.76024395,16.27581,37.448822,-6.036209022380895,16.31376912984526
2021-10-16,Europa_DER_A1A26_eobs_4004__2021__southbound_01,Europa / DER A1A26 (eobs 4004),40.259884,-3.6343744,40.261364,-3.6337926,40.256462,-3.637011787614596,0.6096852037219612,0.171894,0,0.06751064,0.76024395,0.44070548,40.259884,-3.6343743801116943,0.17182360447806924
2021-10-16,Louis_DER_AU050_eobs_3264__2021__southbound_01,Louis / DER AU050 (eobs 3264),41.661278,0.9515267,41.66506,0.94823927,41.66336,0.9409828534773145,0.6316440516171432,0.5014057,0,0.10033754,0.76024395,0.90436167,41.661278,0.9515267014503479,0.5012758717037326
2021-10-16,Sierit_DER_AN858_eobs2561__2021__southbound_01,Sierit  / DER AN858 (eobs2561),41.53867,0.6150512,41.54014,0.6151167,41.53807,0.5999992748366936,1.2790544121380076,0.1635921,0,0.039783884,0.76024395,1.2523446,41.53867,0.6150512099266052,0.1633985753235243
2021-10-17,Ed_plus_AAL16_e-obs_7210__2021__southbound_01,"Ed + (AAL16, e-obs 7210)",37.593742,-6.00738,37.533047,-6.00962,37.575626,-5.992100072692231,4.980181085926709,6.7518454,0,0.25636214,0.76024395,2.4184728,37.593742,-6.00738000869751,6.751945264905486
2021-10-17,Europa_DER_A1A26_eobs_4004__2021__southbound_01,Europa / DER A1A26 (eobs 4004),40.261364,-3.6337926,40.261806,-3.634365,40.259552,-3.6393593515769527,0.49238025836758714,0.06911817,0,0.071478404,0.76024395,0.5126404,40.261364,-3.6337926387786865,0.06914090281929698
2021-10-17,Louis_DER_AU050_eobs_3264__2021__southbound_01,Louis / DER AU050 (eobs 3264),41.66506,0.94823927,41.661915,0.9501597,41.668243,0.9368063662013187,1.3136201328136687,0.3841602,0,0.19175933,0.76024395,1.0118644,41.66506,0.948239266872406,0.38420718413836097
2021-10-17,Sierit_DER_AN858_eobs2561__2021__southbound_01,Sierit  / DER AN858 (eobs2561),41.54014,0.6151167,41.538284,0.61490965,41.541077,0.5986304669023813,1.3900246560793592,0.20727359,0,0.05909444,0.76024395,1.3736787,41.54014,0.6151167154312134,0.20686845768258666
2021-10-18,Ed_plus_AAL16_e-obs_7210__2021__southbound_01,"Ed + (AAL16, e-obs 7210)",37.533047,-6.00962,37.163715,-6.2020426,37.477745,-6.0028817250275655,39.10840211136701,44.451096,1,0.68395233,0.76024395,6.1669493,37.533047,-6.009620189666748,44.450885444107705
2021-10-18,Europa_DER_A1A26_eobs_4004__2021__southbound_01,Europa / DER A1A26 (eobs 4004),40.261806,-3.634365,40.32144,-3.5901666,40.26302,-3.6425695036201278,7.871161279127905,7.6175394,0,0.14651233,0.76024395,0.7078818,40.261806,-3.6343650817871094,7.617404819715263
2021-10-18,Louis_DER_AU050_eobs_3264__2021__southbound_01,Louis / DER AU050 (eobs 3264),41.661915,0.9501597,41.660698,0.95156795,41.66354,0.941081983511918,0.9266333346192352,0.17907928,0,0.05678277,0.76024395,0.77410364,41.661915,0.9501597285270691,0.17887046161513623
2021-10-19,Ed_plus_AAL16_e-obs_7210__2021__southbound_01,"Ed + (AAL16, e-obs 7210)",37.163715,-6.2020426,37.154522,-6.1693482,37.013035,-6.256140331700221,17.51546995699259,3.0723412,0,0.90324634,0.76024395,17.396679,37.013035,-6.256140331700221,17.51546995699259
2021-10-19,Europa_DER_A1A26_eobs_4004__2021__southbound_01,Europa / DER A1A26 (eobs 4004),40.32144,-3.5901666,40.322083,-3.5996642,40.32547,-3.594554914201389,0.5740122345697753,0.8083249,0,0.048927527,0.76024395,0.5812669,40.32144,-3.5901665687561035,0.8083350255714412
2021-10-19,Louis_DER_AU050_eobs_3264__2021__southbound_01,Louis / DER AU050 (eobs 3264),41.660698,0.95156795,41.658875,0.95127183,41.660652,0.9431160740696922,0.7057798837888296,0.2043226,0,0.043065265,0.76024395,0.7009104,41.660698,0.9515679478645325,0.2042427633029065
2021-10-20,Ed_plus_AAL16_e-obs_7210__2021__southbound_01,"Ed + (AAL16, e-obs 7210)",37.154522,-6.1693482,37.223404,-5.8807354,37.144123,-6.158533334693641,26.141205434020154,26.68896,0,0.070137054,0.76024395,1.4991391,37.154522,-6.169348239898682,26.68889662016889
2021-10-20,Europa_DER_A1A26_eobs_4004__2021__southbound_01,Europa / DER A1A26 (eobs 4004),40.322083,-3.5996642,40.31485,-3.6240296,40.323803,-3.611680402550793,1.4447353532108134,2.2168155,0,0.24155857,0.76024395,1.0346843,40.322083,-3.5996642112731934,2.2167760082018577
2021-10-20,Louis_DER_AU050_eobs_3264__2021__southbound_01,Louis / DER AU050 (eobs 3264),41.658875,0.95127183,41.66311,0.9484897,41.657585,0.9434671094887271,0.7425257252732348,0.5246436,0,0.04760671,0.76024395,0.6629201,41.658875,0.9512718319892883,0.5245004928713023
2021-10-21,Ed_plus_AAL16_e-obs_7210__2021__southbound_01,"Ed + (AAL16, e-obs 7210)",37.223404,-5.8807354,37.22879,-5.881563,37.202446,-5.872430945528356,3.038928759343432,0.6031861,0,0.12652688,0.76024395,2.4395564,37.223404,-5.880735397338867,0.6034036375471512
2021-10-21,Europa_DER_A1A26_eobs_4004__2021__southbound_01,Europa / DER A1A26 (eobs 4004),40.31485,-3.6240296,40.307487,-3.6170847,40.31603,-3.636661715558917,1.9124255958029668,1.0083095,0,0.24207312,0.76024395,1.0771095,40.31485,-3.6240296363830566,1.0084460048403467
2021-10-21,Louis_DER_AU050_eobs_3264__2021__southbound_01,Louis / DER AU050 (eobs 3264),41.66311,0.9484897,41.660633,0.9438561,41.662876,0.9398822522926952,0.4137449650391412,0.4731458,0,0.06552658,0.76024395,0.7142355,41.66311,0.9484897255897522,0.47323260823671115
2021-10-22,Ed_plus_AAL16_e-obs_7210__2021__southbound_01,"Ed + (AAL16, e-obs 7210)",37.22879,-5.881563,37.2224,-5.885379,37.218998,-5.889093152825186,0.5013249686416577,0.7865546,0,0.030583033,0.76024395,1.2743505,37.22879,-5.881563186645508,0.7867252365514553
2021-10-22,Europa_DER_A1A26_eobs_4004__2021__southbound_01,Europa / DER A1A26 (eobs 4004),40.307487,-3.6170847,40.3079,-3.6120775,40.304207,-3.625263772531679,1.1911688543188632,0.4270481,0,0.101532795,0.76024395,0.78221667,40.307487,-3.6170847415924072,0.4270569588255287
2021-10-22,Louis_DER_AU050_eobs_3264__2021__southbound_01,Louis / DER AU050 (eobs 3264),41.660633,0.9438561,41.667133,0.9495537,41.659744,0.9348449048289067,1.4724156015386265,0.8638801,0,0.08783406,0.76024395,0.75378025,41.660633,0.9438561201095581,0.8639682817440499
2021-10-23,Ed_plus_AAL16_e-obs_7210__2021__southbound_01,"Ed + (AAL16, e-obs 7210)",37.2224,-5.885379,37.222507,-5.8867292,37.20896,-5.897919075955264,1.8029485312097109,0.120146975,0,0.15148021,0.76024395,1.8585109,37.2224,-5.885378837585449,0.1201582933104598
2021-10-23,Europa_DER_A1A26_eobs_4004__2021__southbound_01,Europa / DER A1A26 (eobs 4004),40.3079,-3.6120775,40.235306,-3.6294167,40.302597,-3.614859410748261,7.583708166469315,8.20505,0,0.0401681,0.76024395,0.63383996,40.3079,-3.612077474594116,8.205011753254517
2021-10-23,Louis_DER_AU050_eobs_3264__2021__southbound_01,Louis / DER AU050 (eobs 3264),41.667133,0.9495537,41.658417,0.95126075,41.6666,0.9407188998857278,1.2628242901442264,0.97956157,0,0.06996927,0.76024395,0.7349713,41.667133,0.9495537281036377,0.9795593402249452
2021-10-24,Ed_plus_AAL16_e-obs_7210__2021__southbound_01,"Ed + (AAL16, e-obs 7210)",37.222507,-5.8867292,37.21989,-5.886865,37.213024,-5.89745589887257,1.2093243655417378,0.2911016,0,0.14414752,0.76024395,1.4165559,37.222507,-5.8867292404174805,0.2912331400630548
2021-10-24,Europa_DER_A1A26_eobs_4004__2021__southbound_01,Europa / DER A1A26 (eobs 4004),40.235306,-3.6294167,40.263374,-3.6333177,40.21694,-3.643909364705744,5.24075160938685,3.1387563,0,0.58088845,0.76024395,2.379737,40.235306,-3.6294167041778564,3.138594159391219
2021-10-24,Louis_DER_AU050_eobs_3264__2021__southbound_01,Louis / DER AU050 (eobs 3264),41.658417,0.95126075,41.65773,0.9514614,41.657692,0.942437483751212,0.7496903897437082,0.077992156,0,0.09696174,0.76024395,0.7361256,41.658417,0.9512607455253601,0.07814970173408392
2021-10-25,Ed_plus_AAL16_e-obs_7210__2021__southbound_01,"Ed + (AAL16, e-obs 7210)",37.21989,-5.886865,37.221687,-5.8868527,37.20885,-5.894781390029407,1.5906837125829572,0.19943133,0,0.12551357,0.76024395,1.4111835,37.21989,-5.886865139007568,0.19978970871448984
2021-10-25,Europa_DER_A1A26_eobs_4004__2021__southbound_01,Europa / DER A1A26 (eobs 4004),40.263374,-3.6333177,40.264034,-3.6333163,40.262608,-3.640195173835139,0.6048560002503408,0.07311086,0,0.06544129,0.76024395,0.5886986,40.263374,-3.633317708969116,0.073382473738283
2021-10-25,Louis_DER_AU050_eobs_3264__2021__southbound_01,Louis / DER AU050 (eobs 3264),41.65773,0.9514614,41.657867,0.9515576,41.656803,0.9432060587730562,0.7038442966862766,0.017163489,0,0.13377376,0.76024395,0.69230604,41.65773,0.9514613747596741,0.017235350756433263
2021-10-26,Ed_plus_AAL16_e-obs_7210__2021__southbound_01,"Ed + (AAL16, e-obs 7210)",37.221687,-5.8868527,37.22315,-5.8809767,37.2117,-5.893723225314938,1.7012866219965974,0.5451769,0,0.04917382,0.76024395,1.2639662,37.221687,-5.886852741241455,0.5450635817828743
2021-10-26,Europa_DER_A1A26_eobs_4004__2021__southbound_01,Europa / DER A1A26 (eobs 4004),40.264034,-3.6333163,40.260742,-3.633537,40.26562,-3.6403375899259274,0.7920202507093238,0.3662775,0,0.09914434,0.76024395,0.62024176,40.264034,-3.6333162784576416,0.3665425398368079
2021-10-26,Louis_DER_AU050_eobs_3264__2021__southbound_01,Louis / DER AU050 (eobs 3264),41.657867,0.9515576,41.658127,0.9514687,41.657803,0.9438444669873272,0.6344222736727054,0.029816588,0,0.09669076,0.76024395,0.63969886,41.657867,0.9515575766563416,0.029773856246311986
2021-10-27,Ed_plus_AAL16_e-obs_7210__2021__southbound_01,"Ed + (AAL16, e-obs 7210)",37.22315,-5.8809767,37.221527,-5.886993,37.212208,-5.88519160880294,1.0484652773333407,0.5624515,0,0.03311976,0.76024395,1.2703087,37.22315,-5.880976676940918,0.5623803112583983
2021-10-27,Europa_DER_A1A26_eobs_4004__2021__southbound_01,Europa / DER A1A26 (eobs 4004),40.260742,-3.633537,40.263313,-3.630154,40.259045,-3.642017494502226,1.1129598406022414,0.40497297,0,0.18952665,0.76024395,0.7426586,40.260742,-3.6335370540618896,0.40514776935456104
2021-10-27,Louis_DER_AU050_eobs_3264__2021__southbound_01,Louis / DER AU050 (eobs 3264),41.658127,0.9514687,41.66191,0.94862694,41.658947,0.9436481026748297,0.5288653846195371,0.48242635,0,0.121557735,0.76024395,0.654943,41.658127,0.9514687061309814,0.48248338739234675
2021-10-28,Ed_plus_AAL16_e-obs_7210__2021__southbound_01,"Ed + (AAL16, e-obs 7210)",37.221527,-5.886993,37.192818,-5.9131646,37.209473,-5.898121685451487,2.2814113915017478,3.945123,0,0.12448547,0.76024395,1.6608166,37.221527,-5.886992931365967,3.945037052353624
2021-10-28,Europa_DER_A1A26_eobs_4004__2021__southbound_01,Europa / DER A1A26 (eobs 4004),40.263313,-3.630154,40.26407,-3.6322224,40.26427,-3.6357747309864457,0.30225106326939605,0.19457458,0,0.055542085,0.76024395,0.4877899,40.263313,-3.6301538944244385,0.1945746195853942
2021-10-28,Louis_DER_AU050_eobs_3264__2021__southbound_01,Louis / DER AU050 (eobs 3264),41.66191,0.94862694,41.66794,0.9515064,41.66378,0.9389803335192952,1.1385952187656878,0.71137893,0,0.23512074,0.76024395,0.82645154,41.66191,0.9486269354820251,0.711600860804299
2021-10-29,Ed_plus_AAL16_e-obs_7210__2021__southbound_01,"Ed + (AAL16, e-obs 7210)",37.192818,-5.9131646,37.16616,-5.9580846,37.17901,-5.922211260127437,3.4847640751937528,4.9620266,0,0.16296864,0.76024395,1.7288525,37.192818,-5.9131646156311035,4.962231940750202
2021-10-29,Europa_DER_A1A26_eobs_4004__2021__southbound_01,Europa / DER A1A26 (eobs 4004),40.26407,-3.6322224,40.320896,-3.6073222,40.265644,-3.6395132944762163,6.7230912814700465,6.6626015,0,0.1116521,0.76024395,0.6418165,40.26407,-3.6322224140167236,6.662518084988917
2021-10-29,Louis_DER_AU050_eobs_3264__2021__southbound_01,Louis / DER AU050 (eobs 3264),41.66794,0.9515064,41.666363,0.9465311,41.669987,0.9436990872101283,0.4666040960895669,0.44881675,0,0.112587616,0.76024395,0.6860731,41.66794,0.9515063762664795,0.4488665456083614
2021-10-30,Ed_plus_AAL16_e-obs_7210__2021__southbound_01,"Ed + (AAL16, e-obs 7210)",37.16616,-5.9580846,37.171257,-5.958897,37.156887,-5.956394293070633,1.6131872934604838,0.57112414,0,0.022942143,0.76024395,1.0400808,37.16616,-5.958084583282471,0.571253582335652
2021-10-30,Europa_DER_A1A26_eobs_4004__2021__southbound_01,Europa / DER A1A26 (eobs 4004),40.320896,-3.6073222,40.25067,-3.6785955,40.323875,-3.612773241750728,9.87064042156149,9.875549,0,0.035607785,0.76024395,0.5675787,40.320896,-3.6073222160339355,9.87543884541994
2021-10-30,Louis_DER_AU050_eobs_3264__2021__southbound_01,Louis / DER AU050 (eobs 3264),41.666363,0.9465311,41.664085,0.9515797,41.669262,0.9384000196549583,1.2368738560947385,0.48978877,0,0.14830539,0.76024395,0.74712574,41.666363,0.9465311169624329,0.4898974209524478
2021-10-31,Ed_plus_AAL16_e-obs_7210__2021__southbound_01,"Ed + (AAL16, e-obs 7210)",37.171257,-5.958897,37.176624,-5.9551215,37.163235,-5.955993720192891,1.4908606312955148,0.6841221,0,0.012011644,0.76024395,0.9269159,37.171257,-5.958897113800049,0.6841727359496502
2021-10-31,Europa_DER_A1A26_eobs_4004__2021__southbound_01,Europa / DER A1A26 (eobs 4004),40.25067,-3.6785955,40.29147,-3.633428,40.24462,-3.683221238000963,6.707079353687025,5.9384594,0,0.08703643,0.76024395,0.77768457,40.25067,-3.678595542907715,5.938439501616099
2021-10-31,Louis_DER_AU050_eobs_3264__2021__southbound_01,Louis / DER AU050 (eobs 3264),41.664085,0.9515797,41.66187,0.9440007,41.668034,0.9474214866426341,0.7420311210617195,0.6761791,0,0.036345303,0.76024395,0.55766743,41.664085,0.9515796899795532,0.6761031358820943
2021-11-01,Ed_plus_AAL16_e-obs_7210__2021__southbound_01,"Ed + (AAL16, e-obs 7210)",37.176624,-5.9551215,37.22026,-5.8845806,37.167492,-5.953101871567393,8.441978360670694,7.9106402,0,0.0121825645,0.76024395,1.0292861,37.176624,-5.9551215171813965,7.910764580245208
2021-11-01,Europa_DER_A1A26_eobs_4004__2021__southbound_01,Europa / DER A1A26 (eobs 4004),40.29147,-3.633428,40.291492,-3.633498,40.285526,-3.631543539589358,0.6838084723357528,0.0064747115,0,0.02978544,0.76024395,0.6785922,40.29147,-3.6334280967712402,0.006448424467515745
2021-11-01,Louis_DER_AU050_eobs_3264__2021__southbound_01,Louis / DER AU050 (eobs 3264),41.66187,0.9440007,41.66325,0.95109147,41.662544,0.936320904829561,1.2295030530059592,0.60867715,0,0.06372532,0.76024395,0.6412432,41.66187,0.9440007209777832,0.6087193890980879
2021-11-02,Ed_plus_AAL16_e-obs_7210__2021__southbound_01,"Ed + (AAL16, e-obs 7210)",37.22026,-5.8845806,37.221363,-5.884307,37.20938,-5.884174417183413,1.3323871161078344,0.12514307,0,0.015225747,0.76024395,1.2081189,37.22026,-5.884580612182617,0.12495944293383553
2021-11-02,Europa_DER_A1A26_eobs_4004__2021__southbound_01,Europa / DER A1A26 (eobs 4004),40.291492,-3.633498,40.291645,-3.6330664,40.288273,-3.6429777317699568,0.9204901334563418,0.040410653,0,0.08732207,0.76024395,0.8785828,40.291492,-3.633497953414917,0.040342538657949865
2021-11-02,Louis_DER_AU050_eobs_3264__2021__southbound_01,Louis / DER AU050 (eobs 3264),41.66325,0.95109147,41.66276,0.95132405,41.66259,0.9422950342332852,0.7502887949873907,0.05763212,0,0.04463183,0.76024395,0.73309076,41.66325,0.951091468334198,0.057629523284615486
2021-11-03,Ed_plus_AAL16_e-obs_7210__2021__southbound_01,"Ed + (AAL16, e-obs 7210)",37.221363,-5.884307,37.222183,-5.8824253,37.212025,-5.895192795410961,1.5981620622707535,0.19002093,0,0.018547514,0.76024395,1.4142699,37.221363,-5.884306907653809,0.18993273847298753
2021-11-03,Europa_DER_A1A26_eobs_4004__2021__southbound_01,Europa / DER A1A26 (eobs 4004),40.291645,-3.6330664,40.291332,-3.6330643,40.2893,-3.6417158584095843,0.767841954312242,0.034721166,0,0.03245591,0.76024395,0.77726686,40.291645,-3.633066415786743,0.03478287274760477
2021-11-03,Louis_DER_AU050_eobs_3264__2021__southbound_01,Louis / DER AU050 (eobs 3264),41.66276,0.95132405,41.663937,0.94854164,41.6611,0.9419856381067732,0.6294426726073412,0.26560953,0,0.048295014,0.76024395,0.7961226,41.66276,0.9513240456581116,0.26550181057449795
2021-11-04,Ed_plus_AAL16_e-obs_7210__2021__southbound_01,"Ed + (AAL16, e-obs 7210)",37.222183,-5.8824253,37.19028,-5.9281163,37.21387,-5.893991038827746,4.001945220362351,5.3814263,0,0.016988806,0.76024395,1.3770021,37.222183,-5.882425308227539,5.381291449502695
2021-11-04,Europa_DER_A1A26_eobs_4004__2021__southbound_01,Europa / DER A1A26 (eobs 4004),40.291332,-3.6330643,40.263615,-3.633206,40.286583,-3.6426310719944373,2.6762048058132124,3.0824177,0,0.099042326,0.76024395,0.9664737,40.291332,-3.6330642700195312,3.08208309683555
2021-11-04,Louis_DER_AU050_eobs_3264__2021__southbound_01,Louis / DER AU050 (eobs 3264),41.663937,0.94854164,41.66468,0.94754547,41.662846,0.938067010311486,0.8133737127056169,0.11704492,0,0.065107614,0.76024395,0.87699705,41.663937,0.9485416412353516,0.11700131328125359
2021-11-05,Ed_plus_AAL16_e-obs_7210__2021__southbound_01,"Ed + (AAL16, e-obs 7210)",37.19028,-5.9281163,37.19209,-5.950459,37.174168,-5.9485890213489325,1.9996507848431708,1.9892833,0,0.20319873,0.76024395,2.544729,37.19028,-5.928116321563721,1.9893136233019377
2021-11-05,Europa_DER_A1A26_eobs_4004__2021__southbound_01,Europa / DER A1A26 (eobs 4004),40.263615,-3.633206,40.26306,-3.633591,40.25725,-3.6420383153915004,0.96495912778256,0.06956194,0,0.15065902,0.76024395,1.0287986,40.263615,-3.6332058906555176,0.06964445367273543
2021-11-05,Louis_DER_AU050_eobs_3264__2021__southbound_01,Louis / DER AU050 (eobs 3264),41.66468,0.94754547,41.669514,0.9460496,41.665054,0.9359770521129478,0.9725721596972676,0.55171835,0,0.11021578,0.76024395,0.9601736,41.66468,0.9475454688072205,0.5516078382057071
2021-11-06,Ed_plus_AAL16_e-obs_7210__2021__southbound_01,"Ed + (AAL16, e-obs 7210)",37.19209,-5.950459,37.19251,-5.8818226,37.184395,-5.9610141456998695,7.072865739951849,6.079938,0,0.042971864,0.76024395,1.2651135,37.19209,-5.950459003448486,6.079940837567866
2021-11-06,Europa_DER_A1A26_eobs_4004__2021__southbound_01,Europa / DER A1A26 (eobs 4004),40.26306,-3.633591,40.263786,-3.633254,40.257484,-3.6416450263485767,0.9989960909834085,0.08565905,0,0.13705865,0.76024395,0.9210753,40.26306,-3.6335909366607666,0.08551252981131274
2021-11-06,Louis_DER_AU050_eobs_3264__2021__southbound_01,Louis / DER AU050 (eobs 3264),41.669514,0.9460496,41.663757,0.9513165,41.670025,0.934647567670665,1.5501075749377324,0.775325,0,0.1169992,0.76024395,0.9471135,41.669514,0.9460495710372925,0.775311819075042
2021-11-07,Ed_plus_AAL16_e-obs_7210__2021__southbound_01,"Ed + (AAL16, e-obs 7210)",37.19251,-5.8818226,37.164833,-5.9613924,37.183384,-5.8888203378420325,6.75270023807548,7.6920037,0,0.017141078,0.76024395,1.1868821,37.19251,-5.88182258605957,7.691936229529024
2021-11-07,Europa_DER_A1A26_eobs_4004__2021__southbound_01,Europa / DER A1A26 (eobs 4004),40.263786,-3.633254,40.321423,-3.5995865,40.261524,-3.6420169634536843,7.570477379084507,7.0159526,0,0.066268824,0.76024395,0.7835009,40.263786,-3.633254051208496,7.016225033839447
2021-11-07,Louis_DER_AU050_eobs_3264__2021__southbound_01,Louis / DER AU050 (eobs 3264),41.663757,0.9513165,41.657715,0.9514639,41.663734,0.9401234077934066,1.1556641706234196,0.6724081,0,0.11641703,0.76024395,0.92817247,41.663757,0.9513164758682251,0.6720056745472465
2021-11-08,Ed_plus_AAL16_e-obs_7210__2021__southbound_01,"Ed + (AAL16, e-obs 7210)",37.164833,-5.9613924,37.210426,-5.901478,37.150436,-5.9738568062070785,9.252787544316856,7.339819,0,0.13041712,0.76024395,1.9415025,37.164833,-5.961392402648926,7.339758965178163
2021-11-08,Europa_DER_A1A26_eobs_4004__2021__southbound_01,Europa / DER A1A26 (eobs 4004),40.321423,-3.5995865,40.33385,-3.5989313,40.32067,-3.6087178865708496,1.684051478352562,1.3833815,0,0.049407538,0.76024395,0.7772602,40.321423,-3.5995864868164062,1.3830795771697548
2021-11-08,Louis_DER_AU050_eobs_3264__2021__southbound_01,Louis / DER AU050 (eobs 3264),41.657715,0.9514639,41.647175,0.9578444,41.657665,0.94048777764983,1.854777939614377,1.2862917,0,0.11812983,0.76024395,0.9102802,41.657715,0.9514638781547546,1.2863127997813004
2021-11-09,Ed_plus_AAL16_e-obs_7210__2021__southbound_01,"Ed + (AAL16, e-obs 7210)",37.210426,-5.901478,37.22079,-5.887798,37.20111,-5.9056393270693635,2.699099510651374,1.6720436,0,0.0140875485,0.76024395,1.0976233,37.210426,-5.901477813720703,1.6720296273249657
2021-11-09,Europa_DER_A1A26_eobs_4004__2021__southbound_01,Europa / DER A1A26 (eobs 4004),40.33385,-3.5989313,40.284847,-3.622396,40.333702,-3.6080118763700657,5.567653074725164,5.800771,0,0.059676718,0.76024395,0.7685183,40.33385,-3.598931312561035,5.800848934458742
2021-11-09,Louis_DER_AU050_eobs_3264__2021__southbound_01,Louis / DER AU050 (eobs 3264),41.647175,0.9578444,41.647053,0.95779747,41.64634,0.9467461627573855,0.9216865400197316,0.013858133,0,0.12574849,0.76024395,0.9252087,41.647175,0.9578443765640259,0.01412214955340792
2021-11-10,Ed_plus_AAL16_e-obs_7210__2021__southbound_01,"Ed + (AAL16, e-obs 7210)",37.22079,-5.887798,37.168835,-5.954089,37.212486,-5.895522301134715,7.104526238524902,8.237499,0,0.022036087,0.76024395,1.1471987,37.22079,-5.887797832489014,8.237436896650282
2021-11-10,Europa_DER_A1A26_eobs_4004__2021__southbound_01,Europa / DER A1A26 (eobs 4004),40.284847,-3.622396,40.263058,-3.6326995,40.280415,-3.63851666444207,1.9921016491279202,2.575967,0,0.37177375,0.76024395,1.4510522,40.284847,-3.6223959922790527,2.575751099254903
2021-11-11,Ed_plus_AAL16_e-obs_7210__2021__southbound_01,"Ed + (AAL16, e-obs 7210)",37.168835,-5.954089,37.168278,-5.952407,37.16033,-5.965794371643489,1.479177330757278,0.16150384,0,0.11478222,0.76024395,1.4009039,37.168835,-5.954089164733887,0.1614149289670285
2021-11-11,Europa_DER_A1A26_eobs_4004__2021__southbound_01,Europa / DER A1A26 (eobs 4004),40.263058,-3.6326995,40.235367,-3.618495,40.259876,-3.6434886285603807,3.453551465891334,3.3066163,0,0.2322943,0.76024395,0.9796744,40.263058,-3.632699489593506,3.306670546639846
2021-11-12,Ed_plus_AAL16_e-obs_7210__2021__southbound_01,"Ed + (AAL16, e-obs 7210)",37.168278,-5.952407,37.16686,-5.946577,37.16009,-5.955012415487652,1.060644111058586,0.54006726,0,0.023010038,0.76024395,0.93741524,37.168278,-5.952406883239746,0.5401320394091588
2021-11-12,Europa_DER_A1A26_eobs_4004__2021__southbound_01,Europa / DER A1A26 (eobs 4004),40.235367,-3.618495,40.208237,-3.602621,40.233547,-3.627165816115801,3.5019603337698455,3.3041394,0,0.17523007,0.76024395,0.76195925,40.235367,-3.618494987487793,3.3041052649641927
2021-11-13,Ed_plus_AAL16_e-obs_7210__2021__southbound_01,"Ed + (AAL16, e-obs 7210)",37.16686,-5.946577,37.166683,-5.9542823,37.157307,-5.945119974170546,1.3214656873955122,0.68302286,0,0.03302475,0.76024395,1.0680045,37.16686,-5.946577072143555,0.6830312631941468
2021-11-13,Europa_DER_A1A26_eobs_4004__2021__southbound_01,Europa / DER A1A26 (eobs 4004),40.208237,-3.602621,40.33112,-3.6038399,40.207462,-3.6107099345705755,13.76242411232677,13.664598,0,0.15653239,0.76024395,0.6910538,40.208237,-3.602621078491211,13.664358862231758
2021-11-14,Ed_plus_AAL16_e-obs_7210__2021__southbound_01,"Ed + (AAL16, e-obs 7210)",37.166683,-5.9542823,37.166874,-5.9541974,37.15924,-5.962839462285772,1.1431858651123967,0.022318022,0,0.06012557,0.76024395,1.1205745,37.166683,-5.954282283782959,0.02250279871408313
2021-11-14,Europa_DER_A1A26_eobs_4004__2021__southbound_01,Europa / DER A1A26 (eobs 4004),40.33112,-3.6038399,40.32137,-3.594558,40.331066,-3.6143046166835378,1.9911750327156406,1.3398452,0,0.293294,0.76024395,0.8855162,40.33112,-3.603839874267578,1.3396253328451024
2021-11-15,Ed_plus_AAL16_e-obs_7210__2021__southbound_01,"Ed + (AAL16, e-obs 7210)",37.166874,-5.9541974,37.166843,-5.95422,37.1618,-5.961901367307497,0.8819150922495492,0.0038858312,0,0.02305734,0.76024395,0.8839721,37.166874,-5.954197406768799,0.003931766757650027
2021-11-15,Europa_DER_A1A26_eobs_4004__2021__southbound_01,Europa / DER A1A26 (eobs 4004),40.32137,-3.594558,40.263817,-3.6321826,40.31537,-3.60495658073374,6.179970024047624,7.1507955,0,0.35221347,0.76024395,1.1037389,40.32137,-3.594558000564575,7.151028153773489
2021-11-16,Ed_plus_AAL16_e-obs_7210__2021__southbound_01,"Ed + (AAL16, e-obs 7210)",37.166843,-5.95422,37.153416,-5.9547462,37.160896,-5.962331631748074,1.0694789229558475,1.4938662,0,0.04428437,0.76024395,0.9750044,37.166843,-5.954219818115234,1.493826598968396
2021-11-16,Europa_DER_A1A26_eobs_4004__2021__southbound_01,Europa / DER A1A26 (eobs 4004),40.263817,-3.6321826,40.2646,-3.6329992,40.246323,-3.6251968743283767,2.1373650262197312,0.11092278,0,0.5848223,0.76024395,2.0300863,40.263817,-3.6321825981140137,0.11118469207652287
2021-11-17,Europa_DER_A1A26_eobs_4004__2021__southbound_01,Europa / DER A1A26 (eobs 4004),40.2646,-3.6329992,40.264763,-3.6320436,40.26856,-3.624918889330804,0.7372660211169614,0.08312205,0,0.19380583,0.76024395,0.81328845,40.2646,-3.6329991817474365,0.08310665239558496
2021-11-18,Europa_DER_A1A26_eobs_4004__2021__southbound_01,Europa / DER A1A26 (eobs 4004),40.264763,-3.6320436,40.313248,-3.60496,40.266342,-3.6241978402540385,5.464945356425048,5.860239,0,0.09507133,0.76024395,0.6872705,40.264763,-3.6320436000823975,5.860284745476826
2021-11-19,Europa_DER_A1A26_eobs_4004__2021__southbound_01,Europa / DER A1A26 (eobs 4004),40.313248,-3.60496,40.327168,-3.599088,40.319176,-3.602020049737487,0.9227580881920195,1.6258845,0,0.08519805,0.76024395,0.7036368,40.313248,-3.6049599647521973,1.62590523483509
2021-11-20,Europa_DER_A1A26_eobs_4004__2021__southbound_01,Europa / DER A1A26 (eobs 4004),40.327168,-3.599088,40.327198,-3.597524,40.33324,-3.5960910593983733,0.6827841595211478,0.13263825,0,0.049593035,0.76024395,0.7203883,40.327168,-3.599087953567505,0.13262719984109533
2021-11-21,Europa_DER_A1A26_eobs_4004__2021__southbound_01,Europa / DER A1A26 (eobs 4004),40.327198,-3.597524,40.26402,-3.6027386,40.33088,-3.590706876142441,7.504222830223337,7.0392184,0,0.03763089,0.76024395,0.70703995,40.327198,-3.5975239276885986,7.039102911008691
2021-11-22,Europa_DER_A1A26_eobs_4004__2021__southbound_01,Europa / DER A1A26 (eobs 4004),40.26402,-3.6027386,40.30714,-3.5990047,40.269356,-3.5955035960506776,4.211940986346712,4.805337,0,0.08139932,0.76024395,0.85240614,40.26402,-3.602738618850708,4.805329423377764
2021-11-23,Europa_DER_A1A26_eobs_4004__2021__southbound_01,Europa / DER A1A26 (eobs 4004),40.30714,-3.5990047,40.176826,-3.5660312,40.312508,-3.596234764730388,15.303314722897683,14.757829,0,0.029263835,0.76024395,0.64006233,40.30714,-3.5990047454833984,14.758065494602285
2021-11-24,Europa_DER_A1A26_eobs_4004__2021__southbound_01,Europa / DER A1A26 (eobs 4004),40.176826,-3.5660312,40.17684,-3.5659435,40.18366,-3.5604877049561967,0.8884790605594759,0.0076360875,0,0.095817804,0.76024395,0.8923339,40.176826,-3.5660312175750732,0.00764483014005732
2021-11-25,Europa_DER_A1A26_eobs_4004__2021__southbound_01,Europa / DER A1A26 (eobs 4004),40.17684,-3.5659435,40.185543,-3.575326,40.18254,-3.561757638334732,1.2000022345982597,1.2534872,0,0.032834467,0.76024395,0.72528553,40.17684,-3.565943479537964,1.253585719550476
2021-11-26,Europa_DER_A1A26_eobs_4004__2021__southbound_01,Europa / DER A1A26 (eobs 4004),40.185543,-3.575326,40.301094,-3.5659697,40.191315,-3.581226895307781,12.275414845774163,12.873242,0,0.048126124,0.76024395,0.81291157,40.185543,-3.5753259658813477,12.873219368975118
2021-11-27,Europa_DER_A1A26_eobs_4004__2021__southbound_01,Europa / DER A1A26 (eobs 4004),40.301094,-3.5659697,40.1944,-3.5753632,40.305546,-3.575364402590474,12.358779364785404,11.890416,0,0.06761455,0.76024395,0.93630934,40.301094,-3.565969705581665,11.890522518929393
2021-11-28,Europa_DER_A1A26_eobs_4004__2021__southbound_01,Europa / DER A1A26 (eobs 4004),40.1944,-3.5753632,40.32036,-3.5889318,40.19566,-3.5949091718495785,13.875149428254725,14.052992,0,0.28129008,0.76024395,1.6631396,40.1944,-3.5753631591796875,14.053101885948955
2021-11-29,Europa_DER_A1A26_eobs_4004__2021__southbound_01,Europa / DER A1A26 (eobs 4004),40.32036,-3.5889318,40.286144,-3.6072855,40.324135,-3.601174603158389,4.25602881571892,4.110545,0,0.08576941,0.76024395,1.1176511,40.32036,-3.5889317989349365,4.110487170100249
2021-11-30,Europa_DER_A1A26_eobs_4004__2021__southbound_01,Europa / DER A1A26 (eobs 4004),40.286144,-3.6072855,40.20809,-3.602592,40.28721,-3.6269026050703803,9.036110799967087,8.688307,0,0.25128937,0.76024395,1.6652315,40.286144,-3.607285499572754,8.688192930538449
2021-12-01,Europa_DER_A1A26_eobs_4004__2021__southbound_01,Europa / DER A1A26 (eobs 4004),40.20809,-3.602592,40.20811,-3.623674,40.22041,-3.6139350633157252,1.5981295161973343,1.7902683,0,0.2563626,0.76024395,1.6715413,40.20809,-3.6025919914245605,1.7902827395757246
2021-12-02,Europa_DER_A1A26_eobs_4004__2021__southbound_01,Europa / DER A1A26 (eobs 4004),40.20811,-3.623674,40.132435,-3.6237237,40.216797,-3.6307853658621263,9.399809666823991,8.415055,0,0.092391156,0.76024395,1.1369474,40.20811,-3.623673915863037,8.414795993393648
2022-06-23,Angela_DER_AY470_eobs_4001__2022__southbound_01,Angela / DER AY470 (eobs 4001),48.136864,7.7544317,48.151844,7.753538,48.136322,7.758989446534299,1.7727284900548088,1.6669482,0,0.0022907963,0.76024395,0.34290385,48.136864,7.75443172454834,1.6670564042228444
2022-06-24,Angela_DER_AY470_eobs_4001__2022__southbound_01,Angela / DER AY470 (eobs 4001),48.151844,7.753538,48.151802,7.7496066,48.151386,7.758159803270974,0.6362021227662554,0.29169822,0,0.0023492095,0.76024395,0.34602258,48.151844,7.753538131713867,0.2916965436118834
2022-06-25,Angela_DER_AY470_eobs_4001__2022__southbound_01,Angela / DER AY470 (eobs 4001),48.151802,7.7496066,48.15153,7.7494283,48.15091,7.753912704385438,0.3397893902557865,0.032877333,0,0.0022580512,0.76024395,0.3338764,48.151802,7.749606609344482,0.03289426825917384
2022-06-26,Angela_DER_AY470_eobs_4001__2022__southbound_01,Angela / DER AY470 (eobs 4001),48.15153,7.7494283,48.14006,7.7497954,48.14931,7.752944344193115,1.054824907155424,1.2754877,0,0.0021821088,0.76024395,0.3584899,48.15153,7.7494282722473145,1.2757868018824365
2022-06-27,Angela_DER_AY470_eobs_4001__2022__southbound_01,Angela / DER AY470 (eobs 4001),48.14006,7.7497954,48.142757,7.7487884,48.137615,7.752782207006562,0.6440230672138004,0.30900282,0,0.0021083,0.76024395,0.35029483,48.14006,7.749795436859131,0.30906171459956017
2022-06-28,Angela_DER_AY470_eobs_4001__2022__southbound_01,Angela / DER AY470 (eobs 4001),48.142757,7.7487884,48.15182,7.7496433,48.13994,7.750993194645211,1.3250970557088972,1.0097941,0,0.0023484586,0.76024395,0.35286567,48.142757,7.748788356781006,1.0098352919555154
2022-06-29,Angela_DER_AY470_eobs_4001__2022__southbound_01,Angela / DER AY470 (eobs 4001),48.15182,7.7496433,48.148563,7.7573185,48.150146,7.753917579632815,0.307647770686208,0.67481494,0,0.0021470329,0.76024395,0.36706927,48.15182,7.749643325805664,0.674861109696934
2022-06-30,Angela_DER_AY470_eobs_4001__2022__southbound_01,Angela / DER AY470 (eobs 4001),48.148563,7.7573185,48.13624,7.7571564,48.14702,7.761711347070624,1.2454551406993792,1.3707656,0,0.0019475245,0.76024395,0.36776766,48.148563,7.757318496704102,1.3705640536765007
2022-07-01,Angela_DER_AY470_eobs_4001__2022__southbound_01,Angela / DER AY470 (eobs 4001),48.13624,7.7571564,48.14824,7.7522483,48.134243,7.76056917647842,1.67429576972236,1.3832718,0,0.0020512014,0.76024395,0.33600298,48.13624,7.7571563720703125,1.3832555537799212
2022-07-02,Angela_DER_AY470_eobs_4001__2022__southbound_01,Angela / DER AY470 (eobs 4001),48.14824,7.7522483,48.1052,7.758968,48.14542,7.754120389051564,4.486533118513471,4.811267,0,0.0023707985,0.76024395,0.34238353,48.14824,7.752248287200928,4.81146690172518
2022-07-03,Angela_DER_AY470_eobs_4001__2022__southbound_01,Angela / DER AY470 (eobs 4001),48.1052,7.758968,48.13729,7.749495,48.10192,7.757829350948775,3.9813178775903646,3.6365101,0,0.0023411927,0.76024395,0.37387893,48.1052,7.758967876434326,3.6367890346065948
2022-07-04,Angela_DER_AY470_eobs_4001__2022__southbound_01,Angela / DER AY470 (eobs 4001),48.13729,7.749495,48.126923,7.7582455,48.134426,7.74526219880659,1.274594012829315,1.3231084,0,0.0028576194,0.76024395,0.4464446,48.13729,7.749495029449463,1.3232228202555172
2022-07-05,Angela_DER_AY470_eobs_4001__2022__southbound_01,Angela / DER AY470 (eobs 4001),48.126923,7.7582455,48.1214,7.7581725,48.123047,7.757105046653418,0.1996410596784297,0.61402655,0,0.0021886202,0.76024395,0.43851858,48.126923,7.758245468139648,0.6142300940882631
2022-07-06,Angela_DER_AY470_eobs_4001__2022__southbound_01,Angela / DER AY470 (eobs 4001),48.1214,7.7581725,48.123215,7.7582374,48.118107,7.755171592013026,0.6118659976588159,0.20183226,0,0.002469904,0.76024395,0.42793036,48.1214,7.758172512054443,0.20196494300998336
2022-07-07,Angela_DER_AY470_eobs_4001__2022__southbound_01,Angela / DER AY470 (eobs 4001),48.123215,7.7582374,48.127316,7.7711196,48.120045,7.7537179451772875,1.5238066170503537,1.0593013,0,0.0028625354,0.76024395,0.48569548,48.123215,7.758237361907959,1.0593245423035493
2022-07-08,Angela_DER_AY470_eobs_4001__2022__southbound_01,Angela / DER AY470 (eobs 4001),48.127316,7.7711196,48.122665,7.759184,48.12375,7.767366352747285,0.6191849988768466,1.0258743,0,0.002677035,0.76024395,0.48366916,48.127316,7.771119594573975,1.0257681162517533
2022-07-09,Angela_DER_AY470_eobs_4001__2022__southbound_01,Angela / DER AY470 (eobs 4001),48.122665,7.759184,48.107132,7.7732925,48.11948,7.754447943358712,1.9602483891368274,2.0197093,0,0.0027402327,0.76024395,0.49802998,48.122665,7.759183883666992,2.0200041601092624
2022-07-10,Angela_DER_AY470_eobs_4001__2022__southbound_01,Angela / DER AY470 (eobs 4001),48.107132,7.7732925,48.064213,7.807008,48.10307,7.771003906339405,5.0814290895912775,5.3898654,0,0.0020706898,0.76024395,0.48160794,48.107132,7.773292541503906,5.389593828857018
2022-07-11,Angela_DER_AY470_eobs_4001__2022__southbound_01,Angela / DER AY470 (eobs 4001),48.064213,7.807008,48.118717,7.760838,48.060425,7.806125542115698,7.302648779862504,6.9635186,0,0.002107983,0.76024395,0.42571902,48.064213,7.807007789611816,6.963475386049415
2022-07-12,Angela_DER_AY470_eobs_4001__2022__southbound_01,Angela / DER AY470 (eobs 4001),48.118717,7.760838,48.091064,7.77622,48.115353,7.75785199772378,3.0255839746543964,3.2798848,0,0.0025271717,0.76024395,0.4342491,48.118717,7.760838031768799,3.280118642683669
2022-07-13,Angela_DER_AY470_eobs_4001__2022__southbound_01,Angela / DER AY470 (eobs 4001),48.091064,7.77622,48.07595,7.791768,48.08759,7.775475765760031,1.7719066088509743,2.039396,0,0.002188237,0.76024395,0.38984996,48.091064,7.776219844818115,2.0391991916834136
2022-07-14,Angela_DER_AY470_eobs_4001__2022__southbound_01,Angela / DER AY470 (eobs 4001),48.07595,7.791768,48.049126,7.8188767,48.07278,7.790540269718181,3.369446926689224,3.599204,0,0.0024606872,0.76024395,0.36352307,48.07595,7.7917680740356445,3.599376984026482
2022-07-15,Angela_DER_AY470_eobs_4001__2022__southbound_01,Angela / DER AY470 (eobs 4001),48.049126,7.8188767,48.103233,7.766294,48.04614,7.8167863463432505,7.37415157022776,7.173266,0,0.0035921258,0.76024395,0.3662106,48.049126,7.81887674331665,7.173546230944482
2022-07-16,Angela_DER_AY470_eobs_4001__2022__southbound_01,Angela / DER AY470 (eobs 4001),48.103233,7.766294,48.04949,7.8192673,48.100273,7.761276305066177,7.102640353642448,7.1551013,0,0.0071876096,0.76024395,0.4962671,48.103233,7.766294002532959,7.155337344620518
2022-07-17,Angela_DER_AY470_eobs_4001__2022__southbound_01,Angela / DER AY470 (eobs 4001),48.04949,7.8192673,48.07285,7.756972,48.046455,7.8150287782802055,5.218224852457682,5.308215,0,0.0040135416,0.76024395,0.46102446,48.04949,7.819267272949219,5.308310722861977
2022-07-18,Angela_DER_AY470_eobs_4001__2022__southbound_01,Angela / DER AY470 (eobs 4001),48.07285,7.756972,48.04899,7.822951,48.070484,7.752270549336164,5.771062918337754,5.5751677,0,0.006996848,0.76024395,0.43658215,48.07285,7.756971836090088,5.575119376860773
2022-07-19,Angela_DER_AY470_eobs_4001__2022__southbound_01,Angela / DER AY470 (eobs 4001),48.04899,7.822951,48.124626,7.7589154,48.046135,7.819430968991064,9.817404473610113,9.662439,0,0.003835853,0.76024395,0.41064513,48.04899,7.822950839996338,9.66237033181584
2022-07-20,Angela_DER_AY470_eobs_4001__2022__southbound_01,Angela / DER AY470 (eobs 4001),48.124626,7.7589154,48.135765,7.7564077,48.123096,7.75430674823974,1.4172908133662936,1.252556,0,0.010373437,0.76024395,0.3812933,48.124626,7.758915424346924,1.2524970843452168
2022-07-21,Angela_DER_AY470_eobs_4001__2022__southbound_01,Angela / DER AY470 (eobs 4001),48.135765,7.7564077,48.104126,7.7561326,48.13266,7.75294724786841,3.181632226200782,3.5179493,0,0.006461622,0.76024395,0.42940935,48.135765,7.756407737731934,3.5181714465736325
2022-07-22,Angela_DER_AY470_eobs_4001__2022__southbound_01,Angela / DER AY470 (eobs 4001),48.104126,7.7561326,48.118336,7.7548037,48.100246,7.754265836392533,2.0118368650560523,1.5828824,0,0.004021273,0.76024395,0.45248452,48.104126,7.75613260269165,1.583131548755365
2022-07-23,Angela_DER_AY470_eobs_4001__2022__southbound_01,Angela / DER AY470 (eobs 4001),48.118336,7.7548037,48.137905,7.757325,48.115265,7.749957435131854,2.5761895860224957,2.184045,0,0.005092882,0.76024395,0.49519783,48.118336,7.754803657531738,2.1840533408288216
2022-07-24,Angela_DER_AY470_eobs_4001__2022__southbound_01,Angela / DER AY470 (eobs 4001),48.137905,7.757325,48.048836,7.8213377,48.134434,7.752550801864268,10.802539265948466,10.985915,0,0.0048533506,0.76024395,0.5229255,48.137905,7.757325172424316,10.986025594844572
2022-07-25,Angela_DER_AY470_eobs_4001__2022__southbound_01,Angela / DER AY470 (eobs 4001),48.048836,7.8213377,48.04876,7.821447,48.041195,7.810312112030007,1.1801216954050353,0.011765968,0,0.06336449,0.76024395,1.1783568,48.048836,7.821337699890137,0.011741134673680523
2022-07-26,Angela_DER_AY470_eobs_4001__2022__southbound_01,Angela / DER AY470 (eobs 4001),48.04876,7.821447,48.050156,7.8170605,48.040657,7.813440065032779,1.0899478981050492,0.36108363,0,0.05851217,0.76024395,1.0779096,48.04876,7.821446895599365,0.36112835719488967
2022-07-27,Angela_DER_AY470_eobs_4001__2022__southbound_01,Angela / DER AY470 (eobs 4001),48.050156,7.8170605,48.048626,7.8205914,48.03511,7.7919523678620175,2.606104079811392,0.3126264,0,0.27992138,0.76024395,2.5018566,48.050156,7.817060470581055,0.31276392922160434
2022-07-28,Angela_DER_AY470_eobs_4001__2022__southbound_01,Angela / DER AY470 (eobs 4001),48.048626,7.8205914,48.048702,7.820163,48.038815,7.817968431603638,1.1114990895940884,0.03291327,0,0.03905152,0.76024395,1.1062951,48.048626,7.820591449737549,0.03297512678120695
2022-07-29,Angela_DER_AY470_eobs_4001__2022__southbound_01,Angela / DER AY470 (eobs 4001),48.048702,7.820163,48.047768,7.827323,48.02483,7.769276346364713,5.013188758699955,0.54227185,0,0.52993137,0.76024395,4.6129956,48.048702,7.820162773132324,0.5422991998851918
2022-07-30,Angela_DER_AY470_eobs_4001__2022__southbound_01,Angela / DER AY470 (eobs 4001),48.047768,7.827323,48.13316,7.7576375,48.048954,7.842269702877498,11.277517928099337,10.814234,0,0.023062605,0.76024395,1.1169121,48.047768,7.827322959899902,10.814200694363496
2022-07-31,Angela_DER_AY470_eobs_4001__2022__southbound_01,Angela / DER AY470 (eobs 4001),48.13316,7.7576375,48.13341,7.757503,48.12583,7.715912278451123,3.199737036968527,0.02970145,0,0.30886513,0.76024395,3.1963303,48.13316,7.7576375007629395,0.029720955336710174
2022-08-01,Angela_DER_AY470_eobs_4001__2022__southbound_01,Angela / DER AY470 (eobs 4001),48.13341,7.757503,48.04878,7.8231163,48.13513,7.732029655846036,11.745912953424334,10.597998,0,0.10825944,0.76024395,1.8967252,48.13341,7.757503032684326,10.597692253103245
2022-08-02,Angela_DER_AY470_eobs_4001__2022__southbound_01,Angela / DER AY470 (eobs 4001),48.04878,7.8231163,48.048836,7.8189383,48.04624,7.801435855069485,1.3326383458018973,0.3106508,0,0.0895674,0.76024395,1.6331906,48.04878,7.823116302490234,0.3106345111211064
2022-08-03,Angela_DER_AY470_eobs_4001__2022__southbound_01,Angela / DER AY470 (eobs 4001),48.048836,7.8189383,48.049488,7.8205976,48.04054,7.774109301188211,3.5963188756329556,0.14313821,0,0.39158443,0.76024395,3.45164,48.048836,7.818938255310059,0.14309394330255118
2022-08-04,Angela_DER_AY470_eobs_4001__2022__southbound_01,Angela / DER AY470 (eobs 4001),48.049488,7.8205976,48.046074,7.8209033,48.054413,7.8007123768196776,1.7641589030108156,0.38005444,0,0.08420733,0.76024395,1.573606,48.049488,7.8205976486206055,0.38031642657117426
2022-08-05,Angela_DER_AY470_eobs_4001__2022__southbound_01,Angela / DER AY470 (eobs 4001),48.046074,7.8209033,48.04897,7.8212457,48.04504,7.801570259998625,1.5264560223447874,0.32295728,0,0.09038218,0.76024395,1.439231,48.046074,7.820903301239014,0.3229536107705849
2022-08-06,Angela_DER_AY470_eobs_4001__2022__southbound_01,Angela / DER AY470 (eobs 4001),48.04897,7.8212457,48.048985,7.833475,48.049458,7.7996306809917275,2.5163084466641537,0.90906495,0,0.08367021,0.76024395,1.6048124,48.04897,7.8212456703186035,0.909057239760576
2022-08-07,Angela_DER_AY470_eobs_4001__2022__southbound_01,Angela / DER AY470 (eobs 4001),48.048985,7.833475,48.046196,7.8208523,48.037777,7.8261845092948885,1.0166282658678196,0.9882416,0,0.042490356,0.76024395,1.3566418,48.048985,7.833475112915039,0.9882281391028956
2022-08-08,Angela_DER_AY470_eobs_4001__2022__southbound_01,Angela / DER AY470 (eobs 4001),48.046196,7.8208523,47.50322,6.957188,48.02658,7.795778563845365,85.52828379261567,88.37736,1,0.26223972,0.76024395,2.8639107,48.046196,7.820852279663086,88.37731746046404
2022-08-09,Angela_DER_AY470_eobs_4001__2022__southbound_01,Angela / DER AY470 (eobs 4001),47.50322,6.957188,45.342464,4.7907906,47.087734,6.491887169011345,234.06421895453545,292.03723,1,0.96805835,0.76024395,57.83027,47.087734,6.491887169011345,234.06421895453545
2022-08-10,Angela_DER_AY470_eobs_4001__2022__southbound_01,Angela / DER AY470 (eobs 4001),45.342464,4.7907906,43.619705,3.9545126,44.813446,4.30334723663581,135.6176549960896,202.72336,1,0.9688112,0.76024395,69.95998,44.813446,4.30334723663581,135.6176549960896
2022-08-10,Europa_DER_A1A26_eobs_4004__2022__southbound_01,Europa / DER A1A26 (eobs 4004),47.164787,7.404544,47.16748,7.403132,47.16123,7.401082743259042,0.7122761916984574,0.3181921,0,0.03193254,0.76024395,0.47361422,47.164787,7.404543876647949,0.31792178993004006
2022-08-11,Angela_DER_AY470_eobs_4001__2022__southbound_01,Angela / DER AY470 (eobs 4001),43.619705,3.9545126,43.12291,3.0443501,43.27154,3.550444218982291,44.2285447726627,91.99841,1,0.95304376,0.76024395,50.475704,43.27154,3.550444218982291,44.2285447726627
2022-08-11,Europa_DER_A1A26_eobs_4004__2022__southbound_01,Europa / DER A1A26 (eobs 4004),47.16748,7.403132,47.170246,7.4090533,47.16364,7.39898329070911,1.0579582478303404,0.54289454,0,0.036551446,0.76024395,0.5290495,47.16748,7.40313196182251,0.5430845788701654
2022-08-12,Angela_DER_AY470_eobs_4001__2022__southbound_01,Angela / DER AY470 (eobs 4001),43.12291,3.0443501,41.843914,2.6726713,43.053238,2.8832450004875247,135.5761114717837,145.44662,1,0.85740346,0.76024395,15.171344,43.053238,2.8832450004875247,135.5761114717837
2022-08-12,Europa_DER_A1A26_eobs_4004__2022__southbound_01,Europa / DER A1A26 (eobs 4004),47.170246,7.4090533,47.17275,7.4027123,47.166546,7.405047002584609,0.7119313784795818,0.5543363,0,0.024413781,0.76024395,0.5099387,47.170246,7.409053325653076,0.5542359604802625
2022-08-13,Angela_DER_AY470_eobs_4001__2022__southbound_01,Angela / DER AY470 (eobs 4001),41.843914,2.6726713,41.663628,0.91030246,41.10384,1.658504183349767,88.15278756877831,147.5592,1,0.9801691,0.76024395,117.39358,41.10384,1.658504183349767,88.15278756877831
2022-08-13,Europa_DER_A1A26_eobs_4004__2022__southbound_01,Europa / DER A1A26 (eobs 4004),47.17275,7.4027123,47.17134,7.4003773,47.168514,7.397630242889041,0.37671590857239023,0.2360392,0,0.057843927,0.76024395,0.6065281,47.17275,7.402712345123291,0.23591125877928276
2022-08-14,Angela_DER_AY470_eobs_4001__2022__southbound_01,Angela / DER AY470 (eobs 4001),41.663628,0.91030246,41.53103,0.5080682,41.597633,0.7462400569534073,21.154086853165154,36.553333,1,0.8618983,0.76024395,15.451446,41.597633,0.7462400569534073,21.154086853165154
2022-08-14,Europa_DER_A1A26_eobs_4004__2022__southbound_01,Europa / DER A1A26 (eobs 4004),47.17134,7.4003773,47.175396,7.4031253,47.166485,7.394693733162361,1.17815772287085,0.49659592,0,0.081551984,0.76024395,0.6887623,47.17134,7.40037727355957,0.49644369143288125
2022-08-15,Angela_DER_AY470_eobs_4001__2022__southbound_01,Angela / DER AY470 (eobs 4001),41.53103,0.5080682,41.42724,-0.3347375,41.456226,0.2816990534711191,51.48400906617556,71.153496,1,0.8883377,0.76024395,20.56095,41.456226,0.2816990534711191,51.48400906617556
2022-08-15,Europa_DER_A1A26_eobs_4004__2022__southbound_01,Europa / DER A1A26 (eobs 4004),47.175396,7.4031253,47.167435,7.4031243,47.17134,7.398747640766001,0.5460110486138686,0.88540196,0,0.045220144,0.76024395,0.55820763,47.175396,7.403125286102295,0.8852544144319203
2022-08-16,Angela_DER_AY470_eobs_4001__2022__southbound_01,Angela / DER AY470 (eobs 4001),41.42724,-0.3347375,41.166996,-0.7217419,41.26661,-0.7358103719512021,11.138827435407629,43.38962,1,0.9361868,0.76024395,37.843727,41.26661,-0.7358103719512021,11.138827435407629
2022-08-16,Europa_DER_A1A26_eobs_4004__2022__southbound_01,Europa / DER A1A26 (eobs 4004),47.167435,7.4031243,47.173927,7.403133,47.163776,7.399691003831363,1.158332156666294,0.72213453,0,0.033343248,0.76024395,0.4816246,47.167435,7.4031243324279785,0.7219471091613305
2022-08-17,Angela_DER_AY470_eobs_4001__2022__southbound_01,Angela / DER AY470 (eobs 4001),41.166996,-0.7217419,40.50617,-2.1439245,41.09782,-0.8700531600945837,125.79574991380234,140.40466,1,0.8494675,0.76024395,14.578924,41.09782,-0.8700531600945837,125.79574991380234
2022-08-17,Europa_DER_A1A26_eobs_4004__2022__southbound_01,Europa / DER A1A26 (eobs 4004),47.173927,7.403133,47.17397,7.4031086,47.170372,7.399468484152788,0.48549895554996436,0.004867047,0,0.048376217,0.76024395,0.48175955,47.173927,7.403132915496826,0.005014964133481349
2022-08-18,Angela_DER_AY470_eobs_4001__2022__southbound_01,Angela / DER AY470 (eobs 4001),40.50617,-2.1439245,38.541157,-4.013793,39.959366,-2.8537584729357732,186.66733084661578,271.0273,1,0.97347414,0.76024395,85.281105,39.959366,-2.8537584729357732,186.66733084661578
2022-08-18,Europa_DER_A1A26_eobs_4004__2022__southbound_01,Europa / DER A1A26 (eobs 4004),47.17397,7.4031086,47.17634,7.4031525,47.170834,7.400274123407964,0.6496033692023696,0.26358104,0,0.03798437,0.76024395,0.4086586,47.17397,7.403108596801758,0.26343389759577324
2022-08-19,Angela_DER_AY470_eobs_4001__2022__southbound_01,Angela / DER AY470 (eobs 4001),38.541157,-4.013793,36.82666,-6.093652,38.1328,-4.430502209764717,206.46635748054436,264.26355,1,0.961016,0.76024395,57.99556,38.1328,-4.430502209764717,206.46635748054436
2022-08-19,Europa_DER_A1A26_eobs_4004__2022__southbound_01,Europa / DER A1A26 (eobs 4004),47.17634,7.4031525,47.176777,7.403117,47.173492,7.4008324845999915,0.4039854391010272,0.048698135,0,0.02906538,0.76024395,0.36112243,47.17634,7.4031524658203125,0.04885304625615974
2022-08-20,Angela_DER_AY470_eobs_4001__2022__southbound_01,Angela / DER AY470 (eobs 4001),36.82666,-6.093652,36.568546,-6.147579,36.655243,-6.251607816272475,13.38461389929786,29.100693,0,0.9070973,0.76024395,23.643122,36.655243,-6.251607816272475,13.38461389929786
2022-08-20,Europa_DER_A1A26_eobs_4004__2022__southbound_01,Europa / DER A1A26 (eobs 4004),47.176777,7.403117,47.17661,7.4032807,47.174053,7.401155744513922,0.32644553788866165,0.022180563,0,0.022087412,0.76024395,0.3365023,47.176777,7.4031171798706055,0.022386519901192236
2022-08-21,Europa_DER_A1A26_eobs_4004__2022__southbound_01,Europa / DER A1A26 (eobs 4004),47.17661,7.4032807,47.16742,7.402466,47.173756,7.401338999956106,0.7096859112376508,1.0237534,0,0.01635479,0.76024395,0.34881946,47.17661,7.403280735015869,1.0236939739565267
2022-08-22,Europa_DER_A1A26_eobs_4004__2022__southbound_01,Europa / DER A1A26 (eobs 4004),47.16742,7.402466,47.175423,7.4084373,47.164486,7.400551834157634,1.3543426083324346,0.9979267,0,0.01169274,0.76024395,0.35623983,47.16742,7.4024658203125,0.9978522686168193
2022-08-23,Europa_DER_A1A26_eobs_4004__2022__southbound_01,Europa / DER A1A26 (eobs 4004),47.175423,7.4084373,47.17469,7.40044,47.17253,7.406014538254128,0.4849514291215001,0.6099282,0,0.014265509,0.76024395,0.36928484,47.175423,7.408437252044678,0.6099260919024193
2022-08-24,Europa_DER_A1A26_eobs_4004__2022__southbound_01,Europa / DER A1A26 (eobs 4004),47.17469,7.40044,47.174484,7.4031186,47.171627,7.397239726557695,0.5462692839607859,0.20375256,0,0.040765435,0.76024395,0.41693673,47.17469,7.400440216064453,0.2037426663115771
2022-08-25,Europa_DER_A1A26_eobs_4004__2022__southbound_01,Europa / DER A1A26 (eobs 4004),47.174484,7.4031186,47.173576,7.403201,47.171387,7.400349286019108,0.32519304159295276,0.10096354,0,0.019838298,0.76024395,0.4025088,47.174484,7.40311861038208,0.10114616807387682
2022-08-26,Europa_DER_A1A26_eobs_4004__2022__southbound_01,Europa / DER A1A26 (eobs 4004),47.173576,7.403201,47.174,7.403114,47.17047,7.400214004185922,0.4494401120543619,0.04722405,0,0.036567096,0.76024395,0.41185814,47.173576,7.403201103210449,0.047543249443413205
2022-08-27,Europa_DER_A1A26_eobs_4004__2022__southbound_01,Europa / DER A1A26 (eobs 4004),47.174,7.403114,47.171925,7.4030876,47.170918,7.400259009521588,0.24136714579951143,0.23071043,0,0.06614906,0.76024395,0.40419963,47.174,7.403113842010498,0.23076002458362108
2022-08-28,Europa_DER_A1A26_eobs_4004__2022__southbound_01,Europa / DER A1A26 (eobs 4004),47.171925,7.4030876,47.176292,7.4033556,47.168865,7.400558199108596,0.8525103292610855,0.4861614,0,0.039813712,0.76024395,0.38938755,47.171925,7.403087615966797,0.48610324873020117
2022-08-29,Europa_DER_A1A26_eobs_4004__2022__southbound_01,Europa / DER A1A26 (eobs 4004),47.176292,7.4033556,47.173294,7.404881,47.17348,7.4009229063506305,0.2999071633643498,0.3526719,0,0.028310629,0.76024395,0.36219174,47.176292,7.403355598449707,0.3527760009209887
2022-08-30,Europa_DER_A1A26_eobs_4004__2022__southbound_01,Europa / DER A1A26 (eobs 4004),47.173294,7.404881,47.175682,7.404509,47.170322,7.402161648146789,0.6218206141917405,0.2671018,0,0.032435324,0.76024395,0.38842994,47.173294,7.404881000518799,0.2670179949147818
2022-08-31,Europa_DER_A1A26_eobs_4004__2022__southbound_01,Europa / DER A1A26 (eobs 4004),47.175682,7.404509,47.174465,7.4038687,47.173157,7.402223869162569,0.19137727845510297,0.14374875,0,0.047557395,0.76024395,0.32903656,47.175682,7.4045090675354,0.14370927046373994
2022-09-01,Europa_DER_A1A26_eobs_4004__2022__southbound_01,Europa / DER A1A26 (eobs 4004),47.174465,7.4038687,47.177036,7.4025965,47.172024,7.401858305489363,0.5601524814276355,0.30141255,0,0.037500374,0.76024395,0.3107225,47.174465,7.403868675231934,0.3016325646997343
2022-09-02,Europa_DER_A1A26_eobs_4004__2022__southbound_01,Europa / DER A1A26 (eobs 4004),47.177036,7.4025965,47.176666,7.4030914,47.174564,7.400311942837061,0.314264960886181,0.055567723,0,0.03712057,0.76024395,0.32385546,47.177036,7.402596473693848,0.05560993200085047
2022-09-03,Europa_DER_A1A26_eobs_4004__2022__southbound_01,Europa / DER A1A26 (eobs 4004),47.176666,7.4030914,47.175728,7.4030075,47.174286,7.401100759395185,0.21559225778640176,0.104534276,0,0.028635347,0.76024395,0.30387512,47.176666,7.4030914306640625,0.10453981751187812
2022-09-04,Europa_DER_A1A26_eobs_4004__2022__southbound_01,Europa / DER A1A26 (eobs 4004),47.175728,7.4030075,47.167446,7.4036956,47.173626,7.4012872407083625,0.7108713556205156,0.9224473,0,0.042238668,0.76024395,0.266839,47.175728,7.403007507324219,0.9223528392633773
2022-09-05,Europa_DER_A1A26_eobs_4004__2022__southbound_01,Europa / DER A1A26 (eobs 4004),47.167446,7.4036956,47.172783,7.403183,47.165367,7.402000447923624,0.8294286392880964,0.5950674,0,0.04659169,0.76024395,0.2637342,47.167446,7.403695583343506,0.5946853832166612
2022-09-05,Louis_DER_AU050_eobs_3264__2022__southbound_01,Louis / DER AU050 (eobs 3264),41.67034,0.9438257,41.67127,0.95002615,41.66531,0.9332085331503196,1.5460917562592498,0.5251994,0,0.04734463,0.76024395,1.0425404,41.67034,0.9438257217407227,0.525222503361454
2022-09-06,Europa_DER_A1A26_eobs_4004__2022__southbound_01,Europa / DER A1A26 (eobs 4004),47.172783,7.403183,47.173977,7.4030967,47.17069,7.401249318232665,0.39139737771818345,0.13261038,0,0.0684883,0.76024395,0.27434936,47.172783,7.4031829833984375,0.13292713950182483
2022-09-06,Louis_DER_AU050_eobs_3264__2022__southbound_01,Louis / DER AU050 (eobs 3264),41.67127,0.95002615,41.66786,0.9473351,41.66562,0.9435758962051075,0.3993795214978728,0.44038296,0,0.013350631,0.76024395,0.82418346,41.67127,0.9500261545181274,0.440186835223424
2022-09-07,Europa_DER_A1A26_eobs_4004__2022__southbound_01,Europa / DER A1A26 (eobs 4004),47.173977,7.4030967,47.17542,7.40314,47.172024,7.401282244111008,0.4027888436269767,0.1606158,0,0.07692399,0.76024395,0.25639912,47.173977,7.403096675872803,0.16037190768792126
2022-09-07,Louis_DER_AU050_eobs_3264__2022__southbound_01,Louis / DER AU050 (eobs 3264),41.66786,0.9473351,41.66751,0.9493555,41.658165,0.932970219065834,1.7125062506654507,0.17216994,0,0.22541854,0.76024395,1.6049936,41.66786,0.9473351240158081,0.17220146593285818
2022-09-08,Europa_DER_A1A26_eobs_4004__2022__southbound_01,Europa / DER A1A26 (eobs 4004),47.17542,7.40314,47.175423,7.402258,47.17356,7.401394637853403,0.21703906610852491,0.06668948,0,0.079505764,0.76024395,0.24461547,47.17542,7.403140068054199,0.06667902358772407
2022-09-08,Louis_DER_AU050_eobs_3264__2022__southbound_01,Louis / DER AU050 (eobs 3264),41.66751,0.9493555,41.658672,0.95063967,41.66073,0.9427695470872568,0.6926286219521538,0.98838216,0,0.025187762,0.76024395,0.9300934,41.66751,0.9493554830551147,0.9885873423100606
2022-09-09,Europa_DER_A1A26_eobs_4004__2022__southbound_01,Europa / DER A1A26 (eobs 4004),47.175423,7.402258,47.17542,7.40294,47.172913,7.399690806304252,0.3714500448710414,0.051566087,0,0.16075064,0.76024395,0.33950415,47.175423,7.402257919311523,0.05154178565943214
2022-09-09,Louis_DER_AU050_eobs_3264__2022__southbound_01,Louis / DER AU050 (eobs 3264),41.658672,0.95063967,41.663948,0.9431204,41.651585,0.9435533781513468,1.3752234794588707,0.85669726,0,0.040671535,0.76024395,0.98192835,41.658672,0.9506396651268005,0.8569235220341979
2022-09-10,Europa_DER_A1A26_eobs_4004__2022__southbound_01,Europa / DER A1A26 (eobs 4004),47.17542,7.40294,47.176197,7.403118,47.17266,7.400365032090719,0.44488164889573617,0.08772901,0,0.12900017,0.76024395,0.36254975,47.17542,7.402939796447754,0.08757542414878355
2022-09-10,Louis_DER_AU050_eobs_3264__2022__southbound_01,Louis / DER AU050 (eobs 3264),41.663948,0.9431204,41.666306,0.94579685,41.65444,0.9249828440033695,2.174861067984387,0.3439507,0,0.2593074,0.76024395,1.8373578,41.663948,0.9431204199790955,0.34372323246614417
2022-09-11,Europa_DER_A1A26_eobs_4004__2022__southbound_01,Europa / DER A1A26 (eobs 4004),47.176197,7.403118,47.00763,7.1559305,47.173393,7.400596612539536,26.13110601245327,26.486069,0,0.081950665,0.76024395,0.36470917,47.176197,7.403118133544922,26.486124191833056
2022-09-11,Louis_DER_AU050_eobs_3264__2022__southbound_01,Louis / DER AU050 (eobs 3264),41.666306,0.94579685,41.664375,0.9506435,41.66077,0.9334980824269318,1.4796134715832792,0.45622462,0,0.06586246,0.76024395,1.1905963,41.666306,0.9457968473434448,0.4562357282079438
2022-09-12,Europa_DER_A1A26_eobs_4004__2022__southbound_01,Europa / DER A1A26 (eobs 4004),47.00763,7.1559305,45.33484,4.8990874,46.550354,6.580333173073049,187.52157854519058,254.53513,1,0.97161025,0.76024395,66.891266,46.550354,6.580333173073049,187.52157854519058
2022-09-12,Louis_DER_AU050_eobs_3264__2022__southbound_01,Louis / DER AU050 (eobs 3264),41.664375,0.9506435,41.663284,0.9518922,41.657524,0.9393756974649701,1.2212334960546964,0.15969858,0,0.04968118,0.76024395,1.2048395,41.664375,0.9506434798240662,0.15961526611422858
2022-09-13,Europa_DER_A1A26_eobs_4004__2022__southbound_01,Europa / DER A1A26 (eobs 4004),45.33484,4.8990874,44.631557,4.774482,44.31934,4.257979481684724,53.7093732257804,78.81296,1,0.9808749,0.76024395,123.32224,44.31934,4.257979481684724,53.7093732257804
2022-09-13,Louis_DER_AU050_eobs_3264__2022__southbound_01,Louis / DER AU050 (eobs 3264),41.663284,0.9518922,41.664448,0.9522093,41.655983,0.9441488469605267,1.1551293439816048,0.13204072,0,0.028519673,0.76024395,1.0340717,41.663284,0.9518921971321106,0.13202787770175328
2022-09-14,Europa_DER_A1A26_eobs_4004__2022__southbound_01,Europa / DER A1A26 (eobs 4004),44.631557,4.774482,44.54511,4.734018,44.207817,4.4441711503424335,44.01484656230113,10.132805,0,0.94696957,0.76024395,53.787594,44.207817,4.4441711503424335,44.01484656230113
2022-09-14,Louis_DER_AU050_eobs_3264__2022__southbound_01,Louis / DER AU050 (eobs 3264),41.664448,0.9522093,41.6597,0.9462659,41.658886,0.9426978893886074,0.30987458905007853,0.72293913,0,0.027573774,0.76024395,1.0017257,41.664448,0.9522092938423157,0.7229493036288199
2022-09-15,Europa_DER_A1A26_eobs_4004__2022__southbound_01,Europa / DER A1A26 (eobs 4004),44.54511,4.734018,43.72909,4.466649,44.332993,4.500675349532382,67.20588315206409,93.21169,1,0.92317605,0.76024395,29.918715,44.332993,4.500675349532382,67.20588315206409
2022-09-15,Louis_DER_AU050_eobs_3264__2022__southbound_01,Louis / DER AU050 (eobs 3264),41.6597,0.9462659,41.658264,0.95096874,41.654114,0.9363539230427664,1.298934278251101,0.42200044,0,0.07432762,0.76024395,1.0294361,41.6597,0.9462658762931824,0.42199262998619635
2022-09-16,Europa_DER_A1A26_eobs_4004__2022__southbound_01,Europa / DER A1A26 (eobs 4004),43.72909,4.466649,43.44547,3.7860465,42.489513,3.19472535708117,116.67847165027784,63.24101,1,0.98576343,0.76024395,171.28998,42.489513,3.19472535708117,116.67847165027784
2022-09-16,Louis_DER_AU050_eobs_3264__2022__southbound_01,Louis / DER AU050 (eobs 3264),41.658264,0.95096874,41.659363,0.9508428,41.65256,0.9444895871271894,0.92227529518376,0.12259513,0,0.021723503,0.76024395,0.83048147,41.658264,0.9509687423706055,0.1226098074422199
2022-09-17,Europa_DER_A1A26_eobs_4004__2022__southbound_01,Europa / DER A1A26 (eobs 4004),43.44547,3.7860465,42.122757,2.681105,43.391678,3.6994322379924873,163.7672797441594,172.5163,1,0.7858044,0.76024395,9.185416,43.391678,3.6994322379924873,163.7672797441594
2022-09-17,Louis_DER_AU050_eobs_3264__2022__southbound_01,Louis / DER AU050 (eobs 3264),41.659363,0.9508428,41.663937,0.94867474,41.654484,0.9407230986798225,1.2414494088064427,0.539522,0,0.06848246,0.76024395,0.998702,41.659363,0.9508427977561951,0.5395350253884006
2022-09-18,Europa_DER_A1A26_eobs_4004__2022__southbound_01,Europa / DER A1A26 (eobs 4004),42.122757,2.681105,41.69894,0.4768853,40.9402,1.4296661212275124,115.9687136601204,188.38208,1,0.98631525,0.76024395,166.86969,40.9402,1.4296661212275124,115.9687136601204
2022-09-18,Louis_DER_AU050_eobs_3264__2022__southbound_01,Louis / DER AU050 (eobs 3264),41.663937,0.94867474,41.660225,0.9513677,41.659946,0.9372288765038022,1.1749747780301671,0.4693443,0,0.09086551,0.76024395,1.0474,41.663937,0.948674738407135,0.4694513764704794
2022-09-19,Europa_DER_A1A26_eobs_4004__2022__southbound_01,Europa / DER A1A26 (eobs 4004),41.69894,0.4768853,41.585304,-0.7701303,41.349873,-0.04971309162187432,65.48644598050006,104.39005,1,0.9558652,0.76024395,58.361298,41.349873,-0.04971309162187432,65.48644598050006
2022-09-19,Louis_DER_AU050_eobs_3264__2022__southbound_01,Louis / DER AU050 (eobs 3264),41.660225,0.9513677,41.664238,0.9462204,41.65512,0.943323660179774,1.0419496957362533,0.61787087,0,0.03051653,0.76024395,0.8751381,41.660225,0.9513676762580872,0.6180270888219477
2022-09-20,Europa_DER_A1A26_eobs_4004__2022__southbound_01,Europa / DER A1A26 (eobs 4004),41.585304,-0.7701303,41.58544,-0.77625954,41.28176,-1.3238424819825807,56.78132825304639,0.51000255,0,0.95295775,0.76024395,56.996788,41.28176,-1.3238424819825807,56.78132825304639
2022-09-20,Louis_DER_AU050_eobs_3264__2022__southbound_01,Louis / DER AU050 (eobs 3264),41.664238,0.9462204,41.66409,0.94866854,41.658855,0.9323893941867665,1.4722512723948933,0.20403267,0,0.14095855,0.76024395,1.2931523,41.664238,0.9462203979492188,0.2040357786905422
2022-09-21,Europa_DER_A1A26_eobs_4004__2022__southbound_01,Europa / DER A1A26 (eobs 4004),41.58544,-0.77625954,41.579998,-0.8386821,41.57726,-0.7948382606804762,3.659582915499034,5.227105,0,0.22079007,0.76024395,1.790072,41.58544,-0.7762595415115356,5.227083385375378
2022-09-21,Louis_DER_AU050_eobs_3264__2022__southbound_01,Louis / DER AU050 (eobs 3264),41.66409,0.94866854,41.65841,0.94916517,41.658825,0.9402313706197131,0.7436217612608998,0.6327675,0,0.020940188,0.76024395,0.9114293,41.66409,0.9486685395240784,0.6329434072492468
2022-09-22,Europa_DER_A1A26_eobs_4004__2022__southbound_01,Europa / DER A1A26 (eobs 4004),41.579998,-0.8386821,41.54476,-0.9040432,41.4977,-1.005943280362075,9.967657352595113,6.70246,0,0.86828244,0.76024395,16.622982,41.4977,-1.005943280362075,9.967657352595113
2022-09-22,Louis_DER_AU050_eobs_3264__2022__southbound_01,Louis / DER AU050 (eobs 3264),41.65841,0.94916517,41.663296,0.9509038,41.653225,0.9414250377563106,1.368976283945962,0.5620198,0,0.05394821,0.76024395,0.86200297,41.65841,0.9491651654243469,0.5622367769147429
2022-09-23,Europa_DER_A1A26_eobs_4004__2022__southbound_01,Europa / DER A1A26 (eobs 4004),41.54476,-0.9040432,40.35964,-3.4988678,41.494457,-0.9725215961199609,246.90722865458628,254.64507,1,0.74213237,0.76024395,7.9715195,41.54476,-0.9040431976318359,254.645050745914
2022-09-23,Louis_DER_AU050_eobs_3264__2022__southbound_01,Louis / DER AU050 (eobs 3264),41.663296,0.9509038,41.66949,0.9510214,41.658783,0.9421637906665938,1.3996635220096947,0.6888004,0,0.05194235,0.76024395,0.8811053,41.663296,0.9509037733078003,0.6889303822482815
2022-09-24,Europa_DER_A1A26_eobs_4004__2022__southbound_01,Europa / DER A1A26 (eobs 4004),40.35964,-3.4988678,40.261414,-3.6347303,40.001236,-3.7930292031335395,31.907499672185217,15.874588,0,0.9555466,0.76024395,46.92228,40.001236,-3.7930292031335395,31.907499672185217
2022-09-24,Louis_DER_AU050_eobs_3264__2022__southbound_01,Louis / DER AU050 (eobs 3264),41.66949,0.9510214,41.661243,0.9511114,41.66539,0.9414172743646491,0.9279448067264794,0.91697294,0,0.035241507,0.76024395,0.91725135,41.66949,0.9510213732719421,0.9170980534950081
2022-09-25,Europa_DER_A1A26_eobs_4004__2022__southbound_01,Europa / DER A1A26 (eobs 4004),40.261414,-3.6347303,39.87214,-3.9784224,40.242943,-3.6383561591279037,50.375613767763795,52.24006,1,0.30216452,0.76024395,2.0730972,40.261414,-3.634730339050293,52.23995706307168
2022-09-25,Louis_DER_AU050_eobs_3264__2022__southbound_01,Louis / DER AU050 (eobs 3264),41.661243,0.9511114,41.658478,0.9513737,41.656868,0.9439340798758111,0.6434611316538041,0.30827552,0,0.03879099,0.76024395,0.7683312,41.661243,0.951111376285553,0.30829843640520493
2022-09-26,Europa_DER_A1A26_eobs_4004__2022__southbound_01,Europa / DER A1A26 (eobs 4004),39.87214,-3.9784224,39.85707,-4.165621,39.587505,-4.209737731835368,30.21091067824096,16.064808,0,0.9436602,0.76024395,37.235924,39.587505,-4.209737731835368,30.21091067824096
2022-09-26,Louis_DER_AU050_eobs_3264__2022__southbound_01,Louis / DER AU050 (eobs 3264),41.658478,0.9513737,41.65882,0.9506364,41.654095,0.9451497584197491,0.6956867708494376,0.072279364,0,0.04730967,0.76024395,0.709164,41.658478,0.9513736963272095,0.0721753039688675
2022-09-27,Europa_DER_A1A26_eobs_4004__2022__southbound_01,Europa / DER A1A26 (eobs 4004),39.85707,-4.165621,39.85726,-4.166196,39.804665,-4.200425661373254,6.538252541449501,0.053488355,0,0.7094092,0.76024395,6.529545,39.85707,-4.165620803833008,0.05347249992319077
2022-09-27,Louis_DER_AU050_eobs_3264__2022__southbound_01,Louis / DER AU050 (eobs 3264),41.65882,0.9506364,41.661495,0.9509365,41.65494,0.9420332133182017,1.0383347045599736,0.29821277,0,0.11340033,0.76024395,0.83325267,41.65882,0.9506363868713379,0.2983904319191943
2022-09-28,Europa_DER_A1A26_eobs_4004__2022__southbound_01,Europa / DER A1A26 (eobs 4004),39.85726,-4.166196,39.8569,-4.165379,39.84544,-4.177374649276446,1.6347014923261547,0.08048585,0,0.29420096,0.76024395,1.6214961,39.85726,-4.166195869445801,0.0805299082021391
2022-09-28,Louis_DER_AU050_eobs_3264__2022__southbound_01,Louis / DER AU050 (eobs 3264),41.661495,0.9509365,41.65895,0.9512425,41.657726,0.9423429886320484,0.7517720754461774,0.28415862,0,0.05084131,0.76024395,0.8263484,41.661495,0.950936496257782,0.28406489451114425
2022-09-29,Europa_DER_A1A26_eobs_4004__2022__southbound_01,Europa / DER A1A26 (eobs 4004),39.8569,-4.165379,39.85722,-4.165764,39.848568,-4.16720267837212,0.9698389614342388,0.048539326,0,0.075261764,0.76024395,0.93784267,39.8569,-4.165379047393799,0.048460780477021605
2022-09-29,Louis_DER_AU050_eobs_3264__2022__southbound_01,Louis / DER AU050 (eobs 3264),41.65895,0.9512425,41.658493,0.9508007,41.651714,0.9415989555449454,1.0735890223954896,0.062680274,0,0.08814236,0.76024395,1.13361,41.65895,0.9512425065040588,0.06275313762001013
2022-09-30,Europa_DER_A1A26_eobs_4004__2022__southbound_01,Europa / DER A1A26 (eobs 4004),39.85722,-4.165764,39.857227,-4.165492,39.8479,-4.1701968343061875,1.1121569718790212,0.023235692,0,0.08126964,0.76024395,1.1012403,39.85722,-4.165763854980469,0.02321562851111663
2022-09-30,Louis_DER_AU050_eobs_3264__2022__southbound_01,Louis / DER AU050 (eobs 3264),41.658493,0.9508007,41.657722,0.9509309,41.65046,0.9425662160304511,1.0654693038727145,0.086151816,0,0.07623257,0.76024395,1.1232312,41.658493,0.9508007168769836,0.08636325680375449
2022-10-01,Europa_DER_A1A26_eobs_4004__2022__southbound_01,Europa / DER A1A26 (eobs 4004),39.857227,-4.165492,39.85705,-4.165062,39.84593,-4.1695653026468875,1.2952598952923928,0.041536424,0,0.11446319,0.76024395,1.3012043,39.857227,-4.165492057800293,0.04157621658617413
2022-10-01,Louis_DER_AU050_eobs_3264__2022__southbound_01,Louis / DER AU050 (eobs 3264),41.657722,0.9509309,41.657776,0.9511712,41.650776,0.9430795022512657,1.0284927154346228,0.020807263,0,0.09958821,0.76024395,1.0090578,41.657722,0.9509308934211731,0.02083000037338729
2022-10-02,Europa_DER_A1A26_eobs_4004__2022__southbound_01,Europa / DER A1A26 (eobs 4004),39.85705,-4.165062,39.85704,-4.1655807,39.84878,-4.164773535514601,0.9209216471776581,0.04430339,0,0.0709132,0.76024395,0.9184834,39.85705,-4.165061950683594,0.044302137708128624
2022-10-02,Louis_DER_AU050_eobs_3264__2022__southbound_01,Louis / DER AU050 (eobs 3264),41.657776,0.9511712,41.650852,0.9534697,41.653206,0.943725046013213,0.8508778914494126,0.7932652,0,0.037154503,0.76024395,0.79923147,41.657776,0.9511712193489075,0.7932080981180868
2022-10-03,Europa_DER_A1A26_eobs_4004__2022__southbound_01,Europa / DER A1A26 (eobs 4004),39.85704,-4.1655807,39.85361,-4.1656814,39.847755,-4.175763079467814,1.0791866408002437,0.38167366,0,0.29130518,0.76024395,1.3473451,39.85704,-4.165580749511719,0.38143053674715777
2022-10-03,Louis_DER_AU050_eobs_3264__2022__southbound_01,Louis / DER AU050 (eobs 3264),41.650852,0.9534697,41.657715,0.9514176,41.64547,0.9446807442685068,1.472163655662926,0.7818136,0,0.0975572,0.76024395,0.9423976,41.650852,0.9534696936607361,0.7819051349263225
2022-10-04,Europa_DER_A1A26_eobs_4004__2022__southbound_01,Europa / DER A1A26 (eobs 4004),39.85361,-4.1656814,39.85666,-4.2408013,39.84518,-4.166942869375379,6.432896151126057,6.421291,0,0.14485164,0.76024395,0.94175214,39.85361,-4.1656813621521,6.4212522265059855
2022-10-04,Louis_DER_AU050_eobs_3264__2022__southbound_01,Louis / DER AU050 (eobs 3264),41.657715,0.9514176,41.67065,0.94682825,41.653214,0.9381224861875117,2.069390981175872,1.4880724,0,0.16358672,0.76024395,1.2105293,41.657715,0.9514176249504089,1.488043810274463
2022-10-05,Europa_DER_A1A26_eobs_4004__2022__southbound_01,Europa / DER A1A26 (eobs 4004),39.85666,-4.2408013,39.85362,-4.1659856,39.82943,-4.282102808682081,10.27221524046685,6.3952804,0,0.7609698,0.76024395,4.639127,39.82943,-4.282102808682081,10.27221524046685
2022-10-05,Louis_DER_AU050_eobs_3264__2022__southbound_01,Louis / DER AU050 (eobs 3264),41.67065,0.94682825,41.644238,0.9576373,41.66756,0.9322959767668203,3.340395295366519,3.0710762,0,0.20879306,0.76024395,1.25277,41.67065,0.9468282461166382,3.071205649276802
2022-10-06,Europa_DER_A1A26_eobs_4004__2022__southbound_01,Europa / DER A1A26 (eobs 4004),39.85362,-4.1659856,39.855686,-4.2382092,39.847298,-4.166488292228974,6.193129717965151,6.169369,0,0.08614239,0.76024395,0.7027975,39.85362,-4.165985584259033,6.16939916565517
2022-10-06,Louis_DER_AU050_eobs_3264__2022__southbound_01,Louis / DER AU050 (eobs 3264),41.644238,0.9576373,41.64801,0.9574493,41.63947,0.9502434125550715,1.1227275514695902,0.4196131,0,0.07009879,0.76024395,0.8100855,41.644238,0.9576373100280762,0.41980036049217684
2022-10-07,Europa_DER_A1A26_eobs_4004__2022__southbound_01,Europa / DER A1A26 (eobs 4004),39.855686,-4.2382092,39.855316,-4.166041,39.827843,-4.264986048882539,8.98310791118284,6.1604486,0,0.70895594,0.76024395,3.8417563,39.855686,-4.238209247589111,6.160453614333413
2022-10-07,Louis_DER_AU050_eobs_3264__2022__southbound_01,Louis / DER AU050 (eobs 3264),41.64801,0.9574493,41.65875,0.9519391,41.644592,0.9507904794134641,1.5770057910144768,1.2787738,0,0.060751613,0.76024395,0.6701268,41.64801,0.9574493169784546,1.2788076603653102
2022-10-08,Europa_DER_A1A26_eobs_4004__2022__southbound_01,Europa / DER A1A26 (eobs 4004),39.855316,-4.166041,39.857166,-4.164878,39.850758,-4.162997153128823,0.7304755198166878,0.22824006,0,0.041268524,0.76024395,0.568484,39.855316,-4.166040897369385,0.22842519702188968
2022-10-08,Louis_DER_AU050_eobs_3264__2022__southbound_01,Louis / DER AU050 (eobs 3264),41.65875,0.9519391,41.64098,0.958015,41.655285,0.9461177698324624,1.8728047214458015,2.0391748,0,0.06214999,0.76024395,0.6172836,41.65875,0.9519391059875488,2.0392838653896934
2022-10-09,Europa_DER_A1A26_eobs_4004__2022__southbound_01,Europa / DER A1A26 (eobs 4004),39.857166,-4.164878,39.857105,-4.166179,39.852413,-4.166389400626555,0.5220444546848553,0.11129922,0,0.05672576,0.76024395,0.54328084,39.857166,-4.164877891540527,0.11128296484507887
2022-10-09,Louis_DER_AU050_eobs_3264__2022__southbound_01,Louis / DER AU050 (eobs 3264),41.64098,0.958015,41.63425,0.94022936,41.637337,0.9541626019827119,1.2077054303508474,1.6566998,0,0.03079676,0.76024395,0.51524985,41.64098,0.9580150246620178,1.6566472449046987
2022-10-10,Europa_DER_A1A26_eobs_4004__2022__southbound_01,Europa / DER A1A26 (eobs 4004),39.857105,-4.166179,39.855255,-4.165329,39.844597,-4.181809052534583,1.8395176570986411,0.21808122,0,0.4832844,0.76024395,1.923988,39.857105,-4.166179180145264,0.21815049108841625
2022-10-10,Louis_DER_AU050_eobs_3264__2022__southbound_01,Louis / DER AU050 (eobs 3264),41.63425,0.94022936,41.538494,0.6148426,41.631332,0.9344884951885731,28.519138297862444,29.08136,0,0.09118639,0.76024395,0.5760874,41.63425,0.9402293562889099,29.08140939470361
2022-10-11,Europa_DER_A1A26_eobs_4004__2022__southbound_01,Europa / DER A1A26 (eobs 4004),39.855255,-4.165329,39.853523,-4.189989,39.84994,-4.163380080560853,2.306135726592795,2.113832,0,0.04055084,0.76024395,0.6127678,39.855255,-4.1653289794921875,2.113820417880259
2022-10-11,Louis_DER_AU050_eobs_3264__2022__southbound_01,Louis / DER AU050 (eobs 3264),41.538494,0.6148426,41.538704,0.6147031,41.442146,0.4828867095537987,15.356520894271481,0.02594392,0,0.8886898,0.76024395,15.315794,41.442146,0.4828867095537987,15.356520894271481
2022-10-12,Europa_DER_A1A26_eobs_4004__2022__southbound_01,Europa / DER A1A26 (eobs 4004),39.853523,-4.189989,39.85436,-4.237856,39.840458,-4.202348576116294,3.402618264547612,4.0870786,0,0.416861,0.76024395,1.7923117,39.853523,-4.18998908996582,4.087077772816654
2022-10-12,Louis_DER_AU050_eobs_3264__2022__southbound_01,Louis / DER AU050 (eobs 3264),41.538704,0.6147031,41.538692,0.6181468,41.531094,0.6024056245280704,1.5590474847659674,0.28662333,0,0.19098373,0.76024395,1.32578,41.538704,0.6147031188011169,0.2866199149619411
2022-10-13,Europa_DER_A1A26_eobs_4004__2022__southbound_01,Europa / DER A1A26 (eobs 4004),39.85436,-4.237856,39.853455,-4.166751,39.841846,-4.252682030355835,7.4486403523763585,6.070499,0,0.4720644,0.76024395,1.8776306,39.85436,-4.237855911254883,6.070522014122284
2022-10-13,Louis_DER_AU050_eobs_3264__2022__southbound_01,Louis / DER AU050 (eobs 3264),41.538692,0.6181468,41.539528,0.6143338,41.530632,0.6130513149204789,0.9949207037487383,0.33064634,0,0.06449155,0.76024395,0.98992926,41.538692,0.6181467771530151,0.33066940566307246
2022-10-14,Europa_DER_A1A26_eobs_4004__2022__southbound_01,Europa / DER A1A26 (eobs 4004),39.853455,-4.166751,39.855793,-4.2449293,39.84709,-4.167043677103456,6.7187700945539905,6.6784935,0,0.0757085,0.76024395,0.70661235,39.853455,-4.166750907897949,6.678485690714074
2022-10-14,Louis_DER_AU050_eobs_3264__2022__southbound_01,Louis / DER AU050 (eobs 3264),41.539528,0.6143338,41.54031,0.6171932,41.535683,0.601026620860814,1.4405858555994104,0.25348932,0,0.1166763,0.76024395,1.1851147,41.539528,0.6143338084220886,0.25337427646052463
2022-10-15,Europa_DER_A1A26_eobs_4004__2022__southbound_01,Europa / DER A1A26 (eobs 4004),39.855793,-4.2449293,39.853657,-4.1669483,39.837242,-4.276332812555626,9.515167440143447,6.6608067,0,0.66785556,0.76024395,3.3763583,39.855793,-4.244929313659668,6.660797833429042
2022-10-15,Louis_DER_AU050_eobs_3264__2022__southbound_01,Louis / DER AU050 (eobs 3264),41.54031,0.6171932,41.539574,0.61455595,41.53552,0.607146033977815,0.76398948697519,0.23428509,0,0.049255352,0.76024395,0.9896987,41.54031,0.6171932220458984,0.2342664707541938
2022-10-16,Europa_DER_A1A26_eobs_4004__2022__southbound_01,Europa / DER A1A26 (eobs 4004),39.853657,-4.1669483,39.854702,-4.2406445,39.846558,-4.170340082147122,6.0695740456933605,6.291921,0,0.09869259,0.76024395,0.83950067,39.853657,-4.166948318481445,6.291923269994996
2022-10-16,Louis_DER_AU050_eobs_3264__2022__southbound_01,Louis / DER AU050 (eobs 3264),41.539574,0.61455595,41.541183,0.624586,41.525974,0.571880703160181,4.701717035971837,0.85371745,0,0.6055682,0.76024395,3.853522,41.539574,0.6145559549331665,0.8537579093687907
2022-10-17,Europa_DER_A1A26_eobs_4004__2022__southbound_01,Europa / DER A1A26 (eobs 4004),39.854702,-4.2406445,39.85363,-4.1671476,39.836487,-4.266580172248042,8.700286573454235,6.274983,0,0.59049565,0.76024395,2.995413,39.854702,-4.240644454956055,6.27496892270129
2022-10-17,Louis_DER_AU050_eobs_3264__2022__southbound_01,Louis / DER AU050 (eobs 3264),41.541183,0.624586,41.53941,0.6174957,41.533363,0.6196565026013875,0.6959581501576084,0.6221683,0,0.033411063,0.76024395,0.95983404,41.541183,0.6245859861373901,0.622202438952022
2022-10-18,Europa_DER_A1A26_eobs_4004__2022__southbound_01,Europa / DER A1A26 (eobs 4004),39.85363,-4.1671476,39.844223,-4.260671,39.846165,-4.165640082240169,8.115975273092156,8.052187,0,0.078771986,0.76024395,0.8383776,39.85363,-4.167147636413574,8.052194427000524
2022-10-18,Louis_DER_AU050_eobs_3264__2022__southbound_01,Louis / DER AU050 (eobs 3264),41.53941,0.6174957,41.538746,0.6146516,41.531597,0.602906411677272,1.2599995430900608,0.24797596,0,0.13198593,0.76024395,1.4903698,41.53941,0.6174957156181335,0.24795329812786585
2022-10-19,Europa_DER_A1A26_eobs_4004__2022__southbound_01,Europa / DER A1A26 (eobs 4004),39.844223,-4.260671,39.85428,-4.241106,39.828915,-4.282533057227196,4.5237478339981605,2.0097353,0,0.5191683,0.76024395,2.5215454,39.844223,-4.260671138763428,2.0099496466355298
2022-10-19,Louis_DER_AU050_eobs_3264__2022__southbound_01,Louis / DER AU050 (eobs 3264),41.538746,0.6146516,41.54087,0.61933845,41.532677,0.6011659985965243,1.7657720741655698,0.45609736,0,0.098542556,0.76024395,1.3074512,41.538746,0.614651620388031,0.4560527920827226
2022-10-20,Europa_DER_A1A26_eobs_4004__2022__southbound_01,Europa / DER A1A26 (eobs 4004),39.85428,-4.241106,39.8566,-4.1673207,39.84779,-4.237224120628149,6.047177875692084,6.3036413,0,0.019765299,0.76024395,0.7926592,39.85428,-4.241106033325195,6.303640898983202
2022-10-20,Louis_DER_AU050_eobs_3264__2022__southbound_01,Louis / DER AU050 (eobs 3264),41.54087,0.61933845,41.539196,0.6276122,41.532604,0.6164175350624526,1.1855196703725028,0.7133239,0,0.023603601,0.76024395,0.9492039,41.54087,0.6193384528160095,0.7133444693785984
2022-10-21,Europa_DER_A1A26_eobs_4004__2022__southbound_01,Europa / DER A1A26 (eobs 4004),39.8566,-4.1673207,39.86001,-4.2381983,39.85064,-4.163411171809231,6.468315254450193,6.0617127,0,0.015262756,0.76024395,0.7408291,39.8566,-4.167320728302002,6.061732605529612
2022-10-21,Louis_DER_AU050_eobs_3264__2022__southbound_01,Louis / DER AU050 (eobs 3264),41.539196,0.6276122,41.537666,0.63729304,41.53476,0.6354205404391889,0.3588357393876875,0.8235549,0,0.013411076,0.76024395,0.81449187,41.539196,0.6276121735572815,0.82350378704207
2022-10-22,Europa_DER_A1A26_eobs_4004__2022__southbound_01,Europa / DER A1A26 (eobs 4004),39.86001,-4.2381983,39.855923,-4.1669226,39.85233,-4.243274863143634,6.529826522892699,6.100814,0,0.06367029,0.76024395,0.9558445,39.86001,-4.238198280334473,6.100839435747949
2022-10-23,Europa_DER_A1A26_eobs_4004__2022__southbound_01,Europa / DER A1A26 (eobs 4004),39.855923,-4.1669226,39.856693,-4.22614,39.848778,-4.167401287596744,5.090825539279938,5.0555053,0,0.02419719,0.76024395,0.7940883,39.855923,-4.166922569274902,5.05548977067541
2022-10-24,Europa_DER_A1A26_eobs_4004__2022__southbound_01,Europa / DER A1A26 (eobs 4004),39.856693,-4.22614,39.85703,-4.2360497,39.849678,-4.232683773661817,0.8664145028701093,0.84667885,0,0.06435612,0.76024395,0.95761114,39.856693,-4.226140022277832,0.8466960199559072
2022-10-25,Europa_DER_A1A26_eobs_4004__2022__southbound_01,Europa / DER A1A26 (eobs 4004),39.85703,-4.2360497,39.85031,-4.24934,39.85216,-4.246566542994686,0.3136550768360764,1.3581085,0,0.09492901,0.76024395,1.0464141,39.85703,-4.236049652099609,1.3583329325638702
2022-10-26,Europa_DER_A1A26_eobs_4004__2022__southbound_01,Europa / DER A1A26 (eobs 4004),39.85031,-4.24934,39.85015,-4.257514,39.845146,-4.259801155960687,0.5897771656978298,0.69803196,0,0.10716249,0.76024395,1.0600057,39.85031,-4.249340057373047,0.6980116429454792
2022-10-27,Europa_DER_A1A26_eobs_4004__2022__southbound_01,Europa / DER A1A26 (eobs 4004),39.85015,-4.257514,39.849606,-4.252669,39.84624,-4.268864926351029,1.4323765110757083,0.41804382,0,0.12085924,0.76024395,1.0602467,39.85015,-4.257513999938965,0.41804101486383777
2022-10-28,Europa_DER_A1A26_eobs_4004__2022__southbound_01,Europa / DER A1A26 (eobs 4004),39.849606,-4.252669,39.85646,-4.2423134,39.845333,-4.259360785554654,1.9101757721825685,1.167168,0,0.029069802,0.76024395,0.74176615,39.849606,-4.252668857574463,1.167233228088692
2022-10-29,Europa_DER_A1A26_eobs_4004__2022__southbound_01,Europa / DER A1A26 (eobs 4004),39.85646,-4.2423134,39.855812,-4.205393,39.854137,-4.2494213770280655,3.7629310953747486,3.152318,0,0.021360468,0.76024395,0.6583586,39.85646,-4.242313385009766,3.1523469120092935
2022-10-30,Europa_DER_A1A26_eobs_4004__2022__southbound_01,Europa / DER A1A26 (eobs 4004),39.855812,-4.205393,39.846333,-4.25299,39.853924,-4.212331533468494,3.572041708261272,4.1976204,0,0.020556895,0.76024395,0.62733316,39.855812,-4.205392837524414,4.197653121658934
2022-10-31,Europa_DER_A1A26_eobs_4004__2022__southbound_01,Europa / DER A1A26 (eobs 4004),39.846333,-4.25299,39.8499,-4.259135,39.84486,-4.261392575360455,0.5925612927781974,0.6577313,0,0.07599188,0.76024395,0.7344963,39.846333,-4.252989768981934,0.6576440574243112
2022-11-01,Europa_DER_A1A26_eobs_4004__2022__southbound_01,Europa / DER A1A26 (eobs 4004),39.8499,-4.259135,39.856583,-4.24948,39.84882,-4.266708743390732,1.7053328519586712,1.1095884,0,0.048292316,0.76024395,0.65646696,39.8499,-4.259134769439697,1.1097545118627585
2022-11-02,Europa_DER_A1A26_eobs_4004__2022__southbound_01,Europa / DER A1A26 (eobs 4004),39.856583,-4.24948,39.846252,-4.2647414,39.85516,-4.256967616398592,1.192218129311808,1.7367662,0,0.041800465,0.76024395,0.6573341,39.856583,-4.2494797706604,1.7368852007110782
2022-11-03,Europa_DER_A1A26_eobs_4004__2022__southbound_01,Europa / DER A1A26 (eobs 4004),39.846252,-4.2647414,39.851704,-4.2570753,39.84443,-4.274716711204807,1.709525873081693,0.891838,0,0.14510486,0.76024395,0.87387425,39.846252,-4.26474142074585,0.8920264803939019
2022-11-04,Europa_DER_A1A26_eobs_4004__2022__southbound_01,Europa / DER A1A26 (eobs 4004),39.851704,-4.2570753,39.848965,-4.266041,39.849766,-4.264461526195389,0.16158902826966887,0.82364887,0,0.026948554,0.76024395,0.6651426,39.851704,-4.257075309753418,0.8237258554180046
2022-11-05,Europa_DER_A1A26_eobs_4004__2022__southbound_01,Europa / DER A1A26 (eobs 4004),39.848965,-4.266041,39.84838,-4.265964,39.847458,-4.2760323650528695,0.8656394068484511,0.06532381,0,0.11154439,0.76024395,0.867734,39.848965,-4.266040802001953,0.06522894312619397
2022-11-06,Europa_DER_A1A26_eobs_4004__2022__southbound_01,Europa / DER A1A26 (eobs 4004),39.84838,-4.265964,39.856464,-4.266269,39.84661,-4.275432782549365,1.3462377603257951,0.89909595,0,0.13055402,0.76024395,0.8305151,39.84838,-4.265964031219482,0.8992054747831433
2022-11-07,Europa_DER_A1A26_eobs_4004__2022__southbound_01,Europa / DER A1A26 (eobs 4004),39.856464,-4.266269,39.852993,-4.209228,39.856693,-4.2739544500278415,5.540421597254626,4.8843994,0,0.056536876,0.76024395,0.6553493,39.856464,-4.266269207000732,4.88438553502267
2022-11-08,Europa_DER_A1A26_eobs_4004__2022__southbound_01,Europa / DER A1A26 (eobs 4004),39.852993,-4.209228,39.848995,-4.266047,39.853477,-4.216779410708307,4.235189522345333,4.870731,0,0.046516523,0.76024395,0.6457333,39.852993,-4.209228038787842,4.870733573886522
2022-11-09,Europa_DER_A1A26_eobs_4004__2022__southbound_01,Europa / DER A1A26 (eobs 4004),39.848995,-4.266047,39.851402,-4.2512064,39.849476,-4.2750274070027885,2.04477099217793,1.2947984,0,0.089253284,0.76024395,0.7671546,39.848995,-4.26604700088501,1.2948618738803508
2022-11-10,Europa_DER_A1A26_eobs_4004__2022__southbound_01,Europa / DER A1A26 (eobs 4004),39.851402,-4.2512064,39.847546,-4.2702208,39.85107,-4.259493236099458,0.9961338061406114,1.6788815,0,0.048867453,0.76024395,0.70711815,39.851402,-4.251206398010254,1.6789079846612966
2022-11-11,Europa_DER_A1A26_eobs_4004__2022__southbound_01,Europa / DER A1A26 (eobs 4004),39.847546,-4.2702208,39.847927,-4.26829,39.847977,-4.283351746573603,1.2858256830018657,0.1701635,0,0.26296383,0.76024395,1.1200473,39.847546,-4.270220756530762,0.1701956184504543
2022-11-12,Europa_DER_A1A26_eobs_4004__2022__southbound_01,Europa / DER A1A26 (eobs 4004),39.847927,-4.26829,39.847916,-4.27084,39.850086,-4.27594610568137,0.49824616055571774,0.21768662,0,0.045835953,0.76024395,0.6951313,39.847927,-4.268290042877197,0.21770735681070996
2022-11-13,Europa_DER_A1A26_eobs_4004__2022__southbound_01,Europa / DER A1A26 (eobs 4004),39.847916,-4.27084,39.856754,-4.167861,39.849953,-4.279130870557646,9.528396943280043,8.845493,0,0.08711305,0.76024395,0.7418425,39.847916,-4.270840167999268,8.845514435711575
2022-11-14,Europa_DER_A1A26_eobs_4004__2022__southbound_01,Europa / DER A1A26 (eobs 4004),39.856754,-4.167861,39.85351,-4.177822,39.858807,-4.174670170657195,0.6473177581692517,0.9236729,0,0.03189711,0.76024395,0.6233152,39.856754,-4.167860984802246,0.9235739966690271
2022-11-15,Europa_DER_A1A26_eobs_4004__2022__southbound_01,Europa / DER A1A26 (eobs 4004),39.85351,-4.177822,39.848587,-4.27088,39.85415,-4.185360652059113,7.326569421636822,7.9628267,0,0.038344562,0.76024395,0.6462759,39.85351,-4.177822113037109,7.962840704550374
2022-11-16,Europa_DER_A1A26_eobs_4004__2022__southbound_01,Europa / DER A1A26 (eobs 4004),39.848587,-4.27088,39.847897,-4.270175,39.84763,-4.279525679357624,0.7988210601894161,0.09748509,0,0.054768287,0.76024395,0.74440074,39.848587,-4.270880222320557,0.09756686694880227
2022-11-17,Europa_DER_A1A26_eobs_4004__2022__southbound_01,Europa / DER A1A26 (eobs 4004),39.847897,-4.270175,39.84786,-4.2702074,39.84481,-4.277953906060635,0.7431183055609296,0.0050944844,0,0.033549108,0.76024395,0.7462677,39.847897,-4.270174980163574,0.005065069492986559
2022-11-18,Europa_DER_A1A26_eobs_4004__2022__southbound_01,Europa / DER A1A26 (eobs 4004),39.84786,-4.2702074,39.856686,-4.2699175,39.844303,-4.278469610560527,1.5584535157458257,0.98193085,0,0.04434063,0.76024395,0.8072007,39.84786,-4.270207405090332,0.9818542210677559
2022-11-19,Europa_DER_A1A26_eobs_4004__2022__southbound_01,Europa / DER A1A26 (eobs 4004),39.856686,-4.2699175,39.84718,-4.269938,39.85533,-4.279055462680758,1.1947617070156729,1.0574111,0,0.03658358,0.76024395,0.79298306,39.856686,-4.2699174880981445,1.057046965887451
2022-11-20,Europa_DER_A1A26_eobs_4004__2022__southbound_01,Europa / DER A1A26 (eobs 4004),39.84718,-4.269938,39.856407,-4.249142,39.84496,-4.280193962356681,2.9405831253524943,2.0505922,0,0.064213306,0.76024395,0.9081509,39.84718,-4.269937992095947,2.0504389902187694
2022-11-21,Europa_DER_A1A26_eobs_4004__2022__southbound_01,Europa / DER A1A26 (eobs 4004),39.856407,-4.249142,39.85697,-4.256775,39.855022,-4.258525959056982,0.2632933343923129,0.6545116,0,0.028123831,0.76024395,0.81423223,39.856407,-4.249142169952393,0.6545390353123498
2022-11-22,Europa_DER_A1A26_eobs_4004__2022__southbound_01,Europa / DER A1A26 (eobs 4004),39.85697,-4.256775,39.841156,-4.2567496,39.85503,-4.266370933720879,1.7477552053668448,1.758546,0,0.034338914,0.76024395,0.84560966,39.85697,-4.25677490234375,1.758633230443243
2023-08-07,Angela_DER_AY470_eobs_4001__2023__southbound_01,Angela / DER AY470 (eobs 4001),48.134285,7.753541,48.13426,7.754865,48.130363,7.749854992333294,0.5707989686743228,0.098315306,0,0.011666704,0.76024395,0.51388776,48.134285,7.753540992736816,0.09831224102256199
2023-08-08,Angela_DER_AY470_eobs_4001__2023__southbound_01,Angela / DER AY470 (eobs 4001),48.13426,7.754865,48.164627,7.7360315,48.1301,7.750856466765638,3.993656700451548,3.6545255,0,0.010684172,0.76024395,0.54864997,48.13426,7.7548651695251465,3.65451215015186
2023-08-09,Angela_DER_AY470_eobs_4001__2023__southbound_01,Angela / DER AY470 (eobs 4001),48.164627,7.7360315,48.148876,7.732977,48.160717,7.730689182464411,1.3275327609780678,1.7657381,0,0.005292475,0.76024395,0.5870535,48.164627,7.736031532287598,1.7660169307151372
2023-08-10,Angela_DER_AY470_eobs_4001__2023__southbound_01,Angela / DER AY470 (eobs 4001),48.148876,7.732977,48.140602,7.7478137,48.145084,7.728748489525902,1.4998307218159919,1.4348435,0,0.004785673,0.76024395,0.52475953,48.148876,7.732976913452148,1.4346651132309214
2023-08-11,Angela_DER_AY470_eobs_4001__2023__southbound_01,Angela / DER AY470 (eobs 4001),48.140602,7.7478137,47.79649,7.578767,48.136574,7.743867738673907,39.76329901974335,40.280254,1,0.004450984,0.76024395,0.53404224,48.140602,7.747813701629639,40.28019873734364
2023-08-12,Angela_DER_AY470_eobs_4001__2023__southbound_01,Angela / DER AY470 (eobs 4001),47.79649,7.578767,47.65475,7.5555215,47.18883,6.939282080709727,69.52306599936165,15.855944,0,0.9821201,0.76024395,82.60303,47.18883,6.939282080709727,69.52306599936165
2023-08-13,Angela_DER_AY470_eobs_4001__2023__southbound_01,Angela / DER AY470 (eobs 4001),47.65475,7.5555215,47.52191,7.0241976,47.580784,7.497947739820058,36.15195516236109,42.496704,1,0.81866044,0.76024395,9.2705555,47.580784,7.497947739820058,36.15195516236109
2023-08-14,Angela_DER_AY470_eobs_4001__2023__southbound_01,Angela / DER AY470 (eobs 4001),47.52191,7.0241976,46.693375,5.4422135,46.713142,6.133419335369515,52.75355809050833,151.06589,1,0.98170036,0.76024395,111.88298,46.713142,6.133419335369515,52.75355809050833
2023-08-14,Louis_DER_AU050_eobs_3264__2023__southbound_01,Louis / DER AU050 (eobs 3264),47.907127,8.578035,47.90697,8.574343,47.903538,8.575387292755497,0.38961743509004076,0.27577516,0,0.0068703857,0.76024395,0.44461733,47.907127,8.578035354614258,0.27578988001957877
2023-08-15,Angela_DER_AY470_eobs_4001__2023__southbound_01,Angela / DER AY470 (eobs 4001),46.693375,5.4422135,46.058247,5.1277914,45.767612,4.47680442307029,59.83968988121228,74.6285,1,0.98183215,0.76024395,126.340996,45.767612,4.47680442307029,59.83968988121228
2023-08-15,Louis_DER_AU050_eobs_3264__2023__southbound_01,Louis / DER AU050 (eobs 3264),47.90697,8.574343,47.90912,8.572943,47.903854,8.571841430167979,0.5910903040493581,0.26039174,0,0.013534651,0.76024395,0.3929496,47.90697,8.574342727661133,0.2606140698526998
2023-08-16,Angela_DER_AY470_eobs_4001__2023__southbound_01,Angela / DER AY470 (eobs 4001),46.058247,5.1277914,45.129078,4.8418922,45.787403,4.786011949029489,73.33215002479578,105.68646,1,0.94812405,0.76024395,39.960945,45.787403,4.786011949029489,73.33215002479578
2023-08-16,Louis_DER_AU050_eobs_3264__2023__southbound_01,Louis / DER AU050 (eobs 3264),47.90912,8.572943,47.9112,8.57454,47.90592,8.570179055362335,0.6714152459613498,0.2604862,0,0.020992616,0.76024395,0.41044122,47.90912,8.572942733764648,0.2604108635011863
2023-08-17,Angela_DER_AY470_eobs_4001__2023__southbound_01,Angela / DER AY470 (eobs 4001),45.129078,4.8418922,44.108948,4.3573484,44.26482,3.7470212058697427,51.658481480978715,119.74028,1,0.98314524,0.76024395,128.66486,44.26482,3.7470212058697427,51.658481480978715
2023-08-17,Louis_DER_AU050_eobs_3264__2023__southbound_01,Louis / DER AU050 (eobs 3264),47.9112,8.57454,47.903915,8.572826,47.907833,8.571646628776781,0.44441561283945585,0.8199633,0,0.0146065885,0.76024395,0.43149203,47.9112,8.574540138244629,0.8201836264040228
2023-08-18,Angela_DER_AY470_eobs_4001__2023__southbound_01,Angela / DER AY470 (eobs 4001),44.108948,4.3573484,43.133526,2.9667532,43.905567,4.013952693036084,120.41169878026098,155.86073,1,0.9409977,0.76024395,35.478058,43.905567,4.013952693036084,120.41169878026098
2023-08-18,Louis_DER_AU050_eobs_3264__2023__southbound_01,Louis / DER AU050 (eobs 3264),47.903915,8.572826,47.91519,8.57289,47.90056,8.570219991364906,1.6392654669557245,1.2536503,0,0.016967285,0.76024395,0.41999143,47.903915,8.572826385498047,1.2538720249734414
2023-08-19,Angela_DER_AY470_eobs_4001__2023__southbound_01,Angela / DER AY470 (eobs 4001),43.133526,2.9667532,42.9593,2.92894,42.887074,2.4956456237607747,36.183332358916815,19.615278,0,0.9524598,0.76024395,46.953663,42.887074,2.4956456237607747,36.183332358916815
2023-08-19,Louis_DER_AU050_eobs_3264__2023__southbound_01,Louis / DER AU050 (eobs 3264),47.91519,8.57289,47.91115,8.578961,47.911938,8.569774373396498,0.6902739227563663,0.6376127,0,0.042615365,0.76024395,0.429188,47.91519,8.572890281677246,0.6375849114163273
2023-08-20,Angela_DER_AY470_eobs_4001__2023__southbound_01,Angela / DER AY470 (eobs 4001),42.9593,2.92894,42.384556,2.8043692,42.95135,2.904856697775516,63.558102093629785,64.71533,1,0.4545115,0.76024395,2.1462286,42.9593,2.9289400577545166,64.71520749868847
2023-08-20,Louis_DER_AU050_eobs_3264__2023__southbound_01,Louis / DER AU050 (eobs 3264),47.91115,8.578961,47.907944,8.563981,47.90758,8.575742689871696,0.8776020898821438,1.1720877,0,0.035163704,0.76024395,0.46301138,47.91115,8.578961372375488,1.1721512692210576
2023-08-21,Angela_DER_AY470_eobs_4001__2023__southbound_01,Angela / DER AY470 (eobs 4001),42.384556,2.8043692,42.291645,3.0467565,41.907658,1.9740009623848738,98.26695336172862,22.441936,0,0.97589636,0.76024395,86.23919,41.907658,1.9740009623848738,98.26695336172862
2023-08-21,Louis_DER_AU050_eobs_3264__2023__southbound_01,Louis / DER AU050 (eobs 3264),47.907944,8.563981,47.91449,8.581795,47.903576,8.5598253569447,2.0381656647025177,1.5140849,0,0.10448796,0.76024395,0.57515246,47.907944,8.563981056213379,1.5141253337842464
2023-08-22,Angela_DER_AY470_eobs_4001__2023__southbound_01,Angela / DER AY470 (eobs 4001),42.291645,3.0467565,42.28831,3.0466027,42.289074,3.0452334654295927,0.14100758744468156,0.37101215,0,0.15043747,0.76024395,0.3114719,42.291645,3.0467565059661865,0.3709451845050064
2023-08-22,Louis_DER_AU050_eobs_3264__2023__southbound_01,Louis / DER AU050 (eobs 3264),47.91449,8.581795,47.91484,8.57268,47.910236,8.577760044859902,0.6367471435140539,0.68035096,0,0.0812279,0.76024395,0.55959845,47.91449,8.581794738769531,0.680379124851661
2023-08-23,Angela_DER_AY470_eobs_4001__2023__southbound_01,Angela / DER AY470 (eobs 4001),42.28831,3.0466027,41.858704,2.7120183,42.288734,3.0326118651821194,54.6505274685627,55.17802,1,0.31281698,0.76024395,1.1498123,42.28831,3.046602725982666,55.178174117164225
2023-08-23,Louis_DER_AU050_eobs_3264__2023__southbound_01,Louis / DER AU050 (eobs 3264),47.91484,8.57268,47.91848,8.581978,47.909084,8.566695574811947,1.5455497772853484,0.8024675,0,0.21758962,0.76024395,0.7788029,47.91484,8.572680473327637,0.8023922740360371
2023-08-24,Angela_DER_AY470_eobs_4001__2023__southbound_01,Angela / DER AY470 (eobs 4001),41.858704,2.7120183,41.14599,1.0860349,41.7269,2.3159689501763623,121.17865568460019,156.89,1,0.94480795,0.76024395,35.862232,41.7269,2.3159689501763623,121.17865568460019
2023-08-24,Louis_DER_AU050_eobs_3264__2023__southbound_01,Louis / DER AU050 (eobs 3264),47.91848,8.581978,47.911148,8.570702,47.91349,8.57690166464542,0.5304349659413503,1.170836,0,0.15728433,0.76024395,0.6702392,47.91848,8.581977844238281,1.17085463045002
2023-08-25,Angela_DER_AY470_eobs_4001__2023__southbound_01,Angela / DER AY470 (eobs 4001),41.14599,1.0860349,41.2851,1.2431147,40.861576,0.5569098569052818,74.34076137367735,20.295574,0,0.9556735,0.76024395,54.33934,40.861576,0.5569098569052818,74.34076137367735
2023-08-25,Louis_DER_AU050_eobs_3264__2023__southbound_01,Louis / DER AU050 (eobs 3264),47.911148,8.570702,47.90771,8.568752,47.90425,8.564092933176934,0.5183016764526545,0.4090239,0,0.27980465,0.76024395,0.90989846,47.911148,8.570701599121094,0.4088675777262162
2023-08-26,Angela_DER_AY470_eobs_4001__2023__southbound_01,Angela / DER AY470 (eobs 4001),41.2851,1.2431147,41.49649,1.7031212,41.282703,1.2380619438645428,45.49994836922018,45.0006,1,0.09556937,0.76024395,0.49839363,41.2851,1.243114709854126,45.0007673263511
2023-08-26,Louis_DER_AU050_eobs_3264__2023__southbound_01,Louis / DER AU050 (eobs 3264),47.90771,8.568752,47.91902,8.576931,47.902035,8.564089939749449,2.1174927451072794,1.3976231,0,0.21647507,0.76024395,0.7192731,47.90771,8.56875228881836,1.3976093578371764
2023-08-27,Angela_DER_AY470_eobs_4001__2023__southbound_01,Angela / DER AY470 (eobs 4001),41.49649,1.7031212,42.051178,2.8820927,41.504257,1.7018782240279036,115.2205611957228,115.59662,1,0.051179796,0.76024395,0.868212,41.49649,1.7031211853027344,115.59651389973112
2023-08-27,Louis_DER_AU050_eobs_3264__2023__southbound_01,Louis / DER AU050 (eobs 3264),47.91902,8.576931,47.906048,8.566824,47.915363,8.574038886398968,1.167103612052213,1.6275461,0,0.09687915,0.76024395,0.45963866,47.91902,8.57693099975586,1.627447188540649
2023-08-28,Angela_DER_AY470_eobs_4001__2023__southbound_01,Angela / DER AY470 (eobs 4001),42.051178,2.8820927,42.054653,2.8822155,42.054108,2.8921576601385617,0.823096554525846,0.38658014,0,0.027089132,0.76024395,0.8910545,42.051178,2.8820927143096924,0.3865569029222292
2023-08-28,Louis_DER_AU050_eobs_3264__2023__southbound_01,Louis / DER AU050 (eobs 3264),47.906048,8.566824,47.909637,8.579326,47.903366,8.56479337094959,1.2882762451155865,1.0137484,0,0.065691896,0.76024395,0.33391303,47.906048,8.566823959350586,1.0137273647793785
2023-08-29,Angela_DER_AY470_eobs_4001__2023__southbound_01,Angela / DER AY470 (eobs 4001),42.054653,2.8822155,42.167862,3.0369475,42.056324,2.866503596156342,18.74817876245973,17.92695,0,0.039441667,0.76024395,1.3081315,42.054653,2.8822154998779297,17.927000968096884
2023-08-29,Louis_DER_AU050_eobs_3264__2023__southbound_01,Louis / DER AU050 (eobs 3264),47.909637,8.579326,47.90744,8.572916,47.907307,8.577828680005743,0.3664775346367002,0.5365928,0,0.017000739,0.76024395,0.28185007,47.909637,8.579325675964355,0.5365987504064299
2023-08-30,Angela_DER_AY470_eobs_4001__2023__southbound_01,Angela / DER AY470 (eobs 4001),42.167862,3.0369475,42.300247,3.0543725,42.173008,3.022739218647361,14.3860571798256,14.790453,0,0.031288,0.76024395,1.300966,42.167862,3.03694748878479,14.790327861718424
2023-08-30,Louis_DER_AU050_eobs_3264__2023__southbound_01,Louis / DER AU050 (eobs 3264),47.90744,8.572916,47.91252,8.577267,47.90508,8.571064656614178,0.9479248337807701,0.65132797,0,0.017622557,0.76024395,0.29595503,47.90744,8.572916030883789,0.6514437375142811
2023-08-31,Angela_DER_AY470_eobs_4001__2023__southbound_01,Angela / DER AY470 (eobs 4001),42.300247,3.0543725,42.300365,3.0540035,42.305546,3.0370666149048797,1.507289668226228,0.03299248,0,0.04911378,0.76024395,1.5377725,42.300247,3.054372549057007,0.03307939855037094
2023-08-31,Louis_DER_AU050_eobs_3264__2023__southbound_01,Louis / DER AU050 (eobs 3264),47.91252,8.577267,47.914204,8.570409,47.909946,8.574721555895966,0.5721946232235633,0.54431605,0,0.017397702,0.76024395,0.34280965,47.91252,8.577266693115234,0.5442656015235015
2023-09-01,Angela_DER_AY470_eobs_4001__2023__southbound_01,Angela / DER AY470 (eobs 4001),42.300365,3.0540035,42.30037,3.053391,42.304943,3.035317426244919,1.5709698093233242,0.050371144,0,0.09567717,0.76024395,1.6161149,42.300365,3.0540034770965576,0.05037531748306635
2023-09-01,Louis_DER_AU050_eobs_3264__2023__southbound_01,Louis / DER AU050 (eobs 3264),47.914204,8.570409,47.91531,8.574231,47.91149,8.567266175764122,0.6706271138565725,0.31037185,0,0.024143249,0.76024395,0.38129163,47.914204,8.570408821105957,0.3102908160189559
2023-09-02,Angela_DER_AY470_eobs_4001__2023__southbound_01,Angela / DER AY470 (eobs 4001),42.30037,3.053391,42.3002,3.0543666,42.303585,3.040061406635515,1.2351689370857566,0.08234078,0,0.054286763,0.76024395,1.151027,42.30037,3.0533909797668457,0.08237903240670046
2023-09-02,Louis_DER_AU050_eobs_3264__2023__southbound_01,Louis / DER AU050 (eobs 3264),47.91531,8.574231,47.915257,8.57293,47.91227,8.570804685753128,0.36797723279472094,0.09712608,0,0.016443232,0.76024395,0.42309022,47.91531,8.574231147766113,0.09712618276047491
2023-09-03,Angela_DER_AY470_eobs_4001__2023__southbound_01,Angela / DER AY470 (eobs 4001),42.3002,3.0543666,42.113182,2.7939646,42.30472,3.046283142979944,29.757110398699485,29.874352,0,0.027165849,0.76024395,0.83204794,42.3002,3.0543665885925293,29.8743149674234
2023-09-03,Louis_DER_AU050_eobs_3264__2023__southbound_01,Louis / DER AU050 (eobs 3264),47.915257,8.57293,47.917305,8.580011,47.91219,8.569431524327102,0.9722453145368577,0.57483435,0,0.026287595,0.76024395,0.42851657,47.915257,8.572930335998535,0.5747733829534932
2023-09-04,Angela_DER_AY470_eobs_4001__2023__southbound_01,Angela / DER AY470 (eobs 4001),42.113182,2.7939646,42.09134,2.7486808,41.909832,2.4371632255883964,32.71047242866685,4.455991,0,0.94167155,0.76024395,37.04947,41.909832,2.4371632255883964,32.71047242866685
2023-09-04,Louis_DER_AU050_eobs_3264__2023__southbound_01,Louis / DER AU050 (eobs 3264),47.917305,8.580011,47.91703,8.572701,47.91416,8.57701143805352,0.45268154284750817,0.5456462,0,0.012030605,0.76024395,0.4141467,47.917305,8.580011367797852,0.5456151672953644
2023-09-05,Angela_DER_AY470_eobs_4001__2023__southbound_01,Angela / DER AY470 (eobs 4001),42.09134,2.7486808,41.621765,-0.8071791,42.078453,2.699434032470213,294.8306081474232,299.0661,1,0.5218894,0.76024395,4.301231,42.09134,2.748680830001831,299.06606748331996
2023-09-05,Louis_DER_AU050_eobs_3264__2023__southbound_01,Louis / DER AU050 (eobs 3264),47.91703,8.572701,47.91658,8.57287,47.914227,8.570015095424846,0.33730140759448396,0.051414188,0,0.01874548,0.76024395,0.36968964,47.91703,8.572701454162598,0.05160932588713775
2023-09-06,Angela_DER_AY470_eobs_4001__2023__southbound_01,Angela / DER AY470 (eobs 4001),41.621765,-0.8071791,41.3561,-1.2563629,41.250984,-1.1399832961694751,15.202623159882974,47.670643,1,0.950836,0.76024395,49.56302,41.250984,-1.1399832961694751,15.202623159882974
2023-09-06,Louis_DER_AU050_eobs_3264__2023__southbound_01,Louis / DER AU050 (eobs 3264),47.91658,8.57287,47.92391,8.572406,47.913666,8.570107266226433,1.151720264089287,0.81573623,0,0.025125207,0.76024395,0.3834134,47.91658,8.572870254516602,0.8155759386638564
2023-09-07,Angela_DER_AY470_eobs_4001__2023__southbound_01,Angela / DER AY470 (eobs 4001),41.3561,-1.2563629,39.90985,-3.22335,41.215317,-1.4598465610247082,207.99128868644476,231.09927,1,0.8940739,0.76024395,23.057238,41.215317,-1.4598465610247082,207.99128868644476
2023-09-07,Louis_DER_AU050_eobs_3264__2023__southbound_01,Louis / DER AU050 (eobs 3264),47.92391,8.572406,47.91136,8.564947,47.921104,8.569351671703359,1.1319812499666784,1.5019615,0,0.06374759,0.76024395,0.38530445,47.92391,8.572405815124512,1.5017661728419727
2023-09-08,Angela_DER_AY470_eobs_4001__2023__southbound_01,Angela / DER AY470 (eobs 4001),39.90985,-3.22335,39.43035,-3.2235072,39.348495,-3.7937048719371544,49.83927598355507,53.318287,1,0.969532,0.76024395,78.998856,39.348495,-3.7937048719371544,49.83927598355507
2023-09-08,Louis_DER_AU050_eobs_3264__2023__southbound_01,Louis / DER AU050 (eobs 3264),47.91136,8.564947,47.91132,8.561281,47.907024,8.56025628432248,0.4836923277820679,0.27327594,0,0.19198023,0.76024395,0.59447694,47.91136,8.564947128295898,0.2732677935777182
2023-09-09,Angela_DER_AY470_eobs_4001__2023__southbound_01,Angela / DER AY470 (eobs 4001),39.43035,-3.2235072,39.430233,-3.2235744,39.30317,-3.3274412585124264,16.71378267032953,0.014295343,0,0.8795297,0.76024395,16.69436,39.30317,-3.3274412585124264,16.71378267032953
2023-09-09,Louis_DER_AU050_eobs_3264__2023__southbound_01,Louis / DER AU050 (eobs 3264),47.91132,8.561281,47.92068,8.565792,47.89795,8.544186351973003,2.997063765141729,1.0937533,0,0.5953769,0.76024395,1.954629,47.91132,8.561281204223633,1.0938653848704827
2023-09-10,Angela_DER_AY470_eobs_4001__2023__southbound_01,Angela / DER AY470 (eobs 4001),39.430233,-3.2235744,39.092033,-3.5311222,39.40088,-3.246844786493745,42.17398124773513,45.99251,1,0.6688707,0.76024395,3.8205023,39.430233,-3.22357439994812,45.9925649826576
2023-09-10,Louis_DER_AU050_eobs_3264__2023__southbound_01,Louis / DER AU050 (eobs 3264),47.92068,8.565792,47.913177,8.558145,47.906693,8.54731753713868,1.0822199805257302,1.010417,0,0.63836503,0.76024395,2.073479,47.92068,8.565792083740234,1.0104236980252836
2023-09-11,Angela_DER_AY470_eobs_4001__2023__southbound_01,Angela / DER AY470 (eobs 4001),39.092033,-3.5311222,38.54824,-3.9606621,38.63975,-4.131116034338231,17.972006413374817,71.00029,1,0.9719982,0.76024395,72.05702,38.63975,-4.131116034338231,17.972006413374817
2023-09-11,Louis_DER_AU050_eobs_3264__2023__southbound_01,Louis / DER AU050 (eobs 3264),47.913177,8.558145,47.919415,8.578084,47.89648,8.536433451883365,4.017600295080959,1.639857,0,0.6801907,0.76024395,2.4583957,47.913177,8.558144569396973,1.6398515752293545
2023-09-12,Angela_DER_AY470_eobs_4001__2023__southbound_01,Angela / DER AY470 (eobs 4001),38.54824,-3.9606621,37.81514,-4.7447667,38.354527,-4.173506400677876,78.08298331949771,106.498344,1,0.9302005,0.76024395,28.350769,38.354527,-4.173506400677876,78.08298331949771
2023-09-12,Louis_DER_AU050_eobs_3264__2023__southbound_01,Louis / DER AU050 (eobs 3264),47.919415,8.578084,47.918007,8.574199,47.903984,8.557527959703098,1.993778618330215,0.32916656,0,0.6808109,0.76024395,2.2960262,47.919415,8.578083992004395,0.3291340376548682
2023-09-13,Angela_DER_AY470_eobs_4001__2023__southbound_01,Angela / DER AY470 (eobs 4001),37.81514,-4.7447667,37.81411,-4.7478037,37.53689,-5.00415214466659,38.19973850419153,0.29016957,0,0.94406176,0.76024395,38.357536,37.53689,-5.00415214466659,38.19973850419153
2023-09-13,Louis_DER_AU050_eobs_3264__2023__southbound_01,Louis / DER AU050 (eobs 3264),47.918007,8.574199,47.917664,8.567795,47.896126,8.543523875518389,3.0014008202661002,0.4787206,0,0.7421393,0.76024395,3.332668,47.918007,8.574198722839355,0.47876054568572096
2023-09-14,Angela_DER_AY470_eobs_4001__2023__southbound_01,Angela / DER AY470 (eobs 4001),37.81411,-4.7478037,37.391205,-5.334648,37.80925,-4.754133647103212,69.11092727336927,69.88604,1,0.3248999,0.76024395,0.7740567,37.81411,-4.747803688049316,69.8858170511206
2023-09-14,Louis_DER_AU050_eobs_3264__2023__southbound_01,Louis / DER AU050 (eobs 3264),47.917664,8.567795,47.637096,8.036494,47.89499,8.535946259916095,47.07236992303143,50.492165,1,0.7500839,0.76024395,3.456698,47.917664,8.567794799804688,50.49217120723164
2023-09-15,Angela_DER_AY470_eobs_4001__2023__southbound_01,Angela / DER AY470 (eobs 4001),37.391205,-5.334648,36.610325,-6.118923,37.219208,-5.510477350580769,86.65980342128192,111.309654,1,0.9105876,0.76024395,24.595636,37.219208,-5.510477350580769,86.65980342128192
2023-09-15,Louis_DER_AU050_eobs_3264__2023__southbound_01,Louis / DER AU050 (eobs 3264),47.637096,8.036494,46.49455,5.2768235,47.057896,7.41123854683069,174.18542505695268,244.58044,1,0.97338563,0.76024395,79.500755,47.057896,7.41123854683069,174.18542505695268
2023-09-16,Angela_DER_AY470_eobs_4001__2023__southbound_01,Angela / DER AY470 (eobs 4001),36.610325,-6.118923,36.608746,-6.12548,36.496338,-6.15952413644141,12.863782955847938,0.6109697,0,0.83699983,0.76024395,13.159646,36.496338,-6.15952413644141,12.863782955847938
2023-09-16,Louis_DER_AU050_eobs_3264__2023__southbound_01,Louis / DER AU050 (eobs 3264),46.49455,5.2768235,46.072567,5.1616254,45.45432,4.627735274470005,80.25683162113232,47.749935,1,0.9805084,0.76024395,125.66793,45.45432,4.627735274470005,80.25683162113232
2023-09-17,Angela_DER_AY470_eobs_4001__2023__southbound_01,Angela / DER AY470 (eobs 4001),36.608746,-6.12548,36.583847,-6.1236563,36.573647,-6.131867304015274,1.3505880780547295,2.7734523,0,0.5244371,0.76024395,3.9373755,36.608746,-6.1254801750183105,2.7733778700121627
2023-09-17,Louis_DER_AU050_eobs_3264__2023__southbound_01,Louis / DER AU050 (eobs 3264),46.072567,5.1616254,46.095245,5.131583,45.765026,4.927737628965128,39.96014267573402,3.4246023,0,0.93370235,0.76024395,38.59703,45.765026,4.927737628965128,39.96014267573402
2023-09-18,Angela_DER_AY470_eobs_4001__2023__southbound_01,Angela / DER AY470 (eobs 4001),36.583847,-6.1236563,36.60852,-6.1237483,36.559635,-6.11861413752055,5.455105549567782,2.743373,0,0.40060377,0.76024395,2.724912,36.583847,-6.123656272888184,2.7435798786118033
2023-09-18,Louis_DER_AU050_eobs_3264__2023__southbound_01,Louis / DER AU050 (eobs 3264),46.095245,5.131583,46.03966,5.0795336,45.896122,4.821701900000783,25.531145260607147,7.370623,0,0.9071954,0.76024395,32.51895,45.896122,4.821701900000783,25.531145260607147
2023-09-19,Angela_DER_AY470_eobs_4001__2023__southbound_01,Angela / DER AY470 (eobs 4001),36.60852,-6.1237483,36.610138,-6.125458,36.597637,-6.124898754443422,1.3909187172688653,0.23587508,0,0.10851454,0.76024395,1.2123023,36.60852,-6.123748302459717,0.23585603866911647
2023-09-19,Louis_DER_AU050_eobs_3264__2023__southbound_01,Louis / DER AU050 (eobs 3264),46.03966,5.0795336,43.734188,4.4630866,45.97277,4.949244614406995,251.8506213688451,260.91437,1,0.7661582,0.76024395,12.486525,45.97277,4.949244614406995,251.8506213688451
2023-09-20,Angela_DER_AY470_eobs_4001__2023__southbound_01,Angela / DER AY470 (eobs 4001),36.610138,-6.125458,36.608704,-6.1239758,36.604965,-6.138291537828131,1.3437612461504709,0.2072761,0,0.0929157,0.76024395,1.2795216,36.610138,-6.125457763671875,0.20720899497346823
2023-09-20,Louis_DER_AU050_eobs_3264__2023__southbound_01,Louis / DER AU050 (eobs 3264),43.734188,4.4630866,43.471405,3.576817,42.552578,3.2812794548812505,104.95654348753912,77.11294,1,0.98639214,0.76024395,161.82332,42.552578,3.2812794548812505,104.95654348753912
2023-09-21,Angela_DER_AY470_eobs_4001__2023__southbound_01,Angela / DER AY470 (eobs 4001),36.608704,-6.1239758,36.58682,-6.1266265,36.600254,-6.130646088494857,1.536441981873037,2.4448695,0,0.054432977,0.76024395,1.1103154,36.608704,-6.12397575378418,2.4449735998793174
2023-09-21,Louis_DER_AU050_eobs_3264__2023__southbound_01,Louis / DER AU050 (eobs 3264),43.471405,3.576817,42.773163,2.9754596,43.41508,3.498326099868048,83.04976821270282,91.706856,1,0.76419026,0.76024395,8.89179,43.41508,3.498326099868048,83.04976821270282
2023-09-22,Angela_DER_AY470_eobs_4001__2023__southbound_01,Angela / DER AY470 (eobs 4001),36.58682,-6.1266265,36.581722,-6.127202,36.576046,-6.127383681358197,0.6313816232272031,0.5687394,0,0.067432426,0.76024395,1.1978214,36.58682,-6.126626491546631,0.5690237812769291
2023-09-22,Louis_DER_AU050_eobs_3264__2023__southbound_01,Louis / DER AU050 (eobs 3264),42.773163,2.9754596,41.927773,2.2787344,41.94695,1.8772968854087642,33.27340989102685,110.06592,1,0.98018974,0.76024395,128.12836,41.94695,1.8772968854087642,33.27340989102685
2023-09-23,Angela_DER_AY470_eobs_4001__2023__southbound_01,Angela / DER AY470 (eobs 4001),36.581722,-6.127202,36.608486,-6.124026,36.56672,-6.1228172838257535,4.64555160275535,2.9891481,0,0.12648408,0.76024395,1.7105726,36.581722,-6.127202033996582,2.989493972145126
2023-09-23,Louis_DER_AU050_eobs_3264__2023__southbound_01,Louis / DER AU050 (eobs 3264),41.927773,2.2787344,41.66765,0.9516398,41.523438,1.7726596609329204,70.13127938756655,113.74873,1,0.9578362,0.76024395,61.32665,41.523438,1.7726596609329204,70.13127938756655
2023-09-24,Angela_DER_AY470_eobs_4001__2023__southbound_01,Angela / DER AY470 (eobs 4001),36.608486,-6.124026,36.58293,-6.126055,36.59634,-6.122765544833664,1.5196224652619916,2.8470464,0,0.0454473,0.76024395,1.3529232,36.608486,-6.124025821685791,2.8473193500328153
2023-09-24,Louis_DER_AU050_eobs_3264__2023__southbound_01,Louis / DER AU050 (eobs 3264),41.66765,0.9516398,41.675026,0.9425638,41.323395,0.413210981745617,58.9258523535108,1.1140404,0,0.9568697,0.76024395,58.76583,41.323395,0.413210981745617,58.9258523535108
2023-09-25,Angela_DER_AY470_eobs_4001__2023__southbound_01,Angela / DER AY470 (eobs 4001),36.58293,-6.126055,36.582226,-6.1263785,36.572186,-6.1159839496057185,1.4518804216290886,0.08375912,0,0.05169659,0.76024395,1.4929645,36.58293,-6.126054763793945,0.08362827412631131
2023-09-25,Louis_DER_AU050_eobs_3264__2023__southbound_01,Louis / DER AU050 (eobs 3264),41.675026,0.9425638,41.65914,0.9395932,41.6713,0.9315419043194724,1.5082389668329237,1.7834089,0,0.16501246,0.76024395,1.0030581,41.675026,0.9425637722015381,1.7834195610339136
2023-09-26,Angela_DER_AY470_eobs_4001__2023__southbound_01,Angela / DER AY470 (eobs 4001),36.582226,-6.1263785,36.581684,-6.1270156,36.57237,-6.114542663117655,1.5210086516943688,0.08297333,0,0.05927609,0.76024395,1.5198345,36.582226,-6.126378536224365,0.08284715891157789
2023-09-26,Louis_DER_AU050_eobs_3264__2023__southbound_01,Louis / DER AU050 (eobs 3264),41.65914,0.9395932,41.6088,0.6089633,41.644226,0.9133754899721164,25.606728611393535,28.042213,0,0.38632274,0.76024395,2.7329404,41.65914,0.9395931959152222,28.042269556039187
2023-09-27,Angela_DER_AY470_eobs_4001__2023__southbound_01,Angela / DER AY470 (eobs 4001),36.581684,-6.1270156,36.573647,-6.1162515,36.575832,-6.117666642170709,0.27394286986657956,1.3123995,0,0.027595406,0.76024395,1.0565442,36.581684,-6.127015590667725,1.3124948663617846
2023-09-27,Louis_DER_AU050_eobs_3264__2023__southbound_01,Louis / DER AU050 (eobs 3264),41.6088,0.6089633,41.58569,0.6376085,41.494354,0.3881409317486183,23.113654239241303,3.5039062,0,0.90269524,0.76024395,22.29913,41.494354,0.3881409317486183,23.113654239241303
2023-09-29,Europa_DER_A1A26_eobs_4004__2023__southbound_01,Europa / DER A1A26 (eobs 4004),40.235786,-3.6370227,40.231537,-3.6364124,40.225636,-3.6584185087482535,1.9800932421787354,0.47555402,0,0.51925206,0.76024395,2.1345022,40.235786,-3.6370227336883545,0.4753635898590703
2023-09-30,Europa_DER_A1A26_eobs_4004__2023__southbound_01,Europa / DER A1A26 (eobs 4004),40.231537,-3.6364124,40.231194,-3.633216,40.21529,-3.6537413307036775,2.4827343082224336,0.27405384,0,0.5336179,0.76024395,2.3258078,40.231537,-3.6364123821258545,0.27402465538267934
2023-10-01,Europa_DER_A1A26_eobs_4004__2023__southbound_01,Europa / DER A1A26 (eobs 4004),40.231194,-3.633216,40.23124,-3.636884,40.22324,-3.6377199000575025,0.8923226666222192,0.31143627,0,0.2373028,0.76024395,0.961955,40.231194,-3.63321590423584,0.31142861451065396
2023-10-02,Europa_DER_A1A26_eobs_4004__2023__southbound_01,Europa / DER A1A26 (eobs 4004),40.23124,-3.636884,40.229904,-3.6338787,40.203537,-3.6732227609895087,4.444793741782475,0.29517215,0,0.73893565,0.76024395,4.351933,40.23124,-3.6368839740753174,0.2951756378882463
2023-10-03,Europa_DER_A1A26_eobs_4004__2023__southbound_01,Europa / DER A1A26 (eobs 4004),40.229904,-3.6338787,40.231808,-3.636237,40.21946,-3.641248368630557,1.4374642838712584,0.29134613,0,0.32791173,0.76024395,1.3167466,40.229904,-3.633878707885742,0.291338458085159
2023-10-04,Europa_DER_A1A26_eobs_4004__2023__southbound_01,Europa / DER A1A26 (eobs 4004),40.231808,-3.636237,40.22992,-3.6338613,40.204285,-3.6858396493195307,5.253898381579823,0.2911416,0,0.7571804,0.76024395,5.1963463,40.231808,-3.6362369060516357,0.2911296209517516
2023-10-05,Europa_DER_A1A26_eobs_4004__2023__southbound_01,Europa / DER A1A26 (eobs 4004),40.22992,-3.6338613,40.229546,-3.634122,40.20782,-3.659135591229806,3.2165496214435314,0.047213316,0,0.6387805,0.76024395,3.2564583,40.22992,-3.6338613033294678,0.047089281402623626
2023-10-06,Europa_DER_A1A26_eobs_4004__2023__southbound_01,Europa / DER A1A26 (eobs 4004),40.229546,-3.634122,40.23019,-3.6345153,40.209408,-3.655614902438558,2.9239834914106115,0.07918878,0,0.6052165,0.76024395,2.8835735,40.229546,-3.634121894836426,0.07908308345104302
2023-10-07,Europa_DER_A1A26_eobs_4004__2023__southbound_01,Europa / DER A1A26 (eobs 4004),40.23019,-3.6345153,40.23009,-3.6340768,40.222126,-3.6458136366834584,1.3331516143473832,0.038895417,0,0.3591528,0.76024395,1.3107111,40.23019,-3.6345152854919434,0.03882080588941516
2023-10-08,Europa_DER_A1A26_eobs_4004__2023__southbound_01,Europa / DER A1A26 (eobs 4004),40.23009,-3.6340768,40.23044,-3.6324368,40.222576,-3.640441916783111,1.1073157762824393,0.14459,0,0.26439777,0.76024395,0.99338114,40.23009,-3.6340768337249756,0.14448215365682238
2023-10-09,Europa_DER_A1A26_eobs_4004__2023__southbound_01,Europa / DER A1A26 (eobs 4004),40.23044,-3.6324368,40.230083,-3.634061,40.224026,-3.6361458416370085,0.6964546584004971,0.14342768,0,0.13953885,0.76024395,0.77801794,40.23044,-3.632436752319336,0.1434263348657356
2023-10-10,Europa_DER_A1A26_eobs_4004__2023__southbound_01,Europa / DER A1A26 (eobs 4004),40.230083,-3.634061,40.230698,-3.6332803,40.207367,-3.6595351287540527,3.420459213606496,0.09496779,0,0.5846291,0.76024395,3.3194964,40.230083,-3.634061098098755,0.09517154322230856
2023-10-11,Europa_DER_A1A26_eobs_4004__2023__southbound_01,Europa / DER A1A26 (eobs 4004),40.230698,-3.6332803,40.233276,-3.631,40.222504,-3.6422612692463874,1.532606806829717,0.34600002,0,0.22260928,0.76024395,1.1858381,40.230698,-3.6332802772521973,0.34596334805354884
2023-10-12,Europa_DER_A1A26_eobs_4004__2023__southbound_01,Europa / DER A1A26 (eobs 4004),40.233276,-3.631,40.232605,-3.6311505,40.2246,-3.6421749244769077,1.2914698229491,0.07584171,0,0.2531987,0.76024395,1.3504937,40.233276,-3.63100004196167,0.07573935460139085
2023-10-13,Europa_DER_A1A26_eobs_4004__2023__southbound_01,Europa / DER A1A26 (eobs 4004),40.232605,-3.6311505,40.235107,-3.6291127,40.21403,-3.650056960509579,2.9417958732511513,0.32765594,0,0.5582094,0.76024395,2.6111212,40.232605,-3.631150484085083,0.32764429236059345
2023-10-14,Europa_DER_A1A26_eobs_4004__2023__southbound_01,Europa / DER A1A26 (eobs 4004),40.235107,-3.6291127,40.232174,-3.631437,40.228443,-3.630897965297548,0.41736047217298855,0.3810643,0,0.07746235,0.76024395,0.7551803,40.235107,-3.629112720489502,0.38122372701446305
2023-10-15,Europa_DER_A1A26_eobs_4004__2023__southbound_01,Europa / DER A1A26 (eobs 4004),40.232174,-3.631437,40.23221,-3.6316261,40.208694,-3.6571831065855536,3.3977537824644344,0.016459355,0,0.6781198,0.76024395,3.399033,40.232174,-3.631437063217163,0.01649758663387566
2023-10-16,Europa_DER_A1A26_eobs_4004__2023__southbound_01,Europa / DER A1A26 (eobs 4004),40.23221,-3.6316261,40.234295,-3.630145,40.223923,-3.6382794954928004,1.3442673710042499,0.26391906,0,0.19351879,0.76024395,1.0786027,40.23221,-3.6316261291503906,0.26389753807562377
2023-10-17,Europa_DER_A1A26_eobs_4004__2023__southbound_01,Europa / DER A1A26 (eobs 4004),40.234295,-3.630145,40.366688,-3.6455913,40.226276,-3.6338910552046166,15.64455488087082,14.779834,0,0.15057354,0.76024395,0.9449703,40.234295,-3.6301450729370117,14.779599489227081
2023-10-18,Europa_DER_A1A26_eobs_4004__2023__southbound_01,Europa / DER A1A26 (eobs 4004),40.366688,-3.6455913,40.23544,-3.629885,40.35901,-3.6396075006553805,13.765037578313766,14.654952,0,0.083706364,0.76024395,0.9911248,40.366688,-3.6455912590026855,14.654839348958934
2023-10-19,Europa_DER_A1A26_eobs_4004__2023__southbound_01,Europa / DER A1A26 (eobs 4004),40.23544,-3.629885,40.23701,-3.6436038,40.212997,-3.6187742634719244,3.401994789988945,1.1775441,0,0.43752977,0.76024395,2.6630774,40.23544,-3.629884958267212,1.1775637143554964
2023-10-20,Europa_DER_A1A26_eobs_4004__2023__southbound_01,Europa / DER A1A26 (eobs 4004),40.23701,-3.6436038,40.234486,-3.6300447,40.225784,-3.6355621065465393,1.0749552440754504,1.1847403,0,0.123971455,0.76024395,1.4203148,40.23701,-3.643603801727295,1.1847311083261827
2023-10-21,Europa_DER_A1A26_eobs_4004__2023__southbound_01,Europa / DER A1A26 (eobs 4004),40.234486,-3.6300447,40.232517,-3.6314876,40.22145,-3.624189620127406,1.3777097598467185,0.25079837,0,0.14780591,0.76024395,1.5296319,40.234486,-3.63004469871521,0.25081659399382356
2023-10-22,Europa_DER_A1A26_eobs_4004__2023__southbound_01,Europa / DER A1A26 (eobs 4004),40.232517,-3.6314876,40.159996,-3.5694537,40.217144,-3.633247215146801,8.351363846048626,9.6327505,0,0.23063071,0.76024395,1.7128303,40.232517,-3.6314876079559326,9.63269998942431
2023-10-23,Europa_DER_A1A26_eobs_4004__2023__southbound_01,Europa / DER A1A26 (eobs 4004),40.159996,-3.5694537,40.159676,-3.5727563,40.157166,-3.556575334374642,1.4031366127245661,0.2829262,0,0.08640689,0.76024395,1.1367562,40.159996,-3.569453716278076,0.282907626683493
2023-10-24,Europa_DER_A1A26_eobs_4004__2023__southbound_01,Europa / DER A1A26 (eobs 4004),40.159676,-3.5727563,40.159527,-3.563257,40.153305,-3.58452516402017,1.9353542327755284,0.8074395,0,0.1377151,0.76024395,1.223498,40.159676,-3.572756290435791,0.8074299503825503
2023-10-25,Europa_DER_A1A26_eobs_4004__2023__southbound_01,Europa / DER A1A26 (eobs 4004),40.159527,-3.563257,40.294266,-3.63184,40.155838,-3.553006467563137,16.784611168266416,16.07368,0,0.038271002,0.76024395,0.96109664,40.159527,-3.5632569789886475,16.07390930833659
2023-10-26,Europa_DER_A1A26_eobs_4004__2023__southbound_01,Europa / DER A1A26 (eobs 4004),40.294266,-3.63184,40.294125,-3.631803,40.28666,-3.641618396070796,1.1756519844274056,0.01579157,0,0.07047802,0.76024395,1.1823442,40.294266,-3.6318399906158447,0.016004392586080423
2023-10-27,Europa_DER_A1A26_eobs_4004__2023__southbound_01,Europa / DER A1A26 (eobs 4004),40.294125,-3.631803,40.29405,-3.6313908,40.28136,-3.6312509280696363,1.4108578314463938,0.036060162,0,0.11870867,0.76024395,1.4176286,40.294125,-3.631803035736084,0.0359763922039117
2023-10-28,Europa_DER_A1A26_eobs_4004__2023__southbound_01,Europa / DER A1A26 (eobs 4004),40.29405,-3.6313908,40.294094,-3.6313875,40.284874,-3.6243813821289614,1.185000818326689,0.0052447612,0,0.055088148,0.76024395,1.1785779,40.29405,-3.6313908100128174,0.005097972981183336
2023-10-29,Europa_DER_A1A26_eobs_4004__2023__southbound_01,Europa / DER A1A26 (eobs 4004),40.294094,-3.6313875,40.293938,-3.6303704,40.289856,-3.6432484970378303,1.1828045451998066,0.08797644,0,0.04624118,0.76024395,1.1088467,40.294094,-3.63138747215271,0.08799787816301013
2023-10-30,Europa_DER_A1A26_eobs_4004__2023__southbound_01,Europa / DER A1A26 (eobs 4004),40.293938,-3.6303704,40.294025,-3.6306791,40.28431,-3.6311183398236686,1.0810172560225615,0.02798572,0,0.036490757,0.76024395,1.0704939,40.293938,-3.6303703784942627,0.027944390976647387
2023-10-31,Europa_DER_A1A26_eobs_4004__2023__southbound_01,Europa / DER A1A26 (eobs 4004),40.294025,-3.6306791,40.233955,-3.6288927,40.2936,-3.646651414119933,6.8010134843279895,6.68133,0,0.15467586,0.76024395,1.3531106,40.294025,-3.630679130554199,6.681212435616942
2023-11-01,Europa_DER_A1A26_eobs_4004__2023__southbound_01,Europa / DER A1A26 (eobs 4004),40.233955,-3.6288927,40.294243,-3.630768,40.23147,-3.6485798959398683,7.141979418912631,6.7054505,0,0.2681377,0.76024395,1.6909521,40.233955,-3.628892660140991,6.705559058582647
2023-11-02,Europa_DER_A1A26_eobs_4004__2023__southbound_01,Europa / DER A1A26 (eobs 4004),40.294243,-3.630768,40.294476,-3.630686,40.296185,-3.642401365745281,1.0115952439921938,0.02674193,0,0.040204946,0.76024395,1.0082562,40.294243,-3.630768060684204,0.026793390201652945
2023-11-03,Europa_DER_A1A26_eobs_4004__2023__southbound_01,Europa / DER A1A26 (eobs 4004),40.294476,-3.630686,40.294044,-3.6306248,40.29407,-3.6437366427644924,1.1120535866858337,0.048162032,0,0.0724797,0.76024395,1.1058214,40.294476,-3.630686044692993,0.0482127303791936
2023-11-04,Europa_DER_A1A26_eobs_4004__2023__southbound_01,Europa / DER A1A26 (eobs 4004),40.294044,-3.6306248,40.294518,-3.6306653,40.28473,-3.640379124905555,1.365105223570885,0.052774444,0,0.09350055,0.76024395,1.3233925,40.294044,-3.630624771118164,0.05270998106952697
2023-11-05,Europa_DER_A1A26_eobs_4004__2023__southbound_01,Europa / DER A1A26 (eobs 4004),40.294518,-3.6306653,40.29401,-3.6303928,40.288986,-3.6417081449821707,1.1104676680455785,0.06105275,0,0.052796453,0.76024395,1.118495,40.294518,-3.6306653022766113,0.060966166262309905
2023-11-06,Europa_DER_A1A26_eobs_4004__2023__southbound_01,Europa / DER A1A26 (eobs 4004),40.29401,-3.6303928,40.294495,-3.630813,40.284126,-3.6443854313798605,1.6292527889972386,0.064784974,0,0.15693127,0.76024395,1.6146457,40.29401,-3.6303927898406982,0.06458667072491003
2023-11-07,Europa_DER_A1A26_eobs_4004__2023__southbound_01,Europa / DER A1A26 (eobs 4004),40.294495,-3.630813,40.294518,-3.6308484,40.29487,-3.6456044335657887,1.252090845260156,0.003922406,0,0.11359873,0.76024395,1.2529798,40.294495,-3.630812883377075,0.0039439561187256155
2023-11-08,Europa_DER_A1A26_eobs_4004__2023__southbound_01,Europa / DER A1A26 (eobs 4004),40.294518,-3.6308484,40.29398,-3.63043,40.295883,-3.645677982943279,1.3104105356707394,0.069742784,0,0.15876707,0.76024395,1.2646445,40.294518,-3.6308484077453613,0.06954459156571913
2023-11-09,Europa_DER_A1A26_eobs_4004__2023__southbound_01,Europa / DER A1A26 (eobs 4004),40.29398,-3.63043,40.230637,-3.632524,40.29514,-3.6441794525355817,7.2402477110361065,7.045593,0,0.08339714,0.76024395,1.1711987,40.29398,-3.630429983139038,7.045676145910181
2023-11-10,Europa_DER_A1A26_eobs_4004__2023__southbound_01,Europa / DER A1A26 (eobs 4004),40.230637,-3.632524,40.29462,-3.6304753,40.22449,-3.6469540410497454,7.922422219525689,7.1168957,0,0.13858493,0.76024395,1.4001468,40.230637,-3.632524013519287,7.116820256588532
2023-11-11,Europa_DER_A1A26_eobs_4004__2023__southbound_01,Europa / DER A1A26 (eobs 4004),40.29462,-3.6304753,40.15533,-3.5734997,40.297726,-3.6425117270232374,16.882850325745526,16.226252,0,0.048302952,0.76024395,1.0757976,40.29462,-3.6304752826690674,16.226124426463898
2023-11-12,Europa_DER_A1A26_eobs_4004__2023__southbound_01,Europa / DER A1A26 (eobs 4004),40.15533,-3.5734997,40.230537,-3.632368,40.14141,-3.5635961023938125,11.50418017487767,9.743647,0,0.19599846,0.76024395,1.7587073,40.15533,-3.5734996795654297,9.743499629222711
