target_date,path_id,source_bird_id,current_lat,current_lon,target_lat,target_lon,pred_lat,pred_lon,error_km,target_step_km,true_fly_label,pred_delta_lat,pred_delta_lon
2021-09-30,Rosalie_DER_A2M38_e-obs_6993__2021__southbound_01,Rosalie / DER A2M38 (e-obs 6993),41.657833,0.94636536,41.544044,0.616429,41.629208,0.90642136,25.910742711301285,30.211464,1,-0.028627232,-0.039944008
2021-09-30,Rudolph_plus_A3M22_e-obs_8046__2021__southbound_01,"Rudolph + (A3M22, e-obs 8046)",39.88245,-4.175032,39.857628,-4.1656337,39.841614,-4.172128,1.8650033404997441,2.874314,0,-0.040838227,0.0029037148
2021-09-30,Sierit_DER_AN858_eobs2561__2021__southbound_01,Sierit  / DER AN858 (eobs2561),41.54015,0.6144209,41.573586,0.5687904,41.52274,0.63470083,7.877217032265277,5.313787,0,-0.01741121,0.020279922
2021-10-01,Bembo_Sparky_DER_AU891_eobs_3042__2021__southbound_01,Bembo Sparky / DER AU891 (eobs 3042),40.310146,-3.6070223,40.309437,-3.6072247,40.26661,-3.6026666,4.7778869199863125,0.08089194,0,-0.04353804,0.004355617
2021-10-01,Ed_plus_AAL16_e-obs_7210__2021__southbound_01,"Ed + (AAL16, e-obs 7210)",39.882698,-4.1751933,39.882725,-4.174737,39.820107,-4.2490067,9.416881875693766,0.039080337,0,-0.06259007,-0.073813364
2021-10-01,Europa_DER_A1A26_eobs_4004__2021__southbound_01,Europa / DER A1A26 (eobs 4004),41.474003,-1.0980037,40.562016,-3.2691195,41.183147,-1.5115385,163.11961107382845,208.46672,1,-0.29085445,-0.41353482
2021-10-01,Loriana_plus_A3M19_e-obs_7990__2021__southbound_01,"Loriana + (A3M19, e-obs 7990)",41.617992,0.5955931,41.610233,0.5074309,41.574375,0.6019968,8.817269529358692,7.379848,0,-0.043618623,0.006403655
2021-10-01,Louis_DER_AU050_eobs_3264__2021__southbound_01,Louis / DER AU050 (eobs 3264),41.66376,0.951669,41.6638,0.9497386,41.674026,0.95798296,1.3274799177424197,0.16041209,0,0.010266811,0.006313972
2021-10-01,Rosalie_DER_A2M38_e-obs_6993__2021__southbound_01,Rosalie / DER A2M38 (e-obs 6993),41.544044,0.616429,41.613194,0.6154489,41.40919,0.45562947,26.299340006188544,7.6895165,0,-0.13485207,-0.16079949
2021-10-01,Rudolph_plus_A3M22_e-obs_8046__2021__southbound_01,"Rudolph + (A3M22, e-obs 8046)",39.857628,-4.1656337,39.882603,-4.174723,39.80446,-4.186028,8.742674343749787,2.8831162,0,-0.053168617,-0.020394519
2021-10-01,Sierit_DER_AN858_eobs2561__2021__southbound_01,Sierit  / DER AN858 (eobs2561),41.573586,0.5687904,41.57358,0.6138474,41.56778,0.5671749,3.9358848503531596,3.748089,0,-0.0058074296,-0.0016154945
2021-10-02,Bembo_Sparky_DER_AU891_eobs_3042__2021__southbound_01,Bembo Sparky / DER AU891 (eobs 3042),40.309437,-3.6072247,40.31568,-3.6216438,40.269123,-3.615316,5.20480746801483,1.4059737,0,-0.040313594,-0.008091107
2021-10-02,Ed_plus_AAL16_e-obs_7210__2021__southbound_01,"Ed + (AAL16, e-obs 7210)",39.882725,-4.174737,39.85636,-4.1747885,39.869152,-4.162119,1.7866655688760231,2.9315338,0,-0.013572127,0.012617998
2021-10-02,Europa_DER_A1A26_eobs_4004__2021__southbound_01,Europa / DER A1A26 (eobs 4004),40.562016,-3.2691195,40.32193,-3.5891702,39.95972,-4.105182,59.549239579869976,38.03003,1,-0.60229456,-0.8360627
2021-10-02,Loriana_plus_A3M19_e-obs_7990__2021__southbound_01,"Loriana + (A3M19, e-obs 7990)",41.610233,0.5074309,41.64675,-0.48617506,41.534565,0.40783468,75.38787058137456,82.68262,1,-0.07566941,-0.099596225
2021-10-02,Louis_DER_AU050_eobs_3264__2021__southbound_01,Louis / DER AU050 (eobs 3264),41.6638,0.9497386,41.663574,0.94869316,41.61534,0.8585091,9.215745399941897,0.09044265,0,-0.04845911,-0.09122951
2021-10-02,Rosalie_DER_A2M38_e-obs_6993__2021__southbound_01,Rosalie / DER A2M38 (e-obs 6993),41.613194,0.6154489,41.539192,0.6152702,41.608658,0.6158526,7.724389031064225,8.2286,0,-0.004537359,0.00040367246
2021-10-02,Rudolph_plus_A3M22_e-obs_8046__2021__southbound_01,"Rudolph + (A3M22, e-obs 8046)",39.882603,-4.174723,39.870815,-4.1759925,39.875896,-4.1668544,0.9629956559421627,1.314853,0,-0.00670515,0.0078689605
2021-10-02,Sierit_DER_AN858_eobs2561__2021__southbound_01,Sierit  / DER AN858 (eobs2561),41.57358,0.6138474,41.55734,0.6142457,41.568314,0.6320491,1.9191927169055458,1.8064123,0,-0.005266346,0.018201731
2021-10-03,Bembo_Sparky_DER_AU891_eobs_3042__2021__southbound_01,Bembo Sparky / DER AU891 (eobs 3042),40.31568,-3.6216438,40.310085,-3.6084979,40.296272,-3.6318736,2.5077021473228442,1.2765199,0,-0.019410603,-0.010229759
2021-10-03,Ed_plus_AAL16_e-obs_7210__2021__southbound_01,"Ed + (AAL16, e-obs 7210)",39.85636,-4.1747885,39.852436,-4.2449136,39.808155,-4.2029347,6.090465805826544,6.0018835,0,-0.04820498,-0.028146312
2021-10-03,Europa_DER_A1A26_eobs_4004__2021__southbound_01,Europa / DER A1A26 (eobs 4004),40.32193,-3.5891702,40.322205,-3.5869176,40.014618,-4.0318055,50.97812549898613,0.1934125,0,-0.30731094,-0.44263524
2021-10-03,Loriana_plus_A3M19_e-obs_7990__2021__southbound_01,"Loriana + (A3M19, e-obs 7990)",41.64675,-0.48617506,41.62562,-0.8410521,41.407864,-0.8417305,24.213704023242006,29.585424,1,-0.23888707,-0.35555542
2021-10-03,Louis_DER_AU050_eobs_3264__2021__southbound_01,Louis / DER AU050 (eobs 3264),41.663574,0.94869316,41.667892,0.95159733,41.602863,0.84260494,11.590162725513991,0.53731364,0,-0.060711585,-0.106088206
2021-10-03,Rosalie_DER_A2M38_e-obs_6993__2021__southbound_01,Rosalie / DER A2M38 (e-obs 6993),41.539192,0.6152702,41.538757,0.6150848,41.484516,0.58174264,6.639634218400616,0.05081397,0,-0.05467461,-0.033527546
2021-10-03,Rudolph_plus_A3M22_e-obs_8046__2021__southbound_01,"Rudolph + (A3M22, e-obs 8046)",39.870815,-4.1759925,39.85651,-4.1911993,39.842594,-4.1763744,1.9990197494023383,2.0531998,0,-0.028221719,-0.00038181245
2021-10-03,Sierit_DER_AN858_eobs2561__2021__southbound_01,Sierit  / DER AN858 (eobs2561),41.55734,0.6142457,41.540375,0.6144741,41.52447,0.5943322,2.43682586304366,1.8865314,0,-0.032865636,-0.019913502
2021-10-04,Bembo_Sparky_DER_AU891_eobs_3042__2021__southbound_01,Bembo Sparky / DER AU891 (eobs 3042),40.310085,-3.6084979,40.31566,-3.6224396,40.293545,-3.571837,4.945670702462673,1.3346616,0,-0.016539283,0.036660813
2021-10-04,Ed_plus_AAL16_e-obs_7210__2021__southbound_01,"Ed + (AAL16, e-obs 7210)",39.852436,-4.2449136,39.856407,-4.214764,39.83066,-4.265572,5.1972490563475295,2.6111681,0,-0.021775186,-0.020658448
2021-10-04,Europa_DER_A1A26_eobs_4004__2021__southbound_01,Europa / DER A1A26 (eobs 4004),40.322205,-3.5869176,40.29139,-3.633558,40.325268,-3.566755,6.802787348681132,5.232947,0,0.0030635372,0.02016256
2021-10-04,Loriana_plus_A3M19_e-obs_7990__2021__southbound_01,"Loriana + (A3M19, e-obs 7990)",41.62562,-0.8410521,41.63297,-0.82751584,41.57576,-0.908532,9.265135485783446,1.3905703,0,-0.0498631,-0.06747991
2021-10-04,Louis_DER_AU050_eobs_3264__2021__southbound_01,Louis / DER AU050 (eobs 3264),41.667892,0.95159733,41.65795,0.9512533,41.67747,0.95457923,2.1880176103056224,1.1054984,0,0.009577528,0.002981916
2021-10-04,Rosalie_DER_A2M38_e-obs_6993__2021__southbound_01,Rosalie / DER A2M38 (e-obs 6993),41.538757,0.6150848,41.538876,0.6147386,41.52161,0.61498797,1.919930855511132,0.031800803,0,-0.017147094,-9.6865e-05
2021-10-04,Rudolph_plus_A3M22_e-obs_8046__2021__southbound_01,"Rudolph + (A3M22, e-obs 8046)",39.85651,-4.1911993,39.85635,-4.2488356,39.836693,-4.189419,5.523393829688538,4.9198294,0,-0.019815914,0.0017803162
2021-10-04,Sierit_DER_AN858_eobs2561__2021__southbound_01,Sierit  / DER AN858 (eobs2561),41.540375,0.6144741,41.53859,0.6149485,41.52303,0.6100133,1.7783133242665068,0.20239419,0,-0.017344922,-0.0044608116
2021-10-05,Bembo_Sparky_DER_AU891_eobs_3042__2021__southbound_01,Bembo Sparky / DER AU891 (eobs 3042),40.31566,-3.6224396,40.315483,-3.624116,40.299664,-3.6183193,1.8264395379365215,0.14345887,0,-0.01599519,0.0041204244
2021-10-05,Ed_plus_AAL16_e-obs_7210__2021__southbound_01,"Ed + (AAL16, e-obs 7210)",39.856407,-4.214764,39.849773,-4.247153,39.845764,-4.184085,5.402531271401476,2.8614767,0,-0.01064451,0.030679144
2021-10-05,Elfie_plus_DER_AU860_eobs_4408__2021__southbound_01,Elfie + / DER AU860 (eobs 4408),43.60408,4.394494,43.675533,4.434377,43.58267,4.3719926,11.482154685820426,8.569085,0,-0.021411851,-0.022501603
2021-10-05,Europa_DER_A1A26_eobs_4004__2021__southbound_01,Europa / DER A1A26 (eobs 4004),40.29139,-3.633558,40.262356,-3.6339383,40.123535,-3.8535185,24.21018734873471,3.2283156,0,-0.16785493,-0.21996051
2021-10-05,Loriana_plus_A3M19_e-obs_7990__2021__southbound_01,"Loriana + (A3M19, e-obs 7990)",41.63297,-0.82751584,41.625793,-0.83063036,41.62842,-0.8072666,1.9637845339227822,0.83902687,0,-0.004548557,0.020249255
2021-10-05,Louis_DER_AU050_eobs_3264__2021__southbound_01,Louis / DER AU050 (eobs 3264),41.65795,0.9512533,41.665646,0.9430285,41.64228,0.94094443,2.603838732774064,1.0949353,0,-0.015672587,-0.010308832
2021-10-05,Rosalie_DER_A2M38_e-obs_6993__2021__southbound_01,Rosalie / DER A2M38 (e-obs 6993),41.538876,0.6147386,41.538948,0.61305624,41.529263,0.60898155,1.1291239423930035,0.14025377,0,-0.009613104,-0.0057570487
2021-10-05,Rudolph_plus_A3M22_e-obs_8046__2021__southbound_01,"Rudolph + (A3M22, e-obs 8046)",39.85635,-4.2488356,39.856316,-4.202183,39.82313,-4.2758408,7.291492708121986,3.9822788,0,-0.033218764,-0.02700542
2021-10-05,Sierit_DER_AN858_eobs2561__2021__southbound_01,Sierit  / DER AN858 (eobs2561),41.53859,0.6149485,41.53868,0.614892,41.5195,0.6206385,2.185741217633216,0.011339907,0,-0.01908864,0.0056899935
2021-10-06,Bembo_Sparky_DER_AU891_eobs_3042__2021__southbound_01,Bembo Sparky / DER AU891 (eobs 3042),40.315483,-3.624116,40.315735,-3.619188,40.28713,-3.6323638,3.3714290226134898,0.41875878,0,-0.0283532,-0.008247837
2021-10-06,Ed_plus_AAL16_e-obs_7210__2021__southbound_01,"Ed + (AAL16, e-obs 7210)",39.849773,-4.247153,39.85635,-4.17749,39.79991,-4.295292,11.856629943792958,5.9914484,0,-0.04986163,-0.0481389
2021-10-06,Elfie_plus_DER_AU860_eobs_4408__2021__southbound_01,Elfie + / DER AU860 (eobs 4408),43.675533,4.434377,43.72881,4.459847,43.683037,4.4428844,5.269152947619458,6.2679586,0,0.0075032637,0.008507341
2021-10-06,Europa_DER_A1A26_eobs_4004__2021__southbound_01,Europa / DER A1A26 (eobs 4004),40.262356,-3.6339383,40.261543,-3.634287,40.188473,-3.6898599,9.39559306935412,0.095216915,0,-0.07388229,-0.055921454
2021-10-06,Loriana_plus_A3M19_e-obs_7990__2021__southbound_01,"Loriana + (A3M19, e-obs 7990)",41.625793,-0.83063036,41.6259,-0.8312722,41.572285,-0.87119055,6.823545655737415,0.054675788,0,-0.0535082,-0.04056018
2021-10-06,Louis_DER_AU050_eobs_3264__2021__southbound_01,Louis / DER AU050 (eobs 3264),41.665646,0.9430285,41.657867,0.951539,41.668556,0.93864566,1.5999281904279234,1.1172156,0,0.0029096827,-0.0043828636
2021-10-06,Rosalie_DER_A2M38_e-obs_6993__2021__southbound_01,Rosalie / DER A2M38 (e-obs 6993),41.538948,0.61305624,41.564163,0.6139898,41.50867,0.58258265,6.701377964475286,2.8045764,0,-0.03027574,-0.030473612
2021-10-06,Sierit_DER_AN858_eobs2561__2021__southbound_01,Sierit  / DER AN858 (eobs2561),41.53868,0.614892,41.55732,0.55529314,41.535675,0.6239042,6.1963554921438035,5.375244,0,-0.003007114,0.009012245
2021-10-07,Bembo_Sparky_DER_AU891_eobs_3042__2021__southbound_01,Bembo Sparky / DER AU891 (eobs 3042),40.315735,-3.619188,40.329094,-3.6069417,40.294117,-3.586216,4.267861425044797,1.8121575,0,-0.021619782,0.03297206
2021-10-07,Ed_plus_AAL16_e-obs_7210__2021__southbound_01,"Ed + (AAL16, e-obs 7210)",39.85635,-4.17749,39.88213,-4.171537,39.834156,-4.157429,5.468660091558124,2.9113204,0,-0.022193626,0.020061128
2021-10-07,Elfie_plus_DER_AU860_eobs_4408__2021__southbound_01,Elfie + / DER AU860 (eobs 4408),43.72881,4.459847,43.653587,4.507316,43.736355,4.478619,9.488118381005195,9.19383,0,0.0075464398,0.018772177
2021-10-07,Europa_DER_A1A26_eobs_4004__2021__southbound_01,Europa / DER A1A26 (eobs 4004),40.261543,-3.634287,40.26184,-3.6346602,40.1573,-3.739141,14.623541812239182,0.045905188,0,-0.10424607,-0.10485383
2021-10-07,Loriana_plus_A3M19_e-obs_7990__2021__southbound_01,"Loriana + (A3M19, e-obs 7990)",41.6259,-0.8312722,41.62578,-0.820969,41.59739,-0.85638297,4.316611571726936,0.85649204,0,-0.028511085,-0.025110781
2021-10-07,Louis_DER_AU050_eobs_3264__2021__southbound_01,Louis / DER AU050 (eobs 3264),41.657867,0.951539,41.6631,0.95162827,41.6502,0.9686141,2.012294710611055,0.5821312,0,-0.007667765,0.017075129
2021-10-07,Rosalie_DER_A2M38_e-obs_6993__2021__southbound_01,Rosalie / DER A2M38 (e-obs 6993),41.564163,0.6139898,41.53877,0.61524594,41.56306,0.62517524,2.824698707100888,2.8254943,0,-0.0011033267,0.01118546
2021-10-07,Sierit_DER_AN858_eobs2561__2021__southbound_01,Sierit  / DER AN858 (eobs2561),41.55732,0.55529314,41.55735,0.55482215,41.54148,0.5490483,1.8288163447353274,0.039354965,0,-0.015839897,-0.0062448084
2021-10-08,Bembo_Sparky_DER_AU891_eobs_3042__2021__southbound_01,Bembo Sparky / DER AU891 (eobs 3042),40.329094,-3.6069417,40.314423,-3.6243758,40.320137,-3.5786119,3.93170443990522,2.201237,0,-0.0089568645,0.028329916
2021-10-08,Ed_plus_AAL16_e-obs_7210__2021__southbound_01,"Ed + (AAL16, e-obs 7210)",39.88213,-4.171537,39.85583,-4.1715584,39.87176,-4.1619935,1.9504240964647512,2.9241755,0,-0.010368116,0.00954321
2021-10-08,Elfie_plus_DER_AU860_eobs_4408__2021__southbound_01,Elfie + / DER AU860 (eobs 4408),43.653587,4.507316,43.729248,4.460295,43.636303,4.5135903,11.188376220546107,9.223403,0,-0.017285153,0.006274268
2021-10-08,Europa_DER_A1A26_eobs_4004__2021__southbound_01,Europa / DER A1A26 (eobs 4004),40.26184,-3.6346602,40.263256,-3.6342008,40.2328,-3.6582837,3.955601995982332,0.16186248,0,-0.029040791,-0.023623481
2021-10-08,Loriana_plus_A3M19_e-obs_7990__2021__southbound_01,"Loriana + (A3M19, e-obs 7990)",41.62578,-0.820969,41.625275,-0.8264147,41.61338,-0.80109084,2.4860819437357797,0.45606294,0,-0.012399107,0.019878171
2021-10-08,Louis_DER_AU050_eobs_3264__2021__southbound_01,Louis / DER AU050 (eobs 3264),41.6631,0.95162827,41.657887,0.9513762,41.672813,0.9631292,1.9256366387850372,0.58053803,0,0.009710535,0.011500947
2021-10-08,Rosalie_DER_A2M38_e-obs_6993__2021__southbound_01,Rosalie / DER A2M38 (e-obs 6993),41.53877,0.61524594,41.575424,0.6041523,41.492817,0.5998453,9.192515238005273,4.1792626,0,-0.045951117,-0.015400663
2021-10-08,Sierit_DER_AN858_eobs2561__2021__southbound_01,Sierit  / DER AN858 (eobs2561),41.55735,0.55482215,41.556698,0.5537554,41.53657,0.5355087,2.704486605597785,0.114500955,0,-0.020779558,-0.01931344
2021-10-09,Bembo_Sparky_DER_AU891_eobs_3042__2021__southbound_01,Bembo Sparky / DER AU891 (eobs 3042),40.314423,-3.6243758,40.32648,-3.6080024,40.243458,-3.6812027,11.125579994074954,1.9300159,0,-0.070965335,-0.056826726
2021-10-09,Ed_plus_AAL16_e-obs_7210__2021__southbound_01,"Ed + (AAL16, e-obs 7210)",39.85583,-4.1715584,39.854263,-4.270872,39.77949,-4.2236123,9.242261202294888,8.479296,0,-0.07633886,-0.052054137
2021-10-09,Elfie_plus_DER_AU860_eobs_4408__2021__southbound_01,Elfie + / DER AU860 (eobs 4408),43.729248,4.460295,43.661156,4.5058784,43.736084,4.4612265,9.072058545646733,8.41168,0,0.00683444,0.0009314418
2021-10-09,Europa_DER_A1A26_eobs_4004__2021__southbound_01,Europa / DER A1A26 (eobs 4004),40.263256,-3.6342008,40.261814,-3.6341543,40.249138,-3.6180303,1.9644404666031814,0.16030826,0,-0.014116779,0.016170613
2021-10-09,Loriana_plus_A3M19_e-obs_7990__2021__southbound_01,"Loriana + (A3M19, e-obs 7990)",41.625275,-0.8264147,41.624065,-0.8218986,41.568222,-0.8872932,8.254068159243811,0.398761,0,-0.05705218,-0.060878493
2021-10-09,Louis_DER_AU050_eobs_3264__2021__southbound_01,Louis / DER AU050 (eobs 3264),41.657887,0.9513762,41.657852,0.9515188,41.63838,0.93570995,2.5326726952273715,0.012438214,0,-0.019509122,-0.015666269
2021-10-09,Rosalie_DER_A2M38_e-obs_6993__2021__southbound_01,Rosalie / DER A2M38 (e-obs 6993),41.575424,0.6041523,41.617733,0.60431707,41.57123,0.600818,5.178881090677615,4.704445,0,-0.0041941404,-0.0033343658
2021-10-09,Sierit_DER_AN858_eobs2561__2021__southbound_01,Sierit  / DER AN858 (eobs2561),41.556698,0.5537554,41.5576,0.5538011,41.51339,0.5035183,6.456103207651096,0.100131124,0,-0.043309648,-0.050237104
2021-10-10,Bembo_Sparky_DER_AU891_eobs_3042__2021__southbound_01,Bembo Sparky / DER AU891 (eobs 3042),40.32648,-3.6080024,40.328827,-3.6034493,40.315132,-3.577458,2.6784772462407864,0.46569297,0,-0.011348493,0.030544572
2021-10-10,Ed_plus_AAL16_e-obs_7210__2021__southbound_01,"Ed + (AAL16, e-obs 7210)",39.854263,-4.270872,39.8652,-4.6851053,39.78562,-4.358449,29.265510817870222,35.3778,1,-0.068641186,-0.087576866
2021-10-10,Elfie_plus_DER_AU860_eobs_4408__2021__southbound_01,Elfie + / DER AU860 (eobs 4408),43.661156,4.5058784,43.628857,4.5373545,43.652275,4.50152,3.8853532137445486,4.394727,0,-0.008882448,-0.004358396
2021-10-10,Europa_DER_A1A26_eobs_4004__2021__southbound_01,Europa / DER A1A26 (eobs 4004),40.261814,-3.6341543,40.25979,-3.6346369,40.192856,-3.667241,7.940652079201507,0.2289495,0,-0.068959616,-0.03308676
2021-10-10,Loriana_plus_A3M19_e-obs_7990__2021__southbound_01,"Loriana + (A3M19, e-obs 7990)",41.624065,-0.8218986,41.62572,-0.7993076,41.60876,-0.80513066,1.9470188462005005,1.8867646,0,-0.015306205,0.016767941
2021-10-10,Louis_DER_AU050_eobs_3264__2021__southbound_01,Louis / DER AU050 (eobs 3264),41.657852,0.9515188,41.662094,0.95153725,41.6535,0.9819958,2.704856920407582,0.47175318,0,-0.004354395,0.030477054
2021-10-10,Rosalie_DER_A2M38_e-obs_6993__2021__southbound_01,Rosalie / DER A2M38 (e-obs 6993),41.617733,0.60431707,41.538532,0.61469,41.61851,0.61444604,8.893288121116859,8.8491535,0,0.00077967346,0.010128953
2021-10-10,Sierit_DER_AN858_eobs2561__2021__southbound_01,Sierit  / DER AN858 (eobs2561),41.5576,0.5538011,41.557713,0.55440867,41.5617,0.5684207,1.2472713909016173,0.05213998,0,0.0040994734,0.014619611
2021-10-11,Bembo_Sparky_DER_AU891_eobs_3042__2021__southbound_01,Bembo Sparky / DER AU891 (eobs 3042),40.328827,-3.6034493,40.309105,-3.6123803,40.315796,-3.569765,3.689114816681463,2.3199308,0,-0.013029128,0.033684276
2021-10-11,Ed_plus_AAL16_e-obs_7210__2021__southbound_01,"Ed + (AAL16, e-obs 7210)",39.8652,-4.6851053,39.379917,-5.8253427,39.71272,-4.8812857,89.00405564033763,111.575485,1,-0.15248173,-0.19618058
2021-10-11,Elfie_plus_DER_AU860_eobs_4408__2021__southbound_01,Elfie + / DER AU860 (eobs 4408),43.628857,4.5373545,43.687107,4.5052443,43.625027,4.545408,7.621813216480412,6.9730444,0,-0.0038310587,0.008053385
2021-10-11,Europa_DER_A1A26_eobs_4004__2021__southbound_01,Europa / DER A1A26 (eobs 4004),40.25979,-3.6346369,40.291348,-3.6336932,40.194508,-3.6695073,11.18895185846663,3.5099351,0,-0.06528169,-0.034870394
2021-10-11,Loriana_plus_A3M19_e-obs_7990__2021__southbound_01,"Loriana + (A3M19, e-obs 7990)",41.62572,-0.7993076,41.73128,-0.8296754,41.615753,-0.7781595,13.539989820372815,12.005696,1,-0.00996954,0.021148063
2021-10-11,Louis_DER_AU050_eobs_3264__2021__southbound_01,Louis / DER AU050 (eobs 3264),41.662094,0.95153725,41.65781,0.95141137,41.67074,0.97264063,2.275165131776365,0.4763022,0,0.008642964,0.02110339
2021-10-11,Rosalie_DER_A2M38_e-obs_6993__2021__southbound_01,Rosalie / DER A2M38 (e-obs 6993),41.538532,0.61469,41.54153,0.6103128,41.49887,0.61869824,4.794652356158603,0.4938959,0,-0.039662395,0.0040082633
2021-10-11,Sierit_DER_AN858_eobs2561__2021__southbound_01,Sierit  / DER AN858 (eobs2561),41.557713,0.55440867,41.538696,0.6148573,41.55481,0.5818584,3.2789799182158808,5.4568486,0,-0.0029016957,0.027449705
2021-10-12,Bembo_Sparky_DER_AU891_eobs_3042__2021__southbound_01,Bembo Sparky / DER AU891 (eobs 3042),40.309105,-3.6123803,40.310867,-3.6113167,40.26066,-3.630076,5.805328041227669,0.21579137,0,-0.048445553,-0.01769559
2021-10-12,Ed_plus_AAL16_e-obs_7210__2021__southbound_01,"Ed + (AAL16, e-obs 7210)",39.379917,-5.8253427,38.832294,-6.3756003,39.02355,-6.2700033,23.145199283435847,77.21475,1,-0.35637087,-0.4446607
2021-10-12,Elfie_plus_DER_AU860_eobs_4408__2021__southbound_01,Elfie + / DER AU860 (eobs 4408),43.687107,4.5052443,43.72919,4.4603896,43.69242,4.5112357,5.78090143057799,5.907463,0,0.0053155646,0.0059913546
2021-10-12,Europa_DER_A1A26_eobs_4004__2021__southbound_01,Europa / DER A1A26 (eobs 4004),40.291348,-3.6336932,40.26309,-3.634282,40.28071,-3.6210716,2.257185326768686,3.1426313,0,-0.010637708,0.012621708
2021-10-12,Loriana_plus_A3M19_e-obs_7990__2021__southbound_01,"Loriana + (A3M19, e-obs 7990)",41.73128,-0.8296754,41.635395,-0.7871725,41.72536,-0.8250035,10.485510877249293,11.231299,1,-0.005919911,0.004671894
2021-10-12,Louis_DER_AU050_eobs_3264__2021__southbound_01,Louis / DER AU050 (eobs 3264),41.65781,0.95141137,41.65783,0.95160085,41.643177,0.9673181,2.0880213415546542,0.015884947,0,-0.014632523,0.015906759
2021-10-12,Rosalie_DER_A2M38_e-obs_6993__2021__southbound_01,Rosalie / DER A2M38 (e-obs 6993),41.54153,0.6103128,41.55634,0.61147726,41.533936,0.6163257,2.523648588425221,1.649692,0,-0.007594757,0.0060128495
2021-10-12,Sierit_DER_AN858_eobs2561__2021__southbound_01,Sierit  / DER AN858 (eobs2561),41.538696,0.6148573,41.54128,0.61553884,41.525574,0.64091754,2.740825597816876,0.29283023,0,-0.013121836,0.026060246
2021-10-13,Bembo_Sparky_DER_AU891_eobs_3042__2021__southbound_01,Bembo Sparky / DER AU891 (eobs 3042),40.310867,-3.6113167,40.326836,-3.6076765,40.30192,-3.5795236,3.6568134169669633,1.8019345,0,-0.008945502,0.03179302
2021-10-13,Ed_plus_AAL16_e-obs_7210__2021__southbound_01,"Ed + (AAL16, e-obs 7210)",38.832294,-6.3756003,38.836105,-6.374772,38.495068,-6.7716527,51.23855957205511,0.42965308,0,-0.33722568,-0.39605218
2021-10-13,Elfie_plus_DER_AU860_eobs_4408__2021__southbound_01,Elfie + / DER AU860 (eobs 4408),43.72919,4.4603896,43.630356,4.52081,43.72671,4.465596,11.597889530880424,12.01621,1,-0.0024776608,0.0052067786
2021-10-13,Europa_DER_A1A26_eobs_4004__2021__southbound_01,Europa / DER A1A26 (eobs 4004),40.26309,-3.634282,40.261402,-3.6343458,40.18393,-3.6706235,9.148647112792057,0.18733026,0,-0.079157785,-0.036341526
2021-10-13,Loriana_plus_A3M19_e-obs_7990__2021__southbound_01,"Loriana + (A3M19, e-obs 7990)",41.635395,-0.7871725,41.61482,-0.7832552,41.59712,-0.7831254,1.9682042343006565,2.3109803,0,-0.038276948,0.0040470734
2021-10-13,Louis_DER_AU050_eobs_3264__2021__southbound_01,Louis / DER AU050 (eobs 3264),41.65783,0.95160085,41.65816,0.9511081,41.648506,0.9940841,3.728474510667273,0.055134736,0,-0.009323873,0.042483248
2021-10-13,Rosalie_DER_A2M38_e-obs_6993__2021__southbound_01,Rosalie / DER A2M38 (e-obs 6993),41.55634,0.61147726,41.53853,0.61461943,41.55491,0.6339258,2.4287744088442436,1.9975955,0,-0.0014317483,0.022448517
2021-10-13,Sierit_DER_AN858_eobs2561__2021__southbound_01,Sierit  / DER AN858 (eobs2561),41.54128,0.61553884,41.538536,0.6149967,41.541855,0.63626623,1.8082894125985582,0.30851534,0,0.0005741194,0.020727374
2021-10-14,Bembo_Sparky_DER_AU891_eobs_3042__2021__southbound_01,Bembo Sparky / DER AU891 (eobs 3042),40.326836,-3.6076765,40.32672,-3.6076305,40.314583,-3.578827,2.7901316696593303,0.013217462,0,-0.012254171,0.028849535
2021-10-14,Ed_plus_AAL16_e-obs_7210__2021__southbound_01,"Ed + (AAL16, e-obs 7210)",38.836105,-6.374772,38.529705,-6.3443646,38.818317,-6.3700085,32.169394970081775,34.17224,1,-0.017786413,0.0047635734
2021-10-14,Elfie_plus_DER_AU860_eobs_4408__2021__southbound_01,Elfie + / DER AU860 (eobs 4408),43.630356,4.52081,43.728733,4.460895,43.615143,4.529792,13.792721375784522,11.953274,1,-0.015212707,0.008981541
2021-10-14,Europa_DER_A1A26_eobs_4004__2021__southbound_01,Europa / DER A1A26 (eobs 4004),40.261402,-3.6343458,40.258785,-3.6347842,40.189632,-3.660045,7.982929454504101,0.29333368,0,-0.071769446,-0.025699094
2021-10-14,Loriana_plus_A3M19_e-obs_7990__2021__southbound_01,"Loriana + (A3M19, e-obs 7990)",41.61482,-0.7832552,41.613316,-0.8235577,41.58406,-0.7821813,4.7349314638113436,3.3546448,0,-0.030757517,0.0010739118
2021-10-14,Louis_DER_AU050_eobs_3264__2021__southbound_01,Louis / DER AU050 (eobs 3264),41.65816,0.9511081,41.66322,0.95074224,41.664124,0.96074396,0.8368964094636148,0.5630676,0,0.0059626997,0.009635873
2021-10-14,Rosalie_DER_A2M38_e-obs_6993__2021__southbound_01,Rosalie / DER A2M38 (e-obs 6993),41.53853,0.61461943,41.617943,0.60406643,41.512535,0.6326599,11.959791932767637,8.873708,0,-0.02599217,0.018040486
2021-10-14,Sierit_DER_AN858_eobs2561__2021__southbound_01,Sierit  / DER AN858 (eobs2561),41.538536,0.6149967,41.538548,0.6149802,41.5199,0.62360156,2.19406087258084,0.0020857072,0,-0.018636644,0.008604854
2021-10-15,Bembo_Sparky_DER_AU891_eobs_3042__2021__southbound_01,Bembo Sparky / DER AU891 (eobs 3042),40.32672,-3.6076305,40.333557,-3.6008084,40.29273,-3.584084,4.756255887514784,0.95529616,0,-0.033993647,0.023546346
2021-10-15,Ed_plus_AAL16_e-obs_7210__2021__southbound_01,"Ed + (AAL16, e-obs 7210)",38.529705,-6.3443646,37.5937,-6.0076947,38.37106,-6.436348,94.24950999229765,108.17221,1,-0.15864676,-0.09198348
2021-10-15,Elfie_plus_DER_AU860_eobs_4408__2021__southbound_01,Elfie + / DER AU860 (eobs 4408),43.728733,4.460895,43.67323,4.536055,43.728355,4.463239,8.475779398479059,8.636998,0,-0.00037627667,0.0023440868
2021-10-15,Europa_DER_A1A26_eobs_4004__2021__southbound_01,Europa / DER A1A26 (eobs 4004),40.258785,-3.6347842,40.259884,-3.6343744,40.201046,-3.6476731,6.63917515371263,0.12687524,0,-0.057738956,-0.012888961
2021-10-15,Loriana_plus_A3M19_e-obs_7990__2021__southbound_01,"Loriana + (A3M19, e-obs 7990)",41.613316,-0.8235577,41.61266,-0.8223029,41.566338,-0.88353336,7.243010310774151,0.12739925,0,-0.04697944,-0.05997566
2021-10-15,Louis_DER_AU050_eobs_3264__2021__southbound_01,Louis / DER AU050 (eobs 3264),41.66322,0.95074224,41.661278,0.9515267,41.67092,0.9693841,1.830347861226326,0.22546339,0,0.007700242,0.018641852
2021-10-15,Rosalie_DER_A2M38_e-obs_6993__2021__southbound_01,Rosalie / DER A2M38 (e-obs 6993),41.617943,0.60406643,41.617905,0.61501014,41.61759,0.620206,0.43332245423332505,0.9097408,0,-0.00035046786,0.01613959
2021-10-15,Sierit_DER_AN858_eobs2561__2021__southbound_01,Sierit  / DER AN858 (eobs2561),41.538548,0.6149802,41.53867,0.6150512,41.53676,0.6216632,0.5899341640561737,0.014628989,0,-0.001790978,0.006682962
2021-10-16,Bembo_Sparky_DER_AU891_eobs_3042__2021__southbound_01,Bembo Sparky / DER AU891 (eobs 3042),40.333557,-3.6008084,40.333393,-3.600706,40.324055,-3.5672925,3.0167769197930743,0.020165259,0,-0.009503558,0.033516012
2021-10-16,Ed_plus_AAL16_e-obs_7210__2021__southbound_01,"Ed + (AAL16, e-obs 7210)",37.5937,-6.0076947,37.593742,-6.00738,37.32493,-6.148257,32.3739999823203,0.028130261,0,-0.26877367,-0.14056225
2021-10-16,Elfie_plus_DER_AU860_eobs_4408__2021__southbound_01,Elfie + / DER AU860 (eobs 4408),43.67323,4.536055,43.683655,4.5072293,43.670002,4.5417333,3.1629939912911436,2.5918896,0,-0.0032277703,0.0056781396
2021-10-16,Europa_DER_A1A26_eobs_4004__2021__southbound_01,Europa / DER A1A26 (eobs 4004),40.259884,-3.6343744,40.261364,-3.6337926,40.249825,-3.6102335,2.3755817658513365,0.171894,0,-0.010059126,0.024140798
2021-10-16,Loriana_plus_A3M19_e-obs_7990__2021__southbound_01,"Loriana + (A3M19, e-obs 7990)",41.61266,-0.8223029,41.61011,-0.8235145,41.593872,-0.80494493,2.3758515047172892,0.3007819,0,-0.018786602,0.017357938
2021-10-16,Louis_DER_AU050_eobs_3264__2021__southbound_01,Louis / DER AU050 (eobs 3264),41.661278,0.9515267,41.66506,0.94823927,41.652115,0.9684568,2.2118774646919626,0.5014057,0,-0.009163879,0.01693011
2021-10-16,Rosalie_DER_A2M38_e-obs_6993__2021__southbound_01,Rosalie / DER A2M38 (e-obs 6993),41.617905,0.61501014,41.61302,0.6155612,41.608532,0.6441552,2.4290971277862083,0.545155,0,-0.00937321,0.029145055
2021-10-16,Sierit_DER_AN858_eobs2561__2021__southbound_01,Sierit  / DER AN858 (eobs2561),41.53867,0.6150512,41.54014,0.6151167,41.539425,0.63134265,1.3527959665986966,0.1635921,0,0.00075414777,0.016291432
2021-10-17,Bembo_Sparky_DER_AU891_eobs_3042__2021__southbound_01,Bembo Sparky / DER AU891 (eobs 3042),40.333393,-3.600706,40.32843,-3.606359,40.30923,-3.5787125,3.1704273911944467,0.7310242,0,-0.024162076,0.02199369
2021-10-17,Ed_plus_AAL16_e-obs_7210__2021__southbound_01,"Ed + (AAL16, e-obs 7210)",37.593742,-6.00738,37.533047,-6.00962,37.572884,-5.9787493,5.198844763233651,6.7518454,0,-0.020859003,0.028630726
2021-10-17,Elfie_plus_DER_AU860_eobs_4408__2021__southbound_01,Elfie + / DER AU860 (eobs 4408),43.683655,4.5072293,43.660313,4.5322876,43.676437,4.499541,3.1862712263132056,3.2860925,0,-0.007215716,-0.007688567
2021-10-17,Europa_DER_A1A26_eobs_4004__2021__southbound_01,Europa / DER A1A26 (eobs 4004),40.261364,-3.6337926,40.261806,-3.634365,40.25286,-3.6187062,1.6598452884149688,0.06911817,0,-0.0085020065,0.015086345
2021-10-17,Loriana_plus_A3M19_e-obs_7990__2021__southbound_01,"Loriana + (A3M19, e-obs 7990)",41.61011,-0.8235145,41.615223,-0.7723844,41.581356,-0.83591735,6.487799681666203,4.288579,0,-0.02875384,-0.01240284
2021-10-17,Louis_DER_AU050_eobs_3264__2021__southbound_01,Louis / DER AU050 (eobs 3264),41.66506,0.94823927,41.661915,0.9501597,41.67457,0.9556431,1.478875998380088,0.3841602,0,0.009508178,0.007403828
2021-10-17,Rosalie_DER_A2M38_e-obs_6993__2021__southbound_01,Rosalie / DER A2M38 (e-obs 6993),41.61302,0.6155612,41.53907,0.61510783,41.590576,0.6309632,5.877167541324184,8.222935,0,-0.022446647,0.015402041
2021-10-17,Sierit_DER_AN858_eobs2561__2021__southbound_01,Sierit  / DER AN858 (eobs2561),41.54014,0.6151167,41.538284,0.61490965,41.544746,0.6304228,1.477591586442894,0.20727359,0,0.0046099573,0.015306078
2021-10-18,Bembo_Sparky_DER_AU891_eobs_3042__2021__southbound_01,Bembo Sparky / DER AU891 (eobs 3042),40.32843,-3.606359,40.334034,-3.600392,40.30082,-3.6056263,3.7198624571561067,0.80269647,0,-0.027612656,0.00073254853
2021-10-18,Ed_plus_AAL16_e-obs_7210__2021__southbound_01,"Ed + (AAL16, e-obs 7210)",37.533047,-6.00962,37.163715,-6.2020426,37.476513,-6.0242896,38.16839747446931,44.451096,1,-0.056532107,-0.014669456
2021-10-18,Elfie_plus_DER_AU860_eobs_4408__2021__southbound_01,Elfie + / DER AU860 (eobs 4408),43.660313,4.5322876,43.707256,4.634271,43.65341,4.5317826,10.186960252571527,9.720885,0,-0.0069011673,-0.0005048588
2021-10-18,Europa_DER_A1A26_eobs_4004__2021__southbound_01,Europa / DER A1A26 (eobs 4004),40.261806,-3.634365,40.32144,-3.5901666,40.248722,-3.6318767,8.826201992497356,7.6175394,0,-0.013085142,0.0024883226
2021-10-18,Loriana_plus_A3M19_e-obs_7990__2021__southbound_01,"Loriana + (A3M19, e-obs 7990)",41.615223,-0.7723844,41.61005,-0.8391322,41.610405,-0.7527263,7.183744491462768,5.5788307,0,-0.004816845,0.019658096
2021-10-18,Louis_DER_AU050_eobs_3264__2021__southbound_01,Louis / DER AU050 (eobs 3264),41.661915,0.9501597,41.660698,0.95156795,41.654472,0.96763283,1.5034768381155947,0.17907928,0,-0.0074440613,0.017473094
2021-10-18,Rosalie_DER_A2M38_e-obs_6993__2021__southbound_01,Rosalie / DER A2M38 (e-obs 6993),41.53907,0.61510783,41.618004,0.61495316,41.50794,0.61728233,12.240271752278105,8.777148,0,-0.031130552,0.0021744892
2021-10-19,Bembo_Sparky_DER_AU891_eobs_3042__2021__southbound_01,Bembo Sparky / DER AU891 (eobs 3042),40.334034,-3.600392,40.315876,-3.618937,40.32638,-3.568571,4.4268576303156015,2.559076,0,-0.007650949,0.031820916
2021-10-19,Ed_plus_AAL16_e-obs_7210__2021__southbound_01,"Ed + (AAL16, e-obs 7210)",37.163715,-6.2020426,37.154522,-6.1693482,37.02677,-6.293116,17.95284369366354,3.0723412,0,-0.13694228,-0.09107371
2021-10-19,Elfie_plus_DER_AU860_eobs_4408__2021__southbound_01,Elfie + / DER AU860 (eobs 4408),43.707256,4.634271,43.72843,4.461286,43.71505,4.646171,14.931912640375675,14.100202,1,0.007792644,0.011900164
2021-10-19,Europa_DER_A1A26_eobs_4004__2021__southbound_01,Europa / DER A1A26 (eobs 4004),40.32144,-3.5901666,40.322083,-3.5996642,40.315266,-3.5630026,3.199320210476175,0.8083249,0,-0.006177619,0.027164035
2021-10-19,Loriana_plus_A3M19_e-obs_7990__2021__southbound_01,"Loriana + (A3M19, e-obs 7990)",41.61005,-0.8391322,41.56056,-0.8643494,41.573563,-0.8823831,2.0837070832331936,5.8894253,0,-0.036489047,-0.043250903
2021-10-19,Louis_DER_AU050_eobs_3264__2021__southbound_01,Louis / DER AU050 (eobs 3264),41.660698,0.95156795,41.658875,0.95127183,41.651814,0.97877026,2.415725499766314,0.2043226,0,-0.008885078,0.027202316
2021-10-19,Rosalie_DER_A2M38_e-obs_6993__2021__southbound_01,Rosalie / DER A2M38 (e-obs 6993),41.618004,0.61495316,41.539146,0.6147448,41.6195,0.63171625,9.0456635714159,8.768733,0,0.0014965236,0.016763113
2021-10-20,Bembo_Sparky_DER_AU891_eobs_3042__2021__southbound_01,Bembo Sparky / DER AU891 (eobs 3042),40.315876,-3.618937,40.32552,-3.607969,40.269493,-3.6334555,6.594174783004053,1.4192117,0,-0.046382982,-0.014518388
2021-10-20,Ed_plus_AAL16_e-obs_7210__2021__southbound_01,"Ed + (AAL16, e-obs 7210)",37.154522,-6.1693482,37.223404,-5.8807354,37.118015,-6.1248193,24.59780622309947,26.68896,1,-0.03650842,0.044529103
2021-10-20,Elfie_plus_DER_AU860_eobs_4408__2021__southbound_01,Elfie + / DER AU860 (eobs 4408),43.72843,4.461286,43.72863,4.4602046,43.71979,4.44002,1.8965133385423574,0.089725666,0,-0.008640535,-0.021265976
2021-10-20,Europa_DER_A1A26_eobs_4004__2021__southbound_01,Europa / DER A1A26 (eobs 4004),40.322083,-3.5996642,40.31485,-3.6240296,40.282887,-3.625808,3.557365507084842,2.2168155,0,-0.03919711,-0.026143841
2021-10-20,Loriana_plus_A3M19_e-obs_7990__2021__southbound_01,"Loriana + (A3M19, e-obs 7990)",41.56056,-0.8643494,41.559376,-0.8644462,41.507816,-0.9056202,6.679429402123515,0.13157924,0,-0.052741107,-0.041270792
2021-10-20,Louis_DER_AU050_eobs_3264__2021__southbound_01,Louis / DER AU050 (eobs 3264),41.658875,0.95127183,41.66311,0.9484897,41.644203,0.9549609,2.169875444102974,0.5246436,0,-0.01467295,0.003689073
2021-10-20,Rosalie_DER_A2M38_e-obs_6993__2021__southbound_01,Rosalie / DER A2M38 (e-obs 6993),41.539146,0.6147448,41.53954,0.61448735,41.50208,0.6206751,4.197138427312637,0.048740186,0,-0.037067536,0.005930297
2021-10-21,Bembo_Sparky_DER_AU891_eobs_3042__2021__southbound_01,Bembo Sparky / DER AU891 (eobs 3042),40.32552,-3.607969,40.325836,-3.608509,40.315437,-3.5678482,3.6359522452524855,0.057952605,0,-0.0100804195,0.04012095
2021-10-21,Ed_plus_AAL16_e-obs_7210__2021__southbound_01,"Ed + (AAL16, e-obs 7210)",37.223404,-5.8807354,37.22879,-5.881563,37.197563,-5.834795,5.404560027020834,0.6031861,0,-0.02584093,0.04594017
2021-10-21,Elfie_plus_DER_AU860_eobs_4408__2021__southbound_01,Elfie + / DER AU860 (eobs 4408),43.72863,4.4602046,43.72871,4.4600053,43.73067,4.4567037,0.34338415884783213,0.018301703,0,0.0020400584,-0.0035010874
2021-10-21,Europa_DER_A1A26_eobs_4004__2021__southbound_01,Europa / DER A1A26 (eobs 4004),40.31485,-3.6240296,40.307487,-3.6170847,40.275925,-3.6401868,4.019549126035955,1.0083095,0,-0.03892363,-0.016157255
2021-10-21,Loriana_plus_A3M19_e-obs_7990__2021__southbound_01,"Loriana + (A3M19, e-obs 7990)",41.559376,-0.8644462,41.57071,-0.8506286,41.524937,-0.8708827,5.361514416778035,1.7056783,0,-0.034438528,-0.0064364597
2021-10-21,Louis_DER_AU050_eobs_3264__2021__southbound_01,Louis / DER AU050 (eobs 3264),41.66311,0.9484897,41.660633,0.9438561,41.672157,0.95731145,1.700376364413983,0.4731458,0,0.009049989,0.008821726
2021-10-21,Rosalie_DER_A2M38_e-obs_6993__2021__southbound_01,Rosalie / DER A2M38 (e-obs 6993),41.53954,0.61448735,41.53863,0.6149287,41.53521,0.6261893,1.011534537369427,0.10740465,0,-0.0043304563,0.011701934
2021-10-22,Bembo_Sparky_DER_AU891_eobs_3042__2021__southbound_01,Bembo Sparky / DER AU891 (eobs 3042),40.325836,-3.608509,40.33381,-3.6000783,40.32168,-3.5876245,1.7128910781345126,1.1385498,0,-0.0041577443,0.020884417
2021-10-22,Ed_plus_AAL16_e-obs_7210__2021__southbound_01,"Ed + (AAL16, e-obs 7210)",37.22879,-5.881563,37.2224,-5.885379,37.214493,-5.8490953,3.3310070647388903,0.7865546,0,-0.014299147,0.032467984
2021-10-22,Elfie_plus_DER_AU860_eobs_4408__2021__southbound_01,Elfie + / DER AU860 (eobs 4408),43.72871,4.4600053,43.728832,4.4599032,43.731453,4.464184,0.45079491291462753,0.015905302,0,0.0027440563,0.0041783974
2021-10-22,Europa_DER_A1A26_eobs_4004__2021__southbound_01,Europa / DER A1A26 (eobs 4004),40.307487,-3.6170847,40.3079,-3.6120775,40.28185,-3.575241,4.260413798670801,0.4270481,0,-0.025636777,0.041843556
2021-10-22,Loriana_plus_A3M19_e-obs_7990__2021__southbound_01,"Loriana + (A3M19, e-obs 7990)",41.57071,-0.8506286,41.559296,-0.8647816,41.564354,-0.8266064,3.225619904984953,1.7313796,0,-0.006357141,0.024022229
2021-10-22,Louis_DER_AU050_eobs_3264__2021__southbound_01,Louis / DER AU050 (eobs 3264),41.660633,0.9438561,41.667133,0.9495537,41.65304,0.9398122,1.7635493522420331,0.8638801,0,-0.0075903237,-0.004043944
2021-10-22,Rosalie_DER_A2M38_e-obs_6993__2021__southbound_01,Rosalie / DER A2M38 (e-obs 6993),41.53863,0.6149287,41.575207,0.61474055,41.517876,0.6414791,6.75212954328465,4.0667567,0,-0.02075611,0.02655036
2021-10-23,Bembo_Sparky_DER_AU891_eobs_3042__2021__southbound_01,Bembo Sparky / DER AU891 (eobs 3042),40.33381,-3.6000783,40.32601,-3.608218,40.32546,-3.5645773,3.7000418262432615,1.1079092,0,-0.008351989,0.03550107
2021-10-23,Ed_plus_AAL16_e-obs_7210__2021__southbound_01,"Ed + (AAL16, e-obs 7210)",37.2224,-5.885379,37.222507,-5.8867292,37.179813,-5.875134,4.857183690927323,0.120146975,0,-0.04258809,0.010244735
2021-10-23,Elfie_plus_DER_AU860_eobs_4408__2021__southbound_01,Elfie + / DER AU860 (eobs 4408),43.728832,4.4599032,43.647987,4.507113,43.73143,4.471049,9.72097291085537,9.758367,0,0.0025967285,0.0111457035
2021-10-23,Europa_DER_A1A26_eobs_4004__2021__southbound_01,Europa / DER A1A26 (eobs 4004),40.3079,-3.6120775,40.235306,-3.6294167,40.291447,-3.5715241,7.94355204336032,8.20505,0,-0.016450927,0.04055331
2021-10-23,Loriana_plus_A3M19_e-obs_7990__2021__southbound_01,"Loriana + (A3M19, e-obs 7990)",41.559296,-0.8647816,41.570652,-0.8505666,41.52194,-0.88237983,6.029113624068609,1.7302034,0,-0.037358467,-0.017598197
2021-10-23,Louis_DER_AU050_eobs_3264__2021__southbound_01,Louis / DER AU050 (eobs 3264),41.667133,0.9495537,41.658417,0.95126075,41.673454,0.96401435,1.9794545596194566,0.97956157,0,0.0063201115,0.014460601
2021-10-23,Rosalie_DER_A2M38_e-obs_6993__2021__southbound_01,Rosalie / DER A2M38 (e-obs 6993),41.575207,0.61474055,41.612846,0.6151666,41.57717,0.6349405,4.294196322822037,4.185733,0,0.0019639507,0.020199977
2021-10-24,Bembo_Sparky_DER_AU891_eobs_3042__2021__southbound_01,Bembo Sparky / DER AU891 (eobs 3042),40.32601,-3.608218,40.309753,-3.6118615,40.28469,-3.6171703,2.8229690042397535,1.834006,0,-0.04132142,-0.008952491
2021-10-24,Ed_plus_AAL16_e-obs_7210__2021__southbound_01,"Ed + (AAL16, e-obs 7210)",37.222507,-5.8867292,37.21989,-5.886865,37.19341,-5.8886733,2.9489778521417676,0.2911016,0,-0.02909872,-0.0019439459
2021-10-24,Elfie_plus_DER_AU860_eobs_4408__2021__southbound_01,Elfie + / DER AU860 (eobs 4408),43.647987,4.507113,43.68606,4.535732,43.635006,4.512553,5.975516573550625,4.81911,0,-0.012980662,0.005440399
2021-10-24,Europa_DER_A1A26_eobs_4004__2021__southbound_01,Europa / DER A1A26 (eobs 4004),40.235306,-3.6294167,40.263374,-3.6333177,40.158504,-3.66323,11.93444591488736,3.1387563,0,-0.07680189,-0.033813305
2021-10-24,Loriana_plus_A3M19_e-obs_7990__2021__southbound_01,"Loriana + (A3M19, e-obs 7990)",41.570652,-0.8505666,41.558224,-0.8606247,41.567924,-0.8214686,3.4316858632740788,1.6155298,0,-0.0027293488,0.029098012
2021-10-24,Louis_DER_AU050_eobs_3264__2021__southbound_01,Louis / DER AU050 (eobs 3264),41.658417,0.95126075,41.65773,0.9514614,41.6465,0.9819238,2.8222585338324535,0.077992156,0,-0.0119185,0.030663066
2021-10-24,Rosalie_DER_A2M38_e-obs_6993__2021__southbound_01,Rosalie / DER A2M38 (e-obs 6993),41.612846,0.6151666,41.57568,0.60405344,41.61443,0.6427013,5.375363911662864,4.2350016,0,0.0015817955,0.027534716
2021-10-25,Bembo_Sparky_DER_AU891_eobs_3042__2021__southbound_01,Bembo Sparky / DER AU891 (eobs 3042),40.309753,-3.6118615,40.3209,-3.5998354,40.27437,-3.596526,5.181700545975143,1.6047543,0,-0.035385042,0.015335567
2021-10-25,Ed_plus_AAL16_e-obs_7210__2021__southbound_01,"Ed + (AAL16, e-obs 7210)",37.21989,-5.886865,37.221687,-5.8868527,37.177032,-5.882316,4.981630594337572,0.19943133,0,-0.04285996,0.004548885
2021-10-25,Elfie_plus_DER_AU860_eobs_4408__2021__southbound_01,Elfie + / DER AU860 (eobs 4408),43.68606,4.535732,43.66178,4.525895,43.69711,4.548031,4.312801183914085,2.8133144,0,0.011046283,0.0122991875
2021-10-25,Europa_DER_A1A26_eobs_4004__2021__southbound_01,Europa / DER A1A26 (eobs 4004),40.263374,-3.6333177,40.264034,-3.6333163,40.256413,-3.6125987,1.9516131103538368,0.07311086,0,-0.006962374,0.020719133
2021-10-25,Loriana_plus_A3M19_e-obs_7990__2021__southbound_01,"Loriana + (A3M19, e-obs 7990)",41.558224,-0.8606247,41.5595,-0.86441994,41.50879,-0.89738405,6.271100152358089,0.3462908,0,-0.04943657,-0.036759406
2021-10-25,Louis_DER_AU050_eobs_3264__2021__southbound_01,Louis / DER AU050 (eobs 3264),41.65773,0.9514614,41.657867,0.9515576,41.643417,0.97559637,2.5633777675388005,0.017163489,0,-0.014314324,0.024134986
2021-10-25,Rosalie_DER_A2M38_e-obs_6993__2021__southbound_01,Rosalie / DER A2M38 (e-obs 6993),41.57568,0.60405344,41.538937,0.614228,41.54294,0.6104992,0.5424943179522518,4.172229,0,-0.032742,0.006445788
2021-10-26,Bembo_Sparky_DER_AU891_eobs_3042__2021__southbound_01,Bembo Sparky / DER AU891 (eobs 3042),40.3209,-3.5998354,40.33306,-3.5998316,40.31458,-3.5672626,3.441927562356517,1.3524436,0,-0.0063210875,0.03257283
2021-10-26,Ed_plus_AAL16_e-obs_7210__2021__southbound_01,"Ed + (AAL16, e-obs 7210)",37.221687,-5.8868527,37.22315,-5.8809767,37.212933,-5.869729,1.510733372759531,0.5451769,0,-0.008755207,0.017123573
2021-10-26,Elfie_plus_DER_AU860_eobs_4408__2021__southbound_01,Elfie + / DER AU860 (eobs 4408),43.66178,4.525895,43.72878,4.4597664,43.654602,4.512953,9.29072238343441,9.1521435,0,-0.007178232,-0.012942173
2021-10-26,Europa_DER_A1A26_eobs_4004__2021__southbound_01,Europa / DER A1A26 (eobs 4004),40.264034,-3.6333163,40.260742,-3.633537,40.25937,-3.612101,1.8253501259154943,0.3662775,0,-0.0046650693,0.021215208
2021-10-26,Loriana_plus_A3M19_e-obs_7990__2021__southbound_01,"Loriana + (A3M19, e-obs 7990)",41.5595,-0.86441994,41.570686,-0.8504838,41.547295,-0.86610436,2.9076885943627278,1.7003074,0,-0.0122066215,-0.0016844273
2021-10-26,Louis_DER_AU050_eobs_3264__2021__southbound_01,Louis / DER AU050 (eobs 3264),41.657867,0.9515576,41.658127,0.9514687,41.66195,0.98264784,2.624816650538705,0.029816588,0,0.0040831715,0.031090237
2021-10-26,Rosalie_DER_A2M38_e-obs_6993__2021__southbound_01,Rosalie / DER A2M38 (e-obs 6993),41.538937,0.614228,41.617966,0.6149303,41.513725,0.64038545,11.782897107938643,8.787869,0,-0.025212213,0.026157461
2021-10-27,Bembo_Sparky_DER_AU891_eobs_3042__2021__southbound_01,Bembo Sparky / DER AU891 (eobs 3042),40.33306,-3.5998316,40.33379,-3.599527,40.32844,-3.572559,2.3620358276856344,0.08503645,0,-0.00461857,0.027272575
2021-10-27,Ed_plus_AAL16_e-obs_7210__2021__southbound_01,"Ed + (AAL16, e-obs 7210)",37.22315,-5.8809767,37.221527,-5.886993,37.205517,-5.847528,3.922106338975905,0.5624515,0,-0.017629929,0.0334486
2021-10-27,Elfie_plus_DER_AU860_eobs_4408__2021__southbound_01,Elfie + / DER AU860 (eobs 4408),43.72878,4.4597664,43.728405,4.46016,43.7309,4.468588,0.7318199274791658,0.052165266,0,0.002119422,0.008821666
2021-10-27,Europa_DER_A1A26_eobs_4004__2021__southbound_01,Europa / DER A1A26 (eobs 4004),40.260742,-3.633537,40.263313,-3.630154,40.21325,-3.6325352,5.570548651859923,0.40497297,0,-0.04749432,0.0010018125
2021-10-27,Loriana_plus_A3M19_e-obs_7990__2021__southbound_01,"Loriana + (A3M19, e-obs 7990)",41.570686,-0.8504838,41.610996,-0.8407111,41.566856,-0.82168525,5.156885341784341,4.5551634,0,-0.0038310736,0.028798528
2021-10-27,Louis_DER_AU050_eobs_3264__2021__southbound_01,Louis / DER AU050 (eobs 3264),41.658127,0.9514687,41.66191,0.94862694,41.665794,0.9742677,2.173288283950095,0.48242635,0,0.0076687783,0.022799022
2021-10-27,Rosalie_DER_A2M38_e-obs_6993__2021__southbound_01,Rosalie / DER A2M38 (e-obs 6993),41.617966,0.6149303,41.538548,0.6150599,41.619904,0.64070755,9.294530056059667,8.83122,0,0.0019397363,0.025777288
2021-10-28,Bembo_Sparky_DER_AU891_eobs_3042__2021__southbound_01,Bembo Sparky / DER AU891 (eobs 3042),40.33379,-3.599527,40.316036,-3.6187708,40.328793,-3.5662632,4.671960705499948,2.56099,0,-0.004995592,0.033263735
2021-10-28,Ed_plus_AAL16_e-obs_7210__2021__southbound_01,"Ed + (AAL16, e-obs 7210)",37.221527,-5.886993,37.192818,-5.9131646,37.186493,-5.894136,1.826435525388221,3.945123,0,-0.035035305,-0.007142812
2021-10-28,Elfie_plus_DER_AU860_eobs_4408__2021__southbound_01,Elfie + / DER AU860 (eobs 4408),43.728405,4.46016,43.728546,4.4601808,43.72674,4.4662986,0.530954210973394,0.015682343,0,-0.0016629323,0.0061389804
2021-10-28,Europa_DER_A1A26_eobs_4004__2021__southbound_01,Europa / DER A1A26 (eobs 4004),40.263313,-3.630154,40.26407,-3.6322224,40.252663,-3.594255,3.462457706470256,0.19457458,0,-0.010649018,0.035898946
2021-10-28,Loriana_plus_A3M19_e-obs_7990__2021__southbound_01,"Loriana + (A3M19, e-obs 7990)",41.610996,-0.8407111,41.570774,-0.8504598,41.61218,-0.8275883,4.981427777533236,4.545212,0,0.0011809766,0.013122819
2021-10-28,Louis_DER_AU050_eobs_3264__2021__southbound_01,Louis / DER AU050 (eobs 3264),41.66191,0.94862694,41.66794,0.9515064,41.66966,0.96018624,0.7459222479344282,0.71137893,0,0.007747151,0.01155933
2021-10-28,Rosalie_DER_A2M38_e-obs_6993__2021__southbound_01,Rosalie / DER A2M38 (e-obs 6993),41.538548,0.6150599,41.539913,0.61581075,41.5082,0.6317673,3.768082776836315,0.16455442,0,-0.03034757,0.016707338
2021-10-29,Bembo_Sparky_DER_AU891_eobs_3042__2021__southbound_01,Bembo Sparky / DER AU891 (eobs 3042),40.316036,-3.6187708,40.316074,-3.6187737,40.295795,-3.6035438,2.598561887398971,0.004087275,0,-0.020239085,0.015227087
2021-10-29,Ed_plus_AAL16_e-obs_7210__2021__southbound_01,"Ed + (AAL16, e-obs 7210)",37.192818,-5.9131646,37.16616,-5.9580846,37.150215,-5.9197817,3.8295553474888933,4.9620266,0,-0.04260229,-0.006617181
2021-10-29,Elfie_plus_DER_AU860_eobs_4408__2021__southbound_01,Elfie + / DER AU860 (eobs 4408),43.728546,4.4601808,43.728367,4.4601145,43.735176,4.4672294,0.9487268103281834,0.020638833,0,0.0066282004,0.0070484728
2021-10-29,Europa_DER_A1A26_eobs_4004__2021__southbound_01,Europa / DER A1A26 (eobs 4004),40.26407,-3.6322224,40.320896,-3.6073222,40.25476,-3.622656,7.46806109166161,6.6626015,0,-0.0093068555,0.009566389
2021-10-29,Loriana_plus_A3M19_e-obs_7990__2021__southbound_01,"Loriana + (A3M19, e-obs 7990)",41.570774,-0.8504598,41.570446,-0.8507445,41.544655,-0.852387,2.8711056506768546,0.04360852,0,-0.026118323,-0.0019271821
2021-10-29,Louis_DER_AU050_eobs_3264__2021__southbound_01,Louis / DER AU050 (eobs 3264),41.66794,0.9515064,41.666363,0.9465311,41.672966,0.98524463,3.298371724105381,0.44881675,0,0.005027704,0.033738248
2021-10-29,Rosalie_DER_A2M38_e-obs_6993__2021__southbound_01,Rosalie / DER A2M38 (e-obs 6993),41.539913,0.61581075,41.6216,0.6424376,41.53927,0.6443033,9.15629648555336,9.349217,0,-0.0006430745,0.028492592
2021-10-30,Bembo_Sparky_DER_AU891_eobs_3042__2021__southbound_01,Bembo Sparky / DER AU891 (eobs 3042),40.316074,-3.6187737,40.33362,-3.599829,40.31265,-3.6005077,2.332403058129552,2.5268443,0,-0.0034260899,0.018265866
2021-10-30,Ed_plus_AAL16_e-obs_7210__2021__southbound_01,"Ed + (AAL16, e-obs 7210)",37.16616,-5.9580846,37.171257,-5.958897,37.143482,-5.950565,3.175467786643938,0.57112414,0,-0.022679865,0.007519625
2021-10-30,Elfie_plus_DER_AU860_eobs_4408__2021__southbound_01,Elfie + / DER AU860 (eobs 4408),43.728367,4.4601145,43.67158,4.520137,43.721924,4.454549,7.690231058782689,7.9467225,0,-0.006443374,-0.005565807
2021-10-30,Europa_DER_A1A26_eobs_4004__2021__southbound_01,Europa / DER A1A26 (eobs 4004),40.320896,-3.6073222,40.25067,-3.6785955,40.317078,-3.5858436,10.790038619976354,9.875549,0,-0.003817454,0.021478571
2021-10-30,Loriana_plus_A3M19_e-obs_7990__2021__southbound_01,"Loriana + (A3M19, e-obs 7990)",41.570446,-0.8507445,41.558872,-0.8603551,41.55579,-0.84663177,1.192194921330353,1.5151802,0,-0.01465784,0.0041127503
2021-10-30,Louis_DER_AU050_eobs_3264__2021__southbound_01,Louis / DER AU050 (eobs 3264),41.666363,0.9465311,41.664085,0.9515797,41.65998,0.93855894,1.1740046379071358,0.48978877,0,-0.00638099,-0.007972196
2021-10-30,Rosalie_DER_A2M38_e-obs_6993__2021__southbound_01,Rosalie / DER A2M38 (e-obs 6993),41.6216,0.6424376,41.57585,0.6157813,41.62107,0.6568187,6.076761989817748,5.549034,0,-0.00052892417,0.014381133
2021-10-31,Bembo_Sparky_DER_AU891_eobs_3042__2021__southbound_01,Bembo Sparky / DER AU891 (eobs 3042),40.33362,-3.599829,40.320946,-3.599757,40.32303,-3.5787642,1.794716614822816,1.4091607,0,-0.010588318,0.021064676
2021-10-31,Ed_plus_AAL16_e-obs_7210__2021__southbound_01,"Ed + (AAL16, e-obs 7210)",37.171257,-5.958897,37.176624,-5.9551215,37.161674,-5.9443145,1.9184194119855489,0.6841221,0,-0.009580672,0.014582597
2021-10-31,Elfie_plus_DER_AU860_eobs_4408__2021__southbound_01,Elfie + / DER AU860 (eobs 4408),43.67158,4.520137,43.72157,4.4735007,43.660507,4.5180545,7.67681254358037,6.7046094,0,-0.011072241,-0.0020821318
2021-10-31,Europa_DER_A1A26_eobs_4004__2021__southbound_01,Europa / DER A1A26 (eobs 4004),40.25067,-3.6785955,40.29147,-3.633428,40.22943,-3.663285,7.348882543808687,5.9384594,0,-0.021241523,0.015310578
2021-10-31,Loriana_plus_A3M19_e-obs_7990__2021__southbound_01,"Loriana + (A3M19, e-obs 7990)",41.558872,-0.8603551,41.578037,-0.8467692,41.54318,-0.856985,3.968215359707498,2.4125054,0,-0.0156952,0.0033700988
2021-10-31,Louis_DER_AU050_eobs_3264__2021__southbound_01,Louis / DER AU050 (eobs 3264),41.664085,0.9515797,41.66187,0.9440007,41.651726,0.96935344,2.389235725684465,0.6761791,0,-0.01236026,0.017773725
2021-10-31,Rosalie_DER_A2M38_e-obs_6993__2021__southbound_01,Rosalie / DER A2M38 (e-obs 6993),41.57585,0.6157813,41.57531,0.57068,41.557198,0.6260479,5.0273643942506805,3.752141,0,-0.018653005,0.010266624
2021-11-01,Bembo_Sparky_DER_AU891_eobs_3042__2021__southbound_01,Bembo Sparky / DER AU891 (eobs 3042),40.320946,-3.599757,40.3092,-3.601803,40.299957,-3.5812483,2.0234815794684398,1.3171774,0,-0.020988286,0.018508755
2021-11-01,Ed_plus_AAL16_e-obs_7210__2021__southbound_01,"Ed + (AAL16, e-obs 7210)",37.176624,-5.9551215,37.22026,-5.8845806,37.16645,-5.9342713,7.427958295867775,7.9106402,0,-0.010173529,0.02085013
2021-11-01,Elfie_plus_DER_AU860_eobs_4408__2021__southbound_01,Elfie + / DER AU860 (eobs 4408),43.72157,4.4735007,43.700718,4.458912,43.725643,4.4697776,2.9058946520454647,2.5979214,0,0.00407549,-0.0037231073
2021-11-01,Europa_DER_A1A26_eobs_4004__2021__southbound_01,Europa / DER A1A26 (eobs 4004),40.29147,-3.633428,40.291492,-3.633498,40.28243,-3.6133015,1.987565549096246,0.0064747115,0,-0.009042531,0.020126514
2021-11-01,Loriana_plus_A3M19_e-obs_7990__2021__southbound_01,"Loriana + (A3M19, e-obs 7990)",41.578037,-0.8467692,41.576706,-0.844817,41.57961,-0.8312403,1.1745316242494066,0.219719,0,0.0015734732,0.01552894
2021-11-01,Louis_DER_AU050_eobs_3264__2021__southbound_01,Louis / DER AU050 (eobs 3264),41.66187,0.9440007,41.66325,0.95109147,41.657627,0.9430349,0.9158962784013049,0.60867715,0,-0.004243456,-0.00096586347
2021-11-01,Rosalie_DER_A2M38_e-obs_6993__2021__southbound_01,Rosalie / DER A2M38 (e-obs 6993),41.57531,0.57068,41.53829,0.57040876,41.566307,0.5730722,3.123442713401837,4.116426,0,-0.009000994,0.002392143
2021-11-02,Bembo_Sparky_DER_AU891_eobs_3042__2021__southbound_01,Bembo Sparky / DER AU891 (eobs 3042),40.3092,-3.601803,40.292236,-3.6316092,40.295002,-3.578104,4.548341957558714,3.1540995,0,-0.014197439,0.023698993
2021-11-02,Ed_plus_AAL16_e-obs_7210__2021__southbound_01,"Ed + (AAL16, e-obs 7210)",37.22026,-5.8845806,37.221363,-5.884307,37.208096,-5.8634205,2.36586293616368,0.12514307,0,-0.012166567,0.021160223
2021-11-02,Elfie_plus_DER_AU860_eobs_4408__2021__southbound_01,Elfie + / DER AU860 (eobs 4408),43.700718,4.458912,43.728554,4.4603496,43.695637,4.4498625,3.756009644734428,3.0971935,0,-0.005079791,-0.0090494305
2021-11-02,Europa_DER_A1A26_eobs_4004__2021__southbound_01,Europa / DER A1A26 (eobs 4004),40.291492,-3.633498,40.291645,-3.6330664,40.290096,-3.6203372,1.0932913855450455,0.040410653,0,-0.0013961345,0.013160594
2021-11-02,Loriana_plus_A3M19_e-obs_7990__2021__southbound_01,"Loriana + (A3M19, e-obs 7990)",41.576706,-0.844817,41.55904,-0.86068773,41.56262,-0.8160445,3.7356508364036993,2.366927,0,-0.01408653,0.028772496
2021-11-02,Louis_DER_AU050_eobs_3264__2021__southbound_01,Louis / DER AU050 (eobs 3264),41.66325,0.95109147,41.66276,0.95132405,41.651146,0.98548394,3.11803745030307,0.05763212,0,-0.012105294,0.0343925
2021-11-02,Rosalie_DER_A2M38_e-obs_6993__2021__southbound_01,Rosalie / DER A2M38 (e-obs 6993),41.53829,0.57040876,41.54186,0.6127101,41.52043,0.59411913,2.8410492750700036,3.5429869,0,-0.017857678,0.023710378
2021-11-03,Bembo_Sparky_DER_AU891_eobs_3042__2021__southbound_01,Bembo Sparky / DER AU891 (eobs 3042),40.292236,-3.6316092,40.291637,-3.6336398,40.284412,-3.6172166,1.608083334481981,0.18464032,0,-0.007822394,0.014392577
2021-11-03,Ed_plus_AAL16_e-obs_7210__2021__southbound_01,"Ed + (AAL16, e-obs 7210)",37.221363,-5.884307,37.222183,-5.8824253,37.21623,-5.861707,1.9503745757495512,0.19002093,0,-0.0051360503,0.02259957
2021-11-03,Elfie_plus_DER_AU860_eobs_4408__2021__southbound_01,Elfie + / DER AU860 (eobs 4408),43.728554,4.4603496,43.663986,4.511726,43.7425,4.4720306,9.295250727740248,8.282995,0,0.013947345,0.011680923
2021-11-03,Europa_DER_A1A26_eobs_4004__2021__southbound_01,Europa / DER A1A26 (eobs 4004),40.291645,-3.6330664,40.291332,-3.6330643,40.289474,-3.60533,2.361391523093636,0.034721166,0,-0.0021707416,0.027736403
2021-11-03,Loriana_plus_A3M19_e-obs_7990__2021__southbound_01,"Loriana + (A3M19, e-obs 7990)",41.55904,-0.86068773,41.55952,-0.8608047,41.548054,-0.8442757,1.87550246044054,0.05427528,0,-0.010987081,0.016412012
2021-11-03,Louis_DER_AU050_eobs_3264__2021__southbound_01,Louis / DER AU050 (eobs 3264),41.66276,0.95132405,41.663937,0.94854164,41.65687,0.97151476,2.063817637691185,0.26560953,0,-0.0058907494,0.020190693
2021-11-03,Rosalie_DER_A2M38_e-obs_6993__2021__southbound_01,Rosalie / DER A2M38 (e-obs 6993),41.54186,0.6127101,41.59589,0.6164367,41.535183,0.64537317,7.166762988756629,6.0161805,0,-0.0066754,0.03266307
2021-11-04,Ed_plus_AAL16_e-obs_7210__2021__southbound_01,"Ed + (AAL16, e-obs 7210)",37.222183,-5.8824253,37.19028,-5.9281163,37.21473,-5.847031,7.678823709678392,5.3814263,0,-0.007454939,0.03539435
2021-11-04,Elfie_plus_DER_AU860_eobs_4408__2021__southbound_01,Elfie + / DER AU860 (eobs 4408),43.663986,4.511726,43.728535,4.460163,43.66206,4.5166965,8.677260460797125,8.288776,0,-0.0019254461,0.0049704537
2021-11-04,Europa_DER_A1A26_eobs_4004__2021__southbound_01,Europa / DER A1A26 (eobs 4004),40.291332,-3.6330643,40.263615,-3.633206,40.281578,-3.6116614,2.7075256759778057,3.0824177,0,-0.009754434,0.021402843
2021-11-04,Loriana_plus_A3M19_e-obs_7990__2021__southbound_01,"Loriana + (A3M19, e-obs 7990)",41.55952,-0.8608047,41.572166,-0.8441532,41.566914,-0.8445213,0.5848917610277246,1.9738581,0,0.007391341,0.01628337
2021-11-04,Louis_DER_AU050_eobs_3264__2021__southbound_01,Louis / DER AU050 (eobs 3264),41.663937,0.94854164,41.66468,0.94754547,41.673595,0.95207024,1.0601539039760752,0.11704492,0,0.009659193,0.0035285875
2021-11-04,Rosalie_DER_A2M38_e-obs_6993__2021__southbound_01,Rosalie / DER A2M38 (e-obs 6993),41.59589,0.6164367,41.54523,0.61576575,41.60174,0.6307445,6.4060837906692925,5.6332746,0,0.00585261,0.0143077895
2021-11-05,Ed_plus_AAL16_e-obs_7210__2021__southbound_01,"Ed + (AAL16, e-obs 7210)",37.19028,-5.9281163,37.19209,-5.950459,37.14969,-5.934571,4.920396926794125,1.9892833,0,-0.04059327,-0.0064542815
2021-11-05,Europa_DER_A1A26_eobs_4004__2021__southbound_01,Europa / DER A1A26 (eobs 4004),40.263615,-3.633206,40.26306,-3.633591,40.241352,-3.6213617,2.6276238088814408,0.06956194,0,-0.022262327,0.011844225
2021-11-05,Loriana_plus_A3M19_e-obs_7990__2021__southbound_01,"Loriana + (A3M19, e-obs 7990)",41.572166,-0.8441532,41.581043,-0.8434874,41.57383,-0.8207408,2.0550726937937434,0.98883104,0,0.001664117,0.023412414
2021-11-05,Louis_DER_AU050_eobs_3264__2021__southbound_01,Louis / DER AU050 (eobs 3264),41.66468,0.94754547,41.669514,0.9460496,41.6791,0.95628667,1.3635172686938422,0.55171835,0,0.0144185275,0.0087411925
2021-11-05,Rosalie_DER_A2M38_e-obs_6993__2021__southbound_01,Rosalie / DER A2M38 (e-obs 6993),41.54523,0.61576575,41.53839,0.6151051,41.531315,0.6375813,2.0295496795228565,0.7628032,0,-0.0139147565,0.02181556
2021-11-06,Ed_plus_AAL16_e-obs_7210__2021__southbound_01,"Ed + (AAL16, e-obs 7210)",37.19209,-5.950459,37.19251,-5.8818226,37.170162,-5.9476547,6.339477560694014,6.079938,0,-0.021927625,0.0028042346
2021-11-06,Europa_DER_A1A26_eobs_4004__2021__southbound_01,Europa / DER A1A26 (eobs 4004),40.26306,-3.633591,40.263786,-3.633254,40.233322,-3.6357486,3.3940755740992157,0.08565905,0,-0.02973982,-0.0021576583
2021-11-06,Loriana_plus_A3M19_e-obs_7990__2021__southbound_01,"Loriana + (A3M19, e-obs 7990)",41.581043,-0.8434874,41.633648,-0.839376,41.58058,-0.8278919,5.97745795416585,5.8592744,0,-0.0004607439,0.015595518
2021-11-06,Louis_DER_AU050_eobs_3264__2021__southbound_01,Louis / DER AU050 (eobs 3264),41.669514,0.9460496,41.663757,0.9513165,41.682655,0.9605477,2.2368713535493163,0.775325,0,0.013142467,0.014498107
2021-11-06,Rosalie_DER_A2M38_e-obs_6993__2021__southbound_01,Rosalie / DER A2M38 (e-obs 6993),41.53839,0.6151051,41.538536,0.61533856,41.528507,0.6385491,2.2307191928882197,0.02541271,0,-0.009885304,0.02344402
2021-11-07,Ed_plus_AAL16_e-obs_7210__2021__southbound_01,"Ed + (AAL16, e-obs 7210)",37.19251,-5.8818226,37.164833,-5.9613924,37.17415,-5.8472357,10.167869031610477,7.6920037,0,-0.018358238,0.03458669
2021-11-07,Europa_DER_A1A26_eobs_4004__2021__southbound_01,Europa / DER A1A26 (eobs 4004),40.263786,-3.633254,40.321423,-3.5995865,40.265076,-3.6089737,6.315879655055767,7.0159526,0,0.0012907088,0.024280243
2021-11-07,Loriana_plus_A3M19_e-obs_7990__2021__southbound_01,"Loriana + (A3M19, e-obs 7990)",41.633648,-0.839376,41.63365,-0.8393091,41.631134,-0.8223878,1.433917542721003,0.005585491,0,-0.002514407,0.016988136
2021-11-07,Louis_DER_AU050_eobs_3264__2021__southbound_01,Louis / DER AU050 (eobs 3264),41.663757,0.9513165,41.657715,0.9514639,41.65494,0.9741936,1.913370668627553,0.6724081,0,-0.008815475,0.02287709
2021-11-07,Rosalie_DER_A2M38_e-obs_6993__2021__southbound_01,Rosalie / DER A2M38 (e-obs 6993),41.538536,0.61533856,41.562313,0.61746114,41.536728,0.6415882,3.482075989509128,2.6497903,0,-0.0018063262,0.02624967
2021-11-08,Ed_plus_AAL16_e-obs_7210__2021__southbound_01,"Ed + (AAL16, e-obs 7210)",37.164833,-5.9613924,37.210426,-5.901478,37.13201,-5.962559,10.26242879312903,7.339819,0,-0.032820873,-0.0011669099
2021-11-08,Europa_DER_A1A26_eobs_4004__2021__southbound_01,Europa / DER A1A26 (eobs 4004),40.321423,-3.5995865,40.33385,-3.5989313,40.321224,-3.5822709,1.991457590883458,1.3833815,0,-0.0001989156,0.017315514
2021-11-08,Loriana_plus_A3M19_e-obs_7990__2021__southbound_01,"Loriana + (A3M19, e-obs 7990)",41.63365,-0.8393091,41.63357,-0.8394595,41.619236,-0.82202053,2.1545290353443156,0.015322232,0,-0.01441697,0.017288558
2021-11-08,Louis_DER_AU050_eobs_3264__2021__southbound_01,Louis / DER AU050 (eobs 3264),41.657715,0.9514639,41.647175,0.9578444,41.64884,0.96649206,0.7420569408798481,1.2862917,0,-0.008872852,0.015028156
2021-11-08,Rosalie_DER_A2M38_e-obs_6993__2021__southbound_01,Rosalie / DER A2M38 (e-obs 6993),41.562313,0.61746114,41.62157,0.6424255,41.56214,0.6349418,6.637472874106562,6.908435,0,-0.00017092377,0.017480649
2021-11-09,Ed_plus_AAL16_e-obs_7210__2021__southbound_01,"Ed + (AAL16, e-obs 7210)",37.210426,-5.901478,37.22079,-5.887798,37.19956,-5.873218,2.6909534580739836,1.6720436,0,-0.010869466,0.028259762
2021-11-09,Europa_DER_A1A26_eobs_4004__2021__southbound_01,Europa / DER A1A26 (eobs 4004),40.33385,-3.5989313,40.284847,-3.622396,40.33316,-3.576559,6.630734574354595,5.800771,0,-0.0006910786,0.022372164
2021-11-09,Loriana_plus_A3M19_e-obs_7990__2021__southbound_01,"Loriana + (A3M19, e-obs 7990)",41.63357,-0.8394595,41.55927,-0.860725,41.61137,-0.8430926,5.976115855618485,8.449431,0,-0.022203192,-0.0036331415
2021-11-09,Louis_DER_AU050_eobs_3264__2021__southbound_01,Louis / DER AU050 (eobs 3264),41.647175,0.9578444,41.647053,0.95779747,41.636562,0.97790027,2.037457232693418,0.013858133,0,-0.010611117,0.020055883
2021-11-09,Rosalie_DER_A2M38_e-obs_6993__2021__southbound_01,Rosalie / DER A2M38 (e-obs 6993),41.62157,0.6424255,41.60587,0.6345247,41.622486,0.6607426,2.8573727928788397,1.8656365,0,0.00091639906,0.01831711
2021-11-10,Ed_plus_AAL16_e-obs_7210__2021__southbound_01,"Ed + (AAL16, e-obs 7210)",37.22079,-5.887798,37.168835,-5.954089,37.208687,-5.861259,9.341208803293034,8.237499,0,-0.012104683,0.026538633
2021-11-10,Europa_DER_A1A26_eobs_4004__2021__southbound_01,Europa / DER A1A26 (eobs 4004),40.284847,-3.622396,40.263058,-3.6326995,40.249237,-3.6228068,1.7511335579206073,2.575967,0,-0.03561031,-0.00041069835
2021-11-10,Loriana_plus_A3M19_e-obs_7990__2021__southbound_01,"Loriana + (A3M19, e-obs 7990)",41.55927,-0.860725,41.559017,-0.8611003,41.537403,-0.85135484,2.5365235812261417,0.041985404,0,-0.021864623,0.009370148
2021-11-10,Rosalie_DER_A2M38_e-obs_6993__2021__southbound_01,Rosalie / DER A2M38 (e-obs 6993),41.60587,0.6345247,41.621567,0.6424333,41.59464,0.64950216,3.0513885287095466,1.8653082,0,-0.011228591,0.0149774775
2021-11-11,Ed_plus_AAL16_e-obs_7210__2021__southbound_01,"Ed + (AAL16, e-obs 7210)",37.168835,-5.954089,37.168278,-5.952407,37.133396,-5.9526577,3.8787250981319596,0.16150384,0,-0.035439137,0.0014313236
2021-11-11,Europa_DER_A1A26_eobs_4004__2021__southbound_01,Europa / DER A1A26 (eobs 4004),40.263058,-3.6326995,40.235367,-3.618495,40.239033,-3.614787,0.515000209191662,3.3066163,0,-0.024024427,0.017912291
2021-11-11,Loriana_plus_A3M19_e-obs_7990__2021__southbound_01,"Loriana + (A3M19, e-obs 7990)",41.559017,-0.8611003,41.558918,-0.86069524,41.542747,-0.8569454,1.8249556750279874,0.035373956,0,-0.016269661,0.0041549057
2021-11-11,Rosalie_DER_A2M38_e-obs_6993__2021__southbound_01,Rosalie / DER A2M38 (e-obs 6993),41.621567,0.6424333,41.62159,0.6424068,41.622326,0.6525124,0.8439852208094543,0.003238545,0,0.0007583648,0.010079108
2021-11-12,Ed_plus_AAL16_e-obs_7210__2021__southbound_01,"Ed + (AAL16, e-obs 7210)",37.168278,-5.952407,37.16686,-5.946577,37.148617,-5.914871,3.4654322630746837,0.54006726,0,-0.019662403,0.037535496
2021-11-12,Europa_DER_A1A26_eobs_4004__2021__southbound_01,Europa / DER A1A26 (eobs 4004),40.235367,-3.618495,40.208237,-3.602621,40.213943,-3.5830085,1.7822252848590303,3.3041394,0,-0.021421626,0.035486482
2021-11-12,Loriana_plus_A3M19_e-obs_7990__2021__southbound_01,"Loriana + (A3M19, e-obs 7990)",41.558918,-0.86069524,41.558887,-0.864508,41.548542,-0.8447715,2.0051093555897452,0.31725696,0,-0.010376476,0.015923731
2021-11-12,Rosalie_DER_A2M38_e-obs_6993__2021__southbound_01,Rosalie / DER A2M38 (e-obs 6993),41.62159,0.6424068,41.609867,0.6386017,41.621315,0.64991957,1.5829204795399876,1.3412954,0,-0.00027630478,0.0075127706
2021-11-13,Ed_plus_AAL16_e-obs_7210__2021__southbound_01,"Ed + (AAL16, e-obs 7210)",37.16686,-5.946577,37.166683,-5.9542823,37.14328,-5.9074354,4.8998723921908685,0.68302286,0,-0.023579724,0.03914147
2021-11-13,Europa_DER_A1A26_eobs_4004__2021__southbound_01,Europa / DER A1A26 (eobs 4004),40.208237,-3.602621,40.33112,-3.6038399,40.18479,-3.5640912,16.616883524511543,13.664598,1,-0.023444027,0.03852997
2021-11-13,Loriana_plus_A3M19_e-obs_7990__2021__southbound_01,"Loriana + (A3M19, e-obs 7990)",41.558887,-0.864508,41.55975,-0.86077225,41.54799,-0.86189425,1.3110617333273915,0.32525554,0,-0.0108982995,0.0026136935
2021-11-13,Rosalie_DER_A2M38_e-obs_6993__2021__southbound_01,Rosalie / DER A2M38 (e-obs 6993),41.609867,0.6386017,41.62156,0.6424041,41.600853,0.6516582,2.427565207046595,1.3381251,0,-0.00901521,0.013056435
2021-11-14,Ed_plus_AAL16_e-obs_7210__2021__southbound_01,"Ed + (AAL16, e-obs 7210)",37.166683,-5.9542823,37.166874,-5.9541974,37.14638,-5.94479,2.4263976361175,0.022318022,0,-0.02030249,0.00949236
2021-11-14,Europa_DER_A1A26_eobs_4004__2021__southbound_01,Europa / DER A1A26 (eobs 4004),40.33112,-3.6038399,40.32137,-3.594558,40.328064,-3.5776412,1.6158016120113037,1.3398452,0,-0.0030547082,0.026198678
2021-11-14,Loriana_plus_A3M19_e-obs_7990__2021__southbound_01,"Loriana + (A3M19, e-obs 7990)",41.55975,-0.86077225,41.62999,-0.8393391,41.55377,-0.84680265,8.498149045443377,8.011334,0,-0.0059829503,0.013969608
2021-11-14,Rosalie_DER_A2M38_e-obs_6993__2021__southbound_01,Rosalie / DER A2M38 (e-obs 6993),41.62156,0.6424041,41.612095,0.63539326,41.6255,0.65689445,2.327296995803748,1.2028806,0,0.0039420873,0.014490373
2021-11-15,Ed_plus_AAL16_e-obs_7210__2021__southbound_01,"Ed + (AAL16, e-obs 7210)",37.166874,-5.9541974,37.166843,-5.95422,37.15784,-5.9235473,2.8965135323321434,0.0038858312,0,-0.009033941,0.03065034
2021-11-15,Europa_DER_A1A26_eobs_4004__2021__southbound_01,Europa / DER A1A26 (eobs 4004),40.32137,-3.594558,40.263817,-3.6321826,40.298656,-3.5484908,8.087649832902018,7.1507955,0,-0.0227113,0.046067275
2021-11-15,Loriana_plus_A3M19_e-obs_7990__2021__southbound_01,"Loriana + (A3M19, e-obs 7990)",41.62999,-0.8393391,41.559753,-0.86065364,41.62588,-0.8278128,7.843887416521301,8.008636,0,-0.0041096136,0.011526294
2021-11-15,Rosalie_DER_A2M38_e-obs_6993__2021__southbound_01,Rosalie / DER A2M38 (e-obs 6993),41.612095,0.63539326,41.616467,0.64031774,41.60618,0.65256834,1.5316770175737873,0.6356064,0,-0.0059177354,0.017175086
2021-11-16,Ed_plus_AAL16_e-obs_7210__2021__southbound_01,"Ed + (AAL16, e-obs 7210)",37.166843,-5.95422,37.153416,-5.9547462,37.13817,-5.935251,2.4207802154683926,1.4938662,0,-0.028675593,0.018968575
2021-11-16,Elfie_plus_DER_AU860_eobs_4408__2021__southbound_01,Elfie + / DER AU860 (eobs 4408),43.72904,4.4615846,43.72907,4.4616966,43.720917,4.4568043,0.9880434005368265,0.009586185,0,-0.008120552,-0.004780479
2021-11-16,Europa_DER_A1A26_eobs_4004__2021__southbound_01,Europa / DER A1A26 (eobs 4004),40.263817,-3.6321826,40.2646,-3.6329992,40.226612,-3.626516,4.259628546235334,0.11092278,0,-0.03720506,0.0056663975
2021-11-16,Loriana_plus_A3M19_e-obs_7990__2021__southbound_01,"Loriana + (A3M19, e-obs 7990)",41.559753,-0.86065364,41.559734,-0.86056453,41.53817,-0.8544164,2.4518405535530827,0.0077893613,0,-0.021581925,0.006237276
2021-11-16,Rosalie_DER_A2M38_e-obs_6993__2021__southbound_01,Rosalie / DER A2M38 (e-obs 6993),41.616467,0.64031774,41.62153,0.6424212,41.620686,0.66347396,1.7525056893113196,0.58917993,0,0.004218504,0.023156248
2021-11-17,Elfie_plus_DER_AU860_eobs_4408__2021__southbound_01,Elfie + / DER AU860 (eobs 4408),43.72907,4.4616966,43.634636,4.5203857,43.72839,4.477525,10.979942456458605,11.512311,1,-0.000678733,0.015828557
2021-11-17,Europa_DER_A1A26_eobs_4004__2021__southbound_01,Europa / DER A1A26 (eobs 4004),40.2646,-3.6329992,40.264763,-3.6320436,40.26395,-3.610409,1.8379093821370895,0.08312205,0,-0.00064851344,0.022590064
2021-11-17,Loriana_plus_A3M19_e-obs_7990__2021__southbound_01,"Loriana + (A3M19, e-obs 7990)",41.559734,-0.86056453,41.633297,-0.8393546,41.54963,-0.8431128,9.308691181713902,8.367842,0,-0.010105997,0.017451726
2021-11-17,Rosalie_DER_A2M38_e-obs_6993__2021__southbound_01,Rosalie / DER A2M38 (e-obs 6993),41.62153,0.6424212,41.621582,0.64238954,41.625298,0.65836984,1.3910712193945896,0.006403177,0,0.0037688464,0.01594866
2021-11-18,Elfie_plus_DER_AU860_eobs_4408__2021__southbound_01,Elfie + / DER AU860 (eobs 4408),43.634636,4.5203857,43.728725,4.4627557,43.62444,4.53624,13.015179217046507,11.442922,1,-0.01019495,0.015854366
2021-11-18,Europa_DER_A1A26_eobs_4004__2021__southbound_01,Europa / DER A1A26 (eobs 4004),40.264763,-3.6320436,40.313248,-3.60496,40.250896,-3.5871513,7.095820730114816,5.860239,0,-0.013864726,0.044892363
2021-11-18,Loriana_plus_A3M19_e-obs_7990__2021__southbound_01,"Loriana + (A3M19, e-obs 7990)",41.633297,-0.8393546,41.63343,-0.8395333,41.629734,-0.82588124,1.2067890169569904,0.021009063,0,-0.0035645142,0.013473339
2021-11-18,Rosalie_DER_A2M38_e-obs_6993__2021__southbound_01,Rosalie / DER A2M38 (e-obs 6993),41.621582,0.64238954,41.621655,0.6424333,41.627014,0.65971035,1.554823731944603,0.008986076,0,0.0054314807,0.017320834
2021-11-19,Elfie_plus_DER_AU860_eobs_4408__2021__southbound_01,Elfie + / DER AU860 (eobs 4408),43.728725,4.4627557,43.728363,4.460272,43.737362,4.473395,1.4536140407037053,0.20361748,0,0.008638181,0.010639302
2021-11-19,Europa_DER_A1A26_eobs_4004__2021__southbound_01,Europa / DER A1A26 (eobs 4004),40.313248,-3.60496,40.327168,-3.599088,40.31036,-3.574219,2.817501101386616,1.6258845,0,-0.002888672,0.030740865
2021-11-19,Loriana_plus_A3M19_e-obs_7990__2021__southbound_01,"Loriana + (A3M19, e-obs 7990)",41.63343,-0.8395333,41.57787,-0.8419745,41.633865,-0.8265779,6.356705782112345,6.18141,0,0.00043542683,0.01295542
2021-11-19,Rosalie_DER_A2M38_e-obs_6993__2021__southbound_01,Rosalie / DER A2M38 (e-obs 6993),41.621655,0.6424333,41.53876,0.6151881,41.624958,0.6671316,10.513404957320061,9.492008,0,0.0033027008,0.024698295
2021-11-20,Elfie_plus_DER_AU860_eobs_4408__2021__southbound_01,Elfie + / DER AU860 (eobs 4408),43.728363,4.460272,43.729107,4.4603105,43.720966,4.4626026,0.9237403467942178,0.08276564,0,-0.0073982477,0.0023308247
2021-11-20,Europa_DER_A1A26_eobs_4004__2021__southbound_01,Europa / DER A1A26 (eobs 4004),40.327168,-3.599088,40.327198,-3.597524,40.323753,-3.5712242,2.2621683905912007,0.13263825,0,-0.0034153685,0.027863719
2021-11-20,Loriana_plus_A3M19_e-obs_7990__2021__southbound_01,"Loriana + (A3M19, e-obs 7990)",41.57787,-0.8419745,41.567806,-0.8520959,41.563133,-0.8264951,2.1923496928987887,1.4001447,0,-0.014738038,0.015479378
2021-11-20,Rosalie_DER_A2M38_e-obs_6993__2021__southbound_01,Rosalie / DER A2M38 (e-obs 6993),41.53876,0.6151881,41.621502,0.6419948,41.52415,0.6448842,10.827628760960403,9.466811,0,-0.014609918,0.029696085
2021-11-21,Elfie_plus_DER_AU860_eobs_4408__2021__southbound_01,Elfie + / DER AU860 (eobs 4408),43.729107,4.4603105,43.721252,4.4740973,43.737217,4.4707913,1.7949392173783412,1.4106938,0,0.008111708,0.010481037
2021-11-21,Europa_DER_A1A26_eobs_4004__2021__southbound_01,Europa / DER A1A26 (eobs 4004),40.327198,-3.597524,40.26402,-3.6027386,40.31258,-3.5740657,5.922171395495105,7.0392184,0,-0.01461906,0.023458175
2021-11-21,Loriana_plus_A3M19_e-obs_7990__2021__southbound_01,"Loriana + (A3M19, e-obs 7990)",41.567806,-0.8520959,41.56847,-0.8502107,41.559162,-0.8432623,1.1854932141209527,0.17322433,0,-0.008642793,0.008833617
2021-11-21,Rosalie_DER_A2M38_e-obs_6993__2021__southbound_01,Rosalie / DER A2M38 (e-obs 6993),41.621502,0.6419948,41.540462,0.6152667,41.624557,0.6558386,9.94121301633243,9.281268,0,0.0030564368,0.013843857
2021-11-22,Elfie_plus_DER_AU860_eobs_4408__2021__southbound_01,Elfie + / DER AU860 (eobs 4408),43.721252,4.4740973,43.729233,4.461276,43.718094,4.479824,1.9379581920726543,1.359683,0,-0.003156811,0.005726658
2021-11-22,Europa_DER_A1A26_eobs_4004__2021__southbound_01,Europa / DER A1A26 (eobs 4004),40.26402,-3.6027386,40.30714,-3.5990047,40.243732,-3.5789573,7.252870216013395,4.805337,0,-0.020285055,0.023781382
2021-11-22,Loriana_plus_A3M19_e-obs_7990__2021__southbound_01,"Loriana + (A3M19, e-obs 7990)",41.56847,-0.8502107,41.61743,-0.8463647,41.563416,-0.83345896,6.1014670885837665,5.4535756,0,-0.005054839,0.016751789
2021-11-22,Rosalie_DER_A2M38_e-obs_6993__2021__southbound_01,Rosalie / DER A2M38 (e-obs 6993),41.540462,0.6152667,41.542458,0.5714477,41.526028,0.6345204,5.558725766240597,3.6536593,0,-0.014435463,0.019253738
2021-11-23,Elfie_plus_DER_AU860_eobs_4408__2021__southbound_01,Elfie + / DER AU860 (eobs 4408),43.729233,4.461276,43.728645,4.4601817,43.731388,4.4686847,0.7481948265856088,0.10951439,0,0.0021562055,0.007408604
2021-11-23,Europa_DER_A1A26_eobs_4004__2021__southbound_01,Europa / DER A1A26 (eobs 4004),40.30714,-3.5990047,40.176826,-3.5660312,40.304512,-3.5878224,14.31797631048839,14.757829,1,-0.0026273206,0.011182211
2021-11-23,Loriana_plus_A3M19_e-obs_7990__2021__southbound_01,"Loriana + (A3M19, e-obs 7990)",41.61743,-0.8463647,41.57408,-0.84162885,41.619812,-0.8362673,5.104524506199417,4.8362565,0,0.0023820698,0.010097362
2021-11-23,Rosalie_DER_A2M38_e-obs_6993__2021__southbound_01,Rosalie / DER A2M38 (e-obs 6993),41.542458,0.5714477,41.53849,0.61473715,41.543854,0.5794556,2.99633712842901,3.6298044,0,0.0013963059,0.008007914
2021-11-24,Elfie_plus_DER_AU860_eobs_4408__2021__southbound_01,Elfie + / DER AU860 (eobs 4408),43.728645,4.4601817,43.728527,4.4601817,43.716015,4.46273,1.4062849777504953,0.013399017,0,-0.012630336,0.002548255
2021-11-24,Europa_DER_A1A26_eobs_4004__2021__southbound_01,Europa / DER A1A26 (eobs 4004),40.176826,-3.5660312,40.17684,-3.5659435,40.159492,-3.52657,3.861921241172857,0.0076360875,0,-0.01733213,0.039461173
2021-11-24,Loriana_plus_A3M19_e-obs_7990__2021__southbound_01,"Loriana + (A3M19, e-obs 7990)",41.57408,-0.84162885,41.559765,-0.86404806,41.563572,-0.8315666,2.735442179332016,2.4520237,0,-0.010510534,0.010062255
2021-11-24,Rosalie_DER_A2M38_e-obs_6993__2021__southbound_01,Rosalie / DER A2M38 (e-obs 6993),41.53849,0.61473715,41.531113,0.5014275,41.530804,0.6296495,10.673304848924959,9.4670105,0,-0.0076874346,0.0149123445
2021-11-25,Elfie_plus_DER_AU860_eobs_4408__2021__southbound_01,Elfie + / DER AU860 (eobs 4408),43.728527,4.4601817,43.64106,4.5203047,43.716393,4.4552913,9.87435717803515,10.86096,1,-0.012133084,-0.0048904717
2021-11-25,Europa_DER_A1A26_eobs_4004__2021__southbound_01,Europa / DER A1A26 (eobs 4004),40.17684,-3.5659435,40.185543,-3.575326,40.168762,-3.52813,4.422622119010297,1.2534872,0,-0.008080468,0.037813447
2021-11-25,Loriana_plus_A3M19_e-obs_7990__2021__southbound_01,"Loriana + (A3M19, e-obs 7990)",41.559765,-0.86404806,41.633347,-0.8393161,41.551468,-0.8539078,9.185014604559443,8.436374,0,-0.00829564,0.010140263
2021-11-26,Elfie_plus_DER_AU860_eobs_4408__2021__southbound_01,Elfie + / DER AU860 (eobs 4408),43.64106,4.5203047,43.62981,4.5383744,43.6301,4.5188885,1.5686433249746754,1.9182326,0,-0.010957733,-0.001416035
2021-11-26,Europa_DER_A1A26_eobs_4004__2021__southbound_01,Europa / DER A1A26 (eobs 4004),40.185543,-3.575326,40.301094,-3.5659697,40.190514,-3.5487766,12.382285436432882,12.873242,1,0.004968971,0.026549228
2021-11-26,Loriana_plus_A3M19_e-obs_7990__2021__southbound_01,"Loriana + (A3M19, e-obs 7990)",41.633347,-0.8393161,41.559372,-0.8646672,41.633114,-0.8326509,8.621127253683373,8.491484,0,-0.00023209304,0.006665215
2021-11-27,Elfie_plus_DER_AU860_eobs_4408__2021__southbound_01,Elfie + / DER AU860 (eobs 4408),43.62981,4.5383744,43.728718,4.4602647,43.628654,4.554988,13.484324467428234,12.665451,1,-0.0011571273,0.016613476
2021-11-27,Europa_DER_A1A26_eobs_4004__2021__southbound_01,Europa / DER A1A26 (eobs 4004),40.301094,-3.5659697,40.1944,-3.5753632,40.30653,-3.532383,12.990821180786131,11.890416,1,0.0054377466,0.033586778
2021-11-27,Loriana_plus_A3M19_e-obs_7990__2021__southbound_01,"Loriana + (A3M19, e-obs 7990)",41.559372,-0.8646672,41.633118,-0.8460137,41.547047,-0.8529634,9.58810878202273,8.345404,0,-0.012326665,0.011703767
2021-11-28,Elfie_plus_DER_AU860_eobs_4408__2021__southbound_01,Elfie + / DER AU860 (eobs 4408),43.728718,4.4602647,43.649467,4.4722795,43.73631,4.4731336,9.65660093178596,8.865115,0,0.0075927377,0.012868725
2021-11-28,Europa_DER_A1A26_eobs_4004__2021__southbound_01,Europa / DER A1A26 (eobs 4004),40.1944,-3.5753632,40.32036,-3.5889318,40.17756,-3.528815,16.678142453415685,14.052992,1,-0.016842708,0.046548165
2021-11-28,Loriana_plus_A3M19_e-obs_7990__2021__southbound_01,"Loriana + (A3M19, e-obs 7990)",41.633118,-0.8460137,41.559452,-0.8606721,41.63355,-0.83885837,8.436502844549825,8.28117,0,0.00043220818,0.007155381
2021-11-29,Elfie_plus_DER_AU860_eobs_4408__2021__southbound_01,Elfie + / DER AU860 (eobs 4408),43.649467,4.4722795,43.72878,4.460093,43.64466,4.485884,9.58063719186431,8.873263,0,-0.004806839,0.013604544
2021-11-29,Europa_DER_A1A26_eobs_4004__2021__southbound_01,Europa / DER A1A26 (eobs 4004),40.32036,-3.5889318,40.286144,-3.6072855,40.329174,-3.560961,6.1905845469433585,4.110545,0,0.00881733,0.027970828
2021-11-29,Loriana_plus_A3M19_e-obs_7990__2021__southbound_01,"Loriana + (A3M19, e-obs 7990)",41.559452,-0.8606721,41.559772,-0.8613223,41.545555,-0.8573287,1.615452044058804,0.064672515,0,-0.013897672,0.0033434108
2021-11-30,Europa_DER_A1A26_eobs_4004__2021__southbound_01,Europa / DER A1A26 (eobs 4004),40.286144,-3.6072855,40.20809,-3.602592,40.27183,-3.5791125,7.362416774609646,8.688307,0,-0.014311433,0.028173037
2021-11-30,Loriana_plus_A3M19_e-obs_7990__2021__southbound_01,"Loriana + (A3M19, e-obs 7990)",41.559772,-0.8613223,41.571934,-0.85547936,41.555634,-0.8594389,1.8421958953774724,1.4371302,0,-0.00413952,0.0018833801
2021-12-01,Europa_DER_A1A26_eobs_4004__2021__southbound_01,Europa / DER A1A26 (eobs 4004),40.20809,-3.602592,40.20811,-3.623674,40.19153,-3.5666106,5.185339885480817,1.7902683,0,-0.016562395,0.03598153
2021-12-01,Loriana_plus_A3M19_e-obs_7990__2021__southbound_01,"Loriana + (A3M19, e-obs 7990)",41.571934,-0.85547936,41.55982,-0.8639777,41.569252,-0.8486912,1.648580745423471,1.5213914,0,-0.0026814044,0.0067881197
2021-12-02,Europa_DER_A1A26_eobs_4004__2021__southbound_01,Europa / DER A1A26 (eobs 4004),40.20811,-3.623674,40.132435,-3.6237237,40.20721,-3.6057901,8.453164045154608,8.415055,0,-0.0008986145,0.0178838
2021-12-02,Loriana_plus_A3M19_e-obs_7990__2021__southbound_01,"Loriana + (A3M19, e-obs 7990)",41.55982,-0.8639777,41.571217,-0.8559556,41.545532,-0.86484724,2.9502434102854993,1.4323817,0,-0.0142876655,-0.00086955726
2021-12-03,Loriana_plus_A3M19_e-obs_7990__2021__southbound_01,"Loriana + (A3M19, e-obs 7990)",41.571217,-0.8559556,41.57184,-0.85620886,41.56613,-0.8462861,1.0412030140134563,0.07226887,0,-0.005083807,0.009669468
2021-12-04,Loriana_plus_A3M19_e-obs_7990__2021__southbound_01,"Loriana + (A3M19, e-obs 7990)",41.57184,-0.85620886,41.571808,-0.8559219,41.56577,-0.85142714,0.7685665853040927,0.024132824,0,-0.0060692057,0.0047817007
2021-12-05,Loriana_plus_A3M19_e-obs_7990__2021__southbound_01,"Loriana + (A3M19, e-obs 7990)",41.571808,-0.8559219,41.567333,-0.8590254,41.561123,-0.8502504,1.0049153906611175,0.56038636,0,-0.010684721,0.005671501
2021-12-06,Loriana_plus_A3M19_e-obs_7990__2021__southbound_01,"Loriana + (A3M19, e-obs 7990)",41.567333,-0.8590254,41.565136,-0.8596226,41.552765,-0.8576919,1.3849496528904934,0.24949282,0,-0.014568627,0.0013335198
2021-12-07,Loriana_plus_A3M19_e-obs_7990__2021__southbound_01,"Loriana + (A3M19, e-obs 7990)",41.565136,-0.8596226,41.559547,-0.8595291,41.54961,-0.8565245,1.1329074320732475,0.62125117,0,-0.015526921,0.0030980855
2021-12-08,Elfie_plus_DER_AU860_eobs_4408__2021__southbound_01,Elfie + / DER AU860 (eobs 4408),43.633545,4.5136423,43.67692,4.516356,43.631752,4.5152774,5.023412452539094,4.8283815,0,-0.0017930344,0.0016349703
2021-12-08,Loriana_plus_A3M19_e-obs_7990__2021__southbound_01,"Loriana + (A3M19, e-obs 7990)",41.559547,-0.8595291,41.571747,-0.8556477,41.54606,-0.8655814,2.973577017214257,1.3941588,0,-0.013489105,-0.0060523152
2021-12-09,Elfie_plus_DER_AU860_eobs_4408__2021__southbound_01,Elfie + / DER AU860 (eobs 4408),43.67692,4.516356,43.66387,4.5209785,43.67954,4.5194087,1.7466579248648781,1.4981246,0,0.0026152432,0.0030528605
2021-12-09,Loriana_plus_A3M19_e-obs_7990__2021__southbound_01,"Loriana + (A3M19, e-obs 7990)",41.571747,-0.8556477,41.560635,-0.8632571,41.57007,-0.8483125,1.6267298934213192,1.3884251,0,-0.0016799495,0.0073351786
2021-12-10,Elfie_plus_DER_AU860_eobs_4408__2021__southbound_01,Elfie + / DER AU860 (eobs 4408),43.66387,4.5209785,43.685413,4.566839,43.659275,4.5367427,3.7824200184553147,4.397881,0,-0.004598193,0.015764408
2021-12-10,Loriana_plus_A3M19_e-obs_7990__2021__southbound_01,"Loriana + (A3M19, e-obs 7990)",41.560635,-0.8632571,41.571842,-0.85556304,41.544662,-0.86693984,3.167028509392622,1.4012558,0,-0.015970565,-0.0036827102
2021-12-11,Elfie_plus_DER_AU860_eobs_4408__2021__southbound_01,Elfie + / DER AU860 (eobs 4408),43.685413,4.566839,43.694862,4.466717,43.691338,4.5755677,8.760349184852064,8.118491,0,0.00592494,0.008728512
2021-12-11,Loriana_plus_A3M19_e-obs_7990__2021__southbound_01,"Loriana + (A3M19, e-obs 7990)",41.571842,-0.85556304,41.613426,-0.8078441,41.564514,-0.85378397,6.646612027548877,6.0933466,0,-0.0073290467,0.0017790943
2021-12-12,Elfie_plus_DER_AU860_eobs_4408__2021__southbound_01,Elfie + / DER AU860 (eobs 4408),43.694862,4.466717,43.69192,4.6840186,43.692844,4.480303,16.379190661608334,17.473948,1,-0.002018407,0.013585828
2021-12-12,Loriana_plus_A3M19_e-obs_7990__2021__southbound_01,"Loriana + (A3M19, e-obs 7990)",41.613426,-0.8078441,41.562332,-0.67105067,41.603863,-0.80415326,11.995144837126318,12.716485,1,-0.009561636,0.003690824
2021-12-13,Elfie_plus_DER_AU860_eobs_4408__2021__southbound_01,Elfie + / DER AU860 (eobs 4408),43.69192,4.6840186,43.585896,4.379856,43.68958,4.7036405,28.49284388415478,27.167938,1,-0.0023406073,0.019621707
2021-12-13,Loriana_plus_A3M19_e-obs_7990__2021__southbound_01,"Loriana + (A3M19, e-obs 7990)",41.562332,-0.67105067,41.558952,-0.63758165,41.54458,-0.6607609,2.5049783321552725,2.8099318,0,-0.01775264,0.010289811
2021-12-14,Elfie_plus_DER_AU860_eobs_4408__2021__southbound_01,Elfie + / DER AU860 (eobs 4408),43.585896,4.379856,43.728474,4.460792,43.576595,4.3734055,18.293115164441968,17.138966,1,-0.009300448,-0.0064506307
2021-12-14,Loriana_plus_A3M19_e-obs_7990__2021__southbound_01,"Loriana + (A3M19, e-obs 7990)",41.558952,-0.63758165,41.55935,-0.6381618,41.550476,-0.62406147,1.5329809719991168,0.06533828,0,-0.008474976,0.013520189
2021-12-15,Elfie_plus_DER_AU860_eobs_4408__2021__southbound_01,Elfie + / DER AU860 (eobs 4408),43.728474,4.460792,43.72875,4.461606,43.73583,4.4732995,1.2257745648691756,0.072206296,0,0.007352859,0.012507312
2021-12-15,Loriana_plus_A3M19_e-obs_7990__2021__southbound_01,"Loriana + (A3M19, e-obs 7990)",41.55935,-0.6381618,41.559586,-0.6391982,41.55871,-0.6280836,0.9299117822558688,0.09009403,0,-0.00064201653,0.010078169
2021-12-16,Elfie_plus_DER_AU860_eobs_4408__2021__southbound_01,Elfie + / DER AU860 (eobs 4408),43.72875,4.461606,43.728664,4.4610877,43.72393,4.4771347,1.392767994814391,0.042671245,0,-0.004817836,0.01552885
2021-12-16,Loriana_plus_A3M19_e-obs_7990__2021__southbound_01,"Loriana + (A3M19, e-obs 7990)",41.559586,-0.6391982,41.470356,-0.5351643,41.561405,-0.62733686,12.70410143657299,13.170622,1,0.0018187538,0.011861347
2021-12-17,Elfie_plus_DER_AU860_eobs_4408__2021__southbound_01,Elfie + / DER AU860 (eobs 4408),43.728664,4.4610877,43.728786,4.461624,43.71908,4.4698386,1.2649885162496652,0.045213923,0,-0.0095822215,0.008750968
2021-12-18,Elfie_plus_DER_AU860_eobs_4408__2021__southbound_01,Elfie + / DER AU860 (eobs 4408),43.728786,4.461624,43.726025,4.4712424,43.72455,4.477709,0.5449295267475243,0.8316637,0,-0.0042386875,0.016084455
2021-12-19,Elfie_plus_DER_AU860_eobs_4408__2021__southbound_01,Elfie + / DER AU860 (eobs 4408),43.726025,4.4712424,43.672516,4.5344267,43.72072,4.4876504,6.547539542138706,7.823141,0,-0.005307868,0.016408198
2021-12-20,Elfie_plus_DER_AU860_eobs_4408__2021__southbound_01,Elfie + / DER AU860 (eobs 4408),43.672516,4.5344267,43.57676,4.3805213,43.66855,4.550187,17.049593076900475,16.335138,1,-0.0039664134,0.015760623
2022-06-16,Angela_DER_AY470_eobs_4001__2022__southbound_01,Angela / DER AY470 (eobs 4001),48.137405,7.7458625,48.13461,7.7570877,48.128082,7.7216425,2.728828119039316,0.88913476,0,-0.009323962,-0.024220183
2022-06-17,Angela_DER_AY470_eobs_4001__2022__southbound_01,Angela / DER AY470 (eobs 4001),48.13461,7.7570877,48.14088,7.749649,48.123592,7.7428455,1.9875653645879057,0.8894275,0,-0.011017904,-0.014241956
2022-06-18,Angela_DER_AY470_eobs_4001__2022__southbound_01,Angela / DER AY470 (eobs 4001),48.14088,7.749649,48.134766,7.7496576,48.13549,7.7342653,1.145086173115249,0.67993593,0,-0.0053913295,-0.015383676
2022-06-19,Angela_DER_AY470_eobs_4001__2022__southbound_01,Angela / DER AY470 (eobs 4001),48.134766,7.7496576,48.133423,7.757559,48.127,7.734553,1.8508093477815546,0.6051188,0,-0.0077681467,-0.015104987
2022-06-19,Rosalie_DER_A2M38_e-obs_6993__2022__southbound_01,Rosalie / DER A2M38 (e-obs 6993),49.227684,10.526652,49.219955,10.531762,49.21011,10.507627,2.066858983359329,0.9359539,0,-0.017573088,-0.019025818
2022-06-20,Angela_DER_AY470_eobs_4001__2022__southbound_01,Angela / DER AY470 (eobs 4001),48.133423,7.757559,48.14129,7.7506833,48.121605,7.759108,2.27629750760926,1.0127189,0,-0.011819832,0.0015493259
2022-06-20,Rosalie_DER_A2M38_e-obs_6993__2022__southbound_01,Rosalie / DER A2M38 (e-obs 6993),49.219955,10.531762,49.208397,10.528404,49.198555,10.525971,1.108554287298975,1.3081986,0,-0.021400392,-0.00579112
2022-06-21,Angela_DER_AY470_eobs_4001__2022__southbound_01,Angela / DER AY470 (eobs 4001),48.14129,7.7506833,48.121136,7.7597175,48.13259,7.736401,2.1488162140966036,2.3389556,0,-0.008697815,-0.014282092
2022-06-21,Rosalie_DER_A2M38_e-obs_6993__2022__southbound_01,Rosalie / DER A2M38 (e-obs 6993),49.208397,10.528404,49.170357,10.532138,49.18542,10.51333,2.16213554330956,4.2386837,0,-0.022975452,-0.015073441
2022-06-22,Angela_DER_AY470_eobs_4001__2022__southbound_01,Angela / DER AY470 (eobs 4001),48.121136,7.7597175,48.136864,7.7544317,48.11107,7.7393346,3.0794019313052883,1.7920554,0,-0.010065421,-0.020382859
2022-06-22,Rosalie_DER_A2M38_e-obs_6993__2022__southbound_01,Rosalie / DER A2M38 (e-obs 6993),49.170357,10.532138,49.20952,10.533348,49.15282,10.519485,6.384532160004303,4.355687,0,-0.017534308,-0.01265198
2022-06-23,Angela_DER_AY470_eobs_4001__2022__southbound_01,Angela / DER AY470 (eobs 4001),48.136864,7.7544317,48.151844,7.753538,48.13039,7.734717,2.7642793150267555,1.6669482,0,-0.006472759,-0.019714914
2022-06-23,Rosalie_DER_A2M38_e-obs_6993__2022__southbound_01,Rosalie / DER A2M38 (e-obs 6993),49.20952,10.533348,49.211525,10.530162,49.188602,10.508513,2.9951273712456365,0.32122844,0,-0.020916745,-0.024834171
2022-06-24,Angela_DER_AY470_eobs_4001__2022__southbound_01,Angela / DER AY470 (eobs 4001),48.151844,7.753538,48.151802,7.7496066,48.139038,7.7260323,2.2524782633957274,0.29169822,0,-0.012806885,-0.027505651
2022-06-24,Rosalie_DER_A2M38_e-obs_6993__2022__southbound_01,Rosalie / DER A2M38 (e-obs 6993),49.211525,10.530162,49.232533,10.492194,49.19257,10.511548,4.660743380244392,3.6139774,0,-0.018956095,-0.018614054
2022-06-25,Angela_DER_AY470_eobs_4001__2022__southbound_01,Angela / DER AY470 (eobs 4001),48.151802,7.7496066,48.15153,7.7494283,48.135456,7.7247314,2.5598549376046504,0.032877333,0,-0.016346969,-0.024875112
2022-06-25,Rosalie_DER_A2M38_e-obs_6993__2022__southbound_01,Rosalie / DER A2M38 (e-obs 6993),49.232533,10.492194,49.224995,10.52438,49.20742,10.466322,4.647721235769273,2.4828894,0,-0.025111191,-0.02587244
2022-06-26,Angela_DER_AY470_eobs_4001__2022__southbound_01,Angela / DER AY470 (eobs 4001),48.15153,7.7494283,48.14006,7.7497954,48.145542,7.7293787,1.6329098010111531,1.2754877,0,-0.0059881657,-0.020049572
2022-06-26,Rosalie_DER_A2M38_e-obs_6993__2022__southbound_01,Rosalie / DER A2M38 (e-obs 6993),49.224995,10.52438,49.217754,10.530626,49.20034,10.50686,2.594276220856115,0.9243213,0,-0.02465304,-0.017519996
2022-06-27,Angela_DER_AY470_eobs_4001__2022__southbound_01,Angela / DER AY470 (eobs 4001),48.14006,7.7497954,48.142757,7.7487884,48.129677,7.7280655,2.1166861529267598,0.30900282,0,-0.010383047,-0.021730103
2022-06-27,Rosalie_DER_A2M38_e-obs_6993__2022__southbound_01,Rosalie / DER A2M38 (e-obs 6993),49.217754,10.530626,49.217976,10.535589,49.19695,10.518716,2.639896631832538,0.3613086,0,-0.0208062,-0.011910856
2022-06-28,Angela_DER_AY470_eobs_4001__2022__southbound_01,Angela / DER AY470 (eobs 4001),48.142757,7.7487884,48.15182,7.7496433,48.129787,7.7241645,3.094650295293771,1.0097941,0,-0.012968689,-0.02462376
2022-06-28,Rosalie_DER_A2M38_e-obs_6993__2022__southbound_01,Rosalie / DER A2M38 (e-obs 6993),49.217976,10.535589,49.21806,10.53789,49.18951,10.523878,3.333766974905999,0.1673955,0,-0.02846346,-0.011711419
2022-06-29,Angela_DER_AY470_eobs_4001__2022__southbound_01,Angela / DER AY470 (eobs 4001),48.15182,7.7496433,48.148563,7.7573185,48.145435,7.7320256,1.9084865910728195,0.67481494,0,-0.0063847527,-0.017617866
2022-06-29,Rosalie_DER_A2M38_e-obs_6993__2022__southbound_01,Rosalie / DER A2M38 (e-obs 6993),49.21806,10.53789,49.22685,10.456967,49.19549,10.527064,6.171275319372,5.957617,0,-0.022565976,-0.010826208
2022-06-30,Angela_DER_AY470_eobs_4001__2022__southbound_01,Angela / DER AY470 (eobs 4001),48.148563,7.7573185,48.13624,7.7571564,48.13831,7.736179,1.5736004510366375,1.3707656,0,-0.010253869,-0.02113951
2022-06-30,Rosalie_DER_A2M38_e-obs_6993__2022__southbound_01,Rosalie / DER A2M38 (e-obs 6993),49.22685,10.456967,49.223083,10.4982605,49.201504,10.432946,5.316666999601019,3.0278115,0,-0.025345832,-0.024020702
2022-07-01,Angela_DER_AY470_eobs_4001__2022__southbound_01,Angela / DER AY470 (eobs 4001),48.13624,7.7571564,48.14824,7.7522483,48.122395,7.7293053,3.340271442517494,1.3832718,0,-0.013845354,-0.027850866
2022-07-01,Rosalie_DER_A2M38_e-obs_6993__2022__southbound_01,Rosalie / DER A2M38 (e-obs 6993),49.223083,10.4982605,49.218685,10.529863,49.196083,10.48506,4.112202892638955,2.3467371,0,-0.027000241,-0.013200365
2022-07-02,Angela_DER_AY470_eobs_4001__2022__southbound_01,Angela / DER AY470 (eobs 4001),48.14824,7.7522483,48.1052,7.758968,48.137787,7.724507,4.435278468976753,4.811267,0,-0.010453999,-0.027741365
2022-07-02,Rosalie_DER_A2M38_e-obs_6993__2022__southbound_01,Rosalie / DER A2M38 (e-obs 6993),49.218685,10.529863,49.22516,10.507494,49.18863,10.514599,4.0945674837066885,1.7770079,0,-0.030056104,-0.015264355
2022-07-03,Angela_DER_AY470_eobs_4001__2022__southbound_01,Angela / DER AY470 (eobs 4001),48.1052,7.758968,48.13729,7.749495,48.096455,7.736613,4.640409581913251,3.6365101,0,-0.008746773,-0.022355169
2022-07-03,Rosalie_DER_A2M38_e-obs_6993__2022__southbound_01,Rosalie / DER A2M38 (e-obs 6993),49.22516,10.507494,49.22779,10.508138,49.2061,10.487772,2.829334807763023,0.29611632,0,-0.019059807,-0.019722104
2022-07-04,Angela_DER_AY470_eobs_4001__2022__southbound_01,Angela / DER AY470 (eobs 4001),48.13729,7.749495,48.126923,7.7582455,48.12888,7.724703,2.4990054255249015,1.3231084,0,-0.008411758,-0.02479241
2022-07-04,Rosalie_DER_A2M38_e-obs_6993__2022__southbound_01,Rosalie / DER A2M38 (e-obs 6993),49.22779,10.508138,49.188,10.602428,49.205696,10.487511,8.578851190886908,8.154367,0,-0.02209536,-0.020626634
2022-07-05,Angela_DER_AY470_eobs_4001__2022__southbound_01,Angela / DER AY470 (eobs 4001),48.126923,7.7582455,48.1214,7.7581725,48.113987,7.732351,2.086522710540572,0.61402655,0,-0.012936622,-0.025894538
2022-07-05,Rosalie_DER_A2M38_e-obs_6993__2022__southbound_01,Rosalie / DER A2M38 (e-obs 6993),49.188,10.602428,49.170776,10.693905,49.155888,10.596012,7.307879346627994,6.91959,0,-0.03211064,-0.0064163134
2022-07-06,Angela_DER_AY470_eobs_4001__2022__southbound_01,Angela / DER AY470 (eobs 4001),48.1214,7.7581725,48.123215,7.7582374,48.106613,7.7446613,2.103221598648428,0.20183226,0,-0.014785692,-0.01351127
2022-07-06,Rosalie_DER_A2M38_e-obs_6993__2022__southbound_01,Rosalie / DER A2M38 (e-obs 6993),49.170776,10.693905,49.167133,10.679292,49.141003,10.685962,2.9458144125554804,1.1369324,0,-0.029774643,-0.007943325
2022-07-07,Angela_DER_AY470_eobs_4001__2022__southbound_01,Angela / DER AY470 (eobs 4001),48.123215,7.7582374,48.127316,7.7711196,48.11083,7.738494,3.037501039498022,1.0593013,0,-0.01238507,-0.019743301
2022-07-07,Rosalie_DER_A2M38_e-obs_6993__2022__southbound_01,Rosalie / DER A2M38 (e-obs 6993),49.167133,10.679292,49.169247,10.687603,49.13375,10.666668,4.230445762485228,0.6482678,0,-0.033383615,-0.012623966
2022-07-08,Angela_DER_AY470_eobs_4001__2022__southbound_01,Angela / DER AY470 (eobs 4001),48.127316,7.7711196,48.122665,7.759184,48.11256,7.752305,1.2342321905283085,1.0258743,0,-0.014756985,-0.01881437
2022-07-08,Rosalie_DER_A2M38_e-obs_6993__2022__southbound_01,Rosalie / DER A2M38 (e-obs 6993),49.169247,10.687603,49.167744,10.688078,49.14015,10.667563,3.411950696813321,0.17074548,0,-0.029098727,-0.020039827
2022-07-09,Angela_DER_AY470_eobs_4001__2022__southbound_01,Angela / DER AY470 (eobs 4001),48.122665,7.759184,48.107132,7.7732925,48.10612,7.746506,1.9920619894287288,2.0197093,0,-0.016545169,-0.012677811
2022-07-09,Rosalie_DER_A2M38_e-obs_6993__2022__southbound_01,Rosalie / DER A2M38 (e-obs 6993),49.167744,10.688078,49.17449,10.6958685,49.13854,10.677175,4.222667707990377,0.94029903,0,-0.029205792,-0.01090315
2022-07-10,Angela_DER_AY470_eobs_4001__2022__southbound_01,Angela / DER AY470 (eobs 4001),48.107132,7.7732925,48.064213,7.807008,48.09772,7.7546988,5.383577863943724,5.3898654,0,-0.00941205,-0.018593714
2022-07-10,Rosalie_DER_A2M38_e-obs_6993__2022__southbound_01,Rosalie / DER A2M38 (e-obs 6993),49.17449,10.6958685,49.16779,10.656671,49.149513,10.680502,2.6707886770338765,2.9455838,0,-0.024976984,-0.015366688
2022-07-11,Angela_DER_AY470_eobs_4001__2022__southbound_01,Angela / DER AY470 (eobs 4001),48.064213,7.807008,48.118717,7.760838,48.051636,7.798846,7.975547298419005,6.9635186,0,-0.01257851,-0.008162186
2022-07-11,Rosalie_DER_A2M38_e-obs_6993__2022__southbound_01,Rosalie / DER A2M38 (e-obs 6993),49.16779,10.656671,49.216637,10.535838,49.137333,10.651267,12.172229294803916,10.325006,1,-0.030457355,-0.005403824
2022-07-12,Angela_DER_AY470_eobs_4001__2022__southbound_01,Angela / DER AY470 (eobs 4001),48.118717,7.760838,48.091064,7.77622,48.106236,7.7478967,2.6962502428624426,3.2798848,0,-0.012481034,-0.012941182
2022-07-12,Rosalie_DER_A2M38_e-obs_6993__2022__southbound_01,Rosalie / DER A2M38 (e-obs 6993),49.216637,10.535838,49.228542,10.535348,49.18576,10.521225,4.86651037554677,1.3241105,0,-0.030877784,-0.0146134645
2022-07-13,Angela_DER_AY470_eobs_4001__2022__southbound_01,Angela / DER AY470 (eobs 4001),48.091064,7.77622,48.07595,7.791768,48.07639,7.7639923,2.0641521765401865,2.039396,0,-0.014675505,-0.012227617
2022-07-13,Rosalie_DER_A2M38_e-obs_6993__2022__southbound_01,Rosalie / DER A2M38 (e-obs 6993),49.228542,10.535348,49.219116,10.536638,49.205624,10.516317,2.1047008155534335,1.0522231,0,-0.022917114,-0.019030385
2022-07-14,Angela_DER_AY470_eobs_4001__2022__southbound_01,Angela / DER AY470 (eobs 4001),48.07595,7.791768,48.049126,7.8188767,48.060642,7.769181,3.909336685203104,3.599204,0,-0.015307277,-0.0225873
2022-07-14,Rosalie_DER_A2M38_e-obs_6993__2022__southbound_01,Rosalie / DER A2M38 (e-obs 6993),49.219116,10.536638,49.23258,10.507262,49.1947,10.516208,4.261887218906926,2.6059215,0,-0.024416655,-0.020430863
2022-07-15,Angela_DER_AY470_eobs_4001__2022__southbound_01,Angela / DER AY470 (eobs 4001),48.049126,7.8188767,48.103233,7.766294,48.037434,7.811971,8.065448497818652,7.173266,0,-0.011690505,-0.0069055334
2022-07-15,Rosalie_DER_A2M38_e-obs_6993__2022__southbound_01,Rosalie / DER A2M38 (e-obs 6993),49.23258,10.507262,49.1597,10.684737,49.203495,10.489272,15.018704570630769,15.230722,1,-0.029081374,-0.017990299
2022-07-16,Angela_DER_AY470_eobs_4001__2022__southbound_01,Angela / DER AY470 (eobs 4001),48.103233,7.766294,48.04949,7.8192673,48.0932,7.743626,7.430237794731996,7.1551013,0,-0.010032937,-0.022668019
2022-07-16,Rosalie_DER_A2M38_e-obs_6993__2022__southbound_01,Rosalie / DER A2M38 (e-obs 6993),49.1597,10.684737,49.15887,10.69089,49.130695,10.661079,3.8101666901111573,0.45682797,0,-0.02900336,-0.023657896
2022-07-17,Angela_DER_AY470_eobs_4001__2022__southbound_01,Angela / DER AY470 (eobs 4001),48.04949,7.8192673,48.07285,7.756972,48.03147,7.8088427,6.002860511751408,5.308215,0,-0.018021256,-0.01042483
2022-07-17,Rosalie_DER_A2M38_e-obs_6993__2022__southbound_01,Rosalie / DER A2M38 (e-obs 6993),49.15887,10.69089,49.163593,10.685238,49.132034,10.665435,3.7933001576241745,0.66687304,0,-0.02683802,-0.025455922
2022-07-18,Angela_DER_AY470_eobs_4001__2022__southbound_01,Angela / DER AY470 (eobs 4001),48.07285,7.756972,48.04899,7.822951,48.05485,7.7382956,6.326037395138266,5.5751677,0,-0.017996587,-0.01867608
2022-07-18,Rosalie_DER_A2M38_e-obs_6993__2022__southbound_01,Rosalie / DER A2M38 (e-obs 6993),49.163593,10.685238,49.16865,10.696688,49.133396,10.666632,4.4884923792611655,1.0047879,0,-0.030198455,-0.018606417
2022-07-19,Angela_DER_AY470_eobs_4001__2022__southbound_01,Angela / DER AY470 (eobs 4001),48.04899,7.822951,48.124626,7.7589154,48.03459,7.808311,10.66271907886396,9.662439,0,-0.014397584,-0.014640063
2022-07-19,Rosalie_DER_A2M38_e-obs_6993__2022__southbound_01,Rosalie / DER A2M38 (e-obs 6993),49.16865,10.696688,49.16716,10.692961,49.14452,10.674111,2.866480465737035,0.31771097,0,-0.024131127,-0.022576578
2022-07-20,Angela_DER_AY470_eobs_4001__2022__southbound_01,Angela / DER AY470 (eobs 4001),48.124626,7.7589154,48.135765,7.7564077,48.116127,7.735804,2.665887250769538,1.252556,0,-0.008500226,-0.023111291
2022-07-20,Rosalie_DER_A2M38_e-obs_6993__2022__southbound_01,Rosalie / DER A2M38 (e-obs 6993),49.16716,10.692961,49.181175,10.677965,49.13672,10.66533,5.028004311740602,1.9017036,0,-0.03044261,-0.027630731
2022-07-21,Angela_DER_AY470_eobs_4001__2022__southbound_01,Angela / DER AY470 (eobs 4001),48.135765,7.7564077,48.104126,7.7561326,48.1171,7.724011,2.787234260057722,3.5179493,0,-0.018664204,-0.032396756
2022-07-21,Rosalie_DER_A2M38_e-obs_6993__2022__southbound_01,Rosalie / DER A2M38 (e-obs 6993),49.181175,10.677965,49.214134,10.539518,49.15153,10.648729,10.55768815920548,10.706412,1,-0.029644437,-0.029236168
2022-07-22,Angela_DER_AY470_eobs_4001__2022__southbound_01,Angela / DER AY470 (eobs 4001),48.104126,7.7561326,48.118336,7.7548037,48.08482,7.729392,4.177302498408368,1.5828824,0,-0.01930806,-0.02674058
2022-07-22,Rosalie_DER_A2M38_e-obs_6993__2022__southbound_01,Rosalie / DER A2M38 (e-obs 6993),49.214134,10.539518,49.1682,10.698963,49.177746,10.513186,13.54701395657842,12.66264,1,-0.036389112,-0.026331678
2022-07-23,Angela_DER_AY470_eobs_4001__2022__southbound_01,Angela / DER AY470 (eobs 4001),48.118336,7.7548037,48.137905,7.757325,48.10876,7.729754,3.832793383352949,2.184045,0,-0.00957451,-0.02504959
2022-07-23,Rosalie_DER_A2M38_e-obs_6993__2022__southbound_01,Rosalie / DER A2M38 (e-obs 6993),49.1682,10.698963,49.16087,10.669187,49.130657,10.677912,3.418890294004307,2.3133378,0,-0.037543297,-0.021051161
2022-07-24,Angela_DER_AY470_eobs_4001__2022__southbound_01,Angela / DER AY470 (eobs 4001),48.137905,7.757325,48.048836,7.8213377,48.123985,7.729354,10.79397963558211,10.985915,1,-0.013918661,-0.027971089
2022-07-24,Rosalie_DER_A2M38_e-obs_6993__2022__southbound_01,Rosalie / DER A2M38 (e-obs 6993),49.16087,10.669187,49.16477,10.680515,49.12494,10.6393385,5.3465113734289025,0.9307257,0,-0.035930306,-0.029847704
2022-07-25,Angela_DER_AY470_eobs_4001__2022__southbound_01,Angela / DER AY470 (eobs 4001),48.048836,7.8213377,48.04876,7.821447,48.015724,7.7964997,4.115171471364206,0.011765968,0,-0.033113427,-0.02483809
2022-07-25,Rosalie_DER_A2M38_e-obs_6993__2022__southbound_01,Rosalie / DER A2M38 (e-obs 6993),49.16477,10.680515,49.170406,10.606912,49.134953,10.657654,5.399999316687,5.3879156,0,-0.029814772,-0.022861496
2022-07-26,Angela_DER_AY470_eobs_4001__2022__southbound_01,Angela / DER AY470 (eobs 4001),48.04876,7.821447,48.050156,7.8170605,48.01477,7.8096857,3.9726813284984224,0.36108363,0,-0.033988483,-0.011761226
2022-07-26,Rosalie_DER_A2M38_e-obs_6993__2022__southbound_01,Rosalie / DER A2M38 (e-obs 6993),49.170406,10.606912,49.20889,10.53655,49.134792,10.579501,8.811032394050882,6.667503,0,-0.035612304,-0.02741076
2022-07-27,Angela_DER_AY470_eobs_4001__2022__southbound_01,Angela / DER AY470 (eobs 4001),48.050156,7.8170605,48.048626,7.8205914,48.02165,7.7932324,3.624461918684341,0.3126264,0,-0.028505683,-0.023828
2022-07-27,Rosalie_DER_A2M38_e-obs_6993__2022__southbound_01,Rosalie / DER A2M38 (e-obs 6993),49.20889,10.53655,49.233204,10.535366,49.17555,10.514777,6.583175054367372,2.7052362,0,-0.033341713,-0.021772698
2022-07-28,Angela_DER_AY470_eobs_4001__2022__southbound_01,Angela / DER AY470 (eobs 4001),48.048626,7.8205914,48.048702,7.820163,48.01967,7.812596,3.2770609340897985,0.03291327,0,-0.02895701,-0.007995486
2022-07-28,Rosalie_DER_A2M38_e-obs_6993__2022__southbound_01,Rosalie / DER A2M38 (e-obs 6993),49.233204,10.535366,49.233307,10.535105,49.20335,10.517642,3.564342811978172,0.022044541,0,-0.029853448,-0.017724432
2022-07-29,Angela_DER_AY470_eobs_4001__2022__southbound_01,Angela / DER AY470 (eobs 4001),48.048702,7.820163,48.047768,7.827323,48.02025,7.794909,3.895174585757523,0.54227185,0,-0.028452381,-0.025253832
2022-07-29,Rosalie_DER_A2M38_e-obs_6993__2022__southbound_01,Rosalie / DER A2M38 (e-obs 6993),49.233307,10.535105,49.228607,10.53209,49.202953,10.52185,2.947960840878434,0.5665674,0,-0.030352712,-0.013254903
2022-07-30,Angela_DER_AY470_eobs_4001__2022__southbound_01,Angela / DER AY470 (eobs 4001),48.047768,7.827323,48.13316,7.7576375,48.019108,7.7997537,13.06230018899908,10.814234,1,-0.028660476,-0.027569197
2022-07-30,Rosalie_DER_A2M38_e-obs_6993__2022__southbound_01,Rosalie / DER A2M38 (e-obs 6993),49.228607,10.53209,49.218506,10.534324,49.197563,10.49976,3.4245656563169393,1.134682,0,-0.031042285,-0.032330208
2022-07-31,Angela_DER_AY470_eobs_4001__2022__southbound_01,Angela / DER AY470 (eobs 4001),48.13316,7.7576375,48.13341,7.757503,48.10486,7.7384257,3.4764646288939343,0.02970145,0,-0.028301492,-0.019211791
2022-07-31,Rosalie_DER_A2M38_e-obs_6993__2022__southbound_01,Rosalie / DER A2M38 (e-obs 6993),49.218506,10.534324,49.23239,10.530729,49.1867,10.512146,5.257055819793574,1.5658288,0,-0.03180749,-0.022177644
2022-08-01,Angela_DER_AY470_eobs_4001__2022__southbound_01,Angela / DER AY470 (eobs 4001),48.13341,7.757503,48.04878,7.8231163,48.106537,7.7373857,9.045057467436662,10.597998,1,-0.026876435,-0.020117134
2022-08-01,Rosalie_DER_A2M38_e-obs_6993__2022__southbound_01,Rosalie / DER A2M38 (e-obs 6993),49.23239,10.530729,49.213314,10.53372,49.203007,10.507526,2.221349994890001,2.1325219,0,-0.02938313,-0.023202695
2022-08-02,Angela_DER_AY470_eobs_4001__2022__southbound_01,Angela / DER AY470 (eobs 4001),48.04878,7.8231163,48.048836,7.8189383,48.013676,7.79211,4.389179315881854,0.3106508,0,-0.03510207,-0.031006314
2022-08-02,Rosalie_DER_A2M38_e-obs_6993__2022__southbound_01,Rosalie / DER A2M38 (e-obs 6993),49.213314,10.53372,49.215538,10.524524,49.175873,10.507612,4.578565626501493,0.71235675,0,-0.037441917,-0.026107863
2022-08-03,Angela_DER_AY470_eobs_4001__2022__southbound_01,Angela / DER AY470 (eobs 4001),48.048836,7.8189383,48.049488,7.8205976,48.013706,7.7835665,4.838676541844493,0.14313821,0,-0.035130423,-0.03537193
2022-08-03,Europa_DER_A1A26_eobs_4004__2022__southbound_01,Europa / DER A1A26 (eobs 4004),47.16747,7.402696,47.176556,7.412624,47.15227,7.386315,3.3537621871123835,1.2585537,0,-0.015196681,-0.016381405
2022-08-03,Rosalie_DER_A2M38_e-obs_6993__2022__southbound_01,Rosalie / DER A2M38 (e-obs 6993),49.215538,10.524524,49.221092,10.5329275,49.179367,10.496768,5.33184325816278,0.86832017,0,-0.036172662,-0.02775599
2022-08-04,Angela_DER_AY470_eobs_4001__2022__southbound_01,Angela / DER AY470 (eobs 4001),48.049488,7.8205976,48.046074,7.8209033,48.019154,7.7919226,3.688382329764558,0.38005444,0,-0.03033439,-0.028674938
2022-08-04,Europa_DER_A1A26_eobs_4004__2022__southbound_01,Europa / DER A1A26 (eobs 4004),47.176556,7.412624,47.167435,7.4031906,47.1644,7.3881235,1.1880477928717434,1.2396982,0,-0.01215563,-0.02450043
2022-08-04,Rosalie_DER_A2M38_e-obs_6993__2022__southbound_01,Rosalie / DER A2M38 (e-obs 6993),49.221092,10.5329275,49.256798,10.399979,49.19536,10.505714,10.277696059767957,10.436769,1,-0.02573555,-0.02721326
2022-08-05,Angela_DER_AY470_eobs_4001__2022__southbound_01,Angela / DER AY470 (eobs 4001),48.046074,7.8209033,48.04897,7.8212457,48.009727,7.785502,5.1092902537601494,0.32295728,0,-0.036347426,-0.035401456
2022-08-05,Europa_DER_A1A26_eobs_4004__2022__southbound_01,Europa / DER A1A26 (eobs 4004),47.167435,7.4031906,47.166832,7.4084253,47.14676,7.373882,3.4356841374749316,0.4013769,0,-0.020674922,-0.029308796
2022-08-05,Rosalie_DER_A2M38_e-obs_6993__2022__southbound_01,Rosalie / DER A2M38 (e-obs 6993),49.256798,10.399979,49.26142,10.4143095,49.211147,10.347496,7.401473148795862,1.1600199,0,-0.045651354,-0.052482374
2022-08-06,Angela_DER_AY470_eobs_4001__2022__southbound_01,Angela / DER AY470 (eobs 4001),48.04897,7.8212457,48.048985,7.833475,48.018307,7.7862873,4.893587911686297,0.90906495,0,-0.03066238,-0.0349582
2022-08-06,Europa_DER_A1A26_eobs_4004__2022__southbound_01,Europa / DER A1A26 (eobs 4004),47.166832,7.4084253,47.16744,7.4027224,47.143433,7.374746,3.405927168733245,0.43639466,0,-0.023400232,-0.033679254
2022-08-06,Rosalie_DER_A2M38_e-obs_6993__2022__southbound_01,Rosalie / DER A2M38 (e-obs 6993),49.26142,10.4143095,49.25758,10.532419,49.222214,10.387961,11.200483415029757,8.581768,0,-0.039205804,-0.026347816
2022-08-07,Angela_DER_AY470_eobs_4001__2022__southbound_01,Angela / DER AY470 (eobs 4001),48.048985,7.833475,48.046196,7.8208523,48.01608,7.8222413,3.350458536588965,0.9882416,0,-0.03290429,-0.011234008
2022-08-07,Europa_DER_A1A26_eobs_4004__2022__southbound_01,Europa / DER A1A26 (eobs 4004),47.16744,7.4027224,47.167393,7.402695,47.139313,7.3809323,3.529481421441128,0.0054570036,0,-0.028126664,-0.021790192
2022-08-07,Rosalie_DER_A2M38_e-obs_6993__2022__southbound_01,Rosalie / DER A2M38 (e-obs 6993),49.25758,10.532419,49.257587,10.526546,49.219097,10.524432,4.28268074923475,0.42625952,0,-0.03848452,-0.007986978
2022-08-08,Angela_DER_AY470_eobs_4001__2022__southbound_01,Angela / DER AY470 (eobs 4001),48.046196,7.8208523,47.50322,6.957188,47.97288,7.7545958,79.2659025912101,88.37736,1,-0.07331521,-0.06625632
2022-08-08,Europa_DER_A1A26_eobs_4004__2022__southbound_01,Europa / DER A1A26 (eobs 4004),47.167393,7.402695,47.16111,7.4200196,47.14396,7.3817825,3.4637107817300934,1.4844836,0,-0.023432948,-0.020912759
2022-08-08,Rosalie_DER_A2M38_e-obs_6993__2022__southbound_01,Rosalie / DER A2M38 (e-obs 6993),49.257587,10.526546,49.240486,10.52603,49.20119,10.483245,5.361648658588784,1.9019436,0,-0.05639504,-0.04330062
2022-08-09,Angela_DER_AY470_eobs_4001__2022__southbound_01,Angela / DER AY470 (eobs 4001),47.50322,6.957188,45.342464,4.7907906,46.650238,5.9804955,172.019351255412,292.03723,1,-0.8529822,-0.9766928
2022-08-09,Europa_DER_A1A26_eobs_4004__2022__southbound_01,Europa / DER A1A26 (eobs 4004),47.16111,7.4200196,47.164787,7.404544,47.142654,7.403676,2.4619413995380293,1.2393724,0,-0.01845406,-0.01634352
2022-08-09,Rosalie_DER_A2M38_e-obs_6993__2022__southbound_01,Rosalie / DER A2M38 (e-obs 6993),49.240486,10.52603,49.245075,10.414264,49.18776,10.476738,7.823606736521062,8.129567,0,-0.052725762,-0.04929167
2022-08-10,Angela_DER_AY470_eobs_4001__2022__southbound_01,Angela / DER AY470 (eobs 4001),45.342464,4.7907906,43.619705,3.9545126,44.2879,3.7616484,75.88683224170342,202.72336,1,-1.0545651,-1.0291421
2022-08-10,Europa_DER_A1A26_eobs_4004__2022__southbound_01,Europa / DER A1A26 (eobs 4004),47.164787,7.404544,47.16748,7.403132,47.14336,7.3825502,3.100874259461971,0.3181921,0,-0.021428362,-0.02199386
2022-08-10,Rosalie_DER_A2M38_e-obs_6993__2022__southbound_01,Rosalie / DER A2M38 (e-obs 6993),49.245075,10.414264,49.245068,10.380886,49.180626,10.356155,7.387342118135952,2.4228854,0,-0.06444993,-0.058108106
2022-08-11,Angela_DER_AY470_eobs_4001__2022__southbound_01,Angela / DER AY470 (eobs 4001),43.619705,3.9545126,43.12291,3.0443501,42.63827,2.9447663,54.496827602936186,91.99841,1,-0.981433,-1.0097463
2022-08-11,Europa_DER_A1A26_eobs_4004__2022__southbound_01,Europa / DER A1A26 (eobs 4004),47.16748,7.403132,47.170246,7.4090533,47.149082,7.379407,3.249996910925676,0.54289454,0,-0.018398307,-0.023724824
2022-08-11,Rosalie_DER_A2M38_e-obs_6993__2022__southbound_01,Rosalie / DER A2M38 (e-obs 6993),49.245068,10.380886,49.2576,10.420642,49.193607,10.345342,8.974012815880245,3.2043521,0,-0.051461443,-0.035544515
2022-08-12,Angela_DER_AY470_eobs_4001__2022__southbound_01,Angela / DER AY470 (eobs 4001),43.12291,3.0443501,41.843914,2.6726713,42.56546,2.2015843,89.12230776632818,145.44662,1,-0.557448,-0.84276587
2022-08-12,Europa_DER_A1A26_eobs_4004__2022__southbound_01,Europa / DER A1A26 (eobs 4004),47.170246,7.4090533,47.17275,7.4027123,47.153545,7.3841724,2.5542495030213863,0.5543363,0,-0.016701221,-0.024880715
2022-08-12,Rosalie_DER_A2M38_e-obs_6993__2022__southbound_01,Rosalie / DER A2M38 (e-obs 6993),49.2576,10.420642,49.25813,10.53381,49.227463,10.4075575,9.778972520170107,8.213005,0,-0.030137464,-0.013084605
2022-08-13,Angela_DER_AY470_eobs_4001__2022__southbound_01,Angela / DER AY470 (eobs 4001),41.843914,2.6726713,41.663628,0.91030246,40.93661,1.6980263,104.23597158758099,147.5592,1,-0.90730447,-0.974645
2022-08-13,Europa_DER_A1A26_eobs_4004__2022__southbound_01,Europa / DER A1A26 (eobs 4004),47.17275,7.4027123,47.17134,7.4003773,47.151237,7.377994,2.803730690567667,0.2360392,0,-0.021512508,-0.024718381
2022-08-13,Rosalie_DER_A2M38_e-obs_6993__2022__southbound_01,Rosalie / DER A2M38 (e-obs 6993),49.25813,10.53381,49.25813,10.533831,49.22254,10.522757,4.037975983151816,0.0015221299,0,-0.035585713,-0.011053376
2022-08-14,Angela_DER_AY470_eobs_4001__2022__southbound_01,Angela / DER AY470 (eobs 4001),41.663628,0.91030246,41.53103,0.5080682,41.05116,-0.020421207,69.25869090454005,36.553333,1,-0.6124692,-0.93072367
2022-08-14,Europa_DER_A1A26_eobs_4004__2022__southbound_01,Europa / DER A1A26 (eobs 4004),47.17134,7.4003773,47.175396,7.4031253,47.144024,7.370518,4.271654699941938,0.49659592,0,-0.027318083,-0.029859088
2022-08-14,Rosalie_DER_A2M38_e-obs_6993__2022__southbound_01,Rosalie / DER A2M38 (e-obs 6993),49.25813,10.533831,48.960915,9.779611,49.226162,10.51208,60.94535148414923,64.07913,1,-0.031966843,-0.021750413
2022-08-15,Angela_DER_AY470_eobs_4001__2022__southbound_01,Angela / DER AY470 (eobs 4001),41.53103,0.5080682,41.42724,-0.3347375,40.953075,-0.3572802,52.75833063255125,71.153496,1,-0.57795304,-0.8653484
2022-08-15,Europa_DER_A1A26_eobs_4004__2022__southbound_01,Europa / DER A1A26 (eobs 4004),47.175396,7.4031253,47.167435,7.4031243,47.15324,7.3685665,3.0525402117512592,0.88540196,0,-0.022154443,-0.034558766
2022-08-15,Rosalie_DER_A2M38_e-obs_6993__2022__southbound_01,Rosalie / DER A2M38 (e-obs 6993),48.960915,9.779611,47.94208,8.490115,48.270172,8.802235,43.220602810735265,147.90984,1,-0.690741,-0.9773757
2022-08-16,Angela_DER_AY470_eobs_4001__2022__southbound_01,Angela / DER AY470 (eobs 4001),41.42724,-0.3347375,41.166996,-0.7217419,40.79257,-1.2963411,63.71834680933603,43.38962,1,-0.63466865,-0.9616035
2022-08-16,Europa_DER_A1A26_eobs_4004__2022__southbound_01,Europa / DER A1A26 (eobs 4004),47.167435,7.4031243,47.173927,7.403133,47.137726,7.3627796,5.051156636993215,0.72213453,0,-0.029709682,-0.040344924
2022-08-16,Rosalie_DER_A2M38_e-obs_6993__2022__southbound_01,Rosalie / DER A2M38 (e-obs 6993),47.94208,8.490115,47.9309,8.188218,46.970432,7.356488,123.76153294521389,22.524332,1,-0.97164875,-1.1336269
2022-08-17,Angela_DER_AY470_eobs_4001__2022__southbound_01,Angela / DER AY470 (eobs 4001),41.166996,-0.7217419,40.50617,-2.1439245,40.474754,-1.7352381,34.73678259161492,140.40466,1,-0.69224083,-1.0134962
2022-08-17,Europa_DER_A1A26_eobs_4004__2022__southbound_01,Europa / DER A1A26 (eobs 4004),47.173927,7.403133,47.17397,7.4031086,47.15476,7.3657055,3.543887727650572,0.004867047,0,-0.019169785,-0.037427537
2022-08-17,Rosalie_DER_A2M38_e-obs_6993__2022__southbound_01,Rosalie / DER A2M38 (e-obs 6993),47.9309,8.188218,47.843212,7.377308,47.457615,7.4045515,42.92505143342088,61.24771,1,-0.47328472,-0.7836667
2022-08-18,Angela_DER_AY470_eobs_4001__2022__southbound_01,Angela / DER AY470 (eobs 4001),40.50617,-2.1439245,38.541157,-4.013793,39.627735,-3.3243337,134.68074715262065,271.0273,1,-0.87843335,-1.1804093
2022-08-18,Europa_DER_A1A26_eobs_4004__2022__southbound_01,Europa / DER A1A26 (eobs 4004),47.17397,7.4031086,47.17634,7.4031525,47.148495,7.363709,4.298652615291509,0.26358104,0,-0.025474943,-0.039399855
2022-08-18,Rosalie_DER_A2M38_e-obs_6993__2022__southbound_01,Rosalie / DER A2M38 (e-obs 6993),47.843212,7.377308,47.835304,7.381572,47.211697,6.3938046,101.53429325023896,0.9354248,0,-0.63151675,-0.9835031
2022-08-19,Angela_DER_AY470_eobs_4001__2022__southbound_01,Angela / DER AY470 (eobs 4001),38.541157,-4.013793,36.82666,-6.093652,37.670124,-5.058831,131.0939262378721,264.26355,1,-0.8710335,-1.0450382
2022-08-19,Europa_DER_A1A26_eobs_4004__2022__southbound_01,Europa / DER A1A26 (eobs 4004),47.17634,7.4031525,47.176777,7.403117,47.151505,7.362001,4.19040481895448,0.048698135,0,-0.02483239,-0.041151628
2022-08-19,Rosalie_DER_A2M38_e-obs_6993__2022__southbound_01,Rosalie / DER A2M38 (e-obs 6993),47.835304,7.381572,47.84875,7.3544383,47.775124,7.3259296,8.45927332307915,2.5173833,0,-0.06018134,-0.055642232
2022-08-20,Angela_DER_AY470_eobs_4001__2022__southbound_01,Angela / DER AY470 (eobs 4001),36.82666,-6.093652,36.568546,-6.147579,36.12955,-6.975112,88.74365899210603,29.100693,1,-0.6971101,-0.88145995
2022-08-20,Europa_DER_A1A26_eobs_4004__2022__southbound_01,Europa / DER A1A26 (eobs 4004),47.176777,7.403117,47.17661,7.4032807,47.15054,7.363447,4.179991743253848,0.022180563,0,-0.026238471,-0.039670132
2022-08-20,Rosalie_DER_A2M38_e-obs_6993__2022__southbound_01,Rosalie / DER A2M38 (e-obs 6993),47.84875,7.3544383,47.65311,7.144266,47.7625,7.2847652,16.077089046717393,26.835531,1,-0.086248495,-0.06967296
2022-08-21,Europa_DER_A1A26_eobs_4004__2022__southbound_01,Europa / DER A1A26 (eobs 4004),47.17661,7.4032807,47.16742,7.402466,47.152126,7.361387,3.540954207893803,1.0237534,0,-0.024481095,-0.041893773
2022-08-21,Rosalie_DER_A2M38_e-obs_6993__2022__southbound_01,Rosalie / DER A2M38 (e-obs 6993),47.65311,7.144266,46.176334,5.1409793,46.95566,6.160855,116.56774436695251,223.85509,1,-0.69744694,-0.9834115
2022-08-22,Europa_DER_A1A26_eobs_4004__2022__southbound_01,Europa / DER A1A26 (eobs 4004),47.16742,7.402466,47.175423,7.4084373,47.148933,7.3678193,4.255139591942092,0.9979267,0,-0.018484972,-0.034646414
2022-08-22,Rosalie_DER_A2M38_e-obs_6993__2022__southbound_01,Rosalie / DER A2M38 (e-obs 6993),46.176334,5.1409793,43.60263,4.3526263,45.15941,3.9448762,176.1122017037532,292.84015,1,-1.0169266,-1.1961032
2022-08-23,Europa_DER_A1A26_eobs_4004__2022__southbound_01,Europa / DER A1A26 (eobs 4004),47.175423,7.4084373,47.17469,7.40044,47.16086,7.379828,2.1894411915782857,0.6099282,0,-0.014566064,-0.028609417
2022-08-23,Rosalie_DER_A2M38_e-obs_6993__2022__southbound_01,Rosalie / DER A2M38 (e-obs 6993),43.60263,4.3526263,43.206215,3.1824203,42.61815,3.5217342,70.98901420679637,104.30601,1,-0.9844836,-0.83089215
2022-08-24,Europa_DER_A1A26_eobs_4004__2022__southbound_01,Europa / DER A1A26 (eobs 4004),47.17469,7.40044,47.174484,7.4031186,47.15062,7.368261,3.739925591218867,0.20375256,0,-0.02407208,-0.0321794
2022-08-24,Rosalie_DER_A2M38_e-obs_6993__2022__southbound_01,Rosalie / DER A2M38 (e-obs 6993),43.206215,3.1824203,41.628704,0.8704141,42.702965,2.435514,175.8008241840401,258.41833,1,-0.5032507,-0.7469062
2022-08-25,Europa_DER_A1A26_eobs_4004__2022__southbound_01,Europa / DER A1A26 (eobs 4004),47.174484,7.4031186,47.173576,7.403201,47.155582,7.3752246,2.9114920700467524,0.10096354,0,-0.018900797,-0.027894072
2022-08-25,Rosalie_DER_A2M38_e-obs_6993__2022__southbound_01,Rosalie / DER A2M38 (e-obs 6993),41.628704,0.8704141,41.616352,0.5187138,40.89985,-0.108669996,95.38207767384576,29.26641,1,-0.72885466,-0.9790841
2022-08-26,Europa_DER_A1A26_eobs_4004__2022__southbound_01,Europa / DER A1A26 (eobs 4004),47.173576,7.403201,47.174,7.403114,47.147686,7.360774,4.336893952431758,0.04722405,0,-0.025888503,-0.042426847
2022-08-26,Rosalie_DER_A2M38_e-obs_6993__2022__southbound_01,Rosalie / DER A2M38 (e-obs 6993),41.616352,0.5187138,41.7186,0.5036713,41.3434,0.04770869,56.4015309181981,11.438325,1,-0.27295405,-0.47100508
2022-08-27,Europa_DER_A1A26_eobs_4004__2022__southbound_01,Europa / DER A1A26 (eobs 4004),47.174,7.403114,47.171925,7.4030876,47.14695,7.362323,4.148716462318154,0.23071043,0,-0.027051859,-0.040791094
2022-08-27,Rosalie_DER_A2M38_e-obs_6993__2022__southbound_01,Rosalie / DER A2M38 (e-obs 6993),41.7186,0.5036713,41.6848,0.35568914,41.69851,0.45203552,8.143913357450796,12.847665,1,-0.02009175,-0.051635765
2022-08-28,Europa_DER_A1A26_eobs_4004__2022__southbound_01,Europa / DER A1A26 (eobs 4004),47.171925,7.4030876,47.176292,7.4033556,47.141384,7.3678393,4.719976520642507,0.4861614,0,-0.030538686,-0.035248414
2022-08-28,Rosalie_DER_A2M38_e-obs_6993__2022__southbound_01,Rosalie / DER A2M38 (e-obs 6993),41.6848,0.35568914,41.741043,-0.1136134,41.287533,-0.2748852,52.18521528791863,39.45364,1,-0.39726603,-0.63057435
2022-08-29,Europa_DER_A1A26_eobs_4004__2022__southbound_01,Europa / DER A1A26 (eobs 4004),47.176292,7.4033556,47.173294,7.404881,47.156246,7.3741508,2.998472930879164,0.3526719,0,-0.020047829,-0.029204786
2022-08-29,Louis_DER_AU050_eobs_3264__2022__southbound_01,Louis / DER AU050 (eobs 3264),42.338802,2.7951272,41.672764,0.9742457,41.406204,1.6572511,64.10914321589627,167.6881,1,-0.9325966,-1.137876
2022-08-29,Rosalie_DER_A2M38_e-obs_6993__2022__southbound_01,Rosalie / DER A2M38 (e-obs 6993),41.741043,-0.1136134,41.734493,-0.8283465,41.344807,-0.7547513,43.76201518619143,59.30836,1,-0.39623523,-0.6411379
2022-08-30,Europa_DER_A1A26_eobs_4004__2022__southbound_01,Europa / DER A1A26 (eobs 4004),47.173294,7.404881,47.175682,7.404509,47.14873,7.3683386,4.0569811120992965,0.2671018,0,-0.024561815,-0.036542192
2022-08-30,Louis_DER_AU050_eobs_3264__2022__southbound_01,Louis / DER AU050 (eobs 3264),41.672764,0.9742457,41.66398,0.9480072,40.907047,-0.125251,122.98570693572555,2.3884513,0,-0.76571524,-1.0994967
2022-08-30,Rosalie_DER_A2M38_e-obs_6993__2022__southbound_01,Rosalie / DER A2M38 (e-obs 6993),41.734493,-0.8283465,41.675426,-0.81268233,41.41684,-1.3303323,51.793587293899435,6.695528,0,-0.3176533,-0.50198585
2022-08-31,Europa_DER_A1A26_eobs_4004__2022__southbound_01,Europa / DER A1A26 (eobs 4004),47.175682,7.404509,47.174465,7.4038687,47.1529,7.3618145,3.982244445354991,0.14374875,0,-0.022782333,-0.042694658
2022-08-31,Louis_DER_AU050_eobs_3264__2022__southbound_01,Louis / DER AU050 (eobs 3264),41.66398,0.9480072,41.6659,0.950699,41.360107,0.44114643,54.37120566744025,0.3092724,0,-0.3038696,-0.5068608
2022-08-31,Rosalie_DER_A2M38_e-obs_6993__2022__southbound_01,Rosalie / DER A2M38 (e-obs 6993),41.675426,-0.81268233,41.63266,-0.7850016,41.540062,-0.9833061,19.442959892863655,5.2821326,0,-0.13536432,-0.1706238
2022-09-01,Europa_DER_A1A26_eobs_4004__2022__southbound_01,Europa / DER A1A26 (eobs 4004),47.174465,7.4038687,47.177036,7.4025965,47.147236,7.364279,4.401462120402303,0.30141255,0,-0.027230628,-0.039589964
2022-09-01,Louis_DER_AU050_eobs_3264__2022__southbound_01,Louis / DER AU050 (eobs 3264),41.6659,0.950699,41.64992,0.9497382,41.671627,0.93138814,2.8546546522427283,1.7786337,0,0.00572744,-0.019310825
2022-09-01,Rosalie_DER_A2M38_e-obs_6993__2022__southbound_01,Rosalie / DER A2M38 (e-obs 6993),41.63266,-0.7850016,41.58684,-0.7664705,41.561615,-0.8579312,8.108763282111383,5.3229723,0,-0.07104658,-0.0729296
2022-09-02,Europa_DER_A1A26_eobs_4004__2022__southbound_01,Europa / DER A1A26 (eobs 4004),47.177036,7.4025965,47.176666,7.4030914,47.15724,7.3747487,3.042381885927459,0.055567723,0,-0.019793332,-0.027847625
2022-09-02,Louis_DER_AU050_eobs_3264__2022__southbound_01,Louis / DER AU050 (eobs 3264),41.64992,0.9497382,41.657856,0.9493226,41.468082,0.67920315,30.827833586772943,0.88329166,0,-0.1818381,-0.27053508
2022-09-02,Rosalie_DER_A2M38_e-obs_6993__2022__southbound_01,Rosalie / DER A2M38 (e-obs 6993),41.58684,-0.7664705,41.586723,-0.7687206,41.48351,-0.8783022,14.65990026574284,0.18759531,0,-0.10333427,-0.11183172
2022-09-03,Europa_DER_A1A26_eobs_4004__2022__southbound_01,Europa / DER A1A26 (eobs 4004),47.176666,7.4030914,47.175728,7.4030075,47.153797,7.3590827,4.119957685564505,0.104534276,0,-0.022869393,-0.044008635
2022-09-03,Louis_DER_AU050_eobs_3264__2022__southbound_01,Louis / DER AU050 (eobs 3264),41.657856,0.9493226,41.657814,0.9513376,41.670864,0.9328064,2.1154981440308873,0.16746919,0,0.013008535,-0.016516179
2022-09-03,Rosalie_DER_A2M38_e-obs_6993__2022__southbound_01,Rosalie / DER A2M38 (e-obs 6993),41.586723,-0.7687206,41.592407,-0.763789,41.47221,-0.92661506,19.03489942959493,0.75339687,0,-0.11451348,-0.15789443
2022-09-04,Europa_DER_A1A26_eobs_4004__2022__southbound_01,Europa / DER A1A26 (eobs 4004),47.175728,7.4030075,47.167446,7.4036956,47.148243,7.3555493,4.220397151988728,0.9224473,0,-0.027484566,-0.047458082
2022-09-04,Louis_DER_AU050_eobs_3264__2022__southbound_01,Louis / DER AU050 (eobs 3264),41.657814,0.9513376,41.67034,0.9438257,41.660244,0.9466792,1.14753913860854,1.5264868,0,0.0024294779,-0.004658416
2022-09-04,Rosalie_DER_A2M38_e-obs_6993__2022__southbound_01,Rosalie / DER A2M38 (e-obs 6993),41.592407,-0.763789,41.614185,-0.7635087,41.584435,-0.77287275,3.3985455816527717,2.4220634,0,-0.007970974,-0.0090837255
2022-09-05,Europa_DER_A1A26_eobs_4004__2022__southbound_01,Europa / DER A1A26 (eobs 4004),47.167446,7.4036956,47.172783,7.403183,47.14307,7.3584948,4.725749850331858,0.5950674,0,-0.024375893,-0.04520067
2022-09-05,Louis_DER_AU050_eobs_3264__2022__southbound_01,Louis / DER AU050 (eobs 3264),41.67034,0.9438257,41.67127,0.95002615,41.658455,0.9025246,4.1952141598867305,0.5251994,0,-0.011887208,-0.041301124
2022-09-05,Rosalie_DER_A2M38_e-obs_6993__2022__southbound_01,Rosalie / DER A2M38 (e-obs 6993),41.614185,-0.7635087,41.61335,-0.76202464,41.586132,-0.80571485,4.728399221485399,0.15457259,0,-0.028053045,-0.04220614
2022-09-06,Europa_DER_A1A26_eobs_4004__2022__southbound_01,Europa / DER A1A26 (eobs 4004),47.172783,7.403183,47.173977,7.4030967,47.156406,7.3617435,3.6865900275712034,0.13261038,0,-0.01637622,-0.041439638
2022-09-06,Louis_DER_AU050_eobs_3264__2022__southbound_01,Louis / DER AU050 (eobs 3264),41.67127,0.95002615,41.66786,0.9473351,41.657726,0.9571437,1.3903807553961727,0.44038296,0,-0.013543025,0.007117592
2022-09-06,Rosalie_DER_A2M38_e-obs_6993__2022__southbound_01,Rosalie / DER A2M38 (e-obs 6993),41.61335,-0.76202464,41.616253,-0.76800686,41.566986,-0.79703724,5.986609476098608,0.59297705,0,-0.046364337,-0.035012588
2022-09-07,Europa_DER_A1A26_eobs_4004__2022__southbound_01,Europa / DER A1A26 (eobs 4004),47.173977,7.4030967,47.17542,7.40314,47.1541,7.3583016,4.136563230239303,0.1606158,0,-0.01987917,-0.044795007
2022-09-07,Louis_DER_AU050_eobs_3264__2022__southbound_01,Louis / DER AU050 (eobs 3264),41.66786,0.9473351,41.66751,0.9493555,41.552376,0.78278804,18.85935696268525,0.17216994,0,-0.11548118,-0.16454707
2022-09-07,Rosalie_DER_A2M38_e-obs_6993__2022__southbound_01,Rosalie / DER A2M38 (e-obs 6993),41.616253,-0.76800686,41.597485,-0.7525735,41.555767,-0.84591496,9.044474278938209,2.4497967,0,-0.06048593,-0.07790813
2022-09-08,Europa_DER_A1A26_eobs_4004__2022__southbound_01,Europa / DER A1A26 (eobs 4004),47.17542,7.40314,47.175423,7.402258,47.15703,7.3584757,3.890865745344445,0.06668948,0,-0.018389426,-0.044664383
2022-09-08,Louis_DER_AU050_eobs_3264__2022__southbound_01,Louis / DER AU050 (eobs 3264),41.66751,0.9493555,41.658672,0.95063967,41.65355,0.95237035,0.5875330317583163,0.98838216,0,-0.013962805,0.0030148625
2022-09-08,Rosalie_DER_A2M38_e-obs_6993__2022__southbound_01,Rosalie / DER A2M38 (e-obs 6993),41.597485,-0.7525735,41.601204,-0.76450974,41.546196,-0.78765583,6.412500573368989,1.0752324,0,-0.051288955,-0.035082318
2022-09-09,Europa_DER_A1A26_eobs_4004__2022__southbound_01,Europa / DER A1A26 (eobs 4004),47.175423,7.402258,47.17542,7.40294,47.147156,7.3608313,4.473505192899035,0.051566087,0,-0.028268069,-0.041426525
2022-09-09,Louis_DER_AU050_eobs_3264__2022__southbound_01,Louis / DER AU050 (eobs 3264),41.658672,0.95063967,41.663948,0.9431204,41.62404,0.90308857,5.546042054911829,0.85669726,0,-0.034632407,-0.047551103
2022-09-09,Rosalie_DER_A2M38_e-obs_6993__2022__southbound_01,Rosalie / DER A2M38 (e-obs 6993),41.601204,-0.76450974,41.576218,-0.7150399,41.5574,-0.8267912,9.529625564733113,4.9646235,0,-0.043803826,-0.06228147
2022-09-10,Europa_DER_A1A26_eobs_4004__2022__southbound_01,Europa / DER A1A26 (eobs 4004),47.17542,7.40294,47.176197,7.403118,47.151363,7.3669167,3.8879167992790524,0.08772901,0,-0.02405487,-0.0360232
2022-09-10,Louis_DER_AU050_eobs_3264__2022__southbound_01,Louis / DER AU050 (eobs 3264),41.663948,0.9431204,41.666306,0.94579685,41.643158,0.8969032,4.808931727449532,0.3439507,0,-0.020788804,-0.04621719
2022-09-10,Rosalie_DER_A2M38_e-obs_6993__2022__southbound_01,Rosalie / DER A2M38 (e-obs 6993),41.576218,-0.7150399,41.57761,-0.7084072,41.536304,-0.7324508,5.009766676108878,0.5730411,0,-0.039911345,-0.017410867
2022-09-11,Europa_DER_A1A26_eobs_4004__2022__southbound_01,Europa / DER A1A26 (eobs 4004),47.176197,7.403118,47.00763,7.1559305,47.15601,7.3669586,22.96828858848467,26.486069,1,-0.020188712,-0.036159694
2022-09-11,Louis_DER_AU050_eobs_3264__2022__southbound_01,Louis / DER AU050 (eobs 3264),41.666306,0.94579685,41.664375,0.9506435,41.66217,0.9488331,0.28762197953540897,0.45622462,0,-0.004136838,0.003036268
2022-09-11,Rosalie_DER_A2M38_e-obs_6993__2022__southbound_01,Rosalie / DER A2M38 (e-obs 6993),41.57761,-0.7084072,41.57494,-0.7130541,41.554165,-0.72014713,2.3842435722286393,0.487245,0,-0.023446634,-0.01173988
2022-09-12,Europa_DER_A1A26_eobs_4004__2022__southbound_01,Europa / DER A1A26 (eobs 4004),47.00763,7.1559305,45.33484,4.8990874,46.296036,6.1286125,143.1857142958982,254.53513,1,-0.71159333,-1.0273181
2022-09-12,Louis_DER_AU050_eobs_3264__2022__southbound_01,Louis / DER AU050 (eobs 3264),41.664375,0.9506435,41.663284,0.9518922,41.638557,0.9328796,3.170986704016344,0.15969858,0,-0.025818527,-0.017763868
2022-09-12,Rosalie_DER_A2M38_e-obs_6993__2022__southbound_01,Rosalie / DER A2M38 (e-obs 6993),41.57494,-0.7130541,41.580593,-0.7243477,41.481915,-0.8373481,14.4524381557863,1.1303053,0,-0.093025,-0.12429395
2022-09-13,Europa_DER_A1A26_eobs_4004__2022__southbound_01,Europa / DER A1A26 (eobs 4004),45.33484,4.8990874,44.631557,4.774482,44.38245,3.7917814,82.70435598634533,78.81296,1,-0.95239055,-1.1073061
2022-09-13,Louis_DER_AU050_eobs_3264__2022__southbound_01,Louis / DER AU050 (eobs 3264),41.663284,0.9518922,41.664448,0.9522093,41.62831,0.9101869,5.323354906377049,0.13204072,0,-0.03497286,-0.041705295
2022-09-13,Rosalie_DER_A2M38_e-obs_6993__2022__southbound_01,Rosalie / DER A2M38 (e-obs 6993),41.580593,-0.7243477,41.597504,-0.75605613,41.55332,-0.77341473,5.120604347923749,3.2387333,0,-0.027270436,-0.049067028
2022-09-14,Europa_DER_A1A26_eobs_4004__2022__southbound_01,Europa / DER A1A26 (eobs 4004),44.631557,4.774482,44.54511,4.734018,43.89932,3.8653917,99.7366149830648,10.132805,1,-0.7322398,-0.90909004
2022-09-14,Louis_DER_AU050_eobs_3264__2022__southbound_01,Louis / DER AU050 (eobs 3264),41.664448,0.9522093,41.6597,0.9462659,41.6612,0.93184507,1.2095886351645733,0.72293913,0,-0.0032468066,-0.020364203
2022-09-14,Rosalie_DER_A2M38_e-obs_6993__2022__southbound_01,Rosalie / DER A2M38 (e-obs 6993),41.597504,-0.75605613,41.58151,-0.8437666,41.57803,-0.7924799,4.283410243290059,7.5080924,0,-0.019472733,-0.036423758
2022-09-15,Europa_DER_A1A26_eobs_4004__2022__southbound_01,Europa / DER A1A26 (eobs 4004),44.54511,4.734018,43.72909,4.466649,44.439617,4.539769,79.22250120209789,93.21169,1,-0.105489865,-0.19424868
2022-09-15,Louis_DER_AU050_eobs_3264__2022__southbound_01,Louis / DER AU050 (eobs 3264),41.6597,0.9462659,41.658264,0.95096874,41.60743,0.8439305,10.539815787566408,0.42200044,0,-0.052270025,-0.10233536
2022-09-15,Rosalie_DER_A2M38_e-obs_6993__2022__southbound_01,Rosalie / DER A2M38 (e-obs 6993),41.58151,-0.8437666,41.55801,-0.8609415,41.474503,-0.99287534,14.383557589098803,2.9782383,0,-0.10700469,-0.14910874
2022-09-16,Europa_DER_A1A26_eobs_4004__2022__southbound_01,Europa / DER A1A26 (eobs 4004),43.72909,4.466649,43.44547,3.7860465,42.915836,3.4861364,63.71551666077113,63.24101,1,-0.81325626,-0.98051256
2022-09-16,Louis_DER_AU050_eobs_3264__2022__southbound_01,Louis / DER AU050 (eobs 3264),41.658264,0.95096874,41.659363,0.9508428,41.648155,0.9567034,1.3379718159843816,0.12259513,0,-0.010109171,0.0057346895
2022-09-16,Rosalie_DER_A2M38_e-obs_6993__2022__southbound_01,Rosalie / DER A2M38 (e-obs 6993),41.55801,-0.8609415,41.556835,-0.86435926,41.484856,-0.9424399,10.310989872836535,0.31296083,0,-0.07315356,-0.081498355
2022-09-17,Europa_DER_A1A26_eobs_4004__2022__southbound_01,Europa / DER A1A26 (eobs 4004),43.44547,3.7860465,42.122757,2.681105,43.048203,3.2122698,111.71541289936336,172.5163,1,-0.39726782,-0.5737766
2022-09-17,Louis_DER_AU050_eobs_3264__2022__southbound_01,Louis / DER AU050 (eobs 3264),41.659363,0.9508428,41.663937,0.94867474,41.66455,0.94093406,0.6466238599576597,0.539522,0,0.005189553,-0.009908766
2022-09-18,Europa_DER_A1A26_eobs_4004__2022__southbound_01,Europa / DER A1A26 (eobs 4004),42.122757,2.681105,41.69894,0.4768853,41.36233,1.7074225,109.05391209833246,188.38208,1,-0.76042527,-0.9736824
2022-09-18,Louis_DER_AU050_eobs_3264__2022__southbound_01,Louis / DER AU050 (eobs 3264),41.663937,0.94867474,41.660225,0.9513677,41.668377,0.93858665,1.3960247845761593,0.4693443,0,0.004439041,-0.010088101
2022-09-19,Europa_DER_A1A26_eobs_4004__2022__southbound_01,Europa / DER A1A26 (eobs 4004),41.69894,0.4768853,41.585304,-0.7701303,41.08895,-0.465027,60.786613618482534,104.39005,1,-0.60998964,-0.9419123
2022-09-19,Louis_DER_AU050_eobs_3264__2022__southbound_01,Louis / DER AU050 (eobs 3264),41.660225,0.9513677,41.664238,0.9462204,41.65231,0.9384264,1.4760026391934662,0.61787087,0,-0.00791502,-0.0129412785
2022-09-20,Europa_DER_A1A26_eobs_4004__2022__southbound_01,Europa / DER A1A26 (eobs 4004),41.585304,-0.7701303,41.58544,-0.77625954,41.04872,-1.6068505,91.5061729139853,0.51000255,0,-0.5365826,-0.8367202
2022-09-20,Louis_DER_AU050_eobs_3264__2022__southbound_01,Louis / DER AU050 (eobs 3264),41.664238,0.9462204,41.66409,0.94866854,41.653152,0.8985516,4.337481863657455,0.20403267,0,-0.011086978,-0.047668785
2022-09-21,Europa_DER_A1A26_eobs_4004__2022__southbound_01,Europa / DER A1A26 (eobs 4004),41.58544,-0.77625954,41.579998,-0.8386821,41.44207,-0.99682134,20.21402756946116,5.227105,0,-0.14337121,-0.2205618
2022-09-21,Louis_DER_AU050_eobs_3264__2022__southbound_01,Louis / DER AU050 (eobs 3264),41.66409,0.94866854,41.65841,0.94916517,41.658726,0.9540236,0.40515166812136477,0.6327675,0,-0.005361691,0.00535506
2022-09-22,Europa_DER_A1A26_eobs_4004__2022__southbound_01,Europa / DER A1A26 (eobs 4004),41.579998,-0.8386821,41.54476,-0.9040432,41.386745,-1.1244856,25.418819899386147,6.70246,0,-0.19325224,-0.2858035
2022-09-22,Louis_DER_AU050_eobs_3264__2022__southbound_01,Louis / DER AU050 (eobs 3264),41.65841,0.94916517,41.663296,0.9509038,41.61368,0.9020854,6.847903517824016,0.5620198,0,-0.044727024,-0.047079742
2022-09-23,Europa_DER_A1A26_eobs_4004__2022__southbound_01,Europa / DER A1A26 (eobs 4004),41.54476,-0.9040432,40.35964,-3.4988678,41.278214,-1.2969664,211.56816699881736,254.64507,1,-0.26654768,-0.39292327
2022-09-23,Louis_DER_AU050_eobs_3264__2022__southbound_01,Louis / DER AU050 (eobs 3264),41.663296,0.9509038,41.66949,0.9510214,41.66908,0.9546272,0.3029922031030326,0.6888004,0,0.0057835504,0.003723465
2022-09-24,Europa_DER_A1A26_eobs_4004__2022__southbound_01,Europa / DER A1A26 (eobs 4004),40.35964,-3.4988678,40.261414,-3.6347303,39.69609,-4.3778567,89.22304919241087,15.874588,1,-0.66354924,-0.878989
2022-09-24,Louis_DER_AU050_eobs_3264__2022__southbound_01,Louis / DER AU050 (eobs 3264),41.66949,0.9510214,41.661243,0.9511114,41.673756,0.94326466,1.536400016792811,0.91697294,0,0.00426469,-0.0077567026
2022-09-25,Europa_DER_A1A26_eobs_4004__2022__southbound_01,Europa / DER A1A26 (eobs 4004),40.261414,-3.6347303,39.87214,-3.9784224,39.996204,-3.989663,13.828712312335503,52.24006,1,-0.26520878,-0.35493264
2022-09-25,Louis_DER_AU050_eobs_3264__2022__southbound_01,Louis / DER AU050 (eobs 3264),41.661243,0.9511114,41.658478,0.9513737,41.65112,0.9370228,1.4460458967148766,0.30827552,0,-0.010124274,-0.0140885785
2022-09-26,Europa_DER_A1A26_eobs_4004__2022__southbound_01,Europa / DER A1A26 (eobs 4004),39.87214,-3.9784224,39.85707,-4.165621,39.44229,-4.543645,56.34408322210036,16.064808,1,-0.42984837,-0.56522244
2022-09-26,Louis_DER_AU050_eobs_3264__2022__southbound_01,Louis / DER AU050 (eobs 3264),41.658478,0.9513737,41.65882,0.9506364,41.632824,0.9272078,3.485147187190304,0.072279364,0,-0.025654316,-0.024165899
2022-09-27,Europa_DER_A1A26_eobs_4004__2022__southbound_01,Europa / DER A1A26 (eobs 4004),39.85707,-4.165621,39.85726,-4.166196,39.653038,-4.459179,33.80778387334421,0.053488355,0,-0.20403275,-0.29355824
2022-09-27,Louis_DER_AU050_eobs_3264__2022__southbound_01,Louis / DER AU050 (eobs 3264),41.65882,0.9506364,41.661495,0.9509365,41.65198,0.92943895,2.075780462557998,0.29821277,0,-0.006840855,-0.021197423
2022-09-28,Europa_DER_A1A26_eobs_4004__2022__southbound_01,Europa / DER A1A26 (eobs 4004),39.85726,-4.166196,39.8569,-4.165379,39.762924,-4.2816043,14.41356577058064,0.08048585,0,-0.09433814,-0.115408316
2022-09-28,Louis_DER_AU050_eobs_3264__2022__southbound_01,Louis / DER AU050 (eobs 3264),41.661495,0.9509365,41.65895,0.9512425,41.665295,0.95672333,0.8395788332893894,0.28415862,0,0.003799811,0.0057868287
2022-09-29,Europa_DER_A1A26_eobs_4004__2022__southbound_01,Europa / DER A1A26 (eobs 4004),39.8569,-4.165379,39.85722,-4.165764,39.826294,-4.1533837,3.5975685670068107,0.048539326,0,-0.030606896,0.011995204
2022-09-29,Louis_DER_AU050_eobs_3264__2022__southbound_01,Louis / DER AU050 (eobs 3264),41.65895,0.9512425,41.658493,0.9508007,41.633728,0.93395543,3.0890632892381045,0.062680274,0,-0.025221772,-0.017287083
2022-09-30,Europa_DER_A1A26_eobs_4004__2022__southbound_01,Europa / DER A1A26 (eobs 4004),39.85722,-4.165764,39.857227,-4.165492,39.847088,-4.1666346,1.131669104237072,0.023235692,0,-0.010130286,-0.0008706376
2022-09-30,Louis_DER_AU050_eobs_3264__2022__southbound_01,Louis / DER AU050 (eobs 3264),41.658493,0.9508007,41.657722,0.9509309,41.62245,0.9010114,5.70875617551676,0.086151816,0,-0.03604162,-0.049789317
2022-10-01,Europa_DER_A1A26_eobs_4004__2022__southbound_01,Europa / DER A1A26 (eobs 4004),39.857227,-4.165492,39.85705,-4.165062,39.833805,-4.147344,2.994974159536735,0.041536424,0,-0.02342143,0.018147804
2022-10-01,Louis_DER_AU050_eobs_3264__2022__southbound_01,Louis / DER AU050 (eobs 3264),41.657722,0.9509309,41.657776,0.9511712,41.60223,0.8914209,7.9252431452737,0.020807263,0,-0.055493258,-0.059509978
2022-10-02,Europa_DER_A1A26_eobs_4004__2022__southbound_01,Europa / DER A1A26 (eobs 4004),39.85705,-4.165062,39.85704,-4.1655807,39.823547,-4.1516805,3.9087859667767573,0.04430339,0,-0.033505365,0.013381712
2022-10-02,Louis_DER_AU050_eobs_3264__2022__southbound_01,Louis / DER AU050 (eobs 3264),41.657776,0.9511712,41.650852,0.9534697,41.654163,0.96432996,0.9745390212615331,0.7932652,0,-0.003613852,0.013158731
2022-10-03,Europa_DER_A1A26_eobs_4004__2022__southbound_01,Europa / DER A1A26 (eobs 4004),39.85704,-4.1655807,39.85361,-4.1656814,39.797024,-4.222719,7.957248115364434,0.38167366,0,-0.060015608,-0.057138227
2022-10-03,Louis_DER_AU050_eobs_3264__2022__southbound_01,Louis / DER AU050 (eobs 3264),41.650852,0.9534697,41.657715,0.9514176,41.622498,0.93717957,4.090829039185378,0.7818136,0,-0.028353892,-0.016290106
2022-10-04,Europa_DER_A1A26_eobs_4004__2022__southbound_01,Europa / DER A1A26 (eobs 4004),39.85361,-4.1656814,39.85666,-4.2408013,39.813942,-4.1647735,8.043853017179526,6.421291,0,-0.039668273,0.000907667
2022-10-04,Louis_DER_AU050_eobs_3264__2022__southbound_01,Louis / DER AU050 (eobs 3264),41.657715,0.9514176,41.67065,0.94682825,41.65678,0.9379067,1.711121850102462,1.4880724,0,-0.00093610585,-0.013510935
2022-10-05,Europa_DER_A1A26_eobs_4004__2022__southbound_01,Europa / DER A1A26 (eobs 4004),39.85666,-4.2408013,39.85362,-4.1659856,39.784065,-4.310923,14.595972753866006,6.3952804,0,-0.07259301,-0.070121974
2022-10-05,Louis_DER_AU050_eobs_3264__2022__southbound_01,Louis / DER AU050 (eobs 3264),41.67065,0.94682825,41.644238,0.9576373,41.6698,0.93243325,3.530391781952951,3.0710762,0,-0.00084968656,-0.014394969
2022-10-06,Europa_DER_A1A26_eobs_4004__2022__southbound_01,Europa / DER A1A26 (eobs 4004),39.85362,-4.1659856,39.855686,-4.2382092,39.822113,-4.1301475,9.953061733551415,6.169369,0,-0.03150411,0.03583806
2022-10-06,Louis_DER_AU050_eobs_3264__2022__southbound_01,Louis / DER AU050 (eobs 3264),41.644238,0.9576373,41.64801,0.9574493,41.613792,0.9415629,4.027435442244338,0.4196131,0,-0.030446686,-0.016074397
2022-10-07,Europa_DER_A1A26_eobs_4004__2022__southbound_01,Europa / DER A1A26 (eobs 4004),39.855686,-4.2382092,39.855316,-4.166041,39.777435,-4.3191724,15.685985083799293,6.1604486,0,-0.07824975,-0.08096297
2022-10-07,Louis_DER_AU050_eobs_3264__2022__southbound_01,Louis / DER AU050 (eobs 3264),41.64801,0.9574493,41.65875,0.9519391,41.65153,0.96293527,1.2160067872830675,1.2787738,0,0.0035201535,0.0054859444
2022-10-08,Europa_DER_A1A26_eobs_4004__2022__southbound_01,Europa / DER A1A26 (eobs 4004),39.855316,-4.166041,39.857166,-4.164878,39.830997,-4.1371765,3.749718103781761,0.22824006,0,-0.024317734,0.028864376
2022-10-08,Louis_DER_AU050_eobs_3264__2022__southbound_01,Louis / DER AU050 (eobs 3264),41.65875,0.9519391,41.64098,0.958015,41.66065,0.94378877,2.486023687358411,2.0391748,0,0.0018998459,-0.008150309
2022-10-09,Europa_DER_A1A26_eobs_4004__2022__southbound_01,Europa / DER A1A26 (eobs 4004),39.857166,-4.164878,39.857105,-4.166179,39.84303,-4.1465178,2.295001987958488,0.11129922,0,-0.014139108,0.018360294
2022-10-09,Louis_DER_AU050_eobs_3264__2022__southbound_01,Louis / DER AU050 (eobs 3264),41.64098,0.958015,41.63425,0.94022936,41.62744,0.9580141,1.6607571461446784,1.6566998,0,-0.013539709,-9.4622374e-07
2022-10-10,Europa_DER_A1A26_eobs_4004__2022__southbound_01,Europa / DER A1A26 (eobs 4004),39.857105,-4.166179,39.855255,-4.165329,39.778526,-4.2541227,11.415151189145503,0.21808122,0,-0.0785776,-0.08794365
2022-10-10,Louis_DER_AU050_eobs_3264__2022__southbound_01,Louis / DER AU050 (eobs 3264),41.63425,0.94022936,41.538494,0.6148426,41.609104,0.8932721,24.45582346449659,29.08136,1,-0.025146693,-0.04695724
2022-10-11,Europa_DER_A1A26_eobs_4004__2022__southbound_01,Europa / DER A1A26 (eobs 4004),39.855255,-4.165329,39.853523,-4.189989,39.8293,-4.149988,4.349547979341243,2.113832,0,-0.025953472,0.015341036
2022-10-11,Louis_DER_AU050_eobs_3264__2022__southbound_01,Louis / DER AU050 (eobs 3264),41.538494,0.6148426,41.538704,0.6147031,41.391445,0.41189194,23.530977831270505,0.02594392,0,-0.14705008,-0.20295064
2022-10-12,Europa_DER_A1A26_eobs_4004__2022__southbound_01,Europa / DER A1A26 (eobs 4004),39.853523,-4.189989,39.85436,-4.237856,39.79779,-4.246434,6.3326137413204355,4.0870786,0,-0.055732924,-0.056444917
2022-10-12,Louis_DER_AU050_eobs_3264__2022__southbound_01,Louis / DER AU050 (eobs 3264),41.538704,0.6147031,41.538692,0.6181468,41.542614,0.6088445,0.8885599659187553,0.28662333,0,0.0039085597,-0.005858578
2022-10-13,Europa_DER_A1A26_eobs_4004__2022__southbound_01,Europa / DER A1A26 (eobs 4004),39.85436,-4.237856,39.853455,-4.166751,39.76169,-4.3422604,18.1350768379051,6.070499,0,-0.09267158,-0.10440469
2022-10-13,Louis_DER_AU050_eobs_3264__2022__southbound_01,Louis / DER AU050 (eobs 3264),41.538692,0.6181468,41.539528,0.6143338,41.534435,0.65636635,3.5440114051726535,0.33064634,0,-0.0042559057,0.03821955
2022-10-14,Europa_DER_A1A26_eobs_4004__2022__southbound_01,Europa / DER A1A26 (eobs 4004),39.853455,-4.166751,39.855793,-4.2449293,39.834774,-4.125191,10.486189228763878,6.6784935,0,-0.018681437,0.041559555
2022-10-14,Louis_DER_AU050_eobs_3264__2022__southbound_01,Louis / DER AU050 (eobs 3264),41.539528,0.6143338,41.54031,0.6171932,41.530354,0.59986824,1.8180064438673185,0.25348932,0,-0.009172849,-0.01446557
2022-10-15,Europa_DER_A1A26_eobs_4004__2022__southbound_01,Europa / DER A1A26 (eobs 4004),39.855793,-4.2449293,39.853657,-4.1669483,39.8044,-4.285329,11.497256726786244,6.6608067,0,-0.051390238,-0.040399425
2022-10-15,Louis_DER_AU050_eobs_3264__2022__southbound_01,Louis / DER AU050 (eobs 3264),41.54031,0.6171932,41.539574,0.61455595,41.53603,0.6492022,2.910463360043982,0.23428509,0,-0.0042809024,0.032008983
2022-10-16,Europa_DER_A1A26_eobs_4004__2022__southbound_01,Europa / DER A1A26 (eobs 4004),39.853657,-4.1669483,39.854702,-4.2406445,39.830666,-4.119055,10.71942334780165,6.291921,0,-0.022992,0.047893457
2022-10-16,Louis_DER_AU050_eobs_3264__2022__southbound_01,Louis / DER AU050 (eobs 3264),41.539574,0.61455595,41.541183,0.624586,41.48259,0.524973,10.54724907997857,0.85371745,0,-0.056984838,-0.089582965
2022-10-17,Europa_DER_A1A26_eobs_4004__2022__southbound_01,Europa / DER A1A26 (eobs 4004),39.854702,-4.2406445,39.85363,-4.1671476,39.823444,-4.2694316,9.355963124125857,6.274983,0,-0.031257138,-0.028787091
2022-10-17,Louis_DER_AU050_eobs_3264__2022__southbound_01,Louis / DER AU050 (eobs 3264),41.541183,0.624586,41.53941,0.6174957,41.538834,0.6401155,1.8837307483324475,0.6221683,0,-0.0023493543,0.015529491
2022-10-18,Europa_DER_A1A26_eobs_4004__2022__southbound_01,Europa / DER A1A26 (eobs 4004),39.85363,-4.1671476,39.844223,-4.260671,39.832165,-4.126444,11.538743593241856,8.052187,0,-0.021466687,0.04070369
2022-10-18,Louis_DER_AU050_eobs_3264__2022__southbound_01,Louis / DER AU050 (eobs 3264),41.53941,0.6174957,41.538746,0.6146516,41.509193,0.570813,4.910956609756077,0.24797596,0,-0.030217633,-0.046682723
2022-10-19,Europa_DER_A1A26_eobs_4004__2022__southbound_01,Europa / DER A1A26 (eobs 4004),39.844223,-4.260671,39.85428,-4.241106,39.78646,-4.309758,9.552137996600718,2.0097353,0,-0.057762984,-0.0490871
2022-10-19,Louis_DER_AU050_eobs_3264__2022__southbound_01,Louis / DER AU050 (eobs 3264),41.538746,0.6146516,41.54087,0.61933845,41.50751,0.5678033,5.671509606167136,0.45609736,0,-0.031233571,-0.046848275
2022-10-20,Europa_DER_A1A26_eobs_4004__2022__southbound_01,Europa / DER A1A26 (eobs 4004),39.85428,-4.241106,39.8566,-4.1673207,39.847084,-4.2099156,3.786995809621258,6.3036413,0,-0.0071932226,0.031190537
2022-10-20,Louis_DER_AU050_eobs_3264__2022__southbound_01,Louis / DER AU050 (eobs 3264),41.54087,0.61933845,41.539196,0.6276122,41.536762,0.6275051,0.27077064601556833,0.7133239,0,-0.0041072816,0.008166656
2022-10-21,Europa_DER_A1A26_eobs_4004__2022__southbound_01,Europa / DER A1A26 (eobs 4004),39.8566,-4.1673207,39.86001,-4.2381983,39.846092,-4.136046,8.856301698993523,6.0617127,0,-0.010508344,0.031274922
2022-10-21,Louis_DER_AU050_eobs_3264__2022__southbound_01,Louis / DER AU050 (eobs 3264),41.539196,0.6276122,41.537666,0.63729304,41.530933,0.636242,0.7537642375754048,0.8235549,0,-0.008261271,0.008629799
2022-10-22,Europa_DER_A1A26_eobs_4004__2022__southbound_01,Europa / DER A1A26 (eobs 4004),39.86001,-4.2381983,39.855923,-4.1669226,39.84735,-4.2400694,6.316514427722962,6.100814,0,-0.012658365,-0.0018712506
2022-10-23,Europa_DER_A1A26_eobs_4004__2022__southbound_01,Europa / DER A1A26 (eobs 4004),39.855923,-4.1669226,39.856693,-4.22614,39.841553,-4.131904,8.219030850748558,5.0555053,0,-0.014368914,0.035018586
2022-10-24,Europa_DER_A1A26_eobs_4004__2022__southbound_01,Europa / DER A1A26 (eobs 4004),39.856693,-4.22614,39.85703,-4.2360497,39.84498,-4.2311583,1.4035228844771286,0.84667885,0,-0.011713974,-0.005018361
2022-10-25,Europa_DER_A1A26_eobs_4004__2022__southbound_01,Europa / DER A1A26 (eobs 4004),39.85703,-4.2360497,39.85031,-4.24934,39.834156,-4.2561936,1.889280101547747,1.3581085,0,-0.022871532,-0.020143837
2022-10-26,Europa_DER_A1A26_eobs_4004__2022__southbound_01,Europa / DER A1A26 (eobs 4004),39.85031,-4.24934,39.85015,-4.257514,39.813107,-4.2784495,4.490364648765768,0.69803196,0,-0.037203465,-0.029109545
2022-10-27,Europa_DER_A1A26_eobs_4004__2022__southbound_01,Europa / DER A1A26 (eobs 4004),39.85015,-4.257514,39.849606,-4.252669,39.82684,-4.276276,3.2359168426104112,0.41804382,0,-0.02330979,-0.01876212
2022-10-28,Europa_DER_A1A26_eobs_4004__2022__southbound_01,Europa / DER A1A26 (eobs 4004),39.849606,-4.252669,39.85646,-4.2423134,39.83801,-4.229006,2.345270569455832,1.167168,0,-0.01159665,0.023662917
2022-10-29,Europa_DER_A1A26_eobs_4004__2022__southbound_01,Europa / DER A1A26 (eobs 4004),39.85646,-4.2423134,39.855812,-4.205393,39.85188,-4.218444,1.1968291947684495,3.152318,0,-0.0045818835,0.0238697
2022-10-30,Europa_DER_A1A26_eobs_4004__2022__southbound_01,Europa / DER A1A26 (eobs 4004),39.855812,-4.205393,39.846333,-4.25299,39.844566,-4.1708026,7.019302028849335,4.1976204,0,-0.011243917,0.034590237
2022-10-31,Europa_DER_A1A26_eobs_4004__2022__southbound_01,Europa / DER A1A26 (eobs 4004),39.846333,-4.25299,39.8499,-4.259135,39.828613,-4.251969,2.444698172582241,0.6577313,0,-0.017720051,0.0010209233
2022-11-01,Europa_DER_A1A26_eobs_4004__2022__southbound_01,Europa / DER A1A26 (eobs 4004),39.8499,-4.259135,39.856583,-4.24948,39.84976,-4.248249,0.7660878822001236,1.1095884,0,-0.00014065951,0.010885499
2022-11-02,Europa_DER_A1A26_eobs_4004__2022__southbound_01,Europa / DER A1A26 (eobs 4004),39.856583,-4.24948,39.846252,-4.2647414,39.852325,-4.216163,4.201654170603474,1.7367662,0,-0.0042575896,0.03331668
2022-11-03,Europa_DER_A1A26_eobs_4004__2022__southbound_01,Europa / DER A1A26 (eobs 4004),39.846252,-4.2647414,39.851704,-4.2570753,39.827,-4.2607493,2.7648139639341034,0.891838,0,-0.019253395,0.003991872
2022-11-04,Europa_DER_A1A26_eobs_4004__2022__southbound_01,Europa / DER A1A26 (eobs 4004),39.851704,-4.2570753,39.848965,-4.266041,39.848858,-4.231229,2.9718716194828563,0.82364887,0,-0.0028452352,0.025846444
2022-11-05,Europa_DER_A1A26_eobs_4004__2022__southbound_01,Europa / DER A1A26 (eobs 4004),39.848965,-4.266041,39.84838,-4.265964,39.83782,-4.263019,1.201151465510581,0.06532381,0,-0.01114665,0.003021717
2022-11-06,Europa_DER_A1A26_eobs_4004__2022__southbound_01,Europa / DER A1A26 (eobs 4004),39.84838,-4.265964,39.856464,-4.266269,39.819595,-4.2420735,4.590755186245365,0.89909595,0,-0.028784953,0.023890324
2022-11-07,Europa_DER_A1A26_eobs_4004__2022__southbound_01,Europa / DER A1A26 (eobs 4004),39.856464,-4.266269,39.852993,-4.209228,39.85783,-4.237076,2.437187909959851,4.8843994,0,0.0013647228,0.02919335
2022-11-08,Europa_DER_A1A26_eobs_4004__2022__southbound_01,Europa / DER A1A26 (eobs 4004),39.852993,-4.209228,39.848995,-4.266047,39.84111,-4.169993,8.247196102592932,4.870731,0,-0.01188162,0.039235227
2022-11-09,Europa_DER_A1A26_eobs_4004__2022__southbound_01,Europa / DER A1A26 (eobs 4004),39.848995,-4.266047,39.851402,-4.2512064,39.842022,-4.253298,1.0582189238633388,1.2947984,0,-0.006974973,0.012749247
2022-11-10,Europa_DER_A1A26_eobs_4004__2022__southbound_01,Europa / DER A1A26 (eobs 4004),39.851402,-4.2512064,39.847546,-4.2702208,39.8407,-4.2243547,3.9891253428116995,1.6788815,0,-0.010704465,0.02685184
2022-11-11,Europa_DER_A1A26_eobs_4004__2022__southbound_01,Europa / DER A1A26 (eobs 4004),39.847546,-4.2702208,39.847927,-4.26829,39.83314,-4.2629685,1.70572813644234,0.1701635,0,-0.014404319,0.0072521865
2022-11-12,Europa_DER_A1A26_eobs_4004__2022__southbound_01,Europa / DER A1A26 (eobs 4004),39.847927,-4.26829,39.847916,-4.27084,39.837673,-4.236783,3.1227634841552803,0.21768662,0,-0.010255314,0.031507067
2022-11-13,Europa_DER_A1A26_eobs_4004__2022__southbound_01,Europa / DER A1A26 (eobs 4004),39.847916,-4.27084,39.856754,-4.167861,39.844196,-4.2647376,8.387089058044513,8.845493,0,-0.0037196279,0.0061025694
2022-11-14,Europa_DER_A1A26_eobs_4004__2022__southbound_01,Europa / DER A1A26 (eobs 4004),39.856754,-4.167861,39.85351,-4.177822,39.84637,-4.128716,4.266597797306289,0.9236729,0,-0.010381728,0.039144896
2022-11-15,Europa_DER_A1A26_eobs_4004__2022__southbound_01,Europa / DER A1A26 (eobs 4004),39.85351,-4.177822,39.848587,-4.27088,39.844845,-4.168592,8.74238727587811,7.9628267,0,-0.008668698,0.009229958
2022-11-16,Europa_DER_A1A26_eobs_4004__2022__southbound_01,Europa / DER A1A26 (eobs 4004),39.848587,-4.27088,39.847897,-4.270175,39.84258,-4.266476,0.670338553114214,0.09748509,0,-0.006007597,0.0044039562
2022-11-17,Europa_DER_A1A26_eobs_4004__2022__southbound_01,Europa / DER A1A26 (eobs 4004),39.847897,-4.270175,39.84786,-4.2702074,39.833035,-4.251723,2.28205011885204,0.0050944844,0,-0.014863476,0.01845204
2022-11-18,Europa_DER_A1A26_eobs_4004__2022__southbound_01,Europa / DER A1A26 (eobs 4004),39.84786,-4.2702074,39.856686,-4.2699175,39.836155,-4.264911,2.3225761027097587,0.98193085,0,-0.011704743,0.0052961037
2022-11-19,Europa_DER_A1A26_eobs_4004__2022__southbound_01,Europa / DER A1A26 (eobs 4004),39.856686,-4.2699175,39.84718,-4.269938,39.859497,-4.25727,1.7451022297422665,1.0574111,0,0.0028117895,0.012647636
2022-11-20,Europa_DER_A1A26_eobs_4004__2022__southbound_01,Europa / DER A1A26 (eobs 4004),39.84718,-4.269938,39.856407,-4.249142,39.835873,-4.2529383,2.3062212703599805,2.0505922,0,-0.011308074,0.016999893
2022-11-21,Europa_DER_A1A26_eobs_4004__2022__southbound_01,Europa / DER A1A26 (eobs 4004),39.856407,-4.249142,39.85697,-4.256775,39.851807,-4.2339187,2.033825929649505,0.6545116,0,-0.0045993105,0.0152236
2022-11-22,Europa_DER_A1A26_eobs_4004__2022__southbound_01,Europa / DER A1A26 (eobs 4004),39.85697,-4.256775,39.841156,-4.2567496,39.851677,-4.2575407,1.1718239495066802,1.758546,0,-0.0052960888,-0.0007660091
2023-06-18,Bembo_Sparky_DER_AU891_eobs_3042__2023__southbound_01,Bembo Sparky / DER AU891 (eobs 3042),49.20547,10.685681,49.22171,10.674206,49.18553,10.68375,4.082205068464315,1.9890206,0,-0.01993917,-0.0019307807
2023-06-19,Bembo_Sparky_DER_AU891_eobs_3042__2023__southbound_01,Bembo Sparky / DER AU891 (eobs 3042),49.22171,10.674206,49.2223,10.67814,49.209743,10.665072,1.6884090009750845,0.2931164,0,-0.011967629,-0.009133592
2023-06-20,Bembo_Sparky_DER_AU891_eobs_3042__2023__southbound_01,Bembo Sparky / DER AU891 (eobs 3042),49.2223,10.67814,49.219353,10.66665,49.2024,10.668299,1.8888378445110847,0.89653236,0,-0.019903183,-0.009841323
2023-06-21,Bembo_Sparky_DER_AU891_eobs_3042__2023__southbound_01,Bembo Sparky / DER AU891 (eobs 3042),49.219353,10.66665,49.24103,10.671882,49.199986,10.651309,4.802468341795147,2.4403026,0,-0.019365624,-0.01534041
2023-06-22,Bembo_Sparky_DER_AU891_eobs_3042__2023__southbound_01,Bembo Sparky / DER AU891 (eobs 3042),49.24103,10.671882,49.22773,10.6759615,49.221046,10.655201,1.6808663052159125,1.5083125,0,-0.019983597,-0.016680993
2023-06-23,Bembo_Sparky_DER_AU891_eobs_3042__2023__southbound_01,Bembo Sparky / DER AU891 (eobs 3042),49.22773,10.6759615,49.221622,10.660913,49.205402,10.663759,1.8154012341371604,1.286673,0,-0.02232869,-0.012202352
2023-06-24,Bembo_Sparky_DER_AU891_eobs_3042__2023__southbound_01,Bembo Sparky / DER AU891 (eobs 3042),49.221622,10.660913,49.22866,10.669339,49.193768,10.659449,3.9458924557112844,0.99327654,0,-0.02785495,-0.0014647543
2023-06-25,Bembo_Sparky_DER_AU891_eobs_3042__2023__southbound_01,Bembo Sparky / DER AU891 (eobs 3042),49.22866,10.669339,49.234596,10.671603,49.21035,10.66277,2.7713247310769287,0.6804106,0,-0.018311508,-0.0065685213
2023-06-26,Bembo_Sparky_DER_AU891_eobs_3042__2023__southbound_01,Bembo Sparky / DER AU891 (eobs 3042),49.234596,10.671603,49.21611,10.665577,49.218822,10.66539,0.3018942489977306,2.1016243,0,-0.015773542,-0.0062133744
2023-06-26,Wingersdorf_3_12176_AEH99__2023__southbound_01,Wingersdorf 3 12176 AEH99,49.78542,10.863453,49.785416,10.863499,49.773605,10.858379,1.3637202170896217,0.0033437375,0,-0.011814661,-0.0050736666
2023-06-27,Bembo_Sparky_DER_AU891_eobs_3042__2023__southbound_01,Bembo Sparky / DER AU891 (eobs 3042),49.21611,10.665577,49.21887,10.680465,49.19133,10.661011,3.372549808518569,1.1238353,0,-0.02478069,-0.004566662
2023-06-27,Wingersdorf_1_12174_A1X36__2023__southbound_01,Wingersdorf 1 12174 A1X36,49.785423,10.863505,49.785393,10.863466,49.75367,10.854285,3.5885382569486977,0.004234044,0,-0.03175515,-0.009220339
2023-06-27,Wingersdorf_3_12176_AEH99__2023__southbound_01,Wingersdorf 3 12176 AEH99,49.785416,10.863499,49.785435,10.863471,49.758373,10.86961,3.041223213667823,0.002721608,0,-0.027041249,0.0061114877
2023-06-28,Bembo_Sparky_DER_AU891_eobs_3042__2023__southbound_01,Bembo Sparky / DER AU891 (eobs 3042),49.21887,10.680465,49.219704,10.661834,49.193935,10.683833,3.280882624634084,1.3563328,0,-0.024931394,0.0033679605
2023-06-28,Wingersdorf_1_12174_A1X36__2023__southbound_01,Wingersdorf 1 12174 A1X36,49.785393,10.863466,49.78438,10.865927,49.73967,10.842623,5.245977918382319,0.20945834,0,-0.045723144,-0.020843118
2023-06-28,Wingersdorf_3_12176_AEH99__2023__southbound_01,Wingersdorf 3 12176 AEH99,49.785435,10.863471,49.784626,10.86398,49.76052,10.864444,2.6805720650828877,0.09692981,0,-0.024915397,0.00097281486
2023-06-29,Bembo_Sparky_DER_AU891_eobs_3042__2023__southbound_01,Bembo Sparky / DER AU891 (eobs 3042),49.219704,10.661834,49.23122,10.667849,49.199196,10.642566,4.006596438459056,1.3528659,0,-0.020509683,-0.019268133
2023-06-29,Wingersdorf_1_12174_A1X36__2023__southbound_01,Wingersdorf 1 12174 A1X36,49.78438,10.865927,49.78348,10.863416,49.75639,10.851549,3.130717498246929,0.20628187,0,-0.02799175,-0.014377922
2023-06-29,Wingersdorf_3_12176_AEH99__2023__southbound_01,Wingersdorf 3 12176 AEH99,49.784626,10.86398,49.783455,10.8634,49.762802,10.855256,2.3697915612543334,0.1368272,0,-0.021825448,-0.008724444
2023-06-30,Bembo_Sparky_DER_AU891_eobs_3042__2023__southbound_01,Bembo Sparky / DER AU891 (eobs 3042),49.23122,10.667849,49.216145,10.665158,49.21192,10.649291,1.2445237270452327,1.6876771,0,-0.019300431,-0.018557467
2023-06-30,Wingersdorf_1_12174_A1X36__2023__southbound_01,Wingersdorf 1 12174 A1X36,49.78348,10.863416,49.783813,10.863448,49.7555,10.839194,3.5979623524875017,0.037057925,0,-0.02797947,-0.024221852
2023-06-30,Wingersdorf_3_12176_AEH99__2023__southbound_01,Wingersdorf 3 12176 AEH99,49.783455,10.8634,49.78342,10.863437,49.765038,10.848524,2.307622571190144,0.0045635565,0,-0.018418893,-0.014876023
2023-07-01,Bembo_Sparky_DER_AU891_eobs_3042__2023__southbound_01,Bembo Sparky / DER AU891 (eobs 3042),49.216145,10.665158,49.215637,10.665437,49.187237,10.644893,3.4929677605411467,0.060059372,0,-0.02890949,-0.02026581
2023-07-01,Wingersdorf_1_12174_A1X36__2023__southbound_01,Wingersdorf 1 12174 A1X36,49.783813,10.863448,49.78539,10.863478,49.751022,10.841179,4.143404582527767,0.17525616,0,-0.03279008,-0.022269025
2023-07-01,Wingersdorf_3_12176_AEH99__2023__southbound_01,Wingersdorf 3 12176 AEH99,49.78342,10.863437,49.78541,10.863459,49.757256,10.849793,3.281038951910136,0.22146176,0,-0.026163384,-0.013643697
2023-07-02,Bembo_Sparky_DER_AU891_eobs_3042__2023__southbound_01,Bembo Sparky / DER AU891 (eobs 3042),49.215637,10.665437,49.211945,10.681286,49.193897,10.65762,2.642602318842084,1.2222085,0,-0.021739535,-0.007816553
2023-07-02,Wingersdorf_1_12174_A1X36__2023__southbound_01,Wingersdorf 1 12174 A1X36,49.78539,10.863478,49.781372,10.85903,49.758656,10.849155,2.623619187466854,0.5490345,0,-0.026733965,-0.014321826
2023-07-02,Wingersdorf_3_12176_AEH99__2023__southbound_01,Wingersdorf 3 12176 AEH99,49.78541,10.863459,49.781364,10.85915,49.76558,10.853371,1.8036351421513768,0.5461984,0,-0.019832522,-0.010087684
2023-07-03,Bembo_Sparky_DER_AU891_eobs_3042__2023__southbound_01,Bembo Sparky / DER AU891 (eobs 3042),49.211945,10.681286,49.194275,10.677842,49.191383,10.6831875,0.5042412406817567,1.9807013,0,-0.020560086,0.0019015297
2023-07-03,Wingersdorf_1_12174_A1X36__2023__southbound_01,Wingersdorf 1 12174 A1X36,49.781372,10.85903,49.781322,10.858034,49.7492,10.843272,3.7260147380863096,0.07170193,0,-0.032174163,-0.015757784
2023-07-03,Wingersdorf_2_12175_AEH98__2023__southbound_01,Wingersdorf 2 12175 AEH98,49.78135,10.8590145,49.78131,10.858106,49.763103,10.858999,2.025606724655216,0.065346435,0,-0.01824677,-1.5504658e-05
2023-07-03,Wingersdorf_3_12176_AEH99__2023__southbound_01,Wingersdorf 3 12176 AEH99,49.781364,10.85915,49.781315,10.858152,49.76159,10.856555,2.196409656691418,0.07182477,0,-0.019773968,-0.0025952235
2023-07-04,Bembo_Sparky_DER_AU891_eobs_3042__2023__southbound_01,Bembo Sparky / DER AU891 (eobs 3042),49.194275,10.677842,49.20986,10.679684,49.174515,10.673307,3.957628913172593,1.7384518,0,-0.019760057,-0.0045350567
2023-07-04,Wingersdorf_1_12174_A1X36__2023__southbound_01,Wingersdorf 1 12174 A1X36,49.781322,10.858034,49.785015,10.861265,49.75158,10.844546,3.906983154406625,0.47177148,0,-0.029742077,-0.013488099
2023-07-04,Wingersdorf_2_12175_AEH98__2023__southbound_01,Wingersdorf 2 12175 AEH98,49.78131,10.858106,49.78488,10.861091,49.764442,10.8560295,2.30160828356278,0.45116577,0,-0.01686892,-0.0020760223
2023-07-04,Wingersdorf_3_12176_AEH99__2023__southbound_01,Wingersdorf 3 12176 AEH99,49.781315,10.858152,49.784916,10.861145,49.762604,10.853931,2.534504347533565,0.45443037,0,-0.018712506,-0.0042205006
2023-07-05,Bembo_Sparky_DER_AU891_eobs_3042__2023__southbound_01,Bembo Sparky / DER AU891 (eobs 3042),49.20986,10.679684,49.204113,10.687023,49.192017,10.664553,2.1153989588789095,0.8324079,0,-0.017843619,-0.015131198
2023-07-05,Wingersdorf_1_12174_A1X36__2023__southbound_01,Wingersdorf 1 12174 A1X36,49.785015,10.861265,49.782024,10.860693,49.762283,10.846796,2.411320698692569,0.33546528,0,-0.022731304,-0.014468767
2023-07-05,Wingersdorf_2_12175_AEH98__2023__southbound_01,Wingersdorf 2 12175 AEH98,49.78488,10.861091,49.781895,10.860813,49.76869,10.856163,1.5059816055525805,0.33288187,0,-0.01619336,-0.0049279407
2023-07-05,Wingersdorf_3_12176_AEH99__2023__southbound_01,Wingersdorf 3 12176 AEH99,49.784916,10.861145,49.78201,10.860628,49.767498,10.8526325,1.712671942784007,0.32502607,0,-0.017418869,-0.008512408
2023-07-06,Baunach_1_9698_ABR25__2023__southbound_01,Baunach 1 9698 ABR25,49.985916,10.851286,49.985916,10.851297,49.963654,10.8338,2.77374896826581,0.0008116429,0,-0.022261389,-0.017485887
2023-07-06,Bembo_Sparky_DER_AU891_eobs_3042__2023__southbound_01,Bembo Sparky / DER AU891 (eobs 3042),49.204113,10.687023,49.21324,10.669514,49.17954,10.673224,3.7572783779415104,1.6272455,0,-0.024574563,-0.013798475
2023-07-06,Wingersdorf_1_12174_A1X36__2023__southbound_01,Wingersdorf 1 12174 A1X36,49.782024,10.860693,49.78379,10.863519,49.751335,10.839149,4.010889394914397,0.2826614,0,-0.030690707,-0.02154313
2023-07-06,Wingersdorf_2_12175_AEH98__2023__southbound_01,Wingersdorf 2 12175 AEH98,49.781895,10.860813,49.783936,10.863484,49.76088,10.849726,2.7475223247588674,0.29723805,0,-0.021016575,-0.011087328
2023-07-06,Wingersdorf_3_12176_AEH99__2023__southbound_01,Wingersdorf 3 12176 AEH99,49.78201,10.860628,49.783882,10.863539,49.75939,10.847512,2.9564303791452664,0.29503322,0,-0.022618927,-0.013116218
2023-07-07,Baunach_1_9698_ABR25__2023__southbound_01,Baunach 1 9698 ABR25,49.985916,10.851297,49.985916,10.851291,49.96718,10.839022,2.2607369875655707,0.0005190749,0,-0.018737778,-0.012276031
2023-07-07,Bembo_Sparky_DER_AU891_eobs_3042__2023__southbound_01,Bembo Sparky / DER AU891 (eobs 3042),49.21324,10.669514,49.194843,10.67918,49.196537,10.652614,1.9395802396697421,2.1631217,0,-0.016703479,-0.016900383
2023-07-07,Wingersdorf_1_12174_A1X36__2023__southbound_01,Wingersdorf 1 12174 A1X36,49.78379,10.863519,49.78403,10.8636675,49.761745,10.844649,2.8294650209632874,0.028692264,0,-0.022044122,-0.018869422
2023-07-07,Wingersdorf_2_12175_AEH98__2023__southbound_01,Wingersdorf 2 12175 AEH98,49.783936,10.863484,49.784,10.863549,49.767063,10.851119,2.0841495092406332,0.008626378,0,-0.016873516,-0.012365572
2023-07-07,Wingersdorf_3_12176_AEH99__2023__southbound_01,Wingersdorf 3 12176 AEH99,49.783882,10.863539,49.783894,10.863568,49.765358,10.848788,2.318287942323142,0.0024446829,0,-0.018522494,-0.014750399
2023-07-08,Baunach_1_9698_ABR25__2023__southbound_01,Baunach 1 9698 ABR25,49.985916,10.851291,49.9859,10.851284,49.974358,10.840061,1.5137672665529114,0.0017222071,0,-0.011559509,-0.011229768
2023-07-08,Bembo_Sparky_DER_AU891_eobs_3042__2023__southbound_01,Bembo Sparky / DER AU891 (eobs 3042),49.194843,10.67918,49.2151,10.671924,49.17838,10.670423,4.08457057006614,2.3132896,0,-0.016465388,-0.008758031
2023-07-08,Wingersdorf_1_12174_A1X36__2023__southbound_01,Wingersdorf 1 12174 A1X36,49.78403,10.8636675,49.782597,10.861876,49.764946,10.854514,2.032604864412858,0.20492473,0,-0.019085445,-0.009152971
2023-07-08,Wingersdorf_2_12175_AEH98__2023__southbound_01,Wingersdorf 2 12175 AEH98,49.784,10.863549,49.782448,10.861274,49.77061,10.862859,1.3211283869520258,0.23785172,0,-0.013388999,-0.00069055706
2023-07-08,Wingersdorf_3_12176_AEH99__2023__southbound_01,Wingersdorf 3 12176 AEH99,49.783894,10.863568,49.783062,10.862065,49.766792,10.86284,1.809963219476,0.14212969,0,-0.017102927,-0.0007281974
2023-07-09,Baunach_1_9698_ABR25__2023__southbound_01,Baunach 1 9698 ABR25,49.9859,10.851284,49.985905,10.851282,49.971252,10.837607,1.9001693376098954,0.00063329464,0,-0.014649048,-0.013676606
2023-07-09,Bembo_Sparky_DER_AU891_eobs_3042__2023__southbound_01,Bembo Sparky / DER AU891 (eobs 3042),49.2151,10.671924,49.222355,10.673285,49.197285,10.653334,3.1419099317682684,0.8127801,0,-0.017813668,-0.018590055
2023-07-09,Wingersdorf_1_12174_A1X36__2023__southbound_01,Wingersdorf 1 12174 A1X36,49.782597,10.861876,49.7824,10.860749,49.75818,10.836029,3.225588982521161,0.08383456,0,-0.024418563,-0.025846146
2023-07-09,Wingersdorf_2_12175_AEH98__2023__southbound_01,Wingersdorf 2 12175 AEH98,49.782448,10.861274,49.782333,10.8608,49.768204,10.845735,1.9075657448402783,0.036203362,0,-0.014245853,-0.015539348
2023-07-09,Wingersdorf_3_12176_AEH99__2023__southbound_01,Wingersdorf 3 12176 AEH99,49.783062,10.862065,49.78237,10.860884,49.766644,10.844744,2.098060407787996,0.114350736,0,-0.016418599,-0.017321497
2023-07-10,Baunach_1_9698_ABR25__2023__southbound_01,Baunach 1 9698 ABR25,49.985905,10.851282,49.985905,10.851282,49.970947,10.834424,2.054109943866825,0.00014735539,0,-0.014957905,-0.016857803
2023-07-10,Bembo_Sparky_DER_AU891_eobs_3042__2023__southbound_01,Bembo Sparky / DER AU891 (eobs 3042),49.222355,10.673285,49.205357,10.677185,49.203075,10.658292,1.3958531904772185,1.9111258,0,-0.019279353,-0.014992818
2023-07-10,Wingersdorf_1_12174_A1X36__2023__southbound_01,Wingersdorf 1 12174 A1X36,49.7824,10.860749,49.782635,10.859452,49.756805,10.834701,3.3776778641474245,0.0967873,0,-0.025593393,-0.026048861
2023-07-10,Wingersdorf_2_12175_AEH98__2023__southbound_01,Wingersdorf 2 12175 AEH98,49.782333,10.8608,49.78242,10.859313,49.76767,10.845855,1.903814077692455,0.10716629,0,-0.014664173,-0.014945321
2023-07-10,Wingersdorf_3_12176_AEH99__2023__southbound_01,Wingersdorf 3 12176 AEH99,49.78237,10.860884,49.782566,10.859254,49.764534,10.844776,2.2585899114529138,0.11898464,0,-0.017837659,-0.016107485
2023-07-11,Baunach_1_9698_ABR25__2023__southbound_01,Baunach 1 9698 ABR25,49.985905,10.851282,49.98591,10.851308,49.960938,10.837285,2.9521987273603054,0.0018889349,0,-0.024967678,-0.0139969215
2023-07-11,Bembo_Sparky_DER_AU891_eobs_3042__2023__southbound_01,Bembo Sparky / DER AU891 (eobs 3042),49.205357,10.677185,49.204056,10.679876,49.17535,10.659345,3.5234457095546325,0.24330093,0,-0.03000494,-0.017840676
2023-07-11,Wingersdorf_1_12174_A1X36__2023__southbound_01,Wingersdorf 1 12174 A1X36,49.782635,10.859452,49.771656,10.807051,49.74495,10.83496,3.5830362001362928,3.955724,0,-0.037684977,-0.024492405
2023-07-11,Wingersdorf_2_12175_AEH98__2023__southbound_01,Wingersdorf 2 12175 AEH98,49.78242,10.859313,49.76508,10.802957,49.75733,10.842823,2.9903589790776475,4.4828224,0,-0.025089353,-0.016489603
2023-07-11,Wingersdorf_3_12176_AEH99__2023__southbound_01,Wingersdorf 3 12176 AEH99,49.782566,10.859254,49.757633,10.802373,49.75471,10.841604,2.836914011784652,4.936976,0,-0.027854197,-0.017649889
2023-07-12,Baunach_1_9698_ABR25__2023__southbound_01,Baunach 1 9698 ABR25,49.98591,10.851308,49.985916,10.8512945,49.96338,10.848504,2.513961753961073,0.0011753271,0,-0.022529759,-0.002803415
2023-07-12,Bembo_Sparky_DER_AU891_eobs_3042__2023__southbound_01,Bembo Sparky / DER AU891 (eobs 3042),49.204056,10.679876,49.221523,10.671919,49.177322,10.667084,4.9274618811760025,2.02647,0,-0.026735239,-0.012792312
2023-07-12,Wingersdorf_1_12174_A1X36__2023__southbound_01,Wingersdorf 1 12174 A1X36,49.771656,10.807051,49.755196,10.794039,49.743134,10.777191,1.8066889177246228,2.0554264,0,-0.028524227,-0.029859848
2023-07-12,Wingersdorf_2_12175_AEH98__2023__southbound_01,Wingersdorf 2 12175 AEH98,49.76508,10.802957,49.758877,10.80124,49.75046,10.788864,1.2907484097713517,0.7008097,0,-0.014617354,-0.014092289
2023-07-12,Wingersdorf_3_12176_AEH99__2023__southbound_01,Wingersdorf 3 12176 AEH99,49.757633,10.802373,49.759766,10.802735,49.740246,10.786991,2.44757230911424,0.23855685,0,-0.017387167,-0.015382178
2023-07-13,Baunach_1_9698_ABR25__2023__southbound_01,Baunach 1 9698 ABR25,49.985916,10.8512945,49.985893,10.851286,49.957874,10.831071,3.4346547117208437,0.002579786,0,-0.02804219,-0.020223908
2023-07-13,Bembo_Sparky_DER_AU891_eobs_3042__2023__southbound_01,Bembo Sparky / DER AU891 (eobs 3042),49.221523,10.671919,49.234596,10.681938,49.192146,10.650907,5.230804022711328,1.6256069,0,-0.029375419,-0.021012709
2023-07-13,Wingersdorf_1_12174_A1X36__2023__southbound_01,Wingersdorf 1 12174 A1X36,49.755196,10.794039,49.74965,10.766197,49.715847,10.765406,3.759050224125635,2.0930848,0,-0.03934895,-0.028632902
2023-07-13,Wingersdorf_2_12175_AEH98__2023__southbound_01,Wingersdorf 2 12175 AEH98,49.758877,10.80124,49.761154,10.803541,49.731144,10.786344,3.558424854602142,0.3025522,0,-0.027731605,-0.014896043
2023-07-13,Wingersdorf_3_12176_AEH99__2023__southbound_01,Wingersdorf 3 12176 AEH99,49.759766,10.802735,49.760914,10.8046,49.731213,10.7834215,3.6363328448687877,0.18488984,0,-0.028554365,-0.019314066
2023-07-14,Baunach_1_9698_ABR25__2023__southbound_01,Baunach 1 9698 ABR25,49.985893,10.851286,49.985886,10.851063,49.960808,10.843336,2.8427508548882314,0.015988506,0,-0.025085218,-0.007950127
2023-07-14,Bembo_Sparky_DER_AU891_eobs_3042__2023__southbound_01,Bembo Sparky / DER AU891 (eobs 3042),49.234596,10.681938,49.232216,10.693,49.20991,10.669418,3.014014906076734,0.8456195,0,-0.024686038,-0.012520067
2023-07-14,Wingersdorf_1_12174_A1X36__2023__southbound_01,Wingersdorf 1 12174 A1X36,49.74965,10.766197,49.750473,10.784902,49.70097,10.729231,6.805401827634013,1.3469425,0,-0.048679795,-0.036966607
2023-07-14,Wingersdorf_2_12175_AEH98__2023__southbound_01,Wingersdorf 2 12175 AEH98,49.761154,10.803541,49.774445,10.825792,49.74009,10.797553,4.325325740944003,2.1766887,0,-0.021064363,-0.00598792
2023-07-14,Wingersdorf_3_12176_AEH99__2023__southbound_01,Wingersdorf 3 12176 AEH99,49.760914,10.8046,49.760223,10.808959,49.73638,10.798202,2.761466671887953,0.32240203,0,-0.024530873,-0.0063982084
2023-07-15,Baunach_1_9698_ABR25__2023__southbound_01,Baunach 1 9698 ABR25,49.985886,10.851063,49.985874,10.851046,49.968952,10.831753,2.333211110022582,0.0018594788,0,-0.016935058,-0.01931031
2023-07-15,Bembo_Sparky_DER_AU891_eobs_3042__2023__southbound_01,Bembo Sparky / DER AU891 (eobs 3042),49.232216,10.693,49.21342,10.674335,49.20885,10.680975,0.7006470742657728,2.491059,0,-0.023365617,-0.012025207
2023-07-15,Wingersdorf_1_12174_A1X36__2023__southbound_01,Wingersdorf 1 12174 A1X36,49.750473,10.784902,49.755844,10.798123,49.729866,10.767281,3.6408767322933624,1.1220196,0,-0.020608507,-0.017621368
2023-07-15,Wingersdorf_2_12175_AEH98__2023__southbound_01,Wingersdorf 2 12175 AEH98,49.774445,10.825792,49.773247,10.827363,49.76037,10.813983,1.7245666720403607,0.17453566,0,-0.014076211,-0.011809096
2023-07-15,Wingersdorf_3_12176_AEH99__2023__southbound_01,Wingersdorf 3 12176 AEH99,49.760223,10.808959,49.6864,10.799389,49.74129,10.796926,6.106031473829037,8.237122,0,-0.01893276,-0.0120331645
2023-07-16,Baunach_1_9698_ABR25__2023__southbound_01,Baunach 1 9698 ABR25,49.985874,10.851046,49.98587,10.851079,49.96225,10.827966,3.1033170402513446,0.002397288,0,-0.023622744,-0.023079954
2023-07-16,Bembo_Sparky_DER_AU891_eobs_3042__2023__southbound_01,Bembo Sparky / DER AU891 (eobs 3042),49.21342,10.674335,49.227333,10.679519,49.18963,10.654271,4.576179334687882,1.592194,0,-0.023791403,-0.020063534
2023-07-16,Wingersdorf_1_12174_A1X36__2023__southbound_01,Wingersdorf 1 12174 A1X36,49.755844,10.798123,49.758503,10.801002,49.727997,10.772706,3.9548008572368554,0.36081284,0,-0.02784735,-0.02541691
2023-07-16,Wingersdorf_2_12175_AEH98__2023__southbound_01,Wingersdorf 2 12175 AEH98,49.773247,10.827363,49.701996,10.835853,49.749104,10.811629,5.519964268863221,7.9464054,0,-0.024141453,-0.01573345
2023-07-16,Wingersdorf_3_12176_AEH99__2023__southbound_01,Wingersdorf 3 12176 AEH99,49.6864,10.799389,49.70206,10.835806,49.66127,10.782427,5.943214831108944,3.1451771,0,-0.025130816,-0.016961984
2023-07-17,Baunach_1_9698_ABR25__2023__southbound_01,Baunach 1 9698 ABR25,49.98587,10.851079,49.98587,10.851083,49.960487,10.83966,2.9383095305761064,0.00037835914,0,-0.025381982,-0.011419207
2023-07-17,Bembo_Sparky_DER_AU891_eobs_3042__2023__southbound_01,Bembo Sparky / DER AU891 (eobs 3042),49.227333,10.679519,49.215206,10.665901,49.19974,10.657193,1.8322765252398252,1.6721387,0,-0.02759301,-0.022325434
2023-07-17,Wingersdorf_1_12174_A1X36__2023__southbound_01,Wingersdorf 1 12174 A1X36,49.758503,10.801002,49.759014,10.80097,49.72792,10.78091,3.745904619233554,0.056855183,0,-0.030580595,-0.020091966
2023-07-17,Wingersdorf_2_12175_AEH98__2023__southbound_01,Wingersdorf 2 12175 AEH98,49.701996,10.835853,49.677353,10.865611,49.67462,10.828879,2.660437001169177,3.4770777,0,-0.027375862,-0.0069735646
2023-07-17,Wingersdorf_3_12176_AEH99__2023__southbound_01,Wingersdorf 3 12176 AEH99,49.70206,10.835806,49.66756,10.773398,49.674366,10.823881,3.7108569935459075,5.9052525,0,-0.027695887,-0.011925042
2023-07-18,Baunach_1_9698_ABR25__2023__southbound_01,Baunach 1 9698 ABR25,49.98587,10.851083,49.985855,10.851071,49.962845,10.847675,2.5701271274417974,0.0017013547,0,-0.02302719,-0.003407307
2023-07-18,Bembo_Sparky_DER_AU891_eobs_3042__2023__southbound_01,Bembo Sparky / DER AU891 (eobs 3042),49.215206,10.665901,49.2087,10.676184,49.189903,10.651774,2.741014885880869,1.0400192,0,-0.02530279,-0.014126435
2023-07-18,Wingersdorf_1_12174_A1X36__2023__southbound_01,Wingersdorf 1 12174 A1X36,49.759014,10.80097,49.759277,10.80117,49.730064,10.786717,3.4103028543443474,0.03285231,0,-0.02895037,-0.014252193
2023-07-18,Wingersdorf_2_12175_AEH98__2023__southbound_01,Wingersdorf 2 12175 AEH98,49.677353,10.865611,49.67671,11.040258,49.65119,10.870202,12.564057256758096,12.566745,1,-0.026159987,0.0045914575
2023-07-18,Wingersdorf_3_12176_AEH99__2023__southbound_01,Wingersdorf 3 12176 AEH99,49.66756,10.773398,49.62974,10.690158,49.639545,10.761243,5.234075673794487,7.3212366,0,-0.028015874,-0.012155563
2023-07-19,Baunach_1_9698_ABR25__2023__southbound_01,Baunach 1 9698 ABR25,49.985855,10.851071,49.985836,10.851075,49.97111,10.831377,2.1598209510882613,0.0020529267,0,-0.014743157,-0.019693896
2023-07-19,Bembo_Sparky_DER_AU891_eobs_3042__2023__southbound_01,Bembo Sparky / DER AU891 (eobs 3042),49.2087,10.676184,49.211987,10.672219,49.18541,10.653964,3.239251480692288,0.46548295,0,-0.023286983,-0.022219934
2023-07-19,Steppach_7_plus_12187__2023__southbound_01,Steppach 7 +  12187,49.772144,10.803907,49.772118,10.804006,49.74539,10.779567,3.45155978285621,0.0076192343,0,-0.026754051,-0.024340764
2023-07-19,Wingersdorf_1_12174_A1X36__2023__southbound_01,Wingersdorf 1 12174 A1X36,49.759277,10.80117,49.758015,10.800365,49.73661,10.777318,2.899451315410568,0.15173095,0,-0.02266708,-0.02385249
2023-07-19,Wingersdorf_2_12175_AEH98__2023__southbound_01,Wingersdorf 2 12175 AEH98,49.67671,11.040258,49.709312,11.10071,49.64366,11.046073,8.29136031696518,5.661308,0,-0.033046097,0.005814165
2023-07-19,Wingersdorf_3_12176_AEH99__2023__southbound_01,Wingersdorf 3 12176 AEH99,49.62974,10.690158,49.59658,10.6635065,49.607456,10.664451,1.211237040915556,4.1574087,0,-0.022285752,-0.025707498
2023-07-20,Baunach_1_9698_ABR25__2023__southbound_01,Baunach 1 9698 ABR25,49.985836,10.851075,49.81285,10.753804,49.964207,10.833431,17.770502021093446,20.457958,1,-0.021631122,-0.01764378
2023-07-20,Bembo_Sparky_DER_AU891_eobs_3042__2023__southbound_01,Bembo Sparky / DER AU891 (eobs 3042),49.211987,10.672219,49.213585,10.672635,49.186077,10.65267,3.3852799708113848,0.18006906,0,-0.025907561,-0.019549184
2023-07-20,Steppach_3_12179_AEH97__2023__southbound_01,Steppach 3 12179 AEH97,49.7713,10.805346,49.77089,10.805196,49.744553,10.782688,3.3451875669380224,0.04683889,0,-0.026749521,-0.022657298
2023-07-20,Steppach_7_plus_12187__2023__southbound_01,Steppach 7 +  12187,49.772118,10.804006,49.772114,10.803967,49.74312,10.781097,3.6185891316946424,0.0027674898,0,-0.028997637,-0.022908457
2023-07-20,Wingersdorf_1_12174_A1X36__2023__southbound_01,Wingersdorf 1 12174 A1X36,49.758015,10.800365,49.75823,10.801164,49.72415,10.77176,4.338449777722736,0.061890688,0,-0.033864804,-0.02860555
2023-07-20,Wingersdorf_3_12176_AEH99__2023__southbound_01,Wingersdorf 3 12176 AEH99,49.59658,10.6635065,49.596428,10.663622,49.566135,10.64392,3.6556211664439258,0.01896206,0,-0.030445844,-0.019586183
2023-07-21,Baunach_1_9698_ABR25__2023__southbound_01,Baunach 1 9698 ABR25,49.81285,10.753804,49.812847,10.753779,49.764698,10.712745,6.110853646981834,0.00190091,0,-0.04815112,-0.041059867
2023-07-21,Bembo_Sparky_DER_AU891_eobs_3042__2023__southbound_01,Bembo Sparky / DER AU891 (eobs 3042),49.213585,10.672635,49.21515,10.668978,49.190376,10.652866,2.992986226157216,0.3175935,0,-0.023208447,-0.0197687
2023-07-21,Steppach_3_12179_AEH97__2023__southbound_01,Steppach 3 12179 AEH97,49.77089,10.805196,49.77128,10.80533,49.740223,10.778774,3.9451295557815143,0.04423644,0,-0.030667074,-0.026421383
2023-07-21,Steppach_7_plus_12187__2023__southbound_01,Steppach 7 +  12187,49.772114,10.803967,49.772125,10.803991,49.736526,10.778638,4.357337345857629,0.0020934988,0,-0.03558584,-0.02532915
2023-07-21,Wingersdorf_1_12174_A1X36__2023__southbound_01,Wingersdorf 1 12174 A1X36,49.75823,10.801164,49.765553,10.815763,49.728992,10.779205,4.840061160104503,1.3277739,0,-0.029234894,-0.021958508
2023-07-21,Wingersdorf_3_12176_AEH99__2023__southbound_01,Wingersdorf 3 12176 AEH99,49.596428,10.663622,49.5966,10.663741,49.572342,10.647123,2.951402178453944,0.02085943,0,-0.024087802,-0.016498834
2023-07-22,Baunach_1_9698_ABR25__2023__southbound_01,Baunach 1 9698 ABR25,49.812847,10.753779,49.81285,10.753792,49.78368,10.727366,3.757488988338258,0.000958017,0,-0.02916731,-0.026413418
2023-07-22,Bembo_Sparky_DER_AU891_eobs_3042__2023__southbound_01,Bembo Sparky / DER AU891 (eobs 3042),49.21515,10.668978,49.221657,10.670382,49.189224,10.643982,4.084613865548278,0.73065364,0,-0.025926583,-0.024996229
2023-07-22,Klippi_DER_AU955_e-obs_3018__2023__southbound_01,Klippi / DER AU955 (e-obs 3018),48.165424,9.671151,48.182873,9.723874,48.139618,9.642546,7.714996770877691,4.3645234,0,-0.02580481,-0.028605498
2023-07-22,Steppach_3_12179_AEH97__2023__southbound_01,Steppach 3 12179 AEH97,49.77128,10.80533,49.771202,10.805395,49.744358,10.7761135,3.6515968858583165,0.009877273,0,-0.026919246,-0.0292169
2023-07-22,Steppach_7_plus_12187__2023__southbound_01,Steppach 7 +  12187,49.772125,10.803991,49.772106,10.804041,49.745125,10.775054,3.6519584450038267,0.0041048126,0,-0.027000152,-0.028937243
2023-07-22,Wingersdorf_1_12174_A1X36__2023__southbound_01,Wingersdorf 1 12174 A1X36,49.765553,10.815763,49.772346,10.823066,49.737396,10.787373,4.655979969687515,0.91968083,0,-0.028157339,-0.02839119
2023-07-22,Wingersdorf_3_12176_AEH99__2023__southbound_01,Wingersdorf 3 12176 AEH99,49.5966,10.663741,49.629997,10.689842,49.57434,10.639044,7.190373049682879,4.162744,0,-0.02226051,-0.024697185
2023-07-23,Baunach_1_9698_ABR25__2023__southbound_01,Baunach 1 9698 ABR25,49.81285,10.753792,49.81283,10.753798,49.7888,10.732679,3.0722059053943895,0.0022802765,0,-0.024050206,-0.021112524
2023-07-23,Bembo_Sparky_DER_AU891_eobs_3042__2023__southbound_01,Bembo Sparky / DER AU891 (eobs 3042),49.221657,10.670382,49.217438,10.670724,49.19817,10.644827,2.8512575631086796,0.46995476,0,-0.02348581,-0.025555119
2023-07-23,Klippi_DER_AU955_e-obs_3018__2023__southbound_01,Klippi / DER AU955 (e-obs 3018),48.182873,9.723874,48.18572,9.7152,48.156628,9.6969,3.5078969391404717,0.7166301,0,-0.026246801,-0.026973963
2023-07-23,Steppach_3_12179_AEH97__2023__southbound_01,Steppach 3 12179 AEH97,49.771202,10.805395,49.770954,10.8054,49.743954,10.781443,3.460579275198415,0.027545134,0,-0.0272488,-0.023952127
2023-07-23,Steppach_7_plus_12187__2023__southbound_01,Steppach 7 +  12187,49.772106,10.804041,49.772053,10.804016,49.744205,10.779971,3.5456401369543125,0.006385156,0,-0.027901262,-0.024070188
2023-07-23,Wingersdorf_1_12174_A1X36__2023__southbound_01,Wingersdorf 1 12174 A1X36,49.772346,10.823066,49.769196,10.804971,49.744816,10.799221,2.7421902497420416,1.3458376,0,-0.027529202,-0.023844957
2023-07-23,Wingersdorf_3_12176_AEH99__2023__southbound_01,Wingersdorf 3 12176 AEH99,49.629997,10.689842,49.587357,10.655888,49.607136,10.665402,2.3037782499783455,5.3353662,0,-0.022862509,-0.024439774
2023-07-24,Baunach_1_9698_ABR25__2023__southbound_01,Baunach 1 9698 ABR25,49.81283,10.753798,49.812836,10.753792,49.787712,10.742491,2.9089830078780747,0.00077483547,0,-0.025118478,-0.011306465
2023-07-24,Bembo_Sparky_DER_AU891_eobs_3042__2023__southbound_01,Bembo Sparky / DER AU891 (eobs 3042),49.217438,10.670724,49.21418,10.6694765,49.190838,10.652982,2.8588358081957335,0.3732526,0,-0.026598282,-0.017742462
2023-07-24,Klippi_DER_AU955_e-obs_3018__2023__southbound_01,Klippi / DER AU955 (e-obs 3018),48.18572,9.7152,48.184685,9.718591,48.1523,9.694156,4.031095284347279,0.27642518,0,-0.033416256,-0.021045044
2023-07-24,Steppach_3_12179_AEH97__2023__southbound_01,Steppach 3 12179 AEH97,49.770954,10.8054,49.771244,10.805353,49.741558,10.787743,3.5350512333198645,0.032395422,0,-0.02939479,-0.017657526
2023-07-24,Steppach_7_plus_12187__2023__southbound_01,Steppach 7 +  12187,49.772053,10.804016,49.77214,10.803965,49.740044,10.784266,3.8393000901399774,0.010820782,0,-0.03200867,-0.019749306
2023-07-24,Wingersdorf_1_12174_A1X36__2023__southbound_01,Wingersdorf 1 12174 A1X36,49.769196,10.804971,49.76921,10.810572,49.734398,10.782043,4.380128357431727,0.4022527,0,-0.034797423,-0.02292753
2023-07-24,Wingersdorf_3_12176_AEH99__2023__southbound_01,Wingersdorf 3 12176 AEH99,49.587357,10.655888,49.598743,10.621955,49.56029,10.641415,4.499994684472025,2.7540596,0,-0.027065396,-0.014472686
2023-07-25,Baunach_1_9698_ABR25__2023__southbound_01,Baunach 1 9698 ABR25,49.812836,10.753792,49.812862,10.753801,49.78206,10.728957,3.861596350277357,0.0031096528,0,-0.03077767,-0.024834923
2023-07-25,Bembo_Sparky_DER_AU891_eobs_3042__2023__southbound_01,Bembo Sparky / DER AU891 (eobs 3042),49.21418,10.6694765,49.214733,10.669061,49.184357,10.641885,3.912510820645914,0.06834439,0,-0.029822968,-0.027592167
2023-07-25,Steppach_3_12179_AEH97__2023__southbound_01,Steppach 3 12179 AEH97,49.771244,10.805353,49.768974,10.805088,49.73888,10.776913,3.910871308651425,0.25275716,0,-0.032365486,-0.028440595
2023-07-25,Steppach_7_plus_12187__2023__southbound_01,Steppach 7 +  12187,49.77214,10.803965,49.77215,10.803942,49.738216,10.775694,4.284131873635545,0.001717473,0,-0.03392236,-0.02827043
2023-07-25,Wingersdorf_1_12174_A1X36__2023__southbound_01,Wingersdorf 1 12174 A1X36,49.76921,10.810572,49.76773,10.807241,49.735737,10.783061,3.9590525547574016,0.29045802,0,-0.03347276,-0.027510658
2023-07-25,Wingersdorf_3_12176_AEH99__2023__southbound_01,Wingersdorf 3 12176 AEH99,49.598743,10.621955,49.599964,10.624279,49.566414,10.596034,4.250162637270939,0.21552773,0,-0.03232813,-0.025920942
2023-07-26,Baunach_1_9698_ABR25__2023__southbound_01,Baunach 1 9698 ABR25,49.812862,10.753801,49.81286,10.753786,49.784416,10.727303,3.689918640449908,0.0011949263,0,-0.028446123,-0.026499264
2023-07-26,Bembo_Sparky_DER_AU891_eobs_3042__2023__southbound_01,Bembo Sparky / DER AU891 (eobs 3042),49.214733,10.669061,49.214706,10.668468,49.1859,10.639967,3.814080053984056,0.04309557,0,-0.028832547,-0.0290936
2023-07-26,Steppach_3_12179_AEH97__2023__southbound_01,Steppach 3 12179 AEH97,49.768974,10.805088,49.766815,10.80499,49.734447,10.771713,4.320812374994384,0.24057314,0,-0.03452777,-0.033374608
2023-07-26,Steppach_7_plus_12187__2023__southbound_01,Steppach 7 +  12187,49.77215,10.803942,49.77212,10.803959,49.734417,10.774186,4.706633055308219,0.0028470561,0,-0.037731763,-0.029755913
2023-07-26,Wingersdorf_1_12174_A1X36__2023__southbound_01,Wingersdorf 1 12174 A1X36,49.76773,10.807241,49.76724,10.804486,49.727325,10.766555,5.208146917872526,0.20529674,0,-0.040405884,-0.040686704
2023-07-26,Wingersdorf_3_12176_AEH99__2023__southbound_01,Wingersdorf 3 12176 AEH99,49.599964,10.624279,49.603966,10.65646,49.572792,10.597267,5.497461672837996,2.3614817,0,-0.027172498,-0.02701231
2023-07-27,Baunach_1_9698_ABR25__2023__southbound_01,Baunach 1 9698 ABR25,49.81286,10.753786,49.81283,10.753807,49.77684,10.724341,4.526601125612339,0.0034978788,0,-0.036018565,-0.029444903
2023-07-27,Bembo_Sparky_DER_AU891_eobs_3042__2023__southbound_01,Bembo Sparky / DER AU891 (eobs 3042),49.214706,10.668468,49.212,10.671153,49.182392,10.642612,3.8911266060760346,0.35858527,0,-0.03231418,-0.025855847
2023-07-27,Steppach_3_12179_AEH97__2023__southbound_01,Steppach 3 12179 AEH97,49.766815,10.80499,49.76889,10.804885,49.732445,10.772012,4.690553008066615,0.23120944,0,-0.034370854,-0.03297825
2023-07-27,Steppach_7_plus_12187__2023__southbound_01,Steppach 7 +  12187,49.77212,10.803959,49.772102,10.804026,49.740444,10.776197,4.0482551001690705,0.0052493745,0,-0.03167899,-0.027761422
2023-07-27,Wingersdorf_1_12174_A1X36__2023__southbound_01,Wingersdorf 1 12174 A1X36,49.76724,10.804486,49.768444,10.804448,49.72566,10.765633,5.514732580171364,0.13411748,0,-0.041581023,-0.03885349
2023-07-27,Wingersdorf_3_12176_AEH99__2023__southbound_01,Wingersdorf 3 12176 AEH99,49.603966,10.65646,49.6158,10.6503105,49.575275,10.62975,4.743429200897948,1.3882984,0,-0.02869162,-0.026709348
2023-07-28,Baunach_1_9698_ABR25__2023__southbound_01,Baunach 1 9698 ABR25,49.81283,10.753807,49.768185,10.80506,49.785606,10.729036,5.792516316963218,6.179237,0,-0.027223669,-0.024771005
2023-07-28,Bembo_Sparky_DER_AU891_eobs_3042__2023__southbound_01,Bembo Sparky / DER AU891 (eobs 3042),49.212,10.671153,49.216156,10.665228,49.18669,10.644567,3.6038603054408287,0.6313468,0,-0.025310442,-0.026586287
2023-07-28,Steppach_3_12179_AEH97__2023__southbound_01,Steppach 3 12179 AEH97,49.76889,10.804885,49.768406,10.804658,49.738235,10.776692,3.9103802986880396,0.05622513,0,-0.030655146,-0.028192505
2023-07-28,Steppach_7_plus_12187__2023__southbound_01,Steppach 7 +  12187,49.772102,10.804026,49.772137,10.804036,49.742954,10.777119,3.7773649494687036,0.003885887,0,-0.029148549,-0.026906878
2023-07-28,Wingersdorf_1_12174_A1X36__2023__southbound_01,Wingersdorf 1 12174 A1X36,49.768444,10.804448,49.767567,10.803854,49.737476,10.777961,3.828243893891721,0.10662003,0,-0.03096848,-0.026487656
2023-07-28,Wingersdorf_3_12176_AEH99__2023__southbound_01,Wingersdorf 3 12176 AEH99,49.6158,10.6503105,49.619717,10.660745,49.588017,10.621165,4.534290744807832,0.8687724,0,-0.0277837,-0.029145487
2023-07-29,Baunach_1_9698_ABR25__2023__southbound_01,Baunach 1 9698 ABR25,49.768185,10.80506,49.769573,10.80655,49.73683,10.783414,4.002167798103587,0.18775143,0,-0.031351805,-0.021646395
2023-07-29,Bembo_Sparky_DER_AU891_eobs_3042__2023__southbound_01,Bembo Sparky / DER AU891 (eobs 3042),49.216156,10.665228,49.210472,10.678845,49.185738,10.638077,4.04219596878181,1.1738453,0,-0.03041841,-0.027151354
2023-07-29,Steppach_3_12179_AEH97__2023__southbound_01,Steppach 3 12179 AEH97,49.768406,10.804658,49.76938,10.805298,49.731823,10.773601,4.756583471008509,0.117475905,0,-0.036584124,-0.031057447
2023-07-29,Steppach_7_plus_12187__2023__southbound_01,Steppach 7 +  12187,49.772137,10.804036,49.77204,10.804053,49.73986,10.776798,4.078971606248023,0.010678801,0,-0.03227762,-0.027238168
2023-07-29,Wingersdorf_1_12174_A1X36__2023__southbound_01,Wingersdorf 1 12174 A1X36,49.767567,10.803854,49.76939,10.805496,49.72944,10.769882,5.126600005745061,0.23459914,0,-0.038129415,-0.033972025
2023-07-29,Wingersdorf_2_12175_AEH98__2023__southbound_01,Wingersdorf 2 12175 AEH98,49.622112,10.99787,49.679974,11.058481,49.592983,10.978447,11.259827586260553,7.774009,0,-0.029128544,-0.01942315
2023-07-29,Wingersdorf_3_12176_AEH99__2023__southbound_01,Wingersdorf 3 12176 AEH99,49.619717,10.660745,49.616222,10.649218,49.590668,10.6337595,3.0520989355018884,0.9168667,0,-0.02904842,-0.026985534
2023-07-30,Baunach_1_9698_ABR25__2023__southbound_01,Baunach 1 9698 ABR25,49.769573,10.80655,49.76918,10.806031,49.741753,10.780115,3.573169614199668,0.057231825,0,-0.027819678,-0.026435174
2023-07-30,Bembo_Sparky_DER_AU891_eobs_3042__2023__southbound_01,Bembo Sparky / DER AU891 (eobs 3042),49.210472,10.678845,49.20928,10.675843,49.184513,10.654092,3.1750730816246215,0.25525567,0,-0.025957443,-0.024753362
2023-07-30,Rosalie_DER_A2M38_e-obs_6993__2023__southbound_01,Rosalie / DER A2M38 (e-obs 6993),49.22836,10.539926,49.228424,10.53923,49.205593,10.51312,3.1688421230266623,0.051009662,0,-0.022767596,-0.026805423
2023-07-30,Steppach_3_12179_AEH97__2023__southbound_01,Steppach 3 12179 AEH97,49.76938,10.805298,49.769184,10.80521,49.739067,10.776398,3.936913116093364,0.022562595,0,-0.030312933,-0.028900556
2023-07-30,Steppach_7_plus_12187__2023__southbound_01,Steppach 7 +  12187,49.77204,10.804053,49.77209,10.804011,49.740364,10.776138,4.056485471953664,0.006221825,0,-0.031678587,-0.027915187
2023-07-30,Wingersdorf_1_12174_A1X36__2023__southbound_01,Wingersdorf 1 12174 A1X36,49.76939,10.805496,49.769234,10.804979,49.73905,10.77681,3.9190053451471485,0.04093577,0,-0.030338407,-0.028686345
2023-07-30,Wingersdorf_2_12175_AEH98__2023__southbound_01,Wingersdorf 2 12175 AEH98,49.679974,11.058481,49.681156,11.039033,49.65174,11.034928,3.284130694692943,1.4054273,0,-0.028233692,-0.023552522
2023-07-30,Wingersdorf_3_12176_AEH99__2023__southbound_01,Wingersdorf 3 12176 AEH99,49.616222,10.649218,49.620975,10.651567,49.585793,10.623842,4.392824723380227,0.5549077,0,-0.030431136,-0.025375284
2023-07-31,Angela_DER_AY470_eobs_4001__2023__southbound_01,Angela / DER AY470 (eobs 4001),48.141117,7.7463923,48.167404,7.72844,48.125328,7.7197714,4.722652604699853,3.2120667,0,-0.015790641,-0.026621036
2023-07-31,Baunach_1_9698_ABR25__2023__southbound_01,Baunach 1 9698 ABR25,49.76918,10.806031,49.769215,10.805058,49.735878,10.785102,3.9744495573964906,0.07003865,0,-0.03330101,-0.020929806
2023-07-31,Bembo_Sparky_DER_AU891_eobs_3042__2023__southbound_01,Bembo Sparky / DER AU891 (eobs 3042),49.20928,10.675843,49.210148,10.672191,49.177235,10.656264,3.838412389143618,0.282372,0,-0.032042988,-0.019579276
2023-07-31,Rosalie_DER_A2M38_e-obs_6993__2023__southbound_01,Rosalie / DER A2M38 (e-obs 6993),49.228424,10.53923,49.228374,10.540022,49.201706,10.520584,3.2843610274835866,0.05773277,0,-0.026719242,-0.018646538
2023-07-31,Steppach_3_12179_AEH97__2023__southbound_01,Steppach 3 12179 AEH97,49.769184,10.80521,49.77096,10.809108,49.73214,10.776189,4.922229229349585,0.34258288,0,-0.037044745,-0.029021688
2023-07-31,Steppach_7_plus_12187__2023__southbound_01,Steppach 7 +  12187,49.77209,10.804011,49.7721,10.804013,49.738117,10.780808,4.129933169329878,0.000896059,0,-0.033974744,-0.023202613
2023-07-31,Wingersdorf_1_12174_A1X36__2023__southbound_01,Wingersdorf 1 12174 A1X36,49.769234,10.804979,49.769714,10.812909,49.726326,10.768281,5.792925731341907,0.5719652,0,-0.042908438,-0.03669806
2023-07-31,Wingersdorf_2_12175_AEH98__2023__southbound_01,Wingersdorf 2 12175 AEH98,49.681156,11.039033,49.68125,11.037727,49.648003,11.018224,3.9546267510689033,0.09455089,0,-0.03315436,-0.020808972
2023-07-31,Wingersdorf_3_12176_AEH99__2023__southbound_01,Wingersdorf 3 12176 AEH99,49.620975,10.651567,49.615402,10.656074,49.593174,10.6297455,3.1158743833732587,0.6996543,0,-0.027800545,-0.02182158
2023-08-01,Angela_DER_AY470_eobs_4001__2023__southbound_01,Angela / DER AY470 (eobs 4001),48.167404,7.72844,48.134644,7.7496567,48.152843,7.701298,4.11940070128615,3.968189,0,-0.014562175,-0.027141444
2023-08-01,Baunach_1_9698_ABR25__2023__southbound_01,Baunach 1 9698 ABR25,49.769215,10.805058,49.771114,10.802996,49.737843,10.790084,3.814167035062069,0.25795093,0,-0.03137306,-0.014973596
2023-08-01,Bembo_Sparky_DER_AU891_eobs_3042__2023__southbound_01,Bembo Sparky / DER AU891 (eobs 3042),49.210148,10.672191,49.207424,10.675903,49.182186,10.655634,3.1693729395095867,0.40551266,0,-0.027963623,-0.016556539
2023-08-01,Rosalie_DER_A2M38_e-obs_6993__2023__southbound_01,Rosalie / DER A2M38 (e-obs 6993),49.228374,10.540022,49.22836,10.540033,49.208454,10.519412,2.6724701688072967,0.0018966041,0,-0.019918859,-0.02060964
2023-08-01,Steppach_3_12179_AEH97__2023__southbound_01,Steppach 3 12179 AEH97,49.77096,10.809108,49.768803,10.8045845,49.742546,10.78991,3.1040796282413448,0.40382564,0,-0.02841612,-0.019197412
2023-08-01,Steppach_7_plus_12187__2023__southbound_01,Steppach 7 +  12187,49.7721,10.804013,49.77212,10.803973,49.742752,10.78359,3.578946614902289,0.0037004813,0,-0.02934739,-0.02042251
2023-08-01,Wingersdorf_1_12174_A1X36__2023__southbound_01,Wingersdorf 1 12174 A1X36,49.769714,10.812909,49.769047,10.804453,49.740765,10.792567,3.258689766235573,0.61181843,0,-0.028947853,-0.020342343
2023-08-01,Wingersdorf_2_12175_AEH98__2023__southbound_01,Wingersdorf 2 12175 AEH98,49.68125,11.037727,49.68061,11.040575,49.651215,11.02245,3.519363592256164,0.2169517,0,-0.030035332,-0.015276879
2023-08-01,Wingersdorf_3_12176_AEH99__2023__southbound_01,Wingersdorf 3 12176 AEH99,49.615402,10.656074,49.61927,10.662547,49.588516,10.639313,3.80758468069639,0.6344896,0,-0.026887156,-0.016760819
2023-08-02,Angela_DER_AY470_eobs_4001__2023__southbound_01,Angela / DER AY470 (eobs 4001),48.134644,7.7496567,48.134125,7.7529035,48.111423,7.719761,3.524749519292562,0.24781504,0,-0.023220971,-0.02989602
2023-08-02,Baunach_1_9698_ABR25__2023__southbound_01,Baunach 1 9698 ABR25,49.771114,10.802996,49.766174,10.804001,49.73998,10.785988,3.187336979296291,0.5540824,0,-0.03113585,-0.017007388
2023-08-02,Bembo_Sparky_DER_AU891_eobs_3042__2023__southbound_01,Bembo Sparky / DER AU891 (eobs 3042),49.207424,10.675903,49.211952,10.671305,49.180508,10.659706,3.596616834299259,0.6041544,0,-0.026917301,-0.016197614
2023-08-02,Klippi_DER_AU955_e-obs_3018__2023__southbound_01,Klippi / DER AU955 (e-obs 3018),48.169262,9.83208,48.16837,9.829806,48.138683,9.805119,3.7749409950231567,0.19563083,0,-0.0305771,-0.026961423
2023-08-02,Rosalie_DER_A2M38_e-obs_6993__2023__southbound_01,Rosalie / DER A2M38 (e-obs 6993),49.22836,10.540033,49.228268,10.541545,49.203304,10.520078,3.1837632514476257,0.11018766,0,-0.025056139,-0.019955702
2023-08-02,Steppach_3_12179_AEH97__2023__southbound_01,Steppach 3 12179 AEH97,49.768803,10.8045845,49.76659,10.804122,49.728817,10.773991,4.7252950827858635,0.24845068,0,-0.039985497,-0.030593418
2023-08-02,Steppach_7_plus_12187__2023__southbound_01,Steppach 7 +  12187,49.77212,10.803973,49.769764,10.80391,49.73549,10.779168,4.205349207176631,0.26212573,0,-0.036633894,-0.024804719
2023-08-02,Wingersdorf_1_12174_A1X36__2023__southbound_01,Wingersdorf 1 12174 A1X36,49.769047,10.804453,49.76579,10.803661,49.726738,10.772186,4.895910488506515,0.36680633,0,-0.04231025,-0.032266468
2023-08-02,Wingersdorf_2_12175_AEH98__2023__southbound_01,Wingersdorf 2 12175 AEH98,49.68061,11.040575,49.67439,11.040773,49.6471,11.034799,3.0648736114352713,0.6920911,0,-0.033510484,-0.0057768747
2023-08-02,Wingersdorf_3_12176_AEH99__2023__southbound_01,Wingersdorf 3 12176 AEH99,49.61927,10.662547,49.61933,10.65069,49.589264,10.643968,3.3782647938646853,0.8542092,0,-0.030007906,-0.018579416
2023-08-03,Angela_DER_AY470_eobs_4001__2023__southbound_01,Angela / DER AY470 (eobs 4001),48.134125,7.7529035,48.12996,7.754574,48.115,7.727782,2.59251489508475,0.479151,0,-0.019123174,-0.025121711
2023-08-03,Baunach_1_9698_ABR25__2023__southbound_01,Baunach 1 9698 ABR25,49.766174,10.804001,49.772213,10.824464,49.741493,10.785631,4.410212632723585,1.6156144,0,-0.024681926,-0.018369824
2023-08-03,Bembo_Sparky_DER_AU891_eobs_3042__2023__southbound_01,Bembo Sparky / DER AU891 (eobs 3042),49.211952,10.671305,49.204445,10.679527,49.184494,10.64589,3.3008792220559715,1.0263624,0,-0.027459092,-0.025414042
2023-08-03,Klippi_DER_AU955_e-obs_3018__2023__southbound_01,Klippi / DER AU955 (e-obs 3018),48.16837,9.829806,48.17078,9.842707,48.129288,9.807812,5.290412236219082,0.993534,0,-0.039079744,-0.021994486
2023-08-03,Rosalie_DER_A2M38_e-obs_6993__2023__southbound_01,Rosalie / DER A2M38 (e-obs 6993),49.228268,10.541545,49.22843,10.540092,49.206993,10.513853,3.0520291961323363,0.10696478,0,-0.021274276,-0.027691372
2023-08-03,Steppach_3_12179_AEH97__2023__southbound_01,Steppach 3 12179 AEH97,49.76659,10.804122,49.77076,10.821173,49.736446,10.776718,4.975645509566149,1.3093894,0,-0.030144833,-0.027403727
2023-08-03,Steppach_7_plus_12187__2023__southbound_01,Steppach 7 +  12187,49.769764,10.80391,49.77215,10.804079,49.739944,10.776836,4.080775442095142,0.2653001,0,-0.029819258,-0.027073495
2023-08-03,Wingersdorf_1_12174_A1X36__2023__southbound_01,Wingersdorf 1 12174 A1X36,49.76579,10.803661,49.77021,10.821135,49.733788,10.772982,5.326394055734698,1.3477852,0,-0.03200204,-0.030679911
2023-08-03,Wingersdorf_2_12175_AEH98__2023__southbound_01,Wingersdorf 2 12175 AEH98,49.67439,11.040773,49.68416,11.045351,49.64839,11.024193,4.258621710566387,1.1351794,0,-0.025995336,-0.016580887
2023-08-03,Wingersdorf_3_12176_AEH99__2023__southbound_01,Wingersdorf 3 12176 AEH99,49.61933,10.65069,49.599094,10.663411,49.589695,10.625747,2.9089483465731165,2.429782,0,-0.029637948,-0.024943024
2023-08-04,Angela_DER_AY470_eobs_4001__2023__southbound_01,Angela / DER AY470 (eobs 4001),48.12996,7.754574,48.15167,7.749325,48.11102,7.7337394,4.665662128618459,2.4448843,0,-0.018941127,-0.020834617
2023-08-04,Baunach_1_9698_ABR25__2023__southbound_01,Baunach 1 9698 ABR25,49.772213,10.824464,49.771763,10.823633,49.74361,10.816509,3.171968625062073,0.07760611,0,-0.028603144,-0.007954657
2023-08-04,Bembo_Sparky_DER_AU891_eobs_3042__2023__southbound_01,Bembo Sparky / DER AU891 (eobs 3042),49.204445,10.679527,49.21614,10.665241,49.177658,10.669073,4.288131946521441,1.6637474,0,-0.026788376,-0.01045382
2023-08-04,Frensdorf_3_plus_12173_ABR24__2023__southbound_01,Frensdorf 3 + 12173 ABR24,49.752266,10.78351,49.771866,10.811901,49.733025,10.775823,5.037023594534211,2.9846666,0,-0.019241147,-0.0076877177
2023-08-04,Klippi_DER_AU955_e-obs_3018__2023__southbound_01,Klippi / DER AU955 (e-obs 3018),48.17078,9.842707,48.18263,9.815278,48.139275,9.824353,4.867522147622832,2.4231231,0,-0.03150551,-0.018353418
2023-08-04,Rosalie_DER_A2M38_e-obs_6993__2023__southbound_01,Rosalie / DER A2M38 (e-obs 6993),49.22843,10.540092,49.22838,10.541134,49.202812,10.527284,3.0155741224130095,0.07588267,0,-0.025620528,-0.012808792
2023-08-04,Steppach_3_12179_AEH97__2023__southbound_01,Steppach 3 12179 AEH97,49.77076,10.821173,49.770344,10.812419,49.740788,10.809087,3.295218111626122,0.6303212,0,-0.029973455,-0.012085736
2023-08-04,Steppach_7_plus_12187__2023__southbound_01,Steppach 7 +  12187,49.77215,10.804079,49.772144,10.8045845,49.74181,10.786842,3.605803386638542,0.03630927,0,-0.030337013,-0.017236426
2023-08-04,Wingersdorf_1_12174_A1X36__2023__southbound_01,Wingersdorf 1 12174 A1X36,49.77021,10.821135,49.770134,10.816892,49.739853,10.805087,3.4722532039871488,0.30481747,0,-0.030357875,-0.016047634
2023-08-04,Wingersdorf_2_12175_AEH98__2023__southbound_01,Wingersdorf 2 12175 AEH98,49.68416,11.045351,49.546314,10.98824,49.656666,11.039383,12.812112784721826,15.870426,1,-0.02749139,-0.0059677735
2023-08-04,Wingersdorf_3_12176_AEH99__2023__southbound_01,Wingersdorf 3 12176 AEH99,49.599094,10.663411,49.61281,10.654628,49.571743,10.6563225,4.567883524699058,1.6513586,0,-0.027350828,-0.0070883706
2023-08-05,Angela_DER_AY470_eobs_4001__2023__southbound_01,Angela / DER AY470 (eobs 4001),48.15167,7.749325,48.158104,7.723872,48.13093,7.713964,3.1095510812584677,2.0190833,0,-0.020735174,-0.035360962
2023-08-05,Baunach_1_9698_ABR25__2023__southbound_01,Baunach 1 9698 ABR25,49.771763,10.823633,49.77224,10.8244095,49.72305,10.775548,6.499450826630438,0.07670485,0,-0.048712026,-0.04808545
2023-08-05,Bembo_Sparky_DER_AU891_eobs_3042__2023__southbound_01,Bembo Sparky / DER AU891 (eobs 3042),49.21614,10.665241,49.216145,10.665208,49.18482,10.640931,3.904458011296695,0.0024603677,0,-0.031323917,-0.024310194
2023-08-05,Frensdorf_1_12171_ABR22__2023__southbound_01,Frensdorf 1 12171 ABR22,49.770138,10.812895,49.766907,10.805056,49.728092,10.770466,4.980385945138054,0.66769755,0,-0.042044014,-0.042428844
2023-08-05,Frensdorf_3_plus_12173_ABR24__2023__southbound_01,Frensdorf 3 + 12173 ABR24,49.771866,10.811901,49.771084,10.821585,49.756958,10.793445,2.559738548780807,0.7007432,0,-0.014907755,-0.018456414
2023-08-05,Klippi_DER_AU955_e-obs_3018__2023__southbound_01,Klippi / DER AU955 (e-obs 3018),48.18263,9.815278,48.175133,9.832327,48.145348,9.789865,4.5704186151601975,1.5140771,0,-0.037279774,-0.025413059
2023-08-05,Rosalie_DER_A2M38_e-obs_6993__2023__southbound_01,Rosalie / DER A2M38 (e-obs 6993),49.22838,10.541134,49.22868,10.540044,49.205414,10.514349,3.1899495449343,0.085853964,0,-0.022964977,-0.026784822
2023-08-05,Steppach_3_12179_AEH97__2023__southbound_01,Steppach 3 12179 AEH97,49.770344,10.812419,49.771305,10.818485,49.720356,10.761675,6.982672337625312,0.448628,0,-0.049986582,-0.05074451
2023-08-05,Steppach_7_plus_12187__2023__southbound_01,Steppach 7 +  12187,49.772144,10.8045845,49.77211,10.804026,49.740356,10.779094,3.959112949017253,0.040335413,0,-0.031786114,-0.02549088
2023-08-05,Wingersdorf_1_12174_A1X36__2023__southbound_01,Wingersdorf 1 12174 A1X36,49.770134,10.816892,49.768875,10.806562,49.719364,10.764543,6.278966018331753,0.7549252,0,-0.050769612,-0.052349314
2023-08-05,Wingersdorf_2_12175_AEH98__2023__southbound_01,Wingersdorf 2 12175 AEH98,49.546314,10.98824,49.54502,10.981376,49.46959,10.897357,10.351595215745315,0.51575035,0,-0.07672595,-0.09088301
2023-08-05,Wingersdorf_3_12176_AEH99__2023__southbound_01,Wingersdorf 3 12176 AEH99,49.61281,10.654628,49.587177,10.611242,49.58177,10.629185,1.4263116582821171,4.2308354,0,-0.031036071,-0.025443435
2023-08-06,Angela_DER_AY470_eobs_4001__2023__southbound_01,Angela / DER AY470 (eobs 4001),48.158104,7.723872,48.134285,7.753541,48.137463,7.692031,4.578187197768894,3.443781,0,-0.020640336,-0.03184139
2023-08-06,Baunach_1_9698_ABR25__2023__southbound_01,Baunach 1 9698 ABR25,49.77224,10.8244095,49.769726,10.81422,49.74549,10.794062,3.059225423548433,0.78328705,0,-0.02675052,-0.030348122
2023-08-06,Bembo_Sparky_DER_AU891_eobs_3042__2023__southbound_01,Bembo Sparky / DER AU891 (eobs 3042),49.216145,10.665208,49.216206,10.665341,49.180367,10.641445,4.34694882350016,0.011753397,0,-0.035778396,-0.023763046
2023-08-06,Frensdorf_1_12171_ABR22__2023__southbound_01,Frensdorf 1 12171 ABR22,49.766907,10.805056,49.750843,10.768028,49.7293,10.762779,2.4248367267250286,3.2039382,0,-0.037606195,-0.042276412
2023-08-06,Frensdorf_3_plus_12173_ABR24__2023__southbound_01,Frensdorf 3 + 12173 ABR24,49.771084,10.821585,49.768677,10.819804,49.759556,10.797938,1.8695232825214945,0.2967518,0,-0.011526339,-0.023646437
2023-08-06,Klippi_DER_AU955_e-obs_3018__2023__southbound_01,Klippi / DER AU955 (e-obs 3018),48.175133,9.832327,48.179295,9.833143,48.14368,9.808088,4.374455710666731,0.46641186,0,-0.031453624,-0.024238624
2023-08-06,Rosalie_DER_A2M38_e-obs_6993__2023__southbound_01,Rosalie / DER A2M38 (e-obs 6993),49.22868,10.540044,49.228466,10.537303,49.198982,10.518346,3.555890000676966,0.20044976,0,-0.029697686,-0.021698102
2023-08-06,Steppach_3_12179_AEH97__2023__southbound_01,Steppach 3 12179 AEH97,49.771305,10.818485,49.77011,10.818641,49.742092,10.789363,3.7590316241656203,0.13356696,0,-0.02921182,-0.02912242
2023-08-06,Steppach_7_plus_12187__2023__southbound_01,Steppach 7 +  12187,49.77211,10.804026,49.771122,10.804022,49.733414,10.767416,4.949461373970882,0.10984996,0,-0.038694955,-0.036609575
2023-08-06,Wingersdorf_1_12174_A1X36__2023__southbound_01,Wingersdorf 1 12174 A1X36,49.768875,10.806562,49.769337,10.812203,49.723,10.755072,6.587783260088604,0.408343,0,-0.045875646,-0.05149062
2023-08-06,Wingersdorf_2_12175_AEH98__2023__southbound_01,Wingersdorf 2 12175 AEH98,49.54502,10.981376,49.544277,10.9817705,49.496555,10.925843,6.66758239981808,0.08715477,0,-0.048464127,-0.055532336
2023-08-06,Wingersdorf_3_12176_AEH99__2023__southbound_01,Wingersdorf 3 12176 AEH99,49.587177,10.611242,49.602505,10.62136,49.543034,10.569631,7.59236198325388,1.8538455,0,-0.044144116,-0.04161141
2023-08-07,Angela_DER_AY470_eobs_4001__2023__southbound_01,Angela / DER AY470 (eobs 4001),48.134285,7.753541,48.13426,7.754865,48.110523,7.725309,3.4319979545465165,0.098315306,0,-0.023762092,-0.028231934
2023-08-07,Baunach_1_9698_ABR25__2023__southbound_01,Baunach 1 9698 ABR25,49.769726,10.81422,49.771374,10.822604,49.73149,10.791039,4.980927003936256,0.6293302,0,-0.038236022,-0.023180947
2023-08-07,Bembo_Sparky_DER_AU891_eobs_3042__2023__southbound_01,Bembo Sparky / DER AU891 (eobs 3042),49.216206,10.665341,49.21264,10.672069,49.186806,10.639843,3.7058963058928844,0.6295298,0,-0.029400766,-0.025498167
2023-08-07,Frensdorf_1_12171_ABR22__2023__southbound_01,Frensdorf 1 12171 ABR22,49.750843,10.768028,49.752445,10.786622,49.712486,10.738167,5.645407247453798,1.3476447,0,-0.038357962,-0.029861666
2023-08-07,Frensdorf_3_plus_12173_ABR24__2023__southbound_01,Frensdorf 3 + 12173 ABR24,49.768677,10.819804,49.76986,10.82126,49.747707,10.799044,2.934991032630951,0.16791452,0,-0.020970657,-0.02076058
2023-08-07,Klippi_DER_AU955_e-obs_3018__2023__southbound_01,Klippi / DER AU955 (e-obs 3018),48.179295,9.833143,48.183407,9.829679,48.145844,9.811313,4.393350063091614,0.5245404,0,-0.03344921,-0.021830425
2023-08-07,Louis_DER_AU050_eobs_3264__2023__southbound_01,Louis / DER AU050 (eobs 3264),47.905502,8.565318,47.908237,8.571833,47.874565,8.543062,4.315163931890568,0.5728862,0,-0.030936457,-0.022255689
2023-08-07,Rosalie_DER_A2M38_e-obs_6993__2023__southbound_01,Rosalie / DER A2M38 (e-obs 6993),49.228466,10.537303,49.228405,10.539845,49.19607,10.5183325,3.9202365846569753,0.18474817,0,-0.032393917,-0.01897034
2023-08-07,Steppach_3_12179_AEH97__2023__southbound_01,Steppach 3 12179 AEH97,49.77011,10.818641,49.760525,10.808088,49.734016,10.7905,3.2070795778426597,1.3078443,0,-0.036093764,-0.028141275
2023-08-07,Steppach_7_plus_12187__2023__southbound_01,Steppach 7 +  12187,49.771122,10.804022,49.77096,10.815997,49.73522,10.776521,4.8822697319027375,0.8602277,0,-0.03589913,-0.02750066
2023-08-07,Wingersdorf_1_12174_A1X36__2023__southbound_01,Wingersdorf 1 12174 A1X36,49.769337,10.812203,49.768173,10.8064,49.73673,10.786632,3.7739121363510484,0.43639225,0,-0.032609895,-0.025571711
2023-08-07,Wingersdorf_2_12175_AEH98__2023__southbound_01,Wingersdorf 2 12175 AEH98,49.544277,10.9817705,49.543842,10.981372,49.511726,10.962834,3.8135374802985624,0.056349166,0,-0.032549948,-0.018935725
2023-08-07,Wingersdorf_3_12176_AEH99__2023__southbound_01,Wingersdorf 3 12176 AEH99,49.602505,10.62136,49.620075,10.650428,49.571724,10.596589,6.630471626970264,2.864213,0,-0.03078086,-0.024771065
2023-08-08,Angela_DER_AY470_eobs_4001__2023__southbound_01,Angela / DER AY470 (eobs 4001),48.13426,7.754865,48.164627,7.7360315,48.119175,7.727266,5.095730579112701,3.6545255,0,-0.015082873,-0.027599268
2023-08-08,Baunach_1_9698_ABR25__2023__southbound_01,Baunach 1 9698 ABR25,49.771374,10.822604,49.770084,10.82149,49.738903,10.800635,3.7770572461983245,0.1639622,0,-0.03247171,-0.021968849
2023-08-08,Bembo_Sparky_DER_AU891_eobs_3042__2023__southbound_01,Bembo Sparky / DER AU891 (eobs 3042),49.21264,10.672069,49.21364,10.667378,49.181076,10.650067,3.833026096677775,0.3584664,0,-0.031561367,-0.022000797
2023-08-08,Frensdorf_1_12171_ABR22__2023__southbound_01,Frensdorf 1 12171 ABR22,49.752445,10.786622,49.770428,10.821093,49.72019,10.767197,6.797395937337244,3.1825361,0,-0.03225755,-0.019424967
2023-08-08,Frensdorf_3_plus_12173_ABR24__2023__southbound_01,Frensdorf 3 + 12173 ABR24,49.76986,10.82126,49.62119,10.664227,49.754074,10.804429,17.890223340765846,20.021442,1,-0.015785635,-0.016831785
2023-08-08,Klippi_DER_AU955_e-obs_3018__2023__southbound_01,Klippi / DER AU955 (e-obs 3018),48.183407,9.829679,48.192307,9.656905,48.146492,9.814102,12.72213565757878,12.846326,1,-0.036914993,-0.015576147
2023-08-08,Louis_DER_AU050_eobs_3264__2023__southbound_01,Louis / DER AU050 (eobs 3264),47.908237,8.571833,47.911217,8.563831,47.88899,8.550861,2.6540581831824968,0.68232703,0,-0.019247621,-0.020971276
2023-08-08,Rosalie_DER_A2M38_e-obs_6993__2023__southbound_01,Rosalie / DER A2M38 (e-obs 6993),49.228405,10.539845,49.22835,10.539946,49.20162,10.516719,3.4179984711448457,0.009484263,0,-0.026786357,-0.023126535
2023-08-08,Steppach_3_12179_AEH97__2023__southbound_01,Steppach 3 12179 AEH97,49.760525,10.808088,49.770275,10.82053,49.711426,10.765451,7.647598487766244,1.4049413,0,-0.0490978,-0.042637147
2023-08-08,Steppach_7_plus_12187__2023__southbound_01,Steppach 7 +  12187,49.77096,10.815997,49.770836,10.820564,49.736103,10.791447,4.392231548371047,0.32824072,0,-0.034858152,-0.024549976
2023-08-08,Wingersdorf_1_12174_A1X36__2023__southbound_01,Wingersdorf 1 12174 A1X36,49.768173,10.8064,49.770008,10.820826,49.717247,10.764418,7.130742309228286,1.055917,0,-0.05092697,-0.04198242
2023-08-08,Wingersdorf_2_12175_AEH98__2023__southbound_01,Wingersdorf 2 12175 AEH98,49.543842,10.981372,49.54795,10.981214,49.497128,10.945268,6.2184651301992275,0.45672068,0,-0.046714418,-0.03610407
2023-08-08,Wingersdorf_3_12176_AEH99__2023__southbound_01,Wingersdorf 3 12176 AEH99,49.620075,10.650428,49.61917,10.654581,49.58835,10.626812,3.9687599615626032,0.31576598,0,-0.031728305,-0.02361612
2023-08-09,Angela_DER_AY470_eobs_4001__2023__southbound_01,Angela / DER AY470 (eobs 4001),48.164627,7.7360315,48.148876,7.732977,48.14904,7.7069163,1.9334931104543815,1.7657381,0,-0.015585288,-0.029114999
2023-08-09,Baunach_1_9698_ABR25__2023__southbound_01,Baunach 1 9698 ABR25,49.770084,10.82149,49.77107,10.82137,49.7297,10.793476,5.017760350593098,0.10976205,0,-0.040387247,-0.028014064
2023-08-09,Bembo_Sparky_DER_AU891_eobs_3042__2023__southbound_01,Bembo Sparky / DER AU891 (eobs 3042),49.21364,10.667378,49.209377,10.6746855,49.18133,10.651407,3.5477344827166473,0.7116361,0,-0.032307737,-0.015971318
2023-08-09,Frensdorf_1_12171_ABR22__2023__southbound_01,Frensdorf 1 12171 ABR22,49.770428,10.821093,49.77024,10.813642,49.74535,10.802134,2.8885628303991493,0.5355051,0,-0.02507966,-0.01895921
2023-08-09,Frensdorf_3_plus_12173_ABR24__2023__southbound_01,Frensdorf 3 + 12173 ABR24,49.62119,10.664227,49.62022,10.653338,49.564415,10.578376,8.228017372261105,0.791748,0,-0.056774467,-0.08585076
2023-08-09,Klippi_DER_AU955_e-obs_3018__2023__southbound_01,Klippi / DER AU955 (e-obs 3018),48.192307,9.656905,48.18376,9.716052,48.122795,9.602053,10.838556164582352,4.486433,0,-0.069512144,-0.05485238
2023-08-09,Louis_DER_AU050_eobs_3264__2023__southbound_01,Louis / DER AU050 (eobs 3264),47.911217,8.563831,47.89871,8.539618,47.89026,8.544357,1.0038068293585471,2.2788746,0,-0.020959191,-0.019474506
2023-08-09,Rosalie_DER_A2M38_e-obs_6993__2023__southbound_01,Rosalie / DER A2M38 (e-obs 6993),49.22835,10.539946,49.228363,10.536005,49.20579,10.520424,2.7531895463520764,0.28612956,0,-0.022560932,-0.01952181
2023-08-09,Steppach_3_12179_AEH97__2023__southbound_01,Steppach 3 12179 AEH97,49.770275,10.82053,49.77017,10.813677,49.74095,10.799159,3.4120569861827,0.49230292,0,-0.029324561,-0.021370746
2023-08-09,Steppach_7_plus_12187__2023__southbound_01,Steppach 7 +  12187,49.770836,10.820564,49.770367,10.813214,49.741585,10.800074,3.3367199643184446,0.5303725,0,-0.02925276,-0.020490937
2023-08-09,Wingersdorf_1_12174_A1X36__2023__southbound_01,Wingersdorf 1 12174 A1X36,49.770008,10.820826,49.770138,10.818445,49.74084,10.80037,3.506909601438007,0.17153345,0,-0.029166363,-0.020454936
2023-08-09,Wingersdorf_2_12175_AEH98__2023__southbound_01,Wingersdorf 2 12175 AEH98,49.54795,10.981214,49.54995,10.98078,49.517567,10.964961,3.7774470496093557,0.22465345,0,-0.030383058,-0.0162521
2023-08-09,Wingersdorf_3_12176_AEH99__2023__southbound_01,Wingersdorf 3 12176 AEH99,49.61917,10.654581,49.61923,10.654597,49.592213,10.634523,3.334137997376225,0.00675714,0,-0.026958957,-0.020057686
2023-08-10,Angela_DER_AY470_eobs_4001__2023__southbound_01,Angela / DER AY470 (eobs 4001),48.148876,7.732977,48.140602,7.7478137,48.126156,7.699378,3.937090276692573,1.4348435,0,-0.022719994,-0.033598766
2023-08-10,Baunach_1_9698_ABR25__2023__southbound_01,Baunach 1 9698 ABR25,49.77107,10.82137,49.76926,10.820889,49.73839,10.790896,4.052693137708927,0.20406169,0,-0.032676667,-0.030474097
2023-08-10,Bembo_Sparky_DER_AU891_eobs_3042__2023__southbound_01,Bembo Sparky / DER AU891 (eobs 3042),49.209377,10.6746855,49.19625,10.6844635,49.179455,10.646056,3.3584501698696925,1.6230943,0,-0.02992288,-0.028628878
2023-08-10,Frensdorf_1_12171_ABR22__2023__southbound_01,Frensdorf 1 12171 ABR22,49.77024,10.813642,49.76456,10.808766,49.72636,10.770473,5.060998617008149,0.7219185,0,-0.04388065,-0.043168835
2023-08-10,Frensdorf_3_plus_12173_ABR24__2023__southbound_01,Frensdorf 3 + 12173 ABR24,49.62022,10.653338,49.309555,10.318147,49.59337,10.617682,38.27239991802644,42.190807,1,-0.026850201,-0.035656027
2023-08-10,Klippi_DER_AU955_e-obs_3018__2023__southbound_01,Klippi / DER AU955 (e-obs 3018),48.18376,9.716052,48.15564,9.790046,48.15192,9.688877,7.516275265113276,6.3157473,0,-0.0318413,-0.027174495
2023-08-10,Louis_DER_AU050_eobs_3264__2023__southbound_01,Louis / DER AU050 (eobs 3264),47.89871,8.539618,47.90495,8.55302,47.871895,8.518535,4.485648275677488,1.2165833,0,-0.026813462,-0.021082886
2023-08-10,Rosalie_DER_A2M38_e-obs_6993__2023__southbound_01,Rosalie / DER A2M38 (e-obs 6993),49.228363,10.536005,49.224945,10.535506,49.19472,10.512084,3.7669009377946874,0.38179973,0,-0.033642724,-0.023921408
2023-08-10,Steppach_1_12177_AEH95__2023__southbound_01,Steppach 1 12177 AEH95,49.771156,10.82126,49.771282,10.8203745,49.73943,10.788269,4.2266103281471015,0.065128386,0,-0.03172502,-0.03299143
2023-08-10,Steppach_3_12179_AEH97__2023__southbound_01,Steppach 3 12179 AEH97,49.77017,10.813677,49.765774,10.805573,49.723164,10.768408,5.438805209188092,0.75991315,0,-0.047004066,-0.045269407
2023-08-10,Steppach_7_plus_12187__2023__southbound_01,Steppach 7 +  12187,49.770367,10.813214,49.771297,10.8114195,49.72413,10.772516,5.943252639898786,0.16526614,0,-0.04623694,-0.040698364
2023-08-10,Wingersdorf_1_12174_A1X36__2023__southbound_01,Wingersdorf 1 12174 A1X36,49.770138,10.818445,49.7656,10.8118725,49.722862,10.773945,5.478041796069138,0.69098604,0,-0.047275122,-0.044500187
2023-08-10,Wingersdorf_2_12175_AEH98__2023__southbound_01,Wingersdorf 2 12175 AEH98,49.54995,10.98078,49.552902,10.980802,49.51566,10.950538,4.681833076452593,0.32811815,0,-0.034291588,-0.030242406
2023-08-10,Wingersdorf_3_12176_AEH99__2023__southbound_01,Wingersdorf 3 12176 AEH99,49.61923,10.654597,49.30964,10.321447,49.587864,10.623191,37.85406056638928,42.008625,1,-0.031363875,-0.031406403
2023-08-11,Angela_DER_AY470_eobs_4001__2023__southbound_01,Angela / DER AY470 (eobs 4001),48.140602,7.7478137,47.79649,7.578767,48.125004,7.7149024,37.90951169416392,40.280254,1,-0.015598193,-0.032911435
2023-08-11,Baunach_1_9698_ABR25__2023__southbound_01,Baunach 1 9698 ABR25,49.76926,10.820889,49.483925,10.398822,49.729744,10.767722,38.12795506263851,43.941452,1,-0.039515287,-0.05316707
2023-08-11,Bembo_Sparky_DER_AU891_eobs_3042__2023__southbound_01,Bembo Sparky / DER AU891 (eobs 3042),49.19625,10.6844635,49.203266,10.670748,49.171177,10.650867,3.849584640405555,1.2655053,0,-0.025073253,-0.033595778
2023-08-11,Frensdorf_1_12171_ABR22__2023__southbound_01,Frensdorf 1 12171 ABR22,49.76456,10.808766,49.515636,10.446631,49.73294,10.758541,32.99454276185876,38.028233,1,-0.03162107,-0.050224885
2023-08-11,Frensdorf_3_plus_12173_ABR24__2023__southbound_01,Frensdorf 3 + 12173 ABR24,49.309555,10.318147,48.669388,10.138107,48.851063,9.619486,43.04954154892637,72.38566,1,-0.45849246,-0.6986606
2023-08-11,Klippi_DER_AU955_e-obs_3018__2023__southbound_01,Klippi / DER AU955 (e-obs 3018),48.15564,9.790046,48.144962,9.730352,48.126644,9.753361,2.6578465867519254,4.5848823,0,-0.028997362,-0.036685176
2023-08-11,Louis_DER_AU050_eobs_3264__2023__southbound_01,Louis / DER AU050 (eobs 3264),47.90495,8.55302,47.90752,8.55612,47.89097,8.520238,3.246986905991557,0.36745134,0,-0.0139822215,-0.03278172
2023-08-11,Rosalie_DER_A2M38_e-obs_6993__2023__southbound_01,Rosalie / DER A2M38 (e-obs 6993),49.224945,10.535506,49.226955,10.543199,49.20275,10.506071,3.8100076402870453,0.60172844,0,-0.022192642,-0.029435247
2023-08-11,Steppach_1_12177_AEH95__2023__southbound_01,Steppach 1 12177 AEH95,49.771282,10.8203745,49.482975,10.397947,49.740524,10.784472,39.94648206937163,44.19815,1,-0.030757725,-0.035901867
2023-08-11,Steppach_2_12178_AEH96__2023__southbound_01,Steppach 2 12178 AEH96,49.771313,10.821244,49.624546,10.663945,49.72831,10.771162,13.87958323863044,19.857515,1,-0.043003038,-0.050082244
2023-08-11,Steppach_3_12179_AEH97__2023__southbound_01,Steppach 3 12179 AEH97,49.765774,10.805573,49.482716,10.398402,49.714447,10.7296095,35.12453845304506,43.021564,1,-0.05132512,-0.07596351
2023-08-11,Steppach_5_12185__2023__southbound_01,Steppach 5 12185,49.77105,10.812422,49.482777,10.398496,49.722424,10.768984,37.72151478008023,43.77633,1,-0.048627816,-0.043438166
2023-08-11,Steppach_6_12186__2023__southbound_01,Steppach 6 12186,49.769745,10.811361,49.482914,10.397264,49.73602,10.763941,38.602094913454444,43.6677,1,-0.033727206,-0.04742015
2023-08-11,Steppach_7_plus_12187__2023__southbound_01,Steppach 7 +  12187,49.771297,10.8114195,49.482536,10.399338,49.73841,10.782373,39.638240917132904,43.72591,1,-0.03288675,-0.029046178
2023-08-11,Wingersdorf_1_12174_A1X36__2023__southbound_01,Wingersdorf 1 12174 A1X36,49.7656,10.8118725,49.3834,10.10427,49.70977,10.727072,57.75777497333886,66.40267,1,-0.055826545,-0.0848003
2023-08-11,Wingersdorf_2_12175_AEH98__2023__southbound_01,Wingersdorf 2 12175 AEH98,49.552902,10.980802,49.54931,10.982642,49.527348,10.945284,3.6373375011078513,0.42102367,0,-0.02555471,-0.03551785
2023-08-11,Wingersdorf_3_12176_AEH99__2023__southbound_01,Wingersdorf 3 12176 AEH99,49.30964,10.321447,48.79541,10.157835,48.573246,9.33197,65.46745166997125,58.409565,1,-0.7363922,-0.9894776
2023-08-12,Angela_DER_AY470_eobs_4001__2023__southbound_01,Angela / DER AY470 (eobs 4001),47.79649,7.578767,47.65475,7.5555215,47.122093,6.6763873,88.8146319242565,15.855944,1,-0.6743979,-0.9023795
2023-08-12,Baunach_1_9698_ABR25__2023__southbound_01,Baunach 1 9698 ABR25,49.483925,10.398822,49.21202,8.875579,48.756115,9.361976,61.88486615620186,114.408,1,-0.72781134,-1.0368465
2023-08-12,Bembo_Sparky_DER_AU891_eobs_3042__2023__southbound_01,Bembo Sparky / DER AU891 (eobs 3042),49.203266,10.670748,49.209606,10.674942,49.172462,10.631784,5.1860150513299335,0.767811,0,-0.030802391,-0.038963713
2023-08-12,Frensdorf_1_12171_ABR22__2023__southbound_01,Frensdorf 1 12171 ABR22,49.515636,10.446631,49.208504,8.658866,48.9679,9.623808,75.18848363382642,133.8926,1,-0.5477387,-0.82282346
2023-08-12,Frensdorf_3_plus_12173_ABR24__2023__southbound_01,Frensdorf 3 + 12173 ABR24,48.669388,10.138107,47.725304,9.289631,47.973564,9.199398,28.414636468790818,122.37108,1,-0.6958245,-0.9387089
2023-08-12,Klippi_DER_AU955_e-obs_3018__2023__southbound_01,Klippi / DER AU955 (e-obs 3018),48.144962,9.730352,48.119335,9.645966,48.031815,9.551814,11.984941860757719,6.880406,0,-0.11314755,-0.17853847
2023-08-12,Louis_DER_AU050_eobs_3264__2023__southbound_01,Louis / DER AU050 (eobs 3264),47.90752,8.55612,47.905235,8.557772,47.890125,8.52149,3.1841996084023765,0.28212747,0,-0.017393522,-0.03462971
2023-08-12,Rosalie_DER_A2M38_e-obs_6993__2023__southbound_01,Rosalie / DER A2M38 (e-obs 6993),49.226955,10.543199,49.215797,10.545254,49.209038,10.504444,3.058174957779732,1.249676,0,-0.0179165,-0.038754538
2023-08-12,Steppach_1_12177_AEH95__2023__southbound_01,Steppach 1 12177 AEH95,49.482975,10.397947,49.208485,8.6596575,48.81352,9.440492,71.91655546789046,129.56944,1,-0.6694567,-0.9574552
2023-08-12,Steppach_2_12178_AEH96__2023__southbound_01,Steppach 2 12178 AEH96,49.624546,10.663945,49.529892,10.476009,49.235756,10.021069,46.413767776809685,17.158018,1,-0.3887908,-0.64287704
2023-08-12,Steppach_3_12179_AEH97__2023__southbound_01,Steppach 3 12179 AEH97,49.482716,10.398402,49.209023,8.659567,48.8073,9.430075,71.78916891320864,129.58679,1,-0.67541635,-0.96832776
2023-08-12,Steppach_5_12185__2023__southbound_01,Steppach 5 12185,49.482777,10.398496,49.208508,8.658426,48.64291,9.249759,76.30018281436507,129.68924,1,-0.8398676,-1.1487372
2023-08-12,Steppach_6_12186__2023__southbound_01,Steppach 6 12186,49.482914,10.397264,49.20851,8.657857,48.8359,9.469751,72.25933292488678,129.64583,1,-0.6470127,-0.9275118
2023-08-12,Steppach_7_plus_12187__2023__southbound_01,Steppach 7 +  12187,49.482536,10.399338,49.2085,8.658712,48.7615,9.369868,71.85734109719174,129.72261,1,-0.72103417,-1.0294697
2023-08-12,Wingersdorf_1_12174_A1X36__2023__southbound_01,Wingersdorf 1 12174 A1X36,49.3834,10.10427,49.209103,8.657664,48.568073,8.978011,75.02857664696796,106.675156,1,-0.8153283,-1.126259
2023-08-12,Wingersdorf_2_12175_AEH98__2023__southbound_01,Wingersdorf 2 12175 AEH98,49.54931,10.982642,49.549526,10.981527,49.5199,10.93659,4.622498579806299,0.08400607,0,-0.029405832,-0.04605218
2023-08-12,Wingersdorf_3_12176_AEH99__2023__southbound_01,Wingersdorf 3 12176 AEH99,48.79541,10.157835,47.715385,9.276674,47.96198,9.159783,28.774441767249872,136.66618,1,-0.83343196,-0.9980519
2023-08-13,Angela_DER_AY470_eobs_4001__2023__southbound_01,Angela / DER AY470 (eobs 4001),47.65475,7.5555215,47.52191,7.0241976,47.522312,7.3609653,25.288127288232822,42.496704,1,-0.13243929,-0.19455633
2023-08-13,Baunach_1_9698_ABR25__2023__southbound_01,Baunach 1 9698 ABR25,49.21202,8.875579,49.12796,8.325431,48.436283,7.7854414,86.49028952820545,41.074043,1,-0.77573824,-1.0901376
2023-08-13,Bembo_Sparky_DER_AU891_eobs_3042__2023__southbound_01,Bembo Sparky / DER AU891 (eobs 3042),49.209606,10.674942,49.214104,10.668508,49.180176,10.62986,4.703039175926533,0.6845981,0,-0.029429145,-0.04508236
2023-08-13,Frensdorf_1_12171_ABR22__2023__southbound_01,Frensdorf 1 12171 ABR22,49.208504,8.658866,49.1611,8.346478,48.433815,7.5808916,98.40924587717906,23.308115,1,-0.7746903,-1.0779743
2023-08-13,Frensdorf_3_plus_12173_ABR24__2023__southbound_01,Frensdorf 3 + 12173 ABR24,47.725304,9.289631,47.777603,9.2651615,46.95005,8.282154,118.10432617087676,6.0962543,0,-0.7752546,-1.0074772
2023-08-13,Klippi_DER_AU955_e-obs_3018__2023__southbound_01,Klippi / DER AU955 (e-obs 3018),48.119335,9.645966,48.031754,9.608521,48.035454,9.52529,6.202417932739054,10.128224,1,-0.083881035,-0.12067574
2023-08-13,Louis_DER_AU050_eobs_3264__2023__southbound_01,Louis / DER AU050 (eobs 3264),47.905235,8.557772,47.907127,8.578035,47.87634,8.5180025,5.635204578781695,1.5250368,0,-0.028896384,-0.039769262
2023-08-13,Rosalie_DER_A2M38_e-obs_6993__2023__southbound_01,Rosalie / DER A2M38 (e-obs 6993),49.215797,10.545254,49.218815,10.544927,49.187027,10.504059,4.61624464259159,0.336247,0,-0.028771996,-0.04119511
2023-08-13,Steppach_1_12177_AEH95__2023__southbound_01,Steppach 1 12177 AEH95,49.208485,8.6596575,49.161148,8.37647,48.45154,7.59478,97.48247142871418,21.244396,1,-0.7569445,-1.0648777
2023-08-13,Steppach_2_12178_AEH96__2023__southbound_01,Steppach 2 12178 AEH96,49.529892,10.476009,49.483776,10.394057,49.391014,10.244885,14.924352455919237,7.8299108,0,-0.13887805,-0.23112363
2023-08-13,Steppach_3_12179_AEH97__2023__southbound_01,Steppach 3 12179 AEH97,49.209023,8.659567,49.16005,8.347034,48.48004,7.6214437,92.40832696685959,23.358389,1,-0.7289803,-1.0381229
2023-08-13,Steppach_5_12185__2023__southbound_01,Steppach 5 12185,49.208508,8.658426,49.160633,8.346312,48.462193,7.6063523,94.69596561715369,23.300606,1,-0.74631655,-1.0520738
2023-08-13,Steppach_6_12186__2023__southbound_01,Steppach 6 12186,49.20851,8.657857,49.162056,8.405628,48.43769,7.5783362,100.79152918449657,19.045624,1,-0.77082074,-1.0795207
2023-08-13,Steppach_7_plus_12187__2023__southbound_01,Steppach 7 +  12187,49.2085,8.658712,49.14368,8.336375,48.5116,7.655951,86.14319643149003,24.514833,1,-0.6969008,-1.0027614
2023-08-13,Wingersdorf_1_12174_A1X36__2023__southbound_01,Wingersdorf 1 12174 A1X36,49.209103,8.657664,49.160618,8.346746,48.60696,7.746997,75.58583785886334,23.23147,1,-0.60214245,-0.91066724
2023-08-13,Wingersdorf_2_12175_AEH98__2023__southbound_01,Wingersdorf 2 12175 AEH98,49.549526,10.981527,49.54935,10.981772,49.513542,10.936804,5.136774270235991,0.026369905,0,-0.03598356,-0.04472339
2023-08-13,Wingersdorf_3_12176_AEH99__2023__southbound_01,Wingersdorf 3 12176 AEH99,47.715385,9.276674,47.422337,8.594113,46.69055,8.169554,87.49613006273988,60.696434,1,-1.0248342,-1.1071209
2023-08-14,Angela_DER_AY470_eobs_4001__2023__southbound_01,Angela / DER AY470 (eobs 4001),47.52191,7.0241976,46.693375,5.4422135,46.831947,5.967467,42.87358766354434,151.06589,1,-0.68996596,-1.0567307
2023-08-14,Baunach_1_9698_ABR25__2023__southbound_01,Baunach 1 9698 ABR25,49.12796,8.325431,48.688347,7.9889865,48.529076,7.3760653,48.41819505630282,54.718693,1,-0.5988836,-0.94936544
2023-08-14,Baunach_2_plus_9704_ABR20__2023__southbound_01,Baunach 2 + 9704 ABR20,49.197735,10.64844,49.22912,10.488251,49.141884,10.592105,12.290751200220733,12.147717,1,-0.05585175,-0.056335688
2023-08-14,Bembo_Sparky_DER_AU891_eobs_3042__2023__southbound_01,Bembo Sparky / DER AU891 (eobs 3042),49.214104,10.668508,49.207653,10.679583,49.18134,10.623977,4.9887703871514235,1.0776561,0,-0.032764204,-0.044531144
2023-08-14,Frensdorf_1_12171_ABR22__2023__southbound_01,Frensdorf 1 12171 ABR22,49.1611,8.346478,48.645103,7.97301,48.814198,7.7550635,24.679234446249588,63.538567,1,-0.34690142,-0.5914149
2023-08-14,Frensdorf_3_plus_12173_ABR24__2023__southbound_01,Frensdorf 3 + 12173 ABR24,47.777603,9.2651615,47.77632,9.271131,47.77245,9.229503,3.1404557000254525,0.46829373,0,-0.0051553994,-0.035658926
2023-08-14,Klippi_DER_AU955_e-obs_3018__2023__southbound_01,Klippi / DER AU955 (e-obs 3018),48.031754,9.608521,48.03681,9.61257,47.84066,9.286001,32.67287893112491,0.6376461,0,-0.19109437,-0.32252043
2023-08-14,Louis_DER_AU050_eobs_3264__2023__southbound_01,Louis / DER AU050 (eobs 3264),47.907127,8.578035,47.90697,8.574343,47.8835,8.540121,3.6498585647922215,0.27577516,0,-0.02362676,-0.037914693
2023-08-14,Rosalie_DER_A2M38_e-obs_6993__2023__southbound_01,Rosalie / DER A2M38 (e-obs 6993),49.218815,10.544927,49.227455,10.538889,49.195065,10.501887,4.494044305896328,1.0563343,0,-0.023750044,-0.043039434
2023-08-14,Steppach_1_12177_AEH95__2023__southbound_01,Steppach 1 12177 AEH95,49.161148,8.37647,48.688244,7.988713,48.8006,7.7656236,20.58297913080694,59.73017,1,-0.36055112,-0.610846
2023-08-14,Steppach_2_12178_AEH96__2023__southbound_01,Steppach 2 12178 AEH96,49.483776,10.394057,49.463448,10.419137,49.381165,10.219276,17.10806901884179,2.8972375,0,-0.10261044,-0.17478053
2023-08-14,Steppach_3_12179_AEH97__2023__southbound_01,Steppach 3 12179 AEH97,49.16005,8.347034,48.688282,7.9888277,48.81641,7.764386,21.76531965559502,58.623898,1,-0.34364054,-0.5826482
2023-08-14,Steppach_5_12185__2023__southbound_01,Steppach 5 12185,49.160633,8.346312,48.749805,8.017799,48.766754,7.697855,23.52876105330047,51.596653,1,-0.3938796,-0.64845675
2023-08-14,Steppach_6_12186__2023__southbound_01,Steppach 6 12186,49.162056,8.405628,48.64177,7.971902,48.834145,7.845596,23.31041311507645,65.96983,1,-0.3279101,-0.56003225
2023-08-14,Steppach_7_plus_12187__2023__southbound_01,Steppach 7 +  12187,49.14368,8.336375,48.758633,7.8801394,48.81755,7.7835746,9.641964890162738,54.249836,1,-0.32612908,-0.55280054
2023-08-14,Wingersdorf_1_12174_A1X36__2023__southbound_01,Wingersdorf 1 12174 A1X36,49.160618,8.346746,48.66315,7.974349,48.88711,7.8701973,26.04661889745367,61.647896,1,-0.273505,-0.47654936
2023-08-14,Wingersdorf_2_12175_AEH98__2023__southbound_01,Wingersdorf 2 12175 AEH98,49.54935,10.981772,49.52282,10.9818,49.513065,10.943092,2.99738903288298,2.9500394,0,-0.03628571,-0.038679942
2023-08-14,Wingersdorf_3_12176_AEH99__2023__southbound_01,Wingersdorf 3 12176 AEH99,47.422337,8.594113,47.128998,7.519536,46.660465,7.500535,52.118516764818914,87.38389,1,-0.7618726,-1.0935781
2023-08-15,Angela_DER_AY470_eobs_4001__2023__southbound_01,Angela / DER AY470 (eobs 4001),46.693375,5.4422135,46.058247,5.1277914,45.763954,4.327044,70.06228755653558,74.6285,1,-0.9294223,-1.1151696
2023-08-15,Baunach_1_9698_ABR25__2023__southbound_01,Baunach 1 9698 ABR25,48.688347,7.9889865,48.6849,7.987543,47.90518,6.866636,119.96841942769552,0.39782625,0,-0.78316575,-1.1223508
2023-08-15,Baunach_2_plus_9704_ABR20__2023__southbound_01,Baunach 2 + 9704 ABR20,49.22912,10.488251,49.215874,10.500249,49.111843,10.271664,20.249728648606293,1.7111723,0,-0.11727484,-0.21658666
2023-08-15,Bembo_Sparky_DER_AU891_eobs_3042__2023__southbound_01,Bembo Sparky / DER AU891 (eobs 3042),49.207653,10.679583,49.212322,10.667011,49.17846,10.637632,4.328463373148096,1.0503811,0,-0.029195346,-0.041950136
2023-08-15,Frensdorf_1_12171_ABR22__2023__southbound_01,Frensdorf 1 12171 ABR22,48.645103,7.97301,48.52539,7.848864,47.891533,6.9376893,97.60359007914852,16.142693,1,-0.7535706,-1.0353209
2023-08-15,Frensdorf_3_plus_12173_ABR24__2023__southbound_01,Frensdorf 3 + 12173 ABR24,47.77632,9.271131,47.77844,9.292806,47.776524,9.240558,3.910002650192971,1.6366265,0,0.00020167232,-0.030573323
2023-08-15,Klippi_DER_AU955_e-obs_3018__2023__southbound_01,Klippi / DER AU955 (e-obs 3018),48.03681,9.61257,48.12523,9.644951,48.002224,9.576087,14.60352841364075,10.121722,1,-0.034589507,-0.03648258
2023-08-15,Louis_DER_AU050_eobs_3264__2023__southbound_01,Louis / DER AU050 (eobs 3264),47.90697,8.574343,47.90912,8.572943,47.885807,8.535255,3.822739829423916,0.26039174,0,-0.021163106,-0.03908682
2023-08-15,Rosalie_DER_A2M38_e-obs_6993__2023__southbound_01,Rosalie / DER A2M38 (e-obs 6993),49.227455,10.538889,49.22816,10.53503,49.20596,10.498707,3.6131535185766777,0.29098082,0,-0.021497242,-0.040182203
2023-08-15,Steppach_1_12177_AEH95__2023__southbound_01,Steppach 1 12177 AEH95,48.688244,7.988713,48.675766,7.984137,47.942253,6.929177,112.86924056103852,1.4276577,0,-0.74599093,-1.0595359
2023-08-15,Steppach_2_12178_AEH96__2023__southbound_01,Steppach 2 12178 AEH96,49.463448,10.419137,49.21205,10.529055,49.424046,10.37072,26.218041345895518,29.066278,1,-0.03940258,-0.048417166
2023-08-15,Steppach_3_12179_AEH97__2023__southbound_01,Steppach 3 12179 AEH97,48.688282,7.9888277,48.67278,7.983734,47.98074,6.9581413,108.0292808616779,1.7639046,0,-0.70754385,-1.0306865
2023-08-15,Steppach_5_12185__2023__southbound_01,Steppach 5 12185,48.749805,8.017799,48.750538,8.020606,47.99386,6.9106226,117.47807340752003,0.22139436,0,-0.7559481,-1.1071767
2023-08-15,Steppach_6_12186__2023__southbound_01,Steppach 6 12186,48.64177,7.971902,48.525265,7.8493543,47.85944,6.890152,102.64773284623708,15.782443,1,-0.7823305,-1.0817497
2023-08-15,Steppach_7_plus_12187__2023__southbound_01,Steppach 7 +  12187,48.758633,7.8801394,48.75683,7.798679,48.102306,6.871334,99.89046159286379,5.9748225,0,-0.6563271,-1.0088053
2023-08-15,Wingersdorf_1_12174_A1X36__2023__southbound_01,Wingersdorf 1 12174 A1X36,48.66315,7.974349,48.41981,7.8858,47.996204,6.9786644,82.08126225596006,27.832355,1,-0.66694546,-0.9956844
2023-08-15,Wingersdorf_2_12175_AEH98__2023__southbound_01,Wingersdorf 2 12175 AEH98,49.52282,10.9818,48.782516,11.922225,49.487255,10.9337225,106.35970357112733,107.0216,1,-0.03556396,-0.048077494
2023-08-15,Wingersdorf_3_12176_AEH99__2023__southbound_01,Wingersdorf 3 12176 AEH99,47.128998,7.519536,46.70444,6.998507,46.281544,6.283899,72.13703083403188,61.601,1,-0.84745383,-1.2356372
2023-08-16,Angela_DER_AY470_eobs_4001__2023__southbound_01,Angela / DER AY470 (eobs 4001),46.058247,5.1277914,45.129078,4.8418922,45.183804,4.1018753,58.3440715504422,105.68646,1,-0.8744438,-1.0259159
2023-08-16,Baunach_1_9698_ABR25__2023__southbound_01,Baunach 1 9698 ABR25,48.6849,7.987543,47.789772,7.274776,48.565506,7.7698517,93.74341471510219,112.664345,1,-0.11939114,-0.21769136
2023-08-16,Baunach_2_plus_9704_ABR20__2023__southbound_01,Baunach 2 + 9704 ABR20,49.215874,10.500249,49.227192,10.534806,49.162262,10.439075,10.025790584765634,2.8076484,0,-0.05361206,-0.06117377
2023-08-16,Bembo_Sparky_DER_AU891_eobs_3042__2023__southbound_01,Bembo Sparky / DER AU891 (eobs 3042),49.212322,10.667011,49.216217,10.665322,49.17558,10.626754,5.317244694503628,0.45006964,0,-0.036741864,-0.040257692
2023-08-16,Frensdorf_1_12171_ABR22__2023__southbound_01,Frensdorf 1 12171 ABR22,48.52539,7.848864,47.63007,7.180621,48.2166,7.2915034,65.74037107907195,111.245674,1,-0.30879223,-0.5573606
2023-08-16,Frensdorf_3_plus_12173_ABR24__2023__southbound_01,Frensdorf 3 + 12173 ABR24,47.77844,9.292806,47.762394,9.184819,47.778378,9.26742,6.423877730782958,8.26507,0,-6.261468e-05,-0.025386304
2023-08-16,Klippi_DER_AU955_e-obs_3018__2023__southbound_01,Klippi / DER AU955 (e-obs 3018),48.12523,9.644951,48.14037,9.722237,48.091343,9.606999,10.144170276914362,5.9775424,0,-0.03388595,-0.03795149
2023-08-16,Louis_DER_AU050_eobs_3264__2023__southbound_01,Louis / DER AU050 (eobs 3264),47.90912,8.572943,47.9112,8.57454,47.885525,8.539311,3.879342166720171,0.2604862,0,-0.02359201,-0.033630855
2023-08-16,Moenchsambach_2_12181_ABR26__2023__southbound_01,Moenchsambach 2 12181 ABR26,49.339264,11.063838,49.04863,10.979883,49.218185,10.894581,19.848941362013242,32.887505,1,-0.12107731,-0.16925727
2023-08-16,Rosalie_DER_A2M38_e-obs_6993__2023__southbound_01,Rosalie / DER A2M38 (e-obs 6993),49.22816,10.53503,49.228065,10.533851,49.198696,10.499176,4.124163232949627,0.08633511,0,-0.029463917,-0.035854027
2023-08-16,Steppach_1_12177_AEH95__2023__southbound_01,Steppach 1 12177 AEH95,48.675766,7.984137,48.297527,7.559511,48.565575,7.7805963,33.976973249409866,52.42347,1,-0.11019266,-0.20354074
2023-08-16,Steppach_2_12178_AEH96__2023__southbound_01,Steppach 2 12178 AEH96,49.21205,10.529055,49.26421,10.405191,49.000202,10.231709,31.954801813694026,10.700703,1,-0.21184753,-0.29734647
2023-08-16,Steppach_3_12179_AEH97__2023__southbound_01,Steppach 3 12179 AEH97,48.67278,7.983734,48.29768,7.5601764,48.54067,7.7464886,30.316291083713516,52.097275,1,-0.13211079,-0.23724578
2023-08-16,Steppach_5_12185__2023__southbound_01,Steppach 5 12185,48.750538,8.020606,48.50372,7.8535147,48.73413,8.003019,27.87809496968152,30.06734,1,-0.016406655,-0.017586388
2023-08-16,Steppach_6_12186__2023__southbound_01,Steppach 6 12186,48.525265,7.8493543,47.6277,7.177834,48.19515,7.2638764,63.42242460229335,111.578384,1,-0.33011574,-0.585478
2023-08-16,Steppach_7_plus_12187__2023__southbound_01,Steppach 7 +  12187,48.75683,7.798679,48.165405,7.3702507,48.635105,7.5972795,54.8516163551059,72.95722,1,-0.121724196,-0.20139912
2023-08-16,Wingersdorf_1_12174_A1X36__2023__southbound_01,Wingersdorf 1 12174 A1X36,48.41981,7.8858,48.13941,7.65787,48.012177,7.188348,37.642640517599474,35.449116,1,-0.4076361,-0.6974523
2023-08-16,Wingersdorf_2_12175_AEH98__2023__southbound_01,Wingersdorf 2 12175 AEH98,48.782516,11.922225,48.23401,14.879519,47.83514,12.674561,169.83425110080137,226.2177,1,-0.947377,0.75233567
2023-08-16,Wingersdorf_3_12176_AEH99__2023__southbound_01,Wingersdorf 3 12176 AEH99,46.70444,6.998507,46.298347,6.132945,45.84032,5.77245,58.028556052394755,80.17435,1,-0.86412084,-1.2260569
2023-08-17,Angela_DER_AY470_eobs_4001__2023__southbound_01,Angela / DER AY470 (eobs 4001),45.129078,4.8418922,44.108948,4.3573484,44.16114,3.745278,49.18959239129726,119.74028,1,-0.9679383,-1.0966142
2023-08-17,Baunach_1_9698_ABR25__2023__southbound_01,Baunach 1 9698 ABR25,47.789772,7.274776,47.53264,6.9878416,46.80954,6.0564404,106.87209998632383,35.766895,1,-0.98023075,-1.2183359
2023-08-17,Baunach_2_plus_9704_ABR20__2023__southbound_01,Baunach 2 + 9704 ABR20,49.227192,10.534806,49.065983,10.542325,49.199024,10.497666,15.146164413193397,17.933899,1,-0.028166875,-0.037140176
2023-08-17,Bembo_Sparky_DER_AU891_eobs_3042__2023__southbound_01,Bembo Sparky / DER AU891 (eobs 3042),49.216217,10.665322,49.21249,10.668885,49.186924,10.62436,4.306675775813269,0.48843595,0,-0.029292531,-0.040962182
2023-08-17,Frensdorf_1_12171_ABR22__2023__southbound_01,Frensdorf 1 12171 ABR22,47.63007,7.180621,47.169918,5.903967,46.68254,5.994652,54.629726257913845,108.85976,1,-0.94753015,-1.1859696
2023-08-17,Frensdorf_3_plus_12173_ABR24__2023__southbound_01,Frensdorf 3 + 12173 ABR24,47.762394,9.184819,47.508205,8.4946785,47.68286,8.952097,39.41619082363342,58.93129,1,-0.07953443,-0.23272249
2023-08-17,Klippi_DER_AU955_e-obs_3018__2023__southbound_01,Klippi / DER AU955 (e-obs 3018),48.14037,9.722237,48.1537,9.792808,48.103485,9.685407,9.732321585038816,5.441651,0,-0.036885846,-0.036830217
2023-08-17,Louis_DER_AU050_eobs_3264__2023__southbound_01,Louis / DER AU050 (eobs 3264),47.9112,8.57454,47.903915,8.572826,47.890324,8.54397,2.6291138028107977,0.8199633,0,-0.020878755,-0.030569568
2023-08-17,Moenchsambach_2_12181_ABR26__2023__southbound_01,Moenchsambach 2 12181 ABR26,49.04863,10.979883,48.983887,11.017142,48.368645,10.032783,99.51667769521198,7.694934,0,-0.679984,-0.9471003
2023-08-17,Rosalie_DER_A2M38_e-obs_6993__2023__southbound_01,Rosalie / DER A2M38 (e-obs 6993),49.228065,10.533851,49.228115,10.537609,49.196693,10.498193,4.517217441166641,0.27296507,0,-0.031370915,-0.035658106
2023-08-17,Steppach_1_12177_AEH95__2023__southbound_01,Steppach 1 12177 AEH95,48.297527,7.559511,47.501812,6.923105,47.572426,6.474277,34.595892671327434,100.39573,1,-0.7251003,-1.0852343
2023-08-17,Steppach_2_12178_AEH96__2023__southbound_01,Steppach 2 12178 AEH96,49.26421,10.405191,49.09368,9.664913,49.150555,10.201648,39.5675454266765,57.052322,1,-0.113656014,-0.20354393
2023-08-17,Steppach_3_12179_AEH97__2023__southbound_01,Steppach 3 12179 AEH97,48.29768,7.5601764,47.50207,6.9189897,47.602657,6.4990573,33.44063991975245,100.554535,1,-0.6950212,-1.061119
2023-08-17,Steppach_5_12185__2023__southbound_01,Steppach 5 12185,48.50372,7.8535147,48.333046,7.7764482,47.859367,6.8312607,87.75694654981545,19.81194,1,-0.6443533,-1.0222538
2023-08-17,Steppach_6_12186__2023__southbound_01,Steppach 6 12186,47.6277,7.177834,47.169575,5.903767,46.675125,5.9788094,55.274941524393704,108.58413,1,-0.9525758,-1.1990244
2023-08-17,Steppach_7_plus_12187__2023__southbound_01,Steppach 7 +  12187,48.165405,7.3702507,47.443626,6.7435007,47.335087,6.190784,43.32370556731423,92.91051,1,-0.8303196,-1.1794666
2023-08-17,Wingersdorf_1_12174_A1X36__2023__southbound_01,Wingersdorf 1 12174 A1X36,48.13941,7.65787,46.782505,6.0121007,47.54376,6.6828995,98.67617035332775,195.11383,1,-0.5956487,-0.97497034
2023-08-17,Wingersdorf_2_12175_AEH98__2023__southbound_01,Wingersdorf 2 12175 AEH98,48.23401,14.879519,47.902477,16.915796,47.277866,16.201157,87.7261714415695,155.72763,1,-0.9561427,1.3216363
2023-08-17,Wingersdorf_3_12176_AEH99__2023__southbound_01,Wingersdorf 3 12176 AEH99,46.298347,6.132945,45.218693,4.915891,45.406807,4.8106484,22.478045534807524,152.72858,1,-0.8915391,-1.3222967
2023-08-18,Angela_DER_AY470_eobs_4001__2023__southbound_01,Angela / DER AY470 (eobs 4001),44.108948,4.3573484,43.133526,2.9667532,43.28484,3.227291,26.99911707649216,155.86073,1,-0.8241078,-1.1300573
2023-08-18,Baunach_1_9698_ABR25__2023__southbound_01,Baunach 1 9698 ABR25,47.53264,6.9878416,46.5272,5.2886634,46.77613,5.781499,46.703460178507214,170.5349,1,-0.75650775,-1.2063425
2023-08-18,Baunach_2_plus_9704_ABR20__2023__southbound_01,Baunach 2 + 9704 ABR20,49.065983,10.542325,48.83547,10.651646,48.782055,10.023497,46.38120936868852,26.846676,1,-0.28392735,-0.51882875
2023-08-18,Bembo_Sparky_DER_AU891_eobs_3042__2023__southbound_01,Bembo Sparky / DER AU891 (eobs 3042),49.21249,10.668885,49.212612,10.669024,49.179737,10.62428,4.892207354295582,0.016895397,0,-0.032754682,-0.044604912
2023-08-18,Frensdorf_1_12171_ABR22__2023__southbound_01,Frensdorf 1 12171 ABR22,47.169918,5.903967,45.98214,5.098348,46.3155,4.6448426,50.936277878511724,145.72224,1,-0.85441834,-1.2591243
2023-08-18,Frensdorf_3_plus_12173_ABR24__2023__southbound_01,Frensdorf 3 + 12173 ABR24,47.508205,8.4946785,47.279167,8.185469,47.172592,7.859242,27.33674839122016,34.501877,1,-0.33561233,-0.63543636
2023-08-18,Klippi_DER_AU955_e-obs_3018__2023__southbound_01,Klippi / DER AU955 (e-obs 3018),48.1537,9.792808,48.153378,9.79245,48.1219,9.752212,4.600835160281202,0.04495075,0,-0.03180193,-0.040595554
2023-08-18,Louis_DER_AU050_eobs_3264__2023__southbound_01,Louis / DER AU050 (eobs 3264),47.903915,8.572826,47.91519,8.57289,47.87758,8.533453,5.112425854378794,1.2536503,0,-0.026335314,-0.039373048
2023-08-18,Moenchsambach_2_12181_ABR26__2023__southbound_01,Moenchsambach 2 12181 ABR26,48.983887,11.017142,48.676838,11.388131,48.905525,10.86886,45.75619743794836,43.62505,1,-0.07835981,-0.14828178
2023-08-18,Rosalie_DER_A2M38_e-obs_6993__2023__southbound_01,Rosalie / DER A2M38 (e-obs 6993),49.228115,10.537609,49.228085,10.536122,49.20572,10.494141,3.9348022705831966,0.10804237,0,-0.022395134,-0.043468162
2023-08-18,Steppach_1_12177_AEH95__2023__southbound_01,Steppach 1 12177 AEH95,47.501812,6.923105,46.090515,5.088582,46.572533,5.6690087,69.70408210179775,210.05693,1,-0.92927945,-1.254096
2023-08-18,Steppach_2_12178_AEH96__2023__southbound_01,Steppach 2 12178 AEH96,49.09368,9.664913,48.967785,8.80446,48.369225,8.569125,68.76390573839906,64.274445,1,-0.72445804,-1.0957881
2023-08-18,Steppach_3_12179_AEH97__2023__southbound_01,Steppach 3 12179 AEH97,47.50207,6.9189897,46.093346,5.0831394,46.582134,5.666253,70.41240867139352,209.90773,1,-0.9199377,-1.2527366
2023-08-18,Steppach_5_12185__2023__southbound_01,Steppach 5 12185,48.333046,7.7764482,48.140453,7.476426,47.84529,6.9642434,50.29737828391392,30.860157,1,-0.4877565,-0.81220466
2023-08-18,Steppach_6_12186__2023__southbound_01,Steppach 6 12186,47.169575,5.903767,46.063698,5.0989523,46.309532,4.6390667,44.72780985685173,137.47403,1,-0.86004084,-1.2647003
2023-08-18,Steppach_7_plus_12187__2023__southbound_01,Steppach 7 +  12187,47.443626,6.7435007,46.62091,5.388757,46.52269,5.467016,12.452674033588577,137.51343,1,-0.92093694,-1.2764847
2023-08-18,Wingersdorf_1_12174_A1X36__2023__southbound_01,Wingersdorf 1 12174 A1X36,46.782505,6.0121007,45.979904,5.091669,45.810432,4.7449408,32.78891801372559,113.79548,1,-0.97207105,-1.2671599
2023-08-18,Wingersdorf_2_12175_AEH98__2023__southbound_01,Wingersdorf 2 12175 AEH98,47.902477,16.915796,47.181248,18.414883,46.940987,18.245644,29.632345125471694,138.17482,1,-0.96149206,1.3298479
2023-08-18,Wingersdorf_3_12176_AEH99__2023__southbound_01,Wingersdorf 3 12176 AEH99,45.218693,4.915891,44.46287,4.8012104,44.278397,3.6740246,91.91252106294087,84.52855,1,-0.9402967,-1.2418666
2023-08-19,Angela_DER_AY470_eobs_4001__2023__southbound_01,Angela / DER AY470 (eobs 4001),43.133526,2.9667532,42.9593,2.92894,42.378704,1.8973755,106.21171147661681,19.615278,1,-0.75482017,-1.0693778
2023-08-19,Baunach_1_9698_ABR25__2023__southbound_01,Baunach 1 9698 ABR25,46.5272,5.2886634,45.93747,5.02839,45.64499,4.121115,77.4978465376564,68.562904,1,-0.8822107,-1.1675483
2023-08-19,Baunach_2_plus_9704_ABR20__2023__southbound_01,Baunach 2 + 9704 ABR20,48.83547,10.651646,48.83726,10.651088,48.376328,10.023096,68.98404139213257,0.20343642,0,-0.4591413,-0.62854975
2023-08-19,Bembo_Sparky_DER_AU891_eobs_3042__2023__southbound_01,Bembo Sparky / DER AU891 (eobs 3042),49.212612,10.669024,49.212475,10.669044,49.18549,10.630742,4.092483780324434,0.015498123,0,-0.027124219,-0.038281925
2023-08-19,Frensdorf_1_12171_ABR22__2023__southbound_01,Frensdorf 1 12171 ABR22,45.98214,5.098348,45.469753,4.8856807,45.06738,3.9716096,84.37210831450757,59.317947,1,-0.9147601,-1.1267387
2023-08-19,Frensdorf_3_plus_12173_ABR24__2023__southbound_01,Frensdorf 3 + 12173 ABR24,47.279167,8.185469,46.626553,6.790588,46.858517,7.4189243,54.38436984498559,128.3528,1,-0.42064863,-0.76654446
2023-08-19,Klippi_DER_AU955_e-obs_3018__2023__southbound_01,Klippi / DER AU955 (e-obs 3018),48.153378,9.79245,48.15457,9.795989,47.885235,9.29456,47.830498869165645,0.29414037,0,-0.26814377,-0.4978892
2023-08-19,Louis_DER_AU050_eobs_3264__2023__southbound_01,Louis / DER AU050 (eobs 3264),47.91519,8.57289,47.91115,8.578961,47.897827,8.539034,3.324666120003601,0.6376127,0,-0.017362595,-0.033856317
2023-08-19,Moenchsambach_2_12181_ABR26__2023__southbound_01,Moenchsambach 2 12181 ABR26,48.676838,11.388131,48.52502,11.812333,48.061268,10.991081,79.68921803152675,35.468002,1,-0.61556864,-0.3970496
2023-08-19,Rosalie_DER_A2M38_e-obs_6993__2023__southbound_01,Rosalie / DER A2M38 (e-obs 6993),49.228085,10.536122,49.22811,10.536003,49.199238,10.498007,4.233806600526435,0.00899994,0,-0.028847389,-0.038115054
2023-08-19,Steppach_1_12177_AEH95__2023__southbound_01,Steppach 1 12177 AEH95,46.090515,5.088582,45.469273,4.885157,45.15692,3.942387,81.49200525035447,70.85726,1,-0.93359536,-1.1461948
2023-08-19,Steppach_2_12178_AEH96__2023__southbound_01,Steppach 2 12178 AEH96,48.967785,8.80446,48.964817,8.799106,48.17424,7.6441774,122.26407471847577,0.5116907,0,-0.7935433,-1.1602824
2023-08-19,Steppach_3_12179_AEH97__2023__southbound_01,Steppach 3 12179 AEH97,46.093346,5.0831394,45.469376,4.8864965,45.181465,3.9524689,79.73027560695179,71.038574,1,-0.911881,-1.1306704
2023-08-19,Steppach_5_12185__2023__southbound_01,Steppach 5 12185,48.140453,7.476426,47.084152,5.827472,47.413193,6.351394,53.87522640494506,170.50569,1,-0.72725916,-1.1250318
2023-08-19,Steppach_6_12186__2023__southbound_01,Steppach 6 12186,46.063698,5.0989523,45.663334,4.901219,45.159813,3.9585502,92.46229667770626,47.077972,1,-0.9038852,-1.1404021
2023-08-19,Steppach_7_plus_12187__2023__southbound_01,Steppach 7 +  12187,46.62091,5.388757,45.66066,4.9012494,45.74786,4.1898065,56.090922151918306,113.18842,1,-0.8730505,-1.1989509
2023-08-19,Wingersdorf_1_12174_A1X36__2023__southbound_01,Wingersdorf 1 12174 A1X36,45.979904,5.091669,45.196342,4.8740153,45.206062,4.0117497,67.5670060816875,88.758804,1,-0.77384204,-1.0799193
2023-08-19,Wingersdorf_2_12175_AEH98__2023__southbound_01,Wingersdorf 2 12175 AEH98,47.181248,18.414883,46.83851,19.215458,46.077625,19.582672,89.15961740517638,71.672066,1,-1.1036229,1.1677897
2023-08-19,Wingersdorf_3_12176_AEH99__2023__southbound_01,Wingersdorf 3 12176 AEH99,44.46287,4.8012104,43.58778,3.948049,43.656364,3.6759398,23.19304242732429,118.83199,1,-0.8065066,-1.1252706
2023-08-20,Angela_DER_AY470_eobs_4001__2023__southbound_01,Angela / DER AY470 (eobs 4001),42.9593,2.92894,42.384556,2.8043692,42.388264,1.9998664,66.07516654423264,64.71533,1,-0.5710371,-0.9290737
2023-08-20,Baunach_1_9698_ABR25__2023__southbound_01,Baunach 1 9698 ABR25,45.93747,5.02839,44.01159,4.7348166,45.108498,3.9060159,138.52128741594015,215.38925,1,-0.82897377,-1.122374
2023-08-20,Baunach_2_plus_9704_ABR20__2023__southbound_01,Baunach 2 + 9704 ABR20,48.83726,10.651088,48.609367,10.663389,48.80162,10.600602,21.868460778950887,25.356707,1,-0.035640102,-0.050485536
2023-08-20,Bembo_Sparky_DER_AU891_eobs_3042__2023__southbound_01,Bembo Sparky / DER AU891 (eobs 3042),49.212475,10.669044,49.21238,10.66881,49.177475,10.619122,5.300950469864438,0.019878216,0,-0.034998663,-0.04992181
2023-08-20,Frensdorf_1_12171_ABR22__2023__southbound_01,Frensdorf 1 12171 ABR22,45.469753,4.8856807,43.652275,4.125168,44.71471,3.806832,120.83357257700291,210.88283,1,-0.75504434,-1.0788486
2023-08-20,Frensdorf_3_plus_12173_ABR24__2023__southbound_01,Frensdorf 3 + 12173 ABR24,46.626553,6.790588,45.166588,4.996189,45.863205,5.7453613,96.99152445809113,213.6172,1,-0.76334655,-1.0452265
2023-08-20,Klippi_DER_AU955_e-obs_3018__2023__southbound_01,Klippi / DER AU955 (e-obs 3018),48.15457,9.795989,48.188534,9.72985,48.119213,9.752948,7.896265214669992,6.19021,0,-0.035358775,-0.04304088
2023-08-20,Louis_DER_AU050_eobs_3264__2023__southbound_01,Louis / DER AU050 (eobs 3264),47.91115,8.578961,47.907944,8.563981,47.880157,8.551353,3.2299511492340907,1.1720877,0,-0.03099396,-0.027608074
2023-08-20,Moenchsambach_2_12181_ABR26__2023__southbound_01,Moenchsambach 2 12181 ABR26,48.52502,11.812333,48.19391,11.884052,48.252228,12.022293,12.121595642566806,37.197292,1,-0.27279472,0.2099598
2023-08-20,Rosalie_DER_A2M38_e-obs_6993__2023__southbound_01,Rosalie / DER A2M38 (e-obs 6993),49.22811,10.536003,49.228127,10.535477,49.19694,10.4937935,4.603493931952522,0.038289547,0,-0.031170383,-0.042209417
2023-08-20,Steppach_1_12177_AEH95__2023__southbound_01,Steppach 1 12177 AEH95,45.469273,4.885157,43.653717,4.117893,44.635788,3.7878838,112.33105544645682,210.83133,1,-0.833483,-1.0972732
2023-08-20,Steppach_2_12178_AEH96__2023__southbound_01,Steppach 2 12178 AEH96,48.964817,8.799106,48.912178,8.492846,48.823208,8.560907,11.075019196792747,23.122488,1,-0.14160794,-0.23819813
2023-08-20,Steppach_3_12179_AEH97__2023__southbound_01,Steppach 3 12179 AEH97,45.469376,4.8864965,43.609283,3.840045,44.646088,3.7910237,115.35389307837043,222.83669,1,-0.82328886,-1.0954727
2023-08-20,Steppach_5_12185__2023__southbound_01,Steppach 5 12185,47.084152,5.827472,45.950832,5.065282,46.208183,4.723334,38.91680302389321,138.85857,1,-0.87596804,-1.1041383
2023-08-20,Steppach_6_12186__2023__southbound_01,Steppach 6 12186,45.663334,4.901219,43.707592,4.210015,44.976532,3.859071,143.83304092055093,224.22661,1,-0.6868,-1.0421479
2023-08-20,Steppach_7_plus_12187__2023__southbound_01,Steppach 7 +  12187,45.66066,4.9012494,43.651176,4.1229086,44.77062,3.7897549,127.27672010639684,231.76735,1,-0.89003986,-1.1114945
2023-08-20,Wingersdorf_1_12174_A1X36__2023__southbound_01,Wingersdorf 1 12174 A1X36,45.196342,4.8740153,43.68164,4.241141,44.337402,3.7516704,82.76003005219877,175.76074,1,-0.85893947,-1.1223449
2023-08-20,Wingersdorf_2_12175_AEH98__2023__southbound_01,Wingersdorf 2 12175 AEH98,46.83851,19.215458,45.52585,21.106426,45.95151,20.446014,69.76401796852636,206.14027,1,-0.88699573,1.2305574
2023-08-20,Wingersdorf_3_12176_AEH99__2023__southbound_01,Wingersdorf 3 12176 AEH99,43.58778,3.948049,42.90979,2.8667343,42.946068,2.9783285,9.941039623711717,115.55575,1,-0.6417119,-0.96972054
2023-08-21,Angela_DER_AY470_eobs_4001__2023__southbound_01,Angela / DER AY470 (eobs 4001),42.384556,2.8043692,42.291645,3.0467565,41.710632,1.7973667,121.78652665376065,22.441936,1,-0.6739234,-1.0070025
2023-08-21,Baunach_1_9698_ABR25__2023__southbound_01,Baunach 1 9698 ABR25,44.01159,4.7348166,43.728466,4.458231,42.981197,3.856528,96.28574733517662,38.505634,1,-1.0303911,-0.8782885
2023-08-21,Baunach_2_plus_9704_ABR20__2023__southbound_01,Baunach 2 + 9704 ABR20,48.609367,10.663389,48.45626,10.930285,48.04247,9.885162,90.02917570120734,26.000935,1,-0.5668986,-0.7782269
2023-08-21,Bembo_Sparky_DER_AU891_eobs_3042__2023__southbound_01,Bembo Sparky / DER AU891 (eobs 3042),49.21238,10.66881,49.17438,10.702678,49.17246,10.599574,7.498290097023443,4.8900194,0,-0.039922666,-0.069236204
2023-08-21,Frensdorf_1_12171_ABR22__2023__southbound_01,Frensdorf 1 12171 ABR22,43.652275,4.125168,42.788147,2.8690524,42.70431,3.1418028,24.144445999359533,139.97046,1,-0.94796246,-0.983365
2023-08-21,Frensdorf_3_plus_12173_ABR24__2023__southbound_01,Frensdorf 3 + 12173 ABR24,45.166588,4.996189,43.489258,3.6653686,44.350895,4.0075836,99.65315802724433,214.45018,1,-0.8156943,-0.98860544
2023-08-21,Klippi_DER_AU955_e-obs_3018__2023__southbound_01,Klippi / DER AU955 (e-obs 3018),48.188534,9.72985,48.212795,9.653426,48.137726,9.654948,8.348113970072603,6.273628,0,-0.050806306,-0.074901596
2023-08-21,Louis_DER_AU050_eobs_3264__2023__southbound_01,Louis / DER AU050 (eobs 3264),47.907944,8.563981,47.91449,8.581795,47.870697,8.5247755,6.464193994583482,1.5140849,0,-0.037246894,-0.03920509
2023-08-21,Moenchsambach_2_12181_ABR26__2023__southbound_01,Moenchsambach 2 12181 ABR26,48.19391,11.884052,48.079067,11.551203,47.433144,11.066728,80.43768393474528,27.805407,1,-0.7607645,-0.8173243
2023-08-21,Rosalie_DER_A2M38_e-obs_6993__2023__southbound_01,Rosalie / DER A2M38 (e-obs 6993),49.228127,10.535477,49.22808,10.539107,49.196144,10.491833,4.939972920460179,0.2636752,0,-0.031982496,-0.04364354
2023-08-21,Steppach_1_12177_AEH95__2023__southbound_01,Steppach 1 12177 AEH95,43.653717,4.117893,43.21097,3.152801,42.66629,3.1120732,60.65658213154344,92.17661,1,-0.98742753,-1.00582
2023-08-21,Steppach_2_12178_AEH96__2023__southbound_01,Steppach 2 12178 AEH96,48.912178,8.492846,48.541454,7.6741724,48.40345,7.6405025,15.544849782483496,72.83639,1,-0.5087263,-0.85234314
2023-08-21,Steppach_3_12179_AEH97__2023__southbound_01,Steppach 3 12179 AEH97,43.609283,3.840045,43.224392,3.19569,42.685303,2.8261957,67.06337425295467,67.38078,1,-0.92397904,-1.0138491
2023-08-21,Steppach_5_12185__2023__southbound_01,Steppach 5 12185,45.950832,5.065282,43.7415,4.546069,45.01859,4.005784,148.3544910208324,249.05188,1,-0.9322437,-1.0594976
2023-08-21,Steppach_6_12186__2023__southbound_01,Steppach 6 12186,43.707592,4.210015,42.78802,2.8664758,42.738445,3.245637,31.440072507218606,149.31772,1,-0.9691455,-0.9643778
2023-08-21,Steppach_7_plus_12187__2023__southbound_01,Steppach 7 +  12187,43.651176,4.1229086,42.96374,2.9216812,42.680965,3.1527426,36.657949218999846,123.65135,1,-0.97021157,-0.970166
2023-08-21,Wingersdorf_1_12174_A1X36__2023__southbound_01,Wingersdorf 1 12174 A1X36,43.68164,4.241141,43.41208,3.4212182,42.827267,3.272375,66.14084459825715,72.5617,1,-0.8543744,-0.9687656
2023-08-21,Wingersdorf_2_12175_AEH98__2023__southbound_01,Wingersdorf 2 12175 AEH98,45.52585,21.106426,44.652325,22.580431,44.37348,22.20541,42.960555771512304,151.07378,1,-1.1523677,1.0989847
2023-08-21,Wingersdorf_3_12176_AEH99__2023__southbound_01,Wingersdorf 3 12176 AEH99,42.90979,2.8667343,41.697693,1.018718,42.227364,1.8571371,90.96327811015416,203.12296,1,-0.6824268,-1.0095972
2023-08-22,Angela_DER_AY470_eobs_4001__2023__southbound_01,Angela / DER AY470 (eobs 4001),42.291645,3.0467565,42.28831,3.0466027,42.249584,3.0168548,4.953305578842506,0.37101215,0,-0.04205994,-0.02990172
2023-08-22,Baunach_1_9698_ABR25__2023__southbound_01,Baunach 1 9698 ABR25,43.728466,4.458231,43.727074,4.4660406,43.304157,3.7663066,73.45153128583155,0.64642435,0,-0.42430735,-0.6919243
2023-08-22,Baunach_2_plus_9704_ABR20__2023__southbound_01,Baunach 2 + 9704 ABR20,48.45626,10.930285,47.868607,11.123099,48.355522,10.938656,55.84737799837379,66.89082,1,-0.10073797,0.0083703175
2023-08-22,Bembo_Sparky_DER_AU891_eobs_3042__2023__southbound_01,Bembo Sparky / DER AU891 (eobs 3042),49.17438,10.702678,49.21073,10.683266,49.13665,10.65497,8.490426193238777,4.2812243,0,-0.037730712,-0.047707744
2023-08-22,Frensdorf_1_12171_ABR22__2023__southbound_01,Frensdorf 1 12171 ABR22,42.788147,2.8690524,41.7275,0.9752001,42.04853,1.8282739,79.12601018061346,195.44513,1,-0.7396157,-1.0407785
2023-08-22,Frensdorf_3_plus_12173_ABR24__2023__southbound_01,Frensdorf 3 + 12173 ABR24,43.489258,3.6653686,42.65628,2.85806,42.7999,2.8245232,16.20302534728264,113.484764,1,-0.6893593,-0.8408453
2023-08-22,Klippi_DER_AU955_e-obs_3018__2023__southbound_01,Klippi / DER AU955 (e-obs 3018),48.212795,9.653426,48.167324,9.644563,48.140903,9.526854,9.212813676665101,5.0986676,0,-0.07189353,-0.12657273
2023-08-22,Louis_DER_AU050_eobs_3264__2023__southbound_01,Louis / DER AU050 (eobs 3264),47.91449,8.581795,47.91484,8.57268,47.892685,8.553254,2.857683503970943,0.68035096,0,-0.021804623,-0.028540842
2023-08-22,Moenchsambach_2_12181_ABR26__2023__southbound_01,Moenchsambach 2 12181 ABR26,48.079067,11.551203,47.8115,11.130416,47.46428,10.541188,58.64867069838449,43.214294,1,-0.6147888,-1.0100144
2023-08-22,Moenchsambach_4_12183_ABR27__2023__southbound_01,Moenchsambach 4 12183 ABR27,49.832184,10.764156,49.829853,10.764412,49.793404,10.70692,5.783174584455043,0.2600026,0,-0.03878186,-0.057236586
2023-08-22,Rosalie_DER_A2M38_e-obs_6993__2023__southbound_01,Rosalie / DER A2M38 (e-obs 6993),49.22808,10.539107,49.22822,10.533275,49.202953,10.495485,3.927921084395576,0.42378774,0,-0.0251275,-0.043621972
2023-08-22,Steppach_1_12177_AEH95__2023__southbound_01,Steppach 1 12177 AEH95,43.21097,3.152801,42.499214,2.8428338,42.6788,2.3159163,47.533783773991146,83.07922,1,-0.5321746,-0.83688474
2023-08-22,Steppach_2_12178_AEH96__2023__southbound_01,Steppach 2 12178 AEH96,48.541454,7.6741724,47.382507,6.4386153,47.767693,6.5664682,43.89136773358681,158.33313,1,-0.77376086,-1.1077044
2023-08-22,Steppach_3_12179_AEH97__2023__southbound_01,Steppach 3 12179 AEH97,43.224392,3.19569,43.1331,2.9368966,42.750267,2.4316971,59.187959765767175,23.310959,1,-0.47412568,-0.7639928
2023-08-22,Steppach_5_12185__2023__southbound_01,Steppach 5 12185,43.7415,4.546069,43.618954,3.9323955,42.813847,3.709632,91.32572082084312,51.19638,1,-0.9276535,-0.83643734
2023-08-22,Steppach_6_12186__2023__southbound_01,Steppach 6 12186,42.78802,2.8664758,41.699287,1.0175042,42.03434,1.816971,75.9641817988142,194.46848,1,-0.753682,-1.0495049
2023-08-22,Steppach_7_plus_12187__2023__southbound_01,Steppach 7 +  12187,42.96374,2.9216812,41.657276,0.8881787,42.43338,2.1334457,134.24003856879057,221.49292,1,-0.53035945,-0.7882355
2023-08-22,Wingersdorf_1_12174_A1X36__2023__southbound_01,Wingersdorf 1 12174 A1X36,43.41208,3.4212182,42.499565,2.8432689,42.973408,2.6938167,54.084267942594664,111.83761,1,-0.43867284,-0.7274016
2023-08-22,Wingersdorf_2_12175_AEH98__2023__southbound_01,Wingersdorf 2 12175 AEH98,44.652325,22.580431,43.09466,25.094254,43.47435,23.682638,121.81214039245125,265.68802,1,-1.1779741,1.1022075
2023-08-22,Wingersdorf_3_12176_AEH99__2023__southbound_01,Wingersdorf 3 12176 AEH99,41.697693,1.018718,41.697968,1.0161723,40.936882,-0.050121903,122.84815923259765,0.21355568,0,-0.76081187,-1.0688399
2023-08-23,Angela_DER_AY470_eobs_4001__2023__southbound_01,Angela / DER AY470 (eobs 4001),42.28831,3.0466027,41.858704,2.7120183,42.18642,2.8915863,39.343752182974065,55.17802,1,-0.10189153,-0.15501648
2023-08-23,Baunach_1_9698_ABR25__2023__southbound_01,Baunach 1 9698 ABR25,43.727074,4.4660406,43.23734,3.209817,43.727417,4.452946,114.14390203262819,115.05544,1,0.0003418848,-0.013094626
2023-08-23,Baunach_2_plus_9704_ABR20__2023__southbound_01,Baunach 2 + 9704 ABR20,47.868607,11.123099,47.664318,11.342442,47.03798,10.4460335,97.00881406875271,28.013535,1,-0.83062613,-0.6770662
2023-08-23,Bembo_Sparky_DER_AU891_eobs_3042__2023__southbound_01,Bembo Sparky / DER AU891 (eobs 3042),49.21073,10.683266,49.210533,10.672283,49.17033,10.644197,4.91427774584162,0.7980718,0,-0.040400747,-0.0390682
2023-08-23,Frensdorf_1_12171_ABR22__2023__southbound_01,Frensdorf 1 12171 ABR22,41.7275,0.9752001,41.71888,0.94232076,40.94303,-0.14313179,125.12508361880452,2.8922713,0,-0.78446805,-1.1183319
2023-08-23,Frensdorf_3_plus_12173_ABR24__2023__southbound_01,Frensdorf 3 + 12173 ABR24,42.65628,2.85806,41.680717,1.6921948,42.128746,2.1303434,61.61706611042014,144.90959,1,-0.5275362,-0.72771657
2023-08-23,Klippi_DER_AU955_e-obs_3018__2023__southbound_01,Klippi / DER AU955 (e-obs 3018),48.167324,9.644563,48.123775,9.643645,48.04868,9.464378,15.717510453166842,4.842901,0,-0.11864364,-0.18018425
2023-08-23,Louis_DER_AU050_eobs_3264__2023__southbound_01,Louis / DER AU050 (eobs 3264),47.91484,8.57268,47.91848,8.581978,47.881374,8.538103,5.265125188864042,0.8024675,0,-0.03346675,-0.03457784
2023-08-23,Moenchsambach_2_12181_ABR26__2023__southbound_01,Moenchsambach 2 12181 ABR26,47.8115,11.130416,47.77862,10.550652,47.09013,10.069485,84.68004247071731,43.46177,1,-0.7213716,-1.0609308
2023-08-23,Moenchsambach_4_12183_ABR27__2023__southbound_01,Moenchsambach 4 12183 ABR27,49.829853,10.764412,49.69938,10.765821,49.789734,10.711415,10.78078016271329,14.508603,1,-0.04011821,-0.052996807
2023-08-23,Rosalie_DER_A2M38_e-obs_6993__2023__southbound_01,Rosalie / DER A2M38 (e-obs 6993),49.22822,10.533275,49.228374,10.540757,49.18597,10.49705,5.684551877255104,0.54359055,0,-0.042249877,-0.036224216
2023-08-23,Steppach_1_12177_AEH95__2023__southbound_01,Steppach 1 12177 AEH95,42.499214,2.8428338,41.640205,1.7369534,41.786034,1.7734562,16.49603513917509,132.11964,1,-0.7131793,-1.0693775
2023-08-23,Steppach_2_12178_AEH96__2023__southbound_01,Steppach 2 12178 AEH96,47.382507,6.4386153,45.539158,4.8703628,46.44174,5.241104,104.36914130250798,237.56474,1,-0.94076926,-1.1975114
2023-08-23,Steppach_3_12179_AEH97__2023__southbound_01,Steppach 3 12179 AEH97,43.1331,2.9368966,43.12282,2.9610868,42.78088,2.3310194,63.83723908091487,2.2715828,0,-0.35222,-0.6058773
2023-08-23,Steppach_5_12185__2023__southbound_01,Steppach 5 12185,43.618954,3.9323955,42.757492,2.8764477,43.323307,3.4333186,77.50157630547262,128.4684,1,-0.29564598,-0.49907696
2023-08-23,Steppach_6_12186__2023__southbound_01,Steppach 6 12186,41.699287,1.0175042,41.693962,0.9299384,40.904392,-0.10764372,123.37214387240796,7.2943697,0,-0.7948966,-1.1251479
2023-08-23,Steppach_7_plus_12187__2023__southbound_01,Steppach 7 +  12187,41.657276,0.8881787,41.61963,0.7957542,40.882824,-0.18386352,115.83976302497702,8.74746,0,-0.77445096,-1.0720422
2023-08-23,Wingersdorf_1_12174_A1X36__2023__southbound_01,Wingersdorf 1 12174 A1X36,42.499565,2.8432689,41.63506,1.6913075,41.77577,1.8223244,19.055135714787504,135.2116,1,-0.7237976,-1.0209445
2023-08-23,Wingersdorf_2_12175_AEH98__2023__southbound_01,Wingersdorf 2 12175 AEH98,43.09466,25.094254,41.362617,27.24994,41.929893,26.20085,107.59804909857465,261.88928,1,-1.1647698,1.1065953
2023-08-23,Wingersdorf_3_12176_AEH99__2023__southbound_01,Wingersdorf 3 12176 AEH99,41.697968,1.0161723,41.697548,-0.0810015,41.44307,0.5523601,59.8065820110641,91.092674,1,-0.25489897,-0.46381217
2023-08-24,Angela_DER_AY470_eobs_4001__2023__southbound_01,Angela / DER AY470 (eobs 4001),41.858704,2.7120183,41.14599,1.0860349,41.45919,2.1284184,93.77960847782252,156.89,1,-0.3995117,-0.5835997
2023-08-24,Baunach_1_9698_ABR25__2023__southbound_01,Baunach 1 9698 ABR25,43.23734,3.209817,43.13336,3.0155773,42.70531,2.3946464,69.44039447894866,19.536789,1,-0.5320288,-0.81517047
2023-08-24,Baunach_2_plus_9704_ABR20__2023__southbound_01,Baunach 2 + 9704 ABR20,47.664318,11.342442,47.864685,11.995551,47.554234,11.2540245,65.34474391713655,53.659176,1,-0.11008275,-0.08841731
2023-08-24,Bembo_Sparky_DER_AU891_eobs_3042__2023__southbound_01,Bembo Sparky / DER AU891 (eobs 3042),49.210533,10.672283,49.21039,10.68136,49.1619,10.610391,7.461516422544514,0.65959775,0,-0.048632022,-0.06189297
2023-08-24,Frensdorf_1_12171_ABR22__2023__southbound_01,Frensdorf 1 12171 ABR22,41.71888,0.94232076,41.695374,0.8321617,41.433376,0.4100117,45.631665067772815,9.510798,0,-0.2855019,-0.53230906
2023-08-24,Frensdorf_3_plus_12173_ABR24__2023__southbound_01,Frensdorf 3 + 12173 ABR24,41.680717,1.6921948,41.629932,0.6972793,41.06191,0.82622993,64.07214409398996,82.84992,1,-0.618808,-0.8659649
2023-08-24,Klippi_DER_AU955_e-obs_3018__2023__southbound_01,Klippi / DER AU955 (e-obs 3018),48.123775,9.643645,48.127563,9.646227,47.915768,9.272195,36.44801200446871,0.46289137,0,-0.2080063,-0.37144998
2023-08-24,Louis_DER_AU050_eobs_3264__2023__southbound_01,Louis / DER AU050 (eobs 3264),47.91848,8.581978,47.911148,8.570702,47.891064,8.553218,2.5857844249618656,1.170836,0,-0.02741678,-0.028759822
2023-08-24,Moenchsambach_2_12181_ABR26__2023__southbound_01,Moenchsambach 2 12181 ABR26,47.77862,10.550652,47.74516,9.751295,47.221237,9.579315,59.6737563410751,59.864815,1,-0.55738455,-0.9713363
2023-08-24,Moenchsambach_4_12183_ABR27__2023__southbound_01,Moenchsambach 4 12183 ABR27,49.69938,10.765821,49.753384,10.767265,49.42709,10.305546,49.23474065286413,6.006337,0,-0.27228987,-0.4602756
2023-08-24,Rosalie_DER_A2M38_e-obs_6993__2023__southbound_01,Rosalie / DER A2M38 (e-obs 6993),49.228374,10.540757,49.228363,10.542294,49.200283,10.497656,4.501296033602019,0.11154979,0,-0.028093055,-0.04310099
2023-08-24,Steppach_1_12177_AEH95__2023__southbound_01,Steppach 1 12177 AEH95,41.640205,1.7369534,41.548332,0.7067017,40.905426,0.66585493,71.56957300709996,86.28095,1,-0.734779,-1.0710984
2023-08-24,Steppach_2_12178_AEH96__2023__southbound_01,Steppach 2 12178 AEH96,45.539158,4.8703628,43.628204,4.129164,44.605602,3.7546053,112.71962536631202,220.44467,1,-0.9335568,-1.1157575
2023-08-24,Steppach_3_12179_AEH97__2023__southbound_01,Steppach 3 12179 AEH97,43.12282,2.9610868,43.13298,2.9367163,43.082565,2.896531,6.486014154783148,2.2776234,0,-0.04025585,-0.064555734
2023-08-24,Steppach_5_12185__2023__southbound_01,Steppach 5 12185,42.757492,2.8764477,41.46011,1.7762913,42.18435,2.0552797,83.78429264580014,170.43114,1,-0.5731435,-0.8211678
2023-08-24,Steppach_6_12186__2023__southbound_01,Steppach 6 12186,41.693962,0.9299384,41.6971,0.8914415,41.39509,0.37900364,54.28075253795635,3.2153215,0,-0.29887214,-0.55093473
2023-08-24,Steppach_7_plus_12187__2023__southbound_01,Steppach 7 +  12187,41.61963,0.7957542,41.55035,0.4281909,41.302925,0.22489744,32.31436684399964,31.526197,1,-0.31670272,-0.57085675
2023-08-24,Wingersdorf_1_12174_A1X36__2023__southbound_01,Wingersdorf 1 12174 A1X36,41.63506,1.6913075,41.564053,0.4788311,40.93955,0.68675315,71.5841086238891,101.12773,1,-0.69550973,-1.0045544
2023-08-24,Wingersdorf_2_12175_AEH98__2023__southbound_01,Wingersdorf 2 12175 AEH98,41.362617,27.24994,41.062405,28.335867,40.224697,28.309557,93.17539993034063,96.77522,1,-1.1379192,1.0596156
2023-08-24,Wingersdorf_3_12176_AEH99__2023__southbound_01,Wingersdorf 3 12176 AEH99,41.697548,-0.0810015,41.56826,-0.856392,41.190617,-0.9042263,42.181340967326115,66.02583,1,-0.5069312,-0.8232248
2023-08-25,Angela_DER_AY470_eobs_4001__2023__southbound_01,Angela / DER AY470 (eobs 4001),41.14599,1.0860349,41.2851,1.2431147,40.52095,0.20823085,121.5896552461419,20.295574,1,-0.62503695,-0.87780404
2023-08-25,Baunach_1_9698_ABR25__2023__southbound_01,Baunach 1 9698 ABR25,43.13336,3.0155773,43.115463,3.0181077,42.883175,2.5999486,42.703323695600695,2.0007148,0,-0.25018516,-0.4156286
2023-08-25,Baunach_2_plus_9704_ABR20__2023__southbound_01,Baunach 2 + 9704 ABR20,47.864685,11.995551,47.883507,11.996759,47.800274,12.006848,9.285664746009855,2.0950751,0,-0.0644106,0.011296757
2023-08-25,Bembo_Sparky_DER_AU891_eobs_3042__2023__southbound_01,Bembo Sparky / DER AU891 (eobs 3042),49.21039,10.68136,49.211975,10.670242,49.177597,10.637655,4.496655325015328,0.8267038,0,-0.032791562,-0.043704838
2023-08-25,Frensdorf_1_12171_ABR22__2023__southbound_01,Frensdorf 1 12171 ABR22,41.695374,0.8321617,41.67978,0.7061,41.394882,0.30680794,45.91353330557797,10.610613,1,-0.3004912,-0.5253538
2023-08-25,Frensdorf_3_plus_12173_ABR24__2023__southbound_01,Frensdorf 3 + 12173 ABR24,41.629932,0.6972793,41.624496,0.765688,41.32817,0.1609981,60.195694240382295,5.7179255,0,-0.3017633,-0.53628117
2023-08-25,Klippi_DER_AU955_e-obs_3018__2023__southbound_01,Klippi / DER AU955 (e-obs 3018),48.127563,9.646227,48.12527,9.647611,48.093613,9.608417,4.567295154256357,0.27500167,0,-0.03395094,-0.03781057
2023-08-25,Louis_DER_AU050_eobs_3264__2023__southbound_01,Louis / DER AU050 (eobs 3264),47.911148,8.570702,47.90771,8.568752,47.881733,8.528863,4.145933661784634,0.4090239,0,-0.029413655,-0.041838944
2023-08-25,Moenchsambach_2_12181_ABR26__2023__southbound_01,Moenchsambach 2 12181 ABR26,47.74516,9.751295,47.72117,9.290003,47.104015,8.666525,83.12772425560998,34.60209,1,-0.64114535,-1.0847704
2023-08-25,Moenchsambach_4_12183_ABR27__2023__southbound_01,Moenchsambach 4 12183 ABR27,49.753384,10.767265,49.82754,10.781601,49.715466,10.729841,13.004805419270129,8.309818,0,-0.037919942,-0.037423655
2023-08-25,Rosalie_DER_A2M38_e-obs_6993__2023__southbound_01,Rosalie / DER A2M38 (e-obs 6993),49.228363,10.542294,49.228138,10.539553,49.203156,10.497601,4.123353504320109,0.20062698,0,-0.025206253,-0.044693187
2023-08-25,Steppach_1_12177_AEH95__2023__southbound_01,Steppach 1 12177 AEH95,41.548332,0.7067017,41.477783,-0.5359072,41.028275,-0.15337604,59.33732864009543,103.75989,1,-0.5200567,-0.86007774
2023-08-25,Steppach_2_12178_AEH96__2023__southbound_01,Steppach 2 12178 AEH96,43.628204,4.129164,42.693417,2.8841941,42.749,3.1268127,20.761081580099887,144.91428,1,-0.87920564,-1.0023515
2023-08-25,Steppach_3_12179_AEH97__2023__southbound_01,Steppach 3 12179 AEH97,43.13298,2.9367163,43.115524,3.0054188,43.026997,2.7316773,24.317142840104008,5.903944,0,-0.105982274,-0.20503905
2023-08-25,Steppach_5_12185__2023__southbound_01,Steppach 5 12185,41.46011,1.7762913,40.714394,0.6873975,40.743973,0.80984366,10.82934112352791,123.30213,1,-0.7161377,-0.9664476
2023-08-25,Steppach_6_12186__2023__southbound_01,Steppach 6 12186,41.6971,0.8914415,41.699898,0.8273112,41.47055,0.4747219,38.86282074694488,5.333455,0,-0.22655252,-0.41671962
2023-08-25,Steppach_7_plus_12187__2023__southbound_01,Steppach 7 +  12187,41.55035,0.4281909,41.54336,-0.6117261,41.182613,-0.18916655,53.41072303720081,86.54476,1,-0.36773628,-0.61735743
2023-08-25,Wingersdorf_1_12174_A1X36__2023__southbound_01,Wingersdorf 1 12174 A1X36,41.564053,0.4788311,41.530647,0.0794152,41.108604,-0.27196538,55.34816276573432,33.44601,1,-0.4554484,-0.7507965
2023-08-25,Wingersdorf_2_12175_AEH98__2023__southbound_01,Wingersdorf 2 12175 AEH98,41.062405,28.335867,39.671543,30.59661,40.25943,29.52084,112.59786875340534,246.1618,1,-0.80297357,1.1849732
2023-08-25,Wingersdorf_3_12176_AEH99__2023__southbound_01,Wingersdorf 3 12176 AEH99,41.56826,-0.856392,41.56113,-0.8564541,41.070724,-1.6437336,85.42044943424962,0.79243743,0,-0.4975351,-0.7873416
2023-08-26,Angela_DER_AY470_eobs_4001__2023__southbound_01,Angela / DER AY470 (eobs 4001),41.2851,1.2431147,41.49649,1.7031212,41.283875,1.2287244,46.09870287467069,45.0006,1,-0.0012243465,-0.014390402
2023-08-26,Baunach_1_9698_ABR25__2023__southbound_01,Baunach 1 9698 ABR25,43.115463,3.0181077,43.115627,2.958016,43.05479,2.943589,6.86546038712214,4.877668,0,-0.06067371,-0.074518785
2023-08-26,Baunach_2_plus_9704_ABR20__2023__southbound_01,Baunach 2 + 9704 ABR20,47.883507,11.996759,47.877266,11.996824,47.85207,11.957279,4.068419597387376,0.69403523,0,-0.031436816,-0.039480343
2023-08-26,Bembo_Sparky_DER_AU891_eobs_3042__2023__southbound_01,Bembo Sparky / DER AU891 (eobs 3042),49.211975,10.670242,49.20637,10.676765,49.170143,10.630763,5.234971652477382,0.7827824,0,-0.041831296,-0.03947925
2023-08-26,Frensdorf_1_12171_ABR22__2023__southbound_01,Frensdorf 1 12171 ABR22,41.67978,0.7061,41.52442,0.4943324,41.40361,0.24122158,25.005694928023402,24.66741,1,-0.27616876,-0.4648784
2023-08-26,Frensdorf_3_plus_12173_ABR24__2023__southbound_01,Frensdorf 3 + 12173 ABR24,41.624496,0.765688,41.574547,0.6243062,41.626644,0.75706804,12.466884728938027,13.002189,1,0.0021458566,-0.008619949
2023-08-26,Klippi_DER_AU955_e-obs_3018__2023__southbound_01,Klippi / DER AU955 (e-obs 3018),48.12527,9.647611,48.128525,9.645994,48.087234,9.601226,5.668210799299859,0.3813096,0,-0.03803616,-0.046384476
2023-08-26,Louis_DER_AU050_eobs_3264__2023__southbound_01,Louis / DER AU050 (eobs 3264),47.90771,8.568752,47.91902,8.576931,47.876812,8.531751,5.7770265208956015,1.3976231,0,-0.030899607,-0.037001982
2023-08-26,Moenchsambach_2_12181_ABR26__2023__southbound_01,Moenchsambach 2 12181 ABR26,47.72117,9.290003,47.726795,9.290222,47.35275,8.60622,66.076765585901,0.62579817,0,-0.36841804,-0.6837823
2023-08-26,Moenchsambach_4_12183_ABR27__2023__southbound_01,Moenchsambach 4 12183 ABR27,49.82754,10.781601,49.67425,10.806531,49.79122,10.746289,13.70820160366586,17.13917,1,-0.036319938,-0.035311244
2023-08-26,Rosalie_DER_A2M38_e-obs_6993__2023__southbound_01,Rosalie / DER A2M38 (e-obs 6993),49.228138,10.539553,49.224354,10.539339,49.194336,10.5025425,4.276241596011219,0.4207759,0,-0.033803053,-0.037010513
2023-08-26,Steppach_1_12177_AEH95__2023__southbound_01,Steppach 1 12177 AEH95,41.477783,-0.5359072,41.458878,-0.5111138,40.95224,-1.3604491,90.6760488512433,2.947275,0,-0.52554363,-0.8245418
2023-08-26,Steppach_2_12178_AEH96__2023__southbound_01,Steppach 2 12178 AEH96,42.693417,2.8841941,41.758236,1.7516146,41.950287,1.8682146,23.43718648187275,139.67595,1,-0.7431316,-1.0159795
2023-08-26,Steppach_3_12179_AEH97__2023__southbound_01,Steppach 3 12179 AEH97,43.115524,3.0054188,43.132683,2.935975,43.0879,2.9844732,6.348070237773326,5.950129,0,-0.027627371,-0.020945497
2023-08-26,Steppach_5_12185__2023__southbound_01,Steppach 5 12185,40.714394,0.6873975,40.56625,0.4013521,40.233067,-0.009562612,50.82655733523888,29.221205,1,-0.48132616,-0.6969601
2023-08-26,Steppach_6_12186__2023__southbound_01,Steppach 6 12186,41.699898,0.8273112,41.69705,0.7893518,41.50454,0.4868207,33.03057890035299,3.1674693,0,-0.19535872,-0.34049052
2023-08-26,Steppach_7_plus_12187__2023__southbound_01,Steppach 7 +  12187,41.54336,-0.6117261,41.559464,-0.6437796,41.082138,-1.336762,78.52433521021035,3.2124534,0,-0.46122283,-0.7250358
2023-08-26,Wingersdorf_1_12174_A1X36__2023__southbound_01,Wingersdorf 1 12174 A1X36,41.530647,0.0794152,41.379974,-0.7544822,41.219864,-0.4430141,31.527071002212544,71.48574,1,-0.31078267,-0.5224293
2023-08-26,Wingersdorf_2_12175_AEH98__2023__southbound_01,Wingersdorf 2 12175 AEH98,39.671543,30.59661,37.872227,32.69385,38.473083,31.64174,113.67646736784974,270.32867,1,-1.1984599,1.0451313
2023-08-26,Wingersdorf_3_12176_AEH99__2023__southbound_01,Wingersdorf 3 12176 AEH99,41.56113,-0.8564541,41.561527,-0.8562761,41.393505,-1.0858364,26.73588110744164,0.046225257,0,-0.16762653,-0.22938228
2023-08-27,Angela_DER_AY470_eobs_4001__2023__southbound_01,Angela / DER AY470 (eobs 4001),41.49649,1.7031212,42.051178,2.8820927,41.495296,1.6998467,115.897774257361,115.59662,1,-0.0011938512,-0.0032744333
2023-08-27,Baunach_1_9698_ABR25__2023__southbound_01,Baunach 1 9698 ABR25,43.115627,2.958016,42.54951,2.8635056,43.070312,2.8780124,57.92265889277841,63.41932,1,-0.04531496,-0.080003396
2023-08-27,Baunach_2_plus_9704_ABR20__2023__southbound_01,Baunach 2 + 9704 ABR20,47.877266,11.996824,47.826973,11.996744,47.84046,11.931856,5.070389795542909,5.5923486,0,-0.03680387,-0.064968124
2023-08-27,Bembo_Sparky_DER_AU891_eobs_3042__2023__southbound_01,Bembo Sparky / DER AU891 (eobs 3042),49.20637,10.676765,49.210537,10.671783,49.171665,10.633794,5.128766140630823,0.58774775,0,-0.034705453,-0.042971224
2023-08-27,Frensdorf_1_12171_ABR22__2023__southbound_01,Frensdorf 1 12171 ABR22,41.52442,0.4943324,41.51527,0.4215576,41.19428,-0.03193608,52.025916396466144,6.1436744,0,-0.33014238,-0.5262685
2023-08-27,Frensdorf_3_plus_12173_ABR24__2023__southbound_01,Frensdorf 3 + 12173 ABR24,41.574547,0.6243062,41.544437,0.670617,41.530586,0.5244267,12.264789149966132,5.104652,0,-0.04396028,-0.09987948
2023-08-27,Louis_DER_AU050_eobs_3264__2023__southbound_01,Louis / DER AU050 (eobs 3264),47.91902,8.576931,47.906048,8.566824,47.893093,8.536887,2.6562664690291267,1.6275461,0,-0.025928937,-0.04004336
2023-08-27,Moenchsambach_2_12181_ABR26__2023__southbound_01,Moenchsambach 2 12181 ABR26,47.726795,9.290222,47.73019,9.300794,47.68409,9.248816,6.434599011485425,0.87629545,0,-0.04270461,-0.041406743
2023-08-27,Moenchsambach_4_12183_ABR27__2023__southbound_01,Moenchsambach 4 12183 ABR27,49.67425,10.806531,49.659035,10.819613,49.589153,10.68141,12.628704754338864,1.93607,0,-0.08509676,-0.1251207
2023-08-27,Rosalie_DER_A2M38_e-obs_6993__2023__southbound_01,Rosalie / DER A2M38 (e-obs 6993),49.224354,10.539339,49.228146,10.541089,49.1932,10.498669,4.959386927566072,0.44041282,0,-0.031155206,-0.040670335
2023-08-27,Steppach_1_12177_AEH95__2023__southbound_01,Steppach 1 12177 AEH95,41.458878,-0.5111138,41.41983,-0.4823816,41.424576,-0.5569432,6.239308432398804,4.958575,0,-0.034301713,-0.045829363
2023-08-27,Steppach_2_12178_AEH96__2023__southbound_01,Steppach 2 12178 AEH96,41.758236,1.7516146,41.642303,0.9921015,41.01595,0.61748433,76.34921601017658,64.36044,1,-0.74228597,-1.1341302
2023-08-27,Steppach_3_12179_AEH97__2023__southbound_01,Steppach 3 12179 AEH97,43.132683,2.935975,43.1227,3.0153055,43.074196,2.8307118,15.928509713634094,6.532978,0,-0.05848771,-0.10526329
2023-08-27,Steppach_5_12185__2023__southbound_01,Steppach 5 12185,40.56625,0.4013521,38.70471,-0.6496137,40.360977,0.06384486,194.06487377303608,225.70737,1,-0.20527217,-0.33750725
2023-08-27,Steppach_6_12186__2023__southbound_01,Steppach 6 12186,41.69705,0.7893518,41.685234,0.7481049,41.58722,0.5896553,17.093185223658455,3.6681259,0,-0.10982895,-0.19969657
2023-08-27,Steppach_7_plus_12187__2023__southbound_01,Steppach 7 +  12187,41.559464,-0.6437796,41.557735,-0.6316224,41.479187,-0.77834374,15.016808738186214,1.0296062,0,-0.08027791,-0.13456416
2023-08-27,Wingersdorf_1_12174_A1X36__2023__southbound_01,Wingersdorf 1 12174 A1X36,41.379974,-0.7544822,41.544323,-0.6628696,41.00204,-1.3644373,84.10384805364662,19.805256,1,-0.37793213,-0.60995513
2023-08-27,Wingersdorf_2_12175_AEH98__2023__southbound_01,Wingersdorf 2 12175 AEH98,37.872227,32.69385,36.32817,36.613354,36.681786,33.580822,273.8702169975965,387.65103,1,-1.1904415,0.8869705
2023-08-27,Wingersdorf_3_12176_AEH99__2023__southbound_01,Wingersdorf 3 12176 AEH99,41.561527,-0.8562761,41.564793,-0.7819677,41.552467,-0.8663627,7.154556873449002,6.1930375,0,-0.009061083,-0.010086618
2023-08-28,Angela_DER_AY470_eobs_4001__2023__southbound_01,Angela / DER AY470 (eobs 4001),42.051178,2.8820927,42.054653,2.8822155,42.03345,2.893224,2.5267553056047563,0.38658014,0,-0.017726801,0.011131309
2023-08-28,Baunach_1_9698_ABR25__2023__southbound_01,Baunach 1 9698 ABR25,42.54951,2.8635056,42.0137,2.6803503,41.961205,2.0748596,50.38316798032978,61.45538,1,-0.5883072,-0.788646
2023-08-28,Baunach_2_plus_9704_ABR20__2023__southbound_01,Baunach 2 + 9704 ABR20,47.826973,11.996744,47.838245,12.004024,47.750328,11.830454,16.238187517023864,1.3659439,0,-0.07664635,-0.1662901
2023-08-28,Bembo_Sparky_DER_AU891_eobs_3042__2023__southbound_01,Bembo Sparky / DER AU891 (eobs 3042),49.210537,10.671783,49.210335,10.672669,49.175636,10.633933,4.775980298085413,0.06821303,0,-0.034902297,-0.037850566
2023-08-28,Frensdorf_1_12171_ABR22__2023__southbound_01,Frensdorf 1 12171 ABR22,41.51527,0.4215576,41.266567,0.5198309,41.357464,0.20930731,27.835226546835823,28.84411,1,-0.15780726,-0.21225029
2023-08-28,Frensdorf_3_plus_12173_ABR24__2023__southbound_01,Frensdorf 3 + 12173 ABR24,41.544437,0.670617,41.54311,0.6464494,41.537807,0.66970843,2.0236060983744593,2.0167274,0,-0.006630808,-0.00090857595
2023-08-28,Louis_DER_AU050_eobs_3264__2023__southbound_01,Louis / DER AU050 (eobs 3264),47.906048,8.566824,47.909637,8.579326,47.87575,8.526981,5.424822561852384,1.0137484,0,-0.03029497,-0.039842248
2023-08-28,Moenchsambach_2_12181_ABR26__2023__southbound_01,Moenchsambach 2 12181 ABR26,47.73019,9.300794,47.731754,9.298425,47.68746,9.247146,6.243207481685064,0.24817553,0,-0.042728633,-0.05364784
2023-08-28,Moenchsambach_4_12183_ABR27__2023__southbound_01,Moenchsambach 4 12183 ABR27,49.659035,10.819613,49.657894,10.822481,49.60402,10.73871,8.502281294243572,0.24232663,0,-0.05501566,-0.08090306
2023-08-28,Rosalie_DER_A2M38_e-obs_6993__2023__southbound_01,Rosalie / DER A2M38 (e-obs 6993),49.228146,10.541089,49.228176,10.540817,49.204727,10.500305,3.9315337999871987,0.020004034,0,-0.023417652,-0.040783897
2023-08-28,Steppach_1_12177_AEH95__2023__southbound_01,Steppach 1 12177 AEH95,41.41983,-0.4823816,41.42454,-0.4807669,41.36547,-0.5325947,7.863431083746571,0.54054165,0,-0.05435875,-0.050213046
2023-08-28,Steppach_2_12178_AEH96__2023__southbound_01,Steppach 2 12178 AEH96,41.642303,0.9921015,41.22425,-0.049489,41.11966,0.108932436,17.637597857786982,98.49198,1,-0.5226433,-0.88316905
2023-08-28,Steppach_3_12179_AEH97__2023__southbound_01,Steppach 3 12179 AEH97,43.1227,3.0153055,43.122707,3.0152636,43.096844,2.9977486,3.2081817302484774,0.0035479707,0,-0.025855407,-0.017556965
2023-08-28,Steppach_5_12185__2023__southbound_01,Steppach 5 12185,38.70471,-0.6496137,36.87303,-2.4028933,37.858723,-1.6167498,129.76725135856626,255.3697,1,-0.84598434,-0.967136
2023-08-28,Steppach_6_12186__2023__southbound_01,Steppach 6 12186,41.685234,0.7481049,38.915535,-0.64736414,41.600643,0.6285979,317.58628594006603,329.91788,1,-0.08459039,-0.11950696
2023-08-28,Steppach_7_plus_12187__2023__southbound_01,Steppach 7 +  12187,41.557735,-0.6316224,41.5178,-0.5907282,41.52797,-0.6423577,4.444467759854181,5.5949636,0,-0.029767074,-0.0107353255
2023-08-28,Wingersdorf_1_12174_A1X36__2023__southbound_01,Wingersdorf 1 12174 A1X36,41.544323,-0.6628696,41.434517,-0.4930344,41.521584,-0.68279463,18.537570331922353,18.686745,1,-0.022738338,-0.01992505
2023-08-28,Wingersdorf_2_12175_AEH98__2023__southbound_01,Wingersdorf 2 12175 AEH98,36.32817,36.613354,33.839108,36.807095,35.240337,37.80309,180.54979823147463,277.33212,1,-1.087834,1.1897352
2023-08-28,Wingersdorf_3_12176_AEH99__2023__southbound_01,Wingersdorf 3 12176 AEH99,41.564793,-0.7819677,41.587505,-0.7673717,41.544888,-0.77780855,4.8177800735487075,2.8021991,0,-0.01990407,0.0041591674
2023-08-29,Angela_DER_AY470_eobs_4001__2023__southbound_01,Angela / DER AY470 (eobs 4001),42.054653,2.8822155,42.167862,3.0369475,42.062492,2.8867033,17.05459788869661,17.92695,1,0.007840641,0.004487768
2023-08-29,Baunach_1_9698_ABR25__2023__southbound_01,Baunach 1 9698 ABR25,42.0137,2.6803503,41.0622,1.0410825,41.33336,1.7453209,66.18824697160875,172.64879,1,-0.68033934,-0.9350294
2023-08-29,Baunach_2_plus_9704_ABR20__2023__southbound_01,Baunach 2 + 9704 ABR20,47.838245,12.004024,47.838627,12.009059,47.812107,11.955154,4.989047256789192,0.37822145,0,-0.026136562,-0.04886961
2023-08-29,Bembo_Sparky_DER_AU891_eobs_3042__2023__southbound_01,Bembo Sparky / DER AU891 (eobs 3042),49.210335,10.672669,49.210297,10.67264,49.17935,10.639106,4.216348640722713,0.004732795,0,-0.030984022,-0.03356371
2023-08-29,Frensdorf_1_12171_ABR22__2023__southbound_01,Frensdorf 1 12171 ABR22,41.266567,0.5198309,41.491203,0.8977585,41.084328,0.35395384,64.11948372185275,40.227066,1,-0.18223956,-0.16587704
2023-08-29,Frensdorf_3_plus_12173_ABR24__2023__southbound_01,Frensdorf 3 + 12173 ABR24,41.54311,0.6464494,41.343952,0.3306361,41.521427,0.62462074,31.46601313767197,34.399975,1,-0.021683075,-0.021828659
2023-08-29,Louis_DER_AU050_eobs_3264__2023__southbound_01,Louis / DER AU050 (eobs 3264),47.909637,8.579326,47.90744,8.572916,47.88758,8.544823,3.043508375310259,0.5365928,0,-0.022057764,-0.034502573
2023-08-29,Moenchsambach_2_12181_ABR26__2023__southbound_01,Moenchsambach 2 12181 ABR26,47.731754,9.298425,47.725586,9.304161,47.624992,9.145911,16.294132538854413,0.80887645,0,-0.10676142,-0.15251365
2023-08-29,Moenchsambach_4_12183_ABR27__2023__southbound_01,Moenchsambach 4 12183 ABR27,49.657894,10.822481,49.657852,10.822514,49.60639,10.757586,7.3897893202280445,0.0052231564,0,-0.05150183,-0.064895496
2023-08-29,Rosalie_DER_A2M38_e-obs_6993__2023__southbound_01,Rosalie / DER A2M38 (e-obs 6993),49.228176,10.540817,49.219875,10.539944,49.19346,10.512897,3.5340149127620823,0.9251281,0,-0.034717754,-0.027920261
2023-08-29,Steppach_1_12177_AEH95__2023__southbound_01,Steppach 1 12177 AEH95,41.42454,-0.4807669,41.44299,-0.47774714,41.414604,-0.48731348,3.255498997789137,2.0668929,0,-0.009938441,-0.0065465868
2023-08-29,Steppach_2_12178_AEH96__2023__southbound_01,Steppach 2 12178 AEH96,41.22425,-0.049489,41.119404,-0.0504128,40.767525,-0.71726674,68.32314472314937,11.658705,1,-0.45672727,-0.6677777
2023-08-29,Steppach_3_12179_AEH97__2023__southbound_01,Steppach 3 12179 AEH97,43.122707,3.0152636,43.133213,2.936638,43.07688,2.9658759,6.698456318053685,6.486798,0,-0.045825157,-0.049387693
2023-08-29,Steppach_5_12185__2023__southbound_01,Steppach 5 12185,36.87303,-2.4028933,36.730263,-4.037306,36.195824,-3.2181711,94.32639358436279,146.38222,1,-0.6772085,-0.8152778
2023-08-29,Steppach_6_12186__2023__southbound_01,Steppach 6 12186,38.915535,-0.64736414,37.37677,-2.6425357,37.86778,-1.5815585,108.22300173166087,244.3581,1,-1.047758,-0.9341944
2023-08-29,Steppach_7_plus_12187__2023__southbound_01,Steppach 7 +  12187,41.5178,-0.5907282,41.50996,-0.5367,41.472095,-0.6152345,7.779166448385288,4.5822167,0,-0.045704816,-0.024506249
2023-08-29,Wingersdorf_1_12174_A1X36__2023__southbound_01,Wingersdorf 1 12174 A1X36,41.434517,-0.4930344,41.439472,-0.4765432,41.381073,-0.51633465,7.292472183237124,1.4809606,0,-0.05344458,-0.023300283
2023-08-29,Wingersdorf_2_12175_AEH98__2023__southbound_01,Wingersdorf 2 12175 AEH98,33.839108,36.807095,33.090088,36.36777,32.538895,36.800507,73.42895019178708,92.72264,1,-1.300214,-0.0065864623
2023-08-29,Wingersdorf_3_12176_AEH99__2023__southbound_01,Wingersdorf 3 12176 AEH99,41.587505,-0.7673717,41.597347,-0.7423218,41.574867,-0.766834,3.2255999760829446,2.3531313,0,-0.012638129,0.00053767115
2023-08-30,Angela_DER_AY470_eobs_4001__2023__southbound_01,Angela / DER AY470 (eobs 4001),42.167862,3.0369475,42.300247,3.0543725,42.1705,3.0471995,14.43914065531494,14.790453,1,0.002638109,0.010252036
2023-08-30,Baunach_1_9698_ABR25__2023__southbound_01,Baunach 1 9698 ABR25,41.0622,1.0410825,40.587685,-0.1449438,40.3901,0.1957953,36.235782976173546,112.88365,1,-0.6721013,-0.8452872
2023-08-30,Baunach_2_plus_9704_ABR20__2023__southbound_01,Baunach 2 + 9704 ABR20,47.838627,12.009059,47.834522,12.009555,47.785744,11.992381,5.573494194983214,0.45778963,0,-0.052883245,-0.016677417
2023-08-30,Bembo_Sparky_DER_AU891_eobs_3042__2023__southbound_01,Bembo Sparky / DER AU891 (eobs 3042),49.210297,10.67264,49.210323,10.672648,49.11664,10.562208,13.153125924123593,0.0030928184,0,-0.09365761,-0.11043206
2023-08-30,Frensdorf_1_12171_ABR22__2023__southbound_01,Frensdorf 1 12171 ABR22,41.491203,0.8977585,40.017387,-0.0644303,41.486267,0.8981185,182.34643295353132,182.82318,1,-0.004935026,0.0003600046
2023-08-30,Frensdorf_3_plus_12173_ABR24__2023__southbound_01,Frensdorf 3 + 12173 ABR24,41.343952,0.3306361,39.28895,-0.6502337,41.247787,0.2127908,229.78766872044505,243.16359,1,-0.096165866,-0.11784531
2023-08-30,Louis_DER_AU050_eobs_3264__2023__southbound_01,Louis / DER AU050 (eobs 3264),47.90744,8.572916,47.91252,8.577267,47.86659,8.522789,6.525842380371555,0.65132797,0,-0.040851217,-0.050127298
2023-08-30,Moenchsambach_2_12181_ABR26__2023__southbound_01,Moenchsambach 2 12181 ABR26,47.725586,9.304161,47.731464,9.298215,47.494427,8.9360895,37.836028347674485,0.79050714,0,-0.23116049,-0.36807123
2023-08-30,Moenchsambach_4_12183_ABR27__2023__southbound_01,Moenchsambach 4 12183 ABR27,49.657852,10.822514,49.6542,10.819543,49.50347,10.608255,22.64895209841607,0.45867053,0,-0.15438253,-0.21425846
2023-08-30,Rosalie_DER_A2M38_e-obs_6993__2023__southbound_01,Rosalie / DER A2M38 (e-obs 6993),49.219875,10.539944,49.227726,10.539636,49.17745,10.502549,6.206068670072163,0.87298894,0,-0.042426646,-0.03739454
2023-08-30,Steppach_1_12177_AEH95__2023__southbound_01,Steppach 1 12177 AEH95,41.44299,-0.47774714,41.506847,-0.5557978,41.43233,-0.48494253,10.17388103031637,9.628374,0,-0.010659538,-0.0071953833
2023-08-30,Steppach_2_12178_AEH96__2023__southbound_01,Steppach 2 12178 AEH96,41.119404,-0.0504128,41.006798,-0.0333058,40.865047,-0.41244882,35.535451159411075,12.603108,1,-0.25435758,-0.36203602
2023-08-30,Steppach_3_12179_AEH97__2023__southbound_01,Steppach 3 12179 AEH97,43.133213,2.936638,43.12283,3.0137603,43.066128,2.8564315,14.245930326855252,6.3643937,0,-0.0670862,-0.0802067
2023-08-30,Steppach_5_12185__2023__southbound_01,Steppach 5 12185,36.730263,-4.037306,36.23246,-5.483595,36.234123,-4.7872515,62.456464135969306,140.655,1,-0.4961406,-0.7499454
2023-08-30,Steppach_6_12186__2023__southbound_01,Steppach 6 12186,37.37677,-2.6425357,36.74919,-4.8527303,36.452847,-3.7105951,107.14824625023171,208.15143,1,-0.92392266,-1.0680596
2023-08-30,Steppach_7_plus_12187__2023__southbound_01,Steppach 7 +  12187,41.50996,-0.5367,41.50793,-0.533047,41.48127,-0.5418611,3.054101844765714,0.3787319,0,-0.028691486,-0.0051611215
2023-08-30,Wingersdorf_1_12174_A1X36__2023__southbound_01,Wingersdorf 1 12174 A1X36,41.439472,-0.4765432,41.46115,-0.4746746,41.416702,-0.4777501,4.949138183022885,2.4157457,0,-0.022770703,-0.0012068972
2023-08-30,Wingersdorf_2_12175_AEH98__2023__southbound_01,Wingersdorf 2 12175 AEH98,33.090088,36.36777,31.773134,35.280437,32.136326,36.181713,94.1337111358054,178.48563,1,-0.9537613,-0.18605633
2023-08-30,Wingersdorf_3_12176_AEH99__2023__southbound_01,Wingersdorf 3 12176 AEH99,41.597347,-0.7423218,41.56844,-0.6456596,41.582943,-0.736822,7.752732987035425,8.658394,0,-0.014404781,0.005499795
2023-08-31,Angela_DER_AY470_eobs_4001__2023__southbound_01,Angela / DER AY470 (eobs 4001),42.300247,3.0543725,42.300365,3.0540035,42.309025,3.0488238,1.0528896007197963,0.03299248,0,0.008779295,-0.005548604
2023-08-31,Baunach_1_9698_ABR25__2023__southbound_01,Baunach 1 9698 ABR25,40.587685,-0.1449438,39.402184,-2.089523,39.77073,-1.257735,82.21947799556301,211.69234,1,-0.81695575,-1.1127912
2023-08-31,Baunach_2_plus_9704_ABR20__2023__southbound_01,Baunach 2 + 9704 ABR20,47.834522,12.009555,47.834774,12.010508,47.757847,11.877369,13.117720306184433,0.07638709,0,-0.076674744,-0.13218594
2023-08-31,Bembo_Sparky_DER_AU891_eobs_3042__2023__southbound_01,Bembo Sparky / DER AU891 (eobs 3042),49.210323,10.672648,49.21034,10.672776,49.181595,10.637158,4.112629837845497,0.00944463,0,-0.028729744,-0.03548961
2023-08-31,Frensdorf_1_12171_ABR22__2023__southbound_01,Frensdorf 1 12171 ABR22,40.017387,-0.0644303,38.7582,-2.01454,39.2196,-0.99246573,102.1533742663943,218.3723,1,-0.79778594,-0.92803544
2023-08-31,Frensdorf_3_plus_12173_ABR24__2023__southbound_01,Frensdorf 3 + 12173 ABR24,39.28895,-0.6502337,38.245644,-2.952966,38.52996,-1.4409853,135.51791945100928,230.8906,1,-0.75899065,-0.79075164
2023-08-31,Louis_DER_AU050_eobs_3264__2023__southbound_01,Louis / DER AU050 (eobs 3264),47.91252,8.577267,47.914204,8.570409,47.892696,8.541707,3.20886817061872,0.54431605,0,-0.019826546,-0.035559945
2023-08-31,Moenchsambach_2_12181_ABR26__2023__southbound_01,Moenchsambach 2 12181 ABR26,47.731464,9.298215,47.732937,9.299166,47.52176,8.941368,35.64197536047558,0.17853682,0,-0.20970379,-0.35684636
2023-08-31,Moenchsambach_4_12183_ABR27__2023__southbound_01,Moenchsambach 4 12183 ABR27,49.6542,10.819543,49.654133,10.761494,49.4937,10.550014,23.468748194648807,4.1788545,0,-0.16050455,-0.26952976
2023-08-31,Rosalie_DER_A2M38_e-obs_6993__2023__southbound_01,Rosalie / DER A2M38 (e-obs 6993),49.227726,10.539636,49.22797,10.539506,49.20388,10.505876,3.6251965375272333,0.028887445,0,-0.023845807,-0.033759713
2023-08-31,Steppach_1_12177_AEH95__2023__southbound_01,Steppach 1 12177 AEH95,41.506847,-0.5557978,41.534756,-0.5834263,41.462677,-0.61323136,8.390375046568435,3.8628016,0,-0.044169772,-0.057433527
2023-08-31,Steppach_2_12178_AEH96__2023__southbound_01,Steppach 2 12178 AEH96,41.006798,-0.0333058,39.63811,-2.3675625,40.724384,-0.41885108,204.92217890890234,249.6294,1,-0.28241277,-0.38554528
2023-08-31,Steppach_3_12179_AEH97__2023__southbound_01,Steppach 3 12179 AEH97,43.12283,3.0137603,43.132706,2.9368718,43.096413,3.0047443,6.829230898289527,6.3357286,0,-0.02641718,-0.009015933
2023-08-31,Steppach_5_12185__2023__southbound_01,Steppach 5 12185,36.23246,-5.483595,36.221832,-5.4837427,35.783657,-6.0920334,73.26704833574023,1.1818447,0,-0.4488024,-0.6084385
2023-08-31,Steppach_6_12186__2023__southbound_01,Steppach 6 12186,36.74919,-4.8527303,36.21288,-5.4831557,36.032784,-5.8086414,35.43571688398282,82.05626,1,-0.71640897,-0.95591104
2023-08-31,Steppach_7_plus_12187__2023__southbound_01,Steppach 7 +  12187,41.50793,-0.533047,41.490246,-0.4981269,41.475418,-0.5455119,4.277785672816914,3.510773,0,-0.03251382,-0.012464881
2023-08-31,Wingersdorf_1_12174_A1X36__2023__southbound_01,Wingersdorf 1 12174 A1X36,41.46115,-0.4746746,41.170853,-0.9796934,41.441948,-0.48188728,51.358153571299766,53.112167,1,-0.019201614,-0.007212661
2023-08-31,Wingersdorf_2_12175_AEH98__2023__southbound_01,Wingersdorf 2 12175 AEH98,31.773134,35.280437,30.182608,33.67283,30.668213,34.568085,101.40961552132799,234.01796,1,-1.1049209,-0.7123533
2023-08-31,Wingersdorf_3_12176_AEH99__2023__southbound_01,Wingersdorf 3 12176 AEH99,41.56844,-0.6456596,41.55946,-0.6657778,41.53994,-0.64862555,2.5977709954934367,1.9491652,0,-0.028500378,-0.0029659197
2023-09-01,Angela_DER_AY470_eobs_4001__2023__southbound_01,Angela / DER AY470 (eobs 4001),42.300365,3.0540035,42.30037,3.053391,42.279564,3.0009823,4.892482023354643,0.050371144,0,-0.02080068,-0.0530213
2023-09-01,Baunach_1_9698_ABR25__2023__southbound_01,Baunach 1 9698 ABR25,39.402184,-2.089523,38.924313,-3.391431,38.586296,-3.1551855,42.80588488195017,124.184685,1,-0.81588745,-1.0656624
2023-09-01,Baunach_2_plus_9704_ABR20__2023__southbound_01,Baunach 2 + 9704 ABR20,47.834774,12.010508,47.83344,12.00901,47.802536,11.962958,4.8611971101165,0.18576801,0,-0.03223905,-0.047548853
2023-09-01,Bembo_Sparky_DER_AU891_eobs_3042__2023__southbound_01,Bembo Sparky / DER AU891 (eobs 3042),49.21034,10.672776,49.210182,10.673014,49.18132,10.638993,4.051007881205601,0.024359306,0,-0.029019512,-0.033783056
2023-09-01,Frensdorf_1_12171_ABR22__2023__southbound_01,Frensdorf 1 12171 ABR22,38.7582,-2.01454,37.112457,-3.3961751,37.976765,-3.0423665,101.04193149533091,219.47119,1,-0.78143734,-1.0278265
2023-09-01,Frensdorf_3_plus_12173_ABR24__2023__southbound_01,Frensdorf 3 + 12173 ABR24,38.245644,-2.952966,37.515217,-4.7529864,37.558784,-3.83789,80.83201983448853,177.63062,1,-0.6868607,-0.8849239
2023-09-01,Louis_DER_AU050_eobs_3264__2023__southbound_01,Louis / DER AU050 (eobs 3264),47.914204,8.570409,47.91531,8.574231,47.886417,8.541631,4.028354000546515,0.31037185,0,-0.027787723,-0.02877798
2023-09-01,Moenchsambach_2_12181_ABR26__2023__southbound_01,Moenchsambach 2 12181 ABR26,47.732937,9.299166,47.732895,9.317483,47.69788,9.2671995,5.413979161751919,1.3698918,0,-0.035057373,-0.031965792
2023-09-01,Moenchsambach_4_12183_ABR27__2023__southbound_01,Moenchsambach 4 12183 ABR27,49.654133,10.761494,49.665432,10.722977,49.521175,10.557346,19.995570134644606,3.0437276,0,-0.13295574,-0.20414755
2023-09-01,Rosalie_DER_A2M38_e-obs_6993__2023__southbound_01,Rosalie / DER A2M38 (e-obs 6993),49.22797,10.539506,49.228107,10.539519,49.201347,10.510873,3.6309324170027306,0.015107123,0,-0.026621282,-0.02863273
2023-09-01,Steppach_1_12177_AEH95__2023__southbound_01,Steppach 1 12177 AEH95,41.534756,-0.5834263,41.564213,-0.856748,41.503044,-0.6385553,19.39353611163299,22.979479,1,-0.031712353,-0.055129
2023-09-01,Steppach_2_12178_AEH96__2023__southbound_01,Steppach 2 12178 AEH96,39.63811,-2.3675625,37.778664,-3.8703656,38.85494,-3.4255195,125.8114594677778,244.43626,1,-0.78317136,-1.0579568
2023-09-01,Steppach_3_12179_AEH97__2023__southbound_01,Steppach 3 12179 AEH97,43.132706,2.9368718,43.12269,3.01443,43.03185,2.8037677,19.869169968581314,6.3919663,0,-0.10085818,-0.13310409
2023-09-01,Steppach_5_12185__2023__southbound_01,Steppach 5 12185,36.221832,-5.4837427,36.23202,-5.485083,36.136196,-5.5686917,13.032309047853808,1.1393064,0,-0.085634656,-0.08494924
2023-09-01,Steppach_6_12186__2023__southbound_01,Steppach 6 12186,36.21288,-5.4831557,36.228966,-5.4821987,35.78295,-6.0595913,71.81290135412033,1.7908471,0,-0.4299292,-0.5764357
2023-09-01,Steppach_7_plus_12187__2023__southbound_01,Steppach 7 +  12187,41.490246,-0.4981269,41.463573,-0.4871269,41.467667,-0.50879574,1.8620260650248448,3.1039479,0,-0.022580035,-0.010668851
2023-09-01,Wingersdorf_1_12174_A1X36__2023__southbound_01,Wingersdorf 1 12174 A1X36,41.170853,-0.9796934,40.28028,-2.9582767,40.708008,-1.6672373,119.07999163676172,193.91495,1,-0.4628443,-0.6875438
2023-09-01,Wingersdorf_3_12176_AEH99__2023__southbound_01,Wingersdorf 3 12176 AEH99,41.55946,-0.6657778,41.604736,-0.8223331,41.442596,-0.8275697,18.034428223977137,13.960823,1,-0.11686281,-0.16179192
2023-09-02,Angela_DER_AY470_eobs_4001__2023__southbound_01,Angela / DER AY470 (eobs 4001),42.30037,3.053391,42.3002,3.0543666,42.265602,2.9864695,6.782360452226244,0.08234078,0,-0.034768164,-0.06692137
2023-09-02,Baunach_1_9698_ABR25__2023__southbound_01,Baunach 1 9698 ABR25,38.924313,-3.391431,38.85645,-3.6599846,38.25035,-4.344917,89.94106334418022,24.437092,1,-0.67396164,-0.9534859
2023-09-02,Baunach_2_plus_9704_ABR20__2023__southbound_01,Baunach 2 + 9704 ABR20,47.83344,12.00901,47.79934,11.991593,47.54817,11.528368,44.53024587674764,4.008778,0,-0.28527117,-0.48064214
2023-09-02,Bembo_Sparky_DER_AU891_eobs_3042__2023__southbound_01,Bembo Sparky / DER AU891 (eobs 3042),49.210182,10.673014,49.210556,10.672302,49.180378,10.6335535,4.380432119823422,0.06618853,0,-0.029804789,-0.03945996
2023-09-02,Frensdorf_1_12171_ABR22__2023__southbound_01,Frensdorf 1 12171 ABR22,37.112457,-3.3961751,36.73077,-4.521434,36.292744,-4.427906,49.418406286656385,108.66102,1,-0.8197132,-1.0317308
2023-09-02,Frensdorf_3_plus_12173_ABR24__2023__southbound_01,Frensdorf 3 + 12173 ABR24,37.515217,-4.7529864,37.515568,-4.7531385,37.047695,-5.3791394,75.98721061900389,0.041575693,0,-0.46752107,-0.6261532
2023-09-02,Louis_DER_AU050_eobs_3264__2023__southbound_01,Louis / DER AU050 (eobs 3264),47.91531,8.574231,47.915257,8.57293,47.89257,8.542128,3.41108516728985,0.09712608,0,-0.02273842,-0.032103173
2023-09-02,Moenchsambach_2_12181_ABR26__2023__southbound_01,Moenchsambach 2 12181 ABR26,47.732895,9.317483,47.458668,8.586565,47.712784,9.27969,59.16697477488472,62.719025,1,-0.020111062,-0.03779334
2023-09-02,Moenchsambach_4_12183_ABR27__2023__southbound_01,Moenchsambach 4 12183 ABR27,49.665432,10.722977,49.121178,9.967042,49.61028,10.6526575,73.63834689715625,81.580574,1,-0.05515185,-0.07031962
2023-09-02,Rosalie_DER_A2M38_e-obs_6993__2023__southbound_01,Rosalie / DER A2M38 (e-obs 6993),49.228107,10.539519,49.228134,10.539975,49.203835,10.502216,3.849992472434216,0.033299148,0,-0.024273284,-0.037303142
2023-09-02,Steppach_1_12177_AEH95__2023__southbound_01,Steppach 1 12177 AEH95,41.564213,-0.856748,41.623238,-0.8304993,41.436817,-1.0605162,28.218754751662566,6.9168406,0,-0.12739718,-0.20376825
2023-09-02,Steppach_2_12178_AEH96__2023__southbound_01,Steppach 2 12178 AEH96,37.778664,-3.8703656,36.82769,-5.0690436,36.948917,-4.885721,21.154614473564703,149.73808,1,-0.82974625,-1.0153557
2023-09-02,Steppach_3_12179_AEH97__2023__southbound_01,Steppach 3 12179 AEH97,43.12269,3.01443,43.13277,2.9365432,43.106503,2.9931512,5.444391855585638,6.419455,0,-0.016186409,-0.021278836
2023-09-02,Steppach_5_12185__2023__southbound_01,Steppach 5 12185,36.23202,-5.485083,36.225166,-5.4840717,36.2154,-5.498036,1.6578195496793062,0.7674221,0,-0.01662188,-0.0129527375
2023-09-02,Steppach_6_12186__2023__southbound_01,Steppach 6 12186,36.228966,-5.4821987,36.23242,-5.483663,36.22022,-5.4962687,1.766301712846111,0.4061563,0,-0.008748598,-0.014069937
2023-09-02,Steppach_7_plus_12187__2023__southbound_01,Steppach 7 +  12187,41.463573,-0.4871269,41.5486,-0.6465776,41.426,-0.52526516,16.96927057052682,16.299864,1,-0.037576303,-0.038138293
2023-09-02,Wingersdorf_1_12174_A1X36__2023__southbound_01,Wingersdorf 1 12174 A1X36,40.28028,-2.9582767,39.329506,-3.2537622,39.641716,-3.837937,60.97962192181181,108.692795,1,-0.6385638,-0.87966037
2023-09-02,Wingersdorf_3_12176_AEH99__2023__southbound_01,Wingersdorf 3 12176 AEH99,41.604736,-0.8223331,41.584568,-0.8282088,41.530205,-0.9426203,11.276832556357462,2.2950861,0,-0.07453076,-0.12028721
2023-09-03,Angela_DER_AY470_eobs_4001__2023__southbound_01,Angela / DER AY470 (eobs 4001),42.3002,3.0543666,42.113182,2.7939646,42.284798,3.0356302,27.576267179243168,29.874352,1,-0.015405275,-0.01873634
2023-09-03,Baunach_1_9698_ABR25__2023__southbound_01,Baunach 1 9698 ABR25,38.85645,-3.6599846,38.856327,-3.6599128,38.495647,-4.2428927,64.57252291007033,0.015033879,0,-0.3608008,-0.58290815
2023-09-03,Baunach_2_plus_9704_ABR20__2023__southbound_01,Baunach 2 + 9704 ABR20,47.79934,11.991593,47.66075,11.119399,47.27996,11.17776,42.56867679745484,67.02878,1,-0.5193801,-0.81383353
2023-09-03,Bembo_Sparky_DER_AU891_eobs_3042__2023__southbound_01,Bembo Sparky / DER AU891 (eobs 3042),49.210556,10.672302,49.205994,10.677646,49.179604,10.63571,4.2305498145883735,0.6387016,0,-0.03095182,-0.03659267
2023-09-03,Frensdorf_1_12171_ABR22__2023__southbound_01,Frensdorf 1 12171 ABR22,36.73077,-4.521434,36.735256,-4.5208735,36.263233,-5.2137775,81.18382677725805,0.50135815,0,-0.4675367,-0.6923435
2023-09-03,Frensdorf_3_plus_12173_ABR24__2023__southbound_01,Frensdorf 3 + 12173 ABR24,37.515568,-4.7531385,37.515625,-4.7535834,37.51665,-4.742685,0.9679815878211926,0.03969927,0,0.0010849759,0.010453634
2023-09-03,Louis_DER_AU050_eobs_3264__2023__southbound_01,Louis / DER AU050 (eobs 3264),47.915257,8.57293,47.917305,8.580011,47.88731,8.534233,4.77174571593363,0.57483435,0,-0.027946554,-0.03869752
2023-09-03,Moenchsambach_2_12181_ABR26__2023__southbound_01,Moenchsambach 2 12181 ABR26,47.458668,8.586565,45.970333,5.884043,46.4912,7.298398,123.24563163153026,264.24564,1,-0.9674687,-1.2881669
2023-09-03,Moenchsambach_4_12183_ABR27__2023__southbound_01,Moenchsambach 4 12183 ABR27,49.121178,9.967042,47.980907,7.84914,48.122543,8.684521,64.0591376651575,200.9292,1,-0.9986336,-1.282521
2023-09-03,Rosalie_DER_A2M38_e-obs_6993__2023__southbound_01,Rosalie / DER A2M38 (e-obs 6993),49.228134,10.539975,49.22816,10.540502,49.211216,10.499983,3.494319569074201,0.038339786,0,-0.016917892,-0.039991967
2023-09-03,Steppach_1_12177_AEH95__2023__southbound_01,Steppach 1 12177 AEH95,41.623238,-0.8304993,41.624153,-0.8140715,41.619213,-0.84702134,2.7934495451239334,1.3692702,0,-0.0040242076,-0.016522028
2023-09-03,Steppach_2_12178_AEH96__2023__southbound_01,Steppach 2 12178 AEH96,36.82769,-5.0690436,36.22485,-5.4834886,36.16393,-5.9896674,45.924982179839226,76.58172,1,-0.66376275,-0.92062384
2023-09-03,Steppach_3_12179_AEH97__2023__southbound_01,Steppach 3 12179 AEH97,43.13277,2.9365432,42.492435,2.8010442,43.09245,2.8848994,67.06850481717734,72.054985,1,-0.040319502,-0.051643796
2023-09-03,Steppach_5_12185__2023__southbound_01,Steppach 5 12185,36.225166,-5.4840717,36.225456,-5.4840045,36.188564,-5.487256,4.112562504270288,0.03249285,0,-0.03660017,-0.0031843036
2023-09-03,Steppach_6_12186__2023__southbound_01,Steppach 6 12186,36.23242,-5.483663,36.22541,-5.4846454,36.225323,-5.4828258,0.16351207670184914,0.7845595,0,-0.00709825,0.00083714724
2023-09-03,Steppach_7_plus_12187__2023__southbound_01,Steppach 7 +  12187,41.5486,-0.6465776,41.532234,-0.6004119,41.515152,-0.691817,7.842935343135769,4.251475,0,-0.033445403,-0.045239374
2023-09-03,Wingersdorf_1_12174_A1X36__2023__southbound_01,Wingersdorf 1 12174 A1X36,39.329506,-3.2537622,38.856445,-3.660167,38.76179,-3.98211,29.815050763015652,63.22225,1,-0.5677156,-0.72834784
2023-09-03,Wingersdorf_3_12176_AEH99__2023__southbound_01,Wingersdorf 3 12176 AEH99,41.584568,-0.8282088,41.62493,-0.83429873,41.539288,-0.8878583,10.513601503737714,4.5167007,0,-0.04527951,-0.059649497
2023-09-04,Angela_DER_AY470_eobs_4001__2023__southbound_01,Angela / DER AY470 (eobs 4001),42.113182,2.7939646,42.09134,2.7486808,41.853058,2.4262967,37.58088000536742,4.455991,0,-0.26012394,-0.36766785
2023-09-04,Baunach_1_9698_ABR25__2023__southbound_01,Baunach 1 9698 ABR25,38.856327,-3.6599128,38.85672,-3.6597,38.812958,-3.721688,7.246195616634614,0.047309447,0,-0.043368027,-0.06177528
2023-09-04,Baunach_2_plus_9704_ABR20__2023__southbound_01,Baunach 2 + 9704 ABR20,47.66075,11.119399,47.652107,9.712392,46.849155,9.958064,91.18936282459917,105.385216,1,-0.81159705,-1.1613351
2023-09-04,Bembo_Sparky_DER_AU891_eobs_3042__2023__southbound_01,Bembo Sparky / DER AU891 (eobs 3042),49.205994,10.677646,49.197693,10.668871,49.17667,10.637418,3.269526317467478,1.121693,0,-0.029323868,-0.04022769
2023-09-04,Frensdorf_1_12171_ABR22__2023__southbound_01,Frensdorf 1 12171 ABR22,36.735256,-4.5208735,36.734756,-4.521038,36.7317,-4.5307317,0.928262439219641,0.057484582,0,-0.0035565868,-0.009858273
2023-09-04,Frensdorf_3_plus_12173_ABR24__2023__southbound_01,Frensdorf 3 + 12173 ABR24,37.515625,-4.7535834,37.51573,-4.748498,37.499687,-4.777936,3.150495227694586,0.44869253,0,-0.015938014,-0.024352543
2023-09-04,Louis_DER_AU050_eobs_3264__2023__southbound_01,Louis / DER AU050 (eobs 3264),47.917305,8.580011,47.91703,8.572701,47.8982,8.558049,2.3614554997649204,0.5456462,0,-0.019102216,-0.021961726
2023-09-04,Moenchsambach_2_12181_ABR26__2023__southbound_01,Moenchsambach 2 12181 ABR26,45.970333,5.884043,43.337143,3.1616988,44.996593,4.6889167,221.0945142137929,363.4077,1,-0.9737397,-1.1951264
2023-09-04,Moenchsambach_4_12183_ABR27__2023__southbound_01,Moenchsambach 4 12183 ABR27,47.980907,7.84914,46.506874,5.280635,47.005684,6.604291,115.08178108320378,253.86229,1,-0.9752238,-1.2448493
2023-09-04,Rosalie_DER_A2M38_e-obs_6993__2023__southbound_01,Rosalie / DER A2M38 (e-obs 6993),49.22816,10.540502,49.22811,10.540649,49.207237,10.50211,3.636338829050729,0.012155193,0,-0.020922288,-0.03839206
2023-09-04,Steppach_1_12177_AEH95__2023__southbound_01,Steppach 1 12177 AEH95,41.624153,-0.8140715,41.579338,-1.1778988,41.61288,-0.82410395,29.655789612740282,30.65962,1,-0.011270717,-0.010032475
2023-09-04,Steppach_2_12178_AEH96__2023__southbound_01,Steppach 2 12178 AEH96,36.22485,-5.4834886,35.921806,-5.6224823,35.905373,-5.895353,24.6417909163037,35.938217,1,-0.31947702,-0.41186437
2023-09-04,Steppach_3_12179_AEH97__2023__southbound_01,Steppach 3 12179 AEH97,42.492435,2.8010442,41.537693,0.51610655,41.930195,2.0062265,131.12247719825152,216.56235,1,-0.562242,-0.7948177
2023-09-04,Steppach_5_12185__2023__southbound_01,Steppach 5 12185,36.225456,-5.4840045,36.22559,-5.4835477,36.22109,-5.475464,0.8811144930429274,0.04363786,0,-0.004369341,0.008540824
2023-09-04,Steppach_6_12186__2023__southbound_01,Steppach 6 12186,36.22541,-5.4846454,35.95923,-5.4834094,36.188236,-5.509753,25.574363690536188,29.598137,1,-0.037173282,-0.025107756
2023-09-04,Steppach_7_plus_12187__2023__southbound_01,Steppach 7 +  12187,41.532234,-0.6004119,41.589252,-0.7576092,41.50731,-0.6149591,14.964805563449962,14.534945,1,-0.024924383,-0.014547229
2023-09-04,Wingersdorf_1_12174_A1X36__2023__southbound_01,Wingersdorf 1 12174 A1X36,38.856445,-3.660167,38.85656,-3.6592731,38.478973,-4.240579,65.64932826594986,0.07842386,0,-0.37747335,-0.5804122
2023-09-04,Wingersdorf_3_12176_AEH99__2023__southbound_01,Wingersdorf 3 12176 AEH99,41.62493,-0.83429873,41.56112,-0.8562962,41.615215,-0.8514952,6.028470988583211,7.3276553,0,-0.00971695,-0.017196484
2023-09-05,Angela_DER_AY470_eobs_4001__2023__southbound_01,Angela / DER AY470 (eobs 4001),42.09134,2.7486808,41.621765,-0.8071791,41.91557,2.481717,274.6926052091781,299.0661,1,-0.1757682,-0.26696363
2023-09-05,Baunach_1_9698_ABR25__2023__southbound_01,Baunach 1 9698 ABR25,38.85672,-3.6597,38.85654,-3.6598713,38.84659,-3.6875138,2.6371651507933613,0.024795793,0,-0.010131225,-0.027813882
2023-09-05,Baunach_2_plus_9704_ABR20__2023__southbound_01,Baunach 2 + 9704 ABR20,47.652107,9.712392,45.831657,5.7705092,46.86551,8.540831,241.70077016817322,362.14328,1,-0.7865981,-1.1715615
2023-09-05,Bembo_Sparky_DER_AU891_eobs_3042__2023__southbound_01,Bembo Sparky / DER AU891 (eobs 3042),49.197693,10.668871,49.216217,10.665328,49.109547,10.556508,14.25818478769196,2.075835,0,-0.088144995,-0.11236281
2023-09-05,Frensdorf_1_12171_ABR22__2023__southbound_01,Frensdorf 1 12171 ABR22,36.734756,-4.521038,36.73475,-4.520886,36.635963,-4.6193323,14.061306766248922,0.013601141,0,-0.098792344,-0.0982942
2023-09-05,Frensdorf_3_plus_12173_ABR24__2023__southbound_01,Frensdorf 3 + 12173 ABR24,37.51573,-4.748498,37.515457,-4.753488,37.51182,-4.7263675,2.4259758812263024,0.44117197,0,-0.0039097145,0.022130646
2023-09-05,Louis_DER_AU050_eobs_3264__2023__southbound_01,Louis / DER AU050 (eobs 3264),47.91703,8.572701,47.91658,8.57287,47.88586,8.54338,4.062175920591948,0.051414188,0,-0.03116864,-0.029321536
2023-09-05,Moenchsambach_2_12181_ABR26__2023__southbound_01,Moenchsambach 2 12181 ABR26,43.337143,3.1616988,42.88805,1.2217382,42.438805,2.177287,92.73554778713412,165.1972,1,-0.89834,-0.9844116
2023-09-05,Moenchsambach_4_12183_ABR27__2023__southbound_01,Moenchsambach 4 12183 ABR27,46.506874,5.280635,45.685368,4.8439746,45.650536,4.148164,54.20624606252871,97.354836,1,-0.85633725,-1.1324708
2023-09-05,Rosalie_DER_A2M38_e-obs_6993__2023__southbound_01,Rosalie / DER A2M38 (e-obs 6993),49.22811,10.540649,49.22813,10.545225,49.204487,10.503721,3.999928889228518,0.33230153,0,-0.023626,-0.03692852
2023-09-05,Steppach_1_12177_AEH95__2023__southbound_01,Steppach 1 12177 AEH95,41.579338,-1.1778988,41.103317,-2.4862516,41.32785,-1.5694644,80.6461114648594,121.373955,1,-0.251486,-0.39156568
2023-09-05,Steppach_2_12178_AEH96__2023__southbound_01,Steppach 2 12178 AEH96,35.921806,-5.6224823,34.62726,-6.243533,35.725918,-5.8170567,128.167016111186,154.59286,1,-0.19588676,-0.19457437
2023-09-05,Steppach_3_12179_AEH97__2023__southbound_01,Steppach 3 12179 AEH97,41.537693,0.51610655,41.562428,0.649352,40.961876,-0.2707991,101.85500267818652,11.424099,1,-0.5758159,-0.78690565
2023-09-05,Steppach_5_12185__2023__southbound_01,Steppach 5 12185,36.22559,-5.4835477,36.230843,-5.483273,36.21094,-5.460723,2.998179589326578,0.5848211,0,-0.014648341,0.022824697
2023-09-05,Steppach_6_12186__2023__southbound_01,Steppach 6 12186,35.95923,-5.4834094,35.613266,-5.481831,35.837414,-5.557993,25.854993216320736,38.46968,1,-0.121816225,-0.07458365
2023-09-05,Steppach_7_plus_12187__2023__southbound_01,Steppach 7 +  12187,41.589252,-0.7576092,41.517937,-1.2938029,41.531063,-0.8462893,37.28345327806579,45.316513,1,-0.058189005,-0.08868007
2023-09-05,Wingersdorf_1_12174_A1X36__2023__southbound_01,Wingersdorf 1 12174 A1X36,38.85656,-3.6592731,38.856434,-3.659647,38.84535,-3.6562002,1.268277705646831,0.035278324,0,-0.0112097785,0.0030729845
2023-09-05,Wingersdorf_3_12176_AEH99__2023__southbound_01,Wingersdorf 3 12176 AEH99,41.56112,-0.8562962,41.560944,-0.8567916,41.475822,-0.9654844,13.094981338459004,0.04570476,0,-0.0852985,-0.10918817
2023-09-06,Angela_DER_AY470_eobs_4001__2023__southbound_01,Angela / DER AY470 (eobs 4001),41.621765,-0.8071791,41.3561,-1.2563629,41.026615,-1.643827,48.92236242331323,47.670643,1,-0.59515095,-0.83664787
2023-09-06,Baunach_1_9698_ABR25__2023__southbound_01,Baunach 1 9698 ABR25,38.85654,-3.6598713,38.856537,-3.6599298,38.6949,-3.8756735,25.938660059794792,0.0050824047,0,-0.1616384,-0.21580225
2023-09-06,Baunach_2_plus_9704_ABR20__2023__southbound_01,Baunach 2 + 9704 ABR20,45.831657,5.7705092,45.63921,5.46215,44.897987,4.617036,105.67325704622074,32.104046,1,-0.9336686,-1.1534735
2023-09-06,Bembo_Sparky_DER_AU891_eobs_3042__2023__southbound_01,Bembo Sparky / DER AU891 (eobs 3042),49.216217,10.665328,49.19629,10.677249,49.184643,10.6268835,3.8824594656016815,2.3793466,0,-0.03157401,-0.038444176
2023-09-06,Frensdorf_1_12171_ABR22__2023__southbound_01,Frensdorf 1 12171 ABR22,36.73475,-4.520886,36.734966,-4.5206246,36.717342,-4.504303,2.4405656419780284,0.033635423,0,-0.01740507,0.016583048
2023-09-06,Frensdorf_3_plus_12173_ABR24__2023__southbound_01,Frensdorf 3 + 12173 ABR24,37.515457,-4.753488,37.515083,-4.7533693,37.498062,-4.770146,2.4025306352582394,0.042769123,0,-0.017393611,-0.016657814
2023-09-06,Louis_DER_AU050_eobs_3264__2023__southbound_01,Louis / DER AU050 (eobs 3264),47.91658,8.57287,47.92391,8.572406,47.889503,8.540261,4.514018177572946,0.81573623,0,-0.02707529,-0.032609254
2023-09-06,Moenchsambach_2_12181_ABR26__2023__southbound_01,Moenchsambach 2 12181 ABR26,42.88805,1.2217382,42.682182,1.1481307,42.137836,0.11582947,104.14525135059759,23.666487,1,-0.75021327,-1.1059088
2023-09-06,Moenchsambach_4_12183_ABR27__2023__southbound_01,Moenchsambach 4 12183 ABR27,45.685368,4.8439746,44.887375,4.8160176,44.944267,3.8056905,79.806010428356,88.75995,1,-0.7411002,-1.0382841
2023-09-06,Rosalie_DER_A2M38_e-obs_6993__2023__southbound_01,Rosalie / DER A2M38 (e-obs 6993),49.22813,10.545225,49.228153,10.525845,49.203358,10.509401,3.0047086172870827,1.4073478,0,-0.024774335,-0.035824195
2023-09-06,Steppach_1_12177_AEH95__2023__southbound_01,Steppach 1 12177 AEH95,41.103317,-2.4862516,40.320934,-3.5987198,40.452324,-3.418164,21.149586735299778,127.90552,1,-0.6509927,-0.9319124
2023-09-06,Steppach_2_12178_AEH96__2023__southbound_01,Steppach 2 12178 AEH96,34.62726,-6.243533,34.283127,-6.5717044,34.133827,-6.7986746,26.668979776627175,48.678864,1,-0.49343264,-0.5551414
2023-09-06,Steppach_3_12179_AEH97__2023__southbound_01,Steppach 3 12179 AEH97,41.562428,0.649352,41.657578,0.9507445,41.553787,0.6469932,27.767155093442895,27.199463,1,-0.00863976,-0.0023587868
2023-09-06,Steppach_5_12185__2023__southbound_01,Steppach 5 12185,36.230843,-5.483273,36.22189,-5.4830656,36.2177,-5.472851,1.0279116798907972,0.9958474,0,-0.013141103,0.010422431
2023-09-06,Steppach_6_12186__2023__southbound_01,Steppach 6 12186,35.613266,-5.481831,35.56829,-5.4944086,35.4146,-5.6647196,23.01748408717432,5.1289587,0,-0.19866697,-0.18288857
2023-09-06,Steppach_7_plus_12187__2023__southbound_01,Steppach 7 +  12187,41.517937,-1.2938029,40.334118,-3.5814674,41.14475,-1.8767016,169.56455618955835,232.93927,1,-0.37318718,-0.5828988
2023-09-06,Wingersdorf_1_12174_A1X36__2023__southbound_01,Wingersdorf 1 12174 A1X36,38.856434,-3.659647,38.85643,-3.6598055,38.71942,-3.8862445,24.84517515360737,0.013729108,0,-0.13701257,-0.22659764
2023-09-06,Wingersdorf_3_12176_AEH99__2023__southbound_01,Wingersdorf 3 12176 AEH99,41.560944,-0.8567916,41.558952,-0.864506,41.44814,-1.0307232,18.53172922850444,0.6788898,0,-0.112803176,-0.17393155
2023-09-07,Angela_DER_AY470_eobs_4001__2023__southbound_01,Angela / DER AY470 (eobs 4001),41.3561,-1.2563629,39.90985,-3.22335,40.81865,-2.0679617,140.68921883193127,231.09927,1,-0.5374501,-0.8115988
2023-09-07,Baunach_1_9698_ABR25__2023__southbound_01,Baunach 1 9698 ABR25,38.856537,-3.6599298,38.85669,-3.6598935,38.73387,-3.8309336,20.15514658463916,0.017649252,0,-0.1226647,-0.17100385
2023-09-07,Baunach_2_plus_9704_ABR20__2023__southbound_01,Baunach 2 + 9704 ABR20,45.63921,5.46215,44.082382,4.6869226,44.97817,4.4203253,101.82396905125296,183.57562,1,-0.66103965,-1.0418248
2023-09-07,Bembo_Sparky_DER_AU891_eobs_3042__2023__southbound_01,Bembo Sparky / DER AU891 (eobs 3042),49.19629,10.677249,49.21403,10.669126,49.15165,10.620713,7.777983536176802,2.059099,0,-0.04463846,-0.05653597
2023-09-07,Frensdorf_1_12171_ABR22__2023__southbound_01,Frensdorf 1 12171 ABR22,36.734966,-4.5206246,36.73453,-4.5207186,36.721207,-4.5213118,1.48258808420683,0.049055442,0,-0.013758875,-0.00068703294
2023-09-07,Frensdorf_3_plus_12173_ABR24__2023__southbound_01,Frensdorf 3 + 12173 ABR24,37.515083,-4.7533693,37.515446,-4.753157,37.50164,-4.750628,1.5512168742724903,0.044105068,0,-0.0134436935,0.0027412474
2023-09-07,Louis_DER_AU050_eobs_3264__2023__southbound_01,Louis / DER AU050 (eobs 3264),47.92391,8.572406,47.91136,8.564947,47.902855,8.536179,2.3437088444263594,1.5019615,0,-0.021051742,-0.03622753
2023-09-07,Moenchsambach_2_12181_ABR26__2023__southbound_01,Moenchsambach 2 12181 ABR26,42.682182,1.1481307,41.744415,0.5499353,42.058464,0.14711583,48.27910283065397,115.326614,1,-0.62371695,-1.0010148
2023-09-07,Moenchsambach_4_12183_ABR27__2023__southbound_01,Moenchsambach 4 12183 ABR27,44.887375,4.8160176,44.3305,4.680028,44.137424,3.8189483,71.88355815095483,62.850475,1,-0.7499519,-0.99706936
2023-09-07,Rosalie_DER_A2M38_e-obs_6993__2023__southbound_01,Rosalie / DER A2M38 (e-obs 6993),49.228153,10.525845,49.219532,10.541771,49.191444,10.485133,5.165754039428256,1.5023298,0,-0.03670982,-0.040711112
2023-09-07,Steppach_1_12177_AEH95__2023__southbound_01,Steppach 1 12177 AEH95,40.320934,-3.5987198,40.321194,-3.5896404,39.687347,-4.485241,103.85734447752164,0.7702858,0,-0.6335886,-0.8865211
2023-09-07,Steppach_2_12178_AEH96__2023__southbound_01,Steppach 2 12178 AEH96,34.283127,-6.5717044,34.273144,-6.553685,34.08959,-6.795738,30.2052294937747,1.9933422,0,-0.19354054,-0.22403401
2023-09-07,Steppach_3_12179_AEH97__2023__southbound_01,Steppach 3 12179 AEH97,41.657578,0.9507445,41.65707,0.9472221,41.647816,0.96217245,1.6130203227284883,0.29798397,0,-0.009761281,0.011427946
2023-09-07,Steppach_5_12185__2023__southbound_01,Steppach 5 12185,36.22189,-5.4830656,36.232395,-5.4850516,36.180798,-5.49834,5.8599716452096215,1.181628,0,-0.041090038,-0.015274316
2023-09-07,Steppach_6_12186__2023__southbound_01,Steppach 6 12186,35.56829,-5.4944086,35.56971,-5.49123,35.480453,-5.5884867,13.26531944637844,0.32798478,0,-0.08783638,-0.09407817
2023-09-07,Steppach_7_plus_12187__2023__southbound_01,Steppach 7 +  12187,40.334118,-3.5814674,39.959877,-3.8752093,39.652596,-4.494574,62.98092951495414,48.528866,1,-0.6815235,-0.9131067
2023-09-07,Wingersdorf_1_12174_A1X36__2023__southbound_01,Wingersdorf 1 12174 A1X36,38.85643,-3.6598055,38.856373,-3.6597064,38.74949,-3.8377616,19.47608945193539,0.010694492,0,-0.10694073,-0.1779561
2023-09-07,Wingersdorf_3_12176_AEH99__2023__southbound_01,Wingersdorf 3 12176 AEH99,41.558952,-0.864506,41.558372,-0.86466,41.4373,-1.050164,20.49194032893991,0.065830074,0,-0.12165039,-0.18565792
2023-09-08,Angela_DER_AY470_eobs_4001__2023__southbound_01,Angela / DER AY470 (eobs 4001),39.90985,-3.22335,39.43035,-3.2235072,39.187157,-4.16321,85.25078297987541,53.318287,1,-0.7226961,-0.9398598
2023-09-08,Baunach_1_9698_ABR25__2023__southbound_01,Baunach 1 9698 ABR25,38.85669,-3.6598935,38.856728,-3.6594493,38.853424,-3.6605158,0.37876563662305707,0.03865947,0,-0.0032662079,-0.0006223917
2023-09-08,Baunach_2_plus_9704_ABR20__2023__southbound_01,Baunach 2 + 9704 ABR20,44.082382,4.6869226,43.29858,3.169049,43.21404,3.6455796,39.71922589839984,149.96301,1,-0.8683433,-1.041343
2023-09-08,Bembo_Sparky_DER_AU891_eobs_3042__2023__southbound_01,Bembo Sparky / DER AU891 (eobs 3042),49.21403,10.669126,49.223583,10.542659,49.180294,10.627421,7.816371897732312,9.246468,0,-0.033736497,-0.04170441
2023-09-08,Frensdorf_1_12171_ABR22__2023__southbound_01,Frensdorf 1 12171 ABR22,36.73453,-4.5207186,36.73424,-4.520545,36.677032,-4.5789905,8.22274017581683,0.03581942,0,-0.057498336,-0.058271747
2023-09-08,Frensdorf_3_plus_12173_ABR24__2023__southbound_01,Frensdorf 3 + 12173 ABR24,37.515446,-4.753157,37.515236,-4.7534733,37.521946,-4.7327933,1.9705834470525774,0.036352143,0,0.00650128,0.020363934
2023-09-08,Klippi_DER_AU955_e-obs_3018__2023__southbound_01,Klippi / DER AU955 (e-obs 3018),48.212368,9.669283,48.21169,9.6673,48.131496,9.539385,13.018910995794373,0.16531223,0,-0.08087001,-0.12989773
2023-09-08,Louis_DER_AU050_eobs_3264__2023__southbound_01,Louis / DER AU050 (eobs 3264),47.91136,8.564947,47.91132,8.561281,47.880943,8.517326,4.706127303296379,0.27327594,0,-0.030417882,-0.047620937
2023-09-08,Moenchsambach_2_12181_ABR26__2023__southbound_01,Moenchsambach 2 12181 ABR26,41.744415,0.5499353,41.786827,0.3539638,41.10849,-0.295793,92.8549622507829,16.92383,1,-0.63592535,-0.8457283
2023-09-08,Moenchsambach_4_12183_ABR27__2023__southbound_01,Moenchsambach 4 12183 ABR27,44.3305,4.680028,43.11889,2.6564293,43.775513,3.876554,122.60676394578483,211.1592,1,-0.554989,-0.80347407
2023-09-08,Rosalie_DER_A2M38_e-obs_6993__2023__southbound_01,Rosalie / DER A2M38 (e-obs 6993),49.219532,10.541771,49.229122,10.541705,49.189728,10.498448,5.39097166440461,1.0662215,0,-0.0298049,-0.043322682
2023-09-08,Steppach_1_12177_AEH95__2023__southbound_01,Steppach 1 12177 AEH95,40.321194,-3.5896404,40.321693,-3.5902045,40.318848,-3.5934937,0.42177396049722393,0.07322637,0,-0.00234624,-0.0038533583
2023-09-08,Steppach_2_12178_AEH96__2023__southbound_01,Steppach 2 12178 AEH96,34.273144,-6.553685,34.282864,-6.57203,34.220463,-6.5446215,7.38181329466821,2.002215,0,-0.052680377,0.009063929
2023-09-08,Steppach_3_12179_AEH97__2023__southbound_01,Steppach 3 12179 AEH97,41.65707,0.9472221,41.65784,0.7365652,41.465324,0.6111665,23.814012820290127,17.501032,1,-0.1917474,-0.3360556
2023-09-08,Steppach_5_12185__2023__southbound_01,Steppach 5 12185,36.232395,-5.4850516,36.232117,-5.4852624,36.21717,-5.486432,1.6652286356521109,0.03638562,0,-0.015222855,-0.0013804585
2023-09-08,Steppach_6_12186__2023__southbound_01,Steppach 6 12186,35.56971,-5.49123,35.60645,-5.481102,35.54891,-5.4876127,6.4253009419123215,4.186645,0,-0.020800449,0.0036171526
2023-09-08,Steppach_7_plus_12187__2023__southbound_01,Steppach 7 +  12187,39.959877,-3.8752093,39.83613,-4.2593913,39.52967,-4.50786,40.16601251314982,35.544994,1,-0.43020797,-0.63265073
2023-09-08,Wingersdorf_1_12174_A1X36__2023__southbound_01,Wingersdorf 1 12174 A1X36,38.856373,-3.6597064,38.859028,-3.6605883,38.82603,-3.667151,3.7128805916850864,0.3048507,0,-0.030340359,-0.007444538
2023-09-08,Wingersdorf_3_12176_AEH99__2023__southbound_01,Wingersdorf 3 12176 AEH99,41.558372,-0.86466,41.560894,-0.862791,41.453312,-1.0103362,17.148041399040995,0.32072288,0,-0.10505964,-0.14567618
2023-09-09,Angela_DER_AY470_eobs_4001__2023__southbound_01,Angela / DER AY470 (eobs 4001),39.43035,-3.2235072,39.430233,-3.2235744,38.885857,-3.9492574,87.05714177569975,0.014295343,0,-0.5444948,-0.72575015
2023-09-09,Baunach_1_9698_ABR25__2023__southbound_01,Baunach 1 9698 ABR25,38.856728,-3.6594493,38.8565,-3.6592479,38.828617,-3.6430476,3.4030018184961714,0.030806137,0,-0.028110586,0.016401656
2023-09-09,Baunach_2_plus_9704_ABR20__2023__southbound_01,Baunach 2 + 9704 ABR20,43.29858,3.169049,42.09939,1.3024564,42.627323,2.1764889,92.75115898471523,202.59497,1,-0.67125875,-0.99256027
2023-09-09,Bembo_Sparky_DER_AU891_eobs_3042__2023__southbound_01,Bembo Sparky / DER AU891 (eobs 3042),49.223583,10.542659,49.228252,10.527525,49.139023,10.414161,12.89698856331407,1.2154093,0,-0.084561914,-0.12849787
2023-09-09,Frensdorf_1_12171_ABR22__2023__southbound_01,Frensdorf 1 12171 ABR22,36.73424,-4.520545,36.734703,-4.5206103,36.68839,-4.54642,5.640459456794041,0.05165043,0,-0.0458528,-0.025875196
2023-09-09,Frensdorf_3_plus_12173_ABR24__2023__southbound_01,Frensdorf 3 + 12173 ABR24,37.515236,-4.7534733,37.515247,-4.7535014,37.495335,-4.7628555,2.36294540805077,0.0029284535,0,-0.019901037,-0.009382166
2023-09-09,Klippi_DER_AU955_e-obs_3018__2023__southbound_01,Klippi / DER AU955 (e-obs 3018),48.21169,9.6673,48.212738,9.667485,47.91127,9.128018,52.25812009092513,0.1175122,0,-0.30041867,-0.539282
2023-09-09,Louis_DER_AU050_eobs_3264__2023__southbound_01,Louis / DER AU050 (eobs 3264),47.91132,8.561281,47.92068,8.565792,47.880005,8.514838,5.906429883581035,1.0937533,0,-0.031315044,-0.046442553
2023-09-09,Moenchsambach_2_12181_ABR26__2023__southbound_01,Moenchsambach 2 12181 ABR26,41.786827,0.3539638,41.782673,0.3526167,41.586143,0.008585334,35.96883606399599,0.47517332,0,-0.20068362,-0.34537846
2023-09-09,Moenchsambach_4_12183_ABR27__2023__southbound_01,Moenchsambach 4 12183 ABR27,43.11889,2.6564293,41.69185,0.950734,42.438423,1.6935282,103.20441504494606,211.63231,1,-0.68046474,-0.9629012
2023-09-09,Rosalie_DER_A2M38_e-obs_6993__2023__southbound_01,Rosalie / DER A2M38 (e-obs 6993),49.229122,10.541705,49.219658,10.539567,49.205734,10.497069,3.45346194437359,1.0637745,0,-0.02338893,-0.044635884
2023-09-09,Steppach_1_12177_AEH95__2023__southbound_01,Steppach 1 12177 AEH95,40.321693,-3.5902045,40.321297,-3.5900905,40.262444,-3.7154436,12.484484946524665,0.045179162,0,-0.059251335,-0.12523907
2023-09-09,Steppach_2_12178_AEH96__2023__southbound_01,Steppach 2 12178 AEH96,34.282864,-6.57203,34.273174,-6.5514207,34.236774,-6.6034203,6.262769954529904,2.1785278,0,-0.046090737,-0.031390272
2023-09-09,Steppach_3_12179_AEH97__2023__southbound_01,Steppach 3 12179 AEH97,41.65784,0.7365652,41.512997,0.3401812,41.3937,0.29994383,13.682538523739723,36.691067,1,-0.26414284,-0.43662134
2023-09-09,Steppach_5_12185__2023__southbound_01,Steppach 5 12185,36.232117,-5.4852624,36.2311,-5.483806,36.17876,-5.5202312,6.674581576246865,0.172659,0,-0.053356435,-0.034968764
2023-09-09,Steppach_6_12186__2023__southbound_01,Steppach 6 12186,35.60645,-5.481102,35.613304,-5.4812856,35.586815,-5.4905844,3.0631113097115485,0.7623339,0,-0.019636117,-0.009482443
2023-09-09,Wingersdorf_1_12174_A1X36__2023__southbound_01,Wingersdorf 1 12174 A1X36,38.859028,-3.6605883,38.856327,-3.6595452,38.838436,-3.6944535,3.618938708539288,0.31378222,0,-0.020591795,-0.033865258
2023-09-09,Wingersdorf_3_12176_AEH99__2023__southbound_01,Wingersdorf 3 12176 AEH99,41.560894,-0.862791,41.560944,-0.8569164,41.553898,-0.873118,1.559196789633197,0.48880526,0,-0.0069952384,-0.010327004
2023-09-10,Angela_DER_AY470_eobs_4001__2023__southbound_01,Angela / DER AY470 (eobs 4001),39.430233,-3.2235744,39.092033,-3.5311222,39.241673,-3.482678,17.155267577288896,45.99251,1,-0.18856154,-0.25910363
2023-09-10,Baunach_1_9698_ABR25__2023__southbound_01,Baunach 1 9698 ABR25,38.8565,-3.6592479,38.85653,-3.6592588,38.805805,-3.6678748,5.68942493892766,0.0035452463,0,-0.050691687,-0.008626968
2023-09-10,Baunach_2_plus_9704_ABR20__2023__southbound_01,Baunach 2 + 9704 ABR20,42.09939,1.3024564,41.427128,-0.3187709,41.28346,0.15929139,42.981032576973114,153.84315,1,-0.8159311,-1.143165
2023-09-10,Bembo_Sparky_DER_AU891_eobs_3042__2023__southbound_01,Bembo Sparky / DER AU891 (eobs 3042),49.228252,10.527525,49.176674,10.702868,49.179844,10.464481,17.33171992852703,13.970787,1,-0.04840788,-0.063043535
2023-09-10,Frensdorf_1_12171_ABR22__2023__southbound_01,Frensdorf 1 12171 ABR22,36.734703,-4.5206103,36.735252,-4.5210342,36.720554,-4.530525,1.8402581005514322,0.07174338,0,-0.014149703,-0.0099148825
2023-09-10,Frensdorf_3_plus_12173_ABR24__2023__southbound_01,Frensdorf 3 + 12173 ABR24,37.515247,-4.7535014,37.515297,-4.753836,37.515106,-4.7446923,0.806755664437985,0.030061075,0,-0.00014175475,0.008809112
2023-09-10,Klippi_DER_AU955_e-obs_3018__2023__southbound_01,Klippi / DER AU955 (e-obs 3018),48.212738,9.667485,48.213146,9.668387,48.194622,9.63908,2.9933506601631823,0.0807586,0,-0.01811555,-0.028405294
2023-09-10,Louis_DER_AU050_eobs_3264__2023__southbound_01,Louis / DER AU050 (eobs 3264),47.92068,8.565792,47.913177,8.558145,47.900085,8.522575,3.0246552817091175,1.010417,0,-0.020594351,-0.043217026
2023-09-10,Moenchsambach_2_12181_ABR26__2023__southbound_01,Moenchsambach 2 12181 ABR26,41.782673,0.3526167,41.766182,0.3497388,41.63596,0.14983076,22.025416402257108,1.8491389,0,-0.14671457,-0.20278594
2023-09-10,Moenchsambach_4_12183_ABR27__2023__southbound_01,Moenchsambach 4 12183 ABR27,41.69185,0.950734,41.470695,-0.507994,40.979553,-0.032148242,67.57398694572277,123.79592,1,-0.712297,-0.98288226
2023-09-10,Rosalie_DER_A2M38_e-obs_6993__2023__southbound_01,Rosalie / DER A2M38 (e-obs 6993),49.219658,10.539567,49.228104,10.521126,49.186108,10.486684,5.297832504995899,1.6358081,0,-0.033549987,-0.05288306
2023-09-10,Steppach_1_12177_AEH95__2023__southbound_01,Steppach 1 12177 AEH95,40.321297,-3.5900905,40.321644,-3.586916,40.27525,-3.648106,7.317292146472294,0.27193198,0,-0.046047796,-0.058015525
2023-09-10,Steppach_2_12178_AEH96__2023__southbound_01,Steppach 2 12178 AEH96,34.273174,-6.5514207,34.281746,-6.572381,34.23149,-6.5327024,6.672705591351216,2.1488402,0,-0.041681882,0.018718027
2023-09-10,Steppach_3_12179_AEH97__2023__southbound_01,Steppach 3 12179 AEH97,41.512997,0.3401812,41.52561,-0.5268437,41.195072,-0.14691207,48.542042397595104,72.1978,1,-0.31792498,-0.48709327
2023-09-10,Steppach_5_12185__2023__southbound_01,Steppach 5 12185,36.2311,-5.483806,36.225174,-5.484237,36.192654,-5.481973,3.6217973919461923,0.6600434,0,-0.038443748,0.0018330216
2023-09-10,Steppach_6_12186__2023__southbound_01,Steppach 6 12186,35.613304,-5.4812856,35.61319,-5.4813886,35.594704,-5.4943643,2.366747712913641,0.01569164,0,-0.018600158,-0.013078876
2023-09-10,Wingersdorf_1_12174_A1X36__2023__southbound_01,Wingersdorf 1 12174 A1X36,38.856327,-3.6595452,38.85633,-3.6594148,38.807217,-3.6908069,6.100762672413804,0.011323802,0,-0.04910932,-0.031261772
2023-09-10,Wingersdorf_3_12176_AEH99__2023__southbound_01,Wingersdorf 3 12176 AEH99,41.560944,-0.8569164,41.55847,-0.8610946,41.543213,-0.8598343,1.6999403390451209,0.44320884,0,-0.017731912,-0.0029178783
2023-09-11,Angela_DER_AY470_eobs_4001__2023__southbound_01,Angela / DER AY470 (eobs 4001),39.092033,-3.5311222,38.54824,-3.9606621,38.63687,-4.139511,18.404798642042397,71.00029,1,-0.4551618,-0.6083889
2023-09-11,Baunach_1_9698_ABR25__2023__southbound_01,Baunach 1 9698 ABR25,38.85653,-3.6592588,38.858837,-3.6600628,38.82989,-3.6787324,3.6019368756882604,0.26600504,0,-0.026639149,-0.019473575
2023-09-11,Baunach_2_plus_9704_ABR20__2023__southbound_01,Baunach 2 + 9704 ABR20,41.427128,-0.3187709,40.859844,-1.5996016,40.839848,-1.2068713,33.107620385090705,124.4253,1,-0.5872797,-0.8881003
2023-09-11,Bembo_Sparky_DER_AU891_eobs_3042__2023__southbound_01,Bembo Sparky / DER AU891 (eobs 3042),49.176674,10.702868,49.10347,10.76231,49.138138,10.676899,7.314006815086992,9.217106,0,-0.0385354,-0.025969073
2023-09-11,Frensdorf_1_12171_ABR22__2023__southbound_01,Frensdorf 1 12171 ABR22,36.735252,-4.5210342,36.734905,-4.52085,36.707108,-4.551866,4.146816332111796,0.041787893,0,-0.028144695,-0.030831888
2023-09-11,Frensdorf_3_plus_12173_ABR24__2023__southbound_01,Frensdorf 3 + 12173 ABR24,37.515297,-4.753836,37.4857,-4.6845665,37.50489,-4.755717,6.629899228561329,6.9408655,0,-0.010405175,-0.0018808618
2023-09-11,Klippi_DER_AU955_e-obs_3018__2023__southbound_01,Klippi / DER AU955 (e-obs 3018),48.213146,9.668387,48.21407,9.665481,48.19886,9.639834,2.54404005652193,0.23872568,0,-0.014286093,-0.028552711
2023-09-11,Louis_DER_AU050_eobs_3264__2023__southbound_01,Louis / DER AU050 (eobs 3264),47.913177,8.558145,47.919415,8.578084,47.88551,8.50847,6.414287657522327,1.639857,0,-0.02766966,-0.04967501
2023-09-11,Moenchsambach_2_12181_ABR26__2023__southbound_01,Moenchsambach 2 12181 ABR26,41.766182,0.3497388,41.736565,0.3881543,41.65285,0.20909873,17.54058697476105,4.582821,0,-0.11333243,-0.14064008
2023-09-11,Moenchsambach_4_12183_ABR27__2023__southbound_01,Moenchsambach 4 12183 ABR27,41.470695,-0.507994,41.551796,-0.6077434,41.031094,-1.2180612,77.15141964439992,12.260111,1,-0.43960202,-0.71006715
2023-09-11,Rosalie_DER_A2M38_e-obs_6993__2023__southbound_01,Rosalie / DER A2M38 (e-obs 6993),49.228104,10.521126,49.230743,10.499095,49.197098,10.4733,4.18418468792743,1.6264232,0,-0.031005219,-0.04782556
2023-09-11,Steppach_1_12177_AEH95__2023__southbound_01,Steppach 1 12177 AEH95,40.321644,-3.586916,40.26645,-3.6293774,40.316795,-3.5711432,7.465650837338844,7.1161017,0,-0.0048477203,0.015772723
2023-09-11,Steppach_2_12178_AEH96__2023__southbound_01,Steppach 2 12178 AEH96,34.281746,-6.572381,34.28357,-6.572413,34.240635,-6.595409,5.220928746843607,0.20262976,0,-0.041111033,-0.023028098
2023-09-11,Steppach_3_12179_AEH97__2023__southbound_01,Steppach 3 12179 AEH97,41.52561,-0.5268437,41.546288,-0.6010401,41.178646,-1.0741975,56.83717897177843,6.589747,0,-0.34696758,-0.54735386
2023-09-11,Steppach_5_12185__2023__southbound_01,Steppach 5 12185,36.225174,-5.484237,36.22508,-5.483724,36.171318,-5.5076523,6.351811124013946,0.047277436,0,-0.05385504,-0.023414932
2023-09-11,Steppach_6_12186__2023__southbound_01,Steppach 6 12186,35.61319,-5.4813886,35.61322,-5.4820633,35.542976,-5.5433307,9.576499872588501,0.06110621,0,-0.07021368,-0.061941992
2023-09-11,Wingersdorf_1_12174_A1X36__2023__southbound_01,Wingersdorf 1 12174 A1X36,38.85633,-3.6594148,38.856316,-3.6598942,38.83539,-3.6466122,2.595796727152669,0.041555207,0,-0.020941444,0.0128025785
2023-09-11,Wingersdorf_3_12176_AEH99__2023__southbound_01,Wingersdorf 3 12176 AEH99,41.55847,-0.8610946,41.560947,-0.8572099,41.456005,-1.014399,17.535382011649407,0.42475015,0,-0.1024664,-0.15330443
2023-09-12,Angela_DER_AY470_eobs_4001__2023__southbound_01,Angela / DER AY470 (eobs 4001),38.54824,-3.9606621,37.81514,-4.7447667,38.047462,-4.557977,30.589734092241994,106.498344,1,-0.50077844,-0.59731525
2023-09-12,Baunach_1_9698_ABR25__2023__southbound_01,Baunach 1 9698 ABR25,38.858837,-3.6600628,38.856716,-3.6596887,38.83046,-3.6812255,3.4645443512870107,0.23814584,0,-0.028376319,-0.021162815
2023-09-12,Baunach_2_plus_9704_ABR20__2023__southbound_01,Baunach 2 + 9704 ABR20,40.859844,-1.5996016,39.912926,-3.4889162,40.111664,-2.7091084,69.99222746921778,191.54506,1,-0.7481798,-1.1095068
2023-09-12,Bembo_Sparky_DER_AU891_eobs_3042__2023__southbound_01,Bembo Sparky / DER AU891 (eobs 3042),49.10347,10.76231,49.210487,10.672344,49.050137,10.659269,17.855580499899084,13.579842,1,-0.053333234,-0.10304033
2023-09-12,Frensdorf_1_12171_ABR22__2023__southbound_01,Frensdorf 1 12171 ABR22,36.734905,-4.52085,36.735085,-4.5209894,36.688263,-4.52379,5.212312204535628,0.023509504,0,-0.046642654,-0.0029399246
2023-09-12,Frensdorf_3_plus_12173_ABR24__2023__southbound_01,Frensdorf 3 + 12173 ABR24,37.4857,-4.6845665,37.515675,-4.753085,37.473816,-4.6545744,9.858826614583384,6.902568,0,-0.011883065,0.02999217
2023-09-12,Klippi_DER_AU955_e-obs_3018__2023__southbound_01,Klippi / DER AU955 (e-obs 3018),48.21407,9.665481,48.21418,9.665002,48.16556,9.580262,8.287718764331522,0.03742644,0,-0.048506748,-0.0852187
2023-09-12,Louis_DER_AU050_eobs_3264__2023__southbound_01,Louis / DER AU050 (eobs 3264),47.919415,8.578084,47.918007,8.574199,47.89391,8.539797,3.708834892865568,0.32916656,0,-0.025506042,-0.038287096
2023-09-12,Moenchsambach_2_12181_ABR26__2023__southbound_01,Moenchsambach 2 12181 ABR26,41.736565,0.3881543,41.73471,0.3979211,41.692047,0.36286885,5.565127159165812,0.8362522,0,-0.044516057,-0.025285453
2023-09-12,Moenchsambach_4_12183_ABR27__2023__southbound_01,Moenchsambach 4 12183 ABR27,41.551796,-0.6077434,41.55945,-0.7127636,41.446774,-0.80181503,14.559108666548067,8.77991,0,-0.10502254,-0.19407168
2023-09-12,Rosalie_DER_A2M38_e-obs_6993__2023__southbound_01,Rosalie / DER A2M38 (e-obs 6993),49.230743,10.499095,49.23053,10.508612,49.196117,10.454401,5.490695258829642,0.691427,0,-0.034627296,-0.044693664
2023-09-12,Steppach_1_12177_AEH95__2023__southbound_01,Steppach 1 12177 AEH95,40.26645,-3.6293774,40.26531,-3.6301687,40.15266,-3.7783515,17.755111532801905,0.14352861,0,-0.11378762,-0.14897421
2023-09-12,Steppach_2_12178_AEH96__2023__southbound_01,Steppach 2 12178 AEH96,34.28357,-6.572413,34.273357,-6.5522995,34.265594,-6.5612583,1.1928248793709901,2.169113,0,-0.017973654,0.011154793
2023-09-12,Steppach_3_12179_AEH97__2023__southbound_01,Steppach 3 12179 AEH97,41.546288,-0.6010401,41.538857,-0.6270946,41.437004,-0.77813506,16.927745424411206,2.3204048,0,-0.10928523,-0.1770949
2023-09-12,Steppach_5_12185__2023__southbound_01,Steppach 5 12185,36.22508,-5.483724,36.22182,-5.4827967,36.196133,-5.4624352,3.390617523855013,0.37148386,0,-0.028946653,0.02128876
2023-09-12,Steppach_6_12186__2023__southbound_01,Steppach 6 12186,35.61322,-5.4820633,35.56656,-5.494311,35.555305,-5.5312996,3.572220107443383,5.305503,0,-0.057914753,-0.04923618
2023-09-12,Wingersdorf_1_12174_A1X36__2023__southbound_01,Wingersdorf 1 12174 A1X36,38.856316,-3.6598942,38.85666,-3.6595325,38.76237,-3.7876296,15.268077261585322,0.049351458,0,-0.09394339,-0.12773544
2023-09-12,Wingersdorf_3_12176_AEH99__2023__southbound_01,Wingersdorf 3 12176 AEH99,41.560947,-0.8572099,41.559334,-0.8650358,41.560665,-0.86006737,0.4390935255160189,0.6754792,0,-0.00028277189,-0.0028574616
2023-09-13,Angela_DER_AY470_eobs_4001__2023__southbound_01,Angela / DER AY470 (eobs 4001),37.81514,-4.7447667,37.81411,-4.7478037,37.302555,-5.336306,76.98438044141926,0.29016957,0,-0.51258534,-0.5915394
2023-09-13,Baunach_1_9698_ABR25__2023__southbound_01,Baunach 1 9698 ABR25,38.856716,-3.6596887,38.85649,-3.6593196,38.762306,-3.7327902,12.255922793039904,0.040608823,0,-0.09440954,-0.07310146
2023-09-13,Baunach_2_plus_9704_ABR20__2023__southbound_01,Baunach 2 + 9704 ABR20,39.912926,-3.4889162,38.601475,-4.0202985,39.178307,-4.520552,77.38596213919818,152.8347,1,-0.7346178,-1.0316359
2023-09-13,Bembo_Sparky_DER_AU891_eobs_3042__2023__southbound_01,Bembo Sparky / DER AU891 (eobs 3042),49.210487,10.672344,49.210342,10.672503,49.17967,10.613355,5.486936545379668,0.020090422,0,-0.030819356,-0.05898944
2023-09-13,Frensdorf_1_12171_ABR22__2023__southbound_01,Frensdorf 1 12171 ABR22,36.735085,-4.5209894,36.735336,-4.5210147,36.712135,-4.5281262,2.6565551584294997,0.027823547,0,-0.02294898,-0.0071369633
2023-09-13,Frensdorf_3_plus_12173_ABR24__2023__southbound_01,Frensdorf 3 + 12173 ABR24,37.515675,-4.753085,37.484253,-4.685746,37.507385,-4.749165,6.157881635111839,6.8915434,0,-0.008287743,0.00392022
2023-09-13,Klippi_DER_AU955_e-obs_3018__2023__southbound_01,Klippi / DER AU955 (e-obs 3018),48.21418,9.665002,48.213406,9.668933,48.17694,9.616689,5.606818005731997,0.30374664,0,-0.037237484,-0.048313066
2023-09-13,Louis_DER_AU050_eobs_3264__2023__southbound_01,Louis / DER AU050 (eobs 3264),47.918007,8.574199,47.917664,8.567795,47.882828,8.526165,4.963436251769844,0.4787206,0,-0.035178225,-0.04803381
2023-09-13,Moenchsambach_2_12181_ABR26__2023__southbound_01,Moenchsambach 2 12181 ABR26,41.73471,0.3979211,41.734715,0.39691016,41.72116,0.4046293,1.6375848482968358,0.083889335,0,-0.013550676,0.0067081973
2023-09-13,Moenchsambach_4_12183_ABR27__2023__southbound_01,Moenchsambach 4 12183 ABR27,41.55945,-0.7127636,41.628258,-0.7755669,41.44376,-0.88793814,22.546743965142706,9.264106,0,-0.11568756,-0.17517456
2023-09-13,Rosalie_DER_A2M38_e-obs_6993__2023__southbound_01,Rosalie / DER A2M38 (e-obs 6993),49.23053,10.508612,49.228985,10.540738,49.205498,10.460795,6.366694894283323,2.339111,0,-0.025032207,-0.04781647
2023-09-13,Steppach_1_12177_AEH95__2023__southbound_01,Steppach 1 12177 AEH95,40.26531,-3.6301687,40.265427,-3.6299086,40.185493,-3.7249844,12.006392164741193,0.025710735,0,-0.07981348,-0.09481577
2023-09-13,Steppach_2_12178_AEH96__2023__southbound_01,Steppach 2 12178 AEH96,34.273357,-6.5522995,34.283226,-6.5722666,34.23745,-6.5306253,6.368222858026958,2.1379187,0,-0.035909258,0.021674238
2023-09-13,Steppach_3_12179_AEH97__2023__southbound_01,Steppach 3 12179 AEH97,41.538857,-0.6270946,41.42781,-0.4874195,41.44114,-0.75876635,22.669158646775173,16.96615,1,-0.09771606,-0.13167171
2023-09-13,Steppach_5_12185__2023__southbound_01,Steppach 5 12185,36.22182,-5.4827967,36.232464,-5.4849925,36.174683,-5.481429,6.432937846638798,1.1996341,0,-0.047137152,0.0013677776
2023-09-13,Steppach_6_12186__2023__southbound_01,Steppach 6 12186,35.56656,-5.494311,35.049664,-5.9136844,35.473957,-5.547922,57.69487819773519,68.93213,1,-0.09260081,-0.05361109
2023-09-13,Wingersdorf_1_12174_A1X36__2023__southbound_01,Wingersdorf 1 12174 A1X36,38.85666,-3.6595325,38.85637,-3.659451,38.84702,-3.656252,1.075930163070908,0.033123817,0,-0.009638272,0.0032806844
2023-09-13,Wingersdorf_3_12176_AEH99__2023__southbound_01,Wingersdorf 3 12176 AEH99,41.559334,-0.8650358,41.55941,-0.8645934,41.503094,-0.9377198,8.733042717504585,0.037812278,0,-0.056239933,-0.07268402
2023-09-14,Angela_DER_AY470_eobs_4001__2023__southbound_01,Angela / DER AY470 (eobs 4001),37.81411,-4.7478037,37.391205,-5.334648,37.676678,-4.902471,49.5967730070484,69.88604,1,-0.13743104,-0.15466735
2023-09-14,Baunach_1_9698_ABR25__2023__southbound_01,Baunach 1 9698 ABR25,38.85649,-3.6593196,38.85655,-3.659392,38.777008,-3.6905966,9.24844858207645,0.00888933,0,-0.079484686,-0.031276852
2023-09-14,Baunach_2_plus_9704_ABR20__2023__southbound_01,Baunach 2 + 9704 ABR20,38.601475,-4.0202985,37.27532,-5.3444977,37.810684,-5.0613647,64.55195896003958,187.69337,1,-0.79079217,-1.0410663
2023-09-14,Bembo_Sparky_DER_AU891_eobs_3042__2023__southbound_01,Bembo Sparky / DER AU891 (eobs 3042),49.210342,10.672503,48.300484,9.900595,49.15674,10.597943,108.07919007326953,115.92006,1,-0.05360326,-0.07456021
2023-09-14,Frensdorf_1_12171_ABR22__2023__southbound_01,Frensdorf 1 12171 ABR22,36.735336,-4.5210147,36.735184,-4.521004,36.716125,-4.5228195,2.1253479883333424,0.016872516,0,-0.019212216,-0.0018050671
2023-09-14,Frensdorf_3_plus_12173_ABR24__2023__southbound_01,Frensdorf 3 + 12173 ABR24,37.484253,-4.685746,37.4905,-4.7004294,37.470642,-4.657883,4.355573883591875,1.4699409,0,-0.013610564,0.027862884
2023-09-14,Klippi_DER_AU955_e-obs_3018__2023__southbound_01,Klippi / DER AU955 (e-obs 3018),48.213406,9.668933,48.216064,9.667697,48.18632,9.636136,4.050868269635604,0.30959806,0,-0.027083248,-0.032797195
2023-09-14,Louis_DER_AU050_eobs_3264__2023__southbound_01,Louis / DER AU050 (eobs 3264),47.917664,8.567795,47.637096,8.036494,47.872982,8.523776,44.88797878608555,50.492165,1,-0.04468094,-0.044018365
2023-09-14,Moenchsambach_2_12181_ABR26__2023__southbound_01,Moenchsambach 2 12181 ABR26,41.734715,0.39691016,41.726246,0.4057582,41.629654,0.24765003,16.964176699940673,1.1941612,0,-0.10506174,-0.14926013
2023-09-14,Moenchsambach_4_12183_ABR27__2023__southbound_01,Moenchsambach 4 12183 ABR27,41.628258,-0.7755669,41.474888,-1.1766065,41.58693,-0.8331496,31.18606997513226,37.47717,1,-0.041329008,-0.057582762
2023-09-14,Rosalie_DER_A2M38_e-obs_6993__2023__southbound_01,Rosalie / DER A2M38 (e-obs 6993),49.228985,10.540738,49.22811,10.539152,49.199207,10.500769,4.254757208705156,0.15056713,0,-0.02977579,-0.039969347
2023-09-14,Steppach_1_12177_AEH95__2023__southbound_01,Steppach 1 12177 AEH95,40.265427,-3.6299086,40.265873,-3.629273,40.243458,-3.6041799,3.2782420176828966,0.07338928,0,-0.02196797,0.02572862
2023-09-14,Steppach_2_12178_AEH96__2023__southbound_01,Steppach 2 12178 AEH96,34.283226,-6.5722666,34.283012,-6.572373,34.245132,-6.586553,4.409036470353245,0.025722006,0,-0.03809394,-0.014286451
2023-09-14,Steppach_3_12179_AEH97__2023__southbound_01,Steppach 3 12179 AEH97,41.42781,-0.4874195,41.214264,-0.8044633,41.341663,-0.54445654,25.937692341470004,35.564545,1,-0.08614753,-0.057037078
2023-09-14,Steppach_5_12185__2023__southbound_01,Steppach 5 12185,36.232464,-5.4849925,36.232582,-5.484979,36.21281,-5.4848466,2.198534129944635,0.013190136,0,-0.019653223,0.00014588982
2023-09-14,Steppach_6_12186__2023__southbound_01,Steppach 6 12186,35.049664,-5.9136844,34.03909,-6.7337313,34.757603,-6.197787,93.81444352971121,135.15913,1,-0.29205957,-0.28410247
2023-09-14,Wingersdorf_1_12174_A1X36__2023__southbound_01,Wingersdorf 1 12174 A1X36,38.85637,-3.659451,38.856586,-3.6595235,38.71644,-3.800034,19.77816933425056,0.025122061,0,-0.1399311,-0.14058301
2023-09-14,Wingersdorf_3_12176_AEH99__2023__southbound_01,Wingersdorf 3 12176 AEH99,41.55941,-0.8645934,41.55948,-0.8647007,41.54475,-0.8464738,2.2321785307059927,0.011815232,0,-0.014660068,0.018119596
2023-09-15,Angela_DER_AY470_eobs_4001__2023__southbound_01,Angela / DER AY470 (eobs 4001),37.391205,-5.334648,36.610325,-6.118923,37.08947,-5.688542,65.61319588453965,111.309654,1,-0.30173662,-0.35389367
2023-09-15,Baunach_1_9698_ABR25__2023__southbound_01,Baunach 1 9698 ABR25,38.85655,-3.659392,38.856647,-3.6591628,38.820297,-3.7099526,5.9740000457974585,0.022813253,0,-0.036251858,-0.050560556
2023-09-15,Baunach_2_plus_9704_ABR20__2023__southbound_01,Baunach 2 + 9704 ABR20,37.27532,-5.3444977,37.255646,-5.348468,36.647224,-6.1712947,99.61401881924154,2.2153416,0,-0.6280919,-0.8267969
2023-09-15,Bembo_Sparky_DER_AU891_eobs_3042__2023__southbound_01,Bembo Sparky / DER AU891 (eobs 3042),48.300484,9.900595,48.268757,9.743343,47.3509,8.683322,129.1592853135786,12.158516,1,-0.94958425,-1.2172728
2023-09-15,Frensdorf_1_12171_ABR22__2023__southbound_01,Frensdorf 1 12171 ABR22,36.735184,-4.521004,36.7351,-4.5211277,36.67833,-4.5536637,6.947033308631105,0.01449394,0,-0.056854874,-0.032659434
2023-09-15,Frensdorf_3_plus_12173_ABR24__2023__southbound_01,Frensdorf 3 + 12173 ABR24,37.4905,-4.7004294,37.515327,-4.7538676,37.483356,-4.7014656,5.8316645632764805,5.462934,0,-0.0071457103,-0.0010360107
2023-09-15,Klippi_DER_AU955_e-obs_3018__2023__southbound_01,Klippi / DER AU955 (e-obs 3018),48.216064,9.667697,48.21401,9.669615,48.192924,9.638174,3.305382533050167,0.269063,0,-0.02313815,-0.029523179
2023-09-15,Louis_DER_AU050_eobs_3264__2023__southbound_01,Louis / DER AU050 (eobs 3264),47.637096,8.036494,46.49455,5.2768235,46.806732,6.9490223,132.27103555513588,244.58044,1,-0.83036345,-1.087472
2023-09-15,Moenchsambach_2_12181_ABR26__2023__southbound_01,Moenchsambach 2 12181 ABR26,41.726246,0.4057582,41.725105,0.4090204,41.682117,0.37762076,5.444609128823123,0.2990201,0,-0.04412822,-0.02813746
2023-09-15,Moenchsambach_4_12183_ABR27__2023__southbound_01,Moenchsambach 4 12183 ABR27,41.474888,-1.1766065,40.60391,-3.2384381,41.06751,-1.8023605,131.35149163112075,198.19064,1,-0.40737772,-0.62575394
2023-09-15,Rosalie_DER_A2M38_e-obs_6993__2023__southbound_01,Rosalie / DER A2M38 (e-obs 6993),49.22811,10.539152,49.232464,10.524292,49.19513,10.501442,4.470901695299553,1.1826855,0,-0.032981366,-0.037709855
2023-09-15,Steppach_1_12177_AEH95__2023__southbound_01,Steppach 1 12177 AEH95,40.265873,-3.629273,40.265728,-3.6325843,40.25778,-3.6123514,1.931037082338372,0.28144458,0,-0.00809297,0.016921483
2023-09-15,Steppach_2_12178_AEH96__2023__southbound_01,Steppach 2 12178 AEH96,34.283012,-6.572373,34.281025,-6.5722814,34.23128,-6.58783,5.712864063036314,0.22118281,0,-0.05173024,-0.015457004
2023-09-15,Steppach_3_12179_AEH97__2023__southbound_01,Steppach 3 12179 AEH97,41.214264,-0.8044633,40.855236,-1.916527,40.84853,-1.3531929,47.386859138729136,101.45848,1,-0.36573553,-0.5487296
2023-09-15,Steppach_5_12185__2023__southbound_01,Steppach 5 12185,36.232582,-5.484979,36.22187,-5.482231,36.216614,-5.4810085,0.5947148705216359,1.2161494,0,-0.015969627,0.0039704815
2023-09-15,Steppach_6_12186__2023__southbound_01,Steppach 6 12186,34.03909,-6.7337313,33.871708,-6.8111186,33.58861,-7.2267704,49.683013020884026,19.93371,1,-0.45047706,-0.49303934
2023-09-15,Wingersdorf_1_12174_A1X36__2023__southbound_01,Wingersdorf 1 12174 A1X36,38.856586,-3.6595235,38.856514,-3.659341,38.837467,-3.6847696,3.0553205388459186,0.017805032,0,-0.019119687,-0.02524618
2023-09-15,Wingersdorf_3_12176_AEH99__2023__southbound_01,Wingersdorf 3 12176 AEH99,41.55948,-0.8647007,41.559437,-0.8646845,41.534958,-0.91213757,4.796213556744023,0.0051392117,0,-0.024519645,-0.04743687
2023-09-16,Angela_DER_AY470_eobs_4001__2023__southbound_01,Angela / DER AY470 (eobs 4001),36.610325,-6.118923,36.608746,-6.12548,36.29419,-6.4754047,46.93535673478669,0.6109697,0,-0.31613475,-0.3564813
2023-09-16,Baunach_1_9698_ABR25__2023__southbound_01,Baunach 1 9698 ABR25,38.856647,-3.6591628,38.85655,-3.659304,38.844723,-3.655573,1.3540562404872705,0.01638894,0,-0.011924177,0.0035897642
2023-09-16,Baunach_2_plus_9704_ABR20__2023__southbound_01,Baunach 2 + 9704 ABR20,37.255646,-5.348468,37.23363,-5.367383,37.19127,-5.397133,5.397147993840704,2.9658556,0,-0.06437512,-0.048665002
2023-09-16,Bembo_Sparky_DER_AU891_eobs_3042__2023__southbound_01,Bembo Sparky / DER AU891 (eobs 3042),48.268757,9.743343,47.90916,9.032703,47.653053,8.678635,38.87014659808713,66.21804,1,-0.61570436,-1.064709
2023-09-16,Frensdorf_1_12171_ABR22__2023__southbound_01,Frensdorf 1 12171 ABR22,36.7351,-4.5211277,36.735355,-4.5210404,36.68798,-4.570264,6.855848780207559,0.029466432,0,-0.047120236,-0.049136266
2023-09-16,Frensdorf_3_plus_12173_ABR24__2023__southbound_01,Frensdorf 3 + 12173 ABR24,37.515327,-4.7538676,37.515022,-4.754789,37.511677,-4.7513413,0.48046646766212814,0.08815919,0,-0.003652379,0.0025261939
2023-09-16,Louis_DER_AU050_eobs_3264__2023__southbound_01,Louis / DER AU050 (eobs 3264),46.49455,5.2768235,46.072567,5.1616254,45.537308,4.1254425,99.96647530990582,47.749935,1,-0.9572406,-1.1513809
2023-09-16,Moenchsambach_2_12181_ABR26__2023__southbound_01,Moenchsambach 2 12181 ABR26,41.725105,0.4090204,41.727615,0.4086908,41.70433,0.40272126,2.636151314718552,0.2806692,0,-0.020775773,-0.006299138
2023-09-16,Moenchsambach_4_12183_ABR27__2023__southbound_01,Moenchsambach 4 12183 ABR27,40.60391,-3.2384381,40.32103,-3.5989628,40.014038,-4.089262,53.860035040161335,43.81428,1,-0.58987117,-0.85082364
2023-09-16,Rosalie_DER_A2M38_e-obs_6993__2023__southbound_01,Rosalie / DER A2M38 (e-obs 6993),49.232464,10.524292,49.23249,10.502152,49.194973,10.490295,4.259742313099828,1.607536,0,-0.037490368,-0.033996835
2023-09-16,Steppach_1_12177_AEH95__2023__southbound_01,Steppach 1 12177 AEH95,40.265728,-3.6325843,40.321495,-3.5867372,40.24984,-3.6655014,10.398094370257995,7.319534,0,-0.015886314,-0.032917097
2023-09-16,Steppach_2_12178_AEH96__2023__southbound_01,Steppach 2 12178 AEH96,34.281025,-6.5722814,34.283188,-6.5720973,34.246635,-6.565701,4.106733607945331,0.24115369,0,-0.03438954,0.0065804794
2023-09-16,Steppach_3_12179_AEH97__2023__southbound_01,Steppach 3 12179 AEH97,40.855236,-1.916527,40.751137,-3.0270178,40.318874,-2.7430904,53.72164096729096,94.18343,1,-0.53636104,-0.8265634
2023-09-16,Steppach_5_12185__2023__southbound_01,Steppach 5 12185,36.22187,-5.482231,35.667763,-5.6694484,36.18978,-5.4822464,60.44362665709873,63.877804,1,-0.032090068,-1.514703e-05
2023-09-16,Steppach_6_12186__2023__southbound_01,Steppach 6 12186,33.871708,-6.8111186,33.870304,-6.814023,33.76861,-6.883891,13.02047678800754,0.3104445,0,-0.10309816,-0.07277267
2023-09-16,Wingersdorf_1_12174_A1X36__2023__southbound_01,Wingersdorf 1 12174 A1X36,38.856514,-3.659341,38.85653,-3.6592665,38.836395,-3.6587617,2.2392253200435874,0.006644532,0,-0.02011951,0.00057944655
2023-09-16,Wingersdorf_3_12176_AEH99__2023__southbound_01,Wingersdorf 3 12176 AEH99,41.559437,-0.8646845,41.56113,-0.85620785,41.537407,-0.89027715,3.8725672440118553,0.7300864,0,-0.022029959,-0.025592618
2023-09-17,Angela_DER_AY470_eobs_4001__2023__southbound_01,Angela / DER AY470 (eobs 4001),36.608746,-6.12548,36.583847,-6.1236563,36.5431,-6.1841164,7.048975488729817,2.7734523,0,-0.065646656,-0.058636263
2023-09-17,Baunach_1_9698_ABR25__2023__southbound_01,Baunach 1 9698 ABR25,38.85655,-3.659304,38.8565,-3.65934,38.761707,-3.7691915,14.202039231611755,0.0064371503,0,-0.09483938,-0.10988767
2023-09-17,Baunach_2_plus_9704_ABR20__2023__southbound_01,Baunach 2 + 9704 ABR20,37.23363,-5.367383,37.233555,-5.370645,37.148613,-5.4484415,11.691865262873199,0.2889025,0,-0.08501773,-0.081058376
2023-09-17,Bembo_Sparky_DER_AU891_eobs_3042__2023__southbound_01,Bembo Sparky / DER AU891 (eobs 3042),47.90916,9.032703,46.923603,7.218885,47.07262,7.790304,46.39479037437449,175.02078,1,-0.8365406,-1.242399
2023-09-17,Frensdorf_1_12171_ABR22__2023__southbound_01,Frensdorf 1 12171 ABR22,36.735355,-4.5210404,36.735275,-4.5210004,36.7258,-4.517051,1.1108762115939672,0.00963317,0,-0.0095542595,0.0039890856
2023-09-17,Frensdorf_3_plus_12173_ABR24__2023__southbound_01,Frensdorf 3 + 12173 ABR24,37.515022,-4.754789,37.515022,-4.754805,37.501923,-4.7545137,1.4568455851858615,0.0014708797,0,-0.013099074,0.00027502328
2023-09-17,Louis_DER_AU050_eobs_3264__2023__southbound_01,Louis / DER AU050 (eobs 3264),46.072567,5.1616254,46.095245,5.131583,45.401478,4.2945485,100.84213027190432,3.4246023,0,-0.67108995,-0.86707705
2023-09-17,Moenchsambach_2_12181_ABR26__2023__southbound_01,Moenchsambach 2 12181 ABR26,41.727615,0.4086908,41.743755,0.4530686,41.715767,0.39314958,5.86597361221844,4.096213,0,-0.011848584,-0.015541218
2023-09-17,Moenchsambach_4_12183_ABR27__2023__southbound_01,Moenchsambach 4 12183 ABR27,40.32103,-3.5989628,40.333523,-3.5996246,39.941544,-4.160321,64.58773864320821,1.3902488,0,-0.37948465,-0.5613586
2023-09-17,Rosalie_DER_A2M38_e-obs_6993__2023__southbound_01,Rosalie / DER A2M38 (e-obs 6993),49.23249,10.502152,49.252327,10.439322,49.1938,10.460549,6.687795085833188,5.0663805,0,-0.038686797,-0.041602984
2023-09-17,Steppach_1_12177_AEH95__2023__southbound_01,Steppach 1 12177 AEH95,40.321495,-3.5867372,40.32135,-3.5870047,40.32477,-3.5764873,0.9694095919025004,0.027929358,0,0.0032782853,0.0102498755
2023-09-17,Steppach_2_12178_AEH96__2023__southbound_01,Steppach 2 12178 AEH96,34.283188,-6.5720973,34.273052,-6.5531063,34.266716,-6.5650287,1.3025531290484504,2.077362,0,-0.016471572,0.0070688277
2023-09-17,Steppach_3_12179_AEH97__2023__southbound_01,Steppach 3 12179 AEH97,40.751137,-3.0270178,40.42769,-3.5076923,40.27976,-3.7710862,27.72588310546512,54.23058,1,-0.4713794,-0.74406826
2023-09-17,Steppach_5_12185__2023__southbound_01,Steppach 5 12185,35.667763,-5.6694484,34.32387,-6.273752,35.463245,-5.8397717,132.7311644587623,159.24873,1,-0.2045182,-0.1703232
2023-09-17,Steppach_6_12186__2023__southbound_01,Steppach 6 12186,33.870304,-6.814023,33.870102,-6.8143725,33.792465,-6.8901258,11.112406565089147,0.039180253,0,-0.077838,-0.0761029
2023-09-17,Wingersdorf_1_12174_A1X36__2023__southbound_01,Wingersdorf 1 12174 A1X36,38.85653,-3.6592665,38.85645,-3.659372,38.844395,-3.6499364,1.5698128940695886,0.012525452,0,-0.012136422,0.009330012
2023-09-17,Wingersdorf_3_12176_AEH99__2023__southbound_01,Wingersdorf 3 12176 AEH99,41.56113,-0.85620785,41.610332,-0.7982096,41.5543,-0.8580597,7.975095935937241,7.2936296,0,-0.0068337023,-0.0018518791
2023-09-18,Angela_DER_AY470_eobs_4001__2023__southbound_01,Angela / DER AY470 (eobs 4001),36.583847,-6.1236563,36.60852,-6.1237483,36.538128,-6.1315103,7.85794236783888,2.743373,0,-0.045720708,-0.0078538805
2023-09-18,Baunach_1_9698_ABR25__2023__southbound_01,Baunach 1 9698 ABR25,38.8565,-3.65934,38.83226,-3.7004688,38.785854,-3.7249713,5.579790967691306,4.466647,0,-0.070644,-0.0656313
2023-09-18,Baunach_2_plus_9704_ABR20__2023__southbound_01,Baunach 2 + 9704 ABR20,37.233555,-5.370645,37.233505,-5.3675127,37.198784,-5.397902,4.706131636421674,0.27735317,0,-0.03477092,-0.027257107
2023-09-18,Frensdorf_1_12171_ABR22__2023__southbound_01,Frensdorf 1 12171 ABR22,36.735275,-4.5210004,36.672478,-4.545806,36.694607,-4.5169992,3.5571511619149,7.324537,0,-0.040670093,0.0040009245
2023-09-18,Frensdorf_3_plus_12173_ABR24__2023__southbound_01,Frensdorf 3 + 12173 ABR24,37.515022,-4.754805,37.14434,-5.018034,37.510586,-4.7476816,47.22209797702051,47.33519,1,-0.0044361576,0.007123336
2023-09-18,Louis_DER_AU050_eobs_3264__2023__southbound_01,Louis / DER AU050 (eobs 3264),46.095245,5.131583,46.03966,5.0795336,46.06202,5.049313,3.408760763755607,7.370623,0,-0.033226237,-0.08227026
2023-09-18,Moenchsambach_2_12181_ABR26__2023__southbound_01,Moenchsambach 2 12181 ABR26,41.743755,0.4530686,41.74376,0.5488576,41.734898,0.45792073,7.609257906378051,7.947228,0,-0.008856736,0.0048521087
2023-09-18,Moenchsambach_4_12183_ABR27__2023__southbound_01,Moenchsambach 4 12183 ABR27,40.333523,-3.5996246,40.307697,-3.616988,40.334038,-3.6036677,3.13909172004576,3.226821,0,0.00051507354,-0.004043184
2023-09-18,Rosalie_DER_A2M38_e-obs_6993__2023__southbound_01,Rosalie / DER A2M38 (e-obs 6993),49.252327,10.439322,49.22904,10.541267,49.220413,10.398932,10.380876480431624,7.8408976,0,-0.031912655,-0.040390357
2023-09-18,Steppach_1_12177_AEH95__2023__southbound_01,Steppach 1 12177 AEH95,40.32135,-3.5870047,40.32199,-3.588586,40.30074,-3.6188803,3.4903001142314474,0.15181877,0,-0.020611256,-0.0318755
2023-09-18,Steppach_2_12178_AEH96__2023__southbound_01,Steppach 2 12178 AEH96,34.273052,-6.5531063,34.277443,-6.5610256,34.24214,-6.5307593,4.81093190006117,0.87640214,0,-0.030911058,0.022346966
2023-09-18,Steppach_3_12179_AEH97__2023__southbound_01,Steppach 3 12179 AEH97,40.42769,-3.5076923,40.427673,-3.5137846,40.064667,-4.0548677,61.14079360208126,0.5156827,0,-0.36302167,-0.5471752
2023-09-18,Steppach_5_12185__2023__southbound_01,Steppach 5 12185,34.32387,-6.273752,34.28532,-6.5525784,33.85958,-6.7381716,50.3318734490935,25.96733,1,-0.46429247,-0.46441928
2023-09-18,Steppach_6_12186__2023__southbound_01,Steppach 6 12186,33.870102,-6.8143725,33.877205,-6.8138256,33.807793,-6.864154,9.00982062595731,0.7912323,0,-0.062307358,-0.049781434
2023-09-18,Wingersdorf_1_12174_A1X36__2023__southbound_01,Wingersdorf 1 12174 A1X36,38.85645,-3.659372,38.856373,-3.6594431,38.80083,-3.7248673,8.3821894291642,0.010772593,0,-0.055619765,-0.06549518
2023-09-18,Wingersdorf_3_12176_AEH99__2023__southbound_01,Wingersdorf 3 12176 AEH99,41.610332,-0.7982096,41.55943,-0.8647587,41.61284,-0.79962885,8.038163424265864,7.9164453,0,0.0025045052,-0.0014192536
2023-09-19,Angela_DER_AY470_eobs_4001__2023__southbound_01,Angela / DER AY470 (eobs 4001),36.60852,-6.1237483,36.610138,-6.125458,36.593315,-6.1128097,2.1849441193086188,0.23587508,0,-0.015205711,0.010938697
2023-09-19,Baunach_1_9698_ABR25__2023__southbound_01,Baunach 1 9698 ABR25,38.83226,-3.7004688,37.50438,-5.198588,38.70665,-3.842268,178.75620279717683,197.3618,1,-0.12561058,-0.14179933
2023-09-19,Baunach_2_plus_9704_ABR20__2023__southbound_01,Baunach 2 + 9704 ABR20,37.233505,-5.3675127,37.233677,-5.367279,37.21657,-5.341153,2.994752311560012,0.028334336,0,-0.016935214,0.026359685
2023-09-19,Frensdorf_1_12171_ABR22__2023__southbound_01,Frensdorf 1 12171 ABR22,36.672478,-4.545806,36.227703,-5.4851665,36.59581,-4.5943823,89.60755907111793,97.49347,1,-0.076668546,-0.048576467
2023-09-19,Frensdorf_3_plus_12173_ABR24__2023__southbound_01,Frensdorf 3 + 12173 ABR24,37.14434,-5.018034,35.816193,-5.823908,37.02105,-5.1384473,147.34508790524623,164.32013,1,-0.123289466,-0.12041319
2023-09-19,Louis_DER_AU050_eobs_3264__2023__southbound_01,Louis / DER AU050 (eobs 3264),46.03966,5.0795336,43.734188,4.4630866,45.89662,4.840645,242.2884329321874,260.91437,1,-0.14303926,-0.2388889
2023-09-19,Moenchsambach_2_12181_ABR26__2023__southbound_01,Moenchsambach 2 12181 ABR26,41.74376,0.5488576,41.7233,0.4049467,41.73073,0.56441957,13.260012210890505,12.156304,1,-0.013029151,0.015561946
2023-09-19,Moenchsambach_4_12183_ABR27__2023__southbound_01,Moenchsambach 4 12183 ABR27,40.307697,-3.616988,40.028027,-3.6565135,40.18787,-3.7668734,20.099696686983055,31.278877,1,-0.11982595,-0.14988531
2023-09-19,Rosalie_DER_A2M38_e-obs_6993__2023__southbound_01,Rosalie / DER A2M38 (e-obs 6993),49.22904,10.541267,49.22814,10.545264,49.201153,10.494985,4.7269469967345366,0.30679545,0,-0.02788692,-0.04628291
2023-09-19,Steppach_1_12177_AEH95__2023__southbound_01,Steppach 1 12177 AEH95,40.32199,-3.588586,40.322117,-3.5891926,40.308727,-3.6152906,2.667000668355213,0.053330753,0,-0.0132646635,-0.026704572
2023-09-19,Steppach_2_12178_AEH96__2023__southbound_01,Steppach 2 12178 AEH96,34.277443,-6.5610256,34.2731,-6.5528116,34.24332,-6.5821457,4.270154843694905,0.8960276,0,-0.0341217,-0.021120109
2023-09-19,Steppach_3_12179_AEH97__2023__southbound_01,Steppach 3 12179 AEH97,40.427673,-3.5137846,40.265427,-3.6287835,40.3295,-3.6884663,8.739423946165333,20.504864,1,-0.09817609,-0.17468174
2023-09-19,Steppach_5_12185__2023__southbound_01,Steppach 5 12185,34.28532,-6.5525784,34.273808,-6.5526857,34.17553,-6.672485,15.515746048931039,1.2801158,0,-0.109791726,-0.119906545
2023-09-19,Steppach_6_12186__2023__southbound_01,Steppach 6 12186,33.877205,-6.8138256,33.87731,-6.813363,33.85651,-6.8148293,2.31698782234571,0.044378377,0,-0.020693675,-0.001003705
2023-09-19,Wingersdorf_1_12174_A1X36__2023__southbound_01,Wingersdorf 1 12174 A1X36,38.856373,-3.6594431,38.856422,-3.6596644,38.78532,-3.7429366,10.7028902496809,0.020033315,0,-0.07105417,-0.08349342
2023-09-19,Wingersdorf_3_12176_AEH99__2023__southbound_01,Wingersdorf 3 12176 AEH99,41.55943,-0.8647587,41.561447,-0.8561203,41.45125,-1.0020561,17.257760408202373,0.75285333,0,-0.10818187,-0.1372974
2023-09-20,Angela_DER_AY470_eobs_4001__2023__southbound_01,Angela / DER AY470 (eobs 4001),36.610138,-6.125458,36.608704,-6.1239758,36.579952,-6.141756,3.569393529236987,0.2072761,0,-0.03018561,-0.01629848
2023-09-20,Baunach_1_9698_ABR25__2023__southbound_01,Baunach 1 9698 ABR25,37.50438,-5.198588,37.221676,-5.884739,36.820145,-5.9576726,45.115364271274636,68.304306,1,-0.6842338,-0.7590848
2023-09-20,Baunach_2_plus_9704_ABR20__2023__southbound_01,Baunach 2 + 9704 ABR20,37.233677,-5.367279,37.27464,-5.3401055,37.22076,-5.3397136,5.991156185013197,5.150477,0,-0.012915477,0.027565502
2023-09-20,Frensdorf_1_12171_ABR22__2023__southbound_01,Frensdorf 1 12171 ABR22,36.227703,-5.4851665,35.63289,-5.693883,35.860325,-5.9192796,32.45521867210297,68.7581,1,-0.36737913,-0.43411294
2023-09-20,Frensdorf_3_plus_12173_ABR24__2023__southbound_01,Frensdorf 3 + 12173 ABR24,35.816193,-5.823908,35.00226,-5.973227,35.337875,-6.29073,47.176087191898574,91.511696,1,-0.47831827,-0.4668222
2023-09-20,Louis_DER_AU050_eobs_3264__2023__southbound_01,Louis / DER AU050 (eobs 3264),43.734188,4.4630866,43.471405,3.576817,42.67246,3.6101055,88.8800442700736,77.11294,1,-1.0617305,-0.852981
2023-09-20,Moenchsambach_2_12181_ABR26__2023__southbound_01,Moenchsambach 2 12181 ABR26,41.7233,0.4049467,41.728767,0.3911157,41.605038,0.23938942,18.65813576120778,1.298698,0,-0.118261516,-0.1655573
2023-09-20,Moenchsambach_4_12183_ABR27__2023__southbound_01,Moenchsambach 4 12183 ABR27,40.028027,-3.6565135,39.85532,-4.1663547,39.74574,-3.9958117,18.993001467879935,47.51893,1,-0.2822885,-0.33929822
2023-09-20,Rosalie_DER_A2M38_e-obs_6993__2023__southbound_01,Rosalie / DER A2M38 (e-obs 6993),49.22814,10.545264,49.14138,10.701928,49.19969,10.50734,15.561747070467781,14.924064,1,-0.028449647,-0.03792361
2023-09-20,Steppach_1_12177_AEH95__2023__southbound_01,Steppach 1 12177 AEH95,40.322117,-3.5891926,40.338837,-3.5947356,40.246155,-3.7139242,14.436021891833306,1.9174643,0,-0.07596314,-0.124731526
2023-09-20,Steppach_2_12178_AEH96__2023__southbound_01,Steppach 2 12178 AEH96,34.2731,-6.5528116,34.282738,-6.572193,34.235237,-6.526896,6.725163918422093,2.078307,0,-0.03786288,0.025915511
2023-09-20,Steppach_3_12179_AEH97__2023__southbound_01,Steppach 3 12179 AEH97,40.265427,-3.6287835,40.26445,-3.6315782,39.911263,-4.147974,58.92519960368676,0.26077452,0,-0.3541639,-0.51919067
2023-09-20,Steppach_5_12185__2023__southbound_01,Steppach 5 12185,34.273808,-6.5526857,34.274136,-6.5522776,34.21241,-6.560849,6.90866052976896,0.052502718,0,-0.061396956,-0.008163318
2023-09-20,Steppach_6_12186__2023__southbound_01,Steppach 6 12186,33.87731,-6.813363,33.226223,-7.4370193,33.85166,-6.7875547,91.97722355784128,92.63599,1,-0.025650367,0.025808282
2023-09-20,Wingersdorf_1_12174_A1X36__2023__southbound_01,Wingersdorf 1 12174 A1X36,38.856422,-3.6596644,38.856396,-3.659401,38.77391,-3.7800546,13.90679936714845,0.02300593,0,-0.08251226,-0.120390125
2023-09-20,Wingersdorf_3_12176_AEH99__2023__southbound_01,Wingersdorf 3 12176 AEH99,41.561447,-0.8561203,41.56821,-0.850595,41.55928,-0.8458721,1.0679128352066856,0.88167644,0,-0.0021649525,0.010248162
2023-09-21,Angela_DER_AY470_eobs_4001__2023__southbound_01,Angela / DER AY470 (eobs 4001),36.608704,-6.1239758,36.58682,-6.1266265,36.57102,-6.1142626,2.0750135170848756,2.4448695,0,-0.03768408,0.009713069
2023-09-21,Baunach_1_9698_ABR25__2023__southbound_01,Baunach 1 9698 ABR25,37.221676,-5.884739,37.221577,-5.876639,36.951057,-6.1959043,41.31397825694378,0.71731126,0,-0.27061835,-0.31116548
2023-09-21,Baunach_2_plus_9704_ABR20__2023__southbound_01,Baunach 2 + 9704 ABR20,37.27464,-5.3401055,37.26461,-5.3481035,37.26517,-5.3194513,2.5363139031475344,1.3207102,0,-0.009469487,0.020654045
2023-09-21,Frensdorf_1_12171_ABR22__2023__southbound_01,Frensdorf 1 12171 ABR22,35.63289,-5.693883,34.282818,-6.5523334,35.350403,-5.939261,131.2409326149058,169.2811,1,-0.28248653,-0.24537814
2023-09-21,Frensdorf_3_plus_12173_ABR24__2023__southbound_01,Frensdorf 3 + 12173 ABR24,35.00226,-5.973227,35.00214,-5.9736066,34.773937,-6.144722,29.79067126575966,0.03705263,0,-0.2283192,-0.17149475
2023-09-21,Louis_DER_AU050_eobs_3264__2023__southbound_01,Louis / DER AU050 (eobs 3264),43.471405,3.576817,42.773163,2.9754596,43.063515,2.8953533,32.938081858489745,91.706856,1,-0.407892,-0.6814638
2023-09-21,Moenchsambach_2_12181_ABR26__2023__southbound_01,Moenchsambach 2 12181 ABR26,41.728767,0.3911157,41.793175,0.3847925,41.709667,0.35815802,9.54487971142414,7.1809645,0,-0.019101165,-0.032957666
2023-09-21,Moenchsambach_4_12183_ABR27__2023__southbound_01,Moenchsambach 4 12183 ABR27,39.85532,-4.1663547,39.85513,-4.1670413,39.533775,-4.586257,50.62966099054247,0.062232714,0,-0.32154453,-0.4199022
2023-09-21,Rosalie_DER_A2M38_e-obs_6993__2023__southbound_01,Rosalie / DER A2M38 (e-obs 6993),49.14138,10.701928,49.203938,10.701859,49.095974,10.649629,12.59170991760683,6.956249,0,-0.045407716,-0.052299865
2023-09-21,Steppach_1_12177_AEH95__2023__southbound_01,Steppach 1 12177 AEH95,40.338837,-3.5947356,40.338837,-3.5947359,40.34056,-3.5907412,0.3890887600450865,6.7253255e-05,0,0.0017248839,0.0039943457
2023-09-21,Steppach_2_12178_AEH96__2023__southbound_01,Steppach 2 12178 AEH96,34.282738,-6.572193,34.273327,-6.552525,34.24689,-6.5811076,3.9421924566517306,2.0881479,0,-0.03584773,-0.00891459
2023-09-21,Steppach_3_12179_AEH97__2023__southbound_01,Steppach 3 12179 AEH97,40.26445,-3.6315782,40.263958,-3.6309893,40.135777,-3.8315344,22.209329436430114,0.074229494,0,-0.12867203,-0.19995607
2023-09-21,Steppach_5_12185__2023__southbound_01,Steppach 5 12185,34.274136,-6.5522776,34.27405,-6.5519886,34.25445,-6.521175,3.573278107316305,0.028269015,0,-0.0196824,0.031102799
2023-09-21,Steppach_6_12186__2023__southbound_01,Steppach 6 12186,33.226223,-7.4370193,31.549314,-7.7508135,32.86702,-7.827386,146.69931637926888,188.77733,1,-0.35920304,-0.39036646
2023-09-21,Wingersdorf_1_12174_A1X36__2023__southbound_01,Wingersdorf 1 12174 A1X36,38.856396,-3.659401,38.85662,-3.6596909,38.836075,-3.6367233,3.029146394654247,0.035401914,0,-0.0203216,0.022677697
2023-09-21,Wingersdorf_3_12176_AEH99__2023__southbound_01,Wingersdorf 3 12176 AEH99,41.56821,-0.850595,41.581413,-0.8418775,41.57531,-0.8425474,0.6809645139913133,1.6374352,0,0.0071008727,0.008047596
2023-09-22,Angela_DER_AY470_eobs_4001__2023__southbound_01,Angela / DER AY470 (eobs 4001),36.58682,-6.1266265,36.581722,-6.127202,36.542393,-6.1341014,4.416449222949392,0.5687394,0,-0.04442665,-0.0074746907
2023-09-22,Baunach_1_9698_ABR25__2023__southbound_01,Baunach 1 9698 ABR25,37.221577,-5.876639,37.19607,-5.8813195,37.202644,-5.8489933,2.954971953216744,2.8659976,0,-0.018933073,0.027645417
2023-09-22,Baunach_2_plus_9704_ABR20__2023__southbound_01,Baunach 2 + 9704 ABR20,37.26461,-5.3481035,37.275234,-5.3411903,37.22707,-5.363651,5.712700475295284,1.3303058,0,-0.03754172,-0.015547283
2023-09-22,Europa_DER_A1A26_eobs_4004__2023__southbound_01,Europa / DER A1A26 (eobs 4004),40.23538,-3.6286514,40.235252,-3.6296172,40.214584,-3.6179976,2.500962058127995,0.08317619,0,-0.020792618,0.010653682
2023-09-22,Frensdorf_1_12171_ABR22__2023__southbound_01,Frensdorf 1 12171 ABR22,34.282818,-6.5523334,34.272717,-6.571651,33.729813,-7.1364765,79.72017246878963,2.1005137,0,-0.55300444,-0.5841434
2023-09-22,Frensdorf_3_plus_12173_ABR24__2023__southbound_01,Frensdorf 3 + 12173 ABR24,35.00214,-5.9736066,35.00208,-5.973812,34.979088,-5.9738636,2.556510455836806,0.019823046,0,-0.02305349,-0.00025697052
2023-09-22,Louis_DER_AU050_eobs_3264__2023__southbound_01,Louis / DER AU050 (eobs 3264),42.773163,2.9754596,41.927773,2.2787344,42.160557,2.0698426,31.10550671310631,110.06592,1,-0.6126079,-0.90561694
2023-09-22,Moenchsambach_2_12181_ABR26__2023__southbound_01,Moenchsambach 2 12181 ABR26,41.793175,0.3847925,41.799763,0.3856973,41.795414,0.3828723,0.5372815325517879,0.7364384,0,0.0022390187,-0.0019201934
2023-09-22,Moenchsambach_4_12183_ABR27__2023__southbound_01,Moenchsambach 4 12183 ABR27,39.85513,-4.1670413,39.854984,-4.1664186,39.828056,-4.187298,3.484726151906286,0.055527937,0,-0.027073398,-0.020256445
2023-09-22,Rosalie_DER_A2M38_e-obs_6993__2023__southbound_01,Rosalie / DER A2M38 (e-obs 6993),49.203938,10.701859,49.204666,10.680466,49.193554,10.664436,1.698004124646003,1.5563909,0,-0.010382459,-0.03742323
2023-09-22,Steppach_1_12177_AEH95__2023__southbound_01,Steppach 1 12177 AEH95,40.338837,-3.5947359,40.338825,-3.594752,40.32188,-3.5958657,1.8865512118731325,0.001802342,0,-0.016955145,-0.0011299029
2023-09-22,Steppach_2_12178_AEH96__2023__southbound_01,Steppach 2 12178 AEH96,34.273327,-6.552525,34.28161,-6.572299,34.236958,-6.5231705,6.710927439976745,2.036815,0,-0.036368605,0.02935458
2023-09-22,Steppach_3_12179_AEH97__2023__southbound_01,Steppach 3 12179 AEH97,40.263958,-3.6309893,40.263985,-3.631083,40.244434,-3.6248553,2.2372199082773374,0.008559621,0,-0.019525059,0.006134063
2023-09-22,Steppach_5_12185__2023__southbound_01,Steppach 5 12185,34.27405,-6.5519886,34.27439,-6.5520396,34.243515,-6.5205073,4.492802192270414,0.03815849,0,-0.030537568,0.03148123
2023-09-22,Wingersdorf_1_12174_A1X36__2023__southbound_01,Wingersdorf 1 12174 A1X36,38.85662,-3.6596909,38.856594,-3.6599565,38.84588,-3.667263,1.3490852113326932,0.023191914,0,-0.010741375,-0.0075722635
2023-09-22,Wingersdorf_3_12176_AEH99__2023__southbound_01,Wingersdorf 3 12176 AEH99,41.581413,-0.8418775,41.57901,-0.8436823,41.584305,-0.83903223,0.7044312889284942,0.30682287,0,0.0028905347,0.0028452724
2023-09-23,Angela_DER_AY470_eobs_4001__2023__southbound_01,Angela / DER AY470 (eobs 4001),36.581722,-6.127202,36.608486,-6.124026,36.531822,-6.13917,8.631273619536673,2.9891481,0,-0.04990149,-0.011967957
2023-09-23,Baunach_1_9698_ABR25__2023__southbound_01,Baunach 1 9698 ABR25,37.19607,-5.8813195,37.192657,-5.9293265,37.12582,-5.9093833,7.639226618510366,4.2691975,0,-0.07025324,-0.028063722
2023-09-23,Baunach_2_plus_9704_ABR20__2023__southbound_01,Baunach 2 + 9704 ABR20,37.275234,-5.3411903,37.223137,-5.639963,37.263695,-5.325279,28.218277790052635,27.072098,1,-0.011538826,0.015911184
2023-09-23,Europa_DER_A1A26_eobs_4004__2023__southbound_01,Europa / DER A1A26 (eobs 4004),40.235252,-3.6296172,40.231674,-3.6363688,40.164158,-3.7130258,9.937386688525768,0.69790506,0,-0.07109451,-0.08340858
2023-09-23,Frensdorf_1_12171_ABR22__2023__southbound_01,Frensdorf 1 12171 ABR22,34.272717,-6.571651,33.751034,-7.0254197,34.218452,-6.6035533,64.91760919464845,71.51394,1,-0.054264948,-0.031902276
2023-09-23,Frensdorf_3_plus_12173_ABR24__2023__southbound_01,Frensdorf 3 + 12173 ABR24,35.00208,-5.973812,35.00221,-5.9740777,34.982494,-5.966792,2.290401682411594,0.02819179,0,-0.019586332,0.0070198774
2023-09-23,Louis_DER_AU050_eobs_3264__2023__southbound_01,Louis / DER AU050 (eobs 3264),41.927773,2.2787344,41.66765,0.9516398,41.207504,1.2888876,58.38036277790767,113.74873,1,-0.72026974,-0.9898468
2023-09-23,Moenchsambach_2_12181_ABR26__2023__southbound_01,Moenchsambach 2 12181 ABR26,41.799763,0.3856973,41.797543,0.3826,41.796654,0.39373136,0.9280331185923175,0.356155,0,-0.0031100065,0.008034036
2023-09-23,Moenchsambach_4_12183_ABR27__2023__southbound_01,Moenchsambach 4 12183 ABR27,39.854984,-4.1664186,39.861885,-4.2410374,39.83174,-4.1338906,9.742013146715033,6.415268,0,-0.02324193,0.032527946
2023-09-23,Rosalie_DER_A2M38_e-obs_6993__2023__southbound_01,Rosalie / DER A2M38 (e-obs 6993),49.204666,10.680466,49.074963,10.4708,49.17644,10.60866,15.098271225960433,20.99131,1,-0.02822619,-0.07180557
2023-09-23,Steppach_1_12177_AEH95__2023__southbound_01,Steppach 1 12177 AEH95,40.338825,-3.594752,40.33882,-3.5947256,40.256943,-3.6885405,12.09104257985907,0.002247516,0,-0.08188233,-0.09378837
2023-09-23,Steppach_2_12178_AEH96__2023__southbound_01,Steppach 2 12178 AEH96,34.28161,-6.572299,34.2734,-6.551759,34.25543,-6.5733,2.8127990989379508,2.0964382,0,-0.026179187,-0.0010007694
2023-09-23,Steppach_3_12179_AEH97__2023__southbound_01,Steppach 3 12179 AEH97,40.263985,-3.631083,40.264545,-3.6309938,40.1835,-3.7471461,13.359008451887084,0.06264423,0,-0.08048817,-0.11606324
2023-09-23,Steppach_5_12185__2023__southbound_01,Steppach 5 12185,34.27439,-6.5520396,34.282284,-6.5723643,34.260597,-6.53322,4.330492687010215,2.0633943,0,-0.013794035,0.018819772
2023-09-23,Wingersdorf_1_12174_A1X36__2023__southbound_01,Wingersdorf 1 12174 A1X36,38.856594,-3.6599565,38.856487,-3.6600888,38.78609,-3.7487264,10.965357996127334,0.01668338,0,-0.070504695,-0.08876999
2023-09-23,Wingersdorf_3_12176_AEH99__2023__southbound_01,Wingersdorf 3 12176 AEH99,41.57901,-0.8436823,41.57384,-0.8499372,41.529713,-0.8867283,5.783614246850847,0.7752334,0,-0.049295574,-0.043046013
2023-09-24,Angela_DER_AY470_eobs_4001__2023__southbound_01,Angela / DER AY470 (eobs 4001),36.608486,-6.124026,36.58293,-6.126055,36.587772,-6.1261945,0.5384233236216359,2.8470464,0,-0.020712271,-0.0021688417
2023-09-24,Baunach_1_9698_ABR25__2023__southbound_01,Baunach 1 9698 ABR25,37.192657,-5.9293265,37.187794,-6.1927958,37.12269,-5.999099,18.630045300487357,23.344822,1,-0.06997066,-0.06977221
2023-09-24,Baunach_2_plus_9704_ABR20__2023__southbound_01,Baunach 2 + 9704 ABR20,37.223137,-5.639963,36.608353,-6.1245136,37.1023,-5.7635007,63.62695531454549,80.80169,1,-0.120839596,-0.12353755
2023-09-24,Europa_DER_A1A26_eobs_4004__2023__southbound_01,Europa / DER A1A26 (eobs 4004),40.231674,-3.6363688,40.319313,-3.6131296,40.12211,-3.7772949,25.98311296502125,9.942696,0,-0.1095667,-0.14092618
2023-09-24,Frensdorf_1_12171_ABR22__2023__southbound_01,Frensdorf 1 12171 ABR22,33.751034,-7.0254197,31.437916,-8.110369,33.464867,-7.348079,236.46177849412686,276.556,1,-0.28616863,-0.32265934
2023-09-24,Frensdorf_3_plus_12173_ABR24__2023__southbound_01,Frensdorf 3 + 12173 ABR24,35.00221,-5.9740777,35.0021,-5.973921,34.987476,-5.9695683,1.6739218328397667,0.01865616,0,-0.014733985,0.004509479
2023-09-24,Louis_DER_AU050_eobs_3264__2023__southbound_01,Louis / DER AU050 (eobs 3264),41.66765,0.9516398,41.675026,0.9425638,40.954006,-0.082276344,117.27566562459626,1.1140404,0,-0.7136425,-1.0339161
2023-09-24,Moenchsambach_2_12181_ABR26__2023__southbound_01,Moenchsambach 2 12181 ABR26,41.797543,0.3826,41.75763,0.1439067,41.709206,0.28383362,12.798786840847923,20.284464,1,-0.08833651,-0.098766394
2023-09-24,Moenchsambach_4_12183_ABR27__2023__southbound_01,Moenchsambach 4 12183 ABR27,39.861885,-4.2410374,39.681404,-4.2684097,39.743675,-4.395909,12.918437342489431,20.204638,1,-0.118208185,-0.15487154
2023-09-24,Rosalie_DER_A2M38_e-obs_6993__2023__southbound_01,Rosalie / DER A2M38 (e-obs 6993),49.074963,10.4708,47.997864,9.296064,48.62109,9.751476,77.0505047368871,147.72998,1,-0.4538741,-0.7193245
2023-09-24,Steppach_1_12177_AEH95__2023__southbound_01,Steppach 1 12177 AEH95,40.33882,-3.5947256,40.215237,-3.5799737,40.32076,-3.56927,11.768637644221322,13.798855,1,-0.01806081,0.025455676
2023-09-24,Steppach_2_12178_AEH96__2023__southbound_01,Steppach 2 12178 AEH96,34.2734,-6.551759,34.28183,-6.572551,34.235493,-6.5246625,6.776239985336135,2.12798,0,-0.037907008,0.027096443
2023-09-24,Steppach_3_12179_AEH97__2023__southbound_01,Steppach 3 12179 AEH97,40.264545,-3.6309938,40.25729,-3.6311896,40.244522,-3.642138,1.696738315916954,0.8070751,0,-0.020024925,-0.011144057
2023-09-24,Steppach_5_12185__2023__southbound_01,Steppach 5 12185,34.282284,-6.5723643,34.27371,-6.5525713,34.24697,-6.5853653,4.233448501789736,2.0534372,0,-0.035312027,-0.013001144
2023-09-24,Wingersdorf_1_12174_A1X36__2023__southbound_01,Wingersdorf 1 12174 A1X36,38.856487,-3.6600888,38.856598,-3.6603062,38.713238,-3.8407314,22.331185634643724,0.022480896,0,-0.14324795,-0.18064253
2023-09-24,Wingersdorf_3_12176_AEH99__2023__southbound_01,Wingersdorf 3 12176 AEH99,41.57384,-0.8499372,41.6572,-0.8417295,41.512684,-0.913254,17.13520925481483,9.294356,0,-0.06115597,-0.0633168
2023-09-25,Angela_DER_AY470_eobs_4001__2023__southbound_01,Angela / DER AY470 (eobs 4001),36.58293,-6.126055,36.582226,-6.1263785,36.52619,-6.147814,6.518257504348534,0.08375912,0,-0.056738496,-0.021758795
2023-09-25,Baunach_1_9698_ABR25__2023__southbound_01,Baunach 1 9698 ABR25,37.187794,-6.1927958,36.919525,-6.1285777,37.076653,-6.3236647,24.605256461009116,30.36974,1,-0.11114035,-0.13086867
2023-09-25,Baunach_2_plus_9704_ABR20__2023__southbound_01,Baunach 2 + 9704 ABR20,36.608353,-6.1245136,36.61083,-6.119091,36.393543,-6.314165,29.79556250222188,0.55693096,0,-0.21481076,-0.18965164
2023-09-25,Europa_DER_A1A26_eobs_4004__2023__southbound_01,Europa / DER A1A26 (eobs 4004),40.319313,-3.6131296,40.232765,-3.634794,40.303837,-3.61071,8.162720250002371,9.797518,0,-0.015477255,0.0024196878
2023-09-25,Frensdorf_1_12171_ABR22__2023__southbound_01,Frensdorf 1 12171 ABR22,31.437916,-8.110369,30.179558,-8.910318,30.74329,-8.817346,63.31446439950875,159.41971,1,-0.69462615,-0.7069769
2023-09-25,Frensdorf_3_plus_12173_ABR24__2023__southbound_01,Frensdorf 3 + 12173 ABR24,35.0021,-5.973921,35.002087,-5.974004,34.980244,-5.941092,3.8584849455383288,0.0076896814,0,-0.02185651,0.032828696
2023-09-25,Louis_DER_AU050_eobs_3264__2023__southbound_01,Louis / DER AU050 (eobs 3264),41.675026,0.9425638,41.65914,0.9395932,41.60488,0.77404964,15.023153877748102,1.7834089,0,-0.070144415,-0.16851412
2023-09-25,Moenchsambach_2_12181_ABR26__2023__southbound_01,Moenchsambach 2 12181 ABR26,41.75763,0.1439067,41.465233,-0.754985,41.578674,-0.108431,55.28501511372028,81.49668,1,-0.17895468,-0.2523377
2023-09-25,Moenchsambach_4_12183_ABR27__2023__southbound_01,Moenchsambach 4 12183 ABR27,39.681404,-4.2684097,38.10393,-5.013711,39.501446,-4.4442005,163.0438818063071,186.8888,1,-0.17995986,-0.17579064
2023-09-25,Rosalie_DER_A2M38_e-obs_6993__2023__southbound_01,Rosalie / DER A2M38 (e-obs 6993),47.997864,9.296064,46.42587,6.2473097,46.993607,8.066764,152.40954832566308,289.07297,1,-1.0042579,-1.2293003
2023-09-25,Steppach_2_12178_AEH96__2023__southbound_01,Steppach 2 12178 AEH96,34.28183,-6.572551,34.273487,-6.552511,34.24663,-6.5785213,3.825077998357787,2.0617383,0,-0.035196327,-0.0059705228
2023-09-25,Steppach_3_12179_AEH97__2023__southbound_01,Steppach 3 12179 AEH97,40.25729,-3.6311896,40.26391,-3.6306689,40.165756,-3.7115211,12.89374476485133,0.7373813,0,-0.091532536,-0.08033157
2023-09-25,Steppach_5_12185__2023__southbound_01,Steppach 5 12185,34.27371,-6.5525713,34.282917,-6.5712285,34.23705,-6.52201,6.817112081487679,1.9969565,0,-0.03665859,0.030561306
2023-09-25,Wingersdorf_1_12174_A1X36__2023__southbound_01,Wingersdorf 1 12174 A1X36,38.856598,-3.6603062,38.856346,-3.659729,38.79111,-3.746764,10.462633602516252,0.05715154,0,-0.06548731,-0.08645783
2023-09-25,Wingersdorf_3_12176_AEH99__2023__southbound_01,Wingersdorf 3 12176 AEH99,41.6572,-0.8417295,41.70874,-0.8507518,41.649624,-0.85762995,6.598221485999481,5.779803,0,-0.0075771213,-0.015900426
2023-09-26,Angela_DER_AY470_eobs_4001__2023__southbound_01,Angela / DER AY470 (eobs 4001),36.582226,-6.1263785,36.581684,-6.1270156,36.52019,-6.1620827,7.521053167137814,0.08297333,0,-0.06203272,-0.035703905
2023-09-26,Baunach_1_9698_ABR25__2023__southbound_01,Baunach 1 9698 ABR25,36.919525,-6.1285777,36.50989,-6.0427866,36.807167,-6.1813707,35.29146444541689,46.186695,1,-0.1123591,-0.052792802
2023-09-26,Baunach_2_plus_9704_ABR20__2023__southbound_01,Baunach 2 + 9704 ABR20,36.61083,-6.119091,36.58192,-6.124448,36.58494,-6.099773,2.2286505029600825,3.24967,0,-0.025884889,0.01931829
2023-09-26,Bembo_Sparky_DER_AU891_eobs_3042__2023__southbound_01,Bembo Sparky / DER AU891 (eobs 3042),41.725395,1.3134737,41.561543,-0.8561193,41.054234,0.30479825,112.18068858302823,181.19666,1,-0.67116094,-1.0086755
2023-09-26,Europa_DER_A1A26_eobs_4004__2023__southbound_01,Europa / DER A1A26 (eobs 4004),40.232765,-3.634794,40.231285,-3.6331542,40.122475,-3.7345955,14.854858719035686,0.21587789,0,-0.11028862,-0.0998016
2023-09-26,Frensdorf_3_plus_12173_ABR24__2023__southbound_01,Frensdorf 3 + 12173 ABR24,35.002087,-5.974004,35.002163,-5.973858,34.97818,-5.9688888,2.704937825906475,0.015616953,0,-0.023907654,0.0051151663
2023-09-26,Louis_DER_AU050_eobs_3264__2023__southbound_01,Louis / DER AU050 (eobs 3264),41.65914,0.9395932,41.6088,0.6089633,41.497356,0.6926563,14.214747788148886,28.042213,1,-0.16178505,-0.24693692
2023-09-26,Moenchsambach_2_12181_ABR26__2023__southbound_01,Moenchsambach 2 12181 ABR26,41.465233,-0.754985,41.233334,-2.2448275,41.090565,-1.2685355,83.25583577487633,127.006096,1,-0.37466943,-0.5135505
2023-09-26,Moenchsambach_4_12183_ABR27__2023__southbound_01,Moenchsambach 4 12183 ABR27,38.10393,-5.013711,37.221836,-5.87516,37.5112,-5.631222,38.73016556986753,123.97643,1,-0.5927307,-0.6175106
2023-09-26,Rosalie_DER_A2M38_e-obs_6993__2023__southbound_01,Rosalie / DER A2M38 (e-obs 6993),46.42587,6.2473097,45.468994,4.9137335,45.466274,5.0589633,11.32941295197256,148.15729,1,-0.9595952,-1.1883463
2023-09-26,Steppach_2_12178_AEH96__2023__southbound_01,Steppach 2 12178 AEH96,34.273487,-6.552511,34.281143,-6.5724955,34.237164,-6.5232954,6.6603502546576205,2.024046,0,-0.036322143,0.02921582
2023-09-26,Steppach_3_12179_AEH97__2023__southbound_01,Steppach 3 12179 AEH97,40.26391,-3.6306689,40.265186,-3.6299827,40.246952,-3.6294568,2.028050398984704,0.15356919,0,-0.016954884,0.0012120828
2023-09-26,Steppach_5_12185__2023__southbound_01,Steppach 5 12185,34.282917,-6.5712285,34.27449,-6.5521965,34.25389,-6.56922,2.7738085831778947,1.9839442,0,-0.029024974,0.0020082667
2023-09-26,Wingersdorf_1_12174_A1X36__2023__southbound_01,Wingersdorf 1 12174 A1X36,38.856346,-3.659729,38.85639,-3.6600885,38.81243,-3.6549234,4.908629564653911,0.031523243,0,-0.043916095,0.0048055276
2023-09-26,Wingersdorf_3_12176_AEH99__2023__southbound_01,Wingersdorf 3 12176 AEH99,41.70874,-0.8507518,41.558987,-0.8646394,41.701557,-0.8631779,15.853603049127917,16.692009,1,-0.007183887,-0.012426063
2023-09-27,Angela_DER_AY470_eobs_4001__2023__southbound_01,Angela / DER AY470 (eobs 4001),36.581684,-6.1270156,36.573647,-6.1162515,36.523235,-6.165071,7.102092826169,1.3123995,0,-0.058447774,-0.038055427
2023-09-27,Baunach_1_9698_ABR25__2023__southbound_01,Baunach 1 9698 ABR25,36.50989,-6.0427866,36.509747,-6.015891,36.387115,-6.0947,15.3501846276722,2.4038103,0,-0.12277701,-0.051913314
2023-09-27,Baunach_2_plus_9704_ABR20__2023__southbound_01,Baunach 2 + 9704 ABR20,36.58192,-6.124448,36.57569,-6.119793,36.519547,-6.148511,6.7495483872026965,0.8078413,0,-0.062374014,-0.024063043
2023-09-27,Bembo_Sparky_DER_AU891_eobs_3042__2023__southbound_01,Bembo Sparky / DER AU891 (eobs 3042),41.561543,-0.8561193,41.588806,-0.9940699,41.00341,-1.737141,89.94777998290448,11.868923,1,-0.55813354,-0.88102174
2023-09-27,Europa_DER_A1A26_eobs_4004__2023__southbound_01,Europa / DER A1A26 (eobs 4004),40.231285,-3.6331542,40.23172,-3.6363668,40.17744,-3.6597939,6.3550472383979475,0.27705967,0,-0.05384561,-0.026639596
2023-09-27,Frensdorf_3_plus_12173_ABR24__2023__southbound_01,Frensdorf 3 + 12173 ABR24,35.002163,-5.973858,35.002068,-5.973863,34.993183,-5.9381223,3.4021639292855657,0.010585254,0,-0.008980855,0.035735555
2023-09-27,Louis_DER_AU050_eobs_3264__2023__southbound_01,Louis / DER AU050 (eobs 3264),41.6088,0.6089633,41.58569,0.6376085,41.35535,0.21631685,43.45217187468906,3.5039062,0,-0.25344753,-0.39264646
2023-09-27,Moenchsambach_2_12181_ABR26__2023__southbound_01,Moenchsambach 2 12181 ABR26,41.233334,-2.2448275,40.291603,-3.6276674,40.701576,-3.0228906,68.50750902172668,156.61517,1,-0.5317559,-0.77806306
2023-09-27,Moenchsambach_4_12183_ABR27__2023__southbound_01,Moenchsambach 4 12183 ABR27,37.221836,-5.87516,37.221584,-5.8768206,36.8358,-6.282129,55.98830866536084,0.14966165,0,-0.38603675,-0.40696865
2023-09-27,Rosalie_DER_A2M38_e-obs_6993__2023__southbound_01,Rosalie / DER A2M38 (e-obs 6993),45.468994,4.9137335,44.364258,4.655923,44.67785,3.8352416,73.81894889792196,124.50745,1,-0.79114723,-1.0784919
2023-09-27,Steppach_2_12178_AEH96__2023__southbound_01,Steppach 2 12178 AEH96,34.281143,-6.5724955,34.281765,-6.57266,34.25017,-6.5760818,3.5270667814839674,0.070732266,0,-0.030971102,-0.0035861358
2023-09-27,Steppach_3_12179_AEH97__2023__southbound_01,Steppach 3 12179 AEH97,40.265186,-3.6299827,40.265785,-3.6304822,40.248608,-3.6176271,2.199618262625577,0.07892773,0,-0.016579658,0.012355469
2023-09-27,Steppach_5_12185__2023__southbound_01,Steppach 5 12185,34.27449,-6.5521965,34.282486,-6.5712667,34.242317,-6.5242896,6.211926232559209,1.9648445,0,-0.03217324,0.027906679
2023-09-27,Wingersdorf_1_12174_A1X36__2023__southbound_01,Wingersdorf 1 12174 A1X36,38.85639,-3.6600885,38.85633,-3.659914,38.792,-3.737635,9.823517736922327,0.016491486,0,-0.064394,-0.0775464
2023-09-27,Wingersdorf_3_12176_AEH99__2023__southbound_01,Wingersdorf 3 12176 AEH99,41.558987,-0.8646394,41.573692,-0.8506011,41.430023,-1.0005686,20.277678119216723,2.0095086,0,-0.12896448,-0.13592926
2023-09-28,Baunach_1_9698_ABR25__2023__southbound_01,Baunach 1 9698 ABR25,36.509747,-6.015891,37.12462,-6.0264397,36.478947,-5.994779,71.85084905298773,68.37697,1,-0.03080085,0.021112166
2023-09-28,Baunach_2_plus_9704_ABR20__2023__southbound_01,Baunach 2 + 9704 ABR20,36.57569,-6.119793,36.574898,-6.117064,36.529106,-6.1193833,5.09601651699759,0.25922617,0,-0.046586547,0.00040947646
2023-09-28,Bembo_Sparky_DER_AU891_eobs_3042__2023__southbound_01,Bembo Sparky / DER AU891 (eobs 3042),41.588806,-0.9940699,41.567593,-0.956527,41.413143,-1.3201021,34.81393885564084,3.913506,0,-0.17566144,-0.3260322
2023-09-28,Europa_DER_A1A26_eobs_4004__2023__southbound_01,Europa / DER A1A26 (eobs 4004),40.23172,-3.6363668,40.235786,-3.6370227,40.19292,-3.6790383,5.953755590590442,0.45550153,0,-0.038800225,-0.042671405
2023-09-28,Frensdorf_3_plus_12173_ABR24__2023__southbound_01,Frensdorf 3 + 12173 ABR24,35.002068,-5.973863,35.002056,-5.973785,34.97726,-5.949857,3.514700019942614,0.0072327,0,-0.02480723,0.024006002
2023-09-28,Moenchsambach_2_12181_ABR26__2023__southbound_01,Moenchsambach 2 12181 ABR26,40.291603,-3.6276674,40.257256,-3.631274,39.755905,-4.348801,82.71971859205324,3.8313663,0,-0.5356998,-0.72113365
2023-09-28,Moenchsambach_4_12183_ABR27__2023__southbound_01,Moenchsambach 4 12183 ABR27,37.221584,-5.8768206,37.187214,-5.926893,37.168736,-5.8996735,3.1681951052291963,5.8543544,0,-0.052848347,-0.022853099
2023-09-28,Rosalie_DER_A2M38_e-obs_6993__2023__southbound_01,Rosalie / DER A2M38 (e-obs 6993),44.364258,4.655923,43.73529,4.487549,43.64417,3.7130837,63.08891689281539,71.22077,1,-0.7200872,-0.9428391
2023-09-28,Steppach_2_12178_AEH96__2023__southbound_01,Steppach 2 12178 AEH96,34.281765,-6.57266,34.27701,-6.5515604,34.261406,-6.558586,1.8515075647884691,2.009461,0,-0.020357415,0.014073648
2023-09-28,Steppach_3_12179_AEH97__2023__southbound_01,Steppach 3 12179 AEH97,40.265785,-3.6304822,40.264687,-3.6315699,40.249622,-3.6437442,1.9680334217349698,0.153017,0,-0.016161531,-0.013262063
2023-09-28,Steppach_5_12185__2023__southbound_01,Steppach 5 12185,34.282486,-6.5712667,34.282482,-6.5720572,34.25363,-6.57023,3.2124310832620546,0.07264962,0,-0.028856106,0.001036413
2023-09-28,Wingersdorf_1_12174_A1X36__2023__southbound_01,Wingersdorf 1 12174 A1X36,38.85633,-3.659914,38.85643,-3.65948,38.831196,-3.640127,3.2684022853923778,0.039115712,0,-0.025136828,0.01978711
2023-09-28,Wingersdorf_3_12176_AEH99__2023__southbound_01,Wingersdorf 3 12176 AEH99,41.573692,-0.8506011,41.559135,-0.8644981,41.565147,-0.8515593,1.267189401394677,1.9892565,0,-0.008545399,-0.0009581968
2023-09-29,Baunach_1_9698_ABR25__2023__southbound_01,Baunach 1 9698 ABR25,37.12462,-6.0264397,37.172867,-5.957836,37.10299,-6.052143,11.41303456781274,8.108941,0,-0.021630287,-0.025703527
2023-09-29,Baunach_2_plus_9704_ABR20__2023__southbound_01,Baunach 2 + 9704 ABR20,36.574898,-6.117064,36.58191,-6.1270804,36.538,-6.099137,5.4835792121182125,1.1864588,0,-0.03690132,0.017927043
2023-09-29,Bembo_Sparky_DER_AU891_eobs_3042__2023__southbound_01,Bembo Sparky / DER AU891 (eobs 3042),41.567593,-0.956527,40.828133,-2.1023686,41.51103,-1.0060648,119.10662971803183,126.298515,1,-0.056563415,-0.049537726
2023-09-29,Europa_DER_A1A26_eobs_4004__2023__southbound_01,Europa / DER A1A26 (eobs 4004),40.235786,-3.6370227,40.231537,-3.6364124,40.216103,-3.6484175,1.9960557533388907,0.47555402,0,-0.019685417,-0.011394784
2023-09-29,Frensdorf_3_plus_12173_ABR24__2023__southbound_01,Frensdorf 3 + 12173 ABR24,35.002056,-5.973785,35.002026,-5.9737387,34.984283,-5.9360256,3.9615798378884177,0.005182215,0,-0.017772801,0.037759446
2023-09-29,Moenchsambach_4_12183_ABR27__2023__southbound_01,Moenchsambach 4 12183 ABR27,37.187214,-5.926893,37.173485,-6.2240934,37.11125,-5.970997,23.476941024508125,26.374146,1,-0.075960964,-0.044103764
2023-09-29,Rosalie_DER_A2M38_e-obs_6993__2023__southbound_01,Rosalie / DER A2M38 (e-obs 6993),43.73529,4.487549,43.731968,4.489383,43.333416,3.9173956,63.954116123125246,0.39748195,0,-0.40187544,-0.5701531
2023-09-29,Steppach_2_12178_AEH96__2023__southbound_01,Steppach 2 12178 AEH96,34.27701,-6.5515604,34.283913,-6.561978,34.24394,-6.523353,5.688280889389598,1.2269152,0,-0.033073217,0.028207354
2023-09-29,Steppach_3_12179_AEH97__2023__southbound_01,Steppach 3 12179 AEH97,40.264687,-3.6315699,40.26476,-3.6303823,40.196888,-3.6972578,9.44385869978877,0.101092264,0,-0.06779961,-0.065687984
2023-09-29,Steppach_5_12185__2023__southbound_01,Steppach 5 12185,34.282482,-6.5720572,34.283226,-6.56677,34.243595,-6.586082,4.750703941510434,0.4927784,0,-0.038885236,-0.014024638
2023-09-29,Wingersdorf_1_12174_A1X36__2023__southbound_01,Wingersdorf 1 12174 A1X36,38.85643,-3.65948,38.857613,-3.6596892,38.839222,-3.6409876,2.6085929254157993,0.13262977,0,-0.017208911,0.018492468
2023-09-29,Wingersdorf_3_12176_AEH99__2023__southbound_01,Wingersdorf 3 12176 AEH99,41.559135,-0.8644981,41.582226,-0.8396095,41.469887,-0.9809575,17.160856316852147,3.2983358,0,-0.08924985,-0.11645945
2023-09-30,Baunach_1_9698_ABR25__2023__southbound_01,Baunach 1 9698 ABR25,37.172867,-5.957836,37.185886,-5.9298525,37.149403,-5.93546,4.08713081808107,2.8710694,0,-0.023463406,0.022376038
2023-09-30,Baunach_2_plus_9704_ABR20__2023__southbound_01,Baunach 2 + 9704 ABR20,36.58191,-6.1270804,36.58167,-6.126944,36.551815,-6.1348844,3.3944950295551655,0.029212229,0,-0.030095331,-0.0078039393
2023-09-30,Bembo_Sparky_DER_AU891_eobs_3042__2023__southbound_01,Bembo Sparky / DER AU891 (eobs 3042),40.828133,-2.1023686,40.32128,-3.588986,40.165363,-3.0648909,47.742245693084655,137.62491,1,-0.66277,-0.9625224
2023-09-30,Europa_DER_A1A26_eobs_4004__2023__southbound_01,Europa / DER A1A26 (eobs 4004),40.231537,-3.6364124,40.231194,-3.633216,40.16552,-3.674016,8.083070042852494,0.27405384,0,-0.0660176,-0.037603714
2023-09-30,Moenchsambach_4_12183_ABR27__2023__southbound_01,Moenchsambach 4 12183 ABR27,37.173485,-6.2240934,37.192806,-5.886822,37.07925,-6.311674,39.721422691679265,29.955975,1,-0.09423368,-0.08758054
2023-09-30,Rosalie_DER_A2M38_e-obs_6993__2023__southbound_01,Rosalie / DER A2M38 (e-obs 6993),43.731968,4.489383,43.649147,4.4883175,43.695812,4.46417,5.540480064198407,9.209725,0,-0.036155388,-0.025213473
2023-09-30,Steppach_2_12178_AEH96__2023__southbound_01,Steppach 2 12178 AEH96,34.283913,-6.561978,34.282715,-6.5632687,34.252113,-6.5671625,3.421498289353737,0.17847566,0,-0.031797506,-0.005184777
2023-09-30,Steppach_3_12179_AEH97__2023__southbound_01,Steppach 3 12179 AEH97,40.26476,-3.6303823,40.319996,-3.589864,40.231094,-3.5908463,9.885762860058774,7.0380445,0,-0.033664696,0.039536007
2023-09-30,Steppach_5_12185__2023__southbound_01,Steppach 5 12185,34.283226,-6.56677,34.273865,-6.5525537,34.255924,-6.538605,2.371214655628799,1.6702496,0,-0.027300969,0.028164871
2023-09-30,Wingersdorf_1_12174_A1X36__2023__southbound_01,Wingersdorf 1 12174 A1X36,38.857613,-3.6596892,38.856403,-3.6594923,38.82956,-3.667451,3.0634718504860965,0.13543445,0,-0.028055042,-0.007761635
2023-09-30,Wingersdorf_3_12176_AEH99__2023__southbound_01,Wingersdorf 3 12176 AEH99,41.582226,-0.8396095,41.55899,-0.8647594,41.571712,-0.823911,3.6810949281270644,3.32435,0,-0.010511912,0.01569847
2023-10-01,Baunach_1_9698_ABR25__2023__southbound_01,Baunach 1 9698 ABR25,37.185886,-5.9298525,37.196095,-5.88684,37.15874,-5.903752,4.415521275827226,3.9755166,0,-0.027146757,0.026100732
2023-10-01,Baunach_2_plus_9704_ABR20__2023__southbound_01,Baunach 2 + 9704 ABR20,36.58167,-6.126944,36.608322,-6.124131,36.537834,-6.117694,7.858968566004151,2.974186,0,-0.043834906,0.009250134
2023-10-01,Bembo_Sparky_DER_AU891_eobs_3042__2023__southbound_01,Bembo Sparky / DER AU891 (eobs 3042),40.32128,-3.588986,40.334213,-3.5989287,39.781124,-4.3773108,90.39279518425958,1.6670172,0,-0.5401586,-0.788325
2023-10-01,Europa_DER_A1A26_eobs_4004__2023__southbound_01,Europa / DER A1A26 (eobs 4004),40.231194,-3.633216,40.23124,-3.636884,40.19748,-3.625361,3.8793717785839057,0.31143627,0,-0.033713296,0.00785502
2023-10-01,Moenchsambach_4_12183_ABR27__2023__southbound_01,Moenchsambach 4 12183 ABR27,37.192806,-5.886822,37.15818,-6.0324054,37.150764,-5.8492713,16.250933033773293,13.460806,1,-0.04203993,0.037550934
2023-10-01,Rosalie_DER_A2M38_e-obs_6993__2023__southbound_01,Rosalie / DER A2M38 (e-obs 6993),43.649147,4.4883175,43.448208,3.5872703,43.591614,4.4374647,70.3822419796699,75.97729,1,-0.05753178,-0.050853
2023-10-01,Steppach_2_12178_AEH96__2023__southbound_01,Steppach 2 12178 AEH96,34.282715,-6.5632687,34.28312,-6.567266,34.229492,-6.5755935,6.011974555872011,0.37002695,0,-0.05322095,-0.012324929
2023-10-01,Steppach_3_12179_AEH97__2023__southbound_01,Steppach 3 12179 AEH97,40.319996,-3.589864,40.2657,-3.628858,40.299774,-3.5654547,6.5787966234778485,6.883819,0,-0.020223424,0.024409257
2023-10-01,Steppach_5_12185__2023__southbound_01,Steppach 5 12185,34.273865,-6.5525537,34.273933,-6.5528593,34.23423,-6.5258994,5.062638165855599,0.029075217,0,-0.03963399,0.02665431
2023-10-01,Wingersdorf_1_12174_A1X36__2023__southbound_01,Wingersdorf 1 12174 A1X36,38.856403,-3.6594923,38.856094,-3.6593466,38.767693,-3.7167227,11.015429593984878,0.036383186,0,-0.08871248,-0.057230476
2023-10-01,Wingersdorf_3_12176_AEH99__2023__southbound_01,Wingersdorf 3 12176 AEH99,41.55899,-0.8647594,41.58233,-0.8505274,41.48379,-0.9344379,12.993711970033532,2.8525217,0,-0.07519784,-0.069678485
2023-10-02,Baunach_1_9698_ABR25__2023__southbound_01,Baunach 1 9698 ABR25,37.196095,-5.88684,36.981266,-6.0656724,37.16477,-5.855418,27.6459559707871,28.674965,1,-0.031324595,0.031421475
2023-10-02,Baunach_2_plus_9704_ABR20__2023__southbound_01,Baunach 2 + 9704 ABR20,36.608322,-6.124131,36.6098,-6.124025,36.58553,-6.1144586,2.8305108037036364,0.1643382,0,-0.022793472,0.009672731
2023-10-02,Bembo_Sparky_DER_AU891_eobs_3042__2023__southbound_01,Bembo Sparky / DER AU891 (eobs 3042),40.334213,-3.5989287,40.248936,-3.6322167,40.2726,-3.701354,6.4296124081968715,9.893806,0,-0.061614133,-0.10242535
2023-10-02,Europa_DER_A1A26_eobs_4004__2023__southbound_01,Europa / DER A1A26 (eobs 4004),40.23124,-3.636884,40.229904,-3.6338787,40.161873,-3.725281,10.839474325071622,0.29517215,0,-0.06936784,-0.08839693
2023-10-02,Moenchsambach_4_12183_ABR27__2023__southbound_01,Moenchsambach 4 12183 ABR27,37.15818,-6.0324054,37.19313,-6.1398454,37.073692,-6.106861,13.599008885132395,10.281722,1,-0.084487125,-0.07445569
2023-10-02,Rosalie_DER_A2M38_e-obs_6993__2023__southbound_01,Rosalie / DER A2M38 (e-obs 6993),43.448208,3.5872703,42.972904,2.9484065,43.123722,3.064012,19.222035191273648,73.98608,1,-0.32448506,-0.5232582
2023-10-02,Steppach_2_12178_AEH96__2023__southbound_01,Steppach 2 12178 AEH96,34.28312,-6.567266,34.282955,-6.5669904,34.24471,-6.5753446,4.321525518512404,0.031158973,0,-0.038411655,-0.008078434
2023-10-02,Steppach_3_12179_AEH97__2023__southbound_01,Steppach 3 12179 AEH97,40.2657,-3.628858,40.30517,-3.610876,40.14797,-3.7490032,21.048935666900313,4.6457124,0,-0.11773446,-0.12014506
2023-10-02,Steppach_5_12185__2023__southbound_01,Steppach 5 12185,34.273933,-6.5528593,34.283543,-6.567035,34.240383,-6.5550675,4.923534044016457,1.6847352,0,-0.033550628,-0.0022081956
2023-10-02,Wingersdorf_1_12174_A1X36__2023__southbound_01,Wingersdorf 1 12174 A1X36,38.856094,-3.6593466,38.856102,-3.6598003,38.774662,-3.7026446,9.786993800838939,0.0392892,0,-0.081433505,-0.043298088
2023-10-02,Wingersdorf_3_12176_AEH99__2023__southbound_01,Wingersdorf 3 12176 AEH99,41.58233,-0.8505274,41.573753,-0.8514938,41.570183,-0.8383046,1.1668031348855912,0.957257,0,-0.012144804,0.012222849
2023-10-03,Baunach_1_9698_ABR25__2023__southbound_01,Baunach 1 9698 ABR25,36.981266,-6.0656724,36.19697,-6.0309052,36.869884,-6.150287,75.58097333728607,87.26507,1,-0.11138292,-0.084614955
2023-10-03,Baunach_2_plus_9704_ABR20__2023__southbound_01,Baunach 2 + 9704 ABR20,36.6098,-6.124025,36.60906,-6.12596,36.58927,-6.1186013,2.2961689985677562,0.19134013,0,-0.020525679,0.005423337
2023-10-03,Bembo_Sparky_DER_AU891_eobs_3042__2023__southbound_01,Bembo Sparky / DER AU891 (eobs 3042),40.248936,-3.6322167,40.261982,-3.6358275,40.11295,-3.7981696,21.559069170664774,1.482701,0,-0.13598488,-0.16595304
2023-10-03,Europa_DER_A1A26_eobs_4004__2023__southbound_01,Europa / DER A1A26 (eobs 4004),40.229904,-3.6338787,40.231808,-3.636237,40.19508,-3.626257,4.170958238327951,0.29134613,0,-0.0348252,0.007621795
2023-10-03,Moenchsambach_4_12183_ABR27__2023__southbound_01,Moenchsambach 4 12183 ABR27,37.19313,-6.1398454,37.221863,-5.875028,37.14817,-6.1724753,27.59487173869448,23.669188,1,-0.04495923,-0.03263019
2023-10-03,Rosalie_DER_A2M38_e-obs_6993__2023__southbound_01,Rosalie / DER A2M38 (e-obs 6993),42.972904,2.9484065,41.8425,1.8422651,42.710804,2.5649936,113.39125667602441,155.06801,1,-0.26209927,-0.38341287
2023-10-03,Steppach_2_12178_AEH96__2023__southbound_01,Steppach 2 12178 AEH96,34.282955,-6.5669904,34.27297,-6.551468,34.24936,-6.544893,2.693866870687783,1.8076661,0,-0.03359533,0.022097535
2023-10-03,Steppach_3_12179_AEH97__2023__southbound_01,Steppach 3 12179 AEH97,40.30517,-3.610876,40.321774,-3.5884151,40.29462,-3.5999286,3.173198178821234,2.6528642,0,-0.010549292,0.010947369
2023-10-03,Steppach_5_12185__2023__southbound_01,Steppach 5 12185,34.283543,-6.567035,34.28352,-6.571691,34.26061,-6.5640483,2.6426231133308384,0.42774713,0,-0.022935785,0.0029869154
2023-10-03,Wingersdorf_1_12174_A1X36__2023__southbound_01,Wingersdorf 1 12174 A1X36,38.856102,-3.6598003,38.856228,-3.659682,38.800346,-3.7272148,8.534212726662739,0.017557979,0,-0.055757407,-0.0674144
2023-10-03,Wingersdorf_3_12176_AEH99__2023__southbound_01,Wingersdorf 3 12176 AEH99,41.573753,-0.8514938,41.573708,-0.85036385,41.519737,-0.89298075,6.9708732989714,0.09412598,0,-0.05401428,-0.041486993
2023-10-04,Baunach_1_9698_ABR25__2023__southbound_01,Baunach 1 9698 ABR25,36.19697,-6.0309052,34.861782,-6.1415267,36.04588,-6.0779777,131.7915439701986,148.8032,1,-0.15109366,-0.04707261
2023-10-04,Baunach_2_plus_9704_ABR20__2023__southbound_01,Baunach 2 + 9704 ABR20,36.60906,-6.12596,36.582115,-6.1270094,36.56309,-6.1530313,3.142412029194569,2.9970717,0,-0.045968007,-0.027071334
2023-10-04,Bembo_Sparky_DER_AU891_eobs_3042__2023__southbound_01,Bembo Sparky / DER AU891 (eobs 3042),40.261982,-3.6358275,40.259956,-3.6316538,40.23945,-3.6565537,3.10897734762853,0.41974676,0,-0.022534713,-0.020726308
2023-10-04,Europa_DER_A1A26_eobs_4004__2023__southbound_01,Europa / DER A1A26 (eobs 4004),40.231808,-3.636237,40.22992,-3.6338613,40.19809,-3.675767,5.018812153439259,0.2911416,0,-0.033716597,-0.03952998
2023-10-04,Moenchsambach_4_12183_ABR27__2023__southbound_01,Moenchsambach 4 12183 ABR27,37.221863,-5.875028,37.22165,-5.8752313,37.190514,-5.837618,4.804465773475126,0.029982407,0,-0.031349964,0.03741028
2023-10-04,Rosalie_DER_A2M38_e-obs_6993__2023__southbound_01,Rosalie / DER A2M38 (e-obs 6993),41.8425,1.8422651,41.65858,0.9503111,41.285164,1.071285,42.72790340744868,76.76768,1,-0.5573336,-0.7709802
2023-10-04,Steppach_2_12178_AEH96__2023__southbound_01,Steppach 2 12178 AEH96,34.27297,-6.551468,34.27294,-6.553037,34.236126,-6.524459,4.8638850779707345,0.14423503,0,-0.036842998,0.027009092
2023-10-04,Steppach_3_12179_AEH97__2023__southbound_01,Steppach 3 12179 AEH97,40.321774,-3.5884151,40.314774,-3.589185,40.309505,-3.565868,2.0620072896660178,0.78123134,0,-0.0122692585,0.022547312
2023-10-04,Steppach_5_12185__2023__southbound_01,Steppach 5 12185,34.28352,-6.571691,34.28326,-6.571611,34.249138,-6.57671,3.8230776144396454,0.029677294,0,-0.034381986,-0.0050191805
2023-10-04,Wingersdorf_1_12174_A1X36__2023__southbound_01,Wingersdorf 1 12174 A1X36,38.856228,-3.659682,38.856388,-3.6592941,38.843987,-3.6498172,1.6047227733878064,0.03805334,0,-0.012241073,0.009864897
2023-10-04,Wingersdorf_3_12176_AEH99__2023__southbound_01,Wingersdorf 3 12176 AEH99,41.573708,-0.85036385,41.574326,-0.84979147,41.559345,-0.82036376,2.961154129078511,0.08364397,0,-0.014362745,0.030000068
2023-10-05,Baunach_1_9698_ABR25__2023__southbound_01,Baunach 1 9698 ABR25,34.861782,-6.1415267,34.27217,-6.552815,34.50738,-6.417985,28.932843523302203,75.60818,1,-0.3544017,-0.27645826
2023-10-05,Baunach_2_plus_9704_ABR20__2023__southbound_01,Baunach 2 + 9704 ABR20,36.582115,-6.1270094,36.582382,-6.125837,36.53705,-6.1324887,5.075793009609344,0.10878667,0,-0.0450654,-0.005479403
2023-10-05,Bembo_Sparky_DER_AU891_eobs_3042__2023__southbound_01,Bembo Sparky / DER AU891 (eobs 3042),40.259956,-3.6316538,40.264297,-3.6308775,40.219402,-3.6128902,5.220360088102311,0.48695678,0,-0.040554218,0.01876352
2023-10-05,Europa_DER_A1A26_eobs_4004__2023__southbound_01,Europa / DER A1A26 (eobs 4004),40.22992,-3.6338613,40.229546,-3.634122,40.186584,-3.639476,4.798654364915708,0.047213316,0,-0.04333563,-0.0056147575
2023-10-05,Moenchsambach_4_12183_ABR27__2023__southbound_01,Moenchsambach 4 12183 ABR27,37.22165,-5.8752313,37.222176,-5.878594,37.166214,-5.896719,6.42642631747689,0.3035056,0,-0.055435903,-0.0214879
2023-10-05,Rosalie_DER_A2M38_e-obs_6993__2023__southbound_01,Rosalie / DER A2M38 (e-obs 6993),41.65858,0.9503111,41.663837,0.93398523,41.307987,0.4131047,58.72156634679451,1.476839,0,-0.35059267,-0.5372064
2023-10-05,Steppach_2_12178_AEH96__2023__southbound_01,Steppach 2 12178 AEH96,34.27294,-6.553037,34.28169,-6.572309,34.23288,-6.572377,5.427330017215359,2.0201468,0,-0.04006336,-0.019339971
2023-10-05,Steppach_3_12179_AEH97__2023__southbound_01,Steppach 3 12179 AEH97,40.314774,-3.589185,40.32233,-3.5906746,40.247513,-3.6381013,9.240970195843222,0.84947336,0,-0.0672599,-0.04891625
2023-10-05,Steppach_5_12185__2023__southbound_01,Steppach 5 12185,34.28326,-6.571611,34.283142,-6.570952,34.240753,-6.5652585,4.74239081072789,0.061984606,0,-0.042506337,0.0063522086
2023-10-05,Wingersdorf_1_12174_A1X36__2023__southbound_01,Wingersdorf 1 12174 A1X36,38.856388,-3.6592941,38.85652,-3.6595316,38.84065,-3.6376343,2.590586999197038,0.025396103,0,-0.015739202,0.021659888
2023-10-05,Wingersdorf_3_12176_AEH99__2023__southbound_01,Wingersdorf 3 12176 AEH99,41.574326,-0.84979147,41.57436,-0.8496874,41.56615,-0.82596207,2.1745718860016097,0.0094206985,0,-0.008175261,0.023829408
2023-10-06,Baunach_1_9698_ABR25__2023__southbound_01,Baunach 1 9698 ABR25,34.27217,-6.552815,34.283604,-6.572176,34.04833,-6.752894,30.997945193811393,2.1865323,0,-0.2238436,-0.20007914
2023-10-06,Baunach_2_plus_9704_ABR20__2023__southbound_01,Baunach 2 + 9704 ABR20,36.582382,-6.125837,36.582508,-6.1220465,36.557095,-6.1073565,3.1155227611057286,0.33875918,0,-0.025289103,0.018480323
2023-10-06,Bembo_Sparky_DER_AU891_eobs_3042__2023__southbound_01,Bembo Sparky / DER AU891 (eobs 3042),40.264297,-3.6308775,40.259907,-3.6391287,40.241867,-3.6289365,2.184472296700715,0.85356563,0,-0.022429883,0.0019409433
2023-10-06,Europa_DER_A1A26_eobs_4004__2023__southbound_01,Europa / DER A1A26 (eobs 4004),40.229546,-3.634122,40.23019,-3.6345153,40.15059,-3.717801,11.331084572498321,0.07918878,0,-0.07895844,-0.08367919
2023-10-06,Moenchsambach_4_12183_ABR27__2023__southbound_01,Moenchsambach 4 12183 ABR27,37.222176,-5.878594,37.221085,-5.8868685,37.176132,-5.9050612,5.25179535077032,0.74263865,0,-0.04604281,-0.026467405
2023-10-06,Rosalie_DER_A2M38_e-obs_6993__2023__southbound_01,Rosalie / DER A2M38 (e-obs 6993),41.663837,0.93398523,41.801495,0.8251926,41.576073,0.77464485,25.414802217384615,17.770386,1,-0.08776285,-0.15934038
2023-10-06,Steppach_2_12178_AEH96__2023__southbound_01,Steppach 2 12178 AEH96,34.28169,-6.572309,34.27266,-6.5535226,34.253075,-6.577629,3.1064853972872197,1.9969584,0,-0.02861347,-0.005320035
2023-10-06,Steppach_3_12179_AEH97__2023__southbound_01,Steppach 3 12179 AEH97,40.32233,-3.5906746,40.32158,-3.5919287,40.30375,-3.593079,1.9849944882589814,0.13513179,0,-0.018580765,-0.0024044663
2023-10-06,Steppach_5_12185__2023__southbound_01,Steppach 5 12185,34.283142,-6.570952,34.27408,-6.5525217,34.257393,-6.544208,2.0064840884459683,1.9704713,0,-0.02574791,0.026743673
2023-10-06,Wingersdorf_1_12174_A1X36__2023__southbound_01,Wingersdorf 1 12174 A1X36,38.85652,-3.6595316,38.8566,-3.6594274,38.797195,-3.7304285,9.025742890143983,0.012499904,0,-0.059326384,-0.070896834
2023-10-06,Wingersdorf_3_12176_AEH99__2023__southbound_01,Wingersdorf 3 12176 AEH99,41.57436,-0.8496874,41.558964,-0.8651212,41.558807,-0.8284769,3.0490157459123273,2.1398733,0,-0.015551098,0.021210484
2023-10-07,Baunach_1_9698_ABR25__2023__southbound_01,Baunach 1 9698 ABR25,34.283604,-6.572176,34.273235,-6.553337,34.250736,-6.5801773,3.513272149030222,2.0797315,0,-0.03286785,-0.008001164
2023-10-07,Baunach_2_plus_9704_ABR20__2023__southbound_01,Baunach 2 + 9704 ABR20,36.582508,-6.1220465,36.608612,-6.124423,36.554817,-6.1049385,6.229595777922879,2.9102929,0,-0.027690828,0.017107986
2023-10-07,Bembo_Sparky_DER_AU891_eobs_3042__2023__southbound_01,Bembo Sparky / DER AU891 (eobs 3042),40.259907,-3.6391287,40.26039,-3.6392524,40.162086,-3.748514,14.337697591593159,0.055045307,0,-0.097821884,-0.109385245
2023-10-07,Europa_DER_A1A26_eobs_4004__2023__southbound_01,Europa / DER A1A26 (eobs 4004),40.23019,-3.6345153,40.23009,-3.6340768,40.203487,-3.6583784,3.6067545112304553,0.038895417,0,-0.026703395,-0.023863062
2023-10-07,Moenchsambach_4_12183_ABR27__2023__southbound_01,Moenchsambach 4 12183 ABR27,37.221085,-5.8868685,37.22158,-5.8751183,37.17257,-5.9161077,6.548397877243531,1.0418701,0,-0.048514027,-0.0292392
2023-10-07,Rosalie_DER_A2M38_e-obs_6993__2023__southbound_01,Rosalie / DER A2M38 (e-obs 6993),41.801495,0.8251926,41.65842,0.9385279,41.7451,0.7170991,20.75644774644261,18.480917,1,-0.056396674,-0.10809347
2023-10-07,Steppach_2_12178_AEH96__2023__southbound_01,Steppach 2 12178 AEH96,34.27266,-6.5535226,34.28046,-6.5723553,34.239002,-6.5276413,6.1755932875662465,1.9356585,0,-0.03365597,0.025881417
2023-10-07,Steppach_3_12179_AEH97__2023__southbound_01,Steppach 3 12179 AEH97,40.32158,-3.5919287,40.3215,-3.5918515,40.22627,-3.7018669,14.11533872448103,0.010874411,0,-0.09530844,-0.1099381
2023-10-07,Steppach_5_12185__2023__southbound_01,Steppach 5 12185,34.27408,-6.5525217,34.273243,-6.5526714,34.243332,-6.5257473,4.145455320480888,0.09402227,0,-0.030747697,0.026774235
2023-10-07,Wingersdorf_1_12174_A1X36__2023__southbound_01,Wingersdorf 1 12174 A1X36,38.8566,-3.6594274,38.856377,-3.6594546,38.834644,-3.640689,2.9121779035439315,0.025140578,0,-0.02195593,0.01873856
2023-10-07,Wingersdorf_3_12176_AEH99__2023__southbound_01,Wingersdorf 3 12176 AEH99,41.558964,-0.8651212,41.631226,-0.8119392,41.48013,-0.9551462,20.597844971759645,9.171924,0,-0.078834295,-0.09002504
2023-10-08,Baunach_1_9698_ABR25__2023__southbound_01,Baunach 1 9698 ABR25,34.273235,-6.553337,34.272537,-6.5535903,34.23377,-6.5271816,4.947235073816975,0.081263304,0,-0.039467614,0.02615527
2023-10-08,Baunach_2_plus_9704_ABR20__2023__southbound_01,Baunach 2 + 9704 ABR20,36.608612,-6.124423,36.5825,-6.127844,36.589523,-6.1199903,1.0495256472861116,2.9194655,0,-0.01908867,0.004432723
2023-10-08,Bembo_Sparky_DER_AU891_eobs_3042__2023__southbound_01,Bembo Sparky / DER AU891 (eobs 3042),40.26039,-3.6392524,40.261284,-3.6402273,40.24117,-3.6383834,2.242145334377136,0.12932219,0,-0.019222982,0.0008691251
2023-10-08,Europa_DER_A1A26_eobs_4004__2023__southbound_01,Europa / DER A1A26 (eobs 4004),40.23009,-3.6340768,40.23044,-3.6324368,40.197414,-3.6260004,3.7125359936891735,0.14459,0,-0.032676704,0.008076452
2023-10-08,Moenchsambach_4_12183_ABR27__2023__southbound_01,Moenchsambach 4 12183 ABR27,37.22158,-5.8751183,36.92231,-6.0484505,37.195175,-5.8531528,34.94161067821799,36.658672,1,-0.026406415,0.021965735
2023-10-08,Rosalie_DER_A2M38_e-obs_6993__2023__southbound_01,Rosalie / DER A2M38 (e-obs 6993),41.65842,0.9385279,41.65779,0.98476857,41.569157,0.8733301,13.526383756147066,3.8421557,0,-0.089264624,-0.06519779
2023-10-08,Steppach_2_12178_AEH96__2023__southbound_01,Steppach 2 12178 AEH96,34.28046,-6.5723553,34.272694,-6.5537834,34.251617,-6.5771604,3.1792502697515013,1.9125495,0,-0.028841972,-0.004805304
2023-10-08,Steppach_3_12179_AEH97__2023__southbound_01,Steppach 3 12179 AEH97,40.3215,-3.5918515,40.321342,-3.5878859,40.28356,-3.5821831,4.228778204795389,0.33664715,0,-0.037938613,0.009668253
2023-10-08,Steppach_5_12185__2023__southbound_01,Steppach 5 12185,34.273243,-6.5526714,34.273075,-6.551663,34.232426,-6.5478067,4.533888866017728,0.09446221,0,-0.040817693,0.004864894
2023-10-08,Wingersdorf_1_12174_A1X36__2023__southbound_01,Wingersdorf 1 12174 A1X36,38.856377,-3.6594546,38.856365,-3.658997,38.77793,-3.7200172,10.198661355539485,0.039651785,0,-0.07844524,-0.0605627
2023-10-08,Wingersdorf_3_12176_AEH99__2023__southbound_01,Wingersdorf 3 12176 AEH99,41.631226,-0.8119392,41.559307,-0.864566,41.621914,-0.79341316,9.136639579697658,9.116133,0,-0.009312801,0.018525995
2023-10-09,Baunach_1_9698_ABR25__2023__southbound_01,Baunach 1 9698 ABR25,34.272537,-6.5535903,34.283092,-6.568583,34.20777,-6.573298,8.38655212150516,1.8098655,0,-0.064766355,-0.01970756
2023-10-09,Baunach_2_plus_9704_ABR20__2023__southbound_01,Baunach 2 + 9704 ABR20,36.5825,-6.127844,36.58204,-6.127743,36.537247,-6.1313343,4.990988871332178,0.051972292,0,-0.04525557,-0.0034903735
2023-10-09,Bembo_Sparky_DER_AU891_eobs_3042__2023__southbound_01,Bembo Sparky / DER AU891 (eobs 3042),40.261284,-3.6402273,40.25981,-3.6397643,40.242413,-3.6531966,2.2455302187382444,0.16841812,0,-0.018870331,-0.012969218
2023-10-09,Europa_DER_A1A26_eobs_4004__2023__southbound_01,Europa / DER A1A26 (eobs 4004),40.23044,-3.6324368,40.230083,-3.634061,40.21536,-3.6212924,1.9636857555159783,0.14342768,0,-0.015078172,0.0111443475
2023-10-09,Moenchsambach_4_12183_ABR27__2023__southbound_01,Moenchsambach 4 12183 ABR27,36.92231,-6.0484505,36.58202,-6.1268787,36.7966,-6.1347046,23.870501327659223,38.478157,1,-0.12570933,-0.086254336
2023-10-09,Rosalie_DER_A2M38_e-obs_6993__2023__southbound_01,Rosalie / DER A2M38 (e-obs 6993),41.65779,0.98476857,41.65954,1.1558001,41.635612,1.00065,13.16309422695403,14.209919,1,-0.022180215,0.015881486
2023-10-09,Steppach_2_12178_AEH96__2023__southbound_01,Steppach 2 12178 AEH96,34.272694,-6.5537834,34.280266,-6.573297,34.23563,-6.5221024,6.8389413939106385,1.9809291,0,-0.0370651,0.03168107
2023-10-09,Steppach_3_12179_AEH97__2023__southbound_01,Steppach 3 12179 AEH97,40.321342,-3.5878859,40.299927,-3.589541,40.304657,-3.5580535,2.7215134561342516,2.3855853,0,-0.016683713,0.029832385
2023-10-09,Steppach_5_12185__2023__southbound_01,Steppach 5 12185,34.273075,-6.551663,34.283043,-6.5724344,34.243088,-6.5200295,6.552232628119657,2.2068832,0,-0.029986039,0.03163343
2023-10-09,Wingersdorf_1_12174_A1X36__2023__southbound_01,Wingersdorf 1 12174 A1X36,38.856365,-3.658997,38.85633,-3.6590996,38.830677,-3.6392817,3.32911753338715,0.009629792,0,-0.025686823,0.019715272
2023-10-09,Wingersdorf_3_12176_AEH99__2023__southbound_01,Wingersdorf 3 12176 AEH99,41.559307,-0.864566,41.56112,-0.8647248,41.466084,-0.96166027,13.297160372868651,0.20162974,0,-0.09322318,-0.09709421
2023-10-10,Baunach_1_9698_ABR25__2023__southbound_01,Baunach 1 9698 ABR25,34.283092,-6.568583,34.28267,-6.5720863,34.247612,-6.5793195,3.954438017301487,0.3252884,0,-0.035478998,-0.010736309
2023-10-10,Baunach_2_plus_9704_ABR20__2023__southbound_01,Baunach 2 + 9704 ABR20,36.58204,-6.127743,36.442265,-6.1275253,36.537796,-6.125227,10.624615643066123,15.542349,1,-0.04424135,0.0025158972
2023-10-10,Bembo_Sparky_DER_AU891_eobs_3042__2023__southbound_01,Bembo Sparky / DER AU891 (eobs 3042),40.25981,-3.6397643,40.259014,-3.6379268,40.22258,-3.6423423,4.068599588666806,0.17946754,0,-0.037230395,-0.002578102
2023-10-10,Europa_DER_A1A26_eobs_4004__2023__southbound_01,Europa / DER A1A26 (eobs 4004),40.230083,-3.634061,40.230698,-3.6332803,40.194798,-3.6695664,5.042744329546665,0.09496779,0,-0.0352855,-0.035505272
2023-10-10,Moenchsambach_4_12183_ABR27__2023__southbound_01,Moenchsambach 4 12183 ABR27,36.58202,-6.1268787,36.356167,-6.1186924,36.48306,-6.1656218,14.721360005913079,25.12456,1,-0.09896082,-0.038742855
2023-10-10,Rosalie_DER_A2M38_e-obs_6993__2023__southbound_01,Rosalie / DER A2M38 (e-obs 6993),41.65954,1.1558001,41.66139,1.1570688,41.640312,1.194048,3.8642298542260534,0.23086178,0,-0.019224763,0.038247935
2023-10-10,Steppach_2_12178_AEH96__2023__southbound_01,Steppach 2 12178 AEH96,34.280266,-6.573297,34.28166,-6.572106,34.24753,-6.578103,3.8344869978104277,0.18946536,0,-0.032733507,-0.0048058555
2023-10-10,Steppach_3_12179_AEH97__2023__southbound_01,Steppach 3 12179 AEH97,40.299927,-3.589541,40.26601,-3.6372125,40.259274,-3.607607,2.6214018944826774,5.529532,0,-0.040651914,-0.018065855
2023-10-10,Steppach_5_12185__2023__southbound_01,Steppach 5 12185,34.283043,-6.5724344,34.282166,-6.5713835,34.253098,-6.572575,3.234072160373698,0.13712054,0,-0.029946804,-0.00014088303
2023-10-10,Wingersdorf_1_12174_A1X36__2023__southbound_01,Wingersdorf 1 12174 A1X36,38.85633,-3.6590996,38.856434,-3.6592581,38.784393,-3.738132,10.529042655492313,0.017967956,0,-0.071939036,-0.079032324
2023-10-10,Wingersdorf_3_12176_AEH99__2023__southbound_01,Wingersdorf 3 12176 AEH99,41.56112,-0.8647248,41.561253,-0.8563323,41.55447,-0.8586794,0.7790591572490316,0.69843173,0,-0.0066479817,0.0060453936
2023-10-11,Baunach_1_9698_ABR25__2023__southbound_01,Baunach 1 9698 ABR25,34.28267,-6.5720863,34.272064,-6.5537,34.236332,-6.58867,5.110439488022681,2.0603282,0,-0.046337105,-0.016583204
2023-10-11,Baunach_2_plus_9704_ABR20__2023__southbound_01,Baunach 2 + 9704 ABR20,36.442265,-6.1275253,36.582874,-6.1267347,36.375687,-6.1384015,23.061850231628757,15.635278,1,-0.06657792,-0.010876209
2023-10-11,Bembo_Sparky_DER_AU891_eobs_3042__2023__southbound_01,Bembo Sparky / DER AU891 (eobs 3042),40.259014,-3.6379268,40.23584,-3.6338668,40.229908,-3.6103706,2.1008015485780627,2.5999315,0,-0.029105917,0.02755607
2023-10-11,Europa_DER_A1A26_eobs_4004__2023__southbound_01,Europa / DER A1A26 (eobs 4004),40.230698,-3.6332803,40.233276,-3.631,40.217484,-3.617028,2.1191806598548912,0.34600002,0,-0.01321283,0.016252317
2023-10-11,Moenchsambach_4_12183_ABR27__2023__southbound_01,Moenchsambach 4 12183 ABR27,36.356167,-6.1186924,36.09033,-5.9237137,36.28131,-6.133573,28.38493798786493,34.346912,1,-0.07485557,-0.014880478
2023-10-11,Rosalie_DER_A2M38_e-obs_6993__2023__southbound_01,Rosalie / DER A2M38 (e-obs 6993),41.66139,1.1570688,41.668713,1.1582601,41.653313,1.1785259,2.4013754459606362,0.82040465,0,-0.008077234,0.021457054
2023-10-11,Steppach_2_12178_AEH96__2023__southbound_01,Steppach 2 12178 AEH96,34.28166,-6.572106,34.280384,-6.5730944,34.261517,-6.542162,3.532787111155015,0.16828632,0,-0.02014096,0.02994389
2023-10-11,Steppach_3_12179_AEH97__2023__southbound_01,Steppach 3 12179 AEH97,40.26601,-3.6372125,40.291565,-3.6298065,40.1832,-3.7323656,14.865354311487904,2.9103231,0,-0.08280944,-0.09515302
2023-10-11,Steppach_5_12185__2023__southbound_01,Steppach 5 12185,34.282166,-6.5713835,34.28245,-6.57092,34.246567,-6.5410476,4.84333281899557,0.05307697,0,-0.035599597,0.030335687
2023-10-11,Wingersdorf_1_12174_A1X36__2023__southbound_01,Wingersdorf 1 12174 A1X36,38.856434,-3.6592581,38.85652,-3.6592417,38.81369,-3.7023547,6.0520680264371185,0.00984366,0,-0.042743918,-0.043096438
2023-10-11,Wingersdorf_3_12176_AEH99__2023__southbound_01,Wingersdorf 3 12176 AEH99,41.561253,-0.8563323,41.577785,-0.8416285,41.541233,-0.81524867,4.619234537198004,2.2081435,0,-0.020020217,0.041083656
2023-10-12,Baunach_1_9698_ABR25__2023__southbound_01,Baunach 1 9698 ABR25,34.272064,-6.5537,34.27246,-6.554906,34.23499,-6.525241,4.9794405572457885,0.11938147,0,-0.037074056,0.028459094
2023-10-12,Baunach_2_plus_9704_ABR20__2023__southbound_01,Baunach 2 + 9704 ABR20,36.582874,-6.1267347,36.582966,-6.127333,36.56246,-6.1208434,2.352447851934312,0.0544055,0,-0.020414315,0.005891308
2023-10-12,Europa_DER_A1A26_eobs_4004__2023__southbound_01,Europa / DER A1A26 (eobs 4004),40.233276,-3.631,40.232605,-3.6311505,40.226913,-3.6238356,0.8866499072824537,0.07584171,0,-0.006363824,0.0071644336
2023-10-12,Moenchsambach_4_12183_ABR27__2023__southbound_01,Moenchsambach 4 12183 ABR27,36.09033,-5.9237137,35.610344,-5.853974,36.02327,-5.90838,46.176625317737596,53.740562,1,-0.06705904,0.015333764
2023-10-12,Rosalie_DER_A2M38_e-obs_6993__2023__southbound_01,Rosalie / DER A2M38 (e-obs 6993),41.668713,1.1582601,41.656906,1.1055418,41.658215,1.1747445,5.751008049400787,4.57188,0,-0.010499664,0.016484387
2023-10-12,Steppach_2_12178_AEH96__2023__southbound_01,Steppach 2 12178 AEH96,34.280384,-6.5730944,34.272907,-6.5533895,34.238194,-6.5707393,4.1763843687324576,1.9922538,0,-0.04219008,0.00235527
2023-10-12,Steppach_3_12179_AEH97__2023__southbound_01,Steppach 3 12179 AEH97,40.291565,-3.6298065,40.26463,-3.6306436,40.28445,-3.611333,2.746195134910794,2.9962373,0,-0.0071130097,0.018473528
2023-10-12,Steppach_5_12185__2023__southbound_01,Steppach 5 12185,34.28245,-6.57092,34.28262,-6.571037,34.26413,-6.539304,3.567812109407652,0.021606669,0,-0.018322684,0.031616308
2023-10-12,Wingersdorf_1_12174_A1X36__2023__southbound_01,Wingersdorf 1 12174 A1X36,38.85652,-3.6592417,38.856506,-3.6591291,38.840057,-3.6524487,1.9183590883974648,0.009923064,0,-0.016465887,0.00679297
2023-10-12,Wingersdorf_3_12176_AEH99__2023__southbound_01,Wingersdorf 3 12176 AEH99,41.577785,-0.8416285,41.57822,-0.8446022,41.568035,-0.8121276,2.9292376573262624,0.25201762,0,-0.009752013,0.02950088
2023-10-13,Baunach_1_9698_ABR25__2023__southbound_01,Baunach 1 9698 ABR25,34.27246,-6.554906,34.283527,-6.5719633,34.24203,-6.560377,4.735438729348798,1.9925385,0,-0.030428916,-0.0054710507
2023-10-13,Baunach_2_plus_9704_ABR20__2023__southbound_01,Baunach 2 + 9704 ABR20,36.582966,-6.127333,36.582867,-6.12739,36.545265,-6.143461,4.420610623606805,0.0121488515,0,-0.03770111,-0.016127937
2023-10-13,Europa_DER_A1A26_eobs_4004__2023__southbound_01,Europa / DER A1A26 (eobs 4004),40.232605,-3.6311505,40.235107,-3.6291127,40.1826,-3.674024,6.974001769287052,0.32765594,0,-0.050005972,-0.04287353
2023-10-13,Moenchsambach_4_12183_ABR27__2023__southbound_01,Moenchsambach 4 12183 ABR27,35.610344,-5.853974,35.610542,-5.855088,35.45586,-5.9508276,19.258472236607602,0.10312405,0,-0.15448502,-0.09685382
2023-10-13,Rosalie_DER_A2M38_e-obs_6993__2023__southbound_01,Rosalie / DER A2M38 (e-obs 6993),41.656906,1.1055418,41.542427,0.614906,41.5953,1.043819,36.16298754209789,42.73695,1,-0.061606333,-0.061722904
2023-10-13,Steppach_2_12178_AEH96__2023__southbound_01,Steppach 2 12178 AEH96,34.272907,-6.5533895,34.279835,-6.5727677,34.241653,-6.521156,6.365743066098039,1.9400681,0,-0.031255357,0.032233812
2023-10-13,Steppach_3_12179_AEH97__2023__southbound_01,Steppach 3 12179 AEH97,40.26463,-3.6306436,40.264732,-3.6318483,40.192154,-3.675702,8.887696644762938,0.102856584,0,-0.0724767,-0.04505845
2023-10-13,Steppach_5_12185__2023__southbound_01,Steppach 5 12185,34.28262,-6.571037,34.27419,-6.552119,34.266075,-6.556108,0.9738473899686034,1.9748415,0,-0.016544566,0.0149289295
2023-10-13,Wingersdorf_1_12174_A1X36__2023__southbound_01,Wingersdorf 1 12174 A1X36,38.856506,-3.6591291,38.856052,-3.6598325,38.8239,-3.632422,4.291770147346958,0.07898915,0,-0.03260842,0.02670715
2023-10-13,Wingersdorf_3_12176_AEH99__2023__southbound_01,Wingersdorf 3 12176 AEH99,41.57822,-0.8446022,41.568478,-0.8502829,41.54723,-0.88227487,3.5592054338306474,1.1821129,0,-0.030988894,-0.03767267
2023-10-14,Baunach_1_9698_ABR25__2023__southbound_01,Baunach 1 9698 ABR25,34.283527,-6.5719633,34.272293,-6.5541377,34.259384,-6.573085,2.2565501682858358,2.059979,0,-0.024144039,-0.0011215508
2023-10-14,Baunach_2_plus_9704_ABR20__2023__southbound_01,Baunach 2 + 9704 ABR20,36.582867,-6.12739,36.51514,-6.086529,36.537823,-6.1403937,5.43386168331579,8.368706,0,-0.045044333,-0.013003774
2023-10-14,Europa_DER_A1A26_eobs_4004__2023__southbound_01,Europa / DER A1A26 (eobs 4004),40.235107,-3.6291127,40.232174,-3.631437,40.230125,-3.617864,1.1745432892299286,0.3810643,0,-0.0049826354,0.011248939
2023-10-14,Moenchsambach_4_12183_ABR27__2023__southbound_01,Moenchsambach 4 12183 ABR27,35.610542,-5.855088,35.645737,-5.838347,35.571266,-5.8797398,9.087011752751772,4.1960034,0,-0.03927708,-0.024651356
2023-10-14,Rosalie_DER_A2M38_e-obs_6993__2023__southbound_01,Rosalie / DER A2M38 (e-obs 6993),41.542427,0.614906,41.541,0.6158952,41.389862,0.4267096,23.041996914839494,0.17880112,0,-0.15256333,-0.18819642
2023-10-14,Steppach_2_12178_AEH96__2023__southbound_01,Steppach 2 12178 AEH96,34.279835,-6.5727677,34.27974,-6.572448,34.254944,-6.5724306,2.7571416466277623,0.031315725,0,-0.024889745,0.00033722073
2023-10-14,Steppach_3_12179_AEH97__2023__southbound_01,Steppach 3 12179 AEH97,40.264732,-3.6318483,40.265564,-3.6350858,40.23571,-3.6635523,4.105619541789671,0.28987938,0,-0.029021941,-0.03170391
2023-10-14,Steppach_5_12185__2023__southbound_01,Steppach 5 12185,34.27419,-6.552119,34.273956,-6.5521765,34.24745,-6.5233035,3.965683494393726,0.026356379,0,-0.026737288,0.028815217
2023-10-14,Wingersdorf_1_12174_A1X36__2023__southbound_01,Wingersdorf 1 12174 A1X36,38.856052,-3.6598325,38.856297,-3.661538,38.813572,-3.6897693,5.3431476990686555,0.1501177,0,-0.04247995,-0.029936776
2023-10-14,Wingersdorf_3_12176_AEH99__2023__southbound_01,Wingersdorf 3 12176 AEH99,41.568478,-0.8502829,41.56822,-0.8453502,41.531803,-0.87051916,4.558794109415017,0.41136548,0,-0.036675457,-0.020236239
2023-10-15,Baunach_1_9698_ABR25__2023__southbound_01,Baunach 1 9698 ABR25,34.272293,-6.5541377,34.2727,-6.554603,34.2381,-6.5284166,4.538396659976315,0.062396508,0,-0.034194656,0.025721304
2023-10-15,Baunach_2_plus_9704_ABR20__2023__southbound_01,Baunach 2 + 9704 ABR20,36.51514,-6.086529,36.30146,-5.8090343,36.46705,-6.0736084,29.999432387998617,34.36923,1,-0.04809071,0.012920372
2023-10-15,Europa_DER_A1A26_eobs_4004__2023__southbound_01,Europa / DER A1A26 (eobs 4004),40.232174,-3.631437,40.23221,-3.6316261,40.164963,-3.7005348,9.495445501288547,0.016459355,0,-0.06721263,-0.06909785
2023-10-15,Moenchsambach_4_12183_ABR27__2023__southbound_01,Moenchsambach 4 12183 ABR27,35.645737,-5.838347,35.61083,-5.8546906,35.625854,-5.8147388,3.979113282322566,4.1532645,0,-0.01988341,0.02360829
2023-10-15,Rosalie_DER_A2M38_e-obs_6993__2023__southbound_01,Rosalie / DER A2M38 (e-obs 6993),41.541,0.6158952,41.70802,0.5750474,41.513798,0.6421368,22.30510522751825,18.879423,1,-0.027203113,0.026241608
2023-10-15,Steppach_2_12178_AEH96__2023__southbound_01,Steppach 2 12178 AEH96,34.27974,-6.572448,34.27999,-6.572572,34.25125,-6.5419664,4.257126050740357,0.030454924,0,-0.028487094,0.030481257
2023-10-15,Steppach_3_12179_AEH97__2023__southbound_01,Steppach 3 12179 AEH97,40.265564,-3.6350858,40.26606,-3.6287744,40.257633,-3.6417837,1.4479365688589003,0.5383567,0,-0.007929079,-0.006697841
2023-10-15,Steppach_5_12185__2023__southbound_01,Steppach 5 12185,34.273956,-6.5521765,34.275196,-6.5522475,34.23786,-6.540332,4.293420218477791,0.1376927,0,-0.036092855,0.011844732
2023-10-15,Wingersdorf_1_12174_A1X36__2023__southbound_01,Wingersdorf 1 12174 A1X36,38.856297,-3.661538,38.856087,-3.6614592,38.843025,-3.6655335,1.4946198824991102,0.024308544,0,-0.01327078,-0.0039955378
2023-10-15,Wingersdorf_3_12176_AEH99__2023__southbound_01,Wingersdorf 3 12176 AEH99,41.56822,-0.8453502,41.58216,-0.8398658,41.55384,-0.8084257,4.093651638440867,1.6160144,0,-0.014379472,0.036924474
2023-10-16,Baunach_1_9698_ABR25__2023__southbound_01,Baunach 1 9698 ABR25,34.2727,-6.554603,34.272552,-6.5542707,34.24948,-6.5600677,2.6201450257411376,0.034678753,0,-0.023221679,-0.005464442
2023-10-16,Baunach_2_plus_9704_ABR20__2023__southbound_01,Baunach 2 + 9704 ABR20,36.30146,-5.8090343,36.263454,-5.899505,36.24839,-5.779173,10.918945709900921,9.144399,0,-0.053068247,0.02986122
2023-10-16,Europa_DER_A1A26_eobs_4004__2023__southbound_01,Europa / DER A1A26 (eobs 4004),40.23221,-3.6316261,40.234295,-3.630145,40.222797,-3.635773,1.364823381102766,0.26391906,0,-0.009411044,-0.0041468516
2023-10-16,Moenchsambach_4_12183_ABR27__2023__southbound_01,Moenchsambach 4 12183 ABR27,35.61083,-5.8546906,35.612316,-5.854325,35.551537,-5.8765655,7.051320661899911,0.16877225,0,-0.05929345,-0.021874875
2023-10-16,Rosalie_DER_A2M38_e-obs_6993__2023__southbound_01,Rosalie / DER A2M38 (e-obs 6993),41.70802,0.5750474,41.71547,0.47969025,41.704548,0.5814695,8.535483117580892,7.9585714,0,-0.003469728,0.0064221174
2023-10-16,Steppach_2_12178_AEH96__2023__southbound_01,Steppach 2 12178 AEH96,34.27999,-6.572572,34.279793,-6.57131,34.262775,-6.565862,1.9573454455777513,0.11806762,0,-0.01721669,0.0067102313
2023-10-16,Steppach_3_12179_AEH97__2023__southbound_01,Steppach 3 12179 AEH97,40.26606,-3.6287744,40.265076,-3.6294045,40.25816,-3.6005015,2.570255917259835,0.12203255,0,-0.0078995,0.028272934
2023-10-16,Steppach_5_12185__2023__southbound_01,Steppach 5 12185,34.275196,-6.5522475,34.274292,-6.5522647,34.262184,-6.5370917,1.9382066799121673,0.10052195,0,-0.013010599,0.015155964
2023-10-16,Wingersdorf_1_12174_A1X36__2023__southbound_01,Wingersdorf 1 12174 A1X36,38.856087,-3.6614592,38.856163,-3.6612568,38.830673,-3.6500356,2.996317592655376,0.019525057,0,-0.02541487,0.0114237
2023-10-16,Wingersdorf_3_12176_AEH99__2023__southbound_01,Wingersdorf 3 12176 AEH99,41.58216,-0.8398658,41.631603,-0.8205457,41.581364,-0.8160555,5.5988528017253,5.7278366,0,-0.00079710037,0.023810305
2023-10-17,Baunach_1_9698_ABR25__2023__southbound_01,Baunach 1 9698 ABR25,34.272552,-6.5542707,34.272587,-6.55447,34.243294,-6.526907,4.126322559146907,0.018764207,0,-0.029260315,0.027363636
2023-10-17,Europa_DER_A1A26_eobs_4004__2023__southbound_01,Europa / DER A1A26 (eobs 4004),40.234295,-3.630145,40.366688,-3.6455913,40.230064,-3.625249,15.289488719650334,14.779834,1,-0.0042313933,0.0048961043
2023-10-17,Moenchsambach_4_12183_ABR27__2023__southbound_01,Moenchsambach 4 12183 ABR27,35.612316,-5.854325,35.61015,-5.8547916,35.596565,-5.838465,2.1119468253843388,0.24453303,0,-0.015751101,0.015859596
2023-10-17,Rosalie_DER_A2M38_e-obs_6993__2023__southbound_01,Rosalie / DER A2M38 (e-obs 6993),41.71547,0.47969025,41.742695,0.52262443,41.685524,0.43874606,9.427940123394103,4.675472,0,-0.029944986,-0.040944196
2023-10-17,Steppach_2_12178_AEH96__2023__southbound_01,Steppach 2 12178 AEH96,34.279793,-6.57131,34.281242,-6.5723104,34.254932,-6.5398536,4.177849931889061,0.18550877,0,-0.024859369,0.031456433
2023-10-17,Steppach_3_12179_AEH97__2023__southbound_01,Steppach 3 12179 AEH97,40.265076,-3.6294045,40.266335,-3.6290069,40.245216,-3.6318913,2.3609584166683644,0.14405805,0,-0.019860163,-0.002486758
2023-10-17,Steppach_5_12185__2023__southbound_01,Steppach 5 12185,34.274292,-6.5522647,34.27412,-6.553403,34.24021,-6.5369916,4.0609789948104,0.106257856,0,-0.03408078,0.015272893
2023-10-17,Wingersdorf_1_12174_A1X36__2023__southbound_01,Wingersdorf 1 12174 A1X36,38.856163,-3.6612568,38.861637,-3.6616795,38.844955,-3.6506274,2.087261925776825,0.60969245,0,-0.011206396,0.010629393
2023-10-17,Wingersdorf_3_12176_AEH99__2023__southbound_01,Wingersdorf 3 12176 AEH99,41.631603,-0.8205457,41.582325,-0.8399737,41.633472,-0.80901843,6.242565838497434,5.7127895,0,0.0018689632,0.011527233
2023-10-18,Baunach_1_9698_ABR25__2023__southbound_01,Baunach 1 9698 ABR25,34.272587,-6.55447,34.272533,-6.554418,34.245228,-6.557386,3.0484751012837474,0.0076648635,0,-0.027359843,-0.0029159486
2023-10-18,Europa_DER_A1A26_eobs_4004__2023__southbound_01,Europa / DER A1A26 (eobs 4004),40.366688,-3.6455913,40.23544,-3.629885,40.371246,-3.6369736,15.113034040939207,14.654952,1,0.0045583546,0.008617528
2023-10-18,Moenchsambach_4_12183_ABR27__2023__southbound_01,Moenchsambach 4 12183 ABR27,35.61015,-5.8547916,35.610622,-5.8538575,35.563557,-5.855513,5.235619034337145,0.09931318,0,-0.046591956,-0.0007216707
2023-10-18,Rosalie_DER_A2M38_e-obs_6993__2023__southbound_01,Rosalie / DER A2M38 (e-obs 6993),41.742695,0.52262443,41.707413,0.574854,41.738884,0.54121745,4.476504592672107,5.8463874,0,-0.0038124993,0.01859302
2023-10-18,Steppach_2_12178_AEH96__2023__southbound_01,Steppach 2 12178 AEH96,34.281242,-6.5723104,34.281715,-6.572687,34.26578,-6.559938,2.124048007244256,0.063188896,0,-0.015462287,0.0123724565
2023-10-18,Steppach_3_12179_AEH97__2023__southbound_01,Steppach 3 12179 AEH97,40.266335,-3.6290069,40.2925,-3.6313963,40.268085,-3.609042,3.3114545163639733,2.9166267,0,0.0017494187,0.019965015
2023-10-18,Steppach_5_12185__2023__southbound_01,Steppach 5 12185,34.27412,-6.553403,34.273422,-6.5536056,34.246037,-6.5510325,3.0543237171826867,0.08002543,0,-0.028083876,0.0023701638
2023-10-18,Wingersdorf_1_12174_A1X36__2023__southbound_01,Wingersdorf 1 12174 A1X36,38.861637,-3.6616795,38.856705,-3.6614997,38.857365,-3.6517074,0.8510788341230342,0.54839027,0,-0.0042726323,0.009972185
2023-10-18,Wingersdorf_3_12176_AEH99__2023__southbound_01,Wingersdorf 3 12176 AEH99,41.582325,-0.8399737,41.568043,-0.8494276,41.54275,-0.8694273,3.2677758933355303,1.7721047,0,-0.03957313,-0.029453613
2023-10-19,Baunach_1_9698_ABR25__2023__southbound_01,Baunach 1 9698 ABR25,34.272533,-6.554418,34.27633,-6.5715065,34.239532,-6.5270123,5.784692419916891,1.6258429,0,-0.03299956,0.027405702
2023-10-19,Europa_DER_A1A26_eobs_4004__2023__southbound_01,Europa / DER A1A26 (eobs 4004),40.23544,-3.629885,40.23701,-3.6436038,40.18738,-3.6348455,5.568412398460105,1.1775441,0,-0.048057437,-0.004960507
2023-10-19,Moenchsambach_4_12183_ABR27__2023__southbound_01,Moenchsambach 4 12183 ABR27,35.610622,-5.8538575,35.696125,-5.8306136,35.595478,-5.819874,11.233445786429943,9.736704,0,-0.015142649,0.033983596
2023-10-19,Rosalie_DER_A2M38_e-obs_6993__2023__southbound_01,Rosalie / DER A2M38 (e-obs 6993),41.707413,0.574854,41.68898,0.9383818,41.691154,0.595401,28.480526318611155,30.25132,1,-0.016258657,0.02054695
2023-10-19,Steppach_2_12178_AEH96__2023__southbound_01,Steppach 2 12178 AEH96,34.281715,-6.572687,34.271843,-6.568449,34.26753,-6.5574517,1.1186482065730106,1.164747,0,-0.014186464,0.015235223
2023-10-19,Steppach_3_12179_AEH97__2023__southbound_01,Steppach 3 12179 AEH97,40.2925,-3.6313963,40.265995,-3.628914,40.295467,-3.6166945,3.437210776728094,2.9547153,0,0.0029688329,0.014701776
2023-10-19,Steppach_5_12185__2023__southbound_01,Steppach 5 12185,34.273422,-6.5536056,34.273182,-6.5533075,34.239544,-6.539723,3.943248233999558,0.038352475,0,-0.033877537,0.0138827935
2023-10-19,Wingersdorf_1_12174_A1X36__2023__southbound_01,Wingersdorf 1 12174 A1X36,38.856705,-3.6614997,38.88938,-3.6543324,38.833263,-3.657941,6.247864633646894,3.6859,0,-0.02344124,0.0035585687
2023-10-19,Wingersdorf_3_12176_AEH99__2023__southbound_01,Wingersdorf 3 12176 AEH99,41.568043,-0.8494276,41.5776,-0.8413794,41.54716,-0.86317086,3.8395260847757067,1.2559942,0,-0.020883434,-0.013743296
2023-10-20,Baunach_1_9698_ABR25__2023__southbound_01,Baunach 1 9698 ABR25,34.27633,-6.5715065,34.281532,-6.572126,34.26004,-6.568498,2.4129432628505953,0.58171934,0,-0.016287573,0.0030083284
2023-10-20,Europa_DER_A1A26_eobs_4004__2023__southbound_01,Europa / DER A1A26 (eobs 4004),40.23701,-3.6436038,40.234486,-3.6300447,40.232025,-3.6456845,1.3555378192893663,1.1847403,0,-0.004985757,-0.0020807683
2023-10-20,Moenchsambach_4_12183_ABR27__2023__southbound_01,Moenchsambach 4 12183 ABR27,35.696125,-5.8306136,35.69887,-5.837217,35.685123,-5.8125196,2.704000501381356,0.669918,0,-0.011002295,0.018093906
2023-10-20,Rosalie_DER_A2M38_e-obs_6993__2023__southbound_01,Rosalie / DER A2M38 (e-obs 6993),41.68898,0.9383818,41.660465,0.95138264,41.680832,0.964894,2.5274908026231433,3.3495927,0,-0.008148171,0.026512228
2023-10-20,Steppach_2_12178_AEH96__2023__southbound_01,Steppach 2 12178 AEH96,34.271843,-6.568449,34.27987,-6.572392,34.24476,-6.548219,4.491879129698672,0.96300274,0,-0.027082898,0.020229883
2023-10-20,Steppach_3_12179_AEH97__2023__southbound_01,Steppach 3 12179 AEH97,40.265995,-3.628914,40.26501,-3.6296823,40.25232,-3.6236436,1.5013835019111135,0.12746854,0,-0.013677597,0.0052705407
2023-10-20,Steppach_5_12185__2023__southbound_01,Steppach 5 12185,34.273182,-6.5533075,34.27533,-6.554153,34.250317,-6.5315146,3.473317609124475,0.2511413,0,-0.022866048,0.021793105
2023-10-20,Wingersdorf_1_12174_A1X36__2023__southbound_01,Wingersdorf 1 12174 A1X36,38.88938,-3.6543324,38.85918,-3.6607785,38.88298,-3.655786,2.6814928979037727,3.4043298,0,-0.006402768,-0.0014536381
2023-10-20,Wingersdorf_3_12176_AEH99__2023__southbound_01,Wingersdorf 3 12176 AEH99,41.5776,-0.8413794,41.55927,-0.8645899,41.58553,-0.83570886,3.7813616621799935,2.807806,0,0.007931024,0.005670555
2023-10-21,Baunach_1_9698_ABR25__2023__southbound_01,Baunach 1 9698 ABR25,34.281532,-6.572126,34.284603,-6.571695,34.273006,-6.553313,2.1249483825906585,0.34337503,0,-0.0085252,0.018812962
2023-10-21,Europa_DER_A1A26_eobs_4004__2023__southbound_01,Europa / DER A1A26 (eobs 4004),40.234486,-3.6300447,40.232517,-3.6314876,40.218765,-3.5922823,3.662917689605874,0.25079837,0,-0.015721694,0.037762336
2023-10-21,Moenchsambach_4_12183_ABR27__2023__southbound_01,Moenchsambach 4 12183 ABR27,35.69887,-5.837217,35.628613,-5.8526783,35.679577,-5.827137,6.118839766949537,7.9360456,0,-0.01929523,0.010079764
2023-10-21,Rosalie_DER_A2M38_e-obs_6993__2023__southbound_01,Rosalie / DER A2M38 (e-obs 6993),41.660465,0.95138264,41.679375,0.95130634,41.639957,0.9647603,4.523268172655033,2.1028252,0,-0.020506218,0.013377659
2023-10-21,Steppach_2_12178_AEH96__2023__southbound_01,Steppach 2 12178 AEH96,34.27987,-6.572392,34.28125,-6.573163,34.27011,-6.5563874,1.977394830327782,0.1691262,0,-0.009757221,0.01600445
2023-10-21,Steppach_3_12179_AEH97__2023__southbound_01,Steppach 3 12179 AEH97,40.26501,-3.6296823,40.26482,-3.6299078,40.248653,-3.6397278,1.981409515031124,0.028555421,0,-0.016357854,-0.010045432
2023-10-21,Steppach_5_12185__2023__southbound_01,Steppach 5 12185,34.27533,-6.554153,34.19394,-6.6421156,34.266487,-6.5363655,12.633070595383797,12.136398,1,-0.008841462,0.017787315
2023-10-21,Wingersdorf_1_12174_A1X36__2023__southbound_01,Wingersdorf 1 12174 A1X36,38.85918,-3.6607785,38.85632,-3.6610734,38.835762,-3.6665428,2.334439598195881,0.31907398,0,-0.023420162,-0.005764298
2023-10-21,Wingersdorf_3_12176_AEH99__2023__southbound_01,Wingersdorf 3 12176 AEH99,41.55927,-0.8645899,41.568497,-0.8547511,41.541195,-0.8813782,3.7583556985021747,1.3126736,0,-0.01807326,-0.01678823
2023-10-22,Baunach_1_9698_ABR25__2023__southbound_01,Baunach 1 9698 ABR25,34.284603,-6.571695,34.283405,-6.572033,34.274765,-6.558766,1.552091210483673,0.1364128,0,-0.009838767,0.012928776
2023-10-22,Europa_DER_A1A26_eobs_4004__2023__southbound_01,Europa / DER A1A26 (eobs 4004),40.232517,-3.6314876,40.159996,-3.5694537,40.20669,-3.639168,7.876175309781821,9.6327505,0,-0.025823765,-0.007680498
2023-10-22,Moenchsambach_4_12183_ABR27__2023__southbound_01,Moenchsambach 4 12183 ABR27,35.628613,-5.8526783,35.610847,-5.852811,35.58203,-5.8448668,3.2837429391108772,1.9754058,0,-0.046580046,0.007811427
2023-10-22,Rosalie_DER_A2M38_e-obs_6993__2023__southbound_01,Rosalie / DER A2M38 (e-obs 6993),41.679375,0.95130634,41.679573,0.9384844,41.68482,0.97352433,2.9677850078840446,1.0650742,0,0.0054447725,0.022217996
2023-10-22,Steppach_2_12178_AEH96__2023__southbound_01,Steppach 2 12178 AEH96,34.28125,-6.573163,34.281326,-6.5717225,34.27125,-6.5642505,1.3138951370905814,0.1326349,0,-0.009996489,0.008912571
2023-10-22,Steppach_3_12179_AEH97__2023__southbound_01,Steppach 3 12179 AEH97,40.26482,-3.6299078,40.2597,-3.6306634,40.246464,-3.6461887,1.9754415387746542,0.5728835,0,-0.01835806,-0.016280979
2023-10-22,Steppach_5_12185__2023__southbound_01,Steppach 5 12185,34.19394,-6.6421156,33.879173,-6.8241158,34.13627,-6.6644926,32.15190572206472,38.8107,1,-0.057669275,-0.022377104
2023-10-22,Wingersdorf_1_12174_A1X36__2023__southbound_01,Wingersdorf 1 12174 A1X36,38.85632,-3.6610734,38.856018,-3.6608417,38.838284,-3.6609936,1.9720360778390107,0.03915152,0,-0.018037334,7.996708e-05
2023-10-22,Wingersdorf_3_12176_AEH99__2023__southbound_01,Wingersdorf 3 12176 AEH99,41.568497,-0.8547511,41.558773,-0.8654886,41.574223,-0.8314705,3.3107119771702145,1.4026151,0,0.0057251453,0.023280628
2023-10-23,Baunach_1_9698_ABR25__2023__southbound_01,Baunach 1 9698 ABR25,34.283405,-6.572033,34.284622,-6.571728,34.24898,-6.5706754,3.964253171857565,0.13778682,0,-0.034423023,0.0013575405
2023-10-23,Europa_DER_A1A26_eobs_4004__2023__southbound_01,Europa / DER A1A26 (eobs 4004),40.159996,-3.5694537,40.159676,-3.5727563,40.140987,-3.5488222,2.907970822092156,0.2829262,0,-0.019008115,0.02063147
2023-10-23,Moenchsambach_4_12183_ABR27__2023__southbound_01,Moenchsambach 4 12183 ABR27,35.610847,-5.852811,35.698692,-5.829183,35.579807,-5.843216,13.280117227382062,9.998238,0,-0.0310404,0.009594902
2023-10-23,Rosalie_DER_A2M38_e-obs_6993__2023__southbound_01,Rosalie / DER A2M38 (e-obs 6993),41.679573,0.9384844,41.743267,0.52015,41.664436,0.9155227,33.97312477217187,35.43984,1,-0.015135162,-0.022961661
2023-10-23,Steppach_2_12178_AEH96__2023__southbound_01,Steppach 2 12178 AEH96,34.281326,-6.5717225,34.27757,-6.5736775,34.262188,-6.545978,3.066554765441043,0.45507112,0,-0.019139655,0.02574458
2023-10-23,Steppach_3_12179_AEH97__2023__southbound_01,Steppach 3 12179 AEH97,40.2597,-3.6306634,40.235317,-3.6305919,40.243916,-3.6401517,1.2540176198993696,2.7111318,0,-0.015783481,-0.009488426
2023-10-23,Steppach_5_12185__2023__southbound_01,Steppach 5 12185,33.879173,-6.8241158,33.870285,-6.8156114,33.79316,-6.862059,9.589247093039763,1.2624675,0,-0.086015224,-0.03794358
2023-10-23,Wingersdorf_1_12174_A1X36__2023__southbound_01,Wingersdorf 1 12174 A1X36,38.856018,-3.6608417,38.85896,-3.6568117,38.838173,-3.6606395,2.3349822019013926,0.4784141,0,-0.017845467,0.0002021864
2023-10-23,Wingersdorf_3_12176_AEH99__2023__southbound_01,Wingersdorf 3 12176 AEH99,41.558773,-0.8654886,41.55879,-0.8648812,41.546482,-0.8784441,1.7737609028025039,0.05057379,0,-0.012289479,-0.012955509
2023-10-24,Baunach_1_9698_ABR25__2023__southbound_01,Baunach 1 9698 ABR25,34.284622,-6.571728,34.272587,-6.553453,34.2751,-6.555639,0.3442060834843126,2.1470993,0,-0.009522274,0.016089432
2023-10-24,Europa_DER_A1A26_eobs_4004__2023__southbound_01,Europa / DER A1A26 (eobs 4004),40.159676,-3.5727563,40.159527,-3.563257,40.152504,-3.5659919,0.8147626785720921,0.8074395,0,-0.0071712434,0.006764397
2023-10-24,Moenchsambach_4_12183_ABR27__2023__southbound_01,Moenchsambach 4 12183 ABR27,35.698692,-5.829183,35.610718,-5.851555,35.688793,-5.810181,9.452287574403407,9.988991,0,-0.009900965,0.019002177
2023-10-24,Rosalie_DER_A2M38_e-obs_6993__2023__southbound_01,Rosalie / DER A2M38 (e-obs 6993),41.743267,0.52015,41.719772,0.51564515,41.705566,0.46785134,4.270098263346266,2.6389394,0,-0.03770197,-0.05229865
2023-10-24,Steppach_2_12178_AEH96__2023__southbound_01,Steppach 2 12178 AEH96,34.27757,-6.5736775,34.249825,-6.5734506,34.25174,-6.5646744,0.8342679581549698,3.0851223,0,-0.025829248,0.009003006
2023-10-24,Steppach_3_12179_AEH97__2023__southbound_01,Steppach 3 12179 AEH97,40.235317,-3.6305919,40.2604,-3.630291,40.22389,-3.6245854,4.088566154163967,2.788845,0,-0.011428662,0.0060065836
2023-10-24,Steppach_5_12185__2023__southbound_01,Steppach 5 12185,33.870285,-6.8156114,33.735256,-7.0655327,33.845882,-6.7926908,28.054397079011792,27.544203,1,-0.024401471,0.022920735
2023-10-24,Wingersdorf_1_12174_A1X36__2023__southbound_01,Wingersdorf 1 12174 A1X36,38.85896,-3.6568117,39.102177,-3.6194515,38.85298,-3.6487336,27.82463968562321,27.23646,1,-0.0059783086,0.008078143
2023-10-24,Wingersdorf_3_12176_AEH99__2023__southbound_01,Wingersdorf 3 12176 AEH99,41.55879,-0.8648812,41.55909,-0.8641571,41.55791,-0.8567369,0.6311551418699496,0.068942405,0,-0.0008762777,0.008144312
2023-10-25,Baunach_1_9698_ABR25__2023__southbound_01,Baunach 1 9698 ABR25,34.272587,-6.553453,34.28344,-6.5713916,34.24422,-6.5222898,6.275276175592751,2.042811,0,-0.028364658,0.031163119
2023-10-25,Europa_DER_A1A26_eobs_4004__2023__southbound_01,Europa / DER A1A26 (eobs 4004),40.159527,-3.563257,40.294266,-3.63184,40.15371,-3.5361736,17.61361872870087,16.07368,1,-0.005815737,0.027083449
2023-10-25,Moenchsambach_4_12183_ABR27__2023__southbound_01,Moenchsambach 4 12183 ABR27,35.610718,-5.851555,35.611015,-5.85299,35.57078,-5.839744,4.631339855649422,0.13388495,0,-0.039934937,0.011810787
2023-10-25,Rosalie_DER_A2M38_e-obs_6993__2023__southbound_01,Rosalie / DER A2M38 (e-obs 6993),41.719772,0.51564515,41.743374,0.54208374,41.697994,0.52686274,5.201722212953018,3.4206748,0,-0.021777928,0.0112176165
2023-10-25,Steppach_2_12178_AEH96__2023__southbound_01,Steppach 2 12178 AEH96,34.249825,-6.5734506,33.893665,-6.82456,34.217045,-6.5549693,43.70143666499709,45.86223,1,-0.03277961,0.018481113
2023-10-25,Steppach_3_12179_AEH97__2023__southbound_01,Steppach 3 12179 AEH97,40.2604,-3.630291,40.23521,-3.6300302,40.265976,-3.620213,3.5209678058272083,2.800747,0,0.0055760145,0.010077946
2023-10-25,Steppach_5_12185__2023__southbound_01,Steppach 5 12185,33.735256,-7.0655327,33.4766,-7.54042,33.651775,-7.112928,44.139678746475006,52.548916,1,-0.083482,-0.047395326
2023-10-25,Wingersdorf_1_12174_A1X36__2023__southbound_01,Wingersdorf 1 12174 A1X36,39.102177,-3.6194515,38.906204,-3.6570094,39.10257,-3.610541,22.20098509089583,22.031473,1,0.00039372593,0.008910432
2023-10-25,Wingersdorf_3_12176_AEH99__2023__southbound_01,Wingersdorf 3 12176 AEH99,41.55909,-0.8641571,41.559353,-0.8648883,41.559006,-0.8447886,1.6728216962663087,0.06748322,0,-8.239597e-05,0.019368492
2023-10-26,Baunach_1_9698_ABR25__2023__southbound_01,Baunach 1 9698 ABR25,34.28344,-6.5713916,34.281483,-6.5716205,34.26225,-6.5647254,2.230567545250633,0.21867712,0,-0.02119048,0.0066663623
2023-10-26,Europa_DER_A1A26_eobs_4004__2023__southbound_01,Europa / DER A1A26 (eobs 4004),40.294266,-3.63184,40.294125,-3.631803,40.29547,-3.620841,0.9416849587086604,0.01579157,0,0.0012036413,0.010998942
2023-10-26,Moenchsambach_4_12183_ABR27__2023__southbound_01,Moenchsambach 4 12183 ABR27,35.611015,-5.85299,35.698944,-5.829464,35.58994,-5.849922,12.260984193217636,10.005594,1,-0.021077693,0.0030681416
2023-10-26,Rosalie_DER_A2M38_e-obs_6993__2023__southbound_01,Rosalie / DER A2M38 (e-obs 6993),41.743374,0.54208374,41.740566,0.5118126,41.74354,0.5628598,4.248192097221221,2.530883,0,0.00016780943,0.020776011
2023-10-26,Steppach_2_12178_AEH96__2023__southbound_01,Steppach 2 12178 AEH96,33.893665,-6.82456,33.86962,-6.813276,33.753544,-6.903819,15.380935106953377,2.869355,0,-0.14012115,-0.07925901
2023-10-26,Steppach_3_12179_AEH97__2023__southbound_01,Steppach 3 12179 AEH97,40.23521,-3.6300302,40.26591,-3.6305919,40.219555,-3.6265638,5.165907449921818,3.4141662,0,-0.01565598,0.0034663007
2023-10-26,Steppach_5_12185__2023__southbound_01,Steppach 5 12185,33.4766,-7.54042,33.475693,-7.540442,33.325115,-7.6626725,20.226028128694576,0.10116419,0,-0.15148422,-0.12225262
2023-10-26,Wingersdorf_1_12174_A1X36__2023__southbound_01,Wingersdorf 1 12174 A1X36,38.906204,-3.6570094,38.85909,-3.657053,38.851162,-3.6791904,2.1098521543968523,5.2390466,0,-0.055042483,-0.022181109
2023-10-26,Wingersdorf_3_12176_AEH99__2023__southbound_01,Wingersdorf 3 12176 AEH99,41.559353,-0.8648883,41.558777,-0.8655409,41.559944,-0.8675797,0.21359575234330622,0.08402712,0,0.000592947,-0.002691403
2023-10-27,Baunach_1_9698_ABR25__2023__southbound_01,Baunach 1 9698 ABR25,34.281483,-6.5716205,34.284687,-6.5711403,34.247948,-6.5569873,4.287268939230593,0.35916585,0,-0.03353508,0.014633261
2023-10-27,Europa_DER_A1A26_eobs_4004__2023__southbound_01,Europa / DER A1A26 (eobs 4004),40.294125,-3.631803,40.29405,-3.6313908,40.27833,-3.610146,2.510264636804187,0.036060162,0,-0.015791804,0.021656953
2023-10-27,Moenchsambach_4_12183_ABR27__2023__southbound_01,Moenchsambach 4 12183 ABR27,35.698944,-5.829464,35.69951,-5.829307,35.68776,-5.8071604,2.3888992740570743,0.0646308,0,-0.011182949,0.02230353
2023-10-27,Rosalie_DER_A2M38_e-obs_6993__2023__southbound_01,Rosalie / DER A2M38 (e-obs 6993),41.740566,0.5118126,41.743225,0.5039703,41.729427,0.5033405,1.535132875800403,0.7146707,0,-0.011139803,-0.008472152
2023-10-27,Steppach_3_12179_AEH97__2023__southbound_01,Steppach 3 12179 AEH97,40.26591,-3.6305919,40.266342,-3.6305504,40.26744,-3.6272964,0.30190514998157514,0.04797539,0,0.0015301481,0.0032953322
2023-10-27,Steppach_5_12185__2023__southbound_01,Steppach 5 12185,33.475693,-7.540442,33.44672,-7.622064,33.436634,-7.520311,9.507697081984125,8.228572,0,-0.039059862,0.020131238
2023-10-27,Wingersdorf_1_12174_A1X36__2023__southbound_01,Wingersdorf 1 12174 A1X36,38.85909,-3.657053,38.859203,-3.6566892,38.831635,-3.6557338,3.0666331180563646,0.034050986,0,-0.02745431,0.0013192594
2023-10-27,Wingersdorf_3_12176_AEH99__2023__southbound_01,Wingersdorf 3 12176 AEH99,41.558777,-0.8655409,41.558933,-0.8647534,41.544342,-0.8765656,1.896990232083606,0.06784953,0,-0.014434069,-0.011024661
2023-10-28,Baunach_1_9698_ABR25__2023__southbound_01,Baunach 1 9698 ABR25,34.284687,-6.5711403,34.285084,-6.5718346,34.27501,-6.551346,2.1906099903971246,0.077571265,0,-0.0096789375,0.01979468
2023-10-28,Europa_DER_A1A26_eobs_4004__2023__southbound_01,Europa / DER A1A26 (eobs 4004),40.29405,-3.6313908,40.294094,-3.6313875,40.286266,-3.6010332,2.71771994367772,0.0052447612,0,-0.0077838227,0.030357517
2023-10-28,Moenchsambach_4_12183_ABR27__2023__southbound_01,Moenchsambach 4 12183 ABR27,35.69951,-5.829307,35.699238,-5.8294134,35.68718,-5.7994814,3.017358265838888,0.031551614,0,-0.012327507,0.02982571
2023-10-28,Rosalie_DER_A2M38_e-obs_6993__2023__southbound_01,Rosalie / DER A2M38 (e-obs 6993),41.743225,0.5039703,41.743298,0.4941357,41.73909,0.50711703,1.1742818425399704,0.8159845,0,-0.004133478,0.003146693
2023-10-28,Steppach_3_12179_AEH97__2023__southbound_01,Steppach 3 12179 AEH97,40.266342,-3.6305504,40.265514,-3.6311913,40.270084,-3.6218014,0.9449551005182756,0.10706858,0,0.0037429035,0.008749127
2023-10-28,Steppach_5_12185__2023__southbound_01,Steppach 5 12185,33.44672,-7.622064,33.476353,-7.5492783,33.410072,-7.6245203,10.151670387368657,7.513175,0,-0.03664962,-0.0024562255
2023-10-28,Wingersdorf_1_12174_A1X36__2023__southbound_01,Wingersdorf 1 12174 A1X36,38.859203,-3.6566892,38.856075,-3.6611514,38.852276,-3.6362383,2.1982678878163293,0.51977897,0,-0.0069262907,0.020450823
2023-10-28,Wingersdorf_3_12176_AEH99__2023__southbound_01,Wingersdorf 3 12176 AEH99,41.558933,-0.8647534,41.603172,-0.7972073,41.55529,-0.84152967,6.476039452332394,7.4672294,0,-0.0036436617,0.023223735
2023-10-29,Baunach_1_9698_ABR25__2023__southbound_01,Baunach 1 9698 ABR25,34.285084,-6.5718346,34.28158,-6.572624,34.26809,-6.5729914,1.5006882578074072,0.39635482,0,-0.016994536,-0.001157023
2023-10-29,Europa_DER_A1A26_eobs_4004__2023__southbound_01,Europa / DER A1A26 (eobs 4004),40.294094,-3.6313875,40.293938,-3.6303704,40.30073,-3.6108072,1.8230194550868875,0.08797644,0,0.0066389367,0.02058027
2023-10-29,Moenchsambach_4_12183_ABR27__2023__southbound_01,Moenchsambach 4 12183 ABR27,35.699238,-5.8294134,35.69946,-5.8292,35.659798,-5.8109274,4.708855221419047,0.031233396,0,-0.039441314,0.018486254
2023-10-29,Rosalie_DER_A2M38_e-obs_6993__2023__southbound_01,Rosalie / DER A2M38 (e-obs 6993),41.743298,0.4941357,41.71361,0.48021844,41.717293,0.4623235,1.5406964899131144,3.4971237,0,-0.026004255,-0.03181222
2023-10-29,Steppach_3_12179_AEH97__2023__southbound_01,Steppach 3 12179 AEH97,40.265514,-3.6311913,40.28535,-3.6312423,40.255547,-3.635142,3.330559198299616,2.2057366,0,-0.009967931,-0.0039508417
2023-10-29,Steppach_5_12185__2023__southbound_01,Steppach 5 12185,33.476353,-7.5492783,33.475082,-7.5414877,33.460033,-7.5164404,2.8632428180081995,0.73622316,0,-0.016318597,0.032838084
2023-10-29,Wingersdorf_1_12174_A1X36__2023__southbound_01,Wingersdorf 1 12174 A1X36,38.856075,-3.6611514,38.856094,-3.6608472,38.833378,-3.673845,2.76543518298093,0.026407199,0,-0.022698753,-0.012693666
2023-10-29,Wingersdorf_3_12176_AEH99__2023__southbound_01,Wingersdorf 3 12176 AEH99,41.603172,-0.7972073,41.5585,-0.7250764,41.605274,-0.7802297,6.9351875352555075,7.789136,0,0.002100408,0.0169776
2023-10-30,Baunach_1_9698_ABR25__2023__southbound_01,Baunach 1 9698 ABR25,34.28158,-6.572624,34.283302,-6.5777435,34.24972,-6.563028,3.971344863298275,0.5078039,0,-0.031859554,0.009596251
2023-10-30,Europa_DER_A1A26_eobs_4004__2023__southbound_01,Europa / DER A1A26 (eobs 4004),40.293938,-3.6303704,40.294025,-3.6306791,40.288437,-3.606205,2.1668174693621847,0.02798572,0,-0.005499333,0.024165355
2023-10-30,Moenchsambach_4_12183_ABR27__2023__southbound_01,Moenchsambach 4 12183 ABR27,35.69946,-5.8292,35.698902,-5.829426,35.688614,-5.797538,3.098616980657775,0.065357044,0,-0.010846399,0.03166198
2023-10-30,Rosalie_DER_A2M38_e-obs_6993__2023__southbound_01,Rosalie / DER A2M38 (e-obs 6993),41.71361,0.48021844,41.710945,0.4719411,41.677593,0.46085888,3.821015190550216,0.748412,0,-0.036016878,-0.019359574
2023-10-30,Steppach_3_12179_AEH97__2023__southbound_01,Steppach 3 12179 AEH97,40.28535,-3.6312423,40.26598,-3.6322267,40.290775,-3.6272714,2.78900280743885,2.1553674,0,0.0054233447,0.003970824
2023-10-30,Steppach_5_12185__2023__southbound_01,Steppach 5 12185,33.475082,-7.5414877,33.44922,-7.622282,33.455395,-7.5023956,11.143647357975217,8.027758,0,-0.019688763,0.03909219
2023-10-30,Wingersdorf_1_12174_A1X36__2023__southbound_01,Wingersdorf 1 12174 A1X36,38.856094,-3.6608472,38.85624,-3.6609652,38.848564,-3.6404133,1.9737414633334838,0.019347068,0,-0.0075296536,0.020433865
2023-10-30,Wingersdorf_3_12176_AEH99__2023__southbound_01,Wingersdorf 3 12176 AEH99,41.5585,-0.7250764,41.55019,-0.6575411,41.547764,-0.7104149,4.408270141733036,5.695042,0,-0.010735266,0.0146614835
2023-10-31,Baunach_1_9698_ABR25__2023__southbound_01,Baunach 1 9698 ABR25,34.283302,-6.5777435,34.283493,-6.571202,34.270775,-6.5707736,1.4147485359484688,0.6014229,0,-0.012526587,0.0069701374
2023-10-31,Europa_DER_A1A26_eobs_4004__2023__southbound_01,Europa / DER A1A26 (eobs 4004),40.294025,-3.6306791,40.233955,-3.6288927,40.28431,-3.622722,5.623548846085921,6.68133,0,-0.00971476,0.007957138
2023-10-31,Moenchsambach_4_12183_ABR27__2023__southbound_01,Moenchsambach 4 12183 ABR27,35.698902,-5.829426,35.63589,-5.8514314,35.67345,-5.8097367,5.62441340440328,7.282989,0,-0.025453135,0.019688852
2023-10-31,Rosalie_DER_A2M38_e-obs_6993__2023__southbound_01,Rosalie / DER A2M38 (e-obs 6993),41.710945,0.4719411,41.71341,0.47769475,41.70266,0.47582203,1.2053934346900752,0.55080044,0,-0.008284591,0.0038809255
2023-10-31,Steppach_3_12179_AEH97__2023__southbound_01,Steppach 3 12179 AEH97,40.26598,-3.6322267,40.26549,-3.6297338,40.257935,-3.6292589,0.8412575934414009,0.2184085,0,-0.008044384,0.0029678792
2023-10-31,Steppach_5_12185__2023__southbound_01,Steppach 5 12185,33.44922,-7.622282,33.474205,-7.5430717,33.424744,-7.614039,8.579053321535298,7.8556705,0,-0.024476618,0.008243278
2023-10-31,Wingersdorf_1_12174_A1X36__2023__southbound_01,Wingersdorf 1 12174 A1X36,38.85624,-3.6609652,38.85606,-3.661201,38.856304,-3.6540134,0.6229678200180898,0.02850024,0,6.321818e-05,0.0069518685
2023-10-31,Wingersdorf_3_12176_AEH99__2023__southbound_01,Wingersdorf 3 12176 AEH99,41.55019,-0.6575411,41.54415,-0.6264105,41.54188,-0.6404508,1.195446712575812,2.6763086,0,-0.008309267,0.017090313
2023-11-01,Baunach_1_9698_ABR25__2023__southbound_01,Baunach 1 9698 ABR25,34.283493,-6.571202,34.2731,-6.5551667,34.263275,-6.5446925,1.4561443170234174,1.8724275,0,-0.020216703,0.026509069
2023-11-01,Europa_DER_A1A26_eobs_4004__2023__southbound_01,Europa / DER A1A26 (eobs 4004),40.233955,-3.6288927,40.294243,-3.630768,40.20637,-3.6130886,9.885413501123091,6.7054505,0,-0.027582958,0.015804045
2023-11-01,Moenchsambach_4_12183_ABR27__2023__southbound_01,Moenchsambach 4 12183 ABR27,35.63589,-5.8514314,35.45884,-5.965231,35.601357,-5.841786,19.38863699243383,22.217102,1,-0.03453263,0.009645641
2023-11-01,Rosalie_DER_A2M38_e-obs_6993__2023__southbound_01,Rosalie / DER A2M38 (e-obs 6993),41.71341,0.47769475,41.713097,0.4795976,41.71134,0.50810164,2.374058985422308,0.16179718,0,-0.0020676032,0.030406915
2023-11-01,Steppach_3_12179_AEH97__2023__southbound_01,Steppach 3 12179 AEH97,40.26549,-3.6297338,40.265545,-3.6317976,40.26178,-3.6125455,1.6863443202825417,0.17520633,0,-0.0037119612,0.017188333
2023-11-01,Steppach_5_12185__2023__southbound_01,Steppach 5 12185,33.474205,-7.5430717,33.47161,-7.572228,33.454197,-7.509242,6.1553127678674295,2.7196324,0,-0.020009272,0.033829577
2023-11-01,Wingersdorf_1_12174_A1X36__2023__southbound_01,Wingersdorf 1 12174 A1X36,38.85606,-3.661201,38.85888,-3.6615264,38.826958,-3.6932175,4.4868751732453225,0.3146349,0,-0.029102534,-0.03201641
2023-11-02,Baunach_1_9698_ABR25__2023__southbound_01,Baunach 1 9698 ABR25,34.2731,-6.5551667,34.276352,-6.5538573,34.24461,-6.5140734,5.0818888829533995,0.38082454,0,-0.028491482,0.041093297
2023-11-02,Europa_DER_A1A26_eobs_4004__2023__southbound_01,Europa / DER A1A26 (eobs 4004),40.294243,-3.630768,40.294476,-3.630686,40.296852,-3.610011,1.773251963885876,0.02674193,0,0.0026076958,0.020756863
2023-11-02,Moenchsambach_4_12183_ABR27__2023__southbound_01,Moenchsambach 4 12183 ABR27,35.45884,-5.965231,35.112255,-6.0412793,35.39743,-5.966153,32.435522916558874,39.151737,1,-0.061407946,-0.0009223446
2023-11-02,Rosalie_DER_A2M38_e-obs_6993__2023__southbound_01,Rosalie / DER A2M38 (e-obs 6993),41.713097,0.4795976,41.714153,0.4818496,41.704967,0.51182497,2.689743319907331,0.22088999,0,-0.008129045,0.03222736
2023-11-02,Steppach_3_12179_AEH97__2023__southbound_01,Steppach 3 12179 AEH97,40.265545,-3.6317976,40.265774,-3.6321285,40.262283,-3.6345813,0.44040150447294407,0.038105812,0,-0.003263183,-0.0027838126
2023-11-02,Steppach_5_12185__2023__southbound_01,Steppach 5 12185,33.47161,-7.572228,33.45276,-7.621449,33.440937,-7.567173,5.204516408012358,5.0243335,0,-0.030673146,0.0050548464
2023-11-02,Wingersdorf_1_12174_A1X36__2023__southbound_01,Wingersdorf 1 12174 A1X36,38.85888,-3.6615264,39.142864,-3.703179,38.858067,-3.6446898,32.06889800829886,31.78225,1,-0.00081076473,0.01683668
2023-11-03,Baunach_1_9698_ABR25__2023__southbound_01,Baunach 1 9698 ABR25,34.276352,-6.5538573,34.2751,-6.5724926,34.26609,-6.524611,4.512482082151108,1.717943,0,-0.010259718,0.029246189
2023-11-03,Europa_DER_A1A26_eobs_4004__2023__southbound_01,Europa / DER A1A26 (eobs 4004),40.294476,-3.630686,40.294044,-3.6306248,40.298325,-3.591194,3.377817594412935,0.048162032,0,0.0038508251,0.039492168
2023-11-03,Moenchsambach_4_12183_ABR27__2023__southbound_01,Moenchsambach 4 12183 ABR27,35.112255,-6.0412793,34.994827,-5.976958,35.0558,-6.0231447,7.978491013430089,14.309957,1,-0.056452636,0.018134736
2023-11-03,Rosalie_DER_A2M38_e-obs_6993__2023__southbound_01,Rosalie / DER A2M38 (e-obs 6993),41.714153,0.4818496,41.7433,0.4942416,41.714077,0.5081947,3.4497389604881437,3.4001791,0,-7.599592e-05,0.026345097
2023-11-03,Steppach_3_12179_AEH97__2023__southbound_01,Steppach 3 12179 AEH97,40.265774,-3.6321285,40.26597,-3.632079,40.267155,-3.631309,0.14720455837814722,0.021738473,0,0.0013823733,0.0008194372
2023-11-03,Steppach_5_12185__2023__southbound_01,Steppach 5 12185,33.45276,-7.621449,33.473484,-7.5427856,33.42065,-7.6054544,8.265682072960459,7.6524324,0,-0.0321097,0.015994586
2023-11-03,Wingersdorf_1_12174_A1X36__2023__southbound_01,Wingersdorf 1 12174 A1X36,39.142864,-3.703179,38.856987,-3.662081,39.142956,-3.6972077,31.942874841619695,31.98608,1,9.264052e-05,0.005971208
2023-11-04,Baunach_1_9698_ABR25__2023__southbound_01,Baunach 1 9698 ABR25,34.2751,-6.5724926,34.280262,-6.582551,34.254776,-6.5618362,3.4138834906178785,1.0878303,0,-0.020324528,0.010656528
2023-11-04,Europa_DER_A1A26_eobs_4004__2023__southbound_01,Europa / DER A1A26 (eobs 4004),40.294044,-3.6306248,40.294518,-3.6306653,40.27807,-3.6067877,2.729002513784124,0.052774444,0,-0.015976183,0.023837127
2023-11-04,Moenchsambach_4_12183_ABR27__2023__southbound_01,Moenchsambach 4 12183 ABR27,34.994827,-5.976958,34.989765,-5.9766345,34.9545,-5.9367614,5.345806913206253,0.5635395,0,-0.040328044,0.040196232
2023-11-04,Rosalie_DER_A2M38_e-obs_6993__2023__southbound_01,Rosalie / DER A2M38 (e-obs 6993),41.7433,0.4942416,41.732365,0.4941729,41.748493,0.52314925,2.999399325895796,1.2161484,0,0.005190909,0.028907679
2023-11-04,Steppach_3_12179_AEH97__2023__southbound_01,Steppach 3 12179 AEH97,40.26597,-3.632079,40.29269,-3.6323621,40.268894,-3.620926,2.8182432696310236,2.9714298,0,0.0029257685,0.01115299
2023-11-04,Steppach_5_12185__2023__southbound_01,Steppach 5 12185,33.473484,-7.5427856,33.446278,-7.62157,33.453354,-7.4994073,11.361267173757202,7.910114,0,-0.020128481,0.043378197
2023-11-04,Wingersdorf_1_12174_A1X36__2023__southbound_01,Wingersdorf 1 12174 A1X36,38.856987,-3.662081,38.859207,-3.660445,38.80056,-3.662822,6.524525000961938,0.28483272,0,-0.05642668,-0.00074100494
2023-11-05,Baunach_1_9698_ABR25__2023__southbound_01,Baunach 1 9698 ABR25,34.280262,-6.582551,34.271763,-6.5532036,34.265945,-6.5713844,1.7915350494159665,2.8573356,0,-0.014318056,0.011166684
2023-11-05,Europa_DER_A1A26_eobs_4004__2023__southbound_01,Europa / DER A1A26 (eobs 4004),40.294518,-3.6306653,40.29401,-3.6303928,40.298126,-3.60387,2.295492769401344,0.06105275,0,0.0036070272,0.02679547
2023-11-05,Moenchsambach_4_12183_ABR27__2023__southbound_01,Moenchsambach 4 12183 ABR27,34.989765,-5.9766345,34.9907,-5.9766912,34.95866,-5.95084,4.270880580491163,0.10386105,0,-0.031104662,0.02579435
2023-11-05,Rosalie_DER_A2M38_e-obs_6993__2023__southbound_01,Rosalie / DER A2M38 (e-obs 6993),41.732365,0.4941729,41.712486,0.4789396,41.721508,0.5167228,3.2925709528369387,2.5463026,0,-0.010855921,0.02254992
2023-11-05,Steppach_3_12179_AEH97__2023__southbound_01,Steppach 3 12179 AEH97,40.29269,-3.6323621,40.265663,-3.631709,40.294815,-3.6237078,3.3118494766124558,3.00578,0,0.0021241307,0.008654252
2023-11-05,Steppach_5_12185__2023__southbound_01,Steppach 5 12185,33.446278,-7.62157,33.458828,-7.6211157,33.407925,-7.611903,5.724391970720893,1.3965461,0,-0.038352475,0.00966689
2023-11-05,Wingersdorf_1_12174_A1X36__2023__southbound_01,Wingersdorf 1 12174 A1X36,38.859207,-3.660445,38.856266,-3.6568477,38.853592,-3.6439664,1.1543652679699545,0.45182088,0,-0.005613759,0.016478486
2023-11-06,Baunach_1_9698_ABR25__2023__southbound_01,Baunach 1 9698 ABR25,34.271763,-6.5532036,34.28421,-6.5645022,34.252857,-6.5282483,4.8221286937776044,1.7301588,0,-0.018904798,0.02495519
2023-11-06,Europa_DER_A1A26_eobs_4004__2023__southbound_01,Europa / DER A1A26 (eobs 4004),40.29401,-3.6303928,40.294495,-3.630813,40.27575,-3.5969057,3.552019340169439,0.064784974,0,-0.018259674,0.033487193
2023-11-06,Moenchsambach_4_12183_ABR27__2023__southbound_01,Moenchsambach 4 12183 ABR27,34.9907,-5.9766912,34.921604,-6.043048,34.982952,-5.950905,10.819298234839277,9.7773075,0,-0.0077484474,0.025786243
2023-11-06,Rosalie_DER_A2M38_e-obs_6993__2023__southbound_01,Rosalie / DER A2M38 (e-obs 6993),41.712486,0.4789396,41.71214,0.47951245,41.696724,0.49122137,1.9705255770088965,0.061372567,0,-0.0157632,0.012281783
2023-11-06,Steppach_3_12179_AEH97__2023__southbound_01,Steppach 3 12179 AEH97,40.265663,-3.631709,40.294083,-3.6307514,40.25258,-3.6170003,4.760199148811591,3.1611857,0,-0.0130831525,0.014708795
2023-11-06,Steppach_5_12185__2023__southbound_01,Steppach 5 12185,33.458828,-7.6211157,33.475407,-7.541728,33.448505,-7.5981135,6.0255153154864445,7.591092,0,-0.010321356,0.023001976
2023-11-06,Wingersdorf_1_12174_A1X36__2023__southbound_01,Wingersdorf 1 12174 A1X36,38.856266,-3.6568477,38.856174,-3.6609266,38.840843,-3.6271167,3.38805776259012,0.35334834,0,-0.01542189,0.029731117
2023-11-07,Baunach_1_9698_ABR25__2023__southbound_01,Baunach 1 9698 ABR25,34.28421,-6.5645022,34.281456,-6.5611806,34.27065,-6.550401,1.5572601180087826,0.43250567,0,-0.013562806,0.0141009465
2023-11-07,Europa_DER_A1A26_eobs_4004__2023__southbound_01,Europa / DER A1A26 (eobs 4004),40.294495,-3.630813,40.294518,-3.6308484,40.29339,-3.6049888,2.196809223658843,0.003922406,0,-0.0011062846,0.025823958
2023-11-07,Moenchsambach_4_12183_ABR27__2023__southbound_01,Moenchsambach 4 12183 ABR27,34.921604,-6.043048,34.068058,-6.717853,34.87857,-6.033638,109.80086216795505,113.27929,1,-0.04303446,0.009409994
2023-11-07,Rosalie_DER_A2M38_e-obs_6993__2023__southbound_01,Rosalie / DER A2M38 (e-obs 6993),41.71214,0.47951245,41.743244,0.494204,41.696243,0.5189122,5.614201492130236,3.667402,0,-0.015893959,0.03939975
2023-11-07,Steppach_3_12179_AEH97__2023__southbound_01,Steppach 3 12179 AEH97,40.294083,-3.6307514,40.265556,-3.6321094,40.298386,-3.612784,4.00165477460277,3.1737418,0,0.0043030083,0.017967455
2023-11-07,Steppach_5_12185__2023__southbound_01,Steppach 5 12185,33.475407,-7.541728,33.455708,-7.6217475,33.45412,-7.501534,11.153874881124324,7.739064,0,-0.021287426,0.040193804
2023-11-07,Wingersdorf_1_12174_A1X36__2023__southbound_01,Wingersdorf 1 12174 A1X36,38.856174,-3.6609266,38.856083,-3.660916,38.83653,-3.6644676,2.1959694255509,0.009982332,0,-0.019647561,-0.0035409704
2023-11-08,Baunach_1_9698_ABR25__2023__southbound_01,Baunach 1 9698 ABR25,34.281456,-6.5611806,34.2722,-6.554453,34.250343,-6.527343,3.480614157718219,1.2001737,0,-0.031113945,0.03383798
2023-11-08,Europa_DER_A1A26_eobs_4004__2023__southbound_01,Europa / DER A1A26 (eobs 4004),40.294518,-3.6308484,40.29398,-3.63043,40.292988,-3.609616,1.7687375286687725,0.069742784,0,-0.0015302524,0.021232389
2023-11-08,Moenchsambach_4_12183_ABR27__2023__southbound_01,Moenchsambach 4 12183 ABR27,34.068058,-6.717853,33.631397,-7.393556,33.80396,-6.945712,45.649611483680594,79.064575,1,-0.2640994,-0.22785881
2023-11-08,Rosalie_DER_A2M38_e-obs_6993__2023__southbound_01,Rosalie / DER A2M38 (e-obs 6993),41.743244,0.494204,41.743206,0.4941283,41.743263,0.5233967,2.4283081497391175,0.0074062627,0,1.9133091e-05,0.029192649
2023-11-08,Steppach_3_12179_AEH97__2023__southbound_01,Steppach 3 12179 AEH97,40.265556,-3.6321094,40.265564,-3.630683,40.25335,-3.613257,2.007806149796622,0.12102056,0,-0.012207955,0.01885257
2023-11-08,Steppach_5_12185__2023__southbound_01,Steppach 5 12185,33.455708,-7.6217475,33.445225,-7.620805,33.420467,-7.6128855,2.8492986918907928,1.1687229,0,-0.03524059,0.008862101
2023-11-08,Wingersdorf_1_12174_A1X36__2023__southbound_01,Wingersdorf 1 12174 A1X36,38.856083,-3.660916,38.85609,-3.6613634,38.835556,-3.6389956,2.994329738595412,0.03873169,0,-0.020527154,0.021920554
2023-11-09,Baunach_1_9698_ABR25__2023__southbound_01,Baunach 1 9698 ABR25,34.2722,-6.554453,34.272152,-6.554187,34.24109,-6.531271,4.045511379007038,0.02511074,0,-0.03111291,0.0231817
2023-11-09,Europa_DER_A1A26_eobs_4004__2023__southbound_01,Europa / DER A1A26 (eobs 4004),40.29398,-3.63043,40.230637,-3.632524,40.279842,-3.6053674,5.936965671436849,7.045593,0,-0.01413732,0.025062598
2023-11-09,Moenchsambach_4_12183_ABR27__2023__southbound_01,Moenchsambach 4 12183 ABR27,33.631397,-7.393556,33.447975,-7.6218123,33.488533,-7.506483,11.609461962678395,29.385725,1,-0.1428647,-0.11292675
2023-11-09,Rosalie_DER_A2M38_e-obs_6993__2023__southbound_01,Rosalie / DER A2M38 (e-obs 6993),41.743206,0.4941283,41.74327,0.4942022,41.73451,0.507076,1.445790478758138,0.009197037,0,-0.008698814,0.012947746
2023-11-09,Steppach_3_12179_AEH97__2023__southbound_01,Steppach 3 12179 AEH97,40.265564,-3.630683,40.266003,-3.6319509,40.258785,-3.6173217,1.4781502551311243,0.118170075,0,-0.006779149,0.013361208
2023-11-09,Wingersdorf_1_12174_A1X36__2023__southbound_01,Wingersdorf 1 12174 A1X36,38.85609,-3.6613634,38.85607,-3.6615167,38.846317,-3.6569095,1.155667778406489,0.01343445,0,-0.009771623,0.0044539645
2023-11-10,Baunach_1_9698_ABR25__2023__southbound_01,Baunach 1 9698 ABR25,34.272152,-6.554187,34.284035,-6.5705204,34.252285,-6.5245204,5.5074457481555905,1.9996904,0,-0.019868076,0.029666342
2023-11-10,Europa_DER_A1A26_eobs_4004__2023__southbound_01,Europa / DER A1A26 (eobs 4004),40.230637,-3.632524,40.29462,-3.6304753,40.212017,-3.6099584,9.348666634989536,7.1168957,0,-0.01861994,0.022565566
2023-11-10,Moenchsambach_4_12183_ABR27__2023__southbound_01,Moenchsambach 4 12183 ABR27,33.447975,-7.6218123,33.448605,-7.6214485,33.370464,-7.65734,9.305601394323949,0.07784459,0,-0.077512026,-0.035527788
2023-11-10,Rosalie_DER_A2M38_e-obs_6993__2023__southbound_01,Rosalie / DER A2M38 (e-obs 6993),41.74327,0.4942022,41.74329,0.49422145,41.742043,0.51076734,1.3797590348934008,0.0027605987,0,-0.0012281612,0.016565166
2023-11-10,Steppach_3_12179_AEH97__2023__southbound_01,Steppach 3 12179 AEH97,40.266003,-3.6319509,40.26544,-3.6319346,40.265083,-3.626885,0.4303114793049869,0.062351022,0,-0.00092024356,0.005065985
2023-11-10,Wingersdorf_1_12174_A1X36__2023__southbound_01,Wingersdorf 1 12174 A1X36,38.85607,-3.6615167,38.85625,-3.6608453,38.843697,-3.6572437,1.4303783880361536,0.061441284,0,-0.012374714,0.0042728186
2023-11-11,Baunach_1_9698_ABR25__2023__southbound_01,Baunach 1 9698 ABR25,34.284035,-6.5705204,34.281242,-6.565124,34.272057,-6.5587273,1.1784514904339685,0.58516484,0,-0.011979505,0.011793204
2023-11-11,Europa_DER_A1A26_eobs_4004__2023__southbound_01,Europa / DER A1A26 (eobs 4004),40.29462,-3.6304753,40.15533,-3.5734997,40.294353,-3.616812,15.88998562430482,16.226252,1,-0.00026860833,0.013663255
2023-11-11,Moenchsambach_4_12183_ABR27__2023__southbound_01,Moenchsambach 4 12183 ABR27,33.448605,-7.6214485,33.449043,-7.62219,33.43042,-7.589947,3.6385351376652784,0.08424206,0,-0.018185146,0.03150136
2023-11-11,Rosalie_DER_A2M38_e-obs_6993__2023__southbound_01,Rosalie / DER A2M38 (e-obs 6993),41.74329,0.49422145,41.74322,0.49421024,41.742805,0.51928306,2.080728262918828,0.007844446,0,-0.0004857853,0.0250616
2023-11-11,Steppach_3_12179_AEH97__2023__southbound_01,Steppach 3 12179 AEH97,40.26544,-3.6319346,40.26587,-3.631675,40.25393,-3.6183906,1.7416689930898337,0.052421402,0,-0.01151149,0.0135440305
2023-11-11,Wingersdorf_1_12174_A1X36__2023__southbound_01,Wingersdorf 1 12174 A1X36,38.85625,-3.6608453,38.85627,-3.6612308,38.848083,-3.6339092,2.5349868632908388,0.033456616,0,-0.008167803,0.026936062
2023-11-12,Baunach_1_9698_ABR25__2023__southbound_01,Baunach 1 9698 ABR25,34.281242,-6.565124,34.282967,-6.5682855,34.254787,-6.5287194,4.7997069075928716,0.34821656,0,-0.026454441,0.03640484
2023-11-12,Europa_DER_A1A26_eobs_4004__2023__southbound_01,Europa / DER A1A26 (eobs 4004),40.15533,-3.5734997,40.230537,-3.632368,40.131165,-3.5430143,13.405992156366759,9.743647,0,-0.024166442,0.03048528
2023-11-12,Moenchsambach_4_12183_ABR27__2023__southbound_01,Moenchsambach 4 12183 ABR27,33.449043,-7.62219,33.478336,-7.543622,33.424328,-7.608217,8.48410206836805,7.982944,0,-0.024716333,0.013973452
2023-11-12,Rosalie_DER_A2M38_e-obs_6993__2023__southbound_01,Rosalie / DER A2M38 (e-obs 6993),41.74322,0.49421024,41.74578,0.49463734,41.731903,0.51045996,2.026045845443643,0.28704396,0,-0.011318095,0.016249694
2023-11-12,Steppach_3_12179_AEH97__2023__southbound_01,Steppach 3 12179 AEH97,40.26587,-3.631675,40.26643,-3.631096,40.262375,-3.620973,0.9700734742117906,0.07918605,0,-0.0034956038,0.010701872
2023-11-12,Wingersdorf_1_12174_A1X36__2023__southbound_01,Wingersdorf 1 12174 A1X36,38.85627,-3.6612308,38.856354,-3.6606739,38.84543,-3.6563988,1.2699949614839272,0.049093466,0,-0.010841526,0.0048319846
2023-11-13,Baunach_1_9698_ABR25__2023__southbound_01,Baunach 1 9698 ABR25,34.282967,-6.5682855,34.28377,-6.572701,34.26667,-6.561522,2.1612738551636608,0.41540548,0,-0.016296953,0.006763406
2023-11-13,Moenchsambach_4_12183_ABR27__2023__southbound_01,Moenchsambach 4 12183 ABR27,33.478336,-7.543622,33.45872,-7.6218796,33.45537,-7.509332,10.447659859063629,7.5796537,0,-0.022963151,0.03428989
2023-11-13,Rosalie_DER_A2M38_e-obs_6993__2023__southbound_01,Rosalie / DER A2M38 (e-obs 6993),41.74578,0.49463734,41.744133,0.494694,41.74392,0.51016754,1.283992102235774,0.18324305,0,-0.0018607825,0.015530221
2023-11-13,Steppach_3_12179_AEH97__2023__southbound_01,Steppach 3 12179 AEH97,40.26643,-3.631096,40.26567,-3.6315665,40.264095,-3.617255,1.2268927670298306,0.093323015,0,-0.0023349077,0.013840936
2023-11-13,Wingersdorf_1_12174_A1X36__2023__southbound_01,Wingersdorf 1 12174 A1X36,38.856354,-3.6606739,38.85607,-3.66082,38.845665,-3.6360397,2.4379985430791455,0.03393981,0,-0.010690562,0.024634235
2023-11-14,Baunach_1_9698_ABR25__2023__southbound_01,Baunach 1 9698 ABR25,34.28377,-6.572701,34.272156,-6.554016,34.265686,-6.570989,1.717602184012103,2.1485,0,-0.018087134,0.0017118007
2023-11-14,Moenchsambach_4_12183_ABR27__2023__southbound_01,Moenchsambach 4 12183 ABR27,33.45872,-7.6218796,33.473347,-7.570586,33.41997,-7.624991,7.7913140879543805,5.028303,0,-0.03875101,-0.0031114444
2023-11-14,Rosalie_DER_A2M38_e-obs_6993__2023__southbound_01,Rosalie / DER A2M38 (e-obs 6993),41.744133,0.494694,41.744125,0.4947767,41.727673,0.5170942,2.6031123116238546,0.0069370903,0,-0.016458757,0.022400208
2023-11-14,Steppach_3_12179_AEH97__2023__southbound_01,Steppach 3 12179 AEH97,40.26567,-3.6315665,40.334213,-3.5989375,40.254932,-3.6225767,9.04074533883923,8.108298,0,-0.010737859,0.008989841
2023-11-14,Wingersdorf_1_12174_A1X36__2023__southbound_01,Wingersdorf 1 12174 A1X36,38.85607,-3.66082,38.85631,-3.66075,38.8384,-3.6456435,2.3827629971179136,0.027543848,0,-0.017669015,0.015176646
2023-11-15,Baunach_1_9698_ABR25__2023__southbound_01,Baunach 1 9698 ABR25,34.272156,-6.554016,34.272285,-6.554067,34.244156,-6.512197,4.958914444484049,0.015074011,0,-0.028001636,0.041819103
2023-11-15,Moenchsambach_4_12183_ABR27__2023__southbound_01,Moenchsambach 4 12183 ABR27,33.473347,-7.570586,33.45881,-7.6219025,33.448315,-7.527323,8.851761709685206,5.027038,0,-0.025033057,0.04326359
2023-11-15,Rosalie_DER_A2M38_e-obs_6993__2023__southbound_01,Rosalie / DER A2M38 (e-obs 6993),41.744125,0.4947767,41.74586,0.4947748,41.733402,0.52137524,2.6058379203144866,0.1932738,0,-0.010724388,0.02659855
2023-11-15,Steppach_3_12179_AEH97__2023__southbound_01,Steppach 3 12179 AEH97,40.334213,-3.5989375,40.30652,-3.5278523,40.33765,-3.5875363,6.130693524552017,6.76766,0,0.0034376085,0.011401154
2023-11-15,Wingersdorf_1_12174_A1X36__2023__southbound_01,Wingersdorf 1 12174 A1X36,38.85631,-3.66075,38.865677,-3.6790817,38.85652,-3.6352642,3.9281141771686565,1.8983909,0,0.00021081418,0.025485642
2023-11-16,Baunach_1_9698_ABR25__2023__southbound_01,Baunach 1 9698 ABR25,34.272285,-6.554067,34.27588,-6.5517488,34.262146,-6.5249896,2.8945227756853806,0.45298064,0,-0.010141037,0.029077642
2023-11-16,Moenchsambach_4_12183_ABR27__2023__southbound_01,Moenchsambach 4 12183 ABR27,33.45881,-7.6219025,33.44659,-7.6218133,33.421997,-7.610143,2.941271968380151,1.3589514,0,-0.036812704,0.01175914
2023-11-16,Rosalie_DER_A2M38_e-obs_6993__2023__southbound_01,Rosalie / DER A2M38 (e-obs 6993),41.74586,0.4947748,41.745934,0.49486834,41.749596,0.5078341,1.1501467313787024,0.010987954,0,0.0037330016,0.013059311
2023-11-16,Steppach_3_12179_AEH97__2023__southbound_01,Steppach 3 12179 AEH97,40.30652,-3.5278523,40.23515,-3.6318927,40.295753,-3.5079603,12.48948174642658,11.86986,1,-0.010765478,0.019891955
2023-11-16,Wingersdorf_1_12174_A1X36__2023__southbound_01,Wingersdorf 1 12174 A1X36,38.865677,-3.6790817,38.918842,-3.832853,38.857426,-3.680638,14.839242140546506,14.562349,1,-0.00824929,-0.0015564933
2023-11-17,Baunach_1_9698_ABR25__2023__southbound_01,Baunach 1 9698 ABR25,34.27588,-6.5517488,34.283287,-6.5709524,34.26572,-6.518126,5.232288697627777,1.9472551,0,-0.010160007,0.033622704
2023-11-17,Moenchsambach_4_12183_ABR27__2023__southbound_01,Moenchsambach 4 12183 ABR27,33.44659,-7.6218133,33.458675,-7.6218348,33.406128,-7.590091,6.54353978018963,1.343983,0,-0.040463563,0.03172227
2023-11-17,Rosalie_DER_A2M38_e-obs_6993__2023__southbound_01,Rosalie / DER A2M38 (e-obs 6993),41.745934,0.49486834,41.74458,0.4948705,41.74446,0.5135842,1.5526362088809125,0.15038589,0,-0.0014727712,0.01871588
2023-11-17,Steppach_3_12179_AEH97__2023__southbound_01,Steppach 3 12179 AEH97,40.23515,-3.6318927,40.325912,-3.6083684,40.20891,-3.642182,13.322465768721557,10.287796,1,-0.026236035,-0.010289505
2023-11-17,Wingersdorf_1_12174_A1X36__2023__southbound_01,Wingersdorf 1 12174 A1X36,38.918842,-3.832853,38.856266,-3.6613173,38.90912,-3.8363767,16.25253181564523,16.396435,1,-0.009723388,-0.0035235137
2023-11-18,Baunach_1_9698_ABR25__2023__southbound_01,Baunach 1 9698 ABR25,34.283287,-6.5709524,34.281353,-6.561176,34.27062,-6.5549493,1.3236599074038087,0.9236507,0,-0.01266741,0.016003244
2023-11-18,Moenchsambach_4_12183_ABR27__2023__southbound_01,Moenchsambach 4 12183 ABR27,33.458675,-7.6218348,33.447365,-7.622886,33.440334,-7.589032,3.2369332725887836,1.2614843,0,-0.018341504,0.03280238
2023-11-18,Rosalie_DER_A2M38_e-obs_6993__2023__southbound_01,Rosalie / DER A2M38 (e-obs 6993),41.74458,0.4948705,41.745796,0.4950494,41.733376,0.5157437,2.203561490805125,0.13619672,0,-0.011204325,0.020873167
2023-11-18,Steppach_3_12179_AEH97__2023__southbound_01,Steppach 3 12179 AEH97,40.325912,-3.6083684,40.23171,-3.636619,40.329605,-3.5881655,11.635766214967903,10.745651,1,0.0036945045,0.020202927
2023-11-18,Wingersdorf_1_12174_A1X36__2023__southbound_01,Wingersdorf 1 12174 A1X36,38.856266,-3.6613173,38.858448,-3.661588,38.82916,-3.6179614,4.988219833661043,0.24369085,0,-0.0271056,0.043355934
2023-11-19,Baunach_1_9698_ABR25__2023__southbound_01,Baunach 1 9698 ABR25,34.281353,-6.561176,34.281303,-6.5612116,34.259518,-6.5189233,4.579135618888618,0.006507646,0,-0.021835089,0.04225246
2023-11-19,Moenchsambach_4_12183_ABR27__2023__southbound_01,Moenchsambach 4 12183 ABR27,33.447365,-7.622886,33.439205,-7.6215754,33.41082,-7.587786,4.449187304753601,0.91540307,0,-0.036544383,0.035100095
2023-11-19,Rosalie_DER_A2M38_e-obs_6993__2023__southbound_01,Rosalie / DER A2M38 (e-obs 6993),41.745796,0.4950494,41.70665,0.5336176,41.748306,0.50639635,5.153496737169488,5.4030924,0,0.002511099,0.0113469735
2023-11-19,Steppach_3_12179_AEH97__2023__southbound_01,Steppach 3 12179 AEH97,40.23171,-3.636619,40.225853,-3.644007,40.196815,-3.624749,3.619332777020511,0.9040822,0,-0.034891807,0.011870138
2023-11-19,Wingersdorf_1_12174_A1X36__2023__southbound_01,Wingersdorf 1 12174 A1X36,38.858448,-3.661588,38.85814,-3.6571455,38.85292,-3.6370194,1.8368057305088699,0.38617155,0,-0.005529113,0.024568595
2023-11-20,Baunach_1_9698_ABR25__2023__southbound_01,Baunach 1 9698 ABR25,34.281303,-6.5612116,34.281425,-6.5612683,34.258163,-6.5356116,3.499856884697547,0.014519417,0,-0.02314008,0.02559989
2023-11-20,Moenchsambach_4_12183_ABR27__2023__southbound_01,Moenchsambach 4 12183 ABR27,33.439205,-7.6215754,33.45976,-7.621503,33.40424,-7.578719,7.3398861076429185,2.2854357,0,-0.03496661,0.042856373
2023-11-20,Rosalie_DER_A2M38_e-obs_6993__2023__southbound_01,Rosalie / DER A2M38 (e-obs 6993),41.70665,0.5336176,41.540268,0.6152956,41.691452,0.56289613,17.36611979849833,19.707071,1,-0.015196383,0.02927854
2023-11-20,Steppach_3_12179_AEH97__2023__southbound_01,Steppach 3 12179 AEH97,40.225853,-3.644007,40.2327,-3.6341224,40.20288,-3.636246,3.3206793864698385,1.1330414,0,-0.02297271,0.0077610314
2023-11-20,Wingersdorf_1_12174_A1X36__2023__southbound_01,Wingersdorf 1 12174 A1X36,38.85814,-3.6571455,38.85606,-3.6612327,38.836723,-3.6090136,5.00741644971756,0.4227962,0,-0.02141548,0.048131905
2023-11-21,Baunach_1_9698_ABR25__2023__southbound_01,Baunach 1 9698 ABR25,34.281425,-6.5612683,34.281376,-6.5612226,34.27415,-6.5351133,2.5299257290309938,0.006838433,0,-0.0072747916,0.026155002
2023-11-21,Moenchsambach_4_12183_ABR27__2023__southbound_01,Moenchsambach 4 12183 ABR27,33.45976,-7.621503,33.497948,-7.5613947,33.4448,-7.5837507,6.262863744136829,7.007762,0,-0.014957033,0.03775228
2023-11-21,Rosalie_DER_A2M38_e-obs_6993__2023__southbound_01,Rosalie / DER A2M38 (e-obs 6993),41.540268,0.6152956,41.558655,0.6160108,41.513752,0.6627,6.3270545955941575,2.0452712,0,-0.026517056,0.047404386
2023-11-21,Steppach_3_12179_AEH97__2023__southbound_01,Steppach 3 12179 AEH97,40.2327,-3.6341224,40.23251,-3.634634,40.225048,-3.588048,4.040981019277708,0.04841301,0,-0.007652089,0.046074457
2023-11-21,Wingersdorf_1_12174_A1X36__2023__southbound_01,Wingersdorf 1 12174 A1X36,38.85606,-3.6612327,38.856567,-3.661817,38.842255,-3.644779,2.1702338697795542,0.075648196,0,-0.013804838,0.016453676
2023-11-22,Baunach_1_9698_ABR25__2023__southbound_01,Baunach 1 9698 ABR25,34.281376,-6.5612226,34.283905,-6.5719705,34.258602,-6.5267897,5.015198800340379,1.0267789,0,-0.022774182,0.034433015
2023-11-22,Moenchsambach_4_12183_ABR27__2023__southbound_01,Moenchsambach 4 12183 ABR27,33.497948,-7.5613947,33.50327,-7.557419,33.47893,-7.5176053,4.577658251103954,0.69728947,0,-0.019017577,0.04378935
2023-11-22,Rosalie_DER_A2M38_e-obs_6993__2023__southbound_01,Rosalie / DER A2M38 (e-obs 6993),41.558655,0.6160108,41.82834,0.8166171,41.555386,0.6425496,33.61670865516133,34.302917,1,-0.0032704845,0.026538782
2023-11-22,Steppach_3_12179_AEH97__2023__southbound_01,Steppach 3 12179 AEH97,40.23251,-3.634634,40.2656,-3.6340187,40.2244,-3.6076899,5.097059129789601,3.6799715,0,-0.008110769,0.026944153
2023-11-22,Wingersdorf_1_12174_A1X36__2023__southbound_01,Wingersdorf 1 12174 A1X36,38.856567,-3.661817,38.919888,-3.8328354,38.850803,-3.640432,18.33975813305924,16.391167,1,-0.0057640597,0.021385081
2023-11-23,Baunach_1_9698_ABR25__2023__southbound_01,Baunach 1 9698 ABR25,34.283905,-6.5719705,34.281334,-6.5615163,34.27537,-6.5506697,1.1969854057466625,1.0020943,0,-0.008533269,0.02130077
2023-11-23,Moenchsambach_4_12183_ABR27__2023__southbound_01,Moenchsambach 4 12183 ABR27,33.50327,-7.557419,33.502865,-7.5411954,33.490532,-7.5171876,2.6146743468252303,1.5049024,0,-0.012736924,0.040231325
2023-11-23,Rosalie_DER_A2M38_e-obs_6993__2023__southbound_01,Rosalie / DER A2M38 (e-obs 6993),41.82834,0.8166171,41.840607,0.82293785,41.830235,0.84836763,2.4018225868988465,1.4612073,0,0.0018966272,0.031750537
2023-11-23,Steppach_3_12179_AEH97__2023__southbound_01,Steppach 3 12179 AEH97,40.2656,-3.6340187,40.2657,-3.633855,40.270275,-3.5968745,3.178578287319729,0.01794666,0,0.0046772435,0.03714416
2023-11-23,Wingersdorf_1_12174_A1X36__2023__southbound_01,Wingersdorf 1 12174 A1X36,38.919888,-3.8328354,38.90326,-3.7839236,38.897755,-3.8334658,4.330665767985383,4.6183357,0,-0.022133172,-0.0006303862
2023-11-24,Baunach_1_9698_ABR25__2023__southbound_01,Baunach 1 9698 ABR25,34.281334,-6.5615163,34.281174,-6.5614357,34.259506,-6.5220222,4.3499052286039115,0.019375496,0,-0.021827139,0.03949412
2023-11-24,Moenchsambach_4_12183_ABR27__2023__southbound_01,Moenchsambach 4 12183 ABR27,33.502865,-7.5411954,33.480267,-7.5407224,33.475857,-7.488457,4.872200696858806,2.5129247,0,-0.027009204,0.052738406
2023-11-24,Rosalie_DER_A2M38_e-obs_6993__2023__southbound_01,Rosalie / DER A2M38 (e-obs 6993),41.840607,0.82293785,41.81868,0.7689549,41.839077,0.8541999,7.418276445616293,5.0940795,0,-0.0015306026,0.031262018
2023-11-24,Steppach_3_12179_AEH97__2023__southbound_01,Steppach 3 12179 AEH97,40.2657,-3.633855,40.266354,-3.6292095,40.256744,-3.5890722,3.5694554868800514,0.40076584,0,-0.008955009,0.04478299
2023-11-24,Wingersdorf_1_12174_A1X36__2023__southbound_01,Wingersdorf 1 12174 A1X36,38.90326,-3.7839236,38.85616,-3.6584475,38.878273,-3.7365992,7.199082895187127,12.058127,1,-0.024986967,0.04732453
2023-11-25,Baunach_1_9698_ABR25__2023__southbound_01,Baunach 1 9698 ABR25,34.281174,-6.5614357,34.27293,-6.5521293,34.256283,-6.525454,3.07177104192221,1.2536829,0,-0.024891004,0.035981707
2023-11-25,Moenchsambach_4_12183_ABR27__2023__southbound_01,Moenchsambach 4 12183 ABR27,33.480267,-7.5407224,33.497402,-7.5612535,33.447205,-7.494394,8.343504203974128,2.6934094,0,-0.03306119,0.04632833
2023-11-25,Rosalie_DER_A2M38_e-obs_6993__2023__southbound_01,Rosalie / DER A2M38 (e-obs 6993),41.81868,0.7689549,41.743343,0.49553445,41.811554,0.7905612,25.61308765095935,24.169603,1,-0.007125251,0.021606348
2023-11-25,Steppach_3_12179_AEH97__2023__southbound_01,Steppach 3 12179 AEH97,40.266354,-3.6292095,40.26269,-3.632117,40.25311,-3.582601,4.334812738277231,0.4759697,0,-0.013244152,0.046608396
2023-11-25,Wingersdorf_1_12174_A1X36__2023__southbound_01,Wingersdorf 1 12174 A1X36,38.85616,-3.6584475,38.85613,-3.658781,38.82995,-3.606768,5.363447903992112,0.029072437,0,-0.026209041,0.05167968
2023-11-26,Baunach_1_9698_ABR25__2023__southbound_01,Baunach 1 9698 ABR25,34.27293,-6.5521293,34.001904,-6.8074007,34.251217,-6.515368,38.61487228420875,38.21256,1,-0.02171196,0.036761083
2023-11-26,Moenchsambach_4_12183_ABR27__2023__southbound_01,Moenchsambach 4 12183 ABR27,33.497402,-7.5612535,33.492714,-7.5658636,33.48553,-7.532444,3.2004579913697624,0.6740342,0,-0.011872739,0.028809763
2023-11-26,Rosalie_DER_A2M38_e-obs_6993__2023__southbound_01,Rosalie / DER A2M38 (e-obs 6993),41.743343,0.49553445,41.709515,0.2965722,41.725597,0.49873972,16.87489047025698,16.934584,1,-0.017746903,0.003205277
2023-11-26,Steppach_3_12179_AEH97__2023__southbound_01,Steppach 3 12179 AEH97,40.26269,-3.632117,40.26462,-3.6307583,40.249832,-3.6038544,2.813659462902776,0.24359265,0,-0.012860276,0.028262682
2023-11-26,Wingersdorf_1_12174_A1X36__2023__southbound_01,Wingersdorf 1 12174 A1X36,38.85613,-3.658781,38.856075,-3.660649,38.8409,-3.6549284,1.7585911314075673,0.1618512,0,-0.015228637,0.0038525313
2023-11-27,Baunach_1_9698_ABR25__2023__southbound_01,Baunach 1 9698 ABR25,34.001904,-6.8074007,33.993755,-6.8005514,33.93409,-6.812584,6.726692581185292,1.1043301,0,-0.06781476,-0.0051832795
2023-11-27,Moenchsambach_4_12183_ABR27__2023__southbound_01,Moenchsambach 4 12183 ABR27,33.492714,-7.5658636,33.55057,-7.5903454,33.464054,-7.5296664,11.144558090626175,6.8221097,0,-0.028659686,0.036196955
2023-11-27,Rosalie_DER_A2M38_e-obs_6993__2023__southbound_01,Rosalie / DER A2M38 (e-obs 6993),41.709515,0.2965722,41.74593,0.495411,41.703068,0.30460703,16.5366781034557,16.990494,1,-0.006446123,0.00803481
2023-11-27,Steppach_3_12179_AEH97__2023__southbound_01,Steppach 3 12179 AEH97,40.26462,-3.6307583,40.26438,-3.630731,40.260902,-3.6049476,2.2217191589568346,0.026942255,0,-0.003721103,0.025810622
2023-11-27,Wingersdorf_1_12174_A1X36__2023__southbound_01,Wingersdorf 1 12174 A1X36,38.856075,-3.660649,38.856102,-3.660872,38.84787,-3.6459193,1.5857138553415604,0.019517953,0,-0.008204885,0.014729761
2023-11-28,Baunach_1_9698_ABR25__2023__southbound_01,Baunach 1 9698 ABR25,33.993755,-6.8005514,33.994846,-6.8125234,33.96362,-6.7540836,6.410432173203325,1.1103411,0,-0.030135736,0.046467982
2023-11-28,Moenchsambach_4_12183_ABR27__2023__southbound_01,Moenchsambach 4 12183 ABR27,33.55057,-7.5903454,33.507736,-7.5575914,33.539173,-7.553291,3.5182900793341307,5.648391,0,-0.011399113,0.037054427
2023-11-28,Rosalie_DER_A2M38_e-obs_6993__2023__southbound_01,Rosalie / DER A2M38 (e-obs 6993),41.74593,0.495411,41.745968,0.4953456,41.74066,0.52636665,2.64047669514234,0.0069078705,0,-0.0052692816,0.03095565
2023-11-28,Steppach_3_12179_AEH97__2023__southbound_01,Steppach 3 12179 AEH97,40.26438,-3.630731,40.26456,-3.6301112,40.24744,-3.6012511,3.1019395071474247,0.056226376,0,-0.016940646,0.029480018
2023-11-28,Wingersdorf_1_12174_A1X36__2023__southbound_01,Wingersdorf 1 12174 A1X36,38.856102,-3.660872,38.85611,-3.6602225,38.84905,-3.6423829,1.7328945134682259,0.056237113,0,-0.007052101,0.01848916
2023-11-29,Baunach_1_9698_ABR25__2023__southbound_01,Baunach 1 9698 ABR25,33.994846,-6.8125234,33.872044,-6.816385,33.979755,-6.7921615,12.183765134696216,13.659502,1,-0.015089944,0.020361982
2023-11-29,Moenchsambach_4_12183_ABR27__2023__southbound_01,Moenchsambach 4 12183 ABR27,33.507736,-7.5575914,33.480156,-7.541269,33.47627,-7.508006,3.115161878929823,3.4200845,0,-0.031468138,0.049585156
2023-11-29,Rosalie_DER_A2M38_e-obs_6993__2023__southbound_01,Rosalie / DER A2M38 (e-obs 6993),41.745968,0.4953456,41.746017,0.49537814,41.748535,0.51298285,1.487101202947041,0.0060263188,0,0.002568014,0.01763726
2023-11-29,Steppach_3_12179_AEH97__2023__southbound_01,Steppach 3 12179 AEH97,40.26456,-3.6301112,40.264244,-3.5876791,40.252384,-3.6017292,1.7778024175397893,3.6005218,0,-0.01217521,0.028382115
2023-11-29,Wingersdorf_1_12174_A1X36__2023__southbound_01,Wingersdorf 1 12174 A1X36,38.85611,-3.6602225,38.85601,-3.6595888,38.83999,-3.640966,2.4030850434232356,0.055998303,0,-0.0161198,0.019256614
2023-11-30,Baunach_1_9698_ABR25__2023__southbound_01,Baunach 1 9698 ABR25,33.872044,-6.816385,33.87243,-6.8173594,33.836983,-6.77766,5.3827607965873066,0.099673286,0,-0.035059534,0.03872513
2023-11-30,Moenchsambach_4_12183_ABR27__2023__southbound_01,Moenchsambach 4 12183 ABR27,33.480156,-7.541269,33.550564,-7.5894938,33.44923,-7.492872,14.395468679576927,9.015538,0,-0.030925952,0.04839679
2023-11-30,Rosalie_DER_A2M38_e-obs_6993__2023__southbound_01,Rosalie / DER A2M38 (e-obs 6993),41.746017,0.49537814,41.7462,0.49535015,41.748657,0.5126178,1.4583599540222125,0.020442195,0,0.0026404038,0.017239682
2023-11-30,Steppach_3_12179_AEH97__2023__southbound_01,Steppach 3 12179 AEH97,40.264244,-3.5876791,40.334198,-3.5277765,40.250633,-3.5584397,9.649075194609624,9.290646,0,-0.013611533,0.029239364
2023-11-30,Wingersdorf_1_12174_A1X36__2023__southbound_01,Wingersdorf 1 12174 A1X36,38.85601,-3.6595888,38.85624,-3.6613786,38.839317,-3.6366704,2.849402547528835,0.15710013,0,-0.016692288,0.022918485
2023-12-01,Baunach_1_9698_ABR25__2023__southbound_01,Baunach 1 9698 ABR25,33.87243,-6.8173594,33.87443,-6.8214455,33.864334,-6.7965236,2.560279249685152,0.4380163,0,-0.008094013,0.020835884
2023-12-01,Moenchsambach_4_12183_ABR27__2023__southbound_01,Moenchsambach 4 12183 ABR27,33.550564,-7.5894938,33.43151,-7.561327,33.541214,-7.5617833,12.198514408424858,13.493228,1,-0.009349555,0.027710281
2023-12-01,Rosalie_DER_A2M38_e-obs_6993__2023__southbound_01,Rosalie / DER A2M38 (e-obs 6993),41.7462,0.49535015,41.745934,0.5267311,41.75239,0.5061529,1.8520378541542442,2.6036196,0,0.0061907023,0.010802783
2023-12-01,Steppach_3_12179_AEH97__2023__southbound_01,Steppach 3 12179 AEH97,40.334198,-3.5277765,40.26618,-3.6312008,40.330727,-3.5099938,12.537059380694936,11.581508,1,-0.003471069,0.017782621
2023-12-01,Wingersdorf_1_12174_A1X36__2023__southbound_01,Wingersdorf 1 12174 A1X36,38.85624,-3.6613786,39.144985,-3.7003007,38.848415,-3.6551986,33.20664439910877,32.282867,1,-0.007825218,0.006179966
2023-12-02,Baunach_1_9698_ABR25__2023__southbound_01,Baunach 1 9698 ABR25,33.87443,-6.8214455,33.871765,-6.819976,33.86823,-6.8035636,1.5654615662578435,0.32584733,0,-0.0062021613,0.017881952
2023-12-02,Moenchsambach_4_12183_ABR27__2023__southbound_01,Moenchsambach 4 12183 ABR27,33.43151,-7.561327,33.43068,-7.558532,33.398594,-7.523997,4.796192388302888,0.27535653,0,-0.03291689,0.037330367
2023-12-02,Rosalie_DER_A2M38_e-obs_6993__2023__southbound_01,Rosalie / DER A2M38 (e-obs 6993),41.745934,0.5267311,41.54252,0.59884185,41.73949,0.55201954,22.24521962538635,23.39926,1,-0.0064432994,0.025288485
2023-12-02,Steppach_3_12179_AEH97__2023__southbound_01,Steppach 3 12179 AEH97,40.26618,-3.6312008,40.18798,-3.5668607,40.25567,-3.6243002,8.968409527968005,10.268506,1,-0.010508217,0.006900601
2023-12-02,Wingersdorf_1_12174_A1X36__2023__southbound_01,Wingersdorf 1 12174 A1X36,39.144985,-3.7003007,39.129887,-3.6981657,39.14777,-3.6927805,2.0420526787401,1.689059,0,0.0027833804,0.0075201318
2023-12-03,Baunach_1_9698_ABR25__2023__southbound_01,Baunach 1 9698 ABR25,33.871765,-6.819976,33.874397,-6.834759,33.849434,-6.7816243,5.636997982179838,1.3957909,0,-0.02233234,0.03835141
2023-12-03,Rosalie_DER_A2M38_e-obs_6993__2023__southbound_01,Rosalie / DER A2M38 (e-obs 6993),41.54252,0.59884185,41.54272,0.54135495,41.51402,0.6478646,9.423169259505265,4.784421,0,-0.028499633,0.04902274
2023-12-03,Steppach_3_12179_AEH97__2023__southbound_01,Steppach 3 12179 AEH97,40.18798,-3.5668607,40.26121,-3.6309843,40.173557,-3.527398,13.128462551383073,9.795119,0,-0.014422603,0.03946247
2023-12-03,Wingersdorf_1_12174_A1X36__2023__southbound_01,Wingersdorf 1 12174 A1X36,39.129887,-3.6981657,38.856,-3.6614406,39.1208,-3.6732297,29.462195541641655,30.620024,1,-0.009086378,0.024935879
2023-12-04,Baunach_1_9698_ABR25__2023__southbound_01,Baunach 1 9698 ABR25,33.874397,-6.834759,33.88562,-6.874328,33.861713,-6.813789,6.189065842125539,3.8600705,0,-0.012685373,0.020970576
2023-12-04,Rosalie_DER_A2M38_e-obs_6993__2023__southbound_01,Rosalie / DER A2M38 (e-obs 6993),41.54272,0.54135495,41.545254,0.58241457,41.54454,0.5589398,1.9552355984846372,3.428706,0,0.0018187836,0.017584838
2023-12-04,Steppach_3_12179_AEH97__2023__southbound_01,Steppach 3 12179 AEH97,40.26121,-3.6309843,40.261288,-3.629937,40.269966,-3.6196592,1.300650025740879,0.089248605,0,0.008756481,0.0113251135
2023-12-04,Wingersdorf_1_12174_A1X36__2023__southbound_01,Wingersdorf 1 12174 A1X36,38.856,-3.6614406,38.855865,-3.6605136,38.82406,-3.6301687,4.406368985868289,0.08161483,0,-0.031938806,0.031271897
2023-12-05,Baunach_1_9698_ABR25__2023__southbound_01,Baunach 1 9698 ABR25,33.88562,-6.874328,33.87159,-6.8183,33.874973,-6.850396,2.9869993945073223,5.4024296,0,-0.010646708,0.023931809
2023-12-05,Rosalie_DER_A2M38_e-obs_6993__2023__southbound_01,Rosalie / DER A2M38 (e-obs 6993),41.545254,0.58241457,41.55631,0.55531466,41.538715,0.60687137,4.715453043653422,2.5685146,0,-0.0065399706,0.024456821
2023-12-05,Steppach_3_12179_AEH97__2023__southbound_01,Steppach 3 12179 AEH97,40.261288,-3.629937,40.26255,-3.630747,40.253983,-3.6114397,1.895230269870176,0.15643942,0,-0.0073059425,0.018497325
2023-12-05,Wingersdorf_1_12174_A1X36__2023__southbound_01,Wingersdorf 1 12174 A1X36,38.855865,-3.6605136,38.85598,-3.6571085,38.84434,-3.6405509,1.9315252305547743,0.29512024,0,-0.0115245655,0.019962735
2023-12-06,Baunach_1_9698_ABR25__2023__southbound_01,Baunach 1 9698 ABR25,33.87159,-6.8183,33.869358,-6.818987,33.852745,-6.7806935,3.9893081563461292,0.25625026,0,-0.018846042,0.037606426
2023-12-06,Rosalie_DER_A2M38_e-obs_6993__2023__southbound_01,Rosalie / DER A2M38 (e-obs 6993),41.55631,0.55531466,41.556305,0.5414468,41.55631,0.5703347,2.403694313950629,1.1539127,0,-8.046627e-07,0.0150199905
2023-12-06,Steppach_3_12179_AEH97__2023__southbound_01,Steppach 3 12179 AEH97,40.26255,-3.630747,40.231243,-3.6306887,40.266594,-3.6196516,4.0409018454443855,3.4813435,0,0.004044153,0.011095636
2023-12-06,Wingersdorf_1_12174_A1X36__2023__southbound_01,Wingersdorf 1 12174 A1X36,38.85598,-3.6571085,38.85596,-3.6567178,38.84438,-3.63693,2.1435377007766454,0.033895448,0,-0.011601865,0.020178638
2023-12-07,Rosalie_DER_A2M38_e-obs_6993__2023__southbound_01,Rosalie / DER A2M38 (e-obs 6993),41.556305,0.5414468,41.554485,0.57048726,41.557903,0.55717456,1.1711077519571476,2.424889,0,0.0015981421,0.015727736
2023-12-07,Steppach_3_12179_AEH97__2023__southbound_01,Steppach 3 12179 AEH97,40.231243,-3.6306887,40.248257,-3.6313937,40.219982,-3.6094594,3.6539728994792853,1.8931079,0,-0.011260979,0.021229364
2023-12-07,Wingersdorf_1_12174_A1X36__2023__southbound_01,Wingersdorf 1 12174 A1X36,38.85596,-3.6567178,38.855904,-3.6606305,38.844494,-3.6336594,2.6579665781716355,0.33886677,0,-0.011466175,0.023058526
2023-12-08,Rosalie_DER_A2M38_e-obs_6993__2023__southbound_01,Rosalie / DER A2M38 (e-obs 6993),41.554485,0.57048726,41.57501,0.6147336,41.546806,0.5888977,3.8019469083473747,4.3312635,0,-0.007679969,0.018410422
2023-12-08,Steppach_3_12179_AEH97__2023__southbound_01,Steppach 3 12179 AEH97,40.248257,-3.6313937,40.229958,-3.6321933,40.248894,-3.625082,2.1904186638979755,2.0360906,0,0.0006354153,0.006311558
2023-12-08,Wingersdorf_1_12174_A1X36__2023__southbound_01,Wingersdorf 1 12174 A1X36,38.855904,-3.6606305,38.856083,-3.6607325,38.84667,-3.6507413,1.3581201883203335,0.021701317,0,-0.00923387,0.009889193
2023-12-09,Rosalie_DER_A2M38_e-obs_6993__2023__southbound_01,Rosalie / DER A2M38 (e-obs 6993),41.57501,0.6147336,41.55661,0.6165782,41.56956,0.63886106,2.347509786913066,2.0515542,0,-0.0054483786,0.024127476
2023-12-09,Steppach_3_12179_AEH97__2023__southbound_01,Steppach 3 12179 AEH97,40.229958,-3.6321933,40.25755,-3.6322935,40.214523,-3.6074314,5.229069901725132,3.0683177,0,-0.015435584,0.024762012
2023-12-09,Wingersdorf_1_12174_A1X36__2023__southbound_01,Wingersdorf 1 12174 A1X36,38.856083,-3.6607325,38.85597,-3.657426,38.85045,-3.6445932,1.269488212665798,0.2865963,0,-0.005634688,0.016139172
2023-12-10,Rosalie_DER_A2M38_e-obs_6993__2023__southbound_01,Rosalie / DER A2M38 (e-obs 6993),41.55661,0.6165782,41.55629,0.54145294,41.543724,0.63615257,8.00341743264974,6.2510915,0,-0.012886703,0.019574367
2023-12-10,Steppach_3_12179_AEH97__2023__southbound_01,Steppach 3 12179 AEH97,40.25755,-3.6322935,40.237164,-3.634439,40.257015,-3.6190999,2.5627092866120322,2.2740915,0,-0.00053447485,0.013193674
2023-12-10,Wingersdorf_1_12174_A1X36__2023__southbound_01,Wingersdorf 1 12174 A1X36,38.85597,-3.657426,38.85615,-3.6569016,38.84043,-3.632773,2.7242926134960577,0.049814925,0,-0.01553905,0.024653204
2023-12-11,Rosalie_DER_A2M38_e-obs_6993__2023__southbound_01,Rosalie / DER A2M38 (e-obs 6993),41.55629,0.54145294,41.538506,0.6154317,41.550312,0.54750407,5.803583367150947,6.466229,0,-0.005976908,0.0060511306
2023-12-11,Steppach_3_12179_AEH97__2023__southbound_01,Steppach 3 12179 AEH97,40.237164,-3.634439,40.23717,-3.6340237,40.222572,-3.6215415,1.9385614943653997,0.03525259,0,-0.014589444,0.012897603
2023-12-11,Wingersdorf_1_12174_A1X36__2023__southbound_01,Wingersdorf 1 12174 A1X36,38.85615,-3.6569016,38.85613,-3.6582341,38.845425,-3.6353562,2.311198369288759,0.115405515,0,-0.010728262,0.021545433
2023-12-12,Rosalie_DER_A2M38_e-obs_6993__2023__southbound_01,Rosalie / DER A2M38 (e-obs 6993),41.538506,0.6154317,41.53771,0.6135036,41.528507,0.630363,1.736695693095472,0.18331635,0,-0.009999849,0.014931239
2023-12-12,Steppach_3_12179_AEH97__2023__southbound_01,Steppach 3 12179 AEH97,40.23717,-3.6340237,40.23399,-3.6314538,40.228603,-3.6171737,1.3521390792301158,0.41588917,0,-0.008568987,0.016850002
2023-12-12,Wingersdorf_1_12174_A1X36__2023__southbound_01,Wingersdorf 1 12174 A1X36,38.85613,-3.6582341,38.856544,-3.6567414,38.85028,-3.6521814,0.8006411751744307,0.1372921,0,-0.0058481097,0.0060527623
2023-12-13,Steppach_3_12179_AEH97__2023__southbound_01,Steppach 3 12179 AEH97,40.23399,-3.6314538,40.20885,-3.5996444,40.222084,-3.618394,2.167899714886417,3.8867774,0,-0.011905968,0.013059892
2023-12-13,Wingersdorf_1_12174_A1X36__2023__southbound_01,Wingersdorf 1 12174 A1X36,38.856544,-3.6567414,38.855976,-3.660294,38.847797,-3.641012,1.9013428225556843,0.31408104,0,-0.008747451,0.01572939
2023-12-14,Steppach_3_12179_AEH97__2023__southbound_01,Steppach 3 12179 AEH97,40.20885,-3.5996444,40.26107,-3.63118,40.19569,-3.58017,8.46199035040708,6.3938804,0,-0.013159089,0.019474484
2023-12-14,Wingersdorf_1_12174_A1X36__2023__southbound_01,Wingersdorf 1 12174 A1X36,38.855976,-3.660294,38.85611,-3.6591847,38.847904,-3.6544597,0.9999446855628872,0.09724032,0,-0.0080713555,0.005834244
2023-12-15,Europa_DER_A1A26_eobs_4004__2023__southbound_01,Europa / DER A1A26 (eobs 4004),40.22998,-3.6337447,40.23053,-3.63244,40.211674,-3.599766,3.477369286945837,0.12635154,0,-0.018308274,0.03397865
2023-12-15,Steppach_3_12179_AEH97__2023__southbound_01,Steppach 3 12179 AEH97,40.26107,-3.63118,40.15744,-3.5711913,40.26643,-3.6149688,12.676434224589794,12.598875,1,0.0053587034,0.016211279
2023-12-15,Wingersdorf_1_12174_A1X36__2023__southbound_01,Wingersdorf 1 12174 A1X36,38.85611,-3.6591847,38.856094,-3.6607811,38.846813,-3.6281636,3.0071815721518362,0.13824424,0,-0.0092975795,0.031021006
2023-12-16,Europa_DER_A1A26_eobs_4004__2023__southbound_01,Europa / DER A1A26 (eobs 4004),40.23053,-3.63244,40.157112,-3.568959,40.221626,-3.6021974,7.709273768946472,9.783495,0,-0.008902475,0.030242585
2023-12-16,Steppach_3_12179_AEH97__2023__southbound_01,Steppach 3 12179 AEH97,40.15744,-3.5711913,40.15553,-3.5716279,40.13023,-3.5297487,4.5371740824728946,0.21574035,0,-0.027211614,0.041442595
2023-12-16,Wingersdorf_1_12174_A1X36__2023__southbound_01,Wingersdorf 1 12174 A1X36,38.856094,-3.6607811,38.85601,-3.657956,38.843857,-3.6454291,1.7329489711303292,0.24482109,0,-0.012235984,0.015351929
2023-12-17,Europa_DER_A1A26_eobs_4004__2023__southbound_01,Europa / DER A1A26 (eobs 4004),40.157112,-3.568959,40.229748,-3.6318438,40.137474,-3.529435,13.452160544299904,9.683029,0,-0.01963707,0.03952419
2023-12-17,Steppach_3_12179_AEH97__2023__southbound_01,Steppach 3 12179 AEH97,40.15553,-3.5716279,40.15855,-3.5690365,40.14005,-3.549624,2.637157574020436,0.4017029,0,-0.015481323,0.022003986
2023-12-17,Wingersdorf_1_12174_A1X36__2023__southbound_01,Wingersdorf 1 12174 A1X36,38.85601,-3.657956,38.85611,-3.6581495,38.838264,-3.62574,3.437287819730357,0.020033158,0,-0.017747745,0.032215856
2023-12-18,Europa_DER_A1A26_eobs_4004__2023__southbound_01,Europa / DER A1A26 (eobs 4004),40.229748,-3.6318438,40.154285,-3.5698018,40.22908,-3.6139143,9.121892755954256,9.908332,0,-0.0006690249,0.01792965
2023-12-18,Steppach_3_12179_AEH97__2023__southbound_01,Steppach 3 12179 AEH97,40.15855,-3.5690365,40.15702,-3.5715098,40.15286,-3.5427425,2.488257284708351,0.2703433,0,-0.005693063,0.026294
2023-12-18,Wingersdorf_1_12174_A1X36__2023__southbound_01,Wingersdorf 1 12174 A1X36,38.85611,-3.6581495,38.85603,-3.6574223,38.848465,-3.642241,1.5606903893395465,0.06356452,0,-0.0076439977,0.015908472
2023-12-19,Steppach_3_12179_AEH97__2023__southbound_01,Steppach 3 12179 AEH97,40.15702,-3.5715098,40.155396,-3.5722969,40.148422,-3.5573444,1.488692224942261,0.19271791,0,-0.008597583,0.0141653195
2023-12-19,Wingersdorf_1_12174_A1X36__2023__southbound_01,Wingersdorf 1 12174 A1X36,38.85603,-3.6574223,38.856007,-3.6594906,38.8364,-3.627739,3.5092384078941063,0.17909583,0,-0.019628793,0.029683448
2023-12-20,Wingersdorf_1_12174_A1X36__2023__southbound_01,Wingersdorf 1 12174 A1X36,38.856007,-3.6594906,38.85611,-3.6566086,38.848423,-3.6454608,1.2893458376164235,0.24980944,0,-0.0075826123,0.014029793
2023-12-21,Wingersdorf_1_12174_A1X36__2023__southbound_01,Wingersdorf 1 12174 A1X36,38.85611,-3.6566086,38.85617,-3.6594107,38.842316,-3.6334448,2.7257531832121296,0.24273334,0,-0.013794944,0.023163743
2023-12-22,Wingersdorf_1_12174_A1X36__2023__southbound_01,Wingersdorf 1 12174 A1X36,38.85617,-3.6594107,38.856083,-3.6570077,38.844784,-3.6462102,1.5661571191122792,0.20830478,0,-0.011385515,0.013200603
2023-12-23,Wingersdorf_1_12174_A1X36__2023__southbound_01,Wingersdorf 1 12174 A1X36,38.856083,-3.6570077,38.85624,-3.658841,38.836098,-3.6285203,3.451239378538662,0.159687,0,-0.019984156,0.028487511
2023-12-24,Wingersdorf_1_12174_A1X36__2023__southbound_01,Wingersdorf 1 12174 A1X36,38.85624,-3.658841,38.856045,-3.659372,38.844883,-3.6470675,1.6357857379202694,0.050680418,0,-0.0113556385,0.011773266
2023-12-25,Wingersdorf_1_12174_A1X36__2023__southbound_01,Wingersdorf 1 12174 A1X36,38.856045,-3.659372,38.857338,-3.658101,38.846455,-3.6465983,1.56738733196944,0.18085912,0,-0.009590767,0.012773715
2023-12-26,Wingersdorf_1_12174_A1X36__2023__southbound_01,Wingersdorf 1 12174 A1X36,38.857338,-3.658101,38.855865,-3.6604147,38.852077,-3.6389651,1.9045403035355335,0.25869104,0,-0.005260214,0.019135855
