target_date,path_id,source_bird_id,current_lat,current_lon,target_lat,target_lon,pred_lat,pred_lon,error_km,target_step_km,true_fly_label,fly_probability,selected_fly_threshold,predicted_distance_km,gated_pred_lat,gated_pred_lon,gated_error_km
2019-09-30,Zozu_plus_DER_AL581_eobs2541__2019__southbound_01,Zozu + / DER AL581 (eobs2541),41.628872,0.8014373,41.610172,0.6158781,41.55606,0.7156497020999049,10.250152361195514,15.564396,1,0.44976825,0.5851213,10.769364,41.628872,0.8014373183250427,15.564366484500551
2019-10-01,Angela_DER_AY470_eobs_4001__2019__southbound_01,Angela / DER AY470 (eobs 4001),40.309586,-3.590592,40.309235,-3.5893958,40.207607,-3.6879395891187823,14.057946587389962,0.108814016,0,0.51223123,0.5851213,14.001066,40.309586,-3.5905919075012207,0.1086734255866391
2019-10-01,Europa_DER_A1A26_eobs_4004__2019__southbound_01,Europa / DER A1A26 (eobs 4004),40.318104,-3.6031704,40.314896,-3.6239924,40.285103,-3.6446350567358285,3.746906017387613,1.801085,0,0.33056918,0.5851213,5.0728164,40.318104,-3.603170394897461,1.8010636447754116
2019-10-01,Mirabell_plus_DER_AN910_eobs_3907__2019__southbound_01,Mirabell + / DER AN910 (eobs 3907),36.090656,-5.482593,34.742,-5.9899926,35.82431,-5.694646495439114,123.29703995089342,156.85355,1,0.6622735,0.5851213,35.154346,35.82431,-5.694646495439114,123.29703995089342
2019-10-01,Muffine_DER_AN922_eobs_3921__2019__southbound_01,Muffine / DER AN922 (eobs 3921),41.65408,0.9461591,41.657845,0.9514446,41.562546,0.8347416871548166,14.367650242618595,0.6069844,0,0.5260017,0.5851213,13.733798,41.65408,0.9461591243743896,0.6067124763929975
2019-10-01,Sara_plus_DER_AU017_eobs_3941__2019__southbound_01,Sara + / DER AU017 (eobs 3941),41.560146,0.6233609,41.658302,0.9518535,41.459816,0.5154160895120089,42.49439551906912,29.410828,1,0.5140896,0.5851213,14.297046,41.560146,0.6233608722686768,29.410891288253193
2019-10-01,Zozu_plus_DER_AL581_eobs2541__2019__southbound_01,Zozu + / DER AL581 (eobs2541),41.610172,0.6158781,41.61058,0.6164846,41.500603,0.4955838826444491,15.835124969863557,0.06801115,0,0.5197042,0.5851213,15.734987,41.610172,0.6158781051635742,0.06784006511282742
2019-10-02,Angela_DER_AY470_eobs_4001__2019__southbound_01,Angela / DER AY470 (eobs 4001),40.309235,-3.5893958,40.30856,-3.591333,40.21121,-3.683845261551004,13.371790450347175,0.18051887,0,0.5064349,0.5851213,13.502156,40.309235,-3.589395761489868,0.1806036675313949
2019-10-02,Europa_DER_A1A26_eobs_4004__2019__southbound_01,Europa / DER A1A26 (eobs 4004),40.314896,-3.6239924,40.320724,-3.6107945,40.275497,-3.6746352180354176,7.389465057929529,1.2930955,0,0.36251503,0.5851213,6.123461,40.314896,-3.623992443084717,1.2931125108308388
2019-10-02,Mirabell_plus_DER_AN910_eobs_3907__2019__southbound_01,Mirabell + / DER AN910 (eobs 3907),34.742,-5.9899926,34.549515,-6.259326,34.464718,-6.207739362530191,10.547506055923348,32.636658,1,0.6700686,0.5851213,36.630066,34.464718,-6.207739362530191,10.547506055923348
2019-10-02,Muffine_DER_AN922_eobs_3921__2019__southbound_01,Muffine / DER AN922 (eobs 3921),41.657845,0.9514446,41.658543,0.9512472,41.567722,0.8397399586592902,13.708390507015578,0.07931145,0,0.5245586,0.5851213,13.634253,41.657845,0.9514446258544922,0.07933770200398386
2019-10-02,Sara_plus_DER_AU017_eobs_3941__2019__southbound_01,Sara + / DER AU017 (eobs 3941),41.658302,0.9518535,41.667473,0.9496242,41.561413,0.846339959830129,14.587935508694835,1.036569,0,0.50763756,0.5851213,13.864897,41.658302,0.9518535137176514,1.0363980152986676
2019-10-02,Zozu_plus_DER_AL581_eobs2541__2019__southbound_01,Zozu + / DER AL581 (eobs2541),41.61058,0.6164846,41.595863,0.616094,41.507473,0.5031256760523686,13.600382640671214,1.6368636,0,0.5092636,0.5851213,14.815483,41.61058,0.6164845824241638,1.6367915662353323
2019-10-03,Angela_DER_AY470_eobs_4001__2019__southbound_01,Angela / DER AY470 (eobs 4001),40.30856,-3.591333,40.240124,-3.6370776,40.20408,-3.6929678715031327,6.211409156245829,8.542219,0,0.5160376,0.5851213,14.439743,40.30856,-3.5913329124450684,8.542168906038803
2019-10-03,Europa_DER_A1A26_eobs_4004__2019__southbound_01,Europa / DER A1A26 (eobs 4004),40.320724,-3.6107945,40.31553,-3.624319,40.28742,-3.654877438221827,4.060282584197871,1.2839785,0,0.33531603,0.5851213,5.252351,40.320724,-3.6107945442199707,1.283959217373856
2019-10-03,Mirabell_plus_DER_AN910_eobs_3907__2019__southbound_01,Mirabell + / DER AN910 (eobs 3907),34.549515,-6.259326,34.577053,-6.2751236,34.307755,-6.44499601553492,33.75419229888107,3.3866804,0,0.6475805,0.5851213,31.753502,34.307755,-6.44499601553492,33.75419229888107
2019-10-03,Muffine_DER_AN922_eobs_3921__2019__southbound_01,Muffine / DER AN922 (eobs 3921),41.658543,0.9512472,41.657887,0.9380409,41.568565,0.838768533283456,12.913450271933423,1.0995613,0,0.5278287,0.5851213,13.665849,41.658543,0.9512472152709961,1.0995554858669887
2019-10-03,Sara_plus_DER_AU017_eobs_3941__2019__southbound_01,Sara + / DER AU017 (eobs 3941),41.667473,0.9496242,41.67074,0.9411226,41.57193,0.8431090277162412,13.678162546483673,0.7940385,0,0.5072027,0.5851213,13.80148,41.667473,0.9496241807937622,0.7940418146737728
2019-10-03,Zozu_plus_DER_AL581_eobs2541__2019__southbound_01,Zozu + / DER AL581 (eobs2541),41.595863,0.616094,41.610508,0.6167896,41.493645,0.5041564518021534,16.022013286986095,1.6291231,0,0.5091853,0.5851213,14.665555,41.595863,0.6160939931869507,1.6294367658519364
2019-10-04,Angela_DER_AY470_eobs_4001__2019__southbound_01,Angela / DER AY470 (eobs 4001),40.240124,-3.6370776,40.31994,-3.590066,40.13459,-3.7387928809130124,24.170019874877347,9.729896,0,0.5141658,0.5851213,14.542933,40.240124,-3.637077569961548,9.72986040049497
2019-10-04,Europa_DER_A1A26_eobs_4004__2019__southbound_01,Europa / DER A1A26 (eobs 4004),40.31553,-3.624319,40.31508,-3.6234944,40.28009,-3.669864230539505,5.531826753662483,0.08582349,0,0.33821642,0.5851213,5.507652,40.31553,-3.624319076538086,0.0859904283490808
2019-10-04,Mirabell_plus_DER_AN910_eobs_3907__2019__southbound_01,Mirabell + / DER AN910 (eobs 3907),34.577053,-6.2751236,34.575954,-6.268496,34.419037,-6.393873621058838,20.891720134762394,0.6189888,0,0.57982063,0.5851213,20.626146,34.577053,-6.275123596191406,0.6189588030065318
2019-10-04,Muffine_DER_AN922_eobs_3921__2019__southbound_01,Muffine / DER AN922 (eobs 3921),41.657887,0.9380409,41.65894,0.9506842,41.55935,0.8156279866741316,15.770610700449781,1.056834,0,0.541468,0.5851213,14.922878,41.657887,0.9380409121513367,1.0568592675284134
2019-10-04,Sara_plus_DER_AU017_eobs_3941__2019__southbound_01,Sara + / DER AU017 (eobs 3941),41.67074,0.9411226,41.669487,0.6590449,41.56805,0.8275429200535684,17.983637054202624,23.430073,1,0.51875466,0.5851213,14.785531,41.67074,0.9411225914955139,23.43007479098299
2019-10-04,Zozu_plus_DER_AL581_eobs2541__2019__southbound_01,Zozu + / DER AL581 (eobs2541),41.610508,0.6167896,41.610683,0.6169417,41.517197,0.5106696386851541,13.646820404799584,0.023515446,0,0.49435145,0.5851213,13.595645,41.610508,0.6167895793914795,0.023251817113846815
2019-10-05,Angela_DER_AY470_eobs_4001__2019__southbound_01,Angela / DER AY470 (eobs 4001),40.31994,-3.590066,40.32024,-3.5903344,40.2833,-3.6299727493982137,5.307787369330107,0.040545892,0,0.33912137,0.5851213,5.286693,40.31994,-3.5900659561157227,0.040508332418621736
2019-10-05,Europa_DER_A1A26_eobs_4004__2019__southbound_01,Europa / DER A1A26 (eobs 4004),40.31508,-3.6234944,40.318096,-3.6108007,40.28801,-3.658232796803847,5.231731883581488,1.1271979,0,0.2899626,0.5851213,4.2039733,40.31508,-3.6234943866729736,1.1273084655608905
2019-10-05,Mirabell_plus_DER_AN910_eobs_3907__2019__southbound_01,Mirabell + / DER AN910 (eobs 3907),34.575954,-6.268496,34.57569,-6.270251,34.471375,-6.34622731376493,13.527603544703885,0.16327731,0,0.5127937,0.5851213,13.609571,34.575954,-6.268496036529541,0.163301959949085
2019-10-05,Muffine_DER_AN922_eobs_3921__2019__southbound_01,Muffine / DER AN922 (eobs 3921),41.65894,0.9506842,41.6328,0.9337152,41.5701,0.837795813462738,10.593504759042707,3.230313,0,0.52731085,0.5851213,13.597517,41.65894,0.9506841897964478,3.2304073991891213
2019-10-05,Sara_plus_DER_AU017_eobs_3941__2019__southbound_01,Sara + / DER AU017 (eobs 3941),41.669487,0.6590449,41.61342,0.6172626,41.519516,0.5051932279404712,13.998356695596827,7.135888,0,0.5784642,0.5851213,20.972597,41.669487,0.6590449213981628,7.136131662752569
2019-10-05,Zozu_plus_DER_AL581_eobs2541__2019__southbound_01,Zozu + / DER AL581 (eobs2541),41.610683,0.6169417,41.61029,0.6167641,41.525333,0.5201715707763462,12.402282782445148,0.04637831,0,0.47916168,0.5851213,12.419841,41.610683,0.6169416904449463,0.04611664347408086
2019-10-06,Angela_DER_AY470_eobs_4001__2019__southbound_01,Angela / DER AY470 (eobs 4001),40.32024,-3.5903344,40.309612,-3.5993412,40.279636,-3.635108741173493,4.506907728079489,1.4070065,0,0.35691983,0.5851213,5.888205,40.32024,-3.590334415435791,1.407017342863722
2019-10-06,Europa_DER_A1A26_eobs_4004__2019__southbound_01,Europa / DER A1A26 (eobs 4004),40.318096,-3.6108007,40.318092,-3.6107912,40.291298,-3.64516582115949,4.168180322655522,0.00087278016,0,0.28811204,0.5851213,4.160302,40.318096,-3.6108007431030273,0.0009130566327283859
2019-10-06,Mirabell_plus_DER_AN910_eobs_3907__2019__southbound_01,Mirabell + / DER AN910 (eobs 3907),34.57569,-6.270251,34.6548,-6.2701974,34.481182,-6.339841390841687,20.331428179985654,8.796428,0,0.4963466,0.5851213,12.267806,34.57569,-6.2702507972717285,8.796554297575401
2019-10-06,Muffine_DER_AN922_eobs_3921__2019__southbound_01,Muffine / DER AN922 (eobs 3921),41.6328,0.9337152,41.645718,0.95446366,41.515472,0.7994973741114924,19.387796091847008,2.2440295,0,0.55892795,0.5851213,17.134768,41.6328,0.9337152242660522,2.2440474109995425
2019-10-06,Sara_plus_DER_AU017_eobs_3941__2019__southbound_01,Sara + / DER AU017 (eobs 3941),41.61342,0.6172626,41.61643,0.61756337,41.47016,0.47144245589898903,20.307848628167974,0.33524162,0,0.57319355,0.5851213,19.98267,41.61342,0.617262601852417,0.3356072112604862
2019-10-06,Zozu_plus_DER_AL581_eobs2541__2019__southbound_01,Zozu + / DER AL581 (eobs2541),41.61029,0.6167641,41.539074,0.61516553,41.519875,0.5165703962365793,8.480400306734373,7.920052,0,0.49126434,0.5851213,13.033476,41.61029,0.6167641282081604,7.920050116639857
2019-10-07,Angela_DER_AY470_eobs_4001__2019__southbound_01,Angela / DER AY470 (eobs 4001),40.309612,-3.5993412,40.311607,-3.5891268,40.26347,-3.649113308417532,7.385102897643857,0.8940414,0,0.37280732,0.5851213,6.6318736,40.309612,-3.5993411540985107,0.894050416839266
2019-10-07,Europa_DER_A1A26_eobs_4004__2019__southbound_01,Europa / DER A1A26 (eobs 4004),40.318092,-3.6107912,40.31815,-3.610764,40.291702,-3.6445136889345084,4.103535450266147,0.0067579583,0,0.28223407,0.5851213,4.089751,40.318092,-3.6107912063598633,0.0067670647470936705
2019-10-07,Mirabell_plus_DER_AN910_eobs_3907__2019__southbound_01,Mirabell + / DER AN910 (eobs 3907),34.6548,-6.2701974,34.573524,-6.270136,34.565395,-6.33588844801275,6.087939502662831,9.037176,0,0.48723567,0.5851213,11.595619,34.6548,-6.27019739151001,9.037486415947772
2019-10-07,Muffine_DER_AN922_eobs_3921__2019__southbound_01,Muffine / DER AN922 (eobs 3921),41.645718,0.95446366,41.575005,0.61446726,41.540596,0.8303976826243804,18.36953208224975,29.339867,1,0.5406631,0.5851213,15.558054,41.645718,0.9544636607170105,29.339880271817336
2019-10-07,Sara_plus_DER_AU017_eobs_3941__2019__southbound_01,Sara + / DER AU017 (eobs 3941),41.61643,0.61756337,41.793343,0.8094832,41.482555,0.47811118811077913,44.18803359153964,25.314695,1,0.5635744,0.5851213,18.834568,41.61643,0.6175633668899536,25.314607982405285
2019-10-07,Zozu_plus_DER_AL581_eobs2541__2019__southbound_01,Zozu + / DER AL581 (eobs2541),41.539074,0.61516553,41.537872,0.6150104,41.459183,0.5257254114477655,11.482695554483275,0.13411836,0,0.47072005,0.5851213,11.569838,41.539074,0.6151655316352844,0.13423786067130242
2019-10-08,Angela_DER_AY470_eobs_4001__2019__southbound_01,Angela / DER AY470 (eobs 4001),40.311607,-3.5891268,40.319916,-3.599183,40.265503,-3.6390314988172987,6.93038619281365,1.2571043,0,0.37259445,0.5851213,6.6356554,40.311607,-3.5891268253326416,1.2571676333638973
2019-10-08,Europa_DER_A1A26_eobs_4004__2019__southbound_01,Europa / DER A1A26 (eobs 4004),40.31815,-3.610764,40.30967,-3.610823,40.299637,-3.634859477950232,2.323597546933967,0.94295865,0,0.22244343,0.5851213,2.8951247,40.31815,-3.6107640266418457,0.9429555084556325
2019-10-08,Mirabell_plus_DER_AN910_eobs_3907__2019__southbound_01,Mirabell + / DER AN910 (eobs 3907),34.573524,-6.270136,34.62109,-6.270438,34.48643,-6.333692654925542,16.054886160680926,5.288877,0,0.48248348,0.5851213,11.278402,34.573524,-6.270135879516602,5.289117549298995
2019-10-08,Muffine_DER_AN922_eobs_3921__2019__southbound_01,Muffine / DER AN922 (eobs 3921),41.575005,0.61446726,41.541462,0.5643025,41.444828,0.4604283080348168,13.795267275801638,5.5975504,0,0.5751659,0.5851213,19.297768,41.575005,0.6144672632217407,5.597612631012932
2019-10-08,Sara_plus_DER_AU017_eobs_3941__2019__southbound_01,Sara + / DER AU017 (eobs 3941),41.793343,0.8094832,41.635834,0.6868267,41.669434,0.6777652047175602,3.811237562773666,20.25825,1,0.55059683,0.5851213,17.549583,41.793343,0.8094831705093384,20.258300129024597
2019-10-08,Zozu_plus_DER_AL581_eobs2541__2019__southbound_01,Zozu + / DER AL581 (eobs2541),41.537872,0.6150104,41.61028,0.6166048,41.488613,0.557190298770424,14.403829792432862,8.052562,0,0.3880814,0.5851213,7.2783437,41.537872,0.6150103807449341,8.052368841675856
2019-10-09,Angela_DER_AY470_eobs_4001__2019__southbound_01,Angela / DER AY470 (eobs 4001),40.319916,-3.599183,40.314617,-3.624203,40.273483,-3.650466777106402,5.087452275818683,2.201492,0,0.37136927,0.5851213,6.73788,40.319916,-3.5991830825805664,2.201570132793924
2019-10-09,Europa_DER_A1A26_eobs_4004__2019__southbound_01,Europa / DER A1A26 (eobs 4004),40.30967,-3.610823,40.263287,-3.6335907,40.29452,-3.6293843330022395,3.491431929046103,5.507276,0,0.18635473,0.5851213,2.3013656,40.30967,-3.610822916030884,5.507258022540081
2019-10-09,Mirabell_plus_DER_AN910_eobs_3907__2019__southbound_01,Mirabell + / DER AN910 (eobs 3907),34.62109,-6.270438,34.5758,-6.267915,34.581882,-6.297453729734101,2.7875932368830987,5.0408072,0,0.34267554,0.5851213,5.0030494,34.62109,-6.270438194274902,5.041106338296071
2019-10-09,Muffine_DER_AN922_eobs_3921__2019__southbound_01,Muffine / DER AN922 (eobs 3921),41.541462,0.5643025,41.537674,0.6149191,41.410744,0.41274875811513995,21.975171347758128,4.233782,0,0.5720794,0.5851213,19.211329,41.541462,0.5643025040626526,4.2337897309173025
2019-10-09,Sara_plus_DER_AU017_eobs_3941__2019__southbound_01,Sara + / DER AU017 (eobs 3941),41.635834,0.6868267,41.531277,0.4927269,41.4991,0.5434119067440358,5.532674461230796,19.894474,1,0.5635347,0.5851213,19.285059,41.635834,0.6868267059326172,19.894496726710486
2019-10-09,Zozu_plus_DER_AL581_eobs2541__2019__southbound_01,Zozu + / DER AL581 (eobs2541),41.61028,0.6166048,41.5378,0.6153485,41.565845,0.5639818574040015,5.291103962437949,8.060258,0,0.36767763,0.5851213,6.5876517,41.61028,0.6166048049926758,8.060013317294032
2019-10-10,Angela_DER_AY470_eobs_4001__2019__southbound_01,Angela / DER AY470 (eobs 4001),40.314617,-3.624203,40.184715,-3.6242607,40.26365,-3.6790904764248893,9.93508765286721,14.444453,1,0.3889137,0.5851213,7.320352,40.314617,-3.6242029666900635,14.444451464718775
2019-10-10,Europa_DER_A1A26_eobs_4004__2019__southbound_01,Europa / DER A1A26 (eobs 4004),40.263287,-3.6335907,40.314453,-3.6328938,40.24317,-3.657503502740388,8.19647317302676,5.69007,0,0.2277324,0.5851213,3.014731,40.263287,-3.6335906982421875,5.689773951218071
2019-10-10,Mirabell_plus_DER_AN910_eobs_3907__2019__southbound_01,Mirabell + / DER AN910 (eobs 3907),34.5758,-6.267915,34.67511,-6.2699747,34.54351,-6.289063566337847,14.737121296847185,11.043925,1,0.30827105,0.5851213,4.072339,34.5758,-6.267914772033691,11.044171087202507
2019-10-10,Sara_plus_DER_AU017_eobs_3941__2019__southbound_01,Sara + / DER AU017 (eobs 3941),41.531277,0.4927269,41.524155,0.43048176,41.37468,0.3351739042755733,18.421522389453912,5.2417607,0,0.5818618,0.5851213,21.760916,41.531277,0.4927268922328949,5.241736407716416
2019-10-10,Zozu_plus_DER_AL581_eobs2541__2019__southbound_01,Zozu + / DER AL581 (eobs2541),41.5378,0.6153485,41.59592,0.616196,41.49294,0.5639950613049376,12.247427714194318,6.4632597,0,0.36341736,0.5851213,6.5574236,41.5378,0.6153485178947449,6.463123521136117
2019-10-11,Angela_DER_AY470_eobs_4001__2019__southbound_01,Angela / DER AY470 (eobs 4001),40.184715,-3.6242607,39.845528,-4.2743297,40.13222,-3.681051385510246,59.75721584047103,66.98726,1,0.396736,0.5851213,7.5595307,40.184715,-3.624260663986206,66.9871562916801
2019-10-11,Europa_DER_A1A26_eobs_4004__2019__southbound_01,Europa / DER A1A26 (eobs 4004),40.314453,-3.6328938,40.184998,-3.5705547,40.297497,-3.6536618800061027,14.361174465640653,15.336437,1,0.20515798,0.5851213,2.5752454,40.314453,-3.6328938007354736,15.336272505616478
2019-10-11,Mirabell_plus_DER_AN910_eobs_3907__2019__southbound_01,Mirabell + / DER AN910 (eobs 3907),34.67511,-6.2699747,34.66516,-6.2728286,34.644188,-6.289854769999878,2.804306926214868,1.1366909,0,0.29940212,0.5851213,3.8826919,34.67511,-6.269974708557129,1.1366198777504546
2019-10-11,Zozu_plus_DER_AL581_eobs2541__2019__southbound_01,Zozu + / DER AL581 (eobs2541),41.59592,0.616196,41.602955,0.6165084,41.553722,0.5686106488456151,6.77069184512861,0.782733,0,0.35245737,0.5851213,6.127345,41.59592,0.6161959767341614,0.7826111137941623
2019-10-12,Angela_DER_AY470_eobs_4001__2019__southbound_01,Angela / DER AY470 (eobs 4001),39.845528,-4.2743297,40.03709,-4.659628,39.735786,-4.382643876418513,40.99987352622858,39.14986,1,0.5173765,0.5851213,15.283644,39.845528,-4.274329662322998,39.14989347067092
2019-10-12,Europa_DER_A1A26_eobs_4004__2019__southbound_01,Europa / DER A1A26 (eobs 4004),40.184998,-3.5705547,40.263615,-3.624157,40.16658,-3.593084957306619,11.10764468042946,9.855519,0,0.21454486,0.5851213,2.798215,40.184998,-3.570554733276367,9.855437525149734
2019-10-12,Mirabell_plus_DER_AN910_eobs_3907__2019__southbound_01,Mirabell + / DER AN910 (eobs 3907),34.66516,-6.2728286,34.677986,-6.2797837,34.632313,-6.294079936397652,5.244297922662623,1.5614245,0,0.307197,0.5851213,4.1303153,34.66516,-6.272828578948975,1.5614910894960223
2019-10-12,Zozu_plus_DER_AL581_eobs2541__2019__southbound_01,Zozu + / DER AL581 (eobs2541),41.602955,0.6165084,41.59596,0.6161943,41.56135,0.5686863610381252,5.515764940266098,0.77850914,0,0.34673163,0.5851213,6.0894804,41.602955,0.616508424282074,0.7783763530223778
2019-10-13,Angela_DER_AY470_eobs_4001__2019__southbound_01,Angela / DER AY470 (eobs 4001),40.03709,-4.659628,39.9955,-4.648759,39.921288,-4.77360097336082,13.465353900081535,4.7163844,0,0.52264035,0.5851213,16.09488,40.03709,-4.659627914428711,4.716502446397373
2019-10-13,Europa_DER_A1A26_eobs_4004__2019__southbound_01,Europa / DER A1A26 (eobs 4004),40.263615,-3.624157,40.26136,-3.6350014,40.244984,-3.6475083435395406,2.107729784256654,0.9536689,0,0.21314058,0.5851213,2.8615572,40.263615,-3.624156951904297,0.9537121584702057
2019-10-13,Mirabell_plus_DER_AN910_eobs_3907__2019__southbound_01,Mirabell + / DER AN910 (eobs 3907),34.677986,-6.2797837,34.68023,-6.254367,34.64755,-6.29940521951745,5.492953030441553,2.3375192,0,0.29595152,0.5851213,3.8239772,34.677986,-6.279783725738525,2.3374982894591345
2019-10-13,Zozu_plus_DER_AL581_eobs2541__2019__southbound_01,Zozu + / DER AL581 (eobs2541),41.59596,0.6161943,41.61031,0.6166738,41.560837,0.5747669745437094,6.512329911157319,1.5960696,0,0.31426066,0.5851213,5.1984706,41.59596,0.6161943078041077,1.596246509880487
2019-10-14,Angela_DER_AY470_eobs_4001__2019__southbound_01,Angela / DER AY470 (eobs 4001),39.9955,-4.648759,39.84312,-4.2544575,39.883976,-4.757667309973548,43.18867113806985,37.65398,1,0.5185811,0.5851213,15.460089,39.9955,-4.648758888244629,37.653943951614245
2019-10-14,Europa_DER_A1A26_eobs_4004__2019__southbound_01,Europa / DER A1A26 (eobs 4004),40.26136,-3.6350014,40.25981,-3.6353517,40.23373,-3.668505773189851,4.040822982197687,0.17484055,0,0.28135273,0.5851213,4.1785746,40.26136,-3.6350014209747314,0.1747607814522742
2019-10-14,Mirabell_plus_DER_AN910_eobs_3907__2019__southbound_01,Mirabell + / DER AN910 (eobs 3907),34.68023,-6.254367,34.67375,-6.256478,34.650852,-6.2730324469200935,2.962470120395014,0.74571836,0,0.28841853,0.5851213,3.6790602,34.68023,-6.254366874694824,0.7456690648709191
2019-10-14,Zozu_plus_DER_AL581_eobs2541__2019__southbound_01,Zozu + / DER AL581 (eobs2541),41.61031,0.6166738,41.537804,0.61668706,41.579662,0.5794819849780272,5.589912242403763,8.062116,0,0.2885936,0.5851213,4.593575,41.61031,0.6166738271713257,8.062305105957373
2019-10-15,Angela_DER_AY470_eobs_4001__2019__southbound_01,Angela / DER AY470 (eobs 4001),39.84312,-4.2544575,39.85417,-4.2544293,39.719055,-4.374840894763085,18.20951329971087,1.2291751,0,0.5359817,0.5851213,17.173098,39.84312,-4.254457473754883,1.2288389690274697
2019-10-15,Europa_DER_A1A26_eobs_4004__2019__southbound_01,Europa / DER A1A26 (eobs 4004),40.25981,-3.6353517,40.31291,-3.5207975,40.227184,-3.673876224831175,16.110176700620904,11.369806,1,0.3096938,0.5851213,4.874993,40.25981,-3.6353516578674316,11.369831632452728
2019-10-15,Mirabell_plus_DER_AN910_eobs_3907__2019__southbound_01,Mirabell + / DER AN910 (eobs 3907),34.67375,-6.256478,34.669426,-6.2579274,34.6424,-6.276704654102916,3.4614350010033443,0.49863538,0,0.29783225,0.5851213,3.9397929,34.67375,-6.2564778327941895,0.49894767646268723
2019-10-15,Zozu_plus_DER_AL581_eobs2541__2019__southbound_01,Zozu + / DER AL581 (eobs2541),41.537804,0.61668706,41.558517,0.6160806,41.50715,0.5795954493979082,6.469111409306706,2.3036532,0,0.28017643,0.5851213,4.5909,41.537804,0.6166870594024658,2.3038262265920055
2019-10-16,Angela_DER_AY470_eobs_4001__2019__southbound_01,Angela / DER AY470 (eobs 4001),39.85417,-4.2544293,39.854153,-4.253787,39.73587,-4.368909187819761,16.42325601100539,0.054859973,0,0.5274982,0.5851213,16.358248,39.85417,-4.254429340362549,0.054869004308260416
2019-10-16,Europa_DER_A1A26_eobs_4004__2019__southbound_01,Europa / DER A1A26 (eobs 4004),40.31291,-3.5207975,40.31289,-3.5173554,40.283623,-3.5558795225198363,4.611329800860554,0.2918607,0,0.29323244,0.5851213,4.4028583,40.31291,-3.5207974910736084,0.2918548201030242
2019-10-16,Mirabell_plus_DER_AN910_eobs_3907__2019__southbound_01,Mirabell + / DER AN910 (eobs 3907),34.669426,-6.2579274,34.675194,-6.259014,34.63293,-6.281140034963606,5.116704095528134,0.64897716,0,0.32105651,0.5851213,4.57161,34.669426,-6.257927417755127,0.6490072258882527
2019-10-16,Zozu_plus_DER_AL581_eobs2541__2019__southbound_01,Zozu + / DER AL581 (eobs2541),41.558517,0.6160806,41.540104,0.61511344,41.525944,0.5757773934958567,3.6331579884141263,2.0489552,0,0.29422978,0.5851213,4.927527,41.558517,0.6160805821418762,2.049076659109197
2019-10-17,Angela_DER_AY470_eobs_4001__2019__southbound_01,Angela / DER AY470 (eobs 4001),39.854153,-4.253787,39.855946,-4.2355037,39.74722,-4.355439916063131,15.847448742833844,1.573323,0,0.51009554,0.5851213,14.694236,39.854153,-4.253787040710449,1.5733668823086293
2019-10-17,Europa_DER_A1A26_eobs_4004__2019__southbound_01,Europa / DER A1A26 (eobs 4004),40.31289,-3.5173554,40.30084,-3.5243456,40.28871,-3.5463739383174344,2.304061848452739,1.4650244,0,0.26330626,0.5851213,3.6380837,40.31289,-3.517355442047119,1.4652185778331464
2019-10-17,Mirabell_plus_DER_AN910_eobs_3907__2019__southbound_01,Mirabell + / DER AN910 (eobs 3907),34.675194,-6.259014,34.66244,-6.258865,34.64168,-6.280311313670293,3.029346323240167,1.418014,0,0.30822685,0.5851213,4.1973042,34.675194,-6.259014129638672,1.4180846157989997
2019-10-17,Zozu_plus_DER_AL581_eobs2541__2019__southbound_01,Zozu + / DER AL581 (eobs2541),41.540104,0.61511344,41.537834,0.61512095,41.506405,0.5750611216609236,4.83074151261034,0.2524692,0,0.2980864,0.5851213,5.006647,41.540104,0.6151134371757507,0.25238523731703777
2019-10-18,Angela_DER_AY470_eobs_4001__2019__southbound_01,Angela / DER AY470 (eobs 4001),39.855946,-4.2355037,39.856808,-4.2536893,39.75271,-4.333056650202663,13.414704154615693,1.5552604,0,0.5025769,0.5851213,14.156834,39.855946,-4.235503673553467,1.5552681270289426
2019-10-18,Europa_DER_A1A26_eobs_4004__2019__southbound_01,Europa / DER A1A26 (eobs 4004),40.30084,-3.5243456,40.311436,-3.5242994,40.273163,-3.5558135889416675,5.0254997854549135,1.1784297,0,0.27979636,0.5851213,4.066117,40.30084,-3.524345636367798,1.1783662567122724
2019-10-18,Mirabell_plus_DER_AN910_eobs_3907__2019__southbound_01,Mirabell + / DER AN910 (eobs 3907),34.66244,-6.258865,34.66693,-6.2491794,34.62562,-6.281706161058585,5.472911096597693,1.0166361,0,0.32515484,0.5851213,4.5881486,34.66244,-6.258864879608154,1.016817507427794
2019-10-18,Zozu_plus_DER_AL581_eobs2541__2019__southbound_01,Zozu + / DER AL581 (eobs2541),41.537834,0.61512095,41.537945,0.6150522,41.501728,0.5725572926541583,5.360453854594477,0.013579352,0,0.30739132,0.5851213,5.345011,41.537834,0.6151209473609924,0.013565963952596847
2019-10-19,Angela_DER_AY470_eobs_4001__2019__southbound_01,Angela / DER AY470 (eobs 4001),39.856808,-4.2536893,39.85583,-4.240588,39.798218,-4.312560259646566,8.877817372721605,1.1235834,0,0.40693805,0.5851213,8.213192,39.856808,-4.253689289093018,1.1235610771386053
2019-10-19,Europa_DER_A1A26_eobs_4004__2019__southbound_01,Europa / DER A1A26 (eobs 4004),40.311436,-3.5242994,40.298965,-3.5981193,40.284897,-3.5549720616370504,3.9798751396008614,6.4115763,0,0.27555427,0.5851213,3.926685,40.311436,-3.524299383163452,6.4115491730242455
2019-10-19,Mirabell_plus_DER_AN910_eobs_3907__2019__southbound_01,Mirabell + / DER AN910 (eobs 3907),34.66693,-6.2491794,34.67161,-6.257074,34.634064,-6.269414004277668,4.325049564111326,0.8901679,0,0.30767715,0.5851213,4.089465,34.66693,-6.249179363250732,0.8900142293735837
2019-10-19,Zozu_plus_DER_AL581_eobs2541__2019__southbound_01,Zozu + / DER AL581 (eobs2541),41.537945,0.6150522,41.610313,0.61666137,41.504246,0.5752749293076611,12.28664737366815,8.048279,0,0.2928805,0.5851213,4.9914746,41.537945,0.6150522232055664,8.048147935518614
2019-10-20,Angela_DER_AY470_eobs_4001__2019__southbound_01,Angela / DER AY470 (eobs 4001),39.85583,-4.240588,39.85592,-4.23022,39.81133,-4.286053161451328,6.878401530933212,0.88508564,0,0.3637359,0.5851213,6.2777653,39.85583,-4.240588188171387,0.8850947989168708
2019-10-20,Europa_DER_A1A26_eobs_4004__2019__southbound_01,Europa / DER A1A26 (eobs 4004),40.298965,-3.5981193,40.26033,-3.6356018,40.265617,-3.635407831676725,0.5881375734114588,5.3448567,0,0.31334448,0.5851213,4.8648195,40.298965,-3.5981192588806152,5.344743228678833
2019-10-20,Mirabell_plus_DER_AN910_eobs_3907__2019__southbound_01,Mirabell + / DER AN910 (eobs 3907),34.67161,-6.257074,34.662838,-6.260412,34.638264,-6.2776059197341825,3.1528305798353338,1.0225567,0,0.30727068,0.5851213,4.149287,34.67161,-6.257073879241943,1.0222595767024236
2019-10-20,Zozu_plus_DER_AL581_eobs2541__2019__southbound_01,Zozu + / DER AL581 (eobs2541),41.610313,0.61666137,41.578003,0.6163237,41.57912,0.5796473963787728,3.053232735072183,3.592945,0,0.28174257,0.5851213,4.6286116,41.610313,0.6166613698005676,3.5928767921614897
2019-10-21,Angela_DER_AY470_eobs_4001__2019__southbound_01,Angela / DER AY470 (eobs 4001),39.85592,-4.23022,39.848244,-4.326322,39.81945,-4.268964060605774,5.851296076145453,8.248008,0,0.32860118,0.5851213,5.2237067,39.85592,-4.230219841003418,8.248002626214129
2019-10-21,Europa_DER_A1A26_eobs_4004__2019__southbound_01,Europa / DER A1A26 (eobs 4004),40.26033,-3.6356018,40.260414,-3.635485,40.233257,-3.6663920903815175,3.999936988550605,0.013717553,0,0.27401835,0.5851213,3.9789174,40.26033,-3.635601758956909,0.013614490606888912
2019-10-21,Mirabell_plus_DER_AN910_eobs_3907__2019__southbound_01,Mirabell + / DER AN910 (eobs 3907),34.662838,-6.260412,34.665943,-6.2579665,34.624813,-6.284078166076092,5.159674075765097,0.4117195,0,0.32625765,0.5851213,4.7417164,34.662838,-6.260412216186523,0.41139922743344437
2019-10-21,Zozu_plus_DER_AL581_eobs2541__2019__southbound_01,Zozu + / DER AL581 (eobs2541),41.578003,0.6163237,41.59601,0.6161503,41.54592,0.5795515350978835,6.347295042965228,2.0021973,0,0.28186804,0.5851213,4.690948,41.578003,0.616323709487915,2.0021606158843483
2019-10-22,Angela_DER_AY470_eobs_4001__2019__southbound_01,Angela / DER AY470 (eobs 4001),39.848244,-4.326322,39.954094,-5.613264,39.807774,-4.367177004997169,107.56369495895028,110.40884,1,0.33626723,0.5851213,5.683551,39.848244,-4.326322078704834,110.40886338551752
2019-10-22,Europa_DER_A1A26_eobs_4004__2019__southbound_01,Europa / DER A1A26 (eobs 4004),40.260414,-3.635485,40.263466,-3.632651,40.24238,-3.656818897047072,3.115251999740675,0.41601527,0,0.20665151,0.5851213,2.6968617,40.260414,-3.6354849338531494,0.4158997770675297
2019-10-22,Mirabell_plus_DER_AN910_eobs_3907__2019__southbound_01,Mirabell + / DER AN910 (eobs 3907),34.665943,-6.2579665,34.691273,-6.204316,34.633884,-6.277680461200165,9.259774016804808,5.656851,0,0.2988529,0.5851213,3.98789,34.665943,-6.2579665184021,5.656911796429574
2019-10-22,Zozu_plus_DER_AL581_eobs2541__2019__southbound_01,Zozu + / DER AL581 (eobs2541),41.59601,0.6161503,41.61064,0.61687756,41.570488,0.5872909853409819,5.09796741855695,1.6282575,0,0.24677756,0.5851213,3.7098415,41.59601,0.6161503195762634,1.628260641901336
2019-10-23,Angela_DER_AY470_eobs_4001__2019__southbound_01,Angela / DER AY470 (eobs 4001),39.954094,-5.613264,39.1135,-5.755673,39.83479,-5.716633917719729,80.27392830574234,94.26441,1,0.5163902,0.5851213,15.897708,39.954094,-5.613264083862305,94.26450575626974
2019-10-23,Europa_DER_A1A26_eobs_4004__2019__southbound_01,Europa / DER A1A26 (eobs 4004),40.263466,-3.632651,40.2248,-3.6572292,40.246655,-3.6530654643766143,2.4556699017386525,4.7788897,0,0.18950628,0.5851213,2.5441487,40.263466,-3.6326510906219482,4.778795888380285
2019-10-23,Mirabell_plus_DER_AN910_eobs_3907__2019__southbound_01,Mirabell + / DER AN910 (eobs 3907),34.691273,-6.204316,34.694874,-6.2029552,34.662746,-6.221847728567826,3.968193554838063,0.4193376,0,0.2776671,0.5851213,3.5477386,34.691273,-6.204316139221191,0.4193067699389851
2019-10-23,Zozu_plus_DER_AL581_eobs2541__2019__southbound_01,Zozu + / DER AL581 (eobs2541),41.61064,0.61687756,41.600063,0.6174505,41.586803,0.5911531763033873,2.6375001916881917,1.1773801,0,0.22422767,0.5851213,3.4000053,41.61064,0.616877555847168,1.1772030180365716
2019-10-24,Angela_DER_AY470_eobs_4001__2019__southbound_01,Angela / DER AY470 (eobs 4001),39.1135,-5.755673,38.948307,-5.709458,38.96249,-5.884029924166117,15.17727317737928,18.797144,1,0.5499892,0.5851213,20.079144,39.1135,-5.755672931671143,18.797264279598238
2019-10-24,Europa_DER_A1A26_eobs_4004__2019__southbound_01,Europa / DER A1A26 (eobs 4004),40.2248,-3.6572292,40.23464,-3.645399,40.20592,-3.6798646780261817,4.331248064681422,1.4851036,0,0.19910757,0.5851213,2.8409407,40.2248,-3.65722918510437,1.4850350727011252
2019-10-24,Mirabell_plus_DER_AN910_eobs_3907__2019__southbound_01,Mirabell + / DER AN910 (eobs 3907),34.694874,-6.2029552,34.68872,-6.2207265,34.66606,-6.220862218534355,2.519633446025118,1.7630408,0,0.2759865,0.5851213,3.5916111,34.694874,-6.20295524597168,1.7629607606402
2019-10-24,Zozu_plus_DER_AL581_eobs2541__2019__southbound_01,Zozu + / DER AL581 (eobs2541),41.600063,0.6174505,41.609962,0.6165721,41.579685,0.5953805367192414,3.8000088274185484,1.1032622,0,0.19435701,0.5851213,2.910693,41.600063,0.617450475692749,1.1031558520552889
2019-10-25,Angela_DER_AY470_eobs_4001__2019__southbound_01,Angela / DER AY470 (eobs 4001),38.948307,-5.709458,38.94723,-5.709857,38.81122,-5.824982559762459,18.11204253784983,0.12478739,0,0.5355118,0.5851213,18.193647,38.948307,-5.709457874298096,0.1244974409374818
2019-10-25,Europa_DER_A1A26_eobs_4004__2019__southbound_01,Europa / DER A1A26 (eobs 4004),40.23464,-3.645399,40.23668,-3.6507943,40.218834,-3.664781338595867,2.3124521377261633,0.51113087,0,0.17787607,0.5851213,2.402994,40.23464,-3.6453990936279297,0.5111147359609965
2019-10-25,Mirabell_plus_DER_AN910_eobs_3907__2019__southbound_01,Mirabell + / DER AN910 (eobs 3907),34.68872,-6.2207265,34.257607,-6.580606,34.65917,-6.239504079260929,54.51431569417582,58.192104,1,0.2764802,0.5851213,3.70118,34.68872,-6.220726490020752,58.19214766262983
2019-10-25,Zozu_plus_DER_AL581_eobs2541__2019__southbound_01,Zozu + / DER AL581 (eobs2541),41.609962,0.6165721,41.610275,0.6163587,41.591618,0.5967435712721231,2.63899826331254,0.039184153,0,0.17857635,0.5851213,2.6181827,41.609962,0.6165720820426941,0.03904534717231544
2019-10-26,Angela_DER_AY470_eobs_4001__2019__southbound_01,Angela / DER AY470 (eobs 4001),38.94723,-5.709857,38.947388,-5.7097907,38.832638,-5.804720380242938,15.176024222308966,0.018385515,0,0.506063,0.5851213,15.128204,38.94723,-5.709856986999512,0.018311419609060648
2019-10-26,Europa_DER_A1A26_eobs_4004__2019__southbound_01,Europa / DER A1A26 (eobs 4004),40.23668,-3.6507943,40.234173,-3.6368718,40.21883,-3.671247714983956,3.3804888437951313,1.214238,0,0.19024262,0.5851213,2.63241,40.23668,-3.650794267654419,1.2142343394351238
2019-10-26,Zozu_plus_DER_AL581_eobs2541__2019__southbound_01,Zozu + / DER AL581 (eobs2541),41.610275,0.6163587,41.610584,0.61681426,41.59108,0.5961755108047142,2.765646865081511,0.051043432,0,0.18654686,0.5851213,2.710213,41.610275,0.6163586974143982,0.05113652135747013
2019-10-27,Angela_DER_AY470_eobs_4001__2019__southbound_01,Angela / DER AY470 (eobs 4001),38.947388,-5.7097907,38.942554,-5.709756,38.85227,-5.7894543072782785,12.180279985141933,0.53734195,0,0.47598428,0.5851213,12.600389,38.947388,-5.7097907066345215,0.5374388763579967
2019-10-27,Europa_DER_A1A26_eobs_4004__2019__southbound_01,Europa / DER A1A26 (eobs 4004),40.234173,-3.6368718,40.236473,-3.6445563,40.2206,-3.651846599392862,1.8703618307310594,0.7005358,0,0.15439533,0.5851213,1.9697902,40.234173,-3.636871814727783,0.7006594106653531
2019-10-27,Zozu_plus_DER_AL581_eobs2541__2019__southbound_01,Zozu + / DER AL581 (eobs2541),41.610584,0.61681426,41.610622,0.6168569,41.593784,0.5999732864587155,2.340157028143774,0.0054355734,0,0.16423512,0.5851213,2.3304465,41.610584,0.6168142557144165,0.005526854752366589
2019-10-28,Angela_DER_AY470_eobs_4001__2019__southbound_01,Angela / DER AY470 (eobs 4001),38.942554,-5.709756,38.942482,-5.709736,38.854263,-5.781997008032569,11.6331793549708,0.008187163,0,0.46373633,0.5851213,11.616678,38.942554,-5.709755897521973,0.008243353994465588
2019-10-28,Europa_DER_A1A26_eobs_4004__2019__southbound_01,Europa / DER A1A26 (eobs 4004),40.236473,-3.6445563,40.228268,-3.6555796,40.22426,-3.6577924971695968,0.48377802708189105,1.3069922,0,0.14012751,0.5851213,1.7596416,40.236473,-3.6445562839508057,1.3069550610770908
2019-10-28,Zozu_plus_DER_AL581_eobs2541__2019__southbound_01,Zozu + / DER AL581 (eobs2541),41.610622,0.6168569,41.610577,0.6168313,41.596443,0.6032368803050495,1.935843559847439,0.0053967065,0,0.14467742,0.5851213,1.9376274,41.610622,0.6168568730354309,0.0055162030033955
2019-10-29,Angela_DER_AY470_eobs_4001__2019__southbound_01,Angela / DER AY470 (eobs 4001),38.942482,-5.709736,38.947273,-5.709876,38.859932,-5.776306278953869,11.285617950213226,0.5328847,0,0.4537911,0.5851213,10.816402,38.942482,-5.709735870361328,0.5329024462690604
2019-10-29,Europa_DER_A1A26_eobs_4004__2019__southbound_01,Europa / DER A1A26 (eobs 4004),40.228268,-3.6555796,40.228695,-3.6531482,40.214336,-3.670292303630708,2.1605272527157977,0.21183082,0,0.15214321,0.5851213,1.9864366,40.228268,-3.6555795669555664,0.21180889921148752
2019-10-29,Zozu_plus_DER_AL581_eobs2541__2019__southbound_01,Zozu + / DER AL581 (eobs2541),41.610577,0.6168313,41.610184,0.6169072,41.595306,0.6021703840495418,2.058664961207269,0.044130895,0,0.14916784,0.5851213,2.0866354,41.610577,0.6168313026428223,0.04414314622197504
2019-10-30,Angela_DER_AY470_eobs_4001__2019__southbound_01,Angela / DER AY470 (eobs 4001),38.947273,-5.709876,38.94756,-5.709815,38.90934,-5.742729531704012,5.115401367897704,0.03239612,0,0.32348958,0.5851213,5.0765815,38.947273,-5.70987606048584,0.032248064314166186
2019-10-30,Europa_DER_A1A26_eobs_4004__2019__southbound_01,Europa / DER A1A26 (eobs 4004),40.228695,-3.6531482,40.263042,-3.633526,40.21518,-3.6668862345867965,6.028543899272591,4.166494,0,0.15150514,0.5851213,1.8988632,40.228695,-3.6531481742858887,4.166578412929829
2019-10-30,Zozu_plus_DER_AL581_eobs2541__2019__southbound_01,Zozu + / DER AL581 (eobs2541),41.610184,0.6169072,41.610344,0.6167396,41.595127,0.6027364767321652,2.0539347168477553,0.02265962,0,0.15019196,0.5851213,2.0434644,41.610184,0.6169071793556213,0.022617740629212735
2019-10-31,Angela_DER_AY470_eobs_4001__2019__southbound_01,Angela / DER AY470 (eobs 4001),38.94756,-5.709815,38.9477,-5.709777,38.922638,-5.731073909463241,3.34060478884839,0.015940262,0,0.25987923,0.5851213,3.3197086,38.94756,-5.70981502532959,0.01603745488717881
2019-10-31,Europa_DER_A1A26_eobs_4004__2019__southbound_01,Europa / DER A1A26 (eobs 4004),40.263042,-3.633526,40.221237,-3.609409,40.250793,-3.6459769811094347,4.520667490705803,5.0793185,0,0.14162719,0.5851213,1.7208511,40.263042,-3.633526086807251,5.07928119224625
2019-10-31,Zozu_plus_DER_AL581_eobs2541__2019__southbound_01,Zozu + / DER AL581 (eobs2541),41.610344,0.6167396,41.61039,0.61670965,41.59546,0.602759185125097,2.025295716070975,0.00549471,0,0.15156628,0.5851213,2.0188906,41.610344,0.6167395710945129,0.005665460145022863
2019-11-01,Angela_DER_AY470_eobs_4001__2019__southbound_01,Angela / DER AY470 (eobs 4001),38.9477,-5.709777,38.94789,-5.7095823,38.925312,-5.729606706213703,3.0501227022164628,0.027114842,0,0.24112557,0.5851213,3.0177739,38.9477,-5.709776878356934,0.027071597191728303
2019-11-01,Europa_DER_A1A26_eobs_4004__2019__southbound_01,Europa / DER A1A26 (eobs 4004),40.221237,-3.609409,40.263092,-3.6334133,40.208332,-3.6227669687095276,6.155739118744024,5.0808387,0,0.14702813,0.5851213,1.8256853,40.221237,-3.6094090938568115,5.080481898537899
2019-11-01,Zozu_plus_DER_AL581_eobs2541__2019__southbound_01,Zozu + / DER AL581 (eobs2541),41.61039,0.61670965,41.61056,0.6166181,41.594833,0.6016767021939055,2.145225577818046,0.020817084,0,0.15700161,0.5851213,2.1304822,41.61039,0.6167096495628357,0.02054952577359191
2019-11-02,Angela_DER_AY470_eobs_4001__2019__southbound_01,Angela / DER AY470 (eobs 4001),38.94789,-5.7095823,38.947777,-5.709546,38.927467,-5.728449441819615,2.7880261953461156,0.013295717,0,0.22905838,0.5851213,2.791577,38.94789,-5.709582328796387,0.013105496940964342
2019-11-02,Europa_DER_A1A26_eobs_4004__2019__southbound_01,Europa / DER A1A26 (eobs 4004),40.263092,-3.6334133,40.26441,-3.6322372,40.25082,-3.646543947978535,1.938237130496915,0.17686382,0,0.14177358,0.5851213,1.7585557,40.263092,-3.633413314819336,0.17712833818385082
2019-11-02,Zozu_plus_DER_AL581_eobs2541__2019__southbound_01,Zozu + / DER AL581 (eobs2541),41.61056,0.6166181,41.610626,0.6168728,41.59599,0.6026041152971533,2.01407607322567,0.022258906,0,0.1457539,0.5851213,1.9921682,41.61056,0.6166180968284607,0.022368606374797022
2019-11-03,Angela_DER_AY470_eobs_4001__2019__southbound_01,Angela / DER AY470 (eobs 4001),38.947777,-5.709546,38.947834,-5.7096148,38.9248,-5.730757500809099,3.147015793328184,0.008610472,0,0.24613707,0.5851213,3.1396773,38.947777,-5.709546089172363,0.008703048433532777
2019-11-03,Europa_DER_A1A26_eobs_4004__2019__southbound_01,Europa / DER A1A26 (eobs 4004),40.26441,-3.6322372,40.26531,-3.5684195,40.251534,-3.6465690967567244,6.806145139897624,5.4158177,0,0.14876243,0.5851213,1.8751385,40.26441,-3.632237195968628,5.415800431987503
2019-11-03,Zozu_plus_DER_AL581_eobs2541__2019__southbound_01,Zozu + / DER AL581 (eobs2541),41.610626,0.6168728,41.6106,0.6168585,41.595768,0.6024166561312051,2.040039957844335,0.0031877782,0,0.14864135,0.5851213,2.0393844,41.610626,0.6168727874755859,0.003198553564588659
2019-11-04,Angela_DER_AY470_eobs_4001__2019__southbound_01,Angela / DER AY470 (eobs 4001),38.947834,-5.7096148,38.948036,-5.7095118,38.924656,-5.7327512339900375,3.2861949107748782,0.02447394,0,0.2528127,0.5851213,3.2571156,38.947834,-5.7096147537231445,0.024181473694744188
2019-11-04,Europa_DER_A1A26_eobs_4004__2019__southbound_01,Europa / DER A1A26 (eobs 4004),40.26531,-3.5684195,40.320454,-3.5903769,40.252552,-3.583171480357018,7.575020946884088,6.4083366,0,0.15548721,0.5851213,1.8883845,40.26531,-3.5684194564819336,6.408440508364736
2019-11-04,Zozu_plus_DER_AL581_eobs2541__2019__southbound_01,Zozu + / DER AL581 (eobs2541),41.6106,0.6168585,41.610603,0.6167747,41.59262,0.5980345561579656,2.535021612558365,0.0069865226,0,0.174766,0.5851213,2.534528,41.6106,0.6168584823608398,0.0069801918326630975
2019-11-05,Angela_DER_AY470_eobs_4001__2019__southbound_01,Angela / DER AY470 (eobs 4001),38.948036,-5.7095118,38.94779,-5.7095337,38.925957,-5.732772474720628,3.1516651085245155,0.027828755,0,0.24899971,0.5851213,3.1683004,38.948036,-5.709511756896973,0.027636585151302136
2019-11-05,Europa_DER_A1A26_eobs_4004__2019__southbound_01,Europa / DER A1A26 (eobs 4004),40.320454,-3.5903769,40.32094,-3.590476,40.308784,-3.605104260934573,1.8342907802098278,0.054744285,0,0.15199068,0.5851213,1.7975135,40.320454,-3.590376853942871,0.054522589823898675
2019-11-05,Zozu_plus_DER_AL581_eobs2541__2019__southbound_01,Zozu + / DER AL581 (eobs2541),41.610603,0.6167747,41.57751,0.61590147,41.59015,0.593585559744846,2.32805277940939,3.6802006,0,0.20088315,0.5851213,2.9764936,41.610603,0.6167746782302856,3.680439477121902
2019-11-06,Angela_DER_AY470_eobs_4001__2019__southbound_01,Angela / DER AY470 (eobs 4001),38.94779,-5.7095337,38.94776,-5.709565,38.922478,-5.735818839497645,3.6139502306526796,0.0040704077,0,0.27301547,0.5851213,3.6112206,38.94779,-5.70953369140625,0.004027823793762279
2019-11-06,Europa_DER_A1A26_eobs_4004__2019__southbound_01,Europa / DER A1A26 (eobs 4004),40.32094,-3.590476,40.32161,-3.590948,40.308247,-3.6076874928301246,2.054795889056638,0.08465342,0,0.16718657,0.5851213,2.026262,40.32094,-3.5904760360717773,0.08470565534935276
2019-11-06,Zozu_plus_DER_AL581_eobs2541__2019__southbound_01,Zozu + / DER AL581 (eobs2541),41.57751,0.61590147,41.59604,0.6166428,41.55521,0.5891895874381626,5.081942832903159,2.0610116,0,0.22044341,0.5851213,3.3238146,41.57751,0.6159014701843262,2.0611430280469354
2019-11-07,Angela_DER_AY470_eobs_4001__2019__southbound_01,Angela / DER AY470 (eobs 4001),38.94776,-5.709565,38.947758,-5.709442,38.91902,-5.738899645558659,4.08682425331475,0.010640212,0,0.2956178,0.5851213,4.07316,38.94776,-5.709565162658691,0.010647391624370083
2019-11-07,Europa_DER_A1A26_eobs_4004__2019__southbound_01,Europa / DER A1A26 (eobs 4004),40.32161,-3.590948,40.320667,-3.5899677,40.30822,-3.6095661595678132,2.1626144295965632,0.1336772,0,0.17639917,0.5851213,2.1661274,40.32161,-3.5909481048583984,0.133735242270615
2019-11-07,Zozu_plus_DER_AL581_eobs2541__2019__southbound_01,Zozu + / DER AL581 (eobs2541),41.59604,0.6166428,41.595917,0.6163382,41.571968,0.586908820288724,3.616999884531915,0.02868119,0,0.23645012,0.5851213,3.6374323,41.59604,0.6166427731513977,0.028735728986298722
2019-11-08,Angela_DER_AY470_eobs_4001__2019__southbound_01,Angela / DER AY470 (eobs 4001),38.947758,-5.709442,38.94775,-5.7092333,38.917812,-5.73957111052911,4.238845618428305,0.018063597,0,0.30483067,0.5851213,4.22066,38.947758,-5.709442138671875,0.01808136873122169
2019-11-08,Europa_DER_A1A26_eobs_4004__2019__southbound_01,Europa / DER A1A26 (eobs 4004),40.320667,-3.5899677,40.314827,-3.591249,40.3073,-3.608831181863694,1.7096556618513672,0.6585893,0,0.17856698,0.5851213,2.179297,40.320667,-3.589967727661133,0.6584354120727913
2019-11-08,Zozu_plus_DER_AL581_eobs2541__2019__southbound_01,Zozu + / DER AL581 (eobs2541),41.595917,0.6163382,41.56829,0.6148403,41.569946,0.5857270195016712,2.4289587659444556,3.0746284,0,0.24187444,0.5851213,3.8428607,41.595917,0.6163381934165955,3.07440476828048
2019-11-09,Angela_DER_AY470_eobs_4001__2019__southbound_01,Angela / DER AY470 (eobs 4001),38.94775,-5.7092333,38.94493,-5.7046394,38.91822,-5.738434764343328,4.167335521584571,0.5061008,0,0.30477002,0.5851213,4.1349726,38.94775,-5.709233283996582,0.5060535257320842
2019-11-09,Europa_DER_A1A26_eobs_4004__2019__southbound_01,Europa / DER A1A26 (eobs 4004),40.314827,-3.591249,40.320316,-3.5903153,40.300217,-3.6113727814305507,2.8606231790389556,0.6153253,0,0.19218053,0.5851213,2.3519363,40.314827,-3.5912489891052246,0.6154999404518676
2019-11-09,Zozu_plus_DER_AL581_eobs2541__2019__southbound_01,Zozu + / DER AL581 (eobs2541),41.56829,0.6148403,41.61059,0.6168529,41.538918,0.5805202660700841,8.52364412370273,4.706623,0,0.26527858,0.5851213,4.330464,41.56829,0.6148403286933899,4.706659819742514
2019-11-10,Angela_DER_AY470_eobs_4001__2019__southbound_01,Angela / DER AY470 (eobs 4001),38.94493,-5.7046394,38.94554,-5.7010317,38.91904,-5.72972860403244,3.852880550319286,0.31925437,0,0.28285637,0.5851213,3.5985053,38.94493,-5.704639434814453,0.319300305378738
2019-11-10,Europa_DER_A1A26_eobs_4004__2019__southbound_01,Europa / DER A1A26 (eobs 4004),40.320316,-3.5903153,40.30106,-3.5429425,40.30672,-3.608463700595506,5.591744899384744,4.5518446,0,0.17774236,0.5851213,2.153241,40.320316,-3.590315341949463,4.5518897173751505
2019-11-10,Zozu_plus_DER_AL581_eobs2541__2019__southbound_01,Zozu + / DER AL581 (eobs2541),41.61059,0.6168529,41.537857,0.6144059,41.58076,0.5818983479932024,5.484093838481587,8.09023,0,0.26941493,0.5851213,4.4023304,41.61059,0.616852879524231,8.090316690151838
2019-11-11,Angela_DER_AY470_eobs_4001__2019__southbound_01,Angela / DER AY470 (eobs 4001),38.94554,-5.7010317,38.94428,-5.7045703,38.923504,-5.721972890098758,2.7571985319805465,0.33657038,0,0.25818008,0.5851213,3.0416727,38.94554,-5.701031684875488,0.33669681071662527
2019-11-11,Europa_DER_A1A26_eobs_4004__2019__southbound_01,Europa / DER A1A26 (eobs 4004),40.30106,-3.5429425,40.301174,-3.5220733,40.287766,-3.560435116725496,3.5789027180868316,1.7698361,0,0.1709003,0.5851213,2.0906591,40.30106,-3.542942523956299,1.7698329534332018
2019-11-11,Zozu_plus_DER_AL581_eobs2541__2019__southbound_01,Zozu + / DER AL581 (eobs2541),41.537857,0.6144059,41.537548,0.6133583,41.510357,0.5835161970339383,3.91326333407233,0.09364996,0,0.25239706,0.5851213,3.9879625,41.537857,0.6144058704376221,0.09371496618825412
2019-11-12,Angela_DER_AY470_eobs_4001__2019__southbound_01,Angela / DER AY470 (eobs 4001),38.94428,-5.7045703,38.945267,-5.7049747,38.922005,-5.724778430744222,3.1023850295666766,0.11512898,0,0.25346538,0.5851213,3.026018,38.94428,-5.704570293426514,0.11529279177058903
2019-11-12,Europa_DER_A1A26_eobs_4004__2019__southbound_01,Europa / DER A1A26 (eobs 4004),40.301174,-3.5220733,40.32065,-3.590955,40.28969,-3.535862665510748,5.803169894289895,6.229133,0,0.14675447,0.5851213,1.7285198,40.301174,-3.522073268890381,6.229068476748202
2019-11-12,Zozu_plus_DER_AL581_eobs2541__2019__southbound_01,Zozu + / DER AL581 (eobs2541),41.537548,0.6133583,41.595703,0.6163259,41.51406,0.587957895587729,9.380070865047493,6.4709167,0,0.22306037,0.5851213,3.354177,41.537548,0.6133583188056946,6.47126780105789
2019-11-13,Angela_DER_AY470_eobs_4001__2019__southbound_01,Angela / DER AY470 (eobs 4001),38.945267,-5.7049747,38.948074,-5.7094107,38.9256,-5.722901943220123,2.758230566482895,0.49467632,0,0.23240633,0.5851213,2.6761687,38.945267,-5.70497465133667,0.4946045882735591
2019-11-13,Europa_DER_A1A26_eobs_4004__2019__southbound_01,Europa / DER A1A26 (eobs 4004),40.32065,-3.590955,40.25946,-3.6355994,40.308365,-3.605581599395197,6.004543496384577,7.786413,0,0.15276228,0.5851213,1.841536,40.32065,-3.5909550189971924,7.786517751992717
2019-11-13,Zozu_plus_DER_AL581_eobs2541__2019__southbound_01,Zozu + / DER AL581 (eobs2541),41.595703,0.6163259,41.59582,0.6163265,41.575077,0.5943057760708546,2.9453337500905743,0.013543652,0,0.20145063,0.5851213,2.9295645,41.595703,0.6163259148597717,0.013149536039388272
2019-11-14,Angela_DER_AY470_eobs_4001__2019__southbound_01,Angela / DER AY470 (eobs 4001),38.948074,-5.7094107,38.948277,-5.7087097,38.929,-5.727440156727942,2.6866999120791766,0.0646586,0,0.22843203,0.5851213,2.6276367,38.948074,-5.709410667419434,0.06465146716563094
2019-11-14,Europa_DER_A1A26_eobs_4004__2019__southbound_01,Europa / DER A1A26 (eobs 4004),40.25946,-3.6355994,40.22012,-3.6011417,40.245632,-3.651699167630885,5.144639357559464,5.262263,0,0.16619645,0.5851213,2.053301,40.25946,-3.635599374771118,5.262206407419245
2019-11-14,Zozu_plus_DER_AL581_eobs2541__2019__southbound_01,Zozu + / DER AL581 (eobs2541),41.59582,0.6163265,41.595604,0.6152768,41.57661,0.5965949010024946,2.6219452334293356,0.0906081,0,0.1833284,0.5851213,2.6890256,41.59582,0.6163265109062195,0.09057628876142833
2019-11-15,Angela_DER_AY470_eobs_4001__2019__southbound_01,Angela / DER AY470 (eobs 4001),38.948277,-5.7087097,38.947964,-5.708994,38.929413,-5.726617572570751,2.564835985586943,0.04266649,0,0.22549275,0.5851213,2.6027498,38.948277,-5.708709716796875,0.042589045359058046
2019-11-15,Europa_DER_A1A26_eobs_4004__2019__southbound_01,Europa / DER A1A26 (eobs 4004),40.22012,-3.6011417,40.26558,-3.6291306,40.206646,-3.6166816571742726,6.637743970979477,5.5853415,0,0.16184351,0.5851213,1.992977,40.22012,-3.6011416912078857,5.585294629398175
2019-11-15,Zozu_plus_DER_AL581_eobs2541__2019__southbound_01,Zozu + / DER AL581 (eobs2541),41.595604,0.6152768,41.595654,0.6163691,41.57708,0.5964454999996408,2.6478771738092908,0.0909918,0,0.17633757,0.5851213,2.5828834,41.595604,0.6152768135070801,0.09100095030158209
2019-11-16,Angela_DER_AY470_eobs_4001__2019__southbound_01,Angela / DER AY470 (eobs 4001),38.947964,-5.708994,38.947926,-5.709066,38.927616,-5.728321000371547,2.8059724136761046,0.0075803446,0,0.23314512,0.5851213,2.8078892,38.947964,-5.708993911743164,0.0075341659558349205
2019-11-16,Zozu_plus_DER_AL581_eobs2541__2019__southbound_01,Zozu + / DER AL581 (eobs2541),41.595654,0.6163691,41.59564,0.6163453,41.579636,0.6008553802831448,2.1967986785747877,0.002444287,0,0.15475129,0.5851213,2.1955025,41.595654,0.6163691282272339,0.002609516758500531
2019-11-17,Angela_DER_AY470_eobs_4001__2019__southbound_01,Angela / DER AY470 (eobs 4001),38.947926,-5.709066,38.975105,-5.690098,38.925507,-5.730195712992659,6.514607979909927,3.4387429,0,0.24746099,0.5851213,3.085371,38.947926,-5.709065914154053,3.4385540749210226
2019-11-17,Zozu_plus_DER_AL581_eobs2541__2019__southbound_01,Zozu + / DER AL581 (eobs2541),41.59564,0.6163453,41.543106,0.61478657,41.578197,0.600202213440405,4.086317844029907,5.8428946,0,0.1623135,0.5851213,2.3544478,41.59564,0.6163452863693237,5.842760863917975
2019-11-18,Angela_DER_AY470_eobs_4001__2019__southbound_01,Angela / DER AY470 (eobs 4001),38.975105,-5.690098,38.97549,-5.6930466,38.95265,-5.7104943130636805,2.95415167475622,0.25847366,0,0.24073756,0.5851213,3.0515146,38.975105,-5.690097808837891,0.2584806656344567
2019-11-18,Zozu_plus_DER_AL581_eobs2541__2019__southbound_01,Zozu + / DER AL581 (eobs2541),41.543106,0.61478657,41.59566,0.61608356,41.52633,0.5996528488102177,7.829659670277328,5.844592,0,0.1566317,0.5851213,2.2470593,41.543106,0.6147865653038025,5.8448628142196535
2019-11-19,Angela_DER_AY470_eobs_4001__2019__southbound_01,Angela / DER AY470 (eobs 4001),38.97549,-5.6930466,38.972576,-5.6914873,38.952908,-5.7134730173618795,2.8976833831130393,0.35126427,0,0.24470818,0.5851213,3.0644965,38.97549,-5.693046569824219,0.35098495124189893
2019-11-19,Zozu_plus_DER_AL581_eobs2541__2019__southbound_01,Zozu + / DER AL581 (eobs2541),41.59566,0.61608356,41.577873,0.616224,41.58065,0.6030089057327529,1.1417586837147569,1.9778725,0,0.14328599,0.5851213,1.9884388,41.59566,0.616083562374115,1.9779651573143084
2019-11-20,Angela_DER_AY470_eobs_4001__2019__southbound_01,Angela / DER AY470 (eobs 4001),38.972576,-5.6914873,38.97435,-5.69119,38.951527,-5.709293682437528,2.9817277681093937,0.19890858,0,0.22873087,0.5851213,2.7966762,38.972576,-5.6914873123168945,0.19891176031295627
2019-11-20,Zozu_plus_DER_AL581_eobs2541__2019__southbound_01,Zozu + / DER AL581 (eobs2541),41.577873,0.616224,41.595757,0.61629295,41.56237,0.6036507695257131,3.858441595377606,1.9886934,0,0.14597659,0.5851213,2.0127683,41.577873,0.6162239909172058,1.9885433366302088
2019-11-21,Angela_DER_AY470_eobs_4001__2019__southbound_01,Angela / DER AY470 (eobs 4001),38.97435,-5.69119,38.958992,-5.698703,38.95611,-5.705637356868521,0.6799718852338263,1.826903,0,0.20231664,0.5851213,2.3779368,38.97435,-5.691189765930176,1.8270884568091856
2019-11-21,Zozu_plus_DER_AL581_eobs2541__2019__southbound_01,Zozu + / DER AL581 (eobs2541),41.595757,0.61629295,41.610466,0.6169816,41.582226,0.6056696432962151,3.2780362937053007,1.6364815,0,0.12938,0.5851213,1.7415961,41.595757,0.6162929534912109,1.6366230141110747
2019-11-22,Angela_DER_AY470_eobs_4001__2019__southbound_01,Angela / DER AY470 (eobs 4001),38.958992,-5.698703,38.948315,-5.7087913,38.94037,-5.712533582099102,0.9409683147750157,1.4731357,0,0.200053,0.5851213,2.387145,38.958992,-5.698702812194824,1.4733020181182395
2019-11-22,Zozu_plus_DER_AL581_eobs2541__2019__southbound_01,Zozu + / DER AL581 (eobs2541),41.610466,0.6169816,41.595745,0.6163688,41.5985,0.6081053286054526,0.752306002799605,1.637768,0,0.11868196,0.5851213,1.5189688,41.610466,0.6169816255569458,1.637686490888372
2019-11-23,Angela_DER_AY470_eobs_4001__2019__southbound_01,Angela / DER AY470 (eobs 4001),38.948315,-5.7087913,38.975197,-5.6890473,38.92919,-5.722732605794285,5.886743400248642,3.442102,0,0.1995235,0.5851213,2.4401784,38.948315,-5.708791255950928,3.442275539559677
2019-11-23,Zozu_plus_DER_AL581_eobs2541__2019__southbound_01,Zozu + / DER AL581 (eobs2541),41.595745,0.6163688,41.595833,0.6162583,41.583183,0.6067830006753026,1.6122642982892275,0.0133839855,0,0.11818621,0.5851213,1.605369,41.595745,0.6163687705993652,0.013399053911479554
2019-11-24,Angela_DER_AY470_eobs_4001__2019__southbound_01,Angela / DER AY470 (eobs 4001),38.975197,-5.6890473,38.947124,-5.708028,38.95804,-5.701888574162454,1.3246038957963542,3.526672,0,0.18467864,0.5851213,2.2035308,38.975197,-5.689047336578369,3.526614495731064
2019-11-24,Zozu_plus_DER_AL581_eobs2541__2019__southbound_01,Zozu + / DER AL581 (eobs2541),41.595833,0.6162583,41.59581,0.6160743,41.583797,0.6069016015539028,1.5382149808714232,0.015461633,0,0.112584375,0.5851213,1.545249,41.595833,0.6162583231925964,0.015511043349200296
2019-11-25,Angela_DER_AY470_eobs_4001__2019__southbound_01,Angela / DER AY470 (eobs 4001),38.947124,-5.708028,38.946205,-5.7097826,38.929146,-5.721380158885192,2.1457993674027414,0.18294378,0,0.19257985,0.5851213,2.3045847,38.947124,-5.7080278396606445,0.18297199847701992
2019-11-25,Zozu_plus_DER_AL581_eobs2541__2019__southbound_01,Zozu + / DER AL581 (eobs2541),41.59581,0.6160743,41.60309,0.6166731,41.583187,0.6059960594284315,2.3844100262402694,0.8105639,0,0.11606107,0.5851213,1.631933,41.59581,0.6160743236541748,0.8108571186774738
2019-11-26,Angela_DER_AY470_eobs_4001__2019__southbound_01,Angela / DER AY470 (eobs 4001),38.946205,-5.7097826,38.945168,-5.7074404,38.928345,-5.723059121417024,2.307405228083299,0.2330669,0,0.18863449,0.5851213,2.2901301,38.946205,-5.709782600402832,0.23311233293323397
2019-11-26,Zozu_plus_DER_AL581_eobs2541__2019__southbound_01,Zozu + / DER AL581 (eobs2541),41.60309,0.6166731,41.595833,0.6160955,41.591103,0.6073125799816336,0.9000639579901505,0.80803776,0,0.11104315,0.5851213,1.5406142,41.60309,0.6166731119155884,0.8082104108948879
2019-11-27,Angela_DER_AY470_eobs_4001__2019__southbound_01,Angela / DER AY470 (eobs 4001),38.945168,-5.7074404,38.93997,-5.720473,38.92686,-5.721514568293625,1.4602500488495385,1.2668691,0,0.19213268,0.5851213,2.3674533,38.945168,-5.707440376281738,1.2667413927116755
2019-11-27,Zozu_plus_DER_AL581_eobs2541__2019__southbound_01,Zozu + / DER AL581 (eobs2541),41.595833,0.6160955,41.61036,0.6166902,41.58447,0.607315918460618,2.982548575587192,1.6158541,0,0.10519024,0.5851213,1.4568015,41.595833,0.6160954833030701,1.6160173473858768
2019-11-28,Angela_DER_AY470_eobs_4001__2019__southbound_01,Angela / DER AY470 (eobs 4001),38.93997,-5.720473,38.94498,-5.711996,38.919235,-5.73670872968012,3.5727687362858074,0.92112017,0,0.211545,0.5851213,2.6945167,38.93997,-5.720472812652588,0.9209281722584032
2019-11-28,Zozu_plus_DER_AL581_eobs2541__2019__southbound_01,Zozu + / DER AL581 (eobs2541),41.61036,0.6166902,41.610256,0.6167412,41.598255,0.6070140283306327,1.5604129308230414,0.012244043,0,0.111140385,0.5851213,1.5651056,41.61036,0.6166902184486389,0.012211325200985276
2019-11-29,Angela_DER_AY470_eobs_4001__2019__southbound_01,Angela / DER AY470 (eobs 4001),38.94498,-5.711996,38.94529,-5.7098374,38.927227,-5.726140043750245,2.4540195402485145,0.18983671,0,0.19274437,0.5851213,2.3184528,38.94498,-5.711996078491211,0.189818588434113
2019-11-29,Zozu_plus_DER_AL581_eobs2541__2019__southbound_01,Zozu + / DER AL581 (eobs2541),41.610256,0.6167412,41.592262,0.61618,41.597504,0.606287185068344,1.0081953181098353,2.001316,0,0.11565892,0.5851213,1.6603129,41.610256,0.6167411804199219,2.0013801871178116
2019-11-30,Angela_DER_AY470_eobs_4001__2019__southbound_01,Angela / DER AY470 (eobs 4001),38.94529,-5.7098374,38.946808,-5.7097335,38.930466,-5.721191637338445,2.069832113085288,0.16875415,0,0.16973086,0.5851213,1.9152052,38.94529,-5.709837436676025,0.16906105630400178
2019-11-30,Zozu_plus_DER_AL581_eobs2541__2019__southbound_01,Zozu + / DER AL581 (eobs2541),41.592262,0.61618,41.610573,0.61691046,41.57927,0.6056070848534714,3.6054678287001116,2.0372267,0,0.122001156,0.5851213,1.6883138,41.592262,0.6161800026893616,2.0369484492369616
2019-12-01,Angela_DER_AY470_eobs_4001__2019__southbound_01,Angela / DER AY470 (eobs 4001),38.946808,-5.7097335,38.976795,-5.691352,38.932278,-5.720522624303105,5.555743719751745,3.6939094,0,0.16316393,0.5851213,1.8623682,38.946808,-5.709733486175537,3.693831301748346
2019-12-01,Zozu_plus_DER_AL581_eobs2541__2019__southbound_01,Zozu + / DER AL581 (eobs2541),41.610573,0.61691046,41.61063,0.6168907,41.599434,0.6087378740182925,1.4175401240021368,0.006450524,0,0.10807479,0.5851213,1.4101121,41.610573,0.616910457611084,0.0065706532072689165
2019-12-02,Angela_DER_AY470_eobs_4001__2019__southbound_01,Angela / DER AY470 (eobs 4001),38.976795,-5.691352,38.976936,-5.691152,38.963448,-5.70124688696417,1.7353015977591004,0.023334812,0,0.15036601,0.5851213,1.710011,38.976795,-5.691351890563965,0.023336669969041827
2019-12-02,Zozu_plus_DER_AL581_eobs2541__2019__southbound_01,Zozu + / DER AL581 (eobs2541),41.61063,0.6168907,41.6106,0.6168825,41.600487,0.6100150757764611,1.2611515893152336,0.0033939069,0,0.10114969,0.5851213,1.2622496,41.61063,0.6168907284736633,0.003461623664053427
2019-12-03,Angela_DER_AY470_eobs_4001__2019__southbound_01,Angela / DER AY470 (eobs 4001),38.976936,-5.691152,38.94803,-5.7096868,38.965065,-5.700221678554534,2.0636011794826903,3.5917184,0,0.13765113,0.5851213,1.5324793,38.976936,-5.691152095794678,3.591719238511543
2019-12-03,Zozu_plus_DER_AL581_eobs2541__2019__southbound_01,Zozu + / DER AL581 (eobs2541),41.6106,0.6168825,41.60985,0.6168141,41.59995,0.6097718362596352,1.2471552043870853,0.08340692,0,0.10423521,0.5851213,1.321135,41.6106,0.6168825030326843,0.0833328162344332
2019-12-04,Angela_DER_AY470_eobs_4001__2019__southbound_01,Angela / DER AY470 (eobs 4001),38.94803,-5.7096868,38.94684,-5.7096205,38.935684,-5.719387813461938,1.500635934774684,0.13247351,0,0.14042726,0.5851213,1.605756,38.94803,-5.709686756134033,0.13246684460070807
2019-12-04,Zozu_plus_DER_AL581_eobs2541__2019__southbound_01,Zozu + / DER AL581 (eobs2541),41.60985,0.6168141,41.610054,0.6165117,41.599262,0.6099304289484387,1.3188683134589403,0.033783834,0,0.1037616,0.5851213,1.3069133,41.60985,0.6168140769004822,0.03372503687598726
2019-12-05,Angela_DER_AY470_eobs_4001__2019__southbound_01,Angela / DER AY470 (eobs 4001),38.94684,-5.7096205,38.946766,-5.709671,38.93543,-5.7182958729102555,1.4648061193561452,0.008998623,0,0.13070732,0.5851213,1.4714962,38.94684,-5.709620475769043,0.00916838992563545
2019-12-05,Zozu_plus_DER_AL581_eobs2541__2019__southbound_01,Zozu + / DER AL581 (eobs2541),41.610054,0.6165117,41.61008,0.6168609,41.599518,0.6096809493843184,1.3175491730306033,0.029195528,0,0.1000638,0.5851213,1.2997532,41.610054,0.6165117025375366,0.02918535888264016
2019-12-06,Angela_DER_AY470_eobs_4001__2019__southbound_01,Angela / DER AY470 (eobs 4001),38.946766,-5.709671,38.945885,-5.7098904,38.93461,-5.719496094404644,1.5041157103414708,0.09988166,0,0.13742554,0.5851213,1.5937393,38.946766,-5.7096710205078125,0.09980379531436308
2019-12-06,Zozu_plus_DER_AL581_eobs2541__2019__southbound_01,Zozu + / DER AL581 (eobs2541),41.61008,0.6168609,41.75176,0.0536483,41.600296,0.6109215140813812,49.25236814190345,49.354767,1,0.09479791,0.5851213,1.1925408,41.61008,0.6168609261512756,49.35488059817836
2019-12-07,Angela_DER_AY470_eobs_4001__2019__southbound_01,Angela / DER AY470 (eobs 4001),38.945885,-5.7098904,38.94683,-5.70973,38.933113,-5.720292679681714,1.7779736896982288,0.10618658,0,0.14273909,0.5851213,1.6780024,38.945885,-5.709890365600586,0.10610410221284497
2019-12-07,Zozu_plus_DER_AL581_eobs2541__2019__southbound_01,Zozu + / DER AL581 (eobs2541),41.75176,0.0536483,41.75479,0.0522777,41.736088,0.04242569655689985,2.2345839126311215,0.35621473,0,0.14145826,0.5851213,1.9720229,41.75176,0.05364830046892166,0.35587065013066504
2019-12-08,Angela_DER_AY470_eobs_4001__2019__southbound_01,Angela / DER AY470 (eobs 4001),38.94683,-5.70973,38.946754,-5.7097063,38.934746,-5.719470171256523,1.579915200378841,0.009002644,0,0.13822673,0.5851213,1.5830897,38.94683,-5.70973014831543,0.008730471990116832
2019-12-08,Zozu_plus_DER_AL581_eobs2541__2019__southbound_01,Zozu + / DER AL581 (eobs2541),41.75479,0.0522777,41.758812,0.0692217,41.740177,0.04249861926992192,3.034513206073771,1.4748272,0,0.13448754,0.5851213,1.8129314,41.75479,0.05227769911289215,1.4748840427896643
2019-12-09,Zozu_plus_DER_AL581_eobs2541__2019__southbound_01,Zozu + / DER AL581 (eobs2541),41.758812,0.0692217,41.610653,0.6147254,41.74476,0.060164329231580854,48.41075617897456,48.202354,1,0.1315979,0.5851213,1.7308146,41.758812,0.06922169774770737,48.202434797390815
2019-12-10,Zozu_plus_DER_AL581_eobs2541__2019__southbound_01,Zozu + / DER AL581 (eobs2541),41.610653,0.6147254,41.610607,0.6168713,41.596085,0.6047132954450141,1.9051566926830041,0.17847928,0,0.13667032,0.5851213,1.818074,41.610653,0.6147254109382629,0.17847681173370092
2019-12-11,Zozu_plus_DER_AL581_eobs2541__2019__southbound_01,Zozu + / DER AL581 (eobs2541),41.610607,0.6168713,41.538383,0.6169095,41.596718,0.6074644402506268,6.5339127874909515,8.031143,0,0.13480966,0.5851213,1.7280343,41.610607,0.6168712973594666,8.0309166676223
2019-12-12,Zozu_plus_DER_AL581_eobs2541__2019__southbound_01,Zozu + / DER AL581 (eobs2541),41.538383,0.6169095,41.538425,0.6166356,41.52379,0.6075222680676713,1.7956688054032288,0.023288382,0,0.14568737,0.5851213,1.7981166,41.538383,0.6169095039367676,0.023268152416281326
2019-12-13,Zozu_plus_DER_AL581_eobs2541__2019__southbound_01,Zozu + / DER AL581 (eobs2541),41.538425,0.6166356,41.539825,0.61585623,41.522224,0.6053260455119772,2.144466205137705,0.16845141,0,0.16056821,0.5851213,2.028907,41.538425,0.6166356205940247,0.16864707232844775
2019-12-14,Zozu_plus_DER_AL581_eobs2541__2019__southbound_01,Zozu + / DER AL581 (eobs2541),41.539825,0.61585623,41.595787,0.6162532,41.527145,0.6065155366313368,7.675494280819654,6.2229757,0,0.13268898,0.5851213,1.607261,41.539825,0.6158562302589417,6.222743224158205
2019-12-15,Zozu_plus_DER_AL581_eobs2541__2019__southbound_01,Zozu + / DER AL581 (eobs2541),41.595787,0.6162532,41.61031,0.61664575,41.582424,0.6055987179055669,3.233939502472225,1.6152493,0,0.14130558,0.5851213,1.7270904,41.595787,0.6162531971931458,1.6151662265188897
2019-12-16,Zozu_plus_DER_AL581_eobs2541__2019__southbound_01,Zozu + / DER AL581 (eobs2541),41.61031,0.61664575,41.538498,0.6163116,41.59659,0.6058587282630894,6.517619612514244,7.985445,0,0.14349478,0.5851213,1.766533,41.61031,0.6166457533836365,7.985153454295278
2019-12-17,Zozu_plus_DER_AL581_eobs2541__2019__southbound_01,Zozu + / DER AL581 (eobs2541),41.538498,0.6163116,41.538784,0.616889,41.525238,0.6061974587226312,1.7495137334530746,0.05763608,0,0.13365768,0.5851213,1.6949351,41.538498,0.6163116097450256,0.057632468007196735
2019-12-18,Angela_DER_AY470_eobs_4001__2019__southbound_01,Angela / DER AY470 (eobs 4001),38.947456,-5.709415,38.940887,-5.7151856,38.93553,-5.7188567250425555,0.674896457743336,0.8845663,0,0.14364035,0.5851213,1.5546466,38.947456,-5.709414958953857,0.8846440297140581
2019-12-18,Zozu_plus_DER_AL581_eobs2541__2019__southbound_01,Zozu + / DER AL581 (eobs2541),41.538784,0.616889,41.53911,0.6168439,41.525906,0.6067991103958542,1.6894717127185528,0.036349416,0,0.1284141,0.5851213,1.657269,41.538784,0.6168889999389648,0.036249972885687945
2019-12-19,Zozu_plus_DER_AL581_eobs2541__2019__southbound_01,Zozu + / DER AL581 (eobs2541),41.53911,0.6168439,41.53874,0.6164724,41.52754,0.6083498710964831,1.4170685106889476,0.051563594,0,0.11741371,0.5851213,1.4655477,41.53911,0.6168438792228699,0.05146584816017445
2019-12-20,Zozu_plus_DER_AL581_eobs2541__2019__southbound_01,Zozu + / DER AL581 (eobs2541),41.53874,0.6164724,41.53919,0.6166908,41.527706,0.6089965578816152,1.4283947217291642,0.0532163,0,0.11014335,0.5851213,1.3731707,41.53874,0.6164724230766296,0.0532509914225159
2019-12-21,Zozu_plus_DER_AL581_eobs2541__2019__southbound_01,Zozu + / DER AL581 (eobs2541),41.53919,0.6166908,41.61003,0.6167039,41.52927,0.6108133400105504,8.993581535598842,7.8776712,0,0.099824734,0.5851213,1.2041954,41.53919,0.6166908144950867,7.877364558467274
2019-12-22,Zozu_plus_DER_AL581_eobs2541__2019__southbound_01,Zozu + / DER AL581 (eobs2541),41.61003,0.6167039,41.540108,0.6168483,41.60036,0.6110308240037606,6.7173092023961365,7.775192,0,0.096946,0.5851213,1.1720725,41.61003,0.6167039275169373,7.775147444464022
2019-12-23,Zozu_plus_DER_AL581_eobs2541__2019__southbound_01,Zozu + / DER AL581 (eobs2541),41.540108,0.6168483,41.539074,0.61686045,41.529285,0.6094744736330845,1.250058001989155,0.114996836,0,0.10537974,0.5851213,1.3484495,41.540108,0.6168482899665833,0.11495603377647987
2019-12-24,Zozu_plus_DER_AL581_eobs2541__2019__southbound_01,Zozu + / DER AL581 (eobs2541),41.539074,0.61686045,41.61055,0.6168714,41.527946,0.6095647971259457,9.205188585149614,7.9476185,0,0.10877299,0.5851213,1.3757076,41.539074,0.6168604493141174,7.947777679677892
2019-12-25,Zozu_plus_DER_AL581_eobs2541__2019__southbound_01,Zozu + / DER AL581 (eobs2541),41.61055,0.6168714,41.538513,0.6168706,41.599297,0.6098125674535301,6.784270410577049,8.009782,0,0.11037273,0.5851213,1.3798319,41.61055,0.6168714165687561,8.01013143619098
2019-12-26,Zozu_plus_DER_AL581_eobs2541__2019__southbound_01,Zozu + / DER AL581 (eobs2541),41.538513,0.6168706,41.5512,0.6168584,41.52625,0.6090976832609801,2.8487285893451957,1.4106545,0,0.116974264,0.5851213,1.5068029,41.538513,0.6168705821037292,1.410808303804626
2019-12-27,Zozu_plus_DER_AL581_eobs2541__2019__southbound_01,Zozu + / DER AL581 (eobs2541),41.5512,0.6168584,41.53884,0.6160912,41.53993,0.6102018151642328,0.5048574488737438,1.3758757,0,0.11296488,0.5851213,1.3679549,41.5512,0.6168584227561951,1.375811280078791
2019-12-28,Zozu_plus_DER_AL581_eobs2541__2019__southbound_01,Zozu + / DER AL581 (eobs2541),41.53884,0.6160912,41.53656,0.6169326,41.52716,0.6096897853826788,1.206584515045164,0.26327547,0,0.11813892,0.5851213,1.4015326,41.53884,0.6160911917686462,0.26314632247786723
2020-06-10,Zozu_plus_DER_AL581_eobs2541__2020__southbound_01,Zozu + / DER AL581 (eobs2541),47.75059,8.933538,47.751205,8.933366,47.74359,8.929376277147416,0.8976635854604073,0.06947083,0,0.10307628,0.5851213,0.83662546,47.75059,8.933538436889648,0.06950091023296683
2020-06-11,Zozu_plus_DER_AL581_eobs2541__2020__southbound_01,Zozu + / DER AL581 (eobs2541),47.751205,8.933366,47.751236,8.933295,47.744152,8.929080644782003,0.8483860233513141,0.0062683425,0,0.10266467,0.5851213,0.8456876,47.751205,8.933365821838379,0.006273155664092152
2020-06-12,Zozu_plus_DER_AL581_eobs2541__2020__southbound_01,Zozu + / DER AL581 (eobs2541),47.751236,8.933295,47.751247,8.933278,47.744175,8.928981372569503,0.8495070509704886,0.0018512853,0,0.10222998,0.5851213,0.8474684,47.751236,8.933295249938965,0.0018073127420223636
2020-06-13,Zozu_plus_DER_AL581_eobs2541__2020__southbound_01,Zozu + / DER AL581 (eobs2541),47.751247,8.933278,47.75123,8.941495,47.744358,8.929389744856552,1.184380047627275,0.6143028,0,0.10295377,0.5851213,0.8180438,47.751247,8.93327808380127,0.614313236697649
2020-06-14,Zozu_plus_DER_AL581_eobs2541__2020__southbound_01,Zozu + / DER AL581 (eobs2541),47.75123,8.941495,47.75026,8.937252,47.744568,8.937811261626612,0.6342496013181489,0.33492208,0,0.101896524,0.5851213,0.7887055,47.75123,8.941494941711426,0.335008657280135
2020-06-15,Zozu_plus_DER_AL581_eobs2541__2020__southbound_01,Zozu + / DER AL581 (eobs2541),47.75026,8.937252,47.748974,8.937636,47.742878,8.932785949713969,0.7687541263357971,0.14607286,0,0.105806835,0.5851213,0.8846988,47.75026,8.937252044677734,0.14580655237629053
2020-06-16,Zozu_plus_DER_AL581_eobs2541__2020__southbound_01,Zozu + / DER AL581 (eobs2541),47.748974,8.937636,47.749237,8.938238,47.74139,8.932888098398115,0.9598583511559232,0.053737566,0,0.106251284,0.5851213,0.91323113,47.748974,8.937636375427246,0.05367347122330347
2020-06-17,Zozu_plus_DER_AL581_eobs2541__2020__southbound_01,Zozu + / DER AL581 (eobs2541),47.749237,8.938238,47.750725,8.937151,47.742264,8.933954760132771,0.9706979326666847,0.18417794,0,0.10305522,0.5851213,0.83758336,47.749237,8.938238143920898,0.18431880123897787
2020-06-18,Zozu_plus_DER_AL581_eobs2541__2020__southbound_01,Zozu + / DER AL581 (eobs2541),47.750725,8.937151,47.751194,8.936371,47.7436,8.932550636987841,0.8915270060512713,0.07837694,0,0.10404868,0.5851213,0.86214685,47.750725,8.937150955200195,0.07825353090017718
2020-06-19,Zozu_plus_DER_AL581_eobs2541__2020__southbound_01,Zozu + / DER AL581 (eobs2541),47.751194,8.936371,47.750828,8.936872,47.743916,8.931657689067968,0.8618121223890511,0.05541326,0,0.104919136,0.5851213,0.88105136,47.751194,8.936370849609375,0.05531131054651515
2020-06-20,Zozu_plus_DER_AL581_eobs2541__2020__southbound_01,Zozu + / DER AL581 (eobs2541),47.750828,8.936872,47.751205,8.934104,47.74376,8.932135568178685,0.840968644191113,0.21116826,0,0.10121194,0.5851213,0.8606477,47.750828,8.936871528625488,0.2111280836177144
2020-06-21,Zozu_plus_DER_AL581_eobs2541__2020__southbound_01,Zozu + / DER AL581 (eobs2541),47.751205,8.934104,47.75102,8.937568,47.743282,8.92818388838197,1.1100666879570298,0.25979358,0,0.10605082,0.5851213,0.9842898,47.751205,8.934103965759277,0.2597902690709042
2020-06-22,Zozu_plus_DER_AL581_eobs2541__2020__southbound_01,Zozu + / DER AL581 (eobs2541),47.75102,8.937568,47.74597,8.940218,47.74367,8.932404413371229,0.6377672775214682,0.5951295,0,0.10326335,0.5851213,0.90193254,47.75102,8.937567710876465,0.5951395012327187
2020-06-23,Zozu_plus_DER_AL581_eobs2541__2020__southbound_01,Zozu + / DER AL581 (eobs2541),47.74597,8.940218,47.74628,8.943734,47.738556,8.934882851434425,1.0843693876551366,0.26509944,0,0.10422853,0.5851213,0.9145051,47.74597,8.940217971801758,0.26513970259434794
2020-06-24,Zozu_plus_DER_AL581_eobs2541__2020__southbound_01,Zozu + / DER AL581 (eobs2541),47.74628,8.943734,47.75129,8.933984,47.738747,8.938445072821702,1.4340256722923939,0.91730946,0,0.10623023,0.5851213,0.9249393,47.74628,8.943734169006348,0.9173955815933832
2020-06-25,Zozu_plus_DER_AL581_eobs2541__2020__southbound_01,Zozu + / DER AL581 (eobs2541),47.75129,8.933984,47.751263,8.943849,47.74331,8.928344352812191,1.458068067684904,0.73751837,0,0.11257116,0.5851213,0.9808673,47.75129,8.93398380279541,0.7375191607301855
2020-06-26,Zozu_plus_DER_AL581_eobs2541__2020__southbound_01,Zozu + / DER AL581 (eobs2541),47.751263,8.943849,47.742435,8.939635,47.743706,8.938807855599993,0.1542061063661177,1.0309653,0,0.11074004,0.5851213,0.9193594,47.751263,8.943848609924316,1.0308566680040323
2020-06-27,Angela_DER_AY470_eobs_4001__2020__southbound_01,Angela / DER AY470 (eobs 4001),48.134808,7.761975,48.135956,7.754962,48.12667,7.755407646786161,1.0329730146684024,0.5358752,0,0.13437475,0.5851213,1.0260293,48.134808,7.761974811553955,0.5358462608676214
2020-06-27,Zozu_plus_DER_AL581_eobs2541__2020__southbound_01,Zozu + / DER AL581 (eobs2541),47.742435,8.939635,47.751183,8.936737,47.7344,8.933886398930092,1.8780837711788916,0.99645835,0,0.1149681,0.5851213,0.989521,47.742435,8.939635276794434,0.9964812211877323
2020-06-28,Angela_DER_AY470_eobs_4001__2020__southbound_01,Angela / DER AY470 (eobs 4001),48.135956,7.754962,48.106216,7.7566175,48.127136,7.7474946796391695,2.422759562720523,3.3094354,0,0.14035225,0.5851213,1.124399,48.135956,7.754961967468262,3.3091554495216733
2020-06-28,Zozu_plus_DER_AL581_eobs2541__2020__southbound_01,Zozu + / DER AL581 (eobs2541),47.751183,8.936737,47.74037,8.936371,47.743347,8.931280022397909,0.5043566281046021,1.2022967,0,0.1152859,0.5851213,0.9602809,47.751183,8.936737060546875,1.2024253675273304
2020-06-29,Angela_DER_AY470_eobs_4001__2020__southbound_01,Angela / DER AY470 (eobs 4001),48.106216,7.7566175,48.151463,7.7490926,48.096684,7.748137225227587,6.091573909845592,5.062147,0,0.14658792,0.5851213,1.2306033,48.106216,7.756617546081543,5.06204931725158
2020-06-29,Zozu_plus_DER_AL581_eobs2541__2020__southbound_01,Zozu + / DER AL581 (eobs2541),47.74037,8.936371,47.747074,8.936814,47.732204,8.93040997006732,1.7213962784698602,0.745943,0,0.11777707,0.5851213,1.0098175,47.74037,8.936370849609375,0.7460137536795143
2020-06-30,Angela_DER_AY470_eobs_4001__2020__southbound_01,Angela / DER AY470 (eobs 4001),48.151463,7.7490926,48.1503,7.7490897,48.141975,7.740506021271794,1.123487103804887,0.12930891,0,0.14617732,0.5851213,1.2299974,48.151463,7.7490925788879395,0.12937372250365214
2020-06-30,Zozu_plus_DER_AL581_eobs2541__2020__southbound_01,Zozu + / DER AL581 (eobs2541),47.747074,8.936814,47.74258,8.938621,47.738773,8.930584634713759,0.735046193023665,0.5176338,0,0.119365595,0.5851213,1.0320534,47.747074,8.936814308166504,0.5176090657174228
2020-07-01,Angela_DER_AY470_eobs_4001__2020__southbound_01,Angela / DER AY470 (eobs 4001),48.1503,7.7490897,48.13606,7.766708,48.141,7.740689750089146,2.007274899163483,2.0534534,0,0.14270405,0.5851213,1.2050892,48.1503,7.74908971786499,2.0533225033931104
2020-07-01,Mirabell_plus_DER_AN910_eobs_3907__2020__southbound_01,Mirabell + / DER AN910 (eobs 3907),47.80445,8.886295,47.804344,8.886346,47.793602,8.877538399608051,1.363656416508537,0.012518813,0,0.14109828,0.5851213,1.369661,47.80445,8.886295318603516,0.01246240446363857
2020-07-01,Zozu_plus_DER_AL581_eobs2541__2020__southbound_01,Zozu + / DER AL581 (eobs2541),47.74258,8.938621,47.74695,8.935849,47.73383,8.931647071848909,1.4921993431190232,0.5282758,0,0.12165372,0.5851213,1.1020665,47.74258,8.938620567321777,0.5280398646675563
2020-07-02,Angela_DER_AY470_eobs_4001__2020__southbound_01,Angela / DER AY470 (eobs 4001),48.13606,7.766708,48.13837,7.7521005,48.12618,7.757437253307069,1.4123352289046003,1.1139876,0,0.14607447,0.5851213,1.2937996,48.13606,7.766707897186279,1.1140194649486792
2020-07-02,Mirabell_plus_DER_AN910_eobs_3907__2020__southbound_01,Mirabell + / DER AN910 (eobs 3907),47.804344,8.886346,47.80394,8.8860445,47.79275,8.876270672368493,1.44248939367162,0.050391458,0,0.14628588,0.5851213,1.4900075,47.804344,8.886345863342285,0.05028143543214544
2020-07-02,Zozu_plus_DER_AL581_eobs2541__2020__southbound_01,Zozu + / DER AL581 (eobs2541),47.74695,8.935849,47.75132,8.933318,47.73813,8.928475852636483,1.5108244536629103,0.52167386,0,0.12073944,0.5851213,1.1232038,47.74695,8.9358491897583,0.5216396476540286
2020-07-03,Angela_DER_AY470_eobs_4001__2020__southbound_01,Angela / DER AY470 (eobs 4001),48.13837,7.7521005,48.150066,7.749769,48.127323,7.741086226789695,2.609721557040219,1.31202,0,0.15158887,0.5851213,1.4727334,48.13837,7.752100467681885,1.3119743405837323
2020-07-03,Mirabell_plus_DER_AN910_eobs_3907__2020__southbound_01,Mirabell + / DER AN910 (eobs 3907),47.80394,8.8860445,47.80392,8.886335,47.791447,8.874052353590965,1.6630384451411016,0.021842774,0,0.15341437,0.5851213,1.6500236,47.80394,8.8860445022583,0.021827358415971974
2020-07-03,Zozu_plus_DER_AL581_eobs2541__2020__southbound_01,Zozu + / DER AL581 (eobs2541),47.75132,8.933318,47.748158,8.936284,47.742123,8.925166572825802,1.0683178626759533,0.41575778,0,0.12324986,0.5851213,1.1884184,47.75132,8.933318138122559,0.41571958234920053
2020-07-04,Angela_DER_AY470_eobs_4001__2020__southbound_01,Angela / DER AY470 (eobs 4001),48.150066,7.749769,48.152233,7.759263,48.138695,7.738014701722612,2.1798109320147683,0.7444682,0,0.1542517,0.5851213,1.5334494,48.150066,7.74976921081543,0.744376560823576
2020-07-04,Mirabell_plus_DER_AN910_eobs_3907__2020__southbound_01,Mirabell + / DER AN910 (eobs 3907),47.80392,8.886335,47.804012,8.886301,47.791542,8.874408476465765,1.6467698381583267,0.010571883,0,0.15216672,0.5851213,1.6368226,47.80392,8.886335372924805,0.010498172323154224
2020-07-04,Zozu_plus_DER_AL581_eobs2541__2020__southbound_01,Zozu + / DER AL581 (eobs2541),47.748158,8.936284,47.746815,8.936531,47.739246,8.928518172698498,1.033062232621293,0.15051761,0,0.1206656,0.5851213,1.1463027,47.748158,8.936284065246582,0.15044757268411044
2020-07-05,Angela_DER_AY470_eobs_4001__2020__southbound_01,Angela / DER AY470 (eobs 4001),48.152233,7.759263,48.145184,7.771317,48.142124,7.7490499002215225,1.6868039535494925,1.1894122,0,0.14470096,0.5851213,1.3533024,48.152233,7.759263038635254,1.1891975649627957
2020-07-05,Mirabell_plus_DER_AN910_eobs_3907__2020__southbound_01,Mirabell + / DER AN910 (eobs 3907),47.804012,8.886301,47.803905,8.886431,47.79197,8.874594441028993,1.5947522398540253,0.015473266,0,0.14957349,0.5851213,1.5963495,47.804012,8.886301040649414,0.015326289142925465
2020-07-05,Zozu_plus_DER_AL581_eobs2541__2020__southbound_01,Zozu + / DER AL581 (eobs2541),47.746815,8.936531,47.74705,8.936649,47.737793,8.928558282539635,1.194089081389646,0.027724216,0,0.12042644,0.5851213,1.16487,47.746815,8.936531066894531,0.027745418684573003
2020-07-06,Angela_DER_AY470_eobs_4001__2020__southbound_01,Angela / DER AY470 (eobs 4001),48.145184,7.771317,48.125355,7.767948,48.135414,7.7614741622449515,1.217378249262886,2.2187943,0,0.14296128,0.5851213,1.3065635,48.145184,7.771317005157471,2.2189923702023573
2020-07-06,Mirabell_plus_DER_AN910_eobs_3907__2020__southbound_01,Mirabell + / DER AN910 (eobs 3907),47.803905,8.886431,47.803917,8.886257,47.791924,8.874818800239456,1.5838217583394893,0.0130312415,0,0.1491131,0.5851213,1.5868995,47.803905,8.886430740356445,0.013025532178843831
2020-07-06,Zozu_plus_DER_AL581_eobs2541__2020__southbound_01,Zozu + / DER AL581 (eobs2541),47.74705,8.936649,47.741043,8.935946,47.73848,8.9291436245409,0.5831241641638957,0.670248,0,0.11853891,0.5851213,1.1042932,47.74705,8.936649322509766,0.6701404345979612
2020-07-07,Angela_DER_AY470_eobs_4001__2020__southbound_01,Angela / DER AY470 (eobs 4001),48.125355,7.767948,48.127445,7.7584863,48.11491,7.756945279067923,1.3985266394605844,0.7397343,0,0.14903934,0.5851213,1.4173077,48.125355,7.767948150634766,0.7397451615864552
2020-07-07,Mirabell_plus_DER_AN910_eobs_3907__2020__southbound_01,Mirabell + / DER AN910 (eobs 3907),47.803917,8.886257,47.8049,8.885378,47.79066,8.872483082315142,1.853381047026688,0.12776059,0,0.16129996,0.5851213,1.794494,47.803917,8.88625717163086,0.12762875030286752
2020-07-07,Zozu_plus_DER_AL581_eobs2541__2020__southbound_01,Zozu + / DER AL581 (eobs2541),47.741043,8.935946,47.74719,8.936978,47.731873,8.927528681283542,1.8438447568303535,0.6877399,0,0.12282837,0.5851213,1.1961601,47.741043,8.935946464538574,0.6876888208167016
2020-07-08,Angela_DER_AY470_eobs_4001__2020__southbound_01,Angela / DER AY470 (eobs 4001),48.127445,7.7584863,48.135017,7.7530894,48.116592,7.74666614153849,2.103507209298822,0.93256223,0,0.15237334,0.5851213,1.4893363,48.127445,7.758486270904541,0.9323971348045486
2020-07-08,Mirabell_plus_DER_AN910_eobs_3907__2020__southbound_01,Mirabell + / DER AN910 (eobs 3907),47.8049,8.885378,47.804398,8.885767,47.792435,8.872627479947807,1.653090163601992,0.06308425,0,0.15369609,0.5851213,1.6788532,47.8049,8.885377883911133,0.06308324101417707
2020-07-08,Zozu_plus_DER_AL581_eobs2541__2020__southbound_01,Zozu + / DER AL581 (eobs2541),47.74719,8.936978,47.74344,8.935827,47.73875,8.92937551064695,0.7102917124521434,0.42578512,0,0.11791892,0.5851213,1.0950726,47.74719,8.936978340148926,0.42575468097935276
2020-07-09,Angela_DER_AY470_eobs_4001__2020__southbound_01,Angela / DER AY470 (eobs 4001),48.135017,7.7530894,48.135403,7.7538147,48.124043,7.740829390530428,1.5888459462583995,0.06860588,0,0.1532961,0.5851213,1.519558,48.135017,7.753089427947998,0.0687906605644451
2020-07-09,Mirabell_plus_DER_AN910_eobs_3907__2020__southbound_01,Mirabell + / DER AN910 (eobs 3907),47.804398,8.885767,47.806282,8.885461,47.792187,8.87331476397234,1.8109623103282617,0.21063855,0,0.15071593,0.5851213,1.6427921,47.804398,8.885766983032227,0.21078632881563766
2020-07-09,Zozu_plus_DER_AL581_eobs2541__2020__southbound_01,Zozu + / DER AL581 (eobs2541),47.74344,8.935827,47.739254,8.936755,47.73483,8.927879586964789,0.8262302610573374,0.47050673,0,0.11858337,0.5851213,1.1250082,47.74344,8.935827255249023,0.47046550345120286
2020-07-10,Angela_DER_AY470_eobs_4001__2020__southbound_01,Angela / DER AY470 (eobs 4001),48.135403,7.7538147,48.124622,7.7564955,48.12507,7.7423486854751165,1.0512006746572626,1.2151045,0,0.15120494,0.5851213,1.4272504,48.135403,7.753814697265625,1.2151189729008727
2020-07-10,Mirabell_plus_DER_AN910_eobs_3907__2020__southbound_01,Mirabell + / DER AN910 (eobs 3907),47.806282,8.885461,47.80478,8.88635,47.79437,8.873492762507247,1.5040574344454034,0.18003127,0,0.14892413,0.5851213,1.595232,47.806282,8.88546085357666,0.1798256519415562
2020-07-10,Zozu_plus_DER_AL581_eobs2541__2020__southbound_01,Zozu + / DER AL581 (eobs2541),47.739254,8.936755,47.740242,8.939022,47.730396,8.928440586617645,1.3508488437834476,0.20218152,0,0.12108925,0.5851213,1.1628331,47.739254,8.936755180358887,0.2020016852893875
2020-07-11,Angela_DER_AY470_eobs_4001__2020__southbound_01,Angela / DER AY470 (eobs 4001),48.124622,7.7564955,48.13116,7.7574086,48.113636,7.743925321943803,2.190649405308888,0.7302498,0,0.15834947,0.5851213,1.5345007,48.124622,7.756495475769043,0.7301889208038934
2020-07-11,Mirabell_plus_DER_AN910_eobs_3907__2020__southbound_01,Mirabell + / DER AN910 (eobs 3907),47.80478,8.88635,47.804543,8.886354,47.791866,8.872739172274999,1.7381178671478636,0.026150577,0,0.15928207,0.5851213,1.756139,47.80478,8.88634967803955,0.02630129639390394
2020-07-11,Zozu_plus_DER_AL581_eobs2541__2020__southbound_01,Zozu + / DER AL581 (eobs2541),47.740242,8.939022,47.738937,8.940221,47.73129,8.930464650788467,1.1205561219531168,0.17085266,0,0.123500146,0.5851213,1.1813033,47.740242,8.939022064208984,0.1705301116186532
2020-07-12,Angela_DER_AY470_eobs_4001__2020__southbound_01,Angela / DER AY470 (eobs 4001),48.13116,7.7574086,48.148365,7.749654,48.119915,7.744226932285815,3.1890332896531017,1.9977745,0,0.16043015,0.5851213,1.5849011,48.13116,7.757408618927002,1.9976994701357953
2020-07-12,Mirabell_plus_DER_AN910_eobs_3907__2020__southbound_01,Mirabell + / DER AN910 (eobs 3907),47.804543,8.886354,47.804626,8.885832,47.791256,8.872072391647956,1.8073945946359122,0.0401275,0,0.16073853,0.5851213,1.8191451,47.804543,8.886354446411133,0.040131668750192626
2020-07-12,Zozu_plus_DER_AL581_eobs2541__2020__southbound_01,Zozu + / DER AL581 (eobs2541),47.738937,8.940221,47.743538,8.941041,47.730045,8.93155405821446,1.6595965127173158,0.51562476,0,0.12241751,0.5851213,1.180169,47.738937,8.940220832824707,0.5152188615977948
2020-07-13,Angela_DER_AY470_eobs_4001__2020__southbound_01,Angela / DER AY470 (eobs 4001),48.148365,7.749654,48.134262,7.7534823,48.136917,7.735876614083116,1.3394313038789036,1.5935731,0,0.16377968,0.5851213,1.6296285,48.148365,7.7496538162231445,1.5936997363339216
2020-07-13,Mirabell_plus_DER_AN910_eobs_3907__2020__southbound_01,Mirabell + / DER AN910 (eobs 3907),47.804626,8.885832,47.804237,8.880102,47.79016,8.869389942933463,1.757877081806172,0.43014413,0,0.17186731,0.5851213,2.0201972,47.804626,8.885831832885742,0.43010620849465026
2020-07-13,Zozu_plus_DER_AL581_eobs2541__2020__southbound_01,Zozu + / DER AL581 (eobs2541),47.743538,8.941041,47.75148,8.943654,47.734695,8.932424033361634,2.04657332644993,0.90415376,0,0.12225172,0.5851213,1.1733369,47.743538,8.941040992736816,0.9044861654956408
2020-07-14,Angela_DER_AY470_eobs_4001__2020__southbound_01,Angela / DER AY470 (eobs 4001),48.134262,7.7534823,48.10913,7.7538886,48.123455,7.740618306940708,1.8728157479256637,2.794612,0,0.15886725,0.5851213,1.5320921,48.134262,7.753482341766357,2.7946313564487957
2020-07-14,Mirabell_plus_DER_AN910_eobs_3907__2020__southbound_01,Mirabell + / DER AN910 (eobs 3907),47.804237,8.880102,47.804256,8.879999,47.79084,8.865324334293916,1.8512361777791642,0.008005003,0,0.16292714,0.5851213,1.8508017,47.804237,8.880102157592773,0.00797943196490497
2020-07-14,Zozu_plus_DER_AL581_eobs2541__2020__southbound_01,Zozu + / DER AL581 (eobs2541),47.75148,8.943654,47.752575,9.04522,47.74348,8.936257408751116,8.209322886121669,7.594195,0,0.11663781,0.5851213,1.0455315,47.75148,8.94365406036377,7.594171326581433
2020-07-15,Angela_DER_AY470_eobs_4001__2020__southbound_01,Angela / DER AY470 (eobs 4001),48.10913,7.7538886,48.1089,7.751875,48.098434,7.7409030759234305,1.4203918144723422,0.15174876,0,0.16031685,0.5851213,1.5282793,48.10913,7.7538886070251465,0.15173176000656852
2020-07-15,Mirabell_plus_DER_AN910_eobs_3907__2020__southbound_01,Mirabell + / DER AN910 (eobs 3907),47.804256,8.879999,47.804367,8.884844,47.7898,8.86320527904089,2.288371590609332,0.36203712,0,0.17123032,0.5851213,2.0355709,47.804256,8.879999160766602,0.362036884985538
2020-07-15,Sierit_DER_AN858_eobs2561__2020__southbound_01,Sierit  / DER AN858 (eobs2561),47.80157,8.874634,47.802616,8.880487,47.782227,8.850435702881205,3.1906255634887963,0.452478,0,0.21537344,0.5851213,2.8046212,47.80157,8.8746337890625,0.452388115344593
2020-07-15,Zozu_plus_DER_AL581_eobs2541__2020__southbound_01,Zozu + / DER AL581 (eobs2541),47.752575,9.04522,47.75159,9.055156,47.74455,9.037591532374488,1.5289456271528206,0.7507458,0,0.11678624,0.5851213,1.0573225,47.752575,9.045220375061035,0.7507964664962645
2020-07-16,Angela_DER_AY470_eobs_4001__2020__southbound_01,Angela / DER AY470 (eobs 4001),48.1089,7.751875,48.135433,7.753382,48.097874,7.738334518790119,4.323244748239568,2.9524593,0,0.16043067,0.5851213,1.5826609,48.1089,7.751874923706055,2.952685712024783
2020-07-16,Mirabell_plus_DER_AN910_eobs_3907__2020__southbound_01,Mirabell + / DER AN910 (eobs 3907),47.804367,8.884844,47.804443,8.885641,47.790394,8.868651934383356,2.0127087101031105,0.060173836,0,0.16657712,0.5851213,1.9655503,47.804367,8.884843826293945,0.060146088821383
2020-07-16,Sierit_DER_AN858_eobs2561__2020__southbound_01,Sierit  / DER AN858 (eobs2561),47.802616,8.880487,47.80279,8.880519,47.783398,8.856417210774111,2.80929324519174,0.019660225,0,0.21241947,0.5851213,2.7878444,47.802616,8.880487442016602,0.019653144873286045
2020-07-16,Zozu_plus_DER_AL581_eobs2541__2020__southbound_01,Zozu + / DER AL581 (eobs2541),47.75159,9.055156,47.751534,8.943804,47.744186,9.048260476061834,7.85252123022449,8.324844,0,0.11263436,0.5851213,0.96960276,47.75159,9.055155754089355,8.32485703904027
2020-07-17,Angela_DER_AY470_eobs_4001__2020__southbound_01,Angela / DER AY470 (eobs 4001),48.135433,7.753382,48.13143,7.7584915,48.124428,7.7398685729406065,1.5864856826582112,0.5846671,0,0.15633671,0.5851213,1.5792391,48.135433,7.753382205963135,0.5846013052343227
2020-07-17,Mirabell_plus_DER_AN910_eobs_3907__2020__southbound_01,Mirabell + / DER AN910 (eobs 3907),47.804443,8.885641,47.80455,8.885661,47.7908,8.869937473692968,1.9281393011360366,0.012033161,0,0.16123927,0.5851213,1.9142157,47.804443,8.885641098022461,0.011970729676374407
2020-07-17,Sierit_DER_AN858_eobs2561__2020__southbound_01,Sierit  / DER AN858 (eobs2561),47.80279,8.880519,47.803932,8.879867,47.785915,8.859980275852859,2.494039175403936,0.1357796,0,0.19135611,0.5851213,2.4196157,47.80279,8.880518913269043,0.13586409122759716
2020-07-17,Zozu_plus_DER_AL581_eobs2541__2020__southbound_01,Zozu + / DER AL581 (eobs2541),47.751534,8.943804,47.7389,8.939626,47.743744,8.93584045494615,0.6085376549706666,1.438985,0,0.11418997,0.5851213,1.0493363,47.751534,8.943803787231445,1.4391835727689315
2020-07-18,Angela_DER_AY470_eobs_4001__2020__southbound_01,Angela / DER AY470 (eobs 4001),48.13143,7.7584915,48.09271,7.763441,48.12089,7.74590287074569,3.39359849500893,4.321206,0,0.14953634,0.5851213,1.4962993,48.13143,7.758491516113281,4.32145798753091
2020-07-18,Mirabell_plus_DER_AN910_eobs_3907__2020__southbound_01,Mirabell + / DER AN910 (eobs 3907),47.80455,8.885661,47.80428,8.879807,47.791477,8.87071509866448,1.5772441201264085,0.43823096,0,0.15487544,0.5851213,1.8295774,47.80455,8.885661125183105,0.4382201314147788
2020-07-18,Sierit_DER_AN858_eobs2561__2020__southbound_01,Sierit  / DER AN858 (eobs2561),47.803932,8.879867,47.802753,8.875032,47.789055,8.862496483125595,1.7880278323489573,0.38414955,0,0.17243358,0.5851213,2.0987604,47.803932,8.879866600036621,0.3841058486129028
2020-07-18,Zozu_plus_DER_AL581_eobs2541__2020__southbound_01,Zozu + / DER AL581 (eobs2541),47.7389,8.939626,47.757473,8.946831,47.73095,8.931370201067189,3.167760691457284,2.134112,0,0.11328983,0.5851213,1.0762378,47.7389,8.93962574005127,2.134408414223623
2020-07-19,Angela_DER_AY470_eobs_4001__2020__southbound_01,Angela / DER AY470 (eobs 4001),48.09271,7.763441,48.07767,7.792877,48.08183,7.750324598101751,3.194820042600327,2.752734,0,0.15248512,0.5851213,1.5504701,48.09271,7.76344108581543,2.7526175340121757
2020-07-19,Mirabell_plus_DER_AN910_eobs_3907__2020__southbound_01,Mirabell + / DER AN910 (eobs 3907),47.80428,8.879807,47.804134,8.879616,47.7907,8.863977251243712,1.8964196314899278,0.021599011,0,0.16137952,0.5851213,1.9144408,47.80428,8.879807472229004,0.021558575766736466
2020-07-19,Sierit_DER_AN858_eobs2561__2020__southbound_01,Sierit  / DER AN858 (eobs2561),47.802753,8.875032,47.804123,8.879816,47.78659,8.855434830773492,2.6678697200909096,0.38840193,0,0.18522215,0.5851213,2.3138406,47.802753,8.875032424926758,0.3883743147595525
2020-07-19,Zozu_plus_DER_AL581_eobs2541__2020__southbound_01,Zozu + / DER AL581 (eobs2541),47.757473,8.946831,47.740345,8.950154,47.749786,8.939045735911181,1.3386733379668176,1.9205843,0,0.1130949,0.5851213,1.0323689,47.757473,8.946830749511719,1.9206899967216544
2020-07-20,Angela_DER_AY470_eobs_4001__2020__southbound_01,Angela / DER AY470 (eobs 4001),48.07767,7.792877,48.078724,7.7944937,48.06725,7.7805890543622604,1.6417241301595047,0.16788699,0,0.14789316,0.5851213,1.4727861,48.07767,7.792877197265625,0.16771279843759385
2020-07-20,Mirabell_plus_DER_AN910_eobs_3907__2020__southbound_01,Mirabell + / DER AN910 (eobs 3907),47.804134,8.879616,47.805416,8.881017,47.790306,8.863647383043228,2.1227802287445896,0.17692089,0,0.1628747,0.5851213,1.9425286,47.804134,8.879615783691406,0.1768056511458822
2020-07-20,Sierit_DER_AN858_eobs2561__2020__southbound_01,Sierit  / DER AN858 (eobs2561),47.804123,8.879816,47.806107,8.884257,47.789066,8.862131666356293,2.5142811930588493,0.39822945,0,0.1754048,0.5851213,2.1287358,47.804123,8.879816055297852,0.39833741734777867
2020-07-20,Zozu_plus_DER_AL581_eobs2541__2020__southbound_01,Zozu + / DER AL581 (eobs2541),47.740345,8.950154,47.752678,9.046464,47.732243,8.941870898076095,8.144329872676392,7.330401,0,0.11534944,0.5851213,1.0913135,47.740345,8.950154304504395,7.330384826061249
2020-07-21,Angela_DER_AY470_eobs_4001__2020__southbound_01,Angela / DER AY470 (eobs 4001),48.078724,7.7944937,48.079353,7.790823,48.06847,7.782417727438964,1.3618018102675706,0.28147385,0,0.14688589,0.5851213,1.4482158,48.078724,7.794493675231934,0.2815339408921179
2020-07-21,Mirabell_plus_DER_AN910_eobs_3907__2020__southbound_01,Mirabell + / DER AN910 (eobs 3907),47.805416,8.881017,47.80405,8.880236,47.792034,8.86564074019705,1.7244613710877343,0.16249017,0,0.15974924,0.5851213,1.8764358,47.805416,8.881016731262207,0.16267361006423164
2020-07-21,Sierit_DER_AN858_eobs2561__2020__southbound_01,Sierit  / DER AN858 (eobs2561),47.806107,8.884257,47.802734,8.880403,47.791515,8.867192549065242,1.590568413362021,0.47281316,0,0.17232919,0.5851213,2.0594645,47.806107,8.884257316589355,0.47274386537251795
2020-07-21,Zozu_plus_DER_AL581_eobs2541__2020__southbound_01,Zozu + / DER AL581 (eobs2541),47.752678,9.046464,47.75068,8.937178,47.744267,9.03769812506325,7.549413197179253,8.173459,0,0.1169685,0.5851213,1.1400323,47.752678,9.046463966369629,8.173427096554795
2020-07-22,Angela_DER_AY470_eobs_4001__2020__southbound_01,Angela / DER AY470 (eobs 4001),48.079353,7.790823,48.078793,7.795102,48.068672,7.778211325240838,1.6856080580027053,0.32390055,0,0.14920096,0.5851213,1.5101222,48.079353,7.790822982788086,0.3239541921661679
2020-07-22,Mirabell_plus_DER_AN910_eobs_3907__2020__southbound_01,Mirabell + / DER AN910 (eobs 3907),47.80405,8.880236,47.80451,8.880582,47.79022,8.86410976312677,2.0096453576440787,0.056860093,0,0.16637516,0.5851213,1.949939,47.80405,8.88023567199707,0.05709117008512231
2020-07-22,Sierit_DER_AN858_eobs2561__2020__southbound_01,Sierit  / DER AN858 (eobs2561),47.802734,8.880403,47.802437,8.87918,47.787537,8.862258210317183,2.083959031395348,0.097034946,0,0.18050271,0.5851213,2.1623278,47.802734,8.880402565002441,0.09712383267280071
2020-07-22,Zozu_plus_DER_AL581_eobs2541__2020__southbound_01,Zozu + / DER AL581 (eobs2541),47.75068,8.937178,47.75146,8.943488,47.73991,8.92466010828603,1.9056533306482242,0.47975573,0,0.13557751,0.5851213,1.5172224,47.75068,8.937177658081055,0.47973162503945416
2020-07-23,Angela_DER_AY470_eobs_4001__2020__southbound_01,Angela / DER AY470 (eobs 4001),48.078793,7.795102,48.130234,7.757916,48.06924,7.7841771554753425,7.056952438210652,6.3514075,0,0.14291155,0.5851213,1.3344827,48.078793,7.795102119445801,6.351586461000381
2020-07-23,Mirabell_plus_DER_AN910_eobs_3907__2020__southbound_01,Mirabell + / DER AN910 (eobs 3907),47.80451,8.880582,47.804596,8.880081,47.79107,8.865049942767932,1.8769621818207796,0.038643647,0,0.16311349,0.5851213,1.8885021,47.80451,8.880581855773926,0.03864518835489301
2020-07-23,Sierit_DER_AN858_eobs2561__2020__southbound_01,Sierit  / DER AN858 (eobs2561),47.802437,8.87918,47.80405,8.879537,47.7852,8.857608036624704,2.66037843801795,0.18138207,0,0.19701889,0.5851213,2.4997249,47.802437,8.879179954528809,0.18139300969485514
2020-07-23,Zozu_plus_DER_AL581_eobs2541__2020__southbound_01,Zozu + / DER AL581 (eobs2541),47.75146,8.943488,47.738705,8.933483,47.74109,8.931542283474538,0.30223622174773956,1.6035222,0,0.13249752,0.5851213,1.4560335,47.75146,8.943488121032715,1.6036237516574503
2020-07-24,Angela_DER_AY470_eobs_4001__2020__southbound_01,Angela / DER AY470 (eobs 4001),48.130234,7.757916,48.134933,7.7552156,48.120148,7.7461224713918515,1.7772344059719705,0.559683,0,0.14900197,0.5851213,1.4203061,48.130234,7.75791597366333,0.5596908930085972
2020-07-24,Mirabell_plus_DER_AN910_eobs_3907__2020__southbound_01,Mirabell + / DER AN910 (eobs 3907),47.804596,8.880081,47.805126,8.884488,47.78886,8.860413902058095,2.5505021660463445,0.33440727,0,0.1844351,0.5851213,2.28039,47.804596,8.880081176757812,0.3343710112886586
2020-07-24,Sierit_DER_AN858_eobs2561__2020__southbound_01,Sierit  / DER AN858 (eobs2561),47.80405,8.879537,47.80343,8.8801155,47.787003,8.858113720746724,2.457076606871682,0.08153231,0,0.19844918,0.5851213,2.4762845,47.80405,8.879536628723145,0.08154543675404535
2020-07-24,Zozu_plus_DER_AL581_eobs2541__2020__southbound_01,Zozu + / DER AL581 (eobs2541),47.738705,8.933483,47.742996,8.9434595,47.727604,8.92040956425603,2.4291666053531404,0.885505,0,0.14014278,0.5851213,1.5718802,47.738705,8.933483123779297,0.885573389093247
2020-07-25,Angela_DER_AY470_eobs_4001__2020__southbound_01,Angela / DER AY470 (eobs 4001),48.134933,7.7552156,48.11386,7.7588625,48.12458,7.7428640798611,1.682582149907393,2.3586595,0,0.15196773,0.5851213,1.4688435,48.134933,7.755215644836426,2.3587291168079267
2020-07-25,Mirabell_plus_DER_AN910_eobs_3907__2020__southbound_01,Mirabell + / DER AN910 (eobs 3907),47.805126,8.884488,47.80425,8.879274,47.789574,8.86517480937652,1.9421600482407404,0.40133238,0,0.1836493,0.5851213,2.2480216,47.805126,8.884488105773926,0.4014251971001572
2020-07-25,Sierit_DER_AN858_eobs2561__2020__southbound_01,Sierit  / DER AN858 (eobs2561),47.80343,8.8801155,47.80406,8.879292,47.786106,8.858258189098901,2.5406632848943604,0.093487225,0,0.20192187,0.5851213,2.520472,47.80343,8.880115509033203,0.09351561148097418
2020-07-25,Zozu_plus_DER_AL581_eobs2541__2020__southbound_01,Zozu + / DER AL581 (eobs2541),47.742996,8.9434595,47.75187,9.055327,47.732212,8.930849522641116,9.561072521135547,8.422084,0,0.13915549,0.5851213,1.5228401,47.742996,8.943459510803223,8.42208131768559
2020-07-26,Angela_DER_AY470_eobs_4001__2020__southbound_01,Angela / DER AY470 (eobs 4001),48.11386,7.7588625,48.094044,7.759154,48.10325,7.746128068021154,1.4083055638932604,2.2034698,0,0.15380935,0.5851213,1.5092435,48.11386,7.758862495422363,2.203698270120726
2020-07-26,Mirabell_plus_DER_AN910_eobs_3907__2020__southbound_01,Mirabell + / DER AN910 (eobs 3907),47.80425,8.879274,47.80407,8.879509,47.787273,8.857136451067053,2.5061858635695766,0.026495254,0,0.19604662,0.5851213,2.5048702,47.80425,8.879274368286133,0.026541700465792965
2020-07-26,Sierit_DER_AN858_eobs2561__2020__southbound_01,Sierit  / DER AN858 (eobs2561),47.80406,8.879292,47.80366,8.87938,47.786636,8.856959156921816,2.5276216098597515,0.045303028,0,0.20327319,0.5851213,2.5521007,47.80406,8.879291534423828,0.04502832978154727
2020-07-26,Zozu_plus_DER_AL581_eobs2541__2020__southbound_01,Zozu + / DER AL581 (eobs2541),47.75187,9.055327,47.75261,9.0552635,47.74087,9.042297026011147,1.625859630740632,0.08270326,0,0.1407085,0.5851213,1.5608206,47.75187,9.055327415466309,0.082428593311816
2020-07-27,Angela_DER_AY470_eobs_4001__2020__southbound_01,Angela / DER AY470 (eobs 4001),48.094044,7.759154,48.118874,7.7591324,48.08225,7.74435960034355,4.217673126258328,2.760724,0,0.16337405,0.5851213,1.7079946,48.094044,7.759153842926025,2.7609592351801644
2020-07-27,Mirabell_plus_DER_AN910_eobs_3907__2020__southbound_01,Mirabell + / DER AN910 (eobs 3907),47.80407,8.879509,47.804268,8.879241,47.78654,8.855939150037052,2.6296673651617963,0.029602265,0,0.20140071,0.5851213,2.621634,47.80407,8.879508972167969,0.029784208912800415
2020-07-27,Sierit_DER_AN858_eobs2561__2020__southbound_01,Sierit  / DER AN858 (eobs2561),47.80366,8.87938,47.803837,8.874597,47.78373,8.85229148487911,2.788404496079679,0.35786223,0,0.2246636,0.5851213,2.995507,47.80366,8.879380226135254,0.3578056719693393
2020-07-27,Zozu_plus_DER_AL581_eobs2541__2020__southbound_01,Zozu + / DER AL581 (eobs2541),47.75261,9.0552635,47.751163,9.055356,47.740932,9.040639537836022,1.5827134804430478,0.1609604,0,0.14789017,0.5851213,1.6945013,47.75261,9.05526351928711,0.16091122992875478
2020-07-28,Angela_DER_AY470_eobs_4001__2020__southbound_01,Angela / DER AY470 (eobs 4001),48.118874,7.7591324,48.13619,7.750192,48.106377,7.743237867376651,3.3548841371414624,2.036373,0,0.16920148,0.5851213,1.8197279,48.118874,7.759132385253906,2.036466368979439
2020-07-28,Mirabell_plus_DER_AN910_eobs_3907__2020__southbound_01,Mirabell + / DER AN910 (eobs 3907),47.804268,8.879241,47.805023,8.880242,47.78594,8.85428103753954,2.8747688487892353,0.11251746,0,0.2070485,0.5851213,2.7571757,47.804268,8.879240989685059,0.11245815833323151
2020-07-28,Sierit_DER_AN858_eobs2561__2020__southbound_01,Sierit  / DER AN858 (eobs2561),47.803837,8.874597,47.801712,8.878815,47.777534,8.836123484062036,4.171265098329685,0.39379263,0,0.27183872,0.5851213,4.0927606,47.803837,8.87459659576416,0.39379284837812306
2020-07-28,Zozu_plus_DER_AL581_eobs2541__2020__southbound_01,Zozu + / DER AL581 (eobs2541),47.751163,9.055356,47.75156,9.044932,47.738834,9.039759602635026,1.4669552961954853,0.78052145,0,0.1518365,0.5851213,1.7966353,47.751163,9.0553560256958,0.7805405169329152
2020-07-29,Angela_DER_AY470_eobs_4001__2020__southbound_01,Angela / DER AY470 (eobs 4001),48.13619,7.750192,48.112957,7.749811,48.12385,7.7342973474903545,1.671488354768788,2.5831995,0,0.17017713,0.5851213,1.8059318,48.13619,7.750192165374756,2.5833839936574337
2020-07-29,Mirabell_plus_DER_AN910_eobs_3907__2020__southbound_01,Mirabell + / DER AN910 (eobs 3907),47.805023,8.880242,47.804268,8.879628,47.787426,8.856518932262695,2.5469498581176775,0.0956753,0,0.20193315,0.5851213,2.6349375,47.805023,8.880242347717285,0.09569619416668677
2020-07-29,Sierit_DER_AN858_eobs2561__2020__southbound_01,Sierit  / DER AN858 (eobs2561),47.801712,8.878815,47.80434,8.878934,47.777336,8.843925900732083,3.9819755124045253,0.29227868,0,0.25896844,0.5851213,3.7533107,47.801712,8.878814697265625,0.29239255508802725
2020-07-29,Zozu_plus_DER_AL581_eobs2541__2020__southbound_01,Zozu + / DER AL581 (eobs2541),47.75156,9.044932,47.75081,9.05771,47.738945,9.028651471001757,2.5418420662397843,0.95889604,0,0.15552635,0.5851213,1.8539076,47.75156,9.04493236541748,0.9589088287020968
2020-07-30,Angela_DER_AY470_eobs_4001__2020__southbound_01,Angela / DER AY470 (eobs 4001),48.112957,7.749811,48.110836,7.7511034,48.098877,7.730923554169323,2.0033891600109968,0.25480202,0,0.18382174,0.5851213,2.0981386,48.112957,7.749811172485352,0.2546083763443355
2020-07-30,Mirabell_plus_DER_AN910_eobs_3907__2020__southbound_01,Mirabell + / DER AN910 (eobs 3907),47.804268,8.879628,47.804283,8.879304,47.784916,8.852847116319806,2.92293800875426,0.024246003,0,0.21603812,0.5851213,2.932843,47.804268,8.87962818145752,0.024276206336344374
2020-07-30,Sierit_DER_AN858_eobs2561__2020__southbound_01,Sierit  / DER AN858 (eobs2561),47.80434,8.878934,47.80275,8.879794,47.782776,8.848806359452318,3.208013101014193,0.18807447,0,0.23937802,0.5851213,3.2826102,47.80434,8.878933906555176,0.18818769664520535
2020-07-30,Zozu_plus_DER_AL581_eobs2541__2020__southbound_01,Zozu + / DER AL581 (eobs2541),47.75081,9.05771,47.734444,9.0594015,47.73868,9.042217039008193,1.3687920755012555,1.8240228,0,0.1516641,0.5851213,1.7745107,47.75081,9.057709693908691,1.824105139078763
2020-07-31,Angela_DER_AY470_eobs_4001__2020__southbound_01,Angela / DER AY470 (eobs 4001),48.110836,7.7511034,48.110123,7.7515616,48.09706,7.732915881958156,2.0065710280473485,0.08604845,0,0.1810872,0.5851213,2.0384512,48.110836,7.751103401184082,0.08630921995026436
2020-07-31,Mirabell_plus_DER_AN910_eobs_3907__2020__southbound_01,Mirabell + / DER AN910 (eobs 3907),47.804283,8.879304,47.80375,8.879278,47.78507,8.853305497731709,2.8423466298280196,0.05941004,0,0.21735452,0.5851213,2.8821507,47.804283,8.879303932189941,0.05941571048080278
2020-07-31,Sierit_DER_AN858_eobs2561__2020__southbound_01,Sierit  / DER AN858 (eobs2561),47.80275,8.879794,47.802124,8.877056,47.781254,8.850525750886272,3.0518038637854374,0.21591215,0,0.23764117,0.5851213,3.2335255,47.80275,8.879794120788574,0.21600537465633066
2020-07-31,Zozu_plus_DER_AL581_eobs2541__2020__southbound_01,Zozu + / DER AL581 (eobs2541),47.734444,9.0594015,47.7341,9.0592375,47.72303,9.045316726613443,1.6122499554612124,0.03991692,0,0.14735545,0.5851213,1.646281,47.734444,9.059401512145996,0.040098382051757274
2020-08-01,Angela_DER_AY470_eobs_4001__2020__southbound_01,Angela / DER AY470 (eobs 4001),48.110123,7.7515616,48.119095,7.752543,48.096035,7.733106929836608,2.9423399652741336,1.0003593,0,0.18653665,0.5851213,2.077517,48.110123,7.751561641693115,1.0003173744957428
2020-08-01,Mirabell_plus_DER_AN910_eobs_3907__2020__southbound_01,Mirabell + / DER AN910 (eobs 3907),47.80375,8.879278,47.801517,8.881068,47.78384,8.852189587845341,2.9185061283194798,0.28181353,0,0.22446348,0.5851213,2.993609,47.80375,8.879278182983398,0.2818674735389533
2020-08-01,Sierit_DER_AN858_eobs2561__2020__southbound_01,Sierit  / DER AN858 (eobs2561),47.802124,8.877056,47.80157,8.879406,47.774975,8.837463194248222,4.308682165732234,0.18609858,0,0.28297037,0.5851213,4.218351,47.802124,8.877056121826172,0.18597407593546184
2020-08-01,Zozu_plus_DER_AL581_eobs2541__2020__southbound_01,Zozu + / DER AL581 (eobs2541),47.7341,9.0592375,47.73418,9.059055,47.721245,9.042811814503699,1.8828260820100775,0.016201591,0,0.15997174,0.5851213,1.8815807,47.7341,9.059237480163574,0.01627636515316985
2020-08-02,Angela_DER_AY470_eobs_4001__2020__southbound_01,Angela / DER AY470 (eobs 4001),48.119095,7.752543,48.1105,7.7516613,48.105415,7.734772327248237,1.3755588071225113,0.9582505,0,0.18384798,0.5851213,2.0100117,48.119095,7.752542972564697,0.9579064057973864
2020-08-02,Mirabell_plus_DER_AN910_eobs_3907__2020__southbound_01,Mirabell + / DER AN910 (eobs 3907),47.801517,8.881068,47.80198,8.882164,47.782856,8.856299580672044,2.873106119572238,0.09659655,0,0.21721342,0.5851213,2.775124,47.801517,8.881068229675293,0.09660487336390158
2020-08-02,Sierit_DER_AN858_eobs2561__2020__southbound_01,Sierit  / DER AN858 (eobs2561),47.80157,8.879406,47.80255,8.879455,47.77551,8.842180025054338,4.098353103381685,0.10942046,0,0.27635947,0.5851213,4.0091405,47.80157,8.879405975341797,0.10907363084287197
2020-08-02,Zozu_plus_DER_AL581_eobs2541__2020__southbound_01,Zozu + / DER AL581 (eobs2541),47.73418,9.059055,47.751205,9.055039,47.720783,9.041463158693839,3.5318752188215417,1.9168506,0,0.16600871,0.5851213,1.9839947,47.73418,9.05905532836914,1.9167638751163365
2020-08-03,Angela_DER_AY470_eobs_4001__2020__southbound_01,Angela / DER AY470 (eobs 4001),48.1105,7.7516613,48.118458,7.7512507,48.097095,7.734346685203439,2.6865818471906535,0.8855254,0,0.17984048,0.5851213,1.9648015,48.1105,7.75166130065918,0.8853550305554854
2020-08-03,Mirabell_plus_DER_AN910_eobs_3907__2020__southbound_01,Mirabell + / DER AN910 (eobs 3907),47.80198,8.882164,47.802,8.881389,47.78369,8.857903060376563,2.6873338984349453,0.057967026,0,0.21323995,0.5851213,2.7188044,47.80198,8.882164001464844,0.05794811474783098
2020-08-03,Sierit_DER_AN858_eobs2561__2020__southbound_01,Sierit  / DER AN858 (eobs2561),47.80255,8.879455,47.80252,8.879926,47.777355,8.843432314347112,3.9068002980001704,0.03534119,0,0.26914242,0.5851213,3.8775399,47.80255,8.879454612731934,0.035350074587552405
2020-08-03,Zozu_plus_DER_AL581_eobs2541__2020__southbound_01,Zozu + / DER AL581 (eobs2541),47.751205,9.055039,47.736034,9.059146,47.737797,9.037438387787141,1.6351337151957193,1.714823,0,0.16476075,0.5851213,1.9851041,47.751205,9.055039405822754,1.714663722417339
2020-08-04,Angela_DER_AY470_eobs_4001__2020__southbound_01,Angela / DER AY470 (eobs 4001),48.118458,7.7512507,48.13407,7.750055,48.105072,7.7338471463246545,3.4417191291578324,1.7384578,0,0.17579973,0.5851213,1.9674164,48.118458,7.751250743865967,1.7384181509184162
2020-08-04,Mirabell_plus_DER_AN910_eobs_3907__2020__southbound_01,Mirabell + / DER AN910 (eobs 3907),47.802,8.881389,47.804176,8.880342,47.782593,8.854966049589336,3.0582970545497927,0.25464866,0,0.22077966,0.5851213,2.9190042,47.802,8.881388664245605,0.25451793753329743
2020-08-04,Sierit_DER_AN858_eobs2561__2020__southbound_01,Sierit  / DER AN858 (eobs2561),47.80252,8.879926,47.803734,8.8798895,47.78004,8.848875171547256,3.508393851878761,0.13508993,0,0.24597977,0.5851213,3.4037163,47.80252,8.879925727844238,0.13491498374155844
2020-08-04,Zozu_plus_DER_AL581_eobs2541__2020__southbound_01,Zozu + / DER AL581 (eobs2541),47.736034,9.059146,47.75154,9.055089,47.722485,9.041115156728825,3.3957371498589812,1.7505949,0,0.16425091,0.5851213,2.018296,47.736034,9.0591459274292,1.7507540651998534
2020-08-05,Angela_DER_AY470_eobs_4001__2020__southbound_01,Angela / DER AY470 (eobs 4001),48.13407,7.750055,48.13684,7.751662,48.12128,7.7337060838174345,2.183927152850152,0.33039397,0,0.16780731,0.5851213,1.8660414,48.13407,7.750054836273193,0.33023376799995713
2020-08-05,Mirabell_plus_DER_AN910_eobs_3907__2020__southbound_01,Mirabell + / DER AN910 (eobs 3907),47.804176,8.880342,47.804016,8.879706,47.784786,8.85384244898734,2.8818334807840174,0.050645165,0,0.21570583,0.5851213,2.9215736,47.804176,8.880341529846191,0.05067175095301998
2020-08-05,Sierit_DER_AN858_eobs2561__2020__southbound_01,Sierit  / DER AN858 (eobs2561),47.803734,8.8798895,47.801804,8.879307,47.78223,8.850294174039577,3.07152940808349,0.219232,0,0.23385881,0.5851213,3.2506485,47.803734,8.879889488220215,0.2190006299276068
2020-08-05,Zozu_plus_DER_AL581_eobs2541__2020__southbound_01,Zozu + / DER AL581 (eobs2541),47.75154,9.055089,47.74875,8.938176,47.73939,9.039465079273414,7.644756028808141,8.746356,0,0.14960143,0.5851213,1.7828552,47.75154,9.055088996887207,8.746345694843587
2020-08-06,Angela_DER_AY470_eobs_4001__2020__southbound_01,Angela / DER AY470 (eobs 4001),48.13684,7.751662,48.13066,7.756162,48.12534,7.737132527417742,1.5313112773849793,0.7641024,0,0.15948462,0.5851213,1.6696951,48.13684,7.751661777496338,0.7640263616165007
2020-08-06,Mirabell_plus_DER_AN910_eobs_3907__2020__southbound_01,Mirabell + / DER AN910 (eobs 3907),47.804016,8.879706,47.803608,8.879683,47.784912,8.853271491505922,2.8660329593720513,0.045647427,0,0.21388724,0.5851213,2.895055,47.804016,8.879706382751465,0.04542170295584495
2020-08-06,Sierit_DER_AN858_eobs2561__2020__southbound_01,Sierit  / DER AN858 (eobs2561),47.801804,8.879307,47.80406,8.874309,47.777264,8.844526546528458,3.7188035904742645,0.44998452,0,0.25301367,0.5851213,3.7610135,47.801804,8.87930679321289,0.4499043533368989
2020-08-06,Zozu_plus_DER_AL581_eobs2541__2020__southbound_01,Zozu + / DER AL581 (eobs2541),47.74875,8.938176,47.7513,9.049513,47.73586,8.920680906594178,9.784996297346462,8.328834,0,0.15598641,0.5851213,1.9369198,47.74875,8.938176155090332,8.328795396161903
2020-08-07,Angela_DER_AY470_eobs_4001__2020__southbound_01,Angela / DER AY470 (eobs 4001),48.13066,7.756162,48.077835,7.753861,48.119175,7.741489310053019,4.687704013615109,5.8765535,0,0.15865223,0.5851213,1.6753145,48.13066,7.756162166595459,5.876468091270059
2020-08-07,Mirabell_plus_DER_AN910_eobs_3907__2020__southbound_01,Mirabell + / DER AN910 (eobs 3907),47.803608,8.879683,47.80384,8.879082,47.785046,8.85410176270323,2.801732629167749,0.051877484,0,0.20401347,0.5851213,2.8075068,47.803608,8.879682540893555,0.0517983977921186
2020-08-07,Sierit_DER_AN858_eobs2561__2020__southbound_01,Sierit  / DER AN858 (eobs2561),47.80406,8.874309,47.804363,8.878179,47.77941,8.838449486592989,4.062822291816802,0.29098287,0,0.25409484,0.5851213,3.825548,47.80406,8.874308586120605,0.2909715027961291
2020-08-07,Zozu_plus_DER_AL581_eobs2541__2020__southbound_01,Zozu + / DER AL581 (eobs2541),47.7513,9.049513,47.75267,9.048279,47.739014,9.032861292942396,1.9065302723716935,0.178104,0,0.1501293,0.5851213,1.8450062,47.7513,9.04951286315918,0.17804679333240042
2020-08-08,Angela_DER_AY470_eobs_4001__2020__southbound_01,Angela / DER AY470 (eobs 4001),48.077835,7.753861,48.133186,7.7520914,48.065887,7.738176819478467,7.554308217431488,6.1561165,0,0.16238756,0.5851213,1.7641112,48.077835,7.753860950469971,6.1561898045759635
2020-08-08,Mirabell_plus_DER_AN910_eobs_3907__2020__southbound_01,Mirabell + / DER AN910 (eobs 3907),47.80384,8.879082,47.80333,8.881425,47.786854,8.85575367709399,2.6520805689887252,0.18411863,0,0.19612888,0.5851213,2.5652206,47.80384,8.879081726074219,0.18400366171817434
2020-08-08,Sierit_DER_AN858_eobs2561__2020__southbound_01,Sierit  / DER AN858 (eobs2561),47.804363,8.878179,47.802174,8.8844185,47.788784,8.858049067054322,2.4691364238909803,0.5258565,0,0.18635355,0.5851213,2.2895699,47.804363,8.878178596496582,0.5258088479981722
2020-08-08,Zozu_plus_DER_AL581_eobs2541__2020__southbound_01,Zozu + / DER AL581 (eobs2541),47.75267,9.048279,47.752693,9.048364,47.741867,9.033980122189258,1.6142189584815672,0.00669525,0,0.1407542,0.5851213,1.6053057,47.75267,9.04827880859375,0.006836775525319844
2020-08-09,Angela_DER_AY470_eobs_4001__2020__southbound_01,Angela / DER AY470 (eobs 4001),48.133186,7.7520914,48.13434,7.757279,48.121502,7.736674513773643,2.0918705924063716,0.40571624,0,0.1624181,0.5851213,1.7280918,48.133186,7.752091407775879,0.40572372121503947
2020-08-09,Mirabell_plus_DER_AN910_eobs_3907__2020__southbound_01,Mirabell + / DER AN910 (eobs 3907),47.80333,8.881425,47.804207,8.884075,47.787506,8.860282572427563,2.5704567775970557,0.22061722,0,0.18326521,0.5851213,2.3598928,47.80333,8.881424903869629,0.22067594863520762
2020-08-09,Sierit_DER_AN858_eobs2561__2020__southbound_01,Sierit  / DER AN858 (eobs2561),47.802174,8.8844185,47.804115,8.879583,47.78684,8.8649476733056,2.210388577826242,0.42069113,0,0.1823404,0.5851213,2.2370198,47.802174,8.884418487548828,0.4207439281495995
2020-08-09,Zozu_plus_DER_AL581_eobs2541__2020__southbound_01,Zozu + / DER AL581 (eobs2541),47.752693,9.048364,47.751923,9.056243,47.74295,9.036017672035445,1.8116452927926052,0.59520936,0,0.13188836,0.5851213,1.4208204,47.752693,9.04836368560791,0.5952568011688303
2020-08-10,Angela_DER_AY470_eobs_4001__2020__southbound_01,Angela / DER AY470 (eobs 4001),48.13434,7.757279,48.13766,7.754049,48.123238,7.742646381151549,1.8133731461265878,0.44042474,0,0.16162696,0.5851213,1.6412616,48.13434,7.757278919219971,0.4404014898839913
2020-08-10,Mirabell_plus_DER_AN910_eobs_3907__2020__southbound_01,Mirabell + / DER AN910 (eobs 3907),47.804207,8.884075,47.80309,8.885117,47.788876,8.86390433284312,2.2379849785799077,0.14631747,0,0.18002428,0.5851213,2.2709315,47.804207,8.884075164794922,0.14661535074235238
2020-08-10,Sierit_DER_AN858_eobs2561__2020__southbound_01,Sierit  / DER AN858 (eobs2561),47.804115,8.879583,47.80414,8.882941,47.786724,8.856788950243166,2.7506022884282753,0.25078848,0,0.2009987,0.5851213,2.5717378,47.804115,8.879583358764648,0.2508003897832913
2020-08-10,Zozu_plus_DER_AL581_eobs2541__2020__southbound_01,Zozu + / DER AL581 (eobs2541),47.751923,9.056243,47.751312,9.042446,47.742607,9.044751422869748,0.9831948123497094,1.0336602,0,0.12921861,0.5851213,1.3433743,47.751923,9.056242942810059,1.0337010898530443
2020-08-11,Angela_DER_AY470_eobs_4001__2020__southbound_01,Angela / DER AY470 (eobs 4001),48.13766,7.754049,48.133595,7.757238,48.12631,7.739055394473024,1.5739681867871063,0.5103627,0,0.16736215,0.5851213,1.6798217,48.13766,7.754048824310303,0.5103577468135397
2020-08-11,Mirabell_plus_DER_AN910_eobs_3907__2020__southbound_01,Mirabell + / DER AN910 (eobs 3907),47.80309,8.885117,47.80299,8.883186,47.78866,8.866950564415392,2.0026196196536783,0.14459674,0,0.17288399,0.5851213,2.0977957,47.80309,8.885116577148438,0.14458608639859524
2020-08-11,Sierit_DER_AN858_eobs2561__2020__southbound_01,Sierit  / DER AN858 (eobs2561),47.80414,8.882941,47.803635,8.88179,47.787857,8.862193599573457,2.2848792918669103,0.102566384,0,0.19266438,0.5851213,2.378744,47.80414,8.882941246032715,0.10259593816289998
2020-08-11,Zozu_plus_DER_AL581_eobs2541__2020__southbound_01,Zozu + / DER AL581 (eobs2541),47.751312,9.042446,47.751488,9.042528,47.740658,9.028718834590121,1.586275535334812,0.02043127,0,0.14116266,0.5851213,1.564553,47.751312,9.04244613647461,0.02045283547174539
2020-08-12,Angela_DER_AY470_eobs_4001__2020__southbound_01,Angela / DER AY470 (eobs 4001),48.133595,7.757238,48.12931,7.758246,48.122055,7.741901795987013,1.456887404871742,0.48210394,0,0.17097296,0.5851213,1.7121942,48.133595,7.757237911224365,0.4821878594347355
2020-08-12,Europa_DER_A1A26_eobs_4004__2020__southbound_01,Europa / DER A1A26 (eobs 4004),47.107876,7.4636207,47.10311,7.463638,47.093426,7.440085808884658,2.0828302907106884,0.52996296,0,0.19414978,0.5851213,2.3946114,47.107876,7.463620662689209,0.5297968781164868
2020-08-12,Mirabell_plus_DER_AN910_eobs_3907__2020__southbound_01,Mirabell + / DER AN910 (eobs 3907),47.80299,8.883186,47.8024,8.880038,47.786533,8.86132671548217,2.250760470701449,0.24406165,0,0.19116417,0.5851213,2.4481483,47.80299,8.883186340332031,0.24414356973795337
2020-08-12,Sierit_DER_AN858_eobs2561__2020__southbound_01,Sierit  / DER AN858 (eobs2561),47.803635,8.88179,47.802116,8.878421,47.78465,8.856308682394497,2.549707798639577,0.30313113,0,0.21695228,0.5851213,2.83729,47.803635,8.881790161132812,0.30303080476523014
2020-08-12,Zozu_plus_DER_AL581_eobs2541__2020__southbound_01,Zozu + / DER AL581 (eobs2541),47.751488,9.042528,47.752216,9.048985,47.74136,9.029659602849774,1.8828339765016981,0.4894771,0,0.13831577,0.5851213,1.4784701,47.751488,9.04252815246582,0.48943853812710836
2020-08-13,Angela_DER_AY470_eobs_4001__2020__southbound_01,Angela / DER AY470 (eobs 4001),48.12931,7.758246,48.137924,7.7551374,48.116924,7.741621928836669,2.541433379185732,0.98488975,0,0.17682995,0.5851213,1.8458854,48.12931,7.758245944976807,0.985177357971529
2020-08-13,Europa_DER_A1A26_eobs_4004__2020__southbound_01,Europa / DER A1A26 (eobs 4004),47.10311,7.463638,47.096283,7.58242,47.08787,7.438755345739142,10.916131354860648,9.022996,0,0.20005327,0.5851213,2.5290413,47.10311,7.463637828826904,9.022999850062602
2020-08-13,Mirabell_plus_DER_AN910_eobs_3907__2020__southbound_01,Mirabell + / DER AN910 (eobs 3907),47.8024,8.880038,47.801975,8.880928,47.785854,8.857950437606545,2.481828911304747,0.08143424,0,0.19432126,0.5851213,2.466581,47.8024,8.880038261413574,0.08144523089095562
2020-08-13,Sierit_DER_AN858_eobs2561__2020__southbound_01,Sierit  / DER AN858 (eobs2561),47.802116,8.878421,47.801846,8.874303,47.782665,8.85192918563597,2.7096436460019464,0.3089978,0,0.22342467,0.5851213,2.9263167,47.802116,8.87842082977295,0.30903842601952314
2020-08-13,Zozu_plus_DER_AL581_eobs2541__2020__southbound_01,Zozu + / DER AL581 (eobs2541),47.752216,9.048985,47.744904,9.058249,47.74308,9.038088445038774,1.521064853577289,1.0683438,0,0.13071546,0.5851213,1.2997799,47.752216,9.04898452758789,1.0681951198807929
2020-08-14,Angela_DER_AY470_eobs_4001__2020__southbound_01,Angela / DER AY470 (eobs 4001),48.137924,7.7551374,48.134556,7.7556753,48.125397,7.738101485520554,1.6547934748909954,0.3762953,0,0.17763512,0.5851213,1.8777871,48.137924,7.7551374435424805,0.37666776916567457
2020-08-14,Europa_DER_A1A26_eobs_4004__2020__southbound_01,Europa / DER A1A26 (eobs 4004),47.096283,7.58242,47.113567,7.5918336,47.083355,7.562513196649066,4.0263892138477075,2.049594,0,0.1773179,0.5851213,2.0789936,47.096283,7.5824198722839355,2.049752726539216
2020-08-14,Mirabell_plus_DER_AN910_eobs_3907__2020__southbound_01,Mirabell + / DER AN910 (eobs 3907),47.801975,8.880928,47.802505,8.879974,47.786747,8.861092159387649,2.2494325241733644,0.09236304,0,0.18488927,0.5851213,2.2458405,47.801975,8.880928039550781,0.09246550883185699
2020-08-14,Sierit_DER_AN858_eobs2561__2020__southbound_01,Sierit  / DER AN858 (eobs2561),47.801846,8.874303,47.8021,8.879501,47.781742,8.84634107148879,3.3557991606114204,0.38924038,0,0.22833359,0.5851213,3.0536807,47.801846,8.874302864074707,0.3893088662206597
2020-08-14,Zozu_plus_DER_AL581_eobs2541__2020__southbound_01,Zozu + / DER AL581 (eobs2541),47.744904,9.058249,47.750763,9.058613,47.7357,9.047179368515772,1.8806239694657996,0.6523194,0,0.13118976,0.5851213,1.3139576,47.744904,9.058249473571777,0.6520998010101903
2020-08-15,Angela_DER_AY470_eobs_4001__2020__southbound_01,Angela / DER AY470 (eobs 4001),48.134556,7.7556753,48.13698,7.7535634,48.122337,7.739143136678188,1.9482615594560644,0.31143692,0,0.17269768,0.5851213,1.8275055,48.134556,7.755675315856934,0.31162738304161003
2020-08-15,Europa_DER_A1A26_eobs_4004__2020__southbound_01,Europa / DER A1A26 (eobs 4004),47.113567,7.5918336,47.107048,7.532168,47.101097,7.5725178251843825,3.1248305471777003,4.5731936,0,0.17214085,0.5851213,2.0111039,47.113567,7.591833591461182,4.573208600172443
2020-08-15,Mirabell_plus_DER_AN910_eobs_3907__2020__southbound_01,Mirabell + / DER AN910 (eobs 3907),47.802505,8.879974,47.801968,8.877976,47.787254,8.859697072872251,2.130993341613845,0.16066635,0,0.18267135,0.5851213,2.2698267,47.802505,8.879974365234375,0.16076376801273579
2020-08-15,Sierit_DER_AN858_eobs2561__2020__southbound_01,Sierit  / DER AN858 (eobs2561),47.8021,8.879501,47.803947,8.879425,47.78164,8.850626288724957,3.283522100636214,0.20555454,0,0.22936103,0.5851213,3.1293328,47.8021,8.879501342773438,0.20538003818731718
2020-08-15,Zozu_plus_DER_AL581_eobs2541__2020__southbound_01,Zozu + / DER AL581 (eobs2541),47.750763,9.058613,47.75135,8.989122,47.74195,9.047981481892158,4.523225511378475,5.195707,0,0.12695049,0.5851213,1.259499,47.750763,9.058612823486328,5.195679446571643
2020-08-16,Angela_DER_AY470_eobs_4001__2020__southbound_01,Angela / DER AY470 (eobs 4001),48.13698,7.7535634,48.135075,7.755437,48.123928,7.7356179154418685,1.9234813962375923,0.2531464,0,0.17624466,0.5851213,1.9659739,48.13698,7.753563404083252,0.2532392766713713
2020-08-16,Europa_DER_A1A26_eobs_4004__2020__southbound_01,Europa / DER A1A26 (eobs 4004),47.107048,7.532168,47.10727,7.4636855,47.090878,7.505196719142735,3.63253442470124,5.182994,0,0.20313737,0.5851213,2.7153516,47.107048,7.532167911529541,5.182986553051244
2020-08-16,Mirabell_plus_DER_AN910_eobs_3907__2020__southbound_01,Mirabell + / DER AN910 (eobs 3907),47.801968,8.877976,47.80295,8.879338,47.784424,8.853103043360706,2.8434705510702907,0.14934935,0,0.20058274,0.5851213,2.689077,47.801968,8.877976417541504,0.1494065538406622
2020-08-16,Sierit_DER_AN858_eobs2561__2020__southbound_01,Sierit  / DER AN858 (eobs2561),47.803947,8.879425,47.802776,8.878763,47.783413,8.849870046867448,3.0486860708825114,0.13947043,0,0.22952558,0.5851213,3.1702855,47.803947,8.879425048828125,0.13928832557136425
2020-08-16,Zozu_plus_DER_AL581_eobs2541__2020__southbound_01,Zozu + / DER AL581 (eobs2541),47.75135,8.989122,47.752777,9.051551,47.74056,8.974956050409256,5.885845646503892,4.66992,0,0.14443094,0.5851213,1.597817,47.75135,8.98912239074707,4.669905218865601
2020-08-17,Angela_DER_AY470_eobs_4001__2020__southbound_01,Angela / DER AY470 (eobs 4001),48.135075,7.755437,48.14024,7.749622,48.12157,7.736803220618558,2.2835203220993963,0.71817833,0,0.17664546,0.5851213,2.0375957,48.135075,7.755436897277832,0.7183707588002973
2020-08-17,Europa_DER_A1A26_eobs_4004__2020__southbound_01,Europa / DER A1A26 (eobs 4004),47.10727,7.4636855,47.15748,7.386703,47.086594,7.427607039690698,8.467853928268774,8.067472,0,0.23498452,0.5851213,3.5632885,47.10727,7.463685512542725,8.067388438345036
2020-08-17,Mirabell_plus_DER_AN910_eobs_3907__2020__southbound_01,Mirabell + / DER AN910 (eobs 3907),47.80295,8.879338,47.802795,8.879619,47.78606,8.855402940528139,2.595180706427498,0.027231557,0,0.19437139,0.5851213,2.5884936,47.80295,8.879338264465332,0.027220942015571924
2020-08-17,Sierit_DER_AN858_eobs2561__2020__southbound_01,Sierit  / DER AN858 (eobs2561),47.802776,8.878763,47.80275,8.879657,47.7823,8.849202867309211,3.2166272100931432,0.06675763,0,0.22607812,0.5851213,3.1660092,47.802776,8.878763198852539,0.0668067248525399
2020-08-17,Zozu_plus_DER_AL581_eobs2541__2020__southbound_01,Zozu + / DER AL581 (eobs2541),47.752777,9.051551,47.75158,9.056366,47.74248,9.038055149350923,1.7022910395608417,0.38397732,0,0.13997097,0.5851213,1.5232278,47.752777,9.05155086517334,0.38383059030054
2020-08-18,Angela_DER_AY470_eobs_4001__2020__southbound_01,Angela / DER AY470 (eobs 4001),48.14024,7.749622,47.98552,7.7342486,48.126133,7.729824005039912,15.638993550113465,17.241764,1,0.17628399,0.5851213,2.1453128,48.14024,7.749621868133545,17.242026589250525
2020-08-18,Europa_DER_A1A26_eobs_4004__2020__southbound_01,Europa / DER A1A26 (eobs 4004),47.15748,7.386703,47.11048,7.4815288,47.13783,7.352023608433551,10.259195286302143,8.874864,0,0.22517894,0.5851213,3.4072278,47.15748,7.386703014373779,8.874795352060245
2020-08-18,Mirabell_plus_DER_AN910_eobs_3907__2020__southbound_01,Mirabell + / DER AN910 (eobs 3907),47.802795,8.879619,47.80365,8.8796215,47.785477,8.85472181960938,2.746476032439995,0.094866306,0,0.19699785,0.5851213,2.672413,47.802795,8.879618644714355,0.09501556762505428
2020-08-18,Sierit_DER_AN858_eobs2561__2020__southbound_01,Sierit  / DER AN858 (eobs2561),47.80275,8.879657,47.80389,8.879673,47.781544,8.848616210028148,3.399533094862697,0.12698,0,0.23002528,0.5851213,3.3011425,47.80275,8.879656791687012,0.12683427507206987
2020-08-18,Zozu_plus_DER_AL581_eobs2541__2020__southbound_01,Zozu + / DER AL581 (eobs2541),47.75158,9.056366,47.74882,8.941401,47.742165,9.04439567416035,7.736473145264375,8.600712,0,0.13163877,0.5851213,1.3748444,47.75158,9.056365966796875,8.600697963579501
2020-08-19,Angela_DER_AY470_eobs_4001__2020__southbound_01,Angela / DER AY470 (eobs 4001),47.98552,7.7342486,47.778625,7.526185,47.93733,7.648590610545552,19.87003497193007,27.749002,1,0.3744142,0.5851213,8.3134365,47.98552,7.734248638153076,27.74897784843067
2020-08-19,Europa_DER_A1A26_eobs_4004__2020__southbound_01,Europa / DER A1A26 (eobs 4004),47.11048,7.4815288,47.112366,7.5149474,47.089615,7.444763338049961,5.883932558829331,2.5376904,0,0.23119232,0.5851213,3.6165957,47.11048,7.4815287590026855,2.537675241098385
2020-08-19,Mirabell_plus_DER_AN910_eobs_3907__2020__southbound_01,Mirabell + / DER AN910 (eobs 3907),47.80365,8.8796215,47.80331,8.879771,47.78746,8.856779442315453,2.460870347075515,0.039173372,0,0.18718493,0.5851213,2.4757466,47.80365,8.879621505737305,0.03937304890747469
2020-08-19,Sierit_DER_AN858_eobs2561__2020__southbound_01,Sierit  / DER AN858 (eobs2561),47.80389,8.879673,47.804024,8.879544,47.78459,8.851951681346195,2.9861796102856606,0.01762509,0,0.21455571,0.5851213,2.9765818,47.80389,8.87967300415039,0.017688052284742992
2020-08-19,Zozu_plus_DER_AL581_eobs2541__2020__southbound_01,Zozu + / DER AL581 (eobs2541),47.74882,8.941401,47.751575,9.056559,47.738144,8.92704373874589,9.798482564606699,8.6150465,0,0.14043717,0.5851213,1.5979025,47.74882,8.941400527954102,8.615076665889086
2020-08-20,Angela_DER_AY470_eobs_4001__2020__southbound_01,Angela / DER AY470 (eobs 4001),47.778625,7.526185,47.26316,6.046625,47.664253,7.31599602254892,105.3303314841093,125.0141,1,0.54534876,0.5851213,20.173817,47.778625,7.526185035705566,125.01414554884843
2020-08-20,Europa_DER_A1A26_eobs_4004__2020__southbound_01,Europa / DER A1A26 (eobs 4004),47.112366,7.5149474,47.108448,7.597963,47.094387,7.48368684485508,8.789815936723802,6.2975197,0,0.20798188,0.5851213,3.0916865,47.112366,7.514947414398193,6.297528834619367
2020-08-20,Mirabell_plus_DER_AN910_eobs_3907__2020__southbound_01,Mirabell + / DER AN910 (eobs 3907),47.80331,8.879771,47.803085,8.87948,47.788406,8.859114784866712,2.231239901976145,0.03310304,0,0.17111929,0.5851213,2.2601573,47.80331,8.87977123260498,0.033140117424618316
2020-08-20,Sierit_DER_AN858_eobs2561__2020__southbound_01,Sierit  / DER AN858 (eobs2561),47.804024,8.879544,47.804432,8.877387,47.787277,8.855965595433382,2.489792888035326,0.16738598,0,0.1918031,0.5851213,2.5584981,47.804024,8.879544258117676,0.1673842212911025
2020-08-20,Zozu_plus_DER_AL581_eobs2541__2020__southbound_01,Zozu + / DER AL581 (eobs2541),47.751575,9.056559,47.751354,8.933139,47.741306,9.04281428525604,8.276102229089053,9.227062,0,0.13695768,0.5851213,1.5333979,47.751575,9.056558609008789,9.227112487704428
2020-08-21,Angela_DER_AY470_eobs_4001__2020__southbound_01,Angela / DER AY470 (eobs 4001),47.26316,6.046625,46.75634,5.1028695,46.664127,5.257594736598923,15.630306337896243,91.08314,1,0.787649,0.5851213,89.18486,46.664127,5.257594736598923,15.630306337896243
2020-08-21,Europa_DER_A1A26_eobs_4004__2020__southbound_01,Europa / DER A1A26 (eobs 4004),47.108448,7.597963,47.14373,7.522199,47.091007,7.567585844308833,6.7943984836540485,6.9458055,0,0.20611589,0.5851213,3.002446,47.108448,7.597962856292725,6.945993140740848
2020-08-21,Mirabell_plus_DER_AN910_eobs_3907__2020__southbound_01,Mirabell + / DER AN910 (eobs 3907),47.803085,8.87948,47.80436,8.879374,47.78299,8.849661080435272,3.251599488802245,0.14168195,0,0.21276033,0.5851213,3.1493905,47.803085,8.879480361938477,0.1418990572713364
2020-08-21,Sierit_DER_AN858_eobs2561__2020__southbound_01,Sierit  / DER AN858 (eobs2561),47.804432,8.877387,47.80548,8.879814,47.784866,8.849085421372214,3.243958289490143,0.21562144,0,0.21430896,0.5851213,3.028055,47.804432,8.877387046813965,0.2155570405508463
2020-08-21,Zozu_plus_DER_AL581_eobs2541__2020__southbound_01,Zozu + / DER AL581 (eobs2541),47.751354,8.933139,47.758503,8.995893,47.73852,8.914633570815473,6.468934865254091,4.758109,0,0.1604024,0.5851213,1.9841427,47.751354,8.933138847351074,4.758133241959139
2020-08-22,Angela_DER_AY470_eobs_4001__2020__southbound_01,Angela / DER AY470 (eobs 4001),46.75634,5.1028695,45.665047,4.7279363,46.176796,4.333462220338456,64.56875724124167,124.72864,1,0.787619,0.5851213,86.95856,46.176796,4.333462220338456,64.56875724124167
2020-08-22,Europa_DER_A1A26_eobs_4004__2020__southbound_01,Europa / DER A1A26 (eobs 4004),47.14373,7.522199,47.1363,7.5240912,47.11611,7.468864203583386,4.743043950074043,0.8384936,0,0.28868058,0.5851213,5.0608597,47.14373,7.5221991539001465,0.8385953962166849
2020-08-22,Mirabell_plus_DER_AN910_eobs_3907__2020__southbound_01,Mirabell + / DER AN910 (eobs 3907),47.80436,8.879374,47.80392,8.879947,47.785915,8.85231129788049,2.875754899456631,0.06470497,0,0.20312308,0.5851213,2.8744788,47.80436,8.879373550415039,0.06489946883158045
2020-08-22,Sierit_DER_AN858_eobs2561__2020__southbound_01,Sierit  / DER AN858 (eobs2561),47.80548,8.879814,47.803898,8.879863,47.786583,8.852695074816014,2.797384426574757,0.17634758,0,0.21187797,0.5851213,2.9132862,47.80548,8.879814147949219,0.17607033584643442
2020-08-22,Zozu_plus_DER_AL581_eobs2541__2020__southbound_01,Zozu + / DER AL581 (eobs2541),47.758503,8.995893,47.749763,9.059016,47.74584,8.977689101011505,6.0962337246655025,4.8179927,0,0.160615,0.5851213,1.9549509,47.758503,8.995892524719238,4.818019420886119
2020-08-23,Angela_DER_AY470_eobs_4001__2020__southbound_01,Angela / DER AY470 (eobs 4001),45.665047,4.7279363,43.503193,3.9061465,45.072098,3.966689849434105,174.52103708488747,249.03783,1,0.79193306,0.5851213,88.42519,45.072098,3.966689849434105,174.52103708488747
2020-08-23,Europa_DER_A1A26_eobs_4004__2020__southbound_01,Europa / DER A1A26 (eobs 4004),47.1363,7.5240912,47.119648,7.585053,47.108463,7.470269723717173,8.774557014866819,4.9697304,0,0.28865984,0.5851213,5.105153,47.1363,7.5240912437438965,4.969721551491427
2020-08-23,Mirabell_plus_DER_AN910_eobs_3907__2020__southbound_01,Mirabell + / DER AN910 (eobs 3907),47.80392,8.879947,47.801846,8.874266,47.787003,8.855726393128014,2.1545179555389833,0.4830556,0,0.19150497,0.5851213,2.605236,47.80392,8.8799467086792,0.4829914245640213
2020-08-23,Sierit_DER_AN858_eobs2561__2020__southbound_01,Sierit  / DER AN858 (eobs2561),47.803898,8.879863,47.801914,8.874343,47.78271,8.84844405995988,2.8814342921272154,0.46752492,0,0.22929367,0.5851213,3.319436,47.803898,8.879862785339355,0.4675636384758224
2020-08-23,Zozu_plus_DER_AL581_eobs2541__2020__southbound_01,Zozu + / DER AL581 (eobs2541),47.749763,9.059016,47.752613,9.024365,47.73744,9.041315074006937,2.110302407746864,2.6099024,0,0.15626164,0.5851213,1.9018463,47.749763,9.059016227722168,2.6098753010454527
2020-08-24,Angela_DER_AY470_eobs_4001__2020__southbound_01,Angela / DER AY470 (eobs 4001),43.503193,3.9061465,42.513783,2.8850985,42.90509,3.148908649899619,48.557824233201075,137.82597,1,0.801305,0.5851213,90.13605,42.90509,3.148908649899619,48.557824233201075
2020-08-24,Europa_DER_A1A26_eobs_4004__2020__southbound_01,Europa / DER A1A26 (eobs 4004),47.119648,7.585053,46.807476,6.80487,47.097027,7.5420651336506435,64.55644436569712,68.63028,1,0.2539932,0.5851213,4.1046615,47.119648,7.585052967071533,68.6304106422631
2020-08-24,Mirabell_plus_DER_AN910_eobs_3907__2020__southbound_01,Mirabell + / DER AN910 (eobs 3907),47.801846,8.874266,47.80194,8.880507,47.781174,8.842681002118947,3.6493250388668184,0.46634042,0,0.21944995,0.5851213,3.2879698,47.801846,8.874265670776367,0.4663161628091886
2020-08-24,Sierit_DER_AN858_eobs2561__2020__southbound_01,Sierit  / DER AN858 (eobs2561),47.801914,8.874343,47.80449,8.880633,47.777687,8.83669568718554,4.433485789670771,0.55024606,0,0.25017428,0.5851213,3.8872569,47.801914,8.874342918395996,0.5501870286379079
2020-08-24,Zozu_plus_DER_AL581_eobs2541__2020__southbound_01,Zozu + / DER AL581 (eobs2541),47.752613,9.024365,47.32858,8.375759,47.738342,9.00259039168164,65.5022231622179,67.77549,1,0.17177317,0.5851213,2.2694595,47.752613,9.024365425109863,67.77567493194478
2020-08-25,Angela_DER_AY470_eobs_4001__2020__southbound_01,Angela / DER AY470 (eobs 4001),42.513783,2.8850985,41.61882,0.69156855,41.94352,2.193348910921573,129.6505799618419,206.60591,1,0.7992026,0.5851213,84.91289,41.94352,2.193348910921573,129.6505799618419
2020-08-25,Europa_DER_A1A26_eobs_4004__2020__southbound_01,Europa / DER A1A26 (eobs 4004),46.807476,6.80487,45.077362,4.797459,46.33138,6.128869970424953,173.58305156128588,247.17233,1,0.7517122,0.5851213,73.6919,46.33138,6.128869970424953,173.58305156128588
2020-08-25,Mirabell_plus_DER_AN910_eobs_3907__2020__southbound_01,Mirabell + / DER AN910 (eobs 3907),47.80194,8.880507,47.801964,8.879419,47.782185,8.850550231656939,3.08028438093027,0.08129735,0,0.21203317,0.5851213,3.1301455,47.80194,8.880507469177246,0.08131234391275695
2020-08-25,Sierit_DER_AN858_eobs2561__2020__southbound_01,Sierit  / DER AN858 (eobs2561),47.80449,8.880633,47.801857,8.879341,47.78128,8.844625810226422,3.4584052138697317,0.30818436,0,0.24313042,0.5851213,3.7207115,47.80449,8.880633354187012,0.3081834921099792
2020-08-25,Zozu_plus_DER_AL581_eobs2541__2020__southbound_01,Zozu + / DER AL581 (eobs2541),47.32858,8.375759,47.231762,8.259381,46.656105,7.396987880684742,91.55967533508267,13.891591,1,0.7994924,0.5851213,104.854095,46.656105,7.396987880684742,91.55967533508267
2020-08-26,Angela_DER_AY470_eobs_4001__2020__southbound_01,Angela / DER AY470 (eobs 4001),41.61882,0.69156855,41.308945,-0.8508059,41.02834,0.018589518964108542,79.17917698276237,133.05751,1,0.80775076,0.5851213,86.10792,41.02834,0.018589518964108542,79.17917698276237
2020-08-26,Europa_DER_A1A26_eobs_4004__2020__southbound_01,Europa / DER A1A26 (eobs 4004),45.077362,4.797459,43.82647,4.49841,44.368702,3.9852911908895834,72.89883132292846,141.1037,1,0.8104683,0.5851213,101.193855,44.368702,3.9852911908895834,72.89883132292846
2020-08-26,Mirabell_plus_DER_AN910_eobs_3907__2020__southbound_01,Mirabell + / DER AN910 (eobs 3907),47.801964,8.879419,47.809895,8.88335,47.779884,8.844836705869055,4.4059412316446265,0.9294909,0,0.22747885,0.5851213,3.5574791,47.801964,8.879419326782227,0.929446362341912
2020-08-26,Sierit_DER_AN858_eobs2561__2020__southbound_01,Sierit  / DER AN858 (eobs2561),47.801857,8.879341,47.805744,8.880607,47.775784,8.838280181878265,4.593151623572988,0.44256064,0,0.2599996,0.5851213,4.2127833,47.801857,8.879341125488281,0.44244843933264166
2020-08-26,Zozu_plus_DER_AL581_eobs2541__2020__southbound_01,Zozu + / DER AL581 (eobs2541),47.231762,8.259381,47.233185,8.252966,46.60567,7.343224345158676,98.19614725545284,0.509594,0,0.7903298,0.5851213,97.96985,46.60567,7.343224345158676,98.19614725545284
2020-08-27,Angela_DER_AY470_eobs_4001__2020__southbound_01,Angela / DER AY470 (eobs 4001),41.308945,-0.8508059,40.82922,-1.9202002,40.74007,-1.4930607374586433,37.303601785627876,104.31788,1,0.80671686,0.5851213,82.79472,40.74007,-1.4930607374586433,37.303601785627876
2020-08-27,Europa_DER_A1A26_eobs_4004__2020__southbound_01,Europa / DER A1A26 (eobs 4004),43.82647,4.49841,43.356533,3.4199433,43.1399,3.719115413929756,34.167177993947256,101.361084,1,0.8094838,0.5851213,98.50039,43.1399,3.719115413929756,34.167177993947256
2020-08-27,Mirabell_plus_DER_AN910_eobs_3907__2020__southbound_01,Mirabell + / DER AN910 (eobs 3907),47.809895,8.88335,47.802914,8.879726,47.78646,8.845205000136328,3.1617788126648194,0.82187355,0,0.24465628,0.5851213,3.8538628,47.809895,8.883350372314453,0.8220710003951367
2020-08-27,Sierit_DER_AN858_eobs2561__2020__southbound_01,Sierit  / DER AN858 (eobs2561),47.805744,8.880607,47.80296,8.879541,47.77578,8.831510894551878,4.691416630424121,0.3198229,0,0.292012,0.5851213,4.9457726,47.805744,8.880606651306152,0.3197056035083764
2020-08-27,Zozu_plus_DER_AL581_eobs2541__2020__southbound_01,Zozu + / DER AL581 (eobs2541),47.233185,8.252966,47.114326,7.545029,46.637966,7.367606624140956,54.658701514055906,55.11919,1,0.7871517,0.5851213,93.90451,46.637966,7.367606624140956,54.658701514055906
2020-08-28,Angela_DER_AY470_eobs_4001__2020__southbound_01,Angela / DER AY470 (eobs 4001),40.82922,-1.9202002,39.22833,-3.0276914,40.27087,-2.538168144668195,123.24776498777283,201.43974,1,0.8029002,0.5851213,80.83937,40.27087,-2.538168144668195,123.24776498777283
2020-08-28,Europa_DER_A1A26_eobs_4004__2020__southbound_01,Europa / DER A1A26 (eobs 4004),43.356533,3.4199433,43.122803,2.9608476,42.693977,2.6672865599611915,53.34149906441781,45.370655,1,0.80630183,0.5851213,95.386765,42.693977,2.6672865599611915,53.34149906441781
2020-08-28,Mirabell_plus_DER_AN910_eobs_3907__2020__southbound_01,Mirabell + / DER AN910 (eobs 3907),47.802914,8.879726,47.801807,8.881165,47.782097,8.845996159994934,3.421377222399103,0.16338648,0,0.22198622,0.5851213,3.415083,47.802914,8.87972640991211,0.16330703880969777
2020-08-28,Sierit_DER_AN858_eobs2561__2020__southbound_01,Sierit  / DER AN858 (eobs2561),47.80296,8.879541,47.801785,8.881173,47.776012,8.835490355109041,4.456464748591868,0.17875868,0,0.26821643,0.5851213,4.442214,47.80296,8.879541397094727,0.1786651049843401
2020-08-28,Zozu_plus_DER_AL581_eobs2541__2020__southbound_01,Zozu + / DER AL581 (eobs2541),47.114326,7.545029,47.109154,7.546319,46.497807,6.658059336259166,95.87374894941651,0.58317,0,0.788091,0.5851213,95.77241,46.497807,6.658059336259166,95.87374894941651
2020-08-29,Angela_DER_AY470_eobs_4001__2020__southbound_01,Angela / DER AY470 (eobs 4001),39.22833,-3.0276914,37.94277,-3.214849,38.670036,-3.630969637271324,88.64545846807054,143.87059,1,0.8049548,0.5851213,80.81518,38.670036,-3.630969637271324,88.64545846807054
2020-08-29,Europa_DER_A1A26_eobs_4004__2020__southbound_01,Europa / DER A1A26 (eobs 4004),43.122803,2.9608476,43.0676,2.937868,42.45927,2.2194712170971873,89.5259660556304,6.415245,0,0.8059212,0.5851213,95.038826,42.45927,2.2194712170971873,89.5259660556304
2020-08-29,Mirabell_plus_DER_AN910_eobs_3907__2020__southbound_01,Mirabell + / DER AN910 (eobs 3907),47.801807,8.881165,47.802933,8.880664,47.7805,8.846628442830319,3.561969521702974,0.130569,0,0.22133194,0.5851213,3.4965146,47.801807,8.88116455078125,0.13059997444474478
2020-08-29,Sierit_DER_AN858_eobs2561__2020__southbound_01,Sierit  / DER AN858 (eobs2561),47.801785,8.881173,47.802868,8.880373,47.772953,8.833561750493107,4.826543934247895,0.13459721,0,0.2760022,0.5851213,4.779545,47.801785,8.881173133850098,0.1344744737353762
2020-08-29,Zozu_plus_DER_AL581_eobs2541__2020__southbound_01,Zozu + / DER AL581 (eobs2541),47.109154,7.546319,47.084793,7.42525,46.490208,6.669196748867065,87.66135799866676,9.556487,0,0.7848375,0.5851213,95.45164,46.490208,6.669196748867065,87.66135799866676
2020-08-30,Angela_DER_AY470_eobs_4001__2020__southbound_01,Angela / DER AY470 (eobs 4001),37.94277,-3.214849,37.124306,-4.9453483,37.409397,-3.7783923959113075,108.0212593470021,177.66501,1,0.7991871,0.5851213,77.062935,37.409397,-3.7783923959113075,108.0212593470021
2020-08-30,Europa_DER_A1A26_eobs_4004__2020__southbound_01,Europa / DER A1A26 (eobs 4004),43.0676,2.937868,42.008003,2.656421,42.42866,2.2238082169041204,58.79688617222641,120.05723,1,0.8014721,0.5851213,91.5575,42.42866,2.2238082169041204,58.79688617222641
2020-08-30,Mirabell_plus_DER_AN910_eobs_3907__2020__southbound_01,Mirabell + / DER AN910 (eobs 3907),47.802933,8.880664,47.80188,8.880042,47.783474,8.849717135617862,3.0529619824548484,0.12579176,0,0.20252113,0.5851213,3.1606128,47.802933,8.880663871765137,0.12594732627468647
2020-08-30,Sierit_DER_AN858_eobs2561__2020__southbound_01,Sierit  / DER AN858 (eobs2561),47.802868,8.880373,47.801872,8.874474,47.77785,8.840210309475285,3.699519141283334,0.45432994,0,0.24444018,0.5851213,4.083806,47.802868,8.880373001098633,0.4543157957451073
2020-08-30,Zozu_plus_DER_AL581_eobs2541__2020__southbound_01,Zozu + / DER AL581 (eobs2541),47.084793,7.42525,47.05003,7.307048,46.46409,6.552829230931264,86.86779038404329,9.751459,0,0.7834654,0.5851213,95.36719,46.46409,6.552829230931264,86.86779038404329
2020-08-31,Angela_DER_AY470_eobs_4001__2020__southbound_01,Angela / DER AY470 (eobs 4001),37.124306,-4.9453483,36.503098,-6.028767,36.601196,-5.466758054056346,51.37262887900418,118.63031,1,0.7907467,0.5851213,74.16903,36.601196,-5.466758054056346,51.37262887900418
2020-08-31,Europa_DER_A1A26_eobs_4004__2020__southbound_01,Europa / DER A1A26 (eobs 4004),42.008003,2.656421,41.558605,0.6168077,41.373646,1.9649819244741766,114.20081230742284,176.33739,1,0.802051,0.5851213,90.61109,41.373646,1.9649819244741766,114.20081230742284
2020-08-31,Mirabell_plus_DER_AN910_eobs_3907__2020__southbound_01,Mirabell + / DER AN910 (eobs 3907),47.80188,8.880042,47.8026,8.879703,47.782467,8.849399849114656,3.183793613323051,0.08393121,0,0.19760796,0.5851213,3.1406178,47.80188,8.88004207611084,0.08408387548807592
2020-08-31,Sierit_DER_AN858_eobs2561__2020__southbound_01,Sierit  / DER AN858 (eobs2561),47.801872,8.874474,47.80272,8.879898,47.77711,8.834979467395629,4.401023655215203,0.4158961,0,0.2379269,0.5851213,4.0279694,47.801872,8.874473571777344,0.4159484218833891
2020-08-31,Zozu_plus_DER_AL581_eobs2541__2020__southbound_01,Zozu + / DER AL581 (eobs2541),47.05003,7.307048,46.406265,6.2939243,46.419518,6.449241779538836,11.998118228905286,105.29384,1,0.780992,0.5851213,95.43122,46.419518,6.449241779538836,11.998118228905286
2020-09-01,Angela_DER_AY470_eobs_4001__2020__southbound_01,Angela / DER AY470 (eobs 4001),36.503098,-6.028767,36.500965,-6.0288234,36.011017,-6.510338118428648,69.5135569816009,0.23741017,0,0.7816928,0.5851213,69.49587,36.011017,-6.510338118428648,69.5135569816009
2020-09-01,Europa_DER_A1A26_eobs_4004__2020__southbound_01,Europa / DER A1A26 (eobs 4004),41.558605,0.6168077,41.558628,0.6142683,40.948902,-0.024681508662370955,86.31083841659196,0.21130614,0,0.7980673,0.5851213,86.13401,40.948902,-0.024681508662370955,86.31083841659196
2020-09-01,Mirabell_plus_DER_AN910_eobs_3907__2020__southbound_01,Mirabell + / DER AN910 (eobs 3907),47.8026,8.879703,47.802902,8.880591,47.78311,8.848831430351684,3.2359950179321766,0.07425469,0,0.19688526,0.5851213,3.1587906,47.8026,8.8797025680542,0.07436278774061558
2020-09-01,Sierit_DER_AN858_eobs2561__2020__southbound_01,Sierit  / DER AN858 (eobs2561),47.80272,8.879898,47.802498,8.880113,47.778263,8.841218285390273,3.9629032461701033,0.029256893,0,0.23357365,0.5851213,3.9606616,47.80272,8.879898071289062,0.029361740142233063
2020-09-01,Zozu_plus_DER_AL581_eobs2541__2020__southbound_01,Zozu + / DER AL581 (eobs2541),46.406265,6.2939243,43.118618,3.1282904,45.6993,5.370552331323289,337.70735677368936,442.7557,1,0.7937975,0.5851213,105.60722,45.6993,5.370552331323289,337.70735677368936
2020-09-02,Angela_DER_AY470_eobs_4001__2020__southbound_01,Angela / DER AY470 (eobs 4001),36.500965,-6.0288234,36.477024,-6.017776,36.080673,-6.43283217004888,57.67662882674547,2.8392608,0,0.7532935,0.5851213,58.957245,36.080673,-6.43283217004888,57.67662882674547
2020-09-02,Europa_DER_A1A26_eobs_4004__2020__southbound_01,Europa / DER A1A26 (eobs 4004),41.558628,0.6142683,41.530357,0.4342218,41.02604,0.06204391089449801,64.12454551622994,15.310169,1,0.77106166,0.5851213,74.82422,41.02604,0.06204391089449801,64.12454551622994
2020-09-02,Mirabell_plus_DER_AN910_eobs_3907__2020__southbound_01,Mirabell + / DER AN910 (eobs 3907),47.802902,8.880591,47.80181,8.874193,47.785915,8.854540376860353,2.2977076872985704,0.4929872,0,0.17645362,0.5851213,2.7070918,47.802902,8.88059139251709,0.4930310885056451
2020-09-02,Sierit_DER_AN858_eobs2561__2020__southbound_01,Sierit  / DER AN858 (eobs2561),47.802498,8.880113,47.802094,8.879432,47.779606,8.84435660870249,3.6219482409584653,0.06794517,0,0.22076051,0.5851213,3.6828406,47.802498,8.880112648010254,0.06788300054168281
2020-09-02,Zozu_plus_DER_AL581_eobs2541__2020__southbound_01,Zozu + / DER AL581 (eobs2541),43.118618,3.1282904,41.678387,1.1197089,42.259235,2.1787206054878103,108.79708555263105,229.87794,1,0.83272,0.5851213,122.551674,42.259235,2.1787206054878103,108.79708555263105
2020-09-03,Angela_DER_AY470_eobs_4001__2020__southbound_01,Angela / DER AY470 (eobs 4001),36.477024,-6.017776,36.503082,-6.028866,36.123978,-6.34950256307046,51.01325444993523,3.0623043,0,0.72354233,0.5851213,49.115795,36.123978,-6.34950256307046,51.01325444993523
2020-09-03,Europa_DER_A1A26_eobs_4004__2020__southbound_01,Europa / DER A1A26 (eobs 4004),41.530357,0.4342218,41.518726,-0.5834386,41.033504,-0.07644439645675816,68.60094684804855,84.72821,1,0.7594694,0.5851213,69.58605,41.033504,-0.07644439645675816,68.60094684804855
2020-09-03,Mirabell_plus_DER_AN910_eobs_3907__2020__southbound_01,Mirabell + / DER AN910 (eobs 3907),47.80181,8.874193,47.801804,8.874189,47.782566,8.844518076155495,3.080403433780537,0.0007933913,0,0.18617553,0.5851213,3.075547,47.80181,8.87419319152832,0.0008949176843499043
2020-09-03,Sierit_DER_AN858_eobs2561__2020__southbound_01,Sierit  / DER AN858 (eobs2561),47.802094,8.879432,47.802036,8.874235,47.776283,8.839326794790129,3.873177498737638,0.38817546,0,0.23126401,0.5851213,4.1411886,47.802094,8.87943172454834,0.38817915732839653
2020-09-03,Zozu_plus_DER_AL581_eobs2541__2020__southbound_01,Zozu + / DER AL581 (eobs2541),41.678387,1.1197089,41.550625,0.58875555,40.823727,0.21679358164548834,86.61341323656795,46.36934,1,0.8349209,0.5851213,120.84383,40.823727,0.21679358164548834,86.61341323656795
2020-09-04,Angela_DER_AY470_eobs_4001__2020__southbound_01,Angela / DER AY470 (eobs 4001),36.503082,-6.028866,36.4795,-6.0181437,36.21483,-6.300335997001304,38.792744511079455,2.7919366,0,0.6920931,0.5851213,40.130283,36.21483,-6.300335997001304,38.792744511079455
2020-09-04,Europa_DER_A1A26_eobs_4004__2020__southbound_01,Europa / DER A1A26 (eobs 4004),41.518726,-0.5834386,41.559746,-0.7403384,41.03896,-1.064715340068985,63.93516731734469,13.832322,1,0.75162184,0.5851213,66.60273,41.03896,-1.064715340068985,63.93516731734469
2020-09-04,Mirabell_plus_DER_AN910_eobs_3907__2020__southbound_01,Mirabell + / DER AN910 (eobs 3907),47.801804,8.874189,47.801754,8.874162,47.782333,8.844044127270143,3.118548120825697,0.0059390604,0,0.18631282,0.5851213,3.1181846,47.801804,8.874189376831055,0.005888483179520486
2020-09-04,Sierit_DER_AN858_eobs2561__2020__southbound_01,Sierit  / DER AN858 (eobs2561),47.802036,8.874235,47.801876,8.874244,47.774525,8.830439688118046,4.467590397087014,0.017847253,0,0.24100617,0.5851213,4.470837,47.802036,8.874235153198242,0.01782690404206852
2020-09-04,Zozu_plus_DER_AL581_eobs2541__2020__southbound_01,Zozu + / DER AL581 (eobs2541),41.550625,0.58875555,41.528957,0.50774646,40.73607,-0.2613191908281217,109.1857749407297,7.159852,0,0.82874036,0.5851213,114.723366,40.73607,-0.2613191908281217,109.1857749407297
2020-09-05,Angela_DER_AY470_eobs_4001__2020__southbound_01,Angela / DER AY470 (eobs 4001),36.4795,-6.0181437,36.484417,-6.015504,36.264164,-6.21461015564762,30.29149811375244,0.59549576,0,0.64645606,0.5851213,29.644566,36.264164,-6.21461015564762,30.29149811375244
2020-09-05,Europa_DER_A1A26_eobs_4004__2020__southbound_01,Europa / DER A1A26 (eobs 4004),41.559746,-0.7403384,41.32113,-1.2468611,41.114635,-1.1904903182017195,23.440147422679548,49.86662,1,0.7413332,0.5851213,61.95948,41.114635,-1.1904903182017195,23.440147422679548
2020-09-05,Mirabell_plus_DER_AN910_eobs_3907__2020__southbound_01,Mirabell + / DER AN910 (eobs 3907),47.801754,8.874162,47.785213,8.859816,47.777668,8.83603107494177,1.9652508147946843,2.1287801,0,0.21411847,0.5851213,3.9026146,47.801754,8.874161720275879,2.1286703806734897
2020-09-05,Sierit_DER_AN858_eobs2561__2020__southbound_01,Sierit  / DER AN858 (eobs2561),47.801876,8.874244,47.807056,8.881059,47.771553,8.825856895227904,5.708972895009353,0.7686964,0,0.25504646,0.5851213,4.9339194,47.801876,8.87424373626709,0.7686812230275379
2020-09-05,Zozu_plus_DER_AL581_eobs2541__2020__southbound_01,Zozu + / DER AL581 (eobs2541),41.528957,0.50774646,41.590527,0.6611677,40.76705,-0.2918831967868142,121.43334947896618,14.485061,1,0.8227527,0.5851213,107.5524,40.76705,-0.2918831967868142,121.43334947896618
2020-09-06,Angela_DER_AY470_eobs_4001__2020__southbound_01,Angela / DER AY470 (eobs 4001),36.484417,-6.015504,36.48449,-6.014638,36.318752,-6.165532517775215,22.84761482061525,0.07782398,0,0.6083163,0.5851213,22.747032,36.318752,-6.165532517775215,22.84761482061525
2020-09-06,Europa_DER_A1A26_eobs_4004__2020__southbound_01,Europa / DER A1A26 (eobs 4004),41.32113,-1.2468611,40.01642,-3.5902126,40.88841,-1.6821783604318616,188.31720007803162,245.15482,1,0.73933595,0.5851213,60.19968,40.88841,-1.6821783604318616,188.31720007803162
2020-09-06,Mirabell_plus_DER_AN910_eobs_3907__2020__southbound_01,Mirabell + / DER AN910 (eobs 3907),47.785213,8.859816,47.67857,8.73131,47.757576,8.814750229916879,10.776937651021045,15.263821,1,0.2408761,0.5851213,4.5505505,47.785213,8.85981559753418,15.263942274315399
2020-09-06,Sierit_DER_AN858_eobs2561__2020__southbound_01,Sierit  / DER AN858 (eobs2561),47.807056,8.881059,47.80179,8.8742,47.778336,8.835178611405185,3.911366853096793,0.77808154,0,0.25200135,0.5851213,4.675665,47.807056,8.881058692932129,0.7781721870320559
2020-09-06,Zozu_plus_DER_AL581_eobs2541__2020__southbound_01,Zozu + / DER AL581 (eobs2541),41.590527,0.6611677,41.57431,0.61771834,40.88939,-0.06669848053835836,95.2674261432481,4.038815,0,0.8141048,0.5851213,98.5301,40.88939,-0.06669848053835836,95.2674261432481
2020-09-07,Angela_DER_AY470_eobs_4001__2020__southbound_01,Angela / DER AY470 (eobs 4001),36.48449,-6.014638,36.47643,-6.0149093,36.402596,-6.092367009145655,10.743054212921665,0.89628226,0,0.5050508,0.5851213,11.434806,36.48449,-6.0146379470825195,0.8966111907846321
2020-09-07,Europa_DER_A1A26_eobs_4004__2020__southbound_01,Europa / DER A1A26 (eobs 4004),40.01642,-3.5902126,38.856464,-3.6599746,39.519188,-4.077744541597006,82.01707541044682,129.1205,1,0.76593316,0.5851213,69.021355,39.519188,-4.077744541597006,82.01707541044682
2020-09-07,Mirabell_plus_DER_AN910_eobs_3907__2020__southbound_01,Mirabell + / DER AN910 (eobs 3907),47.67857,8.73131,46.657272,6.630689,47.280922,8.078405968029852,129.9050413779347,195.21576,1,0.71996945,0.5851213,65.79643,47.280922,8.078405968029852,129.9050413779347
2020-09-07,Sierit_DER_AN858_eobs2561__2020__southbound_01,Sierit  / DER AN858 (eobs2561),47.80179,8.8742,47.80185,8.874167,47.773254,8.828835677519866,4.645421333992489,0.0072441315,0,0.24873435,0.5851213,4.633637,47.80179,8.874199867248535,0.007205961864052674
2020-09-07,Zozu_plus_DER_AL581_eobs2541__2020__southbound_01,Zozu + / DER AL581 (eobs2541),41.57431,0.61771834,41.574005,0.61666894,40.937267,-0.045736002781881724,89.88311317403844,0.093612485,0,0.8056717,0.5851213,89.63999,40.937267,-0.045736002781881724,89.88311317403844
2020-09-08,Angela_DER_AY470_eobs_4001__2020__southbound_01,Angela / DER AY470 (eobs 4001),36.47643,-6.0149093,36.503296,-6.02887,36.43845,-6.050415889140873,7.463507230937546,3.237333,0,0.3743863,0.5851213,5.2742085,36.47643,-6.014909267425537,3.237684612600353
2020-09-08,Europa_DER_A1A26_eobs_4004__2020__southbound_01,Europa / DER A1A26 (eobs 4004),38.856464,-3.6599746,38.856434,-3.6568153,38.365135,-4.136341149551347,68.70505204382893,0.27358222,0,0.76326424,0.5851213,68.33599,38.365135,-4.136341149551347,68.70505204382893
2020-09-08,Mirabell_plus_DER_AN910_eobs_3907__2020__southbound_01,Mirabell + / DER AN910 (eobs 3907),46.657272,6.630689,43.02633,2.9956791,45.795284,5.639002710393625,372.62029410836954,494.9987,1,0.82387835,0.5851213,121.91399,45.795284,5.639002710393625,372.62029410836954
2020-09-08,Sierit_DER_AN858_eobs2561__2020__southbound_01,Sierit  / DER AN858 (eobs2561),47.80185,8.874167,47.80287,8.879482,47.775913,8.833050844781338,4.584564129172136,0.4128996,0,0.23624167,0.5851213,4.2055717,47.80185,8.874167442321777,0.41291392078093186
2020-09-08,Zozu_plus_DER_AL581_eobs2541__2020__southbound_01,Zozu + / DER AL581 (eobs2541),41.574005,0.61666894,41.583836,0.619094,40.997414,0.019236206616924822,82.24147354213189,1.111646,0,0.7930685,0.5851213,80.97759,40.997414,0.019236206616924822,82.24147354213189
2020-09-09,Angela_DER_AY470_eobs_4001__2020__southbound_01,Angela / DER AY470 (eobs 4001),36.503296,-6.02887,36.47669,-6.015118,36.467175,-6.064082867607263,4.504288761133588,3.2035518,0,0.3721626,0.5851213,5.0937586,36.503296,-6.028870105743408,3.203877640699395
2020-09-09,Europa_DER_A1A26_eobs_4004__2020__southbound_01,Europa / DER A1A26 (eobs 4004),38.856434,-3.6568153,38.856464,-3.656686,38.38668,-4.114517404446438,65.6561129904704,0.011704785,0,0.7584435,0.5851213,65.45294,38.38668,-4.114517404446438,65.6561129904704
2020-09-09,Mirabell_plus_DER_AN910_eobs_3907__2020__southbound_01,Mirabell + / DER AN910 (eobs 3907),43.02633,2.9956791,41.546463,0.6152854,42.121056,2.003167027602098,131.54144076443225,255.75604,1,0.8433832,0.5851213,128.77742,42.121056,2.003167027602098,131.54144076443225
2020-09-09,Sierit_DER_AN858_eobs2561__2020__southbound_01,Sierit  / DER AN858 (eobs2561),47.80287,8.879482,47.802193,8.875374,47.779484,8.843047791011207,3.4940053494831247,0.31605357,0,0.22231655,0.5851213,3.75759,47.80287,8.87948226928711,0.3160044967188071
2020-09-09,Zozu_plus_DER_AL581_eobs2541__2020__southbound_01,Zozu + / DER AL581 (eobs2541),41.583836,0.619094,41.574654,0.6175405,41.137215,0.16561064030048106,61.55287115907782,1.0291542,0,0.75133485,0.5851213,62.251846,41.137215,0.16561064030048106,61.55287115907782
2020-09-10,Angela_DER_AY470_eobs_4001__2020__southbound_01,Angela / DER AY470 (eobs 4001),36.47669,-6.015118,36.504448,-6.0296903,36.44069,-6.050694805573717,7.334227253307213,3.3503711,0,0.37284684,0.5851213,5.103975,36.47669,-6.01511812210083,3.3503541045406493
2020-09-10,Europa_DER_A1A26_eobs_4004__2020__southbound_01,Europa / DER A1A26 (eobs 4004),38.856464,-3.656686,38.856236,-3.6566453,38.393803,-4.106620755027507,64.59123191326782,0.025516052,0,0.75595766,0.5851213,64.419945,38.393803,-4.106620755027507,64.59123191326782
2020-09-10,Mirabell_plus_DER_AN910_eobs_3907__2020__southbound_01,Mirabell + / DER AN910 (eobs 3907),41.546463,0.6152854,41.542744,0.523585,40.6783,-0.30481488194568174,118.55726645660224,7.642753,0,0.84183705,0.5851213,123.00029,40.6783,-0.30481488194568174,118.55726645660224
2020-09-10,Sierit_DER_AN858_eobs2561__2020__southbound_01,Sierit  / DER AN858 (eobs2561),47.802193,8.875374,47.36657,8.356254,47.771175,8.824916556508434,57.099677002646125,62.146545,1,0.26853058,0.5851213,5.099652,47.802193,8.875373840332031,62.14684373561388
2020-09-10,Zozu_plus_DER_AL581_eobs2541__2020__southbound_01,Zozu + / DER AL581 (eobs2541),41.574654,0.6175405,41.60397,0.6694953,41.40011,0.4048467863553822,31.616178961749736,5.4124813,0,0.6185323,0.5851213,26.216599,41.40011,0.4048467863553822,31.616178961749736
2020-09-11,Angela_DER_AY470_eobs_4001__2020__southbound_01,Angela / DER AY470 (eobs 4001),36.504448,-6.0296903,36.484276,-6.015066,36.46916,-6.063849173806423,4.674494113422402,2.5964127,0,0.3649693,0.5851213,4.9630313,36.504448,-6.029690265655518,2.5961871348991523
2020-09-11,Europa_DER_A1A26_eobs_4004__2020__southbound_01,Europa / DER A1A26 (eobs 4004),38.856236,-3.6566453,38.85648,-3.6564963,38.41277,-4.0861496241604245,61.862686029059326,0.029709544,0,0.751508,0.5851213,61.655437,38.41277,-4.0861496241604245,61.862686029059326
2020-09-11,Mirabell_plus_DER_AN910_eobs_3907__2020__southbound_01,Mirabell + / DER AN910 (eobs 3907),41.542744,0.523585,41.537888,0.0708085,40.74311,-0.3141478216655357,94.0708808786892,37.687653,1,0.8307066,0.5851213,112.79231,40.74311,-0.3141478216655357,94.0708808786892
2020-09-11,Sierit_DER_AN858_eobs2561__2020__southbound_01,Sierit  / DER AN858 (eobs2561),47.36657,8.356254,45.620262,5.525931,46.79752,7.5048749664409495,200.80065360842963,290.91022,1,0.7801785,0.5851213,89.92626,46.79752,7.5048749664409495,200.80065360842963
2020-09-11,Zozu_plus_DER_AL581_eobs2541__2020__southbound_01,Zozu + / DER AL581 (eobs2541),41.60397,0.6694953,41.6301,0.7793752,41.535328,0.572495461566312,20.177541072811085,9.585271,0,0.46676743,0.5851213,11.084787,41.60397,0.6694952845573425,9.5852639614456
2020-09-12,Angela_DER_AY470_eobs_4001__2020__southbound_01,Angela / DER AY470 (eobs 4001),36.484276,-6.015066,36.48424,-6.0148373,36.45148,-6.04694524691881,4.638286051579616,0.020789811,0,0.34736848,0.5851213,4.6201663,36.484276,-6.015066146850586,0.020815807541176314
2020-09-12,Europa_DER_A1A26_eobs_4004__2020__southbound_01,Europa / DER A1A26 (eobs 4004),38.85648,-3.6564963,38.856384,-3.6592317,38.423943,-4.0731630077566985,60.03881692269301,0.23707423,0,0.7483771,0.5851213,60.01881,38.423943,-4.0731630077566985,60.03881692269301
2020-09-12,Mirabell_plus_DER_AN910_eobs_3907__2020__southbound_01,Mirabell + / DER AN910 (eobs 3907),41.537888,0.0708085,40.910423,-2.7546327,40.7998,-0.7013701042558681,173.12151337820293,246.37418,1,0.82052535,0.5851213,104.058685,40.7998,-0.7013701042558681,173.12151337820293
2020-09-12,Sierit_DER_AN858_eobs2561__2020__southbound_01,Sierit  / DER AN858 (eobs2561),45.620262,5.525931,43.4638,3.6463742,44.79523,4.575461693561335,165.57784188063084,282.26987,1,0.82565784,0.5851213,117.60739,44.79523,4.575461693561335,165.57784188063084
2020-09-12,Zozu_plus_DER_AL581_eobs2541__2020__southbound_01,Zozu + / DER AL581 (eobs2541),41.6301,0.7793752,41.603146,0.61647946,41.580555,0.7076219766731874,7.984997182750076,13.869221,1,0.40979907,0.5851213,8.104569,41.6301,0.7793751955032349,13.869258608588584
2020-09-13,Angela_DER_AY470_eobs_4001__2020__southbound_01,Angela / DER AY470 (eobs 4001),36.48424,-6.0148373,36.50421,-6.0295362,36.45244,-6.045706239387651,5.935675039935247,2.5802076,0,0.339098,0.5851213,4.4779434,36.48424,-6.014837265014648,2.580191432180612
2020-09-13,Europa_DER_A1A26_eobs_4004__2020__southbound_01,Europa / DER A1A26 (eobs 4004),38.856384,-3.6592317,38.8564,-3.6586986,38.43369,-4.071357508177695,59.107181814966665,0.04619433,0,0.74464107,0.5851213,58.910492,38.43369,-4.071357508177695,59.107181814966665
2020-09-13,Mirabell_plus_DER_AN910_eobs_3907__2020__southbound_01,Mirabell + / DER AN910 (eobs 3907),40.910423,-2.7546327,40.070084,-3.8856056,40.200466,-3.4774380765139266,37.605821659491646,133.70886,1,0.8212824,0.5851213,99.43181,40.200466,-3.4774380765139266,37.605821659491646
2020-09-13,Sierit_DER_AN858_eobs2561__2020__southbound_01,Sierit  / DER AN858 (eobs2561),43.4638,3.6463742,42.72566,2.8172333,42.643288,2.706547056923925,12.87428121980361,106.15527,1,0.8291769,0.5851213,118.43999,42.643288,2.706547056923925,12.87428121980361
2020-09-13,Zozu_plus_DER_AL581_eobs2541__2020__southbound_01,Zozu + / DER AL581 (eobs2541),41.603146,0.61647946,41.59111,0.61690646,41.50264,0.481500544343786,14.958415708734984,1.3390206,0,0.5324153,0.5851213,15.810799,41.603146,0.6164794564247131,1.338744894305978
2020-09-14,Angela_DER_AY470_eobs_4001__2020__southbound_01,Angela / DER AY470 (eobs 4001),36.50421,-6.0295362,36.484596,-6.014759,36.470806,-6.063098703037466,4.586029560107817,2.5500627,0,0.34612936,0.5851213,4.766343,36.50421,-6.029536247253418,2.549933496585396
2020-09-14,Europa_DER_A1A26_eobs_4004__2020__southbound_01,Europa / DER A1A26 (eobs 4004),38.8564,-3.6586986,38.85665,-3.6599832,38.72471,-3.8227851412070124,20.355395218379815,0.114739686,0,0.5820477,0.5851213,20.367657,38.8564,-3.658698558807373,0.1147020816923785
2020-09-14,Mirabell_plus_DER_AN910_eobs_3907__2020__southbound_01,Mirabell + / DER AN910 (eobs 3907),40.070084,-3.8856056,39.854267,-4.27741,39.391357,-4.571829783803184,57.318175075085854,41.120953,1,0.81822044,0.5851213,95.255775,39.391357,-4.571829783803184,57.318175075085854
2020-09-14,Sierit_DER_AN858_eobs2561__2020__southbound_01,Sierit  / DER AN858 (eobs2561),42.72566,2.8172333,41.631916,0.7678757,41.98162,1.9746234905001785,107.31238639864148,208.09592,1,0.82026184,0.5851213,107.43186,41.98162,1.9746234905001785,107.31238639864148
2020-09-14,Zozu_plus_DER_AL581_eobs2541__2020__southbound_01,Zozu + / DER AL581 (eobs2541),41.59111,0.61690646,41.56884,0.5529311,41.50052,0.4954933596649038,8.976123656969836,5.8691335,0,0.5161441,0.5851213,14.237506,41.59111,0.616906464099884,5.869280880677686
2020-09-15,Angela_DER_AY470_eobs_4001__2020__southbound_01,Angela / DER AY470 (eobs 4001),36.484596,-6.014759,36.476963,-6.0146356,36.45285,-6.047572827634393,3.9830211849184916,0.8486627,0,0.34145355,0.5851213,4.5817633,36.484596,-6.014759063720703,0.8488471321613975
2020-09-15,Europa_DER_A1A26_eobs_4004__2020__southbound_01,Europa / DER A1A26 (eobs 4004),38.85665,-3.6599832,38.85652,-3.6604588,38.82934,-3.699544756280967,4.5379330953441315,0.043731432,0,0.32049736,0.5851213,4.5698247,38.85665,-3.6599831581115723,0.04363801668381036
2020-09-15,Mirabell_plus_DER_AN910_eobs_3907__2020__southbound_01,Mirabell + / DER AN910 (eobs 3907),39.854267,-4.27741,39.68859,-3.9500446,39.202686,-4.917430435061147,99.0922152938441,33.498764,1,0.80924565,0.5851213,90.58318,39.202686,-4.917430435061147,99.0922152938441
2020-09-15,Sierit_DER_AN858_eobs2561__2020__southbound_01,Sierit  / DER AN858 (eobs2561),41.631916,0.7678757,41.560707,0.614593,40.916073,-0.016936184141891575,89.03025440364443,15.005516,1,0.820403,0.5851213,102.728714,40.916073,-0.016936184141891575,89.03025440364443
2020-09-15,Zozu_plus_DER_AL581_eobs2541__2020__southbound_01,Zozu + / DER AL581 (eobs2541),41.56884,0.5529311,41.584816,0.61710155,41.462666,0.4156253874478987,21.582679341689634,5.6256437,0,0.5417798,0.5851213,16.398663,41.56884,0.5529310703277588,5.625630028295565
2020-09-16,Angela_DER_AY470_eobs_4001__2020__southbound_01,Angela / DER AY470 (eobs 4001),36.476963,-6.0146356,36.47861,-6.0152435,36.44387,-6.047107060837166,4.800251649474187,0.19115853,0,0.34101552,0.5851213,4.6789646,36.476963,-6.0146355628967285,0.19113653720325188
2020-09-16,Europa_DER_A1A26_eobs_4004__2020__southbound_01,Europa / DER A1A26 (eobs 4004),38.85652,-3.6604588,38.85646,-3.6602352,38.81807,-3.7143311962293155,6.338516546046292,0.020478735,0,0.38014933,0.5851213,6.3168864,38.85652,-3.66045880317688,0.020519516434758165
2020-09-16,Mirabell_plus_DER_AN910_eobs_3907__2020__southbound_01,Mirabell + / DER AN910 (eobs 3907),39.68859,-3.9500446,39.391964,-3.2891781,39.11627,-4.483704000776412,107.32339488960467,65.56955,1,0.78172654,0.5851213,78.19,39.11627,-4.483704000776412,107.32339488960467
2020-09-16,Sierit_DER_AN858_eobs2561__2020__southbound_01,Sierit  / DER AN858 (eobs2561),41.560707,0.614593,41.546246,0.5935551,40.89008,-0.1076157249790568,93.61010814422221,2.3770435,0,0.8134717,0.5851213,95.59971,40.89008,-0.1076157249790568,93.61010814422221
2020-09-16,Zozu_plus_DER_AL581_eobs2541__2020__southbound_01,Zozu + / DER AL581 (eobs2541),41.584816,0.61710155,41.588837,0.6436412,41.47705,0.48051977218798636,18.40826406177405,2.252025,0,0.54178166,0.5851213,16.482536,41.584816,0.6171015501022339,2.2520822041530852
2020-09-17,Angela_DER_AY470_eobs_4001__2020__southbound_01,Angela / DER AY470 (eobs 4001),36.47861,-6.0152435,36.50417,-6.029885,36.449024,-6.044846105080846,6.2761027648701955,3.1286023,0,0.31746224,0.5851213,4.2150087,36.47861,-6.0152435302734375,3.1288867867564543
2020-09-17,Europa_DER_A1A26_eobs_4004__2020__southbound_01,Europa / DER A1A26 (eobs 4004),38.85646,-3.6602352,38.85617,-3.6601996,38.81941,-3.7117094185642157,6.05094883420253,0.03251534,0,0.37175545,0.5851213,6.059031,38.85646,-3.6602351665496826,0.03238376779539587
2020-09-17,Mirabell_plus_DER_AN910_eobs_3907__2020__southbound_01,Mirabell + / DER AN910 (eobs 3907),39.391964,-3.2891781,38.856514,-3.65993,38.88963,-3.745149308607115,8.245312359595605,67.58524,1,0.75979906,0.5851213,68.110374,38.88963,-3.745149308607115,8.245312359595605
2020-09-17,Sierit_DER_AN858_eobs2561__2020__southbound_01,Sierit  / DER AN858 (eobs2561),41.546246,0.5935551,41.538815,0.6144831,40.927162,-0.061026744524993015,88.41098190786519,1.9278554,0,0.80348635,0.5851213,87.63143,40.927162,-0.061026744524993015,88.41098190786519
2020-09-17,Zozu_plus_DER_AL581_eobs2541__2020__southbound_01,Zozu + / DER AL581 (eobs2541),41.588837,0.6436412,41.574913,0.6159688,41.48858,0.51539281186493,12.737630747448573,2.7737644,0,0.53437096,0.5851213,15.401492,41.588837,0.6436411738395691,2.773915781817521
2020-09-18,Angela_DER_AY470_eobs_4001__2020__southbound_01,Angela / DER AY470 (eobs 4001),36.50417,-6.029885,36.478203,-6.015092,36.47471,-6.059651495530443,4.003068358202877,3.1755238,0,0.31323868,0.5851213,4.212771,36.50417,-6.0298848152160645,3.17579056301092
2020-09-18,Europa_DER_A1A26_eobs_4004__2020__southbound_01,Europa / DER A1A26 (eobs 4004),38.85617,-3.6601996,38.860756,-3.6600916,38.819405,-3.711465910747691,6.398465686490494,0.5099484,0,0.3636077,0.5851213,6.02419,38.85617,-3.6601996421813965,0.5099447903290877
2020-09-18,Mirabell_plus_DER_AN910_eobs_3907__2020__southbound_01,Mirabell + / DER AN910 (eobs 3907),38.856514,-3.65993,38.85653,-3.659638,38.308613,-4.148942065793215,74.30215498706973,0.02533989,0,0.77300715,0.5851213,74.06329,38.308613,-4.148942065793215,74.30215498706973
2020-09-18,Sierit_DER_AN858_eobs2561__2020__southbound_01,Sierit  / DER AN858 (eobs2561),41.538815,0.6144831,41.538826,0.6149328,40.967087,0.023405965790153638,80.54158455464787,0.037446514,0,0.79166734,0.5851213,80.24409,40.967087,0.023405965790153638,80.54158455464787
2020-09-18,Zozu_plus_DER_AL581_eobs2541__2020__southbound_01,Zozu + / DER AL581 (eobs2541),41.574913,0.6159688,41.574398,0.61621666,41.455822,0.46571951276427836,18.189544381586416,0.061036453,0,0.5675059,0.5851213,18.17696,41.574913,0.6159688234329224,0.06086174623766901
2020-09-19,Angela_DER_AY470_eobs_4001__2020__southbound_01,Angela / DER AY470 (eobs 4001),36.478203,-6.015092,36.478058,-6.014251,36.44534,-6.047874367346371,4.719908373580394,0.07697655,0,0.331559,0.5851213,4.6762595,36.478203,-6.015091896057129,0.07687277541353713
2020-09-19,Europa_DER_A1A26_eobs_4004__2020__southbound_01,Europa / DER A1A26 (eobs 4004),38.860756,-3.6600916,38.857742,-3.6589248,38.817493,-3.7198423862729153,6.918713371046659,0.34963906,0,0.38511482,0.5851213,7.0521255,38.860756,-3.6600916385650635,0.3499976719381425
2020-09-19,Mirabell_plus_DER_AN910_eobs_3907__2020__southbound_01,Mirabell + / DER AN910 (eobs 3907),38.85653,-3.659638,38.858276,-3.6598635,38.277523,-4.16628332719481,78.15756881259841,0.19519283,0,0.78097016,0.5851213,77.77181,38.277523,-4.16628332719481,78.15756881259841
2020-09-19,Sierit_DER_AN858_eobs2561__2020__southbound_01,Sierit  / DER AN858 (eobs2561),41.538826,0.6149328,41.54096,0.6149229,41.027283,0.09454458227267537,71.78489328863134,0.23698594,0,0.7711749,0.5851213,71.368576,41.027283,0.09454458227267537,71.78489328863134
2020-09-19,Zozu_plus_DER_AL581_eobs2541__2020__southbound_01,Zozu + / DER AL581 (eobs2541),41.574398,0.61621666,41.587368,0.6169033,41.45368,0.4653894755667291,19.496231004702945,1.443475,0,0.5639899,0.5851213,18.341612,41.574398,0.6162166595458984,1.4433273468711052
2020-09-20,Angela_DER_AY470_eobs_4001__2020__southbound_01,Angela / DER AY470 (eobs 4001),36.478058,-6.014251,36.28409,-5.9409113,36.442833,-6.048379901288529,20.10428204299349,22.545626,1,0.34073266,0.5851213,4.956478,36.478058,-6.014251232147217,22.545631530547556
2020-09-20,Europa_DER_A1A26_eobs_4004__2020__southbound_01,Europa / DER A1A26 (eobs 4004),38.857742,-3.6589248,38.856407,-3.660077,38.813232,-3.7174005852069714,6.906554640371157,0.17899771,0,0.38429627,0.5851213,7.0680904,38.857742,-3.6589248180389404,0.17887363623033103
2020-09-20,Mirabell_plus_DER_AN910_eobs_3907__2020__southbound_01,Mirabell + / DER AN910 (eobs 3907),38.858276,-3.6598635,38.856354,-3.6598315,38.3924,-4.085914950792683,63.494354509092304,0.21372923,0,0.74371743,0.5851213,63.48492,38.3924,-4.085914950792683,63.494354509092304
2020-09-20,Sierit_DER_AN858_eobs2561__2020__southbound_01,Sierit  / DER AN858 (eobs2561),41.54096,0.6149229,41.54027,0.61658525,41.08556,0.16501658459148738,63.078474584719956,0.15791629,0,0.7502432,0.5851213,62.868027,41.08556,0.16501658459148738,63.078474584719956
2020-09-20,Zozu_plus_DER_AL581_eobs2541__2020__southbound_01,Zozu + / DER AL581 (eobs2541),41.587368,0.6169033,41.575397,0.61684495,41.518497,0.5217823836209043,10.129967388808934,1.3313031,0,0.46789533,0.5851213,10.9912405,41.587368,0.6169033050537109,1.331071782839675
2020-09-21,Europa_DER_A1A26_eobs_4004__2020__southbound_01,Europa / DER A1A26 (eobs 4004),38.856407,-3.660077,38.85616,-3.660248,38.800987,-3.730083701562443,8.615798740121862,0.031346314,0,0.41989538,0.5851213,8.629032,38.856407,-3.6600770950317383,0.03129359238379055
2020-09-21,Mirabell_plus_DER_AN910_eobs_3907__2020__southbound_01,Mirabell + / DER AN910 (eobs 3907),38.856354,-3.6598315,38.85651,-3.657117,38.527584,-3.963963071304512,45.2430757771222,0.23569159,0,0.6892442,0.5851213,44.97633,38.527584,-3.963963071304512,45.2430757771222
2020-09-21,Sierit_DER_AN858_eobs2561__2020__southbound_01,Sierit  / DER AN858 (eobs2561),41.54027,0.61658525,41.538647,0.6156077,41.149513,0.23425581064210965,53.719153319912195,0.19840288,0,0.7254578,0.5851213,53.761604,41.149513,0.23425581064210965,53.719153319912195
2020-09-21,Zozu_plus_DER_AL581_eobs2541__2020__southbound_01,Zozu + / DER AL581 (eobs2541),41.575397,0.61684495,41.574677,0.6156663,41.514732,0.5317849550343524,9.651982101604396,0.126576,0,0.4420008,0.5851213,9.758782,41.575397,0.6168449521064758,0.12665037634412327
2020-09-22,Europa_DER_A1A26_eobs_4004__2020__southbound_01,Europa / DER A1A26 (eobs 4004),38.85616,-3.660248,38.856586,-3.6599472,38.80712,-3.7215741305864487,7.664763976219332,0.05420812,0,0.39599204,0.5851213,7.5980406,38.85616,-3.660248041152954,0.054182706799842516
2020-09-22,Mirabell_plus_DER_AN910_eobs_3907__2020__southbound_01,Mirabell + / DER AN910 (eobs 3907),38.85651,-3.657117,38.856056,-3.6602695,38.608746,-3.890471755534326,33.98455639761397,0.27758753,0,0.645876,0.5851213,34.105698,38.608746,-3.890471755534326,33.98455639761397
2020-09-22,Sierit_DER_AN858_eobs2561__2020__southbound_01,Sierit  / DER AN858 (eobs2561),41.538647,0.6156077,41.561646,0.6147613,41.380745,0.43907830046562735,24.877234624316735,2.5586567,0,0.59431016,0.5851213,22.854246,41.380745,0.43907830046562735,24.877234624316735
2020-09-22,Zozu_plus_DER_AL581_eobs2541__2020__southbound_01,Zozu + / DER AL581 (eobs2541),41.574677,0.6156663,41.57477,0.6165002,41.512455,0.5319385088062717,9.876386022840467,0.070199855,0,0.44161412,0.5851213,9.800073,41.574677,0.6156662702560425,0.07017539467134629
2020-09-23,Europa_DER_A1A26_eobs_4004__2020__southbound_01,Europa / DER A1A26 (eobs 4004),38.856586,-3.6599472,38.856133,-3.660437,38.827587,-3.6989759457079168,4.606036160815008,0.065942176,0,0.3062411,0.5851213,4.662972,38.856586,-3.659947156906128,0.06593768176448962
2020-09-23,Mirabell_plus_DER_AN910_eobs_3907__2020__southbound_01,Mirabell + / DER AN910 (eobs 3907),38.856056,-3.6602695,38.533264,-4.3681154,38.639687,-3.867929401071364,45.0566546336879,71.14815,1,0.62467915,0.5851213,29.983675,38.639687,-3.867929401071364,45.0566546336879
2020-09-23,Sierit_DER_AN858_eobs2561__2020__southbound_01,Sierit  / DER AN858 (eobs2561),41.561646,0.6147613,41.538746,0.6155688,41.447056,0.4815771163312285,15.11605476730894,2.5472205,0,0.545005,0.5851213,16.856407,41.561646,0.6147612929344177,2.54721248239246
2020-09-23,Zozu_plus_DER_AL581_eobs2541__2020__southbound_01,Zozu + / DER AL581 (eobs2541),41.57477,0.6165002,41.58417,0.61684066,41.516956,0.5384710435267266,9.919209805831413,1.045345,0,0.4271472,0.5851213,9.119501,41.57477,0.616500198841095,1.0455521814118773
2020-09-24,Europa_DER_A1A26_eobs_4004__2020__southbound_01,Europa / DER A1A26 (eobs 4004),38.856133,-3.660437,38.85887,-3.6601422,38.81711,-3.7132112892659808,6.533973868160752,0.30567622,0,0.3592321,0.5851213,6.2906895,38.856133,-3.6604371070861816,0.30562681616414206
2020-09-24,Sierit_DER_AN858_eobs2561__2020__southbound_01,Sierit  / DER AN858 (eobs2561),41.538746,0.6155688,41.538895,0.6148322,41.43296,0.4951914857988244,15.429570188811377,0.06349509,0,0.5285432,0.5851213,15.424252,41.538746,0.6155688166618347,0.06349963980733625
2020-09-24,Zozu_plus_DER_AL581_eobs2541__2020__southbound_01,Zozu + / DER AL581 (eobs2541),41.58417,0.61684066,41.57433,0.6161584,41.53086,0.542952532166232,7.776290206437399,1.0958912,0,0.41332778,0.5851213,8.523589,41.58417,0.616840660572052,1.0958432456741405
2020-09-25,Europa_DER_A1A26_eobs_4004__2020__southbound_01,Europa / DER A1A26 (eobs 4004),38.85887,-3.6601422,39.127235,-3.7390904,38.82658,-3.7054966611614186,33.557282179451406,30.610981,1,0.32828966,0.5851213,5.311798,38.85887,-3.660142183303833,30.610832676857363
2020-09-25,Sierit_DER_AN858_eobs2561__2020__southbound_01,Sierit  / DER AN858 (eobs2561),41.538895,0.6148322,41.538887,0.6135326,41.427128,0.4848433578437614,16.41194711130127,0.10816883,0,0.539634,0.5851213,16.44837,41.538895,0.6148322224617004,0.1081708804712321
2020-09-25,Zozu_plus_DER_AL581_eobs2541__2020__southbound_01,Zozu + / DER AL581 (eobs2541),41.57433,0.6161584,41.574642,0.615515,41.525005,0.5481735065518688,7.865564540403659,0.06377841,0,0.40001,0.5851213,7.86417,41.57433,0.6161584258079529,0.06383241719966806
2020-09-26,Europa_DER_A1A26_eobs_4004__2020__southbound_01,Europa / DER A1A26 (eobs 4004),39.127235,-3.7390904,38.998055,-3.692792,39.098156,-3.781050052029137,13.49012787418453,14.910151,1,0.3170719,0.5851213,4.844954,39.127235,-3.7390904426574707,14.91010466083203
2020-09-26,Sierit_DER_AN858_eobs2561__2020__southbound_01,Sierit  / DER AN858 (eobs2561),41.538887,0.6135326,41.55725,0.6151427,41.42659,0.480315116398397,18.36293943827665,2.0460615,0,0.5464612,0.5851213,16.669939,41.538887,0.6135326027870178,2.046372511490484
2020-09-26,Zozu_plus_DER_AL581_eobs2541__2020__southbound_01,Zozu + / DER AL581 (eobs2541),41.574642,0.615515,41.57445,0.6156428,41.52142,0.538306817061612,8.728837866926995,0.023531884,0,0.4247099,0.5851213,8.718073,41.574642,0.6155149936676025,0.023723739651629685
2020-09-27,Europa_DER_A1A26_eobs_4004__2020__southbound_01,Europa / DER A1A26 (eobs 4004),38.998055,-3.692792,38.858234,-3.6611989,38.967617,-3.735352051651943,13.751238786416247,15.785931,1,0.32232422,0.5851213,4.989322,38.998055,-3.6927919387817383,15.785670230959546
2020-09-27,Sierit_DER_AN858_eobs2561__2020__southbound_01,Sierit  / DER AN858 (eobs2561),41.55725,0.6151427,41.540222,0.6167718,41.45097,0.4885899147408985,14.57620448142201,1.8981661,0,0.5410846,0.5851213,15.800854,41.55725,0.6151427030563354,1.8983667811093798
2020-09-27,Zozu_plus_DER_AL581_eobs2541__2020__southbound_01,Zozu + / DER AL581 (eobs2541),41.57445,0.6156428,41.53884,0.5855462,41.5123,0.5289493725709271,5.559620598095284,4.685201,0,0.45292404,0.5851213,9.97102,41.57445,0.615642786026001,4.685120668479364
2020-09-28,Europa_DER_A1A26_eobs_4004__2020__southbound_01,Europa / DER A1A26 (eobs 4004),38.858234,-3.6611989,38.610928,-4.430937,38.823654,-3.7083976240429553,67.00090036099104,72.20665,1,0.3463745,0.5851213,5.601404,38.858234,-3.661198854446411,72.20668817282797
2020-09-28,Sierit_DER_AN858_eobs2561__2020__southbound_01,Sierit  / DER AN858 (eobs2561),41.540222,0.6167718,41.564663,0.5547703,41.426975,0.4831158279075333,16.432175109945693,5.8314004,0,0.55066097,0.5851213,16.772701,41.540222,0.6167718172073364,5.8313281901787555
2020-09-28,Zozu_plus_DER_AL581_eobs2541__2020__southbound_01,Zozu + / DER AL581 (eobs2541),41.53884,0.5855462,41.574703,0.6162569,41.469723,0.49047312788889874,15.681920476735005,4.736043,0,0.47143346,0.5851213,11.011742,41.53884,0.5855461955070496,4.736175442276963
2020-09-29,Europa_DER_A1A26_eobs_4004__2020__southbound_01,Europa / DER A1A26 (eobs 4004),38.610928,-4.430937,37.8146,-4.7480035,38.453945,-4.598774123740414,72.27998028621717,92.779434,1,0.5888341,0.5851213,22.705715,38.453945,-4.598774123740414,72.27998028621717
2020-09-29,Sierit_DER_AN858_eobs2561__2020__southbound_01,Sierit  / DER AN858 (eobs2561),41.564663,0.5547703,41.540077,0.6148693,41.456608,0.42599198221637125,18.264206114479762,5.6996408,0,0.54323196,0.5851213,16.069906,41.564663,0.554770290851593,5.699455780170284
2020-09-29,Zozu_plus_DER_AL581_eobs2541__2020__southbound_01,Zozu + / DER AL581 (eobs2541),41.574703,0.6162569,41.574455,0.6162995,41.525455,0.544386084424382,8.093137408831167,0.027461274,0,0.41594008,0.5851213,8.093287,41.574703,0.6162568926811218,0.027798388601584095
2020-09-30,Europa_DER_A1A26_eobs_4004__2020__southbound_01,Europa / DER A1A26 (eobs 4004),37.8146,-4.7480035,37.814445,-4.7481866,37.625366,-4.935028210572458,26.68540974907956,0.023563579,0,0.6095018,0.5851213,26.649384,37.625366,-4.935028210572458,26.68540974907956
2020-09-30,Sierit_DER_AN858_eobs2561__2020__southbound_01,Sierit  / DER AN858 (eobs2561),41.540077,0.6148693,41.564507,0.55533797,41.44083,0.5004627580741497,14.491591056076546,5.6498036,0,0.5207235,0.5851213,14.550209,41.540077,0.6148692965507507,5.649675018261365
2020-09-30,Zozu_plus_DER_AL581_eobs2541__2020__southbound_01,Zozu + / DER AL581 (eobs2541),41.574455,0.6162995,41.574684,0.6161941,41.5171,0.5387184293183143,9.086763008020764,0.026735049,0,0.4302289,0.5851213,9.057006,41.574455,0.6162995100021362,0.026917895713976955
2020-10-01,Europa_DER_A1A26_eobs_4004__2020__southbound_01,Europa / DER A1A26 (eobs 4004),37.814445,-4.7481866,37.81383,-4.749066,37.645092,-4.911595634500216,23.587267340335952,0.10303866,0,0.5884791,0.5851213,23.636824,37.645092,-4.911595634500216,23.587267340335952
2020-10-01,Sierit_DER_AN858_eobs2561__2020__southbound_01,Sierit  / DER AN858 (eobs2561),41.564507,0.55533797,41.53878,0.61529416,41.465233,0.439892563723547,16.740562474464713,5.7510705,0,0.5222865,0.5851213,14.6067095,41.564507,0.5553379654884338,5.75110166934236
2020-10-01,Zozu_plus_DER_AL581_eobs2541__2020__southbound_01,Zozu + / DER AL581 (eobs2541),41.574684,0.6161941,41.574574,0.6159647,41.515083,0.5379924290560132,9.2664023648702,0.022606736,0,0.4343327,0.5851213,9.270043,41.574684,0.6161941289901733,0.0227049457190637
2020-10-02,Europa_DER_A1A26_eobs_4004__2020__southbound_01,Europa / DER A1A26 (eobs 4004),37.81383,-4.749066,37.81505,-4.7428856,37.66064,-4.893802375927055,21.700305297479932,0.5594811,0,0.57439435,0.5851213,21.218647,37.81383,-4.74906587600708,0.5595105635173419
2020-10-02,Sierit_DER_AN858_eobs2561__2020__southbound_01,Sierit  / DER AN858 (eobs2561),41.53878,0.61529416,41.539864,0.6156929,41.45215,0.5157444740903884,12.82277347975927,0.12492979,0,0.49604523,0.5851213,12.6838875,41.53878,0.6152941584587097,0.12495392037916773
2020-10-02,Zozu_plus_DER_AL581_eobs2541__2020__southbound_01,Zozu + / DER AL581 (eobs2541),41.574574,0.6159647,41.57455,0.61588645,41.521736,0.5451443850031789,8.315398650393869,0.0069834497,0,0.4082578,0.5851213,8.305465,41.574574,0.6159647107124329,0.006989874764602588
2020-10-03,Europa_DER_A1A26_eobs_4004__2020__southbound_01,Europa / DER A1A26 (eobs 4004),37.81505,-4.7428856,37.81351,-4.749019,37.6568,-4.887445625955692,21.256336163103747,0.56523144,0,0.5778435,0.5851213,21.66215,37.81505,-4.742885589599609,0.5652654973265439
2020-10-03,Sierit_DER_AN858_eobs2561__2020__southbound_01,Sierit  / DER AN858 (eobs2561),41.539864,0.6156929,41.537273,0.61526805,41.453545,0.5178140377414957,12.35147535801923,0.290329,0,0.4874971,0.5851213,12.567273,41.539864,0.6156929135322571,0.2901778722225536
2020-10-03,Zozu_plus_DER_AL581_eobs2541__2020__southbound_01,Zozu + / DER AL581 (eobs2541),41.57455,0.61588645,41.573006,0.6165295,41.52116,0.5475773300971931,8.133973557207044,0.18023556,0,0.39816314,0.5851213,8.203359,41.57455,0.6158864498138428,0.17992727768160477
2020-10-04,Europa_DER_A1A26_eobs_4004__2020__southbound_01,Europa / DER A1A26 (eobs 4004),37.81351,-4.749019,37.81468,-4.747616,37.668434,-4.8821308724645744,20.108258440982944,0.17887221,0,0.5662752,0.5851213,19.889086,37.81351,-4.749019145965576,0.17900893105089674
2020-10-04,Sierit_DER_AN858_eobs2561__2020__southbound_01,Sierit  / DER AN858 (eobs2561),41.537273,0.61526805,41.56545,0.5554442,41.448483,0.5163936607263651,13.40641575064283,5.8820634,0,0.48961678,0.5851213,12.830672,41.537273,0.6152680516242981,5.8819909400186505
2020-10-04,Zozu_plus_DER_AL581_eobs2541__2020__southbound_01,Zozu + / DER AL581 (eobs2541),41.573006,0.6165295,41.566742,0.61676383,41.525078,0.555840920072578,6.867961519311804,0.6966819,0,0.37235352,0.5851213,7.3280106,41.573006,0.6165295243263245,0.6967689787739353
2020-10-05,Europa_DER_A1A26_eobs_4004__2020__southbound_01,Europa / DER A1A26 (eobs 4004),37.81468,-4.747616,37.815186,-4.7418804,37.682575,-4.869764004756198,18.543353179187385,0.50699735,0,0.5523582,0.5851213,18.158764,37.81468,-4.747615814208984,0.5069666027152303
2020-10-05,Sierit_DER_AN858_eobs2561__2020__southbound_01,Sierit  / DER AN858 (eobs2561),41.56545,0.5554442,41.565598,0.5550517,41.477676,0.4561127076101093,12.783758988583553,0.036566887,0,0.4875015,0.5851213,12.766284,41.56545,0.5554441809654236,0.03660540785783248
2020-10-05,Zozu_plus_DER_AL581_eobs2541__2020__southbound_01,Zozu + / DER AL581 (eobs2541),41.566742,0.61676383,41.573883,0.616177,41.524246,0.5629546372338999,7.076694432330937,0.79549325,0,0.34809807,0.5851213,6.4976654,41.566742,0.6167638301849365,0.7955557953402267
2020-10-06,Europa_DER_A1A26_eobs_4004__2020__southbound_01,Europa / DER A1A26 (eobs 4004),37.815186,-4.7418804,37.8143,-4.747949,37.726345,-4.8246778400625185,11.880100278000327,0.54208153,0,0.49175513,0.5851213,12.245773,37.815186,-4.741880416870117,0.5421052307129872
2020-10-06,Sierit_DER_AN858_eobs2561__2020__southbound_01,Sierit  / DER AN858 (eobs2561),41.565598,0.5550517,41.54001,0.6156468,41.48108,0.4595603812840281,14.555199229993494,5.7896943,0,0.47928044,0.5851213,12.284369,41.565598,0.5550516843795776,5.789685308808115
2020-10-06,Zozu_plus_DER_AL581_eobs2541__2020__southbound_01,Zozu + / DER AL581 (eobs2541),41.573883,0.616177,41.531055,0.5029768,41.530087,0.5596493028675305,4.718700393963294,10.554964,1,0.35559842,0.5851213,6.7576475,41.573883,0.6161770224571228,10.555064325229122
2020-10-07,Europa_DER_A1A26_eobs_4004__2020__southbound_01,Europa / DER A1A26 (eobs 4004),37.8143,-4.747949,37.81448,-4.747839,37.785744,-4.776061497889474,4.044598212457282,0.021968314,0,0.30165383,0.5851213,4.0154366,37.8143,-4.747949123382568,0.022160299480020084
2020-10-07,Sierit_DER_AN858_eobs2561__2020__southbound_01,Sierit  / DER AN858 (eobs2561),41.54001,0.6156468,41.538795,0.6159454,41.447666,0.5092753350133068,13.476401223452582,0.13730322,0,0.4994489,0.5851213,13.534011,41.54001,0.6156467795372009,0.13715846635735565
2020-10-07,Zozu_plus_DER_AL581_eobs2541__2020__southbound_01,Zozu + / DER AL581 (eobs2541),41.531055,0.5029768,41.57464,0.6163731,41.481327,0.4346837401610393,18.341462148258508,10.607567,1,0.38879707,0.5851213,7.916527,41.531055,0.5029767751693726,10.607686312440539
2020-10-08,Europa_DER_A1A26_eobs_4004__2020__southbound_01,Europa / DER A1A26 (eobs 4004),37.81448,-4.747839,37.8143,-4.747882,37.790302,-4.772997903318918,3.4626826005770415,0.020241434,0,0.27760595,0.5851213,3.4742486,37.81448,-4.747838973999023,0.02028955439884093
2020-10-08,Sierit_DER_AN858_eobs2561__2020__southbound_01,Sierit  / DER AN858 (eobs2561),41.538795,0.6159454,41.53873,0.6152668,41.451427,0.5147640250844258,12.818141372385043,0.05689661,0,0.49090064,0.5851213,12.834393,41.538795,0.6159453988075256,0.05693846928013209
2020-10-08,Zozu_plus_DER_AL581_eobs2541__2020__southbound_01,Zozu + / DER AL581 (eobs2541),41.57464,0.6163731,41.574684,0.616202,41.527557,0.550359943676021,7.581550021351448,0.0151279215,0,0.38333896,0.5851213,7.573564,41.57464,0.6163731217384338,0.01511756802407481
2020-10-09,Europa_DER_A1A26_eobs_4004__2020__southbound_01,Europa / DER A1A26 (eobs 4004),37.8143,-4.747882,37.814182,-4.7477293,37.791973,-4.770526269058397,3.1796606325391625,0.018601587,0,0.26026905,0.5851213,3.1757634,37.8143,-4.747881889343262,0.018776976994495743
2020-10-09,Sierit_DER_AN858_eobs2561__2020__southbound_01,Sierit  / DER AN858 (eobs2561),41.53873,0.6152668,41.538876,0.6159291,41.44936,0.5126381374602718,13.15620059783948,0.057420537,0,0.4917899,0.5851213,13.081289,41.53873,0.6152667999267578,0.05743385698165286
2020-10-09,Zozu_plus_DER_AL581_eobs2541__2020__southbound_01,Zozu + / DER AL581 (eobs2541),41.574684,0.616202,41.57438,0.61609197,41.52851,0.5545233037753875,7.2292386537881494,0.035122924,0,0.374143,0.5851213,7.2455997,41.574684,0.6162019968032837,0.035146732883014196
2020-10-10,Europa_DER_A1A26_eobs_4004__2020__southbound_01,Europa / DER A1A26 (eobs 4004),37.814182,-4.7477293,37.81433,-4.7482333,37.79399,-4.7679728050487595,2.8500692463051647,0.04714473,0,0.2458931,0.5851213,2.8591034,37.814182,-4.747729301452637,0.04726464066918399
2020-10-10,Sierit_DER_AN858_eobs2561__2020__southbound_01,Sierit  / DER AN858 (eobs2561),41.538876,0.6159291,41.55744,0.5663189,41.46383,0.5305928651890495,10.825996836115998,4.615813,0,0.4600306,0.5851213,10.938959,41.538876,0.615929126739502,4.615874036068631
2020-10-10,Zozu_plus_DER_AL581_eobs2541__2020__southbound_01,Zozu + / DER AL581 (eobs2541),41.57438,0.61609197,41.532433,0.5235083,41.530155,0.5594563677468203,3.0030101363335753,9.005918,0,0.36558926,0.5851213,6.7980433,41.57438,0.6160919666290283,9.005944556787579
2020-10-11,Europa_DER_A1A26_eobs_4004__2020__southbound_01,Europa / DER A1A26 (eobs 4004),37.81433,-4.7482333,37.81456,-4.741742,37.795315,-4.767252376980595,3.0987894222522976,0.57080084,0,0.233759,0.5851213,2.690004,37.81433,-4.748233318328857,0.5707803454347706
2020-10-11,Sierit_DER_AN858_eobs2561__2020__southbound_01,Sierit  / DER AN858 (eobs2561),41.55744,0.5663189,41.56563,0.5551269,41.481926,0.4794694107131451,11.238483884621004,1.3023535,0,0.4622663,0.5851213,11.058933,41.55744,0.566318929195404,1.302495289482082
2020-10-11,Zozu_plus_DER_AL581_eobs2541__2020__southbound_01,Zozu + / DER AL581 (eobs2541),41.532433,0.5235083,41.57467,0.6163241,41.470863,0.447385256167112,18.194444909617324,9.039298,0,0.42729703,0.5851213,9.3119335,41.532433,0.5235083103179932,9.039168415806575
2020-10-12,Europa_DER_A1A26_eobs_4004__2020__southbound_01,Europa / DER A1A26 (eobs 4004),37.81456,-4.741742,37.814034,-4.7475533,37.795906,-4.760555932576195,2.3168801042328777,0.5138154,0,0.2305614,0.5851213,2.6474073,37.81456,-4.741742134094238,0.5138274764907983
2020-10-12,Sierit_DER_AN858_eobs2561__2020__southbound_01,Sierit  / DER AN858 (eobs2561),41.56563,0.5551269,41.540848,0.615309,41.493877,0.47178149051151824,13.041315528671756,5.716075,0,0.4542862,0.5851213,10.552218,41.56563,0.5551269054412842,5.716065971285214
2020-10-12,Zozu_plus_DER_AL581_eobs2541__2020__southbound_01,Zozu + / DER AL581 (eobs2541),41.57467,0.6163241,41.574665,0.6162921,41.519222,0.546933584958345,8.445284810699789,0.0027402197,0,0.41227686,0.5851213,8.431005,41.57467,0.6163241267204285,0.0026961079084404874
2020-10-13,Europa_DER_A1A26_eobs_4004__2020__southbound_01,Europa / DER A1A26 (eobs 4004),37.814034,-4.7475533,37.793373,-4.7483387,37.79285,-4.769231007577922,1.836717104196323,2.29866,0,0.2496018,0.5851213,3.0234478,37.814034,-4.74755334854126,2.298370801799581
2020-10-13,Sierit_DER_AN858_eobs2561__2020__southbound_01,Sierit  / DER AN858 (eobs2561),41.540848,0.615309,41.564766,0.5779345,41.47476,0.540457001928474,10.48351294766262,4.0923047,0,0.43640125,0.5851213,9.617271,41.540848,0.6153090000152588,4.092134934956032
2020-10-13,Zozu_plus_DER_AL581_eobs2541__2020__southbound_01,Zozu + / DER AL581 (eobs2541),41.574665,0.6162921,41.57442,0.61604804,41.511795,0.5398307237714801,9.419592166727154,0.03397507,0,0.433034,0.5851213,9.434718,41.574665,0.6162921190261841,0.03390003916664664
2020-10-14,Sierit_DER_AN858_eobs2561__2020__southbound_01,Sierit  / DER AN858 (eobs2561),41.564766,0.5779345,41.539097,0.6156336,41.495678,0.49829048538634413,10.897564884902023,4.241186,0,0.44674405,0.5851213,10.127373,41.564766,0.5779345035552979,4.241238585312413
2020-10-14,Zozu_plus_DER_AL581_eobs2541__2020__southbound_01,Zozu + / DER AL581 (eobs2541),41.57442,0.61604804,41.574734,0.6159256,41.51209,0.5416698823208055,9.31200719555275,0.036424074,0,0.43194985,0.5851213,9.274609,41.57442,0.6160480380058289,0.03624266057418695
2020-10-15,Sierit_DER_AN858_eobs2561__2020__southbound_01,Sierit  / DER AN858 (eobs2561),41.539097,0.6156336,41.563137,0.5556448,41.471916,0.538383209822529,10.244616802115996,5.662488,0,0.4404187,0.5851213,9.838766,41.539097,0.6156336069107056,5.662609742943638
2020-10-15,Zozu_plus_DER_AL581_eobs2541__2020__southbound_01,Zozu + / DER AL581 (eobs2541),41.574734,0.6159256,41.574677,0.6165224,41.51059,0.5384525021526703,9.643551700643428,0.05004229,0,0.4382682,0.5851213,9.59581,41.574734,0.6159256100654602,0.05004715432449675
2020-10-16,Sierit_DER_AN858_eobs2561__2020__southbound_01,Sierit  / DER AN858 (eobs2561),41.563137,0.5556448,41.55762,0.5467268,41.492607,0.47433514108877534,9.411685428248479,0.9625661,0,0.45293283,0.5851213,10.339089,41.563137,0.5556448101997375,0.9626890266168843
2020-10-16,Zozu_plus_DER_AL581_eobs2541__2020__southbound_01,Zozu + / DER AL581 (eobs2541),41.574677,0.6165224,41.526695,0.4314196,41.506924,0.5358496173345642,8.96833810399533,16.301146,1,0.45104387,0.5851213,10.071364,41.574677,0.6165223717689514,16.301147727987594
2020-10-17,Sierit_DER_AN858_eobs2561__2020__southbound_01,Sierit  / DER AN858 (eobs2561),41.55762,0.5467268,41.539963,0.61474,41.465076,0.4464724917722761,16.30022563579601,5.990791,0,0.50203323,0.5851213,13.223721,41.55762,0.5467268228530884,5.990795369460195
2020-10-18,Sierit_DER_AN858_eobs2561__2020__southbound_01,Sierit  / DER AN858 (eobs2561),41.539963,0.61474,41.558624,0.52631336,41.465424,0.5350790625151536,10.389127297973632,7.645549,0,0.45790076,0.5851213,10.595317,41.539963,0.6147400140762329,7.645560782820062
2020-10-19,Sierit_DER_AN858_eobs2561__2020__southbound_01,Sierit  / DER AN858 (eobs2561),41.558624,0.52631336,41.538605,0.6161277,41.486465,0.45127065364167124,14.900803032127099,7.798555,0,0.44610673,0.5851213,10.148984,41.558624,0.5263133645057678,7.798600116788587
2020-10-20,Sierit_DER_AN858_eobs2561__2020__southbound_01,Sierit  / DER AN858 (eobs2561),41.538605,0.6161277,41.56393,0.5124798,41.470394,0.5449217843163351,10.74579206851536,9.073045,0,0.43247813,0.5851213,9.608729,41.538605,0.6161277294158936,9.073079214586095
2020-10-21,Sierit_DER_AN858_eobs2561__2020__southbound_01,Sierit  / DER AN858 (eobs2561),41.56393,0.5124798,41.563473,0.524276,41.497227,0.44292270870905426,10.006027222102743,0.98273814,0,0.4236506,0.5851213,9.391031,41.56393,0.5124797821044922,0.9827449572092326
2020-10-22,Sierit_DER_AN858_eobs2561__2020__southbound_01,Sierit  / DER AN858 (eobs2561),41.563473,0.524276,41.563393,0.52437973,41.500256,0.4579406103043647,8.937142640688743,0.012612383,0,0.41034275,0.5851213,8.921428,41.563473,0.5242760181427002,0.012401664979475032
2020-10-23,Sierit_DER_AN858_eobs2561__2020__southbound_01,Sierit  / DER AN858 (eobs2561),41.563393,0.52437973,41.53905,0.6156396,41.506626,0.4653139320597664,13.023753503123954,8.06203,0,0.38276684,0.5851213,7.985661,41.563393,0.5243797302246094,8.06205895533301
2020-10-24,Sierit_DER_AN858_eobs2561__2020__southbound_01,Sierit  / DER AN858 (eobs2561),41.53905,0.6156396,41.563145,0.5244061,41.494076,0.5684273456124014,8.509564787690275,8.050822,0,0.3394306,0.5851213,6.348874,41.53905,0.6156396269798279,8.05079066841887
2020-10-25,Sierit_DER_AN858_eobs2561__2020__southbound_01,Sierit  / DER AN858 (eobs2561),41.563145,0.5244061,41.563354,0.5142834,41.50345,0.46076041318380445,8.013754406695092,0.8425162,0,0.3974839,0.5851213,8.476329,41.563145,0.5244060754776001,0.842516009738775
2020-10-26,Sierit_DER_AN858_eobs2561__2020__southbound_01,Sierit  / DER AN858 (eobs2561),41.563354,0.5142834,41.539154,0.61587,41.506977,0.45276863519973914,14.041758039343973,8.87135,0,0.38673776,0.5851213,8.07847,41.563354,0.5142834186553955,8.871422500464481
2020-10-27,Sierit_DER_AN858_eobs2561__2020__southbound_01,Sierit  / DER AN858 (eobs2561),41.539154,0.61587,41.56333,0.5244252,41.481968,0.5527602645971653,9.349710194684148,8.0703945,0,0.39140078,0.5851213,8.233137,41.539154,0.6158699989318848,8.070456804084042
2020-10-28,Sierit_DER_AN858_eobs2561__2020__southbound_01,Sierit  / DER AN858 (eobs2561),41.56333,0.5244252,41.53877,0.6144356,41.507153,0.4633462289856993,13.060342839547621,7.972534,0,0.38888735,0.5851213,8.038491,41.56333,0.524425208568573,7.972608156660549
2020-10-29,Sierit_DER_AN858_eobs2561__2020__southbound_01,Sierit  / DER AN858 (eobs2561),41.53877,0.6144356,41.538696,0.6145264,41.486927,0.5586644552456161,7.40077470947809,0.011279184,0,0.37387615,0.5851213,7.3880587,41.53877,0.614435613155365,0.011047085745133871
2020-10-30,Sierit_DER_AN858_eobs2561__2020__southbound_01,Sierit  / DER AN858 (eobs2561),41.538696,0.6145264,41.55891,0.5268293,41.488804,0.5624839157515324,8.341473340740913,7.63626,0,0.370164,0.5851213,7.025976,41.538696,0.6145263910293579,7.636220960522391
2020-10-31,Sierit_DER_AN858_eobs2561__2020__southbound_01,Sierit  / DER AN858 (eobs2561),41.55891,0.5268293,41.551395,0.56133294,41.505833,0.4713805637135438,9.040861030693153,2.9901366,0,0.38050145,0.5851213,7.478101,41.55891,0.5268293023109436,2.990156006363062
2020-11-01,Sierit_DER_AN858_eobs2561__2020__southbound_01,Sierit  / DER AN858 (eobs2561),41.551395,0.56133294,41.558556,0.4972057,41.507618,0.5169809545739484,5.898351017911735,5.395059,0,0.34120783,0.5851213,6.098077,41.551395,0.5613329410552979,5.3950638067549574
2020-11-02,Sierit_DER_AN858_eobs2561__2020__southbound_01,Sierit  / DER AN858 (eobs2561),41.558556,0.4972057,41.53878,0.5244493,41.511787,0.45031071447486737,6.862994593560529,3.1584406,0,0.3542499,0.5851213,6.4901276,41.558556,0.4972057044506073,3.1583576018061033
2020-11-03,Sierit_DER_AN858_eobs2561__2020__southbound_01,Sierit  / DER AN858 (eobs2561),41.53878,0.5244493,41.538795,0.614788,41.494774,0.4812142657013406,12.150765115517217,7.518916,0,0.34052312,0.5851213,6.0634384,41.53878,0.5244492888450623,7.518916878170415
2020-11-04,Sierit_DER_AN858_eobs2561__2020__southbound_01,Sierit  / DER AN858 (eobs2561),41.538795,0.614788,41.563683,0.5235328,41.498493,0.5760990081401832,8.467008345796822,8.082298,0,0.3212163,0.5851213,5.5087495,41.538795,0.6147879958152771,8.082255181230007
2020-11-05,Sierit_DER_AN858_eobs2561__2020__southbound_01,Sierit  / DER AN858 (eobs2561),41.563683,0.5235328,41.545643,0.5918536,41.521225,0.48290150570872103,9.466591770912736,6.028582,0,0.32339707,0.5851213,5.7962008,41.563683,0.5235328078269958,6.0284795279972085
2020-11-06,Sierit_DER_AN858_eobs2561__2020__southbound_01,Sierit  / DER AN858 (eobs2561),41.545643,0.5918536,41.563103,0.52451146,41.505383,0.5530502177278058,6.843689748565858,5.9303946,0,0.30949807,0.5851213,5.5102,41.545643,0.5918536186218262,5.930352661802609
2020-11-07,Sierit_DER_AN858_eobs2561__2020__southbound_01,Sierit  / DER AN858 (eobs2561),41.563103,0.52451146,41.564594,0.513241,41.525345,0.48753275742671104,4.860549559313717,0.95221853,0,0.29369736,0.5851213,5.1960835,41.563103,0.524511456489563,0.9522350649154556
2020-11-08,Sierit_DER_AN858_eobs2561__2020__southbound_01,Sierit  / DER AN858 (eobs2561),41.564594,0.513241,41.563316,0.5243891,41.52231,0.4701633460629894,6.415545840953505,0.9382705,0,0.30825135,0.5851213,5.9019012,41.564594,0.5132409930229187,0.938320155514455
2020-11-09,Sierit_DER_AN858_eobs2561__2020__southbound_01,Sierit  / DER AN858 (eobs2561),41.563316,0.5243891,41.563374,0.5244171,41.536446,0.49856284243854015,3.687067030218035,0.0065807714,0,0.22295584,0.5851213,3.6737485,41.563316,0.5243890881538391,0.006776095392306553
2020-11-10,Sierit_DER_AN858_eobs2561__2020__southbound_01,Sierit  / DER AN858 (eobs2561),41.563374,0.5244171,41.563255,0.5245554,41.54139,0.503844323034663,2.980231808595577,0.01749343,0,0.1906141,0.5851213,2.9790661,41.563374,0.5244171023368835,0.017472026705927547
2020-11-11,Sierit_DER_AN858_eobs2561__2020__southbound_01,Sierit  / DER AN858 (eobs2561),41.563255,0.5245554,41.56339,0.5244098,41.540314,0.503536564742267,3.098460535086359,0.01914534,0,0.19837031,0.5851213,3.0875447,41.563255,0.5245553851127625,0.019161916573357834
2020-11-12,Sierit_DER_AN858_eobs2561__2020__southbound_01,Sierit  / DER AN858 (eobs2561),41.56339,0.5244098,41.563305,0.52443475,41.543247,0.5063589941659629,2.690104345700685,0.009710322,0,0.18296598,0.5851213,2.6916625,41.56339,0.5244097709655762,0.009560389438267956
2020-11-13,Sierit_DER_AN858_eobs2561__2020__southbound_01,Sierit  / DER AN858 (eobs2561),41.563305,0.52443475,41.563263,0.5244496,41.54365,0.5072457279628809,2.6085916688836392,0.0046483628,0,0.17773604,0.5851213,2.607217,41.563305,0.5244347453117371,0.004826556048290187
2020-11-14,Sierit_DER_AN858_eobs2561__2020__southbound_01,Sierit  / DER AN858 (eobs2561),41.563263,0.5244496,41.56327,0.5244317,41.545437,0.5099594001638357,2.3200378429031177,0.0017290312,0,0.16464297,0.5851213,2.3158185,41.563263,0.5244495868682861,0.001712594862684087
2020-11-15,Sierit_DER_AN858_eobs2561__2020__southbound_01,Sierit  / DER AN858 (eobs2561),41.56327,0.5244317,41.56339,0.5243646,41.546864,0.5115993714439355,2.122438941386952,0.014371906,0,0.1569111,0.5851213,2.110141,41.56327,0.5244317054748535,0.01428591643811246
2020-11-16,Sierit_DER_AN858_eobs2561__2020__southbound_01,Sierit  / DER AN858 (eobs2561),41.56339,0.5243646,41.56338,0.5244032,41.54615,0.5106996909371628,2.229633946990521,0.0033572332,0,0.163454,0.5851213,2.2248583,41.56339,0.5243645906448364,0.003323544505351084
2020-11-17,Sierit_DER_AN858_eobs2561__2020__southbound_01,Sierit  / DER AN858 (eobs2561),41.56338,0.5244032,41.56339,0.5243935,41.546074,0.5106795604867923,2.2381002721506635,0.0010542151,0,0.16325787,0.5851213,2.233891,41.56338,0.5244032144546509,0.001171786053124297
2020-11-18,Sierit_DER_AN858_eobs2561__2020__southbound_01,Sierit  / DER AN858 (eobs2561),41.56339,0.5243935,41.563416,0.5243944,41.545918,0.5103686474747839,2.2688761095850047,0.0031699443,0,0.16269806,0.5851213,2.2622857,41.56339,0.5243934988975525,0.00297016058687991
2020-11-19,Sierit_DER_AN858_eobs2561__2020__southbound_01,Sierit  / DER AN858 (eobs2561),41.563416,0.5243944,41.563408,0.52437013,41.547085,0.5115944029515498,2.1034464766103667,0.0021181381,0,0.15378998,0.5851213,2.101406,41.563416,0.5243943929672241,0.0021893662018201694
2020-11-20,Sierit_DER_AN858_eobs2561__2020__southbound_01,Sierit  / DER AN858 (eobs2561),41.563408,0.52437013,41.563274,0.5244513,41.54461,0.509171367482455,2.4339812469418938,0.016571395,0,0.17278637,0.5851213,2.4388027,41.563408,0.5243701338768005,0.0163103398649492
2020-11-21,Sierit_DER_AN858_eobs2561__2020__southbound_01,Sierit  / DER AN858 (eobs2561),41.563274,0.5244513,41.563248,0.5244383,41.543842,0.508822581713395,2.518824173651336,0.0029725146,0,0.1794642,0.5851213,2.5173886,41.563274,0.5244513154029846,0.0031599101172394227
2020-11-22,Sierit_DER_AN858_eobs2561__2020__southbound_01,Sierit  / DER AN858 (eobs2561),41.563248,0.5244383,41.563385,0.5165925,41.542587,0.5084933280846881,2.408806671222343,0.65293205,0,0.18838333,0.5851213,2.6481326,41.563248,0.5244383215904236,0.6529406724322001
2020-11-23,Sierit_DER_AN858_eobs2561__2020__southbound_01,Sierit  / DER AN858 (eobs2561),41.563385,0.5165925,41.534954,0.51965564,41.541237,0.49996696057029494,1.7814164552746903,3.1714313,0,0.19779345,0.5851213,2.8195367,41.563385,0.5165925025939941,3.1716404983019624
2021-07-30,Ed_plus_AAL16_e-obs_7210__2021__southbound_01,"Ed + (AAL16, e-obs 7210)",47.686756,7.641776,47.68881,7.627027,47.676437,7.629257790521139,1.3857008006787253,1.1273588,0,0.13917024,0.5851213,1.4787283,47.686756,7.641776084899902,1.1273529794614716
2021-07-31,Ed_plus_AAL16_e-obs_7210__2021__southbound_01,"Ed + (AAL16, e-obs 7210)",47.68881,7.627027,47.693188,7.62689,47.677673,7.612334077013493,2.040421208165066,0.48733646,0,0.14292006,0.5851213,1.6532187,47.68881,7.6270270347595215,0.4870612749990969
2021-08-01,Ed_plus_AAL16_e-obs_7210__2021__southbound_01,"Ed + (AAL16, e-obs 7210)",47.693188,7.62689,47.68456,7.6448793,47.682034,7.611923787275657,2.482970803302408,1.6534684,0,0.14326648,0.5851213,1.668382,47.693188,7.626890182495117,1.6533974126492461
2021-08-02,Ed_plus_AAL16_e-obs_7210__2021__southbound_01,"Ed + (AAL16, e-obs 7210)",47.68456,7.6448793,47.685635,7.640261,47.673023,7.62920495839123,1.6283876628760823,0.3657969,0,0.14480484,0.5851213,1.735427,47.68456,7.644879341125488,0.36581221860964286
2021-08-03,Ed_plus_AAL16_e-obs_7210__2021__southbound_01,"Ed + (AAL16, e-obs 7210)",47.685635,7.640261,47.693222,7.626868,47.67292,7.621999545696118,2.286689620313992,1.310125,0,0.15441936,0.5851213,1.9631099,47.685635,7.640261173248291,1.3102771360466166
2021-08-04,Ed_plus_AAL16_e-obs_7210__2021__southbound_01,"Ed + (AAL16, e-obs 7210)",47.693222,7.626868,47.6932,7.6268797,47.68053,7.608453633643448,1.9714958675203729,0.0025824937,0,0.15184619,0.5851213,1.9690975,47.693222,7.626867771148682,0.0026969178493242048
2021-08-05,Ed_plus_AAL16_e-obs_7210__2021__southbound_01,"Ed + (AAL16, e-obs 7210)",47.6932,7.6268797,47.693245,7.626867,47.68042,7.608554470856287,1.978052167257898,0.0053146654,0,0.14869967,0.5851213,1.9714082,47.6932,7.626879692077637,0.0051805136766156544
2021-08-06,Ed_plus_AAL16_e-obs_7210__2021__southbound_01,"Ed + (AAL16, e-obs 7210)",47.693245,7.626867,47.69309,7.6269193,47.680744,7.608745065774954,1.9325791181211622,0.017962756,0,0.14618647,0.5851213,1.9387074,47.693245,7.626866817474365,0.01782878853932797
2021-08-07,Ed_plus_AAL16_e-obs_7210__2021__southbound_01,"Ed + (AAL16, e-obs 7210)",47.69309,7.6269193,47.692898,7.6266513,47.681458,7.610192355659802,1.770907605722502,0.029231604,0,0.13933352,0.5851213,1.796858,47.69309,7.626919269561768,0.029190913568068452
2021-08-08,Ed_plus_AAL16_e-obs_7210__2021__southbound_01,"Ed + (AAL16, e-obs 7210)",47.692898,7.6266513,47.69306,7.6269717,47.67975,7.607230518489316,2.0916964287305504,0.03015884,0,0.14711434,0.5851213,2.0582087,47.692898,7.626651287078857,0.03013093936535472
2021-08-09,Ed_plus_AAL16_e-obs_7210__2021__southbound_01,"Ed + (AAL16, e-obs 7210)",47.69306,7.6269717,47.69307,7.6269298,47.6805,7.608246511496318,1.977202508441919,0.0032122065,0,0.1451111,0.5851213,1.9752774,47.69306,7.62697172164917,0.0032532088893620355
2021-08-10,Ed_plus_AAL16_e-obs_7210__2021__southbound_01,"Ed + (AAL16, e-obs 7210)",47.69307,7.6269298,47.693024,7.626809,47.68055,7.608186855797987,1.9664821072133252,0.010257161,0,0.14485677,0.5851213,1.972912,47.69307,7.626929759979248,0.010365260798738701
2021-08-11,Ed_plus_AAL16_e-obs_7210__2021__southbound_01,"Ed + (AAL16, e-obs 7210)",47.693024,7.626809,47.693108,7.6269464,47.678192,7.603975320149515,2.389038377143556,0.013843988,0,0.16369976,0.5851213,2.37078,47.693024,7.626809120178223,0.013882754888598352
2021-08-12,Ed_plus_AAL16_e-obs_7210__2021__southbound_01,"Ed + (AAL16, e-obs 7210)",47.693108,7.6269464,47.692886,7.6266565,47.679226,7.605445409891469,2.1973397558987364,0.03267993,0,0.16128358,0.5851213,2.2259004,47.693108,7.626946449279785,0.03280420945479562
2021-08-13,Ed_plus_AAL16_e-obs_7210__2021__southbound_01,"Ed + (AAL16, e-obs 7210)",47.692886,7.6266565,47.692947,7.62667,47.677353,7.602463214914885,2.508055486186547,0.006666918,0,0.1750794,0.5851213,2.4981494,47.692886,7.626656532287598,0.006859983814462605
2021-08-14,Ed_plus_AAL16_e-obs_7210__2021__southbound_01,"Ed + (AAL16, e-obs 7210)",47.692947,7.62667,47.69297,7.626671,47.678577,7.604591899386182,2.3006273463681004,0.0026367286,0,0.16676055,0.5851213,2.2944736,47.692947,7.626669883728027,0.002546054154329172
2021-08-15,Ed_plus_AAL16_e-obs_7210__2021__southbound_01,"Ed + (AAL16, e-obs 7210)",47.69297,7.626671,47.692963,7.626714,47.680195,7.6075707580466405,2.0171846885303406,0.0033879734,0,0.15803003,0.5851213,2.0118854,47.69297,7.626670837402344,0.0033566939840737105
2021-08-16,Ed_plus_AAL16_e-obs_7210__2021__southbound_01,"Ed + (AAL16, e-obs 7210)",47.692963,7.626714,47.69304,7.6269226,47.680145,7.607616326136252,2.035694255352485,0.017767854,0,0.15873201,0.5851213,2.0148528,47.692963,7.62671422958374,0.017754186266753312
2021-08-17,Ed_plus_AAL16_e-obs_7210__2021__southbound_01,"Ed + (AAL16, e-obs 7210)",47.69304,7.6269226,47.69305,7.6268373,47.680668,7.6086911833027076,1.9341156618003055,0.006519362,0,0.15639748,0.5851213,1.9342091,47.69304,7.626922607421875,0.006513872880815683
2021-08-18,Ed_plus_AAL16_e-obs_7210__2021__southbound_01,"Ed + (AAL16, e-obs 7210)",47.69305,7.6268373,47.693207,7.626807,47.681057,7.609003778785308,1.8976785501594458,0.017723704,0,0.15271533,0.5851213,1.883483,47.69305,7.626837253570557,0.01753593884647891
2021-08-19,Ed_plus_AAL16_e-obs_7210__2021__southbound_01,"Ed + (AAL16, e-obs 7210)",47.693207,7.626807,47.69298,7.626759,47.681313,7.608860441183528,1.8651186433444449,0.0252844,0,0.15051371,0.5851213,1.8817947,47.693207,7.62680721282959,0.025284615875970206
2021-08-20,Ed_plus_AAL16_e-obs_7210__2021__southbound_01,"Ed + (AAL16, e-obs 7210)",47.69298,7.626759,47.692852,7.626754,47.6814,7.609102692263596,1.83499597521566,0.0145499315,0,0.1478644,0.5851213,1.8421123,47.69298,7.626759052276611,0.014427311601396101
2021-08-20,Sierit_DER_AN858_eobs2561__2021__southbound_01,Sierit  / DER AN858 (eobs2561),47.809097,8.88614,47.806046,8.879516,47.781063,8.84269720467501,3.9091546491987503,0.60002977,0,0.26933482,0.5851213,4.4913898,47.809097,8.886139869689941,0.5999036712113079
2021-08-21,Ed_plus_AAL16_e-obs_7210__2021__southbound_01,"Ed + (AAL16, e-obs 7210)",47.692852,7.626754,47.692856,7.6267424,47.680748,7.6082381044561185,1.9316304941742093,0.0009337944,0,0.1489059,0.5851213,1.9283854,47.692852,7.626753807067871,0.0009558201493953998
2021-08-21,Sierit_DER_AN858_eobs2561__2021__southbound_01,Sierit  / DER AN858 (eobs2561),47.806046,8.879516,47.80998,8.884524,47.77568,8.831308635399248,5.508910209812813,0.5755547,0,0.28400177,0.5851213,4.927011,47.806046,8.879515647888184,0.5754720751237802
2021-08-22,Ed_plus_AAL16_e-obs_7210__2021__southbound_01,"Ed + (AAL16, e-obs 7210)",47.692856,7.6267424,47.69284,7.626746,47.67916,7.604828375465484,2.237305719048905,0.0016066527,0,0.15967807,0.5851213,2.2340324,47.692856,7.626742362976074,0.0017205572377780797
2021-08-22,Sierit_DER_AN858_eobs2561__2021__southbound_01,Sierit  / DER AN858 (eobs2561),47.80998,8.884524,47.808884,8.886897,47.78983,8.854379864818739,3.223078565074,0.21496302,0,0.21599703,0.5851213,3.1704872,47.80998,8.88452434539795,0.21498253587211177
2021-08-23,Ed_plus_AAL16_e-obs_7210__2021__southbound_01,"Ed + (AAL16, e-obs 7210)",47.69284,7.626746,47.692814,7.6267595,47.67848,7.603511846341433,2.359961693627648,0.0033387605,0,0.16286093,0.5851213,2.3570166,47.69284,7.62674617767334,0.003132877972882615
2021-08-23,Sierit_DER_AN858_eobs2561__2021__southbound_01,Sierit  / DER AN858 (eobs2561),47.808884,8.886897,47.806385,8.884016,47.788197,8.855769130391563,2.922700816777635,0.3514532,0,0.21844538,0.5851213,3.264567,47.808884,8.886897087097168,0.35140581029120405
2021-08-24,Ed_plus_AAL16_e-obs_7210__2021__southbound_01,"Ed + (AAL16, e-obs 7210)",47.692814,7.6267595,47.69283,7.626755,47.67846,7.603799568505325,2.346487340951358,0.0018321696,0,0.16131131,0.5851213,2.3412511,47.692814,7.6267595291137695,0.0017268383508827333
2021-08-24,Sierit_DER_AN858_eobs2561__2021__southbound_01,Sierit  / DER AN858 (eobs2561),47.806385,8.884016,47.80182,8.874182,47.785023,8.851871307415855,2.5031440097290214,0.89295524,0,0.22086039,0.5851213,3.371149,47.806385,8.884016036987305,0.8928976702309875
2021-08-25,Ed_plus_AAL16_e-obs_7210__2021__southbound_01,"Ed + (AAL16, e-obs 7210)",47.69283,7.626755,47.692833,7.6267385,47.680317,7.607027432130842,2.02827756813928,0.0013819534,0,0.14947937,0.5851213,2.0250716,47.69283,7.626755237579346,0.0013191826659729668
2021-08-25,Europa_DER_A1A26_eobs_4004__2021__southbound_01,Europa / DER A1A26 (eobs 4004),47.167225,7.403109,47.16057,7.403084,47.15977,7.393181841589054,0.7538903750274221,0.7402059,0,0.11382471,0.5851213,1.1160032,47.167225,7.403109073638916,0.7401888330222691
2021-08-25,Sierit_DER_AN858_eobs2561__2021__southbound_01,Sierit  / DER AN858 (eobs2561),47.80182,8.874182,47.803783,8.883929,47.780144,8.84119632015866,4.1352653222132645,0.7600499,0,0.22238274,0.5851213,3.4405394,47.80182,8.874181747436523,0.760089532763857
2021-08-26,Ed_plus_AAL16_e-obs_7210__2021__southbound_01,"Ed + (AAL16, e-obs 7210)",47.692833,7.6267385,47.692825,7.6267347,47.680103,7.606526422214011,2.071089677367628,0.0010755446,0,0.15199955,0.5851213,2.0680363,47.692833,7.626738548278809,0.0008951079895120797
2021-08-26,Europa_DER_A1A26_eobs_4004__2021__southbound_01,Europa / DER A1A26 (eobs 4004),47.16057,7.403084,47.16073,7.3809624,47.152866,7.392728619297462,1.2473103993091008,1.6726018,0,0.11475182,0.5851213,1.1582923,47.16057,7.403083801269531,1.6726197887004954
2021-08-26,Sierit_DER_AN858_eobs2561__2021__southbound_01,Sierit  / DER AN858 (eobs2561),47.803783,8.883929,47.807762,8.883102,47.78263,8.85195378106309,3.6363322439321775,0.44677874,0,0.21828419,0.5851213,3.346122,47.803783,8.883929252624512,0.4467038649571644
2021-08-27,Ed_plus_AAL16_e-obs_7210__2021__southbound_01,"Ed + (AAL16, e-obs 7210)",47.692825,7.6267347,47.69282,7.626746,47.679802,7.605647262746825,2.14249041907366,0.00089902664,0,0.15437654,0.5851213,2.1383502,47.692825,7.626734733581543,0.0009558205983817126
2021-08-27,Europa_DER_A1A26_eobs_4004__2021__southbound_01,Europa / DER A1A26 (eobs 4004),47.16073,7.3809624,47.176567,7.4031057,47.152283,7.36920982329818,3.7226868596112013,2.4298136,0,0.11991154,0.5851213,1.29063,47.16073,7.380962371826172,2.4297715758571754
2021-08-27,Sierit_DER_AN858_eobs2561__2021__southbound_01,Sierit  / DER AN858 (eobs2561),47.807762,8.883102,47.805283,8.883997,47.785126,8.848200448379144,3.489081335956188,0.28344673,0,0.22822651,0.5851213,3.6170201,47.807762,8.883102416992188,0.2836925527591607
2021-08-28,Ed_plus_AAL16_e-obs_7210__2021__southbound_01,"Ed + (AAL16, e-obs 7210)",47.69282,7.626746,47.692833,7.6267357,47.680523,7.606657182872175,2.0328746738569907,0.0012948118,0,0.15085363,0.5851213,2.028825,47.69282,7.62674617767334,0.0014952622278557538
2021-08-28,Europa_DER_A1A26_eobs_4004__2021__southbound_01,Europa / DER A1A26 (eobs 4004),47.176567,7.4031057,47.171062,7.403074,47.168808,7.392262306521806,0.8548591749240938,0.61227274,0,0.11565295,0.5851213,1.1878208,47.176567,7.403105735778809,0.6120901091290575
2021-08-28,Sierit_DER_AN858_eobs2561__2021__southbound_01,Sierit  / DER AN858 (eobs2561),47.805283,8.883997,47.80832,8.884963,47.784687,8.852862354505634,3.557349163614522,0.34514087,0,0.21057312,0.5851213,3.2577982,47.805283,8.883996963500977,0.3452661293883201
2021-08-29,Ed_plus_AAL16_e-obs_7210__2021__southbound_01,"Ed + (AAL16, e-obs 7210)",47.692833,7.6267357,47.692806,7.6267524,47.68122,7.607722347993212,1.9205875728018165,0.0029519296,0,0.14649741,0.5851213,1.9181999,47.692833,7.626735687255859,0.003221279157937725
2021-08-29,Europa_DER_A1A26_eobs_4004__2021__southbound_01,Europa / DER A1A26 (eobs 4004),47.171062,7.403074,47.098087,7.402251,47.16276,7.3912171756185465,7.239749904314272,8.114532,0,0.11775448,0.5851213,1.2842524,47.171062,7.403073787689209,8.11471744502303
2021-08-29,Sierit_DER_AN858_eobs2561__2021__southbound_01,Sierit  / DER AN858 (eobs2561),47.80832,8.884963,47.808376,8.886821,47.786457,8.851349448777126,3.6000905943393526,0.13889864,0,0.21788089,0.5851213,3.4883273,47.80832,8.884963035583496,0.13888319886550948
2021-08-30,Ed_plus_AAL16_e-obs_7210__2021__southbound_01,"Ed + (AAL16, e-obs 7210)",47.692806,7.6267524,47.692837,7.6267357,47.681686,7.608714378114349,1.832205240020883,0.0035624169,0,0.1420961,0.5851213,1.827618,47.692806,7.6267523765563965,0.003616007880291073
2021-08-30,Europa_DER_A1A26_eobs_4004__2021__southbound_01,Europa / DER A1A26 (eobs 4004),47.098087,7.402251,47.16609,7.401203,47.089813,7.390440203506563,8.52038660115081,7.5614586,0,0.11625042,0.5851213,1.2806051,47.098087,7.40225076675415,7.561768967349112
2021-08-30,Sierit_DER_AN858_eobs2561__2021__southbound_01,Sierit  / DER AN858 (eobs2561),47.808376,8.886821,47.801804,8.874189,47.787285,8.854619589573794,2.1779262932715526,1.1934167,0,0.21060397,0.5851213,3.3530815,47.808376,8.886820793151855,1.1933574879183628
2021-08-31,Ed_plus_AAL16_e-obs_7210__2021__southbound_01,"Ed + (AAL16, e-obs 7210)",47.692837,7.6267357,47.692837,7.626745,47.68179,7.6086814932259665,1.8268226683256414,0.000743363,0,0.14186679,0.5851213,1.8228638,47.692837,7.626735687255859,0.0007137867172438136
2021-08-31,Europa_DER_A1A26_eobs_4004__2021__southbound_01,Europa / DER A1A26 (eobs 4004),47.16609,7.401203,47.170433,7.40309,47.158623,7.390671353878907,1.614336323253114,0.5038574,0,0.112061396,0.5851213,1.1482335,47.16609,7.401203155517578,0.5037517114575478
2021-08-31,Louis_DER_AU050_eobs_3264__2021__southbound_01,Louis / DER AU050 (eobs 3264),47.91745,8.57747,47.911186,8.565891,47.908695,8.564766586717699,0.28939334450247245,1.108797,0,0.12723063,0.5851213,1.3554964,47.91745,8.577469825744629,1.1089365917818554
2021-08-31,Sierit_DER_AN858_eobs2561__2021__southbound_01,Sierit  / DER AN858 (eobs2561),47.801804,8.874189,47.789276,8.864052,47.781494,8.842953987959971,1.798177813938566,1.5854301,0,0.20656624,0.5851213,3.2413068,47.801804,8.874189376831055,1.5855190277733968
2021-09-01,Ed_plus_AAL16_e-obs_7210__2021__southbound_01,"Ed + (AAL16, e-obs 7210)",47.692837,7.626745,47.692825,7.6267204,47.6818,7.6091264733811075,1.7992155357352357,0.00223526,0,0.1387824,0.5851213,1.7981899,47.692837,7.626745223999023,0.0022502194030393206
2021-09-01,Europa_DER_A1A26_eobs_4004__2021__southbound_01,Europa / DER A1A26 (eobs 4004),47.170433,7.40309,47.167435,7.404136,47.16289,7.392520989658864,1.013063194601734,0.34255263,0,0.11183738,0.5851213,1.1561155,47.170433,7.403090000152588,0.3426535445861874
2021-09-01,Louis_DER_AU050_eobs_3264__2021__southbound_01,Louis / DER AU050 (eobs 3264),47.911186,8.565891,47.91706,8.602027,47.901947,8.55244595078939,4.0596824223135535,2.7711606,0,0.12882659,0.5851213,1.4327166,47.911186,8.56589126586914,2.771202579235474
2021-09-01,Sierit_DER_AN858_eobs2561__2021__southbound_01,Sierit  / DER AN858 (eobs2561),47.789276,8.864052,47.80182,8.87423,47.766956,8.829674798508023,5.109740907716579,1.5887303,0,0.21503618,0.5851213,3.5651383,47.789276,8.864051818847656,1.5884737937203552
2021-09-02,Ed_plus_AAL16_e-obs_7210__2021__southbound_01,"Ed + (AAL16, e-obs 7210)",47.692825,7.6267204,47.69283,7.626735,47.678143,7.601115571675462,2.51890480832871,0.0012096438,0,0.16955324,0.5851213,2.51327,47.692825,7.626720428466797,0.0011848960444846783
2021-09-02,Europa_DER_A1A26_eobs_4004__2021__southbound_01,Europa / DER A1A26 (eobs 4004),47.167435,7.404136,47.16744,7.4031286,47.159798,7.39334282391013,1.1265911483519657,0.07618668,0,0.11296805,0.5851213,1.1754907,47.167435,7.4041361808776855,0.07616934762642262
2021-09-02,Louis_DER_AU050_eobs_3264__2021__southbound_01,Louis / DER AU050 (eobs 3264),47.91706,8.602027,47.915565,8.59347,47.908344,8.589426828934267,0.8576370077460496,0.6590989,0,0.12629347,0.5851213,1.3471488,47.91706,8.60202693939209,0.659051675282422
2021-09-02,Sierit_DER_AN858_eobs2561__2021__southbound_01,Sierit  / DER AN858 (eobs2561),47.80182,8.87423,47.80212,8.875433,47.780506,8.841688625310212,3.482949535731168,0.09576053,0,0.21028197,0.5851213,3.3886757,47.80182,8.87423038482666,0.09586730267435481
2021-09-03,Ed_plus_AAL16_e-obs_7210__2021__southbound_01,"Ed + (AAL16, e-obs 7210)",47.69283,7.626735,47.692818,7.626737,47.680824,7.606739732918902,2.0047963312764585,0.0013193878,0,0.14876698,0.5851213,2.001889,47.69283,7.626735210418701,0.0012805092291735727
2021-09-03,Europa_DER_A1A26_eobs_4004__2021__southbound_01,Europa / DER A1A26 (eobs 4004),47.16744,7.4031286,47.17598,7.4030747,47.159737,7.392342748368437,1.979986341758286,0.94973695,0,0.114004426,0.5851213,1.1805443,47.16744,7.403128623962402,0.9497378317121741
2021-09-03,Louis_DER_AU050_eobs_3264__2021__southbound_01,Louis / DER AU050 (eobs 3264),47.915565,8.59347,47.91386,8.579269,47.906082,8.579639416719196,0.8653335503630373,1.0751998,0,0.13124788,0.5851213,1.4718703,47.915565,8.593469619750977,1.0751493734141175
2021-09-03,Sierit_DER_AN858_eobs2561__2021__southbound_01,Sierit  / DER AN858 (eobs2561),47.80212,8.875433,47.803688,8.877852,47.78268,8.846649608917202,3.2999583464979882,0.2511869,0,0.1971082,0.5851213,3.043267,47.80212,8.875432968139648,0.251092501393924
2021-09-04,Ed_plus_AAL16_e-obs_7210__2021__southbound_01,"Ed + (AAL16, e-obs 7210)",47.692818,7.626737,47.692825,7.626731,47.67918,7.603770824428188,2.29260567971245,0.0010430516,0,0.15804315,0.5851213,2.288193,47.692818,7.626737117767334,0.0009669332586469778
2021-09-04,Europa_DER_A1A26_eobs_4004__2021__southbound_01,Europa / DER A1A26 (eobs 4004),47.17598,7.4030747,47.170006,7.4042363,47.168537,7.39283124648058,0.8774883612881197,0.66996104,0,0.112256505,0.5851213,1.1311505,47.17598,7.403074741363525,0.6700367022327872
2021-09-04,Louis_DER_AU050_eobs_3264__2021__southbound_01,Louis / DER AU050 (eobs 3264),47.91386,8.579269,47.92008,8.584917,47.902534,8.56240188632377,2.573241169423774,0.80958116,0,0.14212868,0.5851213,1.7764162,47.91386,8.579269409179688,0.8094357604853938
2021-09-04,Sierit_DER_AN858_eobs2561__2021__southbound_01,Sierit  / DER AN858 (eobs2561),47.803688,8.877852,47.80339,8.874088,47.78677,8.853710960913133,2.394282864154699,0.28304315,0,0.17892632,0.5851213,2.6011264,47.803688,8.877852439880371,0.2830732026393834
2021-09-05,Ed_plus_AAL16_e-obs_7210__2021__southbound_01,"Ed + (AAL16, e-obs 7210)",47.692825,7.626731,47.69284,7.626754,47.678684,7.602978011301043,2.3760047251799707,0.0023760789,0,0.16139284,0.5851213,2.369185,47.692825,7.626730918884277,0.002411113839922621
2021-09-05,Europa_DER_A1A26_eobs_4004__2021__southbound_01,Europa / DER A1A26 (eobs 4004),47.170006,7.4042363,47.167484,7.40369,47.162613,7.394088699274389,0.9056863999228566,0.28311142,0,0.1127315,0.5851213,1.1224456,47.170006,7.404236316680908,0.2834068309684307
2021-09-05,Louis_DER_AU050_eobs_3264__2021__southbound_01,Louis / DER AU050 (eobs 3264),47.92008,8.584917,47.917023,8.591013,47.91048,8.571234918105688,1.6437600019925218,0.56723654,0,0.13229738,0.5851213,1.4734801,47.92008,8.584917068481445,0.567278583508208
2021-09-05,Sierit_DER_AN858_eobs2561__2021__southbound_01,Sierit  / DER AN858 (eobs2561),47.80339,8.874088,47.80462,8.883072,47.78053,8.83957943099373,4.210854733247436,0.68467015,0,0.22146358,0.5851213,3.613737,47.80339,8.874088287353516,0.6847134617460918
2021-09-06,Ed_plus_AAL16_e-obs_7210__2021__southbound_01,"Ed + (AAL16, e-obs 7210)",47.69284,7.626754,47.69283,7.62674,47.67988,7.605269573379325,2.157967508190077,0.0016992027,0,0.15418966,0.5851213,2.1557717,47.69284,7.626753807067871,0.0016402835507277843
2021-09-06,Europa_DER_A1A26_eobs_4004__2021__southbound_01,Europa / DER A1A26 (eobs 4004),47.167484,7.40369,47.111233,7.269212,47.159863,7.393146883829961,10.82245029263513,11.940954,1,0.11581581,0.5851213,1.1614037,47.167484,7.403689861297607,11.940812005994195
2021-09-06,Louis_DER_AU050_eobs_3264__2021__southbound_01,Louis / DER AU050 (eobs 3264),47.917023,8.591013,47.91356,8.58325,47.907547,8.577606803064775,0.7898125379583123,0.69515604,0,0.13268712,0.5851213,1.4495069,47.917023,8.591012954711914,0.695017663407925
2021-09-06,Sierit_DER_AN858_eobs2561__2021__southbound_01,Sierit  / DER AN858 (eobs2561),47.80462,8.883072,47.801865,8.874229,47.78427,8.853032734699777,2.5168171145317464,0.72808194,0,0.20722838,0.5851213,3.1808171,47.80462,8.883071899414062,0.7279748675365311
2021-09-07,Ed_plus_AAL16_e-obs_7210__2021__southbound_01,"Ed + (AAL16, e-obs 7210)",47.69283,7.62674,47.69283,7.6267524,47.677555,7.600873675417901,2.5762964878923738,0.0009372252,0,0.17461342,0.5851213,2.5708957,47.69283,7.626739978790283,0.0009279228681977447
2021-09-07,Europa_DER_A1A26_eobs_4004__2021__southbound_01,Europa / DER A1A26 (eobs 4004),47.111233,7.269212,45.636578,5.5005417,47.05237,7.152142074407919,202.1194515266244,212.82457,1,0.40636408,0.5851213,10.99579,47.111233,7.269211769104004,212.8247806121675
2021-09-07,Louis_DER_AU050_eobs_3264__2021__southbound_01,Louis / DER AU050 (eobs 3264),47.91356,8.58325,47.916084,8.58597,47.903408,8.56871829466402,1.9079206737275358,0.34655884,0,0.13983682,0.5851213,1.5614504,47.91356,8.583250045776367,0.34632336982510903
2021-09-07,Sierit_DER_AN858_eobs2561__2021__southbound_01,Sierit  / DER AN858 (eobs2561),47.801865,8.874229,47.801987,8.874386,47.781113,8.843604209179654,3.2672963447512853,0.017900044,0,0.21278903,0.5851213,3.2435007,47.801865,8.874229431152344,0.017908174812905416
2021-09-08,Ed_plus_AAL16_e-obs_7210__2021__southbound_01,"Ed + (AAL16, e-obs 7210)",47.69283,7.6267524,47.692833,7.6267395,47.679134,7.603963022160972,2.286272521952474,0.0010643532,0,0.16258909,0.5851213,2.2826216,47.69283,7.6267523765563965,0.0010528406028564835
2021-09-08,Europa_DER_A1A26_eobs_4004__2021__southbound_01,Europa / DER A1A26 (eobs 4004),45.636578,5.5005417,44.90214,4.81051,44.85117,4.566762979561365,20.02510649638843,97.90317,1,0.8178917,0.5851213,113.36948,44.85117,4.566762979561365,20.02510649638843
2021-09-08,Louis_DER_AU050_eobs_3264__2021__southbound_01,Louis / DER AU050 (eobs 3264),47.916084,8.58597,47.918816,8.57294,47.9072,8.57361675853279,1.292599427958657,1.0173665,0,0.13181336,0.5851213,1.3479899,47.916084,8.585969924926758,1.0174260562430808
2021-09-08,Sierit_DER_AN858_eobs2561__2021__southbound_01,Sierit  / DER AN858 (eobs2561),47.801987,8.874386,47.80179,8.874239,47.785076,8.850608016970536,2.5631024560877824,0.024429744,0,0.18645371,0.5851213,2.5820117,47.801987,8.874385833740234,0.024634177466441066
2021-09-09,Ed_plus_AAL16_e-obs_7210__2021__southbound_01,"Ed + (AAL16, e-obs 7210)",47.692833,7.6267395,47.69282,7.6267447,47.678967,7.603723166152416,2.3115437933809377,0.0013909956,0,0.1629452,0.5851213,2.3078806,47.692833,7.626739501953125,0.0013317077174862199
2021-09-09,Europa_DER_A1A26_eobs_4004__2021__southbound_01,Europa / DER A1A26 (eobs 4004),44.90214,4.81051,44.346085,4.695497,44.137,3.911030193842242,66.67548473389023,62.497223,1,0.8148998,0.5851213,110.519135,44.137,3.911030193842242,66.67548473389023
2021-09-09,Louis_DER_AU050_eobs_3264__2021__southbound_01,Louis / DER AU050 (eobs 3264),47.918816,8.57294,47.915577,8.586424,47.908993,8.558991950965089,2.171645837962287,1.0673668,0,0.13746966,0.5851213,1.5050575,47.918816,8.5729398727417,1.067455097851466
2021-09-09,Sierit_DER_AN858_eobs2561__2021__southbound_01,Sierit  / DER AN858 (eobs2561),47.80179,8.874239,47.801796,8.874194,47.783123,8.84740287520867,2.8838733615186065,0.0034621097,0,0.19766882,0.5851213,2.8804178,47.80179,8.874238967895508,0.0034535988914053254
2021-09-10,Ed_plus_AAL16_e-obs_7210__2021__southbound_01,"Ed + (AAL16, e-obs 7210)",47.69282,7.6267447,47.69285,7.6267695,47.67831,7.602619935112677,2.4251076180797027,0.003637212,0,0.16603059,0.5851213,2.4172864,47.69282,7.626744747161865,0.0035014973044647803
2021-09-10,Europa_DER_A1A26_eobs_4004__2021__southbound_01,Europa / DER A1A26 (eobs 4004),44.346085,4.695497,43.62141,4.067581,43.60714,3.8534646787719966,17.310381476655227,94.95779,1,0.80969816,0.5851213,105.80821,43.60714,3.8534646787719966,17.310381476655227
2021-09-10,Louis_DER_AU050_eobs_3264__2021__southbound_01,Louis / DER AU050 (eobs 3264),47.915577,8.586424,47.913425,8.584303,47.90663,8.574041835902001,1.0750007247275348,0.28705832,0,0.13155591,0.5851213,1.3543429,47.915577,8.586423873901367,0.2867395758957657
2021-09-10,Sierit_DER_AN858_eobs2561__2021__southbound_01,Sierit  / DER AN858 (eobs2561),47.801796,8.874194,47.801826,8.874197,47.77981,8.841093520998232,3.4796613735533453,0.003292228,0,0.21996103,0.5851213,3.470549,47.801796,8.874194145202637,0.0034001260345375354
2021-09-11,Ed_plus_AAL16_e-obs_7210__2021__southbound_01,"Ed + (AAL16, e-obs 7210)",47.69285,7.6267695,47.53392,7.5431767,47.679413,7.604724972405378,16.82322064277362,18.74988,1,0.15681745,0.5851213,2.222027,47.69285,7.626769542694092,18.750033985823965
2021-09-11,Europa_DER_A1A26_eobs_4004__2021__southbound_01,Europa / DER A1A26 (eobs 4004),43.62141,4.067581,43.4752,3.589663,42.89578,3.265118781444368,69.59479494210095,41.807594,1,0.8080886,0.5851213,103.176414,42.89578,3.265118781444368,69.59479494210095
2021-09-11,Louis_DER_AU050_eobs_3264__2021__southbound_01,Louis / DER AU050 (eobs 3264),47.913425,8.584303,47.916348,8.570784,47.905075,8.572917284142067,1.263486758754246,1.0587279,0,0.12675333,0.5851213,1.2557865,47.913425,8.58430290222168,1.05864289691095
2021-09-11,Sierit_DER_AN858_eobs2561__2021__southbound_01,Sierit  / DER AN858 (eobs2561),47.801826,8.874197,47.504314,8.492643,47.779484,8.840136073586057,40.17410253295026,43.717064,1,0.22189328,0.5851213,3.5495203,47.801826,8.874197006225586,43.71715262910894
2021-09-12,Ed_plus_AAL16_e-obs_7210__2021__southbound_01,"Ed + (AAL16, e-obs 7210)",47.53392,7.5431767,47.293636,6.1651664,47.479805,7.437238345948796,97.97758227763411,107.07468,1,0.39742807,0.5851213,9.955668,47.53392,7.543176651000977,107.07460035869907
2021-09-12,Europa_DER_A1A26_eobs_4004__2021__southbound_01,Europa / DER A1A26 (eobs 4004),43.4752,3.589663,42.94531,2.9627626,42.811447,2.8639711004447825,16.92206812999042,77.80081,1,0.79839563,0.5851213,94.04875,42.811447,2.8639711004447825,16.92206812999042
2021-09-12,Louis_DER_AU050_eobs_3264__2021__southbound_01,Louis / DER AU050 (eobs 3264),47.916348,8.570784,47.913998,8.574338,47.906994,8.557679583315691,1.4656318394454033,0.37222642,0,0.1320619,0.5851213,1.4240488,47.916348,8.570783615112305,0.37207715105297995
2021-09-12,Sierit_DER_AN858_eobs2561__2021__southbound_01,Sierit  / DER AN858 (eobs2561),47.504314,8.492643,47.209435,7.6871953,46.934383,7.654180488265578,30.686361156531465,68.9647,1,0.7814351,0.5851213,89.19062,46.934383,7.654180488265578,30.686361156531465
2021-09-13,Ed_plus_AAL16_e-obs_7210__2021__southbound_01,"Ed + (AAL16, e-obs 7210)",47.293636,6.1651664,45.9427,5.038446,46.716915,5.437257061133338,91.37230880198044,173.11523,1,0.7683333,0.5851213,84.26821,46.716915,5.437257061133338,91.37230880198044
2021-09-13,Europa_DER_A1A26_eobs_4004__2021__southbound_01,Europa / DER A1A26 (eobs 4004),42.94531,2.9627626,42.115,2.7938616,42.315845,2.286414492638113,47.383138709489636,93.35771,1,0.79350364,0.5851213,88.89282,42.315845,2.286414492638113,47.383138709489636
2021-09-13,Louis_DER_AU050_eobs_3264__2021__southbound_01,Louis / DER AU050 (eobs 3264),47.913998,8.574338,47.914482,8.57449,47.90494,8.561683048201518,1.4270769278708004,0.05494327,0,0.12906365,0.5851213,1.377154,47.913998,8.57433795928955,0.055042893753659165
2021-09-13,Sierit_DER_AN858_eobs2561__2021__southbound_01,Sierit  / DER AN858 (eobs2561),47.209435,7.6871953,45.919697,5.929899,46.492085,6.729191172674327,88.51058046199071,196.4996,1,0.80228525,0.5851213,107.51079,46.492085,6.729191172674327,88.51058046199071
2021-09-14,Ed_plus_AAL16_e-obs_7210__2021__southbound_01,"Ed + (AAL16, e-obs 7210)",45.9427,5.038446,45.937496,5.0351863,45.29817,4.261182583691047,93.15246653051562,0.63083,0,0.7870285,0.5851213,93.36882,45.29817,4.261182583691047,93.15246653051562
2021-09-14,Europa_DER_A1A26_eobs_4004__2021__southbound_01,Europa / DER A1A26 (eobs 4004),42.115,2.7938616,42.10794,2.7917275,41.50066,2.1509709154358676,85.90986317634336,0.8047167,0,0.7909581,0.5851213,86.326675,41.50066,2.1509709154358676,85.90986317634336
2021-09-14,Louis_DER_AU050_eobs_3264__2021__southbound_01,Louis / DER AU050 (eobs 3264),47.914482,8.57449,47.913956,8.586676,47.90628,8.563181408027082,1.9480106958448233,0.9100585,0,0.12257221,0.5851213,1.2395033,47.914482,8.57448959350586,0.9100823450955641
2021-09-14,Sierit_DER_AN858_eobs2561__2021__southbound_01,Sierit  / DER AN858 (eobs2561),45.919697,5.929899,45.639435,5.111113,45.105396,4.980035116800649,60.258701281017125,70.731415,1,0.82252276,0.5851213,116.40313,45.105396,4.980035116800649,60.258701281017125
2021-09-15,Ed_plus_AAL16_e-obs_7210__2021__southbound_01,"Ed + (AAL16, e-obs 7210)",45.937496,5.0351863,45.932526,5.037642,45.312386,4.28771629145069,90.311056105059,0.5845008,0,0.7843477,0.5851213,90.24375,45.312386,4.28771629145069,90.311056105059
2021-09-15,Europa_DER_A1A26_eobs_4004__2021__southbound_01,Europa / DER A1A26 (eobs 4004),42.10794,2.7917275,42.053555,2.6166096,41.709316,2.345155845398084,44.38702595211122,15.666535,1,0.71985847,0.5851213,57.5345,41.709316,2.345155845398084,44.38702595211122
2021-09-15,Louis_DER_AU050_eobs_3264__2021__southbound_01,Louis / DER AU050 (eobs 3264),47.913956,8.586676,47.913704,8.582867,47.905544,8.575008015407477,1.0799557872737,0.2852751,0,0.123927064,0.5851213,1.2749034,47.913956,8.586675643920898,0.2852532707370053
2021-09-15,Sierit_DER_AN858_eobs2561__2021__southbound_01,Sierit  / DER AN858 (eobs2561),45.639435,5.111113,45.903297,4.9508886,44.85182,4.204217986355597,130.65550123947784,31.863426,1,0.81973314,0.5851213,112.23556,44.85182,4.204217986355597,130.65550123947784
2021-09-16,Ed_plus_AAL16_e-obs_7210__2021__southbound_01,"Ed + (AAL16, e-obs 7210)",45.932526,5.037642,44.87422,4.7733636,45.31178,4.315811595971095,60.47531322744254,119.47311,1,0.78169715,0.5851213,88.61729,45.31178,4.315811595971095,60.47531322744254
2021-09-16,Europa_DER_A1A26_eobs_4004__2021__southbound_01,Europa / DER A1A26 (eobs 4004),42.053555,2.6166096,41.629025,0.7369565,41.732292,2.253206012073745,126.44147852536804,162.70425,1,0.6848872,0.5851213,46.569904,41.732292,2.253206012073745,126.44147852536804
2021-09-16,Louis_DER_AU050_eobs_3264__2021__southbound_01,Louis / DER AU050 (eobs 3264),47.913704,8.582867,47.911495,8.574363,47.905567,8.57157411893547,0.6911632018224498,0.6798379,0,0.121095136,0.5851213,1.2333994,47.913704,8.582866668701172,0.6797179066706076
2021-09-16,Sierit_DER_AN858_eobs2561__2021__southbound_01,Sierit  / DER AN858 (eobs2561),45.903297,4.9508886,45.453598,4.882936,45.131832,4.067806719134148,73.11449990254557,50.28236,1,0.817781,0.5851213,109.47889,45.131832,4.067806719134148,73.11449990254557
2021-09-17,Ed_plus_AAL16_e-obs_7210__2021__southbound_01,"Ed + (AAL16, e-obs 7210)",44.87422,4.7733636,43.42441,3.586989,44.241398,4.054994351917029,98.29503821778476,186.94069,1,0.78474635,0.5851213,90.151306,44.241398,4.054994351917029,98.29503821778476
2021-09-17,Europa_DER_A1A26_eobs_4004__2021__southbound_01,Europa / DER A1A26 (eobs 4004),41.629025,0.7369565,41.538486,0.6144332,41.100094,0.20798594985431051,59.400391200934735,14.324684,1,0.7604965,0.5851213,73.30186,41.100094,0.20798594985431051,59.400391200934735
2021-09-17,Louis_DER_AU050_eobs_3264__2021__southbound_01,Louis / DER AU050 (eobs 3264),47.911495,8.574363,47.02005,6.399962,47.902744,8.561962862945371,189.86006624053704,191.14932,1,0.12435638,0.5851213,1.3397448,47.911495,8.574362754821777,191.14951642432294
2021-09-17,Sierit_DER_AN858_eobs2561__2021__southbound_01,Sierit  / DER AN858 (eobs2561),45.453598,4.882936,43.614338,4.017332,44.707264,4.052157424543899,121.55974067489369,215.71472,1,0.8133958,0.5851213,105.10758,44.707264,4.052157424543899,121.55974067489369
2021-09-18,Ed_plus_AAL16_e-obs_7210__2021__southbound_01,"Ed + (AAL16, e-obs 7210)",43.42441,3.586989,42.5008,2.1136606,42.783062,2.8804664148951993,70.13531600866767,157.85815,1,0.791896,0.5851213,91.171295,42.783062,2.8804664148951993,70.13531600866767
2021-09-18,Europa_DER_A1A26_eobs_4004__2021__southbound_01,Europa / DER A1A26 (eobs 4004),41.538486,0.6144332,41.53835,0.61458236,41.072815,0.14828661582604935,64.7816606087568,0.0198458,0,0.7433755,0.5851213,64.58955,41.072815,0.14828661582604935,64.7816606087568
2021-09-18,Louis_DER_AU050_eobs_3264__2021__southbound_01,Louis / DER AU050 (eobs 3264),47.02005,6.399962,46.16235,5.178129,46.200462,5.430207205676874,19.864542511541465,133.46092,1,0.8194043,0.5851213,116.88292,46.200462,5.430207205676874,19.864542511541465
2021-09-18,Sierit_DER_AN858_eobs2561__2021__southbound_01,Sierit  / DER AN858 (eobs2561),43.614338,4.017332,43.123764,2.9536963,42.904167,3.2339881546291327,33.40026802472552,101.82017,1,0.811863,0.5851213,100.88125,42.904167,3.2339881546291327,33.40026802472552
2021-09-19,Ed_plus_AAL16_e-obs_7210__2021__southbound_01,"Ed + (AAL16, e-obs 7210)",42.5008,2.1136606,41.959824,1.273122,41.799,1.3627052287355665,19.359793462400223,91.69355,1,0.8057295,0.5851213,99.22294,41.799,1.3627052287355665,19.359793462400223
2021-09-19,Europa_DER_A1A26_eobs_4004__2021__southbound_01,Europa / DER A1A26 (eobs 4004),41.53835,0.61458236,41.546925,0.6032092,41.083183,0.16398145737299974,63.28238101193281,1.3435622,0,0.73929876,0.5851213,62.882736,41.083183,0.16398145737299974,63.28238101193281
2021-09-19,Louis_DER_AU050_eobs_3264__2021__southbound_01,Louis / DER AU050 (eobs 3264),46.16235,5.178129,43.59045,4.381417,45.349583,4.235534808998618,195.9489866987554,292.7876,1,0.81606907,0.5851213,115.71779,45.349583,4.235534808998618,195.9489866987554
2021-09-19,Sierit_DER_AN858_eobs2561__2021__southbound_01,Sierit  / DER AN858 (eobs2561),43.123764,2.9536963,42.526676,2.9177837,42.42985,2.1965197115663484,60.12258704207254,66.45785,1,0.80980045,0.5851213,98.46737,42.42985,2.1965197115663484,60.12258704207254
2021-09-20,Ed_plus_AAL16_e-obs_7210__2021__southbound_01,"Ed + (AAL16, e-obs 7210)",41.959824,1.273122,41.48175,0.37422925,41.28094,0.5575136882152009,27.06338158610479,91.60537,1,0.80177915,0.5851213,95.746666,41.28094,0.5575136882152009,27.06338158610479
2021-09-20,Europa_DER_A1A26_eobs_4004__2021__southbound_01,Europa / DER A1A26 (eobs 4004),41.546925,0.6032092,41.736565,0.5489771,41.12913,0.18765228390619065,73.9558348762019,21.56332,1,0.72857493,0.5851213,57.813553,41.12913,0.18765228390619065,73.9558348762019
2021-09-20,Louis_DER_AU050_eobs_3264__2021__southbound_01,Louis / DER AU050 (eobs 3264),43.59045,4.381417,43.592377,4.3546762,42.778954,3.4419423602828054,116.86228375266533,2.1642294,0,0.8237264,0.5851213,117.55209,42.778954,3.4419423602828054,116.86228375266533
2021-09-20,Sierit_DER_AN858_eobs2561__2021__southbound_01,Sierit  / DER AN858 (eobs2561),42.526676,2.9177837,41.6055,0.741106,41.881817,2.2263619552947578,126.99677902682602,206.8164,1,0.80096585,0.5851213,91.22867,41.881817,2.2263619552947578,126.99677902682602
2021-09-21,Ed_plus_AAL16_e-obs_7210__2021__southbound_01,"Ed + (AAL16, e-obs 7210)",41.48175,0.37422925,41.53132,-0.4183052,40.84178,-0.2873056849124733,77.45279705853194,66.22527,1,0.7920062,0.5851213,89.84678,40.84178,-0.2873056849124733,77.45279705853194
2021-09-21,Europa_DER_A1A26_eobs_4004__2021__southbound_01,Europa / DER A1A26 (eobs 4004),41.736565,0.5489771,41.744118,0.5486276,41.33944,0.15008885463319127,55.901740158056384,0.8404736,0,0.72121346,0.5851213,55.088554,41.33944,0.15008885463319127,55.901740158056384
2021-09-21,Louis_DER_AU050_eobs_3264__2021__southbound_01,Louis / DER AU050 (eobs 3264),43.592377,4.3546762,43.324387,3.3246007,42.867233,3.5206322847079465,53.26687132417726,88.319305,1,0.8105243,0.5851213,104.760254,42.867233,3.5206322847079465,53.26687132417726
2021-09-21,Sierit_DER_AN858_eobs2561__2021__southbound_01,Sierit  / DER AN858 (eobs2561),41.6055,0.741106,41.53853,0.6149601,40.982174,0.1008602211672609,75.32405728009233,12.867578,1,0.79651827,0.5851213,87.24065,40.982174,0.1008602211672609,75.32405728009233
2021-09-22,Ed_plus_AAL16_e-obs_7210__2021__southbound_01,"Ed + (AAL16, e-obs 7210)",41.53132,-0.4183052,40.28238,-3.5975688,40.902245,-1.065460415947876,224.6289039046472,301.08954,1,0.78859514,0.5851213,88.13362,40.902245,-1.065460415947876,224.6289039046472
2021-09-22,Europa_DER_A1A26_eobs_4004__2021__southbound_01,Europa / DER A1A26 (eobs 4004),41.744118,0.5486276,41.74419,0.5457118,41.35412,0.15435435581424545,54.23966739190238,0.24203715,0,0.71850234,0.5851213,54.22422,41.35412,0.15435435581424545,54.23966739190238
2021-09-22,Louis_DER_AU050_eobs_3264__2021__southbound_01,Louis / DER AU050 (eobs 3264),43.324387,3.3246007,42.618763,2.865123,42.6638,2.5725746540031524,24.44770127744208,86.91188,1,0.80174905,0.5851213,95.20649,42.6638,2.5725746540031524,24.44770127744208
2021-09-22,Sierit_DER_AN858_eobs2561__2021__southbound_01,Sierit  / DER AN858 (eobs2561),41.53853,0.6149601,41.53847,0.6147878,40.951576,0.02352318837548406,81.86872200611955,0.01562597,0,0.78638625,0.5851213,81.60523,40.951576,0.02352318837548406,81.86872200611955
2021-09-23,Ed_plus_AAL16_e-obs_7210__2021__southbound_01,"Ed + (AAL16, e-obs 7210)",40.28238,-3.5975688,39.879326,-4.175836,39.624943,-4.234579340722799,28.72847714886125,66.5512,1,0.80422544,0.5851213,90.747185,39.624943,-4.234579340722799,28.72847714886125
2021-09-23,Europa_DER_A1A26_eobs_4004__2021__southbound_01,Europa / DER A1A26 (eobs 4004),41.74419,0.5457118,41.74405,0.5476792,41.353302,0.152944002446394,54.46891962925159,0.1639872,0,0.71760213,0.5851213,54.228382,41.353302,0.152944002446394,54.46891962925159
2021-09-23,Louis_DER_AU050_eobs_3264__2021__southbound_01,Louis / DER AU050 (eobs 3264),42.618763,2.865123,41.66193,0.9516546,42.01187,2.189123239282527,109.65363493412879,190.2834,1,0.79313046,0.5851213,87.10333,42.01187,2.189123239282527,109.65363493412879
2021-09-23,Sierit_DER_AN858_eobs2561__2021__southbound_01,Sierit  / DER AN858 (eobs2561),41.53847,0.6147878,41.538692,0.6151355,40.985233,0.06667723379524093,76.73948087834485,0.037940174,0,0.77836865,0.5851213,76.452484,40.985233,0.06667723379524093,76.73948087834485
2021-09-24,Ed_plus_AAL16_e-obs_7210__2021__southbound_01,"Ed + (AAL16, e-obs 7210)",39.879326,-4.175836,39.883015,-4.176393,39.23313,-4.800090846959498,89.89380631222706,0.4130017,0,0.8013366,0.5851213,89.288216,39.23313,-4.800090846959498,89.89380631222706
2021-09-24,Europa_DER_A1A26_eobs_4004__2021__southbound_01,Europa / DER A1A26 (eobs 4004),41.74405,0.5476792,41.743896,0.548648,41.703583,0.4912640838058736,6.540252575824957,0.082075976,0,0.3570896,0.5851213,6.4811807,41.74405,0.5476791858673096,0.082149585449997
2021-09-24,Louis_DER_AU050_eobs_3264__2021__southbound_01,Louis / DER AU050 (eobs 3264),41.66193,0.9516546,41.658073,0.95165163,41.07931,0.3292449299915824,82.69953320577005,0.42904627,0,0.7911364,0.5851213,82.742355,41.07931,0.3292449299915824,82.69953320577005
2021-09-24,Sierit_DER_AN858_eobs2561__2021__southbound_01,Sierit  / DER AN858 (eobs2561),41.538692,0.6151355,41.53863,0.6148949,41.00683,0.08505428276649629,73.87461899107846,0.021184176,0,0.7718574,0.5851213,73.65459,41.00683,0.08505428276649629,73.87461899107846
2021-09-25,Ed_plus_AAL16_e-obs_7210__2021__southbound_01,"Ed + (AAL16, e-obs 7210)",39.883015,-4.176393,39.881145,-4.176397,39.254875,-4.767600816060757,86.12467229002729,0.20802402,0,0.793369,0.5851213,86.006966,39.254875,-4.767600816060757,86.12467229002729
2021-09-25,Europa_DER_A1A26_eobs_4004__2021__southbound_01,Europa / DER A1A26 (eobs 4004),41.743896,0.548648,41.743114,0.5468857,41.725506,0.5224248048768535,2.8201981358727566,0.17023385,0,0.21454175,0.5851213,2.980709,41.743896,0.5486479997634888,0.17011303870788205
2021-09-25,Louis_DER_AU050_eobs_3264__2021__southbound_01,Louis / DER AU050 (eobs 3264),41.658073,0.95165163,41.65926,0.9525754,41.13649,0.39734440016695194,74.32248036802049,0.15289795,0,0.7700074,0.5851213,73.92634,41.13649,0.39734440016695194,74.32248036802049
2021-09-25,Sierit_DER_AN858_eobs2561__2021__southbound_01,Sierit  / DER AN858 (eobs2561),41.53863,0.6148949,41.53958,0.61461765,41.051075,0.14658433051519065,66.92868881340823,0.10811002,0,0.75435126,0.5851213,66.65423,41.051075,0.14658433051519065,66.92868881340823
2021-09-26,Ed_plus_AAL16_e-obs_7210__2021__southbound_01,"Ed + (AAL16, e-obs 7210)",39.881145,-4.176397,39.85966,-4.165265,39.327057,-4.688708533523256,74.28975873169425,2.5708828,0,0.7740737,0.5851213,75.41236,39.327057,-4.688708533523256,74.28975873169425
2021-09-26,Europa_DER_A1A26_eobs_4004__2021__southbound_01,Europa / DER A1A26 (eobs 4004),41.743114,0.5468857,41.731365,0.5390256,41.71882,0.5113067551942574,2.6903781805190854,1.4600403,0,0.25532758,0.5851213,3.9943712,41.743114,0.5468857288360596,1.4602021302795347
2021-09-26,Louis_DER_AU050_eobs_3264__2021__southbound_01,Louis / DER AU050 (eobs 3264),41.65926,0.9525754,41.65797,0.9512935,41.185017,0.44739783578718084,67.31251401001515,0.17875265,0,0.7548377,0.5851213,67.277084,41.185017,0.44739783578718084,67.31251401001515
2021-09-26,Sierit_DER_AN858_eobs2561__2021__southbound_01,Sierit  / DER AN858 (eobs2561),41.53958,0.61461765,41.54041,0.6145698,41.07895,0.17677454268512693,63.00810897673943,0.092216715,0,0.74480796,0.5851213,62.750397,41.07895,0.17677454268512693,63.00810897673943
2021-09-27,Ed_plus_AAL16_e-obs_7210__2021__southbound_01,"Ed + (AAL16, e-obs 7210)",39.85966,-4.165265,39.859753,-4.165775,39.346924,-4.627553640192558,69.40361398436346,0.044708025,0,0.76117456,0.5851213,69.21514,39.346924,-4.627553640192558,69.40361398436346
2021-09-27,Europa_DER_A1A26_eobs_4004__2021__southbound_01,Europa / DER A1A26 (eobs 4004),41.731365,0.5390256,41.71099,0.3373924,41.707375,0.505377198172549,13.950320368536842,16.887247,1,0.24910551,0.5851213,3.8550134,41.731365,0.539025604724884,16.887230437313026
2021-09-27,Louis_DER_AU050_eobs_3264__2021__southbound_01,Louis / DER AU050 (eobs 3264),41.65797,0.9512935,41.659184,0.9513698,41.246456,0.5319239795234147,57.690207250731675,0.13483967,0,0.7279671,0.5851213,57.411068,41.246456,0.5319239795234147,57.690207250731675
2021-09-27,Sierit_DER_AN858_eobs2561__2021__southbound_01,Sierit  / DER AN858 (eobs2561),41.54041,0.6145698,41.538643,0.6146714,41.126286,0.21884100902774045,56.52166506550334,0.19663581,0,0.7276449,0.5851213,56.515553,41.126286,0.21884100902774045,56.52166506550334
2021-09-28,Ed_plus_AAL16_e-obs_7210__2021__southbound_01,"Ed + (AAL16, e-obs 7210)",39.859753,-4.165775,39.88265,-4.174532,39.37281,-4.598450319426649,67.32009034876337,2.653327,0,0.75144243,0.5851213,65.42636,39.37281,-4.598450319426649,67.32009034876337
2021-09-28,Europa_DER_A1A26_eobs_4004__2021__southbound_01,Europa / DER A1A26 (eobs 4004),41.71099,0.3373924,41.509094,-0.5416205,41.667778,0.2805042596139391,70.61289032968492,76.45,1,0.35362047,0.5851213,6.725082,41.71099,0.3373923897743225,76.44996066036519
2021-09-28,Louis_DER_AU050_eobs_3264__2021__southbound_01,Louis / DER AU050 (eobs 3264),41.659184,0.9513698,41.65781,0.9515684,41.24792,0.5393240223228787,57.07619490764663,0.15333313,0,0.7257791,0.5851213,57.02254,41.24792,0.5393240223228787,57.07619490764663
2021-09-28,Sierit_DER_AN858_eobs2561__2021__southbound_01,Sierit  / DER AN858 (eobs2561),41.538643,0.6146714,41.557392,0.56876373,41.42341,0.4831427908113677,16.517243155630762,4.352156,0,0.5296654,0.5851213,16.823425,41.538643,0.6146714091300964,4.352202526199633
2021-09-29,Ed_plus_AAL16_e-obs_7210__2021__southbound_01,"Ed + (AAL16, e-obs 7210)",39.88265,-4.174532,39.882633,-4.1744914,39.421127,-4.583339053477007,62.11779238027691,0.00400551,0,0.74367434,0.5851213,61.94249,39.421127,-4.583339053477007,62.11779238027691
2021-09-29,Europa_DER_A1A26_eobs_4004__2021__southbound_01,Europa / DER A1A26 (eobs 4004),41.509094,-0.5416205,41.586285,-0.81986606,41.302494,-0.7485630824084104,32.11090438554244,24.694977,1,0.6113679,0.5851213,28.667059,41.302494,-0.7485630824084104,32.11090438554244
2021-09-29,Louis_DER_AU050_eobs_3264__2021__southbound_01,Louis / DER AU050 (eobs 3264),41.65781,0.9515684,41.657883,0.9513669,41.258797,0.5575521362976184,55.19305565693195,0.018488385,0,0.72017,0.5851213,55.03995,41.258797,0.5575521362976184,55.19305565693195
2021-09-29,Sierit_DER_AN858_eobs2561__2021__southbound_01,Sierit  / DER AN858 (eobs2561),41.557392,0.56876373,41.54015,0.6144209,41.46114,0.4560103753444414,15.850008897201766,4.255688,0,0.49720678,0.5851213,14.207567,41.557392,0.5687637329101562,4.255810677460714
2021-09-30,Ed_plus_AAL16_e-obs_7210__2021__southbound_01,"Ed + (AAL16, e-obs 7210)",39.882633,-4.1744914,39.882698,-4.1751933,39.784546,-4.279698632631667,14.097666256419597,0.06033915,0,0.4933985,0.5851213,14.101112,39.882633,-4.1744914054870605,0.0603236284078198
2021-09-30,Europa_DER_A1A26_eobs_4004__2021__southbound_01,Europa / DER A1A26 (eobs 4004),41.586285,-0.81986606,41.474003,-1.0980037,41.403297,-1.0090438794405259,10.807578341047472,26.304415,1,0.5963291,0.5851213,25.6759,41.403297,-1.0090438794405259,10.807578341047472
2021-09-30,Louis_DER_AU050_eobs_3264__2021__southbound_01,Louis / DER AU050 (eobs 3264),41.657883,0.9513669,41.66376,0.951669,41.281452,0.5787845246698781,52.65283311484141,0.6543308,0,0.7123847,0.5851213,51.96744,41.281452,0.5787845246698781,52.65283311484141
2021-09-30,Sierit_DER_AN858_eobs2561__2021__southbound_01,Sierit  / DER AN858 (eobs2561),41.54015,0.6144209,41.573586,0.5687904,41.459187,0.5198064455930778,13.358393776267299,5.313787,0,0.46987548,0.5851213,11.939725,41.54015,0.6144208908081055,5.313972375866171
2021-10-01,Ed_plus_AAL16_e-obs_7210__2021__southbound_01,"Ed + (AAL16, e-obs 7210)",39.882698,-4.1751933,39.882725,-4.174737,39.85983,-4.201733563303055,3.4336001991632292,0.039080337,0,0.24506322,0.5851213,3.39927,39.882698,-4.1751933097839355,0.039050363058226095
2021-10-01,Europa_DER_A1A26_eobs_4004__2021__southbound_01,Europa / DER A1A26 (eobs 4004),41.474003,-1.0980037,40.562016,-3.2691195,41.28996,-1.2903706165642115,184.89512283256306,208.46672,1,0.5988665,0.5851213,25.948065,41.28996,-1.2903706165642115,184.89512283256306
2021-10-01,Louis_DER_AU050_eobs_3264__2021__southbound_01,Louis / DER AU050 (eobs 3264),41.66376,0.951669,41.6638,0.9497386,41.64127,0.9208005383596444,3.472249129401097,0.16041209,0,0.2545054,0.5851213,3.5757415,41.66376,0.9516689777374268,0.16040929445162896
2021-10-01,Sierit_DER_AN858_eobs2561__2021__southbound_01,Sierit  / DER AN858 (eobs2561),41.573586,0.5687904,41.57358,0.6138474,41.488274,0.4697818557891319,15.29021936831088,3.748089,0,0.4837789,0.5851213,12.540649,41.573586,0.5687903761863708,3.7480888244743595
2021-10-02,Ed_plus_AAL16_e-obs_7210__2021__southbound_01,"Ed + (AAL16, e-obs 7210)",39.882725,-4.174737,39.85636,-4.1747885,39.86246,-4.197850475671894,2.0820423895642364,2.9315338,0,0.22639437,0.5851213,2.989076,39.882725,-4.174736976623535,2.9314806486490768
2021-10-02,Europa_DER_A1A26_eobs_4004__2021__southbound_01,Europa / DER A1A26 (eobs 4004),40.562016,-3.2691195,40.32193,-3.5891702,40.129482,-3.664837761567966,22.342678442511943,38.03003,1,0.73283136,0.5851213,58.46876,40.129482,-3.664837761567966,22.342678442511943
2021-10-02,Louis_DER_AU050_eobs_3264__2021__southbound_01,Louis / DER AU050 (eobs 3264),41.6638,0.9497386,41.663574,0.94869316,41.633533,0.9088059692875217,4.705523826428247,0.09044265,0,0.30594754,0.5851213,4.7755747,41.6638,0.949738621711731,0.09038014963921974
2021-10-02,Sierit_DER_AN858_eobs2561__2021__southbound_01,Sierit  / DER AN858 (eobs2561),41.57358,0.6138474,41.55734,0.6142457,41.494045,0.5237152794027915,10.311626132692187,1.8064123,0,0.4707383,0.5851213,11.574246,41.57358,0.6138473749160767,1.806443582045154
2021-10-03,Ed_plus_AAL16_e-obs_7210__2021__southbound_01,"Ed + (AAL16, e-obs 7210)",39.85636,-4.1747885,39.852436,-4.2449136,39.83618,-4.197724227895336,4.415610784388865,6.0018835,0,0.22353043,0.5851213,2.9726079,39.85636,-4.174788475036621,6.001892076372135
2021-10-03,Europa_DER_A1A26_eobs_4004__2021__southbound_01,Europa / DER A1A26 (eobs 4004),40.32193,-3.5891702,40.322205,-3.5869176,39.90255,-3.967971060054836,56.81145581623236,0.1934125,0,0.7271003,0.5851213,56.521503,39.90255,-3.967971060054836,56.81145581623236
2021-10-03,Louis_DER_AU050_eobs_3264__2021__southbound_01,Louis / DER AU050 (eobs 3264),41.663574,0.94869316,41.667892,0.95159733,41.629723,0.903123590233558,5.851132612707818,0.53731364,0,0.32441324,0.5851213,5.329132,41.663574,0.9486931562423706,0.5373611858405879
2021-10-03,Sierit_DER_AN858_eobs2561__2021__southbound_01,Sierit  / DER AN858 (eobs2561),41.55734,0.6142457,41.540375,0.6144741,41.479355,0.5281658873104237,9.883621255462504,1.8865314,0,0.46635774,0.5851213,11.22704,41.55734,0.6142457127571106,1.8864045133864067
2021-10-04,Ed_plus_AAL16_e-obs_7210__2021__southbound_01,"Ed + (AAL16, e-obs 7210)",39.852436,-4.2449136,39.856407,-4.214764,39.829105,-4.272339926032873,5.777490220679783,2.6111681,0,0.243689,0.5851213,3.488307,39.852436,-4.244913578033447,2.6112153560445135
2021-10-04,Europa_DER_A1A26_eobs_4004__2021__southbound_01,Europa / DER A1A26 (eobs 4004),40.322205,-3.5869176,40.29139,-3.633558,39.889416,-3.9763397637100217,53.367928902330036,5.232947,0,0.7301004,0.5851213,58.257084,39.889416,-3.9763397637100217,53.367928902330036
2021-10-04,Louis_DER_AU050_eobs_3264__2021__southbound_01,Louis / DER AU050 (eobs 3264),41.667892,0.95159733,41.65795,0.9512533,41.639996,0.9139353526841503,3.6879046637639927,1.1054984,0,0.28639728,0.5851213,4.397685,41.667892,0.9515973329544067,1.1057709191061114
2021-10-04,Sierit_DER_AN858_eobs2561__2021__southbound_01,Sierit  / DER AN858 (eobs2561),41.540375,0.6144741,41.53859,0.6149485,41.450855,0.5177254855076907,12.678329294879761,0.20239419,0,0.48646328,0.5851213,12.780658,41.540375,0.6144741177558899,0.2024026159116205
2021-10-05,Ed_plus_AAL16_e-obs_7210__2021__southbound_01,"Ed + (AAL16, e-obs 7210)",39.856407,-4.214764,39.849773,-4.247153,39.836452,-4.237962713591821,1.6761952461918945,2.8614767,0,0.21856225,0.5851213,2.968902,39.856407,-4.21476411819458,2.8615158564566303
2021-10-05,Europa_DER_A1A26_eobs_4004__2021__southbound_01,Europa / DER A1A26 (eobs 4004),40.29139,-3.633558,40.262356,-3.6339383,39.867317,-4.012630850389498,54.47989046575732,3.2283156,0,0.72556186,0.5851213,56.97251,39.867317,-4.012630850389498,54.47989046575732
2021-10-05,Louis_DER_AU050_eobs_3264__2021__southbound_01,Louis / DER AU050 (eobs 3264),41.65795,0.9512533,41.665646,0.9430285,41.627815,0.9113591664087034,4.961809697131716,1.0949353,0,0.296728,0.5851213,4.704849,41.65795,0.9512532949447632,1.0949036100383225
2021-10-05,Sierit_DER_AN858_eobs2561__2021__southbound_01,Sierit  / DER AN858 (eobs2561),41.53859,0.6149485,41.53868,0.614892,41.451275,0.5207284148898811,12.488692454398246,0.011339907,0,0.47884786,0.5851213,12.458666,41.53859,0.6149485111236572,0.011214033271637476
2021-10-06,Ed_plus_AAL16_e-obs_7210__2021__southbound_01,"Ed + (AAL16, e-obs 7210)",39.849773,-4.247153,39.85635,-4.17749,39.825886,-4.27453211393237,8.951007723899988,5.9914484,0,0.24637206,0.5851213,3.5320218,39.849773,-4.247152805328369,5.991428604205635
2021-10-06,Europa_DER_A1A26_eobs_4004__2021__southbound_01,Europa / DER A1A26 (eobs 4004),40.262356,-3.6339383,40.261543,-3.634287,39.85484,-3.9957436625179295,54.694569972277336,0.095216915,0,0.7205499,0.5851213,54.63819,39.85484,-3.9957436625179295,54.694569972277336
2021-10-06,Louis_DER_AU050_eobs_3264__2021__southbound_01,Louis / DER AU050 (eobs 3264),41.665646,0.9430285,41.657867,0.951539,41.637512,0.9053718028864602,4.453999488060432,1.1172156,0,0.28536424,0.5851213,4.4161205,41.665646,0.9430285096168518,1.1170778957220333
2021-10-06,Sierit_DER_AN858_eobs2561__2021__southbound_01,Sierit  / DER AN858 (eobs2561),41.53868,0.614892,41.55732,0.55529314,41.462437,0.5316935563730922,10.731960631249082,5.375244,0,0.45708144,0.5851213,10.9274645,41.53868,0.6148920059204102,5.375333363622521
2021-10-07,Ed_plus_AAL16_e-obs_7210__2021__southbound_01,"Ed + (AAL16, e-obs 7210)",39.85635,-4.17749,39.88213,-4.171537,39.83418,-4.203174687678363,5.976767738143258,2.9113204,0,0.23437633,0.5851213,3.293315,39.85635,-4.177490234375,2.9112561819229916
2021-10-07,Europa_DER_A1A26_eobs_4004__2021__southbound_01,Europa / DER A1A26 (eobs 4004),40.261543,-3.634287,40.26184,-3.6346602,39.858685,-3.984837326440771,53.83101200659432,0.045905188,0,0.71737033,0.5851213,53.6779,39.858685,-3.984837326440771,53.83101200659432
2021-10-07,Louis_DER_AU050_eobs_3264__2021__southbound_01,Louis / DER AU050 (eobs 3264),41.657867,0.951539,41.6631,0.95162827,41.63209,0.9181759437765973,4.428938015829986,0.5821312,0,0.2674117,0.5851213,3.9800143,41.657867,0.9515389800071716,0.5820161473657821
2021-10-07,Sierit_DER_AN858_eobs2561__2021__southbound_01,Sierit  / DER AN858 (eobs2561),41.55732,0.55529314,41.55735,0.55482215,41.480957,0.4695546187081089,11.070362067953926,0.039354965,0,0.45646283,0.5851213,11.070916,41.55732,0.5552931427955627,0.03933652368080711
2021-10-08,Ed_plus_AAL16_e-obs_7210__2021__southbound_01,"Ed + (AAL16, e-obs 7210)",39.88213,-4.171537,39.85583,-4.1715584,39.86299,-4.193217465156582,2.0128764414840945,2.9241755,0,0.21290708,0.5851213,2.8147252,39.88213,-4.171536922454834,2.924266942764543
2021-10-08,Europa_DER_A1A26_eobs_4004__2021__southbound_01,Europa / DER A1A26 (eobs 4004),40.26184,-3.6346602,40.263256,-3.6342008,39.874157,-3.969828069242631,51.84212122043628,0.16186248,0,0.7110424,0.5851213,51.55412,39.874157,-3.969828069242631,51.84212122043628
2021-10-08,Louis_DER_AU050_eobs_3264__2021__southbound_01,Louis / DER AU050 (eobs 3264),41.6631,0.95162827,41.657887,0.9513762,41.636993,0.9182989650667597,3.5987488056277317,0.58053803,0,0.2681424,0.5851213,4.0045714,41.6631,0.9516282677650452,0.5802259872438262
2021-10-08,Sierit_DER_AN858_eobs2561__2021__southbound_01,Sierit  / DER AN858 (eobs2561),41.55735,0.55482215,41.556698,0.5537554,41.46757,0.4585613163465369,12.690267999269675,0.114500955,0,0.4852627,0.5851213,12.776574,41.55735,0.5548221468925476,0.11462806591032632
2021-10-09,Ed_plus_AAL16_e-obs_7210__2021__southbound_01,"Ed + (AAL16, e-obs 7210)",39.85583,-4.1715584,39.854263,-4.270872,39.831314,-4.199183083954723,6.631201448946212,8.479296,0,0.252809,0.5851213,3.59833,39.85583,-4.171558380126953,8.479304302622621
2021-10-09,Europa_DER_A1A26_eobs_4004__2021__southbound_01,Europa / DER A1A26 (eobs 4004),40.263256,-3.6342008,40.261814,-3.6341543,40.213642,-3.6896238323557466,7.131705219793495,0.16030826,0,0.3789433,0.5851213,7.236316,40.263256,-3.6342008113861084,0.16038688706502202
2021-10-09,Louis_DER_AU050_eobs_3264__2021__southbound_01,Louis / DER AU050 (eobs 3264),41.657887,0.9513762,41.657852,0.9515188,41.63515,0.923061837124573,3.4587477631679446,0.012438214,0,0.24177088,0.5851213,3.4470253,41.657887,0.95137619972229,0.01244464101063333
2021-10-09,Sierit_DER_AN858_eobs2561__2021__southbound_01,Sierit  / DER AN858 (eobs2561),41.556698,0.5537554,41.5576,0.5538011,41.45156,0.44322137069811174,14.960569650879368,0.100131124,0,0.5114536,0.5851213,14.848787,41.556698,0.5537554025650024,0.10017768166201033
2021-10-10,Ed_plus_AAL16_e-obs_7210__2021__southbound_01,"Ed + (AAL16, e-obs 7210)",39.854263,-4.270872,39.8652,-4.6851053,39.82951,-4.299774618677618,33.134366778769504,35.3778,1,0.253308,0.5851213,3.6899815,39.854263,-4.270872116088867,35.37779255340567
2021-10-10,Europa_DER_A1A26_eobs_4004__2021__southbound_01,Europa / DER A1A26 (eobs 4004),40.261814,-3.6341543,40.25979,-3.6346369,40.23846,-3.6613857791859488,3.282969704899062,0.2289495,0,0.25138536,0.5851213,3.4699886,40.261814,-3.6341543197631836,0.22892897927834707
2021-10-10,Louis_DER_AU050_eobs_3264__2021__southbound_01,Louis / DER AU050 (eobs 3264),41.657852,0.9515188,41.662094,0.95153725,41.63947,0.9297779634852892,3.098007430277518,0.47175318,0,0.2078301,0.5851213,2.723112,41.657852,0.9515187740325928,0.4716857298540934
2021-10-10,Sierit_DER_AN858_eobs2561__2021__southbound_01,Sierit  / DER AN858 (eobs2561),41.5576,0.5538011,41.557713,0.55440867,41.46635,0.4566037789665133,13.020181247385183,0.05213998,0,0.48658428,0.5851213,12.952294,41.5576,0.5538011193275452,0.052128869875669004
2021-10-11,Ed_plus_AAL16_e-obs_7210__2021__southbound_01,"Ed + (AAL16, e-obs 7210)",39.8652,-4.6851053,39.379917,-5.8253427,39.823826,-4.7305809431154335,105.98804303872043,111.575485,1,0.34747225,0.5851213,6.0084095,39.8652,-4.685105323791504,111.57548645596157
2021-10-11,Europa_DER_A1A26_eobs_4004__2021__southbound_01,Europa / DER A1A26 (eobs 4004),40.25979,-3.6346369,40.291348,-3.6336932,40.238007,-3.6603724755383387,6.348550986067763,3.5099351,0,0.24113311,0.5851213,3.2553976,40.25979,-3.634636878967285,3.5101175253007937
2021-10-11,Louis_DER_AU050_eobs_3264__2021__southbound_01,Louis / DER AU050 (eobs 3264),41.662094,0.95153725,41.65781,0.95141137,41.643578,0.9298504045448859,2.3903541877353907,0.4763022,0,0.21083102,0.5851213,2.7309434,41.662094,0.9515372514724731,0.4764639450753882
2021-10-11,Sierit_DER_AN858_eobs2561__2021__southbound_01,Sierit  / DER AN858 (eobs2561),41.557713,0.55440867,41.538696,0.6148573,41.483315,0.4761447250202209,13.089183803357288,5.4568486,0,0.45129237,0.5851213,10.509639,41.557713,0.5544086694717407,5.456771735359635
2021-10-12,Ed_plus_AAL16_e-obs_7210__2021__southbound_01,"Ed + (AAL16, e-obs 7210)",39.379917,-5.8253427,38.832294,-6.3756003,39.189804,-6.004451991738073,51.07496408220409,77.21475,1,0.6005445,0.5851213,26.104954,39.189804,-6.004451991738073,51.07496408220409
2021-10-12,Europa_DER_A1A26_eobs_4004__2021__southbound_01,Europa / DER A1A26 (eobs 4004),40.291348,-3.6336932,40.26309,-3.634282,40.27404,-3.655131770584734,2.1476350120241694,3.1426313,0,0.20336303,0.5851213,2.6428852,40.291348,-3.633693218231201,3.142689716580842
2021-10-12,Louis_DER_AU050_eobs_3264__2021__southbound_01,Louis / DER AU050 (eobs 3264),41.65781,0.95141137,41.65783,0.95160085,41.63896,0.9299509256703571,2.763589959075242,0.015884947,0,0.21347323,0.5851213,2.7467918,41.65781,0.9514113664627075,0.015883909403677426
2021-10-12,Sierit_DER_AN858_eobs2561__2021__southbound_01,Sierit  / DER AN858 (eobs2561),41.538696,0.6148573,41.54128,0.61553884,41.472668,0.545514452430337,9.602382916225631,0.29283023,0,0.4293469,0.5851213,9.322634,41.538696,0.6148573160171509,0.29271520716924776
2021-10-13,Ed_plus_AAL16_e-obs_7210__2021__southbound_01,"Ed + (AAL16, e-obs 7210)",38.832294,-6.3756003,38.836105,-6.374772,38.634186,-6.558940984001464,27.55523933604616,0.42965308,0,0.60671043,0.5851213,27.108639,38.634186,-6.558940984001464,27.55523933604616
2021-10-13,Europa_DER_A1A26_eobs_4004__2021__southbound_01,Europa / DER A1A26 (eobs 4004),40.26309,-3.634282,40.261402,-3.6343458,40.2455,-3.6559724476922977,2.5486405566204398,0.18733026,0,0.20500915,0.5851213,2.6810317,40.26309,-3.634282112121582,0.18756339461123178
2021-10-13,Louis_DER_AU050_eobs_3264__2021__southbound_01,Louis / DER AU050 (eobs 3264),41.65783,0.95160085,41.65816,0.9511081,41.64062,0.9323111813741467,2.498620208754997,0.055134736,0,0.20068744,0.5851213,2.4914136,41.65783,0.9516008496284485,0.055114627918703654
2021-10-13,Sierit_DER_AN858_eobs2561__2021__southbound_01,Sierit  / DER AN858 (eobs2561),41.54128,0.61553884,41.538536,0.6149967,41.477367,0.5494953893855363,8.718473314694482,0.30851534,0,0.42275187,0.5851213,8.968489,41.54128,0.6155388355255127,0.30830230120131213
2021-10-14,Ed_plus_AAL16_e-obs_7210__2021__southbound_01,"Ed + (AAL16, e-obs 7210)",38.836105,-6.374772,38.529705,-6.3443646,38.653904,-6.5443465132244745,22.19935398951082,34.17224,1,0.5949886,0.5851213,24.979965,38.653904,-6.5443465132244745,22.19935398951082
2021-10-14,Europa_DER_A1A26_eobs_4004__2021__southbound_01,Europa / DER A1A26 (eobs 4004),40.261402,-3.6343458,40.258785,-3.6347842,40.244347,-3.6553877835758137,2.373820579987221,0.29333368,0,0.20018312,0.5851213,2.6002464,40.261402,-3.634345769882202,0.29335327597505284
2021-10-14,Louis_DER_AU050_eobs_3264__2021__southbound_01,Louis / DER AU050 (eobs 3264),41.65816,0.9511081,41.66322,0.95074224,41.639324,0.9297418503462515,3.17871910764042,0.5630676,0,0.21479926,0.5851213,2.7405777,41.65816,0.9511080980300903,0.5632773447935917
2021-10-14,Sierit_DER_AN858_eobs2561__2021__southbound_01,Sierit  / DER AN858 (eobs2561),41.538536,0.6149967,41.538548,0.6149802,41.470776,0.5472471465419314,9.412976683031262,0.0020857072,0,0.4328236,0.5851213,9.394397,41.538536,0.6149966716766357,0.0018692456285865887
2021-10-15,Ed_plus_AAL16_e-obs_7210__2021__southbound_01,"Ed + (AAL16, e-obs 7210)",38.529705,-6.3443646,37.5937,-6.0076947,38.349472,-6.508725064098995,94.8217943096027,108.17221,1,0.5937799,0.5851213,24.57484,38.349472,-6.508725064098995,94.8217943096027
2021-10-15,Europa_DER_A1A26_eobs_4004__2021__southbound_01,Europa / DER A1A26 (eobs 4004),40.258785,-3.6347842,40.259884,-3.6343744,40.24163,-3.6554590745638755,2.7058299391218847,0.12687524,0,0.20026337,0.5851213,2.5870686,40.258785,-3.63478422164917,0.127016404945858
2021-10-15,Louis_DER_AU050_eobs_3264__2021__southbound_01,Louis / DER AU050 (eobs 3264),41.66322,0.95074224,41.661278,0.9515267,41.64565,0.9308003741500386,2.446504340050532,0.22546339,0,0.20226684,0.5851213,2.5569925,41.66322,0.950742244720459,0.22552539585505152
2021-10-15,Sierit_DER_AN858_eobs2561__2021__southbound_01,Sierit  / DER AN858 (eobs2561),41.538548,0.6149802,41.53867,0.6150512,41.47652,0.5519965826671075,8.679053829917175,0.014628989,0,0.41585988,0.5851213,8.648089,41.538548,0.6149802207946777,0.01480381847015431
2021-10-16,Ed_plus_AAL16_e-obs_7210__2021__southbound_01,"Ed + (AAL16, e-obs 7210)",37.5937,-6.0076947,37.593742,-6.00738,37.411232,-6.170276217262347,24.86655485710322,0.028130261,0,0.59429044,0.5851213,24.79315,37.411232,-6.170276217262347,24.86655485710322
2021-10-16,Europa_DER_A1A26_eobs_4004__2021__southbound_01,Europa / DER A1A26 (eobs 4004),40.259884,-3.6343744,40.261364,-3.6337926,40.243668,-3.6538513220624225,2.601877818372407,0.171894,0,0.1894694,0.5851213,2.441754,40.259884,-3.6343743801116943,0.17182360447806924
2021-10-16,Louis_DER_AU050_eobs_3264__2021__southbound_01,Louis / DER AU050 (eobs 3264),41.661278,0.9515267,41.66506,0.94823927,41.644665,0.9330172091553385,2.5964528461188747,0.5014057,0,0.19261608,0.5851213,2.3993506,41.661278,0.9515267014503479,0.5012758717037326
2021-10-16,Sierit_DER_AN858_eobs2561__2021__southbound_01,Sierit  / DER AN858 (eobs2561),41.53867,0.6150512,41.54014,0.6151167,41.489765,0.5642010265771739,7.024630947243598,0.1635921,0,0.37252772,0.5851213,6.8785954,41.53867,0.6150512099266052,0.1633985753235243
2021-10-17,Ed_plus_AAL16_e-obs_7210__2021__southbound_01,"Ed + (AAL16, e-obs 7210)",37.593742,-6.00738,37.533047,-6.00962,37.43124,-6.147590004832003,16.624145369914434,6.7518454,0,0.5771413,0.5851213,21.85013,37.593742,-6.00738000869751,6.751945264905486
2021-10-17,Europa_DER_A1A26_eobs_4004__2021__southbound_01,Europa / DER A1A26 (eobs 4004),40.261364,-3.6337926,40.261806,-3.634365,40.24765,-3.65036056932384,2.078554522316019,0.06911817,0,0.16278246,0.5851213,2.0702872,40.261364,-3.6337926387786865,0.06914090281929698
2021-10-17,Louis_DER_AU050_eobs_3264__2021__southbound_01,Louis / DER AU050 (eobs 3264),41.66506,0.94823927,41.661915,0.9501597,41.64786,0.9286138255930608,2.376171258737806,0.3841602,0,0.19670187,0.5851213,2.508493,41.66506,0.948239266872406,0.38420718413836097
2021-10-17,Sierit_DER_AN858_eobs2561__2021__southbound_01,Sierit  / DER AN858 (eobs2561),41.54014,0.6151167,41.538284,0.61490965,41.492016,0.5647930157969641,6.624276325392806,0.20727359,0,0.36971408,0.5851213,6.783455,41.54014,0.6151167154312134,0.20686845768258666
2021-10-18,Ed_plus_AAL16_e-obs_7210__2021__southbound_01,"Ed + (AAL16, e-obs 7210)",37.533047,-6.00962,37.163715,-6.2020426,37.384663,-6.133507165507887,25.30560315986665,44.451096,1,0.56271917,0.5851213,19.753448,37.533047,-6.009620189666748,44.450885444107705
2021-10-18,Europa_DER_A1A26_eobs_4004__2021__southbound_01,Europa / DER A1A26 (eobs 4004),40.261806,-3.634365,40.32144,-3.5901666,40.248188,-3.6506121322140634,9.624800510590521,7.6175394,0,0.16015846,0.5851213,2.0443792,40.261806,-3.6343650817871094,7.617404819715263
2021-10-18,Louis_DER_AU050_eobs_3264__2021__southbound_01,Louis / DER AU050 (eobs 3264),41.661915,0.9501597,41.660698,0.95156795,41.6452,0.9314134168063603,2.4029472593131715,0.17907928,0,0.18871954,0.5851213,2.4205494,41.661915,0.9501597285270691,0.17887046161513623
2021-10-19,Ed_plus_AAL16_e-obs_7210__2021__southbound_01,"Ed + (AAL16, e-obs 7210)",37.163715,-6.2020426,37.154522,-6.1693482,37.083702,-6.268586974914212,11.808270162217042,3.0723412,0,0.46282184,0.5851213,10.655138,37.163715,-6.202042579650879,3.0723669687706456
2021-10-19,Europa_DER_A1A26_eobs_4004__2021__southbound_01,Europa / DER A1A26 (eobs 4004),40.32144,-3.5901666,40.322083,-3.5996642,40.308247,-3.605331204006872,1.6117684871684121,0.8083249,0,0.15533108,0.5851213,1.9472919,40.32144,-3.5901665687561035,0.8083350255714412
2021-10-19,Louis_DER_AU050_eobs_3264__2021__southbound_01,Louis / DER AU050 (eobs 3264),41.660698,0.95156795,41.658875,0.95127183,41.64543,0.9343604969700905,2.0514920848181677,0.2043226,0,0.17442691,0.5851213,2.2153304,41.660698,0.9515679478645325,0.2042427633029065
2021-10-20,Ed_plus_AAL16_e-obs_7210__2021__southbound_01,"Ed + (AAL16, e-obs 7210)",37.154522,-6.1693482,37.223404,-5.8807354,37.119553,-6.199884424441367,30.54475001348029,26.68896,1,0.32761154,0.5851213,4.729023,37.154522,-6.169348239898682,26.68889662016889
2021-10-20,Europa_DER_A1A26_eobs_4004__2021__southbound_01,Europa / DER A1A26 (eobs 4004),40.322083,-3.5996642,40.31485,-3.6240296,40.30782,-3.616316970642667,1.019219735949572,2.2168155,0,0.1643597,0.5851213,2.1196146,40.322083,-3.5996642112731934,2.2167760082018577
2021-10-20,Louis_DER_AU050_eobs_3264__2021__southbound_01,Louis / DER AU050 (eobs 3264),41.658875,0.95127183,41.66311,0.9484897,41.642876,0.9331188018785284,2.5870092679325003,0.5246436,0,0.17769335,0.5851213,2.3279545,41.658875,0.9512718319892883,0.5245004928713023
2021-10-21,Ed_plus_AAL16_e-obs_7210__2021__southbound_01,"Ed + (AAL16, e-obs 7210)",37.223404,-5.8807354,37.22879,-5.881563,37.18902,-5.909842152878934,5.082323704675526,0.6031861,0,0.3249445,0.5851213,4.6027327,37.223404,-5.880735397338867,0.6034036375471512
2021-10-21,Europa_DER_A1A26_eobs_4004__2021__southbound_01,Europa / DER A1A26 (eobs 4004),40.31485,-3.6240296,40.307487,-3.6170847,40.299767,-3.6415125078901003,2.2423480530927815,1.0083095,0,0.1710195,0.5851213,2.2343652,40.31485,-3.6240296363830566,1.0084460048403467
2021-10-21,Louis_DER_AU050_eobs_3264__2021__southbound_01,Louis / DER AU050 (eobs 3264),41.66311,0.9484897,41.660633,0.9438561,41.648705,0.9320711549004852,1.6486293374076713,0.4731458,0,0.16222738,0.5851213,2.0999312,41.66311,0.9484897255897522,0.47323260823671115
2021-10-22,Ed_plus_AAL16_e-obs_7210__2021__southbound_01,"Ed + (AAL16, e-obs 7210)",37.22879,-5.881563,37.2224,-5.885379,37.201996,-5.904560895172104,2.8343436398869826,0.7865546,0,0.2839844,0.5851213,3.6024694,37.22879,-5.881563186645508,0.7867252365514553
2021-10-22,Europa_DER_A1A26_eobs_4004__2021__southbound_01,Europa / DER A1A26 (eobs 4004),40.307487,-3.6170847,40.3079,-3.6120775,40.293674,-3.6333986908465166,2.4023420751301194,0.4270481,0,0.15904473,0.5851213,2.063406,40.307487,-3.6170847415924072,0.4270569588255287
2021-10-22,Louis_DER_AU050_eobs_3264__2021__southbound_01,Louis / DER AU050 (eobs 3264),41.660633,0.9438561,41.667133,0.9495537,41.644382,0.9252360500017568,3.2375028871856504,0.8638801,0,0.17814194,0.5851213,2.374519,41.660633,0.9438561201095581,0.8639682817440499
2021-10-23,Ed_plus_AAL16_e-obs_7210__2021__southbound_01,"Ed + (AAL16, e-obs 7210)",37.2224,-5.885379,37.222507,-5.8867292,37.201286,-5.902673995578642,2.7498902360492283,0.120146975,0,0.24573308,0.5851213,2.7981565,37.2224,-5.885378837585449,0.1201582933104598
2021-10-23,Europa_DER_A1A26_eobs_4004__2021__southbound_01,Europa / DER A1A26 (eobs 4004),40.3079,-3.6120775,40.235306,-3.6294167,40.293724,-3.6293360136025226,6.495828264390249,8.20505,0,0.16252556,0.5851213,2.1472275,40.3079,-3.612077474594116,8.205011753254517
2021-10-23,Louis_DER_AU050_eobs_3264__2021__southbound_01,Louis / DER AU050 (eobs 3264),41.667133,0.9495537,41.658417,0.95126075,41.65238,0.932476344397877,1.698765042776957,0.97956157,0,0.1635793,0.5851213,2.164625,41.667133,0.9495537281036377,0.9795593402249452
2021-10-24,Ed_plus_AAL16_e-obs_7210__2021__southbound_01,"Ed + (AAL16, e-obs 7210)",37.222507,-5.8867292,37.21989,-5.886865,37.19784,-5.906693871689007,3.015732094706062,0.2911016,0,0.27154827,0.5851213,3.2573333,37.222507,-5.8867292404174805,0.2912331400630548
2021-10-24,Europa_DER_A1A26_eobs_4004__2021__southbound_01,Europa / DER A1A26 (eobs 4004),40.235306,-3.6294167,40.263374,-3.6333177,40.218117,-3.6497409093125586,5.221919905210038,3.1387563,0,0.19067323,0.5851213,2.570292,40.235306,-3.6294167041778564,3.138594159391219
2021-10-24,Louis_DER_AU050_eobs_3264__2021__southbound_01,Louis / DER AU050 (eobs 3264),41.658417,0.95126075,41.65773,0.9514614,41.643085,0.9340850855773141,2.176255802604096,0.077992156,0,0.1690557,0.5851213,2.2192862,41.658417,0.9512607455253601,0.07814970173408392
2021-10-25,Ed_plus_AAL16_e-obs_7210__2021__southbound_01,"Ed + (AAL16, e-obs 7210)",37.21989,-5.886865,37.221687,-5.8868527,37.19532,-5.9063833620311845,3.404069329212581,0.19943133,0,0.27300918,0.5851213,3.227247,37.21989,-5.886865139007568,0.19978970871448984
2021-10-25,Europa_DER_A1A26_eobs_4004__2021__southbound_01,Europa / DER A1A26 (eobs 4004),40.263374,-3.6333177,40.264034,-3.6333163,40.2471,-3.652249565310277,2.475243440903651,0.07311086,0,0.184913,0.5851213,2.4155173,40.263374,-3.633317708969116,0.073382473738283
2021-10-25,Louis_DER_AU050_eobs_3264__2021__southbound_01,Louis / DER AU050 (eobs 3264),41.65773,0.9514614,41.657867,0.9515576,41.641483,0.9335128953005842,2.3594360481972823,0.017163489,0,0.17649278,0.5851213,2.3385015,41.65773,0.9514613747596741,0.017235350756433263
2021-10-26,Ed_plus_AAL16_e-obs_7210__2021__southbound_01,"Ed + (AAL16, e-obs 7210)",37.221687,-5.8868527,37.22315,-5.8809767,37.204857,-5.899900311044769,2.6353381316160984,0.5451769,0,0.21160525,0.5851213,2.1954074,37.221687,-5.886852741241455,0.5450635817828743
2021-10-26,Europa_DER_A1A26_eobs_4004__2021__southbound_01,Europa / DER A1A26 (eobs 4004),40.264034,-3.6333163,40.260742,-3.633537,40.248047,-3.651925243097924,2.1042373404923294,0.3662775,0,0.1828067,0.5851213,2.3734314,40.264034,-3.6333162784576416,0.3665425398368079
2021-10-26,Louis_DER_AU050_eobs_3264__2021__southbound_01,Louis / DER AU050 (eobs 3264),41.657867,0.9515576,41.658127,0.9514687,41.64232,0.9342953346914649,2.264020141071354,0.029816588,0,0.17086059,0.5851213,2.2424011,41.657867,0.9515575766563416,0.029773856246311986
2021-10-27,Ed_plus_AAL16_e-obs_7210__2021__southbound_01,"Ed + (AAL16, e-obs 7210)",37.22315,-5.8809767,37.221527,-5.886993,37.207355,-5.893044576061937,1.6644414587853336,0.5624515,0,0.19948573,0.5851213,2.0519729,37.22315,-5.880976676940918,0.5623803112583983
2021-10-27,Europa_DER_A1A26_eobs_4004__2021__southbound_01,Europa / DER A1A26 (eobs 4004),40.260742,-3.633537,40.263313,-3.630154,40.2457,-3.6506823148608887,2.6211178900103356,0.40497297,0,0.17378388,0.5851213,2.2129862,40.260742,-3.6335370540618896,0.40514776935456104
2021-10-27,Louis_DER_AU050_eobs_3264__2021__southbound_01,Louis / DER AU050 (eobs 3264),41.658127,0.9514687,41.66191,0.94862694,41.642853,0.9346262494541708,2.4174444600307057,0.48242635,0,0.17040244,0.5851213,2.1966596,41.658127,0.9514687061309814,0.48248338739234675
2021-10-28,Ed_plus_AAL16_e-obs_7210__2021__southbound_01,"Ed + (AAL16, e-obs 7210)",37.221527,-5.886993,37.192818,-5.9131646,37.203823,-5.900711049309598,1.6474986096898145,3.945123,0,0.21603286,0.5851213,2.3092594,37.221527,-5.886992931365967,3.945037052353624
2021-10-28,Europa_DER_A1A26_eobs_4004__2021__southbound_01,Europa / DER A1A26 (eobs 4004),40.263313,-3.630154,40.26407,-3.6322224,40.250984,-3.6440754190621676,1.7687518850851978,0.19457458,0,0.15019184,0.5851213,1.8065847,40.263313,-3.6301538944244385,0.1945746195853942
2021-10-28,Louis_DER_AU050_eobs_3264__2021__southbound_01,Louis / DER AU050 (eobs 3264),41.66191,0.94862694,41.66794,0.9515064,41.6472,0.932673674068779,2.7865165959315634,0.71137893,0,0.1633638,0.5851213,2.101492,41.66191,0.9486269354820251,0.711600860804299
2021-10-29,Ed_plus_AAL16_e-obs_7210__2021__southbound_01,"Ed + (AAL16, e-obs 7210)",37.192818,-5.9131646,37.16616,-5.9580846,37.173702,-5.927695529564246,2.8202009744251275,4.9620266,0,0.22666596,0.5851213,2.4805703,37.192818,-5.9131646156311035,4.962231940750202
2021-10-29,Europa_DER_A1A26_eobs_4004__2021__southbound_01,Europa / DER A1A26 (eobs 4004),40.26407,-3.6322224,40.320896,-3.6073222,40.25139,-3.646332049455025,8.407425114404283,6.6626015,0,0.15094922,0.5851213,1.8463618,40.26407,-3.6322224140167236,6.662518084988917
2021-10-29,Louis_DER_AU050_eobs_3264__2021__southbound_01,Louis / DER AU050 (eobs 3264),41.66794,0.9515064,41.666363,0.9465311,41.655315,0.9379734700858424,1.4192919653939806,0.44881675,0,0.14535253,0.5851213,1.7949358,41.66794,0.9515063762664795,0.4488665456083614
2021-10-30,Ed_plus_AAL16_e-obs_7210__2021__southbound_01,"Ed + (AAL16, e-obs 7210)",37.16616,-5.9580846,37.171257,-5.958897,37.14624,-5.973488745767445,3.0676012495865774,0.57112414,0,0.2285513,0.5851213,2.5974085,37.16616,-5.958084583282471,0.571253582335652
2021-10-30,Europa_DER_A1A26_eobs_4004__2021__southbound_01,Europa / DER A1A26 (eobs 4004),40.320896,-3.6073222,40.25067,-3.6785955,40.308407,-3.6207527511505964,8.0803567034773,9.875549,0,0.1448379,0.5851213,1.7926109,40.320896,-3.6073222160339355,9.87543884541994
2021-10-30,Louis_DER_AU050_eobs_3264__2021__southbound_01,Louis / DER AU050 (eobs 3264),41.666363,0.9465311,41.664085,0.9515797,41.652607,0.931705096550863,2.086913460802991,0.48978877,0,0.15205888,0.5851213,1.960381,41.666363,0.9465311169624329,0.4898974209524478
2021-10-31,Ed_plus_AAL16_e-obs_7210__2021__southbound_01,"Ed + (AAL16, e-obs 7210)",37.171257,-5.958897,37.176624,-5.9551215,37.152275,-5.973999752877626,3.1826099853792256,0.6841221,0,0.21647096,0.5851213,2.4949102,37.171257,-5.958897113800049,0.6841727359496502
2021-10-31,Europa_DER_A1A26_eobs_4004__2021__southbound_01,Europa / DER A1A26 (eobs 4004),40.25067,-3.6785955,40.29147,-3.633428,40.237755,-3.6929264128711985,7.820538007356388,5.9384594,0,0.14269577,0.5851213,1.8785741,40.25067,-3.678595542907715,5.938439501616099
2021-10-31,Louis_DER_AU050_eobs_3264__2021__southbound_01,Louis / DER AU050 (eobs 3264),41.664085,0.9515797,41.66187,0.9440007,41.651474,0.9380090288591723,1.2585070890317653,0.6761791,0,0.13804328,0.5851213,1.7961506,41.664085,0.9515796899795532,0.6761031358820943
2021-11-01,Ed_plus_AAL16_e-obs_7210__2021__southbound_01,"Ed + (AAL16, e-obs 7210)",37.176624,-5.9551215,37.22026,-5.8845806,37.158054,-5.97040485546211,10.278339352841847,7.9106402,0,0.21145226,0.5851213,2.4648921,37.176624,-5.9551215171813965,7.910764580245208
2021-11-01,Europa_DER_A1A26_eobs_4004__2021__southbound_01,Europa / DER A1A26 (eobs 4004),40.29147,-3.633428,40.291492,-3.633498,40.278313,-3.648184396399467,1.9234578409058196,0.0064747115,0,0.1409054,0.5851213,1.9218869,40.29147,-3.6334280967712402,0.006448424467515745
2021-11-01,Louis_DER_AU050_eobs_3264__2021__southbound_01,Louis / DER AU050 (eobs 3264),41.66187,0.9440007,41.66325,0.95109147,41.64897,0.9297327024779917,2.3810695850987007,0.60867715,0,0.1387623,0.5851213,1.8573979,41.66187,0.9440007209777832,0.6087193890980879
2021-11-02,Ed_plus_AAL16_e-obs_7210__2021__southbound_01,"Ed + (AAL16, e-obs 7210)",37.22026,-5.8845806,37.221363,-5.884307,37.199444,-5.9014398411547075,2.8709870243289677,0.12514307,0,0.22932255,0.5851213,2.7495058,37.22026,-5.884580612182617,0.12495944293383553
2021-11-02,Europa_DER_A1A26_eobs_4004__2021__southbound_01,Europa / DER A1A26 (eobs 4004),40.291492,-3.633498,40.291645,-3.6330664,40.27609,-3.6512580822678706,2.318051119634924,0.040410653,0,0.15808004,0.5851213,2.2770844,40.291492,-3.633497953414917,0.040342538657949865
2021-11-02,Louis_DER_AU050_eobs_3264__2021__southbound_01,Louis / DER AU050 (eobs 3264),41.66325,0.95109147,41.66276,0.95132405,41.6503,0.9366259797301659,1.8470144945736924,0.05763212,0,0.13898553,0.5851213,1.8723396,41.66325,0.951091468334198,0.057629523284615486
2021-11-03,Ed_plus_AAL16_e-obs_7210__2021__southbound_01,"Ed + (AAL16, e-obs 7210)",37.221363,-5.884307,37.222183,-5.8824253,37.19986,-5.901829128368796,3.019009097433833,0.19002093,0,0.2327464,0.5851213,2.8454447,37.221363,-5.884306907653809,0.18993273847298753
2021-11-03,Europa_DER_A1A26_eobs_4004__2021__southbound_01,Europa / DER A1A26 (eobs 4004),40.291645,-3.6330664,40.291332,-3.6330643,40.278015,-3.6486124539213023,1.982966760410483,0.034721166,0,0.14428654,0.5851213,2.005331,40.291645,-3.633066415786743,0.03478287274760477
2021-11-03,Louis_DER_AU050_eobs_3264__2021__southbound_01,Louis / DER AU050 (eobs 3264),41.66276,0.95132405,41.663937,0.94854164,41.65002,0.9371193694642332,1.8151886547761962,0.26560953,0,0.13716298,0.5851213,1.840662,41.66276,0.9513240456581116,0.26550181057449795
2021-11-04,Ed_plus_AAL16_e-obs_7210__2021__southbound_01,"Ed + (AAL16, e-obs 7210)",37.222183,-5.8824253,37.19028,-5.9281163,37.203472,-5.898015326039641,3.0430113370929814,5.3814263,0,0.21375722,0.5851213,2.492603,37.222183,-5.882425308227539,5.381291449502695
2021-11-04,Europa_DER_A1A26_eobs_4004__2021__southbound_01,Europa / DER A1A26 (eobs 4004),40.291332,-3.6330643,40.263615,-3.633206,40.275936,-3.650849499021367,2.029273844456184,3.0824177,0,0.1568697,0.5851213,2.27762,40.291332,-3.6330642700195312,3.08208309683555
2021-11-04,Louis_DER_AU050_eobs_3264__2021__southbound_01,Louis / DER AU050 (eobs 3264),41.663937,0.94854164,41.66468,0.94754547,41.65019,0.9327119372317406,2.028642298269963,0.11704492,0,0.14824297,0.5851213,2.0129828,41.663937,0.9485416412353516,0.11700131328125359
2021-11-05,Ed_plus_AAL16_e-obs_7210__2021__southbound_01,"Ed + (AAL16, e-obs 7210)",37.19028,-5.9281163,37.19209,-5.950459,37.17199,-5.943765452462779,2.312310056439975,1.9892833,0,0.21175504,0.5851213,2.4569476,37.19028,-5.928116321563721,1.9893136233019377
2021-11-05,Europa_DER_A1A26_eobs_4004__2021__southbound_01,Europa / DER A1A26 (eobs 4004),40.263615,-3.633206,40.26306,-3.633591,40.247486,-3.6521607028063547,2.341540698677368,0.06956194,0,0.16536608,0.5851213,2.4046478,40.263615,-3.6332058906555176,0.06964445367273543
2021-11-05,Louis_DER_AU050_eobs_3264__2021__southbound_01,Louis / DER AU050 (eobs 3264),41.66468,0.94754547,41.669514,0.9460496,41.649654,0.9304370624465786,2.5609806595361846,0.55171835,0,0.15826716,0.5851213,2.1895442,41.66468,0.9475454688072205,0.5516078382057071
2021-11-06,Ed_plus_AAL16_e-obs_7210__2021__southbound_01,"Ed + (AAL16, e-obs 7210)",37.19209,-5.950459,37.19251,-5.8818226,37.175346,-5.964733188395007,7.588839068606319,6.079938,0,0.1997202,0.5851213,2.2464752,37.19209,-5.950459003448486,6.079940837567866
2021-11-06,Europa_DER_A1A26_eobs_4004__2021__southbound_01,Europa / DER A1A26 (eobs 4004),40.26306,-3.633591,40.263786,-3.633254,40.2448,-3.6553740683000155,2.8249865483461916,0.08565905,0,0.1888326,0.5851213,2.740823,40.26306,-3.6335909366607666,0.08551252981131274
2021-11-06,Louis_DER_AU050_eobs_3264__2021__southbound_01,Louis / DER AU050 (eobs 3264),41.669514,0.9460496,41.663757,0.9513165,41.65505,0.9294613317713256,2.0577262208216602,0.775325,0,0.15788504,0.5851213,2.1143599,41.669514,0.9460495710372925,0.775311819075042
2021-11-07,Ed_plus_AAL16_e-obs_7210__2021__southbound_01,"Ed + (AAL16, e-obs 7210)",37.19251,-5.8818226,37.164833,-5.9613924,37.177814,-5.89388504437919,6.153119972637144,7.6920037,0,0.18167293,0.5851213,1.9487879,37.19251,-5.88182258605957,7.691936229529024
2021-11-07,Europa_DER_A1A26_eobs_4004__2021__southbound_01,Europa / DER A1A26 (eobs 4004),40.263786,-3.633254,40.321423,-3.5995865,40.24902,-3.6504531524989483,9.13415340476034,7.0159526,0,0.16506751,0.5851213,2.1929529,40.263786,-3.633254051208496,7.016225033839447
2021-11-07,Louis_DER_AU050_eobs_3264__2021__southbound_01,Louis / DER AU050 (eobs 3264),41.663757,0.9513165,41.657715,0.9514639,41.648575,0.9341347868402838,1.7623285729518656,0.6724081,0,0.16788803,0.5851213,2.206947,41.663757,0.9513164758682251,0.6720056745472465
2021-11-08,Ed_plus_AAL16_e-obs_7210__2021__southbound_01,"Ed + (AAL16, e-obs 7210)",37.164833,-5.9613924,37.210426,-5.901478,37.149418,-5.97378815736102,9.33061894515179,7.339819,0,0.18867363,0.5851213,2.032242,37.164833,-5.961392402648926,7.339758965178163
2021-11-08,Europa_DER_A1A26_eobs_4004__2021__southbound_01,Europa / DER A1A26 (eobs 4004),40.321423,-3.5995865,40.33385,-3.5989313,40.308132,-3.6145720474867264,3.152250592332149,1.3833815,0,0.15285079,0.5851213,1.9453471,40.321423,-3.5995864868164062,1.3830795771697548
2021-11-08,Louis_DER_AU050_eobs_3264__2021__southbound_01,Louis / DER AU050 (eobs 3264),41.657715,0.9514639,41.647175,0.9578444,41.642853,0.9354764833477937,1.9197540100700867,1.2862917,0,0.16663174,0.5851213,2.116576,41.657715,0.9514638781547546,1.2863127997813004
2021-11-09,Ed_plus_AAL16_e-obs_7210__2021__southbound_01,"Ed + (AAL16, e-obs 7210)",37.210426,-5.901478,37.22079,-5.887798,37.19625,-5.912689168002621,3.507879685656658,1.6720436,0,0.17836598,0.5851213,1.8594775,37.210426,-5.901477813720703,1.6720296273249657
2021-11-09,Europa_DER_A1A26_eobs_4004__2021__southbound_01,Europa / DER A1A26 (eobs 4004),40.33385,-3.5989313,40.284847,-3.622396,40.321564,-3.6124892905266237,4.168227484318285,5.800771,0,0.14713821,0.5851213,1.7820591,40.33385,-3.598931312561035,5.800848934458742
2021-11-09,Louis_DER_AU050_eobs_3264__2021__southbound_01,Louis / DER AU050 (eobs 3264),41.647175,0.9578444,41.647053,0.95779747,41.63218,0.9418874664658357,2.1173747545491857,0.013858133,0,0.16696239,0.5851213,2.1266952,41.647175,0.9578443765640259,0.01412214955340792
2021-11-10,Ed_plus_AAL16_e-obs_7210__2021__southbound_01,"Ed + (AAL16, e-obs 7210)",37.22079,-5.887798,37.168835,-5.954089,37.20721,-5.898164895875957,6.53844480719209,8.237499,0,0.17341408,0.5851213,1.7642018,37.22079,-5.887797832489014,8.237436896650282
2021-11-10,Europa_DER_A1A26_eobs_4004__2021__southbound_01,Europa / DER A1A26 (eobs 4004),40.284847,-3.622396,40.263058,-3.6326995,40.271324,-3.637239734523067,0.9966461707749668,2.575967,0,0.15687354,0.5851213,1.9578401,40.284847,-3.6223959922790527,2.575751099254903
2021-11-11,Ed_plus_AAL16_e-obs_7210__2021__southbound_01,"Ed + (AAL16, e-obs 7210)",37.168835,-5.954089,37.168278,-5.952407,37.153576,-5.965108584720334,1.98479201192625,0.16150384,0,0.18832184,0.5851213,1.954102,37.168835,-5.954089164733887,0.1614149289670285
2021-11-11,Europa_DER_A1A26_eobs_4004__2021__southbound_01,Europa / DER A1A26 (eobs 4004),40.263058,-3.6326995,40.235367,-3.618495,40.248966,-3.6475325977312485,2.8915666604637282,3.3066163,0,0.16249064,0.5851213,2.006209,40.263058,-3.632699489593506,3.306670546639846
2021-11-12,Ed_plus_AAL16_e-obs_7210__2021__southbound_01,"Ed + (AAL16, e-obs 7210)",37.168278,-5.952407,37.16686,-5.946577,37.15494,-5.961279828573491,1.8583606715652445,0.54006726,0,0.16836576,0.5851213,1.6755097,37.168278,-5.952406883239746,0.5401320394091588
2021-11-12,Europa_DER_A1A26_eobs_4004__2021__southbound_01,Europa / DER A1A26 (eobs 4004),40.235367,-3.618495,40.208237,-3.602621,40.221832,-3.6319700287432726,2.9147567529199057,3.3041394,0,0.15707795,0.5851213,1.8871506,40.235367,-3.618494987487793,3.3041052649641927
2021-11-13,Ed_plus_AAL16_e-obs_7210__2021__southbound_01,"Ed + (AAL16, e-obs 7210)",37.16686,-5.946577,37.166683,-5.9542823,37.154907,-5.954175803084719,1.309463977750901,0.68302286,0,0.15379213,0.5851213,1.4872032,37.16686,-5.946577072143555,0.6830312631941468
2021-11-13,Europa_DER_A1A26_eobs_4004__2021__southbound_01,Europa / DER A1A26 (eobs 4004),40.208237,-3.602621,40.33112,-3.6038399,40.195995,-3.6140332447124384,15.050020534591589,13.664598,1,0.14314581,0.5851213,1.6680208,40.208237,-3.602621078491211,13.664358862231758
2021-11-14,Ed_plus_AAL16_e-obs_7210__2021__southbound_01,"Ed + (AAL16, e-obs 7210)",37.166683,-5.9542823,37.166874,-5.9541974,37.153793,-5.962575063621543,1.6330104340617024,0.022318022,0,0.15976545,0.5851213,1.6079893,37.166683,-5.954282283782959,0.02250279871408313
2021-11-14,Europa_DER_A1A26_eobs_4004__2021__southbound_01,Europa / DER A1A26 (eobs 4004),40.33112,-3.6038399,40.32137,-3.594558,40.31949,-3.6146065219523673,1.7125158457822218,1.3398452,0,0.13307595,0.5851213,1.5799756,40.33112,-3.603839874267578,1.3396253328451024
2021-11-15,Ed_plus_AAL16_e-obs_7210__2021__southbound_01,"Ed + (AAL16, e-obs 7210)",37.166874,-5.9541974,37.166843,-5.95422,37.155514,-5.961217222160566,1.4041364004300665,0.0038858312,0,0.14414002,0.5851213,1.4055383,37.166874,-5.954197406768799,0.003931766757650027
2021-11-15,Europa_DER_A1A26_eobs_4004__2021__southbound_01,Europa / DER A1A26 (eobs 4004),40.32137,-3.594558,40.263817,-3.6321826,40.308945,-3.6061102637900726,5.483709076597666,7.1507955,0,0.14435071,0.5851213,1.6904464,40.32137,-3.594558000564575,7.151028153773489
2021-11-16,Ed_plus_AAL16_e-obs_7210__2021__southbound_01,"Ed + (AAL16, e-obs 7210)",37.166843,-5.95422,37.153416,-5.9547462,37.15452,-5.961969385874935,0.6517768144271072,1.4938662,0,0.15219778,0.5851213,1.530335,37.166843,-5.954219818115234,1.493826598968396
2021-11-16,Europa_DER_A1A26_eobs_4004__2021__southbound_01,Europa / DER A1A26 (eobs 4004),40.263817,-3.6321826,40.2646,-3.6329992,40.25019,-3.644986158833144,1.897748049356311,0.11092278,0,0.1561755,0.5851213,1.8610187,40.263817,-3.6321825981140137,0.11118469207652287
2021-11-17,Europa_DER_A1A26_eobs_4004__2021__southbound_01,Europa / DER A1A26 (eobs 4004),40.2646,-3.6329992,40.264763,-3.6320436,40.25206,-3.644999147609243,1.7899121534754496,0.08312205,0,0.14554995,0.5851213,1.7235968,40.2646,-3.6329991817474365,0.08310665239558496
2021-11-18,Europa_DER_A1A26_eobs_4004__2021__southbound_01,Europa / DER A1A26 (eobs 4004),40.264763,-3.6320436,40.313248,-3.60496,40.25345,-3.643239704554296,7.399860630018163,5.860239,0,0.13630648,0.5851213,1.5737787,40.264763,-3.6320436000823975,5.860284745476826
2021-11-19,Europa_DER_A1A26_eobs_4004__2021__southbound_01,Europa / DER A1A26 (eobs 4004),40.313248,-3.60496,40.327168,-3.599088,40.302765,-3.6155771557385044,3.052438136455565,1.6258845,0,0.12903738,0.5851213,1.4703156,40.313248,-3.6049599647521973,1.62590523483509
2021-11-20,Europa_DER_A1A26_eobs_4004__2021__southbound_01,Europa / DER A1A26 (eobs 4004),40.327168,-3.599088,40.327198,-3.597524,40.31721,-3.609536375946062,1.5067482424635597,0.13263825,0,0.12567139,0.5851213,1.4151629,40.327168,-3.599087953567505,0.13262719984109533
2021-11-21,Europa_DER_A1A26_eobs_4004__2021__southbound_01,Europa / DER A1A26 (eobs 4004),40.327198,-3.597524,40.26402,-3.6027386,40.3178,-3.6072586769246078,5.9923034978562475,7.0392184,0,0.11972864,0.5851213,1.3294898,40.327198,-3.5975239276885986,7.039102911008691
2021-11-22,Europa_DER_A1A26_eobs_4004__2021__southbound_01,Europa / DER A1A26 (eobs 4004),40.26402,-3.6027386,40.30714,-3.5990047,40.254536,-3.612220686618454,5.955846995370237,4.805337,0,0.116251506,0.5851213,1.3239893,40.26402,-3.602738618850708,4.805329423377764
2021-11-23,Europa_DER_A1A26_eobs_4004__2021__southbound_01,Europa / DER A1A26 (eobs 4004),40.30714,-3.5990047,40.176826,-3.5660312,40.298836,-3.6066440317417428,13.99796492825578,14.757829,1,0.10383548,0.5851213,1.1259793,40.30714,-3.5990047454833984,14.758065494602285
2021-11-24,Europa_DER_A1A26_eobs_4004__2021__southbound_01,Europa / DER A1A26 (eobs 4004),40.176826,-3.5660312,40.17684,-3.5659435,40.168705,-3.5733357380449347,1.1014017934280653,0.0076360875,0,0.10331405,0.5851213,1.093998,40.176826,-3.5660312175750732,0.00764483014005732
2021-11-25,Europa_DER_A1A26_eobs_4004__2021__southbound_01,Europa / DER A1A26 (eobs 4004),40.17684,-3.5659435,40.185543,-3.575326,40.16895,-3.5726312058245577,1.859312882994081,1.2534872,0,0.10164301,0.5851213,1.0435518,40.17684,-3.565943479537964,1.253585719550476
2021-11-26,Europa_DER_A1A26_eobs_4004__2021__southbound_01,Europa / DER A1A26 (eobs 4004),40.185543,-3.575326,40.301094,-3.5659697,40.177082,-3.5823279585919345,13.859253965137894,12.873242,1,0.10478469,0.5851213,1.1110957,40.185543,-3.5753259658813477,12.873219368975118
2021-11-27,Europa_DER_A1A26_eobs_4004__2021__southbound_01,Europa / DER A1A26 (eobs 4004),40.301094,-3.5659697,40.1944,-3.5753632,40.292442,-3.5728110686106884,10.903888040098789,11.890416,1,0.10541853,0.5851213,1.1213132,40.301094,-3.565969705581665,11.890522518929393
2021-11-28,Europa_DER_A1A26_eobs_4004__2021__southbound_01,Europa / DER A1A26 (eobs 4004),40.1944,-3.5753632,40.32036,-3.5889318,40.184475,-3.5832011401721746,15.117382632918194,14.052992,1,0.11626019,0.5851213,1.2867165,40.1944,-3.5753631591796875,14.053101885948955
2021-11-29,Europa_DER_A1A26_eobs_4004__2021__southbound_01,Europa / DER A1A26 (eobs 4004),40.32036,-3.5889318,40.286144,-3.6072855,40.31069,-3.59658480221988,2.8764727808859303,4.110545,0,0.115038775,0.5851213,1.2532475,40.32036,-3.5889317989349365,4.110487170100249
2021-11-30,Europa_DER_A1A26_eobs_4004__2021__southbound_01,Europa / DER A1A26 (eobs 4004),40.286144,-3.6072855,40.20809,-3.602592,40.275536,-3.6157374230533073,7.581970408157483,8.688307,0,0.12442332,0.5851213,1.3779545,40.286144,-3.607285499572754,8.688192930538449
2021-12-01,Europa_DER_A1A26_eobs_4004__2021__southbound_01,Europa / DER A1A26 (eobs 4004),40.20809,-3.602592,40.20811,-3.623674,40.197376,-3.6106459243454063,1.6275545855585918,1.7902683,0,0.12604001,0.5851213,1.3714937,40.20809,-3.6025919914245605,1.7902827395757246
2021-12-02,Europa_DER_A1A26_eobs_4004__2021__southbound_01,Europa / DER A1A26 (eobs 4004),40.20811,-3.623674,40.132435,-3.6237237,40.196358,-3.6326107162768437,7.147913395558228,8.415055,0,0.13328421,0.5851213,1.5087625,40.20811,-3.623673915863037,8.414795993393648
2022-06-16,Angela_DER_AY470_eobs_4001__2022__southbound_01,Angela / DER AY470 (eobs 4001),48.137405,7.7458625,48.13461,7.7570877,48.128162,7.739026117133569,1.520076898895393,0.88913476,0,0.13808754,0.5851213,1.1442975,48.137405,7.7458624839782715,0.8891325925059758
2022-06-17,Angela_DER_AY470_eobs_4001__2022__southbound_01,Angela / DER AY470 (eobs 4001),48.13461,7.7570877,48.14088,7.749649,48.125977,7.750906319333727,1.6598783853272927,0.8894275,0,0.13555576,0.5851213,1.0620191,48.13461,7.757087707519531,0.8893700446524428
2022-06-18,Angela_DER_AY470_eobs_4001__2022__southbound_01,Angela / DER AY470 (eobs 4001),48.14088,7.749649,48.134766,7.7496576,48.13261,7.743877345677859,0.49136946393656716,0.67993593,0,0.13449402,0.5851213,1.0127947,48.14088,7.7496490478515625,0.6799537346271216
2022-06-19,Angela_DER_AY470_eobs_4001__2022__southbound_01,Angela / DER AY470 (eobs 4001),48.134766,7.7496576,48.133423,7.757559,48.126274,7.743613756060854,1.3049926429800227,0.6051188,0,0.13766013,0.5851213,1.0435109,48.134766,7.74965763092041,0.6050625904505434
2022-06-20,Angela_DER_AY470_eobs_4001__2022__southbound_01,Angela / DER AY470 (eobs 4001),48.133423,7.757559,48.14129,7.7506833,48.125076,7.751509488209088,1.8037884960290753,1.0127189,0,0.13950649,0.5851213,1.0290099,48.133423,7.757558822631836,1.0125805050689265
2022-06-21,Angela_DER_AY470_eobs_4001__2022__southbound_01,Angela / DER AY470 (eobs 4001),48.14129,7.7506833,48.121136,7.7597175,48.13251,7.744051570813285,1.7181119707914767,2.3389556,0,0.14357829,0.5851213,1.0910703,48.14129,7.750683307647705,2.339069341453852
2022-06-22,Angela_DER_AY470_eobs_4001__2022__southbound_01,Angela / DER AY470 (eobs 4001),48.121136,7.7597175,48.136864,7.7544317,48.111996,7.752561470543736,2.768682817955832,1.7920554,0,0.1461728,0.5851213,1.144663,48.121136,7.7597174644470215,1.7923344891136013
2022-06-23,Angela_DER_AY470_eobs_4001__2022__southbound_01,Angela / DER AY470 (eobs 4001),48.136864,7.7544317,48.151844,7.753538,48.128277,7.747688490372743,2.656260540086265,1.6669482,0,0.14104243,0.5851213,1.0762479,48.136864,7.75443172454834,1.6670564042228444
2022-06-24,Angela_DER_AY470_eobs_4001__2022__southbound_01,Angela / DER AY470 (eobs 4001),48.151844,7.753538,48.151802,7.7496066,48.14301,7.746439558141653,1.0055621280989253,0.29169822,0,0.1425921,0.5851213,1.112609,48.151844,7.753538131713867,0.2916965436118834
2022-06-25,Angela_DER_AY470_eobs_4001__2022__southbound_01,Angela / DER AY470 (eobs 4001),48.151802,7.7496066,48.15153,7.7494283,48.141964,7.741082453896651,1.2309104785049878,0.032877333,0,0.14925419,0.5851213,1.2615072,48.151802,7.749606609344482,0.03289426825917384
2022-06-26,Angela_DER_AY470_eobs_4001__2022__southbound_01,Angela / DER AY470 (eobs 4001),48.15153,7.7494283,48.14006,7.7497954,48.141724,7.740694254338855,0.7001792743645029,1.2754877,0,0.1466288,0.5851213,1.2661792,48.15153,7.7494282722473145,1.2757868018824365
2022-06-27,Angela_DER_AY470_eobs_4001__2022__southbound_01,Angela / DER AY470 (eobs 4001),48.14006,7.7497954,48.142757,7.7487884,48.130283,7.741153152285371,1.498311622432823,0.30900282,0,0.14212888,0.5851213,1.2601583,48.14006,7.749795436859131,0.30906171459956017
2022-06-28,Angela_DER_AY470_eobs_4001__2022__southbound_01,Angela / DER AY470 (eobs 4001),48.142757,7.7487884,48.15182,7.7496433,48.13338,7.740621508209596,2.1569665212047555,1.0097941,0,0.13692707,0.5851213,1.2037295,48.142757,7.748788356781006,1.0098352919555154
2022-06-29,Angela_DER_AY470_eobs_4001__2022__southbound_01,Angela / DER AY470 (eobs 4001),48.15182,7.7496433,48.148563,7.7573185,48.142757,7.741788825297814,1.3207449589048634,0.67481494,0,0.13421348,0.5851213,1.1621528,48.15182,7.749643325805664,0.674861109696934
2022-06-30,Angela_DER_AY470_eobs_4001__2022__southbound_01,Angela / DER AY470 (eobs 4001),48.148563,7.7573185,48.13624,7.7571564,48.139183,7.748969113626888,0.6901694088408497,1.3707656,0,0.1366149,0.5851213,1.2108731,48.148563,7.757318496704102,1.3705640536765007
2022-07-01,Angela_DER_AY470_eobs_4001__2022__southbound_01,Angela / DER AY470 (eobs 4001),48.13624,7.7571564,48.14824,7.7522483,48.12648,7.748243378507402,2.437680874478466,1.3832718,0,0.13889526,0.5851213,1.2686102,48.13624,7.7571563720703125,1.3832555537799212
2022-07-02,Angela_DER_AY470_eobs_4001__2022__southbound_01,Angela / DER AY470 (eobs 4001),48.14824,7.7522483,48.1052,7.758968,48.138947,7.743805919973752,3.9174028789882485,4.811267,0,0.13529512,0.5851213,1.2060484,48.14824,7.752248287200928,4.81146690172518
2022-07-03,Angela_DER_AY470_eobs_4001__2022__southbound_01,Angela / DER AY470 (eobs 4001),48.1052,7.758968,48.13729,7.749495,48.095882,7.750428230058953,4.604946926024968,3.6365101,0,0.13568181,0.5851213,1.2127512,48.1052,7.758967876434326,3.6367890346065948
2022-07-04,Angela_DER_AY470_eobs_4001__2022__southbound_01,Angela / DER AY470 (eobs 4001),48.13729,7.749495,48.126923,7.7582455,48.128002,7.740888755496782,1.2937964198384682,1.3231084,0,0.13696772,0.5851213,1.2121986,48.13729,7.749495029449463,1.3232228202555172
2022-07-05,Angela_DER_AY470_eobs_4001__2022__southbound_01,Angela / DER AY470 (eobs 4001),48.126923,7.7582455,48.1214,7.7581725,48.11787,7.749956323812659,0.7252065301769418,0.61402655,0,0.13528405,0.5851213,1.1776371,48.126923,7.758245468139648,0.6142300940882631
2022-07-06,Angela_DER_AY470_eobs_4001__2022__southbound_01,Angela / DER AY470 (eobs 4001),48.1214,7.7581725,48.123215,7.7582374,48.111332,7.748422114893212,1.5088926221639578,0.20183226,0,0.14422947,0.5851213,1.3305001,48.1214,7.758172512054443,0.20196494300998336
2022-07-07,Angela_DER_AY470_eobs_4001__2022__southbound_01,Angela / DER AY470 (eobs 4001),48.123215,7.7582374,48.127316,7.7711196,48.11311,7.74823141453488,2.3198780743782716,1.0593013,0,0.14465433,0.5851213,1.3445928,48.123215,7.758237361907959,1.0593245423035493
2022-07-08,Angela_DER_AY470_eobs_4001__2022__southbound_01,Angela / DER AY470 (eobs 4001),48.127316,7.7711196,48.122665,7.759184,48.117676,7.761535638933178,0.5816377502979695,1.0258743,0,0.14135514,0.5851213,1.2840849,48.127316,7.771119594573975,1.0257681162517533
2022-07-09,Angela_DER_AY470_eobs_4001__2022__southbound_01,Angela / DER AY470 (eobs 4001),48.122665,7.759184,48.107132,7.7732925,48.11228,7.748384273028751,1.9359593848870449,2.0197093,0,0.14935793,0.5851213,1.4029831,48.122665,7.759183883666992,2.0200041601092624
2022-07-10,Angela_DER_AY470_eobs_4001__2022__southbound_01,Angela / DER AY470 (eobs 4001),48.107132,7.7732925,48.064213,7.807008,48.097374,7.763144236116378,4.920823295860779,5.3898654,0,0.14479744,0.5851213,1.3188087,48.107132,7.773292541503906,5.389593828857018
2022-07-11,Angela_DER_AY470_eobs_4001__2022__southbound_01,Angela / DER AY470 (eobs 4001),48.064213,7.807008,48.118717,7.760838,48.054432,7.796575566265382,7.625188403197174,6.9635186,0,0.14535856,0.5851213,1.3332723,48.064213,7.807007789611816,6.963475386049415
2022-07-12,Angela_DER_AY470_eobs_4001__2022__southbound_01,Angela / DER AY470 (eobs 4001),48.118717,7.760838,48.091064,7.77622,48.108555,7.749508572342679,2.777949714207145,3.2798848,0,0.15109436,0.5851213,1.4060711,48.118717,7.760838031768799,3.280118642683669
2022-07-13,Angela_DER_AY470_eobs_4001__2022__southbound_01,Angela / DER AY470 (eobs 4001),48.091064,7.77622,48.07595,7.791768,48.08127,7.765396713942804,2.046431317783872,2.039396,0,0.14783491,0.5851213,1.3512566,48.091064,7.776219844818115,2.0391991916834136
2022-07-14,Angela_DER_AY470_eobs_4001__2022__southbound_01,Angela / DER AY470 (eobs 4001),48.07595,7.791768,48.049126,7.8188767,48.06613,7.780942329821868,3.3947524727475358,3.599204,0,0.14847484,0.5851213,1.353625,48.07595,7.7917680740356445,3.599376984026482
2022-07-15,Angela_DER_AY470_eobs_4001__2022__southbound_01,Angela / DER AY470 (eobs 4001),48.049126,7.8188767,48.103233,7.766294,48.03856,7.806740880648158,7.794160511676775,7.173266,0,0.15747878,0.5851213,1.4787478,48.049126,7.81887674331665,7.173546230944482
2022-07-16,Angela_DER_AY470_eobs_4001__2022__southbound_01,Angela / DER AY470 (eobs 4001),48.103233,7.766294,48.04949,7.8192673,48.09271,7.75427381732677,6.812705162719462,7.1551013,0,0.15615651,0.5851213,1.4691597,48.103233,7.766294002532959,7.155337344620518
2022-07-17,Angela_DER_AY470_eobs_4001__2022__southbound_01,Angela / DER AY470 (eobs 4001),48.04949,7.8192673,48.07285,7.756972,48.038414,7.806184482672842,5.295284050155014,5.308215,0,0.16348547,0.5851213,1.5666442,48.04949,7.819267272949219,5.308310722861977
2022-07-18,Angela_DER_AY470_eobs_4001__2022__southbound_01,Angela / DER AY470 (eobs 4001),48.07285,7.756972,48.04899,7.822951,48.061092,7.742746168467834,6.111231561307618,5.5751677,0,0.17063749,0.5851213,1.6782544,48.07285,7.756971836090088,5.575119376860773
2022-07-19,Angela_DER_AY470_eobs_4001__2022__southbound_01,Angela / DER AY470 (eobs 4001),48.04899,7.822951,48.124626,7.7589154,48.03773,7.809648971366262,10.371309829594866,9.662439,0,0.16657461,0.5851213,1.5924906,48.04899,7.822950839996338,9.66237033181584
2022-07-20,Angela_DER_AY470_eobs_4001__2022__southbound_01,Angela / DER AY470 (eobs 4001),48.124626,7.7589154,48.135765,7.7564077,48.11292,7.745011969569156,2.677503145334051,1.252556,0,0.17263678,0.5851213,1.6584524,48.124626,7.758915424346924,1.2524970843452168
2022-07-21,Angela_DER_AY470_eobs_4001__2022__southbound_01,Angela / DER AY470 (eobs 4001),48.135765,7.7564077,48.104126,7.7561326,48.1239,7.742340785064172,2.4256217991691305,3.5179493,0,0.17308265,0.5851213,1.67943,48.135765,7.756407737731934,3.5181714465736325
2022-07-22,Angela_DER_AY470_eobs_4001__2022__southbound_01,Angela / DER AY470 (eobs 4001),48.104126,7.7561326,48.118336,7.7548037,48.09225,7.742158711968085,3.048693282080718,1.5828824,0,0.17008835,0.5851213,1.6765226,48.104126,7.75613260269165,1.583131548755365
2022-07-23,Angela_DER_AY470_eobs_4001__2022__southbound_01,Angela / DER AY470 (eobs 4001),48.118336,7.7548037,48.137905,7.757325,48.107273,7.742066246908387,3.589506919737352,2.184045,0,0.16402404,0.5851213,1.5488224,48.118336,7.754803657531738,2.1840533408288216
2022-07-24,Angela_DER_AY470_eobs_4001__2022__southbound_01,Angela / DER AY470 (eobs 4001),48.137905,7.757325,48.048836,7.8213377,48.126907,7.744566209199986,10.386523047111648,10.985915,1,0.16306095,0.5851213,1.5439065,48.137905,7.757325172424316,10.986025594844572
2022-07-25,Angela_DER_AY470_eobs_4001__2022__southbound_01,Angela / DER AY470 (eobs 4001),48.048836,7.8213377,48.04876,7.821447,48.033955,7.801695752124242,2.2059501478980765,0.011765968,0,0.19714698,0.5851213,2.202973,48.048836,7.821337699890137,0.011741134673680523
2022-07-26,Angela_DER_AY470_eobs_4001__2022__southbound_01,Angela / DER AY470 (eobs 4001),48.04876,7.821447,48.050156,7.8170605,48.029465,7.79278513377238,2.9241430715277756,0.36108363,0,0.24106802,0.5851213,3.0183985,48.04876,7.821446895599365,0.36112835719488967
2022-07-27,Angela_DER_AY470_eobs_4001__2022__southbound_01,Angela / DER AY470 (eobs 4001),48.050156,7.8170605,48.048626,7.8205914,48.024315,7.773863944057744,4.40205963502594,0.3126264,0,0.29337424,0.5851213,4.3013177,48.050156,7.817060470581055,0.31276392922160434
2022-07-28,Angela_DER_AY470_eobs_4001__2022__southbound_01,Angela / DER AY470 (eobs 4001),48.048626,7.8205914,48.048702,7.820163,48.02494,7.7800579001317764,3.9840304007252585,0.03291327,0,0.2853268,0.5851213,3.9947183,48.048626,7.820591449737549,0.03297512678120695
2022-07-29,Angela_DER_AY470_eobs_4001__2022__southbound_01,Angela / DER AY470 (eobs 4001),48.048702,7.820163,48.047768,7.827323,48.023193,7.774485062071612,4.785503468494985,0.54227185,0,0.30447426,0.5851213,4.416405,48.048702,7.820162773132324,0.5422991998851918
2022-07-30,Angela_DER_AY470_eobs_4001__2022__southbound_01,Angela / DER AY470 (eobs 4001),48.047768,7.827323,48.13316,7.7576375,48.021053,7.77901519897367,12.566438238311344,10.814234,1,0.3162828,0.5851213,4.652064,48.047768,7.827322959899902,10.814200694363496
2022-07-31,Angela_DER_AY470_eobs_4001__2022__southbound_01,Angela / DER AY470 (eobs 4001),48.13316,7.7576375,48.13341,7.757503,48.10172,7.697584937772139,5.674808007947277,0.02970145,0,0.35717207,0.5851213,5.654209,48.13316,7.7576375007629395,0.029720955336710174
2022-08-01,Angela_DER_AY470_eobs_4001__2022__southbound_01,Angela / DER AY470 (eobs 4001),48.13341,7.757503,48.04878,7.8231163,48.1034,7.6978638993170145,11.112314222773012,10.597998,1,0.35547212,0.5851213,5.53332,48.13341,7.757503032684326,10.597692253103245
2022-08-02,Angela_DER_AY470_eobs_4001__2022__southbound_01,Angela / DER AY470 (eobs 4001),48.04878,7.8231163,48.048836,7.8189383,48.017925,7.762482849123996,5.4254094440498735,0.3106508,0,0.35259634,0.5851213,5.6543,48.04878,7.823116302490234,0.3106345111211064
2022-08-03,Angela_DER_AY470_eobs_4001__2022__southbound_01,Angela / DER AY470 (eobs 4001),48.048836,7.8189383,48.049488,7.8205976,48.01836,7.759917294442022,5.686614643190862,0.14313821,0,0.34784478,0.5851213,5.5339026,48.048836,7.818938255310059,0.14309394330255118
2022-08-03,Europa_DER_A1A26_eobs_4004__2022__southbound_01,Europa / DER A1A26 (eobs 4004),47.16747,7.402696,47.176556,7.412624,47.159744,7.393711079440829,2.3534157725129266,1.2585537,0,0.12297516,0.5851213,1.093239,47.16747,7.402696132659912,1.258588075764234
2022-08-04,Angela_DER_AY470_eobs_4001__2022__southbound_01,Angela / DER AY470 (eobs 4001),48.049488,7.8205976,48.046074,7.8209033,48.018326,7.760810735842704,5.430106812287797,0.38005444,0,0.35523003,0.5851213,5.625422,48.049488,7.8205976486206055,0.38031642657117426
2022-08-04,Europa_DER_A1A26_eobs_4004__2022__southbound_01,Europa / DER A1A26 (eobs 4004),47.176556,7.412624,47.167435,7.4031906,47.16897,7.403860822973105,0.17788629890584087,1.2396982,0,0.12313776,0.5851213,1.0707911,47.176556,7.412623882293701,1.2397864513708017
2022-08-05,Angela_DER_AY470_eobs_4001__2022__southbound_01,Angela / DER AY470 (eobs 4001),48.046074,7.8209033,48.04897,7.8212457,48.007065,7.745943018655618,7.2848526311143855,0.32295728,0,0.40089196,0.5851213,7.049127,48.046074,7.820903301239014,0.3229536107705849
2022-08-05,Europa_DER_A1A26_eobs_4004__2022__southbound_01,Europa / DER A1A26 (eobs 4004),47.167435,7.4031906,47.166832,7.4084253,47.158886,7.39277508495834,1.4767073155688513,0.4013769,0,0.13374935,0.5851213,1.2322774,47.167435,7.403190612792969,0.40136567971364867
2022-08-06,Angela_DER_AY470_eobs_4001__2022__southbound_01,Angela / DER AY470 (eobs 4001),48.04897,7.8212457,48.048985,7.833475,48.008587,7.741982292307634,8.152771183120073,0.90906495,0,0.408709,0.5851213,7.394905,48.04897,7.8212456703186035,0.909057239760576
2022-08-06,Europa_DER_A1A26_eobs_4004__2022__southbound_01,Europa / DER A1A26 (eobs 4004),47.166832,7.4084253,47.16744,7.4027224,47.158733,7.398670274960313,1.0152899233068386,0.43639466,0,0.13160998,0.5851213,1.1620063,47.166832,7.408425331115723,0.4363728319938098
2022-08-07,Angela_DER_AY470_eobs_4001__2022__southbound_01,Angela / DER AY470 (eobs 4001),48.048985,7.833475,48.046196,7.8208523,48.01435,7.767039201162783,5.343340226024679,0.9882416,0,0.37281558,0.5851213,6.2514844,48.048985,7.833475112915039,0.9882281391028956
2022-08-07,Europa_DER_A1A26_eobs_4004__2022__southbound_01,Europa / DER A1A26 (eobs 4004),47.16744,7.4027224,47.167393,7.402695,47.158943,7.392275663847677,1.2260897971880191,0.0054570036,0,0.13267979,0.5851213,1.2290189,47.16744,7.402722358703613,0.005489170376617467
2022-08-08,Angela_DER_AY470_eobs_4001__2022__southbound_01,Angela / DER AY470 (eobs 4001),48.046196,7.8208523,47.50322,6.957188,48.00701,7.744693039938903,81.26392000488909,88.37736,1,0.39209533,0.5851213,7.1314025,48.046196,7.820852279663086,88.37731746046404
2022-08-08,Europa_DER_A1A26_eobs_4004__2022__southbound_01,Europa / DER A1A26 (eobs 4004),47.167393,7.402695,47.16111,7.4200196,47.15876,7.392098175764622,2.1271817351926994,1.4844836,0,0.13159515,0.5851213,1.2479271,47.167393,7.402695178985596,1.4844252931716788
2022-08-09,Angela_DER_AY470_eobs_4001__2022__southbound_01,Angela / DER AY470 (eobs 4001),47.50322,6.957188,45.342464,4.7907906,47.231888,6.470205393096975,246.54794571623253,292.03723,1,0.7098897,0.5851213,47.334564,47.231888,6.470205393096975,246.54794571623253
2022-08-09,Europa_DER_A1A26_eobs_4004__2022__southbound_01,Europa / DER A1A26 (eobs 4004),47.16111,7.4200196,47.164787,7.404544,47.1535,7.410990470724027,1.346455331819264,1.2393724,0,0.1247944,0.5851213,1.0853454,47.16111,7.420019626617432,1.2394128226812469
2022-08-10,Angela_DER_AY470_eobs_4001__2022__southbound_01,Angela / DER AY470 (eobs 4001),45.342464,4.7907906,43.619705,3.9545126,44.7944,4.051629427267697,130.84934341137,202.72336,1,0.78923714,0.5851213,83.82432,44.7944,4.051629427267697,130.84934341137
2022-08-10,Europa_DER_A1A26_eobs_4004__2022__southbound_01,Europa / DER A1A26 (eobs 4004),47.164787,7.404544,47.16748,7.403132,47.155956,7.393409176871137,1.477306150041844,0.3181921,0,0.13483635,0.5851213,1.2910447,47.164787,7.404543876647949,0.31792178993004006
2022-08-11,Angela_DER_AY470_eobs_4001__2022__southbound_01,Angela / DER AY470 (eobs 4001),43.619705,3.9545126,43.12291,3.0443501,43.036373,3.199546976063955,15.857776328220062,91.99841,1,0.79899555,0.5851213,88.72983,43.036373,3.199546976063955,15.857776328220062
2022-08-11,Europa_DER_A1A26_eobs_4004__2022__southbound_01,Europa / DER A1A26 (eobs 4004),47.16748,7.403132,47.170246,7.4090533,47.158237,7.391205111916613,1.8983638989625244,0.54289454,0,0.13810764,0.5851213,1.3649297,47.16748,7.40313196182251,0.5430845788701654
2022-08-12,Angela_DER_AY470_eobs_4001__2022__southbound_01,Angela / DER AY470 (eobs 4001),43.12291,3.0443501,41.843914,2.6726713,42.521187,2.276993772325623,82.06328430153776,145.44662,1,0.8030964,0.5851213,91.24763,42.521187,2.276993772325623,82.06328430153776
2022-08-12,Europa_DER_A1A26_eobs_4004__2022__southbound_01,Europa / DER A1A26 (eobs 4004),47.170246,7.4090533,47.17275,7.4027123,47.162697,7.399802825941283,1.1391386638420342,0.5543363,0,0.12541875,0.5851213,1.0906547,47.170246,7.409053325653076,0.5542359604802625
2022-08-13,Angela_DER_AY470_eobs_4001__2022__southbound_01,Angela / DER AY470 (eobs 4001),41.843914,2.6726713,41.663628,0.91030246,41.257942,1.946976921100017,97.45461385396496,147.5592,1,0.8020863,0.5851213,88.49635,41.257942,1.946976921100017,97.45461385396496
2022-08-13,Europa_DER_A1A26_eobs_4004__2022__southbound_01,Europa / DER A1A26 (eobs 4004),47.17275,7.4027123,47.17134,7.4003773,47.16424,7.3917060189374375,1.0260790762886793,0.2360392,0,0.13360745,0.5851213,1.2575386,47.17275,7.402712345123291,0.23591125877928276
2022-08-14,Angela_DER_AY470_eobs_4001__2022__southbound_01,Angela / DER AY470 (eobs 4001),41.663628,0.91030246,41.53103,0.5080682,41.05677,0.1813246446941802,59.381398796159864,36.553333,1,0.80808276,0.5851213,90.50793,41.05677,0.1813246446941802,59.381398796159864
2022-08-14,Europa_DER_A1A26_eobs_4004__2022__southbound_01,Europa / DER A1A26 (eobs 4004),47.17134,7.4003773,47.175396,7.4031253,47.162586,7.3888945936437675,1.784974008179968,0.49659592,0,0.13750958,0.5851213,1.3020858,47.17134,7.40037727355957,0.49644369143288125
2022-08-15,Angela_DER_AY470_eobs_4001__2022__southbound_01,Angela / DER AY470 (eobs 4001),41.53103,0.5080682,41.42724,-0.3347375,40.954876,-0.17168914520709577,54.26736462818863,71.153496,1,0.80287147,0.5851213,85.32534,40.954876,-0.17168914520709577,54.26736462818863
2022-08-15,Europa_DER_A1A26_eobs_4004__2022__southbound_01,Europa / DER A1A26 (eobs 4004),47.175396,7.4031253,47.167435,7.4031243,47.167305,7.39275387693209,0.7841077813887402,0.88540196,0,0.13264857,0.5851213,1.1911688,47.175396,7.403125286102295,0.8852544144319203
2022-08-16,Angela_DER_AY470_eobs_4001__2022__southbound_01,Angela / DER AY470 (eobs 4001),41.42724,-0.3347375,41.166996,-0.7217419,40.878395,-0.9668299192737067,38.112617581616455,43.38962,1,0.7949997,0.5851213,80.49221,40.878395,-0.9668299192737067,38.112617581616455
2022-08-16,Europa_DER_A1A26_eobs_4004__2022__southbound_01,Europa / DER A1A26 (eobs 4004),47.167435,7.4031243,47.173927,7.403133,47.15923,7.392560900065811,1.8193005491540049,0.72213453,0,0.13288319,0.5851213,1.2102531,47.167435,7.4031243324279785,0.7219471091613305
2022-08-17,Angela_DER_AY470_eobs_4001__2022__southbound_01,Angela / DER AY470 (eobs 4001),41.166996,-0.7217419,40.50617,-2.1439245,40.68492,-1.2776526939995838,75.79405966727046,140.40466,1,0.7723391,0.5851213,70.86006,40.68492,-1.2776526939995838,75.79405966727046
2022-08-17,Europa_DER_A1A26_eobs_4004__2022__southbound_01,Europa / DER A1A26 (eobs 4004),47.173927,7.403133,47.17397,7.4031086,47.166367,7.393548619096329,1.1121684802857077,0.004867047,0,0.12694292,0.5851213,1.1076866,47.173927,7.403132915496826,0.005014964133481349
2022-08-18,Angela_DER_AY470_eobs_4001__2022__southbound_01,Angela / DER AY470 (eobs 4001),40.50617,-2.1439245,38.541157,-4.013793,40.021645,-2.687299240878377,200.33327190395642,271.0273,1,0.7720238,0.5851213,70.67954,40.021645,-2.687299240878377,200.33327190395642
2022-08-18,Europa_DER_A1A26_eobs_4004__2022__southbound_01,Europa / DER A1A26 (eobs 4004),47.17397,7.4031086,47.17634,7.4031525,47.166428,7.393475864978631,1.3226735136288086,0.26358104,0,0.12512693,0.5851213,1.1087712,47.17397,7.403108596801758,0.26343389759577324
2022-08-19,Angela_DER_AY470_eobs_4001__2022__southbound_01,Angela / DER AY470 (eobs 4001),38.541157,-4.013793,36.82666,-6.093652,38.02261,-4.5639658801915095,189.54984875901965,264.26355,1,0.7854377,0.5851213,74.797035,38.02261,-4.5639658801915095,189.54984875901965
2022-08-19,Europa_DER_A1A26_eobs_4004__2022__southbound_01,Europa / DER A1A26 (eobs 4004),47.17634,7.4031525,47.176777,7.403117,47.168415,7.392833388362017,1.21193368733677,0.048698135,0,0.12595922,0.5851213,1.1745838,47.17634,7.4031524658203125,0.04885304625615974
2022-08-20,Angela_DER_AY470_eobs_4001__2022__southbound_01,Angela / DER AY470 (eobs 4001),36.82666,-6.093652,36.568546,-6.147579,36.300194,-6.629858936411901,52.45833611928161,29.100693,1,0.7888625,0.5851213,75.39713,36.300194,-6.629858936411901,52.45833611928161
2022-08-20,Europa_DER_A1A26_eobs_4004__2022__southbound_01,Europa / DER A1A26 (eobs 4004),47.176777,7.403117,47.17661,7.4032807,47.169273,7.393436684600702,1.1041005381583482,0.022180563,0,0.12046259,0.5851213,1.1077884,47.176777,7.4031171798706055,0.022386519901192236
2022-08-21,Europa_DER_A1A26_eobs_4004__2022__southbound_01,Europa / DER A1A26 (eobs 4004),47.17661,7.4032807,47.16742,7.402466,47.16995,7.394890341129155,0.6379964125142519,1.0237534,0,0.11313214,0.5851213,0.97343516,47.17661,7.403280735015869,1.0236939739565267
2022-08-22,Europa_DER_A1A26_eobs_4004__2022__southbound_01,Europa / DER A1A26 (eobs 4004),47.16742,7.402466,47.175423,7.4084373,47.160404,7.393516570991265,2.015215816001163,0.9979267,0,0.11432782,0.5851213,1.0307252,47.16742,7.4024658203125,0.9978522686168193
2022-08-23,Europa_DER_A1A26_eobs_4004__2022__southbound_01,Europa / DER A1A26 (eobs 4004),47.175423,7.4084373,47.17469,7.40044,47.16893,7.400297625079814,0.6405957938046898,0.6099282,0,0.112218,0.5851213,0.9469265,47.175423,7.408437252044678,0.6099260919024193
2022-08-24,Europa_DER_A1A26_eobs_4004__2022__southbound_01,Europa / DER A1A26 (eobs 4004),47.17469,7.40044,47.174484,7.4031186,47.167316,7.390840584961513,1.223379318285765,0.20375256,0,0.11823058,0.5851213,1.0930381,47.17469,7.400440216064453,0.2037426663115771
2022-08-25,Europa_DER_A1A26_eobs_4004__2022__southbound_01,Europa / DER A1A26 (eobs 4004),47.174484,7.4031186,47.173576,7.403201,47.16772,7.394480903130222,0.9265322467716105,0.10096354,0,0.113491625,0.5851213,0.9943228,47.174484,7.40311861038208,0.10114616807387682
2022-08-26,Europa_DER_A1A26_eobs_4004__2022__southbound_01,Europa / DER A1A26 (eobs 4004),47.173576,7.403201,47.174,7.403114,47.16644,7.393957466145925,1.0889834741967577,0.04722405,0,0.11602318,0.5851213,1.0556134,47.173576,7.403201103210449,0.047543249443413205
2022-08-27,Europa_DER_A1A26_eobs_4004__2022__southbound_01,Europa / DER A1A26 (eobs 4004),47.174,7.403114,47.171925,7.4030876,47.166904,7.393943561415049,0.8884884288904671,0.23071043,0,0.116052255,0.5851213,1.0482563,47.174,7.403113842010498,0.23076002458362108
2022-08-28,Europa_DER_A1A26_eobs_4004__2022__southbound_01,Europa / DER A1A26 (eobs 4004),47.171925,7.4030876,47.176292,7.4033556,47.1646,7.393485580295112,1.498973271017474,0.4861614,0,0.11749375,0.5851213,1.0890448,47.171925,7.403087615966797,0.48610324873020117
2022-08-29,Europa_DER_A1A26_eobs_4004__2022__southbound_01,Europa / DER A1A26 (eobs 4004),47.176292,7.4033556,47.173294,7.404881,47.169273,7.394228058303457,0.9210552384947757,0.3526719,0,0.11633895,0.5851213,1.0397887,47.176292,7.403355598449707,0.3527760009209887
2022-08-29,Louis_DER_AU050_eobs_3264__2022__southbound_01,Louis / DER AU050 (eobs 3264),42.338802,2.7951272,41.672764,0.9742457,41.612217,1.9628423997058664,82.42407628641253,167.6881,1,0.8228268,0.5851213,105.677704,41.612217,1.9628423997058664,82.42407628641253
2022-08-30,Europa_DER_A1A26_eobs_4004__2022__southbound_01,Europa / DER A1A26 (eobs 4004),47.173294,7.404881,47.175682,7.404509,47.16593,7.395149511329821,1.2946204400438195,0.2671018,0,0.11787901,0.5851213,1.0987362,47.173294,7.404881000518799,0.2670179949147818
2022-08-30,Louis_DER_AU050_eobs_3264__2022__southbound_01,Louis / DER AU050 (eobs 3264),41.672764,0.9742457,41.66398,0.9480072,40.97377,0.2068001018422131,98.59858200488533,2.3884513,0,0.81981164,0.5851213,100.34314,40.97377,0.2068001018422131,98.59858200488533
2022-08-31,Europa_DER_A1A26_eobs_4004__2022__southbound_01,Europa / DER A1A26 (eobs 4004),47.175682,7.404509,47.174465,7.4038687,47.168938,7.395717484653673,0.8702974799992177,0.14374875,0,0.11304797,0.5851213,1.0003371,47.175682,7.4045090675354,0.14370927046373994
2022-08-31,Louis_DER_AU050_eobs_3264__2022__southbound_01,Louis / DER AU050 (eobs 3264),41.66398,0.9480072,41.6659,0.950699,41.02036,0.251540778623248,92.51528965429685,0.3092724,0,0.81043905,0.5851213,91.866165,41.02036,0.251540778623248,92.51528965429685
2022-09-01,Europa_DER_A1A26_eobs_4004__2022__southbound_01,Europa / DER A1A26 (eobs 4004),47.174465,7.4038687,47.177036,7.4025965,47.167015,7.393865100386728,1.29510427393966,0.30141255,0,0.116695926,0.5851213,1.1196597,47.174465,7.403868675231934,0.3016325646997343
2022-09-01,Louis_DER_AU050_eobs_3264__2022__southbound_01,Louis / DER AU050 (eobs 3264),41.6659,0.950699,41.64992,0.9497382,41.086056,0.32499804174503033,81.54193025655864,1.7786337,0,0.7889183,0.5851213,82.67083,41.086056,0.32499804174503033,81.54193025655864
2022-09-02,Europa_DER_A1A26_eobs_4004__2022__southbound_01,Europa / DER A1A26 (eobs 4004),47.177036,7.4025965,47.176666,7.4030914,47.170128,7.3933333142596585,1.035681949365043,0.055567723,0,0.11386228,0.5851213,1.0375655,47.177036,7.402596473693848,0.05560993200085047
2022-09-02,Louis_DER_AU050_eobs_3264__2022__southbound_01,Louis / DER AU050 (eobs 3264),41.64992,0.9497382,41.657856,0.9493226,41.107372,0.36906009640821313,78.04124473373126,0.88329166,0,0.7797383,0.5851213,77.11305,41.107372,0.36906009640821313,78.04124473373126
2022-09-03,Europa_DER_A1A26_eobs_4004__2022__southbound_01,Europa / DER A1A26 (eobs 4004),47.176666,7.4030914,47.175728,7.4030075,47.16998,7.39412440244275,0.9270845030035486,0.104534276,0,0.11195353,0.5851213,1.004481,47.176666,7.4030914306640625,0.10453981751187812
2022-09-03,Louis_DER_AU050_eobs_3264__2022__southbound_01,Louis / DER AU050 (eobs 3264),41.657856,0.9493226,41.657814,0.9513376,41.118034,0.3687937300127272,77.2283783318562,0.16746919,0,0.7785718,0.5851213,76.86512,41.118034,0.3687937300127272,77.2283783318562
2022-09-04,Europa_DER_A1A26_eobs_4004__2022__southbound_01,Europa / DER A1A26 (eobs 4004),47.175728,7.4030075,47.167446,7.4036956,47.168995,7.393892881367075,0.760790747956585,0.9224473,0,0.112039156,0.5851213,1.015624,47.175728,7.403007507324219,0.9223528392633773
2022-09-04,Louis_DER_AU050_eobs_3264__2022__southbound_01,Louis / DER AU050 (eobs 3264),41.657814,0.9513376,41.67034,0.9438257,41.19887,0.47182252858115237,65.54876719007885,1.5264868,0,0.74934024,0.5851213,64.62609,41.19887,0.47182252858115237,65.54876719007885
2022-09-05,Europa_DER_A1A26_eobs_4004__2022__southbound_01,Europa / DER A1A26 (eobs 4004),47.167446,7.4036956,47.172783,7.403183,47.160217,7.393710504747616,1.5700530469880147,0.5950674,0,0.11453362,0.5851213,1.1006814,47.167446,7.403695583343506,0.5946853832166612
2022-09-05,Louis_DER_AU050_eobs_3264__2022__southbound_01,Louis / DER AU050 (eobs 3264),41.67034,0.9438257,41.67127,0.95002615,41.26597,0.5189183897684055,57.63075502781043,0.5251994,0,0.7309828,0.5851213,57.060707,41.26597,0.5189183897684055,57.63075502781043
2022-09-06,Europa_DER_A1A26_eobs_4004__2022__southbound_01,Europa / DER A1A26 (eobs 4004),47.172783,7.403183,47.173977,7.4030967,47.165844,7.3936517541151465,1.152212251779306,0.13261038,0,0.11205433,0.5851213,1.0536937,47.172783,7.4031829833984375,0.13292713950182483
2022-09-06,Louis_DER_AU050_eobs_3264__2022__southbound_01,Louis / DER AU050 (eobs 3264),41.67127,0.95002615,41.66786,0.9473351,41.63952,0.9018966192178995,4.91748863594998,0.44038296,0,0.3325317,0.5851213,5.3238997,41.67127,0.9500261545181274,0.440186835223424
2022-09-07,Europa_DER_A1A26_eobs_4004__2022__southbound_01,Europa / DER A1A26 (eobs 4004),47.173977,7.4030967,47.17542,7.40314,47.167156,7.393767539809244,1.160204888177974,0.1606158,0,0.11092759,0.5851213,1.0338312,47.173977,7.403096675872803,0.16037190768792126
2022-09-07,Louis_DER_AU050_eobs_3264__2022__southbound_01,Louis / DER AU050 (eobs 3264),41.66786,0.9473351,41.66751,0.9493555,41.632698,0.894524879733664,5.978233580947354,0.17216994,0,0.35031506,0.5851213,5.865759,41.66786,0.9473351240158081,0.17220146593285818
2022-09-08,Europa_DER_A1A26_eobs_4004__2022__southbound_01,Europa / DER A1A26 (eobs 4004),47.17542,7.40314,47.175423,7.402258,47.16896,7.394419376142641,0.9313402751487009,0.06668948,0,0.10953962,0.5851213,0.973066,47.17542,7.403140068054199,0.06667902358772407
2022-09-08,Louis_DER_AU050_eobs_3264__2022__southbound_01,Louis / DER AU050 (eobs 3264),41.66751,0.9493555,41.658672,0.95063967,41.633976,0.8992549983567835,5.076512213583194,0.98838216,0,0.34318787,0.5851213,5.5780644,41.66751,0.9493554830551147,0.9885873423100606
2022-09-09,Europa_DER_A1A26_eobs_4004__2022__southbound_01,Europa / DER A1A26 (eobs 4004),47.175423,7.402258,47.17542,7.40294,47.167953,7.391756169729326,1.1848004576191826,0.051566087,0,0.115440086,0.5851213,1.1468245,47.175423,7.402257919311523,0.05154178565943214
2022-09-09,Louis_DER_AU050_eobs_3264__2022__southbound_01,Louis / DER AU050 (eobs 3264),41.658672,0.95063967,41.663948,0.9431204,41.63029,0.9081115719462897,4.740050025405403,0.85669726,0,0.30951202,0.5851213,4.7289,41.658672,0.9506396651268005,0.8569235220341979
2022-09-10,Europa_DER_A1A26_eobs_4004__2022__southbound_01,Europa / DER A1A26 (eobs 4004),47.17542,7.40294,47.176197,7.403118,47.16786,7.39226687633856,1.2379818743960946,0.08772901,0,0.116541155,0.5851213,1.1630709,47.17542,7.402939796447754,0.08757542414878355
2022-09-10,Louis_DER_AU050_eobs_3264__2022__southbound_01,Louis / DER AU050 (eobs 3264),41.663948,0.9431204,41.666306,0.94579685,41.62938,0.8903710299302852,6.169956520753684,0.3439507,0,0.35014522,0.5851213,5.818593,41.663948,0.9431204199790955,0.34372323246614417
2022-09-11,Europa_DER_A1A26_eobs_4004__2022__southbound_01,Europa / DER A1A26 (eobs 4004),47.176197,7.403118,47.00763,7.1559305,47.168793,7.392709782182781,25.34765169523944,26.486069,1,0.11539111,0.5851213,1.1367183,47.176197,7.403118133544922,26.486124191833056
2022-09-11,Louis_DER_AU050_eobs_3264__2022__southbound_01,Louis / DER AU050 (eobs 3264),41.666306,0.94579685,41.664375,0.9506435,41.632984,0.8946218267846606,5.818137978898802,0.45622462,0,0.34852734,0.5851213,5.629128,41.666306,0.9457968473434448,0.4562357282079438
2022-09-12,Europa_DER_A1A26_eobs_4004__2022__southbound_01,Europa / DER A1A26 (eobs 4004),47.00763,7.1559305,45.33484,4.8990874,46.721928,6.677866411345198,206.50235125616638,254.53513,1,0.6750203,0.5851213,48.115143,46.721928,6.677866411345198,206.50235125616638
2022-09-12,Louis_DER_AU050_eobs_3264__2022__southbound_01,Louis / DER AU050 (eobs 3264),41.664375,0.9506435,41.663284,0.9518922,41.627213,0.8957026267970274,6.155275147650753,0.15969858,0,0.3668819,0.5851213,6.145781,41.664375,0.9506434798240662,0.15961526611422858
2022-09-13,Europa_DER_A1A26_eobs_4004__2022__southbound_01,Europa / DER A1A26 (eobs 4004),45.33484,4.8990874,44.631557,4.774482,44.510647,3.966574991574438,65.39355203339164,78.81296,1,0.8244206,0.5851213,116.89321,44.510647,3.966574991574438,65.39355203339164
2022-09-13,Louis_DER_AU050_eobs_3264__2022__southbound_01,Louis / DER AU050 (eobs 3264),41.663284,0.9518922,41.664448,0.9522093,41.627388,0.8990469876242204,6.041088560220114,0.13204072,0,0.35800037,0.5851213,5.9228306,41.663284,0.9518921971321106,0.13202787770175328
2022-09-14,Europa_DER_A1A26_eobs_4004__2022__southbound_01,Europa / DER A1A26 (eobs 4004),44.631557,4.774482,44.54511,4.734018,43.82842,3.881202389176347,104.75917854853255,10.132805,1,0.82171786,0.5851213,113.69431,43.82842,3.881202389176347,104.75917854853255
2022-09-14,Louis_DER_AU050_eobs_3264__2022__southbound_01,Louis / DER AU050 (eobs 3264),41.664448,0.9522093,41.6597,0.9462659,41.64427,0.9225464530186122,2.6126995853389023,0.72293913,0,0.2480376,0.5851213,3.3264778,41.664448,0.9522092938423157,0.7229493036288199
2022-09-15,Europa_DER_A1A26_eobs_4004__2022__southbound_01,Europa / DER A1A26 (eobs 4004),44.54511,4.734018,43.72909,4.466649,43.77358,3.892100260561697,46.4129066685337,93.21169,1,0.8174481,0.5851213,108.49068,43.77358,3.892100260561697,46.4129066685337
2022-09-15,Louis_DER_AU050_eobs_3264__2022__southbound_01,Louis / DER AU050 (eobs 3264),41.6597,0.9462659,41.658264,0.95096874,41.63027,0.9025743338700218,5.085450951494493,0.42200044,0,0.30903503,0.5851213,4.8785996,41.6597,0.9462658762931824,0.42199262998619635
2022-09-16,Europa_DER_A1A26_eobs_4004__2022__southbound_01,Europa / DER A1A26 (eobs 4004),43.72909,4.466649,43.44547,3.7860465,43.01374,3.701915357146174,48.48754598488985,63.24101,1,0.8086265,0.5851213,100.337,43.01374,3.701915357146174,48.48754598488985
2022-09-16,Louis_DER_AU050_eobs_3264__2022__southbound_01,Louis / DER AU050 (eobs 3264),41.658264,0.95096874,41.659363,0.9508428,41.632412,0.9125966855923764,4.36809216579967,0.12259513,0,0.28762034,0.5851213,4.2850986,41.658264,0.9509687423706055,0.1226098074422199
2022-09-17,Europa_DER_A1A26_eobs_4004__2022__southbound_01,Europa / DER A1A26 (eobs 4004),43.44547,3.7860465,42.122757,2.681105,42.78797,3.083271858715584,80.99320183171228,172.5163,1,0.8007291,0.5851213,92.37993,42.78797,3.083271858715584,80.99320183171228
2022-09-17,Louis_DER_AU050_eobs_3264__2022__southbound_01,Louis / DER AU050 (eobs 3264),41.659363,0.9508428,41.663937,0.94867474,41.63693,0.9181327971806725,3.9317313101461853,0.539522,0,0.2606445,0.5851213,3.6821668,41.659363,0.9508427977561951,0.5395350253884006
2022-09-18,Europa_DER_A1A26_eobs_4004__2022__southbound_01,Europa / DER A1A26 (eobs 4004),42.122757,2.681105,41.69894,0.4768853,41.491734,2.027088693372519,130.9518908071783,188.38208,1,0.8003583,0.5851213,88.34826,41.491734,2.027088693372519,130.9518908071783
2022-09-18,Louis_DER_AU050_eobs_3264__2022__southbound_01,Louis / DER AU050 (eobs 3264),41.663937,0.94867474,41.660225,0.9513677,41.640842,0.9146347299142248,3.7362788300732133,0.4693443,0,0.26448685,0.5851213,3.8130715,41.663937,0.948674738407135,0.4694513764704794
2022-09-19,Europa_DER_A1A26_eobs_4004__2022__southbound_01,Europa / DER A1A26 (eobs 4004),41.69894,0.4768853,41.585304,-0.7701303,41.054127,-0.1751242120845219,77.18558417649356,104.39005,1,0.80273813,0.5851213,89.68223,41.054127,-0.1751242120845219,77.18558417649356
2022-09-19,Louis_DER_AU050_eobs_3264__2022__southbound_01,Louis / DER AU050 (eobs 3264),41.660225,0.9513677,41.664238,0.9462204,41.63749,0.9181217653633676,3.7811283259739605,0.61787087,0,0.2586913,0.5851213,3.7376232,41.660225,0.9513676762580872,0.6180270888219477
2022-09-20,Europa_DER_A1A26_eobs_4004__2022__southbound_01,Europa / DER A1A26 (eobs 4004),41.585304,-0.7701303,41.58544,-0.77625954,41.00971,-1.343760723363754,79.66140765735172,0.51000255,0,0.7779106,0.5851213,79.68833,41.00971,-1.343760723363754,79.66140765735172
2022-09-20,Louis_DER_AU050_eobs_3264__2022__southbound_01,Louis / DER AU050 (eobs 3264),41.664238,0.9462204,41.66409,0.94866854,41.639774,0.9097211748795062,4.216771846985921,0.20403267,0,0.27334437,0.5851213,4.0662875,41.664238,0.9462203979492188,0.2040357786905422
2022-09-21,Europa_DER_A1A26_eobs_4004__2022__southbound_01,Europa / DER A1A26 (eobs 4004),41.58544,-0.77625954,41.579998,-0.8386821,41.056892,-1.307792130904841,70.12962049404784,5.227105,0,0.7658401,0.5851213,73.41326,41.056892,-1.307792130904841,70.12962049404784
2022-09-21,Louis_DER_AU050_eobs_3264__2022__southbound_01,Louis / DER AU050 (eobs 3264),41.66409,0.94866854,41.65841,0.94916517,41.63888,0.9112814829421235,3.823983220611105,0.6327675,0,0.28362742,0.5851213,4.176249,41.66409,0.9486685395240784,0.6329434072492468
2022-09-22,Europa_DER_A1A26_eobs_4004__2022__southbound_01,Europa / DER A1A26 (eobs 4004),41.579998,-0.8386821,41.54476,-0.9040432,41.103428,-1.3235286889568776,60.29360669601302,6.70246,0,0.75295675,0.5851213,66.47565,41.103428,-1.3235286889568776,60.29360669601302
2022-09-22,Louis_DER_AU050_eobs_3264__2022__southbound_01,Louis / DER AU050 (eobs 3264),41.65841,0.94916517,41.663296,0.9509038,41.6342,0.9140005252031257,4.457383027353546,0.5620198,0,0.27733564,0.5851213,3.9655476,41.65841,0.9491651654243469,0.5622367769147429
2022-09-23,Europa_DER_A1A26_eobs_4004__2022__southbound_01,Europa / DER A1A26 (eobs 4004),41.54476,-0.9040432,40.35964,-3.4988678,41.081757,-1.3694993519967036,196.58943795273277,254.64507,1,0.74753714,0.5851213,64.31615,41.081757,-1.3694993519967036,196.58943795273277
2022-09-23,Louis_DER_AU050_eobs_3264__2022__southbound_01,Louis / DER AU050 (eobs 3264),41.663296,0.9509038,41.66949,0.9510214,41.64147,0.9190121792236012,4.096189269852717,0.6888004,0,0.2587094,0.5851213,3.5864146,41.663296,0.9509037733078003,0.6889303822482815
2022-09-24,Europa_DER_A1A26_eobs_4004__2022__southbound_01,Europa / DER A1A26 (eobs 4004),40.35964,-3.4988678,40.261414,-3.6347303,39.82297,-4.010830872437298,58.32548412155567,15.874588,1,0.77230436,0.5851213,73.64576,39.82297,-4.010830872437298,58.32548412155567
2022-09-24,Louis_DER_AU050_eobs_3264__2022__southbound_01,Louis / DER AU050 (eobs 3264),41.66949,0.9510214,41.661243,0.9511114,41.65017,0.9230972342306973,2.633081001258785,0.91697294,0,0.23274027,0.5851213,3.156046,41.66949,0.9510213732719421,0.9170980534950081
2022-09-25,Europa_DER_A1A26_eobs_4004__2022__southbound_01,Europa / DER A1A26 (eobs 4004),40.261414,-3.6347303,39.87214,-3.9784224,39.76823,-4.098079390682183,15.424978125946271,52.24006,1,0.7570672,0.5851213,67.35905,39.76823,-4.098079390682183,15.424978125946271
2022-09-25,Louis_DER_AU050_eobs_3264__2022__southbound_01,Louis / DER AU050 (eobs 3264),41.661243,0.9511114,41.658478,0.9513737,41.64086,0.9225891206294653,3.0914382930304756,0.30827552,0,0.2352735,0.5851213,3.27303,41.661243,0.951111376285553,0.30829843640520493
2022-09-26,Europa_DER_A1A26_eobs_4004__2022__southbound_01,Europa / DER A1A26 (eobs 4004),39.87214,-3.9784224,39.85707,-4.165621,39.413887,-4.412433811647873,53.6209367766435,16.064808,1,0.7467105,0.5851213,62.883774,39.413887,-4.412433811647873,53.6209367766435
2022-09-26,Louis_DER_AU050_eobs_3264__2022__southbound_01,Louis / DER AU050 (eobs 3264),41.658478,0.9513737,41.65882,0.9506364,41.637672,0.9222413469986087,3.3311509219877276,0.072279364,0,0.23890428,0.5851213,3.3422918,41.658478,0.9513736963272095,0.0721753039688675
2022-09-27,Europa_DER_A1A26_eobs_4004__2022__southbound_01,Europa / DER A1A26 (eobs 4004),39.85707,-4.165621,39.85726,-4.166196,39.40255,-4.59376709192121,62.42829627184523,0.053488355,0,0.7460737,0.5851213,62.25987,39.40255,-4.59376709192121,62.42829627184523
2022-09-27,Louis_DER_AU050_eobs_3264__2022__southbound_01,Louis / DER AU050 (eobs 3264),41.65882,0.9506364,41.661495,0.9509365,41.635986,0.9188357150808649,3.89352362884835,0.29821277,0,0.2542011,0.5851213,3.657754,41.65882,0.9506363868713379,0.2983904319191943
2022-09-28,Europa_DER_A1A26_eobs_4004__2022__southbound_01,Europa / DER A1A26 (eobs 4004),39.85726,-4.166196,39.8569,-4.165379,39.418697,-4.57640789374533,60.108181427290404,0.08048585,0,0.7402689,0.5851213,59.92961,39.418697,-4.57640789374533,60.108181427290404
2022-09-28,Louis_DER_AU050_eobs_3264__2022__southbound_01,Louis / DER AU050 (eobs 3264),41.661495,0.9509365,41.65895,0.9512425,41.638874,0.9184963525116006,3.519469351721601,0.28415862,0,0.25289112,0.5851213,3.679783,41.661495,0.950936496257782,0.28406489451114425
2022-09-29,Europa_DER_A1A26_eobs_4004__2022__southbound_01,Europa / DER A1A26 (eobs 4004),39.8569,-4.165379,39.85722,-4.165764,39.422043,-4.565954126465507,59.29413445676595,0.048539326,0,0.7384157,0.5851213,59.117794,39.422043,-4.565954126465507,59.29413445676595
2022-09-29,Louis_DER_AU050_eobs_3264__2022__southbound_01,Louis / DER AU050 (eobs 3264),41.65895,0.9512425,41.658493,0.9508007,41.63773,0.9200743395880527,3.4421652522642248,0.062680274,0,0.24408239,0.5851213,3.4970126,41.65895,0.9512425065040588,0.06275313762001013
2022-09-30,Europa_DER_A1A26_eobs_4004__2022__southbound_01,Europa / DER A1A26 (eobs 4004),39.85722,-4.165764,39.857227,-4.165492,39.41017,-4.5791672546060065,61.04142733946284,0.023235692,0,0.74044067,0.5851213,60.853973,39.41017,-4.5791672546060065,61.04142733946284
2022-09-30,Louis_DER_AU050_eobs_3264__2022__southbound_01,Louis / DER AU050 (eobs 3264),41.658493,0.9508007,41.657722,0.9509309,41.63279,0.9125018257369227,4.228798541023529,0.086151816,0,0.27523246,0.5851213,4.2694445,41.658493,0.9508007168769836,0.08636325680375449
2022-10-01,Europa_DER_A1A26_eobs_4004__2022__southbound_01,Europa / DER A1A26 (eobs 4004),39.857227,-4.165492,39.85705,-4.165062,39.76017,-4.277977697067804,14.45963401995663,0.041536424,0,0.49946198,0.5851213,14.419874,39.857227,-4.165492057800293,0.04157621658617413
2022-10-01,Louis_DER_AU050_eobs_3264__2022__southbound_01,Louis / DER AU050 (eobs 3264),41.657722,0.9509309,41.657776,0.9511712,41.62255,0.9010224485073661,5.719125651372465,0.020807263,0,0.32929084,0.5851213,5.6897674,41.657722,0.9509308934211731,0.02083000037338729
2022-10-02,Europa_DER_A1A26_eobs_4004__2022__southbound_01,Europa / DER A1A26 (eobs 4004),39.85705,-4.165062,39.85704,-4.1655807,39.77755,-4.2583022458037805,11.867611892283957,0.04430339,0,0.4641006,0.5851213,11.874253,39.85705,-4.165061950683594,0.044302137708128624
2022-10-02,Louis_DER_AU050_eobs_3264__2022__southbound_01,Louis / DER AU050 (eobs 3264),41.657776,0.9511712,41.650852,0.9534697,41.628506,0.909222802476121,4.4378094843939655,0.7932652,0,0.30363077,0.5851213,4.760195,41.657776,0.9511712193489075,0.7932080981180868
2022-10-03,Europa_DER_A1A26_eobs_4004__2022__southbound_01,Europa / DER A1A26 (eobs 4004),39.85704,-4.1655807,39.85361,-4.1656814,39.81845,-4.212441018346233,5.58799213514192,0.38167366,0,0.33780527,0.5851213,5.8559885,39.85704,-4.165580749511719,0.38143053674715777
2022-10-03,Louis_DER_AU050_eobs_3264__2022__southbound_01,Louis / DER AU050 (eobs 3264),41.650852,0.9534697,41.657715,0.9514176,41.618534,0.9090867081730136,5.5996247116968565,0.7818136,0,0.316368,0.5851213,5.139952,41.650852,0.9534696936607361,0.7819051349263225
2022-10-04,Europa_DER_A1A26_eobs_4004__2022__southbound_01,Europa / DER A1A26 (eobs 4004),39.85361,-4.1656814,39.85666,-4.2408013,39.831554,-4.1929521986701745,4.947776186719663,6.421291,0,0.2435468,0.5851213,3.3755057,39.85361,-4.1656813621521,6.4212522265059855
2022-10-04,Louis_DER_AU050_eobs_3264__2022__southbound_01,Louis / DER AU050 (eobs 3264),41.657715,0.9514176,41.67065,0.94682825,41.633633,0.9179186911148203,4.7657487184873935,1.4880724,0,0.26406386,0.5851213,3.8553004,41.657715,0.9514176249504089,1.488043810274463
2022-10-05,Europa_DER_A1A26_eobs_4004__2022__southbound_01,Europa / DER A1A26 (eobs 4004),39.85666,-4.2408013,39.85362,-4.1659856,39.82693,-4.275934830924224,9.845268220324744,6.3952804,0,0.29206267,0.5851213,4.4553094,39.85666,-4.2408013343811035,6.395274668808889
2022-10-05,Louis_DER_AU050_eobs_3264__2022__southbound_01,Louis / DER AU050 (eobs 3264),41.67065,0.94682825,41.644238,0.9576373,41.648537,0.9163526453650468,3.463560709838407,3.0710762,0,0.24694493,0.5851213,3.5227582,41.67065,0.9468282461166382,3.071205649276802
2022-10-06,Europa_DER_A1A26_eobs_4004__2022__southbound_01,Europa / DER A1A26 (eobs 4004),39.85362,-4.1659856,39.855686,-4.2382092,39.82856,-4.196483105448384,4.6678912965861485,6.169369,0,0.26281616,0.5851213,3.8066702,39.85362,-4.165985584259033,6.16939916565517
2022-10-06,Louis_DER_AU050_eobs_3264__2022__southbound_01,Louis / DER AU050 (eobs 3264),41.644238,0.9576373,41.64801,0.9574493,41.62353,0.9297293893981866,3.5659282815090863,0.4196131,0,0.23236991,0.5851213,3.2620547,41.644238,0.9576373100280762,0.41980036049217684
2022-10-07,Europa_DER_A1A26_eobs_4004__2022__southbound_01,Europa / DER A1A26 (eobs 4004),39.855686,-4.2382092,39.855316,-4.166041,39.827854,-4.272005734183,9.548479514983162,6.1604486,0,0.28610912,0.5851213,4.2235513,39.855686,-4.238209247589111,6.160453614333413
2022-10-07,Louis_DER_AU050_eobs_3264__2022__southbound_01,Louis / DER AU050 (eobs 3264),41.64801,0.9574493,41.65875,0.9519391,41.6309,0.9347117921815147,3.4113540353910885,1.2787738,0,0.20098309,0.5851213,2.6765175,41.64801,0.9574493169784546,1.2788076603653102
2022-10-08,Europa_DER_A1A26_eobs_4004__2022__southbound_01,Europa / DER A1A26 (eobs 4004),39.855316,-4.166041,39.857166,-4.164878,39.829517,-4.198001060908654,4.177216880553766,0.22824006,0,0.27040234,0.5851213,3.951928,39.855316,-4.166040897369385,0.22842519702188968
2022-10-08,Louis_DER_AU050_eobs_3264__2022__southbound_01,Louis / DER AU050 (eobs 3264),41.65875,0.9519391,41.64098,0.958015,41.64336,0.9317490076737648,2.198620616093899,2.0391748,0,0.17658365,0.5851213,2.3917654,41.65875,0.9519391059875488,2.0392838653896934
2022-10-09,Europa_DER_A1A26_eobs_4004__2022__southbound_01,Europa / DER A1A26 (eobs 4004),39.857166,-4.164878,39.857105,-4.166179,39.832638,-4.196405228584767,3.749801696844324,0.11129922,0,0.2630611,0.5851213,3.8249648,39.857166,-4.164877891540527,0.11128296484507887
2022-10-09,Louis_DER_AU050_eobs_3264__2022__southbound_01,Louis / DER AU050 (eobs 3264),41.64098,0.958015,41.63425,0.94022936,41.62521,0.9373995595123154,1.0324418351531022,1.6566998,0,0.17710283,0.5851213,2.447086,41.64098,0.9580150246620178,1.6566472449046987
2022-10-10,Europa_DER_A1A26_eobs_4004__2022__southbound_01,Europa / DER A1A26 (eobs 4004),39.857105,-4.166179,39.855255,-4.165329,39.8302,-4.200435140614871,4.092079363220559,0.21808122,0,0.27855092,0.5851213,4.175899,39.857105,-4.166179180145264,0.21815049108841625
2022-10-10,Louis_DER_AU050_eobs_3264__2022__southbound_01,Louis / DER AU050 (eobs 3264),41.63425,0.94022936,41.538494,0.6148426,41.61676,0.9168326495185943,26.584455143099245,29.08136,1,0.19107391,0.5851213,2.745463,41.63425,0.9402293562889099,29.08140939470361
2022-10-11,Europa_DER_A1A26_eobs_4004__2022__southbound_01,Europa / DER A1A26 (eobs 4004),39.855255,-4.165329,39.853523,-4.189989,39.82987,-4.197809293010916,2.713729459809343,2.113832,0,0.26467648,0.5851213,3.9499278,39.855255,-4.1653289794921875,2.113820417880259
2022-10-11,Louis_DER_AU050_eobs_3264__2022__southbound_01,Louis / DER AU050 (eobs 3264),41.538494,0.6148426,41.538704,0.6147031,41.49559,0.5585393700876234,6.696906040435674,0.02594392,0,0.35137764,0.5851213,6.675416,41.538494,0.6148425936698914,0.026058236968073894
2022-10-12,Europa_DER_A1A26_eobs_4004__2022__southbound_01,Europa / DER A1A26 (eobs 4004),39.853523,-4.189989,39.85436,-4.237856,39.83324,-4.2167125306511455,2.9618658682420698,4.0870786,0,0.22163484,0.5851213,3.20214,39.853523,-4.18998908996582,4.087077772816654
2022-10-12,Louis_DER_AU050_eobs_3264__2022__southbound_01,Louis / DER AU050 (eobs 3264),41.538704,0.6147031,41.538692,0.6181468,41.504337,0.5697532189168822,5.552051276715653,0.28662333,0,0.3083906,0.5851213,5.338566,41.538704,0.6147031188011169,0.2866199149619411
2022-10-13,Europa_DER_A1A26_eobs_4004__2022__southbound_01,Europa / DER A1A26 (eobs 4004),39.85436,-4.237856,39.853455,-4.166751,39.831856,-4.267655528427664,8.943377108872179,6.070499,0,0.2361496,0.5851213,3.5619168,39.85436,-4.237855911254883,6.070522014122284
2022-10-13,Louis_DER_AU050_eobs_3264__2022__southbound_01,Louis / DER AU050 (eobs 3264),41.538692,0.6181468,41.539528,0.6143338,41.506275,0.5762649214636016,4.869909239891559,0.33064634,0,0.30110845,0.5851213,5.0056653,41.538692,0.6181467771530151,0.33066940566307246
2022-10-14,Europa_DER_A1A26_eobs_4004__2022__southbound_01,Europa / DER A1A26 (eobs 4004),39.853455,-4.166751,39.855793,-4.2449293,39.83597,-4.189086037472184,5.252281216002168,6.6784935,0,0.19406311,0.5851213,2.7179925,39.853455,-4.166750907897949,6.678485690714074
2022-10-14,Louis_DER_AU050_eobs_3264__2022__southbound_01,Louis / DER AU050 (eobs 3264),41.539528,0.6143338,41.54031,0.6171932,41.505116,0.5707262691816795,5.502700046014756,0.25348932,0,0.31188676,0.5851213,5.26477,41.539528,0.6143338084220886,0.25337427646052463
2022-10-15,Europa_DER_A1A26_eobs_4004__2022__southbound_01,Europa / DER A1A26 (eobs 4004),39.855793,-4.2449293,39.853657,-4.1669483,39.83401,-4.271937627083592,9.225803806765931,6.6608067,0,0.22784169,0.5851213,3.338088,39.855793,-4.244929313659668,6.660797833429042
2022-10-15,Louis_DER_AU050_eobs_3264__2022__southbound_01,Louis / DER AU050 (eobs 3264),41.54031,0.6171932,41.539574,0.61455595,41.508186,0.5773996917774992,4.663586911498539,0.23428509,0,0.30722824,0.5851213,4.8627305,41.54031,0.6171932220458984,0.2342664707541938
2022-10-16,Europa_DER_A1A26_eobs_4004__2022__southbound_01,Europa / DER A1A26 (eobs 4004),39.853657,-4.1669483,39.854702,-4.2406445,39.831573,-4.1935681175588,4.7715632823737915,6.291921,0,0.23094155,0.5851213,3.3396692,39.853657,-4.166948318481445,6.291923269994996
2022-10-16,Louis_DER_AU050_eobs_3264__2022__southbound_01,Louis / DER AU050 (eobs 3264),41.539574,0.61455595,41.541183,0.624586,41.50101,0.5672382863845269,6.538244600434415,0.85371745,0,0.3403663,0.5851213,5.8119764,41.539574,0.6145559549331665,0.8537579093687907
2022-10-17,Europa_DER_A1A26_eobs_4004__2022__southbound_01,Europa / DER A1A26 (eobs 4004),39.854702,-4.2406445,39.85363,-4.1671476,39.833168,-4.266015773494288,8.742185240270235,6.274983,0,0.22074525,0.5851213,3.2230244,39.854702,-4.240644454956055,6.27496892270129
2022-10-17,Louis_DER_AU050_eobs_3264__2022__southbound_01,Louis / DER AU050 (eobs 3264),41.541183,0.624586,41.53941,0.6174957,41.50772,0.5830965995222328,4.540577931173862,0.6221683,0,0.31954515,0.5851213,5.067296,41.541183,0.6245859861373901,0.622202438952022
2022-10-18,Europa_DER_A1A26_eobs_4004__2022__southbound_01,Europa / DER A1A26 (eobs 4004),39.85363,-4.1671476,39.844223,-4.260671,39.833088,-4.191703145387193,6.017341927575187,8.052187,0,0.21801119,0.5851213,3.0948553,39.85363,-4.167147636413574,8.052194427000524
2022-10-18,Louis_DER_AU050_eobs_3264__2022__southbound_01,Louis / DER AU050 (eobs 3264),41.53941,0.6174957,41.538746,0.6146516,41.514526,0.5865699439764569,3.5661617267145473,0.24797596,0,0.26725265,0.5851213,3.7724,41.53941,0.6174957156181335,0.24795329812786585
2022-10-19,Europa_DER_A1A26_eobs_4004__2022__southbound_01,Europa / DER A1A26 (eobs 4004),39.844223,-4.260671,39.85428,-4.241106,39.81894,-4.290516809962453,5.765451254667976,2.0097353,0,0.25766164,0.5851213,3.7875679,39.844223,-4.260671138763428,2.0099496466355298
2022-10-19,Louis_DER_AU050_eobs_3264__2022__southbound_01,Louis / DER AU050 (eobs 3264),41.538746,0.6146516,41.54087,0.61933845,41.509373,0.5782324939137309,4.89662146726798,0.45609736,0,0.29802394,0.5851213,4.448276,41.538746,0.614651620388031,0.4560527920827226
2022-10-20,Europa_DER_A1A26_eobs_4004__2022__southbound_01,Europa / DER A1A26 (eobs 4004),39.85428,-4.241106,39.8566,-4.1673207,39.830204,-4.2693184131482695,9.189496155157142,6.3036413,0,0.25188583,0.5851213,3.5945163,39.85428,-4.241106033325195,6.303640898983202
2022-10-20,Louis_DER_AU050_eobs_3264__2022__southbound_01,Louis / DER AU050 (eobs 3264),41.54087,0.61933845,41.539196,0.6276122,41.51366,0.585093324555213,4.53769314474024,0.7133239,0,0.28190395,0.5851213,4.1492977,41.54087,0.6193384528160095,0.7133444693785984
2022-10-21,Europa_DER_A1A26_eobs_4004__2022__southbound_01,Europa / DER A1A26 (eobs 4004),39.8566,-4.1673207,39.86001,-4.2381983,39.829903,-4.198879440594972,4.740716602830566,6.0617127,0,0.26598507,0.5851213,4.0016265,39.8566,-4.167320728302002,6.061732605529612
2022-10-21,Louis_DER_AU050_eobs_3264__2022__southbound_01,Louis / DER AU050 (eobs 3264),41.539196,0.6276122,41.537666,0.63729304,41.51316,0.5956373776608869,4.410243863802425,0.8235549,0,0.27128142,0.5851213,3.9252915,41.539196,0.6276121735572815,0.82350378704207
2022-10-22,Europa_DER_A1A26_eobs_4004__2022__southbound_01,Europa / DER A1A26 (eobs 4004),39.86001,-4.2381983,39.855923,-4.1669226,39.831684,-4.272250608827726,9.387592846104251,6.100814,0,0.27224597,0.5851213,4.278092,39.86001,-4.238198280334473,6.100839435747949
2022-10-23,Europa_DER_A1A26_eobs_4004__2022__southbound_01,Europa / DER A1A26 (eobs 4004),39.855923,-4.1669226,39.856693,-4.22614,39.826157,-4.203149550985435,3.9220504952916233,5.0555053,0,0.28010443,0.5851213,4.521835,39.855923,-4.166922569274902,5.05548977067541
2022-10-24,Europa_DER_A1A26_eobs_4004__2022__southbound_01,Europa / DER A1A26 (eobs 4004),39.856693,-4.22614,39.85703,-4.2360497,39.823444,-4.266575974196418,4.5540030771401225,0.84667885,0,0.3032565,0.5851213,5.0490704,39.856693,-4.226140022277832,0.8466960199559072
2022-10-25,Europa_DER_A1A26_eobs_4004__2022__southbound_01,Europa / DER A1A26 (eobs 4004),39.85703,-4.2360497,39.85031,-4.24934,39.827618,-4.271812276290039,3.1700245676474306,1.3581085,0,0.27548757,0.5851213,4.465961,39.85703,-4.236049652099609,1.3583329325638702
2022-10-26,Europa_DER_A1A26_eobs_4004__2022__southbound_01,Europa / DER A1A26 (eobs 4004),39.85031,-4.24934,39.85015,-4.257514,39.826817,-4.277996848360604,3.129037273297812,0.69803196,0,0.23604198,0.5851213,3.5726552,39.85031,-4.249340057373047,0.6980116429454792
2022-10-27,Europa_DER_A1A26_eobs_4004__2022__southbound_01,Europa / DER A1A26 (eobs 4004),39.85015,-4.257514,39.849606,-4.252669,39.82821,-4.283669740887339,3.5590171153562355,0.41804382,0,0.21898451,0.5851213,3.301572,39.85015,-4.257513999938965,0.41804101486383777
2022-10-28,Europa_DER_A1A26_eobs_4004__2022__southbound_01,Europa / DER A1A26 (eobs 4004),39.849606,-4.252669,39.85646,-4.2423134,39.8304,-4.27549857609416,4.052804724630382,1.167168,0,0.19920143,0.5851213,2.8862576,39.849606,-4.252668857574463,1.167233228088692
2022-10-29,Europa_DER_A1A26_eobs_4004__2022__southbound_01,Europa / DER A1A26 (eobs 4004),39.85646,-4.2423134,39.855812,-4.205393,39.84104,-4.260336859668228,4.9697611927380265,3.152318,0,0.1709898,0.5851213,2.2996588,39.85646,-4.242313385009766,3.1523469120092935
2022-10-30,Europa_DER_A1A26_eobs_4004__2022__southbound_01,Europa / DER A1A26 (eobs 4004),39.855812,-4.205393,39.846333,-4.25299,39.841793,-4.221257583495235,2.7557457154561904,4.1976204,0,0.15624157,0.5851213,2.0612476,39.855812,-4.205392837524414,4.197653121658934
2022-10-31,Europa_DER_A1A26_eobs_4004__2022__southbound_01,Europa / DER A1A26 (eobs 4004),39.846333,-4.25299,39.8499,-4.259135,39.832405,-4.268161020190078,2.0923589346944698,0.6577313,0,0.15452258,0.5851213,2.0153484,39.846333,-4.252989768981934,0.6576440574243112
2022-11-01,Europa_DER_A1A26_eobs_4004__2022__southbound_01,Europa / DER A1A26 (eobs 4004),39.8499,-4.259135,39.856583,-4.24948,39.83656,-4.273642284088397,3.035191999221746,1.1095884,0,0.14741185,0.5851213,1.9289936,39.8499,-4.259134769439697,1.1097545118627585
2022-11-02,Europa_DER_A1A26_eobs_4004__2022__southbound_01,Europa / DER A1A26 (eobs 4004),39.856583,-4.24948,39.846252,-4.2647414,39.845295,-4.261434341559314,0.3017410172680469,1.7367662,0,0.12818411,0.5851213,1.614706,39.856583,-4.2494797706604,1.7368852007110782
2022-11-03,Europa_DER_A1A26_eobs_4004__2022__southbound_01,Europa / DER A1A26 (eobs 4004),39.846252,-4.2647414,39.851704,-4.2570753,39.835026,-4.276269702216773,2.474790828627405,0.891838,0,0.12655227,0.5851213,1.5869836,39.846252,-4.26474142074585,0.8920264803939019
2022-11-04,Europa_DER_A1A26_eobs_4004__2022__southbound_01,Europa / DER A1A26 (eobs 4004),39.851704,-4.2570753,39.848965,-4.266041,39.840637,-4.2683734710904355,0.947148522504294,0.82364887,0,0.12363418,0.5851213,1.5606635,39.851704,-4.257075309753418,0.8237258554180046
2022-11-05,Europa_DER_A1A26_eobs_4004__2022__southbound_01,Europa / DER A1A26 (eobs 4004),39.848965,-4.266041,39.84838,-4.265964,39.83693,-4.278364866527228,1.6560223117461539,0.06532381,0,0.12750106,0.5851213,1.6991783,39.848965,-4.266040802001953,0.06522894312619397
2022-11-06,Europa_DER_A1A26_eobs_4004__2022__southbound_01,Europa / DER A1A26 (eobs 4004),39.84838,-4.265964,39.856464,-4.266269,39.835987,-4.278612999970225,2.509010652623349,0.89909595,0,0.1281093,0.5851213,1.7477194,39.84838,-4.265964031219482,0.8992054747831433
2022-11-07,Europa_DER_A1A26_eobs_4004__2022__southbound_01,Europa / DER A1A26 (eobs 4004),39.856464,-4.266269,39.852993,-4.209228,39.84544,-4.277289683568352,5.8706851672827955,4.8843994,0,0.11795514,0.5851213,1.5425195,39.856464,-4.266269207000732,4.88438553502267
2022-11-08,Europa_DER_A1A26_eobs_4004__2022__southbound_01,Europa / DER A1A26 (eobs 4004),39.852993,-4.209228,39.848995,-4.266047,39.842743,-4.21911761197131,4.066343693554519,4.870731,0,0.11411612,0.5851213,1.4157863,39.852993,-4.209228038787842,4.870733573886522
2022-11-09,Europa_DER_A1A26_eobs_4004__2022__southbound_01,Europa / DER A1A26 (eobs 4004),39.848995,-4.266047,39.851402,-4.2512064,39.83753,-4.277283565148115,2.708593783648391,1.2947984,0,0.12207686,0.5851213,1.5927906,39.848995,-4.26604700088501,1.2948618738803508
2022-11-10,Europa_DER_A1A26_eobs_4004__2022__southbound_01,Europa / DER A1A26 (eobs 4004),39.851402,-4.2512064,39.847546,-4.2702208,39.840855,-4.2614376250088375,1.0563256845091358,1.6788815,0,0.11511277,0.5851213,1.4596024,39.851402,-4.251206398010254,1.6789079846612966
2022-11-11,Europa_DER_A1A26_eobs_4004__2022__southbound_01,Europa / DER A1A26 (eobs 4004),39.847546,-4.2702208,39.847927,-4.26829,39.836227,-4.28115098302516,1.702389429518525,0.1701635,0,0.11918676,0.5851213,1.5638859,39.847546,-4.270220756530762,0.1701956184504543
2022-11-12,Europa_DER_A1A26_eobs_4004__2022__southbound_01,Europa / DER A1A26 (eobs 4004),39.847927,-4.26829,39.847916,-4.27084,39.83776,-4.277998525216398,1.283939025868553,0.21768662,0,0.112169795,0.5851213,1.3991623,39.847927,-4.268290042877197,0.21770735681070996
2022-11-13,Europa_DER_A1A26_eobs_4004__2022__southbound_01,Europa / DER A1A26 (eobs 4004),39.847916,-4.27084,39.856754,-4.167861,39.837166,-4.28149051307921,9.942191677988665,8.845493,0,0.11437176,0.5851213,1.4993155,39.847916,-4.270840167999268,8.845514435711575
2022-11-14,Europa_DER_A1A26_eobs_4004__2022__southbound_01,Europa / DER A1A26 (eobs 4004),39.856754,-4.167861,39.85351,-4.177822,39.84643,-4.178022136593536,0.7874550121335221,0.9236729,0,0.11216742,0.5851213,1.4360421,39.856754,-4.167860984802246,0.9235739966690271
2022-11-15,Europa_DER_A1A26_eobs_4004__2022__southbound_01,Europa / DER A1A26 (eobs 4004),39.85351,-4.177822,39.848587,-4.27088,39.842144,-4.189289777754422,7.00236448442221,7.9628267,0,0.11772107,0.5851213,1.5958464,39.85351,-4.177822113037109,7.962840704550374
2022-11-16,Europa_DER_A1A26_eobs_4004__2022__southbound_01,Europa / DER A1A26 (eobs 4004),39.848587,-4.27088,39.847897,-4.270175,39.836945,-4.282892084133374,1.6315315700318078,0.09748509,0,0.11961797,0.5851213,1.6484542,39.848587,-4.270880222320557,0.09756686694880227
2022-11-17,Europa_DER_A1A26_eobs_4004__2022__southbound_01,Europa / DER A1A26 (eobs 4004),39.847897,-4.270175,39.84786,-4.2702074,39.836147,-4.28232744456754,1.6632896070511074,0.0050944844,0,0.12087989,0.5851213,1.6655115,39.847897,-4.270174980163574,0.005065069492986559
2022-11-18,Europa_DER_A1A26_eobs_4004__2022__southbound_01,Europa / DER A1A26 (eobs 4004),39.84786,-4.2702074,39.856686,-4.2699175,39.83573,-4.283215295478038,2.5918520116989248,0.98193085,0,0.12664878,0.5851213,1.7436758,39.84786,-4.270207405090332,0.9818542210677559
2022-11-19,Europa_DER_A1A26_eobs_4004__2022__southbound_01,Europa / DER A1A26 (eobs 4004),39.856686,-4.2699175,39.84718,-4.269938,39.84405,-4.283461478472297,1.2057921510617682,1.0574111,0,0.1304343,0.5851213,1.8160839,39.856686,-4.2699174880981445,1.057046965887451
2022-11-20,Europa_DER_A1A26_eobs_4004__2022__southbound_01,Europa / DER A1A26 (eobs 4004),39.84718,-4.269938,39.856407,-4.249142,39.83513,-4.28228202891179,3.6881904731550414,2.0505922,0,0.12773053,0.5851213,1.7016975,39.84718,-4.269937992095947,2.0504389902187694
2022-11-21,Europa_DER_A1A26_eobs_4004__2022__southbound_01,Europa / DER A1A26 (eobs 4004),39.856407,-4.249142,39.85697,-4.256775,39.844345,-4.261553249258139,1.4620759426043974,0.6545116,0,0.12753494,0.5851213,1.7061274,39.856407,-4.249142169952393,0.6545390353123498
2022-11-22,Europa_DER_A1A26_eobs_4004__2022__southbound_01,Europa / DER A1A26 (eobs 4004),39.85697,-4.256775,39.841156,-4.2567496,39.84477,-4.269934993512298,1.195235537416928,1.758546,0,0.13091987,0.5851213,1.7585615,39.85697,-4.25677490234375,1.758633230443243
2023-07-31,Angela_DER_AY470_eobs_4001__2023__southbound_01,Angela / DER AY470 (eobs 4001),48.141117,7.7463923,48.167404,7.72844,48.12643,7.725894187895121,4.559982631494243,3.2120667,0,0.17504549,0.5851213,2.2278783,48.141117,7.746392250061035,3.2120727599304773
2023-08-01,Angela_DER_AY470_eobs_4001__2023__southbound_01,Angela / DER AY470 (eobs 4001),48.167404,7.72844,48.134644,7.7496567,48.1531,7.708277677550809,3.6928717377664566,3.968189,0,0.17313945,0.5851213,2.1792002,48.167404,7.728439807891846,3.9683236080252042
2023-08-02,Angela_DER_AY470_eobs_4001__2023__southbound_01,Angela / DER AY470 (eobs 4001),48.134644,7.7496567,48.134125,7.7529035,48.120182,7.729028763269947,2.354479554419326,0.24781504,0,0.17562237,0.5851213,2.2161632,48.134644,7.749656677246094,0.24775361517312774
2023-08-03,Angela_DER_AY470_eobs_4001__2023__southbound_01,Angela / DER AY470 (eobs 4001),48.134125,7.7529035,48.12996,7.754574,48.119484,7.7318359249798485,2.050621446960324,0.479151,0,0.17967889,0.5851213,2.2532542,48.134125,7.752903461456299,0.4795006151700236
2023-08-04,Angela_DER_AY470_eobs_4001__2023__southbound_01,Angela / DER AY470 (eobs 4001),48.12996,7.754574,48.15167,7.749325,48.11447,7.731609853337129,4.3400404708165645,2.4448843,0,0.18835169,0.5851213,2.418545,48.12996,7.754573822021484,2.4452015025771203
2023-08-05,Angela_DER_AY470_eobs_4001__2023__southbound_01,Angela / DER AY470 (eobs 4001),48.15167,7.749325,48.158104,7.723872,48.136982,7.727650103003281,2.3653256552317155,2.0190833,0,0.18152149,0.5851213,2.2877414,48.15167,7.749324798583984,2.0191393574085637
2023-08-06,Angela_DER_AY470_eobs_4001__2023__southbound_01,Angela / DER AY470 (eobs 4001),48.158104,7.723872,48.134285,7.753541,48.141983,7.699594631319895,4.093563699904071,3.443781,0,0.19004905,0.5851213,2.5364985,48.158104,7.723872184753418,3.4438613849588697
2023-08-07,Angela_DER_AY470_eobs_4001__2023__southbound_01,Angela / DER AY470 (eobs 4001),48.134285,7.753541,48.13426,7.754865,48.117966,7.728944135610086,2.6426350117323705,0.098315306,0,0.1897351,0.5851213,2.5693634,48.134285,7.753540992736816,0.09831224102256199
2023-08-07,Louis_DER_AU050_eobs_3264__2023__southbound_01,Louis / DER AU050 (eobs 3264),47.905502,8.565318,47.908237,8.571833,47.895576,8.55112183028126,2.0894082873011968,0.5728862,0,0.14617081,0.5851213,1.52648,47.905502,8.56531810760498,0.572964534863667
2023-08-08,Angela_DER_AY470_eobs_4001__2023__southbound_01,Angela / DER AY470 (eobs 4001),48.13426,7.754865,48.164627,7.7360315,48.117664,7.729825385766543,5.242290289497397,3.6545255,0,0.19043179,0.5851213,2.614012,48.13426,7.7548651695251465,3.65451215015186
2023-08-08,Louis_DER_AU050_eobs_3264__2023__southbound_01,Louis / DER AU050 (eobs 3264),47.908237,8.571833,47.911217,8.563831,47.89844,8.557608286915778,1.4943828660606662,0.68232703,0,0.14511774,0.5851213,1.5175507,47.908237,8.571832656860352,0.6822072713552584
2023-08-09,Angela_DER_AY470_eobs_4001__2023__southbound_01,Angela / DER AY470 (eobs 4001),48.164627,7.7360315,48.148876,7.732977,48.14963,7.713717294229883,1.4313088659048734,1.7657381,0,0.17813627,0.5851213,2.3450687,48.164627,7.736031532287598,1.7660169307151372
2023-08-09,Louis_DER_AU050_eobs_3264__2023__southbound_01,Louis / DER AU050 (eobs 3264),47.911217,8.563831,47.89871,8.539618,47.901325,8.549352456450125,0.7818831032632523,2.2788746,0,0.14466722,0.5851213,1.5380653,47.911217,8.563831329345703,2.2786532113320996
2023-08-10,Angela_DER_AY470_eobs_4001__2023__southbound_01,Angela / DER AY470 (eobs 4001),48.148876,7.732977,48.140602,7.7478137,48.133644,7.710527321403603,2.873013030527989,1.4348435,0,0.17644627,0.5851213,2.371358,48.148876,7.732976913452148,1.4346651132309214
2023-08-10,Louis_DER_AU050_eobs_3264__2023__southbound_01,Louis / DER AU050 (eobs 3264),47.89871,8.539618,47.90495,8.55302,47.888252,8.524088730046563,2.84590045076174,1.2165833,0,0.1474442,0.5851213,1.6379207,47.89871,8.539617538452148,1.2164229458465547
2023-08-11,Angela_DER_AY470_eobs_4001__2023__southbound_01,Angela / DER AY470 (eobs 4001),48.140602,7.7478137,47.79649,7.578767,48.127155,7.728975147948337,38.431793980835884,40.280254,1,0.16258222,0.5851213,2.0432732,48.140602,7.747813701629639,40.28019873734364
2023-08-11,Louis_DER_AU050_eobs_3264__2023__southbound_01,Louis / DER AU050 (eobs 3264),47.90495,8.55302,47.90752,8.55612,47.895344,8.539765207623141,1.8219849998288078,0.36745134,0,0.1362464,0.5851213,1.4525374,47.90495,8.553019523620605,0.3676182521985106
2023-08-12,Angela_DER_AY470_eobs_4001__2023__southbound_01,Angela / DER AY470 (eobs 4001),47.79649,7.578767,47.65475,7.5555215,47.6242,7.272573999930907,21.469607076619134,15.855944,1,0.61899537,0.5851213,29.782927,47.6242,7.272573999930907,21.469607076619134
2023-08-12,Louis_DER_AU050_eobs_3264__2023__southbound_01,Louis / DER AU050 (eobs 3264),47.90752,8.55612,47.905235,8.557772,47.89834,8.543781121006957,1.294550958563948,0.28212747,0,0.13478862,0.5851213,1.3716593,47.90752,8.556119918823242,0.28234014993002937
2023-08-13,Angela_DER_AY470_eobs_4001__2023__southbound_01,Angela / DER AY470 (eobs 4001),47.65475,7.5555215,47.52191,7.0241976,47.473755,7.238575618278901,16.97210198755938,42.496704,1,0.6276398,0.5851213,31.06783,47.473755,7.238575618278901,16.97210198755938
2023-08-13,Louis_DER_AU050_eobs_3264__2023__southbound_01,Louis / DER AU050 (eobs 3264),47.905235,8.557772,47.907127,8.578035,47.89575,8.544987822006835,2.7695071594001637,1.5250368,0,0.13705753,0.5851213,1.4192475,47.905235,8.557771682739258,1.5250211419799005
2023-08-14,Angela_DER_AY470_eobs_4001__2023__southbound_01,Angela / DER AY470 (eobs 4001),47.52191,7.0241976,46.693375,5.4422135,47.26163,6.584350971181814,107.240404795832,151.06589,1,0.68191004,0.5851213,43.83786,47.26163,6.584350971181814,107.240404795832
2023-08-14,Louis_DER_AU050_eobs_3264__2023__southbound_01,Louis / DER AU050 (eobs 3264),47.907127,8.578035,47.90697,8.574343,47.898956,8.5676647455812,1.0207997903012658,0.27577516,0,0.12776138,0.5851213,1.1909356,47.907127,8.578035354614258,0.27578988001957877
2023-08-15,Angela_DER_AY470_eobs_4001__2023__southbound_01,Angela / DER AY470 (eobs 4001),46.693375,5.4422135,46.058247,5.1277914,46.12398,4.695060212435617,34.1612915819331,74.6285,1,0.78163344,0.5851213,85.03202,46.12398,4.695060212435617,34.1612915819331
2023-08-15,Louis_DER_AU050_eobs_3264__2023__southbound_01,Louis / DER AU050 (eobs 3264),47.90697,8.574343,47.90912,8.572943,47.897446,8.561823570249858,1.5400501632320505,0.26039174,0,0.14009847,0.5851213,1.4090116,47.90697,8.574342727661133,0.2606140698526998
2023-08-16,Angela_DER_AY470_eobs_4001__2023__southbound_01,Angela / DER AY470 (eobs 4001),46.058247,5.1277914,45.129078,4.8418922,45.49348,4.4043859590905035,53.03129132738895,105.68646,1,0.78224874,0.5851213,83.873276,45.49348,4.4043859590905035,53.03129132738895
2023-08-16,Louis_DER_AU050_eobs_3264__2023__southbound_01,Louis / DER AU050 (eobs 3264),47.90912,8.572943,47.9112,8.57454,47.90006,8.56131293464962,1.5834368777134586,0.2604862,0,0.13829477,0.5851213,1.3265646,47.90912,8.572942733764648,0.2604108635011863
2023-08-17,Angela_DER_AY470_eobs_4001__2023__southbound_01,Angela / DER AY470 (eobs 4001),45.129078,4.8418922,44.108948,4.3573484,44.579693,4.1499750462169285,54.88064597118088,119.74028,1,0.78182465,0.5851213,81.57695,44.579693,4.1499750462169285,54.88064597118088
2023-08-17,Louis_DER_AU050_eobs_3264__2023__southbound_01,Louis / DER AU050 (eobs 3264),47.9112,8.57454,47.903915,8.572826,47.903286,8.564906394391864,0.5945136440229409,0.8199633,0,0.13185406,0.5851213,1.1338515,47.9112,8.574540138244629,0.8201836264040228
2023-08-18,Angela_DER_AY470_eobs_4001__2023__southbound_01,Angela / DER AY470 (eobs 4001),44.108948,4.3573484,43.133526,2.9667532,43.558792,3.6831940333055395,74.78203164080097,155.86073,1,0.78407305,0.5851213,81.3397,43.558792,3.6831940333055395,74.78203164080097
2023-08-18,Louis_DER_AU050_eobs_3264__2023__southbound_01,Louis / DER AU050 (eobs 3264),47.903915,8.572826,47.91519,8.57289,47.895382,8.562136460769034,2.3440638289470357,1.2536503,0,0.13588218,0.5851213,1.23682,47.903915,8.572826385498047,1.2538720249734414
2023-08-19,Angela_DER_AY470_eobs_4001__2023__southbound_01,Angela / DER AY470 (eobs 4001),43.133526,2.9667532,42.9593,2.92894,42.55815,2.2822115007772985,69.11918820114703,19.615278,1,0.7908052,0.5851213,84.57933,42.55815,2.2822115007772985,69.11918820114703
2023-08-19,Louis_DER_AU050_eobs_3264__2023__southbound_01,Louis / DER AU050 (eobs 3264),47.91519,8.57289,47.91115,8.578961,47.90656,8.561960379737373,1.3662196138660012,0.6376127,0,0.13740702,0.5851213,1.2567849,47.91519,8.572890281677246,0.6375849114163273
2023-08-20,Angela_DER_AY470_eobs_4001__2023__southbound_01,Angela / DER AY470 (eobs 4001),42.9593,2.92894,42.384556,2.8043692,42.40197,2.263166317402947,44.48643465576923,64.71533,1,0.7863719,0.5851213,82.171295,42.40197,2.263166317402947,44.48643465576923
2023-08-20,Louis_DER_AU050_eobs_3264__2023__southbound_01,Louis / DER AU050 (eobs 3264),47.91115,8.578961,47.907944,8.563981,47.902565,8.56807246076312,0.671355990054853,1.1720877,0,0.13767178,0.5851213,1.2508968,47.91115,8.578961372375488,1.1721512692210576
2023-08-21,Angela_DER_AY470_eobs_4001__2023__southbound_01,Angela / DER AY470 (eobs 4001),42.384556,2.8043692,42.291645,3.0467565,41.86046,2.1905050117056137,85.3993949177532,22.441936,1,0.7790965,0.5851213,76.924736,41.86046,2.1905050117056137,85.3993949177532
2023-08-21,Louis_DER_AU050_eobs_3264__2023__southbound_01,Louis / DER AU050 (eobs 3264),47.907944,8.563981,47.91449,8.581795,47.897575,8.55019986013646,3.0139208396761723,1.5140849,0,0.15431793,0.5851213,1.5412804,47.907944,8.563981056213379,1.5141253337842464
2023-08-22,Angela_DER_AY470_eobs_4001__2023__southbound_01,Angela / DER AY470 (eobs 4001),42.291645,3.0467565,42.28831,3.0466027,41.860706,2.536607462466021,63.502796198134575,0.37101215,0,0.74943966,0.5851213,63.58247,41.860706,2.536607462466021,63.502796198134575
2023-08-22,Louis_DER_AU050_eobs_3264__2023__southbound_01,Louis / DER AU050 (eobs 3264),47.91449,8.581795,47.91484,8.57268,47.90528,8.569956985279063,1.0821924434486214,0.68035096,0,0.14564921,0.5851213,1.349219,47.91449,8.581794738769531,0.680379124851661
2023-08-23,Angela_DER_AY470_eobs_4001__2023__southbound_01,Angela / DER AY470 (eobs 4001),42.28831,3.0466027,41.858704,2.7120183,41.90973,2.603965382611559,10.592734144020246,55.17802,1,0.73056316,0.5851213,55.560764,41.90973,2.603965382611559,10.592734144020246
2023-08-23,Louis_DER_AU050_eobs_3264__2023__southbound_01,Louis / DER AU050 (eobs 3264),47.91484,8.57268,47.91848,8.581978,47.904434,8.558890547084852,2.323830967639388,0.8024675,0,0.15685281,0.5851213,1.5448539,47.91484,8.572680473327637,0.8023922740360371
2023-08-24,Angela_DER_AY470_eobs_4001__2023__southbound_01,Angela / DER AY470 (eobs 4001),41.858704,2.7120183,41.14599,1.0860349,41.491367,2.2904047258964906,107.66182281106062,156.89,1,0.726212,0.5851213,53.641907,41.491367,2.2904047258964906,107.66182281106062
2023-08-24,Louis_DER_AU050_eobs_3264__2023__southbound_01,Louis / DER AU050 (eobs 3264),47.91848,8.581978,47.911148,8.570702,47.90798,8.568011158255047,0.40516993580333865,1.170836,0,0.15831392,0.5851213,1.5612524,47.91848,8.581977844238281,1.17085463045002
2023-08-25,Angela_DER_AY470_eobs_4001__2023__southbound_01,Angela / DER AY470 (eobs 4001),41.14599,1.0860349,41.2851,1.2431147,40.72739,0.6359114361318889,80.26075675244593,20.295574,1,0.74626166,0.5851213,59.78753,40.72739,0.6359114361318889,80.26075675244593
2023-08-25,Louis_DER_AU050_eobs_3264__2023__southbound_01,Louis / DER AU050 (eobs 3264),47.911148,8.570702,47.90771,8.568752,47.900093,8.555705609071058,1.289713717531156,0.4090239,0,0.1635398,0.5851213,1.6585275,47.911148,8.570701599121094,0.4088675777262162
2023-08-26,Angela_DER_AY470_eobs_4001__2023__southbound_01,Angela / DER AY470 (eobs 4001),41.2851,1.2431147,41.49649,1.7031212,40.93569,0.8677241632703644,93.65382570843529,45.0006,1,0.7200519,0.5851213,49.845787,40.93569,0.8677241632703644,93.65382570843529
2023-08-26,Louis_DER_AU050_eobs_3264__2023__southbound_01,Louis / DER AU050 (eobs 3264),47.90771,8.568752,47.91902,8.576931,47.895958,8.55256466775325,3.1425444267333416,1.3976231,0,0.1682792,0.5851213,1.7754949,47.90771,8.56875228881836,1.3976093578371764
2023-08-27,Angela_DER_AY470_eobs_4001__2023__southbound_01,Angela / DER AY470 (eobs 4001),41.49649,1.7031212,42.051178,2.8820927,41.16122,1.3438943567487405,161.7017982036534,115.59662,1,0.7133938,0.5851213,47.71706,41.16122,1.3438943567487405,161.7017982036534
2023-08-27,Louis_DER_AU050_eobs_3264__2023__southbound_01,Louis / DER AU050 (eobs 3264),47.91902,8.576931,47.906048,8.566824,47.907604,8.561184866128166,0.4545624925861993,1.6275461,0,0.16264932,0.5851213,1.7258598,47.91902,8.57693099975586,1.627447188540649
2023-08-28,Angela_DER_AY470_eobs_4001__2023__southbound_01,Angela / DER AY470 (eobs 4001),42.051178,2.8820927,42.054653,2.8822155,41.72652,2.530988130411765,46.65322152637311,0.38658014,0,0.7062981,0.5851213,46.218327,41.72652,2.530988130411765,46.65322152637311
2023-08-28,Louis_DER_AU050_eobs_3264__2023__southbound_01,Louis / DER AU050 (eobs 3264),47.906048,8.566824,47.909637,8.579326,47.895042,8.551523911044637,2.6322895194094604,1.0137484,0,0.15456952,0.5851213,1.669733,47.906048,8.566823959350586,1.0137273647793785
2023-08-29,Angela_DER_AY470_eobs_4001__2023__southbound_01,Angela / DER AY470 (eobs 4001),42.054653,2.8822155,42.167862,3.0369475,41.73155,2.5275827961553388,64.25108671289158,17.92695,1,0.7050215,0.5851213,46.266266,41.73155,2.5275827961553388,64.25108671289158
2023-08-29,Louis_DER_AU050_eobs_3264__2023__southbound_01,Louis / DER AU050 (eobs 3264),47.909637,8.579326,47.90744,8.572916,47.89833,8.563416616479165,1.2359084265892972,0.5365928,0,0.15396392,0.5851213,1.7253,47.909637,8.579325675964355,0.5365987504064299
2023-08-30,Angela_DER_AY470_eobs_4001__2023__southbound_01,Angela / DER AY470 (eobs 4001),42.167862,3.0369475,42.300247,3.0543725,41.85918,2.692686897163393,57.4140145339781,14.790453,1,0.699488,0.5851213,44.454147,41.85918,2.692686897163393,57.4140145339781
2023-08-30,Louis_DER_AU050_eobs_3264__2023__southbound_01,Louis / DER AU050 (eobs 3264),47.90744,8.572916,47.91252,8.577267,47.897255,8.558415746195685,2.2036746190817573,0.65132797,0,0.1395046,0.5851213,1.562727,47.90744,8.572916030883789,0.6514437375142811
2023-08-31,Angela_DER_AY470_eobs_4001__2023__southbound_01,Angela / DER AY470 (eobs 4001),42.300247,3.0543725,42.300365,3.0540035,42.032425,2.750892282456411,38.881146444797814,0.03299248,0,0.67925435,0.5851213,38.78839,42.032425,2.750892282456411,38.881146444797814
2023-08-31,Louis_DER_AU050_eobs_3264__2023__southbound_01,Louis / DER AU050 (eobs 3264),47.91252,8.577267,47.914204,8.570409,47.90216,8.562229682264185,1.4713644390447917,0.54431605,0,0.13888927,0.5851213,1.6043911,47.91252,8.577266693115234,0.5442656015235015
2023-09-01,Angela_DER_AY470_eobs_4001__2023__southbound_01,Angela / DER AY470 (eobs 4001),42.300365,3.0540035,42.30037,3.053391,42.26682,3.006728283098111,5.352862724028234,0.050371144,0,0.34049717,0.5851213,5.3784747,42.300365,3.0540034770965576,0.05037531748306635
2023-09-01,Louis_DER_AU050_eobs_3264__2023__southbound_01,Louis / DER AU050 (eobs 3264),47.914204,8.570409,47.91531,8.574231,47.90448,8.555919711518968,1.8201432139987601,0.31037185,0,0.13223623,0.5851213,1.5254053,47.914204,8.570408821105957,0.3102908160189559
2023-09-02,Angela_DER_AY470_eobs_4001__2023__southbound_01,Angela / DER AY470 (eobs 4001),42.30037,3.053391,42.3002,3.0543666,42.259033,2.994259917811282,6.7385545420013155,0.08234078,0,0.37717575,0.5851213,6.679765,42.30037,3.0533909797668457,0.08237903240670046
2023-09-02,Louis_DER_AU050_eobs_3264__2023__southbound_01,Louis / DER AU050 (eobs 3264),47.91531,8.574231,47.915257,8.57293,47.906536,8.561341224590205,1.2985917862202405,0.09712608,0,0.12593125,0.5851213,1.3668897,47.91531,8.574231147766113,0.09712618276047491
2023-09-03,Angela_DER_AY470_eobs_4001__2023__southbound_01,Angela / DER AY470 (eobs 4001),42.3002,3.0543666,42.113182,2.7939646,42.261345,2.9986507656970884,23.575936396547824,29.874352,1,0.3651912,0.5851213,6.286957,42.3002,3.0543665885925293,29.8743149674234
2023-09-03,Louis_DER_AU050_eobs_3264__2023__southbound_01,Louis / DER AU050 (eobs 3264),47.915257,8.57293,47.917305,8.580011,47.90537,8.558525123527174,2.0799255495143236,0.57483435,0,0.13597725,0.5851213,1.5339628,47.915257,8.572930335998535,0.5747733829534932
2023-09-04,Angela_DER_AY470_eobs_4001__2023__southbound_01,Angela / DER AY470 (eobs 4001),42.113182,2.7939646,42.09134,2.7486808,42.058678,2.715300896270442,4.5585405013115645,4.455991,0,0.42916384,0.5851213,8.863299,42.113182,2.7939646244049072,4.456078622507111
2023-09-04,Louis_DER_AU050_eobs_3264__2023__southbound_01,Louis / DER AU050 (eobs 3264),47.917305,8.580011,47.91703,8.572701,47.908802,8.56798596094712,0.9801224567093588,0.5456462,0,0.12715593,0.5851213,1.3004018,47.917305,8.580011367797852,0.5456151672953644
2023-09-05,Angela_DER_AY470_eobs_4001__2023__southbound_01,Angela / DER AY470 (eobs 4001),42.09134,2.7486808,41.621765,-0.8071791,42.019165,2.647374638666587,289.63724786991634,299.0661,1,0.4766597,0.5851213,11.56792,42.09134,2.748680830001831,299.06606748331996
2023-09-05,Louis_DER_AU050_eobs_3264__2023__southbound_01,Louis / DER AU050 (eobs 3264),47.91703,8.572701,47.91658,8.57287,47.90772,8.55920505414465,1.4171195379354904,0.051414188,0,0.13374957,0.5851213,1.4409785,47.91703,8.572701454162598,0.05160932588713775
2023-09-06,Angela_DER_AY470_eobs_4001__2023__southbound_01,Angela / DER AY470 (eobs 4001),41.621765,-0.8071791,41.3561,-1.2563629,41.222168,-1.2142610091646506,15.30218314775784,47.670643,1,0.73572206,0.5851213,55.753063,41.222168,-1.2142610091646506,15.30218314775784
2023-09-06,Louis_DER_AU050_eobs_3264__2023__southbound_01,Louis / DER AU050 (eobs 3264),47.91658,8.57287,47.92391,8.572406,47.907383,8.559759674806921,2.0651257890571504,0.81573623,0,0.13392566,0.5851213,1.412006,47.91658,8.572870254516602,0.8155759386638564
2023-09-07,Angela_DER_AY470_eobs_4001__2023__southbound_01,Angela / DER AY470 (eobs 4001),41.3561,-1.2563629,39.90985,-3.22335,40.936325,-1.6814553248786979,173.38321459359474,231.09927,1,0.7426868,0.5851213,58.527943,40.936325,-1.6814553248786979,173.38321459359474
2023-09-07,Louis_DER_AU050_eobs_3264__2023__southbound_01,Louis / DER AU050 (eobs 3264),47.92391,8.572406,47.91136,8.564947,47.914875,8.559683854698983,0.5536187677289931,1.5019615,0,0.13308676,0.5851213,1.3787867,47.92391,8.572405815124512,1.5017661728419727
2023-09-08,Angela_DER_AY470_eobs_4001__2023__southbound_01,Angela / DER AY470 (eobs 4001),39.90985,-3.22335,39.43035,-3.2235072,39.434486,-3.696376496230819,40.614571511284836,53.318287,1,0.762065,0.5851213,66.37961,39.434486,-3.696376496230819,40.614571511284836
2023-09-08,Louis_DER_AU050_eobs_3264__2023__southbound_01,Louis / DER AU050 (eobs 3264),47.91136,8.564947,47.91132,8.561281,47.90189,8.551695069884419,1.2688758264964188,0.27327594,0,0.1379125,0.5851213,1.4413209,47.91136,8.564947128295898,0.2732677935777182
2023-09-09,Angela_DER_AY470_eobs_4001__2023__southbound_01,Angela / DER AY470 (eobs 4001),39.43035,-3.2235072,39.430233,-3.2235744,38.95426,-3.6893291813115394,66.42435693624546,0.014295343,0,0.76132184,0.5851213,66.23999,38.95426,-3.6893291813115394,66.42435693624546
2023-09-09,Louis_DER_AU050_eobs_3264__2023__southbound_01,Louis / DER AU050 (eobs 3264),47.91132,8.561281,47.92068,8.565792,47.90052,8.54574781233669,2.693961988310931,1.0937533,0,0.14734949,0.5851213,1.6652611,47.91132,8.561281204223633,1.0938653848704827
2023-09-10,Angela_DER_AY470_eobs_4001__2023__southbound_01,Angela / DER AY470 (eobs 4001),39.430233,-3.2235744,39.092033,-3.5311222,38.960884,-3.678194454246433,19.340931967159804,45.99251,1,0.7602707,0.5851213,65.06452,38.960884,-3.678194454246433,19.340931967159804
2023-09-10,Louis_DER_AU050_eobs_3264__2023__southbound_01,Louis / DER AU050 (eobs 3264),47.92068,8.565792,47.913177,8.558145,47.9106,8.551483324262586,0.5733264659536733,1.010417,0,0.14187658,0.5851213,1.5445938,47.92068,8.565792083740234,1.0104236980252836
2023-09-11,Angela_DER_AY470_eobs_4001__2023__southbound_01,Angela / DER AY470 (eobs 4001),39.092033,-3.5311222,38.54824,-3.9606621,38.62467,-3.9766346459070925,8.6110068248293,71.00029,1,0.7608131,0.5851213,64.53215,38.62467,-3.9766346459070925,8.6110068248293
2023-09-11,Louis_DER_AU050_eobs_3264__2023__southbound_01,Louis / DER AU050 (eobs 3264),47.913177,8.558145,47.919415,8.578084,47.90054,8.539303366271662,3.5720923621774845,1.639857,0,0.1635506,0.5851213,1.9832022,47.913177,8.558144569396973,1.6398515752293545
2023-09-12,Angela_DER_AY470_eobs_4001__2023__southbound_01,Angela / DER AY470 (eobs 4001),38.54824,-3.9606621,37.81514,-4.7447667,38.079227,-4.4025187999463,41.98729935622068,106.498344,1,0.761768,0.5851213,64.665596,38.079227,-4.4025187999463,41.98729935622068
2023-09-12,Louis_DER_AU050_eobs_3264__2023__southbound_01,Louis / DER AU050 (eobs 3264),47.919415,8.578084,47.918007,8.574199,47.90799,8.561493282322754,1.4619899750972933,0.32916656,0,0.15552826,0.5851213,1.769449,47.919415,8.578083992004395,0.3291340376548682
2023-09-13,Angela_DER_AY470_eobs_4001__2023__southbound_01,Angela / DER AY470 (eobs 4001),37.81514,-4.7447667,37.81411,-4.7478037,37.41505,-5.1247117364614425,55.417820346330615,0.29016957,0,0.73467004,0.5851213,55.518112,37.41505,-5.1247117364614425,55.417820346330615
2023-09-13,Louis_DER_AU050_eobs_3264__2023__southbound_01,Louis / DER AU050 (eobs 3264),47.918007,8.574199,47.917664,8.567795,47.905865,8.556171972058545,1.572161117958285,0.4787206,0,0.1610684,0.5851213,1.901277,47.918007,8.574198722839355,0.47876054568572096
2023-09-14,Angela_DER_AY470_eobs_4001__2023__southbound_01,Angela / DER AY470 (eobs 4001),37.81411,-4.7478037,37.391205,-5.334648,37.455967,-5.085156008786592,23.178955899195902,69.88604,1,0.71868086,0.5851213,49.55312,37.455967,-5.085156008786592,23.178955899195902
2023-09-14,Louis_DER_AU050_eobs_3264__2023__southbound_01,Louis / DER AU050 (eobs 3264),47.917664,8.567795,47.637096,8.036494,47.904354,8.547406677076568,48.38425434678003,50.492165,1,0.16709094,0.5851213,2.1172438,47.917664,8.567794799804688,50.49217120723164
2023-09-15,Angela_DER_AY470_eobs_4001__2023__southbound_01,Angela / DER AY470 (eobs 4001),37.391205,-5.334648,36.610325,-6.118923,37.14141,-5.571078626970319,76.56357431854812,111.309654,1,0.6644629,0.5851213,34.6923,37.14141,-5.571078626970319,76.56357431854812
2023-09-15,Louis_DER_AU050_eobs_3264__2023__southbound_01,Louis / DER AU050 (eobs 3264),47.637096,8.036494,46.49455,5.2768235,47.31193,7.45855800456401,189.02470412508967,244.58044,1,0.71502054,0.5851213,56.313778,47.31193,7.45855800456401,189.02470412508967
2023-09-16,Angela_DER_AY470_eobs_4001__2023__southbound_01,Angela / DER AY470 (eobs 4001),36.610325,-6.118923,36.608746,-6.12548,36.340702,-6.366771142406176,36.7942295789532,0.6109697,0,0.67488027,0.5851213,37.193794,36.340702,-6.366771142406176,36.7942295789532
2023-09-16,Louis_DER_AU050_eobs_3264__2023__southbound_01,Louis / DER AU050 (eobs 3264),46.49455,5.2768235,46.072567,5.1616254,45.731335,4.389851278327006,70.7533119586573,47.749935,1,0.8167806,0.5851213,108.49334,45.731335,4.389851278327006,70.7533119586573
2023-09-17,Angela_DER_AY470_eobs_4001__2023__southbound_01,Angela / DER AY470 (eobs 4001),36.608746,-6.12548,36.583847,-6.1236563,36.36283,-6.350799817875295,31.88223144173119,2.7734523,0,0.6603398,0.5851213,33.884663,36.36283,-6.350799817875295,31.88223144173119
2023-09-17,Louis_DER_AU050_eobs_3264__2023__southbound_01,Louis / DER AU050 (eobs 3264),46.072567,5.1616254,46.095245,5.131583,45.334213,4.315971675488853,105.69155083047131,3.4246023,0,0.8120182,0.5851213,104.67869,45.334213,4.315971675488853,105.69155083047131
2023-09-18,Angela_DER_AY470_eobs_4001__2023__southbound_01,Angela / DER AY470 (eobs 4001),36.583847,-6.1236563,36.60852,-6.1237483,36.363262,-6.321785630999779,32.51451300986641,2.743373,0,0.64193004,0.5851213,30.188997,36.363262,-6.321785630999779,32.51451300986641
2023-09-18,Louis_DER_AU050_eobs_3264__2023__southbound_01,Louis / DER AU050 (eobs 3264),46.095245,5.131583,46.03966,5.0795336,45.393932,4.325018108388861,92.6647507815774,7.370623,0,0.80643535,0.5851213,99.57146,45.393932,4.325018108388861,92.6647507815774
2023-09-19,Angela_DER_AY470_eobs_4001__2023__southbound_01,Angela / DER AY470 (eobs 4001),36.60852,-6.1237483,36.610138,-6.125458,36.427944,-6.2866271227807164,24.85684088324706,0.23587508,0,0.6090045,0.5851213,24.746462,36.427944,-6.2866271227807164,24.85684088324706
2023-09-19,Louis_DER_AU050_eobs_3264__2023__southbound_01,Louis / DER AU050 (eobs 3264),46.03966,5.0795336,43.734188,4.4630866,45.354694,4.301431972504245,180.64704422361302,260.91437,1,0.80342555,0.5851213,96.82596,45.354694,4.301431972504245,180.64704422361302
2023-09-20,Angela_DER_AY470_eobs_4001__2023__southbound_01,Angela / DER AY470 (eobs 4001),36.610138,-6.125458,36.608704,-6.1239758,36.482613,-6.240536497317432,17.464325783098115,0.2072761,0,0.55256444,0.5851213,17.47894,36.610138,-6.125457763671875,0.20720899497346823
2023-09-20,Louis_DER_AU050_eobs_3264__2023__southbound_01,Louis / DER AU050 (eobs 3264),43.734188,4.4630866,43.471405,3.576817,43.064777,3.7137936901594357,46.55529639506429,77.11294,1,0.8055337,0.5851213,95.565025,43.064777,3.7137936901594357,46.55529639506429
2023-09-21,Angela_DER_AY470_eobs_4001__2023__southbound_01,Angela / DER AY470 (eobs 4001),36.608704,-6.1239758,36.58682,-6.1266265,36.491264,-6.227044825600652,13.906096563472603,2.4448695,0,0.53790677,0.5851213,15.9460335,36.608704,-6.12397575378418,2.4449735998793174
2023-09-21,Louis_DER_AU050_eobs_3264__2023__southbound_01,Louis / DER AU050 (eobs 3264),43.471405,3.576817,42.773163,2.9754596,42.8373,2.8798176100014548,10.57069249841473,91.706856,1,0.80046046,0.5851213,90.036674,42.8373,2.8798176100014548,10.57069249841473
2023-09-22,Angela_DER_AY470_eobs_4001__2023__southbound_01,Angela / DER AY470 (eobs 4001),36.58682,-6.1266265,36.581722,-6.127202,36.499004,-6.203638132257686,11.455596225264461,0.5687394,0,0.4884818,0.5851213,11.921693,36.58682,-6.126626491546631,0.5690237812769291
2023-09-22,Europa_DER_A1A26_eobs_4004__2023__southbound_01,Europa / DER A1A26 (eobs 4004),40.23538,-3.6286514,40.235252,-3.6296172,39.807785,-3.99890610771486,56.99269476489878,0.08317619,0,0.7289973,0.5851213,56.895325,39.807785,-3.99890610771486,56.99269476489878
2023-09-22,Louis_DER_AU050_eobs_3264__2023__southbound_01,Louis / DER AU050 (eobs 3264),42.773163,2.9754596,41.927773,2.2787344,42.15543,2.3131922658842794,25.473800369696143,110.06592,1,0.7972331,0.5851213,87.25491,42.15543,2.3131922658842794,25.473800369696143
2023-09-23,Angela_DER_AY470_eobs_4001__2023__southbound_01,Angela / DER AY470 (eobs 4001),36.581722,-6.127202,36.608486,-6.124026,36.543324,-6.162002213341109,8.000080146079311,2.9891481,0,0.35048625,0.5851213,5.27158,36.581722,-6.127202033996582,2.989493972145126
2023-09-23,Europa_DER_A1A26_eobs_4004__2023__southbound_01,Europa / DER A1A26 (eobs 4004),40.235252,-3.6296172,40.231674,-3.6363688,40.2113,-3.657457497884466,2.887646816380821,0.69790506,0,0.24880849,0.5851213,3.5543225,40.235252,-3.629617214202881,0.6976968268378247
2023-09-23,Louis_DER_AU050_eobs_3264__2023__southbound_01,Louis / DER AU050 (eobs 3264),41.927773,2.2787344,41.66765,0.9516398,41.37301,1.6649556947160933,67.8239064285611,113.74873,1,0.77568114,0.5851213,79.75704,41.37301,1.6649556947160933,67.8239064285611
2023-09-24,Angela_DER_AY470_eobs_4001__2023__southbound_01,Angela / DER AY470 (eobs 4001),36.608486,-6.124026,36.58293,-6.126055,36.575386,-6.1549019500455495,2.7090652638165036,2.8470464,0,0.32691902,0.5851213,4.5899625,36.608486,-6.124025821685791,2.8473193500328153
2023-09-24,Europa_DER_A1A26_eobs_4004__2023__southbound_01,Europa / DER A1A26 (eobs 4004),40.231674,-3.6363688,40.319313,-3.6131296,40.204178,-3.6682027912801156,13.628690672689212,9.942696,0,0.27202603,0.5851213,4.0735116,40.231674,-3.636368751525879,9.94243707199659
2023-09-24,Louis_DER_AU050_eobs_3264__2023__southbound_01,Louis / DER AU050 (eobs 3264),41.66765,0.9516398,41.675026,0.9425638,41.12306,0.37150209775664544,77.69029963402302,1.1140404,0,0.77394474,0.5851213,77.25394,41.12306,0.37150209775664544,77.69029963402302
2023-09-25,Angela_DER_AY470_eobs_4001__2023__southbound_01,Angela / DER AY470 (eobs 4001),36.58293,-6.126055,36.582226,-6.1263785,36.549644,-6.157407999059144,4.561233247354118,0.08375912,0,0.33317366,0.5851213,4.632675,36.58293,-6.126054763793945,0.08362827412631131
2023-09-25,Europa_DER_A1A26_eobs_4004__2023__southbound_01,Europa / DER A1A26 (eobs 4004),40.319313,-3.6131296,40.232765,-3.634794,40.297604,-3.6395216927927265,7.220862916759129,9.797518,0,0.23658368,0.5851213,3.285729,40.319313,-3.6131296157836914,9.797621148010736
2023-09-25,Louis_DER_AU050_eobs_3264__2023__southbound_01,Louis / DER AU050 (eobs 3264),41.675026,0.9425638,41.65914,0.9395932,41.157063,0.39810338908536,71.80639603266127,1.7834089,0,0.76514465,0.5851213,73.09757,41.157063,0.39810338908536,71.80639603266127
2023-09-26,Angela_DER_AY470_eobs_4001__2023__southbound_01,Angela / DER AY470 (eobs 4001),36.582226,-6.1263785,36.581684,-6.1270156,36.545135,-6.1602566899352,5.0329105979556354,0.08297333,0,0.35320377,0.5851213,5.1055584,36.582226,-6.126378536224365,0.08284715891157789
2023-09-26,Europa_DER_A1A26_eobs_4004__2023__southbound_01,Europa / DER A1A26 (eobs 4004),40.232765,-3.634794,40.231285,-3.6331542,40.210155,-3.6624702343095,3.4228103182179974,0.21587789,0,0.24624032,0.5851213,3.4348524,40.232765,-3.634793996810913,0.2155576662974849
2023-09-26,Louis_DER_AU050_eobs_3264__2023__southbound_01,Louis / DER AU050 (eobs 3264),41.65914,0.9395932,41.6088,0.6089633,41.182354,0.4420311589324976,49.42076490803258,28.042213,1,0.75424784,0.5851213,67.107895,41.182354,0.4420311589324976,49.42076490803258
2023-09-27,Angela_DER_AY470_eobs_4001__2023__southbound_01,Angela / DER AY470 (eobs 4001),36.581684,-6.1270156,36.573647,-6.1162515,36.541866,-6.16324931267221,5.487167260034544,1.3123995,0,0.36695087,0.5851213,5.474186,36.581684,-6.127015590667725,1.3124948663617846
2023-09-27,Europa_DER_A1A26_eobs_4004__2023__southbound_01,Europa / DER A1A26 (eobs 4004),40.231285,-3.6331542,40.23172,-3.6363668,40.208233,-3.6611182754948213,3.352183192525928,0.27705967,0,0.25031906,0.5851213,3.487649,40.231285,-3.6331541538238525,0.276981836134996
2023-09-27,Louis_DER_AU050_eobs_3264__2023__southbound_01,Louis / DER AU050 (eobs 3264),41.6088,0.6089633,41.58569,0.6376085,41.221687,0.21799382428540326,53.50753482888849,3.5039062,0,0.7201085,0.5851213,53.844757,41.221687,0.21799382428540326,53.50753482888849
2023-09-28,Europa_DER_A1A26_eobs_4004__2023__southbound_01,Europa / DER A1A26 (eobs 4004),40.23172,-3.6363668,40.235786,-3.6370227,40.20876,-3.664431001256957,3.800894076179322,0.45550153,0,0.24586183,0.5851213,3.4858117,40.23172,-3.636366844177246,0.4555861104022232
2023-09-29,Europa_DER_A1A26_eobs_4004__2023__southbound_01,Europa / DER A1A26 (eobs 4004),40.235786,-3.6370227,40.231537,-3.6364124,40.213665,-3.6642118362286027,3.0854335139198117,0.47555402,0,0.24292631,0.5851213,3.36695,40.235786,-3.6370227336883545,0.4753635898590703
2023-09-30,Europa_DER_A1A26_eobs_4004__2023__southbound_01,Europa / DER A1A26 (eobs 4004),40.231537,-3.6364124,40.231194,-3.633216,40.210228,-3.6623397701060663,3.398423293095039,0.27405384,0,0.23864678,0.5851213,3.2282913,40.231537,-3.6364123821258545,0.27402465538267934
2023-10-01,Europa_DER_A1A26_eobs_4004__2023__southbound_01,Europa / DER A1A26 (eobs 4004),40.231194,-3.633216,40.23124,-3.636884,40.212467,-3.6562379865581547,2.6565494589831204,0.31143627,0,0.22113478,0.5851213,2.8508394,40.231194,-3.63321590423584,0.31142861451065396
2023-10-02,Europa_DER_A1A26_eobs_4004__2023__southbound_01,Europa / DER A1A26 (eobs 4004),40.23124,-3.636884,40.229904,-3.6338787,40.209835,-3.6632181581055625,3.3444672625947893,0.29517215,0,0.24195272,0.5851213,3.2596705,40.23124,-3.6368839740753174,0.2951756378882463
2023-10-03,Europa_DER_A1A26_eobs_4004__2023__southbound_01,Europa / DER A1A26 (eobs 4004),40.229904,-3.6338787,40.231808,-3.636237,40.21126,-3.656629076932407,2.8665419957654543,0.29134613,0,0.21907583,0.5851213,2.8281329,40.229904,-3.633878707885742,0.291338458085159
2023-10-04,Europa_DER_A1A26_eobs_4004__2023__southbound_01,Europa / DER A1A26 (eobs 4004),40.231808,-3.636237,40.22992,-3.6338613,40.210632,-3.6624244137640196,3.237405696757768,0.2911416,0,0.24088556,0.5851213,3.2324398,40.231808,-3.6362369060516357,0.2911296209517516
2023-10-05,Europa_DER_A1A26_eobs_4004__2023__southbound_01,Europa / DER A1A26 (eobs 4004),40.22992,-3.6338613,40.229546,-3.634122,40.209976,-3.6575799808256604,2.9499196542258805,0.047213316,0,0.23160727,0.5851213,2.9902186,40.22992,-3.6338613033294678,0.047089281402623626
2023-10-06,Europa_DER_A1A26_eobs_4004__2023__southbound_01,Europa / DER A1A26 (eobs 4004),40.229546,-3.634122,40.23019,-3.6345153,40.208313,-3.6594408773257485,3.2243849682910533,0.07918878,0,0.24030636,0.5851213,3.1872902,40.229546,-3.634121894836426,0.07908308345104302
2023-10-07,Europa_DER_A1A26_eobs_4004__2023__southbound_01,Europa / DER A1A26 (eobs 4004),40.23019,-3.6345153,40.23009,-3.6340768,40.210712,-3.658322545246753,2.9800930298126227,0.038895417,0,0.22439438,0.5851213,2.9571834,40.23019,-3.6345152854919434,0.03882080588941516
2023-10-08,Europa_DER_A1A26_eobs_4004__2023__southbound_01,Europa / DER A1A26 (eobs 4004),40.23009,-3.6340768,40.23044,-3.6324368,40.21101,-3.6573601783093412,3.0240575031549213,0.14459,0,0.22031988,0.5851213,2.8946168,40.23009,-3.6340768337249756,0.14448215365682238
2023-10-09,Europa_DER_A1A26_eobs_4004__2023__southbound_01,Europa / DER A1A26 (eobs 4004),40.23044,-3.6324368,40.230083,-3.634061,40.214108,-3.651908833381719,2.3349434863132643,0.14342768,0,0.1943806,0.5851213,2.451364,40.23044,-3.632436752319336,0.1434263348657356
2023-10-10,Europa_DER_A1A26_eobs_4004__2023__southbound_01,Europa / DER A1A26 (eobs 4004),40.230083,-3.634061,40.230698,-3.6332803,40.212715,-3.654915752630673,2.715240477233485,0.09496779,0,0.19890927,0.5851213,2.6153195,40.230083,-3.634061098098755,0.09517154322230856
2023-10-11,Europa_DER_A1A26_eobs_4004__2023__southbound_01,Europa / DER A1A26 (eobs 4004),40.230698,-3.6332803,40.233276,-3.631,40.2158,-3.650893771235273,2.5745765904299276,0.34600002,0,0.17713204,0.5851213,2.2275887,40.230698,-3.6332802772521973,0.34596334805354884
2023-10-12,Europa_DER_A1A26_eobs_4004__2023__southbound_01,Europa / DER A1A26 (eobs 4004),40.233276,-3.631,40.232605,-3.6311505,40.21957,-3.6472903491358766,1.9945758161984535,0.07584171,0,0.16477051,0.5851213,2.0543463,40.233276,-3.63100004196167,0.07573935460139085
2023-10-13,Europa_DER_A1A26_eobs_4004__2023__southbound_01,Europa / DER A1A26 (eobs 4004),40.232605,-3.6311505,40.235107,-3.6291127,40.219757,-3.6461186802871732,2.235581913331376,0.32765594,0,0.1546462,0.5851213,1.9084787,40.232605,-3.631150484085083,0.32764429236059345
2023-10-14,Europa_DER_A1A26_eobs_4004__2023__southbound_01,Europa / DER A1A26 (eobs 4004),40.235107,-3.6291127,40.232174,-3.631437,40.223343,-3.642487451159956,1.358066368758392,0.3810643,0,0.14396112,0.5851213,1.7289782,40.235107,-3.629112720489502,0.38122372701446305
2023-10-15,Europa_DER_A1A26_eobs_4004__2023__southbound_01,Europa / DER A1A26 (eobs 4004),40.232174,-3.631437,40.23221,-3.6316261,40.21908,-3.646222031035445,1.9146619461566952,0.016459355,0,0.15166599,0.5851213,1.9188226,40.232174,-3.631437063217163,0.01649758663387566
2023-10-16,Europa_DER_A1A26_eobs_4004__2023__southbound_01,Europa / DER A1A26 (eobs 4004),40.23221,-3.6316261,40.234295,-3.630145,40.218365,-3.6476258829802446,2.3108838510803764,0.26391906,0,0.1565837,0.5851213,2.0492127,40.23221,-3.6316261291503906,0.26389753807562377
2023-10-17,Europa_DER_A1A26_eobs_4004__2023__southbound_01,Europa / DER A1A26 (eobs 4004),40.234295,-3.630145,40.366688,-3.6455913,40.22292,-3.64290111236113,15.987956846198381,14.779834,1,0.13280016,0.5851213,1.662121,40.234295,-3.6301450729370117,14.779599489227081
2023-10-18,Europa_DER_A1A26_eobs_4004__2023__southbound_01,Europa / DER A1A26 (eobs 4004),40.366688,-3.6455913,40.23544,-3.629885,40.353867,-3.6613546158809087,13.436283693718288,14.654952,1,0.1484431,0.5851213,1.9500083,40.366688,-3.6455912590026855,14.654839348958934
2023-10-19,Europa_DER_A1A26_eobs_4004__2023__southbound_01,Europa / DER A1A26 (eobs 4004),40.23544,-3.629885,40.23701,-3.6436038,40.220108,-3.649702831806631,1.9495366715939069,1.1775441,0,0.17590813,0.5851213,2.3907244,40.23544,-3.629884958267212,1.1775637143554964
2023-10-20,Europa_DER_A1A26_eobs_4004__2023__southbound_01,Europa / DER A1A26 (eobs 4004),40.23701,-3.6436038,40.234486,-3.6300447,40.220364,-3.6655699141189526,3.4002619503710543,1.1847403,0,0.18996331,0.5851213,2.6227477,40.23701,-3.643603801727295,1.1847311083261827
2023-10-21,Europa_DER_A1A26_eobs_4004__2023__southbound_01,Europa / DER A1A26 (eobs 4004),40.234486,-3.6300447,40.232517,-3.6314876,40.216984,-3.65275153457038,2.4984900887065242,0.25079837,0,0.19976538,0.5851213,2.7343118,40.234486,-3.63004469871521,0.25081659399382356
2023-10-22,Europa_DER_A1A26_eobs_4004__2023__southbound_01,Europa / DER A1A26 (eobs 4004),40.232517,-3.6314876,40.159996,-3.5694537,40.21545,-3.652759055185386,9.386075482296114,9.6327505,0,0.194687,0.5851213,2.615007,40.232517,-3.6314876079559326,9.63269998942431
2023-10-23,Europa_DER_A1A26_eobs_4004__2023__southbound_01,Europa / DER A1A26 (eobs 4004),40.159996,-3.5694537,40.159676,-3.5727563,40.14366,-3.589936356795063,2.302800039930901,0.2829262,0,0.19041894,0.5851213,2.5111513,40.159996,-3.569453716278076,0.282907626683493
2023-10-24,Europa_DER_A1A26_eobs_4004__2023__southbound_01,Europa / DER A1A26 (eobs 4004),40.159676,-3.5727563,40.159527,-3.563257,40.138676,-3.597607871501228,3.728249052437925,0.8074395,0,0.22937016,0.5851213,3.1427903,40.159676,-3.572756290435791,0.8074299503825503
2023-10-25,Europa_DER_A1A26_eobs_4004__2023__southbound_01,Europa / DER A1A26 (eobs 4004),40.159527,-3.563257,40.294266,-3.63184,40.140472,-3.5850155838905087,17.557142223834198,16.07368,1,0.21121511,0.5851213,2.8070812,40.159527,-3.5632569789886475,16.07390930833659
2023-10-26,Europa_DER_A1A26_eobs_4004__2023__southbound_01,Europa / DER A1A26 (eobs 4004),40.294266,-3.63184,40.294125,-3.631803,40.277946,-3.650601938408461,2.403912804222058,0.01579157,0,0.18572547,0.5851213,2.4091616,40.294266,-3.6318399906158447,0.016004392586080423
2023-10-27,Europa_DER_A1A26_eobs_4004__2023__southbound_01,Europa / DER A1A26 (eobs 4004),40.294125,-3.631803,40.29405,-3.6313908,40.278778,-3.6487459270484055,2.2472617062878926,0.036060162,0,0.17689128,0.5851213,2.2269475,40.294125,-3.631803035736084,0.0359763922039117
2023-10-28,Europa_DER_A1A26_eobs_4004__2023__southbound_01,Europa / DER A1A26 (eobs 4004),40.29405,-3.6313908,40.294094,-3.6313875,40.27944,-3.647452700642587,2.123999522124016,0.0052447612,0,0.1686222,0.5851213,2.1161242,40.29405,-3.6313908100128174,0.005097972981183336
2023-10-29,Europa_DER_A1A26_eobs_4004__2023__southbound_01,Europa / DER A1A26 (eobs 4004),40.294094,-3.6313875,40.293938,-3.6303704,40.28,-3.6480181339100244,2.154769987242159,0.08797644,0,0.17152865,0.5851213,2.1048942,40.294094,-3.63138747215271,0.08799787816301013
2023-10-30,Europa_DER_A1A26_eobs_4004__2023__southbound_01,Europa / DER A1A26 (eobs 4004),40.293938,-3.6303704,40.294025,-3.6306791,40.280266,-3.6460336234134068,2.0092561972851883,0.02798572,0,0.17079656,0.5851213,2.015319,40.293938,-3.6303703784942627,0.027944390976647387
2023-10-31,Europa_DER_A1A26_eobs_4004__2023__southbound_01,Europa / DER A1A26 (eobs 4004),40.294025,-3.6306791,40.233955,-3.6288927,40.278824,-3.64765095884123,5.236940802057206,6.68133,0,0.18700036,0.5851213,2.2163877,40.294025,-3.630679130554199,6.681212435616942
2023-11-01,Europa_DER_A1A26_eobs_4004__2023__southbound_01,Europa / DER A1A26 (eobs 4004),40.233955,-3.6288927,40.294243,-3.630768,40.21849,-3.644926038104684,8.508529931812731,6.7054505,0,0.18224892,0.5851213,2.1892135,40.233955,-3.628892660140991,6.705559058582647
2023-11-02,Europa_DER_A1A26_eobs_4004__2023__southbound_01,Europa / DER A1A26 (eobs 4004),40.294243,-3.630768,40.294476,-3.630686,40.279213,-3.646578541665752,2.167350859271416,0.02674193,0,0.17935184,0.5851213,2.1389544,40.294243,-3.630768060684204,0.026793390201652945
2023-11-03,Europa_DER_A1A26_eobs_4004__2023__southbound_01,Europa / DER A1A26 (eobs 4004),40.294476,-3.630686,40.294044,-3.6306248,40.279636,-3.6468140135438727,2.1100772498524867,0.048162032,0,0.1829455,0.5851213,2.1394799,40.294476,-3.630686044692993,0.0482127303791936
2023-11-04,Europa_DER_A1A26_eobs_4004__2023__southbound_01,Europa / DER A1A26 (eobs 4004),40.294044,-3.6306248,40.294518,-3.6306653,40.278606,-3.6474008860671887,2.26832515092443,0.052774444,0,0.18723017,0.5851213,2.225642,40.294044,-3.630624771118164,0.05270998106952697
2023-11-05,Europa_DER_A1A26_eobs_4004__2023__southbound_01,Europa / DER A1A26 (eobs 4004),40.294518,-3.6306653,40.29401,-3.6303928,40.278305,-3.6486148350420406,2.332094218748527,0.06105275,0,0.19647348,0.5851213,2.3553963,40.294518,-3.6306653022766113,0.060966166262309905
2023-11-06,Europa_DER_A1A26_eobs_4004__2023__southbound_01,Europa / DER A1A26 (eobs 4004),40.29401,-3.6303928,40.294495,-3.630813,40.276855,-3.6487435223719134,2.481988919503117,0.064784974,0,0.20511015,0.5851213,2.457558,40.29401,-3.6303927898406982,0.06458667072491003
2023-11-07,Europa_DER_A1A26_eobs_4004__2023__southbound_01,Europa / DER A1A26 (eobs 4004),40.294495,-3.630813,40.294518,-3.6308484,40.27943,-3.6467533349764145,2.1527652596496236,0.003922406,0,0.18364011,0.5851213,2.1488657,40.294495,-3.630812883377075,0.0039439561187256155
2023-11-08,Europa_DER_A1A26_eobs_4004__2023__southbound_01,Europa / DER A1A26 (eobs 4004),40.294518,-3.6308484,40.29398,-3.63043,40.279675,-3.6469115644981356,2.117681964829259,0.069742784,0,0.18389434,0.5851213,2.136288,40.294518,-3.6308484077453613,0.06954459156571913
2023-11-09,Europa_DER_A1A26_eobs_4004__2023__southbound_01,Europa / DER A1A26 (eobs 4004),40.29398,-3.63043,40.230637,-3.632524,40.279934,-3.6446285037030464,5.577033883917747,7.045593,0,0.17140153,0.5851213,1.9687245,40.29398,-3.630429983139038,7.045676145910181
2023-11-10,Europa_DER_A1A26_eobs_4004__2023__southbound_01,Europa / DER A1A26 (eobs 4004),40.230637,-3.632524,40.29462,-3.6304753,40.216557,-3.645864301252794,8.778014691697239,7.1168957,0,0.16402733,0.5851213,1.928761,40.230637,-3.632524013519287,7.116820256588532
2023-11-11,Europa_DER_A1A26_eobs_4004__2023__southbound_01,Europa / DER A1A26 (eobs 4004),40.29462,-3.6304753,40.15533,-3.5734997,40.281532,-3.642959870035691,15.221945437055739,16.226252,1,0.15293664,0.5851213,1.7967405,40.29462,-3.6304752826690674,16.226124426463898
2023-11-12,Europa_DER_A1A26_eobs_4004__2023__southbound_01,Europa / DER A1A26 (eobs 4004),40.15533,-3.5734997,40.230537,-3.632368,40.14204,-3.5854276370406657,10.617645100561374,9.743647,0,0.15179382,0.5851213,1.7889284,40.15533,-3.5734996795654297,9.743499629222711
2023-12-15,Europa_DER_A1A26_eobs_4004__2023__southbound_01,Europa / DER A1A26 (eobs 4004),40.22998,-3.6337447,40.23053,-3.63244,40.221493,-3.638652932849426,1.134891147416964,0.12635154,0,0.102053925,0.5851213,1.029727,40.22998,-3.633744716644287,0.1264797847102762
2023-12-16,Europa_DER_A1A26_eobs_4004__2023__southbound_01,Europa / DER A1A26 (eobs 4004),40.23053,-3.63244,40.157112,-3.568959,40.222588,-3.63691125384976,9.291029011468618,9.783495,0,0.097713865,0.5851213,0.95936775,40.23053,-3.6324400901794434,9.783607494223432
2023-12-17,Europa_DER_A1A26_eobs_4004__2023__southbound_01,Europa / DER A1A26 (eobs 4004),40.157112,-3.568959,40.229748,-3.6318438,40.149456,-3.57310873580322,10.227496741681199,9.683029,0,0.097882055,0.5851213,0.9197167,40.157112,-3.5689589977264404,9.683155090588805
2023-12-18,Europa_DER_A1A26_eobs_4004__2023__southbound_01,Europa / DER A1A26 (eobs 4004),40.229748,-3.6318438,40.154285,-3.5698018,40.22189,-3.6360196053638867,9.388730321723113,9.908332,0,0.09944615,0.5851213,0.9412675,40.229748,-3.6318438053131104,9.908636794558547
