target_date,path_id,source_bird_id,path_year,path_copy_index,lat_drop_deg,true_label,probability,selected_threshold,predicted_label,target_step_km,predicted_distance_km
2014-10-14,Bubbel_plus_DER_AN873_eobs_3666__2014__southbound_01,Bubbel + / DER AN873 (eobs 3666),2014,1,11.614469,0,0.17544125,0.7416098867543043,0,7.0185547,1.2453511
2014-11-04,Tammy_plus_DER_AN918_eobs_3917__2014__southbound_01,Tammy + / DER AN918 (eobs 3917),2014,1,10.795916,0,0.29751992,0.7416098867543043,0,0.36945334,2.2735856
2019-11-08,Angela_DER_AY470_eobs_4001__2019__southbound_01,Angela / DER AY470 (eobs 4001),2019,1,9.285906,0,0.26467305,0.7416098867543043,0,0.018063597,2.0515795
2013-09-29,Eamy_plus_DER_AL585_eobs3063__2013__southbound_01,Eamy + / DER AL585 (eobs3063),2013,1,13.502175,0,0.380219,0.7416098867543043,0,2.5128398,1.7349501
2016-09-21,Mirabell_plus_DER_AN910_eobs_3907__2016__southbound_01,Mirabell + / DER AN910 (eobs 3907),2016,1,13.317976,1,0.89233655,0.7416098867543043,1,55.983273,20.106026
2015-08-19,Louis_DER_AU050_eobs_3264__2015__southbound_01,Louis / DER AU050 (eobs 3264),2015,1,5.300923,0,0.18476334,0.7416098867543043,0,5.9145055,0.8869969
2014-10-17,Tammy_plus_DER_AN918_eobs_3917__2014__southbound_01,Tammy + / DER AN918 (eobs 3917),2014,1,10.795916,0,0.2351859,0.7416098867543043,0,8.696492,1.5461155
2018-09-24,Muffine_DER_AN922_eobs_3921__2018__southbound_01,Muffine / DER AN922 (eobs 3921),2018,1,6.287022,0,0.6755498,0.7416098867543043,0,4.128801,3.5822797
2016-07-31,Sara_plus_DER_AU017_eobs_3941__2016__southbound_01,Sara + / DER AU017 (eobs 3941),2016,1,7.6681967,0,0.45106465,0.7416098867543043,0,3.2164798,1.9937128
2014-08-05,Niclas_DER_AU053_eobs_3341__2014__southbound_01,Niclas / DER AU053 (eobs 3341),2014,1,13.2831955,0,0.13032492,0.7416098867543043,0,0.27656436,0.8595413
2018-11-08,Louis_DER_AU050_eobs_3264__2018__southbound_01,Louis / DER AU050 (eobs 3264),2018,1,6.4034295,0,0.15151325,0.7416098867543043,0,0.035026684,1.2501498
2016-09-03,Zozu_plus_DER_AL581_eobs2541__2016__southbound_01,Zozu + / DER AL581 (eobs2541),2016,1,6.2488127,1,0.98290986,0.7416098867543043,1,153.65178,91.734566
2016-10-30,Zozu_plus_DER_AL581_eobs2541__2016__southbound_01,Zozu + / DER AL581 (eobs2541),2016,1,6.2488127,0,0.2531889,0.7416098867543043,0,0.13128807,2.0491781
2014-11-01,Bubbel_plus_DER_AN873_eobs_3666__2014__southbound_01,Bubbel + / DER AN873 (eobs 3666),2014,1,11.614469,0,0.21084675,0.7416098867543043,0,1.2840323,1.956658
2015-07-12,Sara_plus_DER_AU017_eobs_3941__2015__southbound_01,Sara + / DER AU017 (eobs 3941),2015,1,8.472937,0,0.20651582,0.7416098867543043,0,5.895983,1.5972288
2016-07-13,Sara_plus_DER_AU017_eobs_3941__2016__southbound_01,Sara + / DER AU017 (eobs 3941),2016,1,7.6681967,0,0.33268642,0.7416098867543043,0,1.4387417,1.7292707
2016-11-09,Zozu_plus_DER_AL581_eobs2541__2016__southbound_01,Zozu + / DER AL581 (eobs2541),2016,1,6.2488127,0,0.25788772,0.7416098867543043,0,2.462434,1.9197929
2019-07-30,Mirabell_plus_DER_AN910_eobs_3907__2019__southbound_01,Mirabell + / DER AN910 (eobs 3907),2019,1,13.553637,0,0.014453537,0.7416098867543043,0,0.05847666,0.6510757
2022-10-27,Europa_DER_A1A26_eobs_4004__2022__southbound_01,Europa / DER A1A26 (eobs 4004),2022,1,7.337657,0,0.19933821,0.7416098867543043,0,0.41804382,1.777863
2019-10-06,Europa_DER_A1A26_eobs_4004__2019__southbound_01,Europa / DER A1A26 (eobs 4004),2019,1,7.004766,0,0.24304064,0.7416098867543043,0,0.00087278016,1.1818577
2017-09-27,Sierit_DER_AN858_eobs2561__2017__southbound_01,Sierit  / DER AN858 (eobs2561),2017,1,6.3050985,0,0.25444955,0.7416098867543043,0,0.0045154346,1.785007
2015-10-05,Emil_plus_DER_AV348_eobs_4001__2015__southbound_01,Emil + / DER AV348 (eobs 4001),2015,1,6.1622424,0,0.13118808,0.7416098867543043,0,0.044265192,0.56967974
2014-09-25,Lewis_plus_DER_AU015_eobs_3939__2014__southbound_01,Lewis + / DER AU015 (eobs 3939),2014,1,16.46963,0,0.074622326,0.7416098867543043,0,0.036718212,0.8444676
2014-10-25,Muffine_DER_AN922_eobs_3921__2014__southbound_01,Muffine / DER AN922 (eobs 3921),2014,1,10.742697,0,0.2060748,0.7416098867543043,0,2.1855445,1.563963
2018-12-12,Zozu_plus_DER_AL581_eobs2541__2018__southbound_01,Zozu + / DER AL581 (eobs2541),2018,1,7.799646,0,0.10675087,0.7416098867543043,0,0.017485421,1.1389884
2014-10-01,Mirabell_plus_DER_AN910_eobs_3907__2014__southbound_01,Mirabell + / DER AN910 (eobs 3907),2014,1,6.223172,0,0.10521328,0.7416098867543043,0,0.256356,0.5653853
2014-09-21,Julia_plus_DER_AU002_eobs_3924__2014__southbound_01,Julia + / DER AU002 (eobs 3924),2014,1,11.400579,0,0.31498414,0.7416098867543043,0,0.0349197,1.6603206
2019-11-29,Zozu_plus_DER_AL581_eobs2541__2019__southbound_01,Zozu + / DER AL581 (eobs2541),2019,1,6.2176614,0,0.047085084,0.7416098867543043,0,2.001316,0.8563059
2016-10-01,Redrunner_plus_DER_AU057_eobs_3339__2016__southbound_01,Redrunner + / DER AU057 (eobs 3339),2016,1,15.7774515,0,0.13784835,0.7416098867543043,0,0.005100032,0.984756
2014-10-06,Redrunner_plus_DER_AU057_eobs_3339__2014__southbound_01,Redrunner + / DER AU057 (eobs 3339),2014,1,14.419192,0,0.6352506,0.7416098867543043,0,0.10554145,4.699279
2017-10-06,Sierit_DER_AN858_eobs2561__2017__southbound_01,Sierit  / DER AN858 (eobs2561),2017,1,6.3050985,0,0.3772741,0.7416098867543043,0,0.019533366,1.7183975
2016-09-26,Sara_plus_DER_AU017_eobs_3941__2016__southbound_01,Sara + / DER AU017 (eobs 3941),2016,1,7.6681967,1,0.36089808,0.7416098867543043,0,35.50981,1.8092041
2020-08-03,Sierit_DER_AN858_eobs2561__2020__southbound_01,Sierit  / DER AN858 (eobs2561),2020,1,6.2724504,0,0.021251477,0.7416098867543043,0,0.03534119,0.59912
2014-10-30,Louis_DER_AU050_eobs_3264__2014__southbound_01,Louis / DER AU050 (eobs 3264),2014,1,7.9057946,0,0.20199203,0.7416098867543043,0,0.25495514,1.5551748
2018-09-09,Europa_DER_A1A26_eobs_4004__2018__southbound_01,Europa / DER A1A26 (eobs 4004),2018,1,9.897527,0,0.1307049,0.7416098867543043,0,0.5170141,0.6725614
2014-09-01,Niclas_DER_AU053_eobs_3341__2014__southbound_01,Niclas / DER AU053 (eobs 3341),2014,1,13.2831955,0,0.31339756,0.7416098867543043,0,0.023534723,1.5145276
2014-08-28,Balou_plus_DER_AN916_eobs_3913__2014__southbound_01,Balou + / DER AN916 (eobs 3913),2014,1,7.6156344,0,0.32150555,0.7416098867543043,0,4.18282,1.4893975
2019-10-26,Europa_DER_A1A26_eobs_4004__2019__southbound_01,Europa / DER A1A26 (eobs 4004),2019,1,7.004766,0,0.2063047,0.7416098867543043,0,1.214238,1.5814192
2014-09-19,Conchito_plus_DER_AU005_eobs_3927__2014__southbound_01,Conchito + / DER AU005 (eobs 3927),2014,1,11.598715,0,0.49623463,0.7416098867543043,0,0.140847,3.090541
2014-09-16,Muffine_DER_AN922_eobs_3921__2014__southbound_01,Muffine / DER AN922 (eobs 3921),2014,1,10.742697,0,0.15831092,0.7416098867543043,0,0.048813876,0.7766184
2017-08-26,Zozu_plus_DER_AL581_eobs2541__2017__southbound_01,Zozu + / DER AL581 (eobs2541),2017,1,6.2489033,0,0.22755545,0.7416098867543043,0,1.4358678,0.556106
2020-09-19,Europa_DER_A1A26_eobs_4004__2020__southbound_01,Europa / DER A1A26 (eobs 4004),2020,1,9.390811,0,0.14654325,0.7416098867543043,0,0.34963906,0.94778484
2015-08-21,Sara_plus_DER_AU017_eobs_3941__2015__southbound_01,Sara + / DER AU017 (eobs 3941),2015,1,8.472937,0,0.4078257,0.7416098867543043,0,0.039176486,1.6195786
2018-10-15,Zozu_plus_DER_AL581_eobs2541__2018__southbound_01,Zozu + / DER AL581 (eobs2541),2018,1,7.799646,0,0.15721624,0.7416098867543043,0,0.7528068,1.4020152
2018-08-03,Europa_DER_A1A26_eobs_4004__2018__southbound_01,Europa / DER A1A26 (eobs 4004),2018,1,9.897527,1,0.75321686,0.7416098867543043,1,176.84184,7.2579665
2013-11-22,Eamy_plus_DER_AL585_eobs3063__2013__southbound_01,Eamy + / DER AL585 (eobs3063),2013,1,13.502175,0,0.15537582,0.7416098867543043,0,0.12676771,1.4015602
2015-10-23,Louis_DER_AU050_eobs_3264__2015__southbound_01,Louis / DER AU050 (eobs 3264),2015,1,5.300923,0,0.122443125,0.7416098867543043,0,0.070498385,1.104038
2020-10-07,Europa_DER_A1A26_eobs_4004__2020__southbound_01,Europa / DER A1A26 (eobs 4004),2020,1,9.390811,0,0.27257302,0.7416098867543043,0,0.021968314,1.6546578
2014-10-11,Redrunner_plus_DER_AU057_eobs_3339__2014__southbound_01,Redrunner + / DER AU057 (eobs 3339),2014,1,14.419192,0,0.6070425,0.7416098867543043,0,0.0585507,4.802971
2015-07-26,Tammy_plus_DER_AN918_eobs_3917__2015__southbound_01,Tammy + / DER AN918 (eobs 3917),2015,1,5.2949753,0,0.29786053,0.7416098867543043,0,1.8005592,2.046114
2014-09-16,Fifi_plus_DER_AN909_eobs_3906__2014__southbound_01,Fifi + / DER AN909 (eobs 3906),2014,1,13.906638,0,0.37303764,0.7416098867543043,0,0.36956808,2.1590729
2018-08-12,Louis_DER_AU050_eobs_3264__2018__southbound_01,Louis / DER AU050 (eobs 3264),2018,1,6.4034295,0,0.03555837,0.7416098867543043,0,0.84207904,0.6325965
2022-07-28,Angela_DER_AY470_eobs_4001__2022__southbound_01,Angela / DER AY470 (eobs 4001),2022,1,11.583361,0,0.2561336,0.7416098867543043,0,0.03291327,1.2391939
2021-11-07,Europa_DER_A1A26_eobs_4004__2021__southbound_01,Europa / DER A1A26 (eobs 4004),2021,1,7.046981,0,0.10659273,0.7416098867543043,0,7.0159526,1.1343518
2017-09-16,Louis_DER_AU050_eobs_3264__2017__southbound_01,Louis / DER AU050 (eobs 3264),2017,1,6.3365383,1,0.9801665,0.7416098867543043,1,124.85489,89.23373
2014-09-09,Conchito_plus_DER_AU005_eobs_3927__2014__southbound_01,Conchito + / DER AU005 (eobs 3927),2014,1,11.598715,0,0.16919099,0.7416098867543043,0,2.7906675,0.9132146
2018-09-23,Charlie_plus_DER_A4M63_eobs_6588__2018__southbound_01,Charlie + / DER A4M63 (eobs 6588),2018,1,10.37882,0,0.13377704,0.7416098867543043,0,0.01669887,0.8829775
2022-09-12,Europa_DER_A1A26_eobs_4004__2022__southbound_01,Europa / DER A1A26 (eobs 4004),2022,1,7.337657,1,0.9704816,0.7416098867543043,1,254.53513,79.82176
2016-08-15,Zozu_plus_DER_AL581_eobs2541__2016__southbound_01,Zozu + / DER AL581 (eobs2541),2016,1,6.2488127,0,0.077820174,0.7416098867543043,0,0.40037608,0.6643807
2014-09-24,Fifi_plus_DER_AN909_eobs_3906__2014__southbound_01,Fifi + / DER AN909 (eobs 3906),2014,1,13.906638,0,0.10922174,0.7416098867543043,0,0.09658582,0.8246701
2019-09-21,Mirabell_plus_DER_AN910_eobs_3907__2019__southbound_01,Mirabell + / DER AN910 (eobs 3907),2019,1,13.553637,0,0.25020504,0.7416098867543043,0,0.030846214,1.7027574
2020-07-21,Mirabell_plus_DER_AN910_eobs_3907__2020__southbound_01,Mirabell + / DER AN910 (eobs 3907),2020,1,9.278834,0,0.011577084,0.7416098867543043,0,0.16249017,0.6673099
2020-08-19,Mirabell_plus_DER_AN910_eobs_3907__2020__southbound_01,Mirabell + / DER AN910 (eobs 3907),2020,1,9.278834,0,0.053654335,0.7416098867543043,0,0.039173372,0.5848567
2018-09-29,Angela_DER_AY470_eobs_4001__2018__southbound_01,Angela / DER AY470 (eobs 4001),2018,1,12.0012455,0,0.11781877,0.7416098867543043,0,0.005013421,0.9782918
2016-08-03,Louis_DER_AU050_eobs_3264__2016__southbound_01,Louis / DER AU050 (eobs 3264),2016,1,7.6238537,0,0.3555838,0.7416098867543043,0,0.40319332,1.6155956
2015-09-22,Sierit_DER_AN858_eobs2561__2015__southbound_01,Sierit  / DER AN858 (eobs2561),2015,1,6.2869434,0,0.3838799,0.7416098867543043,0,4.22786,2.1595187
2018-08-05,Mirabell_plus_DER_AN910_eobs_3907__2018__southbound_01,Mirabell + / DER AN910 (eobs 3907),2018,1,13.555351,0,0.017820572,0.7416098867543043,0,0.8444502,0.5958654
2014-09-16,Max_plus_DER_AU046_eobs_3945__2014__southbound_01,Max + / DER AU046 (eobs 3945),2014,1,6.2162013,0,0.7404585,0.7416098867543043,0,2.0791123,6.148567
2020-09-14,Sierit_DER_AN858_eobs2561__2020__southbound_01,Sierit  / DER AN858 (eobs2561),2020,1,6.2724504,1,0.980928,0.7416098867543043,1,208.09592,85.577545
2020-08-26,Europa_DER_A1A26_eobs_4004__2020__southbound_01,Europa / DER A1A26 (eobs 4004),2020,1,9.390811,1,0.9846186,0.7416098867543043,1,141.1037,114.94751
2018-11-16,Zozu_plus_DER_AL581_eobs2541__2018__southbound_01,Zozu + / DER AL581 (eobs2541),2018,1,7.799646,0,0.13717519,0.7416098867543043,0,0.010860051,1.4261193
2014-08-12,Lucky_plus_DER_AU061_eobs_3087__2014__southbound_01,Lucky + / DER AU061 (eobs 3087),2014,1,5.322437,0,0.06282821,0.7416098867543043,0,0.0019258198,0.55054706
2014-09-25,Max_plus_DER_AU046_eobs_3945__2014__southbound_01,Max + / DER AU046 (eobs 3945),2014,1,6.2162013,0,0.4247843,0.7416098867543043,0,0.01428364,1.9647411
2014-10-12,Max_plus_DER_AU046_eobs_3945__2014__southbound_01,Max + / DER AU046 (eobs 3945),2014,1,6.2162013,1,0.81787544,0.7416098867543043,1,174.58194,8.842956
2013-11-28,Eamy_plus_DER_AL585_eobs3063__2013__southbound_01,Eamy + / DER AL585 (eobs3063),2013,1,13.502175,0,0.15659559,0.7416098867543043,0,0.046674218,1.4012125
2016-08-07,Louis_DER_AU050_eobs_3264__2016__southbound_01,Louis / DER AU050 (eobs 3264),2016,1,7.6238537,0,0.45316368,0.7416098867543043,0,8.01872,1.9723506
2017-10-23,Mirabell_plus_DER_AN910_eobs_3907__2017__southbound_01,Mirabell + / DER AN910 (eobs 3907),2017,1,13.340494,0,0.09420726,0.7416098867543043,0,0.4115906,0.9683062
2016-09-07,Mirabell_plus_DER_AN910_eobs_3907__2016__southbound_01,Mirabell + / DER AN910 (eobs 3907),2016,1,13.317976,1,0.8714227,0.7416098867543043,1,136.31229,17.825182
2020-10-10,Sierit_DER_AN858_eobs2561__2020__southbound_01,Sierit  / DER AN858 (eobs2561),2020,1,6.2724504,0,0.15811262,0.7416098867543043,0,4.615813,0.8446302
2015-09-27,Redrunner_plus_DER_AU057_eobs_3339__2015__southbound_01,Redrunner + / DER AU057 (eobs 3339),2015,1,10.721669,1,0.9048364,0.7416098867543043,1,119.54739,23.239395
2022-09-13,Louis_DER_AU050_eobs_3264__2022__southbound_01,Louis / DER AU050 (eobs 3264),2022,1,6.373638,0,0.3033386,0.7416098867543043,0,0.13204072,1.2767487
2019-07-22,Angela_DER_AY470_eobs_4001__2019__southbound_01,Angela / DER AY470 (eobs 4001),2019,1,9.285906,0,0.07471276,0.7416098867543043,0,0.62584037,0.91028637
2014-09-18,Tammy_plus_DER_AN918_eobs_3917__2014__southbound_01,Tammy + / DER AN918 (eobs 3917),2014,1,10.795916,0,0.15563574,0.7416098867543043,0,0.017898843,1.0366046
2020-09-09,Europa_DER_A1A26_eobs_4004__2020__southbound_01,Europa / DER A1A26 (eobs 4004),2020,1,9.390811,0,0.5187299,0.7416098867543043,0,0.011704785,1.8974653
2022-08-17,Angela_DER_AY470_eobs_4001__2022__southbound_01,Angela / DER AY470 (eobs 4001),2022,1,11.583361,1,0.94507974,0.7416098867543043,1,140.40466,36.4294
2017-12-03,Zozu_plus_DER_AL581_eobs2541__2017__southbound_01,Zozu + / DER AL581 (eobs2541),2017,1,6.2489033,0,0.25125262,0.7416098867543043,0,0.013637526,1.9343599
2016-11-10,Niclas_DER_AU053_eobs_3341__2016__southbound_01,Niclas / DER AU053 (eobs 3341),2016,1,5.7741003,1,0.21200573,0.7416098867543043,0,16.401546,1.6298225
2017-09-30,Mirabell_plus_DER_AN910_eobs_3907__2017__southbound_01,Mirabell + / DER AN910 (eobs 3907),2017,1,13.340494,0,0.52958643,0.7416098867543043,0,4.4161396,3.6081421
2017-10-14,Zozu_plus_DER_AL581_eobs2541__2017__southbound_01,Zozu + / DER AL581 (eobs2541),2017,1,6.2489033,0,0.14345329,0.7416098867543043,0,0.03423355,0.83718085
2014-10-11,Louis_DER_AU050_eobs_3264__2014__southbound_01,Louis / DER AU050 (eobs 3264),2014,1,7.9057946,0,0.15078545,0.7416098867543043,0,0.09431755,1.0468322
2019-09-29,Europa_DER_A1A26_eobs_4004__2019__southbound_01,Europa / DER A1A26 (eobs 4004),2019,1,7.004766,0,0.23096876,0.7416098867543043,0,1.3096,1.063796
2014-11-07,Wibi_2_plus_DER_AU044_eobs_3943__2014__southbound_01,Wibi 2 + / DER AU044 (eobs 3943),2014,1,5.604145,0,0.10918795,0.7416098867543043,0,2.103855,0.93223083
2016-09-23,Zozu_plus_DER_AL581_eobs2541__2016__southbound_01,Zozu + / DER AL581 (eobs2541),2016,1,6.2488127,0,0.6662012,0.7416098867543043,0,0.16281001,5.272628
2014-09-25,Mirabell_plus_DER_AN910_eobs_3907__2014__southbound_01,Mirabell + / DER AN910 (eobs 3907),2014,1,6.223172,0,0.33586162,0.7416098867543043,0,0.10789391,1.7777586
2017-07-20,Louis_DER_AU050_eobs_3264__2017__southbound_01,Louis / DER AU050 (eobs 3264),2017,1,6.3365383,0,0.032773986,0.7416098867543043,0,0.09999931,0.72716177
2020-09-23,Zozu_plus_DER_AL581_eobs2541__2020__southbound_01,Zozu + / DER AL581 (eobs2541),2020,1,6.2783275,0,0.32371336,0.7416098867543043,0,1.045345,1.11441
2013-09-04,Zozu_plus_DER_AL581_eobs2541__2013__southbound_01,Zozu + / DER AL581 (eobs2541),2013,1,13.480279,0,0.32380918,0.7416098867543043,0,0.011321923,1.2313621
2019-12-16,Zozu_plus_DER_AL581_eobs2541__2019__southbound_01,Zozu + / DER AL581 (eobs2541),2019,1,6.2176614,0,0.11711395,0.7416098867543043,0,7.985445,1.1950827
2013-10-01,Eamy_plus_DER_AL585_eobs3063__2013__southbound_01,Eamy + / DER AL585 (eobs3063),2013,1,13.502175,0,0.5746646,0.7416098867543043,0,7.992116,4.1949787
2019-07-12,Angela_DER_AY470_eobs_4001__2019__southbound_01,Angela / DER AY470 (eobs 4001),2019,1,9.285906,0,0.18326986,0.7416098867543043,0,2.960869,1.4019803
2013-10-21,Karamell_plus_DER_AL582_eobs3031__2013__southbound_01,Karamell + / DER AL582 (eobs3031),2013,1,13.501802,0,0.17760326,0.7416098867543043,0,2.3848288,1.3824174
2021-09-18,Europa_DER_A1A26_eobs_4004__2021__southbound_01,Europa / DER A1A26 (eobs 4004),2021,1,7.046981,0,0.8163789,0.7416098867543043,1,0.0198458,9.841017
2014-10-21,Bubbel_plus_DER_AN873_eobs_3666__2014__southbound_01,Bubbel + / DER AN873 (eobs 3666),2014,1,11.614469,0,0.16729814,0.7416098867543043,0,4.894574,1.3447845
2015-11-27,Tammy_plus_DER_AN918_eobs_3917__2015__southbound_01,Tammy + / DER AN918 (eobs 3917),2015,1,5.2949753,0,0.10885452,0.7416098867543043,0,0.3897079,1.3122194
2013-09-09,Eamy_plus_DER_AL585_eobs3063__2013__southbound_01,Eamy + / DER AL585 (eobs3063),2013,1,13.502175,1,0.32754058,0.7416098867543043,0,128.36159,1.4984803
2016-08-31,Angela_DER_AY470_eobs_4001__2016__southbound_01,Angela / DER AY470 (eobs 4001),2016,1,12.185438,0,0.58374953,0.7416098867543043,0,0.75708884,4.735036
2017-07-24,Louis_DER_AU050_eobs_3264__2017__southbound_01,Louis / DER AU050 (eobs 3264),2017,1,6.3365383,0,0.031244617,0.7416098867543043,0,0.9262145,0.7208154
2017-07-11,Europa_DER_A1A26_eobs_4004__2017__southbound_01,Europa / DER A1A26 (eobs 4004),2017,1,17.480358,0,0.24631847,0.7416098867543043,0,0.0013766122,1.613236
2014-09-20,Ronja_plus_DER_AU004_eobs_3926__2014__southbound_01,Ronja + / DER AU004 (eobs 3926),2014,1,11.651782,0,0.13190046,0.7416098867543043,0,0.06453858,0.78800243
2016-09-25,Zozu_plus_DER_AL581_eobs2541__2016__southbound_01,Zozu + / DER AL581 (eobs2541),2016,1,6.2488127,0,0.12506971,0.7416098867543043,0,9.697835,0.7153414
2015-07-11,Redrunner_plus_DER_AU057_eobs_3339__2015__southbound_01,Redrunner + / DER AU057 (eobs 3339),2015,1,10.721669,0,0.39694527,0.7416098867543043,0,2.85538,2.2173276
2017-09-13,Europa_DER_A1A26_eobs_4004__2017__southbound_01,Europa / DER A1A26 (eobs 4004),2017,1,17.480358,0,0.11714784,0.7416098867543043,0,2.1743078,0.68360865
2016-08-15,Louis_DER_AU050_eobs_3264__2016__southbound_01,Louis / DER AU050 (eobs 3264),2016,1,7.6238537,0,0.5828332,0.7416098867543043,0,0.4674948,3.5236495
2014-09-30,Max_plus_DER_AU046_eobs_3945__2014__southbound_01,Max + / DER AU046 (eobs 3945),2014,1,6.2162013,0,0.2882298,0.7416098867543043,0,2.6772165,1.5325203
2023-11-04,Europa_DER_A1A26_eobs_4004__2023__southbound_01,Europa / DER A1A26 (eobs 4004),2023,1,7.022881,0,0.14232151,0.7416098867543043,0,0.052774444,1.3304074
2015-10-26,Tammy_plus_DER_AN918_eobs_3917__2015__southbound_01,Tammy + / DER AN918 (eobs 3917),2015,1,5.2949753,0,0.23153016,0.7416098867543043,0,9.397938,1.5617518
2017-08-06,Europa_DER_A1A26_eobs_4004__2017__southbound_01,Europa / DER A1A26 (eobs 4004),2017,1,17.480358,0,0.40103984,0.7416098867543043,0,0.21700236,2.2916641
2014-09-09,Kiki_plus_DER_AN872_eobs_3648__2014__southbound_01,Kiki + / DER AN872 (eobs 3648),2014,1,16.123993,1,0.9242091,0.7416098867543043,1,153.39525,23.55091
2018-07-17,Mirabell_plus_DER_AN910_eobs_3907__2018__southbound_01,Mirabell + / DER AN910 (eobs 3907),2018,1,13.555351,0,0.01320504,0.7416098867543043,0,0.062313743,0.69819957
2016-08-14,Angela_DER_AY470_eobs_4001__2016__southbound_01,Angela / DER AY470 (eobs 4001),2016,1,12.185438,1,0.97838986,0.7416098867543043,1,101.04626,87.68796
2018-10-06,Sierit_DER_AN858_eobs2561__2018__southbound_01,Sierit  / DER AN858 (eobs2561),2018,1,6.2883363,1,0.3959921,0.7416098867543043,0,13.132357,2.4508553
2017-09-12,Europa_DER_A1A26_eobs_4004__2017__southbound_01,Europa / DER A1A26 (eobs 4004),2017,1,17.480358,0,0.24147123,0.7416098867543043,0,0.0254425,1.2489427
2018-09-22,Mirabell_plus_DER_AN910_eobs_3907__2018__southbound_01,Mirabell + / DER AN910 (eobs 3907),2018,1,13.555351,0,0.6681176,0.7416098867543043,0,2.4366584,3.9568388
2017-09-26,Sierit_DER_AN858_eobs2561__2017__southbound_01,Sierit  / DER AN858 (eobs2561),2017,1,6.3050985,0,0.32312682,0.7416098867543043,0,0.013090478,2.1546478
2013-09-29,Karamell_plus_DER_AL582_eobs3031__2013__southbound_01,Karamell + / DER AL582 (eobs3031),2013,1,13.501802,0,0.3297965,0.7416098867543043,0,4.207265,1.8310835
2015-09-21,Mirabell_plus_DER_AN910_eobs_3907__2015__southbound_01,Mirabell + / DER AN910 (eobs 3907),2015,1,7.461956,1,0.80575234,0.7416098867543043,1,143.71106,9.846061
2014-09-15,Tammy_plus_DER_AN918_eobs_3917__2014__southbound_01,Tammy + / DER AN918 (eobs 3917),2014,1,10.795916,0,0.6175446,0.7416098867543043,0,9.201598,4.778468
2021-10-04,Louis_DER_AU050_eobs_3264__2021__southbound_01,Louis / DER AU050 (eobs 3264),2021,1,6.275173,0,0.17826657,0.7416098867543043,0,1.1054984,1.0496383
2014-10-24,Bubbel_plus_DER_AN873_eobs_3666__2014__southbound_01,Bubbel + / DER AN873 (eobs 3666),2014,1,11.614469,0,0.13452744,0.7416098867543043,0,1.618811,1.1291668
2014-07-23,Yolo_plus_DER_AN861_eobs2666__2014__southbound_01,Yolo + / DER AN861 (eobs2666),2014,1,11.697392,0,0.3805287,0.7416098867543043,0,7.4898357,2.2820196
2014-09-20,Wibi_2_plus_DER_AU044_eobs_3943__2014__southbound_01,Wibi 2 + / DER AU044 (eobs 3943),2014,1,5.604145,0,0.6105266,0.7416098867543043,0,0.47431478,3.5535164
2019-10-14,Europa_DER_A1A26_eobs_4004__2019__southbound_01,Europa / DER A1A26 (eobs 4004),2019,1,7.004766,0,0.30791274,0.7416098867543043,0,0.17484055,2.3677745
2016-09-26,Mirabell_plus_DER_AN910_eobs_3907__2016__southbound_01,Mirabell + / DER AN910 (eobs 3907),2016,1,13.317976,0,0.42158437,0.7416098867543043,0,0.10553442,2.3693316
2018-12-11,Zozu_plus_DER_AL581_eobs2541__2018__southbound_01,Zozu + / DER AL581 (eobs2541),2018,1,7.799646,0,0.09054255,0.7416098867543043,0,5.6160393,1.0255817
2018-09-17,Sara_plus_DER_AU017_eobs_3941__2018__southbound_01,Sara + / DER AU017 (eobs 3941),2018,1,8.361839,0,0.35920933,0.7416098867543043,0,1.4835365,1.5917864
2018-08-16,Sara_plus_DER_AU017_eobs_3941__2018__southbound_01,Sara + / DER AU017 (eobs 3941),2018,1,8.361839,1,0.983371,0.7416098867543043,1,338.09854,108.601
2018-08-09,Mirabell_plus_DER_AN910_eobs_3907__2018__southbound_01,Mirabell + / DER AN910 (eobs 3907),2018,1,13.555351,0,0.022476496,0.7416098867543043,0,0.07619808,0.58938396
2019-10-25,Mirabell_plus_DER_AN910_eobs_3907__2019__southbound_01,Mirabell + / DER AN910 (eobs 3907),2019,1,13.553637,1,0.42118827,0.7416098867543043,0,58.192104,3.0669794
2016-10-19,Zozu_plus_DER_AL581_eobs2541__2016__southbound_01,Zozu + / DER AL581 (eobs2541),2016,1,6.2488127,0,0.24562326,0.7416098867543043,0,9.562478,1.3018849
2014-09-30,Sara_plus_DER_AU017_eobs_3941__2014__southbound_01,Sara + / DER AU017 (eobs 3941),2014,1,17.126158,1,0.8917701,0.7416098867543043,1,250.58627,22.720459
2017-09-27,Zozu_plus_DER_AL581_eobs2541__2017__southbound_01,Zozu + / DER AL581 (eobs2541),2017,1,6.2489033,0,0.32587156,0.7416098867543043,0,0.042121496,1.4553692
2018-08-25,Sara_plus_DER_AU017_eobs_3941__2018__southbound_01,Sara + / DER AU017 (eobs 3941),2018,1,8.361839,0,0.59536606,0.7416098867543043,0,5.0390005,5.025034
2018-11-08,Zozu_plus_DER_AL581_eobs2541__2018__southbound_01,Zozu + / DER AL581 (eobs2541),2018,1,7.799646,0,0.163185,0.7416098867543043,0,0.03233202,1.4662205
2022-07-23,Angela_DER_AY470_eobs_4001__2022__southbound_01,Angela / DER AY470 (eobs 4001),2022,1,11.583361,0,0.012515828,0.7416098867543043,0,2.184045,0.68320143
2023-11-12,Europa_DER_A1A26_eobs_4004__2023__southbound_01,Europa / DER A1A26 (eobs 4004),2023,1,7.022881,0,0.5434351,0.7416098867543043,0,9.743647,3.757094
2016-06-23,Louis_DER_AU050_eobs_3264__2016__southbound_01,Louis / DER AU050 (eobs 3264),2016,1,7.6238537,1,0.5337614,0.7416098867543043,0,11.198828,3.1696486
2017-09-27,Redrunner_plus_DER_AU057_eobs_3339__2017__southbound_01,Redrunner + / DER AU057 (eobs 3339),2017,1,15.197294,0,0.24100752,0.7416098867543043,0,1.8078921,0.98715657
2014-09-27,Louis_DER_AU050_eobs_3264__2014__southbound_01,Louis / DER AU050 (eobs 3264),2014,1,7.9057946,0,0.40314576,0.7416098867543043,0,2.7850125,2.6164293
2015-08-31,Sara_plus_DER_AU017_eobs_3941__2015__southbound_01,Sara + / DER AU017 (eobs 3941),2015,1,8.472937,1,0.94676715,0.7416098867543043,1,267.3304,38.266735
2014-09-16,Sara_plus_DER_AU017_eobs_3941__2014__southbound_01,Sara + / DER AU017 (eobs 3941),2014,1,17.126158,0,0.09054045,0.7416098867543043,0,1.2451875,0.7794213
2014-09-20,Bubbel_plus_DER_AN873_eobs_3666__2014__southbound_01,Bubbel + / DER AN873 (eobs 3666),2014,1,11.614469,0,0.12589747,0.7416098867543043,0,0.028119372,0.7359839
2022-11-12,Europa_DER_A1A26_eobs_4004__2022__southbound_01,Europa / DER A1A26 (eobs 4004),2022,1,7.337657,0,0.07390513,0.7416098867543043,0,0.21768662,1.1369253
2014-09-22,Lewis_plus_DER_AU015_eobs_3939__2014__southbound_01,Lewis + / DER AU015 (eobs 3939),2014,1,16.46963,0,0.091882415,0.7416098867543043,0,0.36244482,0.77006423
2021-09-06,Sierit_DER_AN858_eobs2561__2021__southbound_01,Sierit  / DER AN858 (eobs2561),2021,1,6.2726984,0,0.22063862,0.7416098867543043,0,0.72808194,0.87552595
2016-11-23,Niclas_DER_AU053_eobs_3341__2016__southbound_01,Niclas / DER AU053 (eobs 3341),2016,1,5.7741003,0,0.24706914,0.7416098867543043,0,1.191312,1.6983252
2015-09-16,Tammy_plus_DER_AN918_eobs_3917__2015__southbound_01,Tammy + / DER AN918 (eobs 3917),2015,1,5.2949753,0,0.380033,0.7416098867543043,0,0.07177392,1.4993064
2019-12-20,Zozu_plus_DER_AL581_eobs2541__2019__southbound_01,Zozu + / DER AL581 (eobs2541),2019,1,6.2176614,0,0.11684109,0.7416098867543043,0,0.0532163,1.1503755
2018-10-08,Angela_DER_AY470_eobs_4001__2018__southbound_01,Angela / DER AY470 (eobs 4001),2018,1,12.0012455,0,0.15213059,0.7416098867543043,0,0.877678,1.070091
2018-11-23,Sara_plus_DER_AU017_eobs_3941__2018__southbound_01,Sara + / DER AU017 (eobs 3941),2018,1,8.361839,0,0.16977745,0.7416098867543043,0,0.057811566,1.4824009
2018-10-18,Angela_DER_AY470_eobs_4001__2018__southbound_01,Angela / DER AY470 (eobs 4001),2018,1,12.0012455,1,0.16221718,0.7416098867543043,0,19.530506,1.054942
2018-08-11,Europa_DER_A1A26_eobs_4004__2018__southbound_01,Europa / DER A1A26 (eobs 4004),2018,1,9.897527,0,0.25157464,0.7416098867543043,0,0.32042402,1.1924545
2020-09-20,Angela_DER_AY470_eobs_4001__2020__southbound_01,Angela / DER AY470 (eobs 4001),2020,1,11.86833,1,0.08391113,0.7416098867543043,0,22.545626,0.76039374
2020-08-28,Mirabell_plus_DER_AN910_eobs_3907__2020__southbound_01,Mirabell + / DER AN910 (eobs 3907),2020,1,9.278834,0,0.18493584,0.7416098867543043,0,0.16338648,0.84894276
2015-08-01,Redrunner_plus_DER_AU057_eobs_3339__2015__southbound_01,Redrunner + / DER AU057 (eobs 3339),2015,1,10.721669,0,0.30726814,0.7416098867543043,0,4.9778957,2.092055
2018-10-24,Angela_DER_AY470_eobs_4001__2018__southbound_01,Angela / DER AY470 (eobs 4001),2018,1,12.0012455,0,0.26130396,0.7416098867543043,0,0.12114214,1.870739
2014-09-28,Lewis_plus_DER_AU015_eobs_3939__2014__southbound_01,Lewis + / DER AU015 (eobs 3939),2014,1,16.46963,0,0.35933763,0.7416098867543043,0,4.978591,2.1351798
2014-08-18,Niclas_DER_AU053_eobs_3341__2014__southbound_01,Niclas / DER AU053 (eobs 3341),2014,1,13.2831955,1,0.9582834,0.7416098867543043,1,37.189213,53.769203
2015-09-24,Louis_DER_AU050_eobs_3264__2015__southbound_01,Louis / DER AU050 (eobs 3264),2015,1,5.300923,1,0.6174416,0.7416098867543043,0,36.369587,4.9220395
2015-07-16,Mirabell_plus_DER_AN910_eobs_3907__2015__southbound_01,Mirabell + / DER AN910 (eobs 3907),2015,1,7.461956,1,0.68506306,0.7416098867543043,0,10.781199,5.3294935
2014-09-29,Hans_plus_DER_AN923_eobs_3922__2014__southbound_01,Hans + / DER AN923 (eobs 3922),2014,1,6.6356635,0,0.21932189,0.7416098867543043,0,0.0006549932,0.9534297
2015-07-19,Sara_plus_DER_AU017_eobs_3941__2015__southbound_01,Sara + / DER AU017 (eobs 3941),2015,1,8.472937,0,0.07899014,0.7416098867543043,0,0.061091997,0.95222175
2015-09-06,Redrunner_plus_DER_AU057_eobs_3339__2015__southbound_01,Redrunner + / DER AU057 (eobs 3339),2015,1,10.721669,1,0.17037229,0.7416098867543043,0,55.13061,0.78104055
2017-10-08,Redrunner_plus_DER_AU057_eobs_3339__2017__southbound_01,Redrunner + / DER AU057 (eobs 3339),2017,1,15.197294,1,0.88748777,0.7416098867543043,1,210.97258,18.209404
2014-10-05,Louis_DER_AU050_eobs_3264__2014__southbound_01,Louis / DER AU050 (eobs 3264),2014,1,7.9057946,0,0.2863823,0.7416098867543043,0,0.16059154,1.8744209
2021-10-05,Europa_DER_A1A26_eobs_4004__2021__southbound_01,Europa / DER A1A26 (eobs 4004),2021,1,7.046981,0,0.5847718,0.7416098867543043,0,3.2283156,4.4082956
2017-12-07,Zozu_plus_DER_AL581_eobs2541__2017__southbound_01,Zozu + / DER AL581 (eobs2541),2017,1,6.2489033,0,0.18774654,0.7416098867543043,0,0.023778629,1.4913383
2016-10-09,Sara_plus_DER_AU017_eobs_3941__2016__southbound_01,Sara + / DER AU017 (eobs 3941),2016,1,7.6681967,0,0.479961,0.7416098867543043,0,0.4002323,2.6733217
2014-10-29,Max_plus_DER_AU046_eobs_3945__2014__southbound_01,Max + / DER AU046 (eobs 3945),2014,1,6.2162013,0,0.6204307,0.7416098867543043,0,6.1574593,4.6474066
2018-09-01,Sierit_DER_AN858_eobs2561__2018__southbound_01,Sierit  / DER AN858 (eobs2561),2018,1,6.2883363,0,0.09568302,0.7416098867543043,0,0.72011155,0.5930083
2013-09-23,Zozu_plus_DER_AL581_eobs2541__2013__southbound_01,Zozu + / DER AL581 (eobs2541),2013,1,13.480279,0,0.43565044,0.7416098867543043,0,0.7986577,2.8654795
2017-10-29,Zozu_plus_DER_AL581_eobs2541__2017__southbound_01,Zozu + / DER AL581 (eobs2541),2017,1,6.2489033,0,0.077118866,0.7416098867543043,0,1.2752134,0.7429069
2014-10-05,Pjotre_plus_DER_AU003_eobs_3925__2014__southbound_01,Pjotre + / DER AU003 (eobs 3925),2014,1,13.317191,0,0.1325409,0.7416098867543043,0,0.8401177,1.0868782
2019-09-16,Mirabell_plus_DER_AN910_eobs_3907__2019__southbound_01,Mirabell + / DER AN910 (eobs 3907),2019,1,13.553637,0,0.100554906,0.7416098867543043,0,1.0676081,0.6796092
2016-08-17,Louis_DER_AU050_eobs_3264__2016__southbound_01,Louis / DER AU050 (eobs 3264),2016,1,7.6238537,0,0.7109529,0.7416098867543043,0,0.88086206,5.944603
2018-08-02,Zozu_plus_DER_AL581_eobs2541__2018__southbound_01,Zozu + / DER AL581 (eobs2541),2018,1,7.799646,0,0.017202567,0.7416098867543043,0,0.11303168,0.6257229
2019-10-02,Mirabell_plus_DER_AN910_eobs_3907__2019__southbound_01,Mirabell + / DER AN910 (eobs 3907),2019,1,13.553637,1,0.9064783,0.7416098867543043,1,32.636658,19.20887
2014-10-11,Conchito_plus_DER_AU005_eobs_3927__2014__southbound_01,Conchito + / DER AU005 (eobs 3927),2014,1,11.598715,0,0.15198185,0.7416098867543043,0,0.8154212,1.0349357
2020-06-30,Zozu_plus_DER_AL581_eobs2541__2020__southbound_01,Zozu + / DER AL581 (eobs2541),2020,1,6.2783275,0,0.012568232,0.7416098867543043,0,0.5176338,0.7472365
2017-09-13,Mirabell_plus_DER_AN910_eobs_3907__2017__southbound_01,Mirabell + / DER AN910 (eobs 3907),2017,1,13.340494,0,0.113177896,0.7416098867543043,0,1.5334846,0.8092919
2018-10-06,Louis_DER_AU050_eobs_3264__2018__southbound_01,Louis / DER AU050 (eobs 3264),2018,1,6.4034295,0,0.20085114,0.7416098867543043,0,0.51287615,1.2642038
2013-09-29,Sierit_DER_AN858_eobs2561__2013__southbound_01,Sierit  / DER AN858 (eobs2561),2013,1,13.879199,0,0.27384123,0.7416098867543043,0,1.2330922,1.2885609
2014-10-08,Mirabell_plus_DER_AN910_eobs_3907__2014__southbound_01,Mirabell + / DER AN910 (eobs 3907),2014,1,6.223172,0,0.2420573,0.7416098867543043,0,1.0725764,1.5569286
2017-08-23,Europa_DER_A1A26_eobs_4004__2017__southbound_01,Europa / DER A1A26 (eobs 4004),2017,1,17.480358,1,0.9333993,0.7416098867543043,1,25.879246,28.477379
2018-09-05,Sara_plus_DER_AU017_eobs_3941__2018__southbound_01,Sara + / DER AU017 (eobs 3941),2018,1,8.361839,0,0.47533697,0.7416098867543043,0,0.014471002,2.8017447
2016-11-19,Niclas_DER_AU053_eobs_3341__2016__southbound_01,Niclas / DER AU053 (eobs 3341),2016,1,5.7741003,0,0.24542578,0.7416098867543043,0,4.645853,1.6219795
2015-10-10,Sierit_DER_AN858_eobs2561__2015__southbound_01,Sierit  / DER AN858 (eobs2561),2015,1,6.2869434,0,0.3791584,0.7416098867543043,0,1.7396643,2.7439046
2014-09-30,Louis_DER_AU050_eobs_3264__2014__southbound_01,Louis / DER AU050 (eobs 3264),2014,1,7.9057946,0,0.22029625,0.7416098867543043,0,0.09807776,1.2586493
2013-10-25,Zozu_plus_DER_AL581_eobs2541__2013__southbound_01,Zozu + / DER AL581 (eobs2541),2013,1,13.480279,0,0.29190528,0.7416098867543043,0,0.36756858,1.9571254
2022-09-16,Louis_DER_AU050_eobs_3264__2022__southbound_01,Louis / DER AU050 (eobs 3264),2022,1,6.373638,0,0.30798054,0.7416098867543043,0,0.12259513,1.0276815
2017-11-01,Redrunner_plus_DER_AU057_eobs_3339__2017__southbound_01,Redrunner + / DER AU057 (eobs 3339),2017,1,15.197294,0,0.28517008,0.7416098867543043,0,0.20405899,1.9386579
2018-08-24,Mirabell_plus_DER_AN910_eobs_3907__2018__southbound_01,Mirabell + / DER AN910 (eobs 3907),2018,1,13.555351,0,0.1133371,0.7416098867543043,0,0.41349515,0.71474576
2018-08-17,Sara_plus_DER_AU017_eobs_3941__2018__southbound_01,Sara + / DER AU017 (eobs 3941),2018,1,8.361839,0,0.98319936,0.7416098867543043,1,3.163725,100.59042
2015-09-01,Niclas_DER_AU053_eobs_3341__2015__southbound_01,Niclas / DER AU053 (eobs 3341),2015,1,5.8521757,0,0.9506826,0.7416098867543043,1,0.35905188,45.96183
2013-11-08,Sierit_DER_AN858_eobs2561__2013__southbound_01,Sierit  / DER AN858 (eobs2561),2013,1,13.879199,0,0.84364545,0.7416098867543043,1,0.06402497,12.914026
2019-08-15,Angela_DER_AY470_eobs_4001__2019__southbound_01,Angela / DER AY470 (eobs 4001),2019,1,9.285906,0,0.032147273,0.7416098867543043,0,0.299415,0.5819176
2014-10-27,Max_plus_DER_AU046_eobs_3945__2014__southbound_01,Max + / DER AU046 (eobs 3945),2014,1,6.2162013,0,0.28029525,0.7416098867543043,0,3.9411006,1.9505084
2014-10-23,Niclas_DER_AU053_eobs_3341__2014__southbound_01,Niclas / DER AU053 (eobs 3341),2014,1,13.2831955,0,0.21651427,0.7416098867543043,0,1.7068073,1.5932615
2018-09-03,Angela_DER_AY470_eobs_4001__2018__southbound_01,Angela / DER AY470 (eobs 4001),2018,1,12.0012455,1,0.91122836,0.7416098867543043,1,88.43298,25.769047
2018-09-15,Mirabell_plus_DER_AN910_eobs_3907__2018__southbound_01,Mirabell + / DER AN910 (eobs 3907),2018,1,13.555351,1,0.8165961,0.7416098867543043,1,14.844822,7.1141725
2018-09-25,Louis_DER_AU050_eobs_3264__2018__southbound_01,Louis / DER AU050 (eobs 3264),2018,1,6.4034295,0,0.9601686,0.7416098867543043,1,0.37410122,44.67956
2014-09-21,Zlipi_plus_DER_AU010_eobs_3934__2014__southbound_01,Zlipi + / DER AU010 (eobs 3934),2014,1,9.554123,0,0.30541825,0.7416098867543043,0,0.94670516,1.4936543
2015-08-13,Mirabell_plus_DER_AN910_eobs_3907__2015__southbound_01,Mirabell + / DER AN910 (eobs 3907),2015,1,7.461956,0,0.91023564,0.7416098867543043,1,3.1611629,24.753761
2018-09-09,Charlie_plus_DER_A4M63_eobs_6588__2018__southbound_01,Charlie + / DER A4M63 (eobs 6588),2018,1,10.37882,0,0.06367186,0.7416098867543043,0,0.03248817,0.5791415
2015-07-22,Fifi_plus_DER_AN909_eobs_3906__2015__southbound_01,Fifi + / DER AN909 (eobs 3906),2015,1,10.702984,1,0.5781094,0.7416098867543043,0,93.18611,3.8607306
2013-09-09,Yolo_plus_DER_AN861_eobs2666__2013__southbound_01,Yolo + / DER AN861 (eobs2666),2013,1,16.535265,0,0.18312109,0.7416098867543043,0,0.0009142059,0.9195628
2019-08-20,Angela_DER_AY470_eobs_4001__2019__southbound_01,Angela / DER AY470 (eobs 4001),2019,1,9.285906,0,0.052145064,0.7416098867543043,0,0.31008512,0.54700136
2016-12-09,Niclas_DER_AU053_eobs_3341__2016__southbound_01,Niclas / DER AU053 (eobs 3341),2016,1,5.7741003,0,0.3630883,0.7416098867543043,0,0.7760564,2.35478
2021-10-18,Europa_DER_A1A26_eobs_4004__2021__southbound_01,Europa / DER A1A26 (eobs 4004),2021,1,7.046981,0,0.17047283,0.7416098867543043,0,7.6175394,1.4627568
2019-10-01,Sara_plus_DER_AU017_eobs_3941__2019__southbound_01,Sara + / DER AU017 (eobs 3941),2019,1,8.3754015,1,0.74883276,0.7416098867543043,1,29.410828,5.447103
2014-09-10,Chompy_plus_DER_AN871_eobs3647__2014__southbound_01,Chompy + / DER AN871 (eobs3647),2014,1,11.4127865,0,0.8813699,0.7416098867543043,1,0.01459649,11.24063
2018-09-30,Muffine_DER_AN922_eobs_3921__2018__southbound_01,Muffine / DER AN922 (eobs 3921),2018,1,6.287022,0,0.41683954,0.7416098867543043,0,0.03445632,2.5748374
2014-11-04,Tobi_plus_DER_AU052_eobs_3340__2014__southbound_01,Tobi + / DER AU052 (eobs 3340),2014,1,13.901598,0,0.738491,0.7416098867543043,0,0.54354185,6.3633423
2014-08-26,Yolo_plus_DER_AN861_eobs2666__2014__southbound_01,Yolo + / DER AN861 (eobs2666),2014,1,11.697392,1,0.8698384,0.7416098867543043,1,185.03145,16.40531
2014-09-14,Max_plus_DER_AU046_eobs_3945__2014__southbound_01,Max + / DER AU046 (eobs 3945),2014,1,6.2162013,0,0.9568947,0.7416098867543043,1,7.018266,48.437023
2021-11-16,Europa_DER_A1A26_eobs_4004__2021__southbound_01,Europa / DER A1A26 (eobs 4004),2021,1,7.046981,0,0.3750842,0.7416098867543043,0,0.11092278,2.7986984
2020-08-21,Mirabell_plus_DER_AN910_eobs_3907__2020__southbound_01,Mirabell + / DER AN910 (eobs 3907),2020,1,9.278834,0,0.0876925,0.7416098867543043,0,0.14168195,0.65614176
2015-10-20,Tammy_plus_DER_AN918_eobs_3917__2015__southbound_01,Tammy + / DER AN918 (eobs 3917),2015,1,5.2949753,0,0.42178744,0.7416098867543043,0,2.1704254,2.753954
2014-09-15,Ronja_plus_DER_AU004_eobs_3926__2014__southbound_01,Ronja + / DER AU004 (eobs 3926),2014,1,11.651782,0,0.17975412,0.7416098867543043,0,0.20286092,1.0740275
2018-09-20,Mirabell_plus_DER_AN910_eobs_3907__2018__southbound_01,Mirabell + / DER AN910 (eobs 3907),2018,1,13.555351,1,0.7242686,0.7416098867543043,0,20.484716,4.1653576
2016-10-06,Sara_plus_DER_AU017_eobs_3941__2016__southbound_01,Sara + / DER AU017 (eobs 3941),2016,1,7.6681967,1,0.3534069,0.7416098867543043,0,15.085949,1.9424027
2018-10-14,Louis_DER_AU050_eobs_3264__2018__southbound_01,Louis / DER AU050 (eobs 3264),2018,1,6.4034295,0,0.23567258,0.7416098867543043,0,0.2182504,1.592621
2015-08-07,Niclas_DER_AU053_eobs_3341__2015__southbound_01,Niclas / DER AU053 (eobs 3341),2015,1,5.8521757,0,0.1441634,0.7416098867543043,0,0.08603748,0.79103446
2022-08-15,Angela_DER_AY470_eobs_4001__2022__southbound_01,Angela / DER AY470 (eobs 4001),2022,1,11.583361,1,0.9555499,0.7416098867543043,1,71.153496,51.845367
2018-09-04,Sara_plus_DER_AU017_eobs_3941__2018__southbound_01,Sara + / DER AU017 (eobs 3941),2018,1,8.361839,0,0.7487998,0.7416098867543043,1,0.05570746,7.0864816
2021-09-19,Europa_DER_A1A26_eobs_4004__2021__southbound_01,Europa / DER A1A26 (eobs 4004),2021,1,7.046981,0,0.37693343,0.7416098867543043,0,1.3435622,1.946703
2016-09-17,Redrunner_plus_DER_AU057_eobs_3339__2016__southbound_01,Redrunner + / DER AU057 (eobs 3339),2016,1,15.7774515,0,0.75119346,0.7416098867543043,1,0.2301153,5.540499
2020-08-28,Angela_DER_AY470_eobs_4001__2020__southbound_01,Angela / DER AY470 (eobs 4001),2020,1,11.86833,1,0.9640986,0.7416098867543043,1,201.43974,47.948235
2017-08-29,Zozu_plus_DER_AL581_eobs2541__2017__southbound_01,Zozu + / DER AL581 (eobs2541),2017,1,6.2489033,1,0.9705154,0.7416098867543043,1,173.75024,73.67609
2015-11-01,Tammy_plus_DER_AN918_eobs_3917__2015__southbound_01,Tammy + / DER AN918 (eobs 3917),2015,1,5.2949753,0,0.3073581,0.7416098867543043,0,1.4057723,2.56738
2018-08-20,Angela_DER_AY470_eobs_4001__2018__southbound_01,Angela / DER AY470 (eobs 4001),2018,1,12.0012455,1,0.9351734,0.7416098867543043,1,211.3065,33.11122
2015-07-03,Mirabell_plus_DER_AN910_eobs_3907__2015__southbound_01,Mirabell + / DER AN910 (eobs 3907),2015,1,7.461956,0,0.34147096,0.7416098867543043,0,0.583931,2.0773633
2013-09-19,Zozu_plus_DER_AL581_eobs2541__2013__southbound_01,Zozu + / DER AL581 (eobs2541),2013,1,13.480279,1,0.16344625,0.7416098867543043,0,31.19418,1.0793089
2018-09-19,Angela_DER_AY470_eobs_4001__2018__southbound_01,Angela / DER AY470 (eobs 4001),2018,1,12.0012455,0,0.09384301,0.7416098867543043,0,0.18511115,0.7887631
2020-08-28,Europa_DER_A1A26_eobs_4004__2020__southbound_01,Europa / DER A1A26 (eobs 4004),2020,1,9.390811,1,0.9557426,0.7416098867543043,1,45.370655,45.661583
2016-09-15,Angela_DER_AY470_eobs_4001__2016__southbound_01,Angela / DER AY470 (eobs 4001),2016,1,12.185438,1,0.8892221,0.7416098867543043,1,10.328551,17.333736
2021-09-14,Europa_DER_A1A26_eobs_4004__2021__southbound_01,Europa / DER A1A26 (eobs 4004),2021,1,7.046981,0,0.9808044,0.7416098867543043,1,0.8047167,93.09482
2018-09-12,Sara_plus_DER_AU017_eobs_3941__2018__southbound_01,Sara + / DER AU017 (eobs 3941),2018,1,8.361839,0,0.81902474,0.7416098867543043,1,0.30713117,9.240956
2017-10-31,Zozu_plus_DER_AL581_eobs2541__2017__southbound_01,Zozu + / DER AL581 (eobs2541),2017,1,6.2489033,0,0.64207596,0.7416098867543043,0,0.3405253,5.3026333
2018-09-27,Muffine_DER_AN922_eobs_3921__2018__southbound_01,Muffine / DER AN922 (eobs 3921),2018,1,6.287022,0,0.3346711,0.7416098867543043,0,1.0816554,1.5536299
2014-09-08,Niclas_DER_AU053_eobs_3341__2014__southbound_01,Niclas / DER AU053 (eobs 3341),2014,1,13.2831955,1,0.95677465,0.7416098867543043,1,185.20284,48.339996
2017-10-13,Europa_DER_A1A26_eobs_4004__2017__southbound_01,Europa / DER A1A26 (eobs 4004),2017,1,17.480358,1,0.86198974,0.7416098867543043,1,204.51465,12.605637
2014-09-24,Redrunner_plus_DER_AU057_eobs_3339__2014__southbound_01,Redrunner + / DER AU057 (eobs 3339),2014,1,14.419192,0,0.34945485,0.7416098867543043,0,2.808358,1.3354652
2014-10-07,Bubbel_plus_DER_AN873_eobs_3666__2014__southbound_01,Bubbel + / DER AN873 (eobs 3666),2014,1,11.614469,0,0.30695328,0.7416098867543043,0,0.880041,1.7160134
2018-10-27,Zozu_plus_DER_AL581_eobs2541__2018__southbound_01,Zozu + / DER AL581 (eobs2541),2018,1,7.799646,0,0.24388333,0.7416098867543043,0,1.5077233,2.2550702
2014-11-05,Muffine_DER_AN922_eobs_3921__2014__southbound_01,Muffine / DER AN922 (eobs 3921),2014,1,10.742697,0,0.13800792,0.7416098867543043,0,0.7677766,1.6340134
2016-07-01,Sara_plus_DER_AU017_eobs_3941__2016__southbound_01,Sara + / DER AU017 (eobs 3941),2016,1,7.6681967,0,0.24560064,0.7416098867543043,0,1.129353,1.4667313
2019-07-11,Mirabell_plus_DER_AN910_eobs_3907__2019__southbound_01,Mirabell + / DER AN910 (eobs 3907),2019,1,13.553637,0,0.011706556,0.7416098867543043,0,0.55053264,0.7435198
2015-10-14,Tammy_plus_DER_AN918_eobs_3917__2015__southbound_01,Tammy + / DER AN918 (eobs 3917),2015,1,5.2949753,0,0.08951292,0.7416098867543043,0,2.3222888,0.97030014
2017-09-18,Europa_DER_A1A26_eobs_4004__2017__southbound_01,Europa / DER A1A26 (eobs 4004),2017,1,17.480358,1,0.88038003,0.7416098867543043,1,137.23392,20.34075
2020-08-08,Sierit_DER_AN858_eobs2561__2020__southbound_01,Sierit  / DER AN858 (eobs2561),2020,1,6.2724504,0,0.03381535,0.7416098867543043,0,0.5258565,0.6019414
2015-11-10,Tammy_plus_DER_AN918_eobs_3917__2015__southbound_01,Tammy + / DER AN918 (eobs 3917),2015,1,5.2949753,0,0.19701442,0.7416098867543043,0,0.14341462,1.7267299
2016-09-18,Redrunner_plus_DER_AU057_eobs_3339__2016__southbound_01,Redrunner + / DER AU057 (eobs 3339),2016,1,15.7774515,0,0.3588843,0.7416098867543043,0,3.5512764,1.8818823
2019-09-24,Europa_DER_A1A26_eobs_4004__2019__southbound_01,Europa / DER A1A26 (eobs 4004),2019,1,7.004766,0,0.28022367,0.7416098867543043,0,0.31284738,1.1662264
2014-08-31,Niclas_DER_AU053_eobs_3341__2014__southbound_01,Niclas / DER AU053 (eobs 3341),2014,1,13.2831955,0,0.37081835,0.7416098867543043,0,0.028502727,1.9466728
2016-10-09,Zozu_plus_DER_AL581_eobs2541__2016__southbound_01,Zozu + / DER AL581 (eobs2541),2016,1,6.2488127,1,0.6287195,0.7416098867543043,0,18.430464,4.064942
2021-11-06,Europa_DER_A1A26_eobs_4004__2021__southbound_01,Europa / DER A1A26 (eobs 4004),2021,1,7.046981,0,0.10116081,0.7416098867543043,0,0.08565905,1.1640959
2018-09-20,Sierit_DER_AN858_eobs2561__2018__southbound_01,Sierit  / DER AN858 (eobs2561),2018,1,6.2883363,0,0.17901678,0.7416098867543043,0,2.2221925,1.123181
2018-08-12,Zozu_plus_DER_AL581_eobs2541__2018__southbound_01,Zozu + / DER AL581 (eobs2541),2018,1,7.799646,0,0.030981656,0.7416098867543043,0,0.6519909,0.60010546
2014-06-21,Yolo_plus_DER_AN861_eobs2666__2014__southbound_01,Yolo + / DER AN861 (eobs2666),2014,1,11.697392,1,0.3897721,0.7416098867543043,0,12.041833,2.1737843
2018-10-05,Sara_plus_DER_AU017_eobs_3941__2018__southbound_01,Sara + / DER AU017 (eobs 3941),2018,1,8.361839,0,0.31998923,0.7416098867543043,0,0.12277681,1.3729072
2016-11-15,Niclas_DER_AU053_eobs_3341__2016__southbound_01,Niclas / DER AU053 (eobs 3341),2016,1,5.7741003,0,0.51652294,0.7416098867543043,0,0.07926084,3.4244576
2018-08-21,Charlie_plus_DER_A4M63_eobs_6588__2018__southbound_01,Charlie + / DER A4M63 (eobs 6588),2018,1,10.37882,1,0.098715276,0.7416098867543043,0,84.7773,0.51198065
2014-07-31,Niclas_DER_AU053_eobs_3341__2014__southbound_01,Niclas / DER AU053 (eobs 3341),2014,1,13.2831955,0,0.07594379,0.7416098867543043,0,0.84520984,0.7592504
2013-10-07,Sierit_DER_AN858_eobs2561__2013__southbound_01,Sierit  / DER AN858 (eobs2561),2013,1,13.879199,0,0.3248856,0.7416098867543043,0,0.53123546,1.8575954
2017-09-02,Sierit_DER_AN858_eobs2561__2017__southbound_01,Sierit  / DER AN858 (eobs2561),2017,1,6.3050985,0,0.1574914,0.7416098867543043,0,1.1044111,0.73695743
2020-07-11,Angela_DER_AY470_eobs_4001__2020__southbound_01,Angela / DER AY470 (eobs 4001),2020,1,11.86833,0,0.010038764,0.7416098867543043,0,0.7302498,0.74388707
2021-11-11,Europa_DER_A1A26_eobs_4004__2021__southbound_01,Europa / DER A1A26 (eobs 4004),2021,1,7.046981,0,0.08502673,0.7416098867543043,0,3.3066163,1.1684285
2015-08-06,Tammy_plus_DER_AN918_eobs_3917__2015__southbound_01,Tammy + / DER AN918 (eobs 3917),2015,1,5.2949753,0,0.7989412,0.7416098867543043,1,4.9192824,8.846209
2018-09-10,Angela_DER_AY470_eobs_4001__2018__southbound_01,Angela / DER AY470 (eobs 4001),2018,1,12.0012455,1,0.92534685,0.7416098867543043,1,137.86435,23.80428
2014-07-01,Yolo_plus_DER_AN861_eobs2666__2014__southbound_01,Yolo + / DER AN861 (eobs2666),2014,1,11.697392,0,0.45193422,0.7416098867543043,0,0.5046907,2.591622
2015-07-31,Mirabell_plus_DER_AN910_eobs_3907__2015__southbound_01,Mirabell + / DER AN910 (eobs 3907),2015,1,7.461956,0,0.29013962,0.7416098867543043,0,0.80185175,1.9728605
2020-08-01,Zozu_plus_DER_AL581_eobs2541__2020__southbound_01,Zozu + / DER AL581 (eobs2541),2020,1,6.2783275,0,0.017654788,0.7416098867543043,0,0.016201591,0.6284878
2013-10-29,Zozu_plus_DER_AL581_eobs2541__2013__southbound_01,Zozu + / DER AL581 (eobs2541),2013,1,13.480279,0,0.8093586,0.7416098867543043,1,0.87444365,10.197074
2019-08-04,Mirabell_plus_DER_AN910_eobs_3907__2019__southbound_01,Mirabell + / DER AN910 (eobs 3907),2019,1,13.553637,0,0.02169545,0.7416098867543043,0,0.085560106,0.59514695
2018-09-11,Sara_plus_DER_AU017_eobs_3941__2018__southbound_01,Sara + / DER AU017 (eobs 3941),2018,1,8.361839,1,0.90813094,0.7416098867543043,1,27.972883,24.815033
2016-09-18,Sara_plus_DER_AU017_eobs_3941__2016__southbound_01,Sara + / DER AU017 (eobs 3941),2016,1,7.6681967,0,0.57844347,0.7416098867543043,0,2.3146372,2.7651405
2013-11-11,Karamell_plus_DER_AL582_eobs3031__2013__southbound_01,Karamell + / DER AL582 (eobs3031),2013,1,13.501802,0,0.2983165,0.7416098867543043,0,9.54815,1.9559433
2018-06-26,Mirabell_plus_DER_AN910_eobs_3907__2018__southbound_01,Mirabell + / DER AN910 (eobs 3907),2018,1,13.555351,0,0.028304053,0.7416098867543043,0,0.6635035,0.75941056
2023-09-08,Louis_DER_AU050_eobs_3264__2023__southbound_01,Louis / DER AU050 (eobs 3264),2023,1,6.346841,0,0.19679604,0.7416098867543043,0,0.27327594,0.82033944
2014-09-17,Louis_DER_AU050_eobs_3264__2014__southbound_01,Louis / DER AU050 (eobs 3264),2014,1,7.9057946,1,0.93842316,0.7416098867543043,1,50.685623,36.51687
2014-10-26,Louis_DER_AU050_eobs_3264__2014__southbound_01,Louis / DER AU050 (eobs 3264),2014,1,7.9057946,0,0.17000765,0.7416098867543043,0,0.062101204,1.7618638
2014-10-03,Bubbel_plus_DER_AN873_eobs_3666__2014__southbound_01,Bubbel + / DER AN873 (eobs 3666),2014,1,11.614469,0,0.16107433,0.7416098867543043,0,3.5098836,0.9855575
2016-09-05,Mirabell_plus_DER_AN910_eobs_3907__2016__southbound_01,Mirabell + / DER AN910 (eobs 3907),2016,1,13.317976,1,0.49377394,0.7416098867543043,0,12.812423,3.3341558
2018-08-18,Louis_DER_AU050_eobs_3264__2018__southbound_01,Louis / DER AU050 (eobs 3264),2018,1,6.4034295,0,0.0635416,0.7416098867543043,0,1.3310248,0.61758566
2015-09-21,Sierit_DER_AN858_eobs2561__2015__southbound_01,Sierit  / DER AN858 (eobs2561),2015,1,6.2869434,0,0.37423983,0.7416098867543043,0,0.94954574,1.9434049
2016-10-13,Louis_DER_AU050_eobs_3264__2016__southbound_01,Louis / DER AU050 (eobs 3264),2016,1,7.6238537,0,0.16061464,0.7416098867543043,0,0.7582876,0.9258637
2016-10-11,Sara_plus_DER_AU017_eobs_3941__2016__southbound_01,Sara + / DER AU017 (eobs 3941),2016,1,7.6681967,0,0.6196065,0.7416098867543043,0,0.02659536,3.9703414
2014-09-29,Julia_plus_DER_AU002_eobs_3924__2014__southbound_01,Julia + / DER AU002 (eobs 3924),2014,1,11.400579,1,0.8865308,0.7416098867543043,1,15.2913065,19.25256
2013-09-16,Karamell_plus_DER_AL582_eobs3031__2013__southbound_01,Karamell + / DER AL582 (eobs3031),2013,1,13.501802,0,0.62562233,0.7416098867543043,0,0.03848247,4.660596
2015-09-10,Redrunner_plus_DER_AU057_eobs_3339__2015__southbound_01,Redrunner + / DER AU057 (eobs 3339),2015,1,10.721669,1,0.86810887,0.7416098867543043,1,68.39184,15.373065
2016-08-06,Louis_DER_AU050_eobs_3264__2016__southbound_01,Louis / DER AU050 (eobs 3264),2016,1,7.6238537,1,0.41447395,0.7416098867543043,0,24.51738,1.8138027
2023-11-11,Europa_DER_A1A26_eobs_4004__2023__southbound_01,Europa / DER A1A26 (eobs 4004),2023,1,7.022881,1,0.312306,0.7416098867543043,0,16.226252,2.1136873
2019-08-18,Angela_DER_AY470_eobs_4001__2019__southbound_01,Angela / DER AY470 (eobs 4001),2019,1,9.285906,0,0.10445452,0.7416098867543043,0,0.8314133,0.61825466
2014-08-17,Bubbel_plus_DER_AN873_eobs_3666__2014__southbound_01,Bubbel + / DER AN873 (eobs 3666),2014,1,11.614469,1,0.05585136,0.7416098867543043,0,30.55307,0.557099
2022-11-18,Europa_DER_A1A26_eobs_4004__2022__southbound_01,Europa / DER A1A26 (eobs 4004),2022,1,7.337657,0,0.07746973,0.7416098867543043,0,0.98193085,1.2549652
2017-11-15,Redrunner_plus_DER_AU057_eobs_3339__2017__southbound_01,Redrunner + / DER AU057 (eobs 3339),2017,1,15.197294,0,0.13615817,0.7416098867543043,0,0.33203477,1.3335167
2014-09-08,Conchito_plus_DER_AU005_eobs_3927__2014__southbound_01,Conchito + / DER AU005 (eobs 3927),2014,1,11.598715,0,0.16538721,0.7416098867543043,0,2.4518535,0.8671079
2021-10-12,Ed_plus_AAL16_e-obs_7210__2021__southbound_01,"Ed + (AAL16, e-obs 7210)",2021,1,10.53983,1,0.8768801,0.7416098867543043,1,77.21475,17.016762
2021-10-25,Europa_DER_A1A26_eobs_4004__2021__southbound_01,Europa / DER A1A26 (eobs 4004),2021,1,7.046981,0,0.20672017,0.7416098867543043,0,0.07311086,1.5903528
2016-08-14,Zozu_plus_DER_AL581_eobs2541__2016__southbound_01,Zozu + / DER AL581 (eobs2541),2016,1,6.2488127,0,0.044896215,0.7416098867543043,0,1.9191068,0.5850462
2014-09-29,Pjotre_plus_DER_AU003_eobs_3925__2014__southbound_01,Pjotre + / DER AU003 (eobs 3925),2014,1,13.317191,0,0.88897234,0.7416098867543043,1,0.4483425,18.64467
2018-08-21,Zozu_plus_DER_AL581_eobs2541__2018__southbound_01,Zozu + / DER AL581 (eobs2541),2018,1,7.799646,0,0.16079427,0.7416098867543043,0,3.44971,0.8319113
2018-09-26,Sierit_DER_AN858_eobs2561__2018__southbound_01,Sierit  / DER AN858 (eobs2561),2018,1,6.2883363,0,0.2864261,0.7416098867543043,0,2.1801572,1.1281546
2021-10-07,Sierit_DER_AN858_eobs2561__2021__southbound_01,Sierit  / DER AN858 (eobs2561),2021,1,6.2726984,0,0.39216614,0.7416098867543043,0,0.039354965,2.815839
2015-09-25,Mirabell_plus_DER_AN910_eobs_3907__2015__southbound_01,Mirabell + / DER AN910 (eobs 3907),2015,1,7.461956,0,0.18464218,0.7416098867543043,0,3.7083652,1.2511848
2016-08-19,Zozu_plus_DER_AL581_eobs2541__2016__southbound_01,Zozu + / DER AL581 (eobs2541),2016,1,6.2488127,0,0.06316379,0.7416098867543043,0,0.47365922,0.61211723
2018-07-24,Sierit_DER_AN858_eobs2561__2018__southbound_01,Sierit  / DER AN858 (eobs2561),2018,1,6.2883363,0,0.012029206,0.7416098867543043,0,0.13594817,0.6795018
2015-08-31,Redrunner_plus_DER_AU057_eobs_3339__2015__southbound_01,Redrunner + / DER AU057 (eobs 3339),2015,1,10.721669,0,0.5924364,0.7416098867543043,0,0.23562701,2.8176162
2014-08-30,Balou_plus_DER_AN916_eobs_3913__2014__southbound_01,Balou + / DER AN916 (eobs 3913),2014,1,7.6156344,0,0.13092455,0.7416098867543043,0,0.11550126,0.60203004
2014-09-22,Mirabell_plus_DER_AN910_eobs_3907__2014__southbound_01,Mirabell + / DER AN910 (eobs 3907),2014,1,6.223172,0,0.20475906,0.7416098867543043,0,0.03774478,0.8319637
2014-10-05,Fifi_plus_DER_AN909_eobs_3906__2014__southbound_01,Fifi + / DER AN909 (eobs 3906),2014,1,13.906638,0,0.20789215,0.7416098867543043,0,0.12703995,1.2452005
2013-08-30,Zozu_plus_DER_AL581_eobs2541__2013__southbound_01,Zozu + / DER AL581 (eobs2541),2013,1,13.480279,0,0.2749267,0.7416098867543043,0,0.011616033,1.311656
2016-09-17,Sara_plus_DER_AU017_eobs_3941__2016__southbound_01,Sara + / DER AU017 (eobs 3941),2016,1,7.6681967,0,0.7302089,0.7416098867543043,0,9.896941,5.451505
2019-12-18,Zozu_plus_DER_AL581_eobs2541__2019__southbound_01,Zozu + / DER AL581 (eobs2541),2019,1,6.2176614,0,0.12510015,0.7416098867543043,0,0.036349416,1.222228
2014-09-30,Ronja_plus_DER_AU004_eobs_3926__2014__southbound_01,Ronja + / DER AU004 (eobs 3926),2014,1,11.651782,0,0.1421155,0.7416098867543043,0,1.038191,0.9348103
2018-09-29,Zozu_plus_DER_AL581_eobs2541__2018__southbound_01,Zozu + / DER AL581 (eobs2541),2018,1,7.799646,0,0.20022869,0.7416098867543043,0,0.0692252,0.9178931
2018-10-19,Zozu_plus_DER_AL581_eobs2541__2018__southbound_01,Zozu + / DER AL581 (eobs2541),2018,1,7.799646,0,0.40341938,0.7416098867543043,0,2.4621906,3.3914478
2021-10-13,Europa_DER_A1A26_eobs_4004__2021__southbound_01,Europa / DER A1A26 (eobs 4004),2021,1,7.046981,0,0.16651122,0.7416098867543043,0,0.18733026,1.2821841
2016-11-11,Zozu_plus_DER_AL581_eobs2541__2016__southbound_01,Zozu + / DER AL581 (eobs2541),2016,1,6.2488127,0,0.25293395,0.7416098867543043,0,4.4750457,1.9370896
2013-12-26,Eamy_plus_DER_AL585_eobs3063__2013__southbound_01,Eamy + / DER AL585 (eobs3063),2013,1,13.502175,0,0.0762776,0.7416098867543043,0,0.34143123,0.88129956
2018-09-05,Angela_DER_AY470_eobs_4001__2018__southbound_01,Angela / DER AY470 (eobs 4001),2018,1,12.0012455,1,0.8451128,0.7416098867543043,1,44.420727,16.395552
2015-08-14,Emil_plus_DER_AV348_eobs_4001__2015__southbound_01,Emil + / DER AV348 (eobs 4001),2015,1,6.1622424,1,0.7503512,0.7416098867543043,1,16.918139,7.2406945
2015-08-05,Tammy_plus_DER_AN918_eobs_3917__2015__southbound_01,Tammy + / DER AN918 (eobs 3917),2015,1,5.2949753,1,0.7718557,0.7416098867543043,1,16.315435,8.308864
2014-08-07,Lucky_plus_DER_AU061_eobs_3087__2014__southbound_01,Lucky + / DER AU061 (eobs 3087),2014,1,5.322437,0,0.060849085,0.7416098867543043,0,0.00041691965,0.59839916
2017-10-04,Zozu_plus_DER_AL581_eobs2541__2017__southbound_01,Zozu + / DER AL581 (eobs2541),2017,1,6.2489033,0,0.18156932,0.7416098867543043,0,0.37538618,0.9579188
2017-07-30,Louis_DER_AU050_eobs_3264__2017__southbound_01,Louis / DER AU050 (eobs 3264),2017,1,6.3365383,0,0.020534078,0.7416098867543043,0,0.061085925,0.69627637
2014-10-30,Bubbel_plus_DER_AN873_eobs_3666__2014__southbound_01,Bubbel + / DER AN873 (eobs 3666),2014,1,11.614469,0,0.11287581,0.7416098867543043,0,0.124648996,1.407002
2014-09-05,Balou_plus_DER_AN916_eobs_3913__2014__southbound_01,Balou + / DER AN916 (eobs 3913),2014,1,7.6156344,1,0.24890995,0.7416098867543043,0,10.908773,0.89672184
2016-09-21,Niclas_DER_AU053_eobs_3341__2016__southbound_01,Niclas / DER AU053 (eobs 3341),2016,1,5.7741003,0,0.209628,0.7416098867543043,0,0.08552941,1.088233
2019-09-15,Angela_DER_AY470_eobs_4001__2019__southbound_01,Angela / DER AY470 (eobs 4001),2019,1,9.285906,0,0.31737503,0.7416098867543043,0,0.5415953,1.6070002
2013-11-01,Karamell_plus_DER_AL582_eobs3031__2013__southbound_01,Karamell + / DER AL582 (eobs3031),2013,1,13.501802,0,0.4112486,0.7416098867543043,0,0.06454957,2.688032
2015-09-02,Redrunner_plus_DER_AU057_eobs_3339__2015__southbound_01,Redrunner + / DER AU057 (eobs 3339),2015,1,10.721669,0,0.10110436,0.7416098867543043,0,0.03361476,0.7421644
2018-09-26,Muffine_DER_AN922_eobs_3921__2018__southbound_01,Muffine / DER AN922 (eobs 3921),2018,1,6.287022,0,0.34525687,0.7416098867543043,0,0.76820713,1.5687747
2014-10-15,Louis_DER_AU050_eobs_3264__2014__southbound_01,Louis / DER AU050 (eobs 3264),2014,1,7.9057946,0,0.17788221,0.7416098867543043,0,0.04207473,1.2646079
2014-08-07,Niclas_DER_AU053_eobs_3341__2014__southbound_01,Niclas / DER AU053 (eobs 3341),2014,1,13.2831955,0,0.0708109,0.7416098867543043,0,4.0828094,0.6360736
2014-09-03,Lewis_plus_DER_AU015_eobs_3939__2014__southbound_01,Lewis + / DER AU015 (eobs 3939),2014,1,16.46963,0,0.13198158,0.7416098867543043,0,0.21718624,0.59918296
2013-10-05,Zozu_plus_DER_AL581_eobs2541__2013__southbound_01,Zozu + / DER AL581 (eobs2541),2013,1,13.480279,0,0.13441645,0.7416098867543043,0,0.102053285,0.87892896
2020-09-11,Mirabell_plus_DER_AN910_eobs_3907__2020__southbound_01,Mirabell + / DER AN910 (eobs 3907),2020,1,9.278834,1,0.91097564,0.7416098867543043,1,37.687653,19.322754
2015-09-30,Tammy_plus_DER_AN918_eobs_3917__2015__southbound_01,Tammy + / DER AN918 (eobs 3917),2015,1,5.2949753,1,0.41377786,0.7416098867543043,0,13.297255,2.4959383
2014-09-02,Louis_DER_AU050_eobs_3264__2014__southbound_01,Louis / DER AU050 (eobs 3264),2014,1,7.9057946,0,0.3654893,0.7416098867543043,0,0.037327837,2.075872
2018-09-25,Charlie_plus_DER_A4M63_eobs_6588__2018__southbound_01,Charlie + / DER A4M63 (eobs 6588),2018,1,10.37882,0,0.13746549,0.7416098867543043,0,0.094069235,0.9386939
2014-10-26,Tammy_plus_DER_AN918_eobs_3917__2014__southbound_01,Tammy + / DER AN918 (eobs 3917),2014,1,10.795916,0,0.27314454,0.7416098867543043,0,2.2535684,2.0837703
2015-09-20,Tammy_plus_DER_AN918_eobs_3917__2015__southbound_01,Tammy + / DER AN918 (eobs 3917),2015,1,5.2949753,0,0.40647957,0.7416098867543043,0,6.2798343,2.834356
2017-09-14,Louis_DER_AU050_eobs_3264__2017__southbound_01,Louis / DER AU050 (eobs 3264),2017,1,6.3365383,0,0.48205027,0.7416098867543043,0,0.5397453,1.2019565
2016-10-14,Zozu_plus_DER_AL581_eobs2541__2016__southbound_01,Zozu + / DER AL581 (eobs2541),2016,1,6.2488127,0,0.50825703,0.7416098867543043,0,1.0125301,3.5815997
2014-09-21,Muffine_DER_AN922_eobs_3921__2014__southbound_01,Muffine / DER AN922 (eobs 3921),2014,1,10.742697,0,0.20371728,0.7416098867543043,0,0.0053890543,0.8364747
2015-07-22,Tammy_plus_DER_AN918_eobs_3917__2015__southbound_01,Tammy + / DER AN918 (eobs 3917),2015,1,5.2949753,0,0.45902416,0.7416098867543043,0,2.2400913,2.569055
2019-10-02,Europa_DER_A1A26_eobs_4004__2019__southbound_01,Europa / DER A1A26 (eobs 4004),2019,1,7.004766,0,0.37658593,0.7416098867543043,0,1.2930955,2.592519
2019-08-30,Mirabell_plus_DER_AN910_eobs_3907__2019__southbound_01,Mirabell + / DER AN910 (eobs 3907),2019,1,13.553637,1,0.13531141,0.7416098867543043,0,54.672874,0.7033659
2016-10-13,Zozu_plus_DER_AL581_eobs2541__2016__southbound_01,Zozu + / DER AL581 (eobs2541),2016,1,6.2488127,0,0.36056605,0.7416098867543043,0,1.8244922,2.0869503
2018-11-12,Sara_plus_DER_AU017_eobs_3941__2018__southbound_01,Sara + / DER AU017 (eobs 3941),2018,1,8.361839,0,0.22047468,0.7416098867543043,0,4.043348,1.5345516
2014-10-20,Tammy_plus_DER_AN918_eobs_3917__2014__southbound_01,Tammy + / DER AN918 (eobs 3917),2014,1,10.795916,0,0.746598,0.7416098867543043,1,3.3935578,7.6060205
2018-08-24,Sierit_DER_AN858_eobs2561__2018__southbound_01,Sierit  / DER AN858 (eobs2561),2018,1,6.2883363,0,0.07038571,0.7416098867543043,0,0.32811096,0.59000266
2014-07-05,Yolo_plus_DER_AN861_eobs2666__2014__southbound_01,Yolo + / DER AN861 (eobs2666),2014,1,11.697392,0,0.31658474,0.7416098867543043,0,0.17244507,1.8979272
2014-09-27,Kiki_plus_DER_AN872_eobs_3648__2014__southbound_01,Kiki + / DER AN872 (eobs 3648),2014,1,16.123993,0,0.11139336,0.7416098867543043,0,0.06158446,0.88653874
2015-08-17,Mirabell_plus_DER_AN910_eobs_3907__2015__southbound_01,Mirabell + / DER AN910 (eobs 3907),2015,1,7.461956,0,0.44153133,0.7416098867543043,0,4.3400445,2.9491928
2016-09-18,Angela_DER_AY470_eobs_4001__2016__southbound_01,Angela / DER AY470 (eobs 4001),2016,1,12.185438,0,0.33456925,0.7416098867543043,0,1.8493345,1.3964143
2014-09-07,Hans_plus_DER_AN923_eobs_3922__2014__southbound_01,Hans + / DER AN923 (eobs 3922),2014,1,6.6356635,0,0.1587373,0.7416098867543043,0,0.037922174,0.63389647
2014-08-11,Bubbel_plus_DER_AN873_eobs_3666__2014__southbound_01,Bubbel + / DER AN873 (eobs 3666),2014,1,11.614469,0,0.03039133,0.7416098867543043,0,0.23458181,0.572207
2018-06-28,Sierit_DER_AN858_eobs2561__2018__southbound_01,Sierit  / DER AN858 (eobs2561),2018,1,6.2883363,0,0.018123385,0.7416098867543043,0,0.08264336,0.73514724
2018-08-21,Louis_DER_AU050_eobs_3264__2018__southbound_01,Louis / DER AU050 (eobs 3264),2018,1,6.4034295,0,0.0836143,0.7416098867543043,0,0.45386583,0.680112
2015-10-02,Sierit_DER_AN858_eobs2561__2015__southbound_01,Sierit  / DER AN858 (eobs2561),2015,1,6.2869434,0,0.68047655,0.7416098867543043,0,5.41142,6.1335783
2020-08-30,Europa_DER_A1A26_eobs_4004__2020__southbound_01,Europa / DER A1A26 (eobs 4004),2020,1,9.390811,1,0.79728,0.7416098867543043,1,120.05723,9.820108
2023-09-23,Angela_DER_AY470_eobs_4001__2023__southbound_01,Angela / DER AY470 (eobs 4001),2023,1,11.613243,0,0.6852477,0.7416098867543043,0,2.9891481,5.534782
2017-09-08,Mirabell_plus_DER_AN910_eobs_3907__2017__southbound_01,Mirabell + / DER AN910 (eobs 3907),2017,1,13.340494,1,0.9564536,0.7416098867543043,1,72.90951,38.19049
2014-10-22,Mirabell_plus_DER_AN910_eobs_3907__2014__southbound_01,Mirabell + / DER AN910 (eobs 3907),2014,1,6.223172,0,0.22187354,0.7416098867543043,0,0.103118695,1.3095119
2018-09-28,Sara_plus_DER_AU017_eobs_3941__2018__southbound_01,Sara + / DER AU017 (eobs 3941),2018,1,8.361839,0,0.51340634,0.7416098867543043,0,0.45729205,2.7584937
2016-10-01,Zozu_plus_DER_AL581_eobs2541__2016__southbound_01,Zozu + / DER AL581 (eobs2541),2016,1,6.2488127,0,0.24277763,0.7416098867543043,0,9.071615,1.2625825
2014-10-30,Conchito_plus_DER_AU005_eobs_3927__2014__southbound_01,Conchito + / DER AU005 (eobs 3927),2014,1,11.598715,0,0.41700318,0.7416098867543043,0,1.3341247,3.6830986
2019-11-01,Europa_DER_A1A26_eobs_4004__2019__southbound_01,Europa / DER A1A26 (eobs 4004),2019,1,7.004766,0,0.24681221,0.7416098867543043,0,5.0808387,1.8608184
2018-08-02,Mirabell_plus_DER_AN910_eobs_3907__2018__southbound_01,Mirabell + / DER AN910 (eobs 3907),2018,1,13.555351,0,0.018999057,0.7416098867543043,0,0.1307453,0.60969347
2018-09-03,Sara_plus_DER_AU017_eobs_3941__2018__southbound_01,Sara + / DER AU017 (eobs 3941),2018,1,8.361839,1,0.6541072,0.7416098867543043,0,10.695405,5.5232506
2021-11-07,Louis_DER_AU050_eobs_3264__2021__southbound_01,Louis / DER AU050 (eobs 3264),2021,1,6.275173,0,0.058222257,0.7416098867543043,0,0.6724081,0.7524913
2015-09-25,Redrunner_plus_DER_AU057_eobs_3339__2015__southbound_01,Redrunner + / DER AU057 (eobs 3339),2015,1,10.721669,1,0.20909177,0.7416098867543043,0,16.688225,1.1894107
2018-07-22,Sierit_DER_AN858_eobs2561__2018__southbound_01,Sierit  / DER AN858 (eobs2561),2018,1,6.2883363,0,0.011483526,0.7416098867543043,0,0.2979304,0.69334066
2019-10-29,Angela_DER_AY470_eobs_4001__2019__southbound_01,Angela / DER AY470 (eobs 4001),2019,1,9.285906,0,0.2006072,0.7416098867543043,0,0.5328847,1.5270002
2015-09-09,Louis_DER_AU050_eobs_3264__2015__southbound_01,Louis / DER AU050 (eobs 3264),2015,1,5.300923,0,0.17187373,0.7416098867543043,0,0.17955267,0.7593294
2023-08-26,Angela_DER_AY470_eobs_4001__2023__southbound_01,Angela / DER AY470 (eobs 4001),2023,1,11.613243,1,0.348393,0.7416098867543043,0,45.0006,1.2585979
2017-07-14,Louis_DER_AU050_eobs_3264__2017__southbound_01,Louis / DER AU050 (eobs 3264),2017,1,6.3365383,0,0.098790035,0.7416098867543043,0,1.3595763,1.052616
2015-07-08,Mirabell_plus_DER_AN910_eobs_3907__2015__southbound_01,Mirabell + / DER AN910 (eobs 3907),2015,1,7.461956,0,0.25217196,0.7416098867543043,0,0.5681034,1.6258833
2013-10-03,Zozu_plus_DER_AL581_eobs2541__2013__southbound_01,Zozu + / DER AL581 (eobs2541),2013,1,13.480279,0,0.100623004,0.7416098867543043,0,4.9444647,0.9146428
2016-08-27,Louis_DER_AU050_eobs_3264__2016__southbound_01,Louis / DER AU050 (eobs 3264),2016,1,7.6238537,0,0.60490185,0.7416098867543043,0,0.7018079,2.4079504
2022-09-08,Europa_DER_A1A26_eobs_4004__2022__southbound_01,Europa / DER A1A26 (eobs 4004),2022,1,7.337657,0,0.14647146,0.7416098867543043,0,0.06668948,0.78195614
2018-10-07,Louis_DER_AU050_eobs_3264__2018__southbound_01,Louis / DER AU050 (eobs 3264),2018,1,6.4034295,0,0.17400938,0.7416098867543043,0,0.13881221,1.243894
2020-09-27,Europa_DER_A1A26_eobs_4004__2020__southbound_01,Europa / DER A1A26 (eobs 4004),2020,1,9.390811,1,0.7715514,0.7416098867543043,1,15.785931,8.892969
2018-10-08,Louis_DER_AU050_eobs_3264__2018__southbound_01,Louis / DER AU050 (eobs 3264),2018,1,6.4034295,0,0.16546854,0.7416098867543043,0,0.6408155,1.1683722
2013-08-31,Zozu_plus_DER_AL581_eobs2541__2013__southbound_01,Zozu + / DER AL581 (eobs2541),2013,1,13.480279,0,0.40797988,0.7416098867543043,0,0.10987873,1.8035703
2014-10-25,Bubbel_plus_DER_AN873_eobs_3666__2014__southbound_01,Bubbel + / DER AN873 (eobs 3666),2014,1,11.614469,0,0.2706664,0.7416098867543043,0,0.057820193,2.2842216
2021-09-26,Sierit_DER_AN858_eobs2561__2021__southbound_01,Sierit  / DER AN858 (eobs2561),2021,1,6.2726984,0,0.13799037,0.7416098867543043,0,0.092216715,0.94258064
2018-10-04,Sara_plus_DER_AU017_eobs_3941__2018__southbound_01,Sara + / DER AU017 (eobs 3941),2018,1,8.361839,0,0.22992224,0.7416098867543043,0,0.20779316,1.1730514
2018-09-12,Charlie_plus_DER_A4M63_eobs_6588__2018__southbound_01,Charlie + / DER A4M63 (eobs 6588),2018,1,10.37882,0,0.08781743,0.7416098867543043,0,0.019245105,0.65109587
2015-11-02,Niclas_DER_AU053_eobs_3341__2015__southbound_01,Niclas / DER AU053 (eobs 3341),2015,1,5.8521757,0,0.18368094,0.7416098867543043,0,1.5733371,1.3297709
2023-09-03,Angela_DER_AY470_eobs_4001__2023__southbound_01,Angela / DER AY470 (eobs 4001),2023,1,11.613243,1,0.29539374,0.7416098867543043,0,29.874352,1.1080059
2015-09-06,Sara_plus_DER_AU017_eobs_3941__2015__southbound_01,Sara + / DER AU017 (eobs 3941),2015,1,8.472937,0,0.27451268,0.7416098867543043,0,0.015251775,1.4485469
2015-08-24,Mirabell_plus_DER_AN910_eobs_3907__2015__southbound_01,Mirabell + / DER AN910 (eobs 3907),2015,1,7.461956,1,0.7429624,0.7416098867543043,1,34.357822,8.120647
2014-11-11,Conchito_plus_DER_AU005_eobs_3927__2014__southbound_01,Conchito + / DER AU005 (eobs 3927),2014,1,11.598715,0,0.05930289,0.7416098867543043,0,0.7006826,0.9658301
2019-11-18,Zozu_plus_DER_AL581_eobs2541__2019__southbound_01,Zozu + / DER AL581 (eobs2541),2019,1,6.2176614,0,0.074311085,0.7416098867543043,0,5.844592,1.0065736
2015-07-10,Mirabell_plus_DER_AN910_eobs_3907__2015__southbound_01,Mirabell + / DER AN910 (eobs 3907),2015,1,7.461956,0,0.3185107,0.7416098867543043,0,0.0019032775,1.9119449
2014-10-06,Ronja_plus_DER_AU004_eobs_3926__2014__southbound_01,Ronja + / DER AU004 (eobs 3926),2014,1,11.651782,0,0.34311765,0.7416098867543043,0,3.364665,2.057921
2016-10-19,Louis_DER_AU050_eobs_3264__2016__southbound_01,Louis / DER AU050 (eobs 3264),2016,1,7.6238537,0,0.09112132,0.7416098867543043,0,0.5989502,0.65457773
2016-12-03,Niclas_DER_AU053_eobs_3341__2016__southbound_01,Niclas / DER AU053 (eobs 3341),2016,1,5.7741003,0,0.43277234,0.7416098867543043,0,6.3266697,2.9182603
2015-10-31,Tammy_plus_DER_AN918_eobs_3917__2015__southbound_01,Tammy + / DER AN918 (eobs 3917),2015,1,5.2949753,0,0.22872405,0.7416098867543043,0,1.3123126,1.7024287
2020-08-21,Sierit_DER_AN858_eobs2561__2020__southbound_01,Sierit  / DER AN858 (eobs2561),2020,1,6.2724504,0,0.07903314,0.7416098867543043,0,0.21562144,0.6034007
2023-08-19,Angela_DER_AY470_eobs_4001__2023__southbound_01,Angela / DER AY470 (eobs 4001),2023,1,11.613243,1,0.9796727,0.7416098867543043,1,19.615278,86.440094
2014-10-01,Kiki_plus_DER_AN872_eobs_3648__2014__southbound_01,Kiki + / DER AN872 (eobs 3648),2014,1,16.123993,1,0.89814675,0.7416098867543043,1,30.60408,21.212587
2018-08-22,Mirabell_plus_DER_AN910_eobs_3907__2018__southbound_01,Mirabell + / DER AN910 (eobs 3907),2018,1,13.555351,0,0.06900911,0.7416098867543043,0,0.09039514,0.59628034
2014-08-26,Ronja_plus_DER_AU004_eobs_3926__2014__southbound_01,Ronja + / DER AU004 (eobs 3926),2014,1,11.651782,1,0.83171225,0.7416098867543043,1,38.15549,7.8032866
2015-10-02,Louis_DER_AU050_eobs_3264__2015__southbound_01,Louis / DER AU050 (eobs 3264),2015,1,5.300923,0,0.93976194,0.7416098867543043,1,0.9984915,33.177467
2021-09-19,Sierit_DER_AN858_eobs2561__2021__southbound_01,Sierit  / DER AN858 (eobs2561),2021,1,6.2726984,1,0.9699516,0.7416098867543043,1,66.45785,59.370876
2014-09-22,Conchito_plus_DER_AU005_eobs_3927__2014__southbound_01,Conchito + / DER AU005 (eobs 3927),2014,1,11.598715,0,0.14483573,0.7416098867543043,0,0.86926764,0.8693019
2018-12-11,Sara_plus_DER_AU017_eobs_3941__2018__southbound_01,Sara + / DER AU017 (eobs 3941),2018,1,8.361839,0,0.12519836,0.7416098867543043,0,0.67606,1.1535654
2014-09-21,Ronja_plus_DER_AU004_eobs_3926__2014__southbound_01,Ronja + / DER AU004 (eobs 3926),2014,1,11.651782,0,0.15796243,0.7416098867543043,0,0.47289047,1.0014664
2018-10-23,Angela_DER_AY470_eobs_4001__2018__southbound_01,Angela / DER AY470 (eobs 4001),2018,1,12.0012455,0,0.57253486,0.7416098867543043,0,0.755505,4.7481174
2018-10-10,Angela_DER_AY470_eobs_4001__2018__southbound_01,Angela / DER AY470 (eobs 4001),2018,1,12.0012455,0,0.22128841,0.7416098867543043,0,0.5600571,1.3605245
2013-08-23,Yolo_plus_DER_AN861_eobs2666__2013__southbound_01,Yolo + / DER AN861 (eobs2666),2013,1,16.535265,1,0.1260253,0.7416098867543043,0,36.33211,0.72310024
2017-08-30,Louis_DER_AU050_eobs_3264__2017__southbound_01,Louis / DER AU050 (eobs 3264),2017,1,6.3365383,0,0.18221864,0.7416098867543043,0,3.269826,0.6017879
2020-08-20,Mirabell_plus_DER_AN910_eobs_3907__2020__southbound_01,Mirabell + / DER AN910 (eobs 3907),2020,1,9.278834,0,0.07410204,0.7416098867543043,0,0.03310304,0.6446543
2013-10-23,Eamy_plus_DER_AL585_eobs3063__2013__southbound_01,Eamy + / DER AL585 (eobs3063),2013,1,13.502175,0,0.11400905,0.7416098867543043,0,4.874475,1.3283842
2015-08-20,Tammy_plus_DER_AN918_eobs_3917__2015__southbound_01,Tammy + / DER AN918 (eobs 3917),2015,1,5.2949753,0,0.5792334,0.7416098867543043,0,1.5464692,4.725193
2017-10-12,Redrunner_plus_DER_AU057_eobs_3339__2017__southbound_01,Redrunner + / DER AU057 (eobs 3339),2017,1,15.197294,0,0.36879116,0.7416098867543043,0,1.8245714,2.4751928
2014-09-28,Wibi_2_plus_DER_AU044_eobs_3943__2014__southbound_01,Wibi 2 + / DER AU044 (eobs 3943),2014,1,5.604145,0,0.307164,0.7416098867543043,0,0.052696258,1.5162064
2016-10-01,Niclas_DER_AU053_eobs_3341__2016__southbound_01,Niclas / DER AU053 (eobs 3341),2016,1,5.7741003,0,0.6895461,0.7416098867543043,0,9.091937,6.1308928
2016-08-13,Zozu_plus_DER_AL581_eobs2541__2016__southbound_01,Zozu + / DER AL581 (eobs2541),2016,1,6.2488127,0,0.0366248,0.7416098867543043,0,2.1463983,0.5636701
2015-10-28,Sara_plus_DER_AU017_eobs_3941__2015__southbound_01,Sara + / DER AU017 (eobs 3941),2015,1,8.472937,0,0.16563801,0.7416098867543043,0,0.40371442,1.3376168
2014-09-28,Julia_plus_DER_AU002_eobs_3924__2014__southbound_01,Julia + / DER AU002 (eobs 3924),2014,1,11.400579,1,0.21777935,0.7416098867543043,0,48.234108,1.0419257
2015-09-03,Redrunner_plus_DER_AU057_eobs_3339__2015__southbound_01,Redrunner + / DER AU057 (eobs 3339),2015,1,10.721669,0,0.121053606,0.7416098867543043,0,0.016714215,0.91187495
2019-10-22,Angela_DER_AY470_eobs_4001__2019__southbound_01,Angela / DER AY470 (eobs 4001),2019,1,9.285906,1,0.6777994,0.7416098867543043,0,110.40884,6.3775525
2015-09-01,Redrunner_plus_DER_AU057_eobs_3339__2015__southbound_01,Redrunner + / DER AU057 (eobs 3339),2015,1,10.721669,0,0.15957275,0.7416098867543043,0,0.05675525,0.8166839
2020-10-08,Zozu_plus_DER_AL581_eobs2541__2020__southbound_01,Zozu + / DER AL581 (eobs2541),2020,1,6.2783275,0,0.4967727,0.7416098867543043,0,0.0151279215,2.4381187
2023-08-30,Louis_DER_AU050_eobs_3264__2023__southbound_01,Louis / DER AU050 (eobs 3264),2023,1,6.346841,0,0.20752168,0.7416098867543043,0,0.65132797,0.8883713
2019-07-24,Mirabell_plus_DER_AN910_eobs_3907__2019__southbound_01,Mirabell + / DER AN910 (eobs 3907),2019,1,13.553637,0,0.012184814,0.7416098867543043,0,0.2217857,0.6710006
2014-09-20,Sara_plus_DER_AU017_eobs_3941__2014__southbound_01,Sara + / DER AU017 (eobs 3941),2014,1,17.126158,0,0.16455643,0.7416098867543043,0,2.637896,0.8704715
2018-07-18,Mirabell_plus_DER_AN910_eobs_3907__2018__southbound_01,Mirabell + / DER AN910 (eobs 3907),2018,1,13.555351,0,0.012697457,0.7416098867543043,0,0.047743917,0.67779374
2023-11-07,Europa_DER_A1A26_eobs_4004__2023__southbound_01,Europa / DER A1A26 (eobs 4004),2023,1,7.022881,0,0.20729761,0.7416098867543043,0,0.003922406,1.5822446
2018-09-26,Sara_plus_DER_AU017_eobs_3941__2018__southbound_01,Sara + / DER AU017 (eobs 3941),2018,1,8.361839,0,0.6564641,0.7416098867543043,0,4.1579814,4.450185
2014-11-06,Mirabell_plus_DER_AN910_eobs_3907__2014__southbound_01,Mirabell + / DER AN910 (eobs 3907),2014,1,6.223172,0,0.2935412,0.7416098867543043,0,0.0423267,1.6870286
2020-07-29,Zozu_plus_DER_AL581_eobs2541__2020__southbound_01,Zozu + / DER AL581 (eobs2541),2020,1,6.2783275,0,0.017227054,0.7416098867543043,0,0.95889604,0.6212727
2015-08-20,Redrunner_plus_DER_AU057_eobs_3339__2015__southbound_01,Redrunner + / DER AU057 (eobs 3339),2015,1,10.721669,0,0.14983061,0.7416098867543043,0,0.9857818,1.0692161
2015-07-15,Redrunner_plus_DER_AU057_eobs_3339__2015__southbound_01,Redrunner + / DER AU057 (eobs 3339),2015,1,10.721669,0,0.44481152,0.7416098867543043,0,0.7649535,2.8176079
2015-10-06,Tammy_plus_DER_AN918_eobs_3917__2015__southbound_01,Tammy + / DER AN918 (eobs 3917),2015,1,5.2949753,0,0.1818782,0.7416098867543043,0,1.2585644,1.3150282
2023-11-03,Europa_DER_A1A26_eobs_4004__2023__southbound_01,Europa / DER A1A26 (eobs 4004),2023,1,7.022881,0,0.18890278,0.7416098867543043,0,0.048162032,1.4178365
2021-10-09,Europa_DER_A1A26_eobs_4004__2021__southbound_01,Europa / DER A1A26 (eobs 4004),2021,1,7.046981,0,0.22936845,0.7416098867543043,0,0.16030826,1.5035629
2015-07-20,Redrunner_plus_DER_AU057_eobs_3339__2015__southbound_01,Redrunner + / DER AU057 (eobs 3339),2015,1,10.721669,0,0.2995472,0.7416098867543043,0,1.8513504,1.8498132
2017-09-19,Louis_DER_AU050_eobs_3264__2017__southbound_01,Louis / DER AU050 (eobs 3264),2017,1,6.3365383,1,0.9829488,0.7416098867543043,1,197.13937,94.74318
2015-08-27,Mirabell_plus_DER_AN910_eobs_3907__2015__southbound_01,Mirabell + / DER AN910 (eobs 3907),2015,1,7.461956,0,0.9583167,0.7416098867543043,1,0.7617541,52.305267
2015-09-19,Fifi_plus_DER_AN909_eobs_3906__2015__southbound_01,Fifi + / DER AN909 (eobs 3906),2015,1,10.702984,0,0.8034782,0.7416098867543043,1,1.1961647,13.531863
2016-08-09,Sara_plus_DER_AU017_eobs_3941__2016__southbound_01,Sara + / DER AU017 (eobs 3941),2016,1,7.6681967,1,0.48830658,0.7416098867543043,0,26.944996,2.407608
2013-10-20,Zozu_plus_DER_AL581_eobs2541__2013__southbound_01,Zozu + / DER AL581 (eobs2541),2013,1,13.480279,1,0.102627926,0.7416098867543043,0,23.200974,1.1477233
2013-11-29,Eamy_plus_DER_AL585_eobs3063__2013__southbound_01,Eamy + / DER AL585 (eobs3063),2013,1,13.502175,0,0.12330267,0.7416098867543043,0,0.3167469,1.1684358
2019-11-03,Zozu_plus_DER_AL581_eobs2541__2019__southbound_01,Zozu + / DER AL581 (eobs2541),2019,1,6.2176614,0,0.08386502,0.7416098867543043,0,0.0031877782,0.8199245
2021-08-17,Ed_plus_AAL16_e-obs_7210__2021__southbound_01,"Ed + (AAL16, e-obs 7210)",2021,1,10.53983,0,0.054425836,0.7416098867543043,0,0.006519362,0.53601635
2020-07-14,Angela_DER_AY470_eobs_4001__2020__southbound_01,Angela / DER AY470 (eobs 4001),2020,1,11.86833,0,0.010309925,0.7416098867543043,0,2.794612,0.7245014
2019-07-08,Mirabell_plus_DER_AN910_eobs_3907__2019__southbound_01,Mirabell + / DER AN910 (eobs 3907),2019,1,13.553637,0,0.012580991,0.7416098867543043,0,0.50328946,0.76101357
2017-07-13,Louis_DER_AU050_eobs_3264__2017__southbound_01,Louis / DER AU050 (eobs 3264),2017,1,6.3365383,0,0.07684409,0.7416098867543043,0,1.1390405,0.9282351
2015-08-26,Louis_DER_AU050_eobs_3264__2015__southbound_01,Louis / DER AU050 (eobs 3264),2015,1,5.300923,0,0.2698532,0.7416098867543043,0,0.19527425,0.93588316
2021-11-20,Europa_DER_A1A26_eobs_4004__2021__southbound_01,Europa / DER A1A26 (eobs 4004),2021,1,7.046981,0,0.17283724,0.7416098867543043,0,0.13263825,1.3794414
2015-10-03,Sierit_DER_AN858_eobs2561__2015__southbound_01,Sierit  / DER AN858 (eobs2561),2015,1,6.2869434,0,0.41038454,0.7416098867543043,0,0.09774339,2.1101997
2016-09-29,Redrunner_plus_DER_AU057_eobs_3339__2016__southbound_01,Redrunner + / DER AU057 (eobs 3339),2016,1,15.7774515,0,0.1121743,0.7416098867543043,0,2.2013583,0.7615008
2014-07-19,Yolo_plus_DER_AN861_eobs2666__2014__southbound_01,Yolo + / DER AN861 (eobs2666),2014,1,11.697392,1,0.33915243,0.7416098867543043,0,31.258001,1.9413327
2016-08-11,Louis_DER_AU050_eobs_3264__2016__southbound_01,Louis / DER AU050 (eobs 3264),2016,1,7.6238537,0,0.3420851,0.7416098867543043,0,1.1796613,1.2644125
2014-11-11,Wibi_2_plus_DER_AU044_eobs_3943__2014__southbound_01,Wibi 2 + / DER AU044 (eobs 3943),2014,1,5.604145,0,0.08775551,0.7416098867543043,0,0.77967346,0.9152953
2020-10-14,Zozu_plus_DER_AL581_eobs2541__2020__southbound_01,Zozu + / DER AL581 (eobs2541),2020,1,6.2783275,0,0.20608222,0.7416098867543043,0,0.036424074,1.2948062
2016-10-16,Louis_DER_AU050_eobs_3264__2016__southbound_01,Louis / DER AU050 (eobs 3264),2016,1,7.6238537,0,0.10198655,0.7416098867543043,0,1.6074436,0.65897274
2014-10-10,Louis_DER_AU050_eobs_3264__2014__southbound_01,Louis / DER AU050 (eobs 3264),2014,1,7.9057946,0,0.3205713,0.7416098867543043,0,0.12523693,1.998976
2021-10-10,Louis_DER_AU050_eobs_3264__2021__southbound_01,Louis / DER AU050 (eobs 3264),2021,1,6.275173,0,0.15420601,0.7416098867543043,0,0.47175318,0.796384
2015-09-01,Tammy_plus_DER_AN918_eobs_3917__2015__southbound_01,Tammy + / DER AN918 (eobs 3917),2015,1,5.2949753,1,0.9407928,0.7416098867543043,1,83.97846,37.983513
2015-08-30,Fifi_plus_DER_AN909_eobs_3906__2015__southbound_01,Fifi + / DER AN909 (eobs 3906),2015,1,10.702984,1,0.88888466,0.7416098867543043,1,80.22437,18.222054
2014-09-07,Niclas_DER_AU053_eobs_3341__2014__southbound_01,Niclas / DER AU053 (eobs 3341),2014,1,13.2831955,1,0.92544395,0.7416098867543043,1,30.304426,30.237406
2018-07-16,Angela_DER_AY470_eobs_4001__2018__southbound_01,Angela / DER AY470 (eobs 4001),2018,1,12.0012455,0,0.33232814,0.7416098867543043,0,2.4020627,1.7162285
2015-07-25,Redrunner_plus_DER_AU057_eobs_3339__2015__southbound_01,Redrunner + / DER AU057 (eobs 3339),2015,1,10.721669,0,0.23777059,0.7416098867543043,0,3.9851167,1.6811821
2016-11-12,Niclas_DER_AU053_eobs_3341__2016__southbound_01,Niclas / DER AU053 (eobs 3341),2016,1,5.7741003,1,0.6546841,0.7416098867543043,0,19.953726,4.7276583
2018-09-15,Sierit_DER_AN858_eobs2561__2018__southbound_01,Sierit  / DER AN858 (eobs2561),2018,1,6.2883363,0,0.279331,0.7416098867543043,0,0.023222802,1.9215369
2014-11-01,Mirabell_plus_DER_AN910_eobs_3907__2014__southbound_01,Mirabell + / DER AN910 (eobs 3907),2014,1,6.223172,0,0.6267989,0.7416098867543043,0,1.7024908,3.8154416
2015-08-03,Sara_plus_DER_AU017_eobs_3941__2015__southbound_01,Sara + / DER AU017 (eobs 3941),2015,1,8.472937,0,0.026220433,0.7416098867543043,0,1.2065496,0.7774141
2015-07-01,Sara_plus_DER_AU017_eobs_3941__2015__southbound_01,Sara + / DER AU017 (eobs 3941),2015,1,8.472937,0,0.18876703,0.7416098867543043,0,0.54869,1.3945278
2020-08-16,Sierit_DER_AN858_eobs2561__2020__southbound_01,Sierit  / DER AN858 (eobs2561),2020,1,6.2724504,0,0.048973054,0.7416098867543043,0,0.13947043,0.5860529
2014-10-27,Tammy_plus_DER_AN918_eobs_3917__2014__southbound_01,Tammy + / DER AN918 (eobs 3917),2014,1,10.795916,0,0.44843778,0.7416098867543043,0,1.7321327,3.3585055
2013-11-23,Sierit_DER_AN858_eobs2561__2013__southbound_01,Sierit  / DER AN858 (eobs2561),2013,1,13.879199,0,0.22072385,0.7416098867543043,0,0.71876335,1.5548611
2014-08-22,Niclas_DER_AU053_eobs_3341__2014__southbound_01,Niclas / DER AU053 (eobs 3341),2014,1,13.2831955,1,0.9844541,0.7416098867543043,1,259.09537,110.03824
2014-08-21,Kiki_plus_DER_AN872_eobs_3648__2014__southbound_01,Kiki + / DER AN872 (eobs 3648),2014,1,16.123993,1,0.97008663,0.7416098867543043,1,171.27048,69.55489
2015-10-15,Mirabell_plus_DER_AN910_eobs_3907__2015__southbound_01,Mirabell + / DER AN910 (eobs 3907),2015,1,7.461956,0,0.14554046,0.7416098867543043,0,1.089505,1.2808164
2019-07-15,Mirabell_plus_DER_AN910_eobs_3907__2019__southbound_01,Mirabell + / DER AN910 (eobs 3907),2019,1,13.553637,0,0.011168053,0.7416098867543043,0,1.1832622,0.6976913
2016-11-24,Niclas_DER_AU053_eobs_3341__2016__southbound_01,Niclas / DER AU053 (eobs 3341),2016,1,5.7741003,0,0.25747445,0.7416098867543043,0,1.1633251,1.7692268
2020-08-13,Mirabell_plus_DER_AN910_eobs_3907__2020__southbound_01,Mirabell + / DER AN910 (eobs 3907),2020,1,9.278834,0,0.057759695,0.7416098867543043,0,0.08143424,0.61972207
2019-09-10,Sara_plus_DER_AU017_eobs_3941__2019__southbound_01,Sara + / DER AU017 (eobs 3941),2019,1,8.3754015,0,0.69880015,0.7416098867543043,0,0.023025205,4.25299
2017-09-22,Europa_DER_A1A26_eobs_4004__2017__southbound_01,Europa / DER A1A26 (eobs 4004),2017,1,17.480358,1,0.91686213,0.7416098867543043,1,39.849136,23.263998
2021-09-28,Ed_plus_AAL16_e-obs_7210__2021__southbound_01,"Ed + (AAL16, e-obs 7210)",2021,1,10.53983,0,0.13552128,0.7416098867543043,0,2.653327,1.0143317
2014-09-09,Fifi_plus_DER_AN909_eobs_3906__2014__southbound_01,Fifi + / DER AN909 (eobs 3906),2014,1,13.906638,0,0.11148114,0.7416098867543043,0,5.0121393,0.72992563
2023-10-05,Europa_DER_A1A26_eobs_4004__2023__southbound_01,Europa / DER A1A26 (eobs 4004),2023,1,7.022881,0,0.17058869,0.7416098867543043,0,0.047213316,1.0143647
2020-08-06,Mirabell_plus_DER_AN910_eobs_3907__2020__southbound_01,Mirabell + / DER AN910 (eobs 3907),2020,1,9.278834,0,0.03559433,0.7416098867543043,0,0.045647427,0.60820776
2018-09-27,Sara_plus_DER_AU017_eobs_3941__2018__southbound_01,Sara + / DER AU017 (eobs 3941),2018,1,8.361839,0,0.49588412,0.7416098867543043,0,4.2079535,2.73246
2020-10-28,Sierit_DER_AN858_eobs2561__2020__southbound_01,Sierit  / DER AN858 (eobs2561),2020,1,6.2724504,0,0.24225773,0.7416098867543043,0,7.972534,2.350338
2014-09-18,Redrunner_plus_DER_AU057_eobs_3339__2014__southbound_01,Redrunner + / DER AU057 (eobs 3339),2014,1,14.419192,0,0.24504311,0.7416098867543043,0,0.043600455,1.0547318
2014-10-24,Tammy_plus_DER_AN918_eobs_3917__2014__southbound_01,Tammy + / DER AN918 (eobs 3917),2014,1,10.795916,0,0.28288564,0.7416098867543043,0,4.958683,1.9707986
2014-10-31,Louis_DER_AU050_eobs_3264__2014__southbound_01,Louis / DER AU050 (eobs 3264),2014,1,7.9057946,0,0.25235334,0.7416098867543043,0,1.3045042,2.1729577
2020-09-21,Sierit_DER_AN858_eobs2561__2020__southbound_01,Sierit  / DER AN858 (eobs2561),2020,1,6.2724504,0,0.302544,0.7416098867543043,0,0.19840288,1.4239504
2019-07-24,Angela_DER_AY470_eobs_4001__2019__southbound_01,Angela / DER AY470 (eobs 4001),2019,1,9.285906,0,0.04997038,0.7416098867543043,0,0.6168146,0.7874861
2018-09-16,Angela_DER_AY470_eobs_4001__2018__southbound_01,Angela / DER AY470 (eobs 4001),2018,1,12.0012455,0,0.17493246,0.7416098867543043,0,0.14572766,0.98585886
2015-08-20,Sara_plus_DER_AU017_eobs_3941__2015__southbound_01,Sara + / DER AU017 (eobs 3941),2015,1,8.472937,0,0.93962896,0.7416098867543043,1,0.016568504,41.74827
2014-08-28,Tobi_plus_DER_AU052_eobs_3340__2014__southbound_01,Tobi + / DER AU052 (eobs 3340),2014,1,13.901598,1,0.9489466,0.7416098867543043,1,289.02924,40.124123
2016-08-24,Sara_plus_DER_AU017_eobs_3941__2016__southbound_01,Sara + / DER AU017 (eobs 3941),2016,1,7.6681967,0,0.3976078,0.7416098867543043,0,0.97057486,1.057618
2018-08-25,Europa_DER_A1A26_eobs_4004__2018__southbound_01,Europa / DER A1A26 (eobs 4004),2018,1,9.897527,1,0.9741488,0.7416098867543043,1,64.413536,82.06713
2015-11-14,Niclas_DER_AU053_eobs_3341__2015__southbound_01,Niclas / DER AU053 (eobs 3341),2015,1,5.8521757,0,0.09229383,0.7416098867543043,0,6.67946,0.974972
2018-08-09,Zozu_plus_DER_AL581_eobs2541__2018__southbound_01,Zozu + / DER AL581 (eobs2541),2018,1,7.799646,0,0.0400393,0.7416098867543043,0,6.6635785,0.62468094
2022-11-20,Europa_DER_A1A26_eobs_4004__2022__southbound_01,Europa / DER A1A26 (eobs 4004),2022,1,7.337657,0,0.056793377,0.7416098867543043,0,2.0505922,1.0273128
2014-10-26,Niclas_DER_AU053_eobs_3341__2014__southbound_01,Niclas / DER AU053 (eobs 3341),2014,1,13.2831955,0,0.39786997,0.7416098867543043,0,0.18338165,2.413847
2020-08-19,Sierit_DER_AN858_eobs2561__2020__southbound_01,Sierit  / DER AN858 (eobs2561),2020,1,6.2724504,0,0.052829113,0.7416098867543043,0,0.01762509,0.5782698
2014-10-14,Tobi_plus_DER_AU052_eobs_3340__2014__southbound_01,Tobi + / DER AU052 (eobs 3340),2014,1,13.901598,0,0.20032646,0.7416098867543043,0,2.87196,1.5695918
2014-09-09,Sara_plus_DER_AU017_eobs_3941__2014__southbound_01,Sara + / DER AU017 (eobs 3941),2014,1,17.126158,0,0.089196995,0.7416098867543043,0,0.70048046,0.58160394
2020-07-17,Zozu_plus_DER_AL581_eobs2541__2020__southbound_01,Zozu + / DER AL581 (eobs2541),2020,1,6.2783275,0,0.01106611,0.7416098867543043,0,1.438985,0.66957676
2013-09-08,Eamy_plus_DER_AL585_eobs3063__2013__southbound_01,Eamy + / DER AL585 (eobs3063),2013,1,13.502175,0,0.26775488,0.7416098867543043,0,1.9029872,1.2993343
2019-08-23,Europa_DER_A1A26_eobs_4004__2019__southbound_01,Europa / DER A1A26 (eobs 4004),2019,1,7.004766,0,0.743026,0.7416098867543043,1,0.080532074,5.9490633
2018-09-01,Zozu_plus_DER_AL581_eobs2541__2018__southbound_01,Zozu + / DER AL581 (eobs2541),2018,1,7.799646,1,0.883579,0.7416098867543043,1,32.049397,15.580101
2014-07-30,Lucky_plus_DER_AU061_eobs_3087__2014__southbound_01,Lucky + / DER AU061 (eobs 3087),2014,1,5.322437,0,0.08816267,0.7416098867543043,0,0.0011212528,0.7517772
2017-09-20,Zozu_plus_DER_AL581_eobs2541__2017__southbound_01,Zozu + / DER AL581 (eobs2541),2017,1,6.2489033,0,0.45544785,0.7416098867543043,0,4.140651,2.2261548
2015-10-26,Sara_plus_DER_AU017_eobs_3941__2015__southbound_01,Sara + / DER AU017 (eobs 3941),2015,1,8.472937,0,0.123144224,0.7416098867543043,0,0.45286572,1.2940611
2014-10-20,Wibi_2_plus_DER_AU044_eobs_3943__2014__southbound_01,Wibi 2 + / DER AU044 (eobs 3943),2014,1,5.604145,0,0.16363986,0.7416098867543043,0,0.09267097,0.82554793
2020-09-01,Europa_DER_A1A26_eobs_4004__2020__southbound_01,Europa / DER A1A26 (eobs 4004),2020,1,9.390811,0,0.9345884,0.7416098867543043,1,0.21130614,27.068277
2019-07-20,Muffine_DER_AN922_eobs_3921__2019__southbound_01,Muffine / DER AN922 (eobs 3921),2019,1,6.2770014,0,0.011205625,0.7416098867543043,0,0.26544708,0.6806897
2014-09-15,Kiki_plus_DER_AN872_eobs_3648__2014__southbound_01,Kiki + / DER AN872 (eobs 3648),2014,1,16.123993,0,0.33483905,0.7416098867543043,0,0.695155,1.3479246
2018-10-08,Zozu_plus_DER_AL581_eobs2541__2018__southbound_01,Zozu + / DER AL581 (eobs2541),2018,1,7.799646,0,0.32290196,0.7416098867543043,0,2.9322126,2.2428832
2013-09-10,Yolo_plus_DER_AN861_eobs2666__2013__southbound_01,Yolo + / DER AN861 (eobs2666),2013,1,16.535265,0,0.050521195,0.7416098867543043,0,0.015150191,0.8071297
2020-09-07,Sierit_DER_AN858_eobs2561__2020__southbound_01,Sierit  / DER AN858 (eobs2561),2020,1,6.2724504,0,0.22685952,0.7416098867543043,0,0.0072441315,0.8837059
2016-09-27,Sara_plus_DER_AU017_eobs_3941__2016__southbound_01,Sara + / DER AU017 (eobs 3941),2016,1,7.6681967,1,0.84314185,0.7416098867543043,1,35.46493,11.231788
2014-09-09,Lewis_plus_DER_AU015_eobs_3939__2014__southbound_01,Lewis + / DER AU015 (eobs 3939),2014,1,16.46963,1,0.14175667,0.7416098867543043,0,12.427331,0.90793157
2017-08-08,Louis_DER_AU050_eobs_3264__2017__southbound_01,Louis / DER AU050 (eobs 3264),2017,1,6.3365383,0,0.02697286,0.7416098867543043,0,2.3056161,0.62124884
2015-09-26,Mirabell_plus_DER_AN910_eobs_3907__2015__southbound_01,Mirabell + / DER AN910 (eobs 3907),2015,1,7.461956,0,0.11838912,0.7416098867543043,0,1.4173341,0.9388575
2014-10-28,Conchito_plus_DER_AU005_eobs_3927__2014__southbound_01,Conchito + / DER AU005 (eobs 3927),2014,1,11.598715,0,0.2147845,0.7416098867543043,0,2.598188,1.8876693
2014-09-06,Kiki_plus_DER_AN872_eobs_3648__2014__southbound_01,Kiki + / DER AN872 (eobs 3648),2014,1,16.123993,1,0.95257276,0.7416098867543043,1,168.00758,45.811657
2021-10-15,Louis_DER_AU050_eobs_3264__2021__southbound_01,Louis / DER AU050 (eobs 3264),2021,1,6.275173,0,0.16426314,0.7416098867543043,0,0.22546339,1.017638
2014-09-11,Chompy_plus_DER_AN871_eobs3647__2014__southbound_01,Chompy + / DER AN871 (eobs3647),2014,1,11.4127865,0,0.48987153,0.7416098867543043,0,0.012457131,1.8044434
2018-07-26,Zozu_plus_DER_AL581_eobs2541__2018__southbound_01,Zozu + / DER AL581 (eobs2541),2018,1,7.799646,0,0.0133869015,0.7416098867543043,0,0.29328102,0.6496906
2014-09-17,Kiki_plus_DER_AN872_eobs_3648__2014__southbound_01,Kiki + / DER AN872 (eobs 3648),2014,1,16.123993,0,0.1580147,0.7416098867543043,0,3.561983,1.0014677
2015-10-21,Mirabell_plus_DER_AN910_eobs_3907__2015__southbound_01,Mirabell + / DER AN910 (eobs 3907),2015,1,7.461956,0,0.26286268,0.7416098867543043,0,0.5603216,1.5394783
2013-09-05,Sierit_DER_AN858_eobs2561__2013__southbound_01,Sierit  / DER AN858 (eobs2561),2013,1,13.879199,0,0.21874902,0.7416098867543043,0,2.1768095,0.93133223
2016-10-03,Angela_DER_AY470_eobs_4001__2016__southbound_01,Angela / DER AY470 (eobs 4001),2016,1,12.185438,1,0.47128966,0.7416098867543043,0,20.05241,3.0968769
2016-09-20,Angela_DER_AY470_eobs_4001__2016__southbound_01,Angela / DER AY470 (eobs 4001),2016,1,12.185438,1,0.2277957,0.7416098867543043,0,14.489062,1.1469848
2022-07-12,Angela_DER_AY470_eobs_4001__2022__southbound_01,Angela / DER AY470 (eobs 4001),2022,1,11.583361,0,0.00970179,0.7416098867543043,0,3.2798848,0.7300451
2023-09-27,Louis_DER_AU050_eobs_3264__2023__southbound_01,Louis / DER AU050 (eobs 3264),2023,1,6.346841,0,0.8515826,0.7416098867543043,1,3.5039062,11.618023
2015-11-15,Sara_plus_DER_AU017_eobs_3941__2015__southbound_01,Sara + / DER AU017 (eobs 3941),2015,1,8.472937,0,0.08360532,0.7416098867543043,0,3.0156295,1.2150108
2014-08-01,Lucky_plus_DER_AU061_eobs_3087__2014__southbound_01,Lucky + / DER AU061 (eobs 3087),2014,1,5.322437,0,0.1186197,0.7416098867543043,0,0.00099377,0.8555382
2016-08-31,Sara_plus_DER_AU017_eobs_3941__2016__southbound_01,Sara + / DER AU017 (eobs 3941),2016,1,7.6681967,1,0.90530086,0.7416098867543043,1,38.472713,23.416918
2014-11-08,Max_plus_DER_AU046_eobs_3945__2014__southbound_01,Max + / DER AU046 (eobs 3945),2014,1,6.2162013,0,0.18900359,0.7416098867543043,0,0.21041557,1.5231997
2018-08-06,Zozu_plus_DER_AL581_eobs2541__2018__southbound_01,Zozu + / DER AL581 (eobs2541),2018,1,7.799646,0,0.025524324,0.7416098867543043,0,0.26233858,0.58710945
2013-11-23,Eamy_plus_DER_AL585_eobs3063__2013__southbound_01,Eamy + / DER AL585 (eobs3063),2013,1,13.502175,0,0.1506842,0.7416098867543043,0,0.17424424,1.2513304
2017-09-28,Europa_DER_A1A26_eobs_4004__2017__southbound_01,Europa / DER A1A26 (eobs 4004),2017,1,17.480358,1,0.64540845,0.7416098867543043,0,44.55788,5.4814844
2018-10-18,Louis_DER_AU050_eobs_3264__2018__southbound_01,Louis / DER AU050 (eobs 3264),2018,1,6.4034295,0,0.17475279,0.7416098867543043,0,0.21478753,1.3147013
2019-09-02,Sara_plus_DER_AU017_eobs_3941__2019__southbound_01,Sara + / DER AU017 (eobs 3941),2019,1,8.3754015,1,0.9840771,0.7416098867543043,1,266.65735,103.47728
2015-10-11,Mirabell_plus_DER_AN910_eobs_3907__2015__southbound_01,Mirabell + / DER AN910 (eobs 3907),2015,1,7.461956,0,0.16414467,0.7416098867543043,0,1.1594424,1.256084
2018-09-30,Sierit_DER_AN858_eobs2561__2018__southbound_01,Sierit  / DER AN858 (eobs2561),2018,1,6.2883363,0,0.18190765,0.7416098867543043,0,2.052271,0.9200235
2015-09-17,Tammy_plus_DER_AN918_eobs_3917__2015__southbound_01,Tammy + / DER AN918 (eobs 3917),2015,1,5.2949753,0,0.25268632,0.7416098867543043,0,0.354096,1.2664293
2016-11-28,Niclas_DER_AU053_eobs_3341__2016__southbound_01,Niclas / DER AU053 (eobs 3341),2016,1,5.7741003,0,0.2918611,0.7416098867543043,0,0.061776467,2.025272
2017-08-19,Sierit_DER_AN858_eobs2561__2017__southbound_01,Sierit  / DER AN858 (eobs2561),2017,1,6.3050985,0,0.068464525,0.7416098867543043,0,0.49262613,0.6505167
2015-09-02,Tammy_plus_DER_AN918_eobs_3917__2015__southbound_01,Tammy + / DER AN918 (eobs 3917),2015,1,5.2949753,0,0.80264276,0.7416098867543043,1,0.051173564,10.847433
2016-09-28,Zozu_plus_DER_AL581_eobs2541__2016__southbound_01,Zozu + / DER AL581 (eobs2541),2016,1,6.2488127,0,0.530352,0.7416098867543043,0,0.11375237,3.6060677
2013-10-11,Eamy_plus_DER_AL585_eobs3063__2013__southbound_01,Eamy + / DER AL585 (eobs3063),2013,1,13.502175,0,0.1563157,0.7416098867543043,0,0.33900878,1.0840197
2020-07-01,Zozu_plus_DER_AL581_eobs2541__2020__southbound_01,Zozu + / DER AL581 (eobs2541),2020,1,6.2783275,0,0.0124978125,0.7416098867543043,0,0.5282758,0.7361108
2016-09-19,Niclas_DER_AU053_eobs_3341__2016__southbound_01,Niclas / DER AU053 (eobs 3341),2016,1,5.7741003,0,0.38515097,0.7416098867543043,0,2.215715,1.9779763
2016-10-17,Zozu_plus_DER_AL581_eobs2541__2016__southbound_01,Zozu + / DER AL581 (eobs2541),2016,1,6.2488127,0,0.22246343,0.7416098867543043,0,1.7049887,1.1741445
2020-07-29,Mirabell_plus_DER_AN910_eobs_3907__2020__southbound_01,Mirabell + / DER AN910 (eobs 3907),2020,1,9.278834,0,0.014387203,0.7416098867543043,0,0.0956753,0.6235385
2022-10-06,Europa_DER_A1A26_eobs_4004__2022__southbound_01,Europa / DER A1A26 (eobs 4004),2022,1,7.337657,0,0.32652998,0.7416098867543043,0,6.169369,2.0597186
2020-09-07,Europa_DER_A1A26_eobs_4004__2020__southbound_01,Europa / DER A1A26 (eobs 4004),2020,1,9.390811,1,0.93237066,0.7416098867543043,1,129.1205,27.838362
2021-09-18,Sierit_DER_AN858_eobs2561__2021__southbound_01,Sierit  / DER AN858 (eobs2561),2021,1,6.2726984,1,0.9798631,0.7416098867543043,1,101.82017,75.20975
2016-09-14,Angela_DER_AY470_eobs_4001__2016__southbound_01,Angela / DER AY470 (eobs 4001),2016,1,12.185438,1,0.9165854,0.7416098867543043,1,35.653786,21.409317
2020-07-02,Zozu_plus_DER_AL581_eobs2541__2020__southbound_01,Zozu + / DER AL581 (eobs2541),2020,1,6.2783275,0,0.0116059845,0.7416098867543043,0,0.52167386,0.7329823
2014-08-24,Yolo_plus_DER_AN861_eobs2666__2014__southbound_01,Yolo + / DER AN861 (eobs2666),2014,1,11.697392,1,0.34885147,0.7416098867543043,0,57.44461,1.4255143
2014-09-18,Pjotre_plus_DER_AU003_eobs_3925__2014__southbound_01,Pjotre + / DER AU003 (eobs 3925),2014,1,13.317191,0,0.09062881,0.7416098867543043,0,0.19955966,0.74830663
2019-10-08,Sara_plus_DER_AU017_eobs_3941__2019__southbound_01,Sara + / DER AU017 (eobs 3941),2019,1,8.3754015,1,0.6161209,0.7416098867543043,0,20.25825,3.8583713
2023-08-17,Angela_DER_AY470_eobs_4001__2023__southbound_01,Angela / DER AY470 (eobs 4001),2023,1,11.613243,1,0.9832192,0.7416098867543043,1,119.74028,106.05275
2014-07-13,Yolo_plus_DER_AN861_eobs2666__2014__southbound_01,Yolo + / DER AN861 (eobs2666),2014,1,11.697392,0,0.5197473,0.7416098867543043,0,1.2856492,3.3255248
2014-10-10,Pjotre_plus_DER_AU003_eobs_3925__2014__southbound_01,Pjotre + / DER AU003 (eobs 3925),2014,1,13.317191,1,0.88860154,0.7416098867543043,1,10.543652,17.53047
2017-09-05,Zozu_plus_DER_AL581_eobs2541__2017__southbound_01,Zozu + / DER AL581 (eobs2541),2017,1,6.2489033,1,0.92978996,0.7416098867543043,1,42.18603,26.81572
2018-11-14,Zozu_plus_DER_AL581_eobs2541__2018__southbound_01,Zozu + / DER AL581 (eobs2541),2018,1,7.799646,0,0.22719617,0.7416098867543043,0,0.016023237,1.7210772
2015-08-28,Sara_plus_DER_AU017_eobs_3941__2015__southbound_01,Sara + / DER AU017 (eobs 3941),2015,1,8.472937,1,0.6483422,0.7416098867543043,0,10.626538,3.9239771
2015-09-03,Emil_plus_DER_AV348_eobs_4001__2015__southbound_01,Emil + / DER AV348 (eobs 4001),2015,1,6.1622424,0,0.21428548,0.7416098867543043,0,0.0060332906,0.8952543
2019-10-01,Angela_DER_AY470_eobs_4001__2019__southbound_01,Angela / DER AY470 (eobs 4001),2019,1,9.285906,0,0.8152178,0.7416098867543043,1,0.108814016,11.634433
2020-08-21,Angela_DER_AY470_eobs_4001__2020__southbound_01,Angela / DER AY470 (eobs 4001),2020,1,11.86833,1,0.97934055,0.7416098867543043,1,91.08314,94.54729
2022-10-18,Louis_DER_AU050_eobs_3264__2022__southbound_01,Louis / DER AU050 (eobs 3264),2022,1,6.373638,0,0.27374226,0.7416098867543043,0,0.24797596,1.8830925
2020-07-19,Mirabell_plus_DER_AN910_eobs_3907__2020__southbound_01,Mirabell + / DER AN910 (eobs 3907),2020,1,9.278834,0,0.012439527,0.7416098867543043,0,0.021599011,0.6674666
2019-09-01,Angela_DER_AY470_eobs_4001__2019__southbound_01,Angela / DER AY470 (eobs 4001),2019,1,9.285906,1,0.91223884,0.7416098867543043,1,75.59261,22.556244
2016-10-16,Niclas_DER_AU053_eobs_3341__2016__southbound_01,Niclas / DER AU053 (eobs 3341),2016,1,5.7741003,0,0.35442767,0.7416098867543043,0,0.27125803,2.2085135
2022-10-10,Louis_DER_AU050_eobs_3264__2022__southbound_01,Louis / DER AU050 (eobs 3264),2022,1,6.373638,1,0.14950703,0.7416098867543043,0,29.08136,0.8253871
2018-09-02,Europa_DER_A1A26_eobs_4004__2018__southbound_01,Europa / DER A1A26 (eobs 4004),2018,1,9.897527,1,0.21345058,0.7416098867543043,0,21.170872,0.7241792
2013-10-04,Eamy_plus_DER_AL585_eobs3063__2013__southbound_01,Eamy + / DER AL585 (eobs3063),2013,1,13.502175,0,0.17112654,0.7416098867543043,0,6.085239,1.1330051
2018-10-11,Zozu_plus_DER_AL581_eobs2541__2018__southbound_01,Zozu + / DER AL581 (eobs2541),2018,1,7.799646,0,0.28905895,0.7416098867543043,0,7.521264,1.7488582
2018-11-09,Sara_plus_DER_AU017_eobs_3941__2018__southbound_01,Sara + / DER AU017 (eobs 3941),2018,1,8.361839,0,0.26735625,0.7416098867543043,0,1.9267331,1.7094337
2017-12-12,Zozu_plus_DER_AL581_eobs2541__2017__southbound_01,Zozu + / DER AL581 (eobs2541),2017,1,6.2489033,0,0.21393006,0.7416098867543043,0,2.261365,1.5942621
2020-07-22,Mirabell_plus_DER_AN910_eobs_3907__2020__southbound_01,Mirabell + / DER AN910 (eobs 3907),2020,1,9.278834,0,0.011803712,0.7416098867543043,0,0.056860093,0.68588865
2015-10-16,Tammy_plus_DER_AN918_eobs_3917__2015__southbound_01,Tammy + / DER AN918 (eobs 3917),2015,1,5.2949753,0,0.7369275,0.7416098867543043,0,0.98343015,8.911861
2020-10-03,Zozu_plus_DER_AL581_eobs2541__2020__southbound_01,Zozu + / DER AL581 (eobs2541),2020,1,6.2783275,0,0.16890442,0.7416098867543043,0,0.18023556,0.90181816
2020-08-29,Sierit_DER_AN858_eobs2561__2020__southbound_01,Sierit  / DER AN858 (eobs2561),2020,1,6.2724504,0,0.11624596,0.7416098867543043,0,0.13459721,0.6664711
2018-06-29,Mirabell_plus_DER_AN910_eobs_3907__2018__southbound_01,Mirabell + / DER AN910 (eobs 3907),2018,1,13.555351,0,0.023706736,0.7416098867543043,0,0.18564954,0.777503
2015-07-20,Mirabell_plus_DER_AN910_eobs_3907__2015__southbound_01,Mirabell + / DER AN910 (eobs 3907),2015,1,7.461956,0,0.3121337,0.7416098867543043,0,4.874453,2.1299367
2018-08-25,Charlie_plus_DER_A4M63_eobs_6588__2018__southbound_01,Charlie + / DER A4M63 (eobs 6588),2018,1,10.37882,1,0.9701606,0.7416098867543043,1,34.610962,62.330433
2018-07-19,Sierit_DER_AN858_eobs2561__2018__southbound_01,Sierit  / DER AN858 (eobs2561),2018,1,6.2883363,0,0.011247589,0.7416098867543043,0,0.051236454,0.6935695
2013-10-22,Zozu_plus_DER_AL581_eobs2541__2013__southbound_01,Zozu + / DER AL581 (eobs2541),2013,1,13.480279,0,0.83817595,0.7416098867543043,1,1.4316264,11.019821
2014-08-29,Ronja_plus_DER_AU004_eobs_3926__2014__southbound_01,Ronja + / DER AU004 (eobs 3926),2014,1,11.651782,1,0.9537034,0.7416098867543043,1,205.18394,35.249878
2016-10-04,Zozu_plus_DER_AL581_eobs2541__2016__southbound_01,Zozu + / DER AL581 (eobs2541),2016,1,6.2488127,0,0.435574,0.7416098867543043,0,8.860971,2.7514117
2015-10-10,Emil_plus_DER_AV348_eobs_4001__2015__southbound_01,Emil + / DER AV348 (eobs 4001),2015,1,6.1622424,0,0.11894453,0.7416098867543043,0,0.66607594,0.709505
2020-09-19,Sierit_DER_AN858_eobs2561__2020__southbound_01,Sierit  / DER AN858 (eobs2561),2020,1,6.2724504,0,0.56672394,0.7416098867543043,0,0.23698594,2.7431173
2014-10-15,Ronja_plus_DER_AU004_eobs_3926__2014__southbound_01,Ronja + / DER AU004 (eobs 3926),2014,1,11.651782,1,0.18492608,0.7416098867543043,0,31.080875,1.3235159
2019-09-18,Mirabell_plus_DER_AN910_eobs_3907__2019__southbound_01,Mirabell + / DER AN910 (eobs 3907),2019,1,13.553637,0,0.14925204,0.7416098867543043,0,1.4426415,0.883241
2017-10-06,Europa_DER_A1A26_eobs_4004__2017__southbound_01,Europa / DER A1A26 (eobs 4004),2017,1,17.480358,0,0.17436932,0.7416098867543043,0,0.72714615,1.2458858
2017-08-18,Zozu_plus_DER_AL581_eobs2541__2017__southbound_01,Zozu + / DER AL581 (eobs2541),2017,1,6.2489033,0,0.23743917,0.7416098867543043,0,0.43569127,0.70717895
2018-11-17,Zozu_plus_DER_AL581_eobs2541__2018__southbound_01,Zozu + / DER AL581 (eobs2541),2018,1,7.799646,0,0.14755335,0.7416098867543043,0,0.0135792475,1.6108038
2014-09-30,Mirabell_plus_DER_AN910_eobs_3907__2014__southbound_01,Mirabell + / DER AN910 (eobs 3907),2014,1,6.223172,0,0.20661306,0.7416098867543043,0,0.2157465,0.9611762
2014-10-04,Lewis_plus_DER_AU015_eobs_3939__2014__southbound_01,Lewis + / DER AU015 (eobs 3939),2014,1,16.46963,0,0.7880453,0.7416098867543043,1,0.97191185,10.142851
2020-09-21,Europa_DER_A1A26_eobs_4004__2020__southbound_01,Europa / DER A1A26 (eobs 4004),2020,1,9.390811,0,0.1626338,0.7416098867543043,0,0.031346314,0.8966777
2022-09-25,Louis_DER_AU050_eobs_3264__2022__southbound_01,Louis / DER AU050 (eobs 3264),2022,1,6.373638,0,0.11298793,0.7416098867543043,0,0.30827552,0.5520952
2017-08-04,Europa_DER_A1A26_eobs_4004__2017__southbound_01,Europa / DER A1A26 (eobs 4004),2017,1,17.480358,0,0.3707417,0.7416098867543043,0,0.144279,2.156454
2014-10-03,Mirabell_plus_DER_AN910_eobs_3907__2014__southbound_01,Mirabell + / DER AN910 (eobs 3907),2014,1,6.223172,0,0.25344738,0.7416098867543043,0,0.09049351,1.3769178
2016-07-14,Sara_plus_DER_AU017_eobs_3941__2016__southbound_01,Sara + / DER AU017 (eobs 3941),2016,1,7.6681967,0,0.3060976,0.7416098867543043,0,2.0593352,1.633008
2019-07-29,Mirabell_plus_DER_AN910_eobs_3907__2019__southbound_01,Mirabell + / DER AN910 (eobs 3907),2019,1,13.553637,0,0.013022543,0.7416098867543043,0,0.03347383,0.6646541
2020-09-13,Europa_DER_A1A26_eobs_4004__2020__southbound_01,Europa / DER A1A26 (eobs 4004),2020,1,9.390811,0,0.24033113,0.7416098867543043,0,0.04619433,1.3860431
2020-08-25,Angela_DER_AY470_eobs_4001__2020__southbound_01,Angela / DER AY470 (eobs 4001),2020,1,11.86833,1,0.9817971,0.7416098867543043,1,206.60591,89.17024
2015-11-12,Sara_plus_DER_AU017_eobs_3941__2015__southbound_01,Sara + / DER AU017 (eobs 3941),2015,1,8.472937,0,0.080768295,0.7416098867543043,0,0.5125175,1.1915581
2014-08-06,Niclas_DER_AU053_eobs_3341__2014__southbound_01,Niclas / DER AU053 (eobs 3341),2014,1,13.2831955,0,0.05136779,0.7416098867543043,0,3.8820376,0.6414938
2021-11-14,Ed_plus_AAL16_e-obs_7210__2021__southbound_01,"Ed + (AAL16, e-obs 7210)",2021,1,10.53983,0,0.21336842,0.7416098867543043,0,0.022318022,2.0335274
2018-09-04,Sierit_DER_AN858_eobs2561__2018__southbound_01,Sierit  / DER AN858 (eobs2561),2018,1,6.2883363,0,0.09167631,0.7416098867543043,0,0.06804269,0.5940306
2022-08-09,Angela_DER_AY470_eobs_4001__2022__southbound_01,Angela / DER AY470 (eobs 4001),2022,1,11.583361,1,0.94046265,0.7416098867543043,1,292.03723,35.852497
2015-08-11,Tammy_plus_DER_AN918_eobs_3917__2015__southbound_01,Tammy + / DER AN918 (eobs 3917),2015,1,5.2949753,0,0.69284976,0.7416098867543043,0,4.265349,4.6271267
2014-10-25,Wibi_2_plus_DER_AU044_eobs_3943__2014__southbound_01,Wibi 2 + / DER AU044 (eobs 3943),2014,1,5.604145,0,0.096101925,0.7416098867543043,0,0.1750726,0.7032324
2015-09-16,Niclas_DER_AU053_eobs_3341__2015__southbound_01,Niclas / DER AU053 (eobs 3341),2015,1,5.8521757,0,0.6001559,0.7416098867543043,0,1.9606127,4.442504
2017-08-14,Sierit_DER_AN858_eobs2561__2017__southbound_01,Sierit  / DER AN858 (eobs2561),2017,1,6.3050985,0,0.037382603,0.7416098867543043,0,0.6299592,0.56982005
2017-11-23,Zozu_plus_DER_AL581_eobs2541__2017__southbound_01,Zozu + / DER AL581 (eobs2541),2017,1,6.2489033,0,0.18770355,0.7416098867543043,0,0.21381578,1.6033409
2014-09-18,Muffine_DER_AN922_eobs_3921__2014__southbound_01,Muffine / DER AN922 (eobs 3921),2014,1,10.742697,0,0.28028035,0.7416098867543043,0,0.023702255,1.0381238
2018-07-30,Angela_DER_AY470_eobs_4001__2018__southbound_01,Angela / DER AY470 (eobs 4001),2018,1,12.0012455,0,0.35578167,0.7416098867543043,0,0.9044389,2.161523
2015-09-20,Sara_plus_DER_AU017_eobs_3941__2015__southbound_01,Sara + / DER AU017 (eobs 3941),2015,1,8.472937,0,0.9135933,0.7416098867543043,1,0.5860507,24.127535
2017-08-17,Sierit_DER_AN858_eobs2561__2017__southbound_01,Sierit  / DER AN858 (eobs2561),2017,1,6.3050985,0,0.0513931,0.7416098867543043,0,0.74769324,0.6141573
2014-10-16,Ronja_plus_DER_AU004_eobs_3926__2014__southbound_01,Ronja + / DER AU004 (eobs 3926),2014,1,11.651782,0,0.45128626,0.7416098867543043,0,0.9840282,3.1378107
2023-09-15,Angela_DER_AY470_eobs_4001__2023__southbound_01,Angela / DER AY470 (eobs 4001),2023,1,11.613243,1,0.8232527,0.7416098867543043,1,111.309654,11.824416
2014-10-12,Pjotre_plus_DER_AU003_eobs_3925__2014__southbound_01,Pjotre + / DER AU003 (eobs 3925),2014,1,13.317191,0,0.8099156,0.7416098867543043,1,8.8834505,9.698488
2017-08-11,Louis_DER_AU050_eobs_3264__2017__southbound_01,Louis / DER AU050 (eobs 3264),2017,1,6.3365383,0,0.025059586,0.7416098867543043,0,0.07989787,0.5966813
2020-07-18,Zozu_plus_DER_AL581_eobs2541__2020__southbound_01,Zozu + / DER AL581 (eobs2541),2020,1,6.2783275,0,0.010808681,0.7416098867543043,0,2.134112,0.6896312
2014-11-10,Tammy_plus_DER_AN918_eobs_3917__2014__southbound_01,Tammy + / DER AN918 (eobs 3917),2014,1,10.795916,0,0.22381565,0.7416098867543043,0,0.67419416,1.9578073
2020-08-31,Zozu_plus_DER_AL581_eobs2541__2020__southbound_01,Zozu + / DER AL581 (eobs2541),2020,1,6.2783275,1,0.96189994,0.7416098867543043,1,105.29384,59.677544
2016-09-25,Angela_DER_AY470_eobs_4001__2016__southbound_01,Angela / DER AY470 (eobs 4001),2016,1,12.185438,0,0.65563935,0.7416098867543043,0,0.435469,4.664664
2014-11-05,Bubbel_plus_DER_AN873_eobs_3666__2014__southbound_01,Bubbel + / DER AN873 (eobs 3666),2014,1,11.614469,0,0.44625458,0.7416098867543043,0,0.86225396,3.661132
2014-09-06,Ronja_plus_DER_AU004_eobs_3926__2014__southbound_01,Ronja + / DER AU004 (eobs 3926),2014,1,11.651782,0,0.09842531,0.7416098867543043,0,0.006438918,0.5256111
2015-10-24,Mirabell_plus_DER_AN910_eobs_3907__2015__southbound_01,Mirabell + / DER AN910 (eobs 3907),2015,1,7.461956,0,0.517217,0.7416098867543043,0,2.9974778,3.5982838
2013-09-25,Karamell_plus_DER_AL582_eobs3031__2013__southbound_01,Karamell + / DER AL582 (eobs3031),2013,1,13.501802,1,0.320577,0.7416098867543043,0,10.265856,1.7341735
2015-09-02,Fifi_plus_DER_AN909_eobs_3906__2015__southbound_01,Fifi + / DER AN909 (eobs 3906),2015,1,10.702984,0,0.3241939,0.7416098867543043,0,4.712864,1.5567598
2015-09-22,Fifi_plus_DER_AN909_eobs_3906__2015__southbound_01,Fifi + / DER AN909 (eobs 3906),2015,1,10.702984,0,0.44327506,0.7416098867543043,0,0.40510902,2.632301
2019-09-25,Zozu_plus_DER_AL581_eobs2541__2019__southbound_01,Zozu + / DER AL581 (eobs2541),2019,1,6.2176614,0,0.35915333,0.7416098867543043,0,1.3183312,1.7116954
2018-07-24,Angela_DER_AY470_eobs_4001__2018__southbound_01,Angela / DER AY470 (eobs 4001),2018,1,12.0012455,0,0.43382308,0.7416098867543043,0,0.61017853,2.8105016
2018-07-10,Sierit_DER_AN858_eobs2561__2018__southbound_01,Sierit  / DER AN858 (eobs2561),2018,1,6.2883363,0,0.011407622,0.7416098867543043,0,0.6127145,0.7346411
2014-10-31,Wibi_2_plus_DER_AU044_eobs_3943__2014__southbound_01,Wibi 2 + / DER AU044 (eobs 3943),2014,1,5.604145,0,0.10945481,0.7416098867543043,0,4.417852,0.9014834
2014-11-22,Wibi_2_plus_DER_AU044_eobs_3943__2014__southbound_01,Wibi 2 + / DER AU044 (eobs 3943),2014,1,5.604145,0,0.064558625,0.7416098867543043,0,0.28426042,0.7730749
2016-10-07,Redrunner_plus_DER_AU057_eobs_3339__2016__southbound_01,Redrunner + / DER AU057 (eobs 3339),2016,1,15.7774515,0,0.16418432,0.7416098867543043,0,0.23988968,1.1770926
2020-09-28,Sierit_DER_AN858_eobs2561__2020__southbound_01,Sierit  / DER AN858 (eobs2561),2020,1,6.2724504,0,0.124551065,0.7416098867543043,0,5.8314004,0.83379304
2020-09-28,Zozu_plus_DER_AL581_eobs2541__2020__southbound_01,Zozu + / DER AL581 (eobs2541),2020,1,6.2783275,0,0.49085006,0.7416098867543043,0,4.736043,2.8245318
2013-11-04,Karamell_plus_DER_AL582_eobs3031__2013__southbound_01,Karamell + / DER AL582 (eobs3031),2013,1,13.501802,0,0.33659536,0.7416098867543043,0,2.007447,2.249308
2015-08-30,Louis_DER_AU050_eobs_3264__2015__southbound_01,Louis / DER AU050 (eobs 3264),2015,1,5.300923,0,0.16001464,0.7416098867543043,0,0.0686772,1.0188335
2014-09-21,Balou_plus_DER_AN916_eobs_3913__2014__southbound_01,Balou + / DER AN916 (eobs 3913),2014,1,7.6156344,0,0.55692047,0.7416098867543043,0,7.579307,3.7219582
2019-09-12,Angela_DER_AY470_eobs_4001__2019__southbound_01,Angela / DER AY470 (eobs 4001),2019,1,9.285906,1,0.9159894,0.7416098867543043,1,71.67919,31.141333
2017-11-18,Zozu_plus_DER_AL581_eobs2541__2017__southbound_01,Zozu + / DER AL581 (eobs2541),2017,1,6.2489033,0,0.22009012,0.7416098867543043,0,0.004372827,1.8678627
2017-11-15,Zozu_plus_DER_AL581_eobs2541__2017__southbound_01,Zozu + / DER AL581 (eobs2541),2017,1,6.2489033,0,0.20830444,0.7416098867543043,0,0.17071289,1.7168206
2019-11-15,Angela_DER_AY470_eobs_4001__2019__southbound_01,Angela / DER AY470 (eobs 4001),2019,1,9.285906,0,0.12548882,0.7416098867543043,0,0.04266649,1.3227735
2016-09-28,Angela_DER_AY470_eobs_4001__2016__southbound_01,Angela / DER AY470 (eobs 4001),2016,1,12.185438,0,0.098720476,0.7416098867543043,0,2.4987307,0.92737055
2018-08-22,Sara_plus_DER_AU017_eobs_3941__2018__southbound_01,Sara + / DER AU017 (eobs 3941),2018,1,8.361839,0,0.95283824,0.7416098867543043,1,9.549213,42.877865
2015-08-12,Niclas_DER_AU053_eobs_3341__2015__southbound_01,Niclas / DER AU053 (eobs 3341),2015,1,5.8521757,0,0.1369337,0.7416098867543043,0,0.15968828,0.6892401
2018-08-22,Angela_DER_AY470_eobs_4001__2018__southbound_01,Angela / DER AY470 (eobs 4001),2018,1,12.0012455,0,0.93684965,0.7416098867543043,1,2.6451867,30.179377
2018-10-07,Zozu_plus_DER_AL581_eobs2541__2018__southbound_01,Zozu + / DER AL581 (eobs2541),2018,1,7.799646,0,0.36404428,0.7416098867543043,0,3.0367212,2.6371999
2019-09-19,Sara_plus_DER_AU017_eobs_3941__2019__southbound_01,Sara + / DER AU017 (eobs 3941),2019,1,8.3754015,0,0.35660878,0.7416098867543043,0,0.41362983,2.061642
2018-09-09,Zozu_plus_DER_AL581_eobs2541__2018__southbound_01,Zozu + / DER AL581 (eobs2541),2018,1,7.799646,0,0.46376687,0.7416098867543043,0,1.8605675,2.4673011
2014-09-14,Redrunner_plus_DER_AU057_eobs_3339__2014__southbound_01,Redrunner + / DER AU057 (eobs 3339),2014,1,14.419192,0,0.14205196,0.7416098867543043,0,0.21038222,0.8364521
2020-09-06,Angela_DER_AY470_eobs_4001__2020__southbound_01,Angela / DER AY470 (eobs 4001),2020,1,11.86833,0,0.07015712,0.7416098867543043,0,0.07782398,0.5717586
2016-08-11,Zozu_plus_DER_AL581_eobs2541__2016__southbound_01,Zozu + / DER AL581 (eobs2541),2016,1,6.2488127,0,0.02834856,0.7416098867543043,0,0.51511204,0.5731127
2015-07-27,Redrunner_plus_DER_AU057_eobs_3339__2015__southbound_01,Redrunner + / DER AU057 (eobs 3339),2015,1,10.721669,0,0.38910577,0.7416098867543043,0,5.476907,2.178462
2017-09-21,Europa_DER_A1A26_eobs_4004__2017__southbound_01,Europa / DER A1A26 (eobs 4004),2017,1,17.480358,1,0.8569808,0.7416098867543043,1,140.82967,15.388054
2018-09-08,Louis_DER_AU050_eobs_3264__2018__southbound_01,Louis / DER AU050 (eobs 3264),2018,1,6.4034295,0,0.150442,0.7416098867543043,0,0.10034348,0.7402269
2021-10-20,Louis_DER_AU050_eobs_3264__2021__southbound_01,Louis / DER AU050 (eobs 3264),2021,1,6.275173,0,0.16340078,0.7416098867543043,0,0.5246436,1.0312017
2017-08-14,Louis_DER_AU050_eobs_3264__2017__southbound_01,Louis / DER AU050 (eobs 3264),2017,1,6.3365383,0,0.039679967,0.7416098867543043,0,0.35901135,0.55418456
2021-09-30,Europa_DER_A1A26_eobs_4004__2021__southbound_01,Europa / DER A1A26 (eobs 4004),2021,1,7.046981,1,0.89001644,0.7416098867543043,1,26.304415,19.101585
2015-08-06,Fifi_plus_DER_AN909_eobs_3906__2015__southbound_01,Fifi + / DER AN909 (eobs 3906),2015,1,10.702984,0,0.21127155,0.7416098867543043,0,0.042938918,1.2457684
2018-08-31,Europa_DER_A1A26_eobs_4004__2018__southbound_01,Europa / DER A1A26 (eobs 4004),2018,1,9.897527,0,0.15886338,0.7416098867543043,0,0.027885724,0.77671826
2014-11-15,Conchito_plus_DER_AU005_eobs_3927__2014__southbound_01,Conchito + / DER AU005 (eobs 3927),2014,1,11.598715,0,0.059726655,0.7416098867543043,0,0.14377838,0.96294117
2017-09-06,Europa_DER_A1A26_eobs_4004__2017__southbound_01,Europa / DER A1A26 (eobs 4004),2017,1,17.480358,1,0.07729274,0.7416098867543043,0,26.342463,0.65359735
2020-08-19,Angela_DER_AY470_eobs_4001__2020__southbound_01,Angela / DER AY470 (eobs 4001),2020,1,11.86833,1,0.91050357,0.7416098867543043,1,27.749002,28.582605
2015-11-04,Sara_plus_DER_AU017_eobs_3941__2015__southbound_01,Sara + / DER AU017 (eobs 3941),2015,1,8.472937,0,0.102709554,0.7416098867543043,0,0.52098614,1.1019365
2013-09-19,Sierit_DER_AN858_eobs2561__2013__southbound_01,Sierit  / DER AN858 (eobs2561),2013,1,13.879199,1,0.7737074,0.7416098867543043,1,127.765366,10.772563
2018-07-03,Sierit_DER_AN858_eobs2561__2018__southbound_01,Sierit  / DER AN858 (eobs2561),2018,1,6.2883363,0,0.015209926,0.7416098867543043,0,0.029900042,0.72017956
2022-11-19,Europa_DER_A1A26_eobs_4004__2022__southbound_01,Europa / DER A1A26 (eobs 4004),2022,1,7.337657,0,0.06442281,0.7416098867543043,0,1.0574111,1.013279
2019-10-14,Angela_DER_AY470_eobs_4001__2019__southbound_01,Angela / DER AY470 (eobs 4001),2019,1,9.285906,1,0.5267948,0.7416098867543043,0,37.65398,3.781393
2023-09-03,Louis_DER_AU050_eobs_3264__2023__southbound_01,Louis / DER AU050 (eobs 3264),2023,1,6.346841,0,0.2194264,0.7416098867543043,0,0.57483435,0.8617578
2022-10-06,Louis_DER_AU050_eobs_3264__2022__southbound_01,Louis / DER AU050 (eobs 3264),2022,1,6.373638,0,0.119031474,0.7416098867543043,0,0.4196131,0.63990307
2014-10-01,Tobi_plus_DER_AU052_eobs_3340__2014__southbound_01,Tobi + / DER AU052 (eobs 3340),2014,1,13.901598,0,0.12408255,0.7416098867543043,0,0.45550153,0.72258055
2014-10-08,Wibi_2_plus_DER_AU044_eobs_3943__2014__southbound_01,Wibi 2 + / DER AU044 (eobs 3943),2014,1,5.604145,0,0.24288636,0.7416098867543043,0,0.13534115,1.2402346
2022-10-26,Europa_DER_A1A26_eobs_4004__2022__southbound_01,Europa / DER A1A26 (eobs 4004),2022,1,7.337657,0,0.28595978,0.7416098867543043,0,0.69803196,2.4972951
2017-11-02,Zozu_plus_DER_AL581_eobs2541__2017__southbound_01,Zozu + / DER AL581 (eobs2541),2017,1,6.2489033,0,0.28258595,0.7416098867543043,0,0.13683867,1.8000833
2014-09-22,Redrunner_plus_DER_AU057_eobs_3339__2014__southbound_01,Redrunner + / DER AU057 (eobs 3339),2014,1,14.419192,0,0.097108625,0.7416098867543043,0,0.3359358,0.7755871
2016-09-16,Angela_DER_AY470_eobs_4001__2016__southbound_01,Angela / DER AY470 (eobs 4001),2016,1,12.185438,1,0.787675,0.7416098867543043,1,55.63365,7.6902266
2020-09-07,Zozu_plus_DER_AL581_eobs2541__2020__southbound_01,Zozu + / DER AL581 (eobs2541),2020,1,6.2783275,0,0.5545588,0.7416098867543043,0,0.093612485,3.4550385
2015-09-27,Fifi_plus_DER_AN909_eobs_3906__2015__southbound_01,Fifi + / DER AN909 (eobs 3906),2015,1,10.702984,0,0.867158,0.7416098867543043,1,0.21475182,14.965716
2014-10-04,Kiki_plus_DER_AN872_eobs_3648__2014__southbound_01,Kiki + / DER AN872 (eobs 3648),2014,1,16.123993,0,0.8945317,0.7416098867543043,1,0.55068326,21.132061
2014-09-04,Louis_DER_AU050_eobs_3264__2014__southbound_01,Louis / DER AU050 (eobs 3264),2014,1,7.9057946,0,0.30138743,0.7416098867543043,0,0.049131993,1.281174
2018-07-23,Sierit_DER_AN858_eobs2561__2018__southbound_01,Sierit  / DER AN858 (eobs2561),2018,1,6.2883363,0,0.011835106,0.7416098867543043,0,0.15015928,0.6727015
2018-10-05,Angela_DER_AY470_eobs_4001__2018__southbound_01,Angela / DER AY470 (eobs 4001),2018,1,12.0012455,0,0.1189525,0.7416098867543043,0,0.068570316,0.8967343
2014-10-11,Max_plus_DER_AU046_eobs_3945__2014__southbound_01,Max + / DER AU046 (eobs 3945),2014,1,6.2162013,1,0.5861826,0.7416098867543043,0,33.946255,4.4477806
2017-08-18,Sierit_DER_AN858_eobs2561__2017__southbound_01,Sierit  / DER AN858 (eobs2561),2017,1,6.3050985,0,0.049805056,0.7416098867543043,0,1.9708512,0.5718752
2016-10-26,Louis_DER_AU050_eobs_3264__2016__southbound_01,Louis / DER AU050 (eobs 3264),2016,1,7.6238537,1,0.08538877,0.7416098867543043,0,29.04902,0.81945515
2020-10-27,Sierit_DER_AN858_eobs2561__2020__southbound_01,Sierit  / DER AN858 (eobs2561),2020,1,6.2724504,0,0.24410126,0.7416098867543043,0,8.0703945,1.8643517
2016-10-13,Niclas_DER_AU053_eobs_3341__2016__southbound_01,Niclas / DER AU053 (eobs 3341),2016,1,5.7741003,0,0.4161826,0.7416098867543043,0,0.20897369,2.167405
2021-10-05,Louis_DER_AU050_eobs_3264__2021__southbound_01,Louis / DER AU050 (eobs 3264),2021,1,6.275173,0,0.14173369,0.7416098867543043,0,1.0949353,1.0154325
2023-10-08,Europa_DER_A1A26_eobs_4004__2023__southbound_01,Europa / DER A1A26 (eobs 4004),2023,1,7.022881,0,0.13442484,0.7416098867543043,0,0.14459,0.81454724
2014-11-29,Wibi_2_plus_DER_AU044_eobs_3943__2014__southbound_01,Wibi 2 + / DER AU044 (eobs 3943),2014,1,5.604145,0,0.054594252,0.7416098867543043,0,1.0199518,0.8010603
2014-09-30,Conchito_plus_DER_AU005_eobs_3927__2014__southbound_01,Conchito + / DER AU005 (eobs 3927),2014,1,11.598715,0,0.17735644,0.7416098867543043,0,2.2923064,1.1175413
2018-07-30,Mirabell_plus_DER_AN910_eobs_3907__2018__southbound_01,Mirabell + / DER AN910 (eobs 3907),2018,1,13.555351,0,0.014960199,0.7416098867543043,0,0.12112415,0.6314579
2020-09-17,Sierit_DER_AN858_eobs2561__2020__southbound_01,Sierit  / DER AN858 (eobs2561),2020,1,6.2724504,0,0.51361144,0.7416098867543043,0,1.9278554,3.5136755
2017-08-07,Louis_DER_AU050_eobs_3264__2017__southbound_01,Louis / DER AU050 (eobs 3264),2017,1,6.3365383,0,0.022030523,0.7416098867543043,0,1.291928,0.6302042
2018-08-14,Angela_DER_AY470_eobs_4001__2018__southbound_01,Angela / DER AY470 (eobs 4001),2018,1,12.0012455,0,0.8083302,0.7416098867543043,1,0.9821405,10.496559
2015-10-19,Mirabell_plus_DER_AN910_eobs_3907__2015__southbound_01,Mirabell + / DER AN910 (eobs 3907),2015,1,7.461956,0,0.24557683,0.7416098867543043,0,1.1676567,1.8509583
2017-08-24,Zozu_plus_DER_AL581_eobs2541__2017__southbound_01,Zozu + / DER AL581 (eobs2541),2017,1,6.2489033,0,0.23339903,0.7416098867543043,0,1.4304819,0.6320857
2015-10-02,Mirabell_plus_DER_AN910_eobs_3907__2015__southbound_01,Mirabell + / DER AN910 (eobs 3907),2015,1,7.461956,0,0.31138897,0.7416098867543043,0,0.29845414,1.7627966
2014-09-21,Wibi_2_plus_DER_AU044_eobs_3943__2014__southbound_01,Wibi 2 + / DER AU044 (eobs 3943),2014,1,5.604145,0,0.5203371,0.7416098867543043,0,0.075535566,2.8812168
2019-12-01,Angela_DER_AY470_eobs_4001__2019__southbound_01,Angela / DER AY470 (eobs 4001),2019,1,9.285906,0,0.10175891,0.7416098867543043,0,3.6939094,1.1616628
2016-07-27,Sara_plus_DER_AU017_eobs_3941__2016__southbound_01,Sara + / DER AU017 (eobs 3941),2016,1,7.6681967,0,0.5661423,0.7416098867543043,0,0.12628222,3.9331355
2015-09-17,Fifi_plus_DER_AN909_eobs_3906__2015__southbound_01,Fifi + / DER AN909 (eobs 3906),2015,1,10.702984,0,0.36568788,0.7416098867543043,0,2.9340167,1.5780177
2018-10-20,Zozu_plus_DER_AL581_eobs2541__2018__southbound_01,Zozu + / DER AL581 (eobs2541),2018,1,7.799646,0,0.23451334,0.7416098867543043,0,6.058167,1.8914673
2017-08-06,Louis_DER_AU050_eobs_3264__2017__southbound_01,Louis / DER AU050 (eobs 3264),2017,1,6.3365383,0,0.022799533,0.7416098867543043,0,0.7865816,0.61697245
2021-11-08,Ed_plus_AAL16_e-obs_7210__2021__southbound_01,"Ed + (AAL16, e-obs 7210)",2021,1,10.53983,0,0.5198002,0.7416098867543043,0,7.339819,4.190764
2014-08-02,Niclas_DER_AU053_eobs_3341__2014__southbound_01,Niclas / DER AU053 (eobs 3341),2014,1,13.2831955,0,0.149189,0.7416098867543043,0,0.13596834,0.9829128
2023-09-16,Louis_DER_AU050_eobs_3264__2023__southbound_01,Louis / DER AU050 (eobs 3264),2023,1,6.346841,1,0.982054,0.7416098867543043,1,47.749935,93.26007
2016-11-03,Niclas_DER_AU053_eobs_3341__2016__southbound_01,Niclas / DER AU053 (eobs 3341),2016,1,5.7741003,0,0.4713327,0.7416098867543043,0,0.089033246,2.9949863
2018-09-22,Louis_DER_AU050_eobs_3264__2018__southbound_01,Louis / DER AU050 (eobs 3264),2018,1,6.4034295,1,0.9652457,0.7416098867543043,1,35.411854,50.789204
2018-11-10,Sara_plus_DER_AU017_eobs_3941__2018__southbound_01,Sara + / DER AU017 (eobs 3941),2018,1,8.361839,0,0.31016135,0.7416098867543043,0,0.083638705,2.0095787
2013-09-03,Karamell_plus_DER_AL582_eobs3031__2013__southbound_01,Karamell + / DER AL582 (eobs3031),2013,1,13.501802,0,0.90280706,0.7416098867543043,1,0.09610827,21.322552
2022-10-10,Europa_DER_A1A26_eobs_4004__2022__southbound_01,Europa / DER A1A26 (eobs 4004),2022,1,7.337657,0,0.23473094,0.7416098867543043,0,0.21808122,1.8204134
2019-08-07,Angela_DER_AY470_eobs_4001__2019__southbound_01,Angela / DER AY470 (eobs 4001),2019,1,9.285906,0,0.02829085,0.7416098867543043,0,0.8514159,0.6068828
2014-10-20,Louis_DER_AU050_eobs_3264__2014__southbound_01,Louis / DER AU050 (eobs 3264),2014,1,7.9057946,1,0.8791839,0.7416098867543043,1,33.413525,17.367828
2018-10-12,Zozu_plus_DER_AL581_eobs2541__2018__southbound_01,Zozu + / DER AL581 (eobs2541),2018,1,7.799646,0,0.32487985,0.7416098867543043,0,5.070614,2.097412
2021-09-15,Ed_plus_AAL16_e-obs_7210__2021__southbound_01,"Ed + (AAL16, e-obs 7210)",2021,1,10.53983,0,0.90906245,0.7416098867543043,1,0.5845008,24.50787
2020-08-22,Angela_DER_AY470_eobs_4001__2020__southbound_01,Angela / DER AY470 (eobs 4001),2020,1,11.86833,1,0.9823109,0.7416098867543043,1,124.72864,110.27023
2019-06-29,Mirabell_plus_DER_AN910_eobs_3907__2019__southbound_01,Mirabell + / DER AN910 (eobs 3907),2019,1,13.553637,0,0.017186057,0.7416098867543043,0,0.46068344,0.7572788
2020-09-18,Sierit_DER_AN858_eobs2561__2020__southbound_01,Sierit  / DER AN858 (eobs2561),2020,1,6.2724504,0,0.7286372,0.7416098867543043,0,0.037446514,5.85278
2014-09-15,Julia_plus_DER_AU002_eobs_3924__2014__southbound_01,Julia + / DER AU002 (eobs 3924),2014,1,11.400579,0,0.121410444,0.7416098867543043,0,0.06758364,0.97306085
2021-09-21,Louis_DER_AU050_eobs_3264__2021__southbound_01,Louis / DER AU050 (eobs 3264),2021,1,6.275173,1,0.9123223,0.7416098867543043,1,88.319305,21.052137
2016-07-07,Sara_plus_DER_AU017_eobs_3941__2016__southbound_01,Sara + / DER AU017 (eobs 3941),2016,1,7.6681967,0,0.3224246,0.7416098867543043,0,1.0861799,1.674161
2014-08-21,Niclas_DER_AU053_eobs_3341__2014__southbound_01,Niclas / DER AU053 (eobs 3341),2014,1,13.2831955,1,0.97434413,0.7416098867543043,1,193.08824,89.805725
2015-08-26,Niclas_DER_AU053_eobs_3341__2015__southbound_01,Niclas / DER AU053 (eobs 3341),2015,1,5.8521757,0,0.14700393,0.7416098867543043,0,4.1413307,0.5063046
2017-10-15,Sierit_DER_AN858_eobs2561__2017__southbound_01,Sierit  / DER AN858 (eobs2561),2017,1,6.3050985,0,0.20775771,0.7416098867543043,0,0.09558043,1.0690837
2018-08-30,Mirabell_plus_DER_AN910_eobs_3907__2018__southbound_01,Mirabell + / DER AN910 (eobs 3907),2018,1,13.555351,0,0.9785694,0.7416098867543043,1,1.4013294,78.22837
2019-08-29,Angela_DER_AY470_eobs_4001__2019__southbound_01,Angela / DER AY470 (eobs 4001),2019,1,9.285906,0,0.31114846,0.7416098867543043,0,0.60591483,1.6392438
2016-10-11,Niclas_DER_AU053_eobs_3341__2016__southbound_01,Niclas / DER AU053 (eobs 3341),2016,1,5.7741003,0,0.6004787,0.7416098867543043,0,0.83930296,3.4266217
2020-10-07,Sierit_DER_AN858_eobs2561__2020__southbound_01,Sierit  / DER AN858 (eobs2561),2020,1,6.2724504,0,0.2739652,0.7416098867543043,0,0.13730322,1.6785274
2013-09-17,Eamy_plus_DER_AL585_eobs3063__2013__southbound_01,Eamy + / DER AL585 (eobs3063),2013,1,13.502175,0,0.27547905,0.7416098867543043,0,0.34020028,1.2441965
2014-09-04,Kiki_plus_DER_AN872_eobs_3648__2014__southbound_01,Kiki + / DER AN872 (eobs 3648),2014,1,16.123993,0,0.43505055,0.7416098867543043,0,0.13621785,1.4354045
2014-09-07,Ronja_plus_DER_AU004_eobs_3926__2014__southbound_01,Ronja + / DER AU004 (eobs 3926),2014,1,11.651782,0,0.09063231,0.7416098867543043,0,0.16684546,0.50080645
2013-10-23,Sierit_DER_AN858_eobs2561__2013__southbound_01,Sierit  / DER AN858 (eobs2561),2013,1,13.879199,0,0.23276933,0.7416098867543043,0,3.7966566,1.737398
2013-09-11,Sierit_DER_AN858_eobs2561__2013__southbound_01,Sierit  / DER AN858 (eobs2561),2013,1,13.879199,0,0.20143536,0.7416098867543043,0,5.891556,0.9641291
2014-09-22,Bubbel_plus_DER_AN873_eobs_3666__2014__southbound_01,Bubbel + / DER AN873 (eobs 3666),2014,1,11.614469,0,0.23681156,0.7416098867543043,0,0.074015476,0.94189394
2015-09-14,Fifi_plus_DER_AN909_eobs_3906__2015__southbound_01,Fifi + / DER AN909 (eobs 3906),2015,1,10.702984,0,0.24194448,0.7416098867543043,0,6.677841,0.8132001
2015-08-10,Redrunner_plus_DER_AU057_eobs_3339__2015__southbound_01,Redrunner + / DER AU057 (eobs 3339),2015,1,10.721669,1,0.27780053,0.7416098867543043,0,40.64595,1.3357675
2013-11-05,Karamell_plus_DER_AL582_eobs3031__2013__southbound_01,Karamell + / DER AL582 (eobs3031),2013,1,13.501802,0,0.3579647,0.7416098867543043,0,1.9774164,2.8745844
2020-08-29,Europa_DER_A1A26_eobs_4004__2020__southbound_01,Europa / DER A1A26 (eobs 4004),2020,1,9.390811,0,0.9526348,0.7416098867543043,1,6.415245,43.371243
2019-10-25,Angela_DER_AY470_eobs_4001__2019__southbound_01,Angela / DER AY470 (eobs 4001),2019,1,9.285906,0,0.7131889,0.7416098867543043,0,0.12478739,5.4146004
2014-10-13,Wibi_2_plus_DER_AU044_eobs_3943__2014__southbound_01,Wibi 2 + / DER AU044 (eobs 3943),2014,1,5.604145,0,0.18048851,0.7416098867543043,0,0.0125884535,0.91755134
2018-08-23,Sierit_DER_AN858_eobs2561__2018__southbound_01,Sierit  / DER AN858 (eobs2561),2018,1,6.2883363,0,0.08266988,0.7416098867543043,0,0.26846752,0.6223837
2014-11-15,Louis_DER_AU050_eobs_3264__2014__southbound_01,Louis / DER AU050 (eobs 3264),2014,1,7.9057946,0,0.30675146,0.7416098867543043,0,0.09577217,2.120523
2019-09-03,Angela_DER_AY470_eobs_4001__2019__southbound_01,Angela / DER AY470 (eobs 4001),2019,1,9.285906,1,0.9062172,0.7416098867543043,1,18.790884,23.231565
2023-08-24,Angela_DER_AY470_eobs_4001__2023__southbound_01,Angela / DER AY470 (eobs 4001),2023,1,11.613243,1,0.9597372,0.7416098867543043,1,156.89,52.83795
2014-09-30,Wibi_2_plus_DER_AU044_eobs_3943__2014__southbound_01,Wibi 2 + / DER AU044 (eobs 3943),2014,1,5.604145,0,0.21422051,0.7416098867543043,0,0.046438318,1.1062574
2018-11-09,Zozu_plus_DER_AL581_eobs2541__2018__southbound_01,Zozu + / DER AL581 (eobs2541),2018,1,7.799646,0,0.1054511,0.7416098867543043,0,0.040721413,1.2703421
2014-08-08,Niclas_DER_AU053_eobs_3341__2014__southbound_01,Niclas / DER AU053 (eobs 3341),2014,1,13.2831955,0,0.060528576,0.7416098867543043,0,0.016978513,0.609811
2020-08-16,Mirabell_plus_DER_AN910_eobs_3907__2020__southbound_01,Mirabell + / DER AN910 (eobs 3907),2020,1,9.278834,0,0.065375775,0.7416098867543043,0,0.14934935,0.6241598
2016-10-07,Zozu_plus_DER_AL581_eobs2541__2016__southbound_01,Zozu + / DER AL581 (eobs2541),2016,1,6.2488127,0,0.2442912,0.7416098867543043,0,4.2086143,1.2965721
2013-10-16,Zozu_plus_DER_AL581_eobs2541__2013__southbound_01,Zozu + / DER AL581 (eobs2541),2013,1,13.480279,0,0.67359185,0.7416098867543043,0,0.010368759,4.8800936
2014-10-09,Tammy_plus_DER_AN918_eobs_3917__2014__southbound_01,Tammy + / DER AN918 (eobs 3917),2014,1,10.795916,0,0.81998974,0.7416098867543043,1,7.891521,13.576473
2015-10-08,Sierit_DER_AN858_eobs2561__2015__southbound_01,Sierit  / DER AN858 (eobs2561),2015,1,6.2869434,0,0.14209247,0.7416098867543043,0,1.0554832,0.89412683
2018-09-08,Angela_DER_AY470_eobs_4001__2018__southbound_01,Angela / DER AY470 (eobs 4001),2018,1,12.0012455,1,0.9471794,0.7416098867543043,1,121.06874,35.692924
2015-10-12,Niclas_DER_AU053_eobs_3341__2015__southbound_01,Niclas / DER AU053 (eobs 3341),2015,1,5.8521757,0,0.7603453,0.7416098867543043,1,0.73968834,10.686837
2022-09-03,Europa_DER_A1A26_eobs_4004__2022__southbound_01,Europa / DER A1A26 (eobs 4004),2022,1,7.337657,0,0.1322315,0.7416098867543043,0,0.104534276,0.78200454
2018-12-03,Zozu_plus_DER_AL581_eobs2541__2018__southbound_01,Zozu + / DER AL581 (eobs2541),2018,1,7.799646,0,0.12583373,0.7416098867543043,0,0.006196473,1.2839004
2017-09-29,Europa_DER_A1A26_eobs_4004__2017__southbound_01,Europa / DER A1A26 (eobs 4004),2017,1,17.480358,0,0.90398127,0.7416098867543043,1,0.8143662,23.062275
2015-10-18,Mirabell_plus_DER_AN910_eobs_3907__2015__southbound_01,Mirabell + / DER AN910 (eobs 3907),2015,1,7.461956,0,0.5255765,0.7416098867543043,0,1.1071931,3.4752517
2017-08-19,Europa_DER_A1A26_eobs_4004__2017__southbound_01,Europa / DER A1A26 (eobs 4004),2017,1,17.480358,1,0.94370216,0.7416098867543043,1,174.02405,43.74668
2017-12-02,Zozu_plus_DER_AL581_eobs2541__2017__southbound_01,Zozu + / DER AL581 (eobs2541),2017,1,6.2489033,0,0.24733868,0.7416098867543043,0,1.582989,1.820483
2014-10-31,Bubbel_plus_DER_AN873_eobs_3666__2014__southbound_01,Bubbel + / DER AN873 (eobs 3666),2014,1,11.614469,0,0.14793442,0.7416098867543043,0,0.5542751,1.3626193
2014-11-06,Tammy_plus_DER_AN918_eobs_3917__2014__southbound_01,Tammy + / DER AN918 (eobs 3917),2014,1,10.795916,0,0.181648,0.7416098867543043,0,1.3330282,1.6868522
2014-10-29,Muffine_DER_AN922_eobs_3921__2014__southbound_01,Muffine / DER AN922 (eobs 3921),2014,1,10.742697,0,0.21847378,0.7416098867543043,0,1.1396114,2.236661
2015-09-08,Fifi_plus_DER_AN909_eobs_3906__2015__southbound_01,Fifi + / DER AN909 (eobs 3906),2015,1,10.702984,0,0.9574207,0.7416098867543043,1,2.5248835,63.601105
2017-07-19,Louis_DER_AU050_eobs_3264__2017__southbound_01,Louis / DER AU050 (eobs 3264),2017,1,6.3365383,0,0.060984965,0.7416098867543043,0,0.9662607,0.8582784
2018-09-07,Angela_DER_AY470_eobs_4001__2018__southbound_01,Angela / DER AY470 (eobs 4001),2018,1,12.0012455,1,0.96225446,0.7416098867543043,1,137.35214,64.98657
2019-07-22,Muffine_DER_AN922_eobs_3921__2019__southbound_01,Muffine / DER AN922 (eobs 3921),2019,1,6.2770014,0,0.011357259,0.7416098867543043,0,0.4257431,0.6841237
2015-09-28,Fifi_plus_DER_AN909_eobs_3906__2015__southbound_01,Fifi + / DER AN909 (eobs 3906),2015,1,10.702984,0,0.6295002,0.7416098867543043,0,0.050299957,4.8159676
2014-10-16,Bubbel_plus_DER_AN873_eobs_3666__2014__southbound_01,Bubbel + / DER AN873 (eobs 3666),2014,1,11.614469,0,0.2877177,0.7416098867543043,0,1.6310647,2.010543
2015-07-05,Mirabell_plus_DER_AN910_eobs_3907__2015__southbound_01,Mirabell + / DER AN910 (eobs 3907),2015,1,7.461956,0,0.30343118,0.7416098867543043,0,3.1242921,1.899443
2018-09-14,Louis_DER_AU050_eobs_3264__2018__southbound_01,Louis / DER AU050 (eobs 3264),2018,1,6.4034295,0,0.32218295,0.7416098867543043,0,0.20396538,1.0725682
2019-10-19,Zozu_plus_DER_AL581_eobs2541__2019__southbound_01,Zozu + / DER AL581 (eobs2541),2019,1,6.2176614,0,0.20068905,0.7416098867543043,0,8.048279,1.3781922
2021-09-28,Louis_DER_AU050_eobs_3264__2021__southbound_01,Louis / DER AU050 (eobs 3264),2021,1,6.275173,0,0.16238713,0.7416098867543043,0,0.15333313,1.1863236
2015-08-21,Tammy_plus_DER_AN918_eobs_3917__2015__southbound_01,Tammy + / DER AN918 (eobs 3917),2015,1,5.2949753,0,0.13416353,0.7416098867543043,0,0.18491395,0.97935605
2018-12-16,Zozu_plus_DER_AL581_eobs2541__2018__southbound_01,Zozu + / DER AL581 (eobs2541),2018,1,7.799646,0,0.09978217,0.7416098867543043,0,5.860776,1.1335119
2016-10-16,Zozu_plus_DER_AL581_eobs2541__2016__southbound_01,Zozu + / DER AL581 (eobs2541),2016,1,6.2488127,0,0.2917877,0.7416098867543043,0,0.020549353,1.5613475
2017-09-18,Sierit_DER_AN858_eobs2561__2017__southbound_01,Sierit  / DER AN858 (eobs2561),2017,1,6.3050985,1,0.982106,0.7416098867543043,1,91.16083,81.35242
2020-07-31,Angela_DER_AY470_eobs_4001__2020__southbound_01,Angela / DER AY470 (eobs 4001),2020,1,11.86833,0,0.019232713,0.7416098867543043,0,0.08604845,0.65016544
2015-07-19,Fifi_plus_DER_AN909_eobs_3906__2015__southbound_01,Fifi + / DER AN909 (eobs 3906),2015,1,10.702984,0,0.40935963,0.7416098867543043,0,0.63363653,2.5246723
2017-08-16,Europa_DER_A1A26_eobs_4004__2017__southbound_01,Europa / DER A1A26 (eobs 4004),2017,1,17.480358,1,0.9221465,0.7416098867543043,1,106.240364,30.720482
2015-07-19,Tammy_plus_DER_AN918_eobs_3917__2015__southbound_01,Tammy + / DER AN918 (eobs 3917),2015,1,5.2949753,0,0.3405806,0.7416098867543043,0,2.5956662,2.1239471
2018-10-31,Angela_DER_AY470_eobs_4001__2018__southbound_01,Angela / DER AY470 (eobs 4001),2018,1,12.0012455,0,0.20245971,0.7416098867543043,0,0.5723023,1.5313624
2017-08-10,Sierit_DER_AN858_eobs2561__2017__southbound_01,Sierit  / DER AN858 (eobs2561),2017,1,6.3050985,0,0.03659248,0.7416098867543043,0,0.13745512,0.6117399
2018-12-05,Sara_plus_DER_AU017_eobs_3941__2018__southbound_01,Sara + / DER AU017 (eobs 3941),2018,1,8.361839,0,0.1951289,0.7416098867543043,0,3.8472674,1.5888369
2016-08-06,Zozu_plus_DER_AL581_eobs2541__2016__southbound_01,Zozu + / DER AL581 (eobs2541),2016,1,6.2488127,0,0.021316389,0.7416098867543043,0,3.6459796,0.6128088
2019-07-26,Mirabell_plus_DER_AN910_eobs_3907__2019__southbound_01,Mirabell + / DER AN910 (eobs 3907),2019,1,13.553637,0,0.012330786,0.7416098867543043,0,0.2553013,0.6587415
2020-07-18,Mirabell_plus_DER_AN910_eobs_3907__2020__southbound_01,Mirabell + / DER AN910 (eobs 3907),2020,1,9.278834,0,0.010944144,0.7416098867543043,0,0.43823096,0.70665133
2015-11-12,Tammy_plus_DER_AN918_eobs_3917__2015__southbound_01,Tammy + / DER AN918 (eobs 3917),2015,1,5.2949753,0,0.09101407,0.7416098867543043,0,5.3298593,1.2080182
2013-08-29,Karamell_plus_DER_AL582_eobs3031__2013__southbound_01,Karamell + / DER AL582 (eobs3031),2013,1,13.501802,0,0.097812176,0.7416098867543043,0,0.033085756,0.6336429
2013-09-24,Karamell_plus_DER_AL582_eobs3031__2013__southbound_01,Karamell + / DER AL582 (eobs3031),2013,1,13.501802,1,0.35201657,0.7416098867543043,0,12.146256,2.1915236
2014-09-21,Tobi_plus_DER_AU052_eobs_3340__2014__southbound_01,Tobi + / DER AU052 (eobs 3340),2014,1,13.901598,0,0.11283328,0.7416098867543043,0,1.44024,0.75503695
2015-11-04,Tammy_plus_DER_AN918_eobs_3917__2015__southbound_01,Tammy + / DER AN918 (eobs 3917),2015,1,5.2949753,0,0.21443684,0.7416098867543043,0,0.17405368,1.5905676
2018-11-15,Sara_plus_DER_AU017_eobs_3941__2018__southbound_01,Sara + / DER AU017 (eobs 3941),2018,1,8.361839,0,0.22070122,0.7416098867543043,0,5.124139,1.7184052
2013-09-08,Sierit_DER_AN858_eobs2561__2013__southbound_01,Sierit  / DER AN858 (eobs2561),2013,1,13.879199,0,0.23320231,0.7416098867543043,0,3.3693993,1.2962536
2016-08-16,Angela_DER_AY470_eobs_4001__2016__southbound_01,Angela / DER AY470 (eobs 4001),2016,1,12.185438,1,0.93593264,0.7416098867543043,1,171.38126,38.489326
2019-07-27,Mirabell_plus_DER_AN910_eobs_3907__2019__southbound_01,Mirabell + / DER AN910 (eobs 3907),2019,1,13.553637,0,0.013361966,0.7416098867543043,0,0.48140395,0.64856696
2014-09-21,Kiki_plus_DER_AN872_eobs_3648__2014__southbound_01,Kiki + / DER AN872 (eobs 3648),2014,1,16.123993,0,0.14662376,0.7416098867543043,0,0.15378717,0.963876
2015-06-28,Sara_plus_DER_AU017_eobs_3941__2015__southbound_01,Sara + / DER AU017 (eobs 3941),2015,1,8.472937,0,0.24492389,0.7416098867543043,0,1.7478434,1.6051642
2019-10-01,Europa_DER_A1A26_eobs_4004__2019__southbound_01,Europa / DER A1A26 (eobs 4004),2019,1,7.004766,0,0.2466829,0.7416098867543043,0,1.801085,1.6409411
2020-08-07,Zozu_plus_DER_AL581_eobs2541__2020__southbound_01,Zozu + / DER AL581 (eobs2541),2020,1,6.2783275,0,0.027932994,0.7416098867543043,0,0.178104,0.61458004
2013-11-05,Zozu_plus_DER_AL581_eobs2541__2013__southbound_01,Zozu + / DER AL581 (eobs2541),2013,1,13.480279,0,0.37290254,0.7416098867543043,0,0.27413023,2.4454732
2016-12-06,Niclas_DER_AU053_eobs_3341__2016__southbound_01,Niclas / DER AU053 (eobs 3341),2016,1,5.7741003,0,0.35962763,0.7416098867543043,0,2.2062097,2.4296908
2016-09-29,Niclas_DER_AU053_eobs_3341__2016__southbound_01,Niclas / DER AU053 (eobs 3341),2016,1,5.7741003,0,0.38071877,0.7416098867543043,0,2.1111035,2.1662705
2019-12-24,Zozu_plus_DER_AL581_eobs2541__2019__southbound_01,Zozu + / DER AL581 (eobs2541),2019,1,6.2176614,0,0.16520873,0.7416098867543043,0,7.9476185,1.285848
2016-09-27,Mirabell_plus_DER_AN910_eobs_3907__2016__southbound_01,Mirabell + / DER AN910 (eobs 3907),2016,1,13.317976,1,0.23438923,0.7416098867543043,0,17.102606,1.5037925
2018-10-05,Zozu_plus_DER_AL581_eobs2541__2018__southbound_01,Zozu + / DER AL581 (eobs2541),2018,1,7.799646,0,0.1724286,0.7416098867543043,0,8.192356,1.2638179
2017-07-17,Louis_DER_AU050_eobs_3264__2017__southbound_01,Louis / DER AU050 (eobs 3264),2017,1,6.3365383,0,0.07216053,0.7416098867543043,0,0.81970006,0.9417916
2014-11-20,Wibi_2_plus_DER_AU044_eobs_3943__2014__southbound_01,Wibi 2 + / DER AU044 (eobs 3943),2014,1,5.604145,0,0.064484484,0.7416098867543043,0,0.47795495,0.77284837
2018-12-07,Zozu_plus_DER_AL581_eobs2541__2018__southbound_01,Zozu + / DER AL581 (eobs2541),2018,1,7.799646,0,0.10132059,0.7416098867543043,0,5.5729094,1.1003124
2022-09-25,Europa_DER_A1A26_eobs_4004__2022__southbound_01,Europa / DER A1A26 (eobs 4004),2022,1,7.337657,1,0.734056,0.7416098867543043,0,52.24006,6.1100335
2018-11-23,Louis_DER_AU050_eobs_3264__2018__southbound_01,Louis / DER AU050 (eobs 3264),2018,1,6.4034295,0,0.17551653,0.7416098867543043,0,0.43931746,1.5495058
2014-07-30,Yolo_plus_DER_AN861_eobs2666__2014__southbound_01,Yolo + / DER AN861 (eobs2666),2014,1,11.697392,0,0.36896738,0.7416098867543043,0,0.06458334,2.3825746
2014-10-06,Wibi_2_plus_DER_AU044_eobs_3943__2014__southbound_01,Wibi 2 + / DER AU044 (eobs 3943),2014,1,5.604145,0,0.24016704,0.7416098867543043,0,0.16037893,1.2551539
2014-09-15,Conchito_plus_DER_AU005_eobs_3927__2014__southbound_01,Conchito + / DER AU005 (eobs 3927),2014,1,11.598715,1,0.4140121,0.7416098867543043,0,20.521132,2.2963634
2018-09-27,Angela_DER_AY470_eobs_4001__2018__southbound_01,Angela / DER AY470 (eobs 4001),2018,1,12.0012455,0,0.1310808,0.7416098867543043,0,0.07048488,0.9482474
2022-07-17,Angela_DER_AY470_eobs_4001__2022__southbound_01,Angela / DER AY470 (eobs 4001),2022,1,11.583361,0,0.010577528,0.7416098867543043,0,5.308215,0.7382585
2014-09-07,Mirabell_plus_DER_AN910_eobs_3907__2014__southbound_01,Mirabell + / DER AN910 (eobs 3907),2014,1,6.223172,1,0.95944136,0.7416098867543043,1,105.06669,57.11563
2014-09-16,Kiki_plus_DER_AN872_eobs_3648__2014__southbound_01,Kiki + / DER AN872 (eobs 3648),2014,1,16.123993,0,0.6069143,0.7416098867543043,0,1.1156957,3.0290284
2017-09-03,Zozu_plus_DER_AL581_eobs2541__2017__southbound_01,Zozu + / DER AL581 (eobs2541),2017,1,6.2489033,1,0.9804094,0.7416098867543043,1,42.7473,92.44153
2022-08-04,Angela_DER_AY470_eobs_4001__2022__southbound_01,Angela / DER AY470 (eobs 4001),2022,1,11.583361,0,0.23906781,0.7416098867543043,0,0.38005444,1.0359062
2014-10-21,Tobi_plus_DER_AU052_eobs_3340__2014__southbound_01,Tobi + / DER AU052 (eobs 3340),2014,1,13.901598,0,0.41720113,0.7416098867543043,0,0.8379363,3.1017327
2019-11-30,Angela_DER_AY470_eobs_4001__2019__southbound_01,Angela / DER AY470 (eobs 4001),2019,1,9.285906,0,0.08789379,0.7416098867543043,0,0.16875415,1.1868491
2014-09-23,Max_plus_DER_AU046_eobs_3945__2014__southbound_01,Max + / DER AU046 (eobs 3945),2014,1,6.2162013,0,0.95139396,0.7416098867543043,1,0.0678715,39.894775
2014-09-26,Sara_plus_DER_AU017_eobs_3941__2014__southbound_01,Sara + / DER AU017 (eobs 3941),2014,1,17.126158,0,0.1364017,0.7416098867543043,0,0.0854718,0.76941
2022-09-28,Europa_DER_A1A26_eobs_4004__2022__southbound_01,Europa / DER A1A26 (eobs 4004),2022,1,7.337657,0,0.1246862,0.7416098867543043,0,0.08048585,0.85671246
2018-12-07,Sara_plus_DER_AU017_eobs_3941__2018__southbound_01,Sara + / DER AU017 (eobs 3941),2018,1,8.361839,0,0.13756269,0.7416098867543043,0,0.10170683,1.248981
2015-10-30,Niclas_DER_AU053_eobs_3341__2015__southbound_01,Niclas / DER AU053 (eobs 3341),2015,1,5.8521757,0,0.35453427,0.7416098867543043,0,0.24947222,2.1569831
2018-09-14,Angela_DER_AY470_eobs_4001__2018__southbound_01,Angela / DER AY470 (eobs 4001),2018,1,12.0012455,0,0.1582513,0.7416098867543043,0,0.16428328,0.95032436
2020-10-19,Sierit_DER_AN858_eobs2561__2020__southbound_01,Sierit  / DER AN858 (eobs2561),2020,1,6.2724504,0,0.42178684,0.7416098867543043,0,7.798555,3.2328837
2013-11-16,Karamell_plus_DER_AL582_eobs3031__2013__southbound_01,Karamell + / DER AL582 (eobs3031),2013,1,13.501802,0,0.36983567,0.7416098867543043,0,0.24649395,2.3544593
2014-08-25,Ronja_plus_DER_AU004_eobs_3926__2014__southbound_01,Ronja + / DER AU004 (eobs 3926),2014,1,11.651782,1,0.97942746,0.7416098867543043,1,31.506966,85.24659
2017-09-15,Europa_DER_A1A26_eobs_4004__2017__southbound_01,Europa / DER A1A26 (eobs 4004),2017,1,17.480358,0,0.2860137,0.7416098867543043,0,0.4162687,1.5612831
2018-12-03,Sara_plus_DER_AU017_eobs_3941__2018__southbound_01,Sara + / DER AU017 (eobs 3941),2018,1,8.361839,0,0.17869523,0.7416098867543043,0,2.6599789,1.5875018
2017-07-29,Mirabell_plus_DER_AN910_eobs_3907__2017__southbound_01,Mirabell + / DER AN910 (eobs 3907),2017,1,13.340494,0,0.013561147,0.7416098867543043,0,0.047710665,0.660723
2019-07-19,Mirabell_plus_DER_AN910_eobs_3907__2019__southbound_01,Mirabell + / DER AN910 (eobs 3907),2019,1,13.553637,0,0.010894627,0.7416098867543043,0,0.030561984,0.7130335
2014-10-06,Mirabell_plus_DER_AN910_eobs_3907__2014__southbound_01,Mirabell + / DER AN910 (eobs 3907),2014,1,6.223172,0,0.13510248,0.7416098867543043,0,2.2339375,0.74688137
2014-10-02,Tammy_plus_DER_AN918_eobs_3917__2014__southbound_01,Tammy + / DER AN918 (eobs 3917),2014,1,10.795916,0,0.83589405,0.7416098867543043,1,9.169372,16.452131
2020-08-02,Sierit_DER_AN858_eobs2561__2020__southbound_01,Sierit  / DER AN858 (eobs2561),2020,1,6.2724504,0,0.02455258,0.7416098867543043,0,0.10942046,0.6260854
2019-12-15,Zozu_plus_DER_AL581_eobs2541__2019__southbound_01,Zozu + / DER AL581 (eobs2541),2019,1,6.2176614,0,0.12697643,0.7416098867543043,0,1.6152493,1.2717909
2019-09-23,Sara_plus_DER_AU017_eobs_3941__2019__southbound_01,Sara + / DER AU017 (eobs 3941),2019,1,8.3754015,0,0.27326345,0.7416098867543043,0,2.907973,1.2745285
2018-08-13,Mirabell_plus_DER_AN910_eobs_3907__2018__southbound_01,Mirabell + / DER AN910 (eobs 3907),2018,1,13.555351,0,0.034279585,0.7416098867543043,0,0.13032779,0.6017338
2015-10-24,Sierit_DER_AN858_eobs2561__2015__southbound_01,Sierit  / DER AN858 (eobs2561),2015,1,6.2869434,0,0.22360937,0.7416098867543043,0,5.3609295,1.8806183
2020-08-23,Sierit_DER_AN858_eobs2561__2020__southbound_01,Sierit  / DER AN858 (eobs2561),2020,1,6.2724504,0,0.098168656,0.7416098867543043,0,0.46752492,0.652755
2019-12-03,Angela_DER_AY470_eobs_4001__2019__southbound_01,Angela / DER AY470 (eobs 4001),2019,1,9.285906,0,0.08545482,0.7416098867543043,0,3.5917184,1.115322
2020-10-02,Sierit_DER_AN858_eobs2561__2020__southbound_01,Sierit  / DER AN858 (eobs2561),2020,1,6.2724504,0,0.2734851,0.7416098867543043,0,0.12492979,1.5221102
2017-07-15,Europa_DER_A1A26_eobs_4004__2017__southbound_01,Europa / DER A1A26 (eobs 4004),2017,1,17.480358,0,0.17005841,0.7416098867543043,0,0.00074648747,1.2447742
2015-08-18,Sara_plus_DER_AU017_eobs_3941__2015__southbound_01,Sara + / DER AU017 (eobs 3941),2015,1,8.472937,1,0.95464385,0.7416098867543043,1,63.261555,50.627396
2015-10-14,Sierit_DER_AN858_eobs2561__2015__southbound_01,Sierit  / DER AN858 (eobs2561),2015,1,6.2869434,0,0.17381416,0.7416098867543043,0,0.012047478,1.247814
2017-08-13,Zozu_plus_DER_AL581_eobs2541__2017__southbound_01,Zozu + / DER AL581 (eobs2541),2017,1,6.2489033,0,0.33836553,0.7416098867543043,0,0.33194226,1.3470438
2013-09-30,Karamell_plus_DER_AL582_eobs3031__2013__southbound_01,Karamell + / DER AL582 (eobs3031),2013,1,13.501802,0,0.49076673,0.7416098867543043,0,8.817868,3.0389616
2023-09-18,Angela_DER_AY470_eobs_4001__2023__southbound_01,Angela / DER AY470 (eobs 4001),2023,1,11.613243,0,0.22894607,0.7416098867543043,0,2.743373,1.2156801
2020-10-15,Zozu_plus_DER_AL581_eobs2541__2020__southbound_01,Zozu + / DER AL581 (eobs2541),2020,1,6.2783275,0,0.26706165,0.7416098867543043,0,0.05004229,1.7662927
2014-08-23,Ronja_plus_DER_AU004_eobs_3926__2014__southbound_01,Ronja + / DER AU004 (eobs 3926),2014,1,11.651782,1,0.98557925,0.7416098867543043,1,111.98656,109.28814
2017-07-25,Louis_DER_AU050_eobs_3264__2017__southbound_01,Louis / DER AU050 (eobs 3264),2017,1,6.3365383,0,0.046672218,0.7416098867543043,0,0.77891916,0.7524929
2014-09-09,Niclas_DER_AU053_eobs_3341__2014__southbound_01,Niclas / DER AU053 (eobs 3341),2014,1,13.2831955,1,0.9375318,0.7416098867543043,1,60.62907,35.40071
2016-11-10,Zozu_plus_DER_AL581_eobs2541__2016__southbound_01,Zozu + / DER AL581 (eobs2541),2016,1,6.2488127,0,0.16232163,0.7416098867543043,0,3.7466805,1.3360665
2018-10-21,Sara_plus_DER_AU017_eobs_3941__2018__southbound_01,Sara + / DER AU017 (eobs 3941),2018,1,8.361839,1,0.31650457,0.7416098867543043,0,13.108191,2.0150445
2019-11-13,Europa_DER_A1A26_eobs_4004__2019__southbound_01,Europa / DER A1A26 (eobs 4004),2019,1,7.004766,0,0.28904474,0.7416098867543043,0,7.786413,2.6215672
2023-09-11,Louis_DER_AU050_eobs_3264__2023__southbound_01,Louis / DER AU050 (eobs 3264),2023,1,6.346841,0,0.2198314,0.7416098867543043,0,1.639857,0.8334423
2018-08-06,Angela_DER_AY470_eobs_4001__2018__southbound_01,Angela / DER AY470 (eobs 4001),2018,1,12.0012455,0,0.1992083,0.7416098867543043,0,1.883442,1.0203466
2018-09-02,Louis_DER_AU050_eobs_3264__2018__southbound_01,Louis / DER AU050 (eobs 3264),2018,1,6.4034295,0,0.22894102,0.7416098867543043,0,0.013719085,0.9148185
2014-10-20,Muffine_DER_AN922_eobs_3921__2014__southbound_01,Muffine / DER AN922 (eobs 3921),2014,1,10.742697,0,0.3846893,0.7416098867543043,0,0.69536996,2.7424588
2016-09-04,Zozu_plus_DER_AL581_eobs2541__2016__southbound_01,Zozu + / DER AL581 (eobs2541),2016,1,6.2488127,1,0.96692675,0.7416098867543043,1,17.127987,52.99511
2013-10-08,Karamell_plus_DER_AL582_eobs3031__2013__southbound_01,Karamell + / DER AL582 (eobs3031),2013,1,13.501802,0,0.539591,0.7416098867543043,0,6.3240547,3.5567083
2023-09-20,Louis_DER_AU050_eobs_3264__2023__southbound_01,Louis / DER AU050 (eobs 3264),2023,1,6.346841,1,0.9679328,0.7416098867543043,1,77.11294,52.605007
2014-09-09,Louis_DER_AU050_eobs_3264__2014__southbound_01,Louis / DER AU050 (eobs 3264),2014,1,7.9057946,0,0.21331502,0.7416098867543043,0,0.1392708,0.9848139
2018-07-08,Mirabell_plus_DER_AN910_eobs_3907__2018__southbound_01,Mirabell + / DER AN910 (eobs 3907),2018,1,13.555351,0,0.014170973,0.7416098867543043,0,0.16434409,0.6911217
2014-08-19,Chompy_plus_DER_AN871_eobs3647__2014__southbound_01,Chompy + / DER AN871 (eobs3647),2014,1,11.4127865,0,0.17371957,0.7416098867543043,0,0.35243014,0.6332432
2019-08-20,Sara_plus_DER_AU017_eobs_3941__2019__southbound_01,Sara + / DER AU017 (eobs 3941),2019,1,8.3754015,0,0.072210394,0.7416098867543043,0,3.428835,0.66229695
2021-11-13,Europa_DER_A1A26_eobs_4004__2021__southbound_01,Europa / DER A1A26 (eobs 4004),2021,1,7.046981,1,0.09820357,0.7416098867543043,0,13.664598,1.2555459
2016-11-20,Niclas_DER_AU053_eobs_3341__2016__southbound_01,Niclas / DER AU053 (eobs 3341),2016,1,5.7741003,0,0.42738006,0.7416098867543043,0,3.5494473,2.8527253
2019-09-12,Mirabell_plus_DER_AN910_eobs_3907__2019__southbound_01,Mirabell + / DER AN910 (eobs 3907),2019,1,13.553637,0,0.15193477,0.7416098867543043,0,0.33926284,0.9130655
2018-08-06,Europa_DER_A1A26_eobs_4004__2018__southbound_01,Europa / DER A1A26 (eobs 4004),2018,1,9.897527,0,0.6347717,0.7416098867543043,0,2.1251903,3.5238264
2020-07-30,Sierit_DER_AN858_eobs2561__2020__southbound_01,Sierit  / DER AN858 (eobs2561),2020,1,6.2724504,0,0.015995502,0.7416098867543043,0,0.18807447,0.6218134
2016-10-18,Niclas_DER_AU053_eobs_3341__2016__southbound_01,Niclas / DER AU053 (eobs 3341),2016,1,5.7741003,0,0.38609526,0.7416098867543043,0,6.256895,2.8383307
2016-09-25,Mirabell_plus_DER_AN910_eobs_3907__2016__southbound_01,Mirabell + / DER AN910 (eobs 3907),2016,1,13.317976,0,0.8797881,0.7416098867543043,1,0.049246162,14.304133
2015-12-01,Sara_plus_DER_AU017_eobs_3941__2015__southbound_01,Sara + / DER AU017 (eobs 3941),2015,1,8.472937,0,0.06348148,0.7416098867543043,0,0.9730017,1.0897704
2018-07-21,Mirabell_plus_DER_AN910_eobs_3907__2018__southbound_01,Mirabell + / DER AN910 (eobs 3907),2018,1,13.555351,0,0.011635286,0.7416098867543043,0,0.108524814,0.6920104
2015-09-09,Tammy_plus_DER_AN918_eobs_3917__2015__southbound_01,Tammy + / DER AN918 (eobs 3917),2015,1,5.2949753,0,0.6651449,0.7416098867543043,0,5.8909254,6.2261243
2018-09-25,Sierit_DER_AN858_eobs2561__2018__southbound_01,Sierit  / DER AN858 (eobs2561),2018,1,6.2883363,0,0.11399957,0.7416098867543043,0,0.039984357,0.75967205
2014-09-07,Muffine_DER_AN922_eobs_3921__2014__southbound_01,Muffine / DER AN922 (eobs 3921),2014,1,10.742697,0,0.25006834,0.7416098867543043,0,0.025266537,1.1429137
2015-09-09,Emil_plus_DER_AV348_eobs_4001__2015__southbound_01,Emil + / DER AV348 (eobs 4001),2015,1,6.1622424,0,0.3131013,0.7416098867543043,0,0.005260599,1.3361765
2017-08-02,Mirabell_plus_DER_AN910_eobs_3907__2017__southbound_01,Mirabell + / DER AN910 (eobs 3907),2017,1,13.340494,0,0.017375836,0.7416098867543043,0,0.22650638,0.6311673
2020-07-30,Zozu_plus_DER_AL581_eobs2541__2020__southbound_01,Zozu + / DER AL581 (eobs2541),2020,1,6.2783275,0,0.016976228,0.7416098867543043,0,1.8240228,0.6361474
2014-10-09,Louis_DER_AU050_eobs_3264__2014__southbound_01,Louis / DER AU050 (eobs 3264),2014,1,7.9057946,0,0.2405157,0.7416098867543043,0,0.13951667,1.5910287
2014-10-05,Muffine_DER_AN922_eobs_3921__2014__southbound_01,Muffine / DER AN922 (eobs 3921),2014,1,10.742697,0,0.8704852,0.7416098867543043,1,3.2114182,18.210688
2015-07-27,Sara_plus_DER_AU017_eobs_3941__2015__southbound_01,Sara + / DER AU017 (eobs 3941),2015,1,8.472937,0,0.100475736,0.7416098867543043,0,0.45901376,1.0332321
2018-08-29,Zozu_plus_DER_AL581_eobs2541__2018__southbound_01,Zozu + / DER AL581 (eobs2541),2018,1,7.799646,1,0.9661243,0.7416098867543043,1,16.023987,50.480316
2014-10-05,Bubbel_plus_DER_AN873_eobs_3666__2014__southbound_01,Bubbel + / DER AN873 (eobs 3666),2014,1,11.614469,0,0.26535723,0.7416098867543043,0,6.8316207,1.6178308
2022-11-16,Europa_DER_A1A26_eobs_4004__2022__southbound_01,Europa / DER A1A26 (eobs 4004),2022,1,7.337657,0,0.1419201,0.7416098867543043,0,0.09748509,1.7985846
2020-08-02,Angela_DER_AY470_eobs_4001__2020__southbound_01,Angela / DER AY470 (eobs 4001),2020,1,11.86833,0,0.020434909,0.7416098867543043,0,0.9582505,0.62610334
2014-09-08,Fifi_plus_DER_AN909_eobs_3906__2014__southbound_01,Fifi + / DER AN909 (eobs 3906),2014,1,13.906638,0,0.12688838,0.7416098867543043,0,0.14240137,0.80747396
2021-11-18,Europa_DER_A1A26_eobs_4004__2021__southbound_01,Europa / DER A1A26 (eobs 4004),2021,1,7.046981,0,0.19098268,0.7416098867543043,0,5.860239,1.5807489
2021-10-24,Ed_plus_AAL16_e-obs_7210__2021__southbound_01,"Ed + (AAL16, e-obs 7210)",2021,1,10.53983,0,0.2179216,0.7416098867543043,0,0.2911016,1.665912
2018-10-21,Angela_DER_AY470_eobs_4001__2018__southbound_01,Angela / DER AY470 (eobs 4001),2018,1,12.0012455,1,0.8667287,0.7416098867543043,1,33.87614,14.69924
2017-07-20,Sierit_DER_AN858_eobs2561__2017__southbound_01,Sierit  / DER AN858 (eobs2561),2017,1,6.3050985,0,0.011104604,0.7416098867543043,0,0.5615216,0.68149024
2013-09-12,Sierit_DER_AN858_eobs2561__2013__southbound_01,Sierit  / DER AN858 (eobs2561),2013,1,13.879199,0,0.51133454,0.7416098867543043,0,5.488046,3.5190659
2014-08-21,Ronja_plus_DER_AU004_eobs_3926__2014__southbound_01,Ronja + / DER AU004 (eobs 3926),2014,1,11.651782,1,0.9750406,0.7416098867543043,1,238.21466,88.71665
2015-09-10,Mirabell_plus_DER_AN910_eobs_3907__2015__southbound_01,Mirabell + / DER AN910 (eobs 3907),2015,1,7.461956,0,0.20608607,0.7416098867543043,0,1.0806261,0.80893576
2015-09-18,Niclas_DER_AU053_eobs_3341__2015__southbound_01,Niclas / DER AU053 (eobs 3341),2015,1,5.8521757,0,0.24928796,0.7416098867543043,0,1.9588927,1.4001067
2017-08-30,Zozu_plus_DER_AL581_eobs2541__2017__southbound_01,Zozu + / DER AL581 (eobs2541),2017,1,6.2489033,1,0.98297495,0.7416098867543043,1,141.39915,112.90268
2014-09-23,Sara_plus_DER_AU017_eobs_3941__2014__southbound_01,Sara + / DER AU017 (eobs 3941),2014,1,17.126158,0,0.12691385,0.7416098867543043,0,0.20825948,0.85421306
2013-12-27,Eamy_plus_DER_AL585_eobs3063__2013__southbound_01,Eamy + / DER AL585 (eobs3063),2013,1,13.502175,0,0.07817065,0.7416098867543043,0,0.19610934,0.8641271
2014-09-12,Chompy_plus_DER_AN871_eobs3647__2014__southbound_01,Chompy + / DER AN871 (eobs3647),2014,1,11.4127865,0,0.5267966,0.7416098867543043,0,0.058764745,2.021367
2019-07-18,Muffine_DER_AN922_eobs_3921__2019__southbound_01,Muffine / DER AN922 (eobs 3921),2019,1,6.2770014,0,0.010961206,0.7416098867543043,0,0.23333015,0.70762277
2015-07-27,Mirabell_plus_DER_AN910_eobs_3907__2015__southbound_01,Mirabell + / DER AN910 (eobs 3907),2015,1,7.461956,0,0.21295272,0.7416098867543043,0,0.08874497,1.6899152
2017-11-25,Zozu_plus_DER_AL581_eobs2541__2017__southbound_01,Zozu + / DER AL581 (eobs2541),2017,1,6.2489033,0,0.23660295,0.7416098867543043,0,0.007585446,1.7873502
2020-07-13,Angela_DER_AY470_eobs_4001__2020__southbound_01,Angela / DER AY470 (eobs 4001),2020,1,11.86833,0,0.009869828,0.7416098867543043,0,1.5935731,0.7209753
2014-09-08,Lewis_plus_DER_AU015_eobs_3939__2014__southbound_01,Lewis + / DER AU015 (eobs 3939),2014,1,16.46963,0,0.077947356,0.7416098867543043,0,0.041126404,0.5891901
2014-11-01,Max_plus_DER_AU046_eobs_3945__2014__southbound_01,Max + / DER AU046 (eobs 3945),2014,1,6.2162013,1,0.5868923,0.7416098867543043,0,31.92354,3.38739
2019-09-28,Angela_DER_AY470_eobs_4001__2019__southbound_01,Angela / DER AY470 (eobs 4001),2019,1,9.285906,1,0.87362385,0.7416098867543043,1,118.38779,23.886024
2021-10-27,Louis_DER_AU050_eobs_3264__2021__southbound_01,Louis / DER AU050 (eobs 3264),2021,1,6.275173,0,0.09458436,0.7416098867543043,0,0.48242635,0.8277285
2013-10-28,Karamell_plus_DER_AL582_eobs3031__2013__southbound_01,Karamell + / DER AL582 (eobs3031),2013,1,13.501802,1,0.8255398,0.7416098867543043,1,36.32367,12.956393
2016-10-20,Niclas_DER_AU053_eobs_3341__2016__southbound_01,Niclas / DER AU053 (eobs 3341),2016,1,5.7741003,0,0.22068541,0.7416098867543043,0,6.2048645,1.6225187
2021-09-27,Sierit_DER_AN858_eobs2561__2021__southbound_01,Sierit  / DER AN858 (eobs2561),2021,1,6.2726984,0,0.14495361,0.7416098867543043,0,0.19663581,0.8716075
2017-11-05,Zozu_plus_DER_AL581_eobs2541__2017__southbound_01,Zozu + / DER AL581 (eobs2541),2017,1,6.2489033,0,0.31331223,0.7416098867543043,0,0.13387708,1.99901
2014-11-02,Mirabell_plus_DER_AN910_eobs_3907__2014__southbound_01,Mirabell + / DER AN910 (eobs 3907),2014,1,6.223172,0,0.41123676,0.7416098867543043,0,0.5276171,2.7659714
2017-08-31,Louis_DER_AU050_eobs_3264__2017__southbound_01,Louis / DER AU050 (eobs 3264),2017,1,6.3365383,0,0.11722854,0.7416098867543043,0,3.9925659,0.5461469
2014-09-20,Tammy_plus_DER_AN918_eobs_3917__2014__southbound_01,Tammy + / DER AN918 (eobs 3917),2014,1,10.795916,0,0.1751648,0.7416098867543043,0,0.9429263,1.0923924
2019-10-11,Zozu_plus_DER_AL581_eobs2541__2019__southbound_01,Zozu + / DER AL581 (eobs2541),2019,1,6.2176614,0,0.33510032,0.7416098867543043,0,0.782733,1.8449655
2018-11-07,Zozu_plus_DER_AL581_eobs2541__2018__southbound_01,Zozu + / DER AL581 (eobs2541),2018,1,7.799646,0,0.21144576,0.7416098867543043,0,0.03761599,1.8418118
2016-09-11,Mirabell_plus_DER_AN910_eobs_3907__2016__southbound_01,Mirabell + / DER AN910 (eobs 3907),2016,1,13.317976,1,0.8121907,0.7416098867543043,1,62.90054,8.533412
2023-08-21,Angela_DER_AY470_eobs_4001__2023__southbound_01,Angela / DER AY470 (eobs 4001),2023,1,11.613243,1,0.978015,0.7416098867543043,1,22.441936,93.05875
2016-08-20,Louis_DER_AU050_eobs_3264__2016__southbound_01,Louis / DER AU050 (eobs 3264),2016,1,7.6238537,0,0.5326163,0.7416098867543043,0,0.116634876,2.5056329
2015-08-18,Fifi_plus_DER_AN909_eobs_3906__2015__southbound_01,Fifi + / DER AN909 (eobs 3906),2015,1,10.702984,1,0.23735526,0.7416098867543043,0,147.16275,0.76213384
2020-09-13,Zozu_plus_DER_AL581_eobs2541__2020__southbound_01,Zozu + / DER AL581 (eobs2541),2020,1,6.2783275,0,0.8835051,0.7416098867543043,1,1.3390206,20.51933
2019-09-22,Angela_DER_AY470_eobs_4001__2019__southbound_01,Angela / DER AY470 (eobs 4001),2019,1,9.285906,0,0.34006676,0.7416098867543043,0,4.6492453,1.9428219
2013-12-11,Eamy_plus_DER_AL585_eobs3063__2013__southbound_01,Eamy + / DER AL585 (eobs3063),2013,1,13.502175,0,0.10669486,0.7416098867543043,0,0.016261658,1.0272257
2014-10-31,Tammy_plus_DER_AN918_eobs_3917__2014__southbound_01,Tammy + / DER AN918 (eobs 3917),2014,1,10.795916,0,0.44353637,0.7416098867543043,0,1.607173,3.5365243
2019-07-02,Mirabell_plus_DER_AN910_eobs_3907__2019__southbound_01,Mirabell + / DER AN910 (eobs 3907),2019,1,13.553637,0,0.01575841,0.7416098867543043,0,0.1771227,0.7786676
2023-09-10,Angela_DER_AY470_eobs_4001__2023__southbound_01,Angela / DER AY470 (eobs 4001),2023,1,11.613243,1,0.40383166,0.7416098867543043,0,45.99251,1.8226337
2016-09-03,Louis_DER_AU050_eobs_3264__2016__southbound_01,Louis / DER AU050 (eobs 3264),2016,1,7.6238537,1,0.9501915,0.7416098867543043,1,38.127502,42.401333
2017-11-08,Zozu_plus_DER_AL581_eobs2541__2017__southbound_01,Zozu + / DER AL581 (eobs2541),2017,1,6.2489033,0,0.17484306,0.7416098867543043,0,0.0476753,1.411262
2019-07-13,Angela_DER_AY470_eobs_4001__2019__southbound_01,Angela / DER AY470 (eobs 4001),2019,1,9.285906,0,0.16906305,0.7416098867543043,0,9.129522,1.3727032
2020-08-12,Angela_DER_AY470_eobs_4001__2020__southbound_01,Angela / DER AY470 (eobs 4001),2020,1,11.86833,0,0.045129165,0.7416098867543043,0,0.48210394,0.6466743
2014-09-03,Hans_plus_DER_AN923_eobs_3922__2014__southbound_01,Hans + / DER AN923 (eobs 3922),2014,1,6.6356635,0,0.3376424,0.7416098867543043,0,0.015977241,1.0536671
2014-10-23,Bubbel_plus_DER_AN873_eobs_3666__2014__southbound_01,Bubbel + / DER AN873 (eobs 3666),2014,1,11.614469,0,0.14466575,0.7416098867543043,0,0.18420255,1.1965754
2018-11-25,Zozu_plus_DER_AL581_eobs2541__2018__southbound_01,Zozu + / DER AL581 (eobs2541),2018,1,7.799646,0,0.11427906,0.7416098867543043,0,0.004276318,1.2572446
2019-09-02,Angela_DER_AY470_eobs_4001__2019__southbound_01,Angela / DER AY470 (eobs 4001),2019,1,9.285906,0,0.93688136,0.7416098867543043,1,9.849795,30.14131
2019-09-22,Zozu_plus_DER_AL581_eobs2541__2019__southbound_01,Zozu + / DER AL581 (eobs2541),2019,1,6.2176614,1,0.39315078,0.7416098867543043,0,24.184343,1.8520489
2022-07-16,Angela_DER_AY470_eobs_4001__2022__southbound_01,Angela / DER AY470 (eobs 4001),2022,1,11.583361,0,0.009908926,0.7416098867543043,0,7.1551013,0.7217978
2015-08-23,Redrunner_plus_DER_AU057_eobs_3339__2015__southbound_01,Redrunner + / DER AU057 (eobs 3339),2015,1,10.721669,0,0.53715336,0.7416098867543043,0,0.018182069,2.6093562
2018-09-08,Europa_DER_A1A26_eobs_4004__2018__southbound_01,Europa / DER A1A26 (eobs 4004),2018,1,9.897527,0,0.23013654,0.7416098867543043,0,0.10562518,1.1191212
2014-10-18,Max_plus_DER_AU046_eobs_3945__2014__southbound_01,Max + / DER AU046 (eobs 3945),2014,1,6.2162013,0,0.26602137,0.7416098867543043,0,0.042894132,1.8529292
2015-10-09,Niclas_DER_AU053_eobs_3341__2015__southbound_01,Niclas / DER AU053 (eobs 3341),2015,1,5.8521757,0,0.15631343,0.7416098867543043,0,0.0064067435,0.7871511
2018-07-22,Louis_DER_AU050_eobs_3264__2018__southbound_01,Louis / DER AU050 (eobs 3264),2018,1,6.4034295,0,0.011113185,0.7416098867543043,0,0.015704218,0.68842065
2019-10-21,Angela_DER_AY470_eobs_4001__2019__southbound_01,Angela / DER AY470 (eobs 4001),2019,1,9.285906,0,0.26502517,0.7416098867543043,0,8.248008,1.9338617
2014-10-17,Louis_DER_AU050_eobs_3264__2014__southbound_01,Louis / DER AU050 (eobs 3264),2014,1,7.9057946,0,0.15737584,0.7416098867543043,0,5.8150873,0.93553025
2018-08-24,Louis_DER_AU050_eobs_3264__2018__southbound_01,Louis / DER AU050 (eobs 3264),2018,1,6.4034295,0,0.12861583,0.7416098867543043,0,0.43769142,0.75009525
2015-08-04,Redrunner_plus_DER_AU057_eobs_3339__2015__southbound_01,Redrunner + / DER AU057 (eobs 3339),2015,1,10.721669,0,0.9091956,0.7416098867543043,1,0.70806885,22.455038
2023-08-27,Angela_DER_AY470_eobs_4001__2023__southbound_01,Angela / DER AY470 (eobs 4001),2023,1,11.613243,1,0.59403497,0.7416098867543043,0,115.59662,2.1438675
2018-09-21,Mirabell_plus_DER_AN910_eobs_3907__2018__southbound_01,Mirabell + / DER AN910 (eobs 3907),2018,1,13.555351,0,0.80172324,0.7416098867543043,1,0.65052426,7.912546
2017-07-15,Louis_DER_AU050_eobs_3264__2017__southbound_01,Louis / DER AU050 (eobs 3264),2017,1,6.3365383,0,0.07969405,0.7416098867543043,0,0.9595914,0.94979477
2017-11-19,Zozu_plus_DER_AL581_eobs2541__2017__southbound_01,Zozu + / DER AL581 (eobs2541),2017,1,6.2489033,0,0.22900638,0.7416098867543043,0,7.003579,1.779169
2015-09-17,Niclas_DER_AU053_eobs_3341__2015__southbound_01,Niclas / DER AU053 (eobs 3341),2015,1,5.8521757,0,0.22106904,0.7416098867543043,0,1.9594675,1.1088388
2020-09-09,Angela_DER_AY470_eobs_4001__2020__southbound_01,Angela / DER AY470 (eobs 4001),2020,1,11.86833,0,0.25729913,0.7416098867543043,0,3.2035518,1.5299373
2018-08-25,Mirabell_plus_DER_AN910_eobs_3907__2018__southbound_01,Mirabell + / DER AN910 (eobs 3907),2018,1,13.555351,0,0.07209439,0.7416098867543043,0,0.28627792,0.6034013
2014-10-29,Bubbel_plus_DER_AN873_eobs_3666__2014__southbound_01,Bubbel + / DER AN873 (eobs 3666),2014,1,11.614469,0,0.27900445,0.7416098867543043,0,0.3837385,2.5038116
2018-09-20,Zozu_plus_DER_AL581_eobs2541__2018__southbound_01,Zozu + / DER AL581 (eobs2541),2018,1,7.799646,0,0.46706235,0.7416098867543043,0,0.11915693,2.0734382
2015-09-21,Niclas_DER_AU053_eobs_3341__2015__southbound_01,Niclas / DER AU053 (eobs 3341),2015,1,5.8521757,0,0.42844734,0.7416098867543043,0,5.727287,2.5876513
2023-09-22,Louis_DER_AU050_eobs_3264__2023__southbound_01,Louis / DER AU050 (eobs 3264),2023,1,6.346841,1,0.97133553,0.7416098867543043,1,110.06592,62.220695
2020-08-10,Zozu_plus_DER_AL581_eobs2541__2020__southbound_01,Zozu + / DER AL581 (eobs2541),2020,1,6.2783275,0,0.03263031,0.7416098867543043,0,1.0336602,0.5944649
2014-09-16,Tammy_plus_DER_AN918_eobs_3917__2014__southbound_01,Tammy + / DER AN918 (eobs 3917),2014,1,10.795916,0,0.27973518,0.7416098867543043,0,9.183047,1.4995185
2014-09-19,Niclas_DER_AU053_eobs_3341__2014__southbound_01,Niclas / DER AU053 (eobs 3341),2014,1,13.2831955,0,0.49807233,0.7416098867543043,0,0.023160318,3.4675572
2015-08-08,Redrunner_plus_DER_AU057_eobs_3339__2015__southbound_01,Redrunner + / DER AU057 (eobs 3339),2015,1,10.721669,0,0.72955334,0.7416098867543043,0,0.09013226,8.140357
2016-08-21,Mirabell_plus_DER_AN910_eobs_3907__2016__southbound_01,Mirabell + / DER AN910 (eobs 3907),2016,1,13.317976,0,0.79375434,0.7416098867543043,1,0.5025358,11.034499
2014-10-05,Kiki_plus_DER_AN872_eobs_3648__2014__southbound_01,Kiki + / DER AN872 (eobs 3648),2014,1,16.123993,0,0.7038226,0.7416098867543043,0,1.8625001,6.4029813
2014-09-19,Balou_plus_DER_AN916_eobs_3913__2014__southbound_01,Balou + / DER AN916 (eobs 3913),2014,1,7.6156344,0,0.5086538,0.7416098867543043,0,6.6181746,2.6835682
2018-09-07,Europa_DER_A1A26_eobs_4004__2018__southbound_01,Europa / DER A1A26 (eobs 4004),2018,1,9.897527,0,0.2237395,0.7416098867543043,0,0.41690147,1.0295186
2017-07-12,Europa_DER_A1A26_eobs_4004__2017__southbound_01,Europa / DER A1A26 (eobs 4004),2017,1,17.480358,0,0.35394046,0.7416098867543043,0,0.00085621944,2.3056388
2019-08-08,Angela_DER_AY470_eobs_4001__2019__southbound_01,Angela / DER AY470 (eobs 4001),2019,1,9.285906,0,0.025824968,0.7416098867543043,0,5.1926346,0.6105816
2018-10-12,Sara_plus_DER_AU017_eobs_3941__2018__southbound_01,Sara + / DER AU017 (eobs 3941),2018,1,8.361839,0,0.29351926,0.7416098867543043,0,8.211151,1.2333608
2015-08-30,Sierit_DER_AN858_eobs2561__2015__southbound_01,Sierit  / DER AN858 (eobs2561),2015,1,6.2869434,0,0.12046367,0.7416098867543043,0,0.6804003,0.5964355
2020-11-06,Sierit_DER_AN858_eobs2561__2020__southbound_01,Sierit  / DER AN858 (eobs2561),2020,1,6.2724504,0,0.13231616,0.7416098867543043,0,5.9303946,1.2816086
2018-10-02,Sara_plus_DER_AU017_eobs_3941__2018__southbound_01,Sara + / DER AU017 (eobs 3941),2018,1,8.361839,0,0.47562093,0.7416098867543043,0,2.1255379,3.0900602
2017-08-25,Mirabell_plus_DER_AN910_eobs_3907__2017__southbound_01,Mirabell + / DER AN910 (eobs 3907),2017,1,13.340494,0,0.102631986,0.7416098867543043,0,0.47759756,0.6226984
2014-09-28,Redrunner_plus_DER_AU057_eobs_3339__2014__southbound_01,Redrunner + / DER AU057 (eobs 3339),2014,1,14.419192,0,0.08386651,0.7416098867543043,0,2.0280738,0.6956161
2015-09-30,Mirabell_plus_DER_AN910_eobs_3907__2015__southbound_01,Mirabell + / DER AN910 (eobs 3907),2015,1,7.461956,0,0.20072693,0.7416098867543043,0,0.23594013,1.2793164
2019-11-13,Angela_DER_AY470_eobs_4001__2019__southbound_01,Angela / DER AY470 (eobs 4001),2019,1,9.285906,0,0.15417595,0.7416098867543043,0,0.49467632,1.325421
2014-09-09,Zlipi_plus_DER_AU010_eobs_3934__2014__southbound_01,Zlipi + / DER AU010 (eobs 3934),2014,1,9.554123,0,0.4050381,0.7416098867543043,0,0.00509433,1.9355676
2017-09-07,Mirabell_plus_DER_AN910_eobs_3907__2017__southbound_01,Mirabell + / DER AN910 (eobs 3907),2017,1,13.340494,1,0.9063952,0.7416098867543043,1,258.89856,15.968164
2014-09-16,Zlipi_plus_DER_AU010_eobs_3934__2014__southbound_01,Zlipi + / DER AU010 (eobs 3934),2014,1,9.554123,1,0.9190413,0.7416098867543043,1,104.351875,26.030338
2022-10-20,Louis_DER_AU050_eobs_3264__2022__southbound_01,Louis / DER AU050 (eobs 3264),2022,1,6.373638,0,0.17097235,0.7416098867543043,0,0.7133239,1.1305927
2019-10-06,Mirabell_plus_DER_AN910_eobs_3907__2019__southbound_01,Mirabell + / DER AN910 (eobs 3907),2019,1,13.553637,0,0.19719106,0.7416098867543043,0,8.796428,1.3454323
2014-09-22,Muffine_DER_AN922_eobs_3921__2014__southbound_01,Muffine / DER AN922 (eobs 3921),2014,1,10.742697,0,0.117788464,0.7416098867543043,0,0.37397996,0.68661904
2015-07-28,Sara_plus_DER_AU017_eobs_3941__2015__southbound_01,Sara + / DER AU017 (eobs 3941),2015,1,8.472937,0,0.029238405,0.7416098867543043,0,0.55913293,0.7939193
2014-09-12,Sara_plus_DER_AU017_eobs_3941__2014__southbound_01,Sara + / DER AU017 (eobs 3941),2014,1,17.126158,0,0.07231843,0.7416098867543043,0,0.91319144,0.69771975
2022-10-28,Europa_DER_A1A26_eobs_4004__2022__southbound_01,Europa / DER A1A26 (eobs 4004),2022,1,7.337657,0,0.23047096,0.7416098867543043,0,1.167168,2.1502285
2014-09-12,Tammy_plus_DER_AN918_eobs_3917__2014__southbound_01,Tammy + / DER AN918 (eobs 3917),2014,1,10.795916,0,0.12882307,0.7416098867543043,0,9.090192,0.58200145
2018-09-04,Mirabell_plus_DER_AN910_eobs_3907__2018__southbound_01,Mirabell + / DER AN910 (eobs 3907),2018,1,13.555351,0,0.9703143,0.7416098867543043,1,5.773348,60.209045
2018-08-27,Mirabell_plus_DER_AN910_eobs_3907__2018__southbound_01,Mirabell + / DER AN910 (eobs 3907),2018,1,13.555351,1,0.97739863,0.7416098867543043,1,251.37543,91.48885
2019-10-20,Zozu_plus_DER_AL581_eobs2541__2019__southbound_01,Zozu + / DER AL581 (eobs2541),2019,1,6.2176614,0,0.20618689,0.7416098867543043,0,3.592945,1.39243
2015-08-24,Niclas_DER_AU053_eobs_3341__2015__southbound_01,Niclas / DER AU053 (eobs 3341),2015,1,5.8521757,0,0.07972021,0.7416098867543043,0,0.8697153,0.49614805
2015-08-10,Fifi_plus_DER_AN909_eobs_3906__2015__southbound_01,Fifi + / DER AN909 (eobs 3906),2015,1,10.702984,0,0.20229693,0.7416098867543043,0,0.59416896,1.106805
2018-10-29,Louis_DER_AU050_eobs_3264__2018__southbound_01,Louis / DER AU050 (eobs 3264),2018,1,6.4034295,0,0.085402004,0.7416098867543043,0,1.4389898,0.8032712
2019-10-17,Zozu_plus_DER_AL581_eobs2541__2019__southbound_01,Zozu + / DER AL581 (eobs2541),2019,1,6.2176614,0,0.17574033,0.7416098867543043,0,0.2524692,1.0555882
2015-07-17,Sara_plus_DER_AU017_eobs_3941__2015__southbound_01,Sara + / DER AU017 (eobs 3941),2015,1,8.472937,0,0.09701581,0.7416098867543043,0,0.26977065,1.0670605
2023-09-07,Angela_DER_AY470_eobs_4001__2023__southbound_01,Angela / DER AY470 (eobs 4001),2023,1,11.613243,1,0.9062984,0.7416098867543043,1,231.09927,23.657873
2015-07-11,Sara_plus_DER_AU017_eobs_3941__2015__southbound_01,Sara + / DER AU017 (eobs 3941),2015,1,8.472937,0,0.17403142,0.7416098867543043,0,0.6924587,1.3995508
2015-10-09,Tammy_plus_DER_AN918_eobs_3917__2015__southbound_01,Tammy + / DER AN918 (eobs 3917),2015,1,5.2949753,0,0.35115343,0.7416098867543043,0,3.1314528,2.468875
2016-10-31,Louis_DER_AU050_eobs_3264__2016__southbound_01,Louis / DER AU050 (eobs 3264),2016,1,7.6238537,0,0.24746297,0.7416098867543043,0,0.16596186,1.5896099
2016-10-27,Zozu_plus_DER_AL581_eobs2541__2016__southbound_01,Zozu + / DER AL581 (eobs2541),2016,1,6.2488127,0,0.30950522,0.7416098867543043,0,5.240861,1.9728513
2016-10-01,Sara_plus_DER_AU017_eobs_3941__2016__southbound_01,Sara + / DER AU017 (eobs 3941),2016,1,7.6681967,0,0.43808204,0.7416098867543043,0,4.5420737,2.75748
2017-07-11,Louis_DER_AU050_eobs_3264__2017__southbound_01,Louis / DER AU050 (eobs 3264),2017,1,6.3365383,0,0.124883585,0.7416098867543043,0,0.45719033,1.1784841
2021-09-09,Europa_DER_A1A26_eobs_4004__2021__southbound_01,Europa / DER A1A26 (eobs 4004),2021,1,7.046981,1,0.98326933,0.7416098867543043,1,62.497223,99.392975
2015-09-10,Louis_DER_AU050_eobs_3264__2015__southbound_01,Louis / DER AU050 (eobs 3264),2015,1,5.300923,0,0.23929022,0.7416098867543043,0,0.16438924,1.2170382
2015-09-01,Louis_DER_AU050_eobs_3264__2015__southbound_01,Louis / DER AU050 (eobs 3264),2015,1,5.300923,0,0.19868945,0.7416098867543043,0,5.9813514,0.9584986
2014-10-16,Mirabell_plus_DER_AN910_eobs_3907__2014__southbound_01,Mirabell + / DER AN910 (eobs 3907),2014,1,6.223172,0,0.23539113,0.7416098867543043,0,0.041780323,1.595118
2023-08-15,Angela_DER_AY470_eobs_4001__2023__southbound_01,Angela / DER AY470 (eobs 4001),2023,1,11.613243,1,0.98102045,0.7416098867543043,1,74.6285,96.541405
2015-08-15,Louis_DER_AU050_eobs_3264__2015__southbound_01,Louis / DER AU050 (eobs 3264),2015,1,5.300923,0,0.7588679,0.7416098867543043,1,0.11285944,8.13383
2020-08-10,Sierit_DER_AN858_eobs2561__2020__southbound_01,Sierit  / DER AN858 (eobs2561),2020,1,6.2724504,0,0.03898117,0.7416098867543043,0,0.25078848,0.580727
2014-09-19,Sara_plus_DER_AU017_eobs_3941__2014__southbound_01,Sara + / DER AU017 (eobs 3941),2014,1,17.126158,0,0.117295355,0.7416098867543043,0,0.64744526,0.9059833
2014-09-10,Conchito_plus_DER_AU005_eobs_3927__2014__southbound_01,Conchito + / DER AU005 (eobs 3927),2014,1,11.598715,0,0.14615108,0.7416098867543043,0,2.860711,0.9520777
2014-09-25,Pjotre_plus_DER_AU003_eobs_3925__2014__southbound_01,Pjotre + / DER AU003 (eobs 3925),2014,1,13.317191,1,0.77936655,0.7416098867543043,1,111.95412,10.719159
2014-10-04,Tammy_plus_DER_AN918_eobs_3917__2014__southbound_01,Tammy + / DER AN918 (eobs 3917),2014,1,10.795916,0,0.1467141,0.7416098867543043,0,9.021436,1.0576266
2013-11-27,Eamy_plus_DER_AL585_eobs3063__2013__southbound_01,Eamy + / DER AL585 (eobs3063),2013,1,13.502175,0,0.11173277,0.7416098867543043,0,0.010649598,1.2000308
2013-12-08,Eamy_plus_DER_AL585_eobs3063__2013__southbound_01,Eamy + / DER AL585 (eobs3063),2013,1,13.502175,0,0.14547445,0.7416098867543043,0,0.07147857,1.2492732
2015-10-22,Louis_DER_AU050_eobs_3264__2015__southbound_01,Louis / DER AU050 (eobs 3264),2015,1,5.300923,0,0.13831805,0.7416098867543043,0,0.11496998,1.142928
2015-09-30,Fifi_plus_DER_AN909_eobs_3906__2015__southbound_01,Fifi + / DER AN909 (eobs 3906),2015,1,10.702984,1,0.46630797,0.7416098867543043,0,16.606485,2.6299198
2014-10-01,Louis_DER_AU050_eobs_3264__2014__southbound_01,Louis / DER AU050 (eobs 3264),2014,1,7.9057946,0,0.2660294,0.7416098867543043,0,0.01851883,1.7241864
2013-11-08,Eamy_plus_DER_AL585_eobs3063__2013__southbound_01,Eamy + / DER AL585 (eobs3063),2013,1,13.502175,0,0.29410985,0.7416098867543043,0,0.5517259,2.2721913
2015-10-21,Niclas_DER_AU053_eobs_3341__2015__southbound_01,Niclas / DER AU053 (eobs 3341),2015,1,5.8521757,0,0.20151201,0.7416098867543043,0,0.5511121,1.5539367
2013-09-11,Yolo_plus_DER_AN861_eobs2666__2013__southbound_01,Yolo + / DER AN861 (eobs2666),2013,1,16.535265,0,0.055540983,0.7416098867543043,0,0.009119974,0.8387734
2016-09-10,Sara_plus_DER_AU017_eobs_3941__2016__southbound_01,Sara + / DER AU017 (eobs 3941),2016,1,7.6681967,1,0.978622,0.7416098867543043,1,156.51688,80.39322
2019-07-06,Mirabell_plus_DER_AN910_eobs_3907__2019__southbound_01,Mirabell + / DER AN910 (eobs 3907),2019,1,13.553637,0,0.012993206,0.7416098867543043,0,0.44552624,0.7627882
2019-11-15,Europa_DER_A1A26_eobs_4004__2019__southbound_01,Europa / DER A1A26 (eobs 4004),2019,1,7.004766,0,0.18203081,0.7416098867543043,0,5.5853415,1.840069
2019-07-23,Mirabell_plus_DER_AN910_eobs_3907__2019__southbound_01,Mirabell + / DER AN910 (eobs 3907),2019,1,13.553637,0,0.01116591,0.7416098867543043,0,0.15766351,0.6760162
2014-10-05,Wibi_2_plus_DER_AU044_eobs_3943__2014__southbound_01,Wibi 2 + / DER AU044 (eobs 3943),2014,1,5.604145,0,0.34272566,0.7416098867543043,0,1.977856,2.0879438
2018-10-15,Louis_DER_AU050_eobs_3264__2018__southbound_01,Louis / DER AU050 (eobs 3264),2018,1,6.4034295,0,0.110237606,0.7416098867543043,0,0.006852989,0.74954975
2016-08-12,Louis_DER_AU050_eobs_3264__2016__southbound_01,Louis / DER AU050 (eobs 3264),2016,1,7.6238537,0,0.36139238,0.7416098867543043,0,3.8487122,1.4074948
2017-07-25,Mirabell_plus_DER_AN910_eobs_3907__2017__southbound_01,Mirabell + / DER AN910 (eobs 3907),2017,1,13.340494,0,0.013112395,0.7416098867543043,0,0.09659343,0.6466435
2018-08-26,Sierit_DER_AN858_eobs2561__2018__southbound_01,Sierit  / DER AN858 (eobs2561),2018,1,6.2883363,0,0.11176287,0.7416098867543043,0,0.37619707,0.6629596
2015-08-24,Redrunner_plus_DER_AU057_eobs_3339__2015__southbound_01,Redrunner + / DER AU057 (eobs 3339),2015,1,10.721669,1,0.29119113,0.7416098867543043,0,35.04449,0.9687911
2020-10-12,Europa_DER_A1A26_eobs_4004__2020__southbound_01,Europa / DER A1A26 (eobs 4004),2020,1,9.390811,0,0.13231285,0.7416098867543043,0,0.5138154,1.012894
2015-09-08,Redrunner_plus_DER_AU057_eobs_3339__2015__southbound_01,Redrunner + / DER AU057 (eobs 3339),2015,1,10.721669,1,0.91496515,0.7416098867543043,1,176.82072,24.731083
2019-07-16,Angela_DER_AY470_eobs_4001__2019__southbound_01,Angela / DER AY470 (eobs 4001),2019,1,9.285906,0,0.25505903,0.7416098867543043,0,0.020314576,1.925603
2013-11-12,Eamy_plus_DER_AL585_eobs3063__2013__southbound_01,Eamy + / DER AL585 (eobs3063),2013,1,13.502175,0,0.19887616,0.7416098867543043,0,0.050989106,1.6358556
2015-09-14,Sara_plus_DER_AU017_eobs_3941__2015__southbound_01,Sara + / DER AU017 (eobs 3941),2015,1,8.472937,1,0.2105386,0.7416098867543043,0,14.222119,1.238527
2021-11-10,Ed_plus_AAL16_e-obs_7210__2021__southbound_01,"Ed + (AAL16, e-obs 7210)",2021,1,10.53983,0,0.28087083,0.7416098867543043,0,8.237499,2.2402546
2014-10-05,Niclas_DER_AU053_eobs_3341__2014__southbound_01,Niclas / DER AU053 (eobs 3341),2014,1,13.2831955,0,0.26093173,0.7416098867543043,0,8.89942,1.6804006
2017-11-06,Redrunner_plus_DER_AU057_eobs_3339__2017__southbound_01,Redrunner + / DER AU057 (eobs 3339),2017,1,15.197294,0,0.18870635,0.7416098867543043,0,0.104709,1.347172
2015-08-24,Tammy_plus_DER_AN918_eobs_3917__2015__southbound_01,Tammy + / DER AN918 (eobs 3917),2015,1,5.2949753,0,0.26898953,0.7416098867543043,0,0.13582145,1.174889
2016-09-06,Mirabell_plus_DER_AN910_eobs_3907__2016__southbound_01,Mirabell + / DER AN910 (eobs 3907),2016,1,13.317976,1,0.64661056,0.7416098867543043,0,11.110279,4.3913727
2016-08-25,Angela_DER_AY470_eobs_4001__2016__southbound_01,Angela / DER AY470 (eobs 4001),2016,1,12.185438,0,0.45859838,0.7416098867543043,0,1.9813931,3.0230968
2020-09-22,Mirabell_plus_DER_AN910_eobs_3907__2020__southbound_01,Mirabell + / DER AN910 (eobs 3907),2020,1,9.278834,0,0.118644066,0.7416098867543043,0,0.27758753,0.6777582
2014-09-25,Tammy_plus_DER_AN918_eobs_3917__2014__southbound_01,Tammy + / DER AN918 (eobs 3917),2014,1,10.795916,0,0.181696,0.7416098867543043,0,9.196085,1.0804605
2018-10-04,Charlie_plus_DER_A4M63_eobs_6588__2018__southbound_01,Charlie + / DER A4M63 (eobs 6588),2018,1,10.37882,0,0.22345014,0.7416098867543043,0,0.0022332086,1.2088344
2022-07-25,Angela_DER_AY470_eobs_4001__2022__southbound_01,Angela / DER AY470 (eobs 4001),2022,1,11.583361,0,0.26982722,0.7416098867543043,0,0.011765968,1.4940135
2016-08-05,Zozu_plus_DER_AL581_eobs2541__2016__southbound_01,Zozu + / DER AL581 (eobs2541),2016,1,6.2488127,0,0.02179048,0.7416098867543043,0,4.043287,0.61551577
2018-10-08,Sara_plus_DER_AU017_eobs_3941__2018__southbound_01,Sara + / DER AU017 (eobs 3941),2018,1,8.361839,0,0.30369633,0.7416098867543043,0,0.03141424,1.6681274
2019-09-07,Zozu_plus_DER_AL581_eobs2541__2019__southbound_01,Zozu + / DER AL581 (eobs2541),2019,1,6.2176614,0,0.25095493,0.7416098867543043,0,0.8132825,1.2008284
2019-11-05,Zozu_plus_DER_AL581_eobs2541__2019__southbound_01,Zozu + / DER AL581 (eobs2541),2019,1,6.2176614,0,0.10364561,0.7416098867543043,0,3.6802006,1.0727174
2018-10-13,Louis_DER_AU050_eobs_3264__2018__southbound_01,Louis / DER AU050 (eobs 3264),2018,1,6.4034295,0,0.09626285,0.7416098867543043,0,0.020682916,0.6871023
2016-10-23,Niclas_DER_AU053_eobs_3341__2016__southbound_01,Niclas / DER AU053 (eobs 3341),2016,1,5.7741003,1,0.25902116,0.7416098867543043,0,10.049644,1.9489752
2017-08-21,Mirabell_plus_DER_AN910_eobs_3907__2017__southbound_01,Mirabell + / DER AN910 (eobs 3907),2017,1,13.340494,0,0.07161514,0.7416098867543043,0,0.589279,0.6018733
2016-09-12,Zozu_plus_DER_AL581_eobs2541__2016__southbound_01,Zozu + / DER AL581 (eobs2541),2016,1,6.2488127,1,0.8500103,0.7416098867543043,1,129.33105,12.881279
2015-09-25,Emil_plus_DER_AV348_eobs_4001__2015__southbound_01,Emil + / DER AV348 (eobs 4001),2015,1,6.1622424,0,0.15302001,0.7416098867543043,0,3.9687545,0.5705545
2015-08-05,Fifi_plus_DER_AN909_eobs_3906__2015__southbound_01,Fifi + / DER AN909 (eobs 3906),2015,1,10.702984,0,0.12005839,0.7416098867543043,0,1.699861,0.8798012
2014-09-20,Balou_plus_DER_AN916_eobs_3913__2014__southbound_01,Balou + / DER AN916 (eobs 3913),2014,1,7.6156344,0,0.67679054,0.7416098867543043,0,1.1774313,6.160806
2020-10-05,Europa_DER_A1A26_eobs_4004__2020__southbound_01,Europa / DER A1A26 (eobs 4004),2020,1,9.390811,0,0.24110317,0.7416098867543043,0,0.50699735,1.4445313
2015-08-08,Sara_plus_DER_AU017_eobs_3941__2015__southbound_01,Sara + / DER AU017 (eobs 3941),2015,1,8.472937,1,0.03518762,0.7416098867543043,0,21.806593,0.63932
2014-10-25,Niclas_DER_AU053_eobs_3341__2014__southbound_01,Niclas / DER AU053 (eobs 3341),2014,1,13.2831955,0,0.71703684,0.7416098867543043,0,0.36212522,6.596197
2021-10-16,Louis_DER_AU050_eobs_3264__2021__southbound_01,Louis / DER AU050 (eobs 3264),2021,1,6.275173,0,0.09461842,0.7416098867543043,0,0.5014057,0.6923871
2018-09-14,Zozu_plus_DER_AL581_eobs2541__2018__southbound_01,Zozu + / DER AL581 (eobs2541),2018,1,7.799646,0,0.5657129,0.7416098867543043,0,2.037264,3.593162
2019-10-12,Europa_DER_A1A26_eobs_4004__2019__southbound_01,Europa / DER A1A26 (eobs 4004),2019,1,7.004766,0,0.73809,0.7416098867543043,0,9.855519,7.8847275
2015-07-26,Fifi_plus_DER_AN909_eobs_3906__2015__southbound_01,Fifi + / DER AN909 (eobs 3906),2015,1,10.702984,0,0.24220876,0.7416098867543043,0,1.6092187,1.4477437
2021-11-05,Ed_plus_AAL16_e-obs_7210__2021__southbound_01,"Ed + (AAL16, e-obs 7210)",2021,1,10.53983,0,0.34490758,0.7416098867543043,0,1.9892833,2.6344693
2020-08-30,Sierit_DER_AN858_eobs2561__2020__southbound_01,Sierit  / DER AN858 (eobs2561),2020,1,6.2724504,0,0.10512698,0.7416098867543043,0,0.45432994,0.61901146
2018-07-05,Mirabell_plus_DER_AN910_eobs_3907__2018__southbound_01,Mirabell + / DER AN910 (eobs 3907),2018,1,13.555351,0,0.016795551,0.7416098867543043,0,0.23095344,0.7498829
2015-08-02,Mirabell_plus_DER_AN910_eobs_3907__2015__southbound_01,Mirabell + / DER AN910 (eobs 3907),2015,1,7.461956,1,0.7196104,0.7416098867543043,0,22.26514,6.4875584
2014-09-18,Conchito_plus_DER_AU005_eobs_3927__2014__southbound_01,Conchito + / DER AU005 (eobs 3927),2014,1,11.598715,0,0.43585783,0.7416098867543043,0,5.661888,2.27281
2020-09-25,Sierit_DER_AN858_eobs2561__2020__southbound_01,Sierit  / DER AN858 (eobs2561),2020,1,6.2724504,0,0.2109793,0.7416098867543043,0,0.10816883,1.5103261
2018-09-15,Zozu_plus_DER_AL581_eobs2541__2018__southbound_01,Zozu + / DER AL581 (eobs2541),2018,1,7.799646,0,0.47723266,0.7416098867543043,0,2.310142,2.5235665
2015-08-10,Louis_DER_AU050_eobs_3264__2015__southbound_01,Louis / DER AU050 (eobs 3264),2015,1,5.300923,1,0.21655218,0.7416098867543043,0,28.590927,1.3391693
2020-10-05,Sierit_DER_AN858_eobs2561__2020__southbound_01,Sierit  / DER AN858 (eobs2561),2020,1,6.2724504,0,0.51156235,0.7416098867543043,0,0.036566887,3.726522
2019-11-10,Angela_DER_AY470_eobs_4001__2019__southbound_01,Angela / DER AY470 (eobs 4001),2019,1,9.285906,0,0.18664227,0.7416098867543043,0,0.31925437,1.7325296
2018-11-07,Angela_DER_AY470_eobs_4001__2018__southbound_01,Angela / DER AY470 (eobs 4001),2018,1,12.0012455,0,0.17415996,0.7416098867543043,0,0.58740735,1.4261248
2015-11-25,Tammy_plus_DER_AN918_eobs_3917__2015__southbound_01,Tammy + / DER AN918 (eobs 3917),2015,1,5.2949753,0,0.10883877,0.7416098867543043,0,0.53106093,1.4216393
2014-09-24,Max_plus_DER_AU046_eobs_3945__2014__southbound_01,Max + / DER AU046 (eobs 3945),2014,1,6.2162013,0,0.4397789,0.7416098867543043,0,0.053746503,2.331215
2014-09-18,Zlipi_plus_DER_AU010_eobs_3934__2014__southbound_01,Zlipi + / DER AU010 (eobs 3934),2014,1,9.554123,1,0.95784867,0.7416098867543043,1,95.761116,50.292953
2016-08-16,Zozu_plus_DER_AL581_eobs2541__2016__southbound_01,Zozu + / DER AL581 (eobs2541),2016,1,6.2488127,0,0.04374546,0.7416098867543043,0,0.3346323,0.5533191
2014-09-13,Ronja_plus_DER_AU004_eobs_3926__2014__southbound_01,Ronja + / DER AU004 (eobs 3926),2014,1,11.651782,0,0.13292417,0.7416098867543043,0,0.74699455,0.8484443
2018-07-09,Zozu_plus_DER_AL581_eobs2541__2018__southbound_01,Zozu + / DER AL581 (eobs2541),2018,1,7.799646,0,0.011276797,0.7416098867543043,0,0.050352838,0.6974119
2014-10-20,Niclas_DER_AU053_eobs_3341__2014__southbound_01,Niclas / DER AU053 (eobs 3341),2014,1,13.2831955,0,0.24524893,0.7416098867543043,0,1.8695486,1.5997174
2016-08-31,Louis_DER_AU050_eobs_3264__2016__southbound_01,Louis / DER AU050 (eobs 3264),2016,1,7.6238537,0,0.49487895,0.7416098867543043,0,0.21349661,1.1024368
2018-08-23,Charlie_plus_DER_A4M63_eobs_6588__2018__southbound_01,Charlie + / DER A4M63 (eobs 6588),2018,1,10.37882,1,0.9835698,0.7416098867543043,1,312.0033,102.93954
2014-09-25,Zlipi_plus_DER_AU010_eobs_3934__2014__southbound_01,Zlipi + / DER AU010 (eobs 3934),2014,1,9.554123,0,0.32208312,0.7416098867543043,0,0.056596078,1.7058303
2013-12-05,Eamy_plus_DER_AL585_eobs3063__2013__southbound_01,Eamy + / DER AL585 (eobs3063),2013,1,13.502175,0,0.097446375,0.7416098867543043,0,0.11767059,1.0934873
2018-09-05,Mirabell_plus_DER_AN910_eobs_3907__2018__southbound_01,Mirabell + / DER AN910 (eobs 3907),2018,1,13.555351,0,0.769803,0.7416098867543043,1,6.181169,8.50776
2016-11-29,Niclas_DER_AU053_eobs_3341__2016__southbound_01,Niclas / DER AU053 (eobs 3341),2016,1,5.7741003,0,0.31291184,0.7416098867543043,0,0.00229025,2.0241764
2013-10-20,Eamy_plus_DER_AL585_eobs3063__2013__southbound_01,Eamy + / DER AL585 (eobs3063),2013,1,13.502175,0,0.11309087,0.7416098867543043,0,5.865846,1.0576546
2015-10-20,Louis_DER_AU050_eobs_3264__2015__southbound_01,Louis / DER AU050 (eobs 3264),2015,1,5.300923,0,0.1841557,0.7416098867543043,0,0.19996062,1.3031639
2015-10-04,Louis_DER_AU050_eobs_3264__2015__southbound_01,Louis / DER AU050 (eobs 3264),2015,1,5.300923,0,0.21790224,0.7416098867543043,0,0.51331097,1.3712249
2022-08-06,Angela_DER_AY470_eobs_4001__2022__southbound_01,Angela / DER AY470 (eobs 4001),2022,1,11.583361,0,0.23773444,0.7416098867543043,0,0.90906495,1.008391
2019-09-28,Sara_plus_DER_AU017_eobs_3941__2019__southbound_01,Sara + / DER AU017 (eobs 3941),2019,1,8.3754015,0,0.24919969,0.7416098867543043,0,6.028896,0.8446164
2017-08-17,Europa_DER_A1A26_eobs_4004__2017__southbound_01,Europa / DER A1A26 (eobs 4004),2017,1,17.480358,1,0.9663804,0.7416098867543043,1,98.60002,70.09074
2019-12-19,Zozu_plus_DER_AL581_eobs2541__2019__southbound_01,Zozu + / DER AL581 (eobs2541),2019,1,6.2176614,0,0.13114507,0.7416098867543043,0,0.051563594,1.2432053
2014-10-01,Bubbel_plus_DER_AN873_eobs_3666__2014__southbound_01,Bubbel + / DER AN873 (eobs 3666),2014,1,11.614469,0,0.88926446,0.7416098867543043,1,2.25714,22.054749
2014-09-12,Niclas_DER_AU053_eobs_3341__2014__southbound_01,Niclas / DER AU053 (eobs 3341),2014,1,13.2831955,0,0.34583881,0.7416098867543043,0,0.60103655,1.8615872
2015-10-30,Sara_plus_DER_AU017_eobs_3941__2015__southbound_01,Sara + / DER AU017 (eobs 3941),2015,1,8.472937,0,0.1733413,0.7416098867543043,0,0.6034506,1.5727127
2013-10-07,Zozu_plus_DER_AL581_eobs2541__2013__southbound_01,Zozu + / DER AL581 (eobs2541),2013,1,13.480279,0,0.119256526,0.7416098867543043,0,2.3533785,0.8838175
2017-10-10,Europa_DER_A1A26_eobs_4004__2017__southbound_01,Europa / DER A1A26 (eobs 4004),2017,1,17.480358,1,0.2454423,0.7416098867543043,0,123.667305,1.4246867
2014-10-28,Bubbel_plus_DER_AN873_eobs_3666__2014__southbound_01,Bubbel + / DER AN873 (eobs 3666),2014,1,11.614469,0,0.09113308,0.7416098867543043,0,2.2420325,1.0682398
2020-11-15,Sierit_DER_AN858_eobs2561__2020__southbound_01,Sierit  / DER AN858 (eobs2561),2020,1,6.2724504,0,0.06261143,0.7416098867543043,0,0.014371906,0.96046656
2020-10-09,Zozu_plus_DER_AL581_eobs2541__2020__southbound_01,Zozu + / DER AL581 (eobs2541),2020,1,6.2783275,0,0.32296443,0.7416098867543043,0,0.035122924,2.1081097
2013-10-27,Zozu_plus_DER_AL581_eobs2541__2013__southbound_01,Zozu + / DER AL581 (eobs2541),2013,1,13.480279,1,0.36236152,0.7416098867543043,0,17.911789,2.4639852
2017-10-19,Mirabell_plus_DER_AN910_eobs_3907__2017__southbound_01,Mirabell + / DER AN910 (eobs 3907),2017,1,13.340494,0,0.12869903,0.7416098867543043,0,1.7655044,1.1303704
2014-09-08,Muffine_DER_AN922_eobs_3921__2014__southbound_01,Muffine / DER AN922 (eobs 3921),2014,1,10.742697,1,0.15170306,0.7416098867543043,0,10.830052,0.9270567
2019-08-24,Sara_plus_DER_AU017_eobs_3941__2019__southbound_01,Sara + / DER AU017 (eobs 3941),2019,1,8.3754015,0,0.12966453,0.7416098867543043,0,0.66685325,0.7824347
2019-10-15,Zozu_plus_DER_AL581_eobs2541__2019__southbound_01,Zozu + / DER AL581 (eobs2541),2019,1,6.2176614,0,0.40803385,0.7416098867543043,0,2.3036532,2.1993618
2015-08-29,Emil_plus_DER_AV348_eobs_4001__2015__southbound_01,Emil + / DER AV348 (eobs 4001),2015,1,6.1622424,0,0.33561057,0.7416098867543043,0,0.12714748,1.83621
2020-08-29,Angela_DER_AY470_eobs_4001__2020__southbound_01,Angela / DER AY470 (eobs 4001),2020,1,11.86833,1,0.97619766,0.7416098867543043,1,143.87059,67.76217
2016-11-02,Louis_DER_AU050_eobs_3264__2016__southbound_01,Louis / DER AU050 (eobs 3264),2016,1,7.6238537,0,0.16439931,0.7416098867543043,0,1.8044084,1.2471287
2014-09-26,Ronja_plus_DER_AU004_eobs_3926__2014__southbound_01,Ronja + / DER AU004 (eobs 3926),2014,1,11.651782,0,0.15259808,0.7416098867543043,0,0.21388704,0.9318591
2020-08-01,Mirabell_plus_DER_AN910_eobs_3907__2020__southbound_01,Mirabell + / DER AN910 (eobs 3907),2020,1,9.278834,0,0.020278933,0.7416098867543043,0,0.28181353,0.6030462
2017-09-24,Mirabell_plus_DER_AN910_eobs_3907__2017__southbound_01,Mirabell + / DER AN910 (eobs 3907),2017,1,13.340494,0,0.22726491,0.7416098867543043,0,1.118727,1.2573508
2016-09-29,Zozu_plus_DER_AL581_eobs2541__2016__southbound_01,Zozu + / DER AL581 (eobs2541),2016,1,6.2488127,0,0.24369095,0.7416098867543043,0,0.32351103,1.5537584
2018-11-10,Zozu_plus_DER_AL581_eobs2541__2018__southbound_01,Zozu + / DER AL581 (eobs2541),2018,1,7.799646,0,0.12357731,0.7416098867543043,0,0.0030328617,1.2533646
2020-08-26,Sierit_DER_AN858_eobs2561__2020__southbound_01,Sierit  / DER AN858 (eobs2561),2020,1,6.2724504,0,0.12282702,0.7416098867543043,0,0.44256064,0.68956566
2019-09-05,Europa_DER_A1A26_eobs_4004__2019__southbound_01,Europa / DER A1A26 (eobs 4004),2019,1,7.004766,1,0.9843204,0.7416098867543043,1,58.12925,106.229416
2015-10-16,Niclas_DER_AU053_eobs_3341__2015__southbound_01,Niclas / DER AU053 (eobs 3341),2015,1,5.8521757,0,0.29992312,0.7416098867543043,0,0.96167296,1.791634
2013-10-25,Karamell_plus_DER_AL582_eobs3031__2013__southbound_01,Karamell + / DER AL582 (eobs3031),2013,1,13.501802,0,0.1225162,0.7416098867543043,0,1.6937801,1.2297573
2014-10-18,Wibi_2_plus_DER_AU044_eobs_3943__2014__southbound_01,Wibi 2 + / DER AU044 (eobs 3943),2014,1,5.604145,0,0.18191116,0.7416098867543043,0,0.0602592,1.1351004
2013-10-26,Zozu_plus_DER_AL581_eobs2541__2013__southbound_01,Zozu + / DER AL581 (eobs2541),2013,1,13.480279,1,0.22407371,0.7416098867543043,0,11.929165,1.6845825
2015-10-03,Fifi_plus_DER_AN909_eobs_3906__2015__southbound_01,Fifi + / DER AN909 (eobs 3906),2015,1,10.702984,0,0.59254867,0.7416098867543043,0,1.0480762,4.700898
2013-09-25,Sierit_DER_AN858_eobs2561__2013__southbound_01,Sierit  / DER AN858 (eobs2561),2013,1,13.879199,0,0.8846904,0.7416098867543043,1,5.495296,17.123966
2023-10-30,Europa_DER_A1A26_eobs_4004__2023__southbound_01,Europa / DER A1A26 (eobs 4004),2023,1,7.022881,0,0.20207106,0.7416098867543043,0,0.02798572,1.4923742
2014-08-27,Balou_plus_DER_AN916_eobs_3913__2014__southbound_01,Balou + / DER AN916 (eobs 3913),2014,1,7.6156344,0,0.92108554,0.7416098867543043,1,1.5801078,24.03584
2017-09-11,Sierit_DER_AN858_eobs2561__2017__southbound_01,Sierit  / DER AN858 (eobs2561),2017,1,6.3050985,0,0.26010975,0.7416098867543043,0,0.39792576,0.89556974
2016-09-21,Angela_DER_AY470_eobs_4001__2016__southbound_01,Angela / DER AY470 (eobs 4001),2016,1,12.185438,1,0.602631,0.7416098867543043,0,16.98546,3.2929573
2020-10-22,Sierit_DER_AN858_eobs2561__2020__southbound_01,Sierit  / DER AN858 (eobs2561),2020,1,6.2724504,0,0.17614067,0.7416098867543043,0,0.012612383,1.203922
2014-08-02,Lucky_plus_DER_AU061_eobs_3087__2014__southbound_01,Lucky + / DER AU061 (eobs 3087),2014,1,5.322437,0,0.057297863,0.7416098867543043,0,0.0011510865,0.6628194
2013-12-11,Sierit_DER_AN858_eobs2561__2013__southbound_01,Sierit  / DER AN858 (eobs2561),2013,1,13.879199,0,0.14160019,0.7416098867543043,0,0.43625212,1.1419796
2016-06-29,Louis_DER_AU050_eobs_3264__2016__southbound_01,Louis / DER AU050 (eobs 3264),2016,1,7.6238537,0,0.36633703,0.7416098867543043,0,0.05031563,2.0557928
2014-12-05,Wibi_2_plus_DER_AU044_eobs_3943__2014__southbound_01,Wibi 2 + / DER AU044 (eobs 3943),2014,1,5.604145,0,0.04623544,0.7416098867543043,0,0.23932089,0.78679204
2016-10-08,Niclas_DER_AU053_eobs_3341__2016__southbound_01,Niclas / DER AU053 (eobs 3341),2016,1,5.7741003,0,0.46815264,0.7416098867543043,0,6.4712934,2.7360208
2016-06-30,Louis_DER_AU050_eobs_3264__2016__southbound_01,Louis / DER AU050 (eobs 3264),2016,1,7.6238537,0,0.39262134,0.7416098867543043,0,0.06477309,2.3013039
2014-10-23,Muffine_DER_AN922_eobs_3921__2014__southbound_01,Muffine / DER AN922 (eobs 3921),2014,1,10.742697,0,0.3012659,0.7416098867543043,0,6.7958183,1.9638697
2020-09-03,Zozu_plus_DER_AL581_eobs2541__2020__southbound_01,Zozu + / DER AL581 (eobs2541),2020,1,6.2783275,1,0.97855765,0.7416098867543043,1,46.36934,73.670784
2018-07-26,Angela_DER_AY470_eobs_4001__2018__southbound_01,Angela / DER AY470 (eobs 4001),2018,1,12.0012455,0,0.21292102,0.7416098867543043,0,0.60519904,1.3017161
2015-09-13,Niclas_DER_AU053_eobs_3341__2015__southbound_01,Niclas / DER AU053 (eobs 3341),2015,1,5.8521757,1,0.89364624,0.7416098867543043,1,81.71184,16.264208
2020-09-10,Europa_DER_A1A26_eobs_4004__2020__southbound_01,Europa / DER A1A26 (eobs 4004),2020,1,9.390811,0,0.3776128,0.7416098867543043,0,0.025516052,1.246891
2013-09-25,Zozu_plus_DER_AL581_eobs2541__2013__southbound_01,Zozu + / DER AL581 (eobs2541),2013,1,13.480279,0,0.32708362,0.7416098867543043,0,5.453087,2.2852893
2014-08-04,Niclas_DER_AU053_eobs_3341__2014__southbound_01,Niclas / DER AU053 (eobs 3341),2014,1,13.2831955,0,0.07855225,0.7416098867543043,0,0.20960473,0.7307433
2020-07-21,Zozu_plus_DER_AL581_eobs2541__2020__southbound_01,Zozu + / DER AL581 (eobs2541),2020,1,6.2783275,0,0.011234339,0.7416098867543043,0,8.173459,0.6938803
2014-09-18,Julia_plus_DER_AU002_eobs_3924__2014__southbound_01,Julia + / DER AU002 (eobs 3924),2014,1,11.400579,0,0.81301427,0.7416098867543043,1,0.06375002,17.433704
2021-08-19,Ed_plus_AAL16_e-obs_7210__2021__southbound_01,"Ed + (AAL16, e-obs 7210)",2021,1,10.53983,0,0.049482275,0.7416098867543043,0,0.0252844,0.5392835
2021-11-30,Europa_DER_A1A26_eobs_4004__2021__southbound_01,Europa / DER A1A26 (eobs 4004),2021,1,7.046981,0,0.32641464,0.7416098867543043,0,8.688307,2.154281
2019-09-29,Sara_plus_DER_AU017_eobs_3941__2019__southbound_01,Sara + / DER AU017 (eobs 3941),2019,1,8.3754015,0,0.6226491,0.7416098867543043,0,4.3970537,5.2244368
2017-07-26,Mirabell_plus_DER_AN910_eobs_3907__2017__southbound_01,Mirabell + / DER AN910 (eobs 3907),2017,1,13.340494,0,0.012945095,0.7416098867543043,0,0.12369109,0.6599047
2016-08-30,Zozu_plus_DER_AL581_eobs2541__2016__southbound_01,Zozu + / DER AL581 (eobs2541),2016,1,6.2488127,1,0.61957794,0.7416098867543043,0,136.27081,2.4107955
2014-09-14,Tammy_plus_DER_AN918_eobs_3917__2014__southbound_01,Tammy + / DER AN918 (eobs 3917),2014,1,10.795916,0,0.2705411,0.7416098867543043,0,9.273144,1.3887239
2014-09-20,Conchito_plus_DER_AU005_eobs_3927__2014__southbound_01,Conchito + / DER AU005 (eobs 3927),2014,1,11.598715,0,0.123835996,0.7416098867543043,0,6.6254306,0.8384704
2019-07-24,Muffine_DER_AN922_eobs_3921__2019__southbound_01,Muffine / DER AN922 (eobs 3921),2019,1,6.2770014,0,0.012436621,0.7416098867543043,0,0.12735504,0.673051
2018-11-14,Sara_plus_DER_AU017_eobs_3941__2018__southbound_01,Sara + / DER AU017 (eobs 3941),2018,1,8.361839,0,0.2826565,0.7416098867543043,0,5.1271005,2.2344148
2013-10-01,Karamell_plus_DER_AL582_eobs3031__2013__southbound_01,Karamell + / DER AL582 (eobs3031),2013,1,13.501802,0,0.85506034,0.7416098867543043,1,4.043688,16.110106
2017-12-01,Zozu_plus_DER_AL581_eobs2541__2017__southbound_01,Zozu + / DER AL581 (eobs2541),2017,1,6.2489033,0,0.30973998,0.7416098867543043,0,1.6797898,2.2468882
2013-10-24,Eamy_plus_DER_AL585_eobs3063__2013__southbound_01,Eamy + / DER AL585 (eobs3063),2013,1,13.502175,0,0.100984074,0.7416098867543043,0,1.2621181,1.1727788
2018-09-26,Angela_DER_AY470_eobs_4001__2018__southbound_01,Angela / DER AY470 (eobs 4001),2018,1,12.0012455,0,0.08195266,0.7416098867543043,0,0.1415557,0.7870125
2014-10-15,Tobi_plus_DER_AU052_eobs_3340__2014__southbound_01,Tobi + / DER AU052 (eobs 3340),2014,1,13.901598,0,0.24368142,0.7416098867543043,0,1.8664092,1.6649737
2019-09-24,Zozu_plus_DER_AL581_eobs2541__2019__southbound_01,Zozu + / DER AL581 (eobs2541),2019,1,6.2176614,0,0.47022516,0.7416098867543043,0,1.5592324,2.5516062
2014-10-19,Tobi_plus_DER_AU052_eobs_3340__2014__southbound_01,Tobi + / DER AU052 (eobs 3340),2014,1,13.901598,0,0.20528121,0.7416098867543043,0,0.15217413,1.5590531
2015-08-30,Tammy_plus_DER_AN918_eobs_3917__2015__southbound_01,Tammy + / DER AN918 (eobs 3917),2015,1,5.2949753,1,0.2857164,0.7416098867543043,0,50.083355,1.0608026
2023-09-05,Louis_DER_AU050_eobs_3264__2023__southbound_01,Louis / DER AU050 (eobs 3264),2023,1,6.346841,0,0.22230674,0.7416098867543043,0,0.051414188,0.874378
2013-10-03,Sierit_DER_AN858_eobs2561__2013__southbound_01,Sierit  / DER AN858 (eobs2561),2013,1,13.879199,1,0.85700226,0.7416098867543043,1,120.243576,13.342512
2020-11-01,Sierit_DER_AN858_eobs2561__2020__southbound_01,Sierit  / DER AN858 (eobs2561),2020,1,6.2724504,0,0.11426268,0.7416098867543043,0,5.395059,1.1415869
2020-11-05,Sierit_DER_AN858_eobs2561__2020__southbound_01,Sierit  / DER AN858 (eobs2561),2020,1,6.2724504,0,0.13733158,0.7416098867543043,0,6.028582,1.5772231
2013-10-26,Karamell_plus_DER_AL582_eobs3031__2013__southbound_01,Karamell + / DER AL582 (eobs3031),2013,1,13.501802,0,0.19458356,0.7416098867543043,0,0.8887849,1.6631279
2015-09-05,Niclas_DER_AU053_eobs_3341__2015__southbound_01,Niclas / DER AU053 (eobs 3341),2015,1,5.8521757,0,0.53536034,0.7416098867543043,0,0.034131587,2.9068525
2018-12-13,Sara_plus_DER_AU017_eobs_3941__2018__southbound_01,Sara + / DER AU017 (eobs 3941),2018,1,8.361839,0,0.09943362,0.7416098867543043,0,5.870411,1.055379
2014-08-30,Ronja_plus_DER_AU004_eobs_3926__2014__southbound_01,Ronja + / DER AU004 (eobs 3926),2014,1,11.651782,1,0.9719264,0.7416098867543043,1,181.39214,61.127045
2016-10-09,Angela_DER_AY470_eobs_4001__2016__southbound_01,Angela / DER AY470 (eobs 4001),2016,1,12.185438,0,0.48599827,0.7416098867543043,0,0.5338506,3.7013614
2015-11-16,Tammy_plus_DER_AN918_eobs_3917__2015__southbound_01,Tammy + / DER AN918 (eobs 3917),2015,1,5.2949753,0,0.14430809,0.7416098867543043,0,5.7713375,1.4302486
2019-10-30,Zozu_plus_DER_AL581_eobs2541__2019__southbound_01,Zozu + / DER AL581 (eobs2541),2019,1,6.2176614,0,0.09506666,0.7416098867543043,0,0.02265962,0.79737115
2020-10-02,Europa_DER_A1A26_eobs_4004__2020__southbound_01,Europa / DER A1A26 (eobs 4004),2020,1,9.390811,0,0.29207504,0.7416098867543043,0,0.5594811,1.5793831
2014-10-08,Tammy_plus_DER_AN918_eobs_3917__2014__southbound_01,Tammy + / DER AN918 (eobs 3917),2014,1,10.795916,1,0.60991204,0.7416098867543043,0,55.63055,5.1949334
2020-09-26,Sierit_DER_AN858_eobs2561__2020__southbound_01,Sierit  / DER AN858 (eobs2561),2020,1,6.2724504,0,0.18675135,0.7416098867543043,0,2.0460615,1.2466147
2016-08-20,Mirabell_plus_DER_AN910_eobs_3907__2016__southbound_01,Mirabell + / DER AN910 (eobs 3907),2016,1,13.317976,0,0.8833897,0.7416098867543043,1,0.7197867,21.848146
2014-08-27,Kiki_plus_DER_AN872_eobs_3648__2014__southbound_01,Kiki + / DER AN872 (eobs 3648),2014,1,16.123993,1,0.97878635,0.7416098867543043,1,107.45809,82.29755
2019-10-18,Mirabell_plus_DER_AN910_eobs_3907__2019__southbound_01,Mirabell + / DER AN910 (eobs 3907),2019,1,13.553637,0,0.11910285,0.7416098867543043,0,1.0166361,1.1070627
2015-09-27,Sierit_DER_AN858_eobs2561__2015__southbound_01,Sierit  / DER AN858 (eobs2561),2015,1,6.2869434,0,0.57689404,0.7416098867543043,0,0.020493547,4.355469
2018-08-02,Angela_DER_AY470_eobs_4001__2018__southbound_01,Angela / DER AY470 (eobs 4001),2018,1,12.0012455,0,0.4239853,0.7416098867543043,0,0.26608452,2.7055519
2019-09-27,Europa_DER_A1A26_eobs_4004__2019__southbound_01,Europa / DER A1A26 (eobs 4004),2019,1,7.004766,0,0.2808364,0.7416098867543043,0,0.11973845,1.6946485
2014-09-14,Chompy_plus_DER_AN871_eobs3647__2014__southbound_01,Chompy + / DER AN871 (eobs3647),2014,1,11.4127865,0,0.115431294,0.7416098867543043,0,7.408507,0.6877539
2015-08-01,Mirabell_plus_DER_AN910_eobs_3907__2015__southbound_01,Mirabell + / DER AN910 (eobs 3907),2015,1,7.461956,0,0.18674278,0.7416098867543043,0,9.145841,1.6221855
2014-09-12,Hans_plus_DER_AN923_eobs_3922__2014__southbound_01,Hans + / DER AN923 (eobs 3922),2014,1,6.6356635,1,0.3087049,0.7416098867543043,0,28.715601,1.1946876
2017-10-15,Redrunner_plus_DER_AU057_eobs_3339__2017__southbound_01,Redrunner + / DER AU057 (eobs 3339),2017,1,15.197294,1,0.26427802,0.7416098867543043,0,14.2524605,1.8733989
2019-09-06,Europa_DER_A1A26_eobs_4004__2019__southbound_01,Europa / DER A1A26 (eobs 4004),2019,1,7.004766,1,0.9661438,0.7416098867543043,1,19.718288,58.51602
2021-11-02,Europa_DER_A1A26_eobs_4004__2021__southbound_01,Europa / DER A1A26 (eobs 4004),2021,1,7.046981,0,0.12049775,0.7416098867543043,0,0.040410653,1.2488416
2018-08-24,Zozu_plus_DER_AL581_eobs2541__2018__southbound_01,Zozu + / DER AL581 (eobs2541),2018,1,7.799646,1,0.98412794,0.7416098867543043,1,200.27309,107.74362
2019-07-26,Angela_DER_AY470_eobs_4001__2019__southbound_01,Angela / DER AY470 (eobs 4001),2019,1,9.285906,0,0.043466266,0.7416098867543043,0,1.0771229,0.7768015
2018-10-03,Charlie_plus_DER_A4M63_eobs_6588__2018__southbound_01,Charlie + / DER A4M63 (eobs 6588),2018,1,10.37882,0,0.8065283,0.7416098867543043,1,0.0071062255,12.18972
2021-09-20,Louis_DER_AU050_eobs_3264__2021__southbound_01,Louis / DER AU050 (eobs 3264),2021,1,6.275173,0,0.9803222,0.7416098867543043,1,2.1642294,76.96714
2014-08-31,Louis_DER_AU050_eobs_3264__2014__southbound_01,Louis / DER AU050 (eobs 3264),2014,1,7.9057946,0,0.2118216,0.7416098867543043,0,0.1280816,0.86480474
2016-09-27,Zozu_plus_DER_AL581_eobs2541__2016__southbound_01,Zozu + / DER AL581 (eobs2541),2016,1,6.2488127,0,0.36664304,0.7416098867543043,0,3.0180175,1.7692041
2015-09-08,Louis_DER_AU050_eobs_3264__2015__southbound_01,Louis / DER AU050 (eobs 3264),2015,1,5.300923,0,0.21578462,0.7416098867543043,0,0.008786454,1.023612
2014-08-17,Niclas_DER_AU053_eobs_3341__2014__southbound_01,Niclas / DER AU053 (eobs 3341),2014,1,13.2831955,1,0.095351316,0.7416098867543043,0,53.780952,0.5147537
2017-12-28,Zozu_plus_DER_AL581_eobs2541__2017__southbound_01,Zozu + / DER AL581 (eobs2541),2017,1,6.2489033,0,0.13267364,0.7416098867543043,0,4.980786,1.1464105
2019-10-05,Europa_DER_A1A26_eobs_4004__2019__southbound_01,Europa / DER A1A26 (eobs 4004),2019,1,7.004766,0,0.36271286,0.7416098867543043,0,1.1271979,1.8815181
2014-11-05,Max_plus_DER_AU046_eobs_3945__2014__southbound_01,Max + / DER AU046 (eobs 3945),2014,1,6.2162013,0,0.27877155,0.7416098867543043,0,0.1163456,1.6741958
2014-10-28,Tobi_plus_DER_AU052_eobs_3340__2014__southbound_01,Tobi + / DER AU052 (eobs 3340),2014,1,13.901598,0,0.81634766,0.7416098867543043,1,0.98250717,10.524417
2018-07-19,Zozu_plus_DER_AL581_eobs2541__2018__southbound_01,Zozu + / DER AL581 (eobs2541),2018,1,7.799646,0,0.011019587,0.7416098867543043,0,4.0040064,0.68039495
2014-09-16,Ronja_plus_DER_AU004_eobs_3926__2014__southbound_01,Ronja + / DER AU004 (eobs 3926),2014,1,11.651782,0,0.09329439,0.7416098867543043,0,0.17243895,0.72813725
2018-08-15,Zozu_plus_DER_AL581_eobs2541__2018__southbound_01,Zozu + / DER AL581 (eobs2541),2018,1,7.799646,0,0.044934437,0.7416098867543043,0,2.079099,0.5858462
2015-08-17,Fifi_plus_DER_AN909_eobs_3906__2015__southbound_01,Fifi + / DER AN909 (eobs 3906),2015,1,10.702984,0,0.17640512,0.7416098867543043,0,0.34218988,0.7656542
2014-10-30,Tobi_plus_DER_AU052_eobs_3340__2014__southbound_01,Tobi + / DER AU052 (eobs 3340),2014,1,13.901598,0,0.7145282,0.7416098867543043,0,0.49407515,6.6265316
2020-10-10,Europa_DER_A1A26_eobs_4004__2020__southbound_01,Europa / DER A1A26 (eobs 4004),2020,1,9.390811,0,0.13972436,0.7416098867543043,0,0.04714473,0.9079509
2013-09-27,Eamy_plus_DER_AL585_eobs3063__2013__southbound_01,Eamy + / DER AL585 (eobs3063),2013,1,13.502175,0,0.90758514,0.7416098867543043,1,8.194778,20.563602
2016-11-06,Niclas_DER_AU053_eobs_3341__2016__southbound_01,Niclas / DER AU053 (eobs 3341),2016,1,5.7741003,0,0.3521867,0.7416098867543043,0,0.12173831,2.506192
2020-09-18,Mirabell_plus_DER_AN910_eobs_3907__2020__southbound_01,Mirabell + / DER AN910 (eobs 3907),2020,1,9.278834,0,0.9427703,0.7416098867543043,1,0.02533989,29.265615
2013-11-02,Karamell_plus_DER_AL582_eobs3031__2013__southbound_01,Karamell + / DER AL582 (eobs3031),2013,1,13.501802,0,0.12714227,0.7416098867543043,0,0.04395439,1.4271765
2015-08-13,Louis_DER_AU050_eobs_3264__2015__southbound_01,Louis / DER AU050 (eobs 3264),2015,1,5.300923,1,0.94251716,0.7416098867543043,1,156.52026,37.93265
2017-10-15,Zozu_plus_DER_AL581_eobs2541__2017__southbound_01,Zozu + / DER AL581 (eobs2541),2017,1,6.2489033,0,0.12410181,0.7416098867543043,0,0.44753143,0.6423613
2014-10-12,Kiki_plus_DER_AN872_eobs_3648__2014__southbound_01,Kiki + / DER AN872 (eobs 3648),2014,1,16.123993,0,0.8631545,0.7416098867543043,1,2.454849,16.607866
2015-08-25,Sara_plus_DER_AU017_eobs_3941__2015__southbound_01,Sara + / DER AU017 (eobs 3941),2015,1,8.472937,0,0.41582412,0.7416098867543043,0,0.11598869,1.6057336
2023-09-01,Louis_DER_AU050_eobs_3264__2023__southbound_01,Louis / DER AU050 (eobs 3264),2023,1,6.346841,0,0.15754612,0.7416098867543043,0,0.31037185,0.73476046
2021-09-24,Sierit_DER_AN858_eobs2561__2021__southbound_01,Sierit  / DER AN858 (eobs2561),2021,1,6.2726984,0,0.2568144,0.7416098867543043,0,0.021184176,1.1612185
2020-06-26,Zozu_plus_DER_AL581_eobs2541__2020__southbound_01,Zozu + / DER AL581 (eobs2541),2020,1,6.2783275,0,0.014163502,0.7416098867543043,0,1.0309653,0.74305636
2015-10-15,Louis_DER_AU050_eobs_3264__2015__southbound_01,Louis / DER AU050 (eobs 3264),2015,1,5.300923,0,0.5817073,0.7416098867543043,0,7.323168,5.0319242
2014-09-08,Zlipi_plus_DER_AU010_eobs_3934__2014__southbound_01,Zlipi + / DER AU010 (eobs 3934),2014,1,9.554123,0,0.51491857,0.7416098867543043,0,0.16501828,1.8710039
2016-10-24,Louis_DER_AU050_eobs_3264__2016__southbound_01,Louis / DER AU050 (eobs 3264),2016,1,7.6238537,0,0.09512461,0.7416098867543043,0,0.3274802,0.7131674
2014-10-10,Mirabell_plus_DER_AN910_eobs_3907__2014__southbound_01,Mirabell + / DER AN910 (eobs 3907),2014,1,6.223172,0,0.15076995,0.7416098867543043,0,0.50808805,0.9772623
2023-11-10,Europa_DER_A1A26_eobs_4004__2023__southbound_01,Europa / DER A1A26 (eobs 4004),2023,1,7.022881,0,0.2639788,0.7416098867543043,0,7.1168957,2.158638
